Time,F_Q0,F_Q1,F_Q2,F_Q3,F_M1,F_M2,F_ACC,Cmd_F1,Cmd_F2,B_Q0,B_Q1,B_Q2,B_Q3,B_M1,B_M2,B_ACC,Cmd_B1,Cmd_B2
0.0009,0.999999996279,6.0999999773019e-05,1.0164395367051604e-20,6.099999977293713e-05,0.0,0.0,9.2628,0.0,0.0,1.0,0.0,0.0,0.0,0.0,0.0,0.0,0.0,0.0
0.021,0.999999996279,6.0999999773019e-05,1.0164395367051604e-20,6.099999977293713e-05,0.0,0.0,9.5748,0.0,0.0,1.0,0.0,0.0,0.0,0.0,0.0,0.0,0.0,0.0
0.0411,0.9999999888370003,0.00012199999863811402,6.099999931905704e-05,6.0999999319022447e-05,0.0,0.0,10.001,0.0,0.0,1.0,0.0,0.0,0.0,0.0,0.0,0.0,0.0,0.0
0.0612,0.9999999888370003,0.00012199999863811402,6.099999931905704e-05,6.0999999319022447e-05,0.0,0.0,10.001,0.0,0.0,1.0,0.0,0.0,0.0,0.0,0.0,0.0,0.0,0.0
0.0813,0.9999999888370003,6.099999931905698e-05,0.00012199999863811401,6.0999999319022447e-05,0.0,0.0,9.7622,0.0,0.0,1.0,0.0,0.0,0.0,0.0,0.0,0.0,0.0,0.0
0.1013,0.9999999851160004,0.00012199999818415202,0.00012199999818415206,0.0,0.0,0.0,9.7969,0.0,0.0,1.0,0.0,0.0,0.0,0.0,0.0,0.0,0.0,0.0
0.1214,0.9999999925580001,0.00012199999909207602,2.0328790734103208e-20,0.0,0.0,0.0,9.8831,0.0,0.0,1.0,0.0,0.0,0.0,0.0,0.0,0.0,0.0,0.0
0.1415,0.9999999795345007,0.00018299999625481363,-6.0999998751604515e-05,6.099999875164297e-05,0.0,0.0,9.7974,0.0,0.0,1.0,0.0,0.0,0.0,0.0,0.0,0.0,0.0,0.0
0.1616,0.9999999888370003,0.00012199999863811401,-6.099999931905698e-05,6.0999999319022447e-05,0.0,0.0,9.7971,0.0,0.0,1.0,0.0,0.0,0.0,0.0,0.0,0.0,0.0,0.0
0.1816,0.9999999906975001,0.00012199999886509502,2.0328790734103208e-20,6.099999943254275e-05,0.0,0.0,9.8008,0.0,0.0,1.0,0.0,0.0,0.0,0.0,0.0,0.0,0.0,0.0
0.2017,0.9999999888370003,0.00012199999863811402,6.099999931905704e-05,6.0999999319022447e-05,0.0,0.0,9.809,0.0,0.0,1.0,0.0,0.0,0.0,0.0,0.0,0.0,0.0,0.0
0.2218,0.9999999795345007,6.0999998751604515e-05,0.00018299999625481363,6.099999875164297e-05,0.0,0.0,9.8055,0.0,0.0,1.0,0.0,0.0,0.0,0.0,0.0,0.0,0.0,0.0
0.2418,0.9999999795345007,6.0999998751604515e-05,0.00018299999625481363,6.099999875164297e-05,0.0,0.0,9.8399,0.0,0.0,1.0,0.0,0.0,0.0,0.0,0.0,0.0,0.0,0.0
0.2619,0.9999999832555005,0.00012199999795717104,0.00012199999795717109,6.0999998978572556e-05,0.0,0.0,9.7696,0.0,0.0,1.0,0.0,0.0,0.0,0.0,0.0,0.0,0.0,0.0
0.282,0.9999999888370003,0.00012199999863811402,6.099999931905704e-05,6.0999999319022447e-05,0.0,0.0,9.8087,0.0,0.0,1.0,0.0,0.0,0.0,0.0,0.0,0.0,0.0,0.0
0.302,0.999999973953001,0.00018299999523339918,6.0999998411133096e-05,0.00012199999682221963,0.0,0.0,9.8439,0.0,0.0,1.0,0.0,0.0,0.0,0.0,0.0,0.0,0.0,0.0
0.3221,0.9999999888370003,0.00012199999863811402,6.099999931905704e-05,6.0999999319022447e-05,0.0,0.0,9.8009,0.0,0.0,1.0,0.0,0.0,0.0,0.0,0.0,0.0,0.0,0.0
0.3422,0.9999999888370003,0.00012199999863811402,6.099999931905704e-05,6.0999999319022447e-05,0.0,0.0,9.8008,0.0,0.0,1.0,0.0,0.0,0.0,0.0,0.0,0.0,0.0,0.0
0.3622,0.9999999888370003,0.00012199999863811402,6.099999931905704e-05,6.0999999319022447e-05,0.0,0.0,9.8048,0.0,0.0,1.0,0.0,0.0,0.0,0.0,0.0,0.0,0.0,0.0
0.3823,0.9999999832555005,0.00012199999795717104,0.00012199999795717109,6.0999998978572556e-05,0.0,0.0,9.8399,0.0,0.0,1.0,0.0,0.0,0.0,0.0,0.0,0.0,0.0,0.0
0.4024,0.9999999832555005,0.00012199999795717104,0.00012199999795717109,6.0999998978572556e-05,0.0,0.0,9.7579,0.0,0.0,1.0,0.0,0.0,0.0,0.0,0.0,0.0,0.0,0.0
0.4224,0.9999999832555005,0.00012199999795717104,0.00012199999795717109,6.0999998978572556e-05,0.0,0.0,9.7618,0.0,0.0,1.0,0.0,0.0,0.0,0.0,0.0,0.0,0.0,0.0
0.4425,0.9999999832555005,0.00012199999795717104,0.00012199999795717109,6.0999998978572556e-05,0.0,0.0,9.8087,0.0,0.0,1.0,0.0,0.0,0.0,0.0,0.0,0.0,0.0,0.0
0.4626,0.9999999832555004,0.00012199999795717102,6.099999897858553e-05,0.00012199999795714511,0.0,0.0,9.8087,0.0,0.0,1.0,0.0,0.0,0.0,0.0,0.0,0.0,0.0,0.0
0.4827,0.9999999832555004,0.00012199999795717102,6.099999897858553e-05,0.00012199999795714511,0.0,0.0,9.84,0.0,0.0,1.0,0.0,0.0,0.0,0.0,0.0,0.0,0.0,0.0
0.5028,0.9999999832555004,0.00012199999795717102,6.099999897858553e-05,0.00012199999795714511,0.0,0.0,9.6915,0.0,0.0,1.0,0.0,0.0,0.0,0.0,0.0,0.0,0.0,0.0
0.5229,0.9999999906975001,0.00012199999886509502,2.0328790734103208e-20,6.099999943254275e-05,0.0,0.0,9.7271,0.0,0.0,1.0,0.0,0.0,0.0,0.0,0.0,0.0,0.0,0.0
0.543,0.9999999813950006,0.0001829999965952851,2.710505431213761e-20,6.0999998865163274e-05,0.0,0.0,9.8829,0.0,0.0,1.0,0.0,0.0,0.0,0.0,0.0,0.0,0.0,0.0
0.5631,0.9999999906975001,0.00012199999886509502,2.0328790734103208e-20,6.099999943254275e-05,0.0,0.0,9.801,0.0,0.0,1.0,0.0,0.0,0.0,0.0,0.0,0.0,0.0,0.0
0.5833,0.9999999906975001,0.00012199999886509502,2.0328790734103208e-20,6.099999943254275e-05,0.0,0.0,9.84,0.0,0.0,1.0,0.0,0.0,0.0,0.0,0.0,0.0,0.0,0.0
0.6033,0.9999999906975001,0.00012199999886509502,2.0328790734103208e-20,6.099999943254275e-05,0.0,0.0,9.805,0.0,0.0,1.0,0.0,0.0,0.0,0.0,0.0,0.0,0.0,0.0
0.6234,0.9999999795345007,0.00018299999625481363,-6.0999998751604515e-05,6.099999875164297e-05,0.0,0.0,9.8091,0.0,0.0,1.0,0.0,0.0,0.0,0.0,0.0,0.0,0.0,0.0
0.6435,0.9999999906975001,0.00012199999886509502,2.0328790734103208e-20,6.099999943254275e-05,0.0,0.0,9.762,0.0,0.0,1.0,0.0,0.0,0.0,0.0,0.0,0.0,0.0,0.0
0.6636,0.9999999906975001,0.00012199999886509502,2.0328790734103208e-20,6.099999943254275e-05,0.0,0.0,9.7972,0.0,0.0,1.0,0.0,0.0,0.0,0.0,0.0,0.0,0.0,0.0
0.6837,0.9999999851160004,0.00012199999818415203,2.0328790734103208e-20,0.00012199999818418572,0.0,0.0,9.848,0.0,0.0,1.0,0.0,0.0,0.0,0.0,0.0,0.0,0.0,0.0
0.7038,0.999999973953001,0.00018299999523339918,6.0999998411133096e-05,0.00012199999682221963,0.0,0.0,9.8561,0.0,0.0,1.0,0.0,0.0,0.0,0.0,0.0,0.0,0.0,0.0
0.7239,0.9999999888370003,0.00012199999863811402,6.099999931905704e-05,6.0999999319022447e-05,0.0,0.0,9.7972,0.0,0.0,1.0,0.0,0.0,0.0,0.0,0.0,0.0,0.0,0.0
0.7439,0.9999999906975001,0.00012199999886509502,2.0328790734103208e-20,6.099999943254275e-05,0.0,0.0,9.7972,0.0,0.0,1.0,0.0,0.0,0.0,0.0,0.0,0.0,0.0,0.0
0.764,0.9999999888370003,0.00012199999863811402,6.099999931905704e-05,6.0999999319022447e-05,0.0,0.0,9.809,0.0,0.0,1.0,0.0,0.0,0.0,0.0,0.0,0.0,0.0,0.0
0.7842,0.9999999795345007,0.0001829999962548136,6.099999875160457e-05,6.099999875164297e-05,0.0,0.0,9.8048,0.0,0.0,1.0,0.0,0.0,0.0,0.0,0.0,0.0,0.0,0.0
0.8042,0.9999999888370003,0.00012199999863811402,6.099999931905704e-05,6.0999999319022447e-05,0.0,0.0,9.7581,0.0,0.0,1.0,0.0,0.0,0.0,0.0,0.0,0.0,0.0,0.0
0.8243,0.9999999888370003,0.00012199999863811402,6.099999931905704e-05,6.0999999319022447e-05,0.0,0.0,9.7971,0.0,0.0,1.0,0.0,0.0,0.0,0.0,0.0,0.0,0.0,0.0
0.8444,0.9999999795345007,0.0001829999962548136,6.099999875160457e-05,6.099999875164297e-05,0.0,0.0,9.8089,0.0,0.0,1.0,0.0,0.0,0.0,0.0,0.0,0.0,0.0,0.0
0.8645,0.999999973953001,0.00018299999523339918,6.0999998411133096e-05,0.00012199999682221963,0.0,0.0,9.801,0.0,0.0,1.0,0.0,0.0,0.0,0.0,0.0,0.0,0.0,0.0
0.8846,0.9999999832555004,0.00012199999795717102,6.099999897858553e-05,0.00012199999795714511,0.0,0.0,9.797,0.0,0.0,1.0,0.0,0.0,0.0,0.0,0.0,0.0,0.0,0.0
0.9047,0.999999973953001,0.00018299999523339918,6.0999998411133096e-05,0.00012199999682221963,0.0,0.0,9.7657,0.0,0.0,1.0,0.0,0.0,0.0,0.0,0.0,0.0,0.0,0.0
0.9248,0.999999973953001,0.00018299999523339918,6.0999998411133096e-05,0.00012199999682221963,0.0,0.0,9.8089,0.0,0.0,1.0,0.0,0.0,0.0,0.0,0.0,0.0,0.0,0.0
0.9449,0.9999999795345007,0.0001829999962548136,6.099999875160457e-05,6.099999875164297e-05,0.0,0.0,9.8008,0.0,0.0,1.0,0.0,0.0,0.0,0.0,0.0,0.0,0.0,0.0
0.965,0.9999999795345007,0.0001829999962548136,6.099999875160457e-05,6.099999875164297e-05,0.0,0.0,9.8009,0.0,0.0,1.0,0.0,0.0,0.0,0.0,0.0,0.0,0.0,0.0
0.9851,0.999999973953001,0.00018299999523339918,6.0999998411133096e-05,0.00012199999682221963,0.0,0.0,9.7657,0.0,0.0,1.0,0.0,0.0,0.0,0.0,0.0,0.0,0.0,0.0
1.0052,0.999999975813501,0.00018299999557387073,1.3552527156068805e-20,0.00012199999704926023,0.0,0.0,9.8048,0.0,0.0,1.0,0.0,0.0,0.0,0.0,0.0,0.0,0.0,0.0
1.0253,0.999999975813501,0.00018299999557387073,1.3552527156068805e-20,0.00012199999704926023,0.0,0.0,9.8008,0.0,0.0,1.0,0.0,0.0,0.0,0.0,0.0,0.0,0.0,0.0
1.0453,0.9999999851160004,0.00012199999818415203,2.0328790734103208e-20,0.00012199999818418572,0.0,0.0,9.8008,0.0,0.0,1.0,0.0,0.0,0.0,0.0,0.0,0.0,0.0,0.0
1.0654,0.9999999851160004,0.00012199999818415203,2.0328790734103208e-20,0.00012199999818418572,0.0,0.0,9.7578,0.0,0.0,1.0,0.0,0.0,0.0,0.0,0.0,0.0,0.0,0.0
1.0855,0.9999999888370003,0.00012199999863811402,6.099999931905704e-05,6.0999999319022447e-05,0.0,0.0,9.77,0.0,0.0,1.0,0.0,0.0,0.0,0.0,0.0,0.0,0.0,0.0
1.1056,0.9999999776740008,0.00012199999727622809,0.00012199999727622813,0.00012199999727618983,0.0,0.0,9.797,0.0,0.0,1.0,0.0,0.0,0.0,0.0,0.0,0.0,0.0,0.0
1.1257,0.9999999832555004,0.00012199999795717102,6.099999897858553e-05,0.00012199999795714511,0.0,0.0,9.8008,0.0,0.0,1.0,0.0,0.0,0.0,0.0,0.0,0.0,0.0,0.0
1.1458,0.9999999832555004,0.00012199999795717102,-6.0999998978585485e-05,0.00012199999795714511,0.0,0.0,9.805,0.0,0.0,1.0,0.0,0.0,0.0,0.0,0.0,0.0,0.0,0.0
1.1659,0.999999973953001,0.0001829999952333992,-6.099999841113304e-05,0.00012199999682221963,0.0,0.0,9.8087,0.0,0.0,1.0,0.0,0.0,0.0,0.0,0.0,0.0,0.0,0.0
1.186,0.9999999851160004,0.00012199999818415203,2.0328790734103208e-20,0.00012199999818418572,0.0,0.0,9.7969,0.0,0.0,1.0,0.0,0.0,0.0,0.0,0.0,0.0,0.0,0.0
1.2061,0.9999999906975001,0.00012199999886509502,2.0328790734103208e-20,6.099999943254275e-05,0.0,0.0,9.7579,0.0,0.0,1.0,0.0,0.0,0.0,0.0,0.0,0.0,0.0,0.0
1.2262,0.9999999906975001,0.00012199999886509502,2.0328790734103208e-20,6.099999943254275e-05,0.0,0.0,9.8049,0.0,0.0,1.0,0.0,0.0,0.0,0.0,0.0,0.0,0.0,0.0
1.2463,0.9999999906975001,0.00012199999886509502,2.0328790734103208e-20,6.099999943254275e-05,0.0,0.0,9.8089,0.0,0.0,1.0,0.0,0.0,0.0,0.0,0.0,0.0,0.0,0.0
1.2665,0.9999999906975001,0.00012199999886509502,2.0328790734103208e-20,6.099999943254275e-05,0.0,0.0,9.8399,0.0,0.0,1.0,0.0,0.0,0.0,0.0,0.0,0.0,0.0,0.0
1.2865,0.9999999906975001,0.00012199999886509502,2.0328790734103208e-20,6.099999943254275e-05,0.0,0.0,9.797,0.0,0.0,1.0,0.0,0.0,0.0,0.0,0.0,0.0,0.0,0.0
1.3066,0.9999999906975001,0.00012199999886509502,2.0328790734103208e-20,6.099999943254275e-05,0.0,0.0,9.7969,0.0,0.0,1.0,0.0,0.0,0.0,0.0,0.0,0.0,0.0,0.0
1.3267,0.9999999888370003,0.00012199999863811401,-6.099999931905698e-05,6.0999999319022447e-05,0.0,0.0,9.805,0.0,0.0,1.0,0.0,0.0,0.0,0.0,0.0,0.0,0.0,0.0
1.3468,0.9999999888370003,0.00012199999863811401,-6.099999931905698e-05,6.0999999319022447e-05,0.0,0.0,9.836,0.0,0.0,1.0,0.0,0.0,0.0,0.0,0.0,0.0,0.0,0.0
1.3669,0.9999999906975001,0.00012199999886509502,2.0328790734103208e-20,6.099999943254275e-05,0.0,0.0,9.801,0.0,0.0,1.0,0.0,0.0,0.0,0.0,0.0,0.0,0.0,0.0
1.3869,0.9999999906975001,0.00012199999886509502,2.0328790734103208e-20,6.099999943254275e-05,0.0,0.0,9.7578,0.0,0.0,1.0,0.0,0.0,0.0,0.0,0.0,0.0,0.0,0.0
1.407,0.9999999906975001,0.00012199999886509502,2.0328790734103208e-20,6.099999943254275e-05,0.0,0.0,9.8048,0.0,0.0,1.0,0.0,0.0,0.0,0.0,0.0,0.0,0.0,0.0
1.4271,0.9999999906975001,0.00012199999886509502,2.0328790734103208e-20,6.099999943254275e-05,0.0,0.0,9.8087,0.0,0.0,1.0,0.0,0.0,0.0,0.0,0.0,0.0,0.0,0.0
1.4472,0.9999999906975001,0.00012199999886509502,2.0328790734103208e-20,6.099999943254275e-05,0.0,0.0,9.797,0.0,0.0,1.0,0.0,0.0,0.0,0.0,0.0,0.0,0.0,0.0
1.4673,0.9999999906975001,0.00012199999886509502,2.0328790734103208e-20,6.099999943254275e-05,0.0,0.0,9.7578,0.0,0.0,1.0,0.0,0.0,0.0,0.0,0.0,0.0,0.0,0.0
1.4874,0.9999999906975001,0.00012199999886509502,2.0328790734103208e-20,6.099999943254275e-05,0.0,0.0,9.8048,0.0,0.0,1.0,0.0,0.0,0.0,0.0,0.0,0.0,0.0,0.0
1.5075,0.9999999906975001,0.00012199999886509502,2.0328790734103208e-20,6.099999943254275e-05,0.0,0.0,9.8477,0.0,0.0,1.0,0.0,0.0,0.0,0.0,0.0,0.0,0.0,0.0
1.5276,0.9999999906975001,0.00012199999886509502,2.0328790734103208e-20,6.099999943254275e-05,0.0,0.0,9.8009,0.0,0.0,1.0,0.0,0.0,0.0,0.0,0.0,0.0,0.0,0.0
1.5476,0.9999999906975001,0.00012199999886509502,2.0328790734103208e-20,6.099999943254275e-05,0.0,0.0,9.8009,0.0,0.0,1.0,0.0,0.0,0.0,0.0,0.0,0.0,0.0,0.0
1.5677,0.9999999906975001,0.00012199999886509502,2.0328790734103208e-20,6.099999943254275e-05,0.0,0.0,9.7657,0.0,0.0,1.0,0.0,0.0,0.0,0.0,0.0,0.0,0.0,0.0
1.5879,0.9999999906975001,0.00012199999886509502,2.0328790734103208e-20,6.099999943254275e-05,0.0,0.0,9.8048,0.0,0.0,1.0,0.0,0.0,0.0,0.0,0.0,0.0,0.0,0.0
1.608,0.9999999906975001,0.00012199999886509502,2.0328790734103208e-20,6.099999943254275e-05,0.0,0.0,9.7969,0.0,0.0,1.0,0.0,0.0,0.0,0.0,0.0,0.0,0.0,0.0
1.6281,0.9999999906975001,0.00012199999886509502,2.0328790734103208e-20,6.099999943254275e-05,0.0,0.0,9.7578,0.0,0.0,1.0,0.0,0.0,0.0,0.0,0.0,0.0,0.0,0.0
1.6481,0.9999999906975001,0.00012199999886509502,2.0328790734103208e-20,6.099999943254275e-05,0.0,0.0,9.7657,0.0,0.0,1.0,0.0,0.0,0.0,0.0,0.0,0.0,0.0,0.0
1.6682,0.9999999906975001,0.00012199999886509502,2.0328790734103208e-20,6.099999943254275e-05,0.0,0.0,9.8087,0.0,0.0,1.0,0.0,0.0,0.0,0.0,0.0,0.0,0.0,0.0
1.6884,0.9999999906975001,0.00012199999886509502,2.0328790734103208e-20,6.099999943254275e-05,0.0,0.0,9.836,0.0,0.0,1.0,0.0,0.0,0.0,0.0,0.0,0.0,0.0,0.0
1.7085,0.9999999906975001,0.00012199999886509502,2.0328790734103208e-20,6.099999943254275e-05,0.0,0.0,9.762,0.0,0.0,1.0,0.0,0.0,0.0,0.0,0.0,0.0,0.0,0.0
1.7286,0.9999999906975001,0.00012199999886509502,2.0328790734103208e-20,6.099999943254275e-05,0.0,0.0,9.797,0.0,0.0,1.0,0.0,0.0,0.0,0.0,0.0,0.0,0.0,0.0
1.7487,0.9999999906975001,0.00012199999886509502,2.0328790734103208e-20,6.099999943254275e-05,0.0,0.0,9.8048,0.0,0.0,1.0,0.0,0.0,0.0,0.0,0.0,0.0,0.0,0.0
1.7688,0.9999999906975001,0.00012199999886509502,2.0328790734103208e-20,6.099999943254275e-05,0.0,0.0,9.836,0.0,0.0,1.0,0.0,0.0,0.0,0.0,0.0,0.0,0.0,0.0
1.789,0.9999999906975001,0.00012199999886509502,2.0328790734103208e-20,6.099999943254275e-05,0.0,0.0,9.762,0.0,0.0,1.0,0.0,0.0,0.0,0.0,0.0,0.0,0.0,0.0
1.809,0.9999999906975001,0.00012199999886509502,2.0328790734103208e-20,6.099999943254275e-05,0.0,0.0,9.7578,0.0,0.0,1.0,0.0,0.0,0.0,0.0,0.0,0.0,0.0,0.0
1.8291,0.9999999906975001,0.00012199999886509502,2.0328790734103208e-20,6.099999943254275e-05,0.0,0.0,9.8483,0.0,0.0,1.0,0.0,0.0,0.0,0.0,0.0,0.0,0.0,0.0
1.8492,0.9999999906975001,0.00012199999886509502,2.0328790734103208e-20,6.099999943254275e-05,0.0,0.0,9.836,0.0,0.0,1.0,0.0,0.0,0.0,0.0,0.0,0.0,0.0,0.0
1.8693,0.9999999906975001,0.00012199999886509502,2.0328790734103208e-20,6.099999943254275e-05,0.0,0.0,9.7898,0.0,0.0,1.0,0.0,0.0,0.0,0.0,0.0,0.0,0.0,0.0
1.8894,0.9999999906975001,0.00012199999886509502,2.0328790734103208e-20,6.099999943254275e-05,0.0,0.0,9.6839,0.0,0.0,1.0,0.0,0.0,0.0,0.0,0.0,0.0,0.0,0.0
1.9095,0.999999996279,6.0999999773019e-05,1.0164395367051604e-20,6.099999977293713e-05,0.0,0.0,9.7507,0.0,0.0,1.0,0.0,0.0,0.0,0.0,0.0,0.0,0.0,0.0
1.9296,0.9999999906975001,0.00012199999886509502,2.0328790734103208e-20,6.099999943254275e-05,0.0,0.0,9.8951,0.0,0.0,1.0,0.0,0.0,0.0,0.0,0.0,0.0,0.0,0.0
1.9497,0.9999999683715015,0.00024399999228264633,6.0999998070661616e-05,0.0,0.0,0.0,9.7358,0.0,0.0,1.0,0.0,0.0,0.0,0.0,0.0,0.0,0.0,0.0
1.9697,0.999999975813501,0.00018299999557387067,0.00012199999704924714,0.0,0.0,0.0,9.7404,0.0,0.0,1.0,0.0,0.0,0.0,0.0,0.0,0.0,0.0,0.0
1.9899,0.9999999888370003,0.00012199999863811402,6.099999931905704e-05,6.0999999319022447e-05,0.0,0.0,9.673,0.0,0.0,1.0,0.0,0.0,0.0,0.0,0.0,0.0,0.0,0.0
2.0099,0.9999999944185001,6.099999965952851e-05,-6.0999999659528485e-05,6.099999965963887e-05,0.0,0.0,9.9072,0.0,0.0,1.0,0.0,0.0,0.0,0.0,0.0,0.0,0.0,0.0
2.03,0.9999999888370003,6.099999931905704e-05,-0.00012199999863811402,6.0999999319022447e-05,0.0,0.0,9.8334,0.0,0.0,1.0,0.0,0.0,0.0,0.0,0.0,0.0,0.0,0.0
2.0501,0.9999999832555005,0.00012199999795717109,-0.00012199999795717104,6.0999998978572556e-05,0.0,0.0,9.8176,0.0,0.0,1.0,0.0,0.0,0.0,0.0,0.0,0.0,0.0,0.0
2.0702,0.9999999888370003,0.00012199999863811401,-6.099999931905698e-05,6.0999999319022447e-05,0.0,0.0,9.8444,0.0,0.0,1.0,0.0,0.0,0.0,0.0,0.0,0.0,0.0,0.0
2.0903,0.9999999981395,6.0999999886509496e-05,1.0164395367051604e-20,0.0,0.0,0.0,9.7621,0.0,0.0,1.0,0.0,0.0,0.0,0.0,0.0,0.0,0.0,0.0
2.1104,0.999999996279,6.099999977301902e-05,-6.0999999773018994e-05,0.0,0.0,0.0,9.7618,0.0,0.0,1.0,0.0,0.0,0.0,0.0,0.0,0.0,0.0,0.0
2.1305,0.9999999832555005,0.00012199999795717109,-0.00012199999795717104,6.0999998978572556e-05,0.0,0.0,9.8089,0.0,0.0,1.0,0.0,0.0,0.0,0.0,0.0,0.0,0.0,0.0
2.1506,0.9999999832555005,0.00012199999795717109,-0.00012199999795717104,6.0999998978572556e-05,0.0,0.0,9.8087,0.0,0.0,1.0,0.0,0.0,0.0,0.0,0.0,0.0,0.0,0.0
2.1707,0.9999999832555005,0.00012199999795717109,-0.00012199999795717104,6.0999998978572556e-05,0.0,0.0,9.7618,0.0,0.0,1.0,0.0,0.0,0.0,0.0,0.0,0.0,0.0,0.0
2.1909,0.9999999944185001,6.099999965952851e-05,-6.0999999659528485e-05,6.099999965963887e-05,0.0,0.0,9.7969,0.0,0.0,1.0,0.0,0.0,0.0,0.0,0.0,0.0,0.0,0.0
2.2109,0.9999999888370003,0.00012199999863811401,-6.099999931905698e-05,6.0999999319022447e-05,0.0,0.0,9.809,0.0,0.0,1.0,0.0,0.0,0.0,0.0,0.0,0.0,0.0,0.0
2.231,0.9999999888370003,0.00012199999863811401,-6.099999931905698e-05,6.0999999319022447e-05,0.0,0.0,9.7969,0.0,0.0,1.0,0.0,0.0,0.0,0.0,0.0,0.0,0.0,0.0
2.2511,0.999999996279,6.099999977301902e-05,-6.0999999773018994e-05,0.0,0.0,0.0,9.8399,0.0,0.0,1.0,0.0,0.0,0.0,0.0,0.0,0.0,0.0,0.0
2.2713,0.999999996279,6.099999977301902e-05,-6.0999999773018994e-05,0.0,0.0,0.0,9.7969,0.0,0.0,1.0,0.0,0.0,0.0,0.0,0.0,0.0,0.0,0.0
2.2914,0.9999999906975001,0.00012199999886509503,-6.0999999432547494e-05,0.0,0.0,0.0,9.809,0.0,0.0,1.0,0.0,0.0,0.0,0.0,0.0,0.0,0.0,0.0
2.3115,0.9999999906975001,0.00012199999886509503,-6.0999999432547494e-05,0.0,0.0,0.0,9.8008,0.0,0.0,1.0,0.0,0.0,0.0,0.0,0.0,0.0,0.0,0.0
2.3316,0.9999999906975001,6.099999943254752e-05,-0.000121999998865095,0.0,0.0,0.0,9.8011,0.0,0.0,1.0,0.0,0.0,0.0,0.0,0.0,0.0,0.0,0.0
2.3518,0.9999999906975001,6.099999943254752e-05,-0.000121999998865095,0.0,0.0,0.0,9.8008,0.0,0.0,1.0,0.0,0.0,0.0,0.0,0.0,0.0,0.0,0.0
2.3756,0.9999999906975001,0.00012199999886509503,-6.0999999432547494e-05,0.0,0.0,0.0,9.809,0.0,0.0,1.0,0.0,0.0,0.0,0.0,0.0,0.0,0.0,0.0
2.3957,0.9999999906975001,0.00012199999886509503,-6.0999999432547494e-05,0.0,0.0,0.0,9.7699,0.0,0.0,1.0,0.0,0.0,0.0,0.0,0.0,0.0,0.0,0.0
2.4157,0.999999996279,6.099999977301902e-05,-6.0999999773018994e-05,0.0,0.0,0.0,9.801,0.0,0.0,1.0,0.0,0.0,0.0,0.0,0.0,0.0,0.0,0.0
2.4358,0.9999999906975001,6.099999943254752e-05,-0.000121999998865095,0.0,0.0,0.0,9.7969,0.0,0.0,1.0,0.0,0.0,0.0,0.0,0.0,0.0,0.0,0.0
2.4559,0.9999999906975001,6.099999943254752e-05,-0.000121999998865095,0.0,0.0,0.0,9.805,0.0,0.0,1.0,0.0,0.0,0.0,0.0,0.0,0.0,0.0,0.0
2.476,0.9999999906975001,6.099999943254752e-05,-0.000121999998865095,0.0,0.0,0.0,9.8048,0.0,0.0,1.0,0.0,0.0,0.0,0.0,0.0,0.0,0.0,0.0
2.496,0.999999996279,6.099999977301902e-05,-6.0999999773018994e-05,0.0,0.0,0.0,9.84,0.0,0.0,1.0,0.0,0.0,0.0,0.0,0.0,0.0,0.0,0.0
2.5161,0.999999996279,6.099999977301902e-05,-6.0999999773018994e-05,0.0,0.0,0.0,9.7578,0.0,0.0,1.0,0.0,0.0,0.0,0.0,0.0,0.0,0.0,0.0
2.5362,0.999999996279,6.099999977301902e-05,-6.0999999773018994e-05,0.0,0.0,0.0,9.7578,0.0,0.0,1.0,0.0,0.0,0.0,0.0,0.0,0.0,0.0,0.0
2.5585,0.999999996279,6.099999977301902e-05,-6.0999999773018994e-05,0.0,0.0,0.0,9.7618,0.0,0.0,1.0,0.0,0.0,0.0,0.0,0.0,0.0,0.0,0.0
2.5786,0.9999999906975001,6.099999943254752e-05,-0.000121999998865095,0.0,0.0,0.0,9.8087,0.0,0.0,1.0,0.0,0.0,0.0,0.0,0.0,0.0,0.0,0.0
2.5987,0.9999999906975001,6.099999943254752e-05,-0.000121999998865095,0.0,0.0,0.0,9.797,0.0,0.0,1.0,0.0,0.0,0.0,0.0,0.0,0.0,0.0,0.0
2.6187,0.9999999906975001,0.00012199999886509503,-6.0999999432547494e-05,0.0,0.0,0.0,9.7696,0.0,0.0,1.0,0.0,0.0,0.0,0.0,0.0,0.0,0.0,0.0
2.6388,0.9999999851160004,0.00012199999818415206,-0.00012199999818415202,0.0,0.0,0.0,9.8008,0.0,0.0,1.0,0.0,0.0,0.0,0.0,0.0,0.0,0.0,0.0
2.6589,0.9999999851160004,0.00012199999818415206,-0.00012199999818415202,0.0,0.0,0.0,9.8049,0.0,0.0,1.0,0.0,0.0,0.0,0.0,0.0,0.0,0.0,0.0
2.679,0.9999999906975001,0.00012199999886509503,-6.0999999432547494e-05,0.0,0.0,0.0,9.8012,0.0,0.0,1.0,0.0,0.0,0.0,0.0,0.0,0.0,0.0,0.0
2.6991,0.9999999906975001,6.099999943254752e-05,-0.000121999998865095,0.0,0.0,0.0,9.7618,0.0,0.0,1.0,0.0,0.0,0.0,0.0,0.0,0.0,0.0,0.0
2.7192,0.9999999906975001,6.099999943254752e-05,-0.000121999998865095,0.0,0.0,0.0,9.7971,0.0,0.0,1.0,0.0,0.0,0.0,0.0,0.0,0.0,0.0,0.0
2.7392,0.999999975813501,0.00012199999704924714,-0.00018299999557387067,0.0,0.0,0.0,9.8477,0.0,0.0,1.0,0.0,0.0,0.0,0.0,0.0,0.0,0.0,0.0
2.7593,0.9999999906975001,6.099999943254752e-05,-0.000121999998865095,0.0,0.0,0.0,9.7579,0.0,0.0,1.0,0.0,0.0,0.0,0.0,0.0,0.0,0.0,0.0
2.7796,0.9999999906975001,6.099999943254752e-05,-0.000121999998865095,0.0,0.0,0.0,9.7394,0.0,0.0,1.0,0.0,0.0,0.0,0.0,0.0,0.0,0.0,0.0
2.7996,0.9999999888370003,6.099999931905704e-05,-0.00012199999863811402,6.0999999319022447e-05,0.0,0.0,9.8438,0.0,0.0,1.0,0.0,0.0,0.0,0.0,0.0,0.0,0.0,0.0
2.8197,0.9999999813950006,2.710505431213761e-20,-0.0001829999965952851,6.0999998865163274e-05,0.0,0.0,9.638,0.0,0.0,1.0,0.0,0.0,0.0,0.0,0.0,0.0,0.0,0.0
2.8398,0.9999999813950006,-6.0999998865095e-05,-0.00018299999659528512,0.0,0.0,0.0,9.6847,0.0,0.0,1.0,0.0,0.0,0.0,0.0,0.0,0.0,0.0,0.0
2.8598,0.9999999813950006,2.710505431213761e-20,-0.0001829999965952851,6.0999998865163274e-05,0.0,0.0,9.7699,0.0,0.0,1.0,0.0,0.0,0.0,0.0,0.0,0.0,0.0,0.0
2.8799,0.9999999683715015,6.0999998070661616e-05,-0.00024399999228264633,0.0,0.0,0.0,9.797,0.0,0.0,1.0,0.0,0.0,0.0,0.0,0.0,0.0,0.0,0.0
2.9,0.9999999795345007,6.099999875160457e-05,-0.0001829999962548136,6.099999875164297e-05,0.0,0.0,9.758,0.0,0.0,1.0,0.0,0.0,0.0,0.0,0.0,0.0,0.0,0.0
2.92,0.9999999832555005,0.00012199999795717109,-0.00012199999795717104,6.0999998978572556e-05,0.0,0.0,9.8133,0.0,0.0,1.0,0.0,0.0,0.0,0.0,0.0,0.0,0.0,0.0
2.9401,0.9999999888370003,6.099999931905704e-05,-0.00012199999863811402,6.0999999319022447e-05,0.0,0.0,9.7699,0.0,0.0,1.0,0.0,0.0,0.0,0.0,0.0,0.0,0.0,0.0
2.9602,0.9999999888370003,6.099999931905704e-05,-0.00012199999863811402,6.0999999319022447e-05,0.0,0.0,9.7699,0.0,0.0,1.0,0.0,0.0,0.0,0.0,0.0,0.0,0.0,0.0
2.9802,0.9999999906975001,6.099999943254752e-05,-0.000121999998865095,0.0,0.0,0.0,9.8009,0.0,0.0,1.0,0.0,0.0,0.0,0.0,0.0,0.0,0.0,0.0
3.0003,0.9999999888370003,6.099999931905704e-05,-0.00012199999863811402,6.0999999319022447e-05,0.0,0.0,9.836,0.0,0.0,1.0,0.0,0.0,0.0,0.0,0.0,0.0,0.0,0.0
3.0203,0.9999999832555005,0.00012199999795717109,-0.00012199999795717104,6.0999998978572556e-05,0.0,0.0,9.8561,0.0,0.0,1.0,0.0,0.0,0.0,0.0,0.0,0.0,0.0,0.0
3.0404,0.9999999832555005,0.00012199999795717109,-0.00012199999795717104,6.0999998978572556e-05,0.0,0.0,9.7969,0.0,0.0,1.0,0.0,0.0,0.0,0.0,0.0,0.0,0.0,0.0
3.0605,0.9999999888370003,6.099999931905704e-05,-0.00012199999863811402,6.0999999319022447e-05,0.0,0.0,9.7578,0.0,0.0,1.0,0.0,0.0,0.0,0.0,0.0,0.0,0.0,0.0
3.0806,0.9999999888370003,6.099999931905704e-05,-0.00012199999863811402,6.0999999319022447e-05,0.0,0.0,9.797,0.0,0.0,1.0,0.0,0.0,0.0,0.0,0.0,0.0,0.0,0.0
3.1006,0.9999999944185001,6.099999965952851e-05,-6.0999999659528485e-05,6.099999965963887e-05,0.0,0.0,9.8012,0.0,0.0,1.0,0.0,0.0,0.0,0.0,0.0,0.0,0.0,0.0
3.1207,0.9999999832555004,6.099999897858553e-05,-0.00012199999795717102,0.00012199999795714511,0.0,0.0,9.8048,0.0,0.0,1.0,0.0,0.0,0.0,0.0,0.0,0.0,0.0,0.0
3.1408,0.9999999776740008,0.00012199999727622813,-0.00012199999727622809,0.00012199999727618983,0.0,0.0,9.7971,0.0,0.0,1.0,0.0,0.0,0.0,0.0,0.0,0.0,0.0,0.0
3.1608,0.9999999832555004,6.099999897858553e-05,-0.00012199999795717102,0.00012199999795714511,0.0,0.0,9.836,0.0,0.0,1.0,0.0,0.0,0.0,0.0,0.0,0.0,0.0,0.0
3.1815,0.9999999832555004,6.099999897858553e-05,-0.00012199999795717102,0.00012199999795714511,0.0,0.0,9.836,0.0,0.0,1.0,0.0,0.0,0.0,0.0,0.0,0.0,0.0,0.0
3.2016,0.999999996279,1.0164395367051604e-20,-6.0999999773019e-05,6.099999977293713e-05,0.0,0.0,9.762,0.0,0.0,1.0,0.0,0.0,0.0,0.0,0.0,0.0,0.0,0.0
3.2216,0.9999999888370003,0.00012199999863811401,-6.099999931905698e-05,6.0999999319022447e-05,0.0,0.0,9.844,0.0,0.0,1.0,0.0,0.0,0.0,0.0,0.0,0.0,0.0,0.0
3.2417,0.9999999888370003,0.00012199999863811401,-6.099999931905698e-05,6.0999999319022447e-05,0.0,0.0,9.844,0.0,0.0,1.0,0.0,0.0,0.0,0.0,0.0,0.0,0.0,0.0
3.2618,0.999999996279,6.0999999773019e-05,1.0164395367051604e-20,6.099999977293713e-05,0.0,0.0,9.7578,0.0,0.0,1.0,0.0,0.0,0.0,0.0,0.0,0.0,0.0,0.0
3.2819,0.999999996279,6.0999999773019e-05,1.0164395367051604e-20,6.099999977293713e-05,0.0,0.0,9.7578,0.0,0.0,1.0,0.0,0.0,0.0,0.0,0.0,0.0,0.0,0.0
3.3019,0.9999999888370003,6.099999931905698e-05,0.00012199999863811401,6.0999999319022447e-05,0.0,0.0,9.6884,0.0,0.0,1.0,0.0,0.0,0.0,0.0,0.0,0.0,0.0,0.0
3.322,0.9999999888370003,6.099999931905698e-05,0.00012199999863811401,6.0999999319022447e-05,0.0,0.0,9.6884,0.0,0.0,1.0,0.0,0.0,0.0,0.0,0.0,0.0,0.0,0.0
3.3421,0.9999999795345007,0.0001829999962548136,6.099999875160457e-05,6.099999875164297e-05,0.0,0.0,9.7659,0.0,0.0,1.0,0.0,0.0,0.0,0.0,0.0,0.0,0.0,0.0
3.3621,0.9999999888370003,0.00012199999863811401,-6.099999931905698e-05,6.0999999319022447e-05,0.0,0.0,9.8097,0.0,0.0,1.0,0.0,0.0,0.0,0.0,0.0,0.0,0.0,0.0
3.3822,0.9999999888370003,0.00012199999863811401,-6.099999931905698e-05,6.0999999319022447e-05,0.0,0.0,9.8011,0.0,0.0,1.0,0.0,0.0,0.0,0.0,0.0,0.0,0.0,0.0
3.4023,0.9999999906975001,0.00012199999886509502,2.0328790734103208e-20,6.099999943254275e-05,0.0,0.0,9.7578,0.0,0.0,1.0,0.0,0.0,0.0,0.0,0.0,0.0,0.0,0.0
3.4223,0.9999999906975001,6.099999943254751e-05,1.0164395367051604e-20,0.0001219999988650855,0.0,0.0,9.8049,0.0,0.0,1.0,0.0,0.0,0.0,0.0,0.0,0.0,0.0,0.0
3.4424,0.9999999888370003,6.0999999319057005e-05,6.0999999319057026e-05,0.00012199999863804489,0.0,0.0,9.7973,0.0,0.0,1.0,0.0,0.0,0.0,0.0,0.0,0.0,0.0,0.0
3.4625,0.9999999906975001,6.099999943254751e-05,1.0164395367051604e-20,0.0001219999988650855,0.0,0.0,9.758,0.0,0.0,1.0,0.0,0.0,0.0,0.0,0.0,0.0,0.0,0.0
3.4825,0.9999999813950006,6.099999886509504e-05,1.0164395367051606e-20,0.0001829999965952123,0.0,0.0,9.805,0.0,0.0,1.0,0.0,0.0,0.0,0.0,0.0,0.0,0.0,0.0
3.5026,0.9999999739530011,0.00012199999682226616,-6.0999998411133055e-05,0.0001829999952333572,0.0,0.0,9.8091,0.0,0.0,1.0,0.0,0.0,0.0,0.0,0.0,0.0,0.0,0.0
3.5227,0.9999999795345006,6.099999875160455e-05,-6.099999875160453e-05,0.0001829999962548734,0.0,0.0,9.797,0.0,0.0,1.0,0.0,0.0,0.0,0.0,0.0,0.0,0.0,0.0
3.5428,0.9999999813950006,6.099999886509504e-05,1.0164395367051606e-20,0.0001829999965952123,0.0,0.0,9.7578,0.0,0.0,1.0,0.0,0.0,0.0,0.0,0.0,0.0,0.0,0.0
3.5628,0.999999975813501,0.00012199999704924711,1.3552527156068805e-20,0.0001829999955738626,0.0,0.0,9.8049,0.0,0.0,1.0,0.0,0.0,0.0,0.0,0.0,0.0,0.0,0.0
3.5829,0.9999999851160004,0.00012199999818415203,2.0328790734103208e-20,0.00012199999818418572,0.0,0.0,9.797,0.0,0.0,1.0,0.0,0.0,0.0,0.0,0.0,0.0,0.0,0.0
3.603,0.9999999906975001,6.099999943254751e-05,1.0164395367051604e-20,0.0001219999988650855,0.0,0.0,9.8009,0.0,0.0,1.0,0.0,0.0,0.0,0.0,0.0,0.0,0.0,0.0
3.623,0.9999999906975001,6.099999943254751e-05,1.0164395367051604e-20,0.0001219999988650855,0.0,0.0,9.7696,0.0,0.0,1.0,0.0,0.0,0.0,0.0,0.0,0.0,0.0,0.0
3.6431,0.9999999851160004,0.00012199999818415203,2.0328790734103208e-20,0.00012199999818418572,0.0,0.0,9.8087,0.0,0.0,1.0,0.0,0.0,0.0,0.0,0.0,0.0,0.0,0.0
3.6632,0.9999999851160004,0.00012199999818415203,2.0328790734103208e-20,0.00012199999818418572,0.0,0.0,9.7618,0.0,0.0,1.0,0.0,0.0,0.0,0.0,0.0,0.0,0.0,0.0
3.6832,0.9999999851160004,0.00012199999818415203,2.0328790734103208e-20,0.00012199999818418572,0.0,0.0,9.7579,0.0,0.0,1.0,0.0,0.0,0.0,0.0,0.0,0.0,0.0,0.0
3.7033,0.9999999832555004,0.00012199999795717102,6.099999897858553e-05,0.00012199999795714511,0.0,0.0,9.7579,0.0,0.0,1.0,0.0,0.0,0.0,0.0,0.0,0.0,0.0,0.0
3.7234,0.9999999888370003,0.00012199999863811402,6.099999931905704e-05,6.0999999319022447e-05,0.0,0.0,9.7658,0.0,0.0,1.0,0.0,0.0,0.0,0.0,0.0,0.0,0.0,0.0
3.7434,0.9999999888370003,0.00012199999863811402,6.099999931905704e-05,6.0999999319022447e-05,0.0,0.0,9.7618,0.0,0.0,1.0,0.0,0.0,0.0,0.0,0.0,0.0,0.0,0.0
3.7635,0.9999999906975001,0.00012199999886509502,2.0328790734103208e-20,6.099999943254275e-05,0.0,0.0,9.8008,0.0,0.0,1.0,0.0,0.0,0.0,0.0,0.0,0.0,0.0,0.0
3.7836,0.9999999851160004,0.00012199999818415203,2.0328790734103208e-20,0.00012199999818418572,0.0,0.0,9.7969,0.0,0.0,1.0,0.0,0.0,0.0,0.0,0.0,0.0,0.0,0.0
3.8076,0.9999999906975001,0.00012199999886509502,2.0328790734103208e-20,6.099999943254275e-05,0.0,0.0,9.7658,0.0,0.0,1.0,0.0,0.0,0.0,0.0,0.0,0.0,0.0,0.0
3.8277,0.9999999906975001,0.00012199999886509502,2.0328790734103208e-20,6.099999943254275e-05,0.0,0.0,9.7969,0.0,0.0,1.0,0.0,0.0,0.0,0.0,0.0,0.0,0.0,0.0
3.8477,0.9999999906975001,0.00012199999886509502,2.0328790734103208e-20,6.099999943254275e-05,0.0,0.0,9.8008,0.0,0.0,1.0,0.0,0.0,0.0,0.0,0.0,0.0,0.0,0.0
3.8678,0.9999999888370003,0.00012199999863811402,6.099999931905704e-05,6.0999999319022447e-05,0.0,0.0,9.8048,0.0,0.0,1.0,0.0,0.0,0.0,0.0,0.0,0.0,0.0,0.0
3.8879,0.9999999888370003,0.00012199999863811402,6.099999931905704e-05,6.0999999319022447e-05,0.0,0.0,9.8048,0.0,0.0,1.0,0.0,0.0,0.0,0.0,0.0,0.0,0.0,0.0
3.9079,0.9999999906975001,0.000121999998865095,6.099999943254752e-05,0.0,0.0,0.0,9.8009,0.0,0.0,1.0,0.0,0.0,0.0,0.0,0.0,0.0,0.0,0.0
3.928,0.999999996279,6.0999999773018994e-05,6.099999977301902e-05,0.0,0.0,0.0,9.7579,0.0,0.0,1.0,0.0,0.0,0.0,0.0,0.0,0.0,0.0,0.0
3.9481,0.9999999888370003,6.099999931905698e-05,0.00012199999863811401,6.0999999319022447e-05,0.0,0.0,9.8049,0.0,0.0,1.0,0.0,0.0,0.0,0.0,0.0,0.0,0.0,0.0
3.9681,0.9999999832555005,0.00012199999795717104,0.00012199999795717109,6.0999998978572556e-05,0.0,0.0,9.8089,0.0,0.0,1.0,0.0,0.0,0.0,0.0,0.0,0.0,0.0,0.0
3.9882,0.9999999832555005,0.00012199999795717104,0.00012199999795717109,6.0999998978572556e-05,0.0,0.0,9.8009,0.0,0.0,1.0,0.0,0.0,0.0,0.0,0.0,0.0,0.0,0.0
4.0082,0.9999999832555005,0.00012199999795717104,0.00012199999795717109,6.0999998978572556e-05,0.0,0.0,9.8011,0.0,0.0,1.0,0.0,0.0,0.0,0.0,0.0,0.0,0.0,0.0
4.0283,0.9999999776740008,0.00012199999727622809,0.00012199999727622813,0.00012199999727618983,0.0,0.0,9.8049,0.0,0.0,1.0,0.0,0.0,0.0,0.0,0.0,0.0,0.0,0.0
4.0484,0.9999999683715015,0.00018299999421198478,0.00012199999614132319,0.00012199999614126433,0.0,0.0,9.8048,0.0,0.0,1.0,0.0,0.0,0.0,0.0,0.0,0.0,0.0,0.0
4.0684,0.9999999683715015,0.00018299999421198478,0.00012199999614132319,0.00012199999614126433,0.0,0.0,9.8048,0.0,0.0,1.0,0.0,0.0,0.0,0.0,0.0,0.0,0.0,0.0
4.0885,0.9999999683715015,0.00018299999421198478,0.00012199999614132319,0.00012199999614126433,0.0,0.0,9.7618,0.0,0.0,1.0,0.0,0.0,0.0,0.0,0.0,0.0,0.0,0.0
4.1086,0.9999999590690025,0.00018299999250962748,0.00012199999500641836,0.00018299999250964705,0.0,0.0,9.8008,0.0,0.0,1.0,0.0,0.0,0.0,0.0,0.0,0.0,0.0,0.0
4.1286,0.9999999460455045,0.00024399998683510306,0.0001219999934175516,0.00018299999012622026,0.0,0.0,9.8048,0.0,0.0,1.0,0.0,0.0,0.0,0.0,0.0,0.0,0.0,0.0
4.1487,0.9999999460455045,0.00024399998683510306,0.0001219999934175516,0.00018299999012622026,0.0,0.0,9.8048,0.0,0.0,1.0,0.0,0.0,0.0,0.0,0.0,0.0,0.0,0.0
4.1688,0.9999999590690025,0.00018299999250962742,0.0001829999925096275,0.00012199999500644987,0.0,0.0,9.758,0.0,0.0,1.0,0.0,0.0,0.0,0.0,0.0,0.0,0.0,0.0
4.1888,0.9999999590690025,0.00018299999250962742,0.0001829999925096275,0.00012199999500644987,0.0,0.0,9.758,0.0,0.0,1.0,0.0,0.0,0.0,0.0,0.0,0.0,0.0,0.0
4.2089,0.9999999590690025,0.00018299999250962742,0.0001829999925096275,0.00012199999500644987,0.0,0.0,9.8479,0.0,0.0,1.0,0.0,0.0,0.0,0.0,0.0,0.0,0.0,0.0
4.229,0.9999999590690025,0.00018299999250962742,0.0001829999925096275,0.00012199999500644987,0.0,0.0,9.8479,0.0,0.0,1.0,0.0,0.0,0.0,0.0,0.0,0.0,0.0,0.0
4.249,0.9999999776740008,0.00012199999727622809,0.00012199999727622813,0.00012199999727618983,0.0,0.0,9.8011,0.0,0.0,1.0,0.0,0.0,0.0,0.0,0.0,0.0,0.0,0.0
4.2691,0.9999999683715015,0.00012199999614132312,0.0001829999942119848,0.00012199999614126433,0.0,0.0,9.7661,0.0,0.0,1.0,0.0,0.0,0.0,0.0,0.0,0.0,0.0,0.0
4.2892,0.9999999460455045,0.00018299999012632727,0.00024399998683510312,0.00012199999341749868,0.0,0.0,9.809,0.0,0.0,1.0,0.0,0.0,0.0,0.0,0.0,0.0,0.0,0.0
4.3092,0.9999999590690025,0.00018299999250962742,0.0001829999925096275,0.00012199999500644987,0.0,0.0,9.797,0.0,0.0,1.0,0.0,0.0,0.0,0.0,0.0,0.0,0.0,0.0
4.3293,0.9999999776740008,0.00012199999727622809,0.00012199999727622813,0.00012199999727618983,0.0,0.0,9.7618,0.0,0.0,1.0,0.0,0.0,0.0,0.0,0.0,0.0,0.0,0.0
4.3494,0.9999999776740008,0.00012199999727622809,0.00012199999727622813,0.00012199999727618983,0.0,0.0,9.7618,0.0,0.0,1.0,0.0,0.0,0.0,0.0,0.0,0.0,0.0,0.0
4.3694,0.9999999776740008,0.00012199999727622809,0.00012199999727622813,0.00012199999727618983,0.0,0.0,9.8438,0.0,0.0,1.0,0.0,0.0,0.0,0.0,0.0,0.0,0.0,0.0
4.3895,0.9999999590690025,0.00018299999250962742,0.0001829999925096275,0.00012199999500644987,0.0,0.0,9.8008,0.0,0.0,1.0,0.0,0.0,0.0,0.0,0.0,0.0,0.0,0.0
4.4096,0.9999999776740008,0.00012199999727622809,0.00012199999727622813,0.00012199999727618983,0.0,0.0,9.8009,0.0,0.0,1.0,0.0,0.0,0.0,0.0,0.0,0.0,0.0,0.0
4.4296,0.9999999776740008,0.00012199999727622809,0.00012199999727622813,0.00012199999727618983,0.0,0.0,9.7578,0.0,0.0,1.0,0.0,0.0,0.0,0.0,0.0,0.0,0.0,0.0
4.4497,0.9999999683715015,0.00018299999421198478,0.00012199999614132319,0.00012199999614126433,0.0,0.0,9.8089,0.0,0.0,1.0,0.0,0.0,0.0,0.0,0.0,0.0,0.0,0.0
4.4698,0.9999999683715015,0.00018299999421198478,0.00012199999614132319,0.00012199999614126433,0.0,0.0,9.8477,0.0,0.0,1.0,0.0,0.0,0.0,0.0,0.0,0.0,0.0,0.0
4.4898,0.9999999776740008,0.00012199999727622809,0.00012199999727622813,0.00012199999727618983,0.0,0.0,9.7972,0.0,0.0,1.0,0.0,0.0,0.0,0.0,0.0,0.0,0.0,0.0
4.5099,0.9999999776740008,0.00012199999727622809,0.00012199999727622813,0.00012199999727618983,0.0,0.0,9.7969,0.0,0.0,1.0,0.0,0.0,0.0,0.0,0.0,0.0,0.0,0.0
4.53,0.9999999683715015,0.00018299999421198478,0.00012199999614132319,0.00012199999614126433,0.0,0.0,9.8049,0.0,0.0,1.0,0.0,0.0,0.0,0.0,0.0,0.0,0.0,0.0
4.55,0.9999999683715015,0.00018299999421198478,0.00012199999614132319,0.00012199999614126433,0.0,0.0,9.8089,0.0,0.0,1.0,0.0,0.0,0.0,0.0,0.0,0.0,0.0,0.0
4.5701,0.9999999776740008,0.00012199999727622809,0.00012199999727622813,0.00012199999727618983,0.0,0.0,9.797,0.0,0.0,1.0,0.0,0.0,0.0,0.0,0.0,0.0,0.0,0.0
4.5902,0.9999999888370003,6.0999999319057005e-05,6.0999999319057026e-05,0.00012199999863804489,0.0,0.0,9.7581,0.0,0.0,1.0,0.0,0.0,0.0,0.0,0.0,0.0,0.0,0.0
4.6102,0.9999999832555005,0.00012199999795717104,0.00012199999795717109,6.0999998978572556e-05,0.0,0.0,9.8089,0.0,0.0,1.0,0.0,0.0,0.0,0.0,0.0,0.0,0.0,0.0
4.6303,0.9999999795345007,6.0999998751604515e-05,0.00018299999625481363,6.099999875164297e-05,0.0,0.0,9.797,0.0,0.0,1.0,0.0,0.0,0.0,0.0,0.0,0.0,0.0,0.0
4.6504,0.9999999795345007,6.0999998751604515e-05,0.00018299999625481363,6.099999875164297e-05,0.0,0.0,9.8009,0.0,0.0,1.0,0.0,0.0,0.0,0.0,0.0,0.0,0.0,0.0
4.6704,0.9999999795345007,6.0999998751604515e-05,0.00018299999625481363,6.099999875164297e-05,0.0,0.0,9.8009,0.0,0.0,1.0,0.0,0.0,0.0,0.0,0.0,0.0,0.0,0.0
4.6905,0.9999999888370003,6.099999931905698e-05,0.00012199999863811401,6.0999999319022447e-05,0.0,0.0,9.758,0.0,0.0,1.0,0.0,0.0,0.0,0.0,0.0,0.0,0.0,0.0
4.7106,0.9999999795345007,6.0999998751604515e-05,0.00018299999625481363,6.099999875164297e-05,0.0,0.0,9.805,0.0,0.0,1.0,0.0,0.0,0.0,0.0,0.0,0.0,0.0,0.0
4.7306,0.9999999795345007,6.0999998751604515e-05,0.00018299999625481363,6.099999875164297e-05,0.0,0.0,9.8477,0.0,0.0,1.0,0.0,0.0,0.0,0.0,0.0,0.0,0.0,0.0
4.7507,0.9999999795345007,6.0999998751604515e-05,0.00018299999625481363,6.099999875164297e-05,0.0,0.0,9.7581,0.0,0.0,1.0,0.0,0.0,0.0,0.0,0.0,0.0,0.0,0.0
4.7708,0.9999999795345007,6.0999998751604515e-05,0.00018299999625481363,6.099999875164297e-05,0.0,0.0,9.7578,0.0,0.0,1.0,0.0,0.0,0.0,0.0,0.0,0.0,0.0,0.0
4.7908,0.9999999795345007,6.0999998751604515e-05,0.00018299999625481363,6.099999875164297e-05,0.0,0.0,9.8477,0.0,0.0,1.0,0.0,0.0,0.0,0.0,0.0,0.0,0.0,0.0
4.8109,0.9999999795345007,6.0999998751604515e-05,0.00018299999625481363,6.099999875164297e-05,0.0,0.0,9.8361,0.0,0.0,1.0,0.0,0.0,0.0,0.0,0.0,0.0,0.0,0.0
4.831,0.9999999795345007,6.0999998751604515e-05,0.00018299999625481363,6.099999875164297e-05,0.0,0.0,9.7618,0.0,0.0,1.0,0.0,0.0,0.0,0.0,0.0,0.0,0.0,0.0
4.851,0.9999999795345007,6.0999998751604515e-05,0.00018299999625481363,6.099999875164297e-05,0.0,0.0,9.7227,0.0,0.0,1.0,0.0,0.0,0.0,0.0,0.0,0.0,0.0,0.0
4.8711,0.9999999795345007,6.0999998751604515e-05,0.00018299999625481363,6.099999875164297e-05,0.0,0.0,9.9012,0.0,0.0,1.0,0.0,0.0,0.0,0.0,0.0,0.0,0.0,0.0
4.8912,0.9999999795345007,6.0999998751604515e-05,0.00018299999625481363,6.099999875164297e-05,0.0,0.0,9.7622,0.0,0.0,1.0,0.0,0.0,0.0,0.0,0.0,0.0,0.0,0.0
4.9112,0.9999999795345007,6.0999998751604515e-05,0.00018299999625481363,6.099999875164297e-05,0.0,0.0,9.8871,0.0,0.0,1.0,0.0,0.0,0.0,0.0,0.0,0.0,0.0,0.0
4.9313,0.9999999795345007,6.0999998751604515e-05,0.00018299999625481363,6.099999875164297e-05,0.0,0.0,9.7621,0.0,0.0,1.0,0.0,0.0,0.0,0.0,0.0,0.0,0.0,0.0
4.9514,0.9999999813950006,-2.710505431213761e-20,0.0001829999965952851,6.0999998865163274e-05,0.0,0.0,9.8011,0.0,0.0,1.0,0.0,0.0,0.0,0.0,0.0,0.0,0.0,0.0
4.9714,0.9999999795345007,6.0999998751604515e-05,0.00018299999625481363,6.099999875164297e-05,0.0,0.0,9.8133,0.0,0.0,1.0,0.0,0.0,0.0,0.0,0.0,0.0,0.0,0.0
4.9915,0.9999999888370003,6.099999931905698e-05,0.00012199999863811401,6.0999999319022447e-05,0.0,0.0,9.6876,0.0,0.0,1.0,0.0,0.0,0.0,0.0,0.0,0.0,0.0,0.0
5.0116,0.9999999888370003,6.099999931905698e-05,0.00012199999863811401,6.0999999319022447e-05,0.0,0.0,9.719,0.0,0.0,1.0,0.0,0.0,0.0,0.0,0.0,0.0,0.0,0.0
5.0316,0.9999999888370003,6.099999931905698e-05,0.00012199999863811401,6.0999999319022447e-05,0.0,0.0,9.84,0.0,0.0,1.0,0.0,0.0,0.0,0.0,0.0,0.0,0.0,0.0
5.0517,0.9999999832555005,0.00012199999795717104,0.00012199999795717109,6.0999998978572556e-05,0.0,0.0,9.8087,0.0,0.0,1.0,0.0,0.0,0.0,0.0,0.0,0.0,0.0,0.0
5.0718,0.9999999851160004,0.00012199999818415202,0.00012199999818415206,0.0,0.0,0.0,9.8048,0.0,0.0,1.0,0.0,0.0,0.0,0.0,0.0,0.0,0.0,0.0
5.0918,0.9999999832555005,0.00012199999795717104,0.00012199999795717109,6.0999998978572556e-05,0.0,0.0,9.7578,0.0,0.0,1.0,0.0,0.0,0.0,0.0,0.0,0.0,0.0,0.0
5.1119,0.9999999832555005,0.00012199999795717104,0.00012199999795717109,6.0999998978572556e-05,0.0,0.0,9.8399,0.0,0.0,1.0,0.0,0.0,0.0,0.0,0.0,0.0,0.0,0.0
5.132,0.9999999739530011,0.0001219999968222661,0.0001829999952333992,6.099999841108206e-05,0.0,0.0,9.84,0.0,0.0,1.0,0.0,0.0,0.0,0.0,0.0,0.0,0.0,0.0
5.152,0.9999999739530011,0.0001219999968222661,0.0001829999952333992,6.099999841108206e-05,0.0,0.0,9.7578,0.0,0.0,1.0,0.0,0.0,0.0,0.0,0.0,0.0,0.0,0.0
5.1721,0.9999999739530011,0.0001219999968222661,0.0001829999952333992,6.099999841108206e-05,0.0,0.0,9.7618,0.0,0.0,1.0,0.0,0.0,0.0,0.0,0.0,0.0,0.0,0.0
5.1921,0.9999999646505019,0.00018299999353104185,0.00018299999353104188,6.0999997843647076e-05,0.0,0.0,9.8087,0.0,0.0,1.0,0.0,0.0,0.0,0.0,0.0,0.0,0.0,0.0
5.2122,0.9999999646505019,0.00018299999353104185,0.00018299999353104188,6.0999997843647076e-05,0.0,0.0,9.7969,0.0,0.0,1.0,0.0,0.0,0.0,0.0,0.0,0.0,0.0,0.0
5.2323,0.9999999665110018,0.00018299999387151326,0.00018299999387151334,0.0,0.0,0.0,9.7578,0.0,0.0,1.0,0.0,0.0,0.0,0.0,0.0,0.0,0.0,0.0
5.2524,0.999999975813501,0.00012199999704924709,0.00018299999557387073,0.0,0.0,0.0,9.809,0.0,0.0,1.0,0.0,0.0,0.0,0.0,0.0,0.0,0.0,0.0
5.2724,0.999999975813501,0.00012199999704924709,0.00018299999557387073,0.0,0.0,0.0,9.809,0.0,0.0,1.0,0.0,0.0,0.0,0.0,0.0,0.0,0.0,0.0
5.2925,0.999999975813501,0.00012199999704924709,0.00018299999557387073,0.0,0.0,0.0,9.836,0.0,0.0,1.0,0.0,0.0,0.0,0.0,0.0,0.0,0.0,0.0
5.3126,0.9999999906975001,6.0999999432547494e-05,0.00012199999886509503,0.0,0.0,0.0,9.7972,0.0,0.0,1.0,0.0,0.0,0.0,0.0,0.0,0.0,0.0,0.0
5.3327,0.9999999851160004,0.00012199999818415202,0.00012199999818415206,0.0,0.0,0.0,9.7702,0.0,0.0,1.0,0.0,0.0,0.0,0.0,0.0,0.0,0.0,0.0
5.3527,0.999999975813501,0.00012199999704924709,0.00018299999557387073,0.0,0.0,0.0,9.7796,0.0,0.0,1.0,0.0,0.0,0.0,0.0,0.0,0.0,0.0,0.0
5.3728,0.999999996279,6.0999999773018994e-05,6.099999977301902e-05,0.0,0.0,0.0,9.8871,0.0,0.0,1.0,0.0,0.0,0.0,0.0,0.0,0.0,0.0,0.0
5.3929,0.9999999981395,-6.0999999886509496e-05,-1.0164395367051604e-20,0.0,0.0,0.0,9.7507,0.0,0.0,1.0,0.0,0.0,0.0,0.0,0.0,0.0,0.0,0.0
5.413,0.9999999906975001,-0.000121999998865095,-6.099999943254752e-05,0.0,0.0,0.0,9.7948,0.0,0.0,1.0,0.0,0.0,0.0,0.0,0.0,0.0,0.0,0.0
5.433,0.9999999851160004,-0.00012199999818415202,-0.00012199999818415206,0.0,0.0,0.0,9.8287,0.0,0.0,1.0,0.0,0.0,0.0,0.0,0.0,0.0,0.0,0.0
5.4531,0.9999999888370003,-0.00012199999863811402,-6.099999931905704e-05,6.0999999319022447e-05,0.0,0.0,9.8091,0.0,0.0,1.0,0.0,0.0,0.0,0.0,0.0,0.0,0.0,0.0
5.4732,0.9999999981395,-6.0999999886509496e-05,-1.0164395367051604e-20,0.0,0.0,0.0,9.8479,0.0,0.0,1.0,0.0,0.0,0.0,0.0,0.0,0.0,0.0,0.0
5.4932,0.9999999925580001,-0.00012199999909207602,-2.0328790734103208e-20,0.0,0.0,0.0,9.7621,0.0,0.0,1.0,0.0,0.0,0.0,0.0,0.0,0.0,0.0,0.0
5.5133,0.9999999813950006,-0.00018299999659528512,6.0999998865095e-05,0.0,0.0,0.0,9.7622,0.0,0.0,1.0,0.0,0.0,0.0,0.0,0.0,0.0,0.0,0.0
5.5334,0.9999999906975001,-0.00012199999886509503,6.0999999432547494e-05,0.0,0.0,0.0,9.8087,0.0,0.0,1.0,0.0,0.0,0.0,0.0,0.0,0.0,0.0,0.0
5.5535,0.9999999925580001,-0.00012199999909207602,-2.0328790734103208e-20,0.0,0.0,0.0,9.8404,0.0,0.0,1.0,0.0,0.0,0.0,0.0,0.0,0.0,0.0,0.0
5.5735,0.9999999925580001,-0.00012199999909207602,-2.0328790734103208e-20,0.0,0.0,0.0,9.805,0.0,0.0,1.0,0.0,0.0,0.0,0.0,0.0,0.0,0.0,0.0
5.5936,0.9999999906975001,-0.00012199999886509503,6.0999999432547494e-05,0.0,0.0,0.0,9.7579,0.0,0.0,1.0,0.0,0.0,0.0,0.0,0.0,0.0,0.0,0.0
5.6137,0.9999999906975001,-0.00012199999886509503,6.0999999432547494e-05,0.0,0.0,0.0,9.797,0.0,0.0,1.0,0.0,0.0,0.0,0.0,0.0,0.0,0.0,0.0
5.6337,0.9999999813950006,-0.00018299999659528512,6.0999998865095e-05,0.0,0.0,0.0,9.8399,0.0,0.0,1.0,0.0,0.0,0.0,0.0,0.0,0.0,0.0,0.0
5.6538,0.9999999832555004,-0.00018299999693575654,-2.710505431213761e-20,0.0,0.0,0.0,9.797,0.0,0.0,1.0,0.0,0.0,0.0,0.0,0.0,0.0,0.0,0.0
5.6739,0.9999999832555004,-0.00018299999693575654,-2.710505431213761e-20,0.0,0.0,0.0,9.8087,0.0,0.0,1.0,0.0,0.0,0.0,0.0,0.0,0.0,0.0,0.0
5.694,0.9999999832555004,-0.00018299999693575654,-2.710505431213761e-20,0.0,0.0,0.0,9.8048,0.0,0.0,1.0,0.0,0.0,0.0,0.0,0.0,0.0,0.0,0.0
5.7141,0.9999999832555004,-0.00018299999693575654,-2.710505431213761e-20,0.0,0.0,0.0,9.797,0.0,0.0,1.0,0.0,0.0,0.0,0.0,0.0,0.0,0.0,0.0
5.7341,0.9999999832555004,-0.00018299999693575654,-2.710505431213761e-20,0.0,0.0,0.0,9.7579,0.0,0.0,1.0,0.0,0.0,0.0,0.0,0.0,0.0,0.0,0.0
5.7542,0.9999999832555004,-0.00018299999693575654,-2.710505431213761e-20,0.0,0.0,0.0,9.7578,0.0,0.0,1.0,0.0,0.0,0.0,0.0,0.0,0.0,0.0,0.0
5.7742,0.9999999832555004,-0.00018299999693575654,-2.710505431213761e-20,0.0,0.0,0.0,9.8048,0.0,0.0,1.0,0.0,0.0,0.0,0.0,0.0,0.0,0.0,0.0
5.7943,0.9999999832555004,-0.00018299999693575654,-2.710505431213761e-20,0.0,0.0,0.0,9.7969,0.0,0.0,1.0,0.0,0.0,0.0,0.0,0.0,0.0,0.0,0.0
5.8144,0.9999999832555004,-0.00018299999693575654,-2.710505431213761e-20,0.0,0.0,0.0,9.797,0.0,0.0,1.0,0.0,0.0,0.0,0.0,0.0,0.0,0.0,0.0
5.8344,0.9999999832555004,-0.00018299999693575654,-2.710505431213761e-20,0.0,0.0,0.0,9.7969,0.0,0.0,1.0,0.0,0.0,0.0,0.0,0.0,0.0,0.0,0.0
5.8545,0.9999999832555004,-0.00018299999693575654,-2.710505431213761e-20,0.0,0.0,0.0,9.8049,0.0,0.0,1.0,0.0,0.0,0.0,0.0,0.0,0.0,0.0,0.0
5.8746,0.9999999832555004,-0.00018299999693575654,-2.710505431213761e-20,0.0,0.0,0.0,9.8009,0.0,0.0,1.0,0.0,0.0,0.0,0.0,0.0,0.0,0.0,0.0
5.8946,0.9999999813950006,-0.00018299999659528512,-6.099999886509507e-05,0.0,0.0,0.0,9.797,0.0,0.0,1.0,0.0,0.0,0.0,0.0,0.0,0.0,0.0,0.0
5.9147,0.9999999813950006,-0.00018299999659528512,-6.099999886509507e-05,0.0,0.0,0.0,9.8087,0.0,0.0,1.0,0.0,0.0,0.0,0.0,0.0,0.0,0.0,0.0
5.9348,0.9999999906975001,-0.000121999998865095,-6.099999943254752e-05,0.0,0.0,0.0,9.8089,0.0,0.0,1.0,0.0,0.0,0.0,0.0,0.0,0.0,0.0,0.0
5.9548,0.9999999906975001,-0.000121999998865095,-6.099999943254752e-05,0.0,0.0,0.0,9.8399,0.0,0.0,1.0,0.0,0.0,0.0,0.0,0.0,0.0,0.0,0.0
5.9749,0.9999999906975001,-0.000121999998865095,-6.099999943254752e-05,0.0,0.0,0.0,9.8009,0.0,0.0,1.0,0.0,0.0,0.0,0.0,0.0,0.0,0.0,0.0
5.995,0.9999999888370001,-0.000121999998638114,-6.0999999319057026e-05,-6.099999931902243e-05,0.0,0.0,9.8048,0.0,0.0,1.0,0.0,0.0,0.0,0.0,0.0,0.0,0.0,0.0
6.0151,0.999999996279,-6.0999999773019e-05,-1.0164395367051604e-20,-6.099999977293713e-05,0.0,0.0,9.8089,0.0,0.0,1.0,0.0,0.0,0.0,0.0,0.0,0.0,0.0,0.0
6.0351,0.9999999981395,-6.0999999886509496e-05,-1.0164395367051604e-20,0.0,0.0,0.0,9.7579,0.0,0.0,1.0,0.0,0.0,0.0,0.0,0.0,0.0,0.0,0.0
6.0552,0.9999999925580001,-0.00012199999909207602,-2.0328790734103208e-20,0.0,0.0,0.0,9.762,0.0,0.0,1.0,0.0,0.0,0.0,0.0,0.0,0.0,0.0,0.0
6.0753,0.9999999906975001,-0.000121999998865095,-6.099999943254752e-05,0.0,0.0,0.0,9.7659,0.0,0.0,1.0,0.0,0.0,0.0,0.0,0.0,0.0,0.0,0.0
6.0953,0.9999999981395,-6.0999999886509496e-05,-1.0164395367051604e-20,0.0,0.0,0.0,9.8089,0.0,0.0,1.0,0.0,0.0,0.0,0.0,0.0,0.0,0.0,0.0
6.1154,0.9999999981395,-6.0999999886509496e-05,-1.0164395367051604e-20,0.0,0.0,0.0,9.7969,0.0,0.0,1.0,0.0,0.0,0.0,0.0,0.0,0.0,0.0,0.0
6.1355,0.9999999925580001,-0.00012199999909207602,-2.0328790734103208e-20,0.0,0.0,0.0,9.801,0.0,0.0,1.0,0.0,0.0,0.0,0.0,0.0,0.0,0.0,0.0
6.1556,0.9999999981395,-6.0999999886509496e-05,-1.0164395367051604e-20,0.0,0.0,0.0,9.7657,0.0,0.0,1.0,0.0,0.0,0.0,0.0,0.0,0.0,0.0,0.0
6.1756,0.999999996279,-6.0999999773018994e-05,-6.099999977301902e-05,0.0,0.0,0.0,9.8479,0.0,0.0,1.0,0.0,0.0,0.0,0.0,0.0,0.0,0.0,0.0
6.1957,0.9999999906975001,-6.0999999432547494e-05,-0.00012199999886509503,0.0,0.0,0.0,9.8008,0.0,0.0,1.0,0.0,0.0,0.0,0.0,0.0,0.0,0.0,0.0
6.2158,0.9999999906975001,-6.0999999432547494e-05,-0.00012199999886509503,0.0,0.0,0.0,9.8008,0.0,0.0,1.0,0.0,0.0,0.0,0.0,0.0,0.0,0.0,0.0
6.2359,0.9999999906975001,-6.0999999432547494e-05,-0.00012199999886509503,0.0,0.0,0.0,9.8048,0.0,0.0,1.0,0.0,0.0,0.0,0.0,0.0,0.0,0.0,0.0
6.256,0.999999996279,-6.0999999773018994e-05,-6.099999977301902e-05,0.0,0.0,0.0,9.8829,0.0,0.0,1.0,0.0,0.0,0.0,0.0,0.0,0.0,0.0,0.0
6.2761,0.999999996279,-6.0999999773018994e-05,-6.099999977301902e-05,0.0,0.0,0.0,9.8011,0.0,0.0,1.0,0.0,0.0,0.0,0.0,0.0,0.0,0.0,0.0
6.2963,0.999999996279,-6.0999999773018994e-05,-6.099999977301902e-05,0.0,0.0,0.0,9.7227,0.0,0.0,1.0,0.0,0.0,0.0,0.0,0.0,0.0,0.0,0.0
6.3164,0.9999999981395,1.0164395367051604e-20,-6.0999999886509496e-05,0.0,0.0,0.0,9.7657,0.0,0.0,1.0,0.0,0.0,0.0,0.0,0.0,0.0,0.0,0.0
6.3365,0.9999999981395,1.0164395367051604e-20,-6.0999999886509496e-05,0.0,0.0,0.0,9.8439,0.0,0.0,1.0,0.0,0.0,0.0,0.0,0.0,0.0,0.0,0.0
6.3566,0.999999996279,-6.0999999773018994e-05,-6.099999977301902e-05,0.0,0.0,0.0,9.8009,0.0,0.0,1.0,0.0,0.0,0.0,0.0,0.0,0.0,0.0,0.0
6.3767,0.999999996279,-6.0999999773018994e-05,-6.099999977301902e-05,0.0,0.0,0.0,9.797,0.0,0.0,1.0,0.0,0.0,0.0,0.0,0.0,0.0,0.0,0.0
6.3968,0.9999999981395,1.0164395367051604e-20,-6.0999999886509496e-05,0.0,0.0,0.0,9.8048,0.0,0.0,1.0,0.0,0.0,0.0,0.0,0.0,0.0,0.0,0.0
6.4168,0.999999996279,1.0164395367051604e-20,-6.0999999773019e-05,6.099999977293713e-05,0.0,0.0,9.8438,0.0,0.0,1.0,0.0,0.0,0.0,0.0,0.0,0.0,0.0,0.0
6.4369,0.999999996279,1.0164395367051604e-20,-6.0999999773019e-05,6.099999977293713e-05,0.0,0.0,9.8438,0.0,0.0,1.0,0.0,0.0,0.0,0.0,0.0,0.0,0.0,0.0
6.457,0.999999996279,1.0164395367051604e-20,-6.0999999773019e-05,6.099999977293713e-05,0.0,0.0,9.8361,0.0,0.0,1.0,0.0,0.0,0.0,0.0,0.0,0.0,0.0,0.0
6.4771,0.999999996279,1.0164395367051604e-20,-6.0999999773019e-05,6.099999977293713e-05,0.0,0.0,9.7657,0.0,0.0,1.0,0.0,0.0,0.0,0.0,0.0,0.0,0.0,0.0
6.4972,0.999999996279,1.0164395367051604e-20,-6.0999999773019e-05,6.099999977293713e-05,0.0,0.0,9.7657,0.0,0.0,1.0,0.0,0.0,0.0,0.0,0.0,0.0,0.0,0.0
6.5173,0.999999996279,1.0164395367051604e-20,-6.0999999773019e-05,6.099999977293713e-05,0.0,0.0,9.8087,0.0,0.0,1.0,0.0,0.0,0.0,0.0,0.0,0.0,0.0,0.0
6.5374,0.999999996279,1.0164395367051604e-20,-6.0999999773019e-05,6.099999977293713e-05,0.0,0.0,9.7618,0.0,0.0,1.0,0.0,0.0,0.0,0.0,0.0,0.0,0.0,0.0
6.5575,0.999999996279,1.0164395367051604e-20,-6.0999999773019e-05,6.099999977293713e-05,0.0,0.0,9.7973,0.0,0.0,1.0,0.0,0.0,0.0,0.0,0.0,0.0,0.0,0.0
6.5776,0.999999996279,1.0164395367051604e-20,-6.0999999773019e-05,6.099999977293713e-05,0.0,0.0,9.809,0.0,0.0,1.0,0.0,0.0,0.0,0.0,0.0,0.0,0.0,0.0
6.5977,0.999999996279,1.0164395367051604e-20,-6.0999999773019e-05,6.099999977293713e-05,0.0,0.0,9.8091,0.0,0.0,1.0,0.0,0.0,0.0,0.0,0.0,0.0,0.0,0.0
6.6177,0.9999999944185001,6.099999965952851e-05,-6.0999999659528485e-05,6.099999965963887e-05,0.0,0.0,9.8011,0.0,0.0,1.0,0.0,0.0,0.0,0.0,0.0,0.0,0.0,0.0
6.6378,0.9999999944185001,6.099999965952851e-05,-6.0999999659528485e-05,6.099999965963887e-05,0.0,0.0,9.7579,0.0,0.0,1.0,0.0,0.0,0.0,0.0,0.0,0.0,0.0,0.0
6.6579,0.9999999944185001,6.099999965952851e-05,-6.0999999659528485e-05,6.099999965963887e-05,0.0,0.0,9.7658,0.0,0.0,1.0,0.0,0.0,0.0,0.0,0.0,0.0,0.0,0.0
6.6779,0.9999999944185001,6.099999965952851e-05,-6.0999999659528485e-05,6.099999965963887e-05,0.0,0.0,9.7658,0.0,0.0,1.0,0.0,0.0,0.0,0.0,0.0,0.0,0.0,0.0
6.698,0.9999999944185001,6.099999965952851e-05,-6.0999999659528485e-05,6.099999965963887e-05,0.0,0.0,9.7971,0.0,0.0,1.0,0.0,0.0,0.0,0.0,0.0,0.0,0.0,0.0
6.7181,0.9999999944185001,6.099999965952851e-05,-6.0999999659528485e-05,6.099999965963887e-05,0.0,0.0,9.8011,0.0,0.0,1.0,0.0,0.0,0.0,0.0,0.0,0.0,0.0,0.0
6.7381,0.9999999944185001,6.099999965952851e-05,-6.0999999659528485e-05,6.099999965963887e-05,0.0,0.0,9.7227,0.0,0.0,1.0,0.0,0.0,0.0,0.0,0.0,0.0,0.0,0.0
6.7582,0.9999999944185001,6.099999965952851e-05,-6.0999999659528485e-05,6.099999965963887e-05,0.0,0.0,9.7661,0.0,0.0,1.0,0.0,0.0,0.0,0.0,0.0,0.0,0.0,0.0
6.7783,0.9999999944185001,6.099999965952851e-05,-6.0999999659528485e-05,6.099999965963887e-05,0.0,0.0,9.8009,0.0,0.0,1.0,0.0,0.0,0.0,0.0,0.0,0.0,0.0,0.0
6.7983,0.9999999944185001,6.099999965952851e-05,-6.0999999659528485e-05,6.099999965963887e-05,0.0,0.0,9.797,0.0,0.0,1.0,0.0,0.0,0.0,0.0,0.0,0.0,0.0,0.0
6.8184,0.9999999944185001,6.099999965952851e-05,-6.0999999659528485e-05,6.099999965963887e-05,0.0,0.0,9.7227,0.0,0.0,1.0,0.0,0.0,0.0,0.0,0.0,0.0,0.0,0.0
6.8385,0.9999999944185001,6.099999965952851e-05,-6.0999999659528485e-05,6.099999965963887e-05,0.0,0.0,9.8561,0.0,0.0,1.0,0.0,0.0,0.0,0.0,0.0,0.0,0.0,0.0
6.8585,0.9999999944185001,6.099999965952851e-05,-6.0999999659528485e-05,6.099999965963887e-05,0.0,0.0,9.848,0.0,0.0,1.0,0.0,0.0,0.0,0.0,0.0,0.0,0.0,0.0
6.8786,0.9999999944185001,6.099999965952851e-05,-6.0999999659528485e-05,6.099999965963887e-05,0.0,0.0,9.762,0.0,0.0,1.0,0.0,0.0,0.0,0.0,0.0,0.0,0.0,0.0
6.8987,0.9999999944185001,6.099999965952851e-05,-6.0999999659528485e-05,6.099999965963887e-05,0.0,0.0,9.5315,0.0,0.0,1.0,0.0,0.0,0.0,0.0,0.0,0.0,0.0,0.0
6.9188,0.9999999944185001,6.099999965952851e-05,-6.0999999659528485e-05,6.099999965963887e-05,0.0,0.0,9.7227,0.0,0.0,1.0,0.0,0.0,0.0,0.0,0.0,0.0,0.0,0.0
6.9389,0.9999999981395,0.0,0.0,6.0999999886512946e-05,0.0,0.0,10.692,0.0,1.0,1.0,0.0,0.0,0.0,0.0,0.0,0.0,0.0,0.0
6.959,0.999999996279,1.0164395367051604e-20,-6.0999999773019e-05,6.099999977293713e-05,0.0,0.0038,9.5292,0.0,1.0,1.0,0.0,0.0,0.0,0.0,0.0,0.0,0.0,0.0
6.979,0.999999996279,1.0164395367051604e-20,-6.0999999773019e-05,6.099999977293713e-05,0.0,0.2848,9.3287,0.0,1.0,1.0,0.0,0.0,0.0,0.0,0.0,0.0,0.0,0.0
6.9991,0.9999999944185001,6.0999999659528485e-05,6.099999965952851e-05,6.099999965963887e-05,0.0,0.608,10.1183,0.0,1.0,1.0,0.0,0.0,0.0,0.0,0.0,0.0,0.0,0.0
7.0192,0.9999999832555005,0.00012199999795717104,0.00012199999795717109,6.0999998978572556e-05,0.0,0.5003,9.8838,0.0,1.0,1.0,0.0,0.0,0.0,0.0,0.0,0.0,0.0,0.0
7.0393,0.9999999906975001,6.099999943254752e-05,-0.000121999998865095,0.0,0.0,0.762,9.9103,0.0,1.0,1.0,0.0,0.0,0.0,0.0,0.0,0.0,0.0,0.0
7.0593,0.9999999293010076,6.099999568736153e-05,-0.0003659999741241688,6.099999568737191e-05,0.0,0.6927,9.9193,0.0,1.0,1.0,0.0,0.0,0.0,0.0,0.0,0.0,0.0,0.0
7.0794,0.9999999944185001,6.099999965952851e-05,-6.0999999659528485e-05,6.099999965963887e-05,0.0,0.8159,9.6577,0.0,1.0,1.0,0.0,0.0,0.0,0.0,0.0,0.0,0.0,0.0
7.0995,0.999999975813501,0.00018299999557387067,0.00012199999704924714,0.0,0.0,0.7735,9.7126,0.0,1.0,1.0,0.0,0.0,0.0,0.0,0.0,0.0,0.0,0.0
7.1195,0.9999999609295023,0.00012199999523339932,-0.00024399999046679854,6.099999761677298e-05,0.0,0.9275,10.0283,0.0,1.0,1.0,0.0,0.0,0.0,0.0,0.0,0.0,0.0,0.0
7.1396,0.9999999665110018,6.099999795717106e-05,0.00024399999182868446,6.099999795711186e-05,0.0,0.7966,9.7,0.0,1.0,1.0,0.0,0.0,0.0,0.0,0.0,0.0,0.0,0.0
7.1597,0.9999999516270035,0.00024399998819698887,-0.00018299999114774159,6.0999997049338006e-05,0.0,0.989,9.9165,0.0,1.0,1.0,0.0,0.0,0.0,0.0,0.0,0.0,0.0,0.0
7.1797,0.9999999646505019,0.00018299999353104188,-0.00018299999353104185,6.0999997843647076e-05,0.0,1.0314,9.8585,0.0,1.0,1.0,0.0,0.0,0.0,0.0,0.0,0.0,0.0,0.0
7.1998,0.9999999646505019,0.00018299999353104188,-0.00018299999353104185,6.0999997843647076e-05,0.0,0.9082,9.7937,0.0,1.0,1.0,0.0,0.0,0.0,0.0,0.0,0.0,0.0,0.0
7.2199,0.9999999739530011,0.0001219999968222661,0.0001829999952333992,6.099999841108206e-05,0.0,1.1622,9.853,0.0,1.0,1.0,0.0,0.0,0.0,0.0,0.0,0.0,0.0,0.0
7.2399,0.9999999330220067,0.0002439999836573697,-0.0002439999836573696,0.00012199999182876954,0.0,1.0044,9.6283,0.0,1.0,1.0,0.0,0.0,0.0,0.0,0.0,0.0,0.0,0.0
7.26,0.9999999739530011,0.00018299999523339915,0.00012199999682226616,6.099999841108206e-05,0.0,0.8851,9.592,0.0,1.0,1.0,0.0,0.0,0.0,0.0,0.0,0.0,0.0,0.0
7.2801,0.9999999665110018,0.0002439999918286844,6.099999795717114e-05,6.099999795711186e-05,0.0,1.1545,9.8858,0.0,1.0,1.0,0.0,0.0,0.0,0.0,0.0,0.0,0.0,0.0
7.3002,0.9999999683715015,0.00012199999614132319,-0.00018299999421198478,0.00012199999614126433,0.0,0.9544,10.0271,0.0,1.0,1.0,0.0,0.0,0.0,0.0,0.0,0.0,0.0,0.0
7.3203,0.9999999032540141,0.00024399997639397935,0.00036599996459096926,0.0,0.0,1.0314,9.754,0.0,1.0,1.0,0.0,0.0,0.0,0.0,0.0,0.0,0.0,0.0
7.3404,0.9999999032540141,0.00024399997639397935,0.00036599996459096926,0.0,0.0,1.0314,9.754,0.0,1.0,1.0,0.0,0.0,0.0,0.0,0.0,0.0,0.0,0.0
7.3605,0.9999999795345007,0.00018299999625481363,-6.0999998751604515e-05,6.099999875164297e-05,0.0,0.9967,9.2892,0.0,1.0,1.0,0.0,0.0,0.0,0.0,0.0,0.0,0.0,0.0
7.3805,0.9999999348825065,0.00018299998808349863,0.0003049999801391645,6.09999960278218e-05,0.0,0.8543,9.8654,0.0,1.0,1.0,0.0,0.0,0.0,0.0,0.0,0.0,0.0,0.0
7.4007,0.9999998344155412,0.00030499994949674,0.0004879999191947841,0.0,0.0,1.1083,9.9271,0.0,1.0,1.0,0.0,0.0,0.0,0.0,0.0,0.0,0.0,0.0
7.4208,0.99999981767105,0.00024399995551173628,-0.0005489998999014064,6.099998887793002e-05,0.0,0.9275,9.5514,0.0,1.0,1.0,0.0,0.0,0.0,0.0,0.0,0.0,0.0,0.0
7.4409,0.9999999051145135,0.0003049999710599266,-0.00030499997105992656,6.099999421194102e-05,0.0,0.9698,9.8707,0.0,1.0,1.0,0.0,0.0,0.0,0.0,0.0,0.0,0.0,0.0
7.461,0.99999985860203,0.00036599994824834306,-0.0003659999482483429,0.00012199998274931012,0.0,1.0891,10.0853,0.0,1.0,1.0,0.0,0.0,0.0,0.0,0.0,0.0,0.0,0.0
7.4811,0.9999996018532378,0.0001829999271391427,-0.0008539996599826652,0.00018299992713921578,0.0,0.8851,10.0641,0.0,1.0,1.0,0.0,0.0,0.0,0.0,0.0,0.0,0.0,0.0
7.5012,0.9999999609295024,0.0002439999904667986,-6.099999761669961e-05,0.00012199999523337945,0.0,1.016,9.76,0.0,1.0,1.0,0.0,0.0,0.0,0.0,0.0,0.0,0.0,0.0
7.5213,0.9999998716255247,0.00024399996867662804,-0.0004269999451840991,0.00012199998433826131,0.0,1.016,9.8981,0.0,1.0,1.0,0.0,0.0,0.0,0.0,0.0,0.0,0.0,0.0
7.5414,0.9999998716255247,0.00024399996867662804,-0.0004269999451840991,0.00012199998433826131,0.0,1.016,9.8981,0.0,1.0,1.0,0.0,0.0,0.0,0.0,0.0,0.0,0.0,0.0
7.5615,0.999999812089553,0.00024399995414985104,-0.0005489998968371646,0.00012199997707484923,0.0,1.016,9.952,0.0,1.0,1.0,0.0,0.0,0.0,0.0,0.0,0.0,0.0,0.0
7.5816,0.999999812089553,0.00024399995414985104,-0.0005489998968371646,0.00012199997707484923,0.0,1.016,9.952,0.0,1.0,1.0,0.0,0.0,0.0,0.0,0.0,0.0,0.0,0.0
7.6016,0.9999998065080562,0.00036599992918194866,-0.0004879999055759314,0.00012199997639394944,0.0,1.016,9.6432,0.0,1.0,1.0,0.0,0.0,0.0,0.0,0.0,0.0,0.0,0.0
7.6217,0.9999998065080562,0.00036599992918194866,-0.0004879999055759314,0.00012199997639394944,0.0,1.016,9.7704,0.0,1.0,1.0,0.0,0.0,0.0,0.0,0.0,0.0,0.0,0.0
7.6418,0.99999988464902,0.0003049999648179511,-0.00036599995778154124,6.099999296360625e-05,0.0,1.016,9.7181,0.0,1.0,1.0,0.0,0.0,0.0,0.0,0.0,0.0,0.0,0.0
7.6619,0.9999998399970383,0.0003659999414389161,-0.00042699993167873526,6.099999023978507e-05,0.0,1.016,9.8133,0.0,1.0,1.0,0.0,0.0,0.0,0.0,0.0,0.0,0.0,0.0
7.682,0.9999997879030675,0.00042699990943461004,-0.0004879998964966969,6.0999987062160255e-05,0.0,1.016,9.805,0.0,1.0,1.0,0.0,0.0,0.0,0.0,0.0,0.0,0.0,0.0
7.7021,0.9999997395301018,0.0003659999046680174,-0.0006099998411133622,0.00012199996822270799,0.0,1.016,9.8868,0.0,1.0,1.0,0.0,0.0,0.0,0.0,0.0,0.0,0.0,0.0
7.7222,0.9999997153436216,0.00042699987845172657,-0.000609999826359609,0.00012199996527190171,0.0,1.016,9.6996,0.0,1.0,1.0,0.0,0.0,0.0,0.0,0.0,0.0,0.0,0.0
7.7422,0.9999997153436216,0.00042699987845172657,-0.000609999826359609,0.00012199996527190171,0.0,1.016,9.6996,0.0,1.0,1.0,0.0,0.0,0.0,0.0,0.0,0.0,0.0,0.0
7.7623,0.9999997395301018,0.0003659999046680174,-0.0006099998411133622,0.00012199996822270799,0.0,1.016,9.719,0.0,1.0,1.0,0.0,0.0,0.0,0.0,0.0,0.0,0.0,0.0
7.7824,0.9999997153436216,0.00042699987845172657,-0.000609999826359609,0.00012199996527190171,0.0,1.016,9.8438,0.0,1.0,1.0,0.0,0.0,0.0,0.0,0.0,0.0,0.0,0.0
7.8025,0.9999997153436216,0.00042699987845172657,-0.000609999826359609,0.00012199996527190171,0.0,1.016,9.7578,0.0,1.0,1.0,0.0,0.0,0.0,0.0,0.0,0.0,0.0,0.0
7.8226,0.9999997153436216,0.00042699987845172657,-0.000609999826359609,0.00012199996527190171,0.0,1.016,9.8438,0.0,1.0,1.0,0.0,0.0,0.0,0.0,0.0,0.0,0.0,0.0
7.8427,0.9999996334817015,0.0004269998434966868,-0.0007319997317086058,0.00012199995528477948,0.0,1.016,9.8404,0.0,1.0,1.0,0.0,0.0,0.0,0.0,0.0,0.0,0.0,0.0
7.8628,0.999999586969256,0.00042699982363587246,-0.0007929996724666197,0.00012199994961020755,0.0,1.016,9.8402,0.0,1.0,1.0,0.0,0.0,0.0,0.0,0.0,0.0,0.0,0.0
7.8829,0.9999996390631954,0.00042699984587998466,-0.0007319997357942591,6.09999779829229e-05,0.0,1.016,9.8008,0.0,1.0,1.0,0.0,0.0,0.0,0.0,0.0,0.0,0.0,0.0
7.903,0.9999996818546519,0.00042699986415193643,-0.0006709997865244713,6.0999980593168246e-05,0.0,1.016,9.8048,0.0,1.0,1.0,0.0,0.0,0.0,0.0,0.0,0.0,0.0,0.0
7.9231,0.9999997209251168,0.00042699988083502505,-0.0006099998297643213,6.099998297648401e-05,0.0,1.016,9.8791,0.0,1.0,1.0,0.0,0.0,0.0,0.0,0.0,0.0,0.0,0.0
7.9432,0.9999996930176415,0.00048799985019260905,-0.000609999812740761,6.099998127412354e-05,0.0,1.016,9.797,0.0,1.0,1.0,0.0,0.0,0.0,0.0,0.0,0.0,0.0,0.0
7.9633,0.999999696738638,0.0005489998335095123,-0.0005489998335095123,6.09999815009421e-05,0.0,1.016,9.6916,0.0,1.0,1.0,0.0,0.0,0.0,0.0,0.0,0.0,0.0,0.0
7.9835,0.9999997562745891,0.0005489998661947496,-0.0004269998959292495,6.099998513281469e-05,0.0,1.016,9.8058,0.0,1.0,1.0,0.0,0.0,0.0,0.0,0.0,0.0,0.0,0.0
8.0036,0.9999997153436216,0.0006099998263596092,-0.00042699987845172635,0.00012199996527190171,0.0,1.016,9.8174,0.0,1.0,1.0,0.0,0.0,0.0,0.0,0.0,0.0,0.0,0.0
8.0237,0.9999997209251168,0.0006099998297643213,-0.00042699988083502494,6.099998297648401e-05,0.0,1.016,9.7972,0.0,1.0,1.0,0.0,0.0,0.0,0.0,0.0,0.0,0.0,0.0
8.0438,0.9999997283671107,0.0005489998508735438,-0.0004879998674431498,6.099998343034317e-05,0.0,1.016,9.8011,0.0,1.0,1.0,0.0,0.0,0.0,0.0,0.0,0.0,0.0,0.0
8.0639,0.9999997209251168,0.0006099998297643213,-0.00042699988083502494,6.099998297648401e-05,0.0,1.016,9.8089,0.0,1.0,1.0,0.0,0.0,0.0,0.0,0.0,0.0,0.0,0.0
8.0839,0.9999997395301018,0.0006099998411133623,-0.00036599990466801725,0.00012199996822270799,0.0,1.016,9.8089,0.0,1.0,1.0,0.0,0.0,0.0,0.0,0.0,0.0,0.0,0.0
8.1041,0.9999997209251168,0.0006099998297643213,-0.00042699988083502494,6.099998297648401e-05,0.0,1.016,9.7618,0.0,1.0,1.0,0.0,0.0,0.0,0.0,0.0,0.0,0.0,0.0
8.1241,0.9999997804610723,0.0005489998794731289,-0.00036599991964875243,6.099998660824557e-05,0.0,1.016,9.762,0.0,1.0,1.0,0.0,0.0,0.0,0.0,0.0,0.0,0.0,0.0
8.1443,0.9999997395301018,0.0006099998411133623,-0.00036599990466801725,0.00012199996822270799,0.0,1.016,9.8048,0.0,1.0,1.0,0.0,0.0,0.0,0.0,0.0,0.0,0.0,0.0
8.1644,0.9999996762731573,0.0006709997827792887,-0.00042699986176863807,0.0001219999605053812,0.0,1.016,9.8477,0.0,1.0,1.0,0.0,0.0,0.0,0.0,0.0,0.0,0.0,0.0
8.1845,0.9999996762731573,0.0006709997827792887,-0.00042699986176863807,0.0001219999605053812,0.0,1.016,9.7971,0.0,1.0,1.0,0.0,0.0,0.0,0.0,0.0,0.0,0.0,0.0
8.2046,0.9999997209251168,0.0006099998297643213,-0.00042699988083502494,6.099998297648401e-05,0.0,1.016,9.7618,0.0,1.0,1.0,0.0,0.0,0.0,0.0,0.0,0.0,0.0,0.0
8.2247,0.9999997004596346,0.000670999799008415,-0.0003659998903682263,0.00012199996345607644,0.0,1.016,9.809,0.0,1.0,1.0,0.0,0.0,0.0,0.0,0.0,0.0,0.0,0.0
8.2448,0.9999997432510989,0.0006709998277214874,-0.000243999937353268,6.0999984338283575e-05,0.0,1.016,9.797,0.0,1.0,1.0,0.0,0.0,0.0,0.0,0.0,0.0,0.0,0.0
8.2649,0.999999782321571,0.0006099998672161583,-0.0002439999468864632,6.099998672154383e-05,0.0,1.016,9.797,0.0,1.0,1.0,0.0,0.0,0.0,0.0,0.0,0.0,0.0,0.0
8.2849,0.999999782321571,0.0006099998672161583,-0.0002439999468864632,6.099998672154383e-05,0.0,1.016,9.8008,0.0,1.0,1.0,0.0,0.0,0.0,0.0,0.0,0.0,0.0,0.0
8.3051,0.9999997562745891,0.0006709998364602495,-0.00018299995539824968,6.099998513281469e-05,0.0,1.016,9.9264,0.0,1.0,1.0,0.0,0.0,0.0,0.0,0.0,0.0,0.0,0.0
8.3251,0.9999998046475573,0.0006099998808350099,-0.00012199997616700188,6.0999988083454415e-05,0.0,1.016,9.8402,0.0,1.0,1.0,0.0,0.0,0.0,0.0,0.0,0.0,0.0,0.0
8.3452,0.999999795345063,0.0006099998751604883,-0.00018299996254814643,6.099998751607494e-05,0.0,1.016,9.7618,0.0,1.0,1.0,0.0,0.0,0.0,0.0,0.0,0.0,0.0,0.0
8.3653,0.9999997562745891,0.0006709998364602495,-0.00018299995539824968,6.099998513281469e-05,0.0,1.016,9.8048,0.0,1.0,1.0,0.0,0.0,0.0,0.0,0.0,0.0,0.0,0.0
8.3854,0.999999795345063,0.0006099998751604883,-0.00018299996254814643,6.099998751607494e-05,0.0,1.016,9.7618,0.0,1.0,1.0,0.0,0.0,0.0,0.0,0.0,0.0,0.0,0.0
8.4055,0.9999997990660606,0.000609999877430297,-0.00012199997548605926,0.0001219999754861756,0.0,1.016,9.8008,0.0,1.0,1.0,0.0,0.0,0.0,0.0,0.0,0.0,0.0,0.0
8.4256,0.9999998344155412,0.0005489999090941322,-0.00012199997979869591,0.0001219999797986704,0.0,1.016,9.797,0.0,1.0,1.0,0.0,0.0,0.0,0.0,0.0,0.0,0.0,0.0
8.4457,0.9999998399970383,0.000548999912158374,-0.00012199998047963856,6.099999023978507e-05,0.0,1.016,9.7267,0.0,1.0,1.0,0.0,0.0,0.0,0.0,0.0,0.0,0.0,0.0
8.4658,0.9999998455785358,0.0005489999152226162,-6.0999990580290595e-05,6.0999990580234975e-05,0.0,1.016,9.8049,0.0,1.0,1.0,0.0,0.0,0.0,0.0,0.0,0.0,0.0,0.0
8.4859,0.9999998716255247,0.000487999937353256,-6.0999992169156894e-05,0.00012199998433826131,0.0,1.016,9.84,0.0,1.0,1.0,0.0,0.0,0.0,0.0,0.0,0.0,0.0,0.0
8.506,0.9999998716255248,0.0004879999373532561,-0.00012199998433831398,6.099999216918617e-05,0.0,1.016,9.7618,0.0,1.0,1.0,0.0,0.0,0.0,0.0,0.0,0.0,0.0,0.0
8.526,0.9999998716255248,0.0004879999373532561,-0.00012199998433831398,6.099999216918617e-05,0.0,1.016,9.7618,0.0,1.0,1.0,0.0,0.0,0.0,0.0,0.0,0.0,0.0,0.0
8.5462,0.9999998623230284,0.0004879999328136379,-0.00018299997480511414,6.099999160169567e-05,0.0,1.016,9.7659,0.0,1.0,1.0,0.0,0.0,0.0,0.0,0.0,0.0,0.0,0.0
8.5662,0.9999998716255248,0.0004879999373532561,-0.00012199998433831398,6.099999216918617e-05,0.0,1.016,9.7969,0.0,1.0,1.0,0.0,0.0,0.0,0.0,0.0,0.0,0.0,0.0
8.5863,0.9999998716255248,0.0004879999373532561,-0.00012199998433831398,6.099999216918617e-05,0.0,1.016,9.7578,0.0,1.0,1.0,0.0,0.0,0.0,0.0,0.0,0.0,0.0,0.0
8.6064,0.9999998716255248,0.0004879999373532561,-0.00012199998433831398,6.099999216918617e-05,0.0,1.016,9.7579,0.0,1.0,1.0,0.0,0.0,0.0,0.0,0.0,0.0,0.0,0.0
8.6265,0.9999998716255248,0.0004879999373532561,-0.00012199998433831398,6.099999216918617e-05,0.0,1.016,9.7579,0.0,1.0,1.0,0.0,0.0,0.0,0.0,0.0,0.0,0.0,0.0
8.6466,0.9999998716255248,0.0004879999373532561,-0.00012199998433831398,6.099999216918617e-05,0.0,1.016,9.8402,0.0,1.0,1.0,0.0,0.0,0.0,0.0,0.0,0.0,0.0,0.0
8.6667,0.9999998995330153,0.0004269999571005976,-0.00012199998774302775,6.099999387143562e-05,0.0,1.016,9.8011,0.0,1.0,1.0,0.0,0.0,0.0,0.0,0.0,0.0,0.0,0.0
8.6868,0.9999998995330153,0.0004269999571005976,-0.00012199998774302775,6.099999387143562e-05,0.0,1.016,9.8087,0.0,1.0,1.0,0.0,0.0,0.0,0.0,0.0,0.0,0.0,0.0
8.7069,0.9999998995330153,0.0004269999571005976,-0.00012199998774302775,6.099999387143562e-05,0.0,1.016,9.7657,0.0,1.0,1.0,0.0,0.0,0.0,0.0,0.0,0.0,0.0,0.0
8.727,0.9999999051145135,0.00042699995948389735,-6.099999421198526e-05,6.099999421194102e-05,0.0,1.016,9.8048,0.0,1.0,1.0,0.0,0.0,0.0,0.0,0.0,0.0,0.0,0.0
8.747,0.9999999293010076,0.0003659999741241688,-6.0999995687361394e-05,6.099999568737191e-05,0.0,1.016,9.7579,0.0,1.0,1.0,0.0,0.0,0.0,0.0,0.0,0.0,0.0,0.0
8.7671,0.9999999311615071,0.0003659999748051116,-6.099999580085188e-05,0.0,0.0,1.016,9.7578,0.0,1.0,1.0,0.0,0.0,0.0,0.0,0.0,0.0,0.0,0.0
8.7872,0.9999999051145135,0.00042699995948389735,-6.099999421198526e-05,6.099999421194102e-05,0.0,1.016,9.8087,0.0,1.0,1.0,0.0,0.0,0.0,0.0,0.0,0.0,0.0,0.0
8.8073,0.9999998995330153,0.0004269999571005976,-0.00012199998774302775,6.099999387143562e-05,0.0,1.016,9.844,0.0,1.0,1.0,0.0,0.0,0.0,0.0,0.0,0.0,0.0,0.0
8.8274,0.9999999255800083,0.00036599997276228315,-0.00012199999092076094,0.0,0.0,1.016,9.797,0.0,1.0,1.0,0.0,0.0,0.0,0.0,0.0,0.0,0.0,0.0
8.8475,0.9999999255800083,0.00036599997276228315,-0.00012199999092076094,0.0,0.0,1.016,9.7228,0.0,1.0,1.0,0.0,0.0,0.0,0.0,0.0,0.0,0.0,0.0
8.8676,0.9999999237195089,0.0003659999720813402,-0.00012199999069378005,6.099999534686651e-05,0.0,1.016,9.7312,0.0,1.0,1.0,0.0,0.0,0.0,0.0,0.0,0.0,0.0,0.0
8.8877,0.9999999237195089,0.0003659999720813402,-0.00012199999069378005,6.099999534686651e-05,0.0,1.016,9.7312,0.0,1.0,1.0,0.0,0.0,0.0,0.0,0.0,0.0,0.0,0.0
8.9078,0.9999999237195089,0.0003659999720813402,-0.00012199999069378005,6.099999534686651e-05,0.0,1.016,9.6414,0.0,1.0,1.0,0.0,0.0,0.0,0.0,0.0,0.0,0.0,0.0
8.9279,0.9999999144170111,0.00036599996867662604,-0.00018299998433831297,6.099999477943152e-05,0.0,1.016,9.9105,0.0,0.0,1.0,0.0,0.0,0.0,0.0,0.0,0.0,0.0,0.0
8.948,0.9999999162775106,0.00036599996935756887,-0.00018299998467878438,0.0,0.0,1.016,9.848,0.0,0.0,1.0,0.0,0.0,0.0,0.0,0.0,0.0,0.0,0.0
8.9681,0.9999999255800083,0.00036599997276228315,-0.00012199999092076094,0.0,0.0,0.5503,9.7626,0.0,0.0,1.0,0.0,0.0,0.0,0.0,0.0,0.0,0.0,0.0
8.9882,0.9999999255800083,0.00036599997276228315,-0.00012199999092076094,0.0,0.0,0.5503,9.7626,0.0,0.0,1.0,0.0,0.0,0.0,0.0,0.0,0.0,0.0,0.0
9.0083,0.999999812089553,0.0003659999312247765,-0.00048799990829970186,6.099998853753563e-05,0.0,0.381,9.9225,0.0,0.0,1.0,0.0,0.0,0.0,0.0,0.0,0.0,0.0,0.0
9.0284,0.9999999218590092,0.0003049999761669978,-0.00024399998093359816,6.0999995233290694e-05,0.0,0.1578,10.2703,0.0,0.0,1.0,0.0,0.0,0.0,0.0,0.0,0.0,0.0,0.0
9.0485,0.9999999218590092,0.0003049999761669978,-0.00024399998093359816,6.0999995233290694e-05,0.0,0.1578,10.2703,0.0,0.0,1.0,0.0,0.0,0.0,0.0,0.0,0.0,0.0,0.0
9.0686,0.9999999218590092,0.00024399998093359827,-0.00030499997616699774,6.0999995233290694e-05,0.0,0.1001,9.3352,0.0,0.0,1.0,0.0,0.0,0.0,0.0,0.0,0.0,0.0,0.0
9.0887,0.9999999739530011,0.00018299999523339915,0.00012199999682226616,6.099999841108206e-05,0.0,-0.0038,9.4735,0.0,0.0,1.0,0.0,0.0,0.0,0.0,0.0,0.0,0.0,0.0
9.1088,0.9999999813950006,0.00018299999659528512,-6.0999998865095e-05,0.0,0.0,0.0038,10.4814,0.0,0.0,1.0,0.0,0.0,0.0,0.0,0.0,0.0,0.0,0.0
9.1289,0.9999999739530011,0.00012199999682226616,-0.00018299999523339915,6.099999841108206e-05,0.0,-0.0038,10.3971,0.0,0.0,1.0,0.0,0.0,0.0,0.0,0.0,0.0,0.0,0.0
9.1491,0.9999999944185001,6.099999965952851e-05,-6.0999999659528485e-05,6.099999965963887e-05,0.0,-0.0192,9.0603,0.0,0.0,1.0,0.0,0.0,0.0,0.0,0.0,0.0,0.0,0.0
9.1692,0.9999999944185001,6.099999965952851e-05,-6.0999999659528485e-05,6.099999965963887e-05,0.0,-0.0192,9.0603,0.0,0.0,1.0,0.0,0.0,0.0,0.0,0.0,0.0,0.0,0.0
9.1893,0.9999999925580001,2.0328790734103208e-20,-0.00012199999909207602,0.0,0.0,-0.0231,9.5292,0.0,0.0,1.0,0.0,0.0,0.0,0.0,0.0,0.0,0.0,0.0
9.2094,0.999999996279,-6.099999977301902e-05,6.0999999773018994e-05,0.0,0.0,0.0346,9.9772,0.0,0.0,1.0,0.0,0.0,0.0,0.0,0.0,0.0,0.0,0.0
9.2295,0.9999999981395,6.0999999886509496e-05,1.0164395367051604e-20,0.0,0.0,-0.0346,10.0494,0.0,0.0,1.0,0.0,0.0,0.0,0.0,0.0,0.0,0.0,0.0
9.2496,0.9999999683715015,6.0999998070661616e-05,-0.00024399999228264633,0.0,0.0,0.0192,9.7993,0.0,0.0,1.0,0.0,0.0,0.0,0.0,0.0,0.0,0.0,0.0
9.2697,0.9999999460455045,0.00012199999341755158,-0.0003049999835438788,0.0,0.0,0.0847,9.8705,0.0,0.0,1.0,0.0,0.0,0.0,0.0,0.0,0.0,0.0,0.0
9.2897,0.9999999088355125,2.710505431213761e-20,-0.00042699996107276386,0.0,0.0,-0.1039,9.9833,0.0,0.0,1.0,0.0,0.0,0.0,0.0,0.0,0.0,0.0,0.0
9.3098,0.9999999906975001,6.0999999432547494e-05,0.00012199999886509503,0.0,0.0,0.1001,9.9467,0.0,0.0,1.0,0.0,0.0,0.0,0.0,0.0,0.0,0.0,0.0
9.3299,0.9999999665110018,-6.099999795717106e-05,-0.00024399999182868446,6.099999795711186e-05,0.0,-0.1001,9.5701,0.0,0.0,1.0,0.0,0.0,0.0,0.0,0.0,0.0,0.0,0.0
9.35,0.9999999813950006,-6.099999886509507e-05,0.00018299999659528512,0.0,0.0,0.0038,9.5691,0.0,0.0,1.0,0.0,0.0,0.0,0.0,0.0,0.0,0.0,0.0
9.3701,0.9999999925580001,2.0328790734103208e-20,-0.00012199999909207602,0.0,0.0,0.0731,9.7779,0.0,0.0,1.0,0.0,0.0,0.0,0.0,0.0,0.0,0.0,0.0
9.3902,0.999999975813501,-0.00012199999704924709,-0.00018299999557387073,0.0,0.0,-0.1001,9.8673,0.0,0.0,1.0,0.0,0.0,0.0,0.0,0.0,0.0,0.0,0.0
9.4103,0.9999999888370001,-6.0999999319057026e-05,0.000121999998638114,-6.099999931902243e-05,0.0,0.1347,9.8679,0.0,0.0,1.0,0.0,0.0,0.0,0.0,0.0,0.0,0.0,0.0
9.4304,0.9999998065080562,-0.0001219999763939828,-0.0006099998819699143,0.0,0.0,-0.0308,9.9389,0.0,0.0,1.0,0.0,0.0,0.0,0.0,0.0,0.0,0.0,0.0
9.4504,0.9999999851160004,-0.00012199999818415202,-0.00012199999818415206,0.0,0.0,-0.0577,9.5654,0.0,0.0,1.0,0.0,0.0,0.0,0.0,0.0,0.0,0.0,0.0
9.4705,0.999999906975013,8.131516293641283e-20,-0.0004269999602783305,-6.099999432551684e-05,0.0,0.1001,9.6099,0.0,0.0,1.0,0.0,0.0,0.0,0.0,0.0,0.0,0.0,0.0
9.4906,0.9999997674375811,-0.00012199997162738475,-0.0006709998439506171,0.0,0.0,-0.1539,10.1409,0.0,0.0,1.0,0.0,0.0,0.0,0.0,0.0,0.0,0.0,0.0
9.5107,0.9999999981395,-6.0999999886509496e-05,-1.0164395367051604e-20,0.0,0.0,0.0038,9.8541,0.0,0.0,1.0,0.0,0.0,0.0,0.0,0.0,0.0,0.0,0.0
9.5308,0.9999998418575375,-0.0001219999807066195,-0.0005489999131797882,0.0,0.0,0.0808,9.6692,0.0,0.0,1.0,0.0,0.0,0.0,0.0,0.0,0.0,0.0,0.0
9.5509,0.9999999534875033,-0.0001829999914882132,0.00024399998865095083,0.0,0.0,-0.1001,9.8883,0.0,0.0,1.0,0.0,0.0,0.0,0.0,0.0,0.0,0.0,0.0
9.571,0.9999999367430061,-0.00018299998842397007,-0.0003049999807066169,0.0,0.0,0.0924,9.9029,0.0,0.0,1.0,0.0,0.0,0.0,0.0,0.0,0.0,0.0,0.0
9.5911,0.9999998604625293,-0.00030499995744107133,-0.00042699994041750007,6.0999991488230876e-05,0.0,-0.1001,9.9292,0.0,0.0,1.0,0.0,0.0,0.0,0.0,0.0,0.0,0.0,0.0
9.6112,0.9999999386035057,-0.00024399998501925543,0.00024399998501925535,6.0999996254862417e-05,0.0,0.1308,9.8801,0.0,0.0,1.0,0.0,0.0,0.0,0.0,0.0,0.0,0.0,0.0
9.6313,0.9999998604625293,-0.00030499995744107133,-0.00042699994041750007,6.0999991488230876e-05,0.0,-0.0115,10.0231,0.0,0.0,1.0,0.0,0.0,0.0,0.0,0.0,0.0,0.0,0.0
9.6514,0.9999999330220067,-0.0003659999754860546,-8.131516293641284e-20,0.0,0.0,-0.1231,9.5661,0.0,0.0,1.0,0.0,0.0,0.0,0.0,0.0,0.0,0.0,0.0
9.6716,0.9999999404640054,-0.00024399998547321722,-0.00024399998547321733,0.0,0.0,0.0192,9.6263,0.0,0.0,1.0,0.0,0.0,0.0,0.0,0.0,0.0,0.0,0.0
9.6918,0.9999997451115975,-0.0003659999067108445,-0.0006099998445180746,6.099998445180388e-05,0.0,0.0,10.0698,0.0,0.0,1.0,0.0,0.0,0.0,0.0,0.0,0.0,0.0,0.0
9.7121,0.9999999702320015,-0.00024399999273660834,-2.710505431213761e-20,0.0,0.0,-0.0231,9.824,0.0,0.0,1.0,0.0,0.0,0.0,0.0,0.0,0.0,0.0,0.0
9.7321,0.9999997265066122,-0.0003049999165845166,-0.0006709998164859368,6.0999983316933903e-05,0.0,0.0231,10.0121,0.0,0.0,1.0,0.0,0.0,0.0,0.0,0.0,0.0,0.0,0.0
9.7522,0.999999815810551,-0.0004269999213511053,-0.00042699992135110544,6.099998876440971e-05,0.0,0.0731,10.0798,0.0,0.0,1.0,0.0,0.0,0.0,0.0,0.0,0.0,0.0,0.0
9.7723,0.9999998492995341,-0.00048799992645817263,-0.0002439999632290864,6.099999080722007e-05,0.0,-0.127,9.7175,0.0,0.0,1.0,0.0,0.0,0.0,0.0,0.0,0.0,0.0,0.0
9.7924,0.9999998716255248,-0.0004879999373532561,-0.00012199998433831414,6.099999216918617e-05,0.0,0.1078,10.1228,0.0,0.0,1.0,0.0,0.0,0.0,0.0,0.0,0.0,0.0,0.0
9.8125,0.9999997879030675,-0.0004269999094346098,-0.00048799989649669706,6.0999987062160255e-05,0.0,-0.0423,9.425,0.0,0.0,1.0,0.0,0.0,0.0,0.0,0.0,0.0,0.0,0.0
9.8326,0.999999879067522,-0.0004879999409849507,-8.131516293641283e-20,6.099999262304534e-05,0.0,-0.0115,9.356,0.0,0.0,1.0,0.0,0.0,0.0,0.0,0.0,0.0,0.0,0.0
9.8527,0.9999997823215712,-0.00036599992032969493,-0.0005489998804945426,0.0,0.0,0.0346,10.273,0.0,0.0,1.0,0.0,0.0,0.0,0.0,0.0,0.0,0.0,0.0
9.8728,0.9999995925507491,-0.0004269998260191697,-0.0007929996768927441,6.099997514563694e-05,0.0,-0.0308,10.2448,0.0,0.0,1.0,0.0,0.0,0.0,0.0,0.0,0.0,0.0,0.0
9.8929,0.9999998902305182,-0.0004269999531284313,-0.0001829999799121849,6.099999330400063e-05,0.0,0.0847,9.5545,0.0,0.0,1.0,0.0,0.0,0.0,0.0,0.0,0.0,0.0,0.0
9.913,0.9999995925507491,-0.0004269998260191697,-0.0007929996768927441,6.099997514563694e-05,0.0,-0.0808,9.7843,0.0,0.0,1.0,0.0,0.0,0.0,0.0,0.0,0.0,0.0,0.0
9.9331,0.9999997879030675,-0.0004879998964966969,-0.00042699990943461004,6.0999987062160255e-05,0.0,0.1078,9.8259,0.0,0.0,1.0,0.0,0.0,0.0,0.0,0.0,0.0,0.0,0.0
9.9532,0.9999996334817015,-0.00042699984349668657,-0.0007319997317086059,0.00012199995528477948,0.0,-0.0731,9.8505,0.0,0.0,1.0,0.0,0.0,0.0,0.0,0.0,0.0,0.0,0.0
9.9733,0.9999997544140906,-0.0004879998801540761,-0.00048799988015407633,0.00012199997003858876,0.0,-0.0308,9.6991,0.0,0.0,1.0,0.0,0.0,0.0,0.0,0.0,0.0,0.0,0.0
9.9935,0.9999995925507491,-0.0004269998260191697,-0.0007929996768927441,6.099997514563694e-05,0.0,-0.0308,9.5553,0.0,0.0,1.0,0.0,0.0,0.0,0.0,0.0,0.0,0.0,0.0
10.0136,0.9999998604625293,-0.00042699994041750007,-0.00030499995744107155,6.0999991488230876e-05,0.0,0.0654,9.6039,0.0,0.0,1.0,0.0,0.0,0.0,0.0,0.0,0.0,0.0,0.0
10.0337,0.9999997451115975,-0.0003659999067108445,-0.0006099998445180746,6.099998445180388e-05,0.0,-0.0308,9.9704,0.0,0.0,1.0,0.0,0.0,0.0,0.0,0.0,0.0,0.0,0.0
10.0538,0.9999996409236934,-0.0004269998466744171,-0.0007319997371561437,0.0,0.0,-0.0423,9.6556,0.0,0.0,1.0,0.0,0.0,0.0,0.0,0.0,0.0,0.0,0.0
10.0738,0.9999996409236934,-0.0004269998466744171,-0.0007319997371561437,0.0,0.0,-0.0423,9.6556,0.0,0.0,1.0,0.0,0.0,0.0,0.0,0.0,0.0,0.0,0.0
10.0939,0.9999996837151501,-0.00042699986494636904,-0.000670999787772866,0.0,0.0,0.0962,9.661,0.0,0.0,1.0,0.0,0.0,0.0,0.0,0.0,0.0,0.0,0.0
10.114,0.9999996390631954,-0.00042699984587998445,-0.0007319997357942593,6.09999779829229e-05,0.0,-0.1001,10.0771,0.0,0.0,1.0,0.0,0.0,0.0,0.0,0.0,0.0,0.0,0.0
10.134,0.9999998027870584,-0.00030499993985005274,-0.0005489998917300952,0.0,0.0,0.0962,9.9322,0.0,0.0,1.0,0.0,0.0,0.0,0.0,0.0,0.0,0.0,0.0
10.1541,0.9999993924400538,-0.00036599977763305966,-0.0010379993693527762,6.0999962938845804e-05,0.0,-0.0962,9.5421,0.0,0.0,1.0,0.0,0.0,0.0,0.0,0.0,0.0,0.0,0.0
10.1742,0.9999998399970383,-0.000365999941438916,-0.00042699993167873536,6.099999023978507e-05,0.0,0.0115,9.5649,0.0,0.0,1.0,0.0,0.0,0.0,0.0,0.0,0.0,0.0,0.0
10.1942,0.9999996837151501,-0.00030499990353312063,-0.00073199976847949,6.099998070668855e-05,0.0,0.0808,9.9567,0.0,0.0,1.0,0.0,0.0,0.0,0.0,0.0,0.0,0.0,0.0
10.2143,0.9999996167372204,-0.00036599985972582253,-0.0007929996960726158,6.099997662101231e-05,0.0,-0.0924,9.8264,0.0,0.0,1.0,0.0,0.0,0.0,0.0,0.0,0.0,0.0,0.0
10.2344,0.9999998325550421,-0.00030499994892928766,-0.0004879999182868606,6.09999897858704e-05,0.0,0.1347,9.819,0.0,0.0,1.0,0.0,0.0,0.0,0.0,0.0,0.0,0.0,0.0
10.2545,0.9999992974937403,-0.000426999700029827,-0.0010989992279456205,0.0001219999142943462,0.0,0.0038,9.7893,0.0,0.0,1.0,0.0,0.0,0.0,0.0,0.0,0.0,0.0,0.0
10.2745,0.999999815810551,-0.0004269999213511053,-0.00042699992135110544,6.099998876440971e-05,0.0,-0.0924,9.7289,0.0,0.0,1.0,0.0,0.0,0.0,0.0,0.0,0.0,0.0,0.0
10.2946,0.9999997265066122,-0.0003049999165845166,-0.0006709998164859368,6.0999983316933903e-05,0.0,0.0885,9.7054,0.0,0.0,1.0,0.0,0.0,0.0,0.0,0.0,0.0,0.0,0.0
10.3147,0.9999993869195638,-0.0004879997008167471,-0.000976999401020414,0.00018299988780634546,0.0,-0.1193,10.0571,0.0,0.0,1.0,0.0,0.0,0.0,0.0,0.0,0.0,0.0,0.0
10.3347,0.999999812089553,-0.00036599993122477626,-0.00048799990829970186,6.099998853753563e-05,0.0,0.0423,9.8282,0.0,0.0,1.0,0.0,0.0,0.0,0.0,0.0,0.0,0.0,0.0
10.3548,0.9999991801605083,-0.00036599969993874595,-0.0012209989989759812,0.00012199989997963014,0.0,0.0,9.6031,0.0,0.0,1.0,0.0,0.0,0.0,0.0,0.0,0.0,0.0,0.0
10.3749,0.9999994539584474,-0.0004879997335317221,-0.0009159994998259379,0.00012199993338302129,0.0,-0.1078,9.9328,0.0,0.0,1.0,0.0,0.0,0.0,0.0,0.0,0.0,0.0,0.0
10.3949,0.9999997265066122,-0.0003049999165845166,-0.0006709998164859368,6.0999983316933903e-05,0.0,0.1693,9.7792,0.0,0.0,1.0,0.0,0.0,0.0,0.0,0.0,0.0,0.0,0.0
10.415,0.9999989716630864,-0.00048799949817158604,-0.001342998618943525,0.0001219998745428108,0.0,0.0385,9.8691,0.0,0.0,1.0,0.0,0.0,0.0,0.0,0.0,0.0,0.0,0.0
10.4351,0.999999702320133,-0.00024399992736611232,-0.0007319997820983374,0.0,0.0,-0.05,9.8707,0.0,0.0,1.0,0.0,0.0,0.0,0.0,0.0,0.0,0.0,0.0
10.4552,0.9999991038192048,-0.0003659996719978289,-0.0012819988510962207,0.00012199989066596918,0.0,0.1578,9.8049,0.0,0.0,1.0,0.0,0.0,0.0,0.0,0.0,0.0,0.0,0.0
10.4752,0.9999995609222893,-0.0003659998392975578,-0.0008539996250276352,0.0001219999464324717,0.0,-0.0924,10.0601,0.0,0.0,1.0,0.0,0.0,0.0,0.0,0.0,0.0,0.0,0.0
10.4953,0.999999586969256,-0.00030499987402562295,-0.0008539996472717445,6.099997480513153e-05,0.0,-0.0731,9.9258,0.0,0.0,1.0,0.0,0.0,0.0,0.0,0.0,0.0,0.0,0.0
10.5154,0.9999986662981682,-0.00036599951186512916,-0.0015869978834151931,0.00012199983728827801,0.0,0.1155,9.7849,0.0,0.0,1.0,0.0,0.0,0.0,0.0,0.0,0.0,0.0,0.0
10.5355,0.9999995265178364,-0.0003049998555879398,-0.0009159995662903382,0.00012199994223516253,0.0,-0.1501,10.1283,0.0,0.0,1.0,0.0,0.0,0.0,0.0,0.0,0.0,0.0,0.0
10.5556,0.9999994743629145,-0.0003049998396806887,-0.0009769994864525673,6.099996793618168e-05,0.0,-0.0808,9.8479,0.0,0.0,1.0,0.0,0.0,0.0,0.0,0.0,0.0,0.0,0.0
10.5758,0.9999983498315846,-0.0003659993960383597,-0.001769997079201905,0.00018299969801927055,0.0,0.1231,9.7579,0.0,0.0,1.0,0.0,0.0,0.0,0.0,0.0,0.0,0.0,0.0
10.5959,0.9999993421456492,-0.0003049997993544228,-0.0010989992770180684,0.00012199991974171098,0.0,-0.1155,9.9739,0.0,0.0,1.0,0.0,0.0,0.0,0.0,0.0,0.0,0.0,0.0
10.616,0.9999993644716059,-0.0002439998449310717,-0.001098999301554295,6.099996123276608e-05,0.0,-0.1039,10.0485,0.0,0.0,1.0,0.0,0.0,0.0,0.0,0.0,0.0,0.0,0.0
10.6361,0.9999985583286176,-0.0003659994723482739,-0.001647997624125562,0.0001829997361742497,0.0,0.1501,9.7595,0.0,0.0,1.0,0.0,0.0,0.0,0.0,0.0,0.0,0.0,0.0
10.6565,0.99999949674988,-0.0003659998158104559,-0.0009159995390228903,0.00018299990790532353,0.0,-0.0462,10.1034,0.0,0.0,1.0,0.0,0.0,0.0,0.0,0.0,0.0,0.0,0.0
10.6766,0.9999994743629145,-0.0003049998396806887,-0.0009769994864525673,6.099996793618168e-05,0.0,0.0038,10.0522,0.0,0.0,1.0,0.0,0.0,0.0,0.0,0.0,0.0,0.0,0.0
10.6967,0.9999980296443235,-0.00030499939904151855,-0.001952996151895364,0.00018299963942486344,0.0,0.0346,9.6866,0.0,0.0,1.0,0.0,0.0,0.0,0.0,0.0,0.0,0.0,0.0
10.7168,0.999999191323481,-0.00030499975335366165,-0.0012209990126059705,0.00018299985201214455,0.0,-0.1116,10.0085,0.0,0.0,1.0,0.0,0.0,0.0,0.0,0.0,0.0,0.0,0.0
10.7369,0.9999990609668227,-0.00024399977087590462,-0.001342998738878443,0.00012199988543803997,0.0,0.0847,9.818,0.0,0.0,1.0,0.0,0.0,0.0,0.0,0.0,0.0,0.0,0.0
10.757,0.999997655503245,-0.0003049992849284896,-0.002135994992154931,0.00018299957095718744,0.0,-0.0962,9.9142,0.0,0.0,1.0,0.0,0.0,0.0,0.0,0.0,0.0,0.0,0.0
10.777,0.9999989902070295,-0.00018299981520788643,-0.0014039985822506696,0.00012199987680522328,0.0,-0.0654,9.8333,0.0,0.0,1.0,0.0,0.0,0.0,0.0,0.0,0.0,0.0,0.0
10.7971,0.9999986048409197,-0.0002439996595811841,-0.001647997700777836,0.00012199982979066437,0.0,0.1116,9.6556,0.0,0.0,1.0,0.0,0.0,0.0,0.0,0.0,0.0,0.0,0.0
10.8172,0.9999991038192048,-0.0003659996719978289,-0.0012819988510962207,0.00012199989066596918,0.0,-0.1116,9.9599,0.0,0.0,1.0,0.0,0.0,0.0,0.0,0.0,0.0,0.0,0.0
10.8372,0.9999993477271383,-0.000304999801056777,-0.0010989992831521248,6.099996021130538e-05,0.0,0.0346,9.8108,0.0,0.0,1.0,0.0,0.0,0.0,0.0,0.0,0.0,0.0,0.0
10.8573,0.9999982493040975,-0.0003659993592452993,-0.0018309967944758023,0.00012199978641508347,0.0,-0.0308,9.6681,0.0,0.0,1.0,0.0,0.0,0.0,0.0,0.0,0.0,0.0,0.0
10.8774,0.9999990442223703,-0.0003049997084878226,-0.0013429987163906434,0.0001219998833952296,0.0,-0.0077,9.7257,0.0,0.0,1.0,0.0,0.0,0.0,0.0,0.0,0.0,0.0,0.0
10.8974,0.9999987035080213,-0.0002439996836559571,-0.00158699794246723,0.00012199984182786894,0.0,0.1155,9.873,0.0,0.0,1.0,0.0,0.0,0.0,0.0,0.0,0.0,0.0,0.0
10.9175,0.9999983591340387,-0.00036599939944305783,-0.0017699970956672486,0.00012199979981425413,0.0,-0.1039,9.8384,0.0,0.0,1.0,0.0,0.0,0.0,0.0,0.0,0.0,0.0,0.0
10.9376,0.9999988952608307,-0.00024399973044364262,-0.001464998381557117,6.099993261077242e-05,0.0,0.0847,10.025,0.0,0.0,1.0,0.0,0.0,0.0,0.0,0.0,0.0,0.0,0.0
10.9576,0.9999980184813897,-0.0003659992747641883,-0.0019529961300941544,0.00012199975825472054,0.0,0.0077,9.8434,0.0,0.0,1.0,0.0,0.0,0.0,0.0,0.0,0.0,0.0,0.0
10.9777,0.9999989604391212,-0.00030499968293393176,-0.0014039985404565264,0.00012199987317357275,0.0,-0.05,9.598,0.0,0.0,1.0,0.0,0.0,0.0,0.0,0.0,0.0,0.0,0.0
10.9978,0.9999982865139041,-0.00024399958190939259,-0.0018309968626069586,0.0001219997909547299,0.0,0.0731,9.7109,0.0,0.0,1.0,0.0,0.0,0.0,0.0,0.0,0.0,0.0,0.0
11.0178,0.9999980091789451,-0.00036599927135949357,-0.00195299611192648,0.0001829996356798591,0.0,-0.0924,10.1375,0.0,0.0,1.0,0.0,0.0,0.0,0.0,0.0,0.0,0.0,0.0
11.0379,0.9999988170590991,-0.00018299978352181504,-0.0015259981948321853,6.099992784053266e-05,0.0,0.1424,9.8233,0.0,0.0,1.0,0.0,0.0,0.0,0.0,0.0,0.0,0.0,0.0
11.058,0.9999983591340387,-0.00036599939944305783,-0.0017699970956672486,0.00012199979981425413,0.0,-0.0885,9.9052,0.0,0.0,1.0,0.0,0.0,0.0,0.0,0.0,0.0,0.0,0.0
11.0781,0.9999989082842877,-0.00018299980021602426,-0.001464998400636481,6.0999933405247994e-05,0.0,0.0693,9.7209,0.0,0.0,1.0,0.0,0.0,0.0,0.0,0.0,0.0,0.0,0.0
11.0981,0.9999976443403238,-0.0003659991378285581,-0.0021359949683109314,0.00012199971260945519,0.0,0.0192,9.6252,0.0,0.0,1.0,0.0,0.0,0.0,0.0,0.0,0.0,0.0,0.0
11.1182,0.9999983851809116,-0.0003049995074801777,-0.0017699971417702133,6.099990149599499e-05,0.0,-0.0577,9.7546,0.0,0.0,1.0,0.0,0.0,0.0,0.0,0.0,0.0,0.0,0.0
11.1383,0.9999979533032834,-0.00018299962545450046,-0.002013995877952813,6.099987515162386e-05,0.0,0.0847,10.0072,0.0,0.0,1.0,0.0,0.0,0.0,0.0,0.0,0.0,0.0,0.0
11.1583,0.9999976201539955,-0.00042699898380575577,-0.0021359949166489343,0.00012199970965881546,0.0,-0.0962,10.1012,0.0,0.0,1.0,0.0,0.0,0.0,0.0,0.0,0.0,0.0,0.0
11.1784,0.9999986234458423,-0.00018299974809058895,-0.0016479977314387483,6.099991603020217e-05,0.0,0.1001,9.7019,0.0,0.0,1.0,0.0,0.0,0.0,0.0,0.0,0.0,0.0,0.0
11.1985,0.9999975121847838,-0.00036599908945963034,-0.0021969945342699706,0.00012199969648651887,0.0,0.0269,9.5608,0.0,0.0,1.0,0.0,0.0,0.0,0.0,0.0,0.0,0.0,0.0
11.2185,0.9999981618000685,-0.0003049994393490207,-0.00189199652212573,6.099988786983924e-05,0.0,-0.0616,9.7053,0.0,0.0,1.0,0.0,0.0,0.0,0.0,0.0,0.0,0.0,0.0
11.2386,0.999997687131524,-0.0002439994356600914,-0.002135995059712935,6.0999858915056215e-05,0.0,0.0731,9.6519,0.0,0.0,1.0,0.0,0.0,0.0,0.0,0.0,0.0,0.0,0.0
11.2587,0.9999972367109538,-0.0003659989886362088,-0.0023189935919327013,0.00012199966287862463,0.0,-0.0924,10.0526,0.0,0.0,1.0,0.0,0.0,0.0,0.0,0.0,0.0,0.0,0.0
11.2788,0.9999980761565519,-0.00018299964793664855,-0.0019529962427337461,0.0,0.0,0.1193,9.9529,0.0,0.0,1.0,0.0,0.0,0.0,0.0,0.0,0.0,0.0,0.0
11.2989,0.999996821640153,-0.0003049990306002464,-0.002501992047743663,6.099980612012113e-05,0.0,-0.0346,9.4473,0.0,0.0,1.0,0.0,0.0,0.0,0.0,0.0,0.0,0.0,0.0
11.319,0.9999979235354676,-0.0003049993666783172,-0.0020139958180004323,6.099987333557655e-05,0.0,-0.0115,9.6555,0.0,0.0,1.0,0.0,0.0,0.0,0.0,0.0,0.0,0.0,0.0
11.3391,0.9999972813625866,-0.0002439993366524706,-0.0023189936954798383,0.0,0.0,0.1039,9.8862,0.0,0.0,1.0,0.0,0.0,0.0,0.0,0.0,0.0,0.0,0.0
11.3592,0.9999972181061085,-0.0004269988121313081,-0.0023189935487880654,6.099983030444234e-05,0.0,-0.1116,10.0763,0.0,0.0,1.0,0.0,0.0,0.0,0.0,0.0,0.0,0.0,0.0
11.3792,0.9999980631331273,-0.00024399952740448267,-0.001952996217298998,0.0,0.0,0.0154,9.8902,0.0,0.0,1.0,0.0,0.0,0.0,0.0,0.0,0.0,0.0,0.0
11.3993,0.9999961581791394,-0.0003659985938935647,-0.002746989446518096,6.099976564888365e-05,0.0,-0.0269,9.6562,0.0,0.0,1.0,0.0,0.0,0.0,0.0,0.0,0.0,0.0,0.0
11.4194,0.9999975568364536,-0.0002439994038680944,-0.002196994632369689,0.0,0.0,0.0577,9.5778,0.0,0.0,1.0,0.0,0.0,0.0,0.0,0.0,0.0,0.0,0.0
11.4394,0.9999961600396181,-0.00036599859457450007,-0.0027469894516288307,0.0,0.0,-0.0962,9.3946,0.0,0.0,1.0,0.0,0.0,0.0,0.0,0.0,0.0,0.0,0.0
11.4595,0.9999969742607328,-0.0003049990771495232,-0.0024409926141704488,0.0,0.0,-0.0385,9.9704,0.0,0.0,1.0,0.0,0.0,0.0,0.0,0.0,0.0,0.0,0.0
11.4796,0.9999966690196433,-0.00030499898405099077,-0.002562991462697346,0.0,0.0,0.1462,9.8049,0.0,0.0,1.0,0.0,0.0,0.0,0.0,0.0,0.0,0.0,0.0
11.4996,0.9999966690196433,-0.00030499898405099077,-0.002562991462697346,0.0,0.0,0.1462,9.8049,0.0,0.0,1.0,0.0,0.0,0.0,0.0,0.0,0.0,0.0,0.0
11.5197,0.9999964877280043,-0.00036599871450844934,-0.002624990780286011,0.0,0.0,-0.1539,9.7817,0.0,0.0,1.0,0.0,0.0,0.0,0.0,0.0,0.0,0.0,0.0
11.5398,0.9999968402449761,-0.00024399922901977402,-0.0025019920942929304,0.0,0.0,-0.0308,9.9049,0.0,0.0,1.0,0.0,0.0,0.0,0.0,0.0,0.0,0.0,0.0
11.5598,0.9999952496568489,-0.00042699797160347447,-0.003051985501952703,6.0999710228992754e-05,0.0,-0.05,9.4854,0.0,0.0,1.0,0.0,0.0,0.0,0.0,0.0,0.0,0.0,0.0
11.5799,0.9999969519349361,-0.000365998884408186,-0.0024409925596731797,6.0999814068096736e-05,0.0,0.0077,10.1882,0.0,0.0,1.0,0.0,0.0,0.0,0.0,0.0,0.0,0.0,0.0
11.6,0.9999971194394466,-0.0003049991214290307,-0.0023799931442658826,-6.09998242858123e-05,0.0,0.0423,9.9284,0.0,0.0,1.0,0.0,0.0,0.0,0.0,0.0,0.0,0.0,0.0
11.62,0.9999956387400311,-0.00036599840377885126,-0.002929987221508291,6.099973396322955e-05,0.0,-0.1116,9.7908,0.0,0.0,1.0,0.0,0.0,0.0,0.0,0.0,0.0,0.0,0.0
11.6401,0.9999968235006353,-0.00030499903116769345,-0.0025019920523985896,0.0,0.0,0.077,9.9667,0.0,0.0,1.0,0.0,0.0,0.0,0.0,0.0,0.0,0.0,0.0
11.6602,0.9999956406005067,-0.0003659984044597849,-0.002929987226959485,0.0,0.0,-0.0693,9.6268,0.0,0.0,1.0,0.0,0.0,0.0,0.0,0.0,0.0,0.0,0.0
11.6802,0.9999963257442503,-0.0003659986552223952,-0.0026859901309490564,0.0,0.0,0.0231,9.5632,0.0,0.0,1.0,0.0,0.0,0.0,0.0,0.0,0.0,0.0,0.0
11.7003,0.9999963629538423,-0.00024399911256073697,-0.0026859902308940206,0.0,0.0,0.077,9.7642,0.0,0.0,1.0,0.0,0.0,0.0,0.0,0.0,0.0,0.0,0.0
11.7204,0.9999961581791394,-0.0003659985938935647,-0.002746989446518096,-6.099976564888365e-05,0.0,-0.1001,9.8086,0.0,0.0,1.0,0.0,0.0,0.0,0.0,0.0,0.0,0.0,0.0
11.7404,0.9999958360725076,-0.00030499873000211427,-0.0028689880536920255,-6.0999746000489636e-05,0.0,0.1308,10.0031,0.0,0.0,1.0,0.0,0.0,0.0,0.0,0.0,0.0,0.0,0.0
11.7605,0.9999952496568489,-0.00042699797160347447,-0.003051985501952703,6.0999710228992754e-05,0.0,-0.0423,9.8281,0.0,0.0,1.0,0.0,0.0,0.0,0.0,0.0,0.0,0.0,0.0
11.7806,0.9999965230771337,-0.00024399915163082027,-0.002624990873077476,-6.099978790763405e-05,0.0,0.0577,9.749,0.0,0.0,1.0,0.0,0.0,0.0,0.0,0.0,0.0,0.0,0.0
11.8006,0.9999950876736967,-0.00036599820208857263,-0.003112984707928218,0.0,0.0,-0.1116,9.6852,0.0,0.0,1.0,0.0,0.0,0.0,0.0,0.0,0.0,0.0,0.0
11.8207,0.9999958379329844,-0.0003049987305695599,-0.002868988059029733,0.0,0.0,-0.0038,9.9098,0.0,0.0,1.0,0.0,0.0,0.0,0.0,0.0,0.0,0.0,0.0
11.8408,0.9999958546772758,-0.00024399898854125476,-0.002868988107069104,0.0,0.0,-0.0038,9.675,0.0,0.0,1.0,0.0,0.0,0.0,0.0,0.0,0.0,0.0,0.0
11.8608,0.9999954600124175,-0.0003659983383645447,-0.002990986420897141,0.0,0.0,-0.0346,9.9189,0.0,0.0,1.0,0.0,0.0,0.0,0.0,0.0,0.0,0.0,0.0
11.8809,0.9999953129129535,-0.0002439988563507601,-0.003051985695010334,0.0,0.0,0.0038,9.912,0.0,0.0,1.0,0.0,0.0,0.0,0.0,0.0,0.0,0.0,0.0
11.901,0.9999950876736967,-0.00036599820208857263,-0.003112984707928218,0.0,0.0,0.0,9.9379,0.0,0.0,1.0,0.0,0.0,0.0,0.0,0.0,0.0,0.0,0.0
11.921,0.9999958546772758,-0.00024399898854125476,-0.002868988107069104,0.0,0.0,0.0,9.9068,0.0,0.0,1.0,0.0,0.0,0.0,0.0,0.0,0.0,0.0,0.0
11.9411,0.9999951081388957,-0.00030499850798236224,-0.0031129847716363825,0.0,0.0,-0.0038,9.4774,0.0,0.0,1.0,0.0,0.0,0.0,0.0,0.0,0.0,0.0,0.0
11.9612,0.9999954600124175,-0.0003659983383645447,-0.002990986420897141,0.0,0.0,0.0,9.732,0.0,0.0,1.0,0.0,0.0,0.0,0.0,0.0,0.0,0.0,0.0
11.9812,0.9999954804776394,-0.0003049986215456794,-0.002990986482108619,0.0,0.0,0.0,9.8399,0.0,0.0,1.0,0.0,0.0,0.0,0.0,0.0,0.0,0.0,0.0
12.0013,0.9999951081388957,-0.00030499850798236224,-0.0031129847716363825,0.0,0.0,0.0,9.8132,0.0,0.0,1.0,0.0,0.0,0.0,0.0,0.0,0.0,0.0,0.0
12.0214,0.9999950858132242,-0.0003659982014076393,-0.003112984702136567,6.099970023465407e-05,0.0,0.0,9.7229,0.0,0.0,1.0,0.0,0.0,0.0,0.0,0.0,0.0,0.0,0.0
12.0414,0.9999950876736967,-0.00036599820208857263,-0.003112984707928218,0.0,0.0,0.0,9.7696,0.0,0.0,1.0,0.0,0.0,0.0,0.0,0.0,0.0,0.0,0.0
12.0615,0.9999948959230777,-0.0003659981319078458,-0.003173983799659849,0.0,0.0,0.0,9.7969,0.0,0.0,1.0,0.0,0.0,0.0,0.0,0.0,0.0,0.0,0.0
12.0816,0.9999948959230777,-0.0003659981319078458,-0.003173983799659849,0.0,0.0,0.0,9.8479,0.0,0.0,1.0,0.0,0.0,0.0,0.0,0.0,0.0,0.0,0.0
12.1016,0.9999947004516282,-0.00036599806036529585,-0.0032349828559610173,0.0,0.0,0.0,9.797,0.0,0.0,1.0,0.0,0.0,0.0,0.0,0.0,0.0,0.0,0.0
12.1217,0.9999945012593546,-0.000365997987460923,-0.0032959818761508324,0.0,0.0,0.0,9.797,0.0,0.0,1.0,0.0,0.0,0.0,0.0,0.0,0.0,0.0,0.0
12.1418,0.9999945012593546,-0.000365997987460923,-0.0032959818761508324,0.0,0.0,0.0,9.8087,0.0,0.0,1.0,0.0,0.0,0.0,0.0,0.0,0.0,0.0,0.0
12.1618,0.9999947004516282,-0.00036599806036529585,-0.0032349828559610173,0.0,0.0,0.0,9.8087,0.0,0.0,1.0,0.0,0.0,0.0,0.0,0.0,0.0,0.0,0.0
12.1819,0.9999947004516282,-0.00036599806036529585,-0.0032349828559610173,0.0,0.0,0.0,9.797,0.0,0.0,1.0,0.0,0.0,0.0,0.0,0.0,0.0,0.0,0.0
12.202,0.9999947004516282,-0.00036599806036529585,-0.0032349828559610173,0.0,0.0,0.0,9.797,0.0,0.0,1.0,0.0,0.0,0.0,0.0,0.0,0.0,0.0,0.0
12.222,0.9999948959230777,-0.0003659981319078458,-0.003173983799659849,0.0,0.0,0.0,9.8012,0.0,0.0,1.0,0.0,0.0,0.0,0.0,0.0,0.0,0.0,0.0
12.2421,0.9999947004516282,-0.00036599806036529585,-0.0032349828559610173,0.0,0.0,0.0,9.8087,0.0,0.0,1.0,0.0,0.0,0.0,0.0,0.0,0.0,0.0,0.0
12.2622,0.9999947004516282,-0.00036599806036529585,-0.0032349828559610173,0.0,0.0,0.0,9.8477,0.0,0.0,1.0,0.0,0.0,0.0,0.0,0.0,0.0,0.0,0.0
12.2822,0.9999947004516282,-0.00036599806036529585,-0.0032349828559610173,0.0,0.0,0.0,9.797,0.0,0.0,1.0,0.0,0.0,0.0,0.0,0.0,0.0,0.0,0.0
12.3023,0.9999950876736967,-0.00036599820208857263,-0.003112984707928218,0.0,0.0,0.0,9.7579,0.0,0.0,1.0,0.0,0.0,0.0,0.0,0.0,0.0,0.0,0.0
12.3224,0.9999952943082155,-0.0003049985647640052,-0.003051985638228674,6.099971295281392e-05,0.0,0.0,9.8048,0.0,0.0,1.0,0.0,0.0,0.0,0.0,0.0,0.0,0.0,0.0
12.3425,0.9999954804776394,-0.0003049986215456794,-0.002990986482108619,0.0,0.0,0.0,9.7971,0.0,0.0,1.0,0.0,0.0,0.0,0.0,0.0,0.0,0.0,0.0
12.3626,0.9999956610657397,-0.00030499867662505016,-0.002929987286922618,0.0,0.0,0.0,9.797,0.0,0.0,1.0,0.0,0.0,0.0,0.0,0.0,0.0,0.0,0.0
12.3826,0.9999960110793674,-0.0003049987833792065,-0.0028079887991108643,0.0,0.0,0.0,9.7228,0.0,0.0,1.0,0.0,0.0,0.0,0.0,0.0,0.0,0.0,0.0
12.4027,0.9999963629538423,-0.00024399911256073697,-0.0026859902308940206,0.0,0.0,0.0,9.77,0.0,0.0,1.0,0.0,0.0,0.0,0.0,0.0,0.0,0.0,0.0
12.4228,0.9999965230771337,-0.00024399915163082027,-0.002624990873077476,6.099978790763405e-05,0.0,0.0,9.797,0.0,0.0,1.0,0.0,0.0,0.0,0.0,0.0,0.0,0.0,0.0
12.4428,0.9999965230771337,-0.00024399915163082027,-0.002624990873077476,6.099978790763405e-05,0.0,0.0,9.7618,0.0,0.0,1.0,0.0,0.0,0.0,0.0,0.0,0.0,0.0,0.0
12.4629,0.9999965361004981,-0.00018299936610639096,-0.0026249909072638077,6.099978870216516e-05,0.0,0.0,9.8008,0.0,0.0,1.0,0.0,0.0,0.0,0.0,0.0,0.0,0.0,0.0
12.483,0.9999966969268655,-0.00018299939553761602,-0.002562991534223557,6.09997985125399e-05,0.0,0.0,9.805,0.0,0.0,1.0,0.0,0.0,0.0,0.0,0.0,0.0,0.0,0.0
12.503,0.9999968607102828,-0.00012199961700665414,-0.0025019921454971284,6.099980850338139e-05,0.0,0.0,9.8087,0.0,0.0,1.0,0.0,0.0,0.0,0.0,0.0,0.0,0.0,0.0
12.5231,0.9999970021679805,-0.00018299945139674015,-0.00244099268229204,6.099981713225676e-05,0.0,0.0,9.7622,0.0,0.0,1.0,0.0,0.0,0.0,0.0,0.0,0.0,0.0,0.0
12.5432,0.9999972925254956,-0.00018299950453216527,-0.0023189937213666245,6.099983484397775e-05,0.0,0.0,9.7268,0.0,0.0,1.0,0.0,0.0,0.0,0.0,0.0,0.0,0.0,0.0
12.5632,0.9999974414253195,-0.00012199968785388847,-0.0022579942227383726,6.099984392704539e-05,0.0,0.0,9.8829,0.0,0.0,1.0,0.0,0.0,0.0,0.0,0.0,0.0,0.0,0.0
12.5833,0.999997432122891,-0.00018299953007848904,-0.002257994201733488,6.099984335949938e-05,0.0,0.0,9.8014,0.0,0.0,1.0,0.0,0.0,0.0,0.0,0.0,0.0,0.0,0.0
12.6034,0.9999975624179128,-0.0001829995539224779,-0.0021969946446321552,0.00012199970261500549,0.0,0.0,9.844,0.0,0.0,1.0,0.0,0.0,0.0,0.0,0.0,0.0,0.0,0.0
12.6234,0.9999976945734725,-0.00018299957810694525,-0.0021359950756089374,0.00012199971873794181,0.0,0.0,9.797,0.0,0.0,1.0,0.0,0.0,0.0,0.0,0.0,0.0,0.0,0.0
12.6435,0.9999979477218178,-0.00018299962443309238,-0.002013995866711741,0.00012199974962201489,0.0,0.0,9.7658,0.0,0.0,1.0,0.0,0.0,0.0,0.0,0.0,0.0,0.0,0.0
12.6636,0.9999980742960626,-0.00018299964759617925,-0.0019529962391002104,6.099988253205346e-05,0.0,0.0,9.7618,0.0,0.0,1.0,0.0,0.0,0.0,0.0,0.0,0.0,0.0,0.0
12.6837,0.9999980742960626,-0.00018299964759617925,-0.0019529962391002104,6.099988253205346e-05,0.0,0.0,9.8399,0.0,0.0,1.0,0.0,0.0,0.0,0.0,0.0,0.0,0.0,0.0
12.7037,0.9999981915679057,-0.00018299966905692628,-0.0018919965784464777,6.09998896856645e-05,0.0,0.0,9.7578,0.0,0.0,1.0,0.0,0.0,0.0,0.0,0.0,0.0,0.0,0.0
12.7238,0.999998185986436,-0.00018299966803551738,-0.0018919965678863369,0.00012199977869042919,0.0,0.0,9.7578,0.0,0.0,1.0,0.0,0.0,0.0,0.0,0.0,0.0,0.0,0.0
12.7439,0.999998185986436,-0.00018299966803551738,-0.0018919965678863369,0.00012199977869042919,0.0,0.0,9.8087,0.0,0.0,1.0,0.0,0.0,0.0,0.0,0.0,0.0,0.0,0.0
12.7639,0.999998185986436,-0.00018299966803551738,-0.0018919965678863369,0.00012199977869042919,0.0,0.0,9.7971,0.0,0.0,1.0,0.0,0.0,0.0,0.0,0.0,0.0,0.0,0.0
12.784,0.9999982995373374,-0.00018299968881533226,-0.001830996886452865,0.00012199979254351458,0.0,0.0,9.797,0.0,0.0,1.0,0.0,0.0,0.0,0.0,0.0,0.0,0.0,0.0
12.8041,0.9999984093672952,-0.00018299970891421478,-0.0017699971845801126,0.00012199980594285177,0.0,0.0,9.7579,0.0,0.0,1.0,0.0,0.0,0.0,0.0,0.0,0.0,0.0,0.0
12.8241,0.9999985154763057,-0.00018299972833216364,-0.0017089974629490062,0.00012199981888810771,0.0,0.0,9.797,0.0,0.0,1.0,0.0,0.0,0.0,0.0,0.0,0.0,0.0,0.0
12.8442,0.9999985154763057,-0.00018299972833216364,-0.0017089974629490062,0.00012199981888810771,0.0,0.0,9.7969,0.0,0.0,1.0,0.0,0.0,0.0,0.0,0.0,0.0,0.0,0.0
12.8643,0.9999985247787645,-0.00012199982002300906,-0.0017089974788469084,0.00012199982002297773,0.0,0.0,9.805,0.0,0.0,1.0,0.0,0.0,0.0,0.0,0.0,0.0,0.0,0.0
12.8844,0.9999985247787645,-0.00012199982002300906,-0.0017089974788469084,0.00012199982002297773,0.0,0.0,9.805,0.0,0.0,1.0,0.0,0.0,0.0,0.0,0.0,0.0,0.0,0.0
12.9044,0.9999986271668271,-0.00012199983251435273,-0.001647997737570931,0.000121999832514319,0.0,0.0,9.7969,0.0,0.0,1.0,0.0,0.0,0.0,0.0,0.0,0.0,0.0,0.0
12.9245,0.9999987258339353,-0.00012199984455173987,-0.0015869979778984555,0.0001219998445516901,0.0,0.0,9.7578,0.0,0.0,1.0,0.0,0.0,0.0,0.0,0.0,0.0,0.0,0.0
12.9446,0.9999987314154141,-0.00012199984523268032,-0.0015869979867562621,6.099992261637822e-05,0.0,0.0,9.7618,0.0,0.0,1.0,0.0,0.0,0.0,0.0,0.0,0.0,0.0,0.0
12.9646,0.9999987314154141,-0.00012199984523268032,-0.0015869979867562621,6.099992261637822e-05,0.0,0.0,9.7657,0.0,0.0,1.0,0.0,0.0,0.0,0.0,0.0,0.0,0.0,0.0
12.9847,0.9999988263615661,-0.0001219998568161107,-0.00152599820902775,6.099992840807866e-05,0.0,0.0,9.8477,0.0,0.0,1.0,0.0,0.0,0.0,0.0,0.0,0.0,0.0,0.0
13.0048,0.9999989175867574,-0.0001219998679455841,-0.0014649984142645993,6.0999933972738493e-05,0.0,0.0,9.7579,0.0,0.0,1.0,0.0,0.0,0.0,0.0,0.0,0.0,0.0,0.0
13.0248,0.9999989175867574,-0.0001219998679455841,-0.0014649984142645993,6.0999933972738493e-05,0.0,0.0,9.8008,0.0,0.0,1.0,0.0,0.0,0.0,0.0,0.0,0.0,0.0,0.0
13.0449,0.9999989175867574,-0.0001219998679455841,-0.0014649984142645993,6.0999933972738493e-05,0.0,0.0,9.844,0.0,0.0,1.0,0.0,0.0,0.0,0.0,0.0,0.0,0.0,0.0
13.065,0.9999990050909848,-0.00012199987862109983,-0.0014039986031477427,6.09999393106353e-05,0.0,0.0,9.84,0.0,0.0,1.0,0.0,0.0,0.0,0.0,0.0,0.0,0.0,0.0
13.085,0.9999991689365361,-0.0001219998986102571,-0.0012819989345766393,6.099994930519604e-05,0.0,0.0,9.7622,0.0,0.0,1.0,0.0,0.0,0.0,0.0,0.0,0.0,0.0,0.0
13.1051,0.9999991596340594,-0.00018299984621303282,-0.0012819989226508643,6.099994873765003e-05,0.0,0.0,9.7578,0.0,0.0,1.0,0.0,0.0,0.0,0.0,0.0,0.0,0.0,0.0
13.1252,0.9999991689365361,-0.0001219998986102571,-0.0012819989345766393,6.099994930519604e-05,0.0,0.0,9.7969,0.0,0.0,1.0,0.0,0.0,0.0,0.0,0.0,0.0,0.0,0.0
13.1452,0.9999991689365361,-0.0001219998986102571,-0.0012819989345766393,6.099994930519604e-05,0.0,0.0,9.844,0.0,0.0,1.0,0.0,0.0,0.0,0.0,0.0,0.0,0.0,0.0
13.1653,0.9999991689365361,-0.0001219998986102571,-0.0012819989345766393,6.099994930519604e-05,0.0,0.0,9.8401,0.0,0.0,1.0,0.0,0.0,0.0,0.0,0.0,0.0,0.0,0.0
13.1854,0.9999991689365361,-0.0001219998986102571,-0.0012819989345766393,6.099994930519604e-05,0.0,0.0,9.6879,0.0,0.0,1.0,0.0,0.0,0.0,0.0,0.0,0.0,0.0,0.0
13.2054,0.9999992452778543,-0.00012199990792389795,-0.00122099907848426,6.099995396185996e-05,0.0,0.0,9.8444,0.0,0.0,1.0,0.0,0.0,0.0,0.0,0.0,0.0,0.0,0.0
13.2255,0.9999991540525734,-0.00018299984519162078,-0.001281998915495399,0.00012199989679434475,0.0,0.0,9.8008,0.0,0.0,1.0,0.0,0.0,0.0,0.0,0.0,0.0,0.0,0.0
13.2456,0.9999990739902862,-0.0001829998305402221,-0.0013429987563689546,0.00012199988702676912,0.0,0.0,9.8361,0.0,0.0,1.0,0.0,0.0,0.0,0.0,0.0,0.0,0.0,0.0
13.2656,0.9999990739902862,-0.0001829998305402221,-0.0013429987563689546,0.00012199988702676912,0.0,0.0,9.7699,0.0,0.0,1.0,0.0,0.0,0.0,0.0,0.0,0.0,0.0,0.0
13.2857,0.9999990739902862,-0.0001829998305402221,-0.0013429987563689546,0.00012199988702676912,0.0,0.0,9.7704,0.0,0.0,1.0,0.0,0.0,0.0,0.0,0.0,0.0,0.0,0.0
13.3058,0.9999990739902862,-0.0001829998305402221,-0.0013429987563689546,0.00012199988702676912,0.0,0.0,9.8048,0.0,0.0,1.0,0.0,0.0,0.0,0.0,0.0,0.0,0.0,0.0
13.3259,0.9999989027028061,-0.00018299979919461347,-0.001464998392459611,0.00012199986612981828,0.0,0.0,9.8831,0.0,0.0,1.0,0.0,0.0,0.0,0.0,0.0,0.0,0.0,0.0
13.3459,0.9999987984541656,-0.00024399970682281605,-0.0015259981664410569,0.00012199985341143638,0.0,0.0,9.7974,0.0,0.0,1.0,0.0,0.0,0.0,0.0,0.0,0.0,0.0,0.0
13.366,0.9999987891516993,-0.0002439997045530143,-0.0015259981522454929,0.00018299977841468307,0.0,0.0,9.7618,0.0,0.0,1.0,0.0,0.0,0.0,0.0,0.0,0.0,0.0,0.0
13.3861,0.9999987891516993,-0.0002439997045530143,-0.0015259981522454929,0.00018299977841468307,0.0,0.0,9.7618,0.0,0.0,1.0,0.0,0.0,0.0,0.0,0.0,0.0,0.0,0.0
13.4061,0.9999987891516993,-0.0002439997045530143,-0.0015259981522454929,0.00018299977841468307,0.0,0.0,9.8402,0.0,0.0,1.0,0.0,0.0,0.0,0.0,0.0,0.0,0.0,0.0
13.4262,0.9999988803768803,-0.00024399972681195847,-0.00146499835975213,0.0001829997951089957,0.0,0.0,9.8011,0.0,0.0,1.0,0.0,0.0,0.0,0.0,0.0,0.0,0.0,0.0
13.4463,0.9999988934003369,-0.00018299979749226145,-0.0014649983788314934,0.00018299979749231143,0.0,0.0,9.7579,0.0,0.0,1.0,0.0,0.0,0.0,0.0,0.0,0.0,0.0,0.0
13.4663,0.9999989809045579,-0.0001829998135055339,-0.0014039985691899997,0.00018299981350550223,0.0,0.0,9.8012,0.0,0.0,1.0,0.0,0.0,0.0,0.0,0.0,0.0,0.0,0.0
13.4864,0.9999989902070295,-0.00018299981520788643,-0.0014039985822506696,0.00012199987680522328,0.0,0.0,9.8401,0.0,0.0,1.0,0.0,0.0,0.0,0.0,0.0,0.0,0.0,0.0
13.5065,0.9999989027028061,-0.00018299979919461347,-0.001464998392459611,0.00012199986612981828,0.0,0.0,9.758,0.0,0.0,1.0,0.0,0.0,0.0,0.0,0.0,0.0,0.0,0.0
13.5265,0.9999989027028061,-0.00012199986612974228,-0.0014649983924596112,0.00018299979919456089,0.0,0.0,9.7227,0.0,0.0,1.0,0.0,0.0,0.0,0.0,0.0,0.0,0.0,0.0
13.5466,0.9999989027028061,-0.00012199986612974228,-0.0014649983924596112,0.00018299979919456089,0.0,0.0,9.7584,0.0,0.0,1.0,0.0,0.0,0.0,0.0,0.0,0.0,0.0,0.0
13.5667,0.9999989902070296,-0.00012199987680525765,-0.0014039985822506696,0.0001829998152079182,0.0,0.0,9.7581,0.0,0.0,1.0,0.0,0.0,0.0,0.0,0.0,0.0,0.0,0.0
13.5867,0.9999989827650522,-6.099993794866812e-05,-0.0014039985718021335,0.00024399975179473232,0.0,0.0,9.7621,0.0,0.0,1.0,0.0,0.0,0.0,0.0,0.0,0.0,0.0,0.0
13.6068,0.9999989846255466,2.168404344971009e-19,-0.0014039985744142675,0.0002439997522485915,0.0,0.0,9.7663,0.0,0.0,1.0,0.0,0.0,0.0,0.0,0.0,0.0,0.0,0.0
13.6269,0.9999989902070296,0.00012199987680525787,-0.0014039985822506696,0.0001829998152079182,0.0,0.0,9.9068,0.0,0.0,1.0,0.0,0.0,0.0,0.0,0.0,0.0,0.0,0.0
13.6469,0.9999990646878123,0.00018299982883786996,-0.0013429987438757316,0.0001829998288378487,0.0,0.0,9.7782,0.0,0.0,1.0,0.0,0.0,0.0,0.0,0.0,0.0,0.0,0.0
13.667,0.9999991614945547,2.168404344971009e-19,-0.001281998925036019,0.0001829998465535665,0.0,0.0,9.7507,0.0,0.0,1.0,0.0,0.0,0.0,0.0,0.0,0.0,0.0,0.0
13.6871,0.9999990814322657,2.168404344971009e-19,-0.001342998766363533,0.00018299983190206426,0.0,0.0,9.9072,0.0,0.0,1.0,0.0,0.0,0.0,0.0,0.0,0.0,0.0,0.0
13.7071,0.9999991614945547,2.168404344971009e-19,-0.001281998925036019,0.0001829998465535665,0.0,0.0,9.7898,0.0,0.0,1.0,0.0,0.0,0.0,0.0,0.0,0.0,0.0,0.0
13.7272,0.9999992303938885,0.00012199990610805462,-0.0012209990603109378,0.00018299985916209185,0.0,0.0,8.2481,0.0,0.0,1.0,0.0,0.0,0.0,0.0,0.0,0.0,0.0,0.0
13.7473,0.9999996111557268,0.0003659998576829961,-0.0007929996916464913,0.00012199995256106932,0.0,0.0,15.4019,0.0,0.0,1.0,0.0,0.0,0.0,0.0,0.0,0.0,0.0,0.0
13.7673,0.9999992062074452,0.00030499975789327085,-0.0012209990307792903,6.099995157865523e-05,0.0,0.0,15.1889,0.0,0.0,1.0,0.0,0.0,0.0,0.0,0.0,0.0,0.0,0.0
13.7874,0.9999992396963672,0.000121999907242957,-0.0012209990716692644,0.0001219999072429312,0.0,0.0,8.2705,0.0,0.0,1.0,0.0,0.0,0.0,0.0,0.0,0.0,0.0,0.0
13.8074,0.9999995767512688,6.0999974181827604e-05,-0.0009159996123041623,6.099997418185232e-05,0.0,0.0,10.4583,0.0,0.0,1.0,0.0,0.0,0.0,0.0,0.0,0.0,0.0,0.0
13.8275,0.9999994575574415,-6.0999966911003693e-05,-0.0010379994369446243,6.0999966911112764e-05,0.0,0.0,9.4814,0.0,0.0,1.0,0.0,0.0,0.0,0.0,0.0,0.0,0.0,0.0
13.8476,0.9999995134333552,0.00012199994063886939,-0.0009769995246243879,6.099997031944193e-05,0.0,0.0,7.8362,0.0,0.0,1.0,0.0,0.0,0.0,0.0,0.0,0.0,0.0,0.0
13.8676,0.9999993085957171,0.00018299987347301645,-0.0011599991979710318,6.099995782438139e-05,0.0,0.0,12.9767,0.0,0.0,1.0,0.0,0.0,0.0,0.0,0.0,0.0,0.0,0.0
13.8877,0.9999993234796866,6.099995873226107e-05,-0.0011599992152364366,6.0999958732321786e-05,0.0,0.0,8.3618,0.0,0.0,1.0,0.0,0.0,0.0,0.0,0.0,0.0,0.0,0.0
13.9078,0.9999994612784353,1.0842021724855044e-19,-0.001037999440807016,0.0,0.0,0.0,11.9741,0.0,0.0,1.0,0.0,0.0,0.0,0.0,0.0,0.0,0.0,0.0
