Time,F_Q0,F_Q1,F_Q2,F_Q3,F_M1,F_M2,F_ACC,Cmd_F1,Cmd_F2,B_Q0,B_Q1,B_Q2,B_Q3,B_M1,B_M2,B_ACC,Cmd_B1,Cmd_B2
0.0013,0.9999999981395,6.0999999886509496e-05,1.0164395367051604e-20,0.0,0.0,0.0,9.7657,0.0,0.0,1.0,0.0,0.0,0.0,0.0,0.0,0.0,0.0,0.0
0.0214,0.9999999683715015,0.00012199999614132319,-0.00018299999421198478,-0.00012199999614126433,0.0,0.0,9.8087,0.0,0.0,1.0,0.0,0.0,0.0,0.0,0.0,0.0,0.0,0.0
0.0414,0.9999999683715015,0.00012199999614132319,-0.00018299999421198478,-0.00012199999614126433,0.0,0.0,9.7657,0.0,0.0,1.0,0.0,0.0,0.0,0.0,0.0,0.0,0.0,0.0
0.0615,0.9999999683715015,0.00012199999614132319,-0.00018299999421198478,-0.00012199999614126433,0.0,0.0,9.8087,0.0,0.0,1.0,0.0,0.0,0.0,0.0,0.0,0.0,0.0,0.0
0.0816,0.9999999683715015,0.00012199999614132319,-0.00018299999421198478,-0.00012199999614126433,0.0,0.0,9.8086,0.0,0.0,1.0,0.0,0.0,0.0,0.0,0.0,0.0,0.0,0.0
0.1017,0.9999999683715015,0.00012199999614132319,-0.00018299999421198478,-0.00012199999614126433,0.0,0.0,9.797,0.0,0.0,1.0,0.0,0.0,0.0,0.0,0.0,0.0,0.0,0.0
0.1217,0.9999999683715015,0.00012199999614132319,-0.00018299999421198478,-0.00012199999614126433,0.0,0.0,9.8087,0.0,0.0,1.0,0.0,0.0,0.0,0.0,0.0,0.0,0.0,0.0
0.1418,0.9999999683715015,0.00012199999614132319,-0.00018299999421198478,-0.00012199999614126433,0.0,0.0,9.8087,0.0,0.0,1.0,0.0,0.0,0.0,0.0,0.0,0.0,0.0,0.0
0.1619,0.9999999683715015,0.00012199999614132319,-0.00018299999421198478,-0.00012199999614126433,0.0,0.0,9.8086,0.0,0.0,1.0,0.0,0.0,0.0,0.0,0.0,0.0,0.0,0.0
0.182,0.9999999683715015,0.00012199999614132319,-0.00018299999421198478,-0.00012199999614126433,0.0,0.0,9.7656,0.0,0.0,1.0,0.0,0.0,0.0,0.0,0.0,0.0,0.0,0.0
0.202,0.9999999683715015,0.00012199999614132319,-0.00018299999421198478,-0.00012199999614126433,0.0,0.0,9.8086,0.0,0.0,1.0,0.0,0.0,0.0,0.0,0.0,0.0,0.0,0.0
0.2221,0.9999999683715015,0.00012199999614132319,-0.00018299999421198478,-0.00012199999614126433,0.0,0.0,9.7656,0.0,0.0,1.0,0.0,0.0,0.0,0.0,0.0,0.0,0.0,0.0
0.2422,0.9999999683715015,0.00012199999614132319,-0.00018299999421198478,-0.00012199999614126433,0.0,0.0,9.7656,0.0,0.0,1.0,0.0,0.0,0.0,0.0,0.0,0.0,0.0,0.0
0.2622,0.9999999683715015,0.00012199999614132319,-0.00018299999421198478,-0.00012199999614126433,0.0,0.0,9.8086,0.0,0.0,1.0,0.0,0.0,0.0,0.0,0.0,0.0,0.0,0.0
0.2823,0.9999999683715015,0.00012199999614132319,-0.00018299999421198478,-0.00012199999614126433,0.0,0.0,9.7579,0.0,0.0,1.0,0.0,0.0,0.0,0.0,0.0,0.0,0.0,0.0
0.3023,0.9999999683715015,0.00012199999614132319,-0.00018299999421198478,-0.00012199999614126433,0.0,0.0,9.7656,0.0,0.0,1.0,0.0,0.0,0.0,0.0,0.0,0.0,0.0,0.0
0.3224,0.9999999683715015,0.00012199999614132319,-0.00018299999421198478,-0.00012199999614126433,0.0,0.0,9.7656,0.0,0.0,1.0,0.0,0.0,0.0,0.0,0.0,0.0,0.0,0.0
0.3425,0.9999999683715015,0.00012199999614132319,-0.00018299999421198478,-0.00012199999614126433,0.0,0.0,9.797,0.0,0.0,1.0,0.0,0.0,0.0,0.0,0.0,0.0,0.0,0.0
0.3625,0.9999999683715015,0.00012199999614132319,-0.00018299999421198478,-0.00012199999614126433,0.0,0.0,9.797,0.0,0.0,1.0,0.0,0.0,0.0,0.0,0.0,0.0,0.0,0.0
0.3826,0.9999999739530011,6.0999998411133096e-05,-0.00018299999523339918,-0.00012199999682221963,0.0,0.0,9.8086,0.0,0.0,1.0,0.0,0.0,0.0,0.0,0.0,0.0,0.0,0.0
0.4027,0.9999999739530011,6.0999998411133096e-05,-0.00018299999523339918,-0.00012199999682221963,0.0,0.0,9.8087,0.0,0.0,1.0,0.0,0.0,0.0,0.0,0.0,0.0,0.0,0.0
0.4227,0.9999999739530011,6.0999998411133096e-05,-0.00018299999523339918,-0.00012199999682221963,0.0,0.0,9.7658,0.0,0.0,1.0,0.0,0.0,0.0,0.0,0.0,0.0,0.0,0.0
0.4428,0.9999999739530011,6.0999998411133096e-05,-0.00018299999523339918,-0.00012199999682221963,0.0,0.0,9.8088,0.0,0.0,1.0,0.0,0.0,0.0,0.0,0.0,0.0,0.0,0.0
0.4629,0.9999999739530011,6.0999998411133096e-05,-0.00018299999523339918,-0.00012199999682221963,0.0,0.0,9.8087,0.0,0.0,1.0,0.0,0.0,0.0,0.0,0.0,0.0,0.0,0.0
0.4829,0.9999999739530011,6.0999998411133096e-05,-0.00018299999523339918,-0.00012199999682221963,0.0,0.0,9.8088,0.0,0.0,1.0,0.0,0.0,0.0,0.0,0.0,0.0,0.0,0.0
0.503,0.9999999739530011,6.0999998411133096e-05,-0.00018299999523339918,-0.00012199999682221963,0.0,0.0,9.8086,0.0,0.0,1.0,0.0,0.0,0.0,0.0,0.0,0.0,0.0,0.0
0.5231,0.9999999739530011,6.0999998411133096e-05,-0.00018299999523339918,-0.00012199999682221963,0.0,0.0,9.8086,0.0,0.0,1.0,0.0,0.0,0.0,0.0,0.0,0.0,0.0,0.0
0.5431,0.9999999739530011,6.0999998411133096e-05,-0.00018299999523339918,-0.00012199999682221963,0.0,0.0,9.8087,0.0,0.0,1.0,0.0,0.0,0.0,0.0,0.0,0.0,0.0,0.0
0.5632,0.9999999832555004,6.099999897858553e-05,-0.00012199999795717102,-0.00012199999795714511,0.0,0.0,9.8086,0.0,0.0,1.0,0.0,0.0,0.0,0.0,0.0,0.0,0.0,0.0
0.5833,0.9999999832555004,6.099999897858553e-05,-0.00012199999795717102,-0.00012199999795714511,0.0,0.0,9.8086,0.0,0.0,1.0,0.0,0.0,0.0,0.0,0.0,0.0,0.0,0.0
0.6034,0.9999999832555004,6.099999897858553e-05,-0.00012199999795717102,-0.00012199999795714511,0.0,0.0,9.797,0.0,0.0,1.0,0.0,0.0,0.0,0.0,0.0,0.0,0.0,0.0
0.6234,0.9999999683715015,0.00012199999614132319,-0.00018299999421198478,-0.00012199999614126433,0.0,0.0,9.7657,0.0,0.0,1.0,0.0,0.0,0.0,0.0,0.0,0.0,0.0,0.0
0.6435,0.9999999832555004,0.00012199999795717107,-0.00012199999795717101,-6.099999897857254e-05,0.0,0.0,9.7657,0.0,0.0,1.0,0.0,0.0,0.0,0.0,0.0,0.0,0.0,0.0
0.6636,0.9999999832555004,0.00012199999795717107,-0.00012199999795717101,-6.099999897857254e-05,0.0,0.0,9.8477,0.0,0.0,1.0,0.0,0.0,0.0,0.0,0.0,0.0,0.0,0.0
0.6836,0.9999999832555004,0.00012199999795717107,-0.00012199999795717101,-6.099999897857254e-05,0.0,0.0,9.8477,0.0,0.0,1.0,0.0,0.0,0.0,0.0,0.0,0.0,0.0,0.0
0.7037,0.999999973953001,0.00012199999682226616,-0.00018299999523339915,-6.099999841108206e-05,0.0,0.0,9.8086,0.0,0.0,1.0,0.0,0.0,0.0,0.0,0.0,0.0,0.0,0.0
0.7238,0.999999973953001,0.00012199999682226616,-0.00018299999523339915,-6.099999841108206e-05,0.0,0.0,9.8087,0.0,0.0,1.0,0.0,0.0,0.0,0.0,0.0,0.0,0.0,0.0
0.7438,0.999999973953001,0.00012199999682226616,-0.00018299999523339915,-6.099999841108206e-05,0.0,0.0,9.7656,0.0,0.0,1.0,0.0,0.0,0.0,0.0,0.0,0.0,0.0,0.0
0.7639,0.999999973953001,0.00012199999682226616,-0.00018299999523339915,-6.099999841108206e-05,0.0,0.0,9.7656,0.0,0.0,1.0,0.0,0.0,0.0,0.0,0.0,0.0,0.0,0.0
0.784,0.999999975813501,0.00012199999704924714,-0.00018299999557387067,0.0,0.0,0.0,9.7656,0.0,0.0,1.0,0.0,0.0,0.0,0.0,0.0,0.0,0.0,0.0
0.804,0.999999975813501,0.00012199999704924714,-0.00018299999557387067,0.0,0.0,0.0,9.8086,0.0,0.0,1.0,0.0,0.0,0.0,0.0,0.0,0.0,0.0,0.0
0.8241,0.999999973953001,0.00012199999682226616,-0.00018299999523339915,-6.099999841108206e-05,0.0,0.0,9.8086,0.0,0.0,1.0,0.0,0.0,0.0,0.0,0.0,0.0,0.0,0.0
0.8442,0.999999973953001,0.00012199999682226616,-0.00018299999523339915,-6.099999841108206e-05,0.0,0.0,9.8086,0.0,0.0,1.0,0.0,0.0,0.0,0.0,0.0,0.0,0.0,0.0
0.8642,0.9999999906975001,6.099999943254752e-05,-0.000121999998865095,0.0,0.0,0.0,9.8086,0.0,0.0,1.0,0.0,0.0,0.0,0.0,0.0,0.0,0.0,0.0
0.8843,0.999999975813501,0.00012199999704924714,-0.00018299999557387067,0.0,0.0,0.0,9.8128,0.0,0.0,1.0,0.0,0.0,0.0,0.0,0.0,0.0,0.0,0.0
0.9044,0.999999975813501,0.00012199999704924714,-0.00018299999557387067,0.0,0.0,0.0,9.8086,0.0,0.0,1.0,0.0,0.0,0.0,0.0,0.0,0.0,0.0,0.0
0.9244,0.9999999851160004,0.00012199999818415206,-0.00012199999818415202,0.0,0.0,0.0,9.797,0.0,0.0,1.0,0.0,0.0,0.0,0.0,0.0,0.0,0.0,0.0
0.9445,0.9999999906975001,6.099999943254752e-05,-0.000121999998865095,0.0,0.0,0.0,9.8088,0.0,0.0,1.0,0.0,0.0,0.0,0.0,0.0,0.0,0.0,0.0
0.9646,0.9999999906975001,6.099999943254752e-05,-0.000121999998865095,0.0,0.0,0.0,9.8086,0.0,0.0,1.0,0.0,0.0,0.0,0.0,0.0,0.0,0.0,0.0
0.9846,0.999999996279,6.099999977301902e-05,-6.0999999773018994e-05,0.0,0.0,0.0,9.8086,0.0,0.0,1.0,0.0,0.0,0.0,0.0,0.0,0.0,0.0,0.0
1.0047,0.999999996279,6.099999977301902e-05,-6.0999999773018994e-05,0.0,0.0,0.0,9.7656,0.0,0.0,1.0,0.0,0.0,0.0,0.0,0.0,0.0,0.0,0.0
1.0248,0.999999996279,6.099999977301902e-05,-6.0999999773018994e-05,0.0,0.0,0.0,9.8438,0.0,0.0,1.0,0.0,0.0,0.0,0.0,0.0,0.0,0.0,0.0
1.0453,0.999999996279,6.099999977301902e-05,-6.0999999773018994e-05,0.0,0.0,0.0,9.8086,0.0,0.0,1.0,0.0,0.0,0.0,0.0,0.0,0.0,0.0,0.0
1.0653,0.999999996279,6.099999977301902e-05,-6.0999999773018994e-05,0.0,0.0,0.0,9.8087,0.0,0.0,1.0,0.0,0.0,0.0,0.0,0.0,0.0,0.0,0.0
1.0854,0.999999996279,6.099999977301902e-05,-6.0999999773018994e-05,0.0,0.0,0.0,9.8086,0.0,0.0,1.0,0.0,0.0,0.0,0.0,0.0,0.0,0.0,0.0
1.1055,0.9999999981395,1.0164395367051604e-20,-6.0999999886509496e-05,0.0,0.0,0.0,9.8088,0.0,0.0,1.0,0.0,0.0,0.0,0.0,0.0,0.0,0.0,0.0
1.1255,0.9999999981395,1.0164395367051604e-20,-6.0999999886509496e-05,0.0,0.0,0.0,9.8088,0.0,0.0,1.0,0.0,0.0,0.0,0.0,0.0,0.0,0.0,0.0
1.1456,0.9999999925580001,2.0328790734103208e-20,-0.00012199999909207602,0.0,0.0,0.0,9.8088,0.0,0.0,1.0,0.0,0.0,0.0,0.0,0.0,0.0,0.0,0.0
1.1657,0.999999996279,1.0164395367051604e-20,-6.0999999773019e-05,-6.099999977293713e-05,0.0,0.0,9.8477,0.0,0.0,1.0,0.0,0.0,0.0,0.0,0.0,0.0,0.0,0.0
1.1857,0.9999999981395,1.0164395367051604e-20,-6.0999999886509496e-05,0.0,0.0,0.0,9.8087,0.0,0.0,1.0,0.0,0.0,0.0,0.0,0.0,0.0,0.0,0.0
1.2058,0.9999999981395,0.0,0.0,-6.0999999886512946e-05,0.0,0.0,9.7659,0.0,0.0,1.0,0.0,0.0,0.0,0.0,0.0,0.0,0.0,0.0
1.2259,1.0,0.0,0.0,0.0,0.0,0.0,9.797,0.0,0.0,1.0,0.0,0.0,0.0,0.0,0.0,0.0,0.0,0.0
1.2459,0.9999999981395,1.0164395367051604e-20,-6.0999999886509496e-05,0.0,0.0,0.0,9.8438,0.0,0.0,1.0,0.0,0.0,0.0,0.0,0.0,0.0,0.0,0.0
1.266,1.0,0.0,0.0,0.0,0.0,0.0,9.8086,0.0,0.0,1.0,0.0,0.0,0.0,0.0,0.0,0.0,0.0,0.0
1.2861,0.9999999981395,1.0164395367051604e-20,-6.0999999886509496e-05,0.0,0.0,0.0,9.8088,0.0,0.0,1.0,0.0,0.0,0.0,0.0,0.0,0.0,0.0,0.0
1.3061,0.999999996279,6.099999977301902e-05,-6.0999999773018994e-05,0.0,0.0,0.0,9.8088,0.0,0.0,1.0,0.0,0.0,0.0,0.0,0.0,0.0,0.0,0.0
1.3262,0.9999999981395,6.0999999886509496e-05,1.0164395367051604e-20,0.0,0.0,0.0,9.7657,0.0,0.0,1.0,0.0,0.0,0.0,0.0,0.0,0.0,0.0,0.0
1.3463,0.9999999981395,6.0999999886509496e-05,1.0164395367051604e-20,0.0,0.0,0.0,9.7656,0.0,0.0,1.0,0.0,0.0,0.0,0.0,0.0,0.0,0.0,0.0
1.3663,0.9999999981395,6.0999999886509496e-05,1.0164395367051604e-20,0.0,0.0,0.0,9.8086,0.0,0.0,1.0,0.0,0.0,0.0,0.0,0.0,0.0,0.0,0.0
1.3864,0.9999999981395,6.0999999886509496e-05,1.0164395367051604e-20,0.0,0.0,0.0,9.8086,0.0,0.0,1.0,0.0,0.0,0.0,0.0,0.0,0.0,0.0,0.0
1.4065,0.9999999981395,6.0999999886509496e-05,1.0164395367051604e-20,0.0,0.0,0.0,9.6877,0.0,0.0,1.0,0.0,0.0,0.0,0.0,0.0,0.0,0.0,0.0
1.4265,0.9999999981395,6.0999999886509496e-05,1.0164395367051604e-20,0.0,0.0,0.0,9.6877,0.0,0.0,1.0,0.0,0.0,0.0,0.0,0.0,0.0,0.0,0.0
1.4466,0.9999999925580001,0.00012199999909207602,2.0328790734103208e-20,0.0,0.0,0.0,9.797,0.0,0.0,1.0,0.0,0.0,0.0,0.0,0.0,0.0,0.0,0.0
1.4667,0.9999999981395,6.0999999886509496e-05,1.0164395367051604e-20,0.0,0.0,0.0,9.8438,0.0,0.0,1.0,0.0,0.0,0.0,0.0,0.0,0.0,0.0,0.0
1.4867,0.9999999981395,6.0999999886509496e-05,1.0164395367051604e-20,0.0,0.0,0.0,9.8086,0.0,0.0,1.0,0.0,0.0,0.0,0.0,0.0,0.0,0.0,0.0
1.5068,0.999999996279,6.0999999773018994e-05,6.099999977301902e-05,0.0,0.0,0.0,9.8052,0.0,0.0,1.0,0.0,0.0,0.0,0.0,0.0,0.0,0.0,0.0
1.5269,0.999999996279,6.0999999773018994e-05,6.099999977301902e-05,0.0,0.0,0.0,9.8087,0.0,0.0,1.0,0.0,0.0,0.0,0.0,0.0,0.0,0.0,0.0
1.5469,0.9999999981395,6.0999999886509496e-05,1.0164395367051604e-20,0.0,0.0,0.0,9.8086,0.0,0.0,1.0,0.0,0.0,0.0,0.0,0.0,0.0,0.0,0.0
1.567,0.9999999981395,6.0999999886509496e-05,1.0164395367051604e-20,0.0,0.0,0.0,9.797,0.0,0.0,1.0,0.0,0.0,0.0,0.0,0.0,0.0,0.0,0.0
1.587,0.9999999981395,6.0999999886509496e-05,1.0164395367051604e-20,0.0,0.0,0.0,9.8438,0.0,0.0,1.0,0.0,0.0,0.0,0.0,0.0,0.0,0.0,0.0
1.6071,0.9999999981395,6.0999999886509496e-05,1.0164395367051604e-20,0.0,0.0,0.0,9.8086,0.0,0.0,1.0,0.0,0.0,0.0,0.0,0.0,0.0,0.0,0.0
1.6272,0.9999999981395,6.0999999886509496e-05,1.0164395367051604e-20,0.0,0.0,0.0,9.8086,0.0,0.0,1.0,0.0,0.0,0.0,0.0,0.0,0.0,0.0,0.0
1.6472,0.9999999981395,6.0999999886509496e-05,1.0164395367051604e-20,0.0,0.0,0.0,9.8477,0.0,0.0,1.0,0.0,0.0,0.0,0.0,0.0,0.0,0.0,0.0
1.6673,0.9999999981395,6.0999999886509496e-05,1.0164395367051604e-20,0.0,0.0,0.0,9.8087,0.0,0.0,1.0,0.0,0.0,0.0,0.0,0.0,0.0,0.0,0.0
1.6874,0.9999999981395,6.0999999886509496e-05,1.0164395367051604e-20,0.0,0.0,0.0,9.8087,0.0,0.0,1.0,0.0,0.0,0.0,0.0,0.0,0.0,0.0,0.0
1.7074,0.999999996279,6.0999999773019e-05,1.0164395367051604e-20,6.099999977293713e-05,0.0,0.0,9.7658,0.0,0.0,1.0,0.0,0.0,0.0,0.0,0.0,0.0,0.0,0.0
1.7275,0.999999996279,6.0999999773019e-05,1.0164395367051604e-20,6.099999977293713e-05,0.0,0.0,9.8087,0.0,0.0,1.0,0.0,0.0,0.0,0.0,0.0,0.0,0.0,0.0
1.7476,0.999999996279,6.0999999773019e-05,1.0164395367051604e-20,6.099999977293713e-05,0.0,0.0,9.8052,0.0,0.0,1.0,0.0,0.0,0.0,0.0,0.0,0.0,0.0,0.0
1.7676,0.999999996279,6.0999999773019e-05,1.0164395367051604e-20,6.099999977293713e-05,0.0,0.0,9.8088,0.0,0.0,1.0,0.0,0.0,0.0,0.0,0.0,0.0,0.0,0.0
1.7877,0.9999999906975001,0.000121999998865095,6.099999943254752e-05,0.0,0.0,0.0,9.8086,0.0,0.0,1.0,0.0,0.0,0.0,0.0,0.0,0.0,0.0,0.0
1.8078,0.9999999906975001,0.000121999998865095,6.099999943254752e-05,0.0,0.0,0.0,9.844,0.0,0.0,1.0,0.0,0.0,0.0,0.0,0.0,0.0,0.0,0.0
1.8278,0.9999999851160004,0.00012199999818415202,0.00012199999818415206,0.0,0.0,0.0,9.8869,0.0,0.0,1.0,0.0,0.0,0.0,0.0,0.0,0.0,0.0,0.0
1.8479,0.9999999981395,6.0999999886509496e-05,1.0164395367051604e-20,0.0,0.0,0.0,9.7581,0.0,0.0,1.0,0.0,0.0,0.0,0.0,0.0,0.0,0.0,0.0
1.868,0.9999999981395,6.0999999886509496e-05,1.0164395367051604e-20,0.0,0.0,0.0,9.7657,0.0,0.0,1.0,0.0,0.0,0.0,0.0,0.0,0.0,0.0,0.0
1.888,0.999999996279,6.099999977301902e-05,-6.0999999773018994e-05,0.0,0.0,0.0,9.797,0.0,0.0,1.0,0.0,0.0,0.0,0.0,0.0,0.0,0.0,0.0
1.9081,0.999999996279,1.0164395367051604e-20,-6.0999999773019e-05,6.099999977293713e-05,0.0,0.0,9.797,0.0,0.0,1.0,0.0,0.0,0.0,0.0,0.0,0.0,0.0,0.0
1.9282,0.999999996279,6.0999999773019e-05,1.0164395367051604e-20,6.099999977293713e-05,0.0,0.0,9.7659,0.0,0.0,1.0,0.0,0.0,0.0,0.0,0.0,0.0,0.0,0.0
1.9482,0.9999999944185001,6.099999965952851e-05,-6.0999999659528485e-05,6.099999965963887e-05,0.0,0.0,9.7659,0.0,0.0,1.0,0.0,0.0,0.0,0.0,0.0,0.0,0.0,0.0
1.9683,0.9999999944185001,6.099999965952851e-05,-6.0999999659528485e-05,6.099999965963887e-05,0.0,0.0,9.8088,0.0,0.0,1.0,0.0,0.0,0.0,0.0,0.0,0.0,0.0,0.0
1.9884,0.999999996279,6.0999999773019e-05,1.0164395367051604e-20,6.099999977293713e-05,0.0,0.0,9.7656,0.0,0.0,1.0,0.0,0.0,0.0,0.0,0.0,0.0,0.0,0.0
2.0084,0.9999999944185001,6.0999999659528485e-05,6.099999965952851e-05,6.099999965963887e-05,0.0,0.0,9.7658,0.0,0.0,1.0,0.0,0.0,0.0,0.0,0.0,0.0,0.0,0.0
2.0285,0.9999999944185001,6.0999999659528485e-05,6.099999965952851e-05,6.099999965963887e-05,0.0,0.0,9.8087,0.0,0.0,1.0,0.0,0.0,0.0,0.0,0.0,0.0,0.0,0.0
2.0486,0.999999996279,6.0999999773019e-05,1.0164395367051604e-20,6.099999977293713e-05,0.0,0.0,9.7657,0.0,0.0,1.0,0.0,0.0,0.0,0.0,0.0,0.0,0.0,0.0
2.0687,0.999999996279,6.0999999773019e-05,1.0164395367051604e-20,6.099999977293713e-05,0.0,0.0,9.8477,0.0,0.0,1.0,0.0,0.0,0.0,0.0,0.0,0.0,0.0,0.0
2.0887,0.9999999944185001,6.099999965952851e-05,-6.0999999659528485e-05,6.099999965963887e-05,0.0,0.0,9.7656,0.0,0.0,1.0,0.0,0.0,0.0,0.0,0.0,0.0,0.0,0.0
2.1088,0.999999996279,6.0999999773019e-05,1.0164395367051604e-20,6.099999977293713e-05,0.0,0.0,9.8086,0.0,0.0,1.0,0.0,0.0,0.0,0.0,0.0,0.0,0.0,0.0
2.1289,0.9999999888370003,0.00012199999863811402,6.099999931905704e-05,6.0999999319022447e-05,0.0,0.0,9.7345,0.0,0.0,1.0,0.0,0.0,0.0,0.0,0.0,0.0,0.0,0.0
2.1489,0.9999999888370003,0.00012199999863811402,6.099999931905704e-05,6.0999999319022447e-05,0.0,0.0,9.9221,0.0,0.0,1.0,0.0,0.0,0.0,0.0,0.0,0.0,0.0,0.0
2.169,0.9999999906975001,0.00012199999886509502,2.0328790734103208e-20,6.099999943254275e-05,0.0,0.0,9.9962,0.0,0.0,1.0,0.0,0.0,0.0,0.0,0.0,0.0,0.0,0.0
2.1891,0.9999999906975001,0.00012199999886509502,2.0328790734103208e-20,6.099999943254275e-05,0.0,0.0,9.852,0.0,0.0,1.0,0.0,0.0,0.0,0.0,0.0,0.0,0.0,0.0
2.2091,0.9999999906975001,0.00012199999886509502,2.0328790734103208e-20,6.099999943254275e-05,0.0,0.0,9.7656,0.0,0.0,1.0,0.0,0.0,0.0,0.0,0.0,0.0,0.0,0.0
2.2292,0.9999999906975001,0.00012199999886509502,2.0328790734103208e-20,6.099999943254275e-05,0.0,0.0,9.8828,0.0,0.0,1.0,0.0,0.0,0.0,0.0,0.0,0.0,0.0,0.0
2.2493,0.9999999888370003,0.00012199999863811402,6.099999931905704e-05,6.0999999319022447e-05,0.0,0.0,9.797,0.0,0.0,1.0,0.0,0.0,0.0,0.0,0.0,0.0,0.0,0.0
2.2693,0.9999999888370003,0.00012199999863811402,6.099999931905704e-05,6.0999999319022447e-05,0.0,0.0,9.8087,0.0,0.0,1.0,0.0,0.0,0.0,0.0,0.0,0.0,0.0,0.0
2.2894,0.9999999795345007,0.0001829999962548136,6.099999875160457e-05,6.099999875164297e-05,0.0,0.0,9.8087,0.0,0.0,1.0,0.0,0.0,0.0,0.0,0.0,0.0,0.0,0.0
2.3095,0.9999999795345007,0.0001829999962548136,6.099999875160457e-05,6.099999875164297e-05,0.0,0.0,9.8086,0.0,0.0,1.0,0.0,0.0,0.0,0.0,0.0,0.0,0.0,0.0
2.3295,0.9999999795345007,0.0001829999962548136,6.099999875160457e-05,6.099999875164297e-05,0.0,0.0,9.8086,0.0,0.0,1.0,0.0,0.0,0.0,0.0,0.0,0.0,0.0,0.0
2.3496,0.9999999795345007,0.0001829999962548136,6.099999875160457e-05,6.099999875164297e-05,0.0,0.0,9.8477,0.0,0.0,1.0,0.0,0.0,0.0,0.0,0.0,0.0,0.0,0.0
2.3697,0.9999999795345007,0.0001829999962548136,6.099999875160457e-05,6.099999875164297e-05,0.0,0.0,9.8868,0.0,0.0,1.0,0.0,0.0,0.0,0.0,0.0,0.0,0.0,0.0
2.3897,0.9999999795345007,0.0001829999962548136,6.099999875160457e-05,6.099999875164297e-05,0.0,0.0,9.9219,0.0,0.0,1.0,0.0,0.0,0.0,0.0,0.0,0.0,0.0,0.0
2.4098,0.9999999795345007,0.0001829999962548136,6.099999875160457e-05,6.099999875164297e-05,0.0,0.0,9.8868,0.0,0.0,1.0,0.0,0.0,0.0,0.0,0.0,0.0,0.0,0.0
2.4299,0.9999999665110018,0.0002439999918286844,6.099999795717114e-05,6.099999795711186e-05,0.0,0.0,9.8477,0.0,0.0,1.0,0.0,0.0,0.0,0.0,0.0,0.0,0.0,0.0
2.4499,0.9999999665110018,0.0002439999918286844,6.099999795717114e-05,6.099999795711186e-05,0.0,0.0,9.8087,0.0,0.0,1.0,0.0,0.0,0.0,0.0,0.0,0.0,0.0,0.0
2.47,0.9999999683715015,0.00024399999228264636,4.0657581468206416e-20,6.099999807068768e-05,0.0,0.0,9.8088,0.0,0.0,1.0,0.0,0.0,0.0,0.0,0.0,0.0,0.0,0.0
2.4901,0.9999999683715015,0.00024399999228264636,4.0657581468206416e-20,6.099999807068768e-05,0.0,0.0,9.8086,0.0,0.0,1.0,0.0,0.0,0.0,0.0,0.0,0.0,0.0,0.0
2.5101,0.9999999683715015,0.00024399999228264636,4.0657581468206416e-20,6.099999807068768e-05,0.0,0.0,9.8086,0.0,0.0,1.0,0.0,0.0,0.0,0.0,0.0,0.0,0.0,0.0
2.5302,0.9999999516270035,0.0003049999852462361,8.131516293641283e-20,6.0999997049338006e-05,0.0,0.0,9.8087,0.0,0.0,1.0,0.0,0.0,0.0,0.0,0.0,0.0,0.0,0.0
2.5502,0.9999999516270035,0.0003049999852462361,8.131516293641283e-20,6.0999997049338006e-05,0.0,0.0,9.8086,0.0,0.0,1.0,0.0,0.0,0.0,0.0,0.0,0.0,0.0,0.0
2.5703,0.9999999497665037,0.0003049999846787836,6.099999693575678e-05,6.09999969358177e-05,0.0,0.0,9.8088,0.0,0.0,1.0,0.0,0.0,0.0,0.0,0.0,0.0,0.0,0.0
2.5904,0.9999999497665037,0.0003049999846787836,6.099999693575678e-05,6.09999969358177e-05,0.0,0.0,9.8086,0.0,0.0,1.0,0.0,0.0,0.0,0.0,0.0,0.0,0.0,0.0
2.6105,0.9999999516270035,0.0003049999852462361,8.131516293641283e-20,6.0999997049338006e-05,0.0,0.0,9.7659,0.0,0.0,1.0,0.0,0.0,0.0,0.0,0.0,0.0,0.0,0.0
2.6305,0.9999999516270035,0.0003049999852462361,8.131516293641283e-20,6.0999997049338006e-05,0.0,0.0,9.797,0.0,0.0,1.0,0.0,0.0,0.0,0.0,0.0,0.0,0.0,0.0
2.6506,0.9999999497665037,0.00030499998467878363,-6.0999996935756675e-05,6.09999969358177e-05,0.0,0.0,9.8086,0.0,0.0,1.0,0.0,0.0,0.0,0.0,0.0,0.0,0.0,0.0
2.6706,0.9999999516270035,0.0003049999852462361,8.131516293641283e-20,6.0999997049338006e-05,0.0,0.0,9.8438,0.0,0.0,1.0,0.0,0.0,0.0,0.0,0.0,0.0,0.0,0.0
2.6907,0.9999999497665037,0.00030499998467878363,-6.0999996935756675e-05,6.09999969358177e-05,0.0,0.0,9.8088,0.0,0.0,1.0,0.0,0.0,0.0,0.0,0.0,0.0,0.0,0.0
2.7108,0.9999999516270035,0.0003049999852462361,8.131516293641283e-20,6.0999997049338006e-05,0.0,0.0,9.8086,0.0,0.0,1.0,0.0,0.0,0.0,0.0,0.0,0.0,0.0,0.0
2.7309,0.9999999497665037,0.00030499998467878363,-6.0999996935756675e-05,6.09999969358177e-05,0.0,0.0,9.8087,0.0,0.0,1.0,0.0,0.0,0.0,0.0,0.0,0.0,0.0,0.0
2.7509,0.9999999497665037,0.00030499998467878363,-6.0999996935756675e-05,6.09999969358177e-05,0.0,0.0,9.8087,0.0,0.0,1.0,0.0,0.0,0.0,0.0,0.0,0.0,0.0,0.0
2.771,0.9999999497665037,0.00030499998467878363,-6.0999996935756675e-05,6.09999969358177e-05,0.0,0.0,9.7656,0.0,0.0,1.0,0.0,0.0,0.0,0.0,0.0,0.0,0.0,0.0
2.7911,0.9999999665110018,0.00024399999182868446,-6.099999795717106e-05,6.099999795711186e-05,0.0,0.0,9.8087,0.0,0.0,1.0,0.0,0.0,0.0,0.0,0.0,0.0,0.0,0.0
2.8111,0.9999999516270035,0.0003049999852462361,-6.099999704924715e-05,0.0,0.0,0.0,9.7657,0.0,0.0,1.0,0.0,0.0,0.0,0.0,0.0,0.0,0.0,0.0
2.8312,0.9999999516270035,0.0003049999852462361,-6.099999704924715e-05,0.0,0.0,0.0,9.7657,0.0,0.0,1.0,0.0,0.0,0.0,0.0,0.0,0.0,0.0,0.0
2.8512,0.9999999683715015,0.00024399999228264638,-6.0999998070661535e-05,0.0,0.0,0.0,9.797,0.0,0.0,1.0,0.0,0.0,0.0,0.0,0.0,0.0,0.0,0.0
2.8713,0.9999999683715015,0.00024399999228264638,-6.0999998070661535e-05,0.0,0.0,0.0,9.8086,0.0,0.0,1.0,0.0,0.0,0.0,0.0,0.0,0.0,0.0,0.0
2.8914,0.9999999516270035,0.0003049999852462361,-6.099999704924715e-05,0.0,0.0,0.0,9.8087,0.0,0.0,1.0,0.0,0.0,0.0,0.0,0.0,0.0,0.0,0.0
2.9114,0.9999999497665037,0.00030499998467878363,-6.0999996935756675e-05,6.09999969358177e-05,0.0,0.0,9.7971,0.0,0.0,1.0,0.0,0.0,0.0,0.0,0.0,0.0,0.0,0.0
2.9315,0.9999999497665037,0.00030499998467878363,-6.0999996935756675e-05,6.09999969358177e-05,0.0,0.0,9.8086,0.0,0.0,1.0,0.0,0.0,0.0,0.0,0.0,0.0,0.0,0.0
2.9516,0.9999999441850047,0.0003049999829764264,-0.00012199999319057051,6.099999659525679e-05,0.0,0.0,9.8052,0.0,0.0,1.0,0.0,0.0,0.0,0.0,0.0,0.0,0.0,0.0
2.9717,0.9999999627900021,0.00024399999092076055,-0.00012199999546038023,0.0,0.0,0.0,9.7971,0.0,0.0,1.0,0.0,0.0,0.0,0.0,0.0,0.0,0.0,0.0
2.9917,0.9999999460455045,0.0003049999835438789,-0.00012199999341755148,0.0,0.0,0.0,9.8088,0.0,0.0,1.0,0.0,0.0,0.0,0.0,0.0,0.0,0.0,0.0
3.0118,0.9999999516270035,0.0003049999852462361,-6.099999704924715e-05,0.0,0.0,0.0,9.77,0.0,0.0,1.0,0.0,0.0,0.0,0.0,0.0,0.0,0.0,0.0
3.0319,0.9999999441850047,0.0003049999829764264,-0.00012199999319057051,6.099999659525679e-05,0.0,0.0,9.8087,0.0,0.0,1.0,0.0,0.0,0.0,0.0,0.0,0.0,0.0,0.0
3.0519,0.9999999441850047,0.0003049999829764264,-0.00012199999319057051,6.099999659525679e-05,0.0,0.0,9.8086,0.0,0.0,1.0,0.0,0.0,0.0,0.0,0.0,0.0,0.0,0.0
3.072,0.9999999441850047,0.0003049999829764264,-0.00012199999319057051,6.099999659525679e-05,0.0,0.0,9.7266,0.0,0.0,1.0,0.0,0.0,0.0,0.0,0.0,0.0,0.0,0.0
3.0921,0.9999999441850047,0.0003049999829764264,-0.00012199999319057051,6.099999659525679e-05,0.0,0.0,9.8088,0.0,0.0,1.0,0.0,0.0,0.0,0.0,0.0,0.0,0.0,0.0
3.1121,0.9999999516270035,0.00024399998819698887,-0.00018299999114774159,6.0999997049338006e-05,0.0,0.0,9.797,0.0,0.0,1.0,0.0,0.0,0.0,0.0,0.0,0.0,0.0,0.0
3.1322,0.9999999609295023,0.00024399999046679856,-0.00012199999523339925,6.099999761677298e-05,0.0,0.0,9.797,0.0,0.0,1.0,0.0,0.0,0.0,0.0,0.0,0.0,0.0,0.0
3.1523,0.9999999460455045,0.0003049999835438789,-0.00012199999341755148,0.0,0.0,0.0,9.8086,0.0,0.0,1.0,0.0,0.0,0.0,0.0,0.0,0.0,0.0,0.0
3.1723,0.9999999460455045,0.0003049999835438789,-0.00012199999341755148,0.0,0.0,0.0,9.7659,0.0,0.0,1.0,0.0,0.0,0.0,0.0,0.0,0.0,0.0,0.0
3.1924,0.9999999460455045,0.0003049999835438789,-0.00012199999341755148,0.0,0.0,0.0,9.8087,0.0,0.0,1.0,0.0,0.0,0.0,0.0,0.0,0.0,0.0,0.0
3.2125,0.9999999460455045,0.0003049999835438789,-0.00012199999341755148,0.0,0.0,0.0,9.8086,0.0,0.0,1.0,0.0,0.0,0.0,0.0,0.0,0.0,0.0,0.0
3.2325,0.9999999627900021,0.00024399999092076055,-0.00012199999546038023,0.0,0.0,0.0,9.7971,0.0,0.0,1.0,0.0,0.0,0.0,0.0,0.0,0.0,0.0,0.0
3.2526,0.9999999627900021,0.00024399999092076055,-0.00012199999546038023,0.0,0.0,0.0,9.8086,0.0,0.0,1.0,0.0,0.0,0.0,0.0,0.0,0.0,0.0,0.0
3.2727,0.9999999460455045,0.0003049999835438789,-0.00012199999341755148,0.0,0.0,0.0,9.8087,0.0,0.0,1.0,0.0,0.0,0.0,0.0,0.0,0.0,0.0,0.0
3.2927,0.9999999460455045,0.0003049999835438789,-0.00012199999341755148,0.0,0.0,0.0,9.8086,0.0,0.0,1.0,0.0,0.0,0.0,0.0,0.0,0.0,0.0,0.0
3.3128,0.9999999534875033,0.00024399998865095088,-0.0001829999914882131,0.0,0.0,0.0,9.731,0.0,0.0,1.0,0.0,0.0,0.0,0.0,0.0,0.0,0.0,0.0
3.3329,0.9999999534875033,0.00024399998865095088,-0.0001829999914882131,0.0,0.0,0.0,10.401,0.0,0.0,1.0,0.0,0.0,0.0,0.0,0.0,0.0,0.0,0.0
3.3529,0.999999975813501,0.00018299999557387073,-0.00012199999704924709,0.0,0.0,0.0,9.9759,0.0,0.0,1.0,0.0,0.0,0.0,0.0,0.0,0.0,0.0,0.0
3.373,0.9999999627900021,0.0002439999909207605,0.0001219999954603803,0.0,0.0,0.0,9.5827,0.0,0.0,1.0,0.0,0.0,0.0,0.0,0.0,0.0,0.0,0.0
3.393,0.9999999237195089,0.0003659999720813402,-0.00012199999069378005,6.099999534686651e-05,0.0,0.0,9.8321,0.0,0.0,1.0,0.0,0.0,0.0,0.0,0.0,0.0,0.0,0.0
3.4131,0.9999998865095194,0.0003049999653854035,-0.0003659999584624841,0.0,0.0,0.0,9.9261,0.0,0.0,1.0,0.0,0.0,0.0,0.0,0.0,0.0,0.0,0.0
3.4332,0.9999999609295023,0.00024399999046679862,-0.00012199999523339928,-6.099999761671749e-05,0.0,0.0,9.9407,0.0,0.0,1.0,0.0,0.0,0.0,0.0,0.0,0.0,0.0,0.0
3.4532,0.9999999665110018,0.00024399999182868446,-6.099999795717106e-05,-6.099999795711186e-05,0.0,0.0,9.7546,0.0,0.0,1.0,0.0,0.0,0.0,0.0,0.0,0.0,0.0,0.0
3.4733,0.9999999348825064,0.0003049999801391645,-0.00018299998808349863,-6.099999602782181e-05,0.0,0.0,9.8216,0.0,0.0,1.0,0.0,0.0,0.0,0.0,0.0,0.0,0.0,0.0
3.4934,0.9999999460455045,0.0003049999835438789,-0.00012199999341755148,0.0,0.0,0.0,9.7701,0.0,0.0,1.0,0.0,0.0,0.0,0.0,0.0,0.0,0.0,0.0
3.5134,0.9999999534875033,0.00024399998865095088,-0.0001829999914882131,0.0,0.0,0.0,9.797,0.0,0.0,1.0,0.0,0.0,0.0,0.0,0.0,0.0,0.0,0.0
3.5335,0.9999999404640054,0.00024399998547321733,-0.00024399998547321722,0.0,0.0,0.0,9.8477,0.0,0.0,1.0,0.0,0.0,0.0,0.0,0.0,0.0,0.0,0.0
3.5536,0.9999999237195087,0.00024399998138756023,-0.0003049999767344502,0.0,0.0,0.0,9.8088,0.0,0.0,1.0,0.0,0.0,0.0,0.0,0.0,0.0,0.0,0.0
3.5736,0.9999999237195087,0.00024399998138756023,-0.0003049999767344502,0.0,0.0,0.0,9.8086,0.0,0.0,1.0,0.0,0.0,0.0,0.0,0.0,0.0,0.0,0.0
3.5937,0.9999999237195087,0.00024399998138756023,-0.0003049999767344502,0.0,0.0,0.0,9.7266,0.0,0.0,1.0,0.0,0.0,0.0,0.0,0.0,0.0,0.0,0.0
3.6138,0.9999999237195087,0.00024399998138756023,-0.0003049999767344502,0.0,0.0,0.0,10.5566,0.0,0.0,1.0,0.0,0.0,0.0,0.0,0.0,0.0,0.0,0.0
3.6339,0.9999999032540141,0.00024399997639397954,-0.0003659999645909692,0.0,0.0,0.0,10.0954,0.0,0.0,1.0,0.0,0.0,0.0,0.0,0.0,0.0,0.0,0.0
3.6539,0.999999975813501,0.00012199999704924714,-0.00018299999557387067,0.0,0.0,0.0,9.6709,0.0,0.0,1.0,0.0,0.0,0.0,0.0,0.0,0.0,0.0,0.0
3.674,0.9999999534875033,0.00024399998865095088,-0.0001829999914882131,0.0,0.0,0.0,9.7913,0.0,0.0,1.0,0.0,0.0,0.0,0.0,0.0,0.0,0.0,0.0
3.6941,0.9999998009265596,0.0003049999392826007,-0.0005489998907086812,6.099998785658034e-05,0.0,0.0,9.8692,0.0,0.0,1.0,0.0,0.0,0.0,0.0,0.0,0.0,0.0,0.0
3.7143,0.9999997674375811,0.0003049999290684624,-0.0006099998581369245,0.0,0.0,0.0,9.7579,0.0,0.0,1.0,0.0,0.0,0.0,0.0,0.0,0.0,0.0,0.0
3.7344,0.9999999032540141,0.00024399997639397954,-0.0003659999645909692,0.0,0.0,0.0,9.8411,0.0,0.0,1.0,0.0,0.0,0.0,0.0,0.0,0.0,0.0,0.0
3.7545,0.9999999032540141,0.00024399997639397954,-0.0003659999645909692,0.0,0.0,0.0,9.8088,0.0,0.0,1.0,0.0,0.0,0.0,0.0,0.0,0.0,0.0,0.0
3.7751,0.999999906975013,0.00030499997162737895,-0.0003049999716273789,0.0,0.0,0.0,9.8136,0.0,0.0,1.0,0.0,0.0,0.0,0.0,0.0,0.0,0.0,0.0
3.7952,0.9999998865095194,0.0003049999653854035,-0.0003659999584624841,0.0,0.0,0.0,9.7658,0.0,0.0,1.0,0.0,0.0,0.0,0.0,0.0,0.0,0.0,0.0
3.8152,0.999999879067522,0.00024399997049247542,-0.0004269999483618319,0.0,0.0,0.0,9.8086,0.0,0.0,1.0,0.0,0.0,0.0,0.0,0.0,0.0,0.0,0.0
3.8353,0.9999998344155412,0.0003049999494967401,-0.000487999919194784,0.0,0.0,0.0,9.7659,0.0,0.0,1.0,0.0,0.0,0.0,0.0,0.0,0.0,0.0,0.0
3.8554,0.9999998027870584,0.00030499993985005295,-0.0005489998917300951,0.0,0.0,0.0,9.7658,0.0,0.0,1.0,0.0,0.0,0.0,0.0,0.0,0.0,0.0,0.0
3.8754,0.9999998027870584,0.00030499993985005295,-0.0005489998917300951,0.0,0.0,0.0,9.8086,0.0,0.0,1.0,0.0,0.0,0.0,0.0,0.0,0.0,0.0,0.0
3.8955,0.9999998344155412,0.0003049999494967401,-0.000487999919194784,0.0,0.0,0.0,9.8086,0.0,0.0,1.0,0.0,0.0,0.0,0.0,0.0,0.0,0.0,0.0
3.9156,0.9999998139500519,0.0003659999319057191,-0.00048799990920762523,0.0,0.0,0.0,9.8087,0.0,0.0,1.0,0.0,0.0,0.0,0.0,0.0,0.0,0.0,0.0
3.9357,0.9999998139500519,0.0003659999319057191,-0.00048799990920762523,0.0,0.0,0.0,9.7659,0.0,0.0,1.0,0.0,0.0,0.0,0.0,0.0,0.0,0.0,0.0
3.9557,0.9999998139500519,0.0003659999319057191,-0.00048799990920762523,0.0,0.0,0.0,9.8088,0.0,0.0,1.0,0.0,0.0,0.0,0.0,0.0,0.0,0.0,0.0
3.9758,0.999999812089553,0.0003659999312247765,-0.00048799990829970186,6.099998853753563e-05,0.0,0.0,9.7658,0.0,0.0,1.0,0.0,0.0,0.0,0.0,0.0,0.0,0.0,0.0
3.9959,0.9999997804610723,0.00036599991964875254,-0.0005489998794731288,6.099998660824557e-05,0.0,0.0,9.7658,0.0,0.0,1.0,0.0,0.0,0.0,0.0,0.0,0.0,0.0,0.0
4.0159,0.9999997804610723,0.00036599991964875254,-0.0005489998794731288,6.099998660824557e-05,0.0,0.0,9.8086,0.0,0.0,1.0,0.0,0.0,0.0,0.0,0.0,0.0,0.0,0.0
4.036,0.9999997804610723,0.00036599991964875254,-0.0005489998794731288,6.099998660824557e-05,0.0,0.0,9.7657,0.0,0.0,1.0,0.0,0.0,0.0,0.0,0.0,0.0,0.0,0.0
4.056,0.9999997804610723,0.00036599991964875254,-0.0005489998794731288,6.099998660824557e-05,0.0,0.0,9.8087,0.0,0.0,1.0,0.0,0.0,0.0,0.0,0.0,0.0,0.0,0.0
4.0761,0.999999812089553,0.0003659999312247765,-0.00048799990829970186,6.099998853753563e-05,0.0,0.0,9.8086,0.0,0.0,1.0,0.0,0.0,0.0,0.0,0.0,0.0,0.0,0.0
4.0962,0.9999998344155412,0.0003049999494967401,-0.000487999919194784,0.0,0.0,0.0,9.797,0.0,0.0,1.0,0.0,0.0,0.0,0.0,0.0,0.0,0.0,0.0
4.1163,0.9999998623230284,0.00030499995800852366,-0.00042699994121193305,0.0,0.0,0.0,9.8086,0.0,0.0,1.0,0.0,0.0,0.0,0.0,0.0,0.0,0.0,0.0
4.1363,0.9999998604625293,0.00030499995744107155,-0.00042699994041750007,6.0999991488230876e-05,0.0,0.0,9.7659,0.0,0.0,1.0,0.0,0.0,0.0,0.0,0.0,0.0,0.0,0.0
4.1564,0.9999998325550421,0.0003049999489292878,-0.0004879999182868604,6.09999897858704e-05,0.0,0.0,9.8086,0.0,0.0,1.0,0.0,0.0,0.0,0.0,0.0,0.0,0.0,0.0
4.1765,0.9999998623230284,0.00030499995800852366,-0.00042699994121193305,0.0,0.0,0.0,9.8401,0.0,0.0,1.0,0.0,0.0,0.0,0.0,0.0,0.0,0.0,0.0
4.1965,0.9999998623230284,0.00030499995800852366,-0.00042699994121193305,0.0,0.0,0.0,9.8086,0.0,0.0,1.0,0.0,0.0,0.0,0.0,0.0,0.0,0.0,0.0
4.2166,0.9999998623230284,0.00030499995800852366,-0.00042699994121193305,0.0,0.0,0.0,9.7657,0.0,0.0,1.0,0.0,0.0,0.0,0.0,0.0,0.0,0.0,0.0
4.2367,0.9999998623230284,0.00030499995800852366,-0.00042699994121193305,0.0,0.0,0.0,9.7659,0.0,0.0,1.0,0.0,0.0,0.0,0.0,0.0,0.0,0.0,0.0
4.2567,0.9999998604625293,0.00030499995744107155,-0.00042699994041750007,6.0999991488230876e-05,0.0,0.0,9.8477,0.0,0.0,1.0,0.0,0.0,0.0,0.0,0.0,0.0,0.0,0.0
4.2768,0.9999998604625293,0.00030499995744107155,-0.00042699994041750007,6.0999991488230876e-05,0.0,0.0,9.7656,0.0,0.0,1.0,0.0,0.0,0.0,0.0,0.0,0.0,0.0,0.0
4.2969,0.9999998604625293,0.00030499995744107155,-0.00042699994041750007,6.0999991488230876e-05,0.0,0.0,9.8086,0.0,0.0,1.0,0.0,0.0,0.0,0.0,0.0,0.0,0.0,0.0
4.3169,0.99999988464902,0.0003049999648179511,-0.00036599995778154124,6.099999296360625e-05,0.0,0.0,9.8086,0.0,0.0,1.0,0.0,0.0,0.0,0.0,0.0,0.0,0.0,0.0
4.337,0.99999988464902,0.0003049999648179511,-0.00036599995778154124,6.099999296360625e-05,0.0,0.0,9.8086,0.0,0.0,1.0,0.0,0.0,0.0,0.0,0.0,0.0,0.0,0.0
4.3571,0.999999906975013,0.00030499997162737895,-0.0003049999716273789,0.0,0.0,0.0,9.8086,0.0,0.0,1.0,0.0,0.0,0.0,0.0,0.0,0.0,0.0,0.0
4.3771,0.999999906975013,0.00030499997162737895,-0.0003049999716273789,0.0,0.0,0.0,9.7971,0.0,0.0,1.0,0.0,0.0,0.0,0.0,0.0,0.0,0.0,0.0
4.3972,0.9999999051145135,0.0003049999710599266,-0.00030499997105992656,6.099999421194102e-05,0.0,0.0,9.8086,0.0,0.0,1.0,0.0,0.0,0.0,0.0,0.0,0.0,0.0,0.0
4.4173,0.9999999051145135,0.0003049999710599266,-0.00030499997105992656,6.099999421194102e-05,0.0,0.0,9.8086,0.0,0.0,1.0,0.0,0.0,0.0,0.0,0.0,0.0,0.0,0.0
4.4373,0.9999999013935146,0.0002439999759400176,-0.00036599996391002633,6.099999398495591e-05,0.0,0.0,9.8477,0.0,0.0,1.0,0.0,0.0,0.0,0.0,0.0,0.0,0.0,0.0
4.4591,0.9999999218590092,0.00024399998093359827,-0.00030499997616699774,6.0999995233290694e-05,0.0,0.0,9.8477,0.0,0.0,1.0,0.0,0.0,0.0,0.0,0.0,0.0,0.0,0.0
4.4792,0.9999999218590092,0.00024399998093359827,-0.00030499997616699774,6.0999995233290694e-05,0.0,0.0,9.8477,0.0,0.0,1.0,0.0,0.0,0.0,0.0,0.0,0.0,0.0,0.0
4.4993,0.9999999218590092,0.00024399998093359827,-0.00030499997616699774,6.0999995233290694e-05,0.0,0.0,9.8086,0.0,0.0,1.0,0.0,0.0,0.0,0.0,0.0,0.0,0.0,0.0
4.5194,0.9999999218590092,0.00024399998093359827,-0.00030499997616699774,6.0999995233290694e-05,0.0,0.0,9.7656,0.0,0.0,1.0,0.0,0.0,0.0,0.0,0.0,0.0,0.0,0.0
4.5395,0.9999999348825065,0.00018299998808349872,-0.00030499998013916446,6.09999960278218e-05,0.0,0.0,9.8477,0.0,0.0,1.0,0.0,0.0,0.0,0.0,0.0,0.0,0.0,0.0
4.5596,0.9999999218590092,0.00024399998093359827,-0.00030499997616699774,6.0999995233290694e-05,0.0,0.0,9.8086,0.0,0.0,1.0,0.0,0.0,0.0,0.0,0.0,0.0,0.0,0.0
4.5796,0.9999999218590092,0.00024399998093359827,-0.00030499997616699774,6.0999995233290694e-05,0.0,0.0,9.7656,0.0,0.0,1.0,0.0,0.0,0.0,0.0,0.0,0.0,0.0,0.0
4.5997,0.9999999162775105,0.00024399997957171265,-0.0003049999744646407,0.00012199998978584815,0.0,0.0,9.7656,0.0,0.0,1.0,0.0,0.0,0.0,0.0,0.0,0.0,0.0,0.0
4.6198,0.9999999162775105,0.00024399997957171265,-0.0003049999744646407,0.00012199998978584815,0.0,0.0,9.8086,0.0,0.0,1.0,0.0,0.0,0.0,0.0,0.0,0.0,0.0,0.0
4.6399,0.9999999218590092,0.00024399998093359827,-0.00030499997616699774,6.0999995233290694e-05,0.0,0.0,9.8086,0.0,0.0,1.0,0.0,0.0,0.0,0.0,0.0,0.0,0.0,0.0
4.66,0.9999999516270035,0.00018299999114774164,-0.00024399998819698882,6.0999997049338006e-05,0.0,0.0,9.8087,0.0,0.0,1.0,0.0,0.0,0.0,0.0,0.0,0.0,0.0,0.0
4.6801,0.9999999516270035,0.00018299999114774164,-0.00024399998819698882,6.0999997049338006e-05,0.0,0.0,9.8087,0.0,0.0,1.0,0.0,0.0,0.0,0.0,0.0,0.0,0.0,0.0
4.7001,0.9999999516270035,0.00018299999114774164,-0.00024399998819698882,6.0999997049338006e-05,0.0,0.0,9.8086,0.0,0.0,1.0,0.0,0.0,0.0,0.0,0.0,0.0,0.0,0.0
4.7202,0.9999999516270035,0.00018299999114774164,-0.00024399998819698882,6.0999997049338006e-05,0.0,0.0,9.8087,0.0,0.0,1.0,0.0,0.0,0.0,0.0,0.0,0.0,0.0,0.0
4.7404,0.9999999516270035,0.00018299999114774164,-0.00024399998819698882,6.0999997049338006e-05,0.0,0.0,9.8086,0.0,0.0,1.0,0.0,0.0,0.0,0.0,0.0,0.0,0.0,0.0
4.7605,0.9999999516270035,0.00018299999114774164,-0.00024399998819698882,6.0999997049338006e-05,0.0,0.0,9.7656,0.0,0.0,1.0,0.0,0.0,0.0,0.0,0.0,0.0,0.0,0.0
4.7806,0.9999999516270035,0.00018299999114774164,-0.00024399998819698882,6.0999997049338006e-05,0.0,0.0,9.8086,0.0,0.0,1.0,0.0,0.0,0.0,0.0,0.0,0.0,0.0,0.0
4.8007,0.9999999516270035,0.00018299999114774164,-0.00024399998819698882,6.0999997049338006e-05,0.0,0.0,9.7657,0.0,0.0,1.0,0.0,0.0,0.0,0.0,0.0,0.0,0.0,0.0
4.8208,0.9999999516270035,0.00018299999114774164,-0.00024399998819698882,6.0999997049338006e-05,0.0,0.0,9.8087,0.0,0.0,1.0,0.0,0.0,0.0,0.0,0.0,0.0,0.0,0.0
4.8408,0.9999999516270035,0.00018299999114774164,-0.00024399998819698882,6.0999997049338006e-05,0.0,0.0,9.7656,0.0,0.0,1.0,0.0,0.0,0.0,0.0,0.0,0.0,0.0,0.0
4.8609,0.9999999516270035,0.00018299999114774164,-0.00024399998819698882,6.0999997049338006e-05,0.0,0.0,9.8086,0.0,0.0,1.0,0.0,0.0,0.0,0.0,0.0,0.0,0.0,0.0
4.881,0.9999999646505019,0.00018299999353104188,-0.00018299999353104185,6.0999997843647076e-05,0.0,0.0,9.8086,0.0,0.0,1.0,0.0,0.0,0.0,0.0,0.0,0.0,0.0,0.0
4.9011,0.9999999646505019,0.00018299999353104188,-0.00018299999353104185,6.0999997843647076e-05,0.0,0.0,9.7656,0.0,0.0,1.0,0.0,0.0,0.0,0.0,0.0,0.0,0.0,0.0
4.9212,0.9999999646505019,0.00018299999353104188,-0.00018299999353104185,6.0999997843647076e-05,0.0,0.0,9.8086,0.0,0.0,1.0,0.0,0.0,0.0,0.0,0.0,0.0,0.0,0.0
4.9413,0.9999999646505019,0.00018299999353104188,-0.00018299999353104185,6.0999997843647076e-05,0.0,0.0,9.7656,0.0,0.0,1.0,0.0,0.0,0.0,0.0,0.0,0.0,0.0,0.0
4.9614,0.9999999590690025,0.0001829999925096275,-0.00018299999250962742,0.00012199999500644987,0.0,0.0,9.8086,0.0,0.0,1.0,0.0,0.0,0.0,0.0,0.0,0.0,0.0,0.0
4.9815,0.9999999460455045,0.00024399998683510312,-0.00018299999012632727,0.00012199999341749868,0.0,0.0,9.8087,0.0,0.0,1.0,0.0,0.0,0.0,0.0,0.0,0.0,0.0,0.0
5.0015,0.9999999609295023,0.00024399999046679856,-0.00012199999523339925,6.099999761677298e-05,0.0,0.0,9.8087,0.0,0.0,1.0,0.0,0.0,0.0,0.0,0.0,0.0,0.0,0.0
5.0216,0.9999999665110018,0.00024399999182868446,-6.099999795717106e-05,6.099999795711186e-05,0.0,0.0,9.8477,0.0,0.0,1.0,0.0,0.0,0.0,0.0,0.0,0.0,0.0,0.0
5.0417,0.9999999665110018,0.00024399999182868446,-6.099999795717106e-05,6.099999795711186e-05,0.0,0.0,9.8086,0.0,0.0,1.0,0.0,0.0,0.0,0.0,0.0,0.0,0.0,0.0
5.0618,0.9999999665110018,0.00024399999182868446,-6.099999795717106e-05,6.099999795711186e-05,0.0,0.0,9.8087,0.0,0.0,1.0,0.0,0.0,0.0,0.0,0.0,0.0,0.0,0.0
5.0819,0.9999999609295024,0.0002439999904667986,-6.099999761669961e-05,0.00012199999523337945,0.0,0.0,9.7657,0.0,0.0,1.0,0.0,0.0,0.0,0.0,0.0,0.0,0.0,0.0
5.102,0.9999999609295024,0.0002439999904667986,-6.099999761669961e-05,0.00012199999523337945,0.0,0.0,9.7656,0.0,0.0,1.0,0.0,0.0,0.0,0.0,0.0,0.0,0.0,0.0
5.1221,0.9999999627900023,0.00024399999092076052,4.0657581468206416e-20,0.00012199999546036455,0.0,0.0,9.8086,0.0,0.0,1.0,0.0,0.0,0.0,0.0,0.0,0.0,0.0,0.0
5.1422,0.9999999497665037,0.00030499998467878363,-6.0999996935756675e-05,6.09999969358177e-05,0.0,0.0,9.8478,0.0,0.0,1.0,0.0,0.0,0.0,0.0,0.0,0.0,0.0,0.0
5.1623,0.9999999516270035,0.0003049999852462361,8.131516293641283e-20,6.0999997049338006e-05,0.0,0.0,9.797,0.0,0.0,1.0,0.0,0.0,0.0,0.0,0.0,0.0,0.0,0.0
5.1824,0.9999999516270035,0.0003049999852462361,8.131516293641283e-20,6.0999997049338006e-05,0.0,0.0,9.7777,0.0,0.0,1.0,0.0,0.0,0.0,0.0,0.0,0.0,0.0,0.0
5.2025,0.9999999293010076,0.0003659999741241688,-6.0999995687361394e-05,6.099999568737191e-05,0.0,0.0,9.778,0.0,0.0,1.0,0.0,0.0,0.0,0.0,0.0,0.0,0.0,0.0
5.2226,0.9999999516270035,0.0003049999852462361,8.131516293641283e-20,6.0999997049338006e-05,0.0,0.0,9.7971,0.0,0.0,1.0,0.0,0.0,0.0,0.0,0.0,0.0,0.0,0.0
5.2427,0.9999999516270035,0.0003049999852462361,8.131516293641283e-20,6.0999997049338006e-05,0.0,0.0,9.8086,0.0,0.0,1.0,0.0,0.0,0.0,0.0,0.0,0.0,0.0,0.0
5.2628,0.9999999497665037,0.00030499998467878363,-6.0999996935756675e-05,6.09999969358177e-05,0.0,0.0,9.8086,0.0,0.0,1.0,0.0,0.0,0.0,0.0,0.0,0.0,0.0,0.0
5.2828,0.9999999293010076,0.0003659999741241688,-6.0999995687361394e-05,6.099999568737191e-05,0.0,0.0,9.7656,0.0,0.0,1.0,0.0,0.0,0.0,0.0,0.0,0.0,0.0,0.0
5.3029,0.9999999293010076,0.0003659999741241688,-6.0999995687361394e-05,6.099999568737191e-05,0.0,0.0,9.7656,0.0,0.0,1.0,0.0,0.0,0.0,0.0,0.0,0.0,0.0,0.0
5.323,0.9999999497665037,0.00030499998467878363,-6.0999996935756675e-05,6.09999969358177e-05,0.0,0.0,9.7656,0.0,0.0,1.0,0.0,0.0,0.0,0.0,0.0,0.0,0.0,0.0
5.3431,0.9999999497665037,0.00030499998467878363,-6.0999996935756675e-05,6.09999969358177e-05,0.0,0.0,9.8087,0.0,0.0,1.0,0.0,0.0,0.0,0.0,0.0,0.0,0.0,0.0
5.3632,0.9999999497665037,0.00030499998467878363,-6.0999996935756675e-05,6.09999969358177e-05,0.0,0.0,9.7656,0.0,0.0,1.0,0.0,0.0,0.0,0.0,0.0,0.0,0.0,0.0
5.3833,0.9999999237195089,0.0003659999720813402,-0.00012199999069378005,6.099999534686651e-05,0.0,0.0,9.8086,0.0,0.0,1.0,0.0,0.0,0.0,0.0,0.0,0.0,0.0,0.0
5.4034,0.9999999237195089,0.0003659999720813402,-0.00012199999069378005,6.099999534686651e-05,0.0,0.0,9.8086,0.0,0.0,1.0,0.0,0.0,0.0,0.0,0.0,0.0,0.0,0.0
5.4235,0.9999999237195089,0.0003659999720813402,-0.00012199999069378005,6.099999534686651e-05,0.0,0.0,9.8087,0.0,0.0,1.0,0.0,0.0,0.0,0.0,0.0,0.0,0.0,0.0
5.4436,0.9999999293010076,0.0003659999741241688,-6.0999995687361394e-05,6.099999568737191e-05,0.0,0.0,9.7656,0.0,0.0,1.0,0.0,0.0,0.0,0.0,0.0,0.0,0.0,0.0
5.4637,0.9999999237195089,0.0003659999720813402,-0.00012199999069378005,6.099999534686651e-05,0.0,0.0,9.7657,0.0,0.0,1.0,0.0,0.0,0.0,0.0,0.0,0.0,0.0,0.0
5.4838,0.9999999237195089,0.0003659999720813402,-0.00012199999069378005,6.099999534686651e-05,0.0,0.0,9.8086,0.0,0.0,1.0,0.0,0.0,0.0,0.0,0.0,0.0,0.0,0.0
5.504,0.9999999293010076,0.0003659999741241688,-6.0999995687361394e-05,6.099999568737191e-05,0.0,0.0,9.8088,0.0,0.0,1.0,0.0,0.0,0.0,0.0,0.0,0.0,0.0,0.0
5.524,0.9999999051145135,0.00042699995948389735,-6.099999421198526e-05,6.099999421194102e-05,0.0,0.0,9.7656,0.0,0.0,1.0,0.0,0.0,0.0,0.0,0.0,0.0,0.0,0.0
5.5442,0.9999998995330153,0.0004269999571005976,-0.00012199998774302775,6.099999387143562e-05,0.0,0.0,9.8087,0.0,0.0,1.0,0.0,0.0,0.0,0.0,0.0,0.0,0.0,0.0
5.5643,0.9999998995330153,0.0004269999571005976,-0.00012199998774302775,6.099999387143562e-05,0.0,0.0,9.7656,0.0,0.0,1.0,0.0,0.0,0.0,0.0,0.0,0.0,0.0,0.0
5.5843,0.9999999237195089,0.0003659999720813402,-0.00012199999069378005,6.099999534686651e-05,0.0,0.0,9.7656,0.0,0.0,1.0,0.0,0.0,0.0,0.0,0.0,0.0,0.0,0.0
5.6044,0.9999999237195089,0.0003659999720813402,-0.00012199999069378005,6.099999534686651e-05,0.0,0.0,9.8086,0.0,0.0,1.0,0.0,0.0,0.0,0.0,0.0,0.0,0.0,0.0
5.6245,0.9999999293010076,0.0003659999741241688,-6.0999995687361394e-05,6.099999568737191e-05,0.0,0.0,9.8086,0.0,0.0,1.0,0.0,0.0,0.0,0.0,0.0,0.0,0.0,0.0
5.6446,0.9999999293010076,0.0003659999741241688,-6.0999995687361394e-05,6.099999568737191e-05,0.0,0.0,9.8086,0.0,0.0,1.0,0.0,0.0,0.0,0.0,0.0,0.0,0.0,0.0
5.6647,0.9999999293010076,0.0003659999741241688,-6.0999995687361394e-05,6.099999568737191e-05,0.0,0.0,9.8086,0.0,0.0,1.0,0.0,0.0,0.0,0.0,0.0,0.0,0.0,0.0
5.6848,0.9999999293010076,0.0003659999741241688,-6.0999995687361394e-05,6.099999568737191e-05,0.0,0.0,9.8477,0.0,0.0,1.0,0.0,0.0,0.0,0.0,0.0,0.0,0.0,0.0
5.7049,0.9999999497665037,0.00030499998467878363,-6.0999996935756675e-05,6.09999969358177e-05,0.0,0.0,9.8086,0.0,0.0,1.0,0.0,0.0,0.0,0.0,0.0,0.0,0.0,0.0
5.725,0.9999999497665037,0.00030499998467878363,-6.0999996935756675e-05,6.09999969358177e-05,0.0,0.0,9.8087,0.0,0.0,1.0,0.0,0.0,0.0,0.0,0.0,0.0,0.0,0.0
5.7452,0.9999999497665037,0.00030499998467878363,-6.0999996935756675e-05,6.09999969358177e-05,0.0,0.0,9.8086,0.0,0.0,1.0,0.0,0.0,0.0,0.0,0.0,0.0,0.0,0.0
5.7652,0.9999999497665037,0.00030499998467878363,-6.0999996935756675e-05,6.09999969358177e-05,0.0,0.0,9.8086,0.0,0.0,1.0,0.0,0.0,0.0,0.0,0.0,0.0,0.0,0.0
5.7853,0.9999999665110018,0.00024399999182868446,-6.099999795717106e-05,6.099999795711186e-05,0.0,0.0,9.8086,0.0,0.0,1.0,0.0,0.0,0.0,0.0,0.0,0.0,0.0,0.0
5.8054,0.9999999441850047,0.0003049999829764264,-0.00012199999319057051,6.099999659525679e-05,0.0,0.0,9.7656,0.0,0.0,1.0,0.0,0.0,0.0,0.0,0.0,0.0,0.0,0.0
5.8255,0.999999955348003,0.00024399998910491275,-0.00012199999455245634,0.00012199999455236865,0.0,0.0,9.8086,0.0,0.0,1.0,0.0,0.0,0.0,0.0,0.0,0.0,0.0,0.0
5.8457,0.999999955348003,0.00024399998910491275,-0.00012199999455245634,0.00012199999455236865,0.0,0.0,9.8086,0.0,0.0,1.0,0.0,0.0,0.0,0.0,0.0,0.0,0.0,0.0
5.8658,0.9999999609295024,0.0002439999904667986,-6.099999761669961e-05,0.00012199999523337945,0.0,0.0,9.8086,0.0,0.0,1.0,0.0,0.0,0.0,0.0,0.0,0.0,0.0,0.0
5.8862,0.9999999609295024,0.0002439999904667986,-6.099999761669961e-05,0.00012199999523337945,0.0,0.0,9.7656,0.0,0.0,1.0,0.0,0.0,0.0,0.0,0.0,0.0,0.0,0.0
5.9063,0.9999999609295024,0.0002439999904667986,-6.099999761669961e-05,0.00012199999523337945,0.0,0.0,9.7656,0.0,0.0,1.0,0.0,0.0,0.0,0.0,0.0,0.0,0.0,0.0
5.9265,0.9999999609295024,0.0002439999904667986,-6.099999761669961e-05,0.00012199999523337945,0.0,0.0,9.8086,0.0,0.0,1.0,0.0,0.0,0.0,0.0,0.0,0.0,0.0,0.0
5.9467,0.9999999683715015,0.0001829999942119848,-0.00012199999614132312,0.00012199999614126433,0.0,0.0,9.7656,0.0,0.0,1.0,0.0,0.0,0.0,0.0,0.0,0.0,0.0,0.0
5.9667,0.999999973953001,0.0001829999952333992,-6.099999841113304e-05,0.00012199999682221963,0.0,0.0,9.8086,0.0,0.0,1.0,0.0,0.0,0.0,0.0,0.0,0.0,0.0,0.0
5.9868,0.999999973953001,0.0001829999952333992,-6.099999841113304e-05,0.00012199999682221963,0.0,0.0,9.8086,0.0,0.0,1.0,0.0,0.0,0.0,0.0,0.0,0.0,0.0,0.0
6.0069,0.999999973953001,0.0001829999952333992,-6.099999841113304e-05,0.00012199999682221963,0.0,0.0,9.8087,0.0,0.0,1.0,0.0,0.0,0.0,0.0,0.0,0.0,0.0,0.0
6.027,0.9999999683715015,0.0001829999942119848,-0.00012199999614132312,0.00012199999614126433,0.0,0.0,9.8086,0.0,0.0,1.0,0.0,0.0,0.0,0.0,0.0,0.0,0.0,0.0
6.047,0.9999999739530011,0.0001829999952333992,-0.0001219999968222661,6.099999841108206e-05,0.0,0.0,9.8086,0.0,0.0,1.0,0.0,0.0,0.0,0.0,0.0,0.0,0.0,0.0
6.0671,0.9999999739530011,0.0001829999952333992,-0.0001219999968222661,6.099999841108206e-05,0.0,0.0,9.8087,0.0,0.0,1.0,0.0,0.0,0.0,0.0,0.0,0.0,0.0,0.0
6.0872,0.9999999739530011,0.0001829999952333992,-0.0001219999968222661,6.099999841108206e-05,0.0,0.0,9.8087,0.0,0.0,1.0,0.0,0.0,0.0,0.0,0.0,0.0,0.0,0.0
6.1072,0.9999999609295023,0.00024399999046679856,-0.00012199999523339925,6.099999761677298e-05,0.0,0.0,9.8477,0.0,0.0,1.0,0.0,0.0,0.0,0.0,0.0,0.0,0.0,0.0
6.1273,0.9999999739530011,0.0001829999952333992,-0.0001219999968222661,6.099999841108206e-05,0.0,0.0,9.8086,0.0,0.0,1.0,0.0,0.0,0.0,0.0,0.0,0.0,0.0,0.0
6.1474,0.9999999590690025,0.0001829999925096275,-0.00018299999250962742,0.00012199999500644987,0.0,0.0,9.8086,0.0,0.0,1.0,0.0,0.0,0.0,0.0,0.0,0.0,0.0,0.0
6.1674,0.9999999460455045,0.00024399998683510312,-0.00018299999012632727,0.00012199999341749868,0.0,0.0,9.7656,0.0,0.0,1.0,0.0,0.0,0.0,0.0,0.0,0.0,0.0,0.0
6.1875,0.9999999609295023,0.00024399999046679856,-0.00012199999523339925,6.099999761677298e-05,0.0,0.0,9.7656,0.0,0.0,1.0,0.0,0.0,0.0,0.0,0.0,0.0,0.0,0.0
6.2076,0.9999999609295023,0.00024399999046679856,-0.00012199999523339925,6.099999761677298e-05,0.0,0.0,9.8086,0.0,0.0,1.0,0.0,0.0,0.0,0.0,0.0,0.0,0.0,0.0
6.2276,0.9999999609295023,0.00024399999046679856,-0.00012199999523339925,6.099999761677298e-05,0.0,0.0,9.8086,0.0,0.0,1.0,0.0,0.0,0.0,0.0,0.0,0.0,0.0,0.0
6.2477,0.9999999665110018,0.00024399999182868446,-6.099999795717106e-05,6.099999795711186e-05,0.0,0.0,9.8086,0.0,0.0,1.0,0.0,0.0,0.0,0.0,0.0,0.0,0.0,0.0
6.2678,0.9999999609295023,0.00024399999046679856,-0.00012199999523339925,6.099999761677298e-05,0.0,0.0,9.8086,0.0,0.0,1.0,0.0,0.0,0.0,0.0,0.0,0.0,0.0,0.0
6.2878,0.9999999609295023,0.00024399999046679856,-0.00012199999523339925,6.099999761677298e-05,0.0,0.0,9.8477,0.0,0.0,1.0,0.0,0.0,0.0,0.0,0.0,0.0,0.0,0.0
6.3079,0.9999999609295023,0.00024399999046679856,-0.00012199999523339925,6.099999761677298e-05,0.0,0.0,9.8086,0.0,0.0,1.0,0.0,0.0,0.0,0.0,0.0,0.0,0.0,0.0
6.328,0.9999999609295023,0.00024399999046679856,-0.00012199999523339925,6.099999761677298e-05,0.0,0.0,9.8087,0.0,0.0,1.0,0.0,0.0,0.0,0.0,0.0,0.0,0.0,0.0
6.348,0.9999999609295023,0.00024399999046679856,-0.00012199999523339925,6.099999761677298e-05,0.0,0.0,9.8087,0.0,0.0,1.0,0.0,0.0,0.0,0.0,0.0,0.0,0.0,0.0
6.3681,0.9999999739530011,0.0001829999952333992,-0.0001219999968222661,6.099999841108206e-05,0.0,0.0,9.8477,0.0,0.0,1.0,0.0,0.0,0.0,0.0,0.0,0.0,0.0,0.0
6.3882,0.9999999739530011,0.0001829999952333992,-0.0001219999968222661,6.099999841108206e-05,0.0,0.0,9.8477,0.0,0.0,1.0,0.0,0.0,0.0,0.0,0.0,0.0,0.0,0.0
6.4082,0.999999975813501,0.00018299999557387073,-0.00012199999704924709,0.0,0.0,0.0,9.7656,0.0,0.0,1.0,0.0,0.0,0.0,0.0,0.0,0.0,0.0,0.0
6.4283,0.999999975813501,0.00018299999557387073,-0.00012199999704924709,0.0,0.0,0.0,9.8086,0.0,0.0,1.0,0.0,0.0,0.0,0.0,0.0,0.0,0.0,0.0
6.4484,0.999999975813501,0.00018299999557387073,-0.00012199999704924709,0.0,0.0,0.0,9.8087,0.0,0.0,1.0,0.0,0.0,0.0,0.0,0.0,0.0,0.0,0.0
6.4684,0.999999975813501,0.00018299999557387073,-0.00012199999704924709,0.0,0.0,0.0,9.8086,0.0,0.0,1.0,0.0,0.0,0.0,0.0,0.0,0.0,0.0,0.0
6.4885,0.999999975813501,0.00018299999557387073,-0.00012199999704924709,0.0,0.0,0.0,9.8438,0.0,0.0,1.0,0.0,0.0,0.0,0.0,0.0,0.0,0.0,0.0
6.5086,0.9999999739530011,0.0001829999952333992,-0.0001219999968222661,6.099999841108206e-05,0.0,0.0,9.797,0.0,0.0,1.0,0.0,0.0,0.0,0.0,0.0,0.0,0.0,0.0
6.5286,0.9999999739530011,0.0001829999952333992,-0.0001219999968222661,6.099999841108206e-05,0.0,0.0,9.8086,0.0,0.0,1.0,0.0,0.0,0.0,0.0,0.0,0.0,0.0,0.0
6.5487,0.9999999739530011,0.0001829999952333992,-0.0001219999968222661,6.099999841108206e-05,0.0,0.0,9.8086,0.0,0.0,1.0,0.0,0.0,0.0,0.0,0.0,0.0,0.0,0.0
6.5688,0.9999999739530011,0.0001829999952333992,-0.0001219999968222661,6.099999841108206e-05,0.0,0.0,9.8086,0.0,0.0,1.0,0.0,0.0,0.0,0.0,0.0,0.0,0.0,0.0
6.5889,0.9999999832555005,0.00012199999795717109,-0.00012199999795717104,6.0999998978572556e-05,0.0,0.0,9.7656,0.0,0.0,1.0,0.0,0.0,0.0,0.0,0.0,0.0,0.0,0.0
6.609,0.9999999832555005,0.00012199999795717109,-0.00012199999795717104,6.0999998978572556e-05,0.0,0.0,9.8477,0.0,0.0,1.0,0.0,0.0,0.0,0.0,0.0,0.0,0.0,0.0
6.629,0.9999999832555005,0.00012199999795717109,-0.00012199999795717104,6.0999998978572556e-05,0.0,0.0,9.8087,0.0,0.0,1.0,0.0,0.0,0.0,0.0,0.0,0.0,0.0,0.0
6.6491,0.9999999832555005,0.00012199999795717109,-0.00012199999795717104,6.0999998978572556e-05,0.0,0.0,9.8086,0.0,0.0,1.0,0.0,0.0,0.0,0.0,0.0,0.0,0.0,0.0
6.6692,0.9999999832555005,0.00012199999795717109,-0.00012199999795717104,6.0999998978572556e-05,0.0,0.0,9.8087,0.0,0.0,1.0,0.0,0.0,0.0,0.0,0.0,0.0,0.0,0.0
6.6892,0.9999999832555005,0.00012199999795717109,-0.00012199999795717104,6.0999998978572556e-05,0.0,0.0,9.8086,0.0,0.0,1.0,0.0,0.0,0.0,0.0,0.0,0.0,0.0,0.0
6.7093,0.9999999832555005,0.00012199999795717109,-0.00012199999795717104,6.0999998978572556e-05,0.0,0.0,9.8086,0.0,0.0,1.0,0.0,0.0,0.0,0.0,0.0,0.0,0.0,0.0
6.7293,0.9999999832555005,0.00012199999795717109,-0.00012199999795717104,6.0999998978572556e-05,0.0,0.0,9.8086,0.0,0.0,1.0,0.0,0.0,0.0,0.0,0.0,0.0,0.0,0.0
6.7494,0.9999999832555005,0.00012199999795717109,-0.00012199999795717104,6.0999998978572556e-05,0.0,0.0,9.7656,0.0,0.0,1.0,0.0,0.0,0.0,0.0,0.0,0.0,0.0,0.0
6.7695,0.9999999851160004,0.00012199999818415206,-0.00012199999818415202,0.0,0.0,0.0,9.8087,0.0,0.0,1.0,0.0,0.0,0.0,0.0,0.0,0.0,0.0,0.0
6.7896,0.9999999851160004,0.00012199999818415206,-0.00012199999818415202,0.0,0.0,0.0,9.7657,0.0,0.0,1.0,0.0,0.0,0.0,0.0,0.0,0.0,0.0,0.0
6.8096,0.9999999851160004,0.00012199999818415206,-0.00012199999818415202,0.0,0.0,0.0,9.8086,0.0,0.0,1.0,0.0,0.0,0.0,0.0,0.0,0.0,0.0,0.0
6.8297,0.9999999851160004,0.00012199999818415206,-0.00012199999818415202,0.0,0.0,0.0,9.7579,0.0,0.0,1.0,0.0,0.0,0.0,0.0,0.0,0.0,0.0,0.0
6.8498,0.9999999851160004,0.00012199999818415206,-0.00012199999818415202,0.0,0.0,0.0,9.8087,0.0,0.0,1.0,0.0,0.0,0.0,0.0,0.0,0.0,0.0,0.0
6.8698,0.9999999851160004,0.00012199999818415206,-0.00012199999818415202,0.0,0.0,0.0,9.8086,0.0,0.0,1.0,0.0,0.0,0.0,0.0,0.0,0.0,0.0,0.0
6.8899,0.9999999851160004,0.00012199999818415206,-0.00012199999818415202,0.0,0.0,0.0,9.8086,0.0,0.0,1.0,0.0,0.0,0.0,0.0,0.0,0.0,0.0,0.0
6.91,0.9999999851160004,0.00012199999818415206,-0.00012199999818415202,0.0,0.0,0.0,9.8086,0.0,0.0,1.0,0.0,0.0,0.0,0.0,0.0,0.0,0.0,0.0
6.93,0.9999999851160004,0.00012199999818415206,-0.00012199999818415202,0.0,0.0,0.0,9.8086,0.0,0.0,1.0,0.0,0.0,0.0,0.0,0.0,0.0,0.0,0.0
6.9501,0.9999999851160004,0.00012199999818415206,-0.00012199999818415202,0.0,0.0,0.0,9.8086,0.0,0.0,1.0,0.0,0.0,0.0,0.0,0.0,0.0,0.0,0.0
6.9702,0.9999999851160004,0.00012199999818415206,-0.00012199999818415202,0.0,0.0,0.0,9.797,0.0,0.0,1.0,0.0,0.0,0.0,0.0,0.0,0.0,0.0,0.0
6.9902,0.9999999851160004,0.00012199999818415206,-0.00012199999818415202,0.0,0.0,0.0,9.8087,0.0,0.0,1.0,0.0,0.0,0.0,0.0,0.0,0.0,0.0,0.0
7.0103,0.9999999906975001,6.099999943254752e-05,-0.000121999998865095,0.0,0.0,0.0,9.7656,0.0,0.0,1.0,0.0,0.0,0.0,0.0,0.0,0.0,0.0,0.0
7.0311,0.9999999906975001,6.099999943254752e-05,-0.000121999998865095,0.0,0.0,0.0,9.8086,0.0,0.0,1.0,0.0,0.0,0.0,0.0,0.0,0.0,3.14,0.0
7.0512,0.9999999906975001,6.099999943254752e-05,-0.000121999998865095,0.0,0.0,0.0,9.8086,0.0,0.0,1.0,0.0,0.0,0.0,0.0808,0.0,0.0,3.14,0.0
7.0713,0.9999999906975001,6.099999943254752e-05,-0.000121999998865095,0.0,0.0,0.0,9.8086,0.0,0.0,1.0,0.0,0.0,0.0,0.4811,0.0,0.0,3.14,0.0
7.0913,0.9999999906975001,6.099999943254752e-05,-0.000121999998865095,0.0,0.0,0.0,9.7656,0.0,0.0,1.0,0.0,0.0,0.0,1.0121,0.0,0.0,3.14,0.0
7.1114,0.9999999906975001,6.099999943254752e-05,-0.000121999998865095,0.0,0.0,0.0,9.7656,0.0,0.0,1.0,0.0,0.0,0.0,1.5855,0.0,0.0,3.14,0.0
7.1315,0.9999999906975001,6.099999943254752e-05,-0.000121999998865095,0.0,0.0,0.0,9.8086,0.0,0.0,1.0,0.0,0.0,0.0,2.0127,0.0,0.0,3.14,0.0
7.1515,0.9999999906975001,6.099999943254752e-05,-0.000121999998865095,0.0,0.0,0.0,9.8086,0.0,0.0,1.0,0.0,0.0,0.0,2.3244,0.0,0.0,3.14,0.0
7.1716,0.9999999906975001,6.099999943254752e-05,-0.000121999998865095,0.0,0.0,0.0,9.8087,0.0,0.0,1.0,0.0,0.0,0.0,2.5438,0.0,0.0,3.14,0.0
7.1917,0.9999999906975001,6.099999943254752e-05,-0.000121999998865095,0.0,0.0,0.0,9.844,0.0,0.0,1.0,0.0,0.0,0.0,2.7131,0.0,0.0,3.14,0.0
7.2117,0.9999999795345007,6.099999875160457e-05,-0.0001829999962548136,6.099999875164297e-05,0.0,0.0,9.7345,0.0,0.0,1.0,0.0,0.0,0.0,2.8401,0.0,0.0,3.14,0.0
7.2318,0.9999999813950006,6.099999886509507e-05,-0.00018299999659528512,0.0,0.0,0.0,9.8792,0.0,0.0,1.0,0.0,0.0,0.0,2.9325,0.0,0.0,3.14,0.0
7.2519,0.9999999795345007,6.099999875160457e-05,-0.0001829999962548136,6.099999875164297e-05,0.0,0.0,9.8792,0.0,0.0,1.0,0.0,0.0,0.0,2.9979,0.0,0.0,3.14,0.0
7.272,0.9999999795345007,6.099999875160457e-05,-0.0001829999962548136,6.099999875164297e-05,0.0,0.0,9.7656,0.0,0.0,1.0,0.0,0.0,0.0,3.0441,0.0,0.0,3.14,0.0
7.292,0.999999975813501,0.00012199999704924714,-0.00018299999557387067,0.0,0.0,0.0,9.8087,0.0,0.0,1.0,0.0,0.0,0.0,3.0787,0.0,0.0,3.14,0.0
7.3121,0.999999975813501,0.00012199999704924714,-0.00018299999557387067,0.0,0.0,0.0,9.7345,0.0,0.0,1.0,0.0,0.0,0.0,3.098,0.0,0.0,3.14,0.0
7.3322,0.9999999851160004,0.00012199999818415206,-0.00012199999818415202,0.0,0.0,0.0,9.7306,0.0,0.0,1.0,0.0,0.0,0.0,3.1172,0.0,0.0,3.14,0.0
7.3522,0.9999999832555005,0.00012199999795717109,-0.00012199999795717104,6.0999998978572556e-05,0.0,0.0,9.8087,0.0,0.0,1.0,0.0,0.0,0.0,3.1095,0.0,0.0,3.14,0.0
7.3723,0.9999999832555005,0.00012199999795717109,-0.00012199999795717104,6.0999998978572556e-05,0.0,0.0,9.7656,0.0,0.0,1.0,0.0,0.0,0.0,3.1749,0.0,0.0,3.14,0.0
7.3924,0.9999999888370003,0.00012199999863811401,-6.099999931905698e-05,6.0999999319022447e-05,0.0,0.0,9.8868,0.0,0.0,1.0,0.0,0.0,0.0,3.1057,0.0,0.0,3.14,0.0
7.4124,0.9999999888370003,0.00012199999863811401,-6.099999931905698e-05,6.0999999319022447e-05,0.0,0.0,9.8438,0.0,0.0,1.0,0.0,0.0,0.0,3.1749,0.0,0.0,3.14,0.0
7.4325,0.9999999888370003,0.00012199999863811401,-6.099999931905698e-05,6.0999999319022447e-05,0.0,0.0,9.7579,0.0,0.0,1.0,0.0,0.0,0.0,3.1172,0.0,0.0,3.14,0.0
7.4525,0.9999999888370003,0.00012199999863811401,-6.099999931905698e-05,6.0999999319022447e-05,0.0,0.0,9.7656,0.0,0.0,1.0,0.0,0.0,0.0,3.1518,0.0,0.0,3.14,0.0
7.4726,0.9999999906975001,0.00012199999886509502,2.0328790734103208e-20,6.099999943254275e-05,0.0,0.0,9.7579,0.0,0.0,1.0,0.0,0.0,0.0,3.1365,0.0,0.0,3.14,0.0
7.4927,0.9999999906975001,0.00012199999886509502,2.0328790734103208e-20,6.099999943254275e-05,0.0,0.0,9.7777,0.0,0.0,1.0,0.0,0.0,0.0,3.1326,0.0,0.0,3.14,0.0
7.5128,0.9999999906975001,0.00012199999886509502,2.0328790734103208e-20,6.099999943254275e-05,0.0,0.0,9.7933,0.0,0.0,1.0,0.0,0.0,0.0,3.1211,0.0,0.0,3.14,0.0
7.5329,0.999999996279,6.0999999773019e-05,1.0164395367051604e-20,6.099999977293713e-05,0.0,0.0,9.7659,0.0,0.0,1.0,0.0,0.0,0.0,3.1557,0.0,0.0,3.14,0.0
7.553,0.999999996279,6.0999999773019e-05,1.0164395367051604e-20,6.099999977293713e-05,0.0,0.0,9.8791,0.0,0.0,1.0,0.0,0.0,0.0,3.1134,0.0,0.0,3.14,0.0
7.573,0.999999996279,6.0999999773019e-05,1.0164395367051604e-20,6.099999977293713e-05,0.0,0.0,9.7349,0.0,0.0,1.0,0.0,0.0,0.0,3.1595,0.0,0.0,3.14,0.0
7.5931,0.999999996279,6.0999999773019e-05,1.0164395367051604e-20,6.099999977293713e-05,0.0,0.0,9.8792,0.0,0.0,1.0,0.0,0.0,0.0,3.1018,0.0,0.0,3.14,0.0
7.6132,0.9999999944185001,6.0999999659528485e-05,6.099999965952851e-05,6.099999965963887e-05,0.0,0.0,9.8088,0.0,0.0,1.0,0.0,0.0,0.0,3.1672,0.0,0.0,3.14,0.0
7.6333,0.999999996279,6.0999999773019e-05,1.0164395367051604e-20,6.099999977293713e-05,0.0,0.0,9.8477,0.0,0.0,1.0,0.0,0.0,0.0,3.1211,0.0,0.0,3.14,0.0
7.6533,0.9999999944185001,6.0999999659528485e-05,6.099999965952851e-05,6.099999965963887e-05,0.0,0.0,9.7267,0.0,0.0,1.0,0.0,0.0,0.0,3.1557,0.0,0.0,3.14,0.0
7.6734,0.9999999944185001,6.0999999659528485e-05,6.099999965952851e-05,6.099999965963887e-05,0.0,0.0,9.84,0.0,0.0,1.0,0.0,0.0,0.0,3.098,0.0,0.0,3.14,0.0
7.6935,0.9999999944185001,6.0999999659528485e-05,6.099999965952851e-05,6.099999965963887e-05,0.0,0.0,9.8477,0.0,0.0,1.0,0.0,0.0,0.0,3.1749,0.0,0.0,3.14,0.0
7.7135,0.9999999944185001,6.0999999659528485e-05,6.099999965952851e-05,6.099999965963887e-05,0.0,0.0,9.8087,0.0,0.0,1.0,0.0,0.0,0.0,3.1057,0.0,0.0,3.14,0.0
7.7336,0.9999999888370003,6.099999931905698e-05,0.00012199999863811401,6.0999999319022447e-05,0.0,0.0,9.8477,0.0,0.0,1.0,0.0,0.0,0.0,3.1711,0.0,0.0,3.14,0.0
7.7537,0.9999999944185001,6.0999999659528485e-05,6.099999965952851e-05,6.099999965963887e-05,0.0,0.0,9.8477,0.0,0.0,1.0,0.0,0.0,0.0,3.1172,0.0,0.0,3.14,0.0
7.7738,0.9999999944185001,6.0999999659528485e-05,6.099999965952851e-05,6.099999965963887e-05,0.0,0.0,9.8828,0.0,0.0,1.0,0.0,0.0,0.0,3.1518,0.0,0.0,3.14,0.0
7.7939,0.9999999944185001,6.0999999659528485e-05,6.099999965952851e-05,6.099999965963887e-05,0.0,0.0,9.8477,0.0,0.0,1.0,0.0,0.0,0.0,3.1365,0.0,0.0,3.14,0.0
7.814,0.9999999888370003,6.099999931905698e-05,0.00012199999863811401,6.0999999319022447e-05,0.0,0.0,9.9221,0.0,0.0,1.0,0.0,0.0,0.0,3.1326,0.0,0.0,3.14,0.0
7.8341,0.9999999888370003,6.099999931905698e-05,0.00012199999863811401,6.0999999319022447e-05,0.0,0.0,9.9338,0.0,0.0,1.0,0.0,0.0,0.0,3.1595,0.0,0.0,3.14,0.0
7.8542,0.9999999609295023,0.00012199999523339925,0.00024399999046679856,6.099999761677298e-05,0.0,0.0,9.8518,0.0,0.0,1.0,0.0,0.0,0.0,3.1095,0.0,0.0,3.14,0.0
7.8743,0.999999973953001,6.099999841113304e-05,0.0001829999952333992,0.00012199999682221963,0.0,0.0,9.7778,0.0,0.0,1.0,0.0,0.0,0.0,3.1826,0.0,0.0,3.14,0.0
7.8944,0.999999973953001,6.099999841113304e-05,0.0001829999952333992,0.00012199999682221963,0.0,0.0,9.8477,0.0,0.0,1.0,0.0,0.0,0.0,3.0903,0.0,0.0,3.14,0.0
7.9146,0.9999999832555004,6.0999998978585485e-05,0.00012199999795717102,0.00012199999795714511,0.0,0.0,9.5908,0.0,0.0,1.0,0.0,0.0,0.0,3.198,0.0,0.0,3.14,0.0
7.9347,0.9999999851160004,-2.0328790734103208e-20,0.00012199999818415203,0.00012199999818418572,0.0,0.0,9.8294,0.0,0.0,1.0,0.0,0.0,0.0,3.0787,0.0,0.0,3.14,0.0
7.9548,0.9999999832555004,-6.099999897858553e-05,0.00012199999795717102,0.00012199999795714511,0.0,0.0,9.7347,0.0,0.0,1.0,0.0,0.0,0.0,3.2057,0.0,0.0,3.14,0.0
7.9748,0.9999999832555004,-6.099999897858553e-05,0.00012199999795717102,0.00012199999795714511,0.0,0.0,9.7307,0.0,0.0,1.0,0.0,0.0,0.0,3.071,0.0,0.0,3.14,0.0
7.9949,0.9999999683715015,-0.00012199999614132319,0.00012199999614132314,0.00018299999421200752,0.0,0.0,9.6877,0.0,0.0,1.0,0.0,0.0,0.0,3.2096,0.0,0.0,3.14,0.0
8.015,0.9999999832555004,-6.099999897858553e-05,0.00012199999795717102,0.00012199999795714511,0.0,0.0,9.6524,0.0,0.0,1.0,0.0,0.0,0.0,3.0749,0.0,0.0,3.14,0.0
8.0351,0.999999973953001,-6.0999998411133096e-05,0.00018299999523339918,0.00012199999682221963,0.0,0.0,9.708,0.0,0.0,1.0,0.0,0.0,0.0,3.2019,0.0,0.0,3.14,0.0
8.0554,0.9999999739530011,-6.0999998411133096e-05,0.00012199999682226614,0.0001829999952333572,0.0,0.0,9.6135,0.0,0.0,1.0,0.0,0.0,0.0,3.0864,0.0,0.0,3.14,0.0
8.0755,0.9999999739530011,-6.0999998411133096e-05,0.00012199999682226614,0.0001829999952333572,0.0,0.0,9.8477,0.0,0.0,1.0,0.0,0.0,0.0,3.1903,0.0,0.0,3.14,0.0
8.0956,0.9999999739530011,-0.00012199999682226616,6.0999998411133055e-05,0.0001829999952333572,0.0,0.0,9.641,0.0,0.0,1.0,0.0,0.0,0.0,3.098,0.0,0.0,3.14,0.0
8.1156,0.9999999739530011,-0.00012199999682226616,6.0999998411133055e-05,0.0001829999952333572,0.0,0.0,9.9221,0.0,0.0,1.0,0.0,0.0,0.0,3.1711,0.0,0.0,3.14,0.0
8.1357,0.9999999739530011,-0.00012199999682226616,6.0999998411133055e-05,0.0001829999952333572,0.0,0.0,9.8409,0.0,0.0,1.0,0.0,0.0,0.0,3.1172,0.0,0.0,3.14,0.0
8.1558,0.9999999795345006,-6.099999875160455e-05,6.099999875160453e-05,0.0001829999962548734,0.0,0.0,9.6606,0.0,0.0,1.0,0.0,0.0,0.0,3.1595,0.0,0.0,3.14,0.0
8.1759,0.9999999683715015,-0.00012199999614132319,0.00012199999614132314,0.00018299999421200752,0.0,0.0,9.77,0.0,0.0,1.0,0.0,0.0,0.0,3.1249,0.0,0.0,3.14,0.0
8.1959,0.9999999739530011,-0.00012199999682226616,6.0999998411133055e-05,0.0001829999952333572,0.0,0.0,9.7346,0.0,0.0,1.0,0.0,0.0,0.0,3.1518,0.0,0.0,3.14,0.0
8.216,0.9999999683715015,-0.00012199999614132319,0.00012199999614132314,0.00018299999421200752,0.0,0.0,9.7656,0.0,0.0,1.0,0.0,0.0,0.0,3.1403,0.0,0.0,3.14,0.0
8.2361,0.9999999683715015,-0.00012199999614132319,0.00012199999614132314,0.00018299999421200752,0.0,0.0,9.7581,0.0,0.0,1.0,0.0,0.0,0.0,3.1326,0.0,0.0,3.14,0.0
8.2561,0.9999999683715015,-0.00012199999614132319,0.00012199999614132314,0.00018299999421200752,0.0,0.0,9.6996,0.0,0.0,1.0,0.0,0.0,0.0,3.1595,0.0,0.0,3.14,0.0
8.2762,0.9999999739530011,-0.00012199999682226616,6.0999998411133055e-05,0.0001829999952333572,0.0,0.0,9.8086,0.0,0.0,1.0,0.0,0.0,0.0,3.1172,0.0,0.0,3.14,0.0
8.2963,0.9999999683715015,-0.00012199999614132319,0.00012199999614132314,0.00018299999421200752,0.0,0.0,9.7391,0.0,0.0,1.0,0.0,0.0,0.0,3.1711,0.0,0.0,3.14,0.0
8.3164,0.9999999646505019,-0.00018299999353104188,6.099999784368061e-05,0.00018299999353105226,0.0,0.0,9.8285,0.0,0.0,1.0,0.0,0.0,0.0,3.1018,0.0,0.0,3.14,0.0
8.3364,0.9999999646505019,-0.00018299999353104188,6.099999784368061e-05,0.00018299999353105226,0.0,0.0,9.7579,0.0,0.0,1.0,0.0,0.0,0.0,3.1788,0.0,0.0,3.14,0.0
8.3565,0.9999999646505019,-0.00018299999353104188,6.099999784368061e-05,0.00018299999353105226,0.0,0.0,9.9611,0.0,0.0,1.0,0.0,0.0,0.0,3.1018,0.0,0.0,3.14,0.0
8.3766,0.9999999739530011,-0.00012199999682226616,6.0999998411133055e-05,0.0001829999952333572,0.0,0.0,9.778,0.0,0.0,1.0,0.0,0.0,0.0,3.1865,0.0,0.0,3.14,0.0
8.3966,0.9999999665110018,-0.00018299999387151331,-2.710505431213761e-20,0.00018299999387161314,0.0,0.0,9.8792,0.0,0.0,1.0,0.0,0.0,0.0,3.0903,0.0,0.0,3.14,0.0
8.4167,0.9999999646505019,-0.00018299999353104188,6.099999784368061e-05,0.00018299999353105226,0.0,0.0,9.8401,0.0,0.0,1.0,0.0,0.0,0.0,3.1942,0.0,0.0,3.14,0.0
8.4368,0.9999999665110018,-0.00018299999387151331,-2.710505431213761e-20,0.00018299999387161314,0.0,0.0,9.883,0.0,0.0,1.0,0.0,0.0,0.0,3.0787,0.0,0.0,3.14,0.0
8.4568,0.9999999609295024,-0.00012199999523339931,6.099999761669964e-05,0.00024399999046681442,0.0,0.0,9.8518,0.0,0.0,1.0,0.0,0.0,0.0,3.2019,0.0,0.0,3.14,0.0
8.4769,0.9999999516270035,-0.0001829999911477416,-6.099999704924724e-05,0.00024399998819690794,0.0,0.0,9.9144,0.0,0.0,1.0,0.0,0.0,0.0,3.071,0.0,0.0,3.14,0.0
8.497,0.9999999534875033,-0.00018299999148821313,-4.0657581468206416e-20,0.00024399998865098915,0.0,0.0,9.8478,0.0,0.0,1.0,0.0,0.0,0.0,3.2057,0.0,0.0,3.14,0.0
8.517,0.9999999516270035,-0.00018299999114774164,6.0999997049247184e-05,0.00024399998819690794,0.0,0.0,9.883,0.0,0.0,1.0,0.0,0.0,0.0,3.071,0.0,0.0,3.14,0.0
8.5371,0.9999999516270035,-0.00018299999114774164,6.0999997049247184e-05,0.00024399998819690794,0.0,0.0,9.883,0.0,0.0,1.0,0.0,0.0,0.0,3.2096,0.0,0.0,3.14,0.0
8.5572,0.9999999627900021,-0.00012199999546038027,-2.032879073410321e-20,0.00024399999092078464,0.0,0.0,9.77,0.0,0.0,1.0,0.0,0.0,0.0,3.0749,0.0,0.0,3.14,0.0
8.5772,0.9999999534875033,-0.00018299999148821313,-4.0657581468206416e-20,0.00024399998865098915,0.0,0.0,9.7266,0.0,0.0,1.0,0.0,0.0,0.0,3.2057,0.0,0.0,3.14,0.0
8.5973,0.9999999534875033,-0.00018299999148821313,-4.0657581468206416e-20,0.00024399998865098915,0.0,0.0,9.7307,0.0,0.0,1.0,0.0,0.0,0.0,3.071,0.0,0.0,3.14,0.0
8.6174,0.9999999534875033,-0.00018299999148821313,-4.0657581468206416e-20,0.00024399998865098915,0.0,0.0,9.7349,0.0,0.0,1.0,0.0,0.0,0.0,3.2096,0.0,0.0,3.14,0.0
8.6374,0.9999999534875033,-0.00018299999148821313,-4.0657581468206416e-20,0.00024399998865098915,0.0,0.0,9.7266,0.0,0.0,1.0,0.0,0.0,0.0,3.071,0.0,0.0,3.14,0.0
8.6575,0.9999999609295024,-0.00012199999523339931,6.099999761669964e-05,0.00024399999046681442,0.0,0.0,9.7701,0.0,0.0,1.0,0.0,0.0,0.0,3.2096,0.0,0.0,0.0,0.0
8.6776,0.9999999534875033,-0.00018299999148821313,-4.0657581468206416e-20,0.00024399998865098915,0.0,0.0,9.719,0.0,0.0,1.0,0.0,0.0,0.0,3.0248,0.0,0.0,0.0,0.0
8.6977,0.9999999609295024,-0.0001219999952333993,-6.0999997616699675e-05,0.00024399999046681442,0.0,0.0,9.7434,0.0,0.0,1.0,0.0,0.0,0.0,2.6285,0.0,0.0,0.0,0.0
8.7179,0.9999999609295024,-0.0001219999952333993,-6.0999997616699675e-05,0.00024399999046681442,0.0,0.0,9.6524,0.0,0.0,1.0,0.0,0.0,0.0,2.0974,0.0,0.0,0.0,0.0
8.738,0.9999999534875033,-0.00018299999148821313,-4.0657581468206416e-20,0.00024399998865098915,0.0,0.0,9.8478,0.0,0.0,1.0,0.0,0.0,0.0,1.5163,0.0,0.0,0.0,0.0
8.7581,0.9999999609295024,-0.00012199999523339931,6.099999761669964e-05,0.00024399999046681442,0.0,0.0,9.8087,0.0,0.0,1.0,0.0,0.0,0.0,1.0968,0.0,0.0,0.0,0.0
8.7782,0.9999999441850047,-0.00012199999319057058,6.099999659528526e-05,0.00030499998297633946,0.0,0.0,9.8086,0.0,0.0,1.0,0.0,0.0,0.0,0.7928,0.0,0.0,0.0,0.0
8.7982,0.9999999441850047,-0.00012199999319057058,6.099999659528526e-05,0.00030499998297633946,0.0,0.0,9.8523,0.0,0.0,1.0,0.0,0.0,0.0,0.5773,0.0,0.0,0.0,0.0
8.8183,0.9999999348825064,-0.0001829999880834987,6.0999996027832874e-05,0.0003049999801391645,0.0,0.0,9.8828,0.0,0.0,1.0,0.0,0.0,0.0,0.4272,0.0,0.0,0.0,0.0
8.8384,0.9999999348825064,-0.0001829999880834987,6.0999996027832874e-05,0.0003049999801391645,0.0,0.0,9.8868,0.0,0.0,1.0,0.0,0.0,0.0,0.3156,0.0,0.0,0.0,0.0
8.8584,0.9999999348825064,-0.0001829999880834987,6.0999996027832874e-05,0.0003049999801391645,0.0,0.0,9.84,0.0,0.0,1.0,0.0,0.0,0.0,0.2348,0.0,0.0,0.0,0.0
8.8785,0.9999999348825064,-0.0001829999880834987,6.0999996027832874e-05,0.0003049999801391645,0.0,0.0,9.8086,0.0,0.0,1.0,0.0,0.0,0.0,0.1732,0.0,0.0,0.0,0.0
8.8986,0.9999999386035057,-0.0001219999925096277,0.00012199999250962766,0.00030499998127409,0.0,0.0,9.8518,0.0,0.0,1.0,0.0,0.0,0.0,0.1347,0.0,0.0,0.0,0.0
8.9186,0.9999999441850047,-0.00012199999319057058,6.099999659528526e-05,0.00030499998297633946,0.0,0.0,9.8087,0.0,0.0,1.0,0.0,0.0,0.0,0.1039,0.0,0.0,0.0,0.0
8.9387,0.9999999348825064,-0.0001829999880834987,6.0999996027832874e-05,0.0003049999801391645,0.0,0.0,9.8087,0.0,0.0,1.0,0.0,0.0,0.0,0.0847,0.0,0.0,0.0,0.0
8.9588,0.9999999460455045,-0.00018299999012632735,0.00012199999341755153,0.00024399998683510837,0.0,0.0,9.8086,0.0,0.0,1.0,0.0,0.0,0.0,0.0693,0.0,0.0,0.0,0.0
8.9788,0.9999999460455045,-0.00018299999012632735,0.00012199999341755153,0.00024399998683510837,0.0,0.0,9.7656,0.0,0.0,1.0,0.0,0.0,0.0,-0.0385,0.0,0.0,0.0,0.0
8.9989,0.9999999460455045,-0.00018299999012632735,0.00012199999341755153,0.00024399998683510837,0.0,0.0,9.9338,0.0,0.0,1.0,0.0,0.0,0.0,0.05,0.0,0.0,0.0,0.0
9.019,0.9999999460455045,-0.00018299999012632735,0.00012199999341755153,0.00024399998683510837,0.0,0.0,9.8477,0.0,0.0,1.0,0.0,0.0,0.0,-0.0577,0.0,0.0,0.0,0.0
9.039,0.9999999460455045,-0.00012199999341755154,0.0001829999901263273,0.00024399998683510837,0.0,0.0,9.8518,0.0,0.0,1.0,0.0,0.0,0.0,0.0654,0.0,0.0,0.0,0.0
9.0591,0.9999999460455045,-0.00018299999012632735,0.00012199999341755153,0.00024399998683510837,0.0,0.0,9.8791,0.0,0.0,1.0,0.0,0.0,0.0,-0.0693,0.0,0.0,0.0,0.0
9.0792,0.999999936743006,-0.00018299998842397013,0.00018299998842397005,0.0002439999845652574,0.0,0.0,9.8087,0.0,0.0,1.0,0.0,0.0,0.0,0.0693,0.0,0.0,0.0,0.0
9.0993,0.9999999460455045,-0.00018299999012632735,0.00012199999341755153,0.00024399998683510837,0.0,0.0,9.8477,0.0,0.0,1.0,0.0,0.0,0.0,-0.0654,0.0,0.0,0.0,0.0
9.1194,0.9999999460455045,-0.00018299999012632735,0.00012199999341755153,0.00024399998683510837,0.0,0.0,9.8477,0.0,0.0,1.0,0.0,0.0,0.0,0.0693,0.0,0.0,0.0,0.0
9.1394,0.9999999516270035,-0.00018299999114774164,6.0999997049247184e-05,0.00024399998819690794,0.0,0.0,9.8438,0.0,0.0,1.0,0.0,0.0,0.0,-0.0654,0.0,0.0,0.0,0.0
9.1595,0.9999999460455045,-0.00018299999012632735,0.00012199999341755153,0.00024399998683510837,0.0,0.0,9.8086,0.0,0.0,1.0,0.0,0.0,0.0,0.0693,0.0,0.0,0.0,0.0
9.1796,0.9999999460455045,-0.00018299999012632735,0.00012199999341755153,0.00024399998683510837,0.0,0.0,9.8087,0.0,0.0,1.0,0.0,0.0,0.0,-0.0616,0.0,0.0,0.0,0.0
9.1997,0.9999999330220067,-0.00024399998365736968,0.0001219999918286848,0.000243999983657317,0.0,0.0,9.8478,0.0,0.0,1.0,0.0,0.0,0.0,0.0654,0.0,0.0,0.0,0.0
9.2198,0.9999999330220067,-0.00024399998365736968,0.0001219999918286848,0.000243999983657317,0.0,0.0,9.8088,0.0,0.0,1.0,0.0,0.0,0.0,-0.0616,0.0,0.0,0.0,0.0
9.2398,0.999999906975013,-0.0002439999773019032,0.00018299998297642735,0.00030499997162736214,0.0,0.0,9.8088,0.0,0.0,1.0,0.0,0.0,0.0,0.0577,0.0,0.0,0.0,0.0
9.2599,0.999999906975013,-0.0002439999773019032,0.00018299998297642735,0.00030499997162736214,0.0,0.0,9.7659,0.0,0.0,1.0,0.0,0.0,0.0,-0.0577,0.0,0.0,0.0,0.0
9.28,0.999999906975013,-0.0002439999773019032,0.00018299998297642735,0.00030499997162736214,0.0,0.0,9.8086,0.0,0.0,1.0,0.0,0.0,0.0,0.0616,0.0,0.0,0.0,0.0
9.3001,0.9999998995330152,-0.0003049999693575696,0.00012199998774302779,0.0003049999693575667,0.0,0.0,9.7659,0.0,0.0,1.0,0.0,0.0,0.0,-0.0539,0.0,0.0,0.0,0.0
9.3201,0.9999998958120163,-0.000365999961867198,0.00012199998728906591,0.00024399997457813519,0.0,0.0,9.8285,0.0,0.0,1.0,0.0,0.0,0.0,0.05,0.0,0.0,0.0,0.0
9.3402,0.9999999218590092,-0.00030499997616699774,6.099999523339952e-05,0.00024399998093355135,0.0,0.0,9.7777,0.0,0.0,1.0,0.0,0.0,0.0,-0.05,0.0,0.0,0.0,0.0
9.3603,0.9999999218590092,-0.00030499997616699774,6.099999523339952e-05,0.00024399998093355135,0.0,0.0,9.7656,0.0,0.0,1.0,0.0,0.0,0.0,0.0462,0.0,0.0,0.0,0.0
9.3803,0.9999999013935147,-0.00036599996391002644,6.0999993985004334e-05,0.00024399997593999023,0.0,0.0,9.7657,0.0,0.0,1.0,0.0,0.0,0.0,-0.0423,0.0,0.0,0.0,0.0
9.4004,0.9999999032540141,-0.0003659999645909692,-5.421010862427522e-20,0.00024399997639390492,0.0,0.0,9.7306,0.0,0.0,1.0,0.0,0.0,0.0,0.0423,0.0,0.0,0.0,0.0
9.4205,0.9999999013935147,-0.00036599996391002644,6.0999993985004334e-05,0.00024399997593999023,0.0,0.0,9.7346,0.0,0.0,1.0,0.0,0.0,0.0,-0.0346,0.0,0.0,0.0,0.0
9.4405,0.9999999032540141,-0.0003659999645909692,-5.421010862427522e-20,0.00024399997639390492,0.0,0.0,9.7306,0.0,0.0,1.0,0.0,0.0,0.0,0.0346,0.0,0.0,0.0,0.0
9.4606,0.9999999032540141,-0.0003659999645909692,-5.421010862427522e-20,0.00024399997639390492,0.0,0.0,9.7266,0.0,0.0,1.0,0.0,0.0,0.0,-0.0269,0.0,0.0,0.0,0.0
9.4807,0.9999998865095194,-0.0003659999584624841,-8.131516293641283e-20,0.00030499996538541074,0.0,0.0,9.8086,0.0,0.0,1.0,0.0,0.0,0.0,0.0231,0.0,0.0,0.0,0.0
9.5007,0.9999998623230285,-0.0004269999412119332,-8.131516293641283e-20,0.00030499995800847834,0.0,0.0,9.7266,0.0,0.0,1.0,0.0,0.0,0.0,-0.0231,0.0,0.0,0.0,0.0
9.5208,0.9999998604625293,-0.0004269999404175,-6.099999148821437e-05,0.00030499995744098785,0.0,0.0,9.7267,0.0,0.0,1.0,0.0,0.0,0.0,0.0115,0.0,0.0,0.0,0.0
9.5409,0.99999988464902,-0.0003659999577815414,-6.099999296359024e-05,0.0003049999648179758,0.0,0.0,9.7778,0.0,0.0,1.0,0.0,0.0,0.0,-0.0269,0.0,0.0,0.0,0.0
9.5609,0.9999998604625293,-0.0004269999404175,-6.099999148821437e-05,0.00030499995744098785,0.0,0.0,9.7656,0.0,0.0,1.0,0.0,0.0,0.0,0.0192,0.0,0.0,0.0,0.0
9.581,0.9999998604625293,-0.0004269999404175,-6.099999148821437e-05,0.00030499995744098785,0.0,0.0,9.7346,0.0,0.0,1.0,0.0,0.0,0.0,-0.0115,0.0,0.0,0.0,0.0
9.6011,0.9999998604625293,-0.0004269999404175,-6.099999148821437e-05,0.00030499995744098785,0.0,0.0,9.7581,0.0,0.0,1.0,0.0,0.0,0.0,0.0115,0.0,0.0,0.0,0.0
9.6211,0.9999998548810316,-0.0004269999380342005,-0.00012199998229548586,0.0003049999557386829,0.0,0.0,9.7657,0.0,0.0,1.0,0.0,0.0,0.0,-0.0077,0.0,0.0,0.0,0.0
9.6412,0.9999998604625293,-0.0004269999404175,-6.099999148821437e-05,0.00030499995744098785,0.0,0.0,9.7307,0.0,0.0,1.0,0.0,0.0,0.0,0.0,0.0,0.0,0.0,0.0
9.6613,0.99999988464902,-0.0003659999577815414,-6.099999296359024e-05,0.0003049999648179758,0.0,0.0,9.8129,0.0,0.0,1.0,0.0,0.0,0.0,0.0038,0.0,0.0,0.0,0.0
9.6814,0.9999998865095194,-0.0003659999584624841,-8.131516293641283e-20,0.00030499996538541074,0.0,0.0,9.7306,0.0,0.0,1.0,0.0,0.0,0.0,-0.0077,0.0,0.0,0.0,0.0
9.7015,0.9999998865095194,-0.0003659999584624841,-8.131516293641283e-20,0.00030499996538541074,0.0,0.0,9.8088,0.0,0.0,1.0,0.0,0.0,0.0,0.0154,0.0,0.0,0.0,0.0
9.7216,0.9999998604625293,-0.0004269999404175,-6.099999148821437e-05,0.00030499995744098785,0.0,0.0,9.7306,0.0,0.0,1.0,0.0,0.0,0.0,-0.0192,0.0,0.0,0.0,0.0
9.7417,0.9999998604625293,-0.0004269999404175,-6.099999148821437e-05,0.00030499995744098785,0.0,0.0,9.8088,0.0,0.0,1.0,0.0,0.0,0.0,0.0231,0.0,0.0,0.0,0.0
9.7617,0.9999998548810316,-0.0004269999380342005,-0.00012199998229548586,0.0003049999557386829,0.0,0.0,9.8086,0.0,0.0,1.0,0.0,0.0,0.0,-0.0308,0.0,0.0,0.0,0.0
9.7818,0.99999988464902,-0.0003659999577815414,-6.099999296359024e-05,0.0003049999648179758,0.0,0.0,9.8086,0.0,0.0,1.0,0.0,0.0,0.0,0.0385,0.0,0.0,0.0,0.0
9.8019,0.9999998790675221,-0.000365999955738713,-0.00012199998524623773,0.0003049999631156708,0.0,0.0,9.797,0.0,0.0,1.0,0.0,0.0,0.0,-0.0385,0.0,0.0,0.0,0.0
9.8219,0.99999988464902,-0.0003659999577815414,-6.099999296359024e-05,0.0003049999648179758,0.0,0.0,9.844,0.0,0.0,1.0,0.0,0.0,0.0,0.0423,0.0,0.0,0.0,0.0
9.842,0.9999998790675221,-0.000365999955738713,-0.00012199998524623773,0.0003049999631156708,0.0,0.0,9.8086,0.0,0.0,1.0,0.0,0.0,0.0,-0.0462,0.0,0.0,0.0,0.0
9.8621,0.9999998790675221,-0.000365999955738713,-0.00012199998524623773,0.0003049999631156708,0.0,0.0,9.797,0.0,0.0,1.0,0.0,0.0,0.0,0.0539,0.0,0.0,0.0,0.0
9.8821,0.9999998697650255,-0.0003659999523339993,-0.00018299997616699973,0.0003049999602783293,0.0,0.0,9.8477,0.0,0.0,1.0,0.0,0.0,0.0,-0.0539,0.0,0.0,0.0,0.0
9.9022,0.9999998790675221,-0.000365999955738713,-0.00012199998524623773,0.0003049999631156708,0.0,0.0,9.8086,0.0,0.0,1.0,0.0,0.0,0.0,0.0616,0.0,0.0,0.0,0.0
9.9223,0.9999998697650255,-0.0003659999523339993,-0.00018299997616699973,0.0003049999602783293,0.0,0.0,9.8088,0.0,0.0,1.0,0.0,0.0,0.0,-0.0616,0.0,0.0,0.0,0.0
9.9424,0.9999998790675221,-0.000365999955738713,-0.00012199998524623773,0.0003049999631156708,0.0,0.0,9.8438,0.0,0.0,1.0,0.0,0.0,0.0,0.0693,0.0,0.0,0.0,0.0
9.9624,0.9999998790675221,-0.000365999955738713,-0.00012199998524623773,0.0003049999631156708,0.0,0.0,9.8088,0.0,0.0,1.0,0.0,0.0,0.0,-0.0654,0.0,0.0,0.0,0.0
9.9825,0.99999988464902,-0.0003659999577815414,-6.099999296359024e-05,0.0003049999648179758,0.0,0.0,9.797,0.0,0.0,1.0,0.0,0.0,0.0,0.0654,0.0,0.0,0.0,0.0
10.0026,0.9999998995330152,-0.0003049999693575696,-0.00012199998774302787,0.0003049999693575667,0.0,0.0,9.7657,0.0,0.0,1.0,0.0,0.0,0.0,-0.0654,0.0,0.0,0.0,0.0
10.0226,0.9999998790675221,-0.000365999955738713,-0.00012199998524623773,0.0003049999631156708,0.0,0.0,9.7579,0.0,0.0,1.0,0.0,0.0,0.0,0.0693,0.0,0.0,0.0,0.0
10.0427,0.9999998790675221,-0.000365999955738713,-0.00012199998524623773,0.0003049999631156708,0.0,0.0,9.7266,0.0,0.0,1.0,0.0,0.0,0.0,-0.0654,0.0,0.0,0.0,0.0
10.0628,0.9999998697650255,-0.0003659999523339993,-0.00018299997616699973,0.0003049999602783293,0.0,0.0,9.7306,0.0,0.0,1.0,0.0,0.0,0.0,0.0693,0.0,0.0,0.0,0.0
10.0828,0.9999998790675221,-0.000365999955738713,-0.00012199998524623773,0.0003049999631156708,0.0,0.0,9.7656,0.0,0.0,1.0,0.0,0.0,0.0,-0.0616,0.0,0.0,0.0,0.0
10.1029,0.9999998697650255,-0.0003659999523339993,-0.00018299997616699973,0.0003049999602783293,0.0,0.0,9.7656,0.0,0.0,1.0,0.0,0.0,0.0,0.0654,0.0,0.0,0.0,0.0
10.123,0.9999998697650255,-0.0003659999523339993,-0.00018299997616699973,0.0003049999602783293,0.0,0.0,9.8087,0.0,0.0,1.0,0.0,0.0,0.0,-0.0616,0.0,0.0,0.0,0.0
10.143,0.9999998790675221,-0.000365999955738713,-0.00012199998524623773,0.0003049999631156708,0.0,0.0,9.7658,0.0,0.0,1.0,0.0,0.0,0.0,0.0654,0.0,0.0,0.0,0.0
10.1631,0.9999998958120163,-0.0003659999618671979,-0.00012199998728906603,0.00024399997457813519,0.0,0.0,9.7659,0.0,0.0,1.0,0.0,0.0,0.0,-0.0577,0.0,0.0,0.0,0.0
10.1832,0.9999998790675221,-0.000365999955738713,-0.00012199998524623773,0.0003049999631156708,0.0,0.0,9.8401,0.0,0.0,1.0,0.0,0.0,0.0,0.0577,0.0,0.0,0.0,0.0
10.2032,0.9999998548810316,-0.0004269999380342005,-0.00012199998229548586,0.0003049999557386829,0.0,0.0,9.7266,0.0,0.0,1.0,0.0,0.0,0.0,-0.0539,0.0,0.0,0.0,0.0
10.2233,0.9999998716255247,-0.00042699994518409913,-0.00012199998433831409,0.00024399996867663365,0.0,0.0,9.8477,0.0,0.0,1.0,0.0,0.0,0.0,0.0539,0.0,0.0,0.0,0.0
10.2434,0.9999998716255247,-0.00042699994518409913,-0.00012199998433831409,0.00024399996867663365,0.0,0.0,9.7659,0.0,0.0,1.0,0.0,0.0,0.0,-0.05,0.0,0.0,0.0,0.0
10.2634,0.9999998623230284,-0.00042699994121193305,-0.00018299997480511425,0.0002439999664069492,0.0,0.0,9.8086,0.0,0.0,1.0,0.0,0.0,0.0,0.05,0.0,0.0,0.0,0.0
10.2835,0.9999998623230284,-0.00042699994121193305,-0.00018299997480511425,0.0002439999664069492,0.0,0.0,9.8088,0.0,0.0,1.0,0.0,0.0,0.0,-0.05,0.0,0.0,0.0,0.0
10.3036,0.9999998623230284,-0.00042699994121193305,-0.00018299997480511425,0.0002439999664069492,0.0,0.0,9.84,0.0,0.0,1.0,0.0,0.0,0.0,0.0539,0.0,0.0,0.0,0.0
10.3236,0.9999998623230284,-0.00042699994121193305,-0.00018299997480511425,0.0002439999664069492,0.0,0.0,9.7657,0.0,0.0,1.0,0.0,0.0,0.0,-0.0654,0.0,0.0,0.0,0.0
10.3437,0.9999998623230284,-0.00042699994121193305,-0.00018299997480511425,0.0002439999664069492,0.0,0.0,9.84,0.0,0.0,1.0,0.0,0.0,0.0,0.0616,0.0,0.0,0.0,0.0
10.3638,0.9999998623230284,-0.00042699994121193305,-0.00018299997480511425,0.0002439999664069492,0.0,0.0,9.84,0.0,0.0,1.0,0.0,0.0,0.0,-0.0577,0.0,0.0,0.0,0.0
10.3838,0.9999998716255247,-0.00042699994518409913,-0.00012199998433831409,0.00024399996867663365,0.0,0.0,9.8828,0.0,0.0,1.0,0.0,0.0,0.0,0.0577,0.0,0.0,0.0,0.0
10.4039,0.9999998623230284,-0.00042699994121193305,-0.00018299997480511425,0.0002439999664069492,0.0,0.0,9.797,0.0,0.0,1.0,0.0,0.0,0.0,-0.0577,0.0,0.0,0.0,0.0
10.424,0.9999998623230284,-0.00042699994121193305,-0.00018299997480511425,0.0002439999664069492,0.0,0.0,9.8828,0.0,0.0,1.0,0.0,0.0,0.0,0.0577,0.0,0.0,0.0,0.0
10.444,0.9999998623230284,-0.00042699994121193305,-0.00018299997480511425,0.0002439999664069492,0.0,0.0,9.8477,0.0,0.0,1.0,0.0,0.0,0.0,-0.0539,0.0,0.0,0.0,0.0
10.4641,0.9999998548810316,-0.0004269999380342005,-0.00012199998229548586,0.0003049999557386829,0.0,0.0,9.8477,0.0,0.0,1.0,0.0,0.0,0.0,0.05,0.0,0.0,0.0,0.0
10.4842,0.9999998716255247,-0.00042699994518409913,-0.00012199998433831409,0.00024399996867663365,0.0,0.0,9.8477,0.0,0.0,1.0,0.0,0.0,0.0,-0.0462,0.0,0.0,0.0,0.0
10.5042,0.9999998716255247,-0.00042699994518409913,-0.00012199998433831409,0.00024399996867663365,0.0,0.0,9.84,0.0,0.0,1.0,0.0,0.0,0.0,0.0423,0.0,0.0,0.0,0.0
10.5243,0.9999998623230284,-0.00042699994121193305,-0.00018299997480511425,0.0002439999664069492,0.0,0.0,9.8518,0.0,0.0,1.0,0.0,0.0,0.0,-0.0423,0.0,0.0,0.0,0.0
10.5444,0.9999998716255247,-0.00042699994518409913,-0.00012199998433831409,0.00024399996867663365,0.0,0.0,9.8086,0.0,0.0,1.0,0.0,0.0,0.0,0.0385,0.0,0.0,0.0,0.0
10.5644,0.9999998344155412,-0.000487999919194784,-0.00018299996969804407,0.00024399995959734078,0.0,0.0,9.8438,0.0,0.0,1.0,0.0,0.0,0.0,-0.0308,0.0,0.0,0.0,0.0
10.5845,0.9999998437180366,-0.0004879999237344018,-0.00012199998093360048,0.00024399996186730277,0.0,0.0,9.797,0.0,0.0,1.0,0.0,0.0,0.0,0.0308,0.0,0.0,0.0,0.0
10.6045,0.9999998437180366,-0.0004879999237344018,-0.00012199998093360048,0.00024399996186730277,0.0,0.0,9.8088,0.0,0.0,1.0,0.0,0.0,0.0,-0.0308,0.0,0.0,0.0,0.0
10.6246,0.9999998437180366,-0.0004879999237344018,-0.00012199998093360048,0.00024399996186730277,0.0,0.0,9.8088,0.0,0.0,1.0,0.0,0.0,0.0,0.0308,0.0,0.0,0.0,0.0
10.6447,0.9999998716255247,-0.00042699994518409913,-0.00012199998433831409,0.00024399996867663365,0.0,0.0,9.7656,0.0,0.0,1.0,0.0,0.0,0.0,-0.0231,0.0,0.0,0.0,0.0
10.6647,0.9999998716255247,-0.00042699994518409913,-0.00012199998433831409,0.00024399996867663365,0.0,0.0,9.6875,0.0,0.0,1.0,0.0,0.0,0.0,0.0231,0.0,0.0,0.0,0.0
10.6848,0.9999998437180366,-0.0004879999237344018,-0.00012199998093360048,0.00024399996186730277,0.0,0.0,9.8477,0.0,0.0,1.0,0.0,0.0,0.0,-0.0154,0.0,0.0,0.0,0.0
10.7049,0.9999998437180366,-0.0004879999237344018,-0.00012199998093360048,0.00024399996186730277,0.0,0.0,9.7307,0.0,0.0,1.0,0.0,0.0,0.0,-0.0154,0.0,0.0,0.0,0.0
10.725,0.9999998437180366,-0.0004879999237344018,-0.00012199998093360048,0.00024399996186730277,0.0,0.0,9.8087,0.0,0.0,1.0,0.0,0.0,0.0,-0.0154,0.0,0.0,0.0,0.0
10.7451,0.999999826973545,-0.00048799991556308994,-0.00012199997889077254,0.0003049999472269916,0.0,0.0,9.641,0.0,0.0,1.0,0.0,0.0,0.0,0.0115,0.0,0.0,0.0,0.0
10.7651,0.9999998492995341,-0.0004879999264581727,-6.099999080727168e-05,0.00024399996322904682,0.0,0.0,9.9302,0.0,0.0,1.0,0.0,0.0,0.0,-0.0077,0.0,0.0,0.0,0.0
10.7852,0.9999998325550421,-0.0004879999182868605,-6.0999989785857635e-05,0.000304999948929241,0.0,0.0,9.719,0.0,0.0,1.0,0.0,0.0,0.0,0.0038,0.0,0.0,0.0,0.0
10.8053,0.9999998325550421,-0.0004879999182868605,-6.0999989785857635e-05,0.000304999948929241,0.0,0.0,9.9219,0.0,0.0,1.0,0.0,0.0,0.0,-0.0192,0.0,0.0,0.0,0.0
10.8253,0.9999998623230285,-0.0004269999412119332,-8.131516293641283e-20,0.00030499995800847834,0.0,0.0,9.8128,0.0,0.0,1.0,0.0,0.0,0.0,-0.0154,0.0,0.0,0.0,0.0
10.8454,0.9999998623230285,-0.0004269999412119332,-8.131516293641283e-20,0.00030499995800847834,0.0,0.0,9.84,0.0,0.0,1.0,0.0,0.0,0.0,-0.0154,0.0,0.0,0.0,0.0
10.8655,0.9999998139500519,-0.00048799990920762523,-8.131516293641283e-20,0.0003659999319056695,0.0,0.0,9.7306,0.0,0.0,1.0,0.0,0.0,0.0,-0.0154,0.0,0.0,0.0,0.0
10.8855,0.9999998139500519,-0.00048799990920762523,-8.131516293641283e-20,0.0003659999319056695,0.0,0.0,9.8868,0.0,0.0,1.0,0.0,0.0,0.0,0.0115,0.0,0.0,0.0,0.0
10.9056,0.9999998344155412,-0.00048799991919478406,-8.131516293641283e-20,0.00030499994949662046,0.0,0.0,9.6135,0.0,0.0,1.0,0.0,0.0,0.0,-0.0077,0.0,0.0,0.0,0.0
10.9257,0.9999998344155412,-0.00048799991919478406,-8.131516293641283e-20,0.00030499994949662046,0.0,0.0,9.8086,0.0,0.0,1.0,0.0,0.0,0.0,0.0038,0.0,0.0,0.0,0.0
10.9457,0.999999812089553,-0.00048799990829970186,-6.0999988537462855e-05,0.0003659999312247142,0.0,0.0,9.6058,0.0,0.0,1.0,0.0,0.0,0.0,-0.0038,0.0,0.0,0.0,0.0
10.9658,0.9999998139500519,-0.00048799990920762523,-8.131516293641283e-20,0.0003659999319056695,0.0,0.0,9.8086,0.0,0.0,1.0,0.0,0.0,0.0,0.0038,0.0,0.0,0.0,0.0
10.9859,0.9999998139500519,-0.00048799990920762523,-8.131516293641283e-20,0.0003659999319056695,0.0,0.0,9.5703,0.0,0.0,1.0,0.0,0.0,0.0,-0.0192,0.0,0.0,0.0,0.0
11.006,0.999999782321571,-0.0005489998804945426,-1.0842021724855047e-19,0.00036599992032970713,0.0,0.0,9.7267,0.0,0.0,1.0,0.0,0.0,0.0,0.0115,0.0,0.0,0.0,0.0
11.0261,0.9999997804610723,-0.0005489998794731288,-6.099998660812547e-05,0.00036599991964869627,0.0,0.0,9.5705,0.0,0.0,1.0,0.0,0.0,0.0,-0.0192,0.0,0.0,0.0,0.0
11.0462,0.9999997804610723,-0.0005489998794731288,-6.099998660812547e-05,0.00036599991964869627,0.0,0.0,9.6606,0.0,0.0,1.0,0.0,0.0,0.0,0.0154,0.0,0.0,0.0,0.0
11.0663,0.9999997804610723,-0.0005489998794731288,-6.099998660812547e-05,0.00036599991964869627,0.0,0.0,9.6056,0.0,0.0,1.0,0.0,0.0,0.0,-0.0154,0.0,0.0,0.0,0.0
11.0864,0.9999997804610723,-0.0005489998794731288,-6.099998660812547e-05,0.00036599991964869627,0.0,0.0,9.6608,0.0,0.0,1.0,0.0,0.0,0.0,0.0115,0.0,0.0,0.0,0.0
11.1065,0.9999997804610723,-0.0005489998794731288,-6.099998660812547e-05,0.00036599991964869627,0.0,0.0,9.5743,0.0,0.0,1.0,0.0,0.0,0.0,-0.0115,0.0,0.0,0.0,0.0
11.1265,0.999999774879576,-0.0005489998764088874,-0.00012199997253530848,0.00036599991760588596,0.0,0.0,9.7266,0.0,0.0,1.0,0.0,0.0,0.0,0.0115,0.0,0.0,0.0,0.0
11.1467,0.9999997655770825,-0.0005489998713018182,-0.00018299995710060625,0.00036599991420122047,0.0,0.0,9.5708,0.0,0.0,1.0,0.0,0.0,0.0,-0.0038,0.0,0.0,0.0,0.0
11.1667,0.9999997860425687,-0.0005489998825373702,-0.00018299996084579015,0.0003049999347429222,0.0,0.0,9.8087,0.0,0.0,1.0,0.0,0.0,0.0,0.0038,0.0,0.0,0.0,0.0
11.1868,0.999999795345063,-0.0005489998876444395,-0.00012199997503209775,0.00030499993758026367,0.0,0.0,9.5703,0.0,0.0,1.0,0.0,0.0,0.0,-0.0038,0.0,0.0,0.0,0.0
11.2069,0.999999774879576,-0.0005489998764088874,-0.00012199997253530848,0.00036599991760588596,0.0,0.0,9.8482,0.0,0.0,1.0,0.0,0.0,0.0,0.0,0.0,0.0,0.0,0.0
11.227,0.999999752553592,-0.000548999864151922,-0.00024399993962307656,0.00036599990943458893,0.0,0.0,9.6566,0.0,0.0,1.0,0.0,0.0,0.0,0.0077,0.0,0.0,0.0,0.0
11.2471,0.999999774879576,-0.0005489998764088874,-0.00012199997253530848,0.00036599991760588596,0.0,0.0,9.7629,0.0,0.0,1.0,0.0,0.0,0.0,-0.0077,0.0,0.0,0.0,0.0
11.2672,0.9999997655770825,-0.0005489998713018182,-0.00018299995710060625,0.00036599991420122047,0.0,0.0,9.684,0.0,0.0,1.0,0.0,0.0,0.0,0.0115,0.0,0.0,0.0,0.0
11.2873,0.999999752553592,-0.000548999864151922,-0.00024399993962307656,0.00036599990943458893,0.0,0.0,9.7659,0.0,0.0,1.0,0.0,0.0,0.0,-0.0154,0.0,0.0,0.0,0.0
11.3073,0.9999997358091047,-0.0005489998549591985,-0.000304999919421777,0.00036599990330615784,0.0,0.0,9.6058,0.0,0.0,1.0,0.0,0.0,0.0,0.0115,0.0,0.0,0.0,0.0
11.3274,0.999999752553592,-0.000548999864151922,-0.00024399993962307656,0.00036599990943458893,0.0,0.0,9.7659,0.0,0.0,1.0,0.0,0.0,0.0,-0.0192,0.0,0.0,0.0,0.0
11.3475,0.9999997841820699,-0.00048799989468085005,-0.0002439999473404251,0.0003659999210106069,0.0,0.0,9.9219,0.0,0.0,1.0,0.0,0.0,0.0,0.0038,0.0,0.0,0.0,0.0
11.3676,0.9999997972055618,-0.0004879999010363142,-0.00018299996288861792,0.00036599992577729395,0.0,0.0,9.7579,0.0,0.0,1.0,0.0,0.0,0.0,-0.0077,0.0,0.0,0.0,0.0
11.3877,0.999999825113046,-0.0004269999253232707,-0.0001829999679956875,0.0003659999359913457,0.0,0.0,9.9263,0.0,0.0,1.0,0.0,0.0,0.0,0.0038,0.0,0.0,0.0,0.0
11.4078,0.9999998344155412,-0.00042699992929543613,-0.00012199997979869608,0.0003659999393960667,0.0,0.0,9.797,0.0,0.0,1.0,0.0,0.0,0.0,-0.0077,0.0,0.0,0.0,0.0
11.4279,0.999999812089553,-0.0004269999197622391,-0.00024399995414985104,0.0003659999312247142,0.0,0.0,9.8477,0.0,0.0,1.0,0.0,0.0,0.0,0.0038,0.0,0.0,0.0,0.0
11.448,0.999999795345063,-0.0004269999126123418,-0.00030499993758024426,0.0003659999250962831,0.0,0.0,9.732,0.0,0.0,1.0,0.0,0.0,0.0,-0.0077,0.0,0.0,0.0,0.0
11.4681,0.999999795345063,-0.0004269999126123418,-0.00030499993758024426,0.0003659999250962831,0.0,0.0,9.8828,0.0,0.0,1.0,0.0,0.0,0.0,0.0,0.0,0.0,0.0,0.0
11.4882,0.999999795345063,-0.0004269999126123418,-0.00030499993758024426,0.0003659999250962831,0.0,0.0,9.7306,0.0,0.0,1.0,0.0,0.0,0.0,-0.0077,0.0,0.0,0.0,0.0
11.5083,0.999999774879576,-0.00042699990387357897,-0.00036599991760592494,0.00036599991760588596,0.0,0.0,9.8438,0.0,0.0,1.0,0.0,0.0,0.0,0.0038,0.0,0.0,0.0,0.0
11.5283,0.9999997506930933,-0.0004269998935459508,-0.00036599990875367213,0.00042699989354599843,0.0,0.0,9.684,0.0,0.0,1.0,0.0,0.0,0.0,-0.0077,0.0,0.0,0.0,0.0
11.5484,0.9999997265066123,-0.00042699988321832336,-0.0004269998832183236,0.0004269998832183708,0.0,0.0,9.8447,0.0,0.0,1.0,0.0,0.0,0.0,0.0,0.0,0.0,0.0,0.0
11.5685,0.9999997265066123,-0.00042699988321832336,-0.0004269998832183236,0.0004269998832183708,0.0,0.0,9.7579,0.0,0.0,1.0,0.0,0.0,0.0,-0.0077,0.0,0.0,0.0,0.0
11.5887,0.9999996111557269,-0.0004879998102439947,-0.0005489997865244941,0.00048799981024399974,0.0,0.0,9.8086,0.0,0.0,1.0,0.0,0.0,0.0,0.0,0.0,0.0,0.0,0.0
11.6087,0.99999957580627,-0.00048799979299345966,-0.0006099997412418248,0.00048799979299340995,0.0,0.0,9.6885,0.0,0.0,1.0,0.0,0.0,0.0,0.0,0.0,0.0,0.0,0.0
11.6288,0.9999994269664926,-0.0006099996504495604,-0.0007319995805394727,0.00048799972035967754,0.0,0.0,9.9082,0.0,0.0,1.0,0.0,0.0,0.0,0.0038,0.0,0.0,0.0,0.0
11.6489,0.9999994269664926,-0.0006099996504495604,-0.0007319995805394727,0.00048799972035967754,0.0,0.0,9.7211,0.0,0.0,1.0,0.0,0.0,0.0,-0.0077,0.0,0.0,0.0,0.0
11.669,0.9999994697579218,-0.000609999676552332,-0.0006709996442075656,0.0004879997412419179,0.0,0.0,9.8088,0.0,0.0,1.0,0.0,0.0,0.0,-0.0077,0.0,0.0,0.0,0.0
11.6891,0.9999995051073675,-0.0006709996679270436,-0.0005489997283039449,0.0004879997584923968,0.0,0.0,9.684,0.0,0.0,1.0,0.0,0.0,0.0,0.0038,0.0,0.0,0.0,0.0
11.7092,0.9999994269664926,-0.0007319995805394725,-0.0006099996504495606,0.00048799972035967754,0.0,0.0,9.88,0.0,0.0,1.0,0.0,0.0,0.0,-0.0077,0.0,0.0,0.0,0.0
11.7293,0.9999994269664926,-0.0007319995805394725,-0.0006099996504495606,0.00048799972035967754,0.0,0.0,9.7116,0.0,0.0,1.0,0.0,0.0,0.0,0.0038,0.0,0.0,0.0,0.0
11.7494,0.9999993413836508,-0.0007929994777172348,-0.0006709995580684296,0.0004879996785951968,0.0,0.0,9.7505,0.0,0.0,1.0,0.0,0.0,0.0,-0.0115,0.0,0.0,0.0,0.0
11.7695,0.9999994158035119,-0.0006709996080041566,-0.0007319995723681709,0.0004269997505480516,0.0,0.0,9.6606,0.0,0.0,1.0,0.0,0.0,0.0,0.0115,0.0,0.0,0.0,0.0
11.7896,0.9999994306874862,-0.0006709996179913032,-0.0006709996179913033,0.0004879997221755583,0.0,0.0,9.8518,0.0,0.0,1.0,0.0,0.0,0.0,-0.0192,0.0,0.0,0.0,0.0
11.8097,0.9999993451046434,-0.0007319995206165989,-0.0007319995206165992,0.00048799968041102204,0.0,0.0,9.6814,0.0,0.0,1.0,0.0,0.0,0.0,0.0154,0.0,0.0,0.0,0.0
11.8297,0.9999993451046434,-0.0007319995206165989,-0.0007319995206165992,0.00048799968041102204,0.0,0.0,9.6814,0.0,0.0,1.0,0.0,0.0,0.0,-0.0192,0.0,0.0,0.0,0.0
11.8499,0.9999994548739458,-0.0007319996009677282,-0.000609999667473107,0.00042699976723115096,0.0,0.0,9.7399,0.0,0.0,1.0,0.0,0.0,0.0,0.0154,0.0,0.0,0.0,0.0
11.8699,0.9999994548739458,-0.0007319996009677282,-0.000609999667473107,0.00042699976723115096,0.0,0.0,9.7266,0.0,0.0,1.0,0.0,0.0,0.0,-0.0192,0.0,0.0,0.0,0.0
11.89,0.999999387896062,-0.0007319995519399173,-0.0006709995892782578,0.0004879997012932623,0.0,0.0,9.7657,0.0,0.0,1.0,0.0,0.0,0.0,0.0154,0.0,0.0,0.0,0.0
11.9102,0.9999993413836508,-0.0007929994777172348,-0.0006709995580684296,0.0004879996785951968,0.0,0.0,9.7579,0.0,0.0,1.0,0.0,0.0,0.0,-0.0154,0.0,0.0,0.0,0.0
11.9303,0.999999387896062,-0.0007319995519399173,-0.0006709995892782578,0.0004879997012932623,0.0,0.0,9.7778,0.0,0.0,1.0,0.0,0.0,0.0,0.0115,0.0,0.0,0.0,0.0
11.9504,0.999999266963806,-0.0007929994187022982,-0.0007319994634175061,0.0005489995975631046,0.0,0.0,9.7899,0.0,0.0,1.0,0.0,0.0,0.0,-0.0269,0.0,0.0,0.0,0.0
11.9705,0.999999266963806,-0.0007929994187022982,-0.0007319994634175061,0.0005489995975631046,0.0,0.0,9.7267,0.0,0.0,1.0,0.0,0.0,0.0,0.0231,0.0,0.0,0.0,0.0
11.9906,0.9999992595218224,-0.0008539993676316363,-0.0006709995031391431,0.0005489995934774838,0.0,0.0,9.7656,0.0,0.0,1.0,0.0,0.0,0.0,-0.0308,0.0,0.0,0.0,0.0
12.0107,0.999999384175069,-0.0007929995116508294,-0.0005489996619121129,0.0005489996619120752,0.0,0.0,9.7346,0.0,0.0,1.0,0.0,0.0,0.0,0.0308,0.0,0.0,0.0,0.0
12.0308,0.9999993339416655,-0.0008539994311861823,-0.0005489996343339744,0.0005489996343339687,0.0,0.0,9.762,0.0,0.0,1.0,0.0,0.0,0.0,-0.0385,0.0,0.0,0.0,0.0
12.0509,0.9999993655701038,-0.0008539994581968686,-0.0004879996903982108,0.0005489996516979679,0.0,0.0,9.7306,0.0,0.0,1.0,0.0,0.0,0.0,0.0346,0.0,0.0,0.0,0.0
12.071,0.9999993971985451,-0.0008539994852075575,-0.00048799970583289016,0.00048799970583285335,0.0,0.0,9.7658,0.0,0.0,1.0,0.0,0.0,0.0,-0.0385,0.0,0.0,0.0,0.0
12.0911,0.999999475339413,-0.0007929995839441546,-0.00042699977596992943,0.00048799974396557255,0.0,0.0,9.8088,0.0,0.0,1.0,0.0,0.0,0.0,0.0346,0.0,0.0,0.0,0.0
12.1112,0.9999994995258757,-0.0007929996031240193,-0.0003659998168264705,0.0004879997557685756,0.0,0.0,9.7314,0.0,0.0,1.0,0.0,0.0,0.0,-0.0346,0.0,0.0,0.0,0.0
12.1313,0.9999994883628927,-0.0007929995942717738,-0.0003049998439506824,0.000548999719111265,0.0,0.0,9.7753,0.0,0.0,1.0,0.0,0.0,0.0,0.0346,0.0,0.0,0.0,0.0
12.1513,0.9999994678974248,-0.0007929995780426576,-0.0003659998052504575,0.0005489997078757526,0.0,0.0,9.7979,0.0,0.0,1.0,0.0,0.0,0.0,-0.0346,0.0,0.0,0.0,0.0
12.1714,0.9999994678974248,-0.0007929995780426576,-0.0003659998052504575,0.0005489997078757526,0.0,0.0,9.6919,0.0,0.0,1.0,0.0,0.0,0.0,0.0346,0.0,0.0,0.0,0.0
12.1915,0.9999994883628927,-0.0007929995942717738,-0.0003049998439506824,0.000548999719111265,0.0,0.0,9.7546,0.0,0.0,1.0,0.0,0.0,0.0,-0.0385,0.0,0.0,0.0,0.0
12.2115,0.9999995051073675,-0.0007929996075501424,-0.00024399987924619783,0.0005489997283038561,0.0,0.0,9.6876,0.0,0.0,1.0,0.0,0.0,0.0,0.0346,0.0,0.0,0.0,0.0
12.2316,0.9999996055742334,-0.0007319997112803388,-0.00012199995188005652,0.0004879998075202896,0.0,0.0,9.913,0.0,0.0,1.0,0.0,0.0,0.0,-0.0385,0.0,0.0,0.0,0.0
12.2517,0.9999996539471796,-0.0006709997677985576,-6.099997889077801e-05,0.0004879998311262401,0.0,0.0,9.7083,0.0,0.0,1.0,0.0,0.0,0.0,0.0346,0.0,0.0,0.0,0.0
12.2717,0.9999995795272653,-0.0007319996922139581,-6.099997435116329e-05,0.0005489997691605076,0.0,0.0,9.7546,0.0,0.0,1.0,0.0,0.0,0.0,-0.0346,0.0,0.0,0.0,0.0
12.2918,0.999999527433335,-0.0007929996252546347,-0.00012199994234686701,0.0005489997405609404,0.0,0.0,9.762,0.0,0.0,1.0,0.0,0.0,0.0,0.0346,0.0,0.0,0.0,0.0
12.3119,0.9999995590617917,-0.0007929996503360008,-0.00012199994620553865,0.0004879997848221685,0.0,0.0,9.7266,0.0,0.0,1.0,0.0,0.0,0.0,-0.0385,0.0,0.0,0.0,0.0
12.3319,0.9999996055742334,-0.0007319997112803388,-0.00012199995188005652,0.0004879998075202896,0.0,0.0,9.7656,0.0,0.0,1.0,0.0,0.0,0.0,0.0423,0.0,0.0,0.0,0.0
12.352,0.9999995497593042,-0.000792999642959128,-0.0001829999176059528,0.000487999780282522,0.0,0.0,9.8086,0.0,0.0,1.0,0.0,0.0,0.0,-0.0423,0.0,0.0,0.0,0.0
12.3721,0.9999995646432843,-0.0007929996547621245,-6.0999973443240406e-05,0.0004879997875459341,0.0,0.0,9.883,0.0,0.0,1.0,0.0,0.0,0.0,0.0423,0.0,0.0,0.0,0.0
12.3921,0.9999995739457723,-0.0007319996881283054,-0.00012199994802138429,0.0005489997660961254,0.0,0.0,9.8562,0.0,0.0,1.0,0.0,0.0,0.0,-0.05,0.0,0.0,0.0,0.0
12.4122,0.9999995795272653,-0.0007319996922139581,-6.099997435116329e-05,0.0005489997691605076,0.0,0.0,9.8478,0.0,0.0,1.0,0.0,0.0,0.0,0.05,0.0,0.0,0.0,0.0
12.4323,0.9999995348753246,-0.0007929996311561322,-1.0842021724855044e-19,0.0005489997446464501,0.0,0.0,9.8872,0.0,0.0,1.0,0.0,0.0,0.0,-0.05,0.0,0.0,0.0,0.0
12.4524,0.9999995795272653,-0.0007319996922139582,6.099997435116302e-05,0.0005489997691605076,0.0,0.0,9.9221,0.0,0.0,1.0,0.0,0.0,0.0,0.05,0.0,0.0,0.0,0.0
12.4725,0.9999995330148271,-0.0007929996296807578,6.099997151390427e-05,0.0005489997436251004,0.0,0.0,9.844,0.0,0.0,1.0,0.0,0.0,0.0,-0.0577,0.0,0.0,0.0,0.0
12.4925,0.9999995813877629,-0.0007319996935758425,-1.0842021724855044e-19,0.0005489997701818017,0.0,0.0,9.8955,0.0,0.0,1.0,0.0,0.0,0.0,0.0577,0.0,0.0,0.0,0.0
12.5127,0.9999995330148271,-0.0007929996296807578,-6.099997151390454e-05,0.0005489997436251004,0.0,0.0,9.7938,0.0,0.0,1.0,0.0,0.0,0.0,-0.0577,0.0,0.0,0.0,0.0
12.5327,0.9999995330148271,-0.0007929996296807578,6.099997151390427e-05,0.0005489997436251004,0.0,0.0,9.8869,0.0,0.0,1.0,0.0,0.0,0.0,0.0577,0.0,0.0,0.0,0.0
12.5528,0.9999995646432843,-0.0007929996547621245,6.099997344324019e-05,0.0004879997875459341,0.0,0.0,9.8289,0.0,0.0,1.0,0.0,0.0,0.0,-0.0616,0.0,0.0,0.0,0.0
12.5729,0.9999995962717445,-0.000731999704470917,0.00018299992611772926,0.00048799980298058765,0.0,0.0,9.8095,0.0,0.0,1.0,0.0,0.0,0.0,0.0654,0.0,0.0,0.0,0.0
12.593,0.9999996390631954,-0.0006709997578114043,0.00018299993394856463,0.00048799982386288354,0.0,0.0,9.961,0.0,0.0,1.0,0.0,0.0,0.0,-0.0731,0.0,0.0,0.0,0.0
12.613,0.9999996390631954,-0.0006709997578114043,0.00018299993394856463,0.00048799982386288354,0.0,0.0,9.7656,0.0,0.0,1.0,0.0,0.0,0.0,0.0616,0.0,0.0,0.0,0.0
12.6331,0.9999995962717445,-0.000731999704470917,0.00018299992611772926,0.00048799980298058765,0.0,0.0,9.9228,0.0,0.0,1.0,0.0,0.0,0.0,-0.0654,0.0,0.0,0.0,0.0
12.6532,0.9999995832482605,-0.000731999694937727,0.0002439998983125755,0.000487999796625227,0.0,0.0,9.8014,0.0,0.0,1.0,0.0,0.0,0.0,0.0693,0.0,0.0,0.0,0.0
12.6732,0.9999995739457723,-0.0007319996881283054,0.00012199994802138418,0.0005489997660961254,0.0,0.0,9.8447,0.0,0.0,1.0,0.0,0.0,0.0,-0.0731,0.0,0.0,0.0,0.0
12.6933,0.9999996074347312,-0.0006709997365887047,0.00018299992816055567,0.0005489997844815853,0.0,0.0,9.8128,0.0,0.0,1.0,0.0,0.0,0.0,0.0693,0.0,0.0,0.0,0.0
12.7134,0.9999995739457723,-0.0007319996881283054,0.00012199994802138418,0.0005489997660961254,0.0,0.0,9.8285,0.0,0.0,1.0,0.0,0.0,0.0,-0.0693,0.0,0.0,0.0,0.0
12.7335,0.9999996074347312,-0.0006709997365887047,0.00018299992816055567,0.0005489997844815853,0.0,0.0,9.8052,0.0,0.0,1.0,0.0,0.0,0.0,0.0693,0.0,0.0,0.0,0.0
12.7535,0.9999996074347312,-0.0006709997365887047,0.00018299992816055567,0.0005489997844815853,0.0,0.0,9.8477,0.0,0.0,1.0,0.0,0.0,0.0,-0.0693,0.0,0.0,0.0,0.0
12.7736,0.9999996074347312,-0.0006709997365887047,0.00018299992816055567,0.0005489997844815853,0.0,0.0,9.7345,0.0,0.0,1.0,0.0,0.0,0.0,0.0693,0.0,0.0,0.0,0.0
12.7937,0.9999996167372204,-0.000670999742830675,0.00012199995324194077,0.0005489997895886668,0.0,0.0,9.8477,0.0,0.0,1.0,0.0,0.0,0.0,-0.0693,0.0,0.0,0.0,0.0
12.8137,0.9999996074347312,-0.0006709997365887047,0.00018299992816055567,0.0005489997844815853,0.0,0.0,9.731,0.0,0.0,1.0,0.0,0.0,0.0,0.0693,0.0,0.0,0.0,0.0
12.8338,0.9999996167372204,-0.000670999742830675,0.00012199995324194077,0.0005489997895886668,0.0,0.0,9.8014,0.0,0.0,1.0,0.0,0.0,0.0,-0.0693,0.0,0.0,0.0,0.0
12.8539,0.9999996874361466,-0.0006099998093360494,0.00012199996186720982,0.0004879998474688896,0.0,0.0,9.7345,0.0,0.0,1.0,0.0,0.0,0.0,0.0654,0.0,0.0,0.0,0.0
12.8739,0.9999996167372204,-0.000670999742830675,0.00012199995324194077,0.0005489997895886668,0.0,0.0,9.8285,0.0,0.0,1.0,0.0,0.0,0.0,-0.0654,0.0,0.0,0.0,0.0
12.894,0.9999996465051875,-0.0006099997843681643,0.0001829999353104492,0.0005489998059313161,0.0,0.0,9.7267,0.0,0.0,1.0,0.0,0.0,0.0,0.0654,0.0,0.0,0.0,0.0
12.9141,0.9999996465051875,-0.0006099997843681643,0.0001829999353104492,0.0005489998059313161,0.0,0.0,9.7656,0.0,0.0,1.0,0.0,0.0,0.0,-0.0693,0.0,0.0,0.0,0.0
12.9341,0.9999996334817016,-0.0006099997764238379,0.0002439999105695351,0.0005489997987814244,0.0,0.0,9.7777,0.0,0.0,1.0,0.0,0.0,0.0,0.0654,0.0,0.0,0.0,0.0
12.9542,0.9999996465051875,-0.0006099997843681643,0.0001829999353104492,0.0005489998059313161,0.0,0.0,9.762,0.0,0.0,1.0,0.0,0.0,0.0,-0.0654,0.0,0.0,0.0,0.0
12.9743,0.9999996334817016,-0.0006099997764238379,0.0002439999105695351,0.0005489997987814244,0.0,0.0,9.7665,0.0,0.0,1.0,0.0,0.0,0.0,0.0654,0.0,0.0,0.0,0.0
12.9943,0.9999996334817016,-0.0006099997764238379,0.0002439999105695351,0.0005489997987814244,0.0,0.0,9.7266,0.0,0.0,1.0,0.0,0.0,0.0,-0.0654,0.0,0.0,0.0,0.0
13.0144,0.9999996465051875,-0.0006099997843681643,0.0001829999353104492,0.0005489998059313161,0.0,0.0,9.8755,0.0,0.0,1.0,0.0,0.0,0.0,0.0654,0.0,0.0,0.0,0.0
13.0345,0.9999996334817016,-0.0006099997764238379,0.0002439999105695351,0.0005489997987814244,0.0,0.0,9.8013,0.0,0.0,1.0,0.0,0.0,0.0,-0.0654,0.0,0.0,0.0,0.0
13.0546,0.9999996520866816,-0.0005489998089955883,0.00030499989388643777,0.0005489998089955872,0.0,0.0,9.8438,0.0,0.0,1.0,0.0,0.0,0.0,0.0693,0.0,0.0,0.0,0.0
13.0746,0.9999996688311646,-0.0005489998181883093,0.00024399991919480407,0.0005489998181884004,0.0,0.0,9.8086,0.0,0.0,1.0,0.0,0.0,0.0,-0.0693,0.0,0.0,0.0,0.0
13.0947,0.9999996520866816,-0.0005489998089955883,0.00030499989388643777,0.0005489998089955872,0.0,0.0,9.8438,0.0,0.0,1.0,0.0,0.0,0.0,0.0654,0.0,0.0,0.0,0.0
13.1148,0.9999996520866816,-0.0005489998089955883,0.00030499989388643777,0.0005489998089955872,0.0,0.0,9.8438,0.0,0.0,1.0,0.0,0.0,0.0,-0.0654,0.0,0.0,0.0,0.0
13.1348,0.9999996520866816,-0.0005489998089955883,0.00030499989388643777,0.0005489998089955872,0.0,0.0,9.8438,0.0,0.0,1.0,0.0,0.0,0.0,0.0654,0.0,0.0,0.0,0.0
13.1549,0.9999996520866816,-0.0005489998089955883,0.00030499989388643777,0.0005489998089955872,0.0,0.0,9.8438,0.0,0.0,1.0,0.0,0.0,0.0,-0.0693,0.0,0.0,0.0,0.0
13.175,0.9999996520866816,-0.0005489998089955883,0.00030499989388643777,0.0005489998089955872,0.0,0.0038,9.8438,0.0,0.0,1.0,0.0,0.0,0.0,0.0654,0.0,0.0,0.0,0.0
13.195,0.9999996520866816,-0.0005489998089955883,0.00030499989388643777,0.0005489998089955872,0.0,0.0038,9.8438,0.0,0.0,1.0,0.0,0.0,0.0,-0.0654,0.0,0.0,0.0,0.0
13.2151,0.9999996520866816,-0.0005489998089955883,0.00030499989388643777,0.0005489998089955872,0.0,0.0038,9.8438,0.0,0.0,1.0,0.0,0.0,0.0,0.0654,0.0,0.0,0.0,0.0
13.2352,0.9999996520866816,-0.0005489998089955883,0.00030499989388643777,0.0005489998089955872,0.0,0.0038,9.8438,0.0,0.0,1.0,0.0,0.0,0.0,-0.0654,0.0,0.0,0.0,0.0
13.2552,0.9999996520866816,-0.0005489998089955883,0.00030499989388643777,0.0005489998089955872,0.0,0.0038,9.8438,0.0,0.0,1.0,0.0,0.0,0.0,0.0654,0.0,0.0,0.0,0.0
13.2753,0.9999996520866816,-0.0005489998089955883,0.00030499989388643777,0.0005489998089955872,0.0,0.0038,9.8438,0.0,0.0,1.0,0.0,0.0,0.0,-0.0654,0.0,0.0,0.0,0.0
13.2954,0.9999996520866816,-0.0005489998089955883,0.00030499989388643777,0.0005489998089955872,0.0,0.0038,9.8147,0.0,0.0,1.0,0.0,0.0,0.0,0.0654,0.0,0.0,0.0,0.0
13.3154,0.9999996520866816,-0.0005489998089955883,0.00030499989388643777,0.0005489998089955872,0.0,0.0038,9.8787,0.0,0.0,1.0,0.0,0.0,0.0,-0.0693,0.0,0.0,0.0,0.0
13.3355,0.9999996520866816,-0.0005489998089955883,0.00030499989388643777,0.0005489998089955872,0.0,0.0038,9.8437,0.0,0.0,1.0,0.0,0.0,0.0,0.0616,0.0,0.0,0.0,0.0
13.3556,0.9999996520866816,-0.0005489998089955883,0.00030499989388643777,0.0005489998089955872,0.0,0.0038,9.8832,0.0,0.0,1.0,0.0,0.0,0.0,-0.0654,0.0,0.0,0.0,0.0
13.3756,0.9999996520866816,-0.0005489998089955883,0.00030499989388643777,0.0005489998089955872,0.0,0.0038,9.8096,0.0,0.0,1.0,0.0,0.0,0.0,0.0693,0.0,0.0,0.0,0.0
13.3957,0.9999996520866816,-0.0005489998089955883,0.00030499989388643777,0.0005489998089955872,0.0,0.0038,9.8096,0.0,0.0,1.0,0.0,0.0,0.0,-0.0693,0.0,0.0,0.0,0.0
13.4158,0.9981761256439541,0.0603034304859271,0.002808020045511561,-0.00018300130638482237,0.0,0.0,9.8563,0.0,0.0,1.0,0.0,0.0,0.0,0.0654,0.0,0.0,0.0,0.0
13.4358,0.9981761349296203,0.06030343104690778,0.0028080200716335477,-0.00012200087205821442,0.0,0.0,9.767,0.0,0.0,1.0,0.0,0.0,0.0,-0.0654,0.0,0.0,0.0,0.0
13.4559,0.998176475028737,0.060303451593525674,0.0026860201147573155,-6.100045681317612e-05,0.0,0.0,9.7321,0.0,0.0,1.0,0.0,0.0,0.0,0.0654,0.0,0.0,0.0,0.0
13.476,0.9981769514618526,0.0603034803765736,0.002502019931051324,6.100048592888596e-05,0.0,0.0,9.8153,0.0,0.0,1.0,0.0,0.0,0.0,-0.0693,0.0,0.0,0.0,0.0
13.496,0.9981769514618526,0.0603034803765736,0.002502019931051324,6.100048592888596e-05,0.0,0.0,9.8153,0.0,0.0,1.0,0.0,0.0,0.0,0.0616,0.0,0.0,0.0,0.0
13.5161,0.9981803067163904,0.06024268238866243,0.002625029734574541,6.100069097492167e-05,0.0,0.0,9.7974,0.0,0.0,1.0,0.0,0.0,0.0,-0.0654,0.0,0.0,0.0,0.0
13.5362,0.9981801394505636,0.0602426722937507,0.0026860299754492734,0.000122001361505808,0.0,0.0,9.7778,0.0,0.0,1.0,0.0,0.0,0.0,0.0693,0.0,0.0,0.0,0.0
13.5562,0.9981802918591385,0.06024268149199005,0.002625029695502712,0.0001830020702007773,0.0,0.0,9.6544,0.0,0.0,1.0,0.0,0.0,0.0,-0.0693,0.0,0.0,0.0,0.0
13.5763,0.9981802788590436,0.06024268070740177,0.0026250296613148615,0.0002440027570898562,0.0,0.0,9.7668,0.0,0.0,1.0,0.0,0.0,0.0,0.0654,0.0,0.0,0.0,0.0
13.5963,0.9981842599273929,0.06018192004228787,0.002502038250374778,0.00024400373025229571,0.0,0.0,9.7635,0.0,0.0,1.0,0.0,0.0,0.0,-0.0654,0.0,0.0,0.0,0.0
13.6164,0.9981805768886052,0.06024269869423249,0.002502029018508191,0.0003050035374280169,0.0,0.0,9.8491,0.0,0.0,1.0,0.0,0.0,0.0,0.0654,0.0,0.0,0.0,0.0
13.6365,0.9981804393980481,0.06024269039633289,0.0025630293729590995,0.00024400279633318703,0.0,0.0,9.6458,0.0,0.0,1.0,0.0,0.0,0.0,-0.0693,0.0,0.0,0.0,0.0
13.6565,0.9981799517561203,0.0602426609659208,0.002747030139659792,0.00024400267713037274,0.0,0.0,9.7979,0.0,0.0,1.0,0.0,0.0,0.0,0.0654,0.0,0.0,0.0,0.0
13.6766,0.9981799647562024,0.060242661750508325,0.002747030175436524,0.00018300201023108142,0.0,0.0,9.8854,0.0,0.0,1.0,0.0,0.0,0.0,-0.0654,0.0,0.0,0.0,0.0
13.6967,0.9981724519807689,0.06036420875760232,0.0028080097109427424,0.00018300063287124413,0.0,0.0,9.7439,0.0,0.0,1.0,0.0,0.0,0.0,0.0654,0.0,0.0,0.0,0.0
13.7167,0.9981692708532683,0.06042501639633041,0.002625000712294045,0.00018300004965710046,0.0,0.0,9.8545,0.0,0.0,1.0,0.0,0.0,0.0,-0.0654,0.0,0.0,0.0,0.0
13.7368,0.9981692708532683,0.06042501639633041,0.002625000712294045,0.00018300004965710046,0.0,0.0,9.8594,0.0,0.0,1.0,0.0,0.0,0.0,0.0616,0.0,0.0,0.0,0.0
13.7569,0.9981764601716561,0.060303450695955677,0.0026860200747780005,0.00018300136771565167,0.0,0.0,9.7501,0.0,0.0,1.0,0.0,0.0,0.0,-0.0654,0.0,0.0,0.0,0.0
13.7769,0.9981727865047773,0.06036422898785113,0.0026860101892082766,0.0001830006942014073,0.0,0.0,9.6908,0.0,0.0,1.0,0.0,0.0,0.0,0.0654,0.0,0.0,0.0,0.0
13.797,0.9981691184497419,0.06042500717045476,0.0026860003187396224,0.00012200001447737474,0.0,0.0,9.7775,0.0,0.0,1.0,0.0,0.0,0.0,-0.0693,0.0,0.0,0.0,0.0
13.8171,0.9981686110981133,0.06042497645749718,0.0028689988821937918,0.00012199995246703345,0.0,0.0,9.729,0.0,0.0,1.0,0.0,0.0,0.0,0.0654,0.0,0.0,0.0,0.0
13.8371,0.9981722884331143,0.06036419886710218,0.0028690094518208954,0.00012200040192483774,0.0,0.0,9.6932,0.0,0.0,1.0,0.0,0.0,0.0,-0.0616,0.0,0.0,0.0,0.0
13.8572,0.9981722884331143,0.06036419886710218,0.0028690094518208954,0.00012200040192483774,0.0,0.0,9.8786,0.0,0.0,1.0,0.0,0.0,0.0,0.0654,0.0,0.0,0.0,0.0
13.8773,0.9981722884331143,0.06036419886710218,0.0028690094518208954,0.00012200040192483774,0.0,0.0,9.8786,0.0,0.0,1.0,0.0,0.0,0.0,-0.0654,0.0,0.0,0.0,0.0
13.8973,0.9981715599589832,0.06036415481282635,0.003113007983770604,0.00012200031288783775,0.0,0.0,9.767,0.0,0.0,1.0,0.0,0.0,0.0,0.0616,0.0,0.0,0.0,0.0
13.9174,0.9981715599589832,0.06036415481282635,0.003113007983770604,0.00012200031288783775,0.0,0.0,9.767,0.0,0.0,1.0,0.0,0.0,0.0,-0.0616,0.0,0.0,0.0,0.0
13.9375,0.9981717476486927,0.06036416616331071,0.003052008401206424,0.00012200033582798753,0.0,0.0,9.738,0.0,0.0,1.0,0.0,0.0,0.0,0.0654,0.0,0.0,0.0,0.0
13.9576,0.9981719223387396,0.060364176727644,0.002991008756748789,0.000183000535769029,0.0,0.0,9.8786,0.0,0.0,1.0,0.0,0.0,0.0,-0.0654,0.0,0.0,0.0,0.0
13.9776,0.9981722791475555,0.060364198305560515,0.0028690094251317654,0.00018300060118475736,0.0,0.0,9.7319,0.0,0.0,1.0,0.0,0.0,0.0,0.0616,0.0,0.0,0.0,0.0
13.9977,0.9981724519807689,0.06036420875760232,0.0028080097109427424,0.00018300063287124413,0.0,0.0,9.8095,0.0,0.0,1.0,0.0,0.0,0.0,-0.0616,0.0,0.0,0.0,0.0
14.0178,0.9981726210998446,0.06036421898503262,0.0027470099654079427,0.00018300066387683112,0.0,0.0,9.7432,0.0,0.0,1.0,0.0,0.0,0.0,0.0654,0.0,0.0,0.0,0.0
14.0379,0.9981727865047773,0.06036422898785113,0.0026860101892082766,0.0001830006942014073,0.0,0.0,9.805,0.0,0.0,1.0,0.0,0.0,0.0,-0.0654,0.0,0.0,0.0,0.0
14.0579,0.9981767824014655,0.06030347016302407,0.002563019982883629,0.00018300142679200662,0.0,0.0,9.7319,0.0,0.0,1.0,0.0,0.0,0.0,0.0616,0.0,0.0,0.0,0.0
14.078,0.9981731087310288,0.06036424847439645,0.0025630105499946762,0.0001830007532770961,0.0,0.0,9.8095,0.0,0.0,1.0,0.0,0.0,0.0,-0.0616,0.0,0.0,0.0,0.0
14.0981,0.9981732629326113,0.06036425779969539,0.0025020106854224057,0.0001830007815477042,0.0,0.0,9.7668,0.0,0.0,1.0,0.0,0.0,0.0,0.0654,0.0,0.0,0.0,0.0
14.1182,0.9981734134200291,0.060364266900381235,0.0024410107929201293,0.00018300080913735695,0.0,0.0,9.7321,0.0,0.0,1.0,0.0,0.0,0.0,-0.0654,0.0,0.0,0.0,0.0
14.1382,0.9981731087310288,0.06036424847439645,0.0025630105499946762,0.0001830007532770961,0.0,0.0,9.8484,0.0,0.0,1.0,0.0,0.0,0.0,0.0616,0.0,0.0,0.0,0.0
14.1583,0.9981734134200291,0.060364266900381235,0.0024410107929201293,0.00018300080913735695,0.0,0.0,9.6885,0.0,0.0,1.0,0.0,0.0,0.0,-0.0616,0.0,0.0,0.0,0.0
14.1784,0.9981698828442205,0.06042505344371747,0.002380002105023559,0.00018300016185685,0.0,0.0,9.8049,0.0,0.0,1.0,0.0,0.0,0.0,0.0654,0.0,0.0,0.0,0.0
14.1984,0.9981698828442205,0.06042505344371747,0.002380002105023559,0.00018300016185685,0.0,0.0,9.7624,0.0,0.0,1.0,0.0,0.0,0.0,-0.0654,0.0,0.0,0.0,0.0
14.2185,0.9981698828442205,0.06042505344371747,0.002380002105023559,0.00018300016185685,0.0,0.0,9.8492,0.0,0.0,1.0,0.0,0.0,0.0,0.0654,0.0,0.0,0.0,0.0
14.2386,0.9981663541629536,0.0604858396703368,0.002318993853048828,0.00012199967661574718,0.0,0.0,9.7273,0.0,0.0,1.0,0.0,0.0,0.0,-0.0654,0.0,0.0,0.0,0.0
14.2586,0.9981662018216508,0.06048583043891802,0.0023799933281193203,0.0001829994869940732,0.0,0.0,9.8493,0.0,0.0,1.0,0.0,0.0,0.0,0.0654,0.0,0.0,0.0,0.0
14.2791,0.9981663541629536,0.0604858396703368,0.002318993853048828,0.00012199967661574718,0.0,0.0,9.7239,0.0,0.0,1.0,0.0,0.0,0.0,-0.0654,0.0,0.0,0.0,0.0
14.2991,0.9981663541629536,0.0604858396703368,0.002318993853048828,0.00012199967661574718,0.0,0.0,9.8493,0.0,0.0,1.0,0.0,0.0,0.0,0.0654,0.0,0.0,0.0,0.0
14.3192,0.998166629132484,0.060485856332652514,0.0021969947816492842,0.00012199971022358591,0.0,0.0,9.7622,0.0,0.0,1.0,0.0,0.0,0.0,-0.0616,0.0,0.0,0.0,0.0
14.3393,0.9981667517606871,0.06048586376354798,0.0021359951889518077,0.00018299958781753392,0.0,0.0,9.8832,0.0,0.0,1.0,0.0,0.0,0.0,0.0654,0.0,0.0,0.0,0.0
14.3593,0.9981705609902525,0.06042509449585793,0.002075003244996373,0.00018300028618523093,0.0,0.0,9.7273,0.0,0.0,1.0,0.0,0.0,0.0,-0.0654,0.0,0.0,0.0,0.0
14.3794,0.9981668799601802,0.060485871532046626,0.0020749955928478885,0.00018299961132106635,0.0,0.0,9.8492,0.0,0.0,1.0,0.0,0.0,0.0,0.0654,0.0,0.0,0.0,0.0
14.3995,0.9981670044455581,0.06048587907548123,0.0020139959735809916,0.00018299963414364354,0.0,0.0,9.6885,0.0,0.0,1.0,0.0,0.0,0.0,-0.0616,0.0,0.0,0.0,0.0
14.4196,0.9981667517606871,0.06048586376354798,0.0021359951889518077,0.00018299958781753392,0.0,0.0,9.8786,0.0,0.0,1.0,0.0,0.0,0.0,0.0654,0.0,0.0,0.0,0.0
14.4396,0.9981667517606871,0.06048586376354798,0.0021359951889518077,0.00018299958781753392,0.0,0.0,9.6846,0.0,0.0,1.0,0.0,0.0,0.0,-0.0654,0.0,0.0,0.0,0.0
14.4597,0.9981666198470832,0.06048585576998551,0.0021969947612118304,0.00018299956363299064,0.0,0.0,9.8542,0.0,0.0,1.0,0.0,0.0,0.0,0.0654,0.0,0.0,0.0,0.0
14.4798,0.9981663448775604,0.06048583910767027,0.0023189938314765006,0.0001829995132213713,0.0,0.0,9.6499,0.0,0.0,1.0,0.0,0.0,0.0,-0.0616,0.0,0.0,0.0,0.0
14.4999,0.9981664712198174,0.06048584676362608,0.0022579942795401993,0.00024399938184577197,0.0,0.0,9.8491,0.0,0.0,1.0,0.0,0.0,0.0,0.0654,0.0,0.0,0.0,0.0
14.5199,0.9981629221470769,0.060546631329202835,0.002196986622462871,0.0002439985142834722,0.0,0.0,9.6933,0.0,0.0,1.0,0.0,0.0,0.0,-0.0654,0.0,0.0,0.0,0.0
14.54,0.9981627995202852,0.060546623890898946,0.0022579859736345455,0.00018299886323075445,0.0,0.0,9.8786,0.0,0.0,1.0,0.0,0.0,0.0,0.0654,0.0,0.0,0.0,0.0
14.5601,0.9981629351464936,0.06054663211772229,0.00219698665107498,0.00018299888809597542,0.0,0.0,9.733,0.0,0.0,1.0,0.0,0.0,0.0,-0.0616,0.0,0.0,0.0,0.0
14.5801,0.9981627995202852,0.060546623890898946,0.0022579859736345455,0.00018299886323075445,0.0,0.0,9.7624,0.0,0.0,1.0,0.0,0.0,0.0,0.0654,0.0,0.0,0.0,0.0
14.6002,0.9981630670586367,0.06054664011925765,0.0021359873039908596,0.00018299891228007462,0.0,0.0,9.8362,0.0,0.0,1.0,0.0,0.0,0.0,-0.0654,0.0,0.0,0.0,0.0
14.6203,0.9981630670586367,0.06054664011925765,0.0021359873039908596,0.00018299891228007462,0.0,0.0,9.8972,0.0,0.0,1.0,0.0,0.0,0.0,0.0654,0.0,0.0,0.0,0.0
14.6403,0.998170432789341,0.06042508673510791,0.0021360030660519808,0.0001830002626814209,0.0,0.0,9.6802,0.0,0.0,1.0,0.0,0.0,0.0,-0.0616,0.0,0.0,0.0,0.0
14.6604,0.9981592467726316,0.060607407792062924,0.0021969785328531354,0.0001829982118853879,0.0,0.0,9.879,0.0,0.0,1.0,0.0,0.0,0.0,0.0654,0.0,0.0,0.0,0.0
14.6807,0.9981630540592148,0.06054663933073787,0.0021359872761731735,0.00024399854652906727,0.0,0.0,9.7535,0.0,0.0,1.0,0.0,0.0,0.0,-0.0654,0.0,0.0,0.0,0.0
14.7008,0.9981668669606093,0.060485870744312255,0.0020749955658243007,0.00024399947858372298,0.0,0.0,9.8832,0.0,0.0,1.0,0.0,0.0,0.0,0.0654,0.0,0.0,0.0,0.0
14.7209,0.9981630540592148,0.06054663933073787,0.0021359872761731735,0.00024399854652906727,0.0,0.0,9.8065,0.0,0.0,1.0,0.0,0.0,0.0,-0.0616,0.0,0.0,0.0,0.0
14.741,0.9981630540592148,0.06054663933073787,0.0021359872761731735,0.00024399854652906727,0.0,0.0,9.863,0.0,0.0,1.0,0.0,0.0,0.0,0.0654,0.0,0.0,0.0,0.0
14.761,0.9981668669606093,0.060485870744312255,0.0020749955658243007,0.00024399947858372298,0.0,0.0,9.7624,0.0,0.0,1.0,0.0,0.0,0.0,-0.0616,0.0,0.0,0.0,0.0
14.7811,0.9981667387611213,0.0604858629758139,0.0021359951611338024,0.00024399944724562417,0.0,0.0,9.8095,0.0,0.0,1.0,0.0,0.0,0.0,0.0654,0.0,0.0,0.0,0.0
14.8012,0.9981667387611213,0.0604858629758139,0.0021359951611338024,0.00024399944724562417,0.0,0.0,9.7329,0.0,0.0,1.0,0.0,0.0,0.0,-0.0616,0.0,0.0,0.0,0.0
14.8212,0.9981666068475226,0.06048585498225175,0.002196994732599402,0.00024399941499969602,0.0,0.0,9.8019,0.0,0.0,1.0,0.0,0.0,0.0,0.0654,0.0,0.0,0.0,0.0
14.8413,0.9981664712198174,0.06048584676362608,0.0022579942795401993,0.00024399938184577197,0.0,0.0,9.854,0.0,0.0,1.0,0.0,0.0,0.0,-0.0616,0.0,0.0,0.0,0.0
14.8614,0.9981666068475226,0.06048585498225175,0.002196994732599402,0.00024399941499969602,0.0,0.0,9.8833,0.0,0.0,1.0,0.0,0.0,0.0,0.0654,0.0,0.0,0.0,0.0
14.8814,0.9981704197896313,0.06042508594815955,0.0021360030382336667,0.00024400034706417712,0.0,0.0,9.805,0.0,0.0,1.0,0.0,0.0,0.0,-0.0616,0.0,0.0,0.0,0.0
14.9015,0.9981666068475226,0.06048585498225175,0.002196994732599402,0.00024399941499969602,0.0,0.0,9.8105,0.0,0.0,1.0,0.0,0.0,0.0,0.0616,0.0,0.0,0.0,0.0
14.9217,0.998166454506104,0.06048584575082597,0.002257994241731398,0.00030499922220017517,0.0,0.0,9.8449,0.0,0.0,1.0,0.0,0.0,0.0,-0.0616,0.0,0.0,0.0,0.0
14.9417,0.9981665901338023,0.06048585396945124,0.0021969946958119995,0.0003049992636425803,0.0,0.0,9.8397,0.0,0.0,1.0,0.0,0.0,0.0,0.0654,0.0,0.0,0.0,0.0
14.9618,0.998170271160668,0.06042507695078025,0.002197002797862884,0.0003050003884152442,0.0,0.0,9.8535,0.0,0.0,1.0,0.0,0.0,0.0,-0.0616,0.0,0.0,0.0,0.0
14.9819,0.9981702878745732,0.06042507796257055,0.0021970028346506893,0.00024400031481774945,0.0,0.0,9.8095,0.0,0.0,1.0,0.0,0.0,0.0,0.0654,0.0,0.0,0.0,0.0
15.0019,0.9981704030757196,0.06042508493636884,0.0021360030024672634,0.0003050004287231123,0.0,0.0,9.8105,0.0,0.0,1.0,0.0,0.0,0.0,-0.0616,0.0,0.0,0.0,0.0
15.022,0.9981704030757196,0.06042508493636884,0.0021360030024672634,0.0003050004287231123,0.0,0.0,9.7538,0.0,0.0,1.0,0.0,0.0,0.0,0.0616,0.0,0.0,0.0,0.0
15.0421,0.9981704030757196,0.06042508493636884,0.0021360030024672634,0.0003050004287231123,0.0,0.0038,9.8483,0.0,0.0,1.0,0.0,0.0,0.0,-0.0616,0.0,0.0,0.0,0.0
15.0622,0.998170271160668,0.06042507695078025,0.002197002797862884,0.0003050003884152442,0.0,0.0038,9.7319,0.0,0.0,1.0,0.0,0.0,0.0,0.0654,0.0,0.0,0.0,0.0
15.0822,0.998170271160668,0.06042507695078025,0.002197002797862884,0.0003050003884152442,0.0,0.0038,9.8875,0.0,0.0,1.0,0.0,0.0,0.0,-0.0616,0.0,0.0,0.0,0.0
15.1023,0.9981738128833187,0.06036429105781552,0.0022580108874254126,0.00030500147062217936,0.0,0.0038,9.7274,0.0,0.0,1.0,0.0,0.0,0.0,0.0616,0.0,0.0,0.0,0.0
15.1224,0.9981739652281064,0.0603643002708253,0.0021970109286164607,0.00024400121373790995,0.0,0.0038,9.8833,0.0,0.0,1.0,0.0,0.0,0.0,-0.0616,0.0,0.0,0.0,0.0
15.1425,0.9981738128833187,0.06036429105781552,0.0022580108874254126,0.00030500147062217936,0.0,0.0038,9.7622,0.0,0.0,1.0,0.0,0.0,0.0,0.0654,0.0,0.0,0.0,0.0
15.1626,0.9981739652281064,0.0603643002708253,0.0021970109286164607,0.00024400121373790995,0.0,0.0038,9.8968,0.0,0.0,1.0,0.0,0.0,0.0,-0.0616,0.0,0.0,0.0,0.0
15.1826,0.9981738128833187,0.06036429105781552,0.0022580108874254126,0.00030500147062217936,0.0,0.0038,9.7582,0.0,0.0,1.0,0.0,0.0,0.0,0.0616,0.0,0.0,0.0,0.0
15.2027,0.9981776221937254,0.060303520897912306,0.002197018977707802,0.00030500263459298793,0.0,0.0038,9.8833,0.0,0.0,1.0,0.0,0.0,0.0,-0.0616,0.0,0.0,0.0,0.0
15.2228,0.9981776221937254,0.060303520897912306,0.002197018977707802,0.00030500263459298793,0.0,0.0038,9.767,0.0,0.0,1.0,0.0,0.0,0.0,0.0616,0.0,0.0,0.0,0.0
15.2429,0.9981776221937254,0.060303520897912306,0.002197018977707802,0.00030500263459298793,0.0,0.0038,9.8967,0.0,0.0,1.0,0.0,0.0,0.0,-0.0616,0.0,0.0,0.0,0.0
15.2629,0.9981811565659808,0.060242733679214455,0.00225802749987827,0.00030500371455405295,0.0,0.0038,9.7625,0.0,0.0,1.0,0.0,0.0,0.0,0.0616,0.0,0.0,0.0,0.0
15.283,0.9981848228965491,0.06018195398448281,0.0022580357936385735,0.00030500483483603125,0.0,0.0038,9.8061,0.0,0.0,1.0,0.0,0.0,0.0,-0.0616,0.0,0.0,0.0,0.0
15.3031,0.9981848228965491,0.06018195398448281,0.0022580357936385735,0.00030500483483603125,0.0,0.0038,9.7319,0.0,0.0,1.0,0.0,0.0,0.0,0.0616,0.0,0.0,0.0,0.0
15.3231,0.9981849585317351,0.060181962162117186,0.0021970351252084894,0.00030500487628065676,0.0,0.0038,9.8541,0.0,0.0,1.0,0.0,0.0,0.0,-0.0616,0.0,0.0,0.0,0.0
15.3432,0.9981848228965491,0.06018195398448281,0.0022580357936385735,0.00030500483483603125,0.0,0.0038,9.7109,0.0,0.0,1.0,0.0,0.0,0.0,0.0654,0.0,0.0,0.0,0.0
15.3633,0.9981848228965491,0.06018195398448281,0.0022580357936385735,0.00030500483483603125,0.0,0.0038,9.854,0.0,0.0,1.0,0.0,0.0,0.0,-0.0616,0.0,0.0,0.0,0.0
15.3833,0.9981849585317351,0.060181962162117186,0.0021970351252084894,0.00030500487628065676,0.0,0.0038,9.6943,0.0,0.0,1.0,0.0,0.0,0.0,0.0616,0.0,0.0,0.0,0.0
15.4034,0.9981849585317351,0.060181962162117186,0.0021970351252084894,0.00030500487628065676,0.0,0.0038,9.8008,0.0,0.0,1.0,0.0,0.0,0.0,-0.0616,0.0,0.0,0.0,0.0
15.4235,0.9981849585317351,0.060181962162117186,0.0021970351252084894,0.00030500487628065676,0.0,0.0038,9.8008,0.0,0.0,1.0,0.0,0.0,0.0,0.0616,0.0,0.0,0.0,0.0
15.4435,0.9981886211897917,0.060121181789787384,0.0021970431868290653,0.00030500599544058815,0.0,0.0038,9.8065,0.0,0.0,1.0,0.0,0.0,0.0,-0.0616,0.0,0.0,0.0,0.0
15.4636,0.9981848228965491,0.06018195398448281,0.0022580357936385735,0.00030500483483603125,0.0,0.0038,9.8197,0.0,0.0,1.0,0.0,0.0,0.0,0.0616,0.0,0.0,0.0,0.0
15.4837,0.9981887531121186,0.060121189735506286,0.0021360422700439433,0.00030500603575062124,0.0,0.0077,9.8786,0.0,0.0,1.0,0.0,0.0,0.0,-0.0616,0.0,0.0,0.0,0.0
15.5037,0.9981886211897917,0.060121181789787384,0.0021970431868290653,0.00030500599544058815,0.0,0.0077,9.8105,0.0,0.0,1.0,0.0,0.0,0.0,0.0616,0.0,0.0,0.0,0.0
15.5238,0.9981886211897917,0.060121181789787384,0.0021970431868290653,0.00030500599544058815,0.0,0.0077,9.7239,0.0,0.0,1.0,0.0,0.0,0.0,-0.0616,0.0,0.0,0.0,0.0
15.5439,0.9981886211897917,0.060121181789787384,0.0021970431868290653,0.00030500599544058815,0.0,0.0077,9.8197,0.0,0.0,1.0,0.0,0.0,0.0,0.0616,0.0,0.0,0.0,0.0
15.564,0.9981887531121186,0.060121189735506286,0.0021360422700439433,0.00030500603575062124,0.0,0.0077,9.8397,0.0,0.0,1.0,0.0,0.0,0.0,-0.0616,0.0,0.0,0.0,0.0
15.584,0.9981887531121186,0.060121189735506286,0.0021360422700439433,0.00030500603575062124,0.0,0.1424,9.767,0.0,0.0,1.0,0.0,0.0,0.0,0.0616,0.0,0.0,0.0,0.0
15.6041,0.9981922801737201,0.060060400748724374,0.0021970512403627802,0.0003050071134778065,0.0,0.3502,9.733,0.0,0.0,1.0,0.0,0.0,0.0,-0.0616,0.0,0.0,0.0,0.0
15.6243,0.9981922801737201,0.060060400748724374,0.0021970512403627802,0.0003050071134778065,0.0,0.608,9.7274,0.0,0.0,1.0,0.0,0.0,0.0,0.0616,0.0,0.0,0.0,0.0
15.6444,0.9981921445355495,0.06006039258748825,0.0022580523562255282,0.0003050070720322373,0.0,0.8736,9.8885,0.0,0.0,1.0,0.0,0.0,0.0,-0.0616,0.0,0.0,0.0,0.0
15.6645,0.9981921445355495,0.06006039258748825,0.0022580523562255282,0.0003050070720322373,0.0,1.1237,9.888,0.0,0.0,1.0,0.0,0.0,0.0,0.0616,0.0,0.0,0.0,0.0
15.6845,0.9981921445355495,0.06006039258748825,0.0022580523562255282,0.0003050070720322373,0.0,1.3469,9.6544,0.0,0.0,1.0,0.0,0.0,0.0,-0.0654,0.0,0.0,0.0,0.0
15.7046,0.9981924120974979,0.06006040868646855,0.002136050099973315,0.0003050071537883392,0.0,1.4855,9.801,0.0,0.0,1.0,0.0,0.0,0.0,0.0616,0.0,0.0,0.0,0.0
15.7247,0.9981922801737201,0.060060400748724374,0.0021970512403627802,0.0003050071134778065,0.0,1.4624,9.6985,0.0,0.0,1.0,0.0,0.0,0.0,-0.0616,0.0,0.0,0.0,0.0
15.7447,0.9981922801737201,0.060060400748724374,0.0021970512403627802,0.0003050071134778065,0.0,1.4624,9.6985,0.0,0.0,1.0,0.0,0.0,0.0,0.0577,0.0,0.0,0.0,0.0
15.7648,0.9981921612505535,0.06006039359321617,0.0022580523940372438,0.00024400566171173255,0.0,1.4355,9.5651,0.0,0.0,1.0,0.0,0.0,0.0,-0.0577,0.0,0.0,0.0,0.0
15.7849,0.9981886379046185,0.060121182796526104,0.0021970432236189004,0.0002440048004382911,0.0,1.4432,9.8922,0.0,0.0,1.0,0.0,0.0,0.0,0.0539,0.0,0.0,0.0,0.0
15.8049,0.9981887698269521,0.060121190742245416,0.002136042305812318,0.00024400483268643971,0.0,1.4432,9.9626,0.0,0.0,1.0,0.0,0.0,0.0,-0.05,0.0,0.0,0.0,0.0
15.825,0.9981847002616856,0.060181946590655996,0.0023190364756938454,0.0002440038378910825,0.0,1.447,9.7775,0.0,0.0,1.0,0.0,0.0,0.0,0.0539,0.0,0.0,0.0,0.0
15.8451,0.9981847002616856,0.060181946590655996,0.0023190364756938454,0.0002440038378910825,0.0,1.447,9.8746,0.0,0.0,1.0,0.0,0.0,0.0,-0.0539,0.0,0.0,0.0,0.0
15.8651,0.998188362916899,0.06012116623393832,0.002319044984971784,0.00024400473321822824,0.0,1.447,9.8786,0.0,0.0,1.0,0.0,0.0,0.0,0.05,0.0,0.0,0.0,0.0
15.8852,0.9981882198515224,0.06012115761707038,0.0023800458271561534,0.00024400469824620297,0.0,1.447,9.9282,0.0,0.0,1.0,0.0,0.0,0.0,-0.0462,0.0,0.0,0.0,0.0
15.9053,0.9981885022679327,0.06012117462709031,0.0022580441168990398,0.0002440047672822021,0.0,1.447,9.7249,0.0,0.0,1.0,0.0,0.0,0.0,0.0462,0.0,0.0,0.0,0.0
15.9254,0.9981886379046185,0.060121182796526104,0.0021970432236189004,0.0002440048004382911,0.0,1.447,9.8201,0.0,0.0,1.0,0.0,0.0,0.0,-0.0462,0.0,0.0,0.0,0.0
15.9454,0.9981885022679327,0.06012117462709031,0.0022580441168990398,0.0002440047672822021,0.0,1.447,9.922,0.0,0.0,1.0,0.0,0.0,0.0,0.0423,0.0,0.0,0.0,0.0
15.9655,0.9981886211897917,0.060121181789787384,0.0021970431868290653,0.00030500599544058815,0.0,1.447,9.9492,0.0,0.0,1.0,0.0,0.0,0.0,-0.0385,0.0,0.0,0.0,0.0
15.9856,0.998188362916899,0.06012116623393832,0.002319044984971784,0.00024400473321822824,0.0,1.447,9.922,0.0,0.0,1.0,0.0,0.0,0.0,0.0385,0.0,0.0,0.0,0.0
16.0057,0.9981882198515224,0.06012115761707038,0.0023800458271561534,0.00024400469824620297,0.0,1.447,9.9545,0.0,0.0,1.0,0.0,0.0,0.0,-0.0346,0.0,0.0,0.0,0.0
16.0257,0.9981842729276433,0.060181920826091084,0.002502038282961073,0.00018300280007271796,0.0,1.447,9.8505,0.0,0.0,1.0,0.0,0.0,0.0,0.0231,0.0,0.0,0.0,0.0
16.0458,0.9981844104197846,0.060181929115683874,0.0024410376858374737,0.0002440037670398687,0.0,1.447,9.8545,0.0,0.0,1.0,0.0,0.0,0.0,-0.0192,0.0,0.0,0.0,0.0
16.066,0.9981845571978837,0.06018193796514002,0.0023800370940501724,0.00024400380291950133,0.0,1.447,9.7668,0.0,0.0,1.0,0.0,0.0,0.0,-0.0192,0.0,0.0,0.0,0.0
16.0861,0.9981886379046185,0.060121182796526104,0.0021970432236189004,0.0002440048004382911,0.0,1.447,9.8795,0.0,0.0,1.0,0.0,0.0,0.0,0.0154,0.0,0.0,0.0,0.0
16.1062,0.99818865090504,0.060121183579545164,0.0021970432522332166,0.00018300360271211738,0.0,1.447,9.8095,0.0,0.0,1.0,0.0,0.0,0.0,-0.0115,0.0,0.0,0.0,0.0
16.1263,0.998188515268349,0.06012117541010906,0.0022580441463078346,0.0001830035778451755,0.0,1.447,9.8403,0.0,0.0,1.0,0.0,0.0,0.0,0.0115,0.0,0.0,0.0,0.0
16.1464,0.9981883759173099,0.060121167016956724,0.002319045015175037,0.00018300355229711185,0.0,1.447,9.8105,0.0,0.0,1.0,0.0,0.0,0.0,-0.0038,0.0,0.0,0.0,0.0
16.1664,0.9981921742511126,0.06006039437544902,0.0022580524234463543,0.0001830042486673511,0.0,1.447,9.8449,0.0,0.0,1.0,0.0,0.0,0.0,-0.0038,0.0,0.0,0.0,0.0
16.1865,0.9981921742511126,0.06006039437544902,0.0022580524234463543,0.0001830042486673511,0.0,1.447,9.8483,0.0,0.0,1.0,0.0,0.0,0.0,0.0077,0.0,0.0,0.0,0.0
16.2066,0.9981923098892953,0.060060402536685854,0.0021970513057676493,0.000183004273534626,0.0,1.447,9.8153,0.0,0.0,1.0,0.0,0.0,0.0,-0.0077,0.0,0.0,0.0,0.0
16.2267,0.9981959651993004,0.0599996208257596,0.0021970593512149438,0.0001830049436833403,0.0,1.447,9.8786,0.0,0.0,1.0,0.0,0.0,0.0,0.0077,0.0,0.0,0.0,0.0
16.2468,0.9981959651993004,0.0599996208257596,0.0021970593512149438,0.0001830049436833403,0.0,1.447,9.8535,0.0,0.0,1.0,0.0,0.0,0.0,-0.0154,0.0,0.0,0.0,0.0
16.2669,0.9981958295596276,0.059999612672722295,0.0022580606922731963,0.00018300491881578784,0.0,1.447,9.8829,0.0,0.0,1.0,0.0,0.0,0.0,0.0154,0.0,0.0,0.0,0.0
16.287,0.9981958295596276,0.059999612672722295,0.0022580606922731963,0.00018300491881578784,0.0,1.447,9.8541,0.0,0.0,1.0,0.0,0.0,0.0,-0.0154,0.0,0.0,0.0,0.0
16.307,0.9981958295596276,0.059999612672722295,0.0022580606922731963,0.00018300491881578784,0.0,1.447,9.8832,0.0,0.0,1.0,0.0,0.0,0.0,0.0192,0.0,0.0,0.0,0.0
16.3271,0.9981958295596276,0.059999612672722295,0.0022580606922731963,0.00018300491881578784,0.0,1.447,9.8449,0.0,0.0,1.0,0.0,0.0,0.0,-0.0231,0.0,0.0,0.0,0.0
16.3472,0.9981958295596276,0.059999612672722295,0.0022580606922731963,0.00018300491881578784,0.0,1.447,9.8918,0.0,0.0,1.0,0.0,0.0,0.0,0.0269,0.0,0.0,0.0,0.0
16.3672,0.9981960971245392,0.05999962875552948,0.00213605798562971,0.00018300496786999298,0.0,1.447,9.8786,0.0,0.0,1.0,0.0,0.0,0.0,-0.0269,0.0,0.0,0.0,0.0
16.3873,0.9981959651993004,0.0599996208257596,0.0021970593512149438,0.0001830049436833403,0.0,1.447,9.8484,0.0,0.0,1.0,0.0,0.0,0.0,0.0346,0.0,0.0,0.0,0.0
16.4074,0.9981959651993004,0.0599996208257596,0.0021970593512149438,0.0001830049436833403,0.0,1.447,9.8493,0.0,0.0,1.0,0.0,0.0,0.0,-0.0346,0.0,0.0,0.0,0.0
16.4274,0.9981959651993004,0.0599996208257596,0.0021970593512149438,0.0001830049436833403,0.0,1.447,9.8492,0.0,0.0,1.0,0.0,0.0,0.0,0.0346,0.0,0.0,0.0,0.0
16.4475,0.9981996168349336,0.05993883844743267,0.002197067388574843,0.0001830056131585378,0.0,1.447,9.8449,0.0,0.0,1.0,0.0,0.0,0.0,-0.0423,0.0,0.0,0.0,0.0
16.4676,0.9981994811937721,0.05993883030259518,0.002258068952788101,0.0001830055882905968,0.0,1.447,9.8483,0.0,0.0,1.0,0.0,0.0,0.0,0.0462,0.0,0.0,0.0,0.0
16.4876,0.9981997357607651,0.059938845588565645,0.0021360657720135533,0.0002440075132823516,0.0,1.447,9.922,0.0,0.0,1.0,0.0,0.0,0.0,-0.0423,0.0,0.0,0.0,0.0
16.5077,0.9981996876467055,0.05993517994698675,0.0022579314333432865,0.00024399259067131587,0.0,1.447,9.8403,0.0,0.0,1.0,0.0,0.0,0.0,0.05,0.0,0.0,0.0,0.0
16.5278,0.9981997006459699,0.05993518072750518,0.0022579314627476717,0.00018299444538655288,0.0,1.447,9.898,0.0,0.0,1.0,0.0,0.0,0.0,-0.0539,0.0,0.0,0.0,0.0
16.5478,0.9981996876467055,0.05993517994698675,0.0022579314333432865,0.00024399259067131587,0.0,1.447,9.8105,0.0,0.0,1.0,0.0,0.0,0.0,0.0577,0.0,0.0,0.0,0.0
16.5679,0.998203530553708,0.059873412331730436,0.0021969417435125232,0.00024399353000315038,0.0,1.447,9.9174,0.0,0.0,1.0,0.0,0.0,0.0,-0.0577,0.0,0.0,0.0,0.0
16.588,0.9982033949275284,0.05987340419671395,0.002257939819226399,0.00024399349685172433,0.0,1.447,9.8786,0.0,0.0,1.0,0.0,0.0,0.0,0.0577,0.0,0.0,0.0,0.0
16.608,0.9982033949275284,0.05987340419671395,0.002257939819226399,0.00024399349685172433,0.0,1.447,9.8786,0.0,0.0,1.0,0.0,0.0,0.0,-0.0654,0.0,0.0,0.0,0.0
16.6281,0.9982034079269375,0.05987340497643366,0.00225793984863111,0.00018299512502190082,0.0,1.447,9.8535,0.0,0.0,1.0,0.0,0.0,0.0,0.0654,0.0,0.0,0.0,0.0
16.6482,0.9982032685866925,0.059873396618643215,0.0023189378999354357,0.00018299509947744544,0.0,1.4432,9.8438,0.0,0.0,1.0,0.0,0.0,0.0,-0.0693,0.0,0.0,0.0,0.0
16.6683,0.9982034079269375,0.05987340497643366,0.00225793984863111,0.00018299512502190082,0.0,1.4432,9.8535,0.0,0.0,1.0,0.0,0.0,0.0,0.0654,0.0,0.0,0.0,0.0
16.6883,0.9982032685866925,0.059873396618643215,0.0023189378999354357,0.00018299509947744544,0.0,1.4432,9.8832,0.0,0.0,1.0,0.0,0.0,0.0,-0.0654,0.0,0.0,0.0,0.0
16.7084,0.9982034079269375,0.05987340497643366,0.00225793984863111,0.00018299512502190082,0.0,1.4432,9.8492,0.0,0.0,1.0,0.0,0.0,0.0,0.0693,0.0,0.0,0.0,0.0
16.7285,0.9981995613072772,0.05993517236115352,0.002318929287510478,0.00018299441984243048,0.0,1.4432,9.8918,0.0,0.0,1.0,0.0,0.0,0.0,-0.0693,0.0,0.0,0.0,0.0
16.7486,0.9981997006459699,0.05993518072750518,0.0022579314627476717,0.00018299444538655288,0.0,1.4432,9.8492,0.0,0.0,1.0,0.0,0.0,0.0,0.0693,0.0,0.0,0.0,0.0
16.7686,0.9981997006459699,0.05993518072750518,0.0022579314627476717,0.00018299444538655288,0.0,1.4432,9.8832,0.0,0.0,1.0,0.0,0.0,0.0,-0.0654,0.0,0.0,0.0,0.0
16.7887,0.9982034079269375,0.05987340497643366,0.00225793984863111,0.00018299512502190082,0.0,1.4432,9.8919,0.0,0.0,1.0,0.0,0.0,0.0,0.0616,0.0,0.0,0.0,0.0
16.8088,0.9981995613072772,0.05993517236115352,0.002318929287510478,0.00018299441984243048,0.0,1.4432,9.8483,0.0,0.0,1.0,0.0,0.0,0.0,-0.0654,0.0,0.0,0.0,0.0
16.8288,0.9981997006459699,0.05993518072750518,0.0022579314627476717,0.00018299444538655288,0.0,1.4432,9.8875,0.0,0.0,1.0,0.0,0.0,0.0,0.0577,0.0,0.0,0.0,0.0
16.8489,0.9981991987680431,0.05993881334379268,0.002380072004908942,0.00018300553651195986,0.0,1.4432,9.8152,0.0,0.0,1.0,0.0,0.0,0.0,-0.0577,0.0,0.0,0.0,0.0
16.869,0.998195547136998,0.05999959569684655,0.0023800632980848575,0.00018300486703753951,0.0,1.4432,9.8967,0.0,0.0,1.0,0.0,0.0,0.0,0.0539,0.0,0.0,0.0,0.0
16.889,0.9981956772048287,0.05999960351497123,0.0023190619779195794,0.00024400652117828603,0.0,1.4432,9.8438,0.0,0.0,1.0,0.0,0.0,0.0,-0.0462,0.0,0.0,0.0,0.0
16.9091,0.9981995483080183,0.05993517158063541,0.0023189292573117457,0.0002439925566123935,0.0,1.4432,9.8829,0.0,0.0,1.0,0.0,0.0,0.0,0.0462,0.0,0.0,0.0,0.0
16.9292,0.9981954003540507,0.059999586874008644,0.002441064561476306,0.00018300484012712115,0.0,1.4432,9.7806,0.0,0.0,1.0,0.0,0.0,0.0,-0.0462,0.0,0.0,0.0,0.0
16.9492,0.9981956902055252,0.05999960429641785,0.0023190620081234986,0.00018300489326722458,0.0,1.4432,9.9221,0.0,0.0,1.0,0.0,0.0,0.0,0.0423,0.0,0.0,0.0,0.0
16.9693,0.9981955341363071,0.05999959491540026,0.002380063267086452,0.00024400648620542809,0.0,1.4432,9.8362,0.0,0.0,1.0,0.0,0.0,0.0,-0.0385,0.0,0.0,0.0,0.0
16.9893,0.9981990519834848,0.059938804529828235,0.002441073491454549,0.0001830055096010419,0.0,1.4432,9.8884,0.0,0.0,1.0,0.0,0.0,0.0,0.0385,0.0,0.0,0.0,0.0
17.0094,0.9981954003540507,0.059999586874008644,0.002441064561476306,0.00018300484012712115,0.0,1.4432,9.8095,0.0,0.0,1.0,0.0,0.0,0.0,-0.0346,0.0,0.0,0.0,0.0
17.0295,0.998195547136998,0.05999959569684655,0.0023800632980848575,0.00018300486703753951,0.0,1.4432,9.8875,0.0,0.0,1.0,0.0,0.0,0.0,0.0269,0.0,0.0,0.0,0.0
17.0496,0.9981915945545418,0.060060359495587655,0.002502056635274662,0.0001830041423882545,0.0,1.4432,9.7775,0.0,0.0,1.0,0.0,0.0,0.0,-0.0192,0.0,0.0,0.0,0.0
17.0697,0.9981917450502508,0.060060368550789514,0.002441055622512494,0.00018300416997946156,0.0,1.4432,9.8049,0.0,0.0,1.0,0.0,0.0,0.0,0.0192,0.0,0.0,0.0,0.0
17.0898,0.9981917450502508,0.060060368550789514,0.002441055622512494,0.00018300416997946156,0.0,1.4432,9.767,0.0,0.0,1.0,0.0,0.0,0.0,-0.0154,0.0,0.0,0.0,0.0
17.1099,0.9981954003540507,0.059999586874008644,0.002441064561476306,0.00018300484012712115,0.0,1.4432,9.8483,0.0,0.0,1.0,0.0,0.0,0.0,0.0115,0.0,0.0,0.0,0.0
17.13,0.9981954003540507,0.059999586874008644,0.002441064561476306,0.00018300484012712115,0.0,1.4432,9.7321,0.0,0.0,1.0,0.0,0.0,0.0,-0.0077,0.0,0.0,0.0,0.0
17.15,0.9981954003540507,0.059999586874008644,0.002441064561476306,0.00018300484012712115,0.0,1.4432,9.8875,0.0,0.0,1.0,0.0,0.0,0.0,0.0,0.0,0.0,0.0,0.0
17.1701,0.9981952498566883,0.05999957782790447,0.0025020657976168805,0.000183004812535581,0.0,1.4432,9.8832,0.0,0.0,1.0,0.0,0.0,0.0,0.0038,0.0,0.0,0.0,0.0
17.1902,0.9981954003540507,0.059999586874008644,0.002441064561476306,0.00018300484012712115,0.0,1.4432,9.8833,0.0,0.0,1.0,0.0,0.0,0.0,-0.0115,0.0,0.0,0.0,0.0
17.2103,0.9981915945545418,0.060060359495587655,0.002502056635274662,0.0001830041423882545,0.0,1.4432,9.8493,0.0,0.0,1.0,0.0,0.0,0.0,0.0154,0.0,0.0,0.0,0.0
17.2304,0.9981952591428882,0.059999578386079916,0.002502065820893566,0.000122003209492072,0.0,1.4432,9.805,0.0,0.0,1.0,0.0,0.0,0.0,-0.0192,0.0,0.0,0.0,0.0
17.2504,0.9981916038406395,0.06006036005432444,0.002502056658551098,0.00012200276272711363,0.0,1.4432,9.8832,0.0,0.0,1.0,0.0,0.0,0.0,0.0192,0.0,0.0,0.0,0.0
17.2705,0.9981917543363529,0.060060369109526564,0.0024410556452214467,0.0001220027811212332,0.0,1.4432,9.922,0.0,0.0,1.0,0.0,0.0,0.0,-0.0269,0.0,0.0,0.0,0.0
17.2906,0.9981916038406395,0.06006036005432444,0.002502056658551098,0.00012200276272711363,0.0,1.4432,9.8437,0.0,0.0,1.0,0.0,0.0,0.0,0.0269,0.0,0.0,0.0,0.0
17.3107,0.9981916094122983,0.060060360389566525,0.002502056672516958,6.100138170411773e-05,0.0,1.4432,9.8884,0.0,0.0,1.0,0.0,0.0,0.0,-0.0385,0.0,0.0,0.0,0.0
17.3308,0.9981877962273566,0.060121132102067563,0.00256304826310046,6.100114867302331e-05,0.0,1.4432,9.7757,0.0,0.0,1.0,0.0,0.0,0.0,0.0385,0.0,0.0,0.0,0.0
17.3508,0.998187950435746,0.06012114139008229,0.0025020475009645098,6.100115809704043e-05,0.0,1.4432,9.8437,0.0,0.0,1.0,0.0,0.0,0.0,-0.0462,0.0,0.0,0.0,0.0
17.3709,0.9981876356848023,0.06012112243254429,0.0026250490084070086,6.100113886198244e-05,0.0,1.4432,9.8545,0.0,0.0,1.0,0.0,0.0,0.0,0.05,0.0,0.0,0.0,0.0
17.391,0.9981876356848023,0.06012112243254429,0.0026250490084070086,6.100113886198244e-05,0.0,1.4432,9.8919,0.0,0.0,1.0,0.0,0.0,0.0,-0.05,0.0,0.0,0.0,0.0
17.4111,0.99818763011321,0.06012112209696573,0.002625048993754757,0.0001220022770430651,0.0,1.4432,9.8438,0.0,0.0,1.0,0.0,0.0,0.0,0.0577,0.0,0.0,0.0,0.0
17.4312,0.9981914496305568,0.0600603507756318,0.0025630576439491966,0.00012200274387896837,0.0,1.4432,9.8362,0.0,0.0,1.0,0.0,0.0,0.0,-0.0577,0.0,0.0,0.0,0.0
17.4513,0.9981911329581936,0.06006033172171861,0.0026860595581767385,6.100135258707562e-05,0.0,1.4432,9.7045,0.0,0.0,1.0,0.0,0.0,0.0,0.0577,0.0,0.0,0.0,0.0
17.4714,0.9981877962273566,0.060121132102067563,0.00256304826310046,6.100114867302331e-05,0.0,1.4432,9.8514,0.0,0.0,1.0,0.0,0.0,0.0,-0.0654,0.0,0.0,0.0,0.0
17.4915,0.9981914552022131,0.060060351110873725,0.002563057658255548,6.1001372279934074e-05,0.0,1.4432,9.8277,0.0,0.0,1.0,0.0,0.0,0.0,0.0693,0.0,0.0,0.0,0.0
17.5116,0.9981947882552691,0.05999955008193968,0.002686069394314646,6.100157596916622e-05,0.0,1.4432,9.6597,0.0,0.0,1.0,0.0,0.0,0.0,-0.0654,0.0,0.0,0.0,0.0
17.5316,0.9981871413052998,0.06012109265592763,0.002808051034228959,0.0,0.0,1.4432,9.7167,0.0,0.0,1.0,0.0,0.0,0.0,0.0731,0.0,0.0,0.0,0.0
17.5517,0.9981916094122983,0.060060360389566525,0.002502056672516958,6.100138170411773e-05,0.0,1.4432,9.7997,0.0,0.0,1.0,0.0,0.0,0.0,-0.0654,0.0,0.0,0.0,0.0
17.5718,0.9981911329581936,0.06006033172171861,0.0026860595581767385,6.100135258707562e-05,0.0,1.4432,9.8373,0.0,0.0,1.0,0.0,0.0,0.0,0.0731,0.0,0.0,0.0,0.0
17.5919,0.9981873104318422,0.06012110284246691,0.0027470503910222398,0.0,0.0,1.4432,9.947,0.0,0.0,1.0,0.0,0.0,0.0,-0.0654,0.0,0.0,0.0,0.0
17.612,0.9981838113414524,0.06018189299641639,0.002686039856239928,6.100090514921109e-05,0.0,1.4432,9.8491,0.0,0.0,1.0,0.0,0.0,0.0,0.0693,0.0,0.0,0.0,0.0
17.6321,0.9981911329581936,0.06006033172171861,0.0026860595581767385,6.100135258707562e-05,0.0,1.4432,9.8671,0.0,0.0,1.0,0.0,0.0,0.0,-0.0654,0.0,0.0,0.0,0.0
17.6522,0.9981871413052998,0.06012109265592763,0.002808051034228959,0.0,0.0,1.4432,9.7865,0.0,0.0,1.0,0.0,0.0,0.0,0.0654,0.0,0.0,0.0,0.0
17.6722,0.9981838131986285,0.06018189310838813,0.002686039861237454,0.0,0.0,1.4393,9.9314,0.0,0.0,1.0,0.0,0.0,0.0,-0.0616,0.0,0.0,0.0,0.0
17.6923,0.9981873085746464,0.06012110273060749,0.002747050385911165,6.100111887175075e-05,0.0,1.4393,9.7886,0.0,0.0,1.0,0.0,0.0,0.0,0.0616,0.0,0.0,0.0,0.0
17.7124,0.9981869684644561,0.06012108224567494,0.0028690516460885243,0.0,0.0,1.4393,9.8185,0.0,3.14,1.0,0.0,0.0,0.0,-0.0539,0.0,0.0,0.0,0.0
17.7325,0.9981834786635335,0.06018187293880106,0.0028080407306650644,0.0,0.0,1.4393,9.8645,0.0,3.14,1.0,0.0,0.0,0.0,0.0539,0.0,0.0,0.0,0.0
17.7527,0.9981876356848023,0.06012112243254429,0.0026250490084070086,6.100113886198244e-05,0.0,1.4393,9.8237,0.0,3.14,1.0,0.0,0.0,0.0,-0.0462,0.0,0.0,0.0,0.0
17.7728,0.9981871394481051,0.06012109254406828,0.002808051029004395,6.10011085361295e-05,0.0,1.4393,9.8051,0.0,3.14,1.0,0.0,0.0,0.0,0.0462,0.0,0.0,0.0,0.0
17.7929,0.9981833058245924,0.060181862518100426,0.0028690411186991054,0.0,0.0,1.4393,9.8348,0.0,3.14,1.0,0.0,0.0,0.0,-0.0385,0.0,0.0,0.0,0.0
17.813,0.9981838113414524,0.06018189299641639,0.002686039856239928,6.100090514921109e-05,0.0,1.4393,9.8136,0.0,3.14,1.0,0.0,0.0,0.0,0.0385,0.0,0.0,0.0,0.0
17.8331,0.9981912946578934,0.0600603414510553,0.0026250586308300236,6.100136246878219e-05,0.0,1.4393,9.9059,0.0,3.14,1.0,0.0,0.0,0.0,-0.0308,0.0,0.0,0.0,0.0
17.8532,0.9981869684644561,0.06012108224567494,0.0028690516460885243,0.0,0.0,1.4393,9.6647,0.0,3.14,1.0,0.0,0.0,0.0,0.0269,0.0,0.0,0.0,0.0
17.8733,0.9981834768063593,0.060181872826829436,0.0028080407254405526,6.1000884705009195e-05,0.0,1.4393,9.7338,0.0,3.14,1.0,0.0,0.0,0.0,-0.0192,0.0,0.0,0.0,0.0
17.8934,0.9981876356848023,0.06012112243254429,0.0026250490084070086,6.100113886198244e-05,0.0,1.4393,9.8058,0.0,3.14,1.0,0.0,0.0,0.0,0.0192,0.0,0.0,0.0,0.0
17.9135,0.9981873085746464,0.06012110273060749,0.002747050385911165,6.100111887175075e-05,0.0,1.4393,9.7264,0.0,3.14,1.0,0.0,0.0,0.0,-0.0115,0.0,0.0,0.0,0.0
17.9336,0.9981833039674191,0.06018186240612887,0.002869041113361094,6.100087414251387e-05,0.0,1.4393,9.741,0.0,3.14,1.0,0.0,0.0,0.0,0.0115,0.0,0.0,0.0,0.0
17.9537,0.9981801450220305,0.060242672630002686,0.0026860299904416865,6.100068109338164e-05,0.0,1.4393,9.695,0.0,3.14,1.0,0.0,0.0,0.0,-0.0038,0.0,0.0,0.0,0.0
17.9737,0.9981804672554084,0.06024269207759438,0.0025630294444884826,6.100070078579601e-05,0.0,1.4393,9.7626,0.0,3.14,1.0,0.0,0.0,0.0,0.0,0.0,0.0,0.0,0.0
17.9938,0.9981876356848023,0.06012112243254429,0.0026250490084070086,6.100113886198244e-05,0.0,1.4393,9.7582,0.0,3.14,1.0,0.0,0.0,0.0,0.0077,0.0,0.0,0.0,0.0
18.0139,0.9981876356848023,0.06012112243254429,0.0026250490084070086,6.100113886198244e-05,0.0,1.4393,9.7582,0.0,3.14,1.0,0.0,0.0,0.0,-0.0115,0.0,0.0,0.0,0.0
18.034,0.9981801450220305,0.060242672630002686,0.0026860299904416865,6.100068109338164e-05,0.0,1.4393,9.787,0.0,3.14,1.0,0.0,0.0,0.0,0.0154,0.0,0.0,0.0,0.0
18.0541,0.9981803011449208,0.06024268205241029,0.0026250297199226086,0.00012200138126872151,0.0,1.4393,9.8491,0.0,3.14,1.0,0.0,0.0,0.0,-0.0192,0.0,0.0,0.0,0.0
18.0742,0.9981841280068474,0.06018191208861434,0.0025630388442052995,0.00012200184900240663,0.0,1.4393,9.805,0.0,3.14,1.0,0.0,0.0,0.0,0.0269,0.0,0.0,0.0,0.0
18.0943,0.9981874739868808,0.06012111269343296,0.002686049712151726,6.1001128980275876e-05,0.0,1.4432,9.9222,0.0,3.14,1.0,0.0,0.0,0.0,-0.0269,0.0,0.0,0.0,0.0
18.1144,0.9981834768063593,0.060181872826829436,0.0028080407254405526,6.1000884705009195e-05,0.0,1.4432,9.8158,0.0,3.14,1.0,0.0,0.0,0.0,0.0346,0.0,0.0,0.0,0.0
18.1344,0.998183645931039,0.060181883023592064,0.00274704030617318,6.100089504063045e-05,0.0,1.4432,9.9188,0.0,3.14,1.0,0.0,0.0,0.0,-0.0346,0.0,0.0,0.0,0.0
18.1545,0.9981799740419757,0.06024266231092801,0.002747030200991332,0.00012200134128897977,0.0,1.447,9.6908,0.0,3.14,1.0,0.0,0.0,0.0,0.0423,0.0,0.0,0.0,0.0
18.1746,0.9981803011449208,0.06024268205241029,0.0026250297199226086,0.00012200138126872151,0.0,1.447,9.8108,0.0,3.14,1.0,0.0,0.0,0.0,-0.0462,0.0,0.0,0.0,0.0
18.1947,0.9981807663796699,0.060242710130493,0.0024410287744187496,0.00012200143813151378,0.0,1.447,9.809,0.0,3.14,1.0,0.0,0.0,0.0,0.05,0.0,0.0,0.0,0.0
18.2148,0.9981806158889264,0.06024270104799959,0.0025020291162659823,0.00012200141973800482,0.0,1.447,9.9221,0.0,3.14,1.0,0.0,0.0,0.0,-0.05,0.0,0.0,0.0,0.0
18.2349,0.9981799796134397,0.060242662647179826,0.002747030216324224,6.100067098496754e-05,0.0,1.447,9.9156,0.0,3.14,1.0,0.0,0.0,0.0,0.0577,0.0,0.0,0.0,0.0
18.255,0.9981834768063593,0.060181872826829436,0.0028080407254405526,6.1000884705009195e-05,0.0,1.447,9.9657,0.0,3.14,1.0,0.0,0.0,0.0,-0.0577,0.0,0.0,0.0,0.0
18.2751,0.9981798104906237,0.06024265244019414,0.002808030411541214,6.100066064951282e-05,0.0,1.447,9.8104,0.0,3.14,1.0,0.0,0.0,0.0,0.0616,0.0,0.0,0.0,0.0
18.2952,0.9981801450220305,0.060242672630002686,0.0026860299904416865,6.100068109338164e-05,0.0,1.447,9.8833,0.0,3.14,1.0,0.0,0.0,0.0,-0.0616,0.0,0.0,0.0,0.0
18.3153,0.9981799814705945,0.060242662759263765,0.0027470302214351733,0.0,0.0,1.447,9.8483,0.0,3.14,1.0,0.0,0.0,0.0,0.0654,0.0,0.0,0.0,0.0
18.3354,0.9981799814705945,0.060242662759263765,0.0027470302214351733,0.0,0.0,1.447,9.888,0.0,3.14,1.0,0.0,0.0,0.0,-0.0616,0.0,0.0,0.0,0.0
18.3555,0.998183645931039,0.060181883023592064,0.00274704030617318,6.100089504063045e-05,0.0,1.447,9.8008,0.0,3.14,1.0,0.0,0.0,0.0,0.0654,0.0,0.0,0.0,0.0
18.3756,0.9981801450220305,0.060242672630002686,0.0026860299904416865,6.100068109338164e-05,0.0,1.447,9.8918,0.0,3.14,1.0,0.0,0.0,0.0,-0.0654,0.0,0.0,0.0,0.0
18.3957,0.9981761405010201,0.0603034313834962,0.002808020087306736,6.100043636952934e-05,0.0,1.447,9.8049,0.0,3.14,1.0,0.0,0.0,0.0,0.0654,0.0,0.0,0.0,0.0
18.4158,0.9981799796134397,0.060242662647179826,0.002747030216324224,6.100067098496754e-05,0.0,1.447,9.8786,0.0,3.14,1.0,0.0,0.0,0.0,-0.0616,0.0,0.0,0.0,0.0
18.4359,0.9981761405010201,0.0603034313834962,0.002808020087306736,6.100043636952934e-05,0.0,1.447,9.8484,0.0,3.14,1.0,0.0,0.0,0.0,0.0654,0.0,0.0,0.0,0.0
18.456,0.9981761405010201,0.0603034313834962,0.002808020087306736,6.100043636952934e-05,0.0,1.447,9.8061,0.0,3.14,1.0,0.0,0.0,0.0,-0.0616,0.0,0.0,0.0,0.0
18.476,0.9981761405010201,0.0603034313834962,0.002808020087306736,6.100043636952934e-05,0.0,1.447,9.8061,0.0,3.14,1.0,0.0,0.0,0.0,0.0616,0.0,0.0,0.0,0.0
18.4961,0.9981761405010201,0.0603034313834962,0.002808020087306736,6.100043636952934e-05,0.0,1.447,9.7319,0.0,3.14,1.0,0.0,0.0,0.0,-0.0577,0.0,0.0,0.0,0.0
18.5162,0.9981763096219707,0.060303441600704596,0.002747020116364629,6.10004467047065e-05,0.0,1.447,9.8147,0.0,3.14,1.0,0.0,0.0,0.0,0.0577,0.0,0.0,0.0,0.0
18.5363,0.9981763096219707,0.060303441600704596,0.002747020116364629,6.10004467047065e-05,0.0,1.447,9.7273,0.0,3.14,1.0,0.0,0.0,0.0,-0.0539,0.0,0.0,0.0,0.0
18.5564,0.9981801450220305,0.060242672630002686,0.0026860299904416865,6.100068109338164e-05,0.0,1.447,9.8483,0.0,3.14,1.0,0.0,0.0,0.0,0.05,0.0,0.0,0.0,0.0
18.5765,0.9981801450220305,0.060242672630002686,0.0026860299904416865,6.100068109338164e-05,0.0,1.447,9.7274,0.0,3.14,1.0,0.0,0.0,0.0,-0.0462,0.0,0.0,0.0,0.0
18.5966,0.998176475028737,0.060303451593525674,0.0026860201147573155,6.100045681317612e-05,0.0,1.447,9.8535,0.0,3.14,1.0,0.0,0.0,0.0,0.0423,0.0,0.0,0.0,0.0
18.6167,0.9981763096219707,0.060303441600704596,0.002747020116364629,6.10004467047065e-05,0.0,1.447,9.7239,0.0,3.14,1.0,0.0,0.0,0.0,-0.0385,0.0,0.0,0.0,0.0
18.6367,0.9981728013616942,0.060364229886319155,0.0026860102291871584,6.100023230837249e-05,0.0,1.447,9.8584,0.0,3.14,1.0,0.0,0.0,0.0,0.0346,0.0,0.0,0.0,0.0
18.6569,0.9981731235879601,0.060364249372865345,0.0025630105881428444,6.100025200034276e-05,0.0,1.447,9.8832,0.0,3.14,1.0,0.0,0.0,0.0,-0.0308,0.0,0.0,0.0,0.0
18.677,0.9981731235879601,0.060364249372865345,0.0025630105881428444,6.100025200034276e-05,0.0,1.447,9.8832,0.0,3.14,1.0,0.0,0.0,0.0,0.0269,0.0,0.0,0.0,0.0
18.697,0.9981729630524853,0.06036423966452597,0.0026250104220956368,6.1000242189579446e-05,0.0,1.447,9.7622,0.0,3.14,1.0,0.0,0.0,0.0,-0.0192,0.0,0.0,0.0,0.0
18.7171,0.9981728013616942,0.060364229886319155,0.0026860102291871584,6.100023230837249e-05,0.0,1.447,9.8594,0.0,3.14,1.0,0.0,0.0,0.0,0.0154,0.0,0.0,0.0,0.0
18.7372,0.9981728013616942,0.060364229886319155,0.0026860102291871584,6.100023230837249e-05,0.0,1.447,9.6885,0.0,3.14,1.0,0.0,0.0,0.0,-0.0115,0.0,0.0,0.0,0.0
18.7573,0.9981729630524853,0.06036423966452597,0.0026250104220956368,6.1000242189579446e-05,0.0,1.447,9.7273,0.0,3.14,1.0,0.0,0.0,0.0,0.0077,0.0,0.0,0.0,0.0
18.7774,0.9981729630524853,0.06036423966452597,0.0026250104220956368,6.1000242189579446e-05,0.0,1.447,9.6932,0.0,3.14,1.0,0.0,0.0,0.0,0.0,0.0,0.0,0.0,0.0
18.7975,0.9981729630524853,0.06036423966452597,0.0026250104220956368,6.1000242189579446e-05,0.0,1.447,9.8492,0.0,3.14,1.0,0.0,0.0,0.0,0.0,0.0,0.0,0.0,0.0
18.8176,0.9981729574811387,0.060364239327600294,0.0026250104074440235,0.00012200048369837013,0.0,1.447,9.7232,0.0,3.14,1.0,0.0,0.0,0.0,0.0077,0.0,0.0,0.0,0.0
18.8376,0.9981727957903502,0.06036422954939364,0.0026860102141950844,0.0001220004639359007,0.0,1.447,9.854,0.0,3.14,1.0,0.0,0.0,0.0,-0.0077,0.0,0.0,0.0,0.0
18.8578,0.9981729630524853,0.06036423966452597,0.0026250104220956368,6.1000242189579446e-05,0.0,1.4432,9.7372,0.0,3.14,1.0,0.0,0.0,0.0,0.0154,0.0,0.0,0.0,0.0
18.8778,0.9981731180166108,0.060364249035939496,0.0025630105738372808,0.00012200050331967471,0.0,1.4432,9.8104,0.0,3.14,1.0,0.0,0.0,0.0,-0.0192,0.0,0.0,0.0,0.0
18.8979,0.9981769458904393,0.06030348003998437,0.002502019917086075,0.00012200097117692765,0.0,1.4432,9.6805,0.0,3.14,1.0,0.0,0.0,0.0,0.0269,0.0,0.0,0.0,0.0
18.918,0.9981769514618526,0.0603034803765736,0.002502019931051324,6.100048592888596e-05,0.0,1.4432,9.8918,0.0,3.14,1.0,0.0,0.0,0.0,-0.0346,0.0,0.0,0.0,0.0
18.9381,0.9981729630524853,0.06036423966452597,0.0026250104220956368,6.1000242189579446e-05,0.0,1.4432,9.7624,0.0,3.14,1.0,0.0,0.0,0.0,0.0423,0.0,0.0,0.0,0.0
18.9582,0.9981729630524853,0.06036423966452597,0.0026250104220956368,6.1000242189579446e-05,0.0,1.4432,9.8884,0.0,3.14,1.0,0.0,0.0,0.0,-0.0462,0.0,0.0,0.0,0.0
18.9783,0.9981728013616942,0.060364229886319155,0.0026860102291871584,6.100023230837249e-05,0.0,1.4432,9.7624,0.0,3.14,1.0,0.0,0.0,0.0,0.0539,0.0,0.0,0.0,0.0
18.9984,0.9981731235879601,0.060364249372865345,0.0025630105881428444,6.100025200034276e-05,0.0,1.4432,9.8484,0.0,3.14,1.0,0.0,0.0,0.0,-0.05,0.0,0.0,0.0,0.0
19.0184,0.9981732777895493,0.0603642586981647,0.0025020107226626544,6.100026142380477e-05,0.0,1.4432,9.8095,0.0,3.14,1.0,0.0,0.0,0.0,0.0577,0.0,0.0,0.0,0.0
19.0385,0.9981731235879601,0.060364249372865345,0.0025630105881428444,6.100025200034276e-05,0.0,1.4432,9.767,0.0,3.14,1.0,0.0,0.0,0.0,-0.0616,0.0,0.0,0.0,0.0
19.0586,0.9981769458904393,0.06030348003998437,0.002502019917086075,0.00012200097117692765,0.0,1.4432,9.719,0.0,3.14,1.0,0.0,0.0,0.0,0.0577,0.0,0.0,0.0,0.0
19.0787,0.9981731235879601,0.060364249372865345,0.0025630105881428444,6.100025200034276e-05,0.0,1.4432,9.7721,0.0,3.14,1.0,0.0,0.0,0.0,-0.0616,0.0,0.0,0.0,0.0
19.0988,0.9981729630524853,0.06036423966452597,0.0026250104220956368,6.1000242189579446e-05,0.0,1.4432,9.733,0.0,3.14,1.0,0.0,0.0,0.0,0.0616,0.0,0.0,0.0,0.0
19.1189,0.9981731235879601,0.060364249372865345,0.0025630105881428444,6.100025200034276e-05,0.0,1.4393,9.8095,0.0,3.14,1.0,0.0,0.0,0.0,-0.0654,0.0,0.0,0.0,0.0
19.139,0.9981731235879601,0.060364249372865345,0.0025630105881428444,6.100025200034276e-05,0.0,1.4393,9.7583,0.0,3.14,1.0,0.0,0.0,0.0,0.0616,0.0,0.0,0.0,0.0
19.1591,0.9981692857100284,0.06042501729569688,0.0026250007513645805,6.1000017460344225e-05,0.0,1.4393,9.8213,0.0,3.14,1.0,0.0,0.0,0.0,-0.0654,0.0,0.0,0.0,0.0
19.1791,0.9981694462437287,0.060425027013739474,0.0025630011458206807,6.100002727077447e-05,0.0,1.4393,9.6889,0.0,3.14,1.0,0.0,0.0,0.0,0.0616,0.0,0.0,0.0,0.0
19.1992,0.9981696004436138,0.060425036348359204,0.0025020015050657082,6.100003669429199e-05,0.0,1.4393,9.8438,0.0,3.14,1.0,0.0,0.0,0.0,-0.0654,0.0,0.0,0.0,0.0
19.2193,0.9981694462437287,0.060425027013739474,0.0025630011458206807,6.100002727077447e-05,0.0,1.4393,9.7285,0.0,3.14,1.0,0.0,0.0,0.0,0.0616,0.0,0.0,0.0,0.0
19.2394,0.9981656046940648,0.060485794254805755,0.0026249910709728805,6.0999792506455375e-05,0.0,1.4393,9.8584,0.0,3.14,1.0,0.0,0.0,0.0,-0.0616,0.0,0.0,0.0,0.0
19.2595,0.9981656046940648,0.060485794254805755,0.0026249910709728805,6.0999792506455375e-05,0.0,1.4393,9.7319,0.0,3.14,1.0,0.0,0.0,0.0,0.0577,0.0,0.0,0.0,0.0
19.2796,0.9981659138529397,0.06048581298889158,0.002501992264295993,0.0001219996227994069,0.0,1.4393,9.922,0.0,3.14,1.0,0.0,0.0,0.0,-0.0577,0.0,0.0,0.0,0.0
19.2997,0.9981657596547632,0.06048580364495192,0.002562991679760818,0.00012199960395281596,0.0,1.4393,9.7624,0.0,3.14,1.0,0.0,0.0,0.0,0.0539,0.0,0.0,0.0,0.0
19.3197,0.9981659138529397,0.06048581298889158,0.002501992264295993,0.0001219996227994069,0.0,1.4393,9.8484,0.0,3.14,1.0,0.0,0.0,0.0,-0.05,0.0,0.0,0.0,0.0
19.3398,0.9981660643370336,0.060485822107769135,0.002440992820901776,0.00012199964119208315,0.0,1.4393,9.8058,0.0,3.14,1.0,0.0,0.0,0.0,0.0462,0.0,0.0,0.0,0.0
19.3599,0.9981660643370336,0.060485822107769135,0.002440992820901776,0.00012199964119208315,0.0,1.4432,9.922,0.0,3.14,1.0,0.0,0.0,0.0,-0.0423,0.0,0.0,0.0,0.0
19.38,0.9981694462437287,0.060425027013739474,0.0025630011458206807,6.100002727077447e-05,0.0,1.4432,9.7712,0.0,3.14,1.0,0.0,0.0,0.0,0.0385,0.0,0.0,0.0,0.0
19.4001,0.9981692857100284,0.06042501729569688,0.0026250007513645805,6.1000017460344225e-05,0.0,1.447,9.854,0.0,3.14,1.0,0.0,0.0,0.0,-0.0346,0.0,0.0,0.0,0.0
19.4202,0.9981692801387433,0.06042501695843447,0.0026250007367131373,0.00012200003423962213,0.0,1.447,9.8398,0.0,3.14,1.0,0.0,0.0,0.0,0.0269,0.0,0.0,0.0,0.0
19.4403,0.9981695948723236,0.06042503601109647,0.0025020014911007644,0.00012200007270746216,0.0,1.447,9.8787,0.0,3.14,1.0,0.0,0.0,0.0,-0.0231,0.0,0.0,0.0,0.0
19.4621,0.9981694462437287,0.060425027013739474,0.0025630011458206807,6.100002727077447e-05,0.0,1.447,9.8833,0.0,3.14,1.0,0.0,0.0,0.0,0.0192,0.0,0.0,0.0,0.0
19.4822,0.9981697509293751,0.060425045458141355,0.0024410018363810286,6.1000045890657884e-05,0.0,1.447,9.8096,0.0,3.14,1.0,0.0,0.0,0.0,-0.0154,0.0,0.0,0.0,0.0
19.5023,0.9981694462437287,0.060425027013739474,0.0025630011458206807,6.100002727077447e-05,0.0,1.447,9.8786,0.0,3.14,1.0,0.0,0.0,0.0,0.0115,0.0,0.0,0.0,0.0
19.5226,0.9981694481008246,0.06042502712616034,0.0025630011505891515,0.0,0.0,1.447,9.7717,0.0,3.14,1.0,0.0,0.0,0.0,-0.0077,0.0,0.0,0.0,0.0
19.5427,0.9981656065511393,0.06048579436733881,0.002624991075856651,0.0,0.0,1.447,9.8061,0.0,3.14,1.0,0.0,0.0,0.0,0.0,0.0,0.0,0.0,0.0
19.5629,0.9981694462437287,0.060425027013739474,0.0025630011458206807,6.100002727077447e-05,0.0,1.447,9.805,0.0,3.14,1.0,0.0,0.0,0.0,0.0,0.0,0.0,0.0,0.0
19.5829,0.9981697509293751,0.060425045458141355,0.0024410018363810286,6.1000045890657884e-05,0.0,1.447,9.8441,0.0,3.14,1.0,0.0,0.0,0.0,-0.0077,0.0,0.0,0.0,0.0
19.603,0.9981697509293751,0.060425045458141355,0.0024410018363810286,6.1000045890657884e-05,0.0,1.447,9.8483,0.0,3.14,1.0,0.0,0.0,0.0,0.0154,0.0,0.0,0.0,0.0
19.6231,0.9981697509293751,0.060425045458141355,0.0024410018363810286,6.1000045890657884e-05,0.0,1.447,9.8483,0.0,3.14,1.0,0.0,0.0,0.0,-0.0192,0.0,0.0,0.0,0.0
19.6432,0.9981696004436138,0.060425036348359204,0.0025020015050657082,6.100003669429199e-05,0.0,1.447,9.8484,0.0,3.14,1.0,0.0,0.0,0.0,0.0269,0.0,0.0,0.0,0.0
19.6632,0.9981696004436138,0.060425036348359204,0.0025020015050657082,6.100003669429199e-05,0.0,1.447,9.8484,0.0,3.14,1.0,0.0,0.0,0.0,-0.0308,0.0,0.0,0.0,0.0
19.6833,0.9981734301340921,0.060364267911159675,0.002441010833794003,0.0,0.0,1.447,9.8484,0.0,3.14,1.0,0.0,0.0,0.0,0.0385,0.0,0.0,0.0,0.0
19.7034,0.9981734301340921,0.060364267911159675,0.002441010833794003,0.0,0.0,1.447,9.8484,0.0,3.14,1.0,0.0,0.0,0.0,-0.0385,0.0,0.0,0.0,0.0
19.7235,0.9981697527864728,0.060425045570562316,0.002441001840922521,0.0,0.0,1.447,9.8049,0.0,3.14,1.0,0.0,0.0,0.0,0.0462,0.0,0.0,0.0,0.0
19.7436,0.9981735769073474,0.06036427678723255,0.0023800109130212403,0.0,0.0,1.447,9.8484,0.0,3.14,1.0,0.0,0.0,0.0,-0.0462,0.0,0.0,0.0,0.0
19.7638,0.9981737181093084,0.0603642853263829,0.002319010961365754,6.100028833255777e-05,0.0,1.447,9.8483,0.0,3.14,1.0,0.0,0.0,0.0,0.0539,0.0,0.0,0.0,0.0
19.7839,0.9981735769073474,0.06036427678723255,0.0023800109130212403,0.0,0.0,1.447,9.8833,0.0,3.14,1.0,0.0,0.0,0.0,-0.05,0.0,0.0,0.0,0.0
19.804,0.9981737199664282,0.06036428543869172,0.0023190109656803064,0.0,0.0,1.447,9.888,0.0,3.14,1.0,0.0,0.0,0.0,0.0577,0.0,0.0,0.0,0.0
19.8241,0.9981737199664282,0.06036428543869172,0.0023190109656803064,0.0,0.0,1.447,9.8787,0.0,3.14,1.0,0.0,0.0,0.0,-0.0577,0.0,0.0,0.0,0.0
19.8442,0.9981775329900531,0.060303515508795785,0.0022580193028350383,0.0,0.0,1.447,9.8049,0.0,3.14,1.0,0.0,0.0,0.0,0.0654,0.0,0.0,0.0,0.0
19.8643,0.9981737199664282,0.06036428543869172,0.0023190109656803064,0.0,0.0,1.447,9.8832,0.0,3.14,1.0,0.0,0.0,0.0,-0.0616,0.0,0.0,0.0,0.0
19.8844,0.9981775329900531,0.060303515508795785,0.0022580193028350383,0.0,0.0,1.447,9.8049,0.0,3.14,1.0,0.0,0.0,0.0,0.0693,0.0,0.0,0.0,0.0
19.9045,0.9981772505829534,0.06030349844756132,0.0023800196724076197,0.0,0.0,1.447,9.922,0.0,3.14,1.0,0.0,0.0,0.0,-0.0654,0.0,0.0,0.0,0.0
19.9246,0.9981773936436136,0.06030350709037332,0.002319019500565088,0.0,0.0,1.447,9.7583,0.0,3.14,1.0,0.0,0.0,0.0,0.0693,0.0,0.0,0.0,0.0
19.9447,0.9981772487258138,0.06030349833536481,0.0023800196679795195,-6.100050409529878e-05,0.0,1.447,9.8542,0.0,3.14,1.0,0.0,0.0,0.0,-0.0654,0.0,0.0,0.0,0.0
19.9648,0.9981773917864732,0.06030350697817675,0.002319019496250467,-6.100051283802755e-05,0.0,1.447,9.7668,0.0,3.14,1.0,0.0,0.0,0.0,0.0693,0.0,0.0,0.0,0.0
19.9849,0.9981773917864732,0.06030350697817675,0.002319019496250467,-6.100051283802755e-05,0.0,1.447,9.8832,0.0,3.14,1.0,0.0,0.0,0.0,0.0693,0.0,0.0,0.0,0.0
20.005,0.9981812011378545,0.0602427363692387,0.002258027600706182,-6.100074563469837e-05,0.0,1.447,9.7622,0.0,3.14,1.0,0.0,0.0,0.0,0.0693,0.0,0.0,0.0,0.0
20.0251,0.9981809187276414,0.06024271932507478,0.0023800284186062705,-6.100072837611492e-05,0.0,1.447,9.8459,0.0,3.14,1.0,0.0,0.0,0.0,-0.0616,0.0,0.0,0.0,0.0
20.0452,0.9981810617898786,0.06024272795923923,0.0023190280226001204,-6.1000737118843684e-05,0.0,1.447,9.6932,0.0,3.14,1.0,0.0,0.0,0.0,0.0654,0.0,0.0,0.0,0.0
20.0653,0.9981810617898786,0.06024272795923923,0.0023190280226001204,-6.1000737118843684e-05,0.0,1.447,9.805,0.0,3.14,1.0,0.0,0.0,0.0,-0.0577,0.0,0.0,0.0,0.0
20.0854,0.9981847281194025,0.06018194827023657,0.0023190365404144077,-6.100096117528375e-05,0.0,1.447,9.7665,0.0,3.14,1.0,0.0,0.0,0.0,0.0577,0.0,0.0,0.0,0.0
20.1054,0.9981810617898786,0.06024272795923923,0.0023190280226001204,-6.1000737118843684e-05,0.0,1.447,9.8492,0.0,3.14,1.0,0.0,0.0,0.0,-0.0539,0.0,0.0,0.0,0.0
20.1255,0.9981848674689139,0.060181956671812795,0.0022580358944675853,-6.100096969113844e-05,0.0,1.447,9.6886,0.0,3.14,1.0,0.0,0.0,0.0,0.0539,0.0,0.0,0.0,0.0
20.1456,0.9981848674689139,0.060181956671812795,0.0022580358944675853,-6.100096969113844e-05,0.0,1.447,9.8061,0.0,3.14,1.0,0.0,0.0,0.0,0.0423,0.0,0.0,0.0,0.0
20.1657,0.9981847281194025,0.06018194827023657,0.0023190365404144077,-6.100096117528375e-05,0.0,1.447,9.7234,0.0,3.14,1.0,0.0,0.0,0.0,0.0423,0.0,0.0,0.0,0.0
20.1858,0.9981847281194025,0.06018194827023657,0.0023190365404144077,-6.100096117528375e-05,0.0,1.447,9.7721,0.0,3.14,1.0,0.0,0.0,0.0,0.0346,0.0,0.0,0.0,0.0
20.2059,0.9981847281194025,0.06018194827023657,0.0023190365404144077,-6.100096117528375e-05,0.0,1.447,9.6932,0.0,3.14,1.0,0.0,0.0,0.0,-0.0308,0.0,0.0,0.0,0.0
20.226,0.9981848674689139,0.060181956671812795,0.0022580358944675853,-6.100096969113844e-05,0.0,1.447,9.767,0.0,3.14,1.0,0.0,0.0,0.0,0.0269,0.0,0.0,0.0,0.0
20.2462,0.9981848674689139,0.060181956671812795,0.0022580358944675853,-6.100096969113844e-05,0.0,1.447,9.7273,0.0,3.14,1.0,0.0,0.0,0.0,-0.0192,0.0,0.0,0.0,0.0
20.2663,0.9981850031041181,0.060181964849448266,0.0021970352233136488,-6.100097797995252e-05,0.0,1.447,9.7712,0.0,3.14,1.0,0.0,0.0,0.0,0.0154,0.0,0.0,0.0,0.0
20.2863,0.9981848693260958,0.060181956783784886,0.0022580358986687976,0.0,0.0,1.447,9.7273,0.0,3.14,1.0,0.0,0.0,0.0,-0.0115,0.0,0.0,0.0,0.0
20.3064,0.9981850031041181,0.060181964849448266,0.0021970352233136488,-6.100097797995252e-05,0.0,1.447,9.7717,0.0,3.14,1.0,0.0,0.0,0.0,0.0077,0.0,0.0,0.0,0.0
20.3265,0.9981812011378545,0.0602427363692387,0.002258027600706182,-6.100074563469837e-05,0.0,1.447,9.7321,0.0,3.14,1.0,0.0,0.0,0.0,0.0,0.0,0.0,0.0,0.0
20.3466,0.9981813386287264,0.0602427446671573,0.0021970271576930572,0.0,0.0,1.447,9.8147,0.0,3.14,1.0,0.0,0.0,0.0,-0.0038,0.0,0.0,0.0,0.0
20.3667,0.9981813386287264,0.0602427446671573,0.0021970271576930572,0.0,0.0,1.447,9.8147,0.0,3.14,1.0,0.0,0.0,0.0,0.0077,0.0,0.0,0.0,0.0
20.3868,0.9981851368821939,0.06018197291511489,0.002136034531607746,0.0,0.0,1.447,9.7622,0.0,3.14,1.0,0.0,0.0,0.0,-0.0115,0.0,0.0,0.0,0.0
20.4069,0.9981851368821939,0.06018197291511489,0.002136034531607746,0.0,0.0,1.447,9.8832,0.0,3.14,1.0,0.0,0.0,0.0,0.0192,0.0,0.0,0.0,0.0
20.427,0.998185265088771,0.06018198064486808,0.0020750338119689196,0.0,0.0,1.447,9.7274,0.0,3.14,1.0,0.0,0.0,0.0,-0.0192,0.0,0.0,0.0,0.0
20.447,0.9981851368821939,0.06018197291511489,0.002136034531607746,0.0,0.0,1.447,9.8065,0.0,3.14,1.0,0.0,0.0,0.0,0.0269,0.0,0.0,0.0,0.0
20.4671,0.998185265088771,0.06018198064486808,0.0020750338119689196,0.0,0.0,1.447,9.7274,0.0,3.14,1.0,0.0,0.0,0.0,-0.0308,0.0,0.0,0.0,0.0
20.4872,0.998185265088771,0.06018198064486808,0.0020750338119689196,0.0,0.0,1.447,9.8096,0.0,3.14,1.0,0.0,0.0,0.0,0.0385,0.0,0.0,0.0,0.0
20.5073,0.9981853877238427,0.060181988038707446,0.00201403306541861,-6.100100148487275e-05,0.0,1.447,9.7273,0.0,3.14,1.0,0.0,0.0,0.0,-0.0385,0.0,0.0,0.0,0.0
20.5274,0.9981852632315869,0.06018198053289586,0.0020750338081082023,-6.1000993877013965e-05,0.0,1.447,9.8061,0.0,3.14,1.0,0.0,0.0,0.0,0.0462,0.0,0.0,0.0,0.0
20.5475,0.9981890503866239,0.060121207640433466,0.0020140404555527916,-6.100122531710328e-05,0.0,1.447,9.6933,0.0,3.14,1.0,0.0,0.0,0.0,-0.0462,0.0,0.0,0.0,0.0
20.5675,0.9981890503866239,0.060121207640433466,0.0020140404555527916,-6.100122531710328e-05,0.0,1.447,9.7757,0.0,3.14,1.0,0.0,0.0,0.0,0.0539,0.0,0.0,0.0,0.0
20.5876,0.9981891711658847,0.06012121491500236,0.0019530394665502361,-6.1001232698254526e-05,0.0,1.447,9.7273,0.0,3.14,1.0,0.0,0.0,0.0,-0.05,0.0,0.0,0.0,0.0
20.6077,0.9981891711658847,0.06012121491500236,0.0019530394665502361,-6.1001232698254526e-05,0.0,1.447,9.7285,0.0,3.14,1.0,0.0,0.0,0.0,0.0577,0.0,0.0,0.0,0.0
20.6277,0.9981891711658847,0.06012121491500236,0.0019530394665502361,-6.1001232698254526e-05,0.0,1.447,9.6885,0.0,3.14,1.0,0.0,0.0,0.0,-0.0654,0.0,0.0,0.0,0.0
20.6478,0.9981890522438291,0.06012120775229347,0.002014040459300062,0.0,0.0,1.447,9.7372,0.0,3.14,1.0,0.0,0.0,0.0,0.0616,0.0,0.0,0.0,0.0
20.6679,0.9981891730230907,0.06012121502686239,0.0019530394701840065,0.0,0.0,1.447,9.8049,0.0,3.14,1.0,0.0,0.0,0.0,-0.0616,0.0,0.0,0.0,0.0
20.6879,0.9981890522438291,0.06012120775229347,0.002014040459300062,0.0,0.0,1.447,9.8437,0.0,3.14,1.0,0.0,0.0,0.0,0.0616,0.0,0.0,0.0,0.0
20.708,0.9981890522438291,0.06012120775229347,0.002014040459300062,0.0,0.0,1.447,9.7668,0.0,3.14,1.0,0.0,0.0,0.0,-0.0654,0.0,0.0,0.0,0.0
20.7281,0.9981890522438291,0.06012120775229347,0.002014040459300062,0.0,0.0,1.447,9.8484,0.0,3.14,1.0,0.0,0.0,0.0,0.0654,0.0,0.0,0.0,0.0
20.7482,0.9981891730230907,0.06012121502686239,0.0019530394701840065,0.0,0.0,1.447,9.7273,0.0,3.14,1.0,0.0,0.0,0.0,-0.0616,0.0,0.0,0.0,0.0
20.7682,0.9981890522438291,0.06012120775229347,0.002014040459300062,0.0,0.0,1.447,9.8449,0.0,3.14,1.0,0.0,0.0,0.0,0.0577,0.0,0.0,0.0,0.0
20.7883,0.9981891730230907,0.06012121502686239,0.0019530394701840065,0.0,0.0,1.447,9.6885,0.0,3.14,1.0,0.0,0.0,0.0,-0.0539,0.0,0.0,0.0,0.0
20.8084,0.9981855103589596,0.06018199543254955,0.0019530323038794636,0.0,0.0,1.447,9.8061,0.0,3.14,1.0,0.0,0.0,0.0,0.0423,0.0,0.0,0.0,0.0
20.8285,0.9981890503866239,0.060121207640433466,0.0020140404555527916,-6.100122531710328e-05,0.0,1.447,9.7198,0.0,3.14,1.0,0.0,0.0,0.0,-0.0346,0.0,0.0,0.0,0.0
20.8485,0.9981890503866239,0.060121207640433466,0.0020140404555527916,-6.100122531710328e-05,0.0,1.447,9.7721,0.0,3.14,1.0,0.0,0.0,0.0,0.0269,0.0,0.0,0.0,0.0
20.8686,0.998192711232498,0.06006042668517315,0.002014047842020996,0.0,0.0,1.447,9.6885,0.0,3.14,1.0,0.0,0.0,0.0,-0.0192,0.0,0.0,0.0,0.0
20.8887,0.9981890522438291,0.06012120775229347,0.002014040459300062,0.0,0.0,1.447,9.7806,0.0,3.14,1.0,0.0,0.0,0.0,0.0077,0.0,0.0,0.0,0.0
20.9087,0.998192711232498,0.06006042668517315,0.002014047842020996,0.0,0.0,1.447,9.8049,0.0,3.14,1.0,0.0,0.0,0.0,0.0,0.0,0.0,0.0,0.0
20.9288,0.9981891711658847,0.06012121491500236,0.0019530394665502361,-6.1001232698254526e-05,0.0,1.447,9.8096,0.0,3.14,1.0,0.0,0.0,0.0,-0.0038,0.0,0.0,0.0,0.0
20.9489,0.998192711232498,0.06006042668517315,0.002014047842020996,0.0,0.0,1.447,9.8483,0.0,3.14,1.0,0.0,0.0,0.0,0.0115,0.0,0.0,0.0,0.0
20.9689,0.998192711232498,0.06006042668517315,0.002014047842020996,0.0,0.0,1.447,9.8535,0.0,3.14,1.0,0.0,0.0,0.0,-0.0231,0.0,0.0,0.0,0.0
20.989,0.998192711232498,0.06006042668517315,0.002014047842020996,0.0,0.0,1.447,9.8049,0.0,3.14,1.0,0.0,0.0,0.0,0.0269,0.0,0.0,0.0,0.0
21.0091,0.998192711232498,0.06006042668517315,0.002014047842020996,0.0,0.0,1.447,9.8584,0.0,3.14,1.0,0.0,0.0,0.0,-0.0346,0.0,0.0,0.0,0.0
21.0292,0.998192711232498,0.06006042668517315,0.002014047842020996,0.0,0.0,1.447,9.8483,0.0,3.14,1.0,0.0,0.0,0.0,0.0423,0.0,0.0,0.0,0.0
21.0492,0.9981929490792671,0.06006044099621578,0.0018920453947758216,0.0,0.0,1.447,9.8918,0.0,3.14,1.0,0.0,0.0,0.0,-0.0462,0.0,0.0,0.0,0.0
21.0693,0.9981928320130877,0.060060433952440956,0.001953046629299817,0.0,0.0,1.447,9.8484,0.0,3.14,1.0,0.0,0.0,0.0,0.05,0.0,0.0,0.0,0.0
21.0894,0.9981928320130877,0.060060433952440956,0.001953046629299817,0.0,0.0,1.447,9.8919,0.0,3.14,1.0,0.0,0.0,0.0,-0.0616,0.0,0.0,0.0,0.0
21.1094,0.998192711232498,0.06006042668517315,0.002014047842020996,0.0,0.0,1.447,9.8096,0.0,3.14,1.0,0.0,0.0,0.0,0.0577,0.0,0.0,0.0,0.0
21.1295,0.9981964873288287,0.05999965220995148,0.0019530537812266387,0.0,0.0,1.447,9.8832,0.0,3.14,1.0,0.0,0.0,0.0,-0.0654,0.0,0.0,0.0,0.0
21.1496,0.998192711232498,0.06006042668517315,0.002014047842020996,0.0,0.0,1.447,9.8152,0.0,3.14,1.0,0.0,0.0,0.0,0.0654,0.0,0.0,0.0,0.0
21.1696,0.9981964873288287,0.05999965220995148,0.0019530537812266387,0.0,0.0,1.447,9.8787,0.0,3.14,1.0,0.0,0.0,0.0,-0.0693,0.0,0.0,0.0,0.0
21.1897,0.9981964873288287,0.05999965220995148,0.0019530537812266387,0.0,0.0,1.447,9.8833,0.0,3.14,1.0,0.0,0.0,0.0,0.0654,0.0,0.0,0.0,0.0
21.2098,0.9981966025390467,0.05999965913501394,0.0018920523198014405,-6.1001686843420444e-05,0.0,1.447,9.8492,0.0,3.14,1.0,0.0,0.0,0.0,-0.0616,0.0,0.0,0.0,0.0
21.2299,0.9981964854715819,0.05999965209831598,0.001953053777592778,-6.100167968930981e-05,0.0,1.447,9.8483,0.0,3.14,1.0,0.0,0.0,0.0,0.0577,0.0,0.0,0.0,0.0
21.2499,0.9981964854715819,0.05999965209831598,0.001953053777592778,-6.100167968930981e-05,0.0,1.447,9.8483,0.0,3.14,1.0,0.0,0.0,0.0,-0.0539,0.0,0.0,0.0,0.0
21.27,0.9982003564853936,0.0599352201062531,0.001952942003562292,-6.099818853927408e-05,0.0,1.447,9.8888,0.0,3.14,1.0,0.0,0.0,0.0,0.0462,0.0,0.0,0.0,0.0
21.2901,0.998196364689666,0.0599996448383496,0.002014055213581067,-6.100167230815857e-05,0.0,1.447,9.8535,0.0,3.14,1.0,0.0,0.0,0.0,-0.0385,0.0,0.0,0.0,0.0
21.3101,0.9981964854715819,0.05999965209831598,0.001953053777592778,-6.100167968930981e-05,0.0,1.447,9.8483,0.0,3.14,1.0,0.0,0.0,0.0,0.0346,0.0,0.0,0.0,0.0
21.3302,0.998200137112925,0.059938869688537094,0.0019530609223303332,-6.1001902847968026e-05,0.0,1.447,9.8437,0.0,3.14,1.0,0.0,0.0,0.0,-0.0269,0.0,0.0,0.0,0.0
21.3503,0.998200473539913,0.05993522713458999,0.0018919440368828089,-6.099819569227449e-05,0.0,1.447,9.8484,0.0,3.14,1.0,0.0,0.0,0.0,0.0154,0.0,0.0,0.0,0.0
21.3703,0.9982000163296834,0.05993886243587231,0.0020140625814746706,-6.100189546659472e-05,0.0,1.447,9.8152,0.0,3.14,1.0,0.0,0.0,0.0,-0.0077,0.0,0.0,0.0,0.0
21.3904,0.9982003564853936,0.0599352201062531,0.001952942003562292,-6.099818853927408e-05,0.0,1.447,9.8049,0.0,3.14,1.0,0.0,0.0,0.0,0.0,0.0,0.0,0.0,0.0
21.4105,0.9982000163296834,0.05993886243587231,0.0020140625814746706,-6.100189546659472e-05,0.0,1.447,9.7712,0.0,3.14,1.0,0.0,0.0,0.0,0.0077,0.0,0.0,0.0,0.0
21.4305,0.998196364689666,0.0599996448383496,0.002014055213581067,-6.100167230815857e-05,0.0,1.447,9.733,0.0,3.14,1.0,0.0,0.0,0.0,-0.0115,0.0,0.0,0.0,0.0
21.4506,0.998200137112925,0.059938869688537094,0.0019530609223303332,-6.1001902847968026e-05,0.0,1.447,9.7668,0.0,3.14,1.0,0.0,0.0,0.0,0.0192,0.0,0.0,0.0,0.0
21.4707,0.9981964854715819,0.05999965209831598,0.001953053777592778,-6.100167968930981e-05,0.0,1.447,9.8061,0.0,3.14,1.0,0.0,0.0,0.0,-0.0308,0.0,0.0,0.0,0.0
21.4907,0.9982003564853936,0.0599352201062531,0.001952942003562292,-6.099818853927408e-05,0.0,1.447,9.7273,0.0,3.14,1.0,0.0,0.0,0.0,0.0385,0.0,0.0,0.0,0.0
21.5108,0.9981964854715819,0.05999965209831598,0.001953053777592778,-6.100167968930981e-05,0.0,1.447,9.8155,0.0,3.14,1.0,0.0,0.0,0.0,-0.0462,0.0,0.0,0.0,0.0
21.5308,0.9981964798998414,0.059999651763409496,0.001953053766691214,-0.0001220033586974978,0.0,1.447,9.6885,0.0,3.14,1.0,0.0,0.0,0.0,0.0539,0.0,0.0,0.0,0.0
21.5509,0.9981963591179275,0.05999964450344322,0.0020140552023390004,-0.00012200334393513979,0.0,1.447,9.8158,0.0,3.14,1.0,0.0,0.0,0.0,-0.0539,0.0,0.0,0.0,0.0
21.571,0.9981998862601567,0.05993885462559447,0.0020750642065520235,-0.00012200377503573945,0.0,1.447,9.7274,0.0,3.14,1.0,0.0,0.0,0.0,0.0577,0.0,0.0,0.0,0.0
21.591,0.9982001315411233,0.05993886935396742,0.0019530609114286508,-0.00012200380501492525,0.0,1.447,9.8095,0.0,3.14,1.0,0.0,0.0,0.0,-0.0654,0.0,0.0,0.0,0.0
21.6111,0.998200137112925,0.059938869688537094,0.0019530609223303332,-6.1001902847968026e-05,0.0,1.447,9.7273,0.0,3.14,1.0,0.0,0.0,0.0,0.0654,0.0,0.0,0.0,0.0
21.6312,0.9982003564853936,0.0599352201062531,0.001952942003562292,-6.099818853927408e-05,0.0,1.447,9.8493,0.0,3.14,1.0,0.0,0.0,0.0,-0.0693,0.0,0.0,0.0,0.0
21.6512,0.9982003564853936,0.0599352201062531,0.001952942003562292,-6.099818853927408e-05,0.0,1.447,9.8493,0.0,3.14,1.0,0.0,0.0,0.0,0.0693,0.0,0.0,0.0,0.0
21.6713,0.9982002357168337,0.05993521285491306,0.0020139399484424563,-6.0998181159344085e-05,0.0,1.447,9.7624,0.0,3.14,1.0,0.0,0.0,0.0,-0.0654,0.0,0.0,0.0,0.0
21.6919,0.9981962401933029,0.059999637355115,0.0020750566270853095,-6.100166469980017e-05,0.0,1.447,9.7377,0.0,3.14,1.0,0.0,0.0,0.0,0.0654,0.0,0.0,0.0,0.0
21.712,0.998196364689666,0.0599996448383496,0.002014055213581067,-6.100167230815857e-05,0.0,1.447,9.7274,0.0,3.14,1.0,0.0,0.0,0.0,-0.0616,0.0,0.0,0.0,0.0
21.7321,0.9982000163296834,0.05993886243587231,0.0020140625814746706,-6.100189546659472e-05,0.0,1.447,9.8095,0.0,3.14,1.0,0.0,0.0,0.0,0.0577,0.0,0.0,0.0,0.0
21.7522,0.9982002357168337,0.05993521285491306,0.0020139399484424563,-6.0998181159344085e-05,0.0,1.447,9.6932,0.0,3.14,1.0,0.0,0.0,0.0,-0.0539,0.0,0.0,0.0,0.0
21.7723,0.998196364689666,0.0599996448383496,0.002014055213581067,-6.100167230815857e-05,0.0,1.447,9.854,0.0,3.14,1.0,0.0,0.0,0.0,0.0385,0.0,0.0,0.0,0.0
21.7923,0.998196364689666,0.0599996448383496,0.002014055213581067,-6.100167230815857e-05,0.0,1.447,9.6885,0.0,3.14,1.0,0.0,0.0,0.0,-0.0346,0.0,0.0,0.0,0.0
21.8124,0.998196364689666,0.0599996448383496,0.002014055213581067,-6.100167230815857e-05,0.0,1.447,9.8147,0.0,3.14,1.0,0.0,0.0,0.0,0.0269,0.0,0.0,0.0,0.0
21.8325,0.9981962420505484,0.05999963746675043,0.002075056630946155,0.0,0.0,1.447,9.7622,0.0,3.14,1.0,0.0,0.0,0.0,-0.0192,0.0,0.0,0.0,0.0
21.8525,0.998196366546912,0.059999644949985054,0.002014055217328416,0.0,0.0,1.447,9.8483,0.0,3.14,1.0,0.0,0.0,0.0,0.0154,0.0,0.0,0.0,0.0
21.8726,0.998196366546912,0.059999644949985054,0.002014055217328416,0.0,0.0,1.447,9.7622,0.0,3.14,1.0,0.0,0.0,0.0,-0.0077,0.0,0.0,0.0,0.0
21.8927,0.998196366546912,0.059999644949985054,0.002014055217328416,0.0,0.0,1.447,9.8833,0.0,3.14,1.0,0.0,0.0,0.0,0.0,0.0,0.0,0.0,0.0
21.9127,0.9981962420505484,0.05999963746675043,0.002075056630946155,0.0,0.0,1.447,9.7622,0.0,3.14,1.0,0.0,0.0,0.0,0.0115,0.0,0.0,0.0,0.0
21.9328,0.998196366546912,0.059999644949985054,0.002014055217328416,0.0,0.0,1.447,9.9263,0.0,3.14,1.0,0.0,0.0,0.0,-0.0192,0.0,0.0,0.0,0.0
21.9529,0.9981962420505484,0.05999963746675043,0.002075056630946155,0.0,0.0,1.447,9.8484,0.0,3.14,1.0,0.0,0.0,0.0,0.0269,0.0,0.0,0.0,0.0
21.9729,0.9981962420505484,0.05999963746675043,0.002075056630946155,0.0,0.0,1.447,9.8105,0.0,3.14,1.0,0.0,0.0,0.0,-0.0346,0.0,0.0,0.0,0.0
21.993,0.9981962420505484,0.05999963746675043,0.002075056630946155,0.0,0.0,1.447,9.8437,0.0,3.14,1.0,0.0,0.0,0.0,0.0462,0.0,0.0,0.0,0.0
22.0131,0.9982000163296834,0.05993886243587231,0.0020140625814746706,6.100189546659472e-05,0.0,1.447,9.8437,0.0,3.14,1.0,0.0,0.0,0.0,-0.05,0.0,0.0,0.0,0.0
22.0332,0.9981962401933029,0.059999637355115,0.0020750566270853095,6.100166469980017e-05,0.0,1.447,9.8483,0.0,3.14,1.0,0.0,0.0,0.0,0.0577,0.0,0.0,0.0,0.0
22.0532,0.9981998918319541,0.05993885496016389,0.0020750642181347166,6.100188785845839e-05,0.0,1.447,9.8484,0.0,3.14,1.0,0.0,0.0,0.0,-0.0616,0.0,0.0,0.0,0.0
22.0733,0.9981997654770061,0.05993884737293516,0.0021360658356038807,0.0,0.0,1.447,9.8484,0.0,3.14,1.0,0.0,0.0,0.0,0.0654,0.0,0.0,0.0,0.0
22.0934,0.9982001130912775,0.05993520549207288,0.0020749378747026326,0.0,0.0,1.447,9.7624,0.0,0.0,1.0,0.0,0.0,0.0,-0.0654,0.0,0.0,0.0,0.0
22.1135,0.9981962401933029,0.059999637355115,0.0020750566270853095,6.100166469980017e-05,0.0,1.447,9.8483,0.0,0.0,1.0,0.0,0.0,0.0,0.0654,0.0,0.0,0.0,0.0
22.1335,0.99820001818695,0.059938862547395506,0.002014062585222066,0.0,0.0,1.447,9.7232,0.0,0.0,1.0,0.0,0.0,0.0,-0.0654,0.0,0.0,0.0,0.0
22.1536,0.9981962420505484,0.05999963746675043,0.002075056630946155,0.0,0.0,1.447,9.8065,0.0,0.0,1.0,0.0,0.0,0.0,0.0616,0.0,0.0,0.0,0.0
22.1737,0.9981962420505484,0.05999963746675043,0.002075056630946155,0.0,0.0,1.447,9.7321,0.0,0.0,1.0,0.0,0.0,0.0,-0.0577,0.0,0.0,0.0,0.0
22.1938,0.9981962420505484,0.05999963746675043,0.002075056630946155,0.0,0.0,1.447,9.767,0.0,0.0,1.0,0.0,0.0,0.0,0.05,0.0,0.0,0.0,0.0
22.2138,0.9981962420505484,0.05999963746675043,0.002075056630946155,0.0,0.0,1.447,9.8095,0.0,0.0,1.0,0.0,0.0,0.0,-0.0423,0.0,0.0,0.0,0.0
22.2339,0.998199763619741,0.05993884726141207,0.00213606583162948,-6.100188002322593e-05,0.0,1.447,9.8483,0.0,0.0,1.0,0.0,0.0,0.0,0.0346,0.0,0.0,0.0,0.0
22.254,0.9982001112342374,0.059935205380570095,0.002074937870842442,-6.099817355242897e-05,0.0,1.447,9.7622,0.0,0.0,1.0,0.0,0.0,0.0,-0.0269,0.0,0.0,0.0,0.0
22.274,0.9981998918319541,0.05993885496016389,0.0020750642181347166,-6.100188785845839e-05,0.0,1.447,9.8403,0.0,0.0,1.0,0.0,0.0,0.0,0.0154,0.0,0.0,0.0,0.0
22.2941,0.9981998918319541,0.05993885496016389,0.0020750642181347166,-6.100188785845839e-05,0.0,1.447,9.8493,0.0,0.0,1.0,0.0,0.0,0.0,-0.0077,0.0,0.0,0.0,0.0
22.3142,0.9981998918319541,0.05993885496016389,0.0020750642181347166,-6.100188785845839e-05,0.0,1.447,9.8493,0.0,0.0,1.0,0.0,0.0,0.0,0.0,0.0,0.0,0.0,0.0
22.3342,0.998199763619741,0.05993884726141207,0.00213606583162948,-6.100188002322593e-05,0.0,1.447,9.8438,0.0,0.0,1.0,0.0,0.0,0.0,0.0077,0.0,0.0,0.0,0.0
22.3543,0.9981998918319541,0.05993885496016389,0.0020750642181347166,-6.100188785845839e-05,0.0,1.447,9.8483,0.0,0.0,1.0,0.0,0.0,0.0,-0.0231,0.0,0.0,0.0,0.0
22.3744,0.998199763619741,0.05993884726141207,0.00213606583162948,-6.100188002322593e-05,0.0,1.447,9.8484,0.0,0.0,1.0,0.0,0.0,0.0,0.0269,0.0,0.0,0.0,0.0
22.3944,0.9981999830376089,0.05993519768322447,0.0021359357700813895,-6.0998165718584296e-05,0.0,1.447,9.767,0.0,0.0,1.0,0.0,0.0,0.0,-0.0346,0.0,0.0,0.0,0.0
22.4145,0.998199763619741,0.05993884726141207,0.00213606583162948,-6.100188002322593e-05,0.0,1.447,9.8483,0.0,0.0,1.0,0.0,0.0,0.0,0.0423,0.0,0.0,0.0,0.0
22.4346,0.9982001112342374,0.059935205380570095,0.002074937870842442,-6.099817355242897e-05,0.0,1.447,9.7622,0.0,0.0,1.0,0.0,0.0,0.0,-0.05,0.0,0.0,0.0,0.0
22.4546,0.9981996261212553,0.059938839005047914,0.002197067409014316,-0.00012200374324061736,0.0,1.447,9.8071,0.0,0.0,1.0,0.0,0.0,0.0,0.0577,0.0,0.0,0.0,0.0
22.4747,0.9981996316930485,0.0599388393396171,0.002197067421277996,-6.100187196078633e-05,0.0,1.447,9.767,0.0,0.0,1.0,0.0,0.0,0.0,-0.0616,0.0,0.0,0.0,0.0
22.4948,0.998199763619741,0.05993884726141207,0.00213606583162948,-6.100188002322593e-05,0.0,1.447,9.8095,0.0,0.0,1.0,0.0,0.0,0.0,0.0654,0.0,0.0,0.0,0.0
22.5148,0.9982001112342374,0.059935205380570095,0.002074937870842442,-6.099817355242897e-05,0.0,1.447,9.7232,0.0,0.0,1.0,0.0,0.0,0.0,-0.0693,0.0,0.0,0.0,0.0
22.5349,0.9981996316930485,0.0599388393396171,0.002197067421277996,-6.100187196078633e-05,0.0,1.447,9.8152,0.0,0.0,1.0,0.0,0.0,0.0,0.0616,0.0,0.0,0.0,0.0
22.555,0.9981999830376089,0.05993519768322447,0.0021359357700813895,-6.0998165718584296e-05,0.0,1.447,9.7622,0.0,0.0,1.0,0.0,0.0,0.0,-0.0654,0.0,0.0,0.0,0.0
22.575,0.9981997654770061,0.05993884737293516,0.0021360658356038807,0.0,0.0,1.447,9.7757,0.0,0.0,1.0,0.0,0.0,0.0,0.0616,0.0,0.0,0.0,0.0
22.5951,0.9981997654770061,0.05993884737293516,0.0021360658356038807,0.0,0.0,1.447,9.7622,0.0,0.0,1.0,0.0,0.0,0.0,-0.0577,0.0,0.0,0.0,0.0
22.6152,0.9981997654770061,0.05993884737293516,0.0021360658356038807,0.0,0.0,1.447,9.767,0.0,0.0,1.0,0.0,0.0,0.0,0.05,0.0,0.0,0.0,0.0
22.6352,0.9981998529839913,0.05993518987437913,0.002196933649565573,0.0,0.0,1.447,9.8095,0.0,0.0,1.0,0.0,0.0,0.0,-0.0423,0.0,0.0,0.0,0.0
22.6553,0.9981996335503129,0.05993883945114013,0.002197067425365889,0.0,0.0,1.447,9.8197,0.0,0.0,1.0,0.0,0.0,0.0,0.0346,0.0,0.0,0.0,0.0
22.6754,0.9981998529839913,0.05993518987437913,0.002196933649565573,0.0,0.0,1.447,9.8437,0.0,0.0,1.0,0.0,0.0,0.0,-0.0269,0.0,0.0,0.0,0.0
22.6955,0.9981999848946483,0.05993519779472719,0.002135935774055058,0.0,0.0,1.447,9.8105,0.0,0.0,1.0,0.0,0.0,0.0,0.0154,0.0,0.0,0.0,0.0
22.7155,0.9981998511269525,0.05993518976287644,0.0021969336454784223,-6.0998157657754515e-05,0.0,1.447,9.8483,0.0,0.0,1.0,0.0,0.0,0.0,-0.0077,0.0,0.0,0.0,0.0
22.7356,0.9982036903217231,0.05987342191480237,0.0021359437028813134,-6.099839226392234e-05,0.0,1.447,9.8541,0.0,0.0,1.0,0.0,0.0,0.0,0.0,0.0,0.0,0.0,0.0
22.7557,0.9982036903217231,0.05987342191480237,0.0021359437028813134,-6.099839226392234e-05,0.0,1.447,9.8786,0.0,0.0,1.0,0.0,0.0,0.0,0.0115,0.0,0.0,0.0,0.0
22.7758,0.9982036903217231,0.05987342191480237,0.0021359437028813134,-6.099839226392234e-05,0.0,1.447,9.8484,0.0,0.0,1.0,0.0,0.0,0.0,-0.0231,0.0,0.0,0.0,0.0
22.7958,0.9981999830376089,0.05993519768322447,0.0021359357700813895,-6.0998165718584296e-05,0.0,1.447,9.8049,0.0,0.0,1.0,0.0,0.0,0.0,0.0308,0.0,0.0,0.0,0.0
22.8159,0.9981996316930485,0.0599388393396171,0.002197067421277996,-6.100187196078633e-05,0.0,1.447,9.8596,0.0,0.0,1.0,0.0,0.0,0.0,-0.0385,0.0,0.0,0.0,0.0
22.836,0.9981996316930485,0.0599388393396171,0.002197067421277996,-6.100187196078633e-05,0.0,1.447,9.8596,0.0,0.0,1.0,0.0,0.0,0.0,0.0462,0.0,0.0,0.0,0.0
22.856,0.9981997173593105,0.059935181731028915,0.002257931500553312,0.0,0.0,1.447,9.8096,0.0,0.0,1.0,0.0,0.0,0.0,-0.0539,0.0,0.0,0.0,0.0
22.8761,0.9981999848946483,0.05993519779472719,0.002135935774055058,0.0,0.0,1.447,9.8832,0.0,0.0,1.0,0.0,0.0,0.0,0.0577,0.0,0.0,0.0,0.0
22.8962,0.9982035602666562,0.05987341411394773,0.0021969418089076227,0.0,0.0,1.447,9.7625,0.0,0.0,1.0,0.0,0.0,0.0,-0.0616,0.0,0.0,0.0,0.0
22.9163,0.9982035602666562,0.05987341411394773,0.0021969418089076227,0.0,0.0,1.447,9.7625,0.0,0.0,1.0,0.0,0.0,0.0,0.0654,0.0,0.0,0.0,0.0
22.9363,0.9982035602666562,0.05987341411394773,0.0021969418089076227,0.0,0.0,1.447,9.767,0.0,0.0,1.0,0.0,0.0,0.0,-0.0654,0.0,0.0,0.0,0.0
22.9564,0.998203558409597,0.05987341400255916,0.002196941804820423,-6.099838420309256e-05,0.0,1.447,9.8449,0.0,0.0,1.0,0.0,0.0,0.0,0.0693,0.0,0.0,0.0,0.0
22.9765,0.9982036921787831,0.059873422026191,0.0021359437068550237,0.0,0.0,1.447,9.7757,0.0,0.0,1.0,0.0,0.0,0.0,-0.0693,0.0,0.0,0.0,0.0
22.9965,0.9982036921787831,0.059873422026191,0.0021359437068550237,0.0,0.0,1.447,9.7668,0.0,0.0,1.0,0.0,0.0,0.0,0.0577,0.0,0.0,0.0,0.0
23.0166,0.998203422783406,0.05987340586754198,0.0022579398822364927,-6.099837591516666e-05,0.0,1.447,9.8484,0.0,0.0,1.0,0.0,0.0,0.0,-0.0577,0.0,0.0,0.0,0.0
23.0366,0.9982072021930692,0.05981263395407496,0.0021969498244073862,-6.099860686797909e-05,0.0,1.447,9.801,0.0,0.0,1.0,0.0,0.0,0.0,0.05,0.0,0.0,0.0,0.0
23.0567,0.9982035602666562,0.05987341411394773,0.0021969418089076227,0.0,0.0,1.447,9.8155,0.0,0.0,1.0,0.0,0.0,0.0,-0.0462,0.0,0.0,0.0,0.0
23.0768,0.9982034246404645,0.059873405978930525,0.0022579398864371707,0.0,0.0,1.447,9.8096,0.0,0.0,1.0,0.0,0.0,0.0,0.0308,0.0,0.0,0.0,0.0
23.0969,0.9982034246404645,0.059873405978930525,0.0022579398864371707,0.0,0.0,1.447,9.8438,0.0,0.0,1.0,0.0,0.0,0.0,-0.0231,0.0,0.0,0.0,0.0
23.117,0.9982034246404645,0.059873405978930525,0.0022579398864371707,0.0,0.0,1.447,9.8832,0.0,0.0,1.0,0.0,0.0,0.0,0.0154,0.0,0.0,0.0,0.0
23.1371,0.9982034246404645,0.059873405978930525,0.0022579398864371707,0.0,0.0,1.447,9.8096,0.0,0.0,1.0,0.0,0.0,0.0,-0.0077,0.0,0.0,0.0,0.0
23.1572,0.9982032853002123,0.059873397621139635,0.0023189379387628106,0.0,0.0,1.447,9.8437,0.0,0.0,1.0,0.0,0.0,0.0,0.0,0.0,0.0,0.0,0.0
23.1772,0.9982070684224719,0.05981262593853295,0.002257948128685725,0.0,0.0,1.447,9.8786,0.0,0.0,1.0,0.0,0.0,0.0,0.0115,0.0,0.0,0.0,0.0
23.1973,0.9982032853002123,0.059873397621139635,0.0023189379387628106,0.0,0.0,1.447,9.8535,0.0,0.0,1.0,0.0,0.0,0.0,-0.0192,0.0,0.0,0.0,0.0
23.2173,0.9982032853002123,0.059873397621139635,0.0023189379387628106,0.0,0.0,1.447,9.8104,0.0,0.0,1.0,0.0,0.0,0.0,0.0308,0.0,0.0,0.0,0.0
23.2374,0.9982034246404645,0.059873405978930525,0.0022579398864371707,0.0,0.0,1.447,9.8401,0.0,0.0,1.0,0.0,0.0,0.0,-0.0385,0.0,0.0,0.0,0.0
23.2575,0.9982034246404645,0.059873405978930525,0.0022579398864371707,0.0,0.0,1.447,9.8008,0.0,0.0,1.0,0.0,0.0,0.0,0.0462,0.0,0.0,0.0,0.0
23.2775,0.9982032853002123,0.059873397621139635,0.0023189379387628106,0.0,0.0,1.447,9.8535,0.0,0.0,1.0,0.0,0.0,0.0,-0.0539,0.0,0.0,0.0,0.0
23.2976,0.998199578020611,0.059935173364676825,0.002318929326337423,0.0,0.0,1.447,9.7321,0.0,0.0,1.0,0.0,0.0,0.0,0.0539,0.0,0.0,0.0,0.0
23.3177,0.9981992154834014,0.0599388143474989,0.0023800720447644703,0.0,0.0,1.447,9.8833,0.0,0.0,1.0,0.0,0.0,0.0,-0.0577,0.0,0.0,0.0,0.0
23.3378,0.998199578020611,0.059935173364676825,0.002318929326337423,0.0,0.0,1.447,9.7274,0.0,0.0,1.0,0.0,0.0,0.0,0.0654,0.0,0.0,0.0,0.0
23.3578,0.9981994979091446,0.05993883130630223,0.002258068990600645,0.0,0.0,1.447,9.8449,0.0,0.0,1.0,0.0,0.0,0.0,-0.0616,0.0,0.0,0.0,0.0
23.3779,0.9981994979091446,0.05993883130630223,0.002258068990600645,0.0,0.0,1.447,9.8449,0.0,0.0,1.0,0.0,0.0,0.0,0.0654,0.0,0.0,0.0,0.0
23.398,0.998199496051881,0.05993883119477923,0.002258068986399256,-6.1001863671472645e-05,0.0,1.447,9.8061,0.0,0.0,1.0,0.0,0.0,0.0,-0.0654,0.0,0.0,0.0,0.0
23.418,0.9981957050634648,0.05999960518949974,0.0023190620426422615,-6.100163199712627e-05,0.0,1.447,9.8147,0.0,0.0,1.0,0.0,0.0,0.0,0.0577,0.0,0.0,0.0,0.0
23.4381,0.9981996316930485,0.0599388393396171,0.002197067421277996,-6.100187196078633e-05,0.0,1.447,9.8049,0.0,0.0,1.0,0.0,0.0,0.0,-0.0577,0.0,0.0,0.0,0.0
23.4582,0.998199496051881,0.05993883119477923,0.002258068986399256,-6.1001863671472645e-05,0.0,1.447,9.8833,0.0,0.0,1.0,0.0,0.0,0.0,0.05,0.0,0.0,0.0,0.0
23.4782,0.998199496051881,0.05993883119477923,0.002258068986399256,-6.1001863671472645e-05,0.0,1.447,9.7273,0.0,0.0,1.0,0.0,0.0,0.0,-0.0462,0.0,0.0,0.0,0.0
23.4983,0.9981956994917374,0.05999960485459402,0.0023190620296977237,-0.00012200326331313072,0.0,1.447,9.8197,0.0,0.0,1.0,0.0,0.0,0.0,0.0308,0.0,0.0,0.0,0.0
23.5184,0.9981958388458436,0.059999613230898696,0.0022580607132799413,-0.00012200328034545072,0.0,1.447,9.7668,0.0,0.0,1.0,0.0,0.0,0.0,-0.0231,0.0,0.0,0.0,0.0
23.5384,0.9981958444175734,0.059999613565804556,0.0022580607258839806,-6.1001640513258515e-05,0.0,1.447,9.801,0.0,0.0,1.0,0.0,0.0,0.0,0.0154,0.0,0.0,0.0,0.0
23.5585,0.9981958388458436,0.059999613230898696,0.0022580607132799413,-0.00012200328034545072,0.0,1.447,9.733,0.0,0.0,1.0,0.0,0.0,0.0,-0.0077,0.0,0.0,0.0,0.0
23.5786,0.9981958444175734,0.059999613565804556,0.0022580607258839806,-6.1001640513258515e-05,0.0,1.447,9.8061,0.0,0.0,1.0,0.0,0.0,0.0,0.0,0.0,0.0,0.0,0.0
23.5986,0.9981958444175734,0.059999613565804556,0.0022580607258839806,-6.1001640513258515e-05,0.0,1.447,9.7622,0.0,0.0,1.0,0.0,0.0,0.0,0.0115,0.0,0.0,0.0,0.0
23.6187,0.9981958444175734,0.059999613565804556,0.0022580607258839806,-6.1001640513258515e-05,0.0,1.447,9.8483,0.0,0.0,1.0,0.0,0.0,0.0,-0.0192,0.0,0.0,0.0,0.0
23.6388,0.9981959800572523,0.059999621718842225,0.002197059383917746,-6.100164880240566e-05,0.0,1.447,9.7622,0.0,0.0,1.0,0.0,0.0,0.0,0.0269,0.0,0.0,0.0,0.0
23.6588,0.9981958444175734,0.059999613565804556,0.0022580607258839806,-6.1001640513258515e-05,0.0,1.447,9.8449,0.0,0.0,1.0,0.0,0.0,0.0,-0.0385,0.0,0.0,0.0,0.0
23.6789,0.9981996316930485,0.0599388393396171,0.002197067421277996,-6.100187196078633e-05,0.0,1.447,9.7624,0.0,0.0,1.0,0.0,0.0,0.0,0.0462,0.0,0.0,0.0,0.0
23.699,0.9981959800572523,0.059999621718842225,0.002197059383917746,-6.100164880240566e-05,0.0,1.447,9.8096,0.0,0.0,1.0,0.0,0.0,0.0,-0.0539,0.0,0.0,0.0,0.0
23.719,0.9981959800572523,0.059999621718842225,0.002197059383917746,-6.100164880240566e-05,0.0,1.447,9.8096,0.0,0.0,1.0,0.0,0.0,0.0,0.0539,0.0,0.0,0.0,0.0
23.7391,0.998199763619741,0.05993884726141207,0.00213606583162948,-6.100188002322593e-05,0.0,1.447,9.8095,0.0,0.0,1.0,0.0,0.0,0.0,-0.0577,0.0,0.0,0.0,0.0
23.7592,0.9981959800572523,0.059999621718842225,0.002197059383917746,-6.100164880240566e-05,0.0,1.447,9.8832,0.0,0.0,1.0,0.0,0.0,0.0,0.0616,0.0,0.0,0.0,0.0
23.7792,0.998199763619741,0.05993884726141207,0.00213606583162948,-6.100188002322593e-05,0.0,1.447,9.7668,0.0,0.0,1.0,0.0,0.0,0.0,-0.0654,0.0,0.0,0.0,0.0
23.7993,0.9981996316930485,0.0599388393396171,0.002197067421277996,-6.100187196078633e-05,0.0,1.447,9.8437,0.0,0.0,1.0,0.0,0.0,0.0,0.0693,0.0,0.0,0.0,0.0
23.8194,0.9981999830376089,0.05993519768322447,0.0021359357700813895,-6.0998165718584296e-05,0.0,1.447,9.8095,0.0,0.0,1.0,0.0,0.0,0.0,-0.0654,0.0,0.0,0.0,0.0
23.8394,0.9981997580479456,0.05993884692684276,0.0021360658197063023,-0.00012200375936533003,0.0,1.447,9.8096,0.0,0.0,1.0,0.0,0.0,0.0,0.0577,0.0,0.0,0.0,0.0
23.8595,0.9982001056631171,0.05993520504606179,0.0020749378592618724,-0.00012199634642401369,0.0,1.447,9.7757,0.0,0.0,1.0,0.0,0.0,0.0,-0.0539,0.0,0.0,0.0,0.0
23.8796,0.9982001056631171,0.05993520504606179,0.0020749378592618724,-0.00012199634642401369,0.0,1.447,9.8061,0.0,0.0,1.0,0.0,0.0,0.0,0.0462,0.0,0.0,0.0,0.0
23.8996,0.9982001056631171,0.05993520504606179,0.0020749378592618724,-0.00012199634642401369,0.0,1.447,9.7274,0.0,0.0,1.0,0.0,0.0,0.0,-0.0385,0.0,0.0,0.0,0.0
23.9197,0.9981998862601567,0.05993885462559447,0.0020750642065520235,-0.00012200377503573945,0.0,1.447,9.8104,0.0,0.0,1.0,0.0,0.0,0.0,0.0308,0.0,0.0,0.0,0.0
23.9398,0.9982002301457114,0.059935212520404624,0.0020139399372023185,-0.0001219963616378994,0.0,1.447,9.8095,0.0,0.0,1.0,0.0,0.0,0.0,-0.0269,0.0,0.0,0.0,0.0
23.9598,0.9981998862601567,0.05993885462559447,0.0020750642065520235,-0.00012200377503573945,0.0,1.447,9.8147,0.0,0.0,1.0,0.0,0.0,0.0,0.0154,0.0,0.0,0.0,0.0
23.9799,0.9982000107578839,0.05993886210130278,0.0020140625702324833,-0.00012200379025245622,0.0,1.447,9.767,0.0,0.0,1.0,0.0,0.0,0.0,-0.0077,0.0,0.0,0.0,0.0
24.0,0.9982002301457114,0.059935212520404624,0.0020139399372023185,-0.0001219963616378994,0.0,1.447,9.8483,0.0,0.0,1.0,0.0,0.0,0.0,-0.0038,0.0,0.0,0.0,0.0
24.0201,0.9982002301457114,0.059935212520404624,0.0020139399372023185,-0.0001219963616378994,0.0,1.447,9.7273,0.0,0.0,1.0,0.0,0.0,0.0,0.0115,0.0,0.0,0.0,0.0
24.0402,0.9981963591179275,0.05999964450344322,0.0020140552023390004,-0.00012200334393513979,0.0,1.447,9.8919,0.0,0.0,1.0,0.0,0.0,0.0,-0.0192,0.0,0.0,0.0,0.0
24.0602,0.9982003509142692,0.05993521977174454,0.0019529419926625942,-0.00012199637639770389,0.0,1.447,9.6885,0.0,0.0,1.0,0.0,0.0,0.0,0.0269,0.0,0.0,0.0,0.0
24.0803,0.998196364689666,0.0599996448383496,0.002014055213581067,-6.100167230815857e-05,0.0,1.447,9.8147,0.0,0.0,1.0,0.0,0.0,0.0,-0.0346,0.0,0.0,0.0,0.0
24.1004,0.9981964854715819,0.05999965209831598,0.001953053777592778,-6.100167968930981e-05,0.0,1.447,9.7273,0.0,0.0,1.0,0.0,0.0,0.0,0.0423,0.0,0.0,0.0,0.0
24.1204,0.998196364689666,0.0599996448383496,0.002014055213581067,-6.100167230815857e-05,0.0,1.447,9.7712,0.0,0.0,1.0,0.0,0.0,0.0,-0.05,0.0,0.0,0.0,0.0
24.1405,0.9981964854715819,0.05999965209831598,0.001953053777592778,-6.100167968930981e-05,0.0,1.447,9.8484,0.0,0.0,1.0,0.0,0.0,0.0,0.0577,0.0,0.0,0.0,0.0
24.1606,0.9981966025390467,0.05999965913501394,0.0018920523198014405,-6.1001686843420444e-05,0.0,1.447,9.7624,0.0,0.0,1.0,0.0,0.0,0.0,-0.0616,0.0,0.0,0.0,0.0
24.1807,0.998196364689666,0.0599996448383496,0.002014055213581067,-6.100167230815857e-05,0.0,1.447,9.8025,0.0,0.0,1.0,0.0,0.0,0.0,0.0654,0.0,0.0,0.0,0.0
24.2007,0.9981962401933029,0.059999637355115,0.0020750566270853095,-6.100166469980017e-05,0.0,1.447,9.7717,0.0,0.0,1.0,0.0,0.0,0.0,-0.0693,0.0,0.0,0.0,0.0
24.2208,0.9981964854715819,0.05999965209831598,0.001953053777592778,-6.100167968930981e-05,0.0,1.447,9.7321,0.0,0.0,1.0,0.0,0.0,0.0,0.0616,0.0,0.0,0.0,0.0
24.2409,0.9981928301558612,0.06006043384069318,0.0019530466256659981,-6.100145630594245e-05,0.0,1.447,9.8589,0.0,0.0,1.0,0.0,0.0,0.0,-0.0654,0.0,0.0,0.0,0.0
24.261,0.9981928301558612,0.06006043384069318,0.0019530466256659981,-6.100145630594245e-05,0.0,1.447,9.7583,0.0,0.0,1.0,0.0,0.0,0.0,0.0616,0.0,0.0,0.0,0.0
24.281,0.998189401581294,0.06012122879298735,0.0018310374238183734,-6.100124677932417e-05,0.0,1.447,9.8493,0.0,0.0,1.0,0.0,0.0,0.0,-0.0577,0.0,0.0,0.0,0.0
24.3011,0.998185508501774,0.06018199532057723,0.0019530323002457176,-6.1001008865857465e-05,0.0,1.447,9.6898,0.0,0.0,1.0,0.0,0.0,0.0,0.05,0.0,0.0,0.0,0.0
24.3212,0.9981853877238427,0.060181988038707446,0.00201403306541861,-6.100100148487275e-05,0.0,1.447,9.8484,0.0,0.0,1.0,0.0,0.0,0.0,-0.0462,0.0,0.0,0.0,0.0
24.3413,0.998185508501774,0.06018199532057723,0.0019530323002457176,-6.1001008865857465e-05,0.0,1.447,9.8096,0.0,0.0,1.0,0.0,0.0,0.0,0.0308,0.0,0.0,0.0,0.0
24.3613,0.9981853877238427,0.060181988038707446,0.00201403306541861,-6.100100148487275e-05,0.0,1.447,9.9273,0.0,0.0,1.0,0.0,0.0,0.0,-0.0231,0.0,0.0,0.0,0.0
24.3814,0.9981851350250105,0.06018197280314271,0.0021360345276335295,-6.100098604189253e-05,0.0,1.447,9.8949,0.0,0.0,1.0,0.0,0.0,0.0,0.0154,0.0,0.0,0.0,0.0
24.4015,0.9981853895810275,0.060181988150679724,0.0020140330691658416,0.0,0.0,1.447,9.8492,0.0,0.0,1.0,0.0,0.0,0.0,-0.0077,0.0,0.0,0.0,0.0
24.4216,0.9981853895810275,0.060181988150679724,0.0020140330691658416,0.0,0.0,1.447,9.8492,0.0,0.0,1.0,0.0,0.0,0.0,-0.0038,0.0,0.0,0.0,0.0
24.4417,0.998185508501774,0.06018199532057724,0.0019530323002457178,6.100100886585747e-05,0.0,1.447,9.7117,0.0,0.0,1.0,0.0,0.0,0.0,0.0115,0.0,0.0,0.0,0.0
24.4618,0.9981892900879827,0.060121222077713816,0.0018920384592653883,0.0,0.0,1.447,9.8095,0.0,0.0,1.0,0.0,0.0,0.0,-0.0192,0.0,0.0,0.0,0.0
24.4819,0.9981853895810275,0.060181988150679724,0.0020140330691658416,0.0,0.0,1.447,9.738,0.0,0.0,1.0,0.0,0.0,0.0,0.0308,0.0,0.0,0.0,0.0
24.502,0.9981856255653767,0.060182002378504976,0.001892031513270498,-6.100101601985708e-05,0.0,1.447,9.8441,0.0,0.0,1.0,0.0,0.0,0.0,-0.0385,0.0,0.0,0.0,0.0
24.5222,0.998185508501774,0.06018199532057723,0.0019530323002457176,-6.1001008865857465e-05,0.0,1.447,9.8065,0.0,0.0,1.0,0.0,0.0,0.0,0.0462,0.0,0.0,0.0,0.0
24.5423,0.9981815968961665,0.06024276025424438,0.0020750261865070466,-6.100076982024083e-05,0.0,1.447,9.8126,0.0,0.0,1.0,0.0,0.0,0.0,-0.0539,0.0,0.0,0.0,0.0
24.5624,0.9981817213870506,0.06024276776758115,0.0020140256678713997,-6.100077742809962e-05,0.0,1.447,9.8105,0.0,0.0,1.0,0.0,0.0,0.0,0.0577,0.0,0.0,0.0,0.0
24.5824,0.9981818421636512,0.06024277505675159,0.0019530251267527096,-6.100078480897331e-05,0.0,1.447,9.8884,0.0,0.0,1.0,0.0,0.0,0.0,-0.0616,0.0,0.0,0.0,0.0
24.6025,0.9981815968961665,0.06024276025424438,0.0020750261865070466,-6.100076982024083e-05,0.0,1.447,9.8049,0.0,0.0,1.0,0.0,0.0,0.0,0.0616,0.0,0.0,0.0,0.0
24.6226,0.9981856255653767,0.060182002378504976,0.001892031513270498,-6.100101601985708e-05,0.0,1.447,9.8491,0.0,0.0,1.0,0.0,0.0,0.0,-0.0654,0.0,0.0,0.0,0.0
24.6426,0.998185508501774,0.06018199532057723,0.0019530323002457176,-6.1001008865857465e-05,0.0,1.447,9.8786,0.0,0.0,1.0,0.0,0.0,0.0,0.0654,0.0,0.0,0.0,0.0
24.6627,0.9981853877238427,0.060181988038707446,0.00201403306541861,-6.100100148487275e-05,0.0,1.447,9.767,0.0,0.0,1.0,0.0,0.0,0.0,-0.0654,0.0,0.0,0.0,0.0
24.6828,0.9981815968961665,0.06024276025424438,0.0020750261865070466,-6.100076982024083e-05,0.0,1.447,9.854,0.0,0.0,1.0,0.0,0.0,0.0,0.0577,0.0,0.0,0.0,0.0
24.7028,0.998185265088771,0.06018198064486808,0.0020750338119689196,0.0,0.0,1.447,9.6898,0.0,0.0,1.0,0.0,0.0,0.0,-0.0577,0.0,0.0,0.0,0.0
24.7229,0.9981853877238427,0.06018198803870746,0.0020140330654186134,6.100100148487275e-05,0.0,1.447,9.7234,0.0,0.0,1.0,0.0,0.0,0.0,0.0462,0.0,0.0,0.0,0.0
24.743,0.9981853895810275,0.060181988150679724,0.0020140330691658416,0.0,0.0,1.447,9.7622,0.0,0.0,1.0,0.0,0.0,0.0,-0.0423,0.0,0.0,0.0,0.0
24.7631,0.998181470548166,0.06024275262882599,0.00213602668595287,0.0,0.0,1.447,9.8437,0.0,0.0,1.0,0.0,0.0,0.0,0.0308,0.0,0.0,0.0,0.0
24.7831,0.998181470548166,0.06024275262882599,0.00213602668595287,0.0,0.0,1.447,9.8403,0.0,0.0,1.0,0.0,0.0,0.0,-0.0231,0.0,0.0,0.0,0.0
24.8032,0.9981775329900531,0.060303515508795785,0.0022580193028350383,0.0,0.0,1.447,9.8176,0.0,0.0,1.0,0.0,0.0,0.0,0.0154,0.0,0.0,0.0,0.0
24.8233,0.9981775329900531,0.060303515508795785,0.0022580193028350383,0.0,0.0,1.447,9.6168,0.0,0.0,1.0,0.0,0.0,0.0,-0.0077,0.0,0.0,0.0,0.0
24.8433,0.9981814686910029,0.06024275251674156,0.0021360266819786915,6.1000761985341434e-05,0.0,1.447,9.9545,0.0,0.0,1.0,0.0,0.0,0.0,-0.0038,0.0,0.0,0.0,0.0
24.8634,0.9981815968961666,0.060242760254244396,0.002075026186507043,6.100076982024083e-05,0.0,1.447,9.7624,0.0,0.0,1.0,0.0,0.0,0.0,0.0115,0.0,0.0,0.0,0.0
24.8835,0.998181202995016,0.060242736481323056,0.0022580276049073353,0.0,0.0,1.447,9.8127,0.0,0.0,1.0,0.0,0.0,0.0,-0.0192,0.0,0.0,0.0,0.0
24.9035,0.9981813367715641,0.06024274455507289,0.002197027153605386,6.100075392356796e-05,0.0,1.4432,9.7274,0.0,0.0,1.0,0.0,0.0,0.0,0.0308,0.0,0.0,0.0,0.0
24.9236,0.9981777986831093,0.060303531560274404,0.0021360188284620454,6.100053770424774e-05,0.0,1.4432,9.8483,0.0,0.0,1.0,0.0,0.0,0.0,-0.0385,0.0,0.0,0.0,0.0
24.9437,0.9981814686910029,0.06024275251674156,0.0021360266819786915,6.1000761985341434e-05,0.0,1.4432,9.7232,0.0,0.0,1.0,0.0,0.0,0.0,0.0462,0.0,0.0,0.0,0.0
24.9637,0.9981776667651256,0.06030352359063182,0.0021970190758108,6.1000529642418755e-05,0.0,1.4432,9.8061,0.0,0.0,1.0,0.0,0.0,0.0,-0.0539,0.0,0.0,0.0,0.0
24.9838,0.9981813367715641,0.06024274455507289,0.002197027153605386,6.100075392356796e-05,0.0,1.4432,9.6885,0.0,0.0,1.0,0.0,0.0,0.0,0.0577,0.0,0.0,0.0,0.0
25.0039,0.9981776686222674,0.060303523702828474,0.0021970190798984296,0.0,0.0,1.4432,9.7757,0.0,0.0,1.0,0.0,0.0,0.0,-0.0616,0.0,0.0,0.0,0.0
25.0239,0.9981776686222674,0.060303523702828474,0.0021970190798984296,0.0,0.0,1.4432,9.8049,0.0,0.0,1.0,0.0,0.0,0.0,0.0616,0.0,0.0,0.0,0.0
25.044,0.9981813386287264,0.0602427446671573,0.0021970271576930572,0.0,0.0,1.4432,9.7285,0.0,0.0,1.0,0.0,0.0,0.0,-0.0654,0.0,0.0,0.0,0.0
25.0641,0.998181202995016,0.060242736481323056,0.0022580276049073353,0.0,0.0,1.4432,9.8493,0.0,0.0,1.0,0.0,0.0,0.0,0.0616,0.0,0.0,0.0,0.0
25.0842,0.9981812011378545,0.0602427363692387,0.002258027600706182,-6.100074563469837e-05,0.0,1.4432,9.8061,0.0,0.0,1.0,0.0,0.0,0.0,-0.0654,0.0,0.0,0.0,0.0
25.1042,0.9981812011378545,0.0602427363692387,0.002258027600706182,-6.100074563469837e-05,0.0,1.4432,9.8397,0.0,0.0,1.0,0.0,0.0,0.0,0.0577,0.0,0.0,0.0,0.0
25.1243,0.9981813367715641,0.06024274455507289,0.002197027153605386,-6.100075392356796e-05,0.0,1.4432,9.8542,0.0,0.0,1.0,0.0,0.0,0.0,-0.0577,0.0,0.0,0.0,0.0
25.1443,0.9981810617898786,0.06024272795923923,0.0023190280226001204,-6.1000737118843684e-05,0.0,1.4432,9.8484,0.0,0.0,1.0,0.0,0.0,0.0,0.0462,0.0,0.0,0.0,0.0
25.1644,0.9981810617898786,0.06024272795923923,0.0023190280226001204,-6.1000737118843684e-05,0.0,1.4432,9.8919,0.0,0.0,1.0,0.0,0.0,0.0,-0.0423,0.0,0.0,0.0,0.0
25.1845,0.9981809187276414,0.06024271932507478,0.0023800284186062705,-6.100072837611492e-05,0.0,1.4432,9.8483,0.0,0.0,1.0,0.0,0.0,0.0,-0.0231,0.0,0.0,0.0,0.0
25.2045,0.9981809187276414,0.06024271932507478,0.0023800284186062705,-6.100072837611492e-05,0.0,1.4393,9.8535,0.0,0.0,1.0,0.0,0.0,0.0,0.0154,0.0,0.0,0.0,0.0
25.2246,0.9981807719511472,0.060242710466745626,0.0024410287880436633,-6.1000719406345556e-05,0.0,1.4393,9.8484,0.0,0.0,1.0,0.0,0.0,0.0,-0.0077,0.0,0.0,0.0,0.0
25.2447,0.9981809205848012,0.06024271943715904,0.0023800284230344093,0.0,0.0,1.4393,9.8786,0.0,0.0,1.0,0.0,0.0,0.0,-0.0038,0.0,0.0,0.0,0.0
25.2648,0.9981807738083064,0.06024271057882982,0.0024410287925853077,0.0,0.0,1.4393,9.7712,0.0,0.0,1.0,0.0,0.0,0.0,0.0115,0.0,0.0,0.0,0.0
25.2848,0.9981809205848012,0.06024271943715904,0.0023800284230344093,0.0,0.0,1.4393,9.8483,0.0,0.0,1.0,0.0,0.0,0.0,-0.0192,0.0,0.0,0.0,0.0
25.3049,0.9981807738083064,0.06024271057882982,0.0024410287925853077,0.0,0.0,1.4393,9.8483,0.0,0.0,1.0,0.0,0.0,0.0,0.0308,0.0,0.0,0.0,0.0
25.325,0.9981807738083064,0.06024271057882982,0.0024410287925853077,0.0,0.0,1.4393,9.7717,0.0,0.0,1.0,0.0,0.0,0.0,-0.0385,0.0,0.0,0.0,0.0
25.3451,0.9981806233175595,0.060242701496336225,0.002502029134886515,0.0,0.0,1.4393,9.8449,0.0,0.0,1.0,0.0,0.0,0.0,0.0462,0.0,0.0,0.0,0.0
25.3652,0.9981807738083064,0.06024271057882982,0.0024410287925853077,0.0,0.0,1.4355,9.8918,0.0,0.0,1.0,0.0,0.0,0.0,-0.05,0.0,0.0,0.0,0.0
25.3853,0.9981806233175595,0.060242701496336225,0.002502029134886515,0.0,0.0,1.4085,9.8095,0.0,0.0,1.0,0.0,0.0,0.0,0.0577,0.0,0.0,0.0,0.0
25.4054,0.9981806233175595,0.060242701496336225,0.002502029134886515,0.0,0.0,1.2392,9.8438,0.0,0.0,1.0,0.0,0.0,0.0,-0.0616,0.0,0.0,0.0,0.0
25.4255,0.9981804672554084,0.06024269207759438,0.0025630294444884826,-6.100070078579601e-05,0.0,0.9506,9.9356,0.0,0.0,1.0,0.0,0.0,0.0,0.0616,0.0,0.0,0.0,0.0
25.448,0.998184135435559,0.060181912536501694,0.0025630388632800136,0.0,0.0,0.5811,9.7538,0.0,0.0,1.0,0.0,0.0,0.0,-0.0654,0.0,0.0,0.0,0.0
25.4681,0.9981834768063593,0.060181872826829436,0.0028080407254405526,-6.1000884705009195e-05,0.0,0.1501,9.8428,0.0,0.0,1.0,0.0,0.0,0.0,0.0654,0.0,0.0,0.0,0.0
25.4882,0.9981792808368808,0.06024262047426375,0.002991030806389624,-6.100062828140462e-05,0.0,-0.3002,10.0937,0.0,0.0,1.0,0.0,0.0,0.0,-0.0616,0.0,0.0,0.0,0.0
25.5083,0.9981752391837041,0.06030337693165678,0.00311301945820686,-6.1000381288311985e-05,0.0,-0.7158,9.5754,0.0,0.0,1.0,0.0,0.0,0.0,0.0577,0.0,0.0,0.0,0.0
25.5283,0.9981794629594902,0.06024263146581951,0.0029300307127062795,0.0,0.0,-1.0622,9.8008,0.0,0.0,1.0,0.0,0.0,0.0,-0.0539,0.0,0.0,0.0,0.0
25.5484,0.9981763096219707,0.060303441600704596,0.002747020116364629,6.10004467047065e-05,0.0,-1.2161,9.8256,0.0,0.0,1.0,0.0,0.0,0.0,0.0462,0.0,0.0,0.0,0.0
25.5685,0.9981771019509387,0.060303489468163676,0.0024410198131401065,6.10004951254739e-05,0.0,-1.2276,9.2486,0.0,0.0,1.0,0.0,0.0,0.0,-0.0385,0.0,0.0,0.0,0.0
25.5885,0.9981692857100284,0.06042501729569688,0.0026250007513645805,6.1000017460344225e-05,0.0,-1.2276,10.0343,0.0,0.0,1.0,0.0,0.0,0.0,0.0308,0.0,0.0,0.0,0.0
25.6086,0.9981724686947835,0.06036420976837781,0.0028080097579617908,0.0,0.0,-1.2315,9.6994,0.0,0.0,1.0,0.0,0.0,0.0,-0.0231,0.0,0.0,0.0,0.0
25.6287,0.9981726378138678,0.060364219995808654,0.002747010011405593,0.0,0.0,-1.2315,9.8493,0.0,0.0,1.0,0.0,0.0,0.0,0.0154,0.0,0.0,0.0,0.0
25.6487,0.9981684419810757,0.06042496621985506,0.002929998362005394,0.0,0.0,-1.2315,9.7691,0.0,0.0,1.0,0.0,0.0,0.0,-0.0077,0.0,0.0,0.0,0.0
25.6688,0.9981719390527277,0.06036417773841789,0.0029910088068320247,0.0,0.0,-1.2315,9.8025,0.0,0.0,1.0,0.0,0.0,0.0,-0.0038,0.0,0.0,0.0,0.0
25.6889,0.9981726378138678,0.060364219995808654,0.002747010011405593,0.0,0.0,-1.2315,9.7321,0.0,0.0,1.0,0.0,0.0,0.0,0.0115,0.0,0.0,0.0,0.0
25.7089,0.9981691240210242,0.060425007507717024,0.0026860003337315502,6.100000757913726e-05,0.0,-1.2315,9.7319,0.0,0.0,1.0,0.0,0.0,0.0,-0.0192,0.0,0.0,0.0,0.0
25.729,0.9981729630524853,0.06036423966452597,0.0026250104220956368,6.1000242189579446e-05,0.0,-1.2315,9.7622,0.0,0.0,1.0,0.0,0.0,0.0,0.0308,0.0,0.0,0.0,0.0
25.7491,0.9981729630524853,0.06036423966452597,0.0026250104220956368,6.1000242189579446e-05,0.0,-1.2315,9.7622,0.0,0.0,1.0,0.0,0.0,0.0,-0.0346,0.0,0.0,0.0,0.0
25.7691,0.9981691240210242,0.060425007507717024,0.0026860003337315502,6.100000757913726e-05,0.0,-1.2315,9.8147,0.0,0.0,1.0,0.0,0.0,0.0,0.0462,0.0,0.0,0.0,0.0
25.7892,0.9981691240210242,0.060425007507717024,0.0026860003337315502,6.100000757913726e-05,0.0,-1.2315,9.7285,0.0,0.0,1.0,0.0,0.0,0.0,-0.05,0.0,0.0,0.0,0.0
25.8093,0.9981692857100284,0.06042501729569688,0.0026250007513645805,6.1000017460344225e-05,0.0,-1.2315,9.7234,0.0,0.0,1.0,0.0,0.0,0.0,0.0539,0.0,0.0,0.0,0.0
25.8294,0.9981692857100284,0.06042501729569688,0.0026250007513645805,6.1000017460344225e-05,0.0,-1.2315,9.8493,0.0,0.0,1.0,0.0,0.0,0.0,-0.0616,0.0,0.0,0.0,0.0
25.8495,0.9981692857100284,0.06042501729569688,0.0026250007513645805,6.1000017460344225e-05,0.0,-1.2315,9.8493,0.0,0.0,1.0,0.0,0.0,0.0,0.0616,0.0,0.0,0.0,0.0
25.8696,0.9981657670830646,0.06048580409508435,0.00256299169883447,0.0,0.0,-1.2315,9.7622,0.0,0.0,1.0,0.0,0.0,0.0,-0.0616,0.0,0.0,0.0,0.0
25.8896,0.9981659212812446,0.06048581343902422,0.0025019922829157028,0.0,0.0,-1.2315,9.8492,0.0,0.0,1.0,0.0,0.0,0.0,0.0616,0.0,0.0,0.0,0.0
25.9097,0.9981657670830646,0.06048580409508435,0.00256299169883447,0.0,0.0,-1.2315,9.8096,0.0,0.0,1.0,0.0,0.0,0.0,-0.0616,0.0,0.0,0.0,0.0
25.9298,0.9981659194241684,0.060485813326491056,0.0025019922782607805,6.099981174012559e-05,0.0,-1.2315,9.805,0.0,0.0,1.0,0.0,0.0,0.0,0.0577,0.0,0.0,0.0,0.0
25.9498,0.998166071765342,0.06048582255790198,0.0024409928390675406,0.0,0.0,-1.2315,9.8095,0.0,0.0,1.0,0.0,0.0,0.0,-0.0539,0.0,0.0,0.0,0.0
25.9699,0.998166071765342,0.06048582255790198,0.0024409928390675406,0.0,0.0,-1.2315,9.8493,0.0,0.0,1.0,0.0,0.0,0.0,0.0462,0.0,0.0,0.0,0.0
25.99,0.9981659212812446,0.06048581343902422,0.0025019922829157028,0.0,0.0,-1.2315,9.805,0.0,0.0,1.0,0.0,0.0,0.0,-0.0385,0.0,0.0,0.0,0.0
26.0101,0.9981662185353514,0.060485831451717355,0.002379993367970904,0.0,0.0,-1.2315,9.8049,0.0,0.0,1.0,0.0,0.0,0.0,0.0308,0.0,0.0,0.0,0.0
26.0301,0.9981625338392061,0.060546607775198796,0.0023799845823075268,0.0,0.0,-1.2315,9.7817,0.0,0.0,1.0,0.0,0.0,0.0,-0.0231,0.0,0.0,0.0,0.0
26.0502,0.998162387070822,0.060546598872512625,0.002440983828229378,5.551115123125783e-17,0.0,-1.2315,9.8453,0.0,0.0,1.0,0.0,0.0,0.0,0.0154,0.0,0.0,0.0,0.0
26.0703,0.9981625319821488,0.0605466076625533,0.0023799845778796173,6.099960472716326e-05,0.0,-1.2315,9.7582,0.0,0.0,1.0,0.0,0.0,0.0,-0.0038,0.0,0.0,0.0,0.0
26.0903,0.9981625338392061,0.060546607775198796,0.0023799845823075268,0.0,0.0,-1.2315,9.8535,0.0,0.0,1.0,0.0,0.0,0.0,-0.0038,0.0,0.0,0.0,0.0
26.1104,0.9981625338392061,0.060546607775198796,0.0023799845823075268,0.0,0.0,-1.2315,9.7319,0.0,0.0,1.0,0.0,0.0,0.0,0.0115,0.0,0.0,0.0,0.0
26.1305,0.9981626750364806,0.06054661633995224,0.0023189853055039897,6.099961346944794e-05,0.0,-1.2315,9.7624,0.0,0.0,1.0,0.0,0.0,0.0,-0.0192,0.0,0.0,0.0,0.0
26.1506,0.9981626750364806,0.06054661633995224,0.0023189853055039897,6.099961346944794e-05,0.0,-1.2315,9.8049,0.0,0.0,1.0,0.0,0.0,0.0,0.0308,0.0,0.0,0.0,0.0
26.1706,0.9981625319821488,0.0605466076625533,0.0023799845778796173,6.099960472716326e-05,0.0,-1.2315,9.7717,0.0,0.0,1.0,0.0,0.0,0.0,-0.0346,0.0,0.0,0.0,0.0
26.1907,0.9981626750364806,0.06054661633995224,0.0023189853055039897,6.099961346944794e-05,0.0,-1.2315,9.7582,0.0,0.0,1.0,0.0,0.0,0.0,0.0423,0.0,0.0,0.0,0.0
26.2108,0.9981626750364806,0.06054661633995224,0.0023189853055039897,6.099961346944794e-05,0.0,-1.2315,9.7582,0.0,0.0,1.0,0.0,0.0,0.0,-0.05,0.0,0.0,0.0,0.0
26.2309,0.9981626750364806,0.06054661633995224,0.0023189853055039897,6.099961346944794e-05,0.0,-1.2315,9.7806,0.0,0.0,1.0,0.0,0.0,0.0,0.0539,0.0,0.0,0.0,0.0
26.2509,0.9981662166782735,0.060485831339184094,0.002379993363542943,6.099982990587228e-05,0.0,-1.2315,9.7974,0.0,0.0,1.0,0.0,0.0,0.0,-0.0577,0.0,0.0,0.0,0.0
26.271,0.9981662166782735,0.060485831339184094,0.002379993363542943,6.099982990587228e-05,0.0,-1.2315,9.8095,0.0,0.0,1.0,0.0,0.0,0.0,0.0616,0.0,0.0,0.0,0.0
26.2911,0.9981625319821488,0.0605466076625533,0.0023799845778796173,6.099960472716326e-05,0.0,-1.2315,9.7329,0.0,0.0,1.0,0.0,0.0,0.0,-0.0616,0.0,0.0,0.0,0.0
26.3111,0.9981625319821488,0.0605466076625533,0.0023799845778796173,6.099960472716326e-05,0.0,-1.2315,9.8147,0.0,0.0,1.0,0.0,0.0,0.0,0.0616,0.0,0.0,0.0,0.0
26.3312,0.9981663597341897,0.060485840007936734,0.002318993865992231,6.099983864832348e-05,0.0,-1.2315,9.754,0.0,0.0,1.0,0.0,0.0,0.0,-0.0616,0.0,0.0,0.0,0.0
26.3513,0.9981663597341897,0.060485840007936734,0.002318993865992231,6.099983864832348e-05,0.0,-1.2315,9.7805,0.0,0.0,1.0,0.0,0.0,0.0,0.0577,0.0,0.0,0.0,0.0
26.3713,0.9981626750364806,0.06054661633995224,0.0023189853055039897,6.099961346944794e-05,0.0,-1.2315,9.7755,0.0,0.0,1.0,0.0,0.0,0.0,-0.0539,0.0,0.0,0.0,0.0
26.3914,0.9981663597341897,0.060485840007936734,0.002318993865992231,6.099983864832348e-05,0.0,-1.2315,9.754,0.0,0.0,1.0,0.0,0.0,0.0,0.0462,0.0,0.0,0.0,0.0
26.4115,0.9981663597341897,0.060485840007936734,0.002318993865992231,6.099983864832348e-05,0.0,-1.2315,9.7712,0.0,0.0,1.0,0.0,0.0,0.0,-0.0385,0.0,0.0,0.0,0.0
26.4315,0.9981663597341897,0.060485840007936734,0.002318993865992231,6.099983864832348e-05,0.0,-1.2315,9.7731,0.0,0.0,1.0,0.0,0.0,0.0,0.0308,0.0,0.0,0.0,0.0
26.4516,0.9981701801018665,0.06042507143845911,0.0022580026695579805,6.100007211823355e-05,0.0,-1.2315,9.8013,0.0,0.0,1.0,0.0,0.0,0.0,-0.0192,0.0,0.0,0.0,0.0
26.4717,0.9981703157310835,0.060425079648887846,0.002197002895963706,6.1000080406770074e-05,0.0,-1.2315,9.7818,0.0,0.0,1.0,0.0,0.0,0.0,0.0154,0.0,0.0,0.0,0.0
26.4917,0.9981663597341897,0.060485840007936734,0.002318993865992231,6.099983864832348e-05,0.0,-1.2315,9.8833,0.0,0.0,1.0,0.0,0.0,0.0,-0.0077,0.0,0.0,0.0,0.0
26.5118,0.9981700407585063,0.060425063003191594,0.0023190024179462546,6.100006360265642e-05,0.0,-1.2315,9.7721,0.0,0.0,1.0,0.0,0.0,0.0,-0.0038,0.0,0.0,0.0,0.0
26.5319,0.9981698977010076,0.06042505434308557,0.00238000214044757,6.100005486026073e-05,0.0,-1.2315,9.8493,0.0,0.0,1.0,0.0,0.0,0.0,0.0115,0.0,0.0,0.0,0.0
26.5519,0.9981698977010076,0.06042505434308557,0.00238000214044757,6.100005486026073e-05,0.0,-1.2315,9.8833,0.0,0.0,1.0,0.0,0.0,0.0,-0.0192,0.0,0.0,0.0,0.0
26.572,0.9981700407585063,0.060425063003191594,0.0023190024179462546,6.100006360265642e-05,0.0,-1.2315,9.7622,0.0,0.0,1.0,0.0,0.0,0.0,0.0269,0.0,0.0,0.0,0.0
26.5921,0.9981737181093084,0.0603642853263829,0.002319010961365754,6.100028833255777e-05,0.0,-1.2315,9.8542,0.0,0.0,1.0,0.0,0.0,0.0,-0.0346,0.0,0.0,0.0,0.0
26.6121,0.9981697509293751,0.060425045458141355,0.0024410018363810286,6.1000045890657884e-05,0.0,-1.2315,9.767,0.0,0.0,1.0,0.0,0.0,0.0,0.0423,0.0,0.0,0.0,0.0
26.6322,0.9981698977010076,0.06042505434308557,0.00238000214044757,6.100005486026073e-05,0.0,-1.2315,9.7817,0.0,0.0,1.0,0.0,0.0,0.0,-0.0462,0.0,0.0,0.0,0.0
26.6523,0.9981700351872087,0.06042506266592839,0.002319002405002702,0.00012200012652446857,0.0,-1.2315,9.8705,0.0,0.0,1.0,0.0,0.0,0.0,0.0539,0.0,0.0,0.0,0.0
26.6723,0.9981737181093084,0.0603642853263829,0.002319010961365754,6.100028833255777e-05,0.0,-1.2315,9.8632,0.0,0.0,1.0,0.0,0.0,0.0,-0.0577,0.0,0.0,0.0,0.0
26.6924,0.9981697509293751,0.060425045458141355,0.0024410018363810286,6.1000045890657884e-05,0.0,-1.2315,9.8589,0.0,0.0,1.0,0.0,0.0,0.0,0.0616,0.0,0.0,0.0,0.0
26.7125,0.9981734282769739,0.06036426779885095,0.0024410108292524622,6.1000270620337194e-05,0.0,-1.2315,9.7979,0.0,0.0,1.0,0.0,0.0,0.0,-0.0577,0.0,0.0,0.0,0.0
26.7325,0.9981735750502285,0.06036427667492378,0.002380010908593185,6.100027958994003e-05,0.0,-1.2315,9.8541,0.0,0.0,1.0,0.0,0.0,0.0,0.0577,0.0,0.0,0.0,0.0
26.7526,0.9981737181093084,0.0603642853263829,0.002319010961365754,6.100028833255777e-05,0.0,-1.2315,9.8095,0.0,0.0,1.0,0.0,0.0,0.0,-0.0616,0.0,0.0,0.0,0.0
26.7727,0.998177531132912,0.06030351539659916,0.0022580192986339227,6.1000521353771195e-05,0.0,-1.2315,9.8437,0.0,0.0,1.0,0.0,0.0,0.0,0.0577,0.0,0.0,0.0,0.0
26.7928,0.998177531132912,0.06030351539659916,0.0022580192986339227,6.1000521353771195e-05,0.0,-1.2315,9.8437,0.0,0.0,1.0,0.0,0.0,0.0,-0.05,0.0,0.0,0.0,0.0
26.8129,0.998177531132912,0.06030351539659916,0.0022580192986339227,6.1000521353771195e-05,0.0,-1.2315,9.8967,0.0,0.0,1.0,0.0,0.0,0.0,0.0462,0.0,0.0,0.0,0.0
26.8329,0.9981773917864732,0.06030350697817675,0.002319019496250467,6.100051283802755e-05,0.0,-1.2276,9.7712,0.0,0.0,1.0,0.0,0.0,0.0,-0.0385,0.0,0.0,0.0,0.0
26.853,0.9981809187276414,0.06024271932507478,0.0023800284186062705,6.100072837611492e-05,0.0,-1.2276,9.7342,0.0,0.0,1.0,0.0,0.0,0.0,0.0308,0.0,0.0,0.0,0.0
26.8731,0.9981809131561615,0.06024271898882201,0.002380028405321817,0.0001220014560710525,0.0,-1.2276,9.6497,0.0,0.0,1.0,0.0,0.0,0.0,-0.0231,0.0,0.0,0.0,0.0
26.8931,0.99818119556637,0.06024273603298566,0.002258027588102684,0.00012200149058827492,0.0,-1.2276,9.8049,0.0,0.0,1.0,0.0,0.0,0.0,0.0154,0.0,0.0,0.0,0.0
26.9132,0.9981848618973679,0.060181956335896514,0.0022580358818639623,0.00012200193870132159,0.0,-1.2276,9.6844,0.0,0.0,1.0,0.0,0.0,0.0,-0.0038,0.0,0.0,0.0,0.0
26.9333,0.9981849975325698,0.06018196451353185,0.0021970352110505004,0.0001220019552791163,0.0,-1.2276,9.922,0.0,0.0,1.0,0.0,0.0,0.0,-0.0038,0.0,0.0,0.0,0.0
26.9533,0.998184722547859,0.06018194793432045,0.002319036527470286,0.00012200192166944568,0.0,-1.2276,9.767,0.0,0.0,1.0,0.0,0.0,0.0,0.0115,0.0,0.0,0.0,0.0
26.9734,0.9981848618973679,0.060181956335896514,0.0022580358818639623,0.00012200193870132159,0.0,-1.2276,9.8153,0.0,0.0,1.0,0.0,0.0,0.0,-0.0192,0.0,0.0,0.0,0.0
26.9935,0.9981848618973679,0.060181956335896514,0.0022580358818639623,0.00012200193870132159,0.0,-1.2276,9.8008,0.0,0.0,1.0,0.0,0.0,0.0,0.0269,0.0,0.0,0.0,0.0
27.0135,0.9981883907749228,0.06012116791183493,0.0023190450496930366,6.100118500701468e-05,0.0,-1.2276,9.7775,0.0,0.0,1.0,0.0,0.0,0.0,-0.0346,0.0,0.0,0.0,0.0
27.0336,0.9981845850555888,0.06018193964471987,0.0023800371604731398,6.1000952432332944e-05,0.0,-1.2276,9.8967,0.0,0.0,1.0,0.0,0.0,0.0,0.0423,0.0,0.0,0.0,0.0
27.0537,0.9981883907749228,0.06012116791183493,0.0023190450496930366,6.100118500701468e-05,0.0,-1.2276,9.9175,0.0,0.0,1.0,0.0,0.0,0.0,-0.05,0.0,0.0,0.0,0.0
27.0738,0.9981881009298069,0.06012115045438196,0.002441046710897319,6.1001167294016945e-05,0.0,-1.2276,9.8147,0.0,0.0,1.0,0.0,0.0,0.0,0.0539,0.0,0.0,0.0,0.0
27.0939,0.9981882477095341,0.060121159294966274,0.002380045893579843,6.100117626395285e-05,0.0,-1.2276,9.7806,0.0,0.0,1.0,0.0,0.0,0.0,-0.0577,0.0,0.0,0.0,0.0
27.1139,0.9981845850555888,0.06018193964471987,0.0023800371604731398,6.1000952432332944e-05,0.0,-1.2276,9.8153,0.0,0.0,1.0,0.0,0.0,0.0,0.0577,0.0,0.0,0.0,0.0
27.134,0.9981883907749228,0.06012116791183493,0.0023190450496930366,6.100118500701468e-05,0.0,-1.2276,9.8397,0.0,0.0,1.0,0.0,0.0,0.0,-0.0616,0.0,0.0,0.0,0.0
27.1541,0.9981881009298069,0.06012115045438196,0.002441046710897319,6.1001167294016945e-05,0.0,-1.2276,9.8459,0.0,0.0,1.0,0.0,0.0,0.0,0.0577,0.0,0.0,0.0,0.0
27.1742,0.9981882477095341,0.060121159294966274,0.002380045893579843,6.100117626395285e-05,0.0,-1.2276,9.8438,0.0,0.0,1.0,0.0,0.0,0.0,-0.0577,0.0,0.0,0.0,0.0
27.1942,0.9981883852033179,0.060121167576255595,0.002319045036748794,0.00012200236933307408,0.0,-1.2276,9.7755,0.0,0.0,1.0,0.0,0.0,0.0,0.0539,0.0,0.0,0.0,0.0
27.2143,0.9981921891088951,0.06006039526942947,0.002258052457056764,6.1001417130390756e-05,0.0,-1.2276,9.8483,0.0,0.0,1.0,0.0,0.0,0.0,-0.05,0.0,0.0,0.0,0.0
27.2344,0.9981919066893556,0.06006037827648024,0.0023800546179260987,6.100139987108566e-05,0.0,-1.2276,9.7377,0.0,0.0,1.0,0.0,0.0,0.0,0.0462,0.0,0.0,0.0,0.0
27.2544,0.9981920497563175,0.060060386884700556,0.002319053550435758,6.100140861425852e-05,0.0,-1.2276,9.7668,0.0,0.0,1.0,0.0,0.0,0.0,-0.0385,0.0,0.0,0.0,0.0
27.2745,0.9981957050634648,0.05999960518949974,0.0023190620426422654,6.100163199707077e-05,0.0,-1.2276,9.7622,0.0,0.0,1.0,0.0,0.0,0.0,0.0308,0.0,0.0,0.0,0.0
27.2946,0.9981957050634648,0.05999960518949974,0.0023190620426422654,6.100163199707077e-05,0.0,-1.2276,9.8438,0.0,0.0,1.0,0.0,0.0,0.0,-0.0231,0.0,0.0,0.0,0.0
27.3146,0.9981955619949311,0.05999959658992804,0.002380063333511609,6.100162325389791e-05,0.0,-1.2276,9.7039,0.0,0.0,1.0,0.0,0.0,0.0,0.0115,0.0,0.0,0.0,0.0
27.3347,0.9981920441846512,0.06006038654945803,0.0023190535374913585,0.00012200281654767275,0.0,-1.2276,9.6885,0.0,0.0,1.0,0.0,0.0,0.0,-0.0077,0.0,0.0,0.0,0.0
27.3548,0.9981956994917374,0.05999960485459402,0.0023190620296977237,0.00012200326331313072,0.0,-1.2276,9.8449,0.0,0.0,1.0,0.0,0.0,0.0,-0.0038,0.0,0.0,0.0,0.0
27.3748,0.9981995705924626,0.05993517291866646,0.002318929309081001,0.0001219962810296571,0.0,-1.2276,9.7535,0.0,0.0,1.0,0.0,0.0,0.0,0.0115,0.0,0.0,0.0,0.0
27.3949,0.998199709931159,0.05993518128501836,0.0022579314837508115,0.00012199629805920154,0.0,-1.2238,9.8095,0.0,0.0,1.0,0.0,0.0,0.0,-0.0192,0.0,0.0,0.0,0.0
27.415,0.9981956994917374,0.05999960485459402,0.0023190620296977237,0.00012200326331313072,0.0,-1.2238,9.8153,0.0,0.0,1.0,0.0,0.0,0.0,0.0269,0.0,0.0,0.0,0.0
27.435,0.9981994275397518,0.059935164329312986,0.0023799271085267163,0.00012199626354642003,0.0,-1.2238,9.7974,0.0,0.0,1.0,0.0,0.0,0.0,-0.0346,0.0,0.0,0.0,0.0
27.4551,0.9981994275397518,0.059935164329312986,0.0023799271085267163,0.00012199626354642003,0.0,-1.2238,9.767,0.0,0.0,1.0,0.0,0.0,0.0,0.0423,0.0,0.0,0.0,0.0
27.4752,0.9981992136261393,0.05993881423597598,0.002380072040336075,6.100184641188999e-05,0.0,-1.2238,9.8584,0.0,0.0,1.0,0.0,0.0,0.0,-0.05,0.0,0.0,0.0,0.0
27.4953,0.9981992136261393,0.05993881423597598,0.002380072040336075,6.100184641188999e-05,0.0,-1.2238,9.8096,0.0,0.0,1.0,0.0,0.0,0.0,0.0539,0.0,0.0,0.0,0.0
27.5153,0.9981995761635738,0.059935173253174254,0.0023189293220233186,6.099814085519517e-05,0.0,-1.2238,9.9175,0.0,0.0,1.0,0.0,0.0,0.0,-0.0577,0.0,0.0,0.0,0.0
27.5354,0.9981995761635738,0.059935173253174254,0.0023189293220233186,6.099814085519517e-05,0.0,-1.2238,9.9581,0.0,0.0,1.0,0.0,0.0,0.0,0.0577,0.0,0.0,0.0,0.0
27.5555,0.9981998455558366,0.059935189428368396,0.0021969336332169735,0.00012199631463466476,0.0,-1.2238,9.7277,0.0,0.0,1.0,0.0,0.0,0.0,-0.0616,0.0,0.0,0.0,0.0
27.5755,0.9982032778719812,0.05987339717558566,0.002318937921506198,0.00012199673411977807,0.0,-1.2238,9.8839,0.0,0.0,1.0,0.0,0.0,0.0,0.0577,0.0,0.0,0.0,0.0
27.5956,0.9981994331108606,0.0599351646638206,0.002379927121809462,6.099813211357662e-05,0.0,-1.2238,9.7691,0.0,0.0,1.0,0.0,0.0,0.0,-0.0577,0.0,0.0,0.0,0.0
27.6157,0.9981994331108606,0.0599351646638206,0.002379927121809462,6.099813211357662e-05,0.0,-1.2238,9.8095,0.0,0.0,1.0,0.0,0.0,0.0,0.0539,0.0,0.0,0.0,0.0
27.6357,0.998203552838419,0.059873413668393397,0.002196941792558846,0.00012199676772522983,0.0,-1.2238,9.8405,0.0,0.0,1.0,0.0,0.0,0.0,-0.05,0.0,0.0,0.0,0.0
27.6558,0.9982032778719812,0.05987339717558566,0.002318937921506198,0.00012199673411977807,0.0,-1.2238,9.8403,0.0,0.0,1.0,0.0,0.0,0.0,0.0462,0.0,0.0,0.0,0.0
27.6759,0.9981992136261393,0.05993881423597598,0.002380072040336075,6.100184641188999e-05,0.0,-1.2238,9.6647,0.0,0.0,1.0,0.0,0.0,0.0,-0.0385,0.0,0.0,0.0,0.0
27.6959,0.9981956994917374,0.05999960485459402,0.0023190620296977237,0.00012200326331313072,0.0,-1.2238,9.8483,0.0,0.0,1.0,0.0,0.0,0.0,0.0308,0.0,0.0,0.0,0.0
27.716,0.9982032778719812,0.05987339717558566,0.002318937921506198,0.00012199673411977807,0.0,-1.2238,9.7965,0.0,0.0,1.0,0.0,0.0,0.0,-0.0231,0.0,0.0,0.0,0.0
27.7361,0.998199286344138,0.05993515585146568,0.0024409248950302553,6.099812314491748e-05,0.0,-1.2238,9.8126,0.0,0.0,1.0,0.0,0.0,0.0,0.0115,0.0,0.0,0.0,0.0
27.7562,0.9981994275397518,0.059935164329312986,0.0023799271085267163,0.00012199626354642003,0.0,-1.2238,9.7285,0.0,0.0,1.0,0.0,0.0,0.0,-0.0077,0.0,0.0,0.0,0.0
27.7762,0.9981995705924626,0.05993517291866646,0.002318929309081001,0.0001219962810296571,0.0,-1.2238,9.7274,0.0,0.0,1.0,0.0,0.0,0.0,-0.0038,0.0,0.0,0.0,0.0
27.7963,0.998199709931159,0.05993518128501836,0.0022579314837508115,0.00012199629805920154,0.0,-1.2315,9.7677,0.0,0.0,1.0,0.0,0.0,0.0,0.0115,0.0,0.0,0.0,0.0
27.8164,0.998199709931159,0.05993518128501836,0.0022579314837508115,0.00012199629805920154,0.0,-1.2315,9.801,0.0,0.0,1.0,0.0,0.0,0.0,-0.0192,0.0,0.0,0.0,0.0
27.8364,0.9982032778719812,0.05987339717558566,0.002318937921506198,0.00012199673411977807,0.0,-1.2315,9.9483,0.0,0.0,1.0,0.0,0.0,0.0,0.0269,0.0,0.0,0.0,0.0
27.8565,0.9981995761635738,0.059935173253174254,0.0023189293220233186,6.099814085519517e-05,0.0,-1.2315,10.0155,0.0,0.0,1.0,0.0,0.0,0.0,-0.0346,0.0,0.0,0.0,0.0
27.8766,0.9981994331108606,0.0599351646638206,0.002379927121809462,6.099813211357662e-05,0.0,-1.2315,9.607,0.0,0.0,1.0,0.0,0.0,0.0,0.0423,0.0,0.0,0.0,0.0
27.8967,0.9982029954775458,0.05987338023723797,0.002440933965078891,0.0,0.0,-1.2315,9.7382,0.0,0.0,1.0,0.0,0.0,0.0,-0.0462,0.0,0.0,0.0,0.0
27.9177,0.9981954170692182,0.05999958787872491,0.0024410646023528795,0.0,0.0,-1.2315,9.932,0.0,0.0,1.0,0.0,0.0,0.0,0.0539,0.0,0.0,0.0,0.0
27.9378,0.9981993585535058,0.059938822938421725,0.0023190705306271667,0.0,0.0,-1.2315,9.8634,0.0,0.0,1.0,0.0,0.0,0.0,-0.0577,0.0,0.0,0.0,0.0
27.9578,0.9981992154834014,0.0599388143474989,0.0023800720447644703,0.0,0.0,-1.2315,9.8832,0.0,0.0,1.0,0.0,0.0,0.0,0.0577,0.0,0.0,0.0,0.0
27.9779,0.9982066392548534,0.05981260022278413,0.002440942875310402,0.0,0.0,-1.2315,9.912,0.0,0.0,1.0,0.0,0.0,0.0,-0.0616,0.0,0.0,0.0,0.0
27.998,0.9982029936204897,0.05987338012584957,0.0024409339605377736,6.0998349689755926e-05,0.0,-1.2315,9.8918,0.0,0.0,1.0,0.0,0.0,0.0,0.0577,0.0,0.0,0.0,0.0
28.0181,0.9981997155022726,0.05993518161952627,0.002257931496352686,6.099814936999515e-05,0.0,-1.2315,9.7885,0.0,0.0,1.0,0.0,0.0,0.0,-0.0616,0.0,0.0,0.0,0.0
28.0381,0.9981997155022726,0.05993518161952627,0.002257931496352686,6.099814936999515e-05,0.0,-1.2315,9.8832,0.0,0.0,1.0,0.0,0.0,0.0,0.0539,0.0,0.0,0.0,0.0
28.0582,0.9981959800572523,0.059999621718842225,0.002197059383917746,6.100164880240566e-05,0.0,-1.2315,9.7821,0.0,0.0,1.0,0.0,0.0,0.0,-0.05,0.0,0.0,0.0,0.0
28.0783,0.9981958444175734,0.059999613565804556,0.0022580607258839806,6.1001640513258515e-05,0.0,-1.2315,9.8832,0.0,0.0,1.0,0.0,0.0,0.0,0.0462,0.0,0.0,0.0,0.0
28.0983,0.9981992136261393,0.05993881423597598,0.002380072040336075,6.100184641188999e-05,0.0,-1.2315,9.8854,0.0,0.0,1.0,0.0,0.0,0.0,-0.0346,0.0,0.0,0.0,0.0
28.1184,0.9981955638521728,0.05999959670156325,0.0023800633379399455,0.0,0.0,-1.2315,9.7377,0.0,0.0,1.0,0.0,0.0,0.0,0.0231,0.0,0.0,0.0,0.0
28.1385,0.9981958444175734,0.059999613565804556,0.0022580607258839806,6.1001640513258515e-05,0.0,-1.2315,9.7759,0.0,0.0,1.0,0.0,0.0,0.0,-0.0154,0.0,0.0,0.0,0.0
28.1585,0.9981958444175734,0.059999613565804556,0.0022580607258839806,6.1001640513258515e-05,0.0,-1.2315,9.7538,0.0,0.0,1.0,0.0,0.0,0.0,0.0038,0.0,0.0,0.0,0.0
28.1786,0.9981957050634648,0.05999960518949974,0.0023190620426422654,6.100163199707077e-05,0.0,-1.2315,9.8152,0.0,0.0,1.0,0.0,0.0,0.0,0.0038,0.0,0.0,0.0,0.0
28.1987,0.9981919066893556,0.06006037827648024,0.0023800546179260987,6.100139987108566e-05,0.0,-1.2315,9.7731,0.0,0.0,1.0,0.0,0.0,0.0,-0.0115,0.0,0.0,0.0,0.0
28.2187,0.9981957050634648,0.05999960518949974,0.0023190620426422654,6.100163199707077e-05,0.0,-1.2315,9.7319,0.0,0.0,1.0,0.0,0.0,0.0,0.0231,0.0,0.0,0.0,0.0
28.2388,0.9981919066893556,0.06006037827648024,0.0023800546179260987,6.100139987108566e-05,0.0,-1.2315,9.8201,0.0,0.0,1.0,0.0,0.0,0.0,-0.0308,0.0,0.0,0.0,0.0
28.2589,0.9981919066893556,0.06006037827648024,0.0023800546179260987,6.100139987108566e-05,0.0,-1.2315,9.7542,0.0,0.0,1.0,0.0,0.0,0.0,0.0385,0.0,0.0,0.0,0.0
28.2789,0.998192324747084,0.06006040343066667,0.0021970513384700946,6.100142541959342e-05,0.0,-1.2315,9.8927,0.0,0.0,1.0,0.0,0.0,0.0,-0.0462,0.0,0.0,0.0,0.0
28.299,0.9981921891088951,0.06006039526942947,0.002258052457056764,6.1001417130390756e-05,0.0,-1.2315,9.7665,0.0,0.0,1.0,0.0,0.0,0.0,0.0539,0.0,0.0,0.0,0.0
28.3191,0.9981920497563175,0.060060386884700556,0.002319053550435758,6.100140861425852e-05,0.0,-1.2315,9.8403,0.0,0.0,1.0,0.0,0.0,0.0,-0.0539,0.0,0.0,0.0,0.0
28.3391,0.9981920441846512,0.06006038654945803,0.0023190535374913585,0.00012200281654767275,0.0,-1.2315,9.7622,0.0,0.0,1.0,0.0,0.0,0.0,0.0577,0.0,0.0,0.0,0.0
28.3592,0.9981883907749228,0.06012116791183493,0.0023190450496930366,6.100118500701468e-05,0.0,-1.2315,9.8601,0.0,0.0,1.0,0.0,0.0,0.0,-0.0616,0.0,0.0,0.0,0.0
28.3793,0.9981882477095341,0.060121159294966274,0.002380045893579843,6.100117626395285e-05,0.0,-1.2315,9.8747,0.0,0.0,1.0,0.0,0.0,0.0,0.0616,0.0,0.0,0.0,0.0
28.3993,0.9981920441846512,0.06006038654945803,0.0023190535374913585,0.00012200281654767275,0.0,-1.2315,9.7965,0.0,0.0,1.0,0.0,0.0,0.0,-0.0616,0.0,0.0,0.0,0.0
28.4194,0.9981920441846512,0.06006038654945803,0.0023190535374913585,0.00012200281654767275,0.0,-1.2315,9.8104,0.0,0.0,1.0,0.0,0.0,0.0,0.0577,0.0,0.0,0.0,0.0
28.4395,0.9981921835372265,0.06006039493418678,0.002258052444452856,0.00012200283357971517,0.0,-1.2315,9.8096,0.0,0.0,1.0,0.0,0.0,0.0,-0.0539,0.0,0.0,0.0,0.0
28.4595,0.9981919066893556,0.06006037827648024,0.0023800546179260987,6.100139987108566e-05,0.0,-1.2315,9.7624,0.0,0.0,1.0,0.0,0.0,0.0,0.0462,0.0,0.0,0.0,0.0
28.4796,0.9981917599080142,0.060060369444768794,0.002441055658846822,6.100139090103873e-05,0.0,-1.2315,9.8019,0.0,0.0,1.0,0.0,0.0,0.0,-0.0385,0.0,0.0,0.0,0.0
28.4997,0.9981916094122983,0.060060360389566525,0.002502056672516958,6.100138170411773e-05,0.0,-1.2315,9.8787,0.0,0.0,1.0,0.0,0.0,0.0,0.0346,0.0,0.0,0.0,0.0
28.5198,0.9981919066893556,0.06006037827648024,0.0023800546179260987,6.100139987108566e-05,0.0,-1.2276,9.7324,0.0,0.0,1.0,0.0,0.0,0.0,-0.0192,0.0,0.0,0.0,0.0
28.5398,0.998188102787007,0.060121150566241656,0.002441046715439061,0.0,0.0,-1.2276,9.8403,0.0,0.0,1.0,0.0,0.0,0.0,0.0115,0.0,0.0,0.0,0.0
28.5599,0.9981879522929453,0.060121141501941935,0.0025020475056197478,0.0,0.0,-1.2276,9.8492,0.0,0.0,1.0,0.0,0.0,0.0,-0.0038,0.0,0.0,0.0,0.0
28.58,0.998184133578381,0.06018191242452986,0.0025630388585113385,-6.100092484162545e-05,0.0,-1.2276,9.8833,0.0,0.0,1.0,0.0,0.0,0.0,-0.0038,0.0,0.0,0.0,0.0
28.6001,0.9981877962273566,0.060121132102067563,0.00256304826310046,-6.100114867302331e-05,0.0,-1.2276,9.7979,0.0,0.0,1.0,0.0,0.0,0.0,0.0115,0.0,0.0,0.0,0.0
28.6202,0.9981876356848023,0.06012112243254429,0.0026250490084070086,-6.100113886198244e-05,0.0,-1.2276,9.8535,0.0,0.0,1.0,0.0,0.0,0.0,-0.0192,0.0,0.0,0.0,0.0
28.6403,0.9981877980845549,0.060121132213927155,0.002563048267869191,0.0,0.0,-1.2276,9.7805,0.0,0.0,1.0,0.0,0.0,0.0,0.0308,0.0,0.0,0.0,0.0
28.6604,0.9981914570594319,0.060060351222621045,0.002563057663024334,0.0,0.0,-1.2276,9.8397,0.0,0.0,1.0,0.0,0.0,0.0,-0.0385,0.0,0.0,0.0,0.0
28.6805,0.9981914570594319,0.060060351222621045,0.002563057663024334,0.0,0.0,-1.2276,9.7232,0.0,0.0,1.0,0.0,0.0,0.0,0.0462,0.0,0.0,0.0,0.0
28.7006,0.9981914570594319,0.060060351222621045,0.002563057663024334,0.0,0.0,-1.2276,9.8153,0.0,0.0,1.0,0.0,0.0,0.0,-0.0539,0.0,0.0,0.0,0.0
28.7207,0.998191455202213,0.060060351110873725,0.002563057658255548,-6.1001372279934074e-05,0.0,-1.2276,9.7582,0.0,0.0,1.0,0.0,0.0,0.0,0.0616,0.0,0.0,0.0,0.0
28.7407,0.9981947882552691,0.05999955008193968,0.00268606939431465,-6.100157596916623e-05,0.0,-1.2276,9.7722,0.0,0.0,1.0,0.0,0.0,0.0,-0.0616,0.0,0.0,0.0,0.0
28.7608,0.9981911273865427,0.06006033138647701,0.0026860595431838323,-0.00012200270449302941,0.0,-1.2276,9.7329,0.0,0.0,1.0,0.0,0.0,0.0,0.0654,0.0,0.0,0.0,0.0
28.7809,0.9981912890862398,0.06006034111581353,0.0026250586161776085,-0.00012200272425655356,0.0,-1.2276,9.6985,0.0,0.0,1.0,0.0,0.0,0.0,-0.0654,0.0,0.0,0.0,0.0
28.8009,0.9981911329581936,0.06006033172171862,0.002686059558176739,-6.1001352587075626e-05,0.0,-1.2276,9.8789,0.0,0.0,1.0,0.0,0.0,0.0,0.0616,0.0,0.0,0.0,0.0
28.821,0.9981947882552691,0.05999955008193968,0.00268606939431465,-6.100157596916623e-05,0.0,-1.2276,9.8065,0.0,0.0,1.0,0.0,0.0,0.0,-0.0539,0.0,0.0,0.0,0.0
28.8411,0.9981947882552691,0.05999955008193968,0.00268606939431465,-6.100157596916623e-05,0.0,-1.2238,9.8095,0.0,0.0,1.0,0.0,0.0,0.0,0.05,0.0,0.0,0.0,0.0
28.8611,0.9981949518139835,0.05999955991313633,0.0026250682484746765,0.0,0.0,-1.2238,9.8104,0.0,0.0,1.0,0.0,0.0,0.0,-0.0346,0.0,0.0,0.0,0.0
28.8812,0.9981947901125064,0.059999550193574606,0.0026860693993123433,0.0,0.0,-1.2238,9.922,0.0,0.0,1.0,0.0,0.0,0.0,0.0269,0.0,0.0,0.0,0.0
28.9013,0.9981981053281843,0.059938747686068564,0.0028080818776795784,-6.100177868173516e-05,0.0,-1.2238,9.8523,0.0,0.0,1.0,0.0,0.0,0.0,-0.0154,0.0,0.0,0.0,0.0
28.9213,0.9981942808644971,0.0599995195836658,0.002869072663847762,-6.100154496158084e-05,0.0,-1.2238,9.8147,0.0,0.0,1.0,0.0,0.0,0.0,0.0038,0.0,0.0,0.0,0.0
28.9414,0.9981982763175566,0.05993875795345818,0.0027470805695672153,0.0,0.0,-1.2238,9.922,0.0,0.0,1.0,0.0,0.0,0.0,0.0038,0.0,0.0,0.0,0.0
28.9614,0.9981982744602997,0.05993875784193556,0.002747080564455974,-6.100178901780051e-05,0.0,-1.2238,9.7624,0.0,0.0,1.0,0.0,0.0,0.0,-0.0192,0.0,0.0,0.0,0.0
28.9815,0.9981982763175566,0.05993875795345818,0.0027470805695672153,0.0,0.0,-1.2238,9.733,0.0,0.0,1.0,0.0,0.0,0.0,0.0308,0.0,0.0,0.0,0.0
29.0016,0.9981984417352434,0.05993876788628506,0.0026860792255628783,0.0,0.0,-1.2238,9.8832,0.0,0.0,1.0,0.0,0.0,0.0,-0.0385,0.0,0.0,0.0,0.0
29.0216,0.9981984417352434,0.05993876788628506,0.0026860792255628783,0.0,0.0,-1.2238,9.8832,0.0,0.0,1.0,0.0,0.0,0.0,0.0462,0.0,0.0,0.0,0.0
29.0417,0.9981984417352434,0.05993876788628506,0.0026860792255628783,0.0,0.0,-1.2238,9.8535,0.0,0.0,1.0,0.0,0.0,0.0,-0.05,0.0,0.0,0.0,0.0
29.0618,0.9981984417352434,0.05993876788628506,0.0026860792255628783,0.0,0.0,-1.2238,9.8095,0.0,0.0,1.0,0.0,0.0,0.0,0.0577,0.0,0.0,0.0,0.0
29.0819,0.9981988211403536,0.059935127919106185,0.0026249180103717976,6.099809471732387e-05,0.0,-1.2238,9.8492,0.0,0.0,1.0,0.0,0.0,0.0,-0.0577,0.0,0.0,0.0,0.0
29.1019,0.9981986015812365,0.059938777484548775,0.002625077846688039,6.100180900875385e-05,0.0,-1.2238,9.9578,0.0,0.0,1.0,0.0,0.0,0.0,0.0616,0.0,0.0,0.0,0.0
29.122,0.9982023667261253,0.05987334252399422,0.002685925645418776,6.099831138145495e-05,0.0,-1.2276,9.9145,0.0,0.0,1.0,0.0,0.0,0.0,-0.0616,0.0,0.0,0.0,0.0
29.142,0.9982022013267036,0.05987333260314394,0.0027469235016423722,6.0998301274262104e-05,0.0,-1.2276,9.7537,0.0,0.0,1.0,0.0,0.0,0.0,0.0616,0.0,0.0,0.0,0.0
29.1621,0.998202528411522,0.05987335222207295,0.002624927759214069,6.0998321261718225e-05,0.0,-1.2315,9.7273,0.0,0.0,1.0,0.0,0.0,0.0,-0.0616,0.0,0.0,0.0,0.0
29.1822,0.9981984417352434,0.05993876788628506,0.0026860792255628783,0.0,0.0,-1.2315,9.8105,0.0,0.0,1.0,0.0,0.0,0.0,0.0577,0.0,0.0,0.0,0.0
29.2022,0.9981947901125064,0.059999550193574606,0.0026860693993123433,0.0,0.0,-1.2315,9.786,0.0,0.0,1.0,0.0,0.0,0.0,-0.0539,0.0,0.0,0.0,0.0
29.2223,0.9981946228393986,0.059999540139112954,0.002747070515052897,-6.1001565860252516e-05,0.0,-1.2315,9.8885,0.0,0.0,1.0,0.0,0.0,0.0,0.0462,0.0,0.0,0.0,0.0
29.2424,0.9981986613137903,0.05993511832259564,0.0026859156750336614,0.0,0.0,-1.2315,9.805,0.0,0.0,1.0,0.0,0.0,0.0,-0.0385,0.0,0.0,0.0,0.0
29.2624,0.9981984398779857,0.05993876777476241,0.0026860792205651296,-6.100179912665871e-05,0.0,-1.2315,9.733,0.0,0.0,1.0,0.0,0.0,0.0,0.0308,0.0,0.0,0.0,0.0
29.2825,0.9981982744602997,0.05993875784193556,0.002747080564455974,-6.100178901780051e-05,0.0,-1.2315,9.7757,0.0,0.0,1.0,0.0,0.0,0.0,-0.0192,0.0,0.0,0.0,0.0
29.3026,0.9981982744602997,0.05993875784193556,0.002747080564455974,-6.100178901780051e-05,0.0,-1.2315,9.7624,0.0,0.0,1.0,0.0,0.0,0.0,0.0115,0.0,0.0,0.0,0.0
29.3226,0.9981979324816451,0.05993873730716177,0.002869083159554992,-6.1001768118851274e-05,0.0,-1.2315,9.6861,0.0,0.0,1.0,0.0,0.0,0.0,-0.0038,0.0,0.0,0.0,0.0
29.3427,0.9981977559206878,0.05993872670521552,0.0029300844094012346,-6.100175732881574e-05,0.0,-1.2315,9.8403,0.0,0.0,1.0,0.0,0.0,0.0,-0.0038,0.0,0.0,0.0,0.0
29.3628,0.9981975756453183,0.05993871588023014,0.0029910856265373473,-6.1001746311906135e-05,0.0,-1.2315,9.652,0.0,0.0,1.0,0.0,0.0,0.0,0.0115,0.0,0.0,0.0,0.0
29.3828,0.9981941043054774,0.05999950897104604,0.0029300736905424445,-6.1001534171711835e-05,0.0,-1.2315,9.7731,0.0,0.0,1.0,0.0,0.0,0.0,-0.0231,0.0,0.0,0.0,0.0
29.4029,0.9981946228393986,0.059999540139112954,0.002747070515052897,-6.1001565860252516e-05,0.0,-1.2315,9.7631,0.0,0.0,1.0,0.0,0.0,0.0,0.0308,0.0,0.0,0.0,0.0
29.423,0.9981944537091394,0.059999529973021555,0.002808071605124255,-6.10015555242982e-05,0.0,-1.2315,9.7622,0.0,0.0,1.0,0.0,0.0,0.0,-0.0385,0.0,0.0,0.0,0.0
29.443,0.9981944555663749,0.059999530084656374,0.002808071610348944,0.0,0.0,-1.2315,9.8885,0.0,0.0,1.0,0.0,0.0,0.0,0.0462,0.0,0.0,0.0,0.0
29.4631,0.9981902687445048,0.06006027972269848,0.002991063731507211,-6.100129977326674e-05,0.0,-1.2315,9.7351,0.0,0.0,1.0,0.0,0.0,0.0,-0.05,0.0,0.0,0.0,0.0
29.4832,0.9981895105156786,0.06006023410069952,0.0032350664732307133,-6.100125343649898e-05,0.0,-1.2315,9.6861,0.0,0.0,1.0,0.0,0.0,0.0,0.0577,0.0,0.0,0.0,0.0
29.5033,0.9981895105156786,0.06006023410069952,0.0032350664732307133,-6.100125343649898e-05,0.0,-1.2315,9.8542,0.0,0.0,1.0,0.0,0.0,0.0,-0.0577,0.0,0.0,0.0,0.0
29.5234,0.9981931657949303,0.05999945255899977,0.003235078319750069,-6.100147681747936e-05,0.0,-1.2315,9.6886,0.0,0.0,1.0,0.0,0.0,0.0,0.0616,0.0,0.0,0.0,0.0
29.5435,0.9981931657949303,0.05999945255899977,0.003235078319750069,-6.100147681747936e-05,0.0,-1.2315,9.6499,0.0,0.0,1.0,0.0,0.0,0.0,-0.0616,0.0,0.0,0.0,0.0
29.5635,0.998189311672708,0.06006022213648307,0.0032960670700785677,-6.100124128477491e-05,0.0,-1.2315,9.7711,0.0,0.0,1.0,0.0,0.0,0.0,0.0616,0.0,0.0,0.0,0.0
29.5836,0.9981895105156786,0.06006023410069952,0.0032350664732307133,-6.100125343649898e-05,0.0,-1.2315,10.0028,0.0,0.0,1.0,0.0,0.0,0.0,-0.0577,0.0,0.0,0.0,0.0
29.6037,0.9981939240320863,0.0599994981351626,0.0029910746845273513,-6.100152315485774e-05,0.0,-1.2315,9.7241,0.0,0.0,1.0,0.0,0.0,0.0,0.0577,0.0,0.0,0.0,0.0
29.6237,0.9981941061627109,0.059999509082680716,0.0029300736959941183,0.0,0.0,-1.2315,9.8968,0.0,0.0,1.0,0.0,0.0,0.0,-0.05,0.0,0.0,0.0,0.0
29.6438,0.9981939258893189,0.05999949824679724,0.0029910746900925246,0.0,0.0,-1.2315,9.8438,0.0,0.0,1.0,0.0,0.0,0.0,0.0462,0.0,0.0,0.0,0.0
29.6639,0.9981979343389,0.05993873741868426,0.002869083164893236,0.0,0.0,-1.2315,9.7967,0.0,0.0,1.0,0.0,0.0,0.0,-0.0385,0.0,0.0,0.0,0.0
29.6839,0.9981979343389,0.05993873741868426,0.002869083164893236,0.0,0.0,-1.2315,9.767,0.0,0.0,1.0,0.0,0.0,0.0,0.0308,0.0,0.0,0.0,0.0
29.704,0.9981982763175566,0.05993875795345818,0.0027470805695672153,0.0,0.0,-1.2315,9.8437,0.0,0.0,1.0,0.0,0.0,0.0,-0.0192,0.0,0.0,0.0,0.0
29.7241,0.9981949518139835,0.05999955991313633,0.0026250682484746765,0.0,0.0,-1.2315,9.9307,0.0,0.0,1.0,0.0,0.0,0.0,0.0115,0.0,0.0,0.0,0.0
29.7441,0.9981987639863414,0.05993878723647932,0.0025630764250312334,0.0,0.0,-1.2315,9.7583,0.0,0.0,1.0,0.0,0.0,0.0,-0.0038,0.0,0.0,0.0,0.0
29.7642,0.9981986034384951,0.059938777596071496,0.002625077851572292,0.0,0.0,-1.2276,9.8104,0.0,0.0,1.0,0.0,0.0,0.0,-0.0038,0.0,0.0,0.0,0.0
29.7843,0.9981951123600679,0.059999569563249665,0.0025630670487451143,0.0,0.0,-1.2276,9.8244,0.0,0.0,1.0,0.0,0.0,0.0,0.0115,0.0,0.0,0.0,0.0
29.8043,0.9981984417352434,0.05993876788628506,0.0026860792255628783,0.0,0.0,-1.2276,9.7586,0.0,0.0,1.0,0.0,0.0,0.0,-0.0231,0.0,0.0,0.0,0.0
29.8244,0.9981984417352434,0.05993876788628506,0.0026860792255628783,0.0,0.0,-1.2276,9.8884,0.0,0.0,1.0,0.0,0.0,0.0,0.0308,0.0,0.0,0.0,0.0
29.8445,0.9981984417352434,0.05993876788628506,0.0026860792255628783,0.0,0.0,-1.2276,9.767,0.0,0.0,1.0,0.0,0.0,0.0,-0.0385,0.0,0.0,0.0,0.0
29.8646,0.9981986034384951,0.059938777596071496,0.002625077851572292,0.0,0.0,-1.2276,9.8484,0.0,0.0,1.0,0.0,0.0,0.0,0.0462,0.0,0.0,0.0,0.0
29.8846,0.9981986034384951,0.059938777596071496,0.002625077851572292,0.0,0.0,-1.2276,9.8053,0.0,0.0,1.0,0.0,0.0,0.0,-0.05,0.0,0.0,0.0,0.0
29.9047,0.9982061740407886,0.05981257234713015,0.002624937345959425,0.0,0.0,-1.2276,9.8008,0.0,0.0,1.0,0.0,0.0,0.0,0.0539,0.0,0.0,0.0,0.0
29.9248,0.9982058469523863,0.059812552747973965,0.0027469335339332765,0.0,0.0,-1.2276,9.8061,0.0,0.0,1.0,0.0,0.0,0.0,-0.0577,0.0,0.0,0.0,0.0
29.9448,0.9982058469523863,0.059812552747973965,0.0027469335339332765,0.0,0.0,-1.2276,9.7974,0.0,0.0,1.0,0.0,0.0,0.0,0.0616,0.0,0.0,0.0,0.0
29.9649,0.9982056778370924,0.059812542614575644,0.0028079315822671755,0.0,0.0,-1.2276,9.8105,0.0,0.0,1.0,0.0,0.0,0.0,-0.0616,0.0,0.0,0.0,0.0
29.985,0.9982022031837553,0.05987333271453208,0.0027469235067527392,0.0,0.0,-1.2276,9.7319,0.0,0.0,1.0,0.0,0.0,0.0,-0.0577,0.0,0.0,0.0,0.0
30.0051,0.9982056759800212,0.05981254250329983,0.002807931577043274,6.099851360386044e-05,0.0,-1.2276,9.8398,0.0,0.0,1.0,0.0,0.0,0.0,0.0577,0.0,0.0,0.0,0.0
30.0251,0.9982089685530238,0.059751741079659845,0.002929938268595782,0.0,0.0,-1.2276,9.8419,0.0,0.0,1.0,0.0,0.0,0.0,-0.05,0.0,0.0,0.0,0.0
30.0452,0.9982049623783626,0.05981249974424671,0.003051923449684718,-6.099846999702008e-05,0.0,-1.2276,9.7645,0.0,0.0,1.0,0.0,0.0,0.0,0.0462,0.0,0.0,0.0,0.0
30.0653,0.9982053284643466,0.05981252168014028,0.0029299275842246224,0.0,0.0,-1.2276,9.7673,0.0,0.0,1.0,0.0,0.0,0.0,-0.0385,0.0,0.0,0.0,0.0
30.0854,0.9982056778370924,0.059812542614575644,0.0028079315822671755,0.0,0.0,-1.2238,9.8397,0.0,0.0,1.0,0.0,0.0,0.0,0.0308,0.0,0.0,0.0,0.0
30.1054,0.9982093179295917,0.05975176199297447,0.00280794182177084,0.0,0.0,-1.2238,9.7505,0.0,0.0,1.0,0.0,0.0,0.0,-0.0192,0.0,0.0,0.0,0.0
30.1255,0.9982056778370924,0.059812542614575644,0.0028079315822671755,0.0,0.0,-1.2238,9.747,0.0,0.0,1.0,0.0,0.0,0.0,0.0115,0.0,0.0,0.0,0.0
30.1456,0.9982060123536203,0.05981256265882558,0.002685935454937078,0.0,0.0,-1.2238,9.9251,0.0,0.0,1.0,0.0,0.0,0.0,-0.0038,0.0,0.0,0.0,0.0
30.1656,0.99821295434769,0.05969098070677331,0.0028079520509384885,0.0,0.0,-1.2238,9.8854,0.0,0.0,1.0,0.0,0.0,0.0,-0.0038,0.0,0.0,0.0,0.0
30.1857,0.998212422848813,0.05969094892428734,0.002990947333521139,-6.0998925892674645e-05,0.0,-1.2238,9.8777,0.0,0.0,1.0,0.0,0.0,0.0,0.0115,0.0,0.0,0.0,0.0
30.2058,0.9982160555865864,0.05963016700628488,0.0029909582183058896,-6.0999147882545575e-05,0.0,-1.2238,9.8839,0.0,0.0,1.0,0.0,0.0,0.0,-0.0231,0.0,0.0,0.0,0.0
30.2258,0.9982126031101939,0.05969095970352894,0.0029299489367308846,-6.099893690814094e-05,0.0,-1.2238,9.8155,0.0,0.0,1.0,0.0,0.0,0.0,0.0308,0.0,0.0,0.0,0.0
30.2459,0.9982129524905782,0.05969098059572202,0.002807952045714466,-6.0998958258062785e-05,0.0,-1.2238,9.9306,0.0,0.0,1.0,0.0,0.0,0.0,-0.0385,0.0,0.0,0.0,0.0
30.266,0.998212779657451,0.05969097026067396,0.002868950507235041,-6.099894769656667e-05,0.0,-1.2238,9.8008,0.0,0.0,1.0,0.0,0.0,0.0,0.0462,0.0,0.0,0.0,0.0
30.286,0.9982162377070656,0.05963017788556749,0.0029299596049825287,0.0,0.0,-1.2238,9.8095,0.0,0.0,1.0,0.0,0.0,0.0,-0.05,0.0,0.0,0.0,0.0
30.3061,0.9982126031101939,0.05969095970352894,0.0029299489367308846,-6.099893690814094e-05,0.0,-1.2238,9.8541,0.0,0.0,1.0,0.0,0.0,0.0,0.0539,0.0,0.0,0.0,0.0
30.3262,0.9982160555865864,0.05963016700628488,0.0029909582183058896,-6.0999147882545575e-05,0.0,-1.2238,9.8117,0.0,0.0,1.0,0.0,0.0,0.0,-0.0577,0.0,0.0,0.0,0.0
30.3462,0.998215683917419,0.05963014480398267,0.0031129553550133075,-6.099912517054662e-05,0.0,-1.2238,9.9196,0.0,0.0,1.0,0.0,0.0,0.0,0.0616,0.0,0.0,0.0,0.0
30.3663,0.9982196846497227,0.05956938442501626,0.0029909690920803117,-6.099936964787389e-05,0.0,-1.2238,9.7582,0.0,0.0,1.0,0.0,0.0,0.0,-0.0616,0.0,0.0,0.0,0.0
30.3864,0.9982196846497227,0.05956938442501626,0.0029909690920803117,-6.099936964787389e-05,0.0,-1.2238,9.7582,0.0,0.0,1.0,0.0,0.0,0.0,0.0616,0.0,0.0,0.0,0.0
30.4064,0.9982160555865864,0.05963016700628488,0.0029909582183058896,-6.0999147882545575e-05,0.0,-1.2238,9.7757,0.0,0.0,1.0,0.0,0.0,0.0,-0.0577,0.0,0.0,0.0,0.0
30.4265,0.9982160574437156,0.059630167117223694,0.0029909582238704137,0.0,0.0,-1.2238,9.8437,0.0,0.0,1.0,0.0,0.0,0.0,0.0577,0.0,0.0,0.0,0.0
30.4466,0.9982195006702086,0.05956937344592361,0.003051967899227119,-6.0999358405255943e-05,0.0,-1.2238,9.8438,0.0,0.0,1.0,0.0,0.0,0.0,-0.05,0.0,0.0,0.0,0.0
30.4666,0.9982158716090789,0.05963015601606944,0.0030519568036934505,-6.099913664009416e-05,0.0,-1.2238,9.8632,0.0,0.0,1.0,0.0,0.0,0.0,0.0462,0.0,0.0,0.0,0.0
30.4867,0.9982158716090789,0.05963015601606944,0.0030519568036934505,-6.099913664009416e-05,0.0,-1.2238,9.8105,0.0,0.0,1.0,0.0,0.0,0.0,-0.0385,0.0,0.0,0.0,0.0
30.5069,0.9982158660376947,0.05963015568325314,0.0030519567866594405,-0.0001219982725991775,0.0,-1.2238,9.8834,0.0,0.0,1.0,0.0,0.0,0.0,0.0308,0.0,0.0,0.0,0.0
30.5269,0.9982158716090789,0.05963015601606944,0.0030519568036934505,-6.099913664009416e-05,0.0,-1.2238,9.805,0.0,0.0,1.0,0.0,0.0,0.0,-0.0192,0.0,0.0,0.0,0.0
30.547,0.9982160500151993,0.05963016667346838,0.0029909582016123225,-0.00012199829508419135,0.0,-1.2238,9.8104,0.0,0.0,1.0,0.0,0.0,0.0,0.0115,0.0,0.0,0.0,0.0
30.5671,0.9982158660376947,0.05963015568325314,0.0030519567866594405,-0.0001219982725991775,0.0,-1.2238,9.8147,0.0,0.0,1.0,0.0,0.0,0.0,-0.0038,0.0,0.0,0.0,0.0
30.5872,0.9982196846497227,0.05956938442501626,0.0029909690920803117,-6.099936964787389e-05,0.0,-1.2238,9.9174,0.0,0.0,1.0,0.0,0.0,0.0,-0.0038,0.0,0.0,0.0,0.0
30.6073,0.9982194950987637,0.059569373113444145,0.003051967882192915,-0.0001219987161295566,0.0,-1.2238,9.6468,0.0,0.0,1.0,0.0,0.0,0.0,0.0115,0.0,0.0,0.0,0.0
30.6274,0.9982196790782747,0.05956938409253662,0.002990969075386561,-0.000121998738614848,0.0,-1.2238,9.7624,0.0,0.0,1.0,0.0,0.0,0.0,-0.0231,0.0,0.0,0.0,0.0
30.6475,0.9982195006702086,0.05956937344592361,0.003051967899227119,-6.0999358405255943e-05,0.0,-1.2238,9.8197,0.0,0.0,1.0,0.0,0.0,0.0,0.0308,0.0,0.0,0.0,0.0
30.6676,0.9982196846497227,0.05956938442501626,0.0029909690920803117,-6.099936964787389e-05,0.0,-1.2238,9.7234,0.0,0.0,1.0,0.0,0.0,0.0,-0.0385,0.0,0.0,0.0,0.0
30.6877,0.9982196846497227,0.05956938442501626,0.0029909690920803117,-6.099936964787389e-05,0.0,-1.2238,9.7717,0.0,0.0,1.0,0.0,0.0,0.0,0.0462,0.0,0.0,0.0,0.0
30.7078,0.9982196846497227,0.05956938442501626,0.0029909690920803117,-6.099936964787389e-05,0.0,-1.2238,9.8096,0.0,0.0,1.0,0.0,0.0,0.0,-0.05,0.0,0.0,0.0,0.0
30.7278,0.9982198649150379,0.059569395182461765,0.0029299702515463055,-6.099938066356226e-05,0.0,-1.2199,9.8095,0.0,0.0,1.0,0.0,0.0,0.0,0.0539,0.0,0.0,0.0,0.0
30.7479,0.9982196846497227,0.05956938442501626,0.0029909690920803117,-6.099936964787389e-05,0.0,-1.2199,9.763,0.0,0.0,1.0,0.0,0.0,0.0,-0.0577,0.0,0.0,0.0,0.0
30.768,0.9982195006702086,0.05956937344592361,0.003051967899227119,-6.0999358405255943e-05,0.0,-1.1199,9.854,0.0,0.0,1.0,0.0,0.0,0.0,0.0616,0.0,0.0,0.0,0.0
30.7881,0.9982234847338686,0.059508611595551916,0.002929980876421507,-0.00012199920372807371,0.0,-0.862,9.922,0.0,0.0,1.0,0.0,0.0,0.0,-0.0616,0.0,0.0,0.0,0.0
30.8082,0.9982234847338686,0.059508611595551916,0.002929980876421507,-0.00012199920372807371,0.0,-0.5003,9.9625,0.0,0.0,1.0,0.0,0.0,0.0,0.0616,0.0,0.0,0.0,0.0
30.8283,0.9982271064492697,0.059447827679188346,0.0029299915068635167,-0.0001219996463608375,0.0,-0.1231,9.8746,0.0,0.0,1.0,0.0,0.0,0.0,-0.0577,0.0,0.0,0.0,0.0
30.8484,0.9982271064492697,0.059447827679188346,0.0029299915068635167,-0.0001219996463608375,0.0,0.2078,9.5179,0.0,0.0,1.0,0.0,0.0,0.0,0.0539,0.0,0.0,0.0,0.0
30.8685,0.9982234847338686,0.059508611595551916,0.002929980876421507,-0.00012199920372807371,0.0,0.5195,9.3133,0.0,0.0,1.0,0.0,0.0,0.0,-0.05,0.0,0.0,0.0,0.0
30.8886,0.998220035894694,0.05956940538577975,0.0028689713622931413,-0.00012199878222374227,0.0,0.7774,10.1177,0.0,0.0,1.0,0.0,0.0,0.0,0.0462,0.0,0.0,0.0,0.0
30.9086,0.9982198593435869,0.05956939484998193,0.002929970235193008,-0.00012199876064628024,0.0,0.9005,10.1758,0.0,0.0,1.0,0.0,0.0,0.0,-0.0385,0.0,0.0,0.0,0.0
30.9287,0.9982202143030472,0.05956941603240989,0.002807972473040248,-6.099940201415022e-05,0.0,0.8774,9.2451,0.0,0.0,1.0,0.0,0.0,0.0,0.0269,0.0,0.0,0.0,0.0
30.9488,0.9982203834257296,0.0595694261249118,0.002746973536429966,-6.0999412348772264e-05,0.0,0.8428,9.578,0.0,0.0,1.0,0.0,0.0,0.0,-0.0192,0.0,0.0,0.0,0.0
30.9689,0.998220035894694,0.05956940538577975,0.0028689713622931413,-0.00012199878222374227,0.0,0.8197,10.1142,0.0,0.0,1.0,0.0,0.0,0.0,0.0115,0.0,0.0,0.0,0.0
30.989,0.9982271064492697,0.059447827679188346,0.0029299915068635167,-0.0001219996463608375,0.0,0.8313,9.8787,0.0,0.0,1.0,0.0,0.0,0.0,-0.0038,0.0,0.0,0.0,0.0
31.0091,0.9982202087315903,0.05956941569992971,0.0028079724573678577,-0.0001219988033471231,0.0,0.8313,9.863,0.0,0.0,1.0,0.0,0.0,0.0,-0.0038,0.0,0.0,0.0,0.0
31.0292,0.9982198593435869,0.05956939484998193,0.002929970235193008,-0.00012199876064628024,0.0,0.8313,9.7203,0.0,0.0,1.0,0.0,0.0,0.0,0.0115,0.0,0.0,0.0,0.0
31.0493,0.9982162302785453,0.05963017744181194,0.002929959583178373,-0.0001219983171151795,0.0,0.8313,9.767,0.0,0.0,1.0,0.0,0.0,0.0,-0.0231,0.0,0.0,0.0,0.0
31.0695,0.9982162302785453,0.05963017744181194,0.002929959583178373,-0.0001219983171151795,0.0,0.8313,9.8105,0.0,0.0,1.0,0.0,0.0,0.0,0.0308,0.0,0.0,0.0,0.0
31.0896,0.9982162209928951,0.05963017688711754,0.002929959555923175,-0.00018299747397071409,0.0,0.8313,9.932,0.0,0.0,1.0,0.0,0.0,0.0,-0.0385,0.0,0.0,0.0,0.0
31.1097,0.998216040729554,0.05963016611877428,0.0029909581737897106,-0.0001829974409240376,0.0,0.8313,9.8428,0.0,0.0,1.0,0.0,0.0,0.0,0.05,0.0,0.0,0.0,0.0
31.1298,0.9982198500578354,0.05956939429584891,0.002929970207937515,-0.00018299813926708763,0.0,0.8313,9.8049,0.0,0.0,1.0,0.0,0.0,0.0,-0.0577,0.0,0.0,0.0,0.0
31.1499,0.9982167394979085,0.05963020786091361,0.002746963508811359,-0.00018299756902534492,0.0,0.8313,9.8099,0.0,0.0,1.0,0.0,0.0,0.0,0.0654,0.0,0.0,0.0,0.0
31.17,0.9982167394979085,0.05963020786091361,0.002746963508811359,-0.00018299756902534492,0.0,0.8313,9.801,0.0,0.0,1.0,0.0,0.0,0.0,-0.0654,0.0,0.0,0.0,0.0
31.1901,0.9982165703770782,0.05963019775818755,0.0028079622227531187,-0.00018299753802136776,0.0,0.8313,9.8061,0.0,0.0,1.0,0.0,0.0,0.0,0.0654,0.0,0.0,0.0,0.0
31.2102,0.9982169141902264,0.059630218296462145,0.002685964789191829,-0.00012199840070054035,0.0,0.8313,9.8095,0.0,0.0,1.0,0.0,0.0,0.0,-0.0616,0.0,0.0,0.0,0.0
31.2303,0.9982169049045572,0.05963021774176659,0.002685964764206295,-0.00018299759934836682,0.0,0.8313,9.8437,0.0,0.0,1.0,0.0,0.0,0.0,0.05,0.0,0.0,0.0,0.0
31.2504,0.9982169049045572,0.05963021774176659,0.002685964764206295,-0.00018299759934836682,0.0,0.8313,9.7273,0.0,0.0,1.0,0.0,0.0,0.0,-0.0423,0.0,0.0,0.0,0.0
31.2705,0.9982132721575112,0.05969099971111483,0.0026859549893462273,-0.00018299693337686662,0.0,0.8313,9.7717,0.0,0.0,1.0,0.0,0.0,0.0,0.0269,0.0,0.0,0.0,0.0
31.2906,0.9982132721575112,0.05969099971111483,0.0026859549893462273,-0.00018299693337686662,0.0,0.8313,9.7372,0.0,0.0,1.0,0.0,0.0,0.0,-0.0154,0.0,0.0,0.0,0.0
31.3107,0.9982134338482072,0.059691009379869556,0.0026249564367445896,-0.00018299696301882218,0.0,0.8313,9.8096,0.0,0.0,1.0,0.0,0.0,0.0,0.0038,0.0,0.0,0.0,0.0
31.3308,0.9982172364198298,0.059630237545406244,0.002562967228939249,-0.00012199844008214944,0.0,0.8313,9.7189,0.0,0.0,1.0,0.0,0.0,0.0,0.0115,0.0,0.0,0.0,0.0
31.3508,0.9982136036691645,0.05969101953479636,0.0025629579016900744,-0.00012199799610068673,0.0,0.8313,9.805,0.0,0.0,1.0,0.0,0.0,0.0,-0.0231,0.0,0.0,0.0,0.0
31.371,0.9982137578706676,0.0596910287557135,0.0025019592901359584,-0.00012199801494666707,0.0,0.8313,9.7273,0.0,0.0,1.0,0.0,0.0,0.0,0.0385,0.0,0.0,0.0,0.0
31.3911,0.9982099672439699,0.059751800860251586,0.0025629485650063635,-0.00012199755167019433,0.0,0.8313,9.7771,0.0,0.0,1.0,0.0,0.0,0.0,-0.0462,0.0,0.0,0.0,0.0
31.4111,0.9982099672439699,0.059751800860251586,0.0025629485650063635,-0.00012199755167019433,0.0,0.8313,9.7755,0.0,0.0,1.0,0.0,0.0,0.0,0.0577,0.0,0.0,0.0,0.0
31.4312,0.9982099672439699,0.059751800860251586,0.0025629485650063635,-0.00012199755167019433,0.0,0.8313,9.8373,0.0,0.0,1.0,0.0,0.0,0.0,-0.0616,0.0,0.0,0.0,0.0
31.4513,0.9982137578706676,0.0596910287557135,0.0025019592901359584,-0.00012199801494666707,0.0,0.8313,9.8104,0.0,0.0,1.0,0.0,0.0,0.0,0.0654,0.0,0.0,0.0,0.0
31.4714,0.9982102719294832,0.05975181909840659,0.0024409517583922277,-0.0001219975889077407,0.0,0.8313,9.8492,0.0,0.0,1.0,0.0,0.0,0.0,-0.0654,0.0,0.0,0.0,0.0
31.4915,0.9982102719294832,0.05975181909840659,0.0024409517583922277,-0.0001219975889077407,0.0,0.8313,9.8438,0.0,0.0,1.0,0.0,0.0,0.0,0.0616,0.0,0.0,0.0,0.0
31.5116,0.9982102626439993,0.05975181854258728,0.002440951735686179,-0.00018299638165941712,0.0,0.8313,9.8201,0.0,0.0,1.0,0.0,0.0,0.0,-0.0577,0.0,0.0,0.0,0.0
31.5317,0.9982099579584944,0.05975180030443278,0.0025629485411654933,-0.00018299632580304204,0.0,0.8313,9.8061,0.0,0.0,1.0,0.0,0.0,0.0,0.0423,0.0,0.0,0.0,0.0
31.5518,0.9982137485850863,0.05969102820045578,0.0025019592668622426,-0.00018299702071783444,0.0,0.8313,9.8061,0.0,0.0,1.0,0.0,0.0,0.0,-0.0308,0.0,0.0,0.0,0.0
31.5719,0.9982134338482072,0.059691009379869556,0.0026249564367445896,-0.00018299696301882218,0.0,0.8313,9.8403,0.0,0.0,1.0,0.0,0.0,0.0,0.0192,0.0,0.0,0.0,0.0
31.592,0.9982135943835876,0.05969101897953889,0.0025629578778489336,-0.00018299699244878065,0.0,0.8313,9.8104,0.0,0.0,1.0,0.0,0.0,0.0,-0.0077,0.0,0.0,0.0,0.0
31.6121,0.9982135813837804,0.05969101820217849,0.002562957844471352,-0.00024399598675411974,0.0,0.8313,9.7805,0.0,0.0,1.0,0.0,0.0,0.0,-0.0038,0.0,0.0,0.0,0.0
31.6322,0.9982205209768784,0.05956943433336269,0.002685974494198634,-0.00024399768301730518,0.0,0.8313,9.7501,0.0,0.0,1.0,0.0,0.0,0.0,0.0192,0.0,0.0,0.0,0.0
31.6523,0.9982205209768784,0.05956943433336269,0.002685974494198634,-0.00024399768301730518,0.0,0.8313,9.7501,0.0,0.0,1.0,0.0,0.0,0.0,-0.0308,0.0,0.0,0.0,0.0
31.6724,0.9982203388540548,0.05956942346506923,0.002746973413774483,-0.00030499704812564365,0.0,0.8313,9.7806,0.0,0.0,1.0,0.0,0.0,0.0,0.0385,0.0,0.0,0.0,0.0
31.6925,0.9982239438206563,0.05950863896378935,0.0027469833341768404,-0.0003659977795081315,0.0,0.8313,9.8353,0.0,0.0,1.0,0.0,0.0,0.0,-0.0462,0.0,0.0,0.0,0.0
31.7126,0.9982272235740914,0.059447834654370826,0.0028689920203100287,-0.0003659989820262721,0.0,0.8313,9.8147,0.0,0.0,1.0,0.0,0.0,0.0,0.05,0.0,0.0,0.0,0.0
31.7326,0.9982273964147214,0.05944784494761965,0.0028079926761693658,-0.00036599904539813544,0.0,0.8313,9.8207,0.0,0.0,1.0,0.0,0.0,0.0,-0.0539,0.0,0.0,0.0,0.0
31.7528,0.9982342794235571,0.05932625433124827,0.0029300125609439055,-0.0003660015690462593,0.0,0.8313,9.7319,0.0,0.0,1.0,0.0,0.0,0.0,0.0654,0.0,0.0,0.0,0.0
31.7729,0.9982407295877519,0.05920463636087201,0.0031740341160970205,-0.0004270045896576092,0.0,0.8313,9.8834,0.0,0.0,1.0,0.0,0.0,0.0,-0.0654,0.0,0.0,0.0,0.0
31.793,0.9982439389298172,0.05914382585188402,0.003296046024175478,-0.00042700596247657874,0.0,0.8313,9.7583,0.0,0.0,1.0,0.0,0.0,0.0,0.0577,0.0,0.0,0.0,0.0
31.8131,0.9982473360122457,0.059083026062405966,0.003357058300184443,-0.0004270074156028092,0.0,0.8313,9.8025,0.0,0.0,1.0,0.0,0.0,0.0,-0.0616,0.0,0.0,0.0,0.0
31.8331,0.9982502741273972,0.05902219872100929,0.0035400718976698648,-0.0004880099113171999,0.0,0.8313,9.8537,0.0,0.0,1.0,0.0,0.0,0.0,0.0577,0.0,0.0,0.0,0.0
31.8532,0.9982536489864356,0.05896139681660563,0.003601085311000632,-0.000488011561168622,0.0,0.8313,9.7449,0.0,0.0,1.0,0.0,0.0,0.0,-0.05,0.0,0.0,0.0,0.0
31.8733,0.9982546989935429,0.058961458834796886,0.0032960815522301745,-0.00048801207448068157,0.0,0.8313,9.9224,0.0,0.0,1.0,0.0,0.0,0.0,0.0385,0.0,0.0,0.0,0.0
31.8934,0.9982553122832634,0.058961495058474714,0.003113078936856043,-0.0004270108275096774,0.0,0.8313,9.8459,0.0,0.0,1.0,0.0,0.0,0.0,-0.0308,0.0,0.0,0.0,0.0
31.9135,0.9982517199780989,0.059022284207875315,0.003113067734181331,-0.0004270092908755241,0.0,0.8313,9.7673,0.0,0.0,1.0,0.0,0.0,0.0,0.0192,0.0,0.0,0.0,0.0
31.9336,0.998247737433663,0.059083049821239284,0.0032350574823416557,-0.00042700758731378796,0.0,0.8313,9.8019,0.0,0.0,1.0,0.0,0.0,0.0,-0.0115,0.0,0.0,0.0,0.0
31.9537,0.9982473360122457,0.059083026062405966,0.003357058300184443,-0.0004270074156028092,0.0,0.8313,9.804,0.0,0.0,1.0,0.0,0.0,0.0,0.0038,0.0,0.0,0.0,0.0
31.9738,0.9982473360122457,0.059083026062405966,0.003357058300184443,-0.0004270074156028092,0.0,0.8313,9.8535,0.0,0.0,1.0,0.0,0.0,0.0,0.0115,0.0,0.0,0.0,0.0
31.9939,0.9982479325726321,0.05908306137088272,0.003174057018909014,-0.00042700767078585056,0.0,0.8313,9.7321,0.0,0.0,1.0,0.0,0.0,0.0,-0.0231,0.0,0.0,0.0,0.0
32.014,0.9982481239970997,0.059083072700676836,0.003113056520043459,-0.00042700775266896196,0.0,0.8313,9.8746,0.0,0.0,1.0,0.0,0.0,0.0,0.0385,0.0,0.0,0.0,0.0
32.0341,0.998248311707059,0.059083083810621266,0.0030520559864259324,-0.00042700783296323325,0.0,0.8313,9.8008,0.0,0.0,1.0,0.0,0.0,0.0,-0.0462,0.0,0.0,0.0,0.0
32.0542,0.9982481239970997,0.059083072700676836,0.003113056520043459,-0.00042700775266896196,0.0,0.8313,9.8437,0.0,0.0,1.0,0.0,0.0,0.0,0.0577,0.0,0.0,0.0,0.0
32.0743,0.9982481239970997,0.059083072700676836,0.003113056520043459,-0.00042700775266896196,0.0,0.8313,9.8095,0.0,0.0,1.0,0.0,0.0,0.0,-0.0616,0.0,0.0,0.0,0.0
32.0944,0.9982441099218442,0.05914383598279719,0.003235045726533138,-0.00048800689785100104,0.0,0.8313,9.8514,0.0,0.0,1.0,0.0,0.0,0.0,0.0654,0.0,0.0,0.0,0.0
32.1144,0.9982440783479893,0.059143834112113575,0.003235045624210609,-0.0005490077427175444,0.0,0.8313,9.7243,0.0,0.0,1.0,0.0,0.0,0.0,-0.0654,0.0,0.0,0.0,0.0
32.1345,0.9982480645632466,0.059083069182979606,0.003113056334697814,-0.0005490099350303201,0.0,0.8313,9.8049,0.0,0.0,1.0,0.0,0.0,0.0,0.0616,0.0,0.0,0.0,0.0
32.1546,0.9982482522731724,0.059083080292922044,0.0030520558047120727,-0.0005490100382657404,0.0,0.8313,9.7274,0.0,0.0,1.0,0.0,0.0,0.0,-0.0539,0.0,0.0,0.0,0.0
32.1747,0.9982482169843071,0.05908307820428843,0.003052055696819482,-0.0006100111320642698,0.0,0.8313,9.805,0.0,0.0,1.0,0.0,0.0,0.0,0.0462,0.0,0.0,0.0,0.0
32.1948,0.9982478378499884,0.05908305576455629,0.0031740567177262376,-0.0006100109003822074,0.0,0.8313,9.7979,0.0,0.0,1.0,0.0,0.0,0.0,-0.0346,0.0,0.0,0.0,0.0
32.2149,0.9982476427110747,0.059083044214916114,0.003235057175370735,-0.0006100107811363165,0.0,0.8313,9.8158,0.0,0.0,1.0,0.0,0.0,0.0,0.0192,0.0,0.0,0.0,0.0
32.235,0.9982476427110747,0.059083044214916114,0.003235057175370735,-0.0006100107811363165,0.0,0.8313,9.8493,0.0,0.0,1.0,0.0,0.0,0.0,-0.0077,0.0,0.0,0.0,0.0
32.2551,0.9982478378499884,0.05908305576455629,0.0031740567177262376,-0.0006100109003822074,0.0,0.8313,9.801,0.0,0.0,1.0,0.0,0.0,0.0,-0.0038,0.0,0.0,0.0,0.0
32.2752,0.9982476427110747,0.059083044214916114,0.003235057175370735,-0.0006100107811363165,0.0,0.8313,9.9221,0.0,0.0,1.0,0.0,0.0,0.0,0.0192,0.0,0.0,0.0,0.0
32.2953,0.9982480292744013,0.059083067094347186,0.0031130562246488446,-0.0006100110173581365,0.0,0.8313,9.7967,0.0,0.0,1.0,0.0,0.0,0.0,-0.0308,0.0,0.0,0.0,0.0
32.3154,0.9982444649071751,0.059143857014921475,0.0031130451090991516,-0.000549007955314984,0.0,0.8313,9.767,0.0,0.0,1.0,0.0,0.0,0.0,0.0462,0.0,0.0,0.0,0.0
32.3354,0.9982444649071751,0.059143857014921475,0.0031130451090991516,-0.000549007955314984,0.0,0.8313,9.8065,0.0,0.0,1.0,0.0,0.0,0.0,-0.0539,0.0,0.0,0.0,0.0
32.3555,0.9982442734848126,0.05914384567355446,0.0031740453843711464,-0.0005490078500377527,0.0,0.8313,9.8096,0.0,0.0,1.0,0.0,0.0,0.0,0.0616,0.0,0.0,0.0,0.0
32.3756,0.9982406701552196,0.05920463283598932,0.0031740339271236866,-0.0005490058683021437,0.0,0.8313,9.8608,0.0,0.0,1.0,0.0,0.0,0.0,-0.0654,0.0,0.0,0.0,0.0
32.3957,0.9982404750205094,0.059204621262749293,0.003235033946777155,-0.0005490057609831567,0.0,0.8313,10.6053,0.0,0.0,1.0,0.0,0.0,0.0,0.0654,0.0,0.0,0.0,0.0
32.4158,0.9982273128410746,0.059447839970524025,0.0028079924410784607,-0.0005489985221339144,0.0,0.8313,10.7407,0.0,0.0,1.0,0.0,0.0,0.0,-0.0616,0.0,0.0,0.0,0.0
32.4359,0.998230217227896,0.05938701292338746,0.0030520006641550986,-0.0005490001194696782,0.0,0.8313,9.3092,0.0,0.0,1.0,0.0,0.0,0.0,0.0577,0.0,0.0,0.0,0.0
32.456,0.9982362603335577,0.05926537167653578,0.0034180214357614107,-0.0005490034430173375,0.0,0.8313,9.8537,0.0,0.0,1.0,0.0,0.0,0.0,-0.05,0.0,0.0,0.0,0.0
32.4761,0.9982292415861387,0.05938695488021399,0.0033569974494902753,-0.000548999582892451,0.0,0.8313,9.9273,0.0,0.0,1.0,0.0,0.0,0.0,0.0385,0.0,0.0,0.0,0.0
32.4962,0.9982332889120865,0.059326195463969666,0.003235010658496143,-0.0004880016078350202,0.0,0.8313,9.8367,0.0,0.0,1.0,0.0,0.0,0.0,-0.0231,0.0,0.0,0.0,0.0
32.5163,0.9982226578068746,0.059508562298698,0.0031739766545575976,-0.00042699685932451326,0.0,0.8313,9.8643,0.0,0.0,1.0,0.0,0.0,0.0,0.0115,0.0,0.0,0.0,0.0
32.5363,0.9982234253044162,0.05950860805269378,0.0029299807019844623,-0.0003659975893945955,0.0,0.8313,9.7561,0.0,0.0,1.0,0.0,0.0,0.0,0.0038,0.0,0.0,0.0,0.0
32.5564,0.998219435670024,0.05956936956699692,0.0030519677004948037,-0.00036599612659926617,0.0,0.8313,9.8213,0.0,0.0,1.0,0.0,0.0,0.0,-0.0115,0.0,0.0,0.0,0.0
32.5765,0.9982158066096032,0.05963015213321306,0.003051956604963304,-0.00036599479600807344,0.0,0.8313,9.7931,0.0,0.0,1.0,0.0,0.0,0.0,0.0231,0.0,0.0,0.0,0.0
32.5966,0.9982158066096032,0.05963015213321306,0.003051956604963304,-0.00036599479600807344,0.0,0.8313,9.9135,0.0,0.0,1.0,0.0,0.0,0.0,-0.0385,0.0,0.0,0.0,0.0
32.6167,0.998208741866402,0.0597517275104366,0.002990936304180812,-0.00030499350477269926,0.0,0.8313,9.8438,0.0,0.0,1.0,0.0,0.0,0.0,0.0462,0.0,0.0,0.0,0.0
32.6368,0.9982012740502975,0.05987327698402328,0.0030519121729476323,-0.0003049912230501106,0.0,0.8313,9.7721,0.0,0.0,1.0,0.0,0.0,0.0,-0.05,0.0,0.0,0.0,0.0
32.6569,0.9981938794585082,0.05999949545593138,0.0029910745509632193,-0.0003050076021542947,0.0,0.8313,9.7473,0.0,0.0,1.0,0.0,0.0,0.0,0.0616,0.0,0.0,0.0,0.0
32.677,0.9981902408863239,0.06006027804649487,0.002991063648030548,-0.0002440051922833475,0.0,0.8313,9.7805,0.0,0.0,1.0,0.0,0.0,0.0,-0.0654,0.0,0.0,0.0,0.0
32.6971,0.9981938794585082,0.05999949545593138,0.0029910745509632193,-0.0003050076021542947,0.0,0.8313,9.8061,0.0,0.0,1.0,0.0,0.0,0.0,0.0654,0.0,0.0,0.0,0.0
32.7172,0.9981936954707764,0.05999948439678616,0.003052075508833494,-0.00030500754593526525,0.0,0.8313,9.8147,0.0,0.0,1.0,0.0,0.0,0.0,-0.0616,0.0,0.0,0.0,0.0
32.7373,0.9981936954707764,0.05999948439678616,0.003052075508833494,-0.00030500754593526525,0.0,0.8313,9.6815,0.0,0.0,1.0,0.0,0.0,0.0,0.0577,0.0,0.0,0.0,0.0
32.7574,0.9981937121858583,0.059999485401497264,0.0030520755599415007,-0.0002440060408341327,0.0,0.8313,9.8147,0.0,0.0,1.0,0.0,0.0,0.0,-0.05,0.0,0.0,0.0,0.0
32.7775,0.9981938961735994,0.059999496460643044,0.0029910746010497653,-0.00024400608580943395,0.0,0.8313,9.7624,0.0,0.0,1.0,0.0,0.0,0.0,0.0385,0.0,0.0,0.0,0.0
32.7976,0.9981938961735994,0.059999496460643044,0.0029910746010497653,-0.00024400608580943395,0.0,0.8313,9.8484,0.0,0.0,1.0,0.0,0.0,0.0,-0.0308,0.0,0.0,0.0,0.0
32.8177,0.9981900569006041,0.06006026697622685,0.0030520643835469236,-0.00024400514730849032,0.0,0.8313,9.8096,0.0,0.0,1.0,0.0,0.0,0.0,0.0192,0.0,0.0,0.0,0.0
32.8378,0.9981904211577195,0.06006028889327507,0.0029300628791237987,-0.0002440052363503198,0.0,0.8313,9.8483,0.0,0.0,1.0,0.0,0.0,0.0,-0.0077,0.0,0.0,0.0,0.0
32.8579,0.9981900569006041,0.06006026697622685,0.0030520643835469236,-0.00024400514730849032,0.0,0.8313,9.888,0.0,0.0,1.0,0.0,0.0,0.0,-0.0077,0.0,0.0,0.0,0.0
32.878,0.9981900569006041,0.06006026697622685,0.0030520643835469236,-0.00024400514730849032,0.0,0.8313,9.888,0.0,0.0,1.0,0.0,0.0,0.0,0.0192,0.0,0.0,0.0,0.0
32.898,0.9981938794585082,0.05999949545593138,0.0029910745509632193,-0.0003050076021542947,0.0,0.8313,9.8403,0.0,0.0,1.0,0.0,0.0,0.0,-0.0308,0.0,0.0,0.0,0.0
32.9181,0.9981938794585082,0.05999949545593138,0.0029910745509632193,-0.0003050076021542947,0.0,0.8313,9.8049,0.0,0.0,1.0,0.0,0.0,0.0,0.0385,0.0,0.0,0.0,0.0
32.9382,0.9981940597318751,0.05999950629181336,0.0029300735597022134,-0.0003050076572386762,0.0,0.8313,9.8483,0.0,0.0,1.0,0.0,0.0,0.0,-0.05,0.0,0.0,0.0,0.0
32.9583,0.9981904044428029,0.06006028788755241,0.0029300628300592676,-0.00030500654033044356,0.0,0.8313,9.7329,0.0,0.0,1.0,0.0,0.0,0.0,0.0577,0.0,0.0,0.0,0.0
32.9783,0.9981904044428029,0.06006028788755241,0.0029300628300592676,-0.00030500654033044356,0.0,0.8313,9.8919,0.0,0.0,1.0,0.0,0.0,0.0,-0.0577,0.0,0.0,0.0,0.0
32.9984,0.9981940764469753,0.05999950729652557,0.002930073608767299,-0.00024400612987685036,0.0,0.8313,9.8747,0.0,0.0,1.0,0.0,0.0,0.0,0.0654,0.0,0.0,0.0,0.0
33.0185,0.9981940764469753,0.05999950729652557,0.002930073608767299,-0.00024400612987685036,0.0,0.8313,9.87,0.0,0.0,1.0,0.0,0.0,0.0,-0.0654,0.0,0.0,0.0,0.0
33.0385,0.9981904044428029,0.06006028788755241,0.0029300628300592676,-0.00030500654033044356,0.0,0.8313,9.7083,0.0,0.0,1.0,0.0,0.0,0.0,0.0616,0.0,0.0,0.0,0.0
33.0586,0.998187094875436,0.06012108985944386,0.002808050903614756,-0.00030500552906076456,0.0,0.8313,9.8842,0.0,0.0,1.0,0.0,0.0,0.0,-0.0539,0.0,0.0,0.0,0.0
33.0787,0.9981942362908712,0.0599995169044317,0.0028690725357314456,-0.00030500771118796566,0.0,0.8313,9.87,0.0,0.0,1.0,0.0,0.0,0.0,0.0423,0.0,0.0,0.0,0.0
33.0987,0.9981977280618801,0.059938725032379195,0.002930084327625194,-0.00024400702250521045,0.0,0.8313,9.7115,0.0,0.0,1.0,0.0,0.0,0.0,-0.0308,0.0,0.0,0.0,0.0
33.1188,0.9981977280618801,0.059938725032379195,0.002930084327625194,-0.00024400702250521045,0.0,0.8313,9.7731,0.0,0.0,1.0,0.0,0.0,0.0,0.0192,0.0,0.0,0.0,0.0
33.1389,0.9981944258506081,0.05999952829849934,0.0028080715267540003,-0.0002440062152877509,0.0,0.8313,9.7319,0.0,0.0,1.0,0.0,0.0,0.0,-0.0077,0.0,0.0,0.0,0.0
33.1589,0.9981945949808532,0.059999538464589906,0.0027470704383850968,-0.00024400625663123512,0.0,0.8313,9.7673,0.0,0.0,1.0,0.0,0.0,0.0,-0.0038,0.0,0.0,0.0,0.0
33.179,0.9981944091354904,0.059999527293786076,0.002808071479731857,-0.00030500776400221863,0.0,0.8313,9.801,0.0,0.0,1.0,0.0,0.0,0.0,0.0192,0.0,0.0,0.0,0.0
33.1991,0.9981942362908712,0.0599995169044317,0.0028690725357314456,-0.00030500771118796566,0.0,0.8313,9.8136,0.0,0.0,1.0,0.0,0.0,0.0,-0.0308,0.0,0.0,0.0,0.0
33.2191,0.9981938794585082,0.05999949545593138,0.0029910745509632193,-0.0003050076021542947,0.0,0.8313,9.8459,0.0,0.0,1.0,0.0,0.0,0.0,0.0462,0.0,0.0,0.0,0.0
33.2392,0.9981977113465965,0.05993872402867745,0.0029300842785595846,-0.0003050087730240847,0.0,0.8313,9.8542,0.0,0.0,1.0,0.0,0.0,0.0,-0.05,0.0,0.0,0.0,0.0
33.2593,0.9981942362908712,0.0599995169044317,0.0028690725357314456,-0.00030500771118796566,0.0,0.8313,9.8153,0.0,0.0,1.0,0.0,0.0,0.0,0.0616,0.0,0.0,0.0,0.0
33.2793,0.9981982803789025,0.05993509545001681,0.002807910773372845,-0.00030499030836134144,0.0,0.8313,9.8746,0.0,0.0,1.0,0.0,0.0,0.0,-0.0654,0.0,0.0,0.0,0.0
33.2994,0.9981978879075302,0.05993873463062231,0.002869083031437271,-0.0003050088269739848,0.0,0.8313,9.8437,0.0,0.0,1.0,0.0,0.0,0.0,0.0654,0.0,0.0,0.0,0.0
33.3195,0.9981978879075302,0.05993873463062231,0.002869083031437271,-0.0003050088269739848,0.0,0.8313,9.805,0.0,0.0,1.0,0.0,0.0,0.0,-0.0616,0.0,0.0,0.0,0.0
33.3395,0.998197531071251,0.059938713203693546,0.002991085492971751,-0.0003050087179392591,0.0,0.8313,9.8071,0.0,0.0,1.0,0.0,0.0,0.0,0.0577,0.0,0.0,0.0,0.0
33.3596,0.9981938794585082,0.05999949545593138,0.0029910745509632193,-0.0003050076021542947,0.0,0.8313,9.7757,0.0,0.0,1.0,0.0,0.0,0.0,-0.05,0.0,0.0,0.0,0.0
33.3797,0.9981938794585082,0.05999949545593138,0.0029910745509632193,-0.0003050076021542947,0.0,0.8313,9.8096,0.0,0.0,1.0,0.0,0.0,0.0,0.0385,0.0,0.0,0.0,0.0
33.3997,0.9981938794585082,0.05999949545593138,0.0029910745509632193,-0.0003050076021542947,0.0,0.8313,9.7712,0.0,0.0,1.0,0.0,0.0,0.0,-0.0308,0.0,0.0,0.0,0.0
33.4198,0.998197531071251,0.059938713203693546,0.002991085492971751,-0.0003050087179392591,0.0,0.8313,9.8065,0.0,0.0,1.0,0.0,0.0,0.0,0.0192,0.0,0.0,0.0,0.0
33.4399,0.9981977113465965,0.05993872402867745,0.0029300842785595846,-0.0003050087730240847,0.0,0.8313,9.805,0.0,0.0,1.0,0.0,0.0,0.0,-0.0077,0.0,0.0,0.0,0.0
33.4599,0.9981976909168065,0.05993872280193097,0.0029300842185904894,-0.00036601052013784946,0.0,0.8313,9.8096,0.0,0.0,1.0,0.0,0.0,0.0,-0.0077,0.0,0.0,0.0,0.0
33.48,0.9981975106414722,0.05993871197694771,0.0029910854317541924,-0.0003660104540361697,0.0,0.8313,9.7274,0.0,0.0,1.0,0.0,0.0,0.0,0.0192,0.0,0.0,0.0,0.0
33.5001,0.9981975106414722,0.05993871197694771,0.0029910854317541924,-0.0003660104540361697,0.0,0.8313,9.8096,0.0,0.0,1.0,0.0,0.0,0.0,-0.0308,0.0,0.0,0.0,0.0
33.5201,0.9981975106414722,0.05993871197694771,0.0029910854317541924,-0.0003660104540361697,0.0,0.8313,9.7319,0.0,0.0,1.0,0.0,0.0,0.0,0.0385,0.0,0.0,0.0,0.0
33.5402,0.9981975106414722,0.05993871197694771,0.0029910854317541924,-0.0003660104540361697,0.0,0.8313,9.8147,0.0,0.0,1.0,0.0,0.0,0.0,-0.0462,0.0,0.0,0.0,0.0
33.5603,0.9981975106414722,0.05993871197694771,0.0029910854317541924,-0.0003660104540361697,0.0,0.8313,9.7668,0.0,0.0,1.0,0.0,0.0,0.0,0.0577,0.0,0.0,0.0,0.0
33.5803,0.9982016178476405,0.05987329760538901,0.0029299166928399255,-0.0003659895937132007,0.0,0.8313,9.8484,0.0,0.0,1.0,0.0,0.0,0.0,-0.0616,0.0,0.0,0.0,0.0
33.6004,0.9982052616098616,0.05981251767421562,0.0029299273879936534,-0.00036599092969485936,0.0,0.8313,9.8049,0.0,0.0,1.0,0.0,0.0,0.0,0.0616,0.0,0.0,0.0,0.0
33.6205,0.9982052616098616,0.05981251767421562,0.0029299273879936534,-0.00036599092969485936,0.0,0.8313,9.8403,0.0,0.0,1.0,0.0,0.0,0.0,-0.0654,0.0,0.0,0.0,0.0
33.6405,0.9982052616098616,0.05981251767421562,0.0029299273879936534,-0.00036599092969485936,0.0,0.8313,9.7319,0.0,0.0,1.0,0.0,0.0,0.0,0.0577,0.0,0.0,0.0,0.0
33.6606,0.9982054381532233,0.05981252825270418,0.0028689294071121973,-0.0003659909944242479,0.0,0.8313,9.8099,0.0,0.0,1.0,0.0,0.0,0.0,-0.0577,0.0,0.0,0.0,0.0
33.6807,0.9982054381532233,0.05981252825270418,0.0028689294071121973,-0.0003659909944242479,0.0,0.8313,9.8449,0.0,0.0,1.0,0.0,0.0,0.0,0.0539,0.0,0.0,0.0,0.0
33.7007,0.9982052616098616,0.05981251767421562,0.0029299273879936534,-0.00036599092969485936,0.0,0.8313,9.7583,0.0,0.0,1.0,0.0,0.0,0.0,-0.0423,0.0,0.0,0.0,0.0
33.7208,0.9982051017802047,0.059812508097213224,0.0029909253973779658,-0.000304992392577752,0.0,0.8313,9.8403,0.0,0.0,1.0,0.0,0.0,0.0,0.0269,0.0,0.0,0.0,0.0
33.7409,0.9982052616098616,0.05981251767421562,0.0029299273879936534,-0.00036599092969485936,0.0,0.8313,9.6886,0.0,0.0,1.0,0.0,0.0,0.0,-0.0115,0.0,0.0,0.0,0.0
33.7609,0.9982052616098616,0.05981251767421562,0.0029299273879936534,-0.00036599092969485936,0.0,0.8313,9.8197,0.0,0.0,1.0,0.0,0.0,0.0,0.0038,0.0,0.0,0.0,0.0
33.781,0.9982054381532233,0.05981252825270418,0.0028689294071121973,-0.0003659909944242479,0.0,0.8313,9.7624,0.0,0.0,1.0,0.0,0.0,0.0,0.0115,0.0,0.0,0.0,0.0
33.8011,0.9982052820376195,0.05981251889824807,0.002929927447953111,-0.00030499244765375133,0.0,0.8313,9.8095,0.0,0.0,1.0,0.0,0.0,0.0,-0.0231,0.0,0.0,0.0,0.0
33.8211,0.9982056314103165,0.05981253983268052,0.0028079314516696358,-0.00030499255440141765,0.0,0.8313,9.7274,0.0,0.0,1.0,0.0,0.0,0.0,0.0385,0.0,0.0,0.0,0.0
33.8412,0.9982054585809921,0.05981252947673729,0.0028689294658233826,-0.0003049925015951027,0.0,0.8313,9.7726,0.0,0.0,1.0,0.0,0.0,0.0,-0.0462,0.0,0.0,0.0,0.0
33.8613,0.9982052616098616,0.05981251767421562,0.0029299273879936534,-0.00036599092969485936,0.0,0.8313,9.8492,0.0,0.0,1.0,0.0,0.0,0.0,0.05,0.0,0.0,0.0,0.0
33.8813,0.9982052616098616,0.05981251767421562,0.0029299273879936534,-0.00036599092969485936,0.0,0.8313,9.8407,0.0,0.0,1.0,0.0,0.0,0.0,-0.0539,0.0,0.0,0.0,0.0
33.9014,0.9982085374649793,0.05975171527518198,0.0030519343801960687,-0.0003659921307836434,0.0,0.8313,9.8019,0.0,0.0,1.0,0.0,0.0,0.0,0.0654,0.0,0.0,0.0,0.0
33.9215,0.9982087214384316,0.05975172628763972,0.002990936242972416,-0.00036599219823735263,0.0,0.8313,9.8493,0.0,0.0,1.0,0.0,0.0,0.0,-0.0616,0.0,0.0,0.0,0.0
33.9416,0.9982089016978074,0.05975173707777676,0.002929938072362665,-0.0003659922643292624,0.0,0.8313,9.7668,0.0,0.0,1.0,0.0,0.0,0.0,0.0616,0.0,0.0,0.0,0.0
33.9616,0.9982089016978074,0.05975173707777676,0.002929938072362665,-0.0003659922643292624,0.0,0.8313,9.8589,0.0,0.0,1.0,0.0,0.0,0.0,-0.0616,0.0,0.0,0.0,0.0
33.9817,0.9982125381113568,0.05969095581673875,0.002929948745946615,-0.0003659935976164652,0.0,0.8313,9.8397,0.0,0.0,1.0,0.0,0.0,0.0,0.05,0.0,0.0,0.0,0.0
34.0018,0.9982127350867948,0.0596909675954449,0.0028689503791350904,-0.0003049947248645602,0.0,0.8313,9.8437,0.0,0.0,1.0,0.0,0.0,0.0,-0.0462,0.0,0.0,0.0,0.0
34.0218,0.9982125381113568,0.05969095581673875,0.002929948745946615,-0.0003659935976164652,0.0,0.8313,9.8535,0.0,0.0,1.0,0.0,0.0,0.0,0.0346,0.0,0.0,0.0,0.0
34.0419,0.9982127146585793,0.05969096637388169,0.002868950320422621,-0.00036599366234746356,0.0,0.8313,9.8367,0.0,0.0,1.0,0.0,0.0,0.0,-0.0192,0.0,0.0,0.0,0.0
34.062,0.998209251074305,0.05975175799108717,0.0028079416337083267,-0.00036599239242779413,0.0,0.8313,9.8096,0.0,0.0,1.0,0.0,0.0,0.0,0.0115,0.0,0.0,0.0,0.0
34.082,0.998205945498998,0.059812558652892686,0.002685935275047152,-0.0003659911804420046,0.0,0.8313,9.8492,0.0,0.0,1.0,0.0,0.0,0.0,-0.0038,0.0,0.0,0.0,0.0
34.1022,0.9982021363298982,0.05987332870455972,0.0027469233227795584,-0.0003659897838140247,0.0,0.8313,9.733,0.0,0.0,1.0,0.0,0.0,0.0,-0.0077,0.0,0.0,0.0,0.0
34.1222,0.9982023017292876,0.05987333862540807,0.002685925470527706,-0.00036598984445757043,0.0,0.8313,9.8155,0.0,0.0,1.0,0.0,0.0,0.0,0.0192,0.0,0.0,0.0,0.0
34.1423,0.9982023017292876,0.05987333862540807,0.002685925470527706,-0.00036598984445757043,0.0,0.8313,9.8008,0.0,0.0,1.0,0.0,0.0,0.0,-0.0308,0.0,0.0,0.0,0.0
34.1624,0.9982056109825371,0.05981253860864679,0.002807931394206723,-0.0003659910577919479,0.0,0.8313,9.8105,0.0,0.0,1.0,0.0,0.0,0.0,0.0385,0.0,0.0,0.0,0.0
34.1824,0.998201794389069,0.059873308194549855,0.002868918934616518,-0.00036598965844181214,0.0,0.8313,9.7775,0.0,0.0,1.0,0.0,0.0,0.0,-0.0462,0.0,0.0,0.0,0.0
34.2025,0.998201794389069,0.059873308194549855,0.002868918934616518,-0.00036598965844181214,0.0,0.8313,9.8015,0.0,0.0,1.0,0.0,0.0,0.0,0.0577,0.0,0.0,0.0,0.0
34.2226,0.9982056314103165,0.05981253983268052,0.0028079314516696358,-0.00030499255440141765,0.0,0.8313,9.8065,0.0,0.0,1.0,0.0,0.0,0.0,-0.0577,0.0,0.0,0.0,0.0
34.2426,0.9982056481239551,0.05981254083416272,0.002807931498684743,-0.0002439940476066105,0.0,0.8313,9.7319,0.0,0.0,1.0,0.0,0.0,0.0,0.0654,0.0,0.0,0.0,0.0
34.2627,0.9982059826404531,0.059812560878410845,0.002685935374985994,-0.00024399412937320397,0.0,0.8313,9.8922,0.0,0.0,1.0,0.0,0.0,0.0,-0.0616,0.0,0.0,0.0,0.0
34.2828,0.9982096227362871,0.059751780238383304,0.002685945169619907,-0.00024399501913158206,0.0,0.8313,9.7189,0.0,0.0,1.0,0.0,0.0,0.0,0.0577,0.0,0.0,0.0,0.0
34.3028,0.9982094406194284,0.05975176933705931,0.0027469434232407115,-0.00030499371827025223,0.0,0.8313,9.8596,0.0,0.0,1.0,0.0,0.0,0.0,-0.0539,0.0,0.0,0.0,0.0
34.3229,0.9982056481239551,0.05981254083416272,0.002807931498684743,-0.0002439940476066105,0.0,0.8274,9.7665,0.0,0.0,1.0,0.0,0.0,0.0,0.0462,0.0,0.0,0.0,0.0
34.343,0.9982092882161293,0.059751760214357796,0.0028079417381874955,-0.00024399493736382288,0.0,0.8274,9.8147,0.0,0.0,1.0,0.0,0.0,0.0,-0.0346,0.0,0.0,0.0,0.0
34.363,0.9982094573332585,0.05975177033753162,0.002746943469235017,-0.00024399497870158937,0.0,0.8274,9.8854,0.0,0.0,1.0,0.0,0.0,0.0,0.0231,0.0,0.0,0.0,0.0
34.3831,0.9982134041343773,0.05969100760304666,0.002624956358607485,-0.00030499492928587335,0.0,0.8274,9.8373,0.0,0.0,1.0,0.0,0.0,0.0,-0.0115,0.0,0.0,0.0,0.0
34.4032,0.9982128874916728,0.05969097670892775,0.0028079518628739072,-0.0003659937257164403,0.0,0.8274,9.8523,0.0,0.0,1.0,0.0,0.0,0.0,0.0038,0.0,0.0,0.0,0.0
34.4232,0.9982123782782045,0.059690946259061135,0.002990947199974073,-0.0003049946158448225,0.0,0.8274,9.8146,0.0,0.0,1.0,0.0,0.0,0.0,0.0115,0.0,0.0,0.0,0.0
34.4433,0.9982125752535479,0.05969095803776162,0.002929948854966197,-0.00024399574082317746,0.0,0.8236,9.8096,0.0,0.0,1.0,0.0,0.0,0.0,-0.0231,0.0,0.0,0.0,0.0
34.4634,0.9982168751904172,0.05963021596674091,0.002685964684252598,-0.0003049959898351329,0.0,0.8236,9.8053,0.0,0.0,1.0,0.0,0.0,0.0,0.0385,0.0,0.0,0.0,0.0
34.4834,0.9982163473995387,0.059630184438237574,0.0028689607612366747,-0.0003659949942881324,0.0,0.8197,9.8407,0.0,0.0,1.0,0.0,0.0,0.0,-0.0462,0.0,0.0,0.0,0.0
34.5035,0.9982127146585793,0.05969096637388169,0.002868950320422621,-0.00036599366234746356,0.0,0.7427,9.8919,0.0,0.0,1.0,0.0,0.0,0.0,0.05,0.0,0.0,0.0,0.0
34.5236,0.9982127350867948,0.0596909675954449,0.0028689503791350904,-0.0003049947248645602,0.0,0.5272,9.7755,0.0,0.0,1.0,0.0,0.0,0.0,-0.0616,0.0,0.0,0.0,0.0
34.5436,0.9982127350867948,0.0596909675954449,0.0028689503791350904,-0.0003049947248645602,0.0,0.3233,9.8147,0.0,0.0,1.0,0.0,0.0,0.0,0.0616,0.0,0.0,0.0,0.0
34.5637,0.9982160110154914,0.059630164343753206,0.0029909580847573627,-0.00030499572579439915,0.0,0.2694,10.0729,0.0,0.0,1.0,0.0,0.0,0.0,-0.0616,0.0,0.0,0.0,0.0
34.5838,0.9982232821805586,0.05950859952043404,0.0029909798713743906,-0.0002439983579455851,0.0,0.2271,9.5369,0.0,0.0,1.0,0.0,0.0,0.0,0.0577,0.0,0.0,0.0,0.0
34.6038,0.9982203388540548,0.05956942346506923,0.002746973413774483,-0.00030499704812564365,0.0,0.1385,9.7935,0.0,0.0,1.0,0.0,0.0,0.0,-0.05,0.0,0.0,0.0,0.0
34.6239,0.9982129079198988,0.059690977930491586,0.002807951920338087,-0.0003049947776720963,0.0,0.1078,9.8438,0.0,0.0,1.0,0.0,0.0,0.0,0.0385,0.0,0.0,0.0,0.0
34.644,0.9982198370577838,0.0595693935200627,0.002929970169779819,-0.0002439975158451957,0.0,0.1809,9.7197,0.0,0.0,1.0,0.0,0.0,0.0,0.0077,0.0,0.0,0.0,0.0
34.664,0.9982201864457638,0.059569414370009066,0.002807972394678296,-0.00024399760124693692,0.0,0.0731,9.8645,0.0,0.0,1.0,0.0,0.0,0.0,0.0077,0.0,0.0,0.0,0.0
34.6841,0.9982232654660342,0.05950859852400572,0.0029909798212926046,-0.00030499794232502486,0.0,0.1078,10.1357,0.0,0.0,1.0,0.0,0.0,0.0,-0.0231,0.0,0.0,0.0,0.0
34.7041,0.9982196400781416,0.05956938176517926,0.0029909689585303247,-0.0003049968346211518,0.0,-0.0385,9.7818,0.0,0.0,1.0,0.0,0.0,0.0,0.0385,0.0,0.0,0.0,0.0
34.7242,0.9982200136088792,0.05956940405585981,0.0028689712982417695,-0.00024399755900000875,0.0,0.0423,9.738,0.0,0.0,1.0,0.0,0.0,0.0,-0.05,0.0,0.0,0.0,0.0
34.7443,0.9982200136088792,0.05956940405585981,0.0028689712982417695,-0.00024399755900000875,0.0,0.0423,9.738,0.0,0.0,1.0,0.0,0.0,0.0,-0.05,0.0,0.0,0.0,0.0
34.7643,0.9982198370577838,0.0595693935200627,0.002929970169779819,-0.0002439975158451957,0.0,-0.0539,9.5213,0.0,0.0,1.0,0.0,0.0,0.0,-0.0616,0.0,0.0,0.0,0.0
34.7844,0.9982165573771546,0.05963019698161458,0.0028079621861846066,-0.00024399671418406932,0.0,0.0269,9.8035,0.0,0.0,1.0,0.0,0.0,0.0,0.0577,0.0,0.0,0.0,0.0
34.8045,0.9982200136088792,0.05956940405585981,0.0028689712982417695,-0.00024399755900000875,0.0,-0.0693,9.5901,0.0,0.0,1.0,0.0,0.0,0.0,-0.05,0.0,0.0,0.0,0.0
34.8245,0.9982198370577838,0.0595693935200627,0.002929970169779819,-0.0002439975158451957,0.0,0.0847,9.9257,0.0,0.0,1.0,0.0,0.0,0.0,0.0385,0.0,0.0,0.0,0.0
34.8446,0.9982165573771546,0.05963019698161458,0.0028079621861846066,-0.00024399671418406932,0.0,-0.1001,9.9098,0.0,0.0,1.0,0.0,0.0,0.0,-0.0231,0.0,0.0,0.0,0.0
34.8647,0.9982236390008417,0.05950862079210311,0.00286898171793417,-0.0002439984451640953,0.0,0.1385,10.0256,0.0,0.0,1.0,0.0,0.0,0.0,0.0077,0.0,0.0,0.0,0.0
34.8847,0.9982091153849054,0.059751749868862156,0.0028689399757964623,-0.00024399489511833797,0.0,-0.0462,9.9559,0.0,0.0,1.0,0.0,0.0,0.0,0.0077,0.0,0.0,0.0,0.0
34.9048,0.9982272607179219,0.05944783686641257,0.002868992127064627,-0.00024399933043012245,0.0,-0.0346,9.8585,0.0,0.0,1.0,0.0,0.0,0.0,-0.0231,0.0,0.0,0.0,0.0
34.9249,0.9982056481239551,0.05981254083416272,0.002807931498684743,-0.0002439940476066105,0.0,0.0693,10.2504,0.0,0.0,1.0,0.0,0.0,0.0,0.0346,0.0,0.0,0.0,0.0
34.9449,0.9982198370577838,0.0595693935200627,0.002929970169779819,-0.0002439975158451957,0.0,-0.1039,9.3674,0.0,0.0,1.0,0.0,0.0,0.0,-0.0462,0.0,0.0,0.0,0.0
34.965,0.9982236390008417,0.05950862079210311,0.00286898171793417,-0.0002439984451640953,0.0,0.1155,9.963,0.0,0.0,1.0,0.0,0.0,0.0,0.0577,0.0,0.0,0.0,0.0
34.9851,0.9981980607540463,0.059938745009527714,0.002808081752285807,-0.0003050088797889594,0.0,-0.0693,9.4042,0.0,0.0,1.0,0.0,0.0,0.0,-0.0616,0.0,0.0,0.0,0.0
35.0051,0.9982272440031977,0.05944783587099376,0.002868992079025062,-0.00030499915793047455,0.0,-0.0192,9.4761,0.0,0.0,1.0,0.0,0.0,0.0,0.0577,0.0,0.0,0.0,0.0
35.0252,0.9982129079198988,0.059690977930491586,0.002807951920338087,-0.0003049947776720963,0.0,0.05,9.733,0.0,0.0,1.0,0.0,0.0,0.0,-0.0577,0.0,0.0,0.0,0.0
35.0453,0.9981984494904368,0.05993510560402744,0.0027469131770736545,-0.00030499036003184266,0.0,-0.0962,9.9402,0.0,0.0,1.0,0.0,0.0,0.0,0.0462,0.0,0.0,0.0,0.0
35.0653,0.9982238118396096,0.0595086310958029,0.0028079825928349483,-0.0002439984874116896,0.0,0.1385,9.9298,0.0,0.0,1.0,0.0,0.0,0.0,-0.0308,0.0,0.0,0.0,0.0
35.0854,0.9982052987512404,0.059812519899729216,0.002929927497010855,-0.00024399396220847747,0.0,-0.077,10.515,0.0,0.0,1.0,0.0,0.0,0.0,0.0154,0.0,0.0,0.0,0.0
35.1055,0.9982102496443224,0.05975181776444026,0.0024409517038976977,-0.00024399517236839424,0.0,0.0,9.3825,0.0,0.0,1.0,0.0,0.0,0.0,-0.0038,0.0,0.0,0.0,0.0
35.1255,0.9982165573771546,0.05963019698161458,0.0028079621861846066,-0.00024399671418406932,0.0,0.05,10.111,0.0,0.0,1.0,0.0,0.0,0.0,-0.0115,0.0,0.0,0.0,0.0
35.1456,0.9981938961735994,0.059999496460643044,0.0029910746010497653,-0.00024400608580943395,0.0,-0.0577,9.6307,0.0,0.0,1.0,0.0,0.0,0.0,0.0231,0.0,0.0,0.0,0.0
35.1657,0.9982286978843836,0.05944792245457543,0.0023189969750397163,-0.0001829997612903256,0.0,0.0885,9.47,0.0,0.0,1.0,0.0,0.0,0.0,-0.0385,0.0,0.0,0.0,0.0
35.1857,0.9982010863668717,0.059873265726552445,0.003112909832263183,-0.00030499116570514856,0.0,-0.1347,10.436,0.0,0.0,1.0,0.0,0.0,0.0,0.0462,0.0,0.0,0.0,0.0
35.2058,0.9982025005557194,0.05987335055124941,0.0026249276859629245,-0.00024399327823804162,0.0,0.1001,9.7206,0.0,0.0,1.0,0.0,0.0,0.0,-0.0539,0.0,0.0,0.0,0.0
35.2259,0.998224933087984,0.059508697938483957,0.0023799879193666905,-0.00018299907111096747,0.0,-0.0423,10.4782,0.0,0.0,1.0,0.0,0.0,0.0,0.0616,0.0,0.0,0.0,0.0
35.2459,0.9981971760926053,0.059938691888309976,0.0031130878730718865,-0.0002440068875778079,0.0,0.0192,9.8682,0.0,0.0,1.0,0.0,0.0,0.0,-0.0616,0.0,0.0,0.0,0.0
35.266,0.9982208432099747,0.05956945356282439,0.0025629764895336443,-0.00024399776178163357,0.0,0.1039,9.8957,0.0,0.0,1.0,0.0,0.0,0.0,0.0539,0.0,0.0,0.0,0.0
35.2861,0.9981985737223579,0.05993877581170821,0.0026250777734243354,-0.0002440072292250184,0.0,-0.1655,9.6731,0.0,0.0,1.0,0.0,0.0,0.0,-0.0462,0.0,0.0,0.0,0.0
35.3061,0.99820647205712,0.059812590204286156,0.002501941028707738,-0.00018299568675200772,0.0,0.0154,9.2812,0.0,0.0,1.0,0.0,0.0,0.0,0.0346,0.0,0.0,0.0,0.0
35.3262,0.9982056481239551,0.05981254083416272,0.002807931498684743,-0.0002439940476066105,0.0,-0.0346,10.1043,0.0,0.0,1.0,0.0,0.0,0.0,-0.0192,0.0,0.0,0.0,0.0
35.3462,0.9981912667996266,0.06006033977484652,0.0026250585575679428,-0.00024400544306540928,0.0,-0.0616,9.8412,0.0,0.0,1.0,0.0,0.0,0.0,0.0038,0.0,0.0,0.0,0.0
35.3663,0.9982244816112088,0.05950867102391376,0.0025629858312909187,-0.00018299898834417408,0.0,0.1078,9.8458,0.0,0.0,1.0,0.0,0.0,0.0,0.0077,0.0,0.0,0.0,0.0
35.3864,0.9981915815540052,0.06006035871335616,0.0025020566026876523,-0.00024400552000630737,0.0,-0.1155,9.8607,0.0,0.0,1.0,0.0,0.0,0.0,-0.0231,0.0,0.0,0.0,0.0
35.4064,0.9982217257254955,0.05956950622749041,0.00219698178918578,-0.00018299848312297584,0.0,0.1078,9.2905,0.0,0.0,1.0,0.0,0.0,0.0,0.0385,0.0,0.0,0.0,0.0
35.4265,0.9981907705575139,0.0600603099163706,0.0028080612438630137,-0.00024400532176022116,0.0,-0.0962,10.0854,0.0,0.0,1.0,0.0,0.0,0.0,-0.05,0.0,0.0,0.0,0.0
35.4466,0.9982104094155636,0.05975182732817906,0.002379953291735418,-0.00018299640856622726,0.0,0.077,9.4878,0.0,0.0,1.0,0.0,0.0,0.0,0.0577,0.0,0.0,0.0,0.0
35.4666,0.9982132591577165,0.05969099893375517,0.0026859549543668715,-0.00024399590799167872,0.0,-0.0154,9.1153,0.0,0.0,1.0,0.0,0.0,0.0,-0.0616,0.0,0.0,0.0,0.0
35.4867,0.9981877683693827,0.060121130424173955,0.0025630481915694947,-0.00024400458788254031,0.0,-0.0577,9.5701,0.0,0.0,1.0,0.0,0.0,0.0,0.0539,0.0,0.0,0.0,0.0
35.5068,0.9982217257254955,0.05956950622749041,0.00219698178918578,-0.00018299848312297584,0.0,0.1078,9.8371,0.0,0.0,1.0,0.0,0.0,0.0,-0.05,0.0,0.0,0.0,0.0
35.5268,0.9981871115901862,0.060121090866177986,0.0028080509506358616,-0.00024400442733441,0.0,-0.1193,10.2192,0.0,0.0,1.0,0.0,0.0,0.0,0.0385,0.0,0.0,0.0,0.0
35.5469,0.9982176786010837,0.059630263959870186,0.002379970623073425,-0.000182997741185853,0.0,0.0962,9.87,0.0,0.0,1.0,0.0,0.0,0.0,-0.0269,0.0,0.0,0.0,0.0
35.567,0.9982063048594705,0.05981258018579321,0.0025629391616709928,-0.00024399420813409067,0.0,-0.1231,9.7949,0.0,0.0,1.0,0.0,0.0,0.0,0.0115,0.0,0.0,0.0,0.0
35.587,0.9981991987680431,0.05993881334379268,0.002380072004908942,-0.00018300553651195986,0.0,0.0,9.3076,0.0,0.0,1.0,0.0,0.0,0.0,0.0077,0.0,0.0,0.0,0.0
35.6071,0.9982140458455907,0.059691045975992514,0.002379961961784874,-0.00018299707521290953,0.0,0.0654,9.961,0.0,0.0,1.0,0.0,0.0,0.0,-0.0231,0.0,0.0,0.0,0.0
35.6271,0.9981834619489659,0.06018187193105649,0.0028080406836444517,-0.00018300265139137298,0.0,-0.1039,10.0176,0.0,0.0,1.0,0.0,0.0,0.0,0.0423,0.0,0.0,0.0,0.0
35.6472,0.9982214600298357,0.059569490371935645,0.0023189801606936238,-0.00012199895627629244,0.0,0.1578,9.4511,0.0,0.0,1.0,0.0,0.0,0.0,-0.05,0.0,0.0,0.0,0.0
35.6673,0.9981984792029313,0.05993510738806296,0.002746913258838607,-0.0001829942214660596,0.0,-0.0462,10.4226,0.0,0.0,1.0,0.0,0.0,0.0,0.0577,0.0,0.0,0.0,0.0
35.6873,0.9982028282816434,0.05987337020863269,0.0025019318958162777,-0.00018299501875873592,0.0,-0.0346,9.5693,0.0,0.0,1.0,0.0,0.0,0.0,-0.0577,0.0,0.0,0.0,0.0
35.7074,0.9982213076819217,0.059569481280478516,0.0023799792756007965,-0.00018299840648533516,0.0,0.0077,9.761,0.0,0.0,1.0,0.0,0.0,0.0,0.0577,0.0,0.0,0.0,0.0
35.7275,0.9981947733973706,0.059999549188860246,0.002686069354333128,-0.00018300472518345545,0.0,-0.0269,9.9606,0.0,0.0,1.0,0.0,0.0,0.0,-0.0539,0.0,0.0,0.0,0.0
35.7476,0.9982208562100656,0.05956945433861296,0.0025629765229119583,-0.00018299832371948543,0.0,0.0,10.0436,0.0,0.0,1.0,0.0,0.0,0.0,0.0423,0.0,0.0,0.0,0.0
35.7676,0.9981946079815075,0.059999539246033975,0.0027470704741633972,-0.00018300469485682538,0.0,-0.0038,9.7643,0.0,0.0,1.0,0.0,0.0,0.0,-0.0308,0.0,0.0,0.0,0.0
35.7877,0.9981946079815075,0.059999539246033975,0.0027470704741633972,-0.00018300469485682538,0.0,-0.0038,9.7643,0.0,0.0,1.0,0.0,0.0,0.0,0.0192,0.0,0.0,0.0,0.0
35.8078,0.9982140551311801,0.05969104653125072,0.0023799619839237583,-0.00012199805127677266,0.0,0.0,9.7768,0.0,0.0,1.0,0.0,0.0,0.0,-0.0115,0.0,0.0,0.0,0.0
35.8278,0.9982066318265473,0.059812599777679595,0.0024409428571457586,-0.000121997144027719,0.0,0.0,9.8904,0.0,0.0,1.0,0.0,0.0,0.0,-0.0038,0.0,0.0,0.0,0.0
35.8479,0.9982104187010516,0.059751827883998625,0.0023799533138740663,-0.0001219976068455586,0.0,0.0,9.8487,0.0,0.0,1.0,0.0,0.0,0.0,0.0192,0.0,0.0,0.0,0.0
35.868,0.9982028375669199,0.05987337076557439,0.0025019319190892307,-0.00012199668030732358,0.0,0.0,9.8158,0.0,0.0,1.0,0.0,0.0,0.0,-0.0308,0.0,0.0,0.0,0.0
35.888,0.998206481342498,0.059812590760666556,0.0025019410519809444,-0.00012199712563609744,0.0,0.0,9.801,0.0,0.0,1.0,0.0,0.0,0.0,0.0462,0.0,0.0,0.0,0.0
35.9081,0.9982066318265473,0.059812599777679595,0.0024409428571457586,-0.000121997144027719,0.0,0.0,9.8065,0.0,0.0,1.0,0.0,0.0,0.0,-0.05,0.0,0.0,0.0,0.0
35.9282,0.998206481342498,0.059812590760666556,0.0025019410519809444,-0.00012199712563609744,0.0,0.0,9.763,0.0,0.0,1.0,0.0,0.0,0.0,0.0616,0.0,0.0,0.0,0.0
35.9482,0.9982029880493212,0.05987337979168438,0.002440933946914442,-0.0001219966986987786,0.0,0.0,9.7805,0.0,0.0,1.0,0.0,0.0,0.0,-0.0616,0.0,0.0,0.0,0.0
35.9683,0.998206784167742,0.05981260890597289,0.002379944648346809,-6.099858132313508e-05,0.0,0.0,9.8397,0.0,0.0,1.0,0.0,0.0,0.0,0.0654,0.0,0.0,0.0,0.0
35.9884,0.9982105673297832,0.059751836780758474,0.002318954855732424,-6.099881250531958e-05,0.0,0.0,9.8493,0.0,0.0,1.0,0.0,0.0,0.0,-0.0616,0.0,0.0,0.0,0.0
36.0084,0.998206784167742,0.05981260890597289,0.002379944648346809,-6.099858132313508e-05,0.0,0.0,9.8105,0.0,0.0,1.0,0.0,0.0,0.0,0.05,0.0,0.0,0.0,0.0
36.0285,0.998206784167742,0.05981260890597289,0.002379944648346809,-6.099858132313508e-05,0.0,0.0,9.8829,0.0,0.0,1.0,0.0,0.0,0.0,-0.0462,0.0,0.0,0.0,0.0
36.0486,0.998206784167742,0.05981260890597289,0.002379944648346809,-6.099858132313508e-05,0.0,0.0,9.854,0.0,0.0,1.0,0.0,0.0,0.0,0.0308,0.0,0.0,0.0,0.0
36.0687,0.998206784167742,0.05981260890597289,0.002379944648346809,-6.099858132313508e-05,0.0,0.0,9.8398,0.0,0.0,1.0,0.0,0.0,0.0,-0.0154,0.0,0.0,0.0,0.0
36.0887,0.9982104242723446,0.05975182821749037,0.0023799533271572533,-6.099880376336797e-05,0.0,0.0,9.8096,0.0,0.0,1.0,0.0,0.0,0.0,0.0038,0.0,0.0,0.0,0.0
36.1088,0.9982069272236157,0.05981261747788923,0.002318946399358445,-6.0998590065086684e-05,0.0,0.0,9.8095,0.0,0.0,1.0,0.0,0.0,0.0,0.0115,0.0,0.0,0.0,0.0
36.1289,0.9982105673297832,0.059751836780758474,0.002318954855732424,-6.099881250531958e-05,0.0,0.0,9.7712,0.0,0.0,1.0,0.0,0.0,0.0,-0.0231,0.0,0.0,0.0,0.0
36.1489,0.9982069272236157,0.05981261747788923,0.002318946399358445,-6.0998590065086684e-05,0.0,0.0,9.7668,0.0,0.0,1.0,0.0,0.0,0.0,0.0385,0.0,0.0,0.0,0.0
36.169,0.9982105673297832,0.059751836780758474,0.002318954855732424,-6.099881250531958e-05,0.0,0.0,9.8105,0.0,0.0,1.0,0.0,0.0,0.0,-0.0462,0.0,0.0,0.0,0.0
36.1891,0.9982105673297832,0.059751836780758474,0.002318954855732424,-6.099881250531958e-05,0.0,0.0,9.7624,0.0,0.0,1.0,0.0,0.0,0.0,0.0577,0.0,0.0,0.0,0.0
36.2091,0.9982070665653929,0.05981262582725667,0.002257948124485002,-6.0998598580053194e-05,0.0,0.0,9.8484,0.0,0.0,1.0,0.0,0.0,0.0,-0.0654,0.0,0.0,0.0,0.0
36.2292,0.9982070665653929,0.05981262582725667,0.002257948124485002,-6.0998598580053194e-05,0.0,0.0,9.767,0.0,0.0,1.0,0.0,0.0,0.0,0.0616,0.0,0.0,0.0,0.0
36.2493,0.9982070684224719,0.05981262593853295,0.002257948128685725,0.0,0.0,0.0,9.8449,0.0,0.0,1.0,0.0,0.0,0.0,-0.0654,0.0,0.0,0.0,0.0
36.2693,0.9982069290806938,0.05981261758916546,0.002318946403672643,0.0,0.0,0.0,9.8483,0.0,0.0,1.0,0.0,0.0,0.0,0.0539,0.0,0.0,0.0,0.0
36.2894,0.9982069290806938,0.05981261758916546,0.002318946403672643,0.0,0.0,0.0,9.8483,0.0,0.0,1.0,0.0,0.0,0.0,-0.05,0.0,0.0,0.0,0.0
36.3095,0.9982107085301841,0.059751845232866266,0.0022579563626230134,0.0,0.0,0.0,9.8049,0.0,0.0,1.0,0.0,0.0,0.0,0.0423,0.0,0.0,0.0,0.0
36.3295,0.9982070665653929,0.05981262582725667,0.002257948124485002,-6.0998598580053194e-05,0.0,0.0,9.767,0.0,0.0,1.0,0.0,0.0,0.0,-0.0269,0.0,0.0,0.0,0.0
36.3496,0.9982070665653929,0.05981262582725667,0.002257948124485002,-6.0998598580053194e-05,0.0,0.0,9.8065,0.0,0.0,1.0,0.0,0.0,0.0,0.0115,0.0,0.0,0.0,0.0
36.3697,0.9982070665653929,0.05981262582725667,0.002257948124485002,-6.0998598580053194e-05,0.0,0.0,9.767,0.0,0.0,1.0,0.0,0.0,0.0,-0.0038,0.0,0.0,0.0,0.0
36.3897,0.9982072021930692,0.05981263395407496,0.0021969498244073862,-6.099860686797909e-05,0.0,0.0,9.8104,0.0,0.0,1.0,0.0,0.0,0.0,-0.0077,0.0,0.0,0.0,0.0
36.4098,0.9982070665653929,0.05981262582725667,0.002257948124485002,-6.0998598580053194e-05,0.0,0.0,9.7974,0.0,0.0,1.0,0.0,0.0,0.0,0.0231,0.0,0.0,0.0,0.0
36.4299,0.9982069272236157,0.05981261747788923,0.002318946399358445,-6.0998590065086684e-05,0.0,0.0,9.8403,0.0,0.0,1.0,0.0,0.0,0.0,-0.0308,0.0,0.0,0.0,0.0
36.4499,0.9982032834431546,0.05987339750975114,0.0023189379344486574,-6.099836740025566e-05,0.0,0.0,9.8492,0.0,0.0,1.0,0.0,0.0,0.0,0.0462,0.0,0.0,0.0,0.0
36.47,0.9982070684224719,0.05981262593853295,0.002257948128685725,0.0,0.0,0.0,9.8049,0.0,0.0,1.0,0.0,0.0,0.0,-0.0577,0.0,0.0,0.0,0.0
36.4901,0.9982069290806938,0.05981261758916546,0.002318946403672643,0.0,0.0,0.0,9.8833,0.0,0.0,1.0,0.0,0.0,0.0,0.0577,0.0,0.0,0.0,0.0
36.5101,0.9982072040501488,0.05981263406535127,0.0021969498284946203,0.0,0.0,0.0,9.7321,0.0,0.0,1.0,0.0,0.0,0.0,-0.0616,0.0,0.0,0.0,0.0
36.5302,0.9982070684224719,0.05981262593853295,0.002257948128685725,0.0,0.0,0.0,9.8071,0.0,0.0,1.0,0.0,0.0,0.0,0.0616,0.0,0.0,0.0,0.0
36.5503,0.9982070684224719,0.05981262593853295,0.002257948128685725,0.0,0.0,0.0,9.7274,0.0,0.0,1.0,0.0,0.0,0.0,-0.0616,0.0,0.0,0.0,0.0
36.5703,0.9982070684224719,0.05981262593853295,0.002257948128685725,0.0,0.0,0.0,9.8095,0.0,0.0,1.0,0.0,0.0,0.0,0.0577,0.0,0.0,0.0,0.0
36.5904,0.9982070684224719,0.05981262593853295,0.002257948128685725,0.0,0.0,0.0,9.805,0.0,0.0,1.0,0.0,0.0,0.0,-0.0423,0.0,0.0,0.0,0.0
36.6105,0.9982034246404645,0.059873405978930525,0.0022579398864371707,0.0,0.0,0.0,9.8147,0.0,0.0,1.0,0.0,0.0,0.0,0.0308,0.0,0.0,0.0,0.0
36.6305,0.9982072040501488,0.05981263406535127,0.0021969498284946203,0.0,0.0,0.0,9.7273,0.0,0.0,1.0,0.0,0.0,0.0,-0.0192,0.0,0.0,0.0,0.0
36.6506,0.9982034246404645,0.059873405978930525,0.0022579398864371707,0.0,0.0,0.0,9.8065,0.0,0.0,1.0,0.0,0.0,0.0,0.0038,0.0,0.0,0.0,0.0
36.6707,0.9982035602666562,0.05987341411394773,0.0021969418089076227,0.0,0.0,0.0,9.8104,0.0,0.0,1.0,0.0,0.0,0.0,0.0038,0.0,0.0,0.0,0.0
36.6907,0.9982035602666562,0.05987341411394773,0.0021969418089076227,0.0,0.0,0.0,9.8104,0.0,0.0,1.0,0.0,0.0,0.0,-0.0154,0.0,0.0,0.0,0.0
36.7108,0.9982035602666562,0.05987341411394773,0.0021969418089076227,0.0,0.0,0.0,9.8483,0.0,0.0,1.0,0.0,0.0,0.0,0.0308,0.0,0.0,0.0,0.0
36.7309,0.9982036903217231,0.05987342191480237,0.0021359437028813134,6.099839226392234e-05,0.0,0.0,9.8493,0.0,0.0,1.0,0.0,0.0,0.0,-0.0462,0.0,0.0,0.0,0.0
36.7509,0.998203558409597,0.05987341400255916,0.002196941804820423,6.099838420309256e-05,0.0,0.0,9.8061,0.0,0.0,1.0,0.0,0.0,0.0,0.05,0.0,0.0,0.0,0.0
36.771,0.998203558409597,0.05987341400255916,0.002196941804820423,6.099838420309256e-05,0.0,0.0,9.8483,0.0,0.0,1.0,0.0,0.0,0.0,-0.0539,0.0,0.0,0.0,0.0
36.7911,0.998203558409597,0.05987341400255916,0.002196941804820423,6.099838420309256e-05,0.0,0.0,9.8061,0.0,0.0,1.0,0.0,0.0,0.0,0.0616,0.0,0.0,0.0,0.0
36.8111,0.998203558409597,0.05987341400255916,0.002196941804820423,6.099838420309256e-05,0.0,0.0,9.8049,0.0,0.0,1.0,0.0,0.0,0.0,-0.0654,0.0,0.0,0.0,0.0
36.8312,0.998203558409597,0.05987341400255916,0.002196941804820423,6.099838420309256e-05,0.0,0.0,9.8096,0.0,0.0,1.0,0.0,0.0,0.0,0.0577,0.0,0.0,0.0,0.0
36.8513,0.9981998511269525,0.05993518976287644,0.0021969336454784223,6.0998157657754515e-05,0.0,0.0,9.7622,0.0,0.0,1.0,0.0,0.0,0.0,-0.0539,0.0,0.0,0.0,0.0
36.8714,0.9981997155022726,0.05993518161952627,0.002257931496352686,6.099814936999515e-05,0.0,0.0,9.8438,0.0,0.0,1.0,0.0,0.0,0.0,0.05,0.0,0.0,0.0,0.0
36.8915,0.998203558409597,0.05987341400255916,0.002196941804820423,6.099838420309256e-05,0.0,0.0,9.8095,0.0,0.0,1.0,0.0,0.0,0.0,-0.0346,0.0,0.0,0.0,0.0
36.9116,0.9981997155022726,0.05993518161952627,0.002257931496352686,6.099814936999515e-05,0.0,0.0,9.7721,0.0,0.0,1.0,0.0,0.0,0.0,0.0192,0.0,0.0,0.0,0.0
36.9317,0.9981997155022726,0.05993518161952627,0.002257931496352686,6.099814936999515e-05,0.0,0.0,9.8095,0.0,0.0,1.0,0.0,0.0,0.0,-0.0115,0.0,0.0,0.0,0.0
36.9518,0.9981997155022726,0.05993518161952627,0.002257931496352686,6.099814936999515e-05,0.0,0.0,9.7665,0.0,0.0,1.0,0.0,0.0,0.0,0.0,0.0,0.0,0.0,0.0
36.9719,0.9982034227834059,0.05987340586754198,0.0022579398822364927,6.099837591516666e-05,0.0,0.0,9.7622,0.0,0.0,1.0,0.0,0.0,0.0,0.0115,0.0,0.0,0.0,0.0
36.992,0.9981998511269525,0.05993518976287644,0.0021969336454784223,6.0998157657754515e-05,0.0,0.0,9.8493,0.0,0.0,1.0,0.0,0.0,0.0,-0.0269,0.0,0.0,0.0,0.0
37.0121,0.9981998511269525,0.05993518976287644,0.0021969336454784223,6.0998157657754515e-05,0.0,0.0,9.767,0.0,0.0,1.0,0.0,0.0,0.0,0.0385,0.0,0.0,0.0,0.0
37.0322,0.998203558409597,0.05987341400255916,0.002196941804820423,6.099838420309256e-05,0.0,0.0,9.8484,0.0,0.0,1.0,0.0,0.0,0.0,-0.0462,0.0,0.0,0.0,0.0
37.0522,0.998203558409597,0.05987341400255916,0.002196941804820423,6.099838420309256e-05,0.0,0.0,9.8095,0.0,0.0,1.0,0.0,0.0,0.0,0.0577,0.0,0.0,0.0,0.0
37.0723,0.9982036903217231,0.05987342191480237,0.0021359437028813134,6.099839226392234e-05,0.0,0.0,9.8484,0.0,0.0,1.0,0.0,0.0,0.0,-0.0616,0.0,0.0,0.0,0.0
37.0924,0.9981998511269525,0.05993518976287644,0.0021969336454784223,6.0998157657754515e-05,0.0,0.0,9.8049,0.0,0.0,1.0,0.0,0.0,0.0,0.0577,0.0,0.0,0.0,0.0
37.1125,0.9981998511269525,0.05993518976287644,0.0021969336454784223,6.0998157657754515e-05,0.0,0.0,9.8484,0.0,0.0,1.0,0.0,0.0,0.0,-0.0616,0.0,0.0,0.0,0.0
37.1325,0.998203558409597,0.05987341400255916,0.002196941804820423,6.099838420309256e-05,0.0,0.0,9.8484,0.0,0.0,1.0,0.0,0.0,0.0,0.0577,0.0,0.0,0.0,0.0
37.1526,0.998203558409597,0.05987341400255916,0.002196941804820423,6.099838420309256e-05,0.0,0.0,9.8437,0.0,0.0,1.0,0.0,0.0,0.0,-0.05,0.0,0.0,0.0,0.0
37.1727,0.998203558409597,0.05987341400255916,0.002196941804820423,6.099838420309256e-05,0.0,0.0,9.8105,0.0,0.0,1.0,0.0,0.0,0.0,0.0385,0.0,0.0,0.0,0.0
37.1927,0.998203558409597,0.05987341400255916,0.002196941804820423,6.099838420309256e-05,0.0,0.0,9.8105,0.0,0.0,1.0,0.0,0.0,0.0,-0.0269,0.0,0.0,0.0,0.0
37.2128,0.998203558409597,0.05987341400255916,0.002196941804820423,6.099838420309256e-05,0.0,0.0,9.8105,0.0,0.0,1.0,0.0,0.0,0.0,0.0154,0.0,0.0,0.0,0.0
37.2329,0.998203558409597,0.05987341400255916,0.002196941804820423,6.099838420309256e-05,0.0,0.0,9.8105,0.0,0.0,1.0,0.0,0.0,0.0,-0.0038,0.0,0.0,0.0,0.0
37.2529,0.998203558409597,0.05987341400255916,0.002196941804820423,6.099838420309256e-05,0.0,0.0,9.8105,0.0,0.0,1.0,0.0,0.0,0.0,-0.0115,0.0,0.0,0.0,0.0
37.273,0.998203558409597,0.05987341400255916,0.002196941804820423,6.099838420309256e-05,0.0,0.0,9.8105,0.0,0.0,1.0,0.0,0.0,0.0,0.0231,0.0,0.0,0.0,0.0
37.2931,0.998203558409597,0.05987341400255916,0.002196941804820423,6.099838420309256e-05,0.0,0.0,9.8105,0.0,0.0,1.0,0.0,0.0,0.0,-0.0308,0.0,0.0,0.0,0.0
37.3131,0.998203558409597,0.05987341400255916,0.002196941804820423,6.099838420309256e-05,0.0,0.0,9.8105,0.0,0.0,1.0,0.0,0.0,0.0,0.0462,0.0,0.0,0.0,0.0
37.3332,0.998203558409597,0.05987341400255916,0.002196941804820423,6.099838420309256e-05,0.0,0.0,9.8105,0.0,0.0,1.0,0.0,0.0,0.0,-0.0539,0.0,0.0,0.0,0.0
37.3532,0.998203558409597,0.05987341400255916,0.002196941804820423,6.099838420309256e-05,0.0,0.0,9.8105,0.0,0.0,1.0,0.0,0.0,0.0,0.0577,0.0,0.0,0.0,0.0
37.3733,0.998203558409597,0.05987341400255916,0.002196941804820423,6.099838420309256e-05,0.0,0.0,9.8105,0.0,0.0,1.0,0.0,0.0,0.0,-0.0616,0.0,0.0,0.0,0.0
37.3934,0.998203558409597,0.05987341400255916,0.002196941804820423,6.099838420309256e-05,0.0,0.0,9.8449,0.0,0.0,1.0,0.0,0.0,0.0,0.0616,0.0,0.0,0.0,0.0
37.4134,0.998203558409597,0.05987341400255916,0.002196941804820423,6.099838420309256e-05,0.0,0.0,9.7624,0.0,0.0,1.0,0.0,0.0,0.0,-0.0616,0.0,0.0,0.0,0.0
37.4335,0.998203558409597,0.05987341400255916,0.002196941804820423,6.099838420309256e-05,0.0,0.0,9.7712,0.0,0.0,1.0,0.0,0.0,0.0,0.05,0.0,0.0,0.0,0.0
37.4536,0.998203558409597,0.05987341400255916,0.002196941804820423,6.099838420309256e-05,0.0,0.0,9.7668,0.0,0.0,1.0,0.0,0.0,0.0,-0.0423,0.0,0.0,0.0,0.0
37.4736,0.998203558409597,0.05987341400255916,0.002196941804820423,6.099838420309256e-05,0.0,0.0,9.8484,0.0,0.0,1.0,0.0,0.0,0.0,0.0346,0.0,0.0,0.0,0.0
37.4937,0.9981909619724922,0.060060321433650934,0.0027470604402044657,-0.00012200268427559058,0.0,0.0,9.7622,0.0,0.0,1.0,0.0,0.0,0.0,-0.0192,0.0,0.0,0.0,0.0
37.5138,0.9981907928440938,0.06006031125733563,0.002808061306558536,-0.00012200266360407053,0.0,0.0,9.854,0.0,0.0,1.0,0.0,0.0,0.0,0.0038,0.0,0.0,0.0,0.0
37.5339,0.9981907928440938,0.06006031125733563,0.002808061306558536,-0.00012200266360407053,0.0,0.0,9.805,0.0,0.0,1.0,0.0,0.0,0.0,0.0038,0.0,0.0,0.0,0.0
37.554,0.9981907928440938,0.06006031125733563,0.002808061306558536,-0.00012200266360407053,0.0,0.0,9.8096,0.0,0.0,1.0,0.0,0.0,0.0,-0.0154,0.0,0.0,0.0,0.0
37.574,0.9981946172676894,0.059999539804208336,0.002747070499719343,-0.00012200313103954974,0.0,0.0,9.7622,0.0,0.0,1.0,0.0,0.0,0.0,0.0308,0.0,0.0,0.0,0.0
37.5941,0.9981909675441404,0.060060321768892366,0.0027470604555378496,-6.1001342478328446e-05,0.0,0.0,9.8484,0.0,0.0,1.0,0.0,0.0,0.0,-0.0462,0.0,0.0,0.0,0.0
37.6141,0.9981907928440938,0.06006031125733563,0.002808061306558536,-0.00012200266360407053,0.0,0.0,9.805,0.0,0.0,1.0,0.0,0.0,0.0,0.05,0.0,0.0,0.0,0.0
37.6342,0.9981907928440938,0.06006031125733563,0.002808061306558536,-0.00012200266360407053,0.0,0.0,9.8147,0.0,0.0,1.0,0.0,0.0,0.0,-0.0539,0.0,0.0,0.0,0.0
37.6543,0.9981907928440938,0.06006031125733563,0.002808061306558536,-0.00012200266360407053,0.0,0.0,9.7274,0.0,0.0,1.0,0.0,0.0,0.0,0.0616,0.0,0.0,0.0,0.0
37.6743,0.9981907984157391,0.060060311592576895,0.002808061322232408,-6.1001332142596176e-05,0.0,0.0,9.7712,0.0,0.0,1.0,0.0,0.0,0.0,-0.0654,0.0,0.0,0.0,0.0
37.6944,0.9981907984157391,0.060060311592576895,0.002808061322232408,-6.1001332142596176e-05,0.0,0.0,9.7319,0.0,0.0,1.0,0.0,0.0,0.0,0.0577,0.0,0.0,0.0,0.0
37.7145,0.9981909675441404,0.060060321768892366,0.0027470604555378496,-6.1001342478328446e-05,0.0,0.0,9.8061,0.0,0.0,1.0,0.0,0.0,0.0,-0.0539,0.0,0.0,0.0,0.0
37.7346,0.9981907984157391,0.060060311592576895,0.002808061322232408,-6.1001332142596176e-05,0.0,0.0,9.8437,0.0,0.0,1.0,0.0,0.0,0.0,0.05,0.0,0.0,0.0,0.0
37.7546,0.9981909675441404,0.060060321768892366,0.0027470604555378496,-6.1001342478328446e-05,0.0,0.0,9.8449,0.0,0.0,1.0,0.0,0.0,0.0,-0.0346,0.0,0.0,0.0,0.0
37.7747,0.9981906255729955,0.0600603011927725,0.0028690621575794585,-6.10013215798233e-05,0.0,0.0,9.8096,0.0,0.0,1.0,0.0,0.0,0.0,0.0192,0.0,0.0,0.0,0.0
37.7948,0.9981907984157391,0.060060311592576895,0.002808061322232408,-6.1001332142596176e-05,0.0,0.0,9.8449,0.0,0.0,1.0,0.0,0.0,0.0,-0.0115,0.0,0.0,0.0,0.0
37.8149,0.9981906255729955,0.0600603011927725,0.0028690621575794585,-6.10013215798233e-05,0.0,0.0,9.8438,0.0,0.0,1.0,0.0,0.0,0.0,0.0,0.0,0.0,0.0,0.0
37.835,0.9981944537091394,0.059999529973021555,0.002808071605124255,-6.10015555242982e-05,0.0,0.0,9.8096,0.0,0.0,1.0,0.0,0.0,0.0,0.0154,0.0,0.0,0.0,0.0
37.8551,0.9981907984157391,0.060060311592576895,0.002808061322232408,-6.1001332142596176e-05,0.0,0.0,9.8147,0.0,0.0,1.0,0.0,0.0,0.0,-0.0308,0.0,0.0,0.0,0.0
37.8752,0.9981907984157391,0.060060311592576895,0.002808061322232408,-6.1001332142596176e-05,0.0,0.0,9.8147,0.0,0.0,1.0,0.0,0.0,0.0,0.0385,0.0,0.0,0.0,0.0
37.8952,0.9981907984157391,0.060060311592576895,0.002808061322232408,-6.1001332142596176e-05,0.0,0.0,9.8483,0.0,0.0,1.0,0.0,0.0,0.0,-0.0462,0.0,0.0,0.0,0.0
37.9153,0.9981907984157391,0.060060311592576895,0.002808061322232408,-6.1001332142596176e-05,0.0,0.0,9.8096,0.0,0.0,1.0,0.0,0.0,0.0,0.0577,0.0,0.0,0.0,0.0
37.9354,0.9981908002729543,0.060060311704323986,0.0028080613274570412,0.0,0.0,0.0,9.8096,0.0,0.0,1.0,0.0,0.0,0.0,-0.0616,0.0,0.0,0.0,0.0
37.9555,0.9981908002729543,0.060060311704323986,0.0028080613274570412,0.0,0.0,0.0,9.8484,0.0,0.0,1.0,0.0,0.0,0.0,0.0577,0.0,0.0,0.0,0.0
37.9756,0.9981908002729543,0.060060311704323986,0.0028080613274570412,0.0,0.0,0.0,9.8483,0.0,0.0,1.0,0.0,0.0,0.0,-0.0616,0.0,0.0,0.0,0.0
37.9956,0.9981906274302097,0.060060301304519545,0.002869062162917574,0.0,0.0,0.0,9.8449,0.0,0.0,1.0,0.0,0.0,0.0,0.0577,0.0,0.0,0.0,0.0
38.0157,0.9981906274302097,0.060060301304519545,0.002869062162917574,0.0,0.0,0.0,9.7668,0.0,0.0,1.0,0.0,0.0,0.0,-0.05,0.0,0.0,0.0,0.0
38.0358,0.9981906274302097,0.060060301304519545,0.002869062162917574,0.0,0.0,0.0,9.8061,0.0,0.0,1.0,0.0,0.0,0.0,0.0385,0.0,0.0,0.0,0.0
38.0559,0.9981906274302097,0.060060301304519545,0.002869062162917574,0.0,0.0,0.0,9.8095,0.0,0.0,1.0,0.0,0.0,0.0,-0.0269,0.0,0.0,0.0,0.0
38.076,0.9981906274302097,0.060060301304519545,0.002869062162917574,0.0,0.0,0.0,9.8147,0.0,0.0,1.0,0.0,0.0,0.0,0.0154,0.0,0.0,0.0,0.0
38.0961,0.9981906255729955,0.0600603011927725,0.0028690621575794585,6.10013215798233e-05,0.0,0.0,9.7582,0.0,0.0,1.0,0.0,0.0,0.0,-0.0038,0.0,0.0,0.0,0.0
38.1162,0.9981942808644971,0.0599995195836658,0.002869072663847762,6.100154496158084e-05,0.0,0.0,9.8484,0.0,0.0,1.0,0.0,0.0,0.0,-0.0077,0.0,0.0,0.0,0.0
38.1362,0.9981906274302097,0.060060301304519545,0.002869062162917574,0.0,0.0,0.0,9.7622,0.0,0.0,1.0,0.0,0.0,0.0,0.0231,0.0,0.0,0.0,0.0
38.1563,0.9981906274302097,0.060060301304519545,0.002869062162917574,0.0,0.0,0.0,9.8061,0.0,0.0,1.0,0.0,0.0,0.0,-0.0385,0.0,0.0,0.0,0.0
38.1764,0.9981906255729955,0.0600603011927725,0.0028690621575794585,6.10013215798233e-05,0.0,0.0,9.7622,0.0,0.0,1.0,0.0,0.0,0.0,0.0423,0.0,0.0,0.0,0.0
38.1965,0.9981907984157391,0.060060311592576895,0.002808061322232408,6.1001332142596176e-05,0.0,0.0,9.8493,0.0,0.0,1.0,0.0,0.0,0.0,-0.05,0.0,0.0,0.0,0.0
38.2166,0.9981942827217316,0.059999519695300554,0.0028690726691859396,0.0,0.0,0.0,9.8438,0.0,0.0,1.0,0.0,0.0,0.0,0.0577,0.0,0.0,0.0,0.0
38.2367,0.9981942827217316,0.059999519695300554,0.0028690726691859396,0.0,0.0,0.0,9.8049,0.0,0.0,1.0,0.0,0.0,0.0,-0.0616,0.0,0.0,0.0,0.0
38.2568,0.9981942827217316,0.059999519695300554,0.0028690726691859396,0.0,0.0,0.0,9.8484,0.0,0.0,1.0,0.0,0.0,0.0,0.0616,0.0,0.0,0.0,0.0
38.2768,0.9981942808644971,0.0599995195836658,0.002869072663847762,6.100154496158084e-05,0.0,0.0,9.7757,0.0,0.0,1.0,0.0,0.0,0.0,-0.0577,0.0,0.0,0.0,0.0
38.2969,0.9981942808644971,0.0599995195836658,0.002869072663847762,6.100154496158084e-05,0.0,0.0,9.8049,0.0,0.0,1.0,0.0,0.0,0.0,0.05,0.0,0.0,0.0,0.0
38.317,0.9981944537091394,0.059999529973021555,0.002808071605124255,6.10015555242982e-05,0.0,0.0,9.7622,0.0,0.0,1.0,0.0,0.0,0.0,-0.0423,0.0,0.0,0.0,0.0
38.3371,0.9981944555663749,0.059999530084656374,0.002808071610348944,0.0,0.0,0.0,9.8096,0.0,0.0,1.0,0.0,0.0,0.0,0.0346,0.0,0.0,0.0,0.0
38.3572,0.9981942808644971,0.0599995195836658,0.002869072663847762,6.100154496158084e-05,0.0,0.0,9.7273,0.0,0.0,1.0,0.0,0.0,0.0,-0.0192,0.0,0.0,0.0,0.0
38.3772,0.9981942827217316,0.059999519695300554,0.0028690726691859396,0.0,0.0,0.0,9.8061,0.0,0.0,1.0,0.0,0.0,0.0,0.0077,0.0,0.0,0.0,0.0
38.3973,0.9981944537091394,0.059999529973021555,0.002808071605124255,6.10015555242982e-05,0.0,0.0,9.7668,0.0,0.0,1.0,0.0,0.0,0.0,0.0077,0.0,0.0,0.0,0.0
38.4174,0.9981944537091394,0.059999529973021555,0.002808071605124255,6.10015555242982e-05,0.0,0.0,9.8096,0.0,0.0,1.0,0.0,0.0,0.0,-0.0192,0.0,0.0,0.0,0.0
38.4375,0.9981944537091394,0.059999529973021555,0.002808071605124255,6.10015555242982e-05,0.0,0.0,9.805,0.0,0.0,1.0,0.0,0.0,0.0,0.0308,0.0,0.0,0.0,0.0
38.4576,0.9981944537091394,0.059999529973021555,0.002808071605124255,6.10015555242982e-05,0.0,0.0,9.8483,0.0,0.0,1.0,0.0,0.0,0.0,-0.0385,0.0,0.0,0.0,0.0
38.4777,0.9981946228393986,0.059999540139112954,0.002747070515052897,6.1001565860252516e-05,0.0,0.0,9.7622,0.0,0.0,1.0,0.0,0.0,0.0,0.05,0.0,0.0,0.0,0.0
38.4978,0.9981944555663749,0.059999530084656374,0.002808071610348944,0.0,0.0,0.0,9.7717,0.0,0.0,1.0,0.0,0.0,0.0,-0.0539,0.0,0.0,0.0,0.0
38.5179,0.9981942827217316,0.059999519695300554,0.0028690726691859396,0.0,0.0,0.0,9.7624,0.0,0.0,1.0,0.0,0.0,0.0,0.0616,0.0,0.0,0.0,0.0
38.5379,0.9981944555663749,0.059999530084656374,0.002808071610348944,0.0,0.0,0.0,9.8065,0.0,0.0,1.0,0.0,0.0,0.0,-0.0616,0.0,0.0,0.0,0.0
38.558,0.9981944555663749,0.059999530084656374,0.002808071610348944,0.0,0.0,0.0,9.8095,0.0,0.0,1.0,0.0,0.0,0.0,0.0616,0.0,0.0,0.0,0.0
38.5781,0.9981944555663749,0.059999530084656374,0.002808071610348944,0.0,0.0,0.0,9.8095,0.0,0.0,1.0,0.0,0.0,0.0,-0.05,0.0,0.0,0.0,0.0
38.5982,0.9981944555663749,0.059999530084656374,0.002808071610348944,0.0,0.0,0.0,9.8437,0.0,0.0,1.0,0.0,0.0,0.0,0.0423,0.0,0.0,0.0,0.0
38.6183,0.9981944555663749,0.059999530084656374,0.002808071610348944,0.0,0.0,0.0,9.8096,0.0,0.0,1.0,0.0,0.0,0.0,-0.0269,0.0,0.0,0.0,0.0
38.6384,0.9981942827217316,0.059999519695300554,0.0028690726691859396,0.0,0.0,0.0,9.8449,0.0,0.0,1.0,0.0,0.0,0.0,0.0115,0.0,0.0,0.0,0.0
38.6585,0.9981979343389,0.05993873741868426,0.002869083164893236,0.0,0.0,0.0,9.8484,0.0,0.0,1.0,0.0,0.0,0.0,-0.0038,0.0,0.0,0.0,0.0
38.6786,0.9981979343389,0.05993873741868426,0.002869083164893236,0.0,0.0,0.0,9.8449,0.0,0.0,1.0,0.0,0.0,0.0,-0.0115,0.0,0.0,0.0,0.0
38.6987,0.9981979343389,0.05993873741868426,0.002869083164893236,0.0,0.0,0.0,9.8096,0.0,0.0,1.0,0.0,0.0,0.0,0.0231,0.0,0.0,0.0,0.0
38.7188,0.9981979343389,0.05993873741868426,0.002869083164893236,0.0,0.0,0.0,9.8061,0.0,0.0,1.0,0.0,0.0,0.0,-0.0308,0.0,0.0,0.0,0.0
38.7388,0.9981981071854403,0.05993874779759112,0.002808081882904327,0.0,0.0,0.0,9.7622,0.0,0.0,1.0,0.0,0.0,0.0,0.0462,0.0,0.0,0.0,0.0
38.7589,0.9981981071854403,0.05993874779759112,0.002808081882904327,0.0,0.0,0.0,9.8061,0.0,0.0,1.0,0.0,0.0,0.0,-0.05,0.0,0.0,0.0,0.0
38.779,0.9981981071854403,0.05993874779759112,0.002808081882904327,0.0,0.0,0.0,9.7274,0.0,0.0,1.0,0.0,0.0,0.0,0.0616,0.0,0.0,0.0,0.0
38.7991,0.9981979343389,0.05993873741868426,0.002869083164893236,0.0,0.0,0.0,9.8096,0.0,0.0,1.0,0.0,0.0,0.0,-0.0616,0.0,0.0,0.0,0.0
38.8192,0.9981979343389,0.05993873741868426,0.002869083164893236,0.0,0.0,0.0,9.8096,0.0,0.0,1.0,0.0,0.0,0.0,0.0577,0.0,0.0,0.0,0.0
38.8393,0.9981979343389,0.05993873741868426,0.002869083164893236,0.0,0.0,0.0,9.8096,0.0,0.0,1.0,0.0,0.0,0.0,-0.0577,0.0,0.0,0.0,0.0
38.8594,0.9981979343389,0.05993873741868426,0.002869083164893236,0.0,0.0,0.0,9.8015,0.0,0.0,1.0,0.0,0.0,0.0,0.0539,0.0,0.0,0.0,0.0
38.8795,0.9982020340703133,0.05987332257091052,0.0028079213324278436,0.0,0.0,0.0,9.7668,0.0,0.0,1.0,0.0,0.0,0.0,-0.0423,0.0,0.0,0.0,0.0
38.8996,0.9982018612428574,0.05987331220451807,0.0028689191267601347,0.0,0.0,0.0,9.8407,0.0,0.0,1.0,0.0,0.0,0.0,0.0269,0.0,0.0,0.0,0.0
38.9197,0.9982020322132623,0.05987332245952244,0.002807921327204005,6.099829093986209e-05,0.0,0.0,9.8096,0.0,0.0,1.0,0.0,0.0,0.0,-0.0192,0.0,0.0,0.0,0.0
38.9398,0.9982018593858074,0.059873312093130064,0.0028689191214228073,6.099828037881006e-05,0.0,0.0,9.8061,0.0,0.0,1.0,0.0,0.0,0.0,0.0077,0.0,0.0,0.0,0.0
38.9599,0.9982020322132623,0.05987332245952244,0.002807921327204005,6.099829093986209e-05,0.0,0.0,9.8437,0.0,0.0,1.0,0.0,0.0,0.0,0.0038,0.0,0.0,0.0,0.0
38.9799,0.9982020322132623,0.05987332245952244,0.002807921327204005,6.099829093986209e-05,0.0,0.0,9.8437,0.0,0.0,1.0,0.0,0.0,0.0,-0.0154,0.0,0.0,0.0,0.0
39.0,0.9982020322132623,0.05987332245952244,0.002807921327204005,6.099829093986209e-05,0.0,0.0,9.8535,0.0,0.0,1.0,0.0,0.0,0.0,0.0308,0.0,0.0,0.0,0.0
39.0201,0.9982020322132623,0.05987332245952244,0.002807921327204005,6.099829093986209e-05,0.0,0.0,9.8484,0.0,0.0,1.0,0.0,0.0,0.0,-0.0423,0.0,0.0,0.0,0.0
39.0402,0.9982022013267036,0.05987333260314394,0.0027469235016423722,6.0998301274262104e-05,0.0,0.0,9.8049,0.0,0.0,1.0,0.0,0.0,0.0,0.0577,0.0,0.0,0.0,0.0
39.0603,0.9982022013267036,0.05987333260314394,0.0027469235016423722,6.0998301274262104e-05,0.0,0.0,9.8049,0.0,0.0,1.0,0.0,0.0,0.0,-0.0577,0.0,0.0,0.0,0.0
39.0804,0.9982020322132623,0.05987332245952244,0.002807921327204005,6.099829093986209e-05,0.0,0.0,9.8095,0.0,0.0,1.0,0.0,0.0,0.0,0.0616,0.0,0.0,0.0,0.0
39.1005,0.9982020322132623,0.05987332245952244,0.002807921327204005,6.099829093986209e-05,0.0,0.0,9.8403,0.0,0.0,1.0,0.0,0.0,0.0,-0.0616,0.0,0.0,0.0,0.0
39.1205,0.9982022013267036,0.05987333260314394,0.0027469235016423722,6.0998301274262104e-05,0.0,0.0,9.8095,0.0,0.0,1.0,0.0,0.0,0.0,0.0539,0.0,0.0,0.0,0.0
39.1406,0.9981981053281843,0.059938747686068564,0.0028080818776795784,6.100177868173516e-05,0.0,0.0,9.8484,0.0,0.0,1.0,0.0,0.0,0.0,-0.05,0.0,0.0,0.0,0.0
39.1607,0.9981983249476225,0.0599350981260688,0.002807910898743715,6.09980643958008e-05,0.0,0.0,9.7583,0.0,0.0,1.0,0.0,0.0,0.0,0.0423,0.0,0.0,0.0,0.0
39.1808,0.9981983249476225,0.0599350981260688,0.002807910898743715,6.09980643958008e-05,0.0,0.0,9.8449,0.0,0.0,1.0,0.0,0.0,0.0,-0.0308,0.0,0.0,0.0,0.0
39.2009,0.9981981053281843,0.059938747686068564,0.0028080818776795784,6.100177868173516e-05,0.0,0.0,9.8095,0.0,0.0,1.0,0.0,0.0,0.0,0.0154,0.0,0.0,0.0,0.0
39.2209,0.9981981053281843,0.059938747686068564,0.0028080818776795784,6.100177868173516e-05,0.0,0.0,9.7717,0.0,0.0,1.0,0.0,0.0,0.0,-0.0038,0.0,0.0,0.0,0.0
39.241,0.9981979324816451,0.05993873730716177,0.002869083159554992,6.100176811874025e-05,0.0,0.0,9.8061,0.0,0.0,1.0,0.0,0.0,0.0,-0.0115,0.0,0.0,0.0,0.0
39.2611,0.9981981053281843,0.059938747686068564,0.0028080818776795784,6.100177868173516e-05,0.0,0.0,9.8449,0.0,0.0,1.0,0.0,0.0,0.0,0.0308,0.0,0.0,0.0,0.0
39.2812,0.9981983249476225,0.0599350981260688,0.002807910898743715,6.09980643958008e-05,0.0,0.0,9.8049,0.0,0.0,1.0,0.0,0.0,0.0,-0.0385,0.0,0.0,0.0,0.0
39.3013,0.9981983249476225,0.0599350981260688,0.002807910898743715,6.09980643958008e-05,0.0,0.0,9.8049,0.0,0.0,1.0,0.0,0.0,0.0,0.05,0.0,0.0,0.0,0.0
39.3214,0.9981981053281843,0.059938747686068564,0.0028080818776795784,6.100177868173516e-05,0.0,0.0,9.8492,0.0,0.0,1.0,0.0,0.0,0.0,-0.0577,0.0,0.0,0.0,0.0
39.3415,0.9981983249476225,0.0599350981260688,0.002807910898743715,6.09980643958008e-05,0.0,0.0,9.8015,0.0,0.0,1.0,0.0,0.0,0.0,0.0577,0.0,0.0,0.0,0.0
39.3616,0.9981981521220933,0.05993508774905773,0.002868908466423861,6.0998053834693255e-05,0.0,0.0,9.888,0.0,0.0,1.0,0.0,0.0,0.0,-0.0577,0.0,0.0,0.0,0.0
39.3816,0.9981981539791225,0.059935087860559844,0.0028689084717611266,0.0,0.0,0.0,9.8484,0.0,0.0,1.0,0.0,0.0,0.0,0.0616,0.0,0.0,0.0,0.0
39.4018,0.9981983268046526,0.05993509823757096,0.0028079109039674983,0.0,0.0,0.0,9.7668,0.0,0.0,1.0,0.0,0.0,0.0,-0.0539,0.0,0.0,0.0,0.0
39.4219,0.9982020322132623,0.05987332245952244,0.002807921327204005,6.099829093986209e-05,0.0,0.0,9.8832,0.0,0.0,1.0,0.0,0.0,0.0,0.0462,0.0,0.0,0.0,0.0
39.442,0.9982020340703133,0.05987332257091052,0.0028079213324278436,0.0,0.0,0.0,9.9263,0.0,0.0,1.0,0.0,0.0,0.0,-0.0346,0.0,0.0,0.0,0.0
39.4621,0.9982016847013935,0.05987330161535512,0.002929916889068747,0.0,0.0,0.0,9.8025,0.0,0.0,1.0,0.0,0.0,0.0,0.0192,0.0,0.0,0.0,0.0
39.4821,0.9982018612428574,0.05987331220451807,0.0028689191267601347,0.0,0.0,0.0,9.8484,0.0,0.0,1.0,0.0,0.0,0.0,-0.0038,0.0,0.0,0.0,0.0
39.5023,0.9982018612428574,0.05987331220451807,0.0028689191267601347,0.0,0.0,0.0,9.7668,0.0,0.0,1.0,0.0,0.0,0.0,-0.0077,0.0,0.0,0.0,0.0
39.5223,0.9982056759800212,0.05981254250329983,0.002807931577043274,6.099851360386044e-05,0.0,0.0,9.8095,0.0,0.0,1.0,0.0,0.0,0.0,0.0231,0.0,0.0,0.0,0.0
39.5424,0.9982018612428574,0.05987331220451807,0.0028689191267601347,0.0,0.0,0.0,9.7712,0.0,0.0,1.0,0.0,0.0,0.0,-0.0308,0.0,0.0,0.0,0.0
39.5625,0.9982055050077439,0.059812532258630965,0.0028689295992579134,0.0,0.0,0.0,9.8095,0.0,0.0,1.0,0.0,0.0,0.0,0.0462,0.0,0.0,0.0,0.0
39.5826,0.9982018612428574,0.05987331220451807,0.0028689191267601347,0.0,0.0,0.0,9.8197,0.0,0.0,1.0,0.0,0.0,0.0,-0.05,0.0,0.0,0.0,0.0
39.6027,0.9982018612428574,0.05987331220451807,0.0028689191267601347,0.0,0.0,0.0,9.6941,0.0,0.0,1.0,0.0,0.0,0.0,-0.0616,0.0,0.0,0.0,0.0
39.6228,0.9982053284643466,0.05981252168014028,0.0029299275842246224,0.0,0.0,0.0,9.8535,0.0,0.0,1.0,0.0,0.0,0.0,0.0616,0.0,0.0,0.0,0.0
39.6429,0.9982089666959342,0.0597517409684964,0.002929938263144867,6.099871469339435e-05,0.0,0.0,9.6846,0.0,0.0,1.0,0.0,0.0,0.0,-0.0577,0.0,0.0,0.0,0.0
39.663,0.9982089666959342,0.0597517409684964,0.002929938263144867,6.099871469339435e-05,0.0,0.0,9.8919,0.0,0.0,1.0,0.0,0.0,0.0,0.0539,0.0,0.0,0.0,0.0
39.683,0.998212422848813,0.059690948924287335,0.0029909473335211385,6.099892589267464e-05,0.0,0.0,9.7668,0.0,0.0,1.0,0.0,0.0,0.0,-0.0423,0.0,0.0,0.0,0.0
39.7032,0.9982156857745461,0.05963014491492137,0.0031129553608048,0.0,0.0,0.0,9.8535,0.0,0.0,1.0,0.0,0.0,0.0,0.0308,0.0,0.0,0.0,0.0
39.7232,0.9982225536838171,0.05950855609145215,0.0032349758684543204,0.0,0.0,0.0,9.754,0.0,0.0,1.0,0.0,0.0,0.0,-0.0192,0.0,0.0,0.0,0.0
39.7433,0.9982255677246104,0.05944773604288854,0.0034179848236205283,0.0,0.0,0.0,9.7985,0.0,0.0,1.0,0.0,0.0,0.0,0.0077,0.0,0.0,0.0,0.0
39.7634,0.9982255677246104,0.05944773604288854,0.0034179848236205283,0.0,0.0,0.0,9.7985,0.0,0.0,1.0,0.0,0.0,0.0,0.0077,0.0,0.0,0.0,0.0
39.7835,0.9982291857482792,0.059386951558291226,0.0034179972119527807,0.0,0.0,0.0,9.8095,0.0,0.0,1.0,0.0,0.0,0.0,-0.0154,0.0,0.0,0.0,0.0
39.8036,0.9982289757626938,0.05938693906576551,0.0034789964303601592,0.0,0.0,0.0,9.8483,0.0,0.0,1.0,0.0,0.0,0.0,0.0308,0.0,0.0,0.0,0.0
39.8237,0.9982323745495826,0.05932614112231503,0.003540008420810363,-6.10001451043507e-05,0.0,0.0,9.7274,0.0,0.0,1.0,0.0,0.0,0.0,-0.0385,0.0,0.0,0.0,0.0
39.8438,0.998231936002342,0.05932611505892924,0.003662007102211502,-6.100011830550978e-05,0.0,0.0,9.7712,0.0,0.0,1.0,0.0,0.0,0.0,0.05,0.0,0.0,0.0,0.0
39.8639,0.9982355466663044,0.05926532930605025,0.003662020347907812,-6.1000338946570754e-05,0.0,0.0,9.7624,0.0,0.0,1.0,0.0,0.0,0.0,-0.0539,0.0,0.0,0.0,0.0
39.8846,0.9982387002407116,0.05920451600237529,0.0037840329800856096,-6.10005316557527e-05,0.0,0.0,9.8403,0.0,0.0,1.0,0.0,0.0,0.0,0.0616,0.0,0.0,0.0,0.0
39.9047,0.9982418297004577,0.05914370088453982,0.0039060462887410695,-0.00012200144578256024,0.0,0.0,9.7624,0.0,0.0,1.0,0.0,0.0,0.0,-0.0616,0.0,0.0,0.0,0.0
39.9248,0.998241589990546,0.05914368668223842,0.003967046059016963,-0.00012200141648605056,0.0,0.0,9.8096,0.0,0.0,1.0,0.0,0.0,0.0,0.0616,0.0,0.0,0.0,0.0
39.9449,0.9982413465662664,0.05914367225986866,0.004028045785008396,-0.00012200138673562622,0.0,0.0,9.7668,0.0,0.0,1.0,0.0,0.0,0.0,-0.0539,0.0,0.0,0.0,0.0
39.965,0.9982446990472911,0.05908286998899257,0.004089060210977807,-0.00012200179646348897,0.0,0.0,9.8065,0.0,0.0,1.0,0.0,0.0,0.0,0.0462,0.0,0.0,0.0,0.0
39.9851,0.9982482949912772,0.05902208170329501,0.0040890749408646725,-0.00012200223594649451,0.0,0.0,9.805,0.0,0.0,1.0,0.0,0.0,0.0,-0.0346,0.0,0.0,0.0,0.0
40.0052,0.998248044132862,0.059022066871127536,0.004150075015929584,-0.00012200220528763017,0.0,0.0,9.8015,0.0,0.0,1.0,0.0,0.0,0.0,0.0231,0.0,0.0,0.0,0.0
40.0253,0.9982513818227559,0.05896126290761616,0.004211090198507,-0.00012200261320766126,0.0,0.0,9.8049,0.0,0.0,1.0,0.0,0.0,0.0,-0.0115,0.0,0.0,0.0,0.0
40.0454,0.9982513818227559,0.05896126290761616,0.004211090198507,-0.00012200261320766126,0.0,0.0,9.8065,0.0,0.0,1.0,0.0,0.0,0.0,0.0,0.0,0.0,0.0,0.0
40.0655,0.998250861528226,0.05896123217665687,0.00433309055328112,-0.00012200254961930446,0.0,0.0,9.8403,0.0,0.0,1.0,0.0,0.0,0.0,0.0154,0.0,0.0,0.0,0.0
40.0855,0.9982547121167497,0.058900458099801094,0.00427210575735328,-0.00012200302022402633,0.0,0.0,9.7668,0.0,0.0,1.0,0.0,0.0,0.0,-0.0231,0.0,0.0,0.0,0.0
40.1057,0.9982541800006043,0.058900426703120116,0.0043951064595360405,-0.00012200295519082527,0.0,0.0,9.8437,0.0,0.0,1.0,0.0,0.0,0.0,0.0385,0.0,0.0,0.0,0.0
40.1258,0.9982574861160212,0.05883962009566378,0.0044561226953036825,-0.00018300503887808128,0.0,0.0,9.8875,0.0,0.0,1.0,0.0,0.0,0.0,-0.0462,0.0,0.0,0.0,0.0
40.1458,0.9982572129014733,0.05883960399176231,0.004517123138631337,-0.00018300498879114668,0.0,0.0,9.8015,0.0,0.0,1.0,0.0,0.0,0.0,0.0539,0.0,0.0,0.0,0.0
40.1659,0.9982572129014733,0.05883960399176231,0.004517123138631337,-0.00018300498879114668,0.0,0.0,9.8492,0.0,0.0,1.0,0.0,0.0,0.0,-0.0577,0.0,0.0,0.0,0.0
40.186,0.998260517189647,0.05877879688935004,0.004578139955415297,-0.00018300559454803578,0.0,0.0,9.8015,0.0,0.0,1.0,0.0,0.0,0.0,0.0616,0.0,0.0,0.0,0.0
40.2061,0.9982607292090914,0.058775217727819615,0.004577861183081113,-0.00018299445096192637,0.0,0.0,9.8095,0.0,0.0,1.0,0.0,0.0,0.0,-0.0577,0.0,0.0,0.0,0.0
40.2262,0.9982602365431075,0.05877878036453947,0.004639140516036866,-0.00018300554309863548,0.0,0.0,9.767,0.0,0.0,1.0,0.0,0.0,0.0,0.0577,0.0,0.0,0.0,0.0
40.2463,0.9982602365431075,0.05877878036453947,0.004639140516036866,-0.00018300554309863548,0.0,0.0,9.7622,0.0,0.0,1.0,0.0,0.0,0.0,-0.05,0.0,0.0,0.0,0.0
40.2664,0.9982596641065035,0.05877874665877399,0.0047611414812328496,-0.00018300543815702455,0.0,0.0,9.8453,0.0,0.0,1.0,0.0,0.0,0.0,0.0385,0.0,0.0,0.0,0.0
40.2865,0.998259372316458,0.0587787294778202,0.00482214188444544,-0.00018300538466470287,0.0,0.0,9.7239,0.0,0.0,1.0,0.0,0.0,0.0,-0.0269,0.0,0.0,0.0,0.0
40.3066,0.99825907681193,0.058778712078153154,0.004883142233826532,-0.0001830053304914814,0.0,0.0,9.8535,0.0,0.0,1.0,0.0,0.0,0.0,0.0154,0.0,0.0,0.0,0.0
40.3266,0.99825907681193,0.058778712078153154,0.004883142233826532,-0.0001830053304914814,0.0,0.0,9.7622,0.0,0.0,1.0,0.0,0.0,0.0,-0.0038,0.0,0.0,0.0,0.0
40.3467,0.99825907681193,0.058778712078153154,0.004883142233826532,-0.0001830053304914814,0.0,0.0,9.8833,0.0,0.0,1.0,0.0,0.0,0.0,-0.0077,0.0,0.0,0.0,0.0
40.3668,0.9982584746594662,0.0587786766226816,0.0050051427683706524,-0.00018300522010217257,0.0,0.0,9.8049,0.0,0.0,1.0,0.0,0.0,0.0,0.0231,0.0,0.0,0.0,0.0
40.3869,0.9982584746594662,0.0587786766226816,0.0050051427683706524,-0.00018300522010217257,0.0,0.0,9.7712,0.0,0.0,1.0,0.0,0.0,0.0,-0.0308,0.0,0.0,0.0,0.0
40.407,0.9982584746594662,0.0587786766226816,0.0050051427683706524,-0.00018300522010217257,0.0,0.0,9.7712,0.0,0.0,1.0,0.0,0.0,0.0,0.0462,0.0,0.0,0.0,0.0
40.4271,0.9982581680115503,0.058778658566878285,0.005066142952171861,-0.00018300516388614074,0.0,0.0,9.8484,0.0,0.0,1.0,0.0,0.0,0.0,-0.05,0.0,0.0,0.0,0.0
40.4472,0.9982578576491923,0.05877864029236407,0.005127143079417987,-0.00018300510698915362,0.0,0.0,9.7622,0.0,0.0,1.0,0.0,0.0,0.0,0.0577,0.0,0.0,0.0,0.0
40.4673,0.9982578576491923,0.05877864029236407,0.005127143079417987,-0.00018300510698915362,0.0,0.0,9.8875,0.0,0.0,1.0,0.0,0.0,0.0,-0.0616,0.0,0.0,0.0,0.0
40.4874,0.9982611210813923,0.058717830545480534,0.0051881617424544245,-0.00018300570525620063,0.0,0.0,9.8015,0.0,0.0,1.0,0.0,0.0,0.0,0.0616,0.0,0.0,0.0,0.0
40.5075,0.9982578576491923,0.05877864029236407,0.005127143079417987,-0.00018300510698915362,0.0,0.0,9.8492,0.0,0.0,1.0,0.0,0.0,0.0,-0.0577,0.0,0.0,0.0,0.0
40.5276,0.9982581680115503,0.058778658566878285,0.005066142952171861,-0.00018300516388614074,0.0,0.0,9.8833,0.0,0.0,1.0,0.0,0.0,0.0,0.0539,0.0,0.0,0.0,0.0
40.5477,0.9982619573973713,0.05871429181525633,0.005065852618299762,-0.00018299467610521927,0.0,0.0,9.8049,0.0,0.0,1.0,0.0,0.0,0.0,-0.0423,0.0,0.0,0.0,0.0
40.5678,0.9982652204709646,0.05865348531312455,0.0051268676020866134,-0.0001829952742699037,0.0,0.0,9.9093,0.0,0.0,1.0,0.0,0.0,0.0,0.0308,0.0,0.0,0.0,0.0
40.5879,0.9982652204709646,0.05865348531312455,0.0051268676020866134,-0.0001829952742699037,0.0,0.0,9.7717,0.0,0.0,1.0,0.0,0.0,0.0,-0.0192,0.0,0.0,0.0,0.0
40.608,0.9982613330274227,0.05871425509199036,0.005187845824259946,-0.00018299456164988517,0.0,0.0,9.8201,0.0,0.0,1.0,0.0,0.0,0.0,0.0077,0.0,0.0,0.0,0.0
40.6281,0.9982652204709646,0.05865348531312455,0.0051268676020866134,-0.0001829952742699037,0.0,0.0,9.7319,0.0,0.0,1.0,0.0,0.0,0.0,0.0038,0.0,0.0,0.0,0.0
40.6482,0.9982652204709646,0.05865348531312455,0.0051268676020866134,-0.0001829952742699037,0.0,0.0,9.801,0.0,0.0,1.0,0.0,0.0,0.0,-0.0154,0.0,0.0,0.0,0.0
40.6683,0.9982687901965037,0.058592696410940226,0.005126885935401081,-0.00018299592864801095,0.0,0.0,9.8398,0.0,0.0,1.0,0.0,0.0,0.0,0.0308,0.0,0.0,0.0,0.0
40.6884,0.9982684761477777,0.058592677978067394,0.005187882946209752,-0.0001829958710786728,0.0,0.0,9.7624,0.0,0.0,1.0,0.0,0.0,0.0,-0.0385,0.0,0.0,0.0,0.0
40.7085,0.9982652204709646,0.05865348531312455,0.0051268676020866134,-0.0001829952742699037,0.0,0.0,9.7668,0.0,0.0,1.0,0.0,0.0,0.0,0.05,0.0,0.0,0.0,0.0
40.7286,0.9982616340693113,0.058714272798225844,0.005126849183127325,-0.00024399282244647047,0.0,0.0,9.8589,0.0,0.0,1.0,0.0,0.0,0.0,-0.0539,0.0,0.0,0.0,0.0
40.7487,0.9982610152714285,0.058714236402689385,0.0052488423407200295,-0.00018299450340097947,0.0,0.0,9.8147,0.0,0.0,1.0,0.0,0.0,0.0,0.0616,0.0,0.0,0.0,0.0
40.7687,0.9982652204709646,0.05865348531312455,0.0051268676020866134,-0.0001829952742699037,0.0,0.0,9.8437,0.0,0.0,1.0,0.0,0.0,0.0,-0.0616,0.0,0.0,0.0,0.0
40.7888,0.9982648934253845,0.05865346609742643,0.0051878643272261285,-0.00024399361909083206,0.0,0.0,9.805,0.0,0.0,1.0,0.0,0.0,0.0,0.0577,0.0,0.0,0.0,0.0
40.8089,0.9982648934253845,0.05865346609742643,0.0051878643272261285,-0.00024399361909083206,0.0,0.0,9.8493,0.0,0.0,1.0,0.0,0.0,0.0,-0.0539,0.0,0.0,0.0,0.0
40.829,0.9982648934253845,0.05865346609742643,0.0051878643272261285,-0.00024399361909083206,0.0,0.0,9.8049,0.0,0.0,1.0,0.0,0.0,0.0,0.0462,0.0,0.0,0.0,0.0
40.8491,0.9982652074707291,0.05865348454929034,0.0051268675353203,-0.00024399369584904298,0.0,0.0,9.8449,0.0,0.0,1.0,0.0,0.0,0.0,-0.0346,0.0,0.0,0.0,0.0
40.8692,0.9982648934253845,0.05865346609742643,0.0051878643272261285,-0.00024399361909083206,0.0,0.0,9.8407,0.0,0.0,1.0,0.0,0.0,0.0,0.0231,0.0,0.0,0.0,0.0
40.8894,0.9982652074707291,0.05865348454929034,0.0051268675353203,-0.00024399369584904298,0.0,0.0,9.767,0.0,0.0,1.0,0.0,0.0,0.0,-0.0115,0.0,0.0,0.0,0.0
40.9096,0.9982652074707291,0.05865348454929034,0.0051268675353203,-0.00024399369584904298,0.0,0.0,9.767,0.0,0.0,1.0,0.0,0.0,0.0,0.0,0.0,0.0,0.0,0.0
40.9297,0.9982648934253845,0.05865346609742643,0.0051878643272261285,-0.00024399361909083206,0.0,0.0,9.8493,0.0,0.0,1.0,0.0,0.0,0.0,0.0154,0.0,0.0,0.0,0.0
40.9511,0.9982655178020139,0.058653502782933145,0.005065870686187704,-0.00024399377169959102,0.0,0.0,9.8483,0.0,0.0,1.0,0.0,0.0,0.0,-0.0231,0.0,0.0,0.0,0.0
40.9713,0.9982652074707291,0.05865348454929034,0.0051268675353203,-0.00024399369584904298,0.0,0.0,9.8015,0.0,0.0,1.0,0.0,0.0,0.0,0.0385,0.0,0.0,0.0,0.0
40.9914,0.9982648934253845,0.05865346609742643,0.0051878643272261285,-0.00024399361909083206,0.0,0.0,9.8484,0.0,0.0,1.0,0.0,0.0,0.0,-0.05,0.0,0.0,0.0,0.0
41.0115,0.9982648934253845,0.05865346609742643,0.0051878643272261285,-0.00024399361909083206,0.0,0.0,9.8061,0.0,0.0,1.0,0.0,0.0,0.0,0.0616,0.0,0.0,0.0,0.0
41.0316,0.9982652074707291,0.05865348454929034,0.0051268675353203,-0.00024399369584904298,0.0,0.0,9.8049,0.0,0.0,1.0,0.0,0.0,0.0,-0.0654,0.0,0.0,0.0,0.0
41.0517,0.9982648934253845,0.05865346609742643,0.0051878643272261285,-0.00024399361909083206,0.0,0.0,9.8105,0.0,0.0,1.0,0.0,0.0,0.0,0.0577,0.0,0.0,0.0,0.0
41.0718,0.9982648767108127,0.05865346511535485,0.00518786424036248,-0.00030499201875677784,0.0,0.0,9.7668,0.0,0.0,1.0,0.0,0.0,0.0,-0.0577,0.0,0.0,0.0,0.0
41.0919,0.9982648767108127,0.05865346511535485,0.00518786424036248,-0.00030499201875677784,0.0,0.0,9.8019,0.0,0.0,1.0,0.0,0.0,0.0,0.05,0.0,0.0,0.0,0.0
41.112,0.9982648767108127,0.05865346511535485,0.00518786424036248,-0.00030499201875677784,0.0,0.0,9.767,0.0,0.0,1.0,0.0,0.0,0.0,-0.0423,0.0,0.0,0.0,0.0
41.1359,0.9982648767108127,0.05865346511535485,0.00518786424036248,-0.00030499201875677784,0.0,0.0,9.7624,0.0,0.0,1.0,0.0,0.0,0.0,0.0269,0.0,0.0,0.0,0.0
41.1561,0.9982651907561415,0.05865348356721785,0.005126867449477896,-0.0003049921147046941,0.0,0.0,9.8437,0.0,0.0,1.0,0.0,0.0,0.0,-0.0115,0.0,0.0,0.0,0.0
41.1761,0.9982648767108127,0.05865346511535485,0.00518786424036248,-0.00030499201875677784,0.0,0.0,9.805,0.0,0.0,1.0,0.0,0.0,0.0,0.0,0.0,0.0,0.0,0.0
41.1962,0.9982651907561415,0.05865348356721785,0.005126867449477896,-0.0003049921147046941,0.0,0.0,9.8493,0.0,0.0,1.0,0.0,0.0,0.0,0.0154,0.0,0.0,0.0,0.0
41.2163,0.9982613033129468,0.05871425334428837,0.005187845669837328,-0.0003049909270046447,0.0,0.0,9.8096,0.0,0.0,1.0,0.0,0.0,0.0,-0.0308,0.0,0.0,0.0,0.0
41.2363,0.9982613033129468,0.05871425334428837,0.005187845669837328,-0.0003049909270046447,0.0,0.0,9.8061,0.0,0.0,1.0,0.0,0.0,0.0,0.0462,0.0,0.0,0.0,0.0
41.2564,0.9982648767108127,0.05865346511535485,0.00518786424036248,-0.00030499201875677784,0.0,0.0,9.8747,0.0,0.0,1.0,0.0,0.0,0.0,-0.0577,0.0,0.0,0.0,0.0
41.2765,0.9982655010874106,0.058653501800859736,0.005065870601366568,-0.0003049922095176849,0.0,0.0,9.8049,0.0,0.0,1.0,0.0,0.0,0.0,0.0577,0.0,0.0,0.0,0.0
41.2965,0.9982655010874106,0.058653501800859736,0.005065870601366568,-0.0003049922095176849,0.0,0.0,9.8438,0.0,0.0,1.0,0.0,0.0,0.0,-0.0616,0.0,0.0,0.0,0.0
41.3166,0.9982655010874106,0.058653501800859736,0.005065870601366568,-0.0003049922095176849,0.0,0.0,9.7234,0.0,0.0,1.0,0.0,0.0,0.0,0.0616,0.0,0.0,0.0,0.0
41.3367,0.9982619276828397,0.05871429006755105,0.005065852467508243,-0.00030499111776344234,0.0,0.0,9.7726,0.0,0.0,1.0,0.0,0.0,0.0,-0.0616,0.0,0.0,0.0,0.0
41.3567,0.9982619276828397,0.05871429006755105,0.005065852467508243,-0.00030499111776344234,0.0,0.0,9.7321,0.0,0.0,1.0,0.0,0.0,0.0,0.0462,0.0,0.0,0.0,0.0
41.3768,0.9982625371966114,0.05871432591702842,0.00494385903899771,-0.00030499130398348173,0.0,0.0,9.8483,0.0,0.0,1.0,0.0,0.0,0.0,-0.0346,0.0,0.0,0.0,0.0
41.3969,0.9982661106077279,0.058653537613477705,0.004943876736186755,-0.00030499239573961173,0.0,0.0,9.7537,0.0,0.0,1.0,0.0,0.0,0.0,0.0231,0.0,0.0,0.0,0.0
41.4169,0.9982625371966114,0.05871432591702842,0.00494385903899771,-0.00030499130398348173,0.0,0.0,9.8201,0.0,0.0,1.0,0.0,0.0,0.0,-0.0115,0.0,0.0,0.0,0.0
41.437,0.9982584449416139,0.0587786748728582,0.0050051426193690705,-0.0003050086910903471,0.0,0.0,9.7721,0.0,0.0,1.0,0.0,0.0,0.0,0.0,0.0,0.0,0.0,0.0
41.4571,0.9982584449416139,0.0587786748728582,0.0050051426193690705,-0.0003050086910903471,0.0,0.0,9.7721,0.0,0.0,1.0,0.0,0.0,0.0,0.0154,0.0,0.0,0.0,0.0
41.4771,0.998262251011185,0.05871430908459831,0.00500485586498425,-0.00024399297323801639,0.0,0.0,9.8875,0.0,0.0,1.0,0.0,0.0,0.0,-0.0308,0.0,0.0,0.0,0.0
41.4972,0.9982628363824262,0.05871434351409611,0.004882862241626334,-0.00030499139539130743,0.0,0.0,9.7624,0.0,0.0,1.0,0.0,0.0,0.0,0.0462,0.0,0.0,0.0,0.0
41.5173,0.9982592592921846,0.058775131182607826,0.00488284474479259,-0.0003049903025111878,0.0,0.0,9.8096,0.0,0.0,1.0,0.0,0.0,0.0,-0.0577,0.0,0.0,0.0,0.0
41.5373,0.998259047094024,0.05877871032832659,0.004883142088456697,-0.00030500887507256547,0.0,0.0,9.8832,0.0,0.0,1.0,0.0,0.0,0.0,0.0577,0.0,0.0,0.0,0.0
41.5574,0.9982593425985256,0.058778727727992086,0.004822141740891479,-0.0003050089653612309,0.0,0.0,9.8449,0.0,0.0,1.0,0.0,0.0,0.0,-0.0654,0.0,0.0,0.0,0.0
41.5775,0.99825874787505,0.05877869270994843,0.004944142381509523,-0.000305008783648919,0.0,0.0,9.8413,0.0,0.0,1.0,0.0,0.0,0.0,0.0654,0.0,0.0,0.0,0.0
41.5975,0.998259047094024,0.05877871032832659,0.004883142088456697,-0.00030500887507256547,0.0,0.0,9.8155,0.0,0.0,1.0,0.0,0.0,0.0,-0.0577,0.0,0.0,0.0,0.0
41.6176,0.9982557613939549,0.05883951843653018,0.004822124441703476,-0.0003050078711571702,0.0,0.0,9.8104,0.0,0.0,1.0,0.0,0.0,0.0,0.0423,0.0,0.0,0.0,0.0
41.6377,0.9982596343885449,0.058778744908944344,0.004761141339494776,-0.00030500905451497085,0.0,0.0,9.805,0.0,0.0,1.0,0.0,0.0,0.0,-0.0346,0.0,0.0,0.0,0.0
41.6577,0.9982596343885449,0.058778744908944344,0.004761141339494776,-0.00030500905451497085,0.0,0.0,9.805,0.0,0.0,1.0,0.0,0.0,0.0,0.0192,0.0,0.0,0.0,0.0
41.6778,0.9982560531808339,0.05883953563512808,0.004761124259132631,-0.0003050079603098555,0.0,0.0,9.8095,0.0,0.0,1.0,0.0,0.0,0.0,-0.0038,0.0,0.0,0.0,0.0
41.6979,0.9982560531808339,0.05883953563512808,0.004761124259132631,-0.0003050079603098555,0.0,0.0,9.8019,0.0,0.0,1.0,0.0,0.0,0.0,-0.0115,0.0,0.0,0.0,0.0
41.7179,0.9982557409630978,0.0588395172322879,0.004822124343011193,-0.00036600943789760754,0.0,0.0,9.7717,0.0,0.0,1.0,0.0,0.0,0.0,0.0231,0.0,0.0,0.0,0.0
41.7382,0.9982560531808339,0.05883953563512808,0.004761124259132631,-0.0003050079603098555,0.0,0.0,9.8147,0.0,0.0,1.0,0.0,0.0,0.0,-0.0385,0.0,0.0,0.0,0.0
41.7583,0.9982563412532608,0.058839552614787544,0.004700124023411769,-0.00030500804832783723,0.0,0.0,9.7582,0.0,0.0,1.0,0.0,0.0,0.0,0.0539,0.0,0.0,0.0,0.0
41.7784,0.9982602068250979,0.05877877861470682,0.004639140377930572,-0.0003050092294177298,0.0,0.0,9.8438,0.0,0.0,1.0,0.0,0.0,0.0,-0.0616,0.0,0.0,0.0,0.0
41.7984,0.9982599224640722,0.058778761871182764,0.004700140884947506,-0.0003050091425338408,0.0,0.0,9.8015,0.0,0.0,1.0,0.0,0.0,0.0,0.0577,0.0,0.0,0.0,0.0
41.8185,0.9982563412532608,0.058839552614787544,0.004700124023411769,-0.00030500804832783723,0.0,0.0,9.8152,0.0,0.0,1.0,0.0,0.0,0.0,-0.0654,0.0,0.0,0.0,0.0
41.8386,0.9982566256112261,0.058839569375507966,0.004639123735221833,-0.000305008135210727,0.0,0.0,9.7319,0.0,0.0,1.0,0.0,0.0,0.0,0.0616,0.0,0.0,0.0,0.0
41.8586,0.9982569062547202,0.058839585917288835,0.004578123395243696,-0.0003050082209588579,0.0,0.0,9.8095,0.0,0.0,1.0,0.0,0.0,0.0,-0.05,0.0,0.0,0.0,0.0
41.8787,0.9982569062547202,0.058839585917288835,0.004578123395243696,-0.0003050082209588579,0.0,0.0,9.7622,0.0,0.0,1.0,0.0,0.0,0.0,0.0385,0.0,0.0,0.0,0.0
41.8988,0.9982571831837336,0.05883960224012955,0.004517123004158294,-0.0003050083055718967,0.0,0.0,9.8492,0.0,0.0,1.0,0.0,0.0,0.0,-0.0269,0.0,0.0,0.0,0.0
41.9188,0.9982566256112261,0.058839569375507966,0.004639123735221833,-0.000305008135210727,0.0,0.0,9.8453,0.0,0.0,1.0,0.0,0.0,0.0,0.0115,0.0,0.0,0.0,0.0
41.9389,0.9982566256112261,0.058839569375507966,0.004639123735221833,-0.000305008135210727,0.0,0.0,9.8453,0.0,0.0,1.0,0.0,0.0,0.0,0.0038,0.0,0.0,0.0,0.0
41.959,0.9982569062547202,0.058839585917288835,0.004578123395243696,-0.0003050082209588579,0.0,0.0,9.8484,0.0,0.0,1.0,0.0,0.0,0.0,-0.0192,0.0,0.0,0.0,0.0
41.9791,0.9982571831837336,0.05883960224012955,0.004517123004158294,-0.0003050083055718967,0.0,0.0,9.7668,0.0,0.0,1.0,0.0,0.0,0.0,0.0308,0.0,0.0,0.0,0.0
41.9991,0.998253871499306,0.058900408500483496,0.00445610656001214,-0.00030500729371718554,0.0,0.0,9.8438,0.0,0.0,1.0,0.0,0.0,0.0,-0.0462,0.0,0.0,0.0,0.0
42.0192,0.9982541409964271,0.058900424401739634,0.0043951062878087276,-0.00030500737605959616,0.0,0.0,9.7668,0.0,0.0,1.0,0.0,0.0,0.0,0.0577,0.0,0.0,0.0,0.0
42.0393,0.998253871499306,0.058900408500483496,0.00445610656001214,-0.00030500729371718554,0.0,0.0,9.7665,0.0,0.0,1.0,0.0,0.0,0.0,-0.0654,0.0,0.0,0.0,0.0
42.0594,0.998253871499306,0.058900408500483496,0.00445610656001214,-0.00030500729371718554,0.0,0.0,9.7624,0.0,0.0,1.0,0.0,0.0,0.0,0.0654,0.0,0.0,0.0,0.0
42.0795,0.998250282924336,0.05896119800168183,0.00445609054096836,-0.0003050061972609819,0.0,0.0,9.7676,0.0,0.0,1.0,0.0,0.0,0.0,-0.0616,0.0,0.0,0.0,0.0
42.0995,0.998250282924336,0.05896119800168183,0.00445609054096836,-0.0003050061972609819,0.0,0.0,9.8095,0.0,0.0,1.0,0.0,0.0,0.0,0.05,0.0,0.0,0.0,0.0
42.1196,0.9982505524185508,0.05896121391923479,0.004395090488043378,-0.00030500627960261545,0.0,0.0,9.8105,0.0,0.0,1.0,0.0,0.0,0.0,-0.0423,0.0,0.0,0.0,0.0
42.1397,0.9982505524185508,0.05896121391923479,0.004395090488043378,-0.00030500627960261545,0.0,0.0,9.8437,0.0,0.0,1.0,0.0,0.0,0.0,0.0269,0.0,0.0,0.0,0.0
42.1597,0.9982505524185508,0.05896121391923479,0.004395090488043378,-0.00030500627960261545,0.0,0.0,9.8493,0.0,0.0,1.0,0.0,0.0,0.0,-0.0115,0.0,0.0,0.0,0.0
42.1798,0.9982469601647721,0.05902200278080705,0.004395074672093789,-0.000305005182022422,0.0,0.0,9.8484,0.0,0.0,1.0,0.0,0.0,0.0,-0.0038,0.0,0.0,0.0,0.0
42.1999,0.9982469397344554,0.05902200157285124,0.004395074582143332,-0.00036600621093618724,0.0,0.0,9.888,0.0,0.0,1.0,0.0,0.0,0.0,0.0154,0.0,0.0,0.0,0.0
42.2199,0.9982469397344554,0.05902200157285124,0.004395074582143332,-0.00036600621093618724,0.0,0.0,9.8362,0.0,0.0,1.0,0.0,0.0,0.0,-0.0308,0.0,0.0,0.0,0.0
42.24,0.9982438759039319,0.059082821269803666,0.00427205938296946,-0.00036600508758588557,0.0,0.0,9.8105,0.0,0.0,1.0,0.0,0.0,0.0,0.0462,0.0,0.0,0.0,0.0
42.2601,0.9982438759039319,0.059082821269803666,0.00427205938296946,-0.00036600508758588557,0.0,0.0,9.8095,0.0,0.0,1.0,0.0,0.0,0.0,-0.0577,0.0,0.0,0.0,0.0
42.2801,0.9982438759039319,0.059082821269803666,0.00427205938296946,-0.00036600508758588557,0.0,0.0,9.767,0.0,0.0,1.0,0.0,0.0,0.0,0.0577,0.0,0.0,0.0,0.0
42.3002,0.9982438759039319,0.059082821269803666,0.00427205938296946,-0.00036600508758588557,0.0,0.0,9.8065,0.0,0.0,1.0,0.0,0.0,0.0,-0.0654,0.0,0.0,0.0,0.0
42.3203,0.998244134188348,0.05908283655682157,0.0042110596246026895,-0.00036600518228557816,0.0,0.0,9.7622,0.0,0.0,1.0,0.0,0.0,0.0,0.0654,0.0,0.0,0.0,0.0
42.3403,0.99824438875839,0.05908285162399768,0.004150059819227361,-0.00036600527562347107,0.0,0.0,9.8875,0.0,0.0,1.0,0.0,0.0,0.0,-0.0577,0.0,0.0,0.0,0.0
42.3604,0.998244134188348,0.05908283655682157,0.0042110596246026895,-0.00036600518228557816,0.0,0.0,9.7622,0.0,0.0,1.0,0.0,0.0,0.0,0.0423,0.0,0.0,0.0,0.0
42.3805,0.99824438875839,0.05908285162399768,0.004150059819227361,-0.00036600527562347107,0.0,0.0,9.8968,0.0,0.0,1.0,0.0,0.0,0.0,-0.0346,0.0,0.0,0.0,0.0
42.4005,0.99824438875839,0.05908285162399768,0.004150059819227361,-0.00036600527562347107,0.0,0.0,9.8049,0.0,0.0,1.0,0.0,0.0,0.0,0.0192,0.0,0.0,0.0,0.0
42.4206,0.9982446396140496,0.059082866471331534,0.004089059967524376,-0.00036600536759934243,0.0,0.0,9.8484,0.0,0.0,1.0,0.0,0.0,0.0,-0.0038,0.0,0.0,0.0,0.0
42.4407,0.9982410399950288,0.05914365409617621,0.004089045222583652,-0.0003660040478028481,0.0,0.0,9.805,0.0,0.0,1.0,0.0,0.0,0.0,-0.0115,0.0,0.0,0.0,0.0
42.4607,0.9982410399950288,0.05914365409617621,0.004089045222583652,-0.0003660040478028481,0.0,0.0,9.8483,0.0,0.0,1.0,0.0,0.0,0.0,0.0308,0.0,0.0,0.0,0.0
42.4808,0.9982446396140496,0.059082866471331534,0.004089059967524376,-0.00036600536759934243,0.0,0.0,9.8829,0.0,0.0,1.0,0.0,0.0,0.0,-0.0462,0.0,0.0,0.0,0.0
42.5009,0.9982412871336238,0.05914366873861126,0.004028045545189229,-0.00036600413841586526,0.0,0.0,9.8096,0.0,0.0,1.0,0.0,0.0,0.0,0.05,0.0,0.0,0.0,0.0
42.5209,0.9982412871336238,0.05914366873861126,0.004028045545189229,-0.00036600413841586526,0.0,0.0,9.8096,0.0,0.0,1.0,0.0,0.0,0.0,-0.0616,0.0,0.0,0.0,0.0
42.541,0.9982410399950288,0.05914365409617621,0.004089045222583652,-0.0003660040478028481,0.0,0.0,9.8105,0.0,0.0,1.0,0.0,0.0,0.0,0.0654,0.0,0.0,0.0,0.0
42.5611,0.9982412871336238,0.05914366873861126,0.004028045545189229,-0.00036600413841586526,0.0,0.0,9.8104,0.0,0.0,1.0,0.0,0.0,0.0,-0.0616,0.0,0.0,0.0,0.0
42.5811,0.9982410604249833,0.05914365530660749,0.004089045306269863,-0.00030500337941119504,0.0,0.0,9.8049,0.0,0.0,1.0,0.0,0.0,0.0,0.0577,0.0,0.0,0.0,0.0
42.6012,0.9982413075635935,0.05914366994904341,0.004028045627627062,-0.0003050034549221259,0.0,0.0,9.8095,0.0,0.0,1.0,0.0,0.0,0.0,-0.0423,0.0,0.0,0.0,0.0
42.6213,0.9982410604249833,0.05914365530660749,0.004089045306269863,-0.00030500337941119504,0.0,0.0,9.8096,0.0,0.0,1.0,0.0,0.0,0.0,0.0269,0.0,0.0,0.0,0.0
42.6413,0.9982410604249833,0.05914365530660749,0.004089045306269863,-0.00030500337941119504,0.0,0.0,9.7622,0.0,0.0,1.0,0.0,0.0,0.0,-0.0192,0.0,0.0,0.0,0.0
42.6614,0.9982374571301842,0.05920444227476176,0.004089030546272229,-0.00030500227845747796,0.0,0.0,9.8061,0.0,0.0,1.0,0.0,0.0,0.0,0.0038,0.0,0.0,0.0,0.0
42.6815,0.9982408095720221,0.05914364044410418,0.004150044939266406,-0.00030500330276544974,0.0,0.0,9.7624,0.0,0.0,1.0,0.0,0.0,0.0,0.0154,0.0,0.0,0.0,0.0
42.7016,0.9982374571301842,0.05920444227476176,0.004089030546272229,-0.00030500227845747796,0.0,0.0,9.767,0.0,0.0,1.0,0.0,0.0,0.0,-0.0308,0.0,0.0,0.0,0.0
42.7217,0.9982374571301842,0.05920444227476176,0.004089030546272229,-0.00030500227845747796,0.0,0.0,9.8095,0.0,0.0,1.0,0.0,0.0,0.0,0.0462,0.0,0.0,0.0,0.0
42.7417,0.9982374571301842,0.05920444227476176,0.004089030546272229,-0.00030500227845747796,0.0,0.0,9.888,0.0,0.0,1.0,0.0,0.0,0.0,-0.0577,0.0,0.0,0.0,0.0
42.7618,0.9982372062799394,0.05920442739709038,0.004150029959089342,-0.00030500220181267634,0.0,0.0,9.8438,0.0,0.0,1.0,0.0,0.0,0.0,0.0654,0.0,0.0,0.0,0.0
42.7819,0.9982374571301842,0.05920444227476176,0.004089030546272229,-0.00030500227845747796,0.0,0.0,9.8493,0.0,0.0,1.0,0.0,0.0,0.0,-0.0654,0.0,0.0,0.0,0.0
42.802,0.9982338501599478,0.05926522858432356,0.004089015771219101,-0.0003050011763810479,0.0,0.0,9.8096,0.0,0.0,1.0,0.0,0.0,0.0,0.0577,0.0,0.0,0.0,0.0
42.822,0.9982338501599478,0.05926522858432356,0.004089015771219101,-0.0003050011763810479,0.0,0.0,9.805,0.0,0.0,1.0,0.0,0.0,0.0,-0.0539,0.0,0.0,0.0,0.0
42.8421,0.9982338501599478,0.05926522858432356,0.004089015771219101,-0.0003050011763810479,0.0,0.0,9.8015,0.0,0.0,1.0,0.0,0.0,0.0,0.0423,0.0,0.0,0.0,0.0
42.8622,0.9982335993124223,0.05926521369148464,0.004150014963632189,-0.0003050010997368569,0.0,0.0,9.7668,0.0,0.0,1.0,0.0,0.0,0.0,-0.0269,0.0,0.0,0.0,0.0
42.8823,0.9982335993124223,0.05926521369148464,0.004150014963632189,-0.0003050010997368569,0.0,0.0,9.767,0.0,0.0,1.0,0.0,0.0,0.0,0.0115,0.0,0.0,0.0,0.0
42.9023,0.9982338501599478,0.05926522858432356,0.004089015771219101,-0.0003050011763810479,0.0,0.0,9.8096,0.0,0.0,1.0,0.0,0.0,0.0,0.0077,0.0,0.0,0.0,0.0
42.9224,0.9982340972932029,0.059265243256645936,0.004028016533160723,-0.00030500125189025784,0.0,0.0,9.7273,0.0,0.0,1.0,0.0,0.0,0.0,-0.0231,0.0,0.0,0.0,0.0
42.9425,0.9982340972932029,0.059265243256645936,0.004028016533160723,-0.00030500125189025784,0.0,0.0,9.7273,0.0,0.0,1.0,0.0,0.0,0.0,0.0385,0.0,0.0,0.0,0.0
42.9625,0.9982338501599478,0.05926522858432356,0.004089015771219101,-0.0003050011763810479,0.0,0.0,9.8025,0.0,0.0,1.0,0.0,0.0,0.0,-0.05,0.0,0.0,0.0,0.0
42.9826,0.9982338501599478,0.05926522858432356,0.004089015771219101,-0.0003050011763810479,0.0,0.0,9.8105,0.0,0.0,1.0,0.0,0.0,0.0,0.0616,0.0,0.0,0.0,0.0
43.0027,0.9982304866449676,0.059326028921891094,0.004028001963681652,-0.00030500014868989345,0.0,0.0,9.8535,0.0,0.0,1.0,0.0,0.0,0.0,-0.0654,0.0,0.0,0.0,0.0
43.0227,0.9982340972932029,0.059265243256645936,0.004028016533160723,-0.00030500125189025784,0.0,0.0,9.7582,0.0,0.0,1.0,0.0,0.0,0.0,0.0654,0.0,0.0,0.0,0.0
43.0428,0.9982343407121792,0.05926525770845126,0.003967017250137969,-0.0003050013262647089,0.0,0.0,9.8483,0.0,0.0,1.0,0.0,0.0,0.0,-0.0539,0.0,0.0,0.0,0.0
43.0629,0.9982343407121792,0.05926525770845126,0.003967017250137969,-0.0003050013262647089,0.0,0.0,9.8049,0.0,0.0,1.0,0.0,0.0,0.0,0.0423,0.0,0.0,0.0,0.0
43.0829,0.9982343407121792,0.05926525770845126,0.003967017250137969,-0.0003050013262647089,0.0,0.0,9.8096,0.0,0.0,1.0,0.0,0.0,0.0,-0.0269,0.0,0.0,0.0,0.0
43.103,0.9982340972932029,0.059265243256645936,0.004028016533160723,-0.00030500125189025784,0.0,0.0,9.8829,0.0,0.0,1.0,0.0,0.0,0.0,0.0115,0.0,0.0,0.0,0.0
43.1231,0.9982343407121792,0.05926525770845126,0.003967017250137969,-0.0003050013262647089,0.0,0.0,9.8061,0.0,0.0,1.0,0.0,0.0,0.0,0.0038,0.0,0.0,0.0,0.0
43.1431,0.9982340972932029,0.059265243256645936,0.004028016533160723,-0.00030500125189025784,0.0,0.0,9.8833,0.0,0.0,1.0,0.0,0.0,0.0,-0.0192,0.0,0.0,0.0,0.0
43.1632,0.9982345804168686,0.059265271939739066,0.003906017922831712,-0.0003050013995042345,0.0,0.0,9.7668,0.0,0.0,1.0,0.0,0.0,0.0,0.0385,0.0,0.0,0.0,0.0
43.1833,0.9982345971319613,0.05926527293211553,0.0039060179882366257,-0.0002440011236891082,0.0,0.0,9.8015,0.0,0.0,1.0,0.0,0.0,0.0,-0.05,0.0,0.0,0.0,0.0
43.2033,0.9982345971319613,0.05926527293211553,0.0039060179882366257,-0.0002440011236891082,0.0,0.0,9.7273,0.0,0.0,1.0,0.0,0.0,0.0,0.0539,0.0,0.0,0.0,0.0
43.2234,0.9982348331223677,0.059265286942886033,0.0038450186163063796,-0.00024400118137285487,0.0,0.0,9.8061,0.0,0.0,1.0,0.0,0.0,0.0,0.0654,0.0,0.0,0.0,0.0
43.2435,0.9982384401032595,0.05920450057388916,0.0038450325097392772,-0.00024400206303676344,0.0,0.0,9.7622,0.0,0.0,1.0,0.0,0.0,0.0,-0.0616,0.0,0.0,0.0,0.0
43.2635,0.9982348331223677,0.059265286942886033,0.0038450186163063796,-0.00024400118137285487,0.0,0.0,9.8535,0.0,0.0,1.0,0.0,0.0,0.0,0.05,0.0,0.0,0.0,0.0
43.2836,0.9982345971319613,0.05926527293211553,0.0039060179882366257,-0.0002440011236891082,0.0,0.0,9.7624,0.0,0.0,1.0,0.0,0.0,0.0,-0.0346,0.0,0.0,0.0,0.0
43.3037,0.9982348331223677,0.059265286942886033,0.0038450186163063796,-0.00024400118137285487,0.0,0.0,9.8484,0.0,0.0,1.0,0.0,0.0,0.0,0.0192,0.0,0.0,0.0,0.0
43.3238,0.9982350783991175,0.05926530150498753,0.0037840192507360704,-0.00018300093099493653,0.0,0.0,9.7668,0.0,0.0,1.0,0.0,0.0,0.0,-0.0038,0.0,0.0,0.0,0.0
43.3439,0.998235065398471,0.05926530073313804,0.003784019201454398,-0.00024400123814882768,0.0,0.0,9.8061,0.0,0.0,1.0,0.0,0.0,0.0,-0.0154,0.0,0.0,0.0,0.0
43.364,0.9982386723818807,0.05920451435009653,0.0037840328744808767,-0.00024400211981318035,0.0,0.0,9.805,0.0,0.0,1.0,0.0,0.0,0.0,0.0308,0.0,0.0,0.0,0.0
43.384,0.998235065398471,0.05926530073313804,0.003784019201454398,-0.00024400123814882768,0.0,0.0,9.8493,0.0,0.0,1.0,0.0,0.0,0.0,-0.0462,0.0,0.0,0.0,0.0
43.4041,0.998235065398471,0.05926530073313804,0.003784019201454398,-0.00024400123814882768,0.0,0.0,9.8438,0.0,0.0,1.0,0.0,0.0,0.0,0.0577,0.0,0.0,0.0,0.0
43.4242,0.9982355318084017,0.05926532842393528,0.0036620202934017007,-0.0001830010141158911,0.0,0.0,9.8449,0.0,0.0,1.0,0.0,0.0,0.0,-0.0616,0.0,0.0,0.0,0.0
43.4442,0.9982352939602634,0.05926531430287109,0.0037230197443615942,-0.00024400129401674908,0.0,0.0,9.7665,0.0,0.0,1.0,0.0,0.0,0.0,0.0654,0.0,0.0,0.0,0.0
43.4643,0.9982355188077375,0.05926532765208476,0.0036620202457088515,-0.00024400134897673012,0.0,0.0,9.8096,0.0,0.0,1.0,0.0,0.0,0.0,-0.0577,0.0,0.0,0.0,0.0
43.4844,0.9982355188077375,0.05926532765208476,0.0036620202457088515,-0.00024400134897673012,0.0,0.0,9.8015,0.0,0.0,1.0,0.0,0.0,0.0,0.05,0.0,0.0,0.0,0.0
43.5044,0.9982357529415584,0.059265341552629615,0.0036010207530754977,-0.0001830010546550742,0.0,0.0,9.8437,0.0,0.0,1.0,0.0,0.0,0.0,-0.0346,0.0,0.0,0.0,0.0
43.5245,0.9982355318084017,0.05926532842393528,0.0036620202934017007,-0.0001830010141158911,0.0,0.0,9.8061,0.0,0.0,1.0,0.0,0.0,0.0,0.0192,0.0,0.0,0.0,0.0
43.5446,0.9982355188077375,0.05926532765208476,0.0036620202457088515,-0.00024400134897673012,0.0,0.0,9.7274,0.0,0.0,1.0,0.0,0.0,0.0,-0.0038,0.0,0.0,0.0,0.0
43.5646,0.9982357529415584,0.059265341552629615,0.0036010207530754977,-0.0001830010546550742,0.0,0.0,9.8449,0.0,0.0,1.0,0.0,0.0,0.0,-0.0154,0.0,0.0,0.0,0.0
43.5847,0.9982355188077375,0.05926532765208476,0.0036620202457088515,-0.00024400134897673012,0.0,0.0,9.7668,0.0,0.0,1.0,0.0,0.0,0.0,0.0308,0.0,0.0,0.0,0.0
43.6048,0.9982357529415584,0.059265341552629615,0.0036010207530754977,-0.0001830010546550742,0.0,0.0,9.8492,0.0,0.0,1.0,0.0,0.0,0.0,-0.0462,0.0,0.0,0.0,0.0
43.6248,0.9982355318084017,0.05926532842393528,0.0036620202934017007,-0.0001830010141158911,0.0,0.0,9.8438,0.0,0.0,1.0,0.0,0.0,0.0,0.0577,0.0,0.0,0.0,0.0
43.6449,0.9982357529415584,0.059265341552629615,0.0036010207530754977,-0.0001830010546550742,0.0,0.0,9.8484,0.0,0.0,1.0,0.0,0.0,0.0,-0.0616,0.0,0.0,0.0,0.0
43.665,0.9982319211446005,0.059326114175915934,0.0036620070477059834,-0.0001830003521929302,0.0,0.0,9.8483,0.0,0.0,1.0,0.0,0.0,0.0,0.0654,0.0,0.0,0.0,0.0
43.685,0.9982321422753576,0.05932612731798069,0.003601007728012154,-0.00018300039273155821,0.0,0.0,9.8483,0.0,0.0,1.0,0.0,0.0,0.0,-0.0616,0.0,0.0,0.0,0.0
43.7051,0.9982321422753576,0.05932612731798069,0.003601007728012154,-0.00018300039273155821,0.0,0.0,9.805,0.0,0.0,1.0,0.0,0.0,0.0,0.05,0.0,0.0,0.0,0.0
43.7252,0.9982321422753576,0.05932612731798069,0.003601007728012154,-0.00018300039273155821,0.0,0.0,9.805,0.0,0.0,1.0,0.0,0.0,0.0,-0.0346,0.0,0.0,0.0,0.0
43.7452,0.9982323596918216,0.05932614023930058,0.0035400083681206324,-0.00018300043258934198,0.0,0.0,9.8483,0.0,0.0,1.0,0.0,0.0,0.0,0.0192,0.0,0.0,0.0,0.0
43.7653,0.9982321292748257,0.05932612654534357,0.0036010076811142343,-0.00024400052046424925,0.0,0.0,9.8484,0.0,0.0,1.0,0.0,0.0,0.0,-0.0038,0.0,0.0,0.0,0.0
43.7854,0.9982323596918216,0.05932614023930058,0.0035400083681206324,-0.00018300043258934198,0.0,0.0,9.767,0.0,0.0,1.0,0.0,0.0,0.0,-0.0154,0.0,0.0,0.0,0.0
43.8054,0.9982323596918216,0.05932614023930058,0.0035400083681206324,-0.00018300043258934198,0.0,0.0,9.8829,0.0,0.0,1.0,0.0,0.0,0.0,0.0308,0.0,0.0,0.0,0.0
43.8255,0.998232573393985,0.059326152939875136,0.0034790089687123,-0.0001830004717661149,0.0,0.0,9.7622,0.0,0.0,1.0,0.0,0.0,0.0,-0.0462,0.0,0.0,0.0,0.0
43.8456,0.998232573393985,0.059326152939875136,0.0034790089687123,-0.0001830004717661149,0.0,0.0,9.7665,0.0,0.0,1.0,0.0,0.0,0.0,0.0577,0.0,0.0,0.0,0.0
43.8656,0.9982361840648639,0.059265367148456934,0.00347902155250961,-0.00018300113369051907,0.0,0.0,9.767,0.0,0.0,1.0,0.0,0.0,0.0,-0.0616,0.0,0.0,0.0,0.0
43.8857,0.9982361840648639,0.059265367148456934,0.00347902155250961,-0.00018300113369051907,0.0,0.0,9.8061,0.0,0.0,1.0,0.0,0.0,0.0,0.0654,0.0,0.0,0.0,0.0
43.9058,0.9982361840648639,0.059265367148456934,0.00347902155250961,-0.00018300113369051907,0.0,0.0,9.8096,0.0,0.0,1.0,0.0,0.0,0.0,-0.0616,0.0,0.0,0.0,0.0
43.9258,0.9982327833818406,0.05932616541970395,0.003418009530468072,-0.00018300051026209907,0.0,0.0,9.8096,0.0,0.0,1.0,0.0,0.0,0.0,0.05,0.0,0.0,0.0,0.0
43.9459,0.9982327833818406,0.05932616541970395,0.003418009530468072,-0.00018300051026209907,0.0,0.0,9.8437,0.0,0.0,1.0,0.0,0.0,0.0,-0.0346,0.0,0.0,0.0,0.0
43.966,0.9982329766548167,0.05932617690614755,0.0033570100103485494,-0.00024400072759162009,0.0,0.0,9.8484,0.0,0.0,1.0,0.0,0.0,0.0,0.0192,0.0,0.0,0.0,0.0
43.986,0.9982327833818406,0.05932616541970395,0.003418009530468072,-0.00018300051026209907,0.0,0.0,9.8403,0.0,0.0,1.0,0.0,0.0,0.0,-0.0038,0.0,0.0,0.0,0.0
44.0061,0.9982329896553817,0.05932617767878662,0.003357010054068823,-0.00018300054807701693,0.0,0.0,9.8484,0.0,0.0,1.0,0.0,0.0,0.0,-0.0154,0.0,0.0,0.0,0.0
44.0262,0.9982329766548167,0.05932617690614755,0.0033570100103485494,-0.00024400072759162009,0.0,0.0,9.8061,0.0,0.0,1.0,0.0,0.0,0.0,0.0308,0.0,0.0,0.0,0.0
44.0462,0.9982329766548167,0.05932617690614755,0.0033570100103485494,-0.00024400072759162009,0.0,0.0,9.8483,0.0,0.0,1.0,0.0,0.0,0.0,-0.0462,0.0,0.0,0.0,0.0
44.0663,0.9982329896553817,0.05932617767878662,0.003357010054068823,-0.00018300054807701693,0.0,0.0,9.8403,0.0,0.0,1.0,0.0,0.0,0.0,0.0577,0.0,0.0,0.0,0.0
44.0864,0.9982329896553817,0.05932617767878662,0.003357010054068823,-0.00018300054807701693,0.0,0.0,9.7622,0.0,0.0,1.0,0.0,0.0,0.0,-0.0616,0.0,0.0,0.0,0.0
44.1064,0.9982329896553817,0.05932617767878662,0.003357010054068823,-0.00018300054807701693,0.0,0.0,9.8096,0.0,0.0,1.0,0.0,0.0,0.0,0.0654,0.0,0.0,0.0,0.0
44.1265,0.9982293753047586,0.05938696283544243,0.0033569978991796375,-0.00018299988547804125,0.0,0.0,9.7273,0.0,0.0,1.0,0.0,0.0,0.0,-0.0577,0.0,0.0,0.0,0.0
44.1466,0.9982293753047586,0.05938696283544243,0.0033569978991796375,-0.00018299988547804125,0.0,0.0,9.8535,0.0,0.0,1.0,0.0,0.0,0.0,0.05,0.0,0.0,0.0,0.0
44.1666,0.9982291690334583,0.05938695056388808,0.0034179971547202252,-0.00018299984766345645,0.0,0.0,9.805,0.0,0.0,1.0,0.0,0.0,0.0,-0.0346,0.0,0.0,0.0,0.0
44.1867,0.9982293753047586,0.05938696283544243,0.0033569978991796375,-0.00018299988547804125,0.0,0.0,9.8483,0.0,0.0,1.0,0.0,0.0,0.0,0.0192,0.0,0.0,0.0,0.0
44.2068,0.9982293753047586,0.05938696283544243,0.0033569978991796375,-0.00018299988547804125,0.0,0.0,9.8437,0.0,0.0,1.0,0.0,0.0,0.0,-0.0038,0.0,0.0,0.0,0.0
44.2268,0.9982295778617778,0.059386974886025665,0.0032959986061653415,-0.00018299992261167075,0.0,0.0,9.8095,0.0,0.0,1.0,0.0,0.0,0.0,-0.0154,0.0,0.0,0.0,0.0
44.2469,0.9982293753047586,0.05938696283544243,0.0033569978991796375,-0.00018299988547804125,0.0,0.0,9.8449,0.0,0.0,1.0,0.0,0.0,0.0,0.0308,0.0,0.0,0.0,0.0
44.267,0.9982329896553817,0.05932617767878662,0.003357010054068823,-0.00018300054807701693,0.0,0.0,9.8484,0.0,0.0,1.0,0.0,0.0,0.0,-0.0462,0.0,0.0,0.0,0.0
44.2871,0.9982293753047586,0.05938696283544243,0.0033569978991796375,-0.00018299988547804125,0.0,0.0,9.8483,0.0,0.0,1.0,0.0,0.0,0.0,0.0577,0.0,0.0,0.0,0.0
44.3071,0.9982293753047586,0.05938696283544243,0.0033569978991796375,-0.00018299988547804125,0.0,0.0,9.7668,0.0,0.0,1.0,0.0,0.0,0.0,-0.0616,0.0,0.0,0.0,0.0
44.3272,0.9982293753047586,0.05938696283544243,0.0033569978991796375,-0.00018299988547804125,0.0,0.0,9.8484,0.0,0.0,1.0,0.0,0.0,0.0,0.0654,0.0,0.0,0.0,0.0
44.3472,0.9982293753047586,0.05938696283544243,0.0033569978991796375,-0.00018299988547804125,0.0,0.0,9.7668,0.0,0.0,1.0,0.0,0.0,0.0,-0.0577,0.0,0.0,0.0,0.0
44.3673,0.9982293753047586,0.05938696283544243,0.0033569978991796375,-0.00018299988547804125,0.0,0.0,9.8015,0.0,0.0,1.0,0.0,0.0,0.0,0.05,0.0,0.0,0.0,0.0
44.3874,0.9982293753047586,0.05938696283544243,0.0033569978991796375,-0.00018299988547804125,0.0,0.0,9.7622,0.0,0.0,1.0,0.0,0.0,0.0,-0.0346,0.0,0.0,0.0,0.0
44.4074,0.9982293753047586,0.05938696283544243,0.0033569978991796375,-0.00018299988547804125,0.0,0.0,9.8015,0.0,0.0,1.0,0.0,0.0,0.0,0.0192,0.0,0.0,0.0,0.0
44.4275,0.9982293753047586,0.05938696283544243,0.0033569978991796375,-0.00018299988547804125,0.0,0.0,9.7624,0.0,0.0,1.0,0.0,0.0,0.0,-0.0038,0.0,0.0,0.0,0.0
44.4476,0.9982293753047586,0.05938696283544243,0.0033569978991796375,-0.00018299988547804125,0.0,0.0,9.8061,0.0,0.0,1.0,0.0,0.0,0.0,-0.0154,0.0,0.0,0.0,0.0
44.4677,0.9982295648613462,0.05938697411260006,0.003295998563239942,-0.00024399989363799168,0.0,0.0,9.7622,0.0,0.0,1.0,0.0,0.0,0.0,0.0308,0.0,0.0,0.0,0.0
44.4877,0.9982295648613462,0.05938697411260006,0.003295998563239942,-0.00024399989363799168,0.0,0.0,9.7712,0.0,0.0,1.0,0.0,0.0,0.0,-0.0462,0.0,0.0,0.0,0.0
44.5078,0.9982293623043349,0.059386962062017316,0.0033569978554598254,-0.00024399984412637468,0.0,0.0,9.8015,0.0,0.0,1.0,0.0,0.0,0.0,0.0539,0.0,0.0,0.0,0.0
44.5279,0.9982257572790288,0.059447747331500475,0.0033569857319312273,-0.00018299922220538223,0.0,0.0,9.8061,0.0,0.0,1.0,0.0,0.0,0.0,-0.0616,0.0,0.0,0.0,0.0
44.548,0.9982259598338454,0.05944775939433041,0.0032959866600005623,-0.0001829992593386787,0.0,0.0,9.8049,0.0,0.0,1.0,0.0,0.0,0.0,0.0616,0.0,0.0,0.0,0.0
44.568,0.9982295778617778,0.059386974886025665,0.0032959986061653415,-0.00018299992261167075,0.0,0.0,9.8833,0.0,0.0,1.0,0.0,0.0,0.0,-0.0654,0.0,0.0,0.0,0.0
44.5881,0.9982293753047586,0.05938696283544243,0.0033569978991796375,-0.00018299988547804125,0.0,0.0,9.8438,0.0,0.0,1.0,0.0,0.0,0.0,0.0577,0.0,0.0,0.0,0.0
44.6082,0.9982295778617778,0.059386974886025665,0.0032959986061653415,-0.00018299992261167075,0.0,0.0,9.8147,0.0,0.0,1.0,0.0,0.0,0.0,-0.0423,0.0,0.0,0.0,0.0
44.6282,0.9982293753047586,0.05938696283544243,0.0033569978991796375,-0.00018299988547804125,0.0,0.0,9.8061,0.0,0.0,1.0,0.0,0.0,0.0,0.0269,0.0,0.0,0.0,0.0
44.6483,0.9982295778617778,0.059386974886025665,0.0032959986061653415,-0.00018299992261167075,0.0,0.0,9.8095,0.0,0.0,1.0,0.0,0.0,0.0,-0.0115,0.0,0.0,0.0,0.0
44.6684,0.9982293753047586,0.05938696283544243,0.0033569978991796375,-0.00018299988547804125,0.0,0.0,9.8061,0.0,0.0,1.0,0.0,0.0,0.0,-0.0038,0.0,0.0,0.0,0.0
44.6885,0.9982295778617778,0.059386974886025665,0.0032959986061653415,-0.00018299992261167075,0.0,0.0,9.7622,0.0,0.0,1.0,0.0,0.0,0.0,0.0231,0.0,0.0,0.0,0.0
44.7086,0.9982257572790288,0.059447747331500475,0.0033569857319312273,-0.00018299922220538223,0.0,0.0,9.8096,0.0,0.0,1.0,0.0,0.0,0.0,-0.0385,0.0,0.0,0.0,0.0
44.7286,0.9982293753047586,0.05938696283544243,0.0033569978991796375,-0.00018299988547804125,0.0,0.0,9.7622,0.0,0.0,1.0,0.0,0.0,0.0,0.0539,0.0,0.0,0.0,0.0
44.7487,0.9982293623043349,0.059386962062017316,0.0033569978554598254,-0.00024399984412637468,0.0,0.0,9.8061,0.0,0.0,1.0,0.0,0.0,0.0,-0.0616,0.0,0.0,0.0,0.0
44.7688,0.9982293623043349,0.059386962062017316,0.0033569978554598254,-0.00024399984412637468,0.0,0.0,9.8095,0.0,0.0,1.0,0.0,0.0,0.0,0.0654,0.0,0.0,0.0,0.0
44.7889,0.9982293623043349,0.059386962062017316,0.0033569978554598254,-0.00024399984412637468,0.0,0.0,9.8493,0.0,0.0,1.0,0.0,0.0,0.0,-0.0654,0.0,0.0,0.0,0.0
44.8089,0.9982291560330425,0.059386949790463425,0.003417997110206017,-0.00024399979370692826,0.0,0.0,9.8438,0.0,0.0,1.0,0.0,0.0,0.0,0.0577,0.0,0.0,0.0,0.0
44.829,0.9982293623043349,0.059386962062017316,0.0033569978554598254,-0.00024399984412637468,0.0,0.0,9.8095,0.0,0.0,1.0,0.0,0.0,0.0,-0.05,0.0,0.0,0.0,0.0
44.8491,0.9982291560330425,0.059386949790463425,0.003417997110206017,-0.00024399979370692826,0.0,0.0,9.8437,0.0,0.0,1.0,0.0,0.0,0.0,0.0346,0.0,0.0,0.0,0.0
44.8692,0.9982293623043349,0.059386962062017316,0.0033569978554598254,-0.00024399984412637468,0.0,0.0,9.8049,0.0,0.0,1.0,0.0,0.0,0.0,-0.0192,0.0,0.0,0.0,0.0
44.8892,0.9982291560330425,0.059386949790463425,0.003417997110206017,-0.00024399979370692826,0.0,0.0,9.7665,0.0,0.0,1.0,0.0,0.0,0.0,0.0038,0.0,0.0,0.0,0.0
44.9093,0.9982291560330425,0.059386949790463425,0.003417997110206017,-0.00024399979370692826,0.0,0.0,9.7668,0.0,0.0,1.0,0.0,0.0,0.0,0.0077,0.0,0.0,0.0,0.0
44.9294,0.998229139318223,0.05938694879606034,0.0034179970529734536,-0.00030499973702657884,0.0,0.0,9.8015,3.14,0.0,1.0,0.0,0.0,0.0,-0.0231,0.0,0.0,0.0,0.0
44.9494,0.998229139318223,0.05938694879606034,0.0034179970529734536,-0.00030499973702657884,0.0676,0.0,9.7273,3.14,0.0,1.0,0.0,0.0,0.0,0.0385,0.0,0.0,0.0,0.0
44.9695,0.9982218995969115,0.05950851709837674,0.0034179722637290542,-0.00030499752499629773,0.8655,0.0,9.836,3.14,0.0,1.0,0.0,0.0,0.0,-0.05,0.0,0.0,0.0,0.0
44.9896,0.9982216896159242,0.05950850458046146,0.0034789710369091398,-0.00030499746083856305,1.4199,0.0,9.8922,3.14,0.0,1.0,0.0,0.0,0.0,0.0616,0.0,0.0,0.0,0.0
45.0096,0.998243381379502,0.05914379281821613,0.003479046636365661,-0.0002440032708458939,1.2306,0.0,9.5885,3.14,0.0,1.0,0.0,0.0,0.0,-0.0577,0.0,0.0,0.0,0.0
45.0297,0.9982144351997378,0.05963007020966669,0.003478945754044564,-0.000304995244318318,1.8256,0.0,10.1426,3.14,0.0,1.0,0.0,0.0,0.0,0.0616,0.0,0.0,0.0,0.0
45.0498,0.9982216896159242,0.05950850458046146,0.0034789710369091398,-0.00030499746083856305,1.9743,0.0,9.6782,3.14,0.0,1.0,0.0,0.0,0.0,-0.05,0.0,0.0,0.0,0.0
45.0699,0.9982503632787728,0.05902220399214255,0.003540072213825331,-0.00024400497745008523,1.9743,0.0,9.5823,3.14,0.0,1.0,0.0,0.0,0.0,0.0423,0.0,0.0,0.0,0.0
45.0899,0.9982033290461291,0.05981240187488372,0.003539905417412125,-0.00024399348074821692,2.3259,0.0,10.1187,3.14,0.0,1.0,0.0,0.0,0.0,-0.0231,0.0,0.0,0.0,0.0
45.11,0.9982465498865571,0.059082979534173054,0.003601059701813715,-0.00024400404533247988,2.1907,0.0,9.5417,3.14,0.0,1.0,0.0,0.0,0.0,0.0115,0.0,0.0,0.0,0.0
45.1301,0.9982251143289034,0.05944770904162834,0.003539982674057418,-0.0002439988057824638,2.6234,0.0,10.5092,3.14,0.0,1.0,0.0,0.0,0.0,0.0077,0.0,0.0,0.0,0.0
45.1502,0.9982250976142869,0.059447708046215936,0.0035399826147827535,-0.00030499850212106777,2.3394,0.0,9.7948,3.14,0.0,1.0,0.0,0.0,0.0,-0.0231,0.0,0.0,0.0,0.0
45.1703,0.9982503632787728,0.05902220399214255,0.003540072213825331,-0.00024400497745008523,2.7586,0.0,10.0662,3.14,0.0,1.0,0.0,0.0,0.0,0.0385,0.0,0.0,0.0,0.0
45.1904,0.9982069523992279,0.05975162039480987,0.003539918266825561,-0.0003049929580175581,2.5828,0.0,9.812,3.14,0.0,1.0,0.0,0.0,0.0,-0.05,0.0,0.0,0.0,0.0
45.2105,0.9982575441838688,0.058900625201492335,0.003540097679303276,-0.00024400673269769912,2.6775,0.0,9.5599,3.14,0.0,1.0,0.0,0.0,0.0,0.0577,0.0,0.0,0.0,0.0
45.2306,0.9982030949351222,0.05981238784693848,0.003600902943070621,-0.00030499177940468414,2.8803,0.0,10.5733,3.14,0.0,1.0,0.0,0.0,0.0,-0.0616,0.0,0.0,0.0,0.0
45.2507,0.9982465498865571,0.059082979534173054,0.003601059701813715,-0.00024400404533247988,2.7992,0.0,9.2178,3.14,0.0,1.0,0.0,0.0,0.0,0.0577,0.0,0.0,0.0,0.0
45.2708,0.9982212585113983,0.059508478880373056,0.003600968466084521,-0.00030499732911848376,2.975,0.0,10.6012,3.14,0.0,1.0,0.0,0.0,0.0,-0.0539,0.0,0.0,0.0,0.0
45.2909,0.9982248802025682,0.05944769509860681,0.0036009815309191832,-0.00030499843569292695,2.7316,0.0,9.5457,3.14,0.0,1.0,0.0,0.0,0.0,0.0423,0.0,0.0,0.0,0.0
45.311,0.998232112559857,0.05932612555195304,0.0036010076208168977,-0.00030500064547323014,3.1237,0.0,10.0044,3.14,0.0,1.0,0.0,0.0,0.0,-0.0231,0.0,0.0,0.0,0.0
45.331,0.9982103713892346,0.05969082625143124,0.003600929192042565,-0.0003049940026584319,3.1373,0.0,9.8745,3.14,0.0,1.0,0.0,0.0,0.0,0.0115,0.0,0.0,0.0,0.0
45.3511,0.9982465331708639,0.059082978544825325,0.003601059641513766,-0.00030500505155844904,2.9479,0.0,9.4718,3.14,0.0,1.0,0.0,0.0,0.0,0.0077,0.0,0.0,0.0,0.0
45.3712,0.9982103713892346,0.05969082625143124,0.003600929192042565,-0.0003049940026584319,3.3266,0.0,9.9969,3.14,0.0,1.0,0.0,0.0,0.0,-0.0231,0.0,0.0,0.0,0.0
45.3912,0.9982284982187613,0.059386910655577954,0.0036009945824967936,-0.00030499954114449057,3.0156,0.0,9.4447,3.14,0.0,1.0,0.0,0.0,0.0,0.0423,0.0,0.0,0.0,0.0
45.4113,0.9982429335313588,0.05914376628416814,0.0036010466562279545,-0.0003050039517216719,3.1102,0.0,10.1727,3.14,0.0,1.0,0.0,0.0,0.0,-0.05,0.0,0.0,0.0,0.0
45.4314,0.9981994307692281,0.059873166421874235,0.003600889725013277,-0.0003659887918229798,3.3401,0.0,10.2129,3.14,0.0,1.0,0.0,0.0,0.0,0.0616,0.0,0.0,0.0,0.0
45.4515,0.9982501291346713,0.05902219014821977,0.003601072613539931,-0.0003050061502720691,2.7586,0.0,9.3166,3.14,0.0,1.0,0.0,0.0,0.0,-0.0616,0.0,0.0,0.0,0.0
45.4716,0.998221037387874,0.05950846569820082,0.003661967120718077,-0.00030499726155630574,2.9615,0.0,10.2372,3.14,0.0,1.0,0.0,0.0,0.0,0.0616,0.0,0.0,0.0,0.0
45.4917,0.9982030745074986,0.05981238662291409,0.003600902869380314,-0.0003659901277959787,3.3131,0.0,9.8125,3.14,0.0,1.0,0.0,0.0,0.0,-0.05,0.0,0.0,0.0,0.0
45.5118,0.9982501291346713,0.05902219014821977,0.003601072613539931,-0.0003050061502720691,2.9074,0.0,9.5529,3.14,0.0,1.0,0.0,0.0,0.0,0.0385,0.0,0.0,0.0,0.0
45.5319,0.998217850552356,0.05956927497410802,0.0035399569146943623,-0.000304996287847914,3.0697,0.0,10.0725,3.14,0.0,1.0,0.0,0.0,0.0,-0.0269,0.0,0.0,0.0,0.0
45.5519,0.9982137829859075,0.059630031248542575,0.0036619405079935524,-0.00030499504504044594,3.4212,0.0,9.7583,3.14,0.0,1.0,0.0,0.0,0.0,0.0115,0.0,0.0,0.0,0.0
45.572,0.9982429335313588,0.05914376628416814,0.0036010466562279545,-0.0003050039517216719,2.975,0.0,9.8233,3.14,0.0,1.0,0.0,0.0,0.0,0.0077,0.0,0.0,0.0,0.0
45.5921,0.9982214759207507,0.05950849184112675,0.0035399697712545815,-0.0003049973955459584,3.0967,0.0,10.1536,3.14,0.0,1.0,0.0,0.0,0.0,-0.0231,0.0,0.0,0.0,0.0
45.6121,0.9982105683633901,0.0596908380300607,0.00353993109003577,-0.0003659928754105035,3.1508,0.0,9.7277,3.14,0.0,1.0,0.0,0.0,0.0,0.0385,0.0,0.0,0.0,0.0
45.6322,0.9982431305247911,0.059143777955609156,0.0035400465644768973,-0.00036600481429344134,3.0156,0.0,9.5399,3.14,0.0,1.0,0.0,0.0,0.0,-0.05,0.0,0.0,0.0,0.0
45.6523,0.9982069319713675,0.0597516191720196,0.0035399181943827148,-0.00036599154213107227,3.2184,0.0,9.9977,3.14,0.0,1.0,0.0,0.0,0.0,0.0616,0.0,0.0,0.0,0.0
45.6723,0.998232309546883,0.05932613725912704,0.0035400081902927966,-0.0003660008467930576,2.9885,0.0,9.5043,3.14,0.0,1.0,0.0,0.0,0.0,-0.0654,0.0,0.0,0.0,0.0
45.6924,0.9982071456572006,0.05975163196302927,0.003478920348758713,-0.0003659916204788449,3.3942,0.0,10.3562,3.14,0.0,1.0,0.0,0.0,0.0,0.0539,0.0,0.0,0.0,0.0
45.7124,0.998243344233872,0.059143790617416724,0.0034790465069068775,-0.0003660048926495408,2.9209,0.0,9.6226,3.14,0.0,1.0,0.0,0.0,0.0,-0.05,0.0,0.0,0.0,0.0
45.7325,0.998243344233872,0.059143790617416724,0.0034790465069068775,-0.0003660048926495408,2.9209,0.0,9.6226,3.14,0.0,1.0,0.0,0.0,0.0,0.0385,0.0,0.0,0.0,0.0
45.7526,0.9982327332368384,0.05932616243952663,0.0034180093587685458,-0.00036600100213840525,3.1914,0.0,10.137,3.14,0.0,1.0,0.0,0.0,0.0,-0.0269,0.0,0.0,0.0,0.0
45.7727,0.9982435542285251,0.05914380305915236,0.0034180464104996977,-0.00036600496964389606,2.975,0.0,9.5836,3.14,0.0,1.0,0.0,0.0,0.0,0.0115,0.0,0.0,0.0,0.0
45.7927,0.9982401776146054,0.05920460362390942,0.0033570342268337376,-0.0003050031096765715,3.0156,0.0,10.1876,3.14,0.0,1.0,0.0,0.0,0.0,0.0,0.0,0.0,0.0,0.0
45.8128,0.9982039218134996,0.059812437393539225,0.003356912300299463,-0.0003659904384598623,3.1778,0.0,10.0808,3.14,0.0,1.0,0.0,0.0,0.0,-0.0154,0.0,0.0,0.0,0.0
45.8328,0.998261933865714,0.05883628687906721,0.0033569022579460384,-0.00036598934358300644,2.8939,0.0,9.3976,3.14,0.0,1.0,0.0,0.0,0.0,0.0346,0.0,0.0,0.0,0.0
45.8529,0.9982077644305286,0.059751669002151175,0.003295926581612485,-0.0003659918473513657,3.3807,0.0,10.38,3.14,0.0,1.0,0.0,0.0,0.0,-0.0462,0.0,0.0,0.0,0.0
45.873,0.9982329395103482,0.05932617469860743,0.003357009885433463,-0.00036600107776840746,3.0832,0.0,9.5843,3.14,0.0,1.0,0.0,0.0,0.0,0.0539,0.0,0.0,0.0,0.0
45.893,0.9982511587000956,0.05902225102194719,0.0032960698627325646,-0.0003660077578155896,3.002,0.0,9.7208,3.14,0.0,1.0,0.0,0.0,0.0,-0.0616,0.0,0.0,0.0,0.0
45.9131,0.9981929019468296,0.05999943669960285,0.00329607892532904,-0.00036600876415976424,3.4077,0.0,10.1876,3.14,0.0,1.0,0.0,0.0,0.0,0.0616,0.0,0.0,0.0,0.0
45.9341,0.9982583396223573,0.05890067213509635,0.0032960935730195415,-0.00036601039069328323,3.0426,0.0,9.5044,3.14,0.0,1.0,0.0,0.0,0.0,-0.0577,0.0,0.0,0.0,0.0
45.9542,0.9982224868258711,0.059508552105747944,0.0032349756517853594,-0.0003659972453023963,3.3536,0.0,10.5548,3.14,0.0,1.0,0.0,0.0,0.0,0.0462,0.0,0.0,0.0,0.0
45.9743,0.998218861446462,0.05956933529984647,0.0032349639028874146,-0.00036599591606084614,3.0561,0.0,9.7965,3.14,0.0,1.0,0.0,0.0,0.0,-0.0308,0.0,0.0,0.0,0.0
45.9944,0.9982549702877838,0.05896147485866757,0.00323508092211313,-0.0003050076294418558,3.1508,0.0,10.0053,3.14,0.0,1.0,0.0,0.0,0.0,0.0154,0.0,0.0,0.0,0.0
46.0145,0.9982190565684976,0.05956934694387606,0.00317396520395943,-0.00036599598760211904,3.4212,0.0,9.9462,3.14,0.0,1.0,0.0,0.0,0.0,-0.0038,0.0,0.0,0.0,0.0
46.0346,0.9982661316481324,0.05877553581058256,0.0031739209327252098,-0.00030499240216802503,2.7586,0.0,9.472,3.14,0.0,1.0,0.0,0.0,0.0,-0.0154,0.0,0.0,0.0,0.0
46.0547,0.9982047096955485,0.0598124846034777,0.003112921131685334,-0.00036599072733595195,3.002,0.0,10.2097,3.14,0.0,1.0,0.0,0.0,0.0,0.0346,0.0,0.0,0.0,0.0
46.0748,0.9982264950687207,0.05944779126939215,0.00311298906980249,-0.0003659987149205457,3.4889,0.0,9.6826,3.14,0.0,1.0,0.0,0.0,0.0,-0.05,0.0,0.0,0.0,0.0
46.0948,0.9982517441233657,0.05902228563547997,0.003113067809478822,-0.0003660079724604471,3.0426,0.0,9.6872,3.14,0.0,1.0,0.0,0.0,0.0,0.0577,0.0,0.0,0.0,0.0
46.115,0.998219435670024,0.05956936956699692,0.0030519677004948037,-0.00036599612659926617,3.1914,0.0,10.0737,3.14,0.0,1.0,0.0,0.0,0.0,-0.0616,0.0,0.0,0.0,0.0
46.1351,0.9982266827664791,0.059447802447433605,0.0030519898578516974,-0.0003659987837397738,3.1778,0.0,9.5703,3.14,0.0,1.0,0.0,0.0,0.0,0.0616,0.0,0.0,0.0,0.0
46.1552,0.9982521362634484,0.05902230882101819,0.002991066326962711,-0.0003050067635317899,2.8668,0.0,9.5153,3.14,0.0,1.0,0.0,0.0,0.0,-0.05,0.0,0.0,0.0,0.0
46.1753,0.9982123578500111,0.059690945037499235,0.002990947138765007,-0.00036599353152394487,3.3536,0.0,10.0659,3.14,0.0,1.0,0.0,0.0,0.0,0.0385,0.0,0.0,0.0,0.0
46.1953,0.9982375462781259,0.059265448023174155,0.003052023072078431,-0.0003050023056959117,3.2725,0.0,9.5129,3.14,0.0,1.0,0.0,0.0,0.0,-0.0231,0.0,0.0,0.0,0.0
46.2155,0.9982521362634484,0.05902230882101819,0.002991066326962711,-0.0003050067635317899,2.9209,0.0,9.85,3.14,0.0,1.0,0.0,0.0,0.0,0.0115,0.0,0.0,0.0,0.0
46.2356,0.9982125585395614,0.05969095703830129,0.0029299488059073807,-0.00030499467092215404,3.4212,0.0,9.886,3.14,0.0,1.0,0.0,0.0,0.0,0.0077,0.0,0.0,0.0,0.0
46.2557,0.9982125585395614,0.05969095703830129,0.0029299488059073807,-0.00030499467092215404,3.4212,0.0,9.886,3.14,0.0,1.0,0.0,0.0,0.0,-0.0269,0.0,0.0,0.0,0.0
46.2757,0.99825590885795,0.05896153029488669,0.0029300760475579825,-0.00030500791621329576,3.1778,0.0,9.5908,3.14,0.0,1.0,0.0,0.0,0.0,0.0423,0.0,0.0,0.0,0.0
46.2958,0.9982342998530966,0.05932625554540017,0.002930012620908591,-0.00030500131378058404,2.7722,0.0,10.144,3.14,0.0,1.0,0.0,0.0,0.0,-0.0539,0.0,0.0,0.0,0.0
46.316,0.9982198203434325,0.05956939252262332,0.0029299701207199415,-0.0003049968896995381,3.286,0.0,9.8967,3.14,0.0,1.0,0.0,0.0,0.0,0.0616,0.0,0.0,0.0,0.0
46.3361,0.9982524931146746,0.05902232992007975,0.002869064647171505,-0.0003050068725644062,2.9479,0.0,9.6403,3.14,0.0,1.0,0.0,0.0,0.0,-0.0616,0.0,0.0,0.0,0.0
46.3562,0.998238087103395,0.059265480132016386,0.0028690232430398266,-0.00030500247094017446,3.0156,0.0,10.0631,3.14,0.0,1.0,0.0,0.0,0.0,0.0616,0.0,0.0,0.0,0.0
46.3762,0.9982199764658577,0.059569401839326755,0.002868971191489489,-0.00036599632488154565,3.5159,0.0,9.9873,3.14,0.0,1.0,0.0,0.0,0.0,-0.0577,0.0,0.0,0.0,0.0
46.3964,0.9982596740657339,0.05890075087184081,0.0028690852858505554,-0.00030500906663794014,3.0426,0.0,9.6637,3.14,0.0,1.0,0.0,0.0,0.0,0.0423,0.0,0.0,0.0,0.0
46.4164,0.9982454703102606,0.0591439165829115,0.0028080435176574756,-0.0003050047268110534,3.1373,0.0,10.166,3.14,0.0,1.0,0.0,0.0,0.0,-0.0231,0.0,0.0,0.0,0.0
46.4365,0.9982237951250585,0.059508630099373,0.002807982545817274,-0.0003049981041575722,3.4212,0.0,9.8919,3.14,0.0,1.0,0.0,0.0,0.0,0.0077,0.0,0.0,0.0,0.0
46.4566,0.9982638126757443,0.058836397613737317,0.002746925188567541,-0.00030499169367059764,3.0561,0.0,9.5498,3.14,0.0,1.0,0.0,0.0,0.0,0.0077,0.0,0.0,0.0,0.0
46.4767,0.9982385944989536,0.05926551025613383,0.0026860231257567896,-0.00030500262597016325,3.3672,0.0,10.1261,3.14,0.0,1.0,0.0,0.0,0.0,-0.0231,0.0,0.0,0.0,0.0
46.4968,0.9982348183862827,0.059326286362446135,0.002747013259576575,-0.0003050014722136285,3.286,0.0,9.6943,3.14,0.0,1.0,0.0,0.0,0.0,0.0423,0.0,0.0,0.0,0.0
46.5169,0.9982458048667957,0.05914393640467317,0.0026860425271452715,-0.00030500482903172976,3.3401,0.0,9.9049,3.14,0.0,1.0,0.0,0.0,0.0,-0.0539,0.0,0.0,0.0,0.0
46.537,0.9982385944989536,0.05926551025613383,0.0026860231257567896,-0.00030500262597016325,2.975,0.0,9.7418,3.14,0.0,1.0,0.0,0.0,0.0,0.0577,0.0,0.0,0.0,0.0
46.5571,0.9982641397811529,0.058836416892913454,0.0026249293712209474,-0.0003049917936085444,3.0832,0.0,9.9356,3.14,0.0,1.0,0.0,0.0,0.0,-0.0616,0.0,0.0,0.0,0.0
46.5772,0.9982206659567031,0.05956944298512447,0.002624975454691158,-0.00030499714806897504,3.5429,0.0,10.1699,3.14,0.0,1.0,0.0,0.0,0.0,0.0577,0.0,0.0,0.0,0.0
46.5973,0.9982678811801933,0.05877563881886967,0.0025629406450271945,-0.000304992936688786,3.1237,0.0,9.5456,3.14,0.0,1.0,0.0,0.0,0.0,-0.05,0.0,0.0,0.0,0.0
46.6174,0.9982678811801933,0.05877563881886967,0.0025629406450271945,-0.000304992936688786,3.1237,0.0,9.5456,3.14,0.0,1.0,0.0,0.0,0.0,0.0385,0.0,0.0,0.0,0.0
46.6375,0.9982280736223206,0.05944788527764114,0.0025629950539394937,-0.00030499941141293174,2.9344,0.0,10.0174,3.14,0.0,1.0,0.0,0.0,0.0,-0.0231,0.0,0.0,0.0,0.0
46.6576,0.9982389167495531,0.05926552938817935,0.002563022894151761,-0.0003050027244308473,3.3807,0.0,9.7717,3.14,0.0,1.0,0.0,0.0,0.0,0.0077,0.0,0.0,0.0,0.0
46.6777,0.9982680353880042,0.058775647898258856,0.0025019424441778924,-0.0003049929838027099,2.7992,0.0,9.6578,3.14,0.0,1.0,0.0,0.0,0.0,0.0077,0.0,0.0,0.0,0.0
46.6981,0.9982390709627873,0.059265538543832166,0.002502022735791254,-0.0003050027715492676,2.9479,0.0,10.0312,3.14,0.0,1.0,0.0,0.0,0.0,-0.0231,0.0,0.0,0.0,0.0
46.7183,0.9982390709627873,0.059265538543832166,0.002502022735791254,-0.0003050027715492676,3.2725,0.0,9.4889,3.14,0.0,1.0,0.0,0.0,0.0,0.0346,0.0,0.0,0.0,0.0
46.7385,0.9982611672575549,0.0588972398732461,0.002379928876522969,-0.000304990885436729,2.9074,0.0,9.591,3.14,0.0,1.0,0.0,0.0,0.0,-0.05,0.0,0.0,0.0,0.0
46.7586,0.9982429919914824,0.059204770541722566,0.002380030975766851,-0.0002440031756669181,3.1373,0.0,9.7985,3.14,0.0,1.0,0.0,0.0,0.0,0.0616,0.0,0.0,0.0,0.0
46.7787,0.9982321431597951,0.05938712750150842,0.0023800051097646047,-0.0003050006548226958,3.4212,0.0,9.9402,3.14,0.0,1.0,0.0,0.0,0.0,-0.0616,0.0,0.0,0.0,0.0
46.7988,0.9982647685115684,0.05883645394948332,0.002379937462180407,-0.0002439935885597544,3.0291,0.0,9.5095,3.14,0.0,1.0,0.0,0.0,0.0,0.0577,0.0,0.0,0.0,0.0
46.8189,0.9982432744198645,0.05920478729226098,0.002258030026787473,-0.00024400324470152948,3.3401,0.0,10.2568,3.14,0.0,1.0,0.0,0.0,0.0,-0.0539,0.0,0.0,0.0,0.0
46.839,0.998264911574888,0.05883646238145317,0.002318939397372287,-0.00024399362352678367,2.9885,0.0,9.5881,3.14,0.0,1.0,0.0,0.0,0.0,0.0385,0.0,0.0,0.0,0.0
46.8591,0.9982434100623001,0.05920479533707505,0.002197029514146919,-0.00024400327785706333,3.2184,0.0,10.2872,3.14,0.0,1.0,0.0,0.0,0.0,-0.0231,0.0,0.0,0.0,0.0
46.8792,0.9982360399627255,0.059326358962191725,0.002258013662418328,-0.00030500184545506626,3.0561,0.0,9.6305,3.14,0.0,1.0,0.0,0.0,0.0,0.0077,0.0,0.0,0.0,0.0
46.8992,0.9982759181359006,0.058654113858846016,0.0021969668084201766,-0.00024399631372523658,3.0697,0.0,9.619,3.14,0.0,1.0,0.0,0.0,0.0,0.0077,0.0,0.0,0.0,0.0
46.9194,0.9982180669258516,0.05963028715712357,0.002196973736549798,-0.000304996353958864,3.4483,0.0,10.1235,3.14,0.0,1.0,0.0,0.0,0.0,-0.0231,0.0,0.0,0.0,0.0
46.9394,0.9982688993488629,0.05877569876621958,0.0021359527121943213,-0.0002439945982094516,3.0156,0.0,9.506,3.14,0.0,1.0,0.0,0.0,0.0,0.0423,0.0,0.0,0.0,0.0
46.9595,0.998250745035987,0.059083227831477896,0.0021360443899671173,-0.0002440050707639973,3.1237,0.0,10.4336,0.0,0.0,1.0,0.0,0.0,0.0,-0.05,0.0,0.0,0.0,0.0
46.9797,0.998221827930242,0.05956951232662264,0.0021359825135079114,-0.0003049975030992025,3.4077,0.0,10.1595,0.0,0.0,1.0,0.0,0.0,0.0,0.0539,0.0,0.0,0.0,0.0
46.9998,0.9982797481139538,0.058593339578328366,0.002074976612366993,-0.0002439972498398113,2.8398,0.0,9.4718,0.0,0.0,1.0,0.0,0.0,0.0,-0.0616,0.0,0.0,0.0,0.0
47.0199,0.998250981037846,0.05908324179966343,0.0020140423307356374,-0.0003050064105632466,1.9067,0.0,10.1875,0.0,0.0,1.0,0.0,0.0,0.0,0.0616,0.0,0.0,0.0,0.0
47.04,0.9982437947025311,0.05920481814969362,0.002014027831793181,-0.00024400337187557852,1.8661,0.0,9.6338,0.0,0.0,1.0,0.0,0.0,0.0,-0.0539,0.0,0.0,0.0,0.0
47.0604,0.9982473813502245,0.05914402980795642,0.002014035068109915,-0.000305005310711759,1.4605,0.0,9.7209,0.0,0.0,1.0,0.0,0.0,0.0,0.0346,0.0,0.0,0.0,0.0
47.0805,0.9982584239665101,0.05896167884862751,0.0018920538735007384,-0.00024400694774529,1.4334,0.0,9.8008,0.0,0.0,1.0,0.0,0.0,0.0,-0.0231,0.0,0.0,0.0,0.0
47.1006,0.9982365602340804,0.059326389882539146,0.0020140132357387014,-0.0003050020044192414,1.3252,0.0,10.0045,0.0,0.0,1.0,0.0,0.0,0.0,0.0077,0.0,0.0,0.0,0.0
47.1206,0.9982692728283552,0.058775720755803895,0.0019529574941913631,-0.00024399468949443115,0.879,0.0,9.4332,0.0,0.0,1.0,0.0,0.0,0.0,0.0038,0.0,0.0,0.0,0.0
47.1407,0.9982404255152315,0.05926561896372599,0.0018920197600501149,-0.0002440025483362862,1.1224,0.0,10.1874,0.0,0.0,1.0,0.0,0.0,0.0,-0.0231,0.0,0.0,0.0,0.0
47.1608,0.9982476359227508,0.05914404489083604,0.0018920334263304618,-0.00024400431079529827,0.568,0.0,9.5435,0.0,0.0,1.0,0.0,0.0,0.0,0.0385,0.0,0.0,0.0,0.0
47.1809,0.9982693898928133,0.058775727648280804,0.0018919590436828684,-0.00024399471810704343,0.6356,0.0,9.8095,0.0,0.0,1.0,0.0,0.0,0.0,-0.05,0.0,0.0,0.0,0.0
47.201,0.9982259438818251,0.05950875819647128,0.0018919923122170425,-0.0003049987606902893,0.568,0.0,9.7338,0.0,0.0,1.0,0.0,0.0,0.0,0.0577,0.0,0.0,0.0,0.0
47.2211,0.9982765406150839,0.058654150432867515,0.0018919725960103268,-0.00024399646587019988,0.3245,0.0,9.1704,0.0,0.0,1.0,0.0,0.0,0.0,-0.0616,0.0,0.0,0.0,0.0
47.2412,0.9982333137577786,0.05938719714307644,0.001831006078249004,-0.00024400080999054108,0.595,0.0,10.3638,0.0,0.0,1.0,0.0,0.0,0.0,0.0616,0.0,0.0,0.0,0.0
47.2613,0.9982548149116435,0.05902246719784028,0.0018920470330613566,-0.0003050075819681086,0.1487,0.0,9.6222,0.0,0.0,1.0,0.0,0.0,0.0,-0.05,0.0,0.0,0.0,0.0
47.2813,0.9982729670919605,0.05871493936715001,0.0018919658233300697,-0.0002439955924379844,0.311,0.0,10.1727,0.0,0.0,1.0,0.0,0.0,0.0,0.0385,0.0,0.0,0.0,0.0
47.3014,0.998222431812666,0.059569548363684235,0.001830986118077995,-0.0003049976876100535,0.4868,0.0,10.2332,0.0,0.0,1.0,0.0,0.0,0.0,-0.0231,0.0,0.0,0.0,0.0
47.3215,0.9982872391271239,0.05847177971777888,0.0018919928722472001,-0.00024399908077610277,0.027,0.0,9.3919,0.0,0.0,1.0,0.0,0.0,0.0,0.0077,0.0,0.0,0.0,0.0
47.3416,0.9982512356131263,0.05908325686714959,0.0018920402490208085,-0.00024400519067713233,0.0,0.0,10.3977,0.0,0.0,1.0,0.0,0.0,0.0,0.0077,0.0,0.0,0.0,0.0
47.3617,0.9982511018248253,0.05908324894865345,0.0019530412849382353,-0.00030500644746861427,0.0,0.0,9.5829,0.0,0.0,1.0,0.0,0.0,0.0,-0.0231,0.0,0.0,0.0,0.0
47.3818,0.9982942360129479,0.058350189144603624,0.001953006330752547,-0.00024400079093889193,0.0,0.0,9.7677,0.0,0.0,1.0,0.0,0.0,0.0,0.0385,0.0,0.0,0.0,0.0
47.4019,0.9982937138576629,0.058350158624684206,0.0021970059725523843,-0.00030500082914364235,0.0,0.0,9.9059,0.0,0.0,1.0,0.0,0.0,0.0,-0.05,0.0,0.0,0.0,0.0
47.422,0.9983216622101065,0.057862777183345315,0.0023800731009896506,-0.00030500936798394385,0.0,0.0,9.9092,0.0,0.0,1.0,0.0,0.0,0.0,0.0616,0.0,0.0,0.0,0.0
47.442,0.9983003745732014,0.05822854679712467,0.002380022349679833,-0.0003660034369675214,0.0,0.0,10.0175,0.0,0.0,1.0,0.0,0.0,0.0,-0.0616,0.0,0.0,0.0,0.0
47.4621,0.9983044687046153,0.05816778477532238,0.0021360288184037114,-0.00036600493798483186,0.0,0.0,9.5514,0.0,0.0,1.0,0.0,0.0,0.0,0.0616,0.0,0.0,0.0,0.0
47.4822,0.998294219296902,0.058350188167552566,0.0019530062980502305,-0.0003050009835664502,0.0,0.0,9.7765,0.0,0.0,1.0,0.0,0.0,0.0,0.0423,0.0,0.0,0.0,0.0
47.5023,0.9982977707599621,0.05828939533645744,0.0019530132459315078,-0.00030500206861699963,0.0,0.0,9.8008,0.0,0.0,1.0,0.0,0.0,0.0,0.0423,0.0,0.0,0.0,0.0
47.5224,0.9983084610967914,0.05810601631390952,0.0019530341599013172,-0.00030500533475164016,0.0,0.0,9.8398,0.0,0.0,1.0,0.0,0.0,0.0,0.0115,0.0,0.0,0.0,0.0
47.5425,0.9983049797323856,0.05816781455116161,0.001892026494933523,-0.00030500427111779255,0.0,0.0,9.8095,0.0,0.0,1.0,0.0,0.0,0.0,0.0115,0.0,0.0,0.0,0.0
47.5626,0.9983049593010035,0.0581678133606949,0.0018920264562111713,-0.0003660051178505653,0.0,0.0,9.7979,0.0,0.0,1.0,0.0,0.0,0.0,0.0077,0.0,0.0,0.0,0.0
47.5826,0.9983048422240316,0.058167806539020435,0.0019530270801434992,-0.0003660050749270672,0.0,0.0,9.8158,0.0,0.0,1.0,0.0,0.0,0.0,-0.0231,0.0,0.0,0.0,0.0
47.6027,0.9983084406651955,0.05810601512469929,0.0019530341199300964,-0.0003660063942111935,0.0,0.0,9.8025,0.0,0.0,1.0,0.0,0.0,0.0,0.0385,0.0,0.0,0.0,0.0
47.6228,0.9983120944391194,0.058045226501715674,0.0018920399790029428,-0.0003660077337817036,0.0,0.0,9.8747,0.0,0.0,1.0,0.0,0.0,0.0,-0.05,0.0,0.0,0.0,0.0
47.6429,0.9983124233885328,0.05804524562794214,0.0017090366752490135,-0.0003660078543833989,0.0,0.0,9.8397,0.0,0.0,1.0,0.0,0.0,0.0,0.0616,0.0,0.0,0.0,0.0
47.663,0.998312546040494,0.05804525275934015,0.0016480355686615891,-0.0003050065827923665,0.0,0.0,9.8008,0.0,0.0,1.0,0.0,0.0,0.0,-0.0616,0.0,0.0,0.0,0.0
47.6831,0.998312546040494,0.05804525275934015,0.0016480355686615891,-0.0003050065827923665,0.0,0.0,9.8492,0.0,0.0,1.0,0.0,0.0,0.0,0.0616,0.0,0.0,0.0,0.0
47.7031,0.9983124233885328,0.05804524562794214,0.0017090366752490135,-0.0003660078543833989,0.0,0.0,9.7676,0.0,0.0,1.0,0.0,0.0,0.0,-0.05,0.0,0.0,0.0,0.0
47.7233,0.9983124233885328,0.05804524562794214,0.0017090366752490135,-0.0003660078543833989,0.0,0.0,9.7717,0.0,0.0,1.0,0.0,0.0,0.0,0.0423,0.0,0.0,0.0,0.0
47.7433,0.998312546040494,0.05804525275934015,0.0016480355686615891,-0.0003050065827923665,0.0,0.0,9.8438,0.0,0.0,1.0,0.0,0.0,0.0,-0.0231,0.0,0.0,0.0,0.0
47.7634,0.9983161775699628,0.05798446237022988,0.0015870400252066196,-0.00030500769230495944,0.0,0.0,9.8008,0.0,0.0,1.0,0.0,0.0,0.0,0.0077,0.0,0.0,0.0,0.0
47.7835,0.9983126445457635,0.05804525848676818,0.0015870344086986038,-0.00030500661288784814,0.0,0.0,9.8061,0.0,0.0,1.0,0.0,0.0,0.0,0.0077,0.0,0.0,0.0,0.0
47.8036,0.9983126445457635,0.05804525848676818,0.0015870344086986038,-0.00030500661288784814,0.0,0.0,9.7622,0.0,0.0,1.0,0.0,0.0,0.0,-0.0231,0.0,0.0,0.0,0.0
47.8237,0.9983127393361788,0.058045263998202076,0.0015260332310188286,-0.0003050066418484043,0.0,0.0,9.8484,0.0,0.0,1.0,0.0,0.0,0.0,0.0423,0.0,0.0,0.0,0.0
47.8438,0.9983126445457635,0.05804525848676818,0.0015870344086986038,-0.00030500661288784814,0.0,0.0,9.7979,0.0,0.0,1.0,0.0,0.0,0.0,-0.05,0.0,0.0,0.0,0.0
47.8639,0.9983198017091381,0.057923671108521146,0.001526044026649704,-0.00030500879955974725,0.0,0.0,9.8884,0.0,0.0,1.0,0.0,0.0,0.0,0.0616,0.0,0.0,0.0,0.0
47.884,0.9983198017091381,0.057923671108521146,0.001526044026649704,-0.00030500879955974725,0.0,0.0,9.8049,0.0,0.0,1.0,0.0,0.0,0.0,0.0616,0.0,0.0,0.0,0.0
47.9041,0.998323531749846,0.05785935007950887,0.0015259564857387706,-0.0003049913028508322,0.0,0.0,9.8049,0.0,0.0,1.0,0.0,0.0,0.0,-0.05,0.0,0.0,0.0,0.0
47.9242,0.998323531749846,0.05785935007950887,0.0015259564857387706,-0.0003049913028508322,0.0,0.0,9.8453,0.0,0.0,1.0,0.0,0.0,0.0,0.0423,0.0,0.0,0.0,0.0
47.9443,0.998323531749846,0.05785935007950887,0.0015259564857387706,-0.0003049913028508322,0.0,0.0,9.8453,0.0,0.0,1.0,0.0,0.0,0.0,-0.0231,0.0,0.0,0.0,0.0
47.9644,0.99832714438247,0.057798560973791574,0.0014649635264118548,-0.0003049924065225418,0.0,0.0,9.8834,0.0,0.0,1.0,0.0,0.0,0.0,0.0115,0.0,0.0,0.0,0.0
47.9845,0.9983272317362494,0.05779856603117459,0.0014039651679544944,-0.0003049924332095278,0.0,0.0,9.7582,0.0,0.0,1.0,0.0,0.0,0.0,0.0077,0.0,0.0,0.0,0.0
48.0046,0.998320063796789,0.05792368631515021,0.0013430390995001417,-0.0003050088796333617,0.0,0.0,9.8492,0.0,0.0,1.0,0.0,0.0,0.0,-0.0231,0.0,0.0,0.0,0.0
48.0247,0.9983198927866288,0.057923676392942644,0.0014650424003946928,-0.00030500882738587753,0.0,0.0,9.8437,0.0,0.0,1.0,0.0,0.0,0.0,0.0385,0.0,0.0,0.0,0.0
48.0448,0.99832714438247,0.057798560973791574,0.0014649635264118548,-0.0003049924065225418,0.0,0.0,9.7109,0.0,0.0,1.0,0.0,0.0,0.0,-0.05,0.0,0.0,0.0,0.0
48.0649,0.9983269585312153,0.05779855021385667,0.0015869601935880814,-0.00030499234974440403,0.0,0.0,9.8158,0.0,0.0,1.0,0.0,0.0,0.0,0.0616,0.0,0.0,0.0,0.0
48.085,0.9983304764171301,0.05773775519841567,0.001586965785688812,-0.00030499342447076755,0.0,0.0,9.719,0.0,0.0,1.0,0.0,0.0,0.0,-0.0616,0.0,0.0,0.0,0.0
48.105,0.9983340854104792,0.05767696501665305,0.0015259726172095513,-0.00030499452703069974,0.0,0.0,9.8152,0.0,0.0,1.0,0.0,0.0,0.0,0.0616,0.0,0.0,0.0,0.0
48.1252,0.9983341021264847,0.05767696598239035,0.0015259726427602894,-0.00024399562570998062,0.0,0.0,9.7189,0.0,0.0,1.0,0.0,0.0,0.0,-0.05,0.0,0.0,0.0,0.0
48.1452,0.9983342805523889,0.05767697629062763,0.0014039750808287723,-0.0002439956693178757,0.0,0.0,9.7665,0.0,0.0,1.0,0.0,0.0,0.0,0.0423,0.0,0.0,0.0,0.0
48.1653,0.9983307663408902,0.05773777196595656,0.0014039701387312462,-0.00024399481043474447,0.0,0.0,9.8096,0.0,0.0,1.0,0.0,0.0,0.0,-0.0231,0.0,0.0,0.0,0.0
48.1854,0.9983309299064753,0.05773778142565947,0.0012819729435510803,-0.00024399485041071145,0.0,0.0,9.8096,0.0,0.0,1.0,0.0,0.0,0.0,0.0115,0.0,0.0,0.0,0.0
48.2055,0.9983309429076896,0.05773778217757573,0.0012819729602461527,-0.0001829961401911273,0.0,0.0,9.8484,0.0,0.0,1.0,0.0,0.0,0.0,0.0077,0.0,0.0,0.0,0.0
48.2256,0.9983310191185651,0.05773778658517921,0.0012209743400561914,-0.00018299615416067508,0.0,0.0,9.8705,0.0,0.0,1.0,0.0,0.0,0.0,-0.0231,0.0,0.0,0.0,0.0
48.2456,0.9983310061173478,0.057737785833262764,0.0012209743241554973,-0.00024399486903692313,0.0,0.0,9.8933,0.0,0.0,1.0,0.0,0.0,0.0,0.0385,0.0,0.0,0.0,0.0
48.2657,0.9983310061173478,0.057737785833262764,0.0012209743241554973,-0.00024399486903692313,0.0,0.0,9.801,0.0,0.0,1.0,0.0,0.0,0.0,-0.05,0.0,0.0,0.0,0.0
48.2858,0.9983310061173478,0.057737785833262764,0.0012209743241554973,-0.00024399486903692313,0.0,0.0,9.8061,0.0,0.0,1.0,0.0,0.0,0.0,0.0616,0.0,0.0,0.0,0.0
48.3059,0.9983309299064753,0.05773778142565947,0.0012819729435510803,-0.00024399485041071145,0.0,0.0,9.7159,0.0,0.0,1.0,0.0,0.0,0.0,-0.0616,0.0,0.0,0.0,0.0
48.326,0.9983310061173478,0.057737785833262764,0.0012209743241554973,-0.00024399486903692313,0.0,0.0,9.8015,0.0,0.0,1.0,0.0,0.0,0.0,0.0616,0.0,0.0,0.0,0.0
48.3461,0.9983310916148236,0.057737790777950354,0.0011599757062370833,-0.00018299616744954506,0.0,0.0,9.7582,0.0,0.0,1.0,0.0,0.0,0.0,-0.05,0.0,0.0,0.0,0.0
48.3662,0.9983310191185651,0.05773778658517921,0.0012209743400561914,-0.00018299615416067508,0.0,0.0,9.8061,0.0,0.0,1.0,0.0,0.0,0.0,0.0423,0.0,0.0,0.0,0.0
48.3862,0.9983310061173478,0.057737785833262764,0.0012209743241554973,-0.00024399486903692313,0.0,0.0,9.7583,0.0,0.0,1.0,0.0,0.0,0.0,-0.0231,0.0,0.0,0.0,0.0
48.4063,0.9983310061173478,0.057737785833262764,0.0012209743241554973,-0.00024399486903692313,0.0,0.0,9.7624,0.0,0.0,1.0,0.0,0.0,0.0,0.0077,0.0,0.0,0.0,0.0
48.4265,0.9983310191185651,0.05773778658517921,0.0012209743400561914,-0.00018299615416067508,0.0,0.0,9.8049,0.0,0.0,1.0,0.0,0.0,0.0,0.0077,0.0,0.0,0.0,0.0
48.4466,0.9983310061173478,0.057737785833262764,0.0012209743241554973,-0.00024399486903692313,0.0,0.0,9.8453,0.0,0.0,1.0,0.0,0.0,0.0,-0.0231,0.0,0.0,0.0,0.0
48.4667,0.9983309299064753,0.05773778142565947,0.0012819729435510803,-0.00024399485041071145,0.0,0.0,9.805,0.0,0.0,1.0,0.0,0.0,0.0,0.0423,0.0,0.0,0.0,0.0
48.4868,0.9983345928283999,0.05767699433181528,0.0011599797743490799,-0.00024399574563893633,0.0,0.0,9.8049,0.0,0.0,1.0,0.0,0.0,0.0,-0.05,0.0,0.0,0.0,0.0
48.5069,0.9983310786136035,0.05773779002603374,0.0011599756911307747,-0.0002439948867550279,0.0,0.0,9.8438,0.0,0.0,1.0,0.0,0.0,0.0,0.0616,0.0,0.0,0.0,0.0
48.5269,0.9983345928283999,0.05767699433181528,0.0011599797743490799,-0.00024399574563893633,0.0,0.0,9.8049,0.0,0.0,1.0,0.0,0.0,0.0,-0.0577,0.0,0.0,0.0,0.0
48.547,0.9983346616107627,0.0576769983055932,0.0010989809136559454,-0.00024399576244943377,0.0,0.0,9.8832,0.0,0.0,1.0,0.0,0.0,0.0,0.0616,0.0,0.0,0.0,0.0
48.5671,0.9983346616107627,0.0576769983055932,0.0010989809136559454,-0.00024399576244943377,0.0,0.0,9.7538,0.0,0.0,1.0,0.0,0.0,0.0,-0.05,0.0,0.0,0.0,0.0
48.5872,0.9983345928283999,0.05767699433181528,0.0011599797743490799,-0.00024399574563893633,0.0,0.0,9.8065,0.0,0.0,1.0,0.0,0.0,0.0,0.0423,0.0,0.0,0.0,0.0
48.6073,0.9983345928283999,0.05767699433181528,0.0011599797743490799,-0.00024399574563893633,0.0,0.0,9.7274,0.0,0.0,1.0,0.0,0.0,0.0,-0.0231,0.0,0.0,0.0,0.0
48.6273,0.9983311473952399,0.057737794003972304,0.0010989770451577954,-0.00024399490356552536,0.0,0.0,9.8049,0.0,0.0,1.0,0.0,0.0,0.0,0.0077,0.0,0.0,0.0,0.0
48.6474,0.9983346616107627,0.0576769983055932,0.0010989809136559454,-0.00024399576244943377,0.0,0.0,9.7538,0.0,0.0,1.0,0.0,0.0,0.0,0.0077,0.0,0.0,0.0,0.0
48.6675,0.9983346058297573,0.05767699508294544,0.001159979789455555,-0.00018299681161243475,0.0,0.0,9.8061,0.0,0.0,1.0,0.0,0.0,0.0,-0.0231,0.0,0.0,0.0,0.0
48.6876,0.9983345203313787,0.05767699014342964,0.0012209786220938289,-0.000243995727920443,0.0,0.0,9.8096,0.0,0.0,1.0,0.0,0.0,0.0,0.0385,0.0,0.0,0.0,0.0
48.7077,0.9983345203313787,0.05767699014342964,0.0012209786220938289,-0.000243995727920443,0.0,0.0,9.8061,0.0,0.0,1.0,0.0,0.0,0.0,-0.05,0.0,0.0,0.0,0.0
48.7278,0.9983345203313787,0.05767699014342964,0.0012209786220938289,-0.000243995727920443,0.0,0.0,9.8438,0.0,0.0,1.0,0.0,0.0,0.0,0.0616,0.0,0.0,0.0,0.0
48.7479,0.9983345203313787,0.05767699014342964,0.0012209786220938289,-0.000243995727920443,0.0,0.0,9.8438,0.0,0.0,1.0,0.0,0.0,0.0,-0.0577,0.0,0.0,0.0,0.0
48.768,0.9983309299064753,0.05773778142565947,0.0012819729435510803,-0.00024399485041071145,0.0,0.0,9.8015,0.0,0.0,1.0,0.0,0.0,0.0,0.0616,0.0,0.0,0.0,0.0
48.7881,0.9983309429076896,0.05773778217757573,0.0012819729602461527,-0.0001829961401911273,0.0,0.0,9.8095,0.0,0.0,1.0,0.0,0.0,0.0,-0.05,0.0,0.0,0.0,0.0
48.8082,0.9983309429076896,0.05773778217757573,0.0012819729602461527,-0.0001829961401911273,0.0,0.0,9.8483,0.0,0.0,1.0,0.0,0.0,0.0,0.0423,0.0,0.0,0.0,0.0
48.8282,0.9983309429076896,0.05773778217757573,0.0012819729602461527,-0.0001829961401911273,0.0,0.0,9.8449,0.0,0.0,1.0,0.0,0.0,0.0,-0.0231,0.0,0.0,0.0,0.0
48.8483,0.9983309429076896,0.05773778217757573,0.0012819729602461527,-0.0001829961401911273,0.0,0.0,9.8015,0.0,0.0,1.0,0.0,0.0,0.0,0.0077,0.0,0.0,0.0,0.0
48.8684,0.9983275012269133,0.05779858163344751,0.001220970037620065,-0.00018299550932387998,0.0,0.0,9.8437,0.0,0.0,1.0,0.0,0.0,0.0,0.0077,0.0,0.0,0.0,0.0
48.8885,0.9983274250168436,0.057798577221234146,0.001281968442865447,-0.00018299549535449877,0.0,0.0,9.767,0.0,0.0,1.0,0.0,0.0,0.0,-0.0231,0.0,0.0,0.0,0.0
48.9086,0.9983274250168436,0.057798577221234146,0.001281968442865447,-0.00018299549535449877,0.0,0.0,9.7274,0.0,0.0,1.0,0.0,0.0,0.0,0.0385,0.0,0.0,0.0,0.0
48.9287,0.9983274250168436,0.057798577221234146,0.001281968442865447,-0.00018299549535449877,0.0,0.0,9.8061,0.0,0.0,1.0,0.0,0.0,0.0,-0.05,0.0,0.0,0.0,0.0
48.9488,0.9983274250168436,0.057798577221234146,0.001281968442865447,-0.00018299549535449877,0.0,0.0,9.7273,0.0,0.0,1.0,0.0,0.0,0.0,0.0577,0.0,0.0,0.0,0.0
48.9688,0.998323979657895,0.057859376038697244,0.0012209657306864706,-0.000182994863813013,0.0,0.0,9.8403,0.0,0.0,1.0,0.0,0.0,0.0,-0.0577,0.0,0.0,0.0,0.0
48.989,0.9983275012269133,0.05779858163344751,0.001220970037620065,-0.00018299550932387998,0.0,0.0,9.7582,0.0,0.0,1.0,0.0,0.0,0.0,0.0616,0.0,0.0,0.0,0.0
49.009,0.9983240521526199,0.05785938024023866,0.0011599675269815086,-0.00018299487710138343,0.0,0.0,9.8833,0.0,0.0,1.0,0.0,0.0,0.0,-0.05,0.0,0.0,0.0,0.0
49.0292,0.9983239889442825,0.05785937657690387,0.0012209657420438683,-0.00012199657701017497,0.0,0.0,9.7273,0.0,0.0,1.0,0.0,0.0,0.0,0.0385,0.0,0.0,0.0,0.0
49.0493,0.9983240614390095,0.05785938077844541,0.001159967537771513,-0.0001219965858691441,0.0,0.0,9.8095,0.0,0.0,1.0,0.0,0.0,0.0,-0.0231,0.0,0.0,0.0,0.0
49.0694,0.9983275105133993,0.05779858217109243,0.0012209700489775842,-0.00012199700735066044,0.0,0.0,9.8362,0.0,0.0,1.0,0.0,0.0,0.0,0.0077,0.0,0.0,0.0,0.0
49.0895,0.9983275830088933,0.0577985863682489,0.0011599716295358012,-0.00012199701620979608,0.0,0.0,9.7622,0.0,0.0,1.0,0.0,0.0,0.0,0.0077,0.0,0.0,0.0,0.0
49.1096,0.9983275830088933,0.0577985863682489,0.0011599716295358012,-0.00012199701620979608,0.0,0.0,9.8095,0.0,0.0,1.0,0.0,0.0,0.0,-0.0231,0.0,0.0,0.0,0.0
49.1297,0.9983275885807863,0.05779858669083594,0.0011599716360098655,-6.0998508445264665e-05,0.0,0.0,9.7582,0.0,0.0,1.0,0.0,0.0,0.0,0.0385,0.0,0.0,0.0,0.0
49.1498,0.9983275160852909,0.05779858249367939,0.001220970055792095,-6.0998504015918886e-05,0.0,0.0,9.8019,0.0,0.0,1.0,0.0,0.0,0.0,-0.05,0.0,0.0,0.0,0.0
49.1699,0.9983275160852909,0.05779858249367939,0.001220970055792095,-6.0998504015918886e-05,0.0,0.0,9.7622,0.0,0.0,1.0,0.0,0.0,0.0,0.0577,0.0,0.0,0.0,0.0
49.19,0.9983275160852909,0.05779858249367939,0.001220970055792095,-6.0998504015918886e-05,0.0,0.0,9.805,0.0,0.0,1.0,0.0,0.0,0.0,-0.0616,0.0,0.0,0.0,0.0
49.2101,0.9983274398752178,0.05779857808146584,0.0012819684619453308,-6.099849935931046e-05,0.0,0.0,9.8049,0.0,0.0,1.0,0.0,0.0,0.0,0.0577,0.0,0.0,0.0,0.0
49.2302,0.9983274398752178,0.05779857808146584,0.0012819684619453308,-6.099849935931046e-05,0.0,0.0,9.8015,0.0,0.0,1.0,0.0,0.0,0.0,-0.0539,0.0,0.0,0.0,0.0
49.2503,0.9983274398752178,0.05779857808146584,0.0012819684619453308,-6.099849935931046e-05,0.0,0.0,9.8438,0.0,0.0,1.0,0.0,0.0,0.0,0.0385,0.0,0.0,0.0,0.0
49.2704,0.9983274398752178,0.05779857808146584,0.0012819684619453308,-6.099849935931046e-05,0.0,0.0,9.8398,0.0,0.0,1.0,0.0,0.0,0.0,-0.0269,0.0,0.0,0.0,0.0
49.2905,0.9983273599505692,0.057798573454195416,0.001342966853788666,-6.0998494475883465e-05,0.0,0.0,9.8403,0.0,0.0,1.0,0.0,0.0,0.0,0.0077,0.0,0.0,0.0,0.0
49.3106,0.9983273599505692,0.057798573454195416,0.001342966853788666,-6.0998494475883465e-05,0.0,0.0,9.7622,0.0,0.0,1.0,0.0,0.0,0.0,0.0077,0.0,0.0,0.0,0.0
