Time,F_Q0,F_Q1,F_Q2,F_Q3,F_M1,F_M2,F_ACC,Cmd_F1,Cmd_F2,B_Q0,B_Q1,B_Q2,B_Q3,B_M1,B_M2,B_ACC,Cmd_B1,Cmd_B2
0.0021,0.99999988464902,0.00030499996481795104,0.0003659999577815414,6.099999296360625e-05,0.0,0.0,10.4677,0.0,0.0,1.0,0.0,0.0,0.0,1.066,0.0,0.0,0.0,0.0
0.0304,0.9999963685352815,0.0001829993354419562,0.002685990245885766,-0.00012199955696129416,0.0,0.0,10.3543,0.0,0.0,1.0,0.0,0.0,0.0,0.9698,0.0,0.0,0.0,0.0
0.0505,0.9999956982752574,6.0999737594790086e-05,0.0029299873959465032,-0.00012199947518948259,0.0,0.0,9.4378,0.0,0.0,1.0,0.0,0.0,0.0,0.8466,0.0,0.0,0.0,0.0
0.0706,0.9999965361004981,0.00018299936610639096,0.0026249909072638077,-6.099978870216516e-05,0.0,0.0,10.2707,0.0,0.0,1.0,0.0,0.0,0.0,0.6042,0.0,0.0,0.0,0.0
0.0907,0.9999965361004981,0.00018299936610639096,0.0026249909072638077,-6.099978870216516e-05,0.0,0.0,10.2707,0.0,0.0,1.0,0.0,0.0,0.0,0.4272,0.0,0.0,0.0,0.0
0.1108,0.9999962084120644,0.00018299930613940754,0.002746989584507941,-6.099976871315471e-05,0.0,0.0,10.0197,0.0,0.0,1.0,0.0,0.0,0.0,0.304,0.0,0.0,0.0,0.0
0.1309,0.9999958751425219,6.099974838369329e-05,0.0028689881657838947,-0.00012199949676749977,0.0,0.0,9.556,0.0,0.0,1.0,0.0,0.0,0.0,0.2194,0.0,0.0,0.0,0.0
0.1511,0.9999958695610909,0.00012199949608645254,0.00286898814977077,-0.00012199949608654448,0.0,0.0,9.8772,0.0,0.0,1.0,0.0,0.0,0.0,0.1578,0.0,0.0,0.0,0.0
0.1712,0.9999960427074904,0.00012199951721031345,0.0028079888879226334,-0.00012199951721031388,0.0,0.0,9.8607,0.0,0.0,1.0,0.0,0.0,0.0,0.1078,0.0,0.0,0.0,0.0
0.1913,0.9999958695610909,0.00012199949608645254,0.00286898814977077,-0.00012199949608654448,0.0,0.0,9.7628,0.0,0.0,1.0,0.0,0.0,0.0,0.077,0.0,0.0,0.0,0.0
0.2113,0.9999958695610909,0.00012199949608645254,0.00286898814977077,-0.00012199949608654448,0.0,0.0,9.7503,0.0,0.0,1.0,0.0,0.0,0.0,0.0731,0.0,0.0,0.0,0.0
0.2314,0.9999958695610909,0.00012199949608645254,0.00286898814977077,-0.00012199949608654448,0.0,0.0,9.7901,0.0,0.0,1.0,0.0,0.0,0.0,0.0616,0.0,0.0,0.0,0.0
0.2515,0.9999956926938296,0.00012199947450864702,0.0029299873795929207,-0.00012199947450874937,0.0,0.0,9.8595,0.0,0.0,1.0,0.0,0.0,0.0,-0.0308,0.0,0.0,0.0,0.0
0.2716,0.9999960427074904,0.00012199951721031345,0.0028079888879226334,-0.00012199951721031388,0.0,0.0,9.9699,0.0,0.0,1.0,0.0,0.0,0.0,0.05,0.0,0.0,0.0,0.0
0.2917,0.9999956982752574,6.0999737594790086e-05,0.0029299873959465032,-0.00012199947518948259,0.0,0.0,9.6694,0.0,0.0,1.0,0.0,0.0,0.0,-0.0616,0.0,0.0,0.0,0.0
0.3118,0.999996212133022,0.00012199953788022844,0.0027469895947294116,-0.0001219995378801686,0.0,0.0,10.047,0.0,0.0,1.0,0.0,0.0,0.0,0.0616,0.0,0.0,0.0,0.0
0.3319,0.9999955176871369,6.0999726578914604e-05,0.002990986593402226,-0.00012199945315777283,0.0,0.0,9.9334,0.0,0.0,1.0,0.0,0.0,0.0,-0.0654,0.0,0.0,0.0,0.0
0.352,0.999996212133022,0.00012199953788022844,0.0027469895947294116,-0.0001219995378801686,0.0,0.0,9.8417,0.0,0.0,1.0,0.0,0.0,0.0,0.0539,0.0,0.0,0.0,0.0
0.372,0.9999957001357335,-6.505213034913027e-19,0.002929987401397699,-0.00012199947541652323,0.0,0.0,10.2781,0.0,0.0,1.0,0.0,0.0,0.0,-0.0423,0.0,0.0,0.0,0.0
0.3921,0.999996212133022,0.00012199953788022844,0.0027469895947294116,-0.0001219995378801686,0.0,0.0,9.5577,0.0,0.0,1.0,0.0,0.0,0.0,0.0385,0.0,0.0,0.0,0.0
0.4122,0.999996212133022,0.00012199953788022844,0.0027469895947294116,-0.0001219995378801686,0.0,0.0,9.5577,0.0,0.0,1.0,0.0,0.0,0.0,-0.0385,0.0,0.0,0.0,0.0
0.4323,0.9999963778376803,0.00012199955809619668,0.0026859902708720094,-0.00012199955809621966,0.0,0.0,10.4415,0.0,0.0,1.0,0.0,0.0,0.0,0.0269,0.0,0.0,0.0,0.0
0.4524,0.9999955195476119,-6.505213034913027e-19,0.0029909865989669075,-0.00012199945338486895,0.0,0.0,9.2106,0.0,0.0,1.0,0.0,0.0,0.0,-0.0385,0.0,0.0,0.0,0.0
0.4725,0.9999965398214594,0.00012199957785821768,0.0026249909170313313,-0.00012199957785813398,0.0,0.0,10.0205,0.0,0.0,1.0,0.0,0.0,0.0,0.0269,0.0,0.0,0.0,0.0
0.4926,0.9999955195476119,-6.505213034913027e-19,0.0029909865989669075,-0.00012199945338486895,0.0,0.0,9.323,0.0,0.0,1.0,0.0,0.0,0.0,-0.0385,0.0,0.0,0.0,0.0
0.5126,0.9999963778376803,0.00012199955809619668,0.0026859902708720094,-0.00012199955809621966,0.0,0.0,9.9691,0.0,0.0,1.0,0.0,0.0,0.0,0.0269,0.0,0.0,0.0,0.0
0.5327,0.9999955195476119,-6.505213034913027e-19,0.0029909865989669075,-0.00012199945338486895,0.0,0.0,9.4008,0.0,0.0,1.0,0.0,0.0,0.0,-0.0115,0.0,0.0,0.0,0.0
0.5528,0.9999963778376803,0.00012199955809619668,0.0026859902708720094,-0.00012199955809621966,0.0,0.0,9.9384,0.0,0.0,1.0,0.0,0.0,0.0,-0.0038,0.0,0.0,0.0,0.0
0.5729,0.9999953333781664,-6.099971533606876e-05,0.003051985757470163,-0.00012199943067214836,0.0,0.0,9.3821,0.0,0.0,1.0,0.0,0.0,0.0,0.0115,0.0,0.0,0.0,0.0
0.593,0.999996212133022,0.00012199953788022844,0.0027469895947294116,-0.0001219995378801686,0.0,0.0,9.8123,0.0,0.0,1.0,0.0,0.0,0.0,-0.0269,0.0,0.0,0.0,0.0
0.6131,0.9999953352386403,-2.1684043449710093e-19,0.00305198576314833,-0.00012199943089907796,0.0,0.0,9.4885,0.0,0.0,1.0,0.0,0.0,0.0,0.0308,0.0,0.0,0.0,0.0
0.6332,0.999996212133022,0.00012199953788022844,0.0027469895947294116,-0.0001219995378801686,0.0,0.0,9.6085,0.0,0.0,1.0,0.0,0.0,0.0,-0.0462,0.0,0.0,0.0,0.0
0.6533,0.9999955195476119,-6.505213034913027e-19,0.0029909865989669075,-0.00012199945338486895,0.0,0.0,9.7117,0.0,0.0,1.0,0.0,0.0,0.0,0.0462,0.0,0.0,0.0,0.0
0.6734,0.9999962177144587,0.00012199953856116358,0.002746989610061618,-6.0999769280534195e-05,0.0,0.0,9.3593,0.0,0.0,1.0,0.0,0.0,0.0,-0.0577,0.0,0.0,0.0,0.0
0.6935,0.9999955251290369,-6.505213034913026e-19,0.0029909866156609486,-6.099972703277333e-05,0.0,0.0,9.9781,0.0,0.0,1.0,0.0,0.0,0.0,0.0423,0.0,0.0,0.0,0.0
0.7136,0.999996212133022,0.00012199953788022844,0.0027469895947294116,-0.0001219995378801686,0.0,0.0,9.3128,0.0,0.0,1.0,0.0,0.0,0.0,-0.0577,0.0,0.0,0.0,0.0
0.7337,0.9999955232685619,6.099972691938184e-05,0.0029909866100962684,-6.0999726919475084e-05,0.0,0.0,10.0836,0.0,0.0,1.0,0.0,0.0,0.0,0.0539,0.0,0.0,0.0,0.0
0.7537,0.9999960427074904,0.00012199951721031345,0.0028079888879226334,-0.00012199951721031388,0.0,0.0,9.3206,0.0,0.0,1.0,0.0,0.0,0.0,-0.0654,0.0,0.0,0.0,0.0
0.7738,0.9999955251290369,-6.505213034913026e-19,0.0029909866156609486,-6.099972703277333e-05,0.0,0.0,10.098,0.0,0.0,1.0,0.0,0.0,0.0,0.05,0.0,0.0,0.0,0.0
0.7939,0.9999960482889242,0.00012199951789124835,0.0028079889035952993,-6.0999758945579075e-05,0.0,0.0,9.2678,0.0,0.0,1.0,0.0,0.0,0.0,-0.0654,0.0,0.0,0.0,0.0
0.814,0.9999955251290369,-6.505213034913026e-19,0.0029909866156609486,-6.099972703277333e-05,0.0,0.0,10.1312,0.0,0.0,1.0,0.0,0.0,0.0,0.0654,0.0,0.0,0.0,0.0
0.8341,0.9999960482889242,0.00012199951789124835,0.0028079889035952993,-6.0999758945579075e-05,0.0,0.0,9.2749,0.0,0.0,1.0,0.0,0.0,0.0,-0.0693,0.0,0.0,0.0,0.0
0.8542,0.9999957038566855,6.0999737935257344e-05,0.002929987412300089,-6.099973793521896e-05,0.0,0.0,10.2122,0.0,0.0,1.0,0.0,0.0,0.0,0.0654,0.0,0.0,0.0,0.0
0.8743,0.9999951527902434,-4.336808689942018e-19,0.0031129849106360276,-6.0999704320219283e-05,0.0,0.0,9.2391,0.0,0.0,1.0,0.0,0.0,0.0,-0.0731,0.0,0.0,0.0,0.0
0.8944,0.9999962177144587,0.00012199953856116358,0.002746989610061618,-6.0999769280534195e-05,0.0,0.0,10.391,0.0,0.0,1.0,0.0,0.0,0.0,0.0731,0.0,0.0,0.0,0.0
0.9144,0.9999951509297704,-6.099970420671654e-05,0.0031129849048443753,-6.099970420669898e-05,0.0,0.0,9.4888,0.0,0.0,1.0,0.0,0.0,0.0,-0.0731,0.0,0.0,0.0,0.0
0.9345,0.9999962232958954,6.099976962104914e-05,0.0027469896253938253,-6.099976962109511e-05,0.0,0.0,10.392,0.0,0.0,1.0,0.0,0.0,0.0,0.0693,0.0,0.0,0.0,0.0
0.9546,0.9999951509297704,-6.099970420671654e-05,0.0031129849048443753,-6.099970420669898e-05,0.0,0.0,9.6277,0.0,0.0,1.0,0.0,0.0,0.0,-0.0693,0.0,0.0,0.0,0.0
0.9747,0.9999962232958954,6.099976962104914e-05,0.0027469896253938253,-6.099976962109511e-05,0.0,0.0,10.2286,0.0,0.0,1.0,0.0,0.0,0.0,0.0577,0.0,0.0,0.0,0.0
0.9948,0.9999951509297704,-6.099970420671654e-05,0.0031129849048443753,-6.099970420669898e-05,0.0,0.0,9.8304,0.0,0.0,1.0,0.0,0.0,0.0,-0.05,0.0,0.0,0.0,0.0
1.0149,0.9999962232958954,6.099976962104914e-05,0.0027469896253938253,-6.099976962109511e-05,0.0,0.0,10.0483,0.0,0.0,1.0,0.0,0.0,0.0,0.0462,0.0,0.0,0.0,0.0
1.035,0.9999951453483518,-0.00012199940773249926,0.003112984887469419,-6.09997038663046e-05,0.0,0.0,10.0912,0.0,0.0,1.0,0.0,0.0,0.0,-0.0462,0.0,0.0,0.0,0.0
1.0551,0.9999958825844298,-6.505213034913028e-19,0.0028689881871347294,-6.0999748837609065e-05,0.0,0.0,9.774,0.0,0.0,1.0,0.0,0.0,0.0,0.0423,0.0,0.0,0.0,0.0
1.0753,0.9999960557308362,-2.168404344971009e-19,0.0028079889244921885,-6.099975939960478e-05,0.0,0.0,10.3291,0.0,0.0,1.0,0.0,0.0,0.0,-0.0308,0.0,0.0,0.0,0.0
1.0954,0.9999949535976995,-0.00012199938433891987,0.003173983982719098,-6.09996921694389e-05,0.0,0.0,9.2076,0.0,0.0,1.0,0.0,0.0,0.0,0.0192,0.0,0.0,0.0,0.0
1.1155,0.9999949535976995,-0.00012199938433891987,0.003173983982719098,-6.09996921694389e-05,0.0,0.0,9.2076,0.0,0.0,1.0,0.0,0.0,0.0,-0.0077,0.0,0.0,0.0,0.0
1.1356,0.999996057591314,-4.336808689942018e-19,0.0028079889297164097,0.0,0.0,0.0,10.2717,0.0,0.0,1.0,0.0,0.0,0.0,-0.0038,0.0,0.0,0.0,0.0
1.1557,0.9999949535976995,-0.00012199938433891987,0.003173983982719098,-6.09996921694389e-05,0.0,0.0,9.2132,0.0,0.0,1.0,0.0,0.0,0.0,0.0077,0.0,0.0,0.0,0.0
1.1758,0.9999960557308362,-2.168404344971009e-19,0.0028079889244921885,-6.099975939960478e-05,0.0,0.0,10.0592,0.0,0.0,1.0,0.0,0.0,0.0,-0.0231,0.0,0.0,0.0,0.0
1.1958,0.9999949442953405,-0.00018299907480604774,0.0031739839531934105,-6.09996916019484e-05,0.0,0.0,9.2786,0.0,0.0,1.0,0.0,0.0,0.0,0.0308,0.0,0.0,0.0,0.0
1.2163,0.9999962251563743,-4.336808689942018e-19,0.00274698963050456,-6.099976973450438e-05,0.0,0.0,9.8417,0.0,0.0,1.0,0.0,0.0,0.0,-0.0462,0.0,0.0,0.0,0.0
1.2364,0.9999953240757966,-0.00018299914430587095,0.0030519857290793317,-6.09997147686947e-05,0.0,0.0,9.4065,0.0,0.0,1.0,0.0,0.0,0.0,0.05,0.0,0.0,0.0,0.0
1.2565,0.9999962251563743,-4.336808689942018e-19,0.00274698963050456,-6.099976973450438e-05,0.0,0.0,9.5804,0.0,0.0,1.0,0.0,0.0,0.0,-0.0616,0.0,0.0,0.0,0.0
1.2766,0.9999953240757966,-0.00018299914430587095,0.0030519857290793317,-6.09997147686947e-05,0.0,0.0,9.5926,0.0,0.0,1.0,0.0,0.0,0.0,0.0654,0.0,0.0,0.0,0.0
1.2967,0.9999960538703581,-6.0999759286092066e-05,0.0028079889192679655,-6.09997592861955e-05,0.0,0.0,9.3664,0.0,0.0,1.0,0.0,0.0,0.0,-0.0693,0.0,0.0,0.0,0.0
1.3168,0.9999955176871369,-0.00012199945315783094,0.002990986593402226,-6.099972657891417e-05,0.0,0.0,9.8922,0.0,0.0,1.0,0.0,0.0,0.0,0.0654,0.0,0.0,0.0,0.0
1.3369,0.9999951453483518,-0.00012199940773249926,0.003112984887469419,-6.09997038663046e-05,0.0,0.0,9.306,0.0,0.0,1.0,0.0,0.0,0.0,-0.0693,0.0,0.0,0.0,0.0
1.357,0.999996390861039,-6.505213034913027e-19,0.0026859903058527503,-6.099977984258542e-05,0.0,0.0,10.5475,0.0,0.0,1.0,0.0,0.0,0.0,0.0616,0.0,0.0,0.0,0.0
1.3771,0.9999951453483518,-0.00012199940773249926,0.003112984887469419,-6.09997038663046e-05,0.0,0.0,9.3291,0.0,0.0,1.0,0.0,0.0,0.0,-0.0577,0.0,0.0,0.0,0.0
1.3972,0.9999963834191197,6.099977938856579e-05,0.0026859902858637555,-0.00012199955877717494,0.0,0.0,10.5101,0.0,0.0,1.0,0.0,0.0,0.0,0.0539,0.0,0.0,0.0,0.0
1.4173,0.9999955232685619,-6.0999726919382926e-05,0.002990986610096269,-6.0999726919475084e-05,0.0,0.0,9.5018,0.0,0.0,1.0,0.0,0.0,0.0,-0.05,0.0,0.0,0.0,0.0
1.4374,0.9999965509843437,6.0999789610044406e-05,0.002624990946333903,-6.0999789610161066e-05,0.0,0.0,10.3546,0.0,0.0,1.0,0.0,0.0,0.0,0.0423,0.0,0.0,0.0,0.0
1.4575,0.9999955232685619,-6.0999726919382926e-05,0.002990986610096269,-6.0999726919475084e-05,0.0,0.0,9.7765,0.0,0.0,1.0,0.0,0.0,0.0,-0.0308,0.0,0.0,0.0,0.0
1.4776,0.9999965509843437,6.0999789610044406e-05,0.002624990946333903,-6.0999789610161066e-05,0.0,0.0,10.0472,0.0,0.0,1.0,0.0,0.0,0.0,0.0192,0.0,0.0,0.0,0.0
1.4976,0.9999955232685619,-6.0999726919382926e-05,0.002990986610096269,-6.0999726919475084e-05,0.0,0.0,10.0131,0.0,0.0,1.0,0.0,0.0,0.0,-0.0077,0.0,0.0,0.0,0.0
1.5177,0.9999965509843437,6.0999789610044406e-05,0.002624990946333903,-6.0999789610161066e-05,0.0,0.0,9.8068,0.0,0.0,1.0,0.0,0.0,0.0,-0.0038,0.0,0.0,0.0,0.0
1.5378,0.9999958807239528,-6.099974872416118e-05,0.0028689881817970204,-6.0999748724088754e-05,0.0,0.0,10.3617,0.0,0.0,1.0,0.0,0.0,0.0,0.0154,0.0,0.0,0.0,0.0
1.5578,0.9999962232958954,6.099976962104914e-05,0.0027469896253938253,-6.099976962109511e-05,0.0,0.0,9.5446,0.0,0.0,1.0,0.0,0.0,0.0,-0.0231,0.0,0.0,0.0,0.0
1.5779,0.9999960538703581,-6.0999759286092066e-05,0.0028079889192679655,-6.09997592861955e-05,0.0,0.0,10.562,0.0,0.0,1.0,0.0,0.0,0.0,0.0346,0.0,0.0,0.0,0.0
1.598,0.9999962251563743,-4.336808689942018e-19,0.00274698963050456,-6.099976973450438e-05,0.0,0.0,9.454,0.0,0.0,1.0,0.0,0.0,0.0,-0.0462,0.0,0.0,0.0,0.0
1.6195,0.9999962251563743,-4.336808689942018e-19,0.00274698963050456,-6.099976973450438e-05,0.0,0.0,10.6741,0.0,0.0,1.0,0.0,0.0,0.0,0.0462,0.0,0.0,0.0,0.0
1.6396,0.9999960557308362,-2.168404344971009e-19,0.0028079889244921885,-6.099975939960478e-05,0.0,0.0,9.2942,0.0,0.0,1.0,0.0,0.0,0.0,-0.05,0.0,0.0,0.0,0.0
1.6596,0.999996390861039,6.0999779842522755e-05,0.0026859903058527503,0.0,0.0,0.0,10.5167,0.0,0.0,1.0,0.0,0.0,0.0,0.0616,0.0,0.0,0.0,0.0
1.6797,0.9999958825844298,-6.505213034913028e-19,0.0028689881871347294,-6.0999748837609065e-05,0.0,0.0,9.2273,0.0,0.0,1.0,0.0,0.0,0.0,-0.0654,0.0,0.0,0.0,0.0
1.6998,0.9999965509843437,6.0999789610044406e-05,0.002624990946333903,-6.0999789610161066e-05,0.0,0.0,10.4259,0.0,0.0,1.0,0.0,0.0,0.0,0.0693,0.0,0.0,0.0,0.0
1.7198,0.9999958807239528,-6.099974872416118e-05,0.0028689881817970204,-6.0999748724088754e-05,0.0,0.0,9.1918,0.0,0.0,1.0,0.0,0.0,0.0,-0.0693,0.0,0.0,0.0,0.0
1.7399,0.9999968681522129,6.0999808957284355e-05,0.002501992164116836,0.0,0.0,0.0,10.3868,0.0,0.0,1.0,0.0,0.0,0.0,0.0693,0.0,0.0,0.0,0.0
1.76,0.9999962270168532,-4.336808689942018e-19,0.002746989635615296,0.0,0.0,0.0,9.1764,0.0,0.0,1.0,0.0,0.0,0.0,-0.0654,0.0,0.0,0.0,0.0
1.7801,0.9999971603700953,0.00012199965356515104,0.002379993241680827,0.0,0.0,0.0,10.1962,0.0,0.0,1.0,0.0,0.0,0.0,0.0577,0.0,0.0,0.0,0.0
1.8001,0.999996057591314,-4.336808689942018e-19,0.0028079889297164097,0.0,0.0,0.0,9.1783,0.0,0.0,1.0,0.0,0.0,0.0,-0.0539,0.0,0.0,0.0,0.0
1.8202,0.9999968625707653,0.00012199961723363295,0.002501992150152055,0.0,0.0,0.0,9.9974,0.0,0.0,1.0,0.0,0.0,0.0,0.05,0.0,0.0,0.0,0.0
1.8403,0.9999962270168532,-4.336808689942018e-19,0.002746989635615296,0.0,0.0,0.0,9.3375,0.0,0.0,1.0,0.0,0.0,0.0,-0.0385,0.0,0.0,0.0,0.0
1.8603,0.9999972943859805,0.00018299950487263379,0.0023189937256810887,0.0,0.0,0.0,9.7828,0.0,0.0,1.0,0.0,0.0,0.0,0.0308,0.0,0.0,0.0,0.0
1.8804,0.9999970133308804,0.0001219996356263671,0.002440992709540679,0.0,0.0,0.0,10.4018,0.0,0.0,1.0,0.0,0.0,0.0,-0.0192,0.0,0.0,0.0,0.0
1.9005,0.9999965528448245,6.099978972353391e-05,0.0026249909512176643,0.0,0.0,0.0,9.1499,0.0,0.0,1.0,0.0,0.0,0.0,0.0077,0.0,0.0,0.0,0.0
1.9205,0.9999971510676747,0.00018299947864538406,0.0023799932195410663,0.0,0.0,0.0,10.4865,0.0,0.0,1.0,0.0,0.0,0.0,0.0038,0.0,0.0,0.0,0.0
1.9406,0.9999965472633822,0.00012199957876613206,0.0026249909365663785,0.0,0.0,0.0,9.3457,0.0,0.0,1.0,0.0,0.0,0.0,-0.0115,0.0,0.0,0.0,0.0
1.9607,0.9999970021679805,0.00018299945139674015,0.00244099268229204,6.099981713225676e-05,0.0,0.0,10.3209,0.0,0.0,1.0,0.0,0.0,0.0,0.0231,0.0,0.0,0.0,0.0
1.9808,0.9999963890005591,6.099977972903368e-05,0.0026859903008555016,6.0999779729120636e-05,0.0,0.0,9.4458,0.0,0.0,1.0,0.0,0.0,0.0,-0.0308,0.0,0.0,0.0,0.0
2.0008,0.9999971492071906,0.00018299947830491555,0.0023799932151131148,6.099982610152655e-05,0.0,0.0,10.2788,0.0,0.0,1.0,0.0,0.0,0.0,0.0462,0.0,0.0,0.0,0.0
2.0209,0.9999963890005591,6.099977972903368e-05,0.0026859903008555016,6.0999779729120636e-05,0.0,0.0,9.6996,0.0,0.0,1.0,0.0,0.0,0.0,-0.05,0.0,0.0,0.0,0.0
2.041,0.9999970021679805,0.00018299945139674015,0.00244099268229204,6.099981713225676e-05,0.0,0.0,10.2078,0.0,0.0,1.0,0.0,0.0,0.0,0.0616,0.0,0.0,0.0,0.0
2.0611,0.9999963890005591,6.099977972903368e-05,0.0026859903008555016,6.0999779729120636e-05,0.0,0.0,9.8936,0.0,0.0,1.0,0.0,0.0,0.0,-0.0616,0.0,0.0,0.0,0.0
2.0811,0.9999970021679805,0.00018299945139674015,0.00244099268229204,6.099981713225676e-05,0.0,0.0,10.059,0.0,0.0,1.0,0.0,0.0,0.0,0.0693,0.0,0.0,0.0,0.0
2.1012,0.9999962177144587,0.00012199953856116357,0.0027469896100616176,6.099976928053419e-05,0.0,0.0,10.082,0.0,0.0,1.0,0.0,0.0,0.0,-0.0654,0.0,0.0,0.0,0.0
2.1213,0.999996989144598,0.00024399926535128148,0.0024409926505019643,6.099981633783669e-05,0.0,0.0,9.8847,0.0,0.0,1.0,0.0,0.0,0.0,0.0693,0.0,0.0,0.0,0.0
2.1414,0.9999962177144587,0.00012199953856116357,0.0027469896100616176,6.099976928053419e-05,0.0,0.0,10.239,0.0,0.0,1.0,0.0,0.0,0.0,-0.0693,0.0,0.0,0.0,0.0
2.1615,0.9999966987873472,0.0001829993958780841,0.0025629915389919706,0.0,0.0,0.0,9.6416,0.0,0.0,1.0,0.0,0.0,0.0,0.0654,0.0,0.0,0.0,0.0
2.1815,0.999996853268353,0.000182999424148108,0.002501992126877419,0.0,0.0,0.0,10.3541,0.0,0.0,1.0,0.0,0.0,0.0,-0.0693,0.0,0.0,0.0,0.0
2.2016,0.999996853268353,0.000182999424148108,0.002501992126877419,0.0,0.0,0.0,10.3541,0.0,0.0,1.0,0.0,0.0,0.0,0.0654,0.0,0.0,0.0,0.0
2.2217,0.9999955251290369,6.099972703287069e-05,0.0029909866156609486,0.0,0.0,0.0,9.2749,0.0,0.0,1.0,0.0,0.0,0.0,-0.0731,0.0,0.0,0.0,0.0
2.2417,0.9999965379609788,0.00018299936644685885,0.002624990912147569,0.0,0.0,0.0,10.1503,0.0,0.0,1.0,0.0,0.0,0.0,0.0654,0.0,0.0,0.0,0.0
2.2618,0.9999953426805362,-4.336808689942018e-19,0.0030519857858609966,0.0,0.0,0.0,9.2716,0.0,0.0,1.0,0.0,0.0,0.0,-0.0616,0.0,0.0,0.0,0.0
2.2819,0.9999963759772005,0.00018299933680382714,0.002685990265874761,0.0,0.0,0.0,10.1503,0.0,0.0,1.0,0.0,0.0,0.0,0.0577,0.0,0.0,0.0,0.0
2.302,0.9999953426805362,-4.336808689942018e-19,0.0030519857858609966,0.0,0.0,0.0,9.2884,0.0,0.0,1.0,0.0,0.0,0.0,-0.0462,0.0,0.0,0.0,0.0
2.3221,0.9999963741167207,0.00018299933646335944,0.002685990260877512,-6.099977882106922e-05,0.0,0.0,10.0514,0.0,0.0,1.0,0.0,0.0,0.0,0.0385,0.0,0.0,0.0,0.0
2.3421,0.9999951546507164,-6.505213034913027e-19,0.0031129849164276795,0.0,0.0,0.0,9.1992,0.0,0.0,1.0,0.0,0.0,0.0,-0.0269,0.0,0.0,0.0,0.0
2.3622,0.9999962084120644,0.00018299930613940754,0.002746989584507941,-6.099976871315471e-05,0.0,0.0,9.9155,0.0,0.0,1.0,0.0,0.0,0.0,0.0192,0.0,0.0,0.0,0.0
2.3823,0.9999949610395871,-4.336808689942018e-19,0.003173984006339649,-6.0999692623409096e-05,0.0,0.0,9.3422,0.0,0.0,1.0,0.0,0.0,0.0,-0.0077,0.0,0.0,0.0,0.0
2.4023,0.9999962084120644,0.00018299930613940754,0.002746989584507941,-6.099976871315471e-05,0.0,0.0,9.7166,0.0,0.0,1.0,0.0,0.0,0.0,0.0,0.0,0.0,0.0,0.0
2.4224,0.9999949610395871,6.09996926234143e-05,0.003173984006339649,0.0,0.0,0.0,9.4415,0.0,0.0,1.0,0.0,0.0,0.0,0.0115,0.0,0.0,0.0,0.0
2.4425,0.9999962102725433,0.000182999306479875,0.0027469895896186764,0.0,0.0,0.0,9.5206,0.0,0.0,1.0,0.0,0.0,0.0,-0.0231,0.0,0.0,0.0,0.0
2.4625,0.9999953408200621,6.099971579002312e-05,0.0030519857801828303,0.0,0.0,0.0,9.6581,0.0,0.0,1.0,0.0,0.0,0.0,0.0308,0.0,0.0,0.0,0.0
2.4826,0.9999960408470125,0.00018299927547500271,0.0028079888826984113,0.0,0.0,0.0,9.3979,0.0,0.0,1.0,0.0,0.0,0.0,-0.0423,0.0,0.0,0.0,0.0
2.5027,0.9999955251290369,6.099972703287069e-05,0.0029909866156609486,0.0,0.0,0.0,9.8587,0.0,0.0,1.0,0.0,0.0,0.0,0.0462,0.0,0.0,0.0,0.0
2.5227,0.9999958770029989,0.0001219994969943656,0.0028689881711216037,0.0,0.0,0.0,9.3526,0.0,0.0,1.0,0.0,0.0,0.0,-0.0577,0.0,0.0,0.0,0.0
2.5428,0.9999956982752574,0.0001219994751895806,0.0029299873959465037,-6.099973759482456e-05,0.0,0.0,10.0925,0.0,0.0,1.0,0.0,0.0,0.0,0.0539,0.0,0.0,0.0,0.0
2.5629,0.9999958751425219,0.00012199949676738724,0.002868988165783895,-6.099974838369438e-05,0.0,0.0,9.3102,0.0,0.0,1.0,0.0,0.0,0.0,-0.0577,0.0,0.0,0.0,0.0
2.5829,0.9999958751425219,0.00012199949676738724,0.002868988165783895,-6.099974838369438e-05,0.0,0.0,10.3588,0.0,0.0,1.0,0.0,0.0,0.0,0.0654,0.0,0.0,0.0,0.0
2.603,0.9999958658401371,0.00018299924344874455,0.0028689881390953536,-6.0999747816259386e-05,0.0,0.0,9.2964,0.0,0.0,1.0,0.0,0.0,0.0,-0.0693,0.0,0.0,0.0,0.0
2.6231,0.9999958658401371,0.00018299924344874455,0.0028689881390953536,-6.0999747816259386e-05,0.0,0.0,10.4806,0.0,0.0,1.0,0.0,0.0,0.0,0.0693,0.0,0.0,0.0,0.0
2.6432,0.9999956889728776,0.00018299921108203606,0.0029299873686905314,-6.099973702738959e-05,0.0,0.0,9.3103,0.0,0.0,1.0,0.0,0.0,0.0,-0.0731,0.0,0.0,0.0,0.0
2.6632,0.9999960389865347,0.0001829992751345357,0.0028079888774741896,-6.099975837814409e-05,0.0,0.0,10.5837,0.0,0.0,1.0,0.0,0.0,0.0,0.0731,0.0,0.0,0.0,0.0
2.6833,0.9999955176871369,0.00012199945315782986,0.002990986593402226,-6.099972657891417e-05,0.0,0.0,9.2884,0.0,0.0,1.0,0.0,0.0,0.0,-0.0654,0.0,0.0,0.0,0.0
2.7034,0.9999962084120644,0.00018299930613940754,0.002746989584507941,-6.099976871315471e-05,0.0,0.0,10.5894,0.0,0.0,1.0,0.0,0.0,0.0,0.0693,0.0,0.0,0.0,0.0
2.7234,0.9999955176871369,0.00012199945315782986,0.002990986593402226,-6.099972657891417e-05,0.0,0.0,9.277,0.0,0.0,1.0,0.0,0.0,0.0,-0.0577,0.0,0.0,0.0,0.0
2.7435,0.9999963610933627,0.00024399911210677997,0.002685990225896772,-6.0999778026760154e-05,0.0,0.0,10.5185,0.0,0.0,1.0,0.0,0.0,0.0,0.0539,0.0,0.0,0.0,0.0
2.7636,0.9999955176871369,0.00012199945315782986,0.002990986593402226,-6.099972657891417e-05,0.0,0.0,9.3635,0.0,0.0,1.0,0.0,0.0,0.0,-0.05,0.0,0.0,0.0,0.0
2.7837,0.9999965361004981,0.00018299936610639096,0.0026249909072638077,-6.099978870216516e-05,0.0,0.0,10.4731,0.0,0.0,1.0,0.0,0.0,0.0,0.0385,0.0,0.0,0.0,0.0
2.8037,0.9999955232685619,6.099972691938184e-05,0.0029909866100962684,-6.0999726919475084e-05,0.0,0.0,9.4295,0.0,0.0,1.0,0.0,0.0,0.0,-0.0269,0.0,0.0,0.0,0.0
2.8238,0.9999965361004981,0.00018299936610639096,0.0026249909072638077,-6.099978870216516e-05,0.0,0.0,10.3217,0.0,0.0,1.0,0.0,0.0,0.0,0.0192,0.0,0.0,0.0,0.0
2.8439,0.9999953389595881,6.099971567653427e-05,0.003051985774504664,-6.0999715676468565e-05,0.0,0.0,9.5783,0.0,0.0,1.0,0.0,0.0,0.0,-0.0077,0.0,0.0,0.0,0.0
2.8639,0.9999956982752574,0.0001219994751895806,0.0029299873959465037,-6.099973759482456e-05,0.0,0.0,9.4296,0.0,0.0,1.0,0.0,0.0,0.0,0.0,0.0,0.0,0.0,0.0
2.884,0.9999956982752574,0.0001219994751895806,0.0029299873959465037,-6.099973759482456e-05,0.0,0.0,9.8287,0.0,0.0,1.0,0.0,0.0,0.0,0.0115,0.0,0.0,0.0,0.0
2.9041,0.9999951397669331,0.00012199940705156587,0.0031129848700944627,-0.00012199940705165391,0.0,0.0,9.4138,0.0,0.0,1.0,0.0,0.0,0.0,-0.0231,0.0,0.0,0.0,0.0
2.9241,0.9999958658401371,0.00018299924344874455,0.0028689881390953536,-6.0999747816259386e-05,0.0,0.0,10.0143,0.0,0.0,1.0,0.0,0.0,0.0,0.0269,0.0,0.0,0.0,0.0
2.9442,0.9999951453483518,0.00012199940773249796,0.0031129848874694188,-6.09997038663046e-05,0.0,0.0,9.4194,0.0,0.0,1.0,0.0,0.0,0.0,-0.0385,0.0,0.0,0.0,0.0
2.9643,0.9999960259631896,0.00024399903033501768,0.002807988840904637,-6.09997575836685e-05,0.0,0.0,10.3633,0.0,0.0,1.0,0.0,0.0,0.0,0.0346,0.0,0.0,0.0,0.0
2.9843,0.9999949535976995,0.00012199938433891922,0.0031739839827190984,-6.09996921694389e-05,0.0,0.0,9.3387,0.0,0.0,1.0,0.0,0.0,0.0,-0.0423,0.0,0.0,0.0,0.0
3.0044,0.9999960259631896,0.00024399903033501768,0.002807988840904637,-6.09997575836685e-05,0.0,0.0,10.0547,0.0,0.0,1.0,0.0,0.0,0.0,-0.0577,0.0,0.0,0.0,0.0
3.0245,0.9999949480162842,0.00012199938365798583,0.003173983965003686,-0.00012199938365797802,0.0,0.0,9.3582,0.0,0.0,1.0,0.0,0.0,0.0,-0.0577,0.0,0.0,0.0,0.0
3.0446,0.9999960259631896,0.00024399903033501768,0.002807988840904637,-6.09997575836685e-05,0.0,0.0,9.8331,0.0,0.0,1.0,0.0,0.0,0.0,-0.0654,0.0,0.0,0.0,0.0
3.0647,0.9999947581262162,0.00012199936049139804,0.00323498304253831,-6.0999680245588106e-05,0.0,0.0,9.4078,0.0,0.0,1.0,0.0,0.0,0.0,0.0693,0.0,0.0,0.0,0.0
3.0847,0.9999956759495463,0.0002439989449316887,0.0029299873305321704,-6.099973623291399e-05,0.0,0.0,9.6117,0.0,0.0,1.0,0.0,0.0,0.0,-0.0654,0.0,0.0,0.0,0.0
3.1048,0.9999947581262162,0.00012199936049139804,0.00323498304253831,-6.0999680245588106e-05,0.0,0.0,9.5482,0.0,0.0,1.0,0.0,0.0,0.0,0.0616,0.0,0.0,0.0,0.0
3.1249,0.9999956759495463,0.0002439989449316887,0.0029299873305321704,-6.099973623291399e-05,0.0,0.0,9.5804,0.0,0.0,1.0,0.0,0.0,0.0,-0.0616,0.0,0.0,0.0,0.0
3.145,0.9999947581262162,0.00012199936049139804,0.00323498304253831,-6.0999680245588106e-05,0.0,0.0,9.6647,0.0,0.0,1.0,0.0,0.0,0.0,0.0577,0.0,0.0,0.0,0.0
3.165,0.9999947581262162,0.00012199936049139804,0.00323498304253831,-6.0999680245588106e-05,0.0,0.0,9.5446,0.0,0.0,1.0,0.0,0.0,0.0,-0.0462,0.0,0.0,0.0,0.0
3.1851,0.9999955102452371,0.0001829991783748779,0.0029909865711435046,0.0,0.0,0.0,10.3145,0.0,0.0,1.0,0.0,0.0,0.0,0.0385,0.0,0.0,0.0,0.0
3.2052,0.9999945589339081,0.00012199933618993637,0.003295982066246161,-6.099966809497426e-05,0.0,0.0,9.4457,0.0,0.0,1.0,0.0,0.0,0.0,-0.0308,0.0,0.0,0.0,0.0
3.2252,0.999995495361438,0.00024399890086819042,0.0029909865266260606,-6.0999725217003586e-05,0.0,0.0,10.2788,0.0,0.0,1.0,0.0,0.0,0.0,0.0192,0.0,0.0,0.0,0.0
3.2453,0.9999945589339081,0.00012199933618993637,0.003295982066246161,-6.099966809497426e-05,0.0,0.0,9.5862,0.0,0.0,1.0,0.0,0.0,0.0,-0.0077,0.0,0.0,0.0,0.0
3.2654,0.999995495361438,0.00024399890086819042,0.0029909865266260606,-6.0999725217003586e-05,0.0,0.0,10.1191,0.0,0.0,1.0,0.0,0.0,0.0,0.0,0.0,0.0,0.0,0.0
3.2854,0.9999943467184398,0.0001829989654494738,0.003356981021933803,-6.099965514971828e-05,0.0,0.0,9.7474,0.0,0.0,1.0,0.0,0.0,0.0,0.0115,0.0,0.0,0.0,0.0
3.3055,0.9999953110524796,0.00024399885589680465,0.003051985689332168,-6.0999713974163594e-05,0.0,0.0,9.8908,0.0,0.0,1.0,0.0,0.0,0.0,-0.0192,0.0,0.0,0.0,0.0
3.3256,0.9999943467184398,0.0001829989654494738,0.003356981021933803,-6.099965514971828e-05,0.0,0.0,9.9416,0.0,0.0,1.0,0.0,0.0,0.0,0.0308,0.0,0.0,0.0,0.0
3.3456,0.9999953110524796,0.00024399885589680465,0.003051985689332168,-6.0999713974163594e-05,0.0,0.0,9.6889,0.0,0.0,1.0,0.0,0.0,0.0,-0.0385,0.0,0.0,0.0,0.0
3.3657,0.9999953110524796,0.00024399885589680465,0.003051985689332168,-6.0999713974163594e-05,0.0,0.0,9.6889,0.0,0.0,1.0,0.0,0.0,0.0,0.0462,0.0,0.0,0.0,0.0
3.3858,0.9999953240757966,0.00018299914430587008,0.0030519857290793317,-6.09997147686947e-05,0.0,0.0,10.2011,0.0,0.0,1.0,0.0,0.0,0.0,-0.05,0.0,0.0,0.0,0.0
3.4058,0.9999943560207821,0.00012199931143453508,0.003356981053161766,-6.09996557173198e-05,0.0,0.0,9.4257,0.0,0.0,1.0,0.0,0.0,0.0,0.0577,0.0,0.0,0.0,0.0
3.4259,0.9999953129129535,0.0002439988563507601,0.003051985695010334,0.0,0.0,0.0,10.1269,0.0,0.0,1.0,0.0,0.0,0.0,-0.0616,0.0,0.0,0.0,0.0
3.446,0.9999943560207821,0.00012199931143453508,0.003356981053161766,-6.09996557173198e-05,0.0,0.0,9.4012,0.0,0.0,1.0,0.0,0.0,0.0,0.0654,0.0,0.0,0.0,0.0
3.466,0.9999955083847621,0.0001829991780344111,0.002990986565578823,-6.099972601142367e-05,0.0,0.0,9.934,0.0,0.0,1.0,0.0,0.0,0.0,-0.0693,0.0,0.0,0.0,0.0
3.4861,0.9999945645153172,6.099966843543412e-05,0.0032959820846424855,-6.099966843536864e-05,0.0,0.0,9.4235,0.0,0.0,1.0,0.0,0.0,0.0,0.0693,0.0,0.0,0.0,0.0
3.5062,0.9999955083847621,0.0001829991780344111,0.002990986565578823,-6.099972601142367e-05,0.0,0.0,9.7941,0.0,0.0,1.0,0.0,0.0,0.0,-0.0654,0.0,0.0,0.0,0.0
3.5262,0.9999945645153172,6.099966843543412e-05,0.0032959820846424855,-6.099966843536864e-05,0.0,0.0,9.4065,0.0,0.0,1.0,0.0,0.0,0.0,0.0654,0.0,0.0,0.0,0.0
3.5463,0.9999955102452371,0.0001829991783748779,0.0029909865711435046,0.0,0.0,0.0,9.5825,0.0,0.0,1.0,0.0,0.0,0.0,-0.0577,0.0,0.0,0.0,0.0
3.5664,0.9999943634626562,6.099965617122191e-05,0.0033569810781441363,0.0,0.0,0.0,9.5124,0.0,0.0,1.0,0.0,0.0,0.0,0.0539,0.0,0.0,0.0,0.0
3.5865,0.9999953259362706,0.0001829991446463371,0.003051985734757498,0.0,0.0,0.0,9.5748,0.0,0.0,1.0,0.0,0.0,0.0,-0.0462,0.0,0.0,0.0,0.0
3.6066,0.9999947637076285,6.0999680586165065e-05,0.003234983060594178,-6.099968058620453e-05,0.0,0.0,9.6281,0.0,0.0,1.0,0.0,0.0,0.0,0.0385,0.0,0.0,0.0,0.0
3.6266,0.9999955102452371,0.0001829991783748779,0.0029909865711435046,0.0,0.0,0.0,9.5523,0.0,0.0,1.0,0.0,0.0,0.0,-0.0269,0.0,0.0,0.0,0.0
3.6467,0.9999951453483518,0.00012199940773249796,0.0031129848874694188,-6.09997038663046e-05,0.0,0.0,9.9018,0.0,0.0,1.0,0.0,0.0,0.0,0.0192,0.0,0.0,0.0,0.0
3.6668,0.9999953240757966,0.00018299914430587008,0.0030519857290793317,-6.09997147686947e-05,0.0,0.0,9.5523,0.0,0.0,1.0,0.0,0.0,0.0,-0.0077,0.0,0.0,0.0,0.0
3.6868,0.9999951472088247,0.00012199940795947569,0.0031129848932610706,0.0,0.0,0.0,10.0884,0.0,0.0,1.0,0.0,0.0,0.0,0.0,0.0,0.0,0.0,0.0
3.7069,0.9999951360459873,0.00018299910989641476,0.0031129848585111585,-6.099970329886961e-05,0.0,0.0,9.4601,0.0,0.0,1.0,0.0,0.0,0.0,0.0115,0.0,0.0,0.0,0.0
3.727,0.9999953259362706,0.0001829991446463371,0.003051985734757498,0.0,0.0,0.0,10.3188,0.0,0.0,1.0,0.0,0.0,0.0,-0.0192,0.0,0.0,0.0,0.0
3.747,0.9999951379064602,0.00018299911023688178,0.00311298486430281,0.0,0.0,0.0,9.4365,0.0,0.0,1.0,0.0,0.0,0.0,0.0308,0.0,0.0,0.0,0.0
3.7671,0.9999956908333536,0.00018299921142250354,0.002929987374141726,0.0,0.0,0.0,10.44,0.0,0.0,1.0,0.0,0.0,0.0,-0.0385,0.0,0.0,0.0,0.0
3.7872,0.9999951472088247,0.00012199940795947569,0.0031129848932610706,0.0,0.0,0.0,9.4183,0.0,0.0,1.0,0.0,0.0,0.0,0.05,0.0,0.0,0.0,0.0
3.8072,0.999995867700614,0.00018299924378921222,0.0028689881444330613,0.0,0.0,0.0,10.3847,0.0,0.0,1.0,0.0,0.0,0.0,-0.0539,0.0,0.0,0.0,0.0
3.8273,0.9999951527902435,6.099970432020454e-05,0.0031129849106360276,0.0,0.0,0.0,9.5548,0.0,0.0,1.0,0.0,0.0,0.0,0.0616,0.0,0.0,0.0,0.0
3.8474,0.9999960408470125,0.00018299927547500271,0.0028079888826984113,0.0,0.0,0.0,10.2315,0.0,0.0,1.0,0.0,0.0,0.0,-0.0616,0.0,0.0,0.0,0.0
3.8674,0.9999955195476119,0.00012199945338480823,0.0029909865989669075,0.0,0.0,0.0,9.6633,0.0,0.0,1.0,0.0,0.0,0.0,0.0654,0.0,0.0,0.0,0.0
3.8875,0.9999955195476119,0.00012199945338480823,0.0029909865989669075,0.0,0.0,0.0,9.5414,0.0,0.0,1.0,0.0,0.0,0.0,-0.0654,0.0,0.0,0.0,0.0
3.9076,0.9999957001357334,0.00012199947541655898,0.0029299874013976983,0.0,0.0,0.0,10.395,0.0,0.0,1.0,0.0,0.0,0.0,0.0616,0.0,0.0,0.0,0.0
3.9276,0.9999953408200621,6.099971579002312e-05,0.0030519857801828303,0.0,0.0,0.0,9.5137,0.0,0.0,1.0,0.0,0.0,0.0,-0.0577,0.0,0.0,0.0,0.0
3.9477,0.9999956982752575,0.00012199947518958063,0.0029299873959465045,6.099973759482458e-05,0.0,0.0,10.2858,0.0,0.0,1.0,0.0,0.0,0.0,0.0539,0.0,0.0,0.0,0.0
3.9678,0.9999951527902435,6.099970432020454e-05,0.0031129849106360276,0.0,0.0,0.0,9.4995,0.0,0.0,1.0,0.0,0.0,0.0,-0.0462,0.0,0.0,0.0,0.0
3.9878,0.9999958751425219,0.00012199949676738723,0.0028689881657838947,6.0999748383694374e-05,0.0,0.0,10.1604,0.0,0.0,1.0,0.0,0.0,0.0,0.0385,0.0,0.0,0.0,0.0
4.0079,0.9999951527902435,6.099970432020454e-05,0.0031129849106360276,0.0,0.0,0.0,9.4553,0.0,0.0,1.0,0.0,0.0,0.0,-0.0269,0.0,0.0,0.0,0.0
4.028,0.9999960501494021,0.00012199951811822649,0.002807988908819521,0.0,0.0,0.0,10.3578,0.0,0.0,1.0,0.0,0.0,0.0,0.0192,0.0,0.0,0.0,0.0
4.0481,0.9999951546507164,-6.505213034913027e-19,0.0031129849164276795,0.0,0.0,0.0,9.4304,0.0,0.0,1.0,0.0,0.0,0.0,-0.0077,0.0,0.0,0.0,0.0
4.0681,0.9999960501494021,0.00012199951811822649,0.002807988908819521,0.0,0.0,0.0,9.9112,0.0,0.0,1.0,0.0,0.0,0.0,0.0,0.0,0.0,0.0,0.0
4.0882,0.9999951546507164,-6.505213034913027e-19,0.0031129849164276795,0.0,0.0,0.0,9.4467,0.0,0.0,1.0,0.0,0.0,0.0,0.0115,0.0,0.0,0.0,0.0
4.1083,0.9999960501494021,0.00012199951811822649,0.002807988908819521,0.0,0.0,0.0,9.6563,0.0,0.0,1.0,0.0,0.0,0.0,-0.0192,0.0,0.0,0.0,0.0
4.1284,0.9999953426805362,-4.336808689942018e-19,0.0030519857858609966,0.0,0.0,0.0,9.5168,0.0,0.0,1.0,0.0,0.0,0.0,0.0308,0.0,0.0,0.0,0.0
4.1485,0.9999962195749377,0.00012199953878814195,0.002746989615172354,0.0,0.0,0.0,9.5583,0.0,0.0,1.0,0.0,0.0,0.0,-0.0385,0.0,0.0,0.0,0.0
4.1685,0.9999955251290369,-6.505213034913026e-19,0.0029909866156609486,-6.099972703277333e-05,0.0,0.0,9.6229,0.0,0.0,1.0,0.0,0.0,0.0,0.0423,0.0,0.0,0.0,0.0
4.1886,0.9999962195749377,0.00012199953878814195,0.002746989615172354,0.0,0.0,0.0,9.5731,0.0,0.0,1.0,0.0,0.0,0.0,-0.0462,0.0,0.0,0.0,0.0
4.2087,0.9999957075776376,-2.168404344971009e-19,0.0029299874232024776,0.0,0.0,0.0,9.7887,0.0,0.0,1.0,0.0,0.0,0.0,0.05,0.0,0.0,0.0,0.0
4.2287,0.9999962251563743,6.099976973453821e-05,0.00274698963050456,0.0,0.0,0.0,9.5136,0.0,0.0,1.0,0.0,0.0,0.0,-0.0539,0.0,0.0,0.0,0.0
4.2488,0.9999958844449068,-6.505213034913027e-19,0.0028689881924724384,0.0,0.0,0.0,9.9781,0.0,0.0,1.0,0.0,0.0,0.0,0.0539,0.0,0.0,0.0,0.0
4.2689,0.999996390861039,6.0999779842522755e-05,0.0026859903058527503,0.0,0.0,0.0,9.5446,0.0,0.0,1.0,0.0,0.0,0.0,-0.0616,0.0,0.0,0.0,0.0
4.2889,0.999996057591314,-4.336808689942018e-19,0.0028079889297164097,0.0,0.0,0.0,10.0568,0.0,0.0,1.0,0.0,0.0,0.0,0.0616,0.0,0.0,0.0,0.0
4.309,0.999996390861039,6.0999779842522755e-05,0.0026859903058527503,0.0,0.0,0.0,9.4988,0.0,0.0,1.0,0.0,0.0,0.0,-0.0654,0.0,0.0,0.0,0.0
4.3291,0.9999962270168532,-4.336808689942018e-19,0.002746989635615296,0.0,0.0,0.0,10.2015,0.0,0.0,1.0,0.0,0.0,0.0,0.0654,0.0,0.0,0.0,0.0
4.3491,0.9999963927215187,-4.336808689942018e-19,0.0026859903108499995,0.0,0.0,0.0,9.4543,0.0,0.0,1.0,0.0,0.0,0.0,-0.0693,0.0,0.0,0.0,0.0
4.3692,0.9999963927215187,-4.336808689942018e-19,0.0026859903108499995,0.0,0.0,0.0,10.2836,0.0,0.0,1.0,0.0,0.0,0.0,0.0654,0.0,0.0,0.0,0.0
4.3893,0.999996055730836,-6.099975939958136e-05,0.002807988924492188,0.0,0.0,0.0,9.414,0.0,0.0,1.0,0.0,0.0,0.0,-0.0693,0.0,0.0,0.0,0.0
4.4093,0.9999968662917302,6.0999808843795045e-05,0.002501992159461909,6.099980884377575e-05,0.0,0.0,10.0794,0.0,0.0,1.0,0.0,0.0,0.0,0.0654,0.0,0.0,0.0,0.0
4.4294,0.9999968662917302,6.0999808843795045e-05,0.002501992159461909,6.099980884377575e-05,0.0,0.0,10.0794,0.0,0.0,1.0,0.0,0.0,0.0,-0.0693,0.0,0.0,0.0,0.0
4.4495,0.9999960538703581,-6.0999759286092066e-05,0.0028079889192679655,6.09997592861955e-05,0.0,0.0,9.7525,0.0,0.0,1.0,0.0,0.0,0.0,0.0654,0.0,0.0,0.0,0.0
4.4695,0.9999968662917302,6.0999808843795045e-05,0.002501992159461909,6.099980884377575e-05,0.0,0.0,9.9615,0.0,0.0,1.0,0.0,0.0,0.0,-0.0654,0.0,0.0,0.0,0.0
4.4896,0.9999960538703581,-6.0999759286092066e-05,0.0028079889192679655,6.09997592861955e-05,0.0,0.0,9.8669,0.0,0.0,1.0,0.0,0.0,0.0,0.0616,0.0,0.0,0.0,0.0
4.5097,0.9999968662917302,6.0999808843795045e-05,0.002501992159461909,6.099980884377575e-05,0.0,0.0,9.8911,0.0,0.0,1.0,0.0,0.0,0.0,-0.0539,0.0,0.0,0.0,0.0
4.5297,0.9999960538703581,-6.0999759286092066e-05,0.0028079889192679655,6.09997592861955e-05,0.0,0.0,9.9332,0.0,0.0,1.0,0.0,0.0,0.0,0.05,0.0,0.0,0.0,0.0
4.5498,0.9999965509843437,6.0999789610044406e-05,0.002624990946333903,6.0999789610161066e-05,0.0,0.0,9.7566,0.0,0.0,1.0,0.0,0.0,0.0,-0.0462,0.0,0.0,0.0,0.0
4.5699,0.9999960538703581,-6.0999759286092066e-05,0.0028079889192679655,6.09997592861955e-05,0.0,0.0,10.1267,0.0,0.0,1.0,0.0,0.0,0.0,0.0423,0.0,0.0,0.0,0.0
4.5899,0.9999968662917302,6.0999808843795045e-05,0.002501992159461909,6.099980884377575e-05,0.0,0.0,9.6066,0.0,0.0,1.0,0.0,0.0,0.0,-0.0308,0.0,0.0,0.0,0.0
4.61,0.9999963852795994,-4.336808689942018e-19,0.002685990290861004,0.00012199955900416004,0.0,0.0,10.2465,0.0,0.0,1.0,0.0,0.0,0.0,0.0231,0.0,0.0,0.0,0.0
4.6301,0.9999967136712,-2.168404344971009e-19,0.0025629915771392857,6.0999799533834054e-05,0.0,0.0,9.616,0.0,0.0,1.0,0.0,0.0,0.0,-0.0192,0.0,0.0,0.0,0.0
4.6501,0.9999965509843437,-6.099978961004527e-05,0.002624990946333903,6.0999789610161066e-05,0.0,0.0,10.2812,0.0,0.0,1.0,0.0,0.0,0.0,0.0115,0.0,0.0,0.0,0.0
4.6702,0.9999965528448245,-4.336808689942018e-19,0.0026249909512176643,6.099978972345932e-05,0.0,0.0,9.5448,0.0,0.0,1.0,0.0,0.0,0.0,-0.0115,0.0,0.0,0.0,0.0
4.6903,0.9999965528448245,-4.336808689942018e-19,0.0026249909512176643,6.099978972345932e-05,0.0,0.0,10.3933,0.0,0.0,1.0,0.0,0.0,0.0,0.0038,0.0,0.0,0.0,0.0
4.7103,0.9999967136712,-2.168404344971009e-19,0.0025629915771392857,6.0999799533834054e-05,0.0,0.0,9.529,0.0,0.0,1.0,0.0,0.0,0.0,0.0038,0.0,0.0,0.0,0.0
4.7304,0.9999968681522129,-4.336808689942018e-19,0.002501992164116836,6.099980895724055e-05,0.0,0.0,10.395,0.0,0.0,1.0,0.0,0.0,0.0,-0.0077,0.0,0.0,0.0,0.0
4.7505,0.9999967136712,-2.168404344971009e-19,0.0025629915771392857,6.0999799533834054e-05,0.0,0.0,9.4988,0.0,0.0,1.0,0.0,0.0,0.0,0.0115,0.0,0.0,0.0,0.0
4.7705,0.9999968662917302,6.0999808843795045e-05,0.002501992159461909,6.099980884377575e-05,0.0,0.0,10.284,0.0,0.0,1.0,0.0,0.0,0.0,-0.0192,0.0,0.0,0.0,0.0
4.7906,0.9999965528448245,-4.336808689942018e-19,0.0026249909512176643,6.099978972345932e-05,0.0,0.0,9.5026,0.0,0.0,1.0,0.0,0.0,0.0,0.0192,0.0,0.0,0.0,0.0
4.8107,0.9999968662917302,6.0999808843795045e-05,0.002501992159461909,6.099980884377575e-05,0.0,0.0,10.2707,0.0,0.0,1.0,0.0,0.0,0.0,-0.0192,0.0,0.0,0.0,0.0
4.8307,0.999996390861039,-6.505213034913027e-19,0.0026859903058527503,6.099977984258542e-05,0.0,0.0,9.4461,0.0,0.0,1.0,0.0,0.0,0.0,0.0308,0.0,0.0,0.0,0.0
4.8508,0.9999971492071906,0.00018299947830491555,0.0023799932151131148,6.099982610152655e-05,0.0,0.0,9.5641,0.0,0.0,1.0,0.0,0.0,0.0,-0.0346,0.0,0.0,0.0,0.0
4.8709,0.9999965454029015,6.0999789269576734e-05,0.002624990931682617,0.0001219995785391448,0.0,0.0,9.6273,0.0,0.0,1.0,0.0,0.0,0.0,0.0423,0.0,0.0,0.0,0.0
4.891,0.9999971492071906,0.00018299947830491555,0.0023799932151131148,6.099982610152655e-05,0.0,0.0,9.5533,0.0,0.0,1.0,0.0,0.0,0.0,-0.0423,0.0,0.0,0.0,0.0
4.911,0.9999965454029015,0.00012199957853915369,0.0026249909316826167,6.099978926960015e-05,0.0,0.0,9.7545,0.0,0.0,1.0,0.0,0.0,0.0,0.05,0.0,0.0,0.0,0.0
4.9311,0.9999971492071906,0.00018299947830491555,0.0023799932151131148,6.099982610152655e-05,0.0,0.0,9.5677,0.0,0.0,1.0,0.0,0.0,0.0,-0.0539,0.0,0.0,0.0,0.0
4.9512,0.9999965454029015,0.00012199957853915369,0.0026249909316826167,6.099978926960015e-05,0.0,0.0,9.8202,0.0,0.0,1.0,0.0,0.0,0.0,0.0616,0.0,0.0,0.0,0.0
4.9712,0.9999968514078705,0.0001829994238076399,0.002501992122222492,6.099980793594639e-05,0.0,0.0,9.4601,0.0,0.0,1.0,0.0,0.0,0.0,-0.0616,0.0,0.0,0.0,0.0
4.9913,0.9999963834191197,0.00012199955877713223,0.0026859902858637555,6.0999779388448694e-05,0.0,0.0,9.9043,0.0,0.0,1.0,0.0,0.0,0.0,0.0616,0.0,0.0,0.0,0.0
5.0114,0.999996853268353,0.000182999424148108,0.002501992126877419,0.0,0.0,0.0,9.51,0.0,0.0,1.0,0.0,0.0,0.0,-0.0654,0.0,0.0,0.0,0.0
5.0315,0.9999968625707653,0.00012199961723363295,0.002501992150152055,0.0,0.0,0.0,10.0617,0.0,0.0,1.0,0.0,0.0,0.0,0.0654,0.0,0.0,0.0,0.0
5.0516,0.9999970040284638,0.00018299945173720872,0.0024409926868334806,0.0,0.0,0.0,9.4123,0.0,0.0,1.0,0.0,0.0,0.0,-0.0654,0.0,0.0,0.0,0.0
5.0717,0.9999968662917303,6.099980884379506e-05,0.0025019921594619096,-6.099980884377576e-05,0.0,0.0,10.2048,0.0,0.0,1.0,0.0,0.0,0.0,0.0693,0.0,0.0,0.0,0.0
5.0917,0.9999968662917303,6.099980884379506e-05,0.0025019921594619096,-6.099980884377576e-05,0.0,0.0,9.4926,0.0,0.0,1.0,0.0,0.0,0.0,-0.0654,0.0,0.0,0.0,0.0
5.1118,0.9999968662917303,6.099980884379506e-05,0.0025019921594619096,-6.099980884377576e-05,0.0,0.0,10.1293,0.0,0.0,1.0,0.0,0.0,0.0,0.0693,0.0,0.0,0.0,0.0
5.1319,0.9999967118107185,6.0999799420453395e-05,0.0025629915723708718,-6.0999799420535794e-05,0.0,0.0,9.4426,0.0,0.0,1.0,0.0,0.0,0.0,-0.0654,0.0,0.0,0.0,0.0
5.1519,0.999997432122891,0.0001829995300784888,0.0022579942017334877,-6.0999843359554884e-05,0.0,0.0,10.1503,0.0,0.0,1.0,0.0,0.0,0.0,0.0616,0.0,0.0,0.0,0.0
5.172,0.9999967118107185,6.0999799420453395e-05,0.0025629915723708718,-6.0999799420535794e-05,0.0,0.0,9.3859,0.0,0.0,1.0,0.0,0.0,0.0,-0.0654,0.0,0.0,0.0,0.0
5.1921,0.9999972925254957,0.00018299950453216527,0.0023189937213666245,-6.099983484397775e-05,0.0,0.0,10.0397,0.0,0.0,1.0,0.0,0.0,0.0,0.0616,0.0,0.0,0.0,0.0
5.2121,0.9999965454029015,0.00012199957853915367,0.0026249909316826163,-6.0999789269600146e-05,0.0,0.0,9.8807,0.0,0.0,1.0,0.0,0.0,0.0,-0.0616,0.0,0.0,0.0,0.0
5.2322,0.9999971492071906,0.00018299947830491552,0.0023799932151131143,-6.0999826101526544e-05,0.0,0.0,9.9729,0.0,0.0,1.0,0.0,0.0,0.0,0.0539,0.0,0.0,0.0,0.0
5.2523,0.999996390861039,-6.505213034913027e-19,0.0026859903058527503,-6.099977984258542e-05,0.0,0.0,9.8585,0.0,0.0,1.0,0.0,0.0,0.0,-0.05,0.0,0.0,0.0,0.0
5.2724,0.9999970133308804,0.0001219996356263671,0.002440992709540679,0.0,0.0,0.0,9.9414,0.0,0.0,1.0,0.0,0.0,0.0,0.0462,0.0,0.0,0.0,0.0
5.2924,0.9999962270168532,-4.336808689942018e-19,0.002746989635615296,0.0,0.0,0.0,10.0094,0.0,0.0,1.0,0.0,0.0,0.0,-0.0462,0.0,0.0,0.0,0.0
5.3125,0.9999967136712,6.099979953394291e-05,0.0025629915771392857,0.0,0.0,0.0,9.7783,0.0,0.0,1.0,0.0,0.0,0.0,0.0423,0.0,0.0,0.0,0.0
5.3326,0.9999958770029989,-0.00012199949699436669,0.0028689881711216037,0.0,0.0,0.0,10.0848,0.0,0.0,1.0,0.0,0.0,0.0,-0.0385,0.0,0.0,0.0,0.0
5.3526,0.9999962251563743,-6.0999769734539295e-05,0.00274698963050456,0.0,0.0,0.0,9.7166,0.0,0.0,1.0,0.0,0.0,0.0,0.0308,0.0,0.0,0.0,0.0
5.3727,0.9999955028033374,-0.00018299917701301112,0.002990986548884782,0.00012199945134200307,0.0,0.0,10.3275,0.0,0.0,1.0,0.0,0.0,0.0,-0.0269,0.0,0.0,0.0,0.0
5.3928,0.9999960389865346,6.099975837817813e-05,0.0028079888774741896,0.0001829992751345988,0.0,0.0,9.7981,0.0,0.0,1.0,0.0,0.0,0.0,0.0231,0.0,0.0,0.0,0.0
5.4129,0.9999956908333536,-2.168404344971009e-19,0.0029299873741417265,0.0001829992114223966,0.0,0.0,10.3401,0.0,0.0,1.0,0.0,0.0,0.0,-0.0192,0.0,0.0,0.0,0.0
5.433,0.9999958602587063,0.00012199949495156196,0.0028689881230822287,0.0001829992424274285,0.0,0.0,9.5938,0.0,0.0,1.0,0.0,0.0,0.0,0.0115,0.0,0.0,0.0,0.0
5.453,0.999995139766933,-0.0001219994070515663,0.0031129848700944627,0.00012199940705165391,0.0,0.0,10.1201,0.0,0.0,1.0,0.0,0.0,0.0,-0.0115,0.0,0.0,0.0,0.0
5.4731,0.9999953333781663,-6.099971533606876e-05,0.003051985757470163,0.00012199943067214836,0.0,0.0,9.7489,0.0,0.0,1.0,0.0,0.0,0.0,0.0038,0.0,0.0,0.0,0.0
5.4932,0.9999953277967444,-0.00012199942999120304,0.0030519857404356643,0.00012199942999119306,0.0,0.0,10.5298,0.0,0.0,1.0,0.0,0.0,0.0,0.0038,0.0,0.0,0.0,0.0
5.5133,0.9999956889728776,-6.099973702734644e-05,0.0029299873686905314,0.00018299921108200223,0.0,0.0,9.464,0.0,0.0,1.0,0.0,0.0,0.0,-0.0077,0.0,0.0,0.0,0.0
5.5335,0.9999954972219127,-4.336808689942018e-19,0.0029909865321907413,0.00024399890132215107,0.0,0.0,10.5213,0.0,0.0,1.0,0.0,0.0,0.0,0.0115,0.0,0.0,0.0,0.0
5.5536,0.9999953240757966,-6.0999714768623795e-05,0.0030519857290793317,0.00018299914430586206,0.0,0.0,9.3544,0.0,0.0,1.0,0.0,0.0,0.0,-0.0154,0.0,0.0,0.0,0.0
5.5737,0.9999951304645689,-0.0001219994059166779,0.003112984841136203,0.0001829991088749261,0.0,0.0,10.3665,0.0,0.0,1.0,0.0,0.0,0.0,0.0231,0.0,0.0,0.0,0.0
5.5938,0.9999949442953406,-6.099969160201606e-05,0.003173983953193411,0.00018299907480601174,0.0,0.0,9.4138,0.0,0.0,1.0,0.0,0.0,0.0,-0.0269,0.0,0.0,0.0,0.0
5.6138,0.9999949535976995,-6.099969216945972e-05,0.0031739839827190984,0.00012199938433893331,0.0,0.0,10.4846,0.0,0.0,1.0,0.0,0.0,0.0,0.0308,0.0,0.0,0.0,0.0
5.6339,0.9999949535976995,-6.099969216945972e-05,0.0031739839827190984,0.00012199938433893331,0.0,0.0,9.3872,0.0,0.0,1.0,0.0,0.0,0.0,-0.0346,0.0,0.0,0.0,0.0
5.654,0.9999955176871369,-6.099972657891569e-05,0.002990986593402226,0.00012199945315777283,0.0,0.0,10.574,0.0,0.0,1.0,0.0,0.0,0.0,0.0423,0.0,0.0,0.0,0.0
5.674,0.999995512105712,-0.00012199945247689712,0.002990986576708185,0.00012199945247687305,0.0,0.0,9.3627,0.0,0.0,1.0,0.0,0.0,0.0,-0.0462,0.0,0.0,0.0,0.0
5.6941,0.999996202830628,0.00012199953674533635,0.002746989569175735,0.00018299930511800344,0.0,0.0,10.5739,0.0,0.0,1.0,0.0,0.0,0.0,0.0462,0.0,0.0,0.0,0.0
5.7142,0.999996202830628,0.00012199953674533635,0.002746989569175735,0.00018299930511800344,0.0,0.0,10.5739,0.0,0.0,1.0,0.0,0.0,0.0,-0.05,0.0,0.0,0.0,0.0
5.7342,0.9999945514920296,-4.336808689942018e-19,0.00329598204171773,0.0001829990029231232,0.0,0.0,9.253,0.0,0.0,1.0,0.0,0.0,0.0,0.0539,0.0,0.0,0.0,0.0
5.7543,0.9999958751425219,6.09997483836933e-05,0.002868988165783895,0.00012199949676749978,0.0,0.0,9.6147,0.0,0.0,1.0,0.0,0.0,0.0,-0.0577,0.0,0.0,0.0,0.0
5.7744,0.9999951453483518,-0.00012199940773249928,0.0031129848874694196,6.099970386630461e-05,0.0,0.0,9.4661,0.0,0.0,1.0,0.0,0.0,0.0,0.0616,0.0,0.0,0.0,0.0
5.7945,0.9999965509843437,6.0999789610044406e-05,0.002624990946333903,6.0999789610161066e-05,0.0,0.0,9.5279,0.0,0.0,1.0,0.0,0.0,0.0,-0.0616,0.0,0.0,0.0,0.0
5.8145,0.9999956908333536,-2.168404344971009e-19,0.0029299873741417265,0.0001829992114223966,0.0,0.0,9.5632,0.0,0.0,1.0,0.0,0.0,0.0,0.0654,0.0,0.0,0.0,0.0
5.8346,0.9999965398214594,0.00012199957785821768,0.0026249909170313313,0.00012199957785813398,0.0,0.0,9.461,0.0,0.0,1.0,0.0,0.0,0.0,-0.0654,0.0,0.0,0.0,0.0
5.8547,0.999995512105712,-0.00012199945247689712,0.002990986576708185,0.00012199945247687305,0.0,0.0,9.4606,0.0,0.0,1.0,0.0,0.0,0.0,0.0654,0.0,0.0,0.0,0.0
5.8747,0.9999967062292735,6.0999799079985296e-05,0.0025629915580656286,0.00012199959815989426,0.0,0.0,9.3862,0.0,0.0,1.0,0.0,0.0,0.0,-0.0693,0.0,0.0,0.0,0.0
5.8948,0.9999962195749377,-4.336808689942018e-19,0.0027469896151723536,0.0001219995387881645,0.0,0.0,9.8221,0.0,0.0,1.0,0.0,0.0,0.0,0.0693,0.0,0.0,0.0,0.0
5.9149,0.9999963834191197,6.099977938856579e-05,0.0026859902858637555,0.00012199955877717494,0.0,0.0,9.3472,0.0,0.0,1.0,0.0,0.0,0.0,-0.0654,0.0,0.0,0.0,0.0
5.935,0.9999975493945082,0.0002439994020522596,0.0021969946160197346,0.0001219997010261098,0.0,0.0,10.4387,0.0,0.0,1.0,0.0,0.0,0.0,0.0654,0.0,0.0,0.0,0.0
5.955,0.9999968551288355,0.00012199961632571748,0.0025019921315323464,0.00012199961632569645,0.0,0.0,9.2458,0.0,0.0,1.0,0.0,0.0,0.0,-0.0654,0.0,0.0,0.0,0.0
5.9751,0.9999977932403047,0.00030499932693829265,0.0020749954209736323,0.00012199973077520188,0.0,0.0,10.3623,0.0,0.0,1.0,0.0,0.0,0.0,0.0654,0.0,0.0,0.0,0.0
5.9952,0.9999969575163851,0.00030499907204249694,0.002440992573297496,0.00018299944322558434,0.0,0.0,9.2642,0.0,0.0,1.0,0.0,0.0,0.0,-0.0654,0.0,0.0,0.0,0.0
6.0152,0.9999979570852603,0.00048799900305760666,0.0019529960101875136,0.00018299962614665158,0.0,0.0,10.5282,0.0,0.0,1.0,0.0,0.0,0.0,0.0577,0.0,0.0,0.0,0.0
6.0353,0.9999971436257384,0.0001829994772835099,0.0023799932018292577,0.00012199965152231984,0.0,0.0,9.4262,0.0,0.0,1.0,0.0,0.0,0.0,-0.0616,0.0,0.0,0.0,0.0
6.0554,0.9999980389467686,0.00030499940187876423,0.0019529961700630394,0.0001219997607515011,0.0,0.0,10.345,0.0,0.0,1.0,0.0,0.0,0.0,0.0616,0.0,0.0,0.0,0.0
6.0755,0.9999972869440411,0.00018299950351075925,0.0023189937084232316,0.00012199966900716676,0.0,0.0,9.5482,0.0,0.0,1.0,0.0,0.0,0.0,-0.0616,0.0,0.0,0.0,0.0
6.0955,0.999998215815275,0.00042699923815312223,0.0018309967331577688,0.0001829996734942774,0.0,0.0,10.2707,0.0,0.0,1.0,0.0,0.0,0.0,0.0539,0.0,0.0,0.0,0.0
6.1156,0.9999975028823535,0.00036599908605494105,0.0021969945138325306,0.00018299954302747334,0.0,0.0,9.6447,0.0,0.0,1.0,0.0,0.0,0.0,-0.0539,0.0,0.0,0.0,0.0
6.1357,0.9999982661095096,0.0005489990480941206,0.0017699969310138325,0.00018299968269802627,0.0,0.0,10.1704,0.0,0.0,1.0,0.0,0.0,0.0,0.0539,0.0,0.0,0.0,0.0
6.1558,0.9999977392861663,0.0004269990346751928,0.002074995309018795,0.0001829995862893674,0.0,0.0,9.743,0.0,0.0,1.0,0.0,0.0,0.0,-0.0539,0.0,0.0,0.0,0.0
6.1758,0.9999983722184745,0.0005489991063479425,0.0017089972181213733,0.00018299970211599348,0.0,0.0,10.1569,0.0,0.0,1.0,0.0,0.0,0.0,0.05,0.0,0.0,0.0,0.0
6.1959,0.9999978639998438,0.00042699908792793317,0.002013995698095686,0.0001829996091118891,0.0,0.0,9.7832,0.0,0.0,1.0,0.0,0.0,0.0,-0.05,0.0,0.0,0.0,0.0
6.216,0.9999984746064903,0.000548999162558963,0.001647997486151496,0.0001829997208528944,0.0,0.0,10.0472,0.0,0.0,1.0,0.0,0.0,0.0,0.0462,0.0,0.0,0.0,0.0
6.2361,0.9999980743570622,0.0004879990602862461,0.001891996356683562,0.00018299964760737364,0.0,0.0,9.8261,0.0,0.0,1.0,0.0,0.0,0.0,-0.0462,0.0,0.0,0.0,0.0
6.2561,0.9999985937999661,0.0006709990564397773,0.0015259978541387485,0.0001829997426654462,0.0,0.0,9.9615,0.0,0.0,1.0,0.0,0.0,0.0,0.0423,0.0,0.0,0.0,0.0
6.2762,0.9999982530860776,0.0005489990409442564,0.0017699969079623575,0.00024399957375303982,0.0,0.0,10.0161,0.0,0.0,1.0,0.0,0.0,0.0,-0.0385,0.0,0.0,0.0,0.0
6.2963,0.9999986720016455,0.0006709991089131038,0.0014649980544824107,0.00024399967596838712,0.0,0.0,9.8568,0.0,0.0,1.0,0.0,0.0,0.0,0.0385,0.0,0.0,0.0,0.0
6.3163,0.9999983591950384,0.0005489990991980756,0.0017089971958643203,0.0002439995996436628,0.0,0.0,10.0504,0.0,0.0,1.0,0.0,0.0,0.0,-0.0385,0.0,0.0,0.0,0.0
6.3364,0.9999987167144704,0.0007319990606349919,0.0014039981982671163,0.00024399968687827123,0.0,0.0,9.8321,0.0,0.0,1.0,0.0,0.0,0.0,0.0346,0.0,0.0,0.0,0.0
6.3565,0.9999983704189833,0.0006709989065511377,0.0016479973144504848,0.00030499950297774303,0.0,0.0,10.0504,0.0,0.0,1.0,0.0,0.0,0.0,-0.0308,0.0,0.0,0.0,0.0
6.3766,0.9999986999700352,0.0007319990483780653,0.0014039981747579295,0.0003049996034908409,0.0,0.0,9.6782,0.0,0.0,1.0,0.0,0.0,0.0,0.0308,0.0,0.0,0.0,0.0
6.3967,0.9999983704189833,0.0006709989065511377,0.0016479973144504848,0.00030499950297774303,0.0,0.0,10.0999,0.0,0.0,1.0,0.0,0.0,0.0,-0.0308,0.0,0.0,0.0,0.0
6.4168,0.9999986702021526,0.0007929989454703065,0.0014039981329638223,0.0002439996755292939,0.0,0.0,9.7689,0.0,0.0,1.0,0.0,0.0,0.0,0.0231,0.0,0.0,0.0,0.0
6.4368,0.9999984262337153,0.000609999040002566,0.0016479974064331625,0.0002439996160010227,0.0,0.0,10.222,0.0,0.0,1.0,0.0,0.0,0.0,-0.0231,0.0,0.0,0.0,0.0
6.4569,0.9999988004976582,0.0007319991219642853,0.0013429983890683546,0.0002439997073214184,0.0,0.0,9.6653,0.0,0.0,1.0,0.0,0.0,0.0,0.0192,0.0,0.0,0.0,0.0
6.477,0.9999984094892946,0.0006099990297884695,0.0016479973788383574,0.00030499951489426635,0.0,0.0,10.2188,0.0,0.0,1.0,0.0,0.0,0.0,-0.0192,0.0,0.0,0.0,0.0
6.4971,0.9999988638154365,0.0007319991683128991,0.0012819985434113896,0.00030499965346370006,0.0,0.0,9.6493,0.0,0.0,1.0,0.0,0.0,0.0,0.0154,0.0,0.0,0.0,0.0
6.5172,0.9999988638154365,0.0007319991683128991,0.0012819985434113896,0.00030499965346370006,0.0,0.0,10.3574,0.0,0.0,1.0,0.0,0.0,0.0,-0.0115,0.0,0.0,0.0,0.0
6.5373,0.9999985826370135,0.000609999135408578,0.0015259978371040825,0.00036599948124510506,0.0,0.0,9.3752,0.0,0.0,1.0,0.0,0.0,0.0,0.0115,0.0,0.0,0.0,0.0
6.5574,0.9999989196912507,0.0007319992092139954,0.0012209986809430173,0.00036599960460703684,0.0,0.0,10.4415,0.0,0.0,1.0,0.0,0.0,0.0,-0.0115,0.0,0.0,0.0,0.0
6.5774,0.9999986795046155,0.0007319990333973782,0.00140399814602448,0.000365999516698634,0.0,0.0,9.3772,0.0,0.0,1.0,0.0,0.0,0.0,0.0038,0.0,0.0,0.0,0.0
6.5975,0.9999989644651086,0.0008539991156532025,0.0010989988619471544,0.00036599962099420624,0.0,0.0,10.3476,0.0,0.0,1.0,0.0,0.0,0.0,0.0,0.0,0.0,0.0,0.0
6.6176,0.99999871677547,0.0007929989824029476,0.0013429982766294563,0.0003659995303397779,0.0,0.0,9.3305,0.0,0.0,1.0,0.0,0.0,0.0,0.0,0.0,0.0,0.0,0.0
6.6377,0.9999990362308934,0.0009159991171874983,0.000976999058397583,0.00036599964726047324,0.0,0.0,10.3217,0.0,0.0,1.0,0.0,0.0,0.0,0.0,0.0,0.0,0.0,0.0
6.6578,0.9999988173030981,0.0007929990621213566,0.001281998483782572,0.00030499963927754786,0.0,0.0,9.2651,0.0,0.0,1.0,0.0,0.0,0.0,0.0,0.0,0.0,0.0,0.0
6.6779,0.999999161799554,0.000976999181078164,0.0007929993353070465,0.0003049997443488883,0.0,0.0,10.2179,0.0,0.0,1.0,0.0,0.0,0.0,0.0115,0.0,0.0,0.0,0.0
6.698,0.999998966264603,0.0007929991802478299,0.0011599988008669396,0.00030499968471076055,0.0,0.0,10.1967,0.0,0.0,1.0,0.0,0.0,0.0,-0.0154,0.0,0.0,0.0,0.0
6.718,0.9999992511033413,0.0009769992683279643,0.0006709994974903421,0.00030499977158654495,0.0,0.0,10.8475,0.0,0.0,1.0,0.0,0.0,0.0,0.0192,0.0,0.0,0.0,0.0
6.7381,0.9999991003422142,0.0007929992865713759,0.0010379990661552186,0.0003049997256042714,0.0,0.0,8.8157,0.0,0.0,1.0,0.0,0.0,0.0,-0.0269,0.0,0.0,0.0,0.0
6.7582,0.9999993878960621,0.0007929995146015769,0.0007319995519399176,0.00024399985064660346,0.0,0.0,10.5593,0.0,0.0,1.0,0.0,0.0,0.0,0.0269,0.0,0.0,0.0,0.0
6.7783,0.9999991412121063,0.0006709994237533232,0.0010989990561921048,0.0002439997904558067,0.0,0.0,8.9591,0.0,0.0,1.0,0.0,0.0,0.0,-0.0308,0.0,0.0,0.0,0.0
6.7984,0.9999991412121063,0.0006709994237533232,0.0010989990561921048,0.0002439997904558067,0.0,0.0,8.9591,0.0,0.0,1.0,0.0,0.0,0.0,0.0385,0.0,0.0,0.0,0.0
6.8185,0.9999994139430153,0.000792999535256811,0.0006709996067557633,0.00030499982125259395,0.0,0.0,9.8069,0.0,0.0,1.0,0.0,0.0,0.0,-0.0385,0.0,0.0,0.0,0.0
6.8386,0.9999992511033413,0.0006709994974903419,0.0009769992683279645,0.00030499977158654495,0.0,0.0,9.8659,0.0,0.0,1.0,0.0,0.0,0.0,0.0346,0.0,0.0,0.0,0.0
6.8586,0.9999993413836507,0.0007929994777172349,0.000792999477717235,0.00024399983929757063,0.0,0.0,9.9457,0.0,0.0,1.0,0.0,0.0,0.0,-0.0346,0.0,0.0,0.0,0.0
6.8787,0.9999993255841824,0.0006709995474669863,0.0009159993822351112,0.0002439998354424322,0.0,0.0,10.0134,0.0,0.0,1.0,0.0,0.0,0.0,0.0385,0.0,0.0,0.0,0.0
6.8988,0.9999994771999101,0.0007319996173103339,0.0006709996492011397,0.00024399987243683974,0.0,0.0,9.8561,0.0,0.0,1.0,0.0,0.0,0.0,-0.0423,0.0,0.0,0.0,0.0
6.9189,0.9999993088397165,0.0006709995362314497,0.0009159993668971806,0.00030499978919618087,0.0,0.0,10.058,0.0,0.0,1.0,0.0,0.0,0.0,0.0462,0.0,0.0,0.0,0.0
6.939,0.9999994176640088,0.0007319995737300542,0.0007319995737300546,0.0003049998223874639,0.0,0.0,9.7981,0.0,0.0,1.0,0.0,0.0,0.0,-0.05,0.0,0.0,0.0,0.0
6.9591,0.9999994139430153,0.0006709996067557632,0.0007929995352568111,0.00030499982125259395,0.0,0.0,10.3562,0.0,0.0,1.0,0.0,0.0,0.0,0.0539,0.0,0.0,0.0,0.0
6.9792,0.9999994995258757,0.0007319996336529409,0.0006099996947107843,0.00030499984735538055,0.0,0.0,9.7327,0.0,0.0,1.0,0.0,0.0,0.0,-0.0577,0.0,0.0,0.0,0.0
6.9993,0.9999994176640088,0.0007319995737300542,0.0007319995737300546,0.0003049998223874639,0.0,0.0,10.3706,0.0,0.0,1.0,0.0,0.0,0.0,0.0616,0.0,0.0,0.0,0.0
7.0194,0.9999994139430153,0.000792999535256811,0.0006709996067557633,0.00030499982125259395,0.0,0.0,9.2254,0.0,0.0,1.0,0.0,0.0,0.0,-0.0616,0.0,0.0,0.0,0.0
7.0394,0.9999994344084799,0.0007319995859870074,0.0007319995859870075,0.0002439998619956918,0.0,0.0,10.5872,0.0,0.0,1.0,0.0,0.0,0.0,0.0693,0.0,0.0,0.0,0.0
7.0595,0.9999994306874862,0.0007929995485351764,0.0006709996179913035,0.0002439998610876959,0.0,0.0,9.1932,0.0,0.0,1.0,0.0,0.0,0.0,-0.0693,0.0,0.0,0.0,0.0
7.0796,0.9999993878960621,0.0007929995146015769,0.0007319995519399176,0.00024399985064660346,0.0,0.0,10.7297,0.0,0.0,1.0,0.0,0.0,0.0,0.0654,0.0,0.0,0.0,0.0
7.0997,0.9999993711515932,0.0007929995013232134,0.0007319995396829665,0.0003049998082012562,0.0,0.0,9.1768,0.0,0.0,1.0,0.0,0.0,0.0,-0.0693,0.0,0.0,0.0,0.0
7.1198,0.9999994195245054,0.0008539995042739276,0.0006099996459099485,0.00024399985836398574,0.0,0.0,10.7915,0.0,0.0,1.0,0.0,0.0,0.0,0.0654,0.0,0.0,0.0,0.0
7.1399,0.9999993711515932,0.0007929995013232134,0.0007319995396829665,0.0003049998082012562,0.0,0.0,9.1238,0.0,0.0,1.0,0.0,0.0,0.0,-0.0654,0.0,0.0,0.0,0.0
7.16,0.9999994139430153,0.000792999535256811,0.0006709996067557633,0.00030499982125259395,0.0,0.0,10.7548,0.0,0.0,1.0,0.0,0.0,0.0,0.0654,0.0,0.0,0.0,0.0
7.1801,0.9999993711515932,0.0007929995013232134,0.0007319995396829665,0.0003049998082012562,0.0,0.0,9.151,0.0,0.0,1.0,0.0,0.0,0.0,-0.0693,0.0,0.0,0.0,0.0
7.2002,0.999999453013449,0.0007929995662396649,0.0006099996663382039,0.0003049998331691728,0.0,0.0,10.7928,0.0,0.0,1.0,0.0,0.0,0.0,0.0654,0.0,0.0,0.0,0.0
7.2202,0.9999992511033413,0.0006709994974903419,0.0009769992683279645,0.00030499977158654495,0.0,0.0,9.1857,0.0,0.0,1.0,0.0,0.0,0.0,-0.0693,0.0,0.0,0.0,0.0
7.2403,0.9999994771999101,0.0008539995535287231,0.00042699977676436166,0.0003659998086551486,0.0,0.0,10.2288,0.0,0.0,1.0,0.0,0.0,0.0,0.0616,0.0,0.0,0.0,0.0
7.2604,0.9999992697083,0.0006099995545220628,0.000976999286505009,0.00036599973271317365,0.0,0.0,9.5821,0.0,0.0,1.0,0.0,0.0,0.0,-0.0654,0.0,0.0,0.0,0.0
7.2805,0.999999501386373,0.0008539995741839626,0.00036599981750741267,0.00036599981750740085,0.0,0.0,10.2346,0.0,0.0,1.0,0.0,0.0,0.0,0.0654,0.0,0.0,0.0,0.0
7.3006,0.9999993274446786,0.0006099995897412539,0.0009159993839393259,0.0003659997538447702,0.0,0.0,9.5431,0.0,0.0,1.0,0.0,0.0,0.0,-0.0693,0.0,0.0,0.0,0.0
7.3207,0.999999501386373,0.0008539995741839626,0.00036599981750741267,0.00036599981750740085,0.0,0.0,10.2428,0.0,0.0,1.0,0.0,0.0,0.0,0.0654,0.0,0.0,0.0,0.0
7.3408,0.9999992641878122,0.0006709995062700219,0.0009159993259960362,0.0004269996858082825,0.0,0.0,9.5481,0.0,0.0,1.0,0.0,0.0,0.0,-0.0693,0.0,0.0,0.0,0.0
7.3608,0.999999453013449,0.0008539995328734853,0.0004269997664367428,0.0004269997664367309,0.0,0.0,10.1925,0.0,0.0,1.0,0.0,0.0,0.0,0.0654,0.0,0.0,0.0,0.0
7.3809,0.9999994158035119,0.0007319995723681707,0.0006709996080041568,0.0004269997505480516,0.0,0.0,9.6647,0.0,0.0,1.0,0.0,0.0,0.0,-0.0693,0.0,0.0,0.0,0.0
7.401,0.9999994585949398,0.0006709996367172046,0.0006709996367172047,0.0004269997688199912,0.0,0.0,9.4114,0.0,0.0,1.0,0.0,0.0,0.0,0.0654,0.0,0.0,0.0,0.0
7.4211,0.9999994585949398,0.0006709996367172046,0.0006709996367172047,0.0004269997688199912,0.0,0.0,9.4114,0.0,0.0,1.0,0.0,0.0,0.0,-0.0693,0.0,0.0,0.0,0.0
7.4412,0.9999995460383092,0.0007319996677000424,0.00048799977846669494,0.0003659998338500503,0.0,0.0,10.6417,0.0,0.0,1.0,0.0,0.0,0.0,0.0616,0.0,0.0,0.0,0.0
7.4613,0.9999994976653785,0.0006709996629334689,0.0006099996935758809,0.000426999785503146,0.0,0.0,9.3596,0.0,0.0,1.0,0.0,0.0,0.0,-0.0654,0.0,0.0,0.0,0.0
7.4814,0.9999994158035119,0.0007319995723681707,0.0006709996080041568,0.0004269997505480516,0.0,0.0,10.5605,0.0,0.0,1.0,0.0,0.0,0.0,0.0654,0.0,0.0,0.0,0.0
7.5014,0.9999992641878122,0.0006709995062700219,0.0009159993259960362,0.0004269996858082825,0.0,0.0,9.4099,0.0,0.0,1.0,0.0,0.0,0.0,-0.0693,0.0,0.0,0.0,0.0
7.5215,0.9999992883742597,0.000670999522499128,0.000915999348150822,0.00036599973954498655,0.0,0.0,10.5167,0.0,0.0,1.0,0.0,0.0,0.0,0.0654,0.0,0.0,0.0,0.0
7.5416,0.9999992064514446,0.0006709994675289191,0.0009769992247030616,0.0004269996611548366,0.0,0.0,9.5396,0.0,0.0,1.0,0.0,0.0,0.0,-0.0693,0.0,0.0,0.0,0.0
7.5617,0.9999993032582282,0.000609999574987519,0.0009159993617845372,0.00042699970249127084,0.0,0.0,10.5968,0.0,0.0,1.0,0.0,0.0,0.0,0.0654,0.0,0.0,0.0,0.0
7.5818,0.9999992641878122,0.0006709995062700219,0.0009159993259960362,0.0004269996858082825,0.0,0.0,9.5026,0.0,0.0,1.0,0.0,0.0,0.0,-0.0693,0.0,0.0,0.0,0.0
7.6019,0.9999993274446786,0.0006099995897412539,0.0009159993839393259,0.0003659997538447702,0.0,0.0,10.3665,0.0,0.0,1.0,0.0,0.0,0.0,0.0654,0.0,0.0,0.0,0.0
7.622,0.999999230637888,0.0006709994837580226,0.0009769992483332167,0.0003659997184135011,0.0,0.0,9.559,0.0,0.0,1.0,0.0,0.0,0.0,-0.0693,0.0,0.0,0.0,0.0
7.642,0.9999994399899705,0.00067099962423327,0.0007319995900726586,0.0003659997950363203,0.0,0.0,10.5106,0.0,0.0,1.0,0.0,0.0,0.0,0.0654,0.0,0.0,0.0,0.0
7.6622,0.9999993190576956,0.0006709995430877138,0.0008539994184752724,0.0004269997092375966,0.0,0.0,9.4816,0.0,0.0,1.0,0.0,0.0,0.0,-0.0654,0.0,0.0,0.0,0.0
7.6823,0.9999994158035119,0.0006709996080041566,0.0007319995723681709,0.0004269997505480516,0.0,0.0,10.475,0.0,0.0,1.0,0.0,0.0,0.0,0.0654,0.0,0.0,0.0,0.0
7.7023,0.9999994083615251,0.0006099996391005303,0.0007929995308306894,0.00042699974737031576,0.0,0.0,9.4472,0.0,0.0,1.0,0.0,0.0,0.0,-0.0654,0.0,0.0,0.0,0.0
7.7224,0.9999994548739458,0.0006099996674731067,0.0007319996009677283,0.00042699976723115096,0.0,0.0,10.395,0.0,0.0,1.0,0.0,0.0,0.0,0.0654,0.0,0.0,0.0,0.0
7.7425,0.9999993032582282,0.000609999574987519,0.0009159993617845372,0.00042699970249127084,0.0,0.0,9.3974,0.0,0.0,1.0,0.0,0.0,0.0,-0.0654,0.0,0.0,0.0,0.0
7.7626,0.9999993581281181,0.0006099996084581518,0.0008539994518414128,0.0004269997259206404,0.0,0.0,10.3145,0.0,0.0,1.0,0.0,0.0,0.0,0.0654,0.0,0.0,0.0,0.0
7.7827,0.9999992808712758,0.0005489996051983302,0.0009769992974112366,0.0004269996929320286,0.0,0.0,9.5026,0.0,0.0,1.0,0.0,0.0,0.0,-0.0654,0.0,0.0,0.0,0.0
7.8028,0.9999993581281181,0.0006099996084581518,0.0008539994518414128,0.0004269997259206404,0.0,0.0,10.4381,0.0,0.0,1.0,0.0,0.0,0.0,0.0654,0.0,0.0,0.0,0.0
7.8229,0.9999991840644986,0.0006099995022793439,0.0010379991530589498,0.0004269996515956497,0.0,0.0,9.4084,0.0,0.0,1.0,0.0,0.0,0.0,-0.0654,0.0,0.0,0.0,0.0
7.843,0.9999993032582282,0.000609999574987519,0.0009159993617845372,0.00042699970249127084,0.0,0.0,10.3255,0.0,0.0,1.0,0.0,0.0,0.0,0.0654,0.0,0.0,0.0,0.0
7.8631,0.9999992808712758,0.0005489996051983302,0.0009769992974112366,0.0004269996929320286,0.0,0.0,9.4687,0.0,0.0,1.0,0.0,0.0,0.0,-0.0654,0.0,0.0,0.0,0.0
7.8832,0.9999993581281181,0.0006099996084581518,0.0008539994518414128,0.0004269997259206404,0.0,0.0,10.3598,0.0,0.0,1.0,0.0,0.0,0.0,0.0654,0.0,0.0,0.0,0.0
7.9033,0.9999993274446786,0.0006099995897412539,0.0009159993839393259,0.0003659997538447702,0.0,0.0,9.4428,0.0,0.0,1.0,0.0,0.0,0.0,-0.0654,0.0,0.0,0.0,0.0
7.9234,0.9999994827814013,0.0006709996529463203,0.0006709996529463204,0.00036599981069801446,0.0,0.0,10.3864,0.0,0.0,1.0,0.0,0.0,0.0,0.0654,0.0,0.0,0.0,0.0
7.9434,0.9999992752287881,0.0004879996463116484,0.001037999247687482,0.00036599973473372405,0.0,0.0,9.3727,0.0,0.0,1.0,0.0,0.0,0.0,0.0654,0.0,0.0,0.0,0.0
7.9636,0.9999994399899705,0.00067099962423327,0.0007319995900726586,0.0003659997950363203,0.0,0.0,9.7121,0.0,0.0,1.0,0.0,0.0,0.0,0.0654,0.0,0.0,0.0,0.0
7.9837,0.9999992436003583,0.0005489995847365966,0.0010379992148571722,0.0003659997231578172,0.0,0.0,9.4461,0.0,0.0,1.0,0.0,0.0,0.0,-0.0654,0.0,0.0,0.0,0.0
8.0037,0.9999994604554368,0.000670999637965598,0.0007319996050533799,0.0003049998354388017,0.0,0.0,9.756,0.0,0.0,1.0,0.0,0.0,0.0,0.0654,0.0,0.0,0.0,0.0
8.0238,0.9999992100504361,0.0004879996145046126,0.0010989991318454293,0.0003659997108783619,0.0,0.0,9.3735,0.0,0.0,1.0,0.0,0.0,0.0,-0.0654,0.0,0.0,0.0,0.0
8.0439,0.9999995423173142,0.0006099997208135616,0.000670999692894918,0.00030499986040677385,0.0,0.0,9.7941,0.0,0.0,1.0,0.0,0.0,0.0,-0.0654,0.0,0.0,0.0,0.0
8.064,0.9999992956942441,0.00048799965629879095,0.0010379992689306253,0.00030499978518677695,0.0,0.0,9.3681,0.0,0.0,1.0,0.0,0.0,0.0,0.0654,0.0,0.0,0.0,0.0
8.0841,0.9999995423173142,0.0006709996928949178,0.0006099997208135617,0.00030499986040677385,0.0,0.0,9.7822,0.0,0.0,1.0,0.0,0.0,0.0,-0.0654,0.0,0.0,0.0,0.0
8.1042,0.9999993255231824,0.0005489996297122271,0.0009769993410361495,0.00030499979428461055,0.0,0.0,9.4158,0.0,0.0,1.0,0.0,0.0,0.0,0.0654,0.0,0.0,0.0,0.0
8.1243,0.9999995032468703,0.0006709996666786498,0.0006709996666786501,0.00030499984849030604,0.0,0.0,9.7603,0.0,0.0,1.0,0.0,0.0,0.0,-0.0654,0.0,0.0,0.0,0.0
8.1444,0.9999992752287881,0.0004879996463116484,0.001037999247687482,0.00036599973473372405,0.0,0.0,9.477,0.0,0.0,1.0,0.0,0.0,0.0,0.0654,0.0,0.0,0.0,0.0
8.1645,0.9999994827814013,0.0006709996529463203,0.0006709996529463204,0.00036599981069801446,0.0,0.0,9.7635,0.0,0.0,1.0,0.0,0.0,0.0,-0.0654,0.0,0.0,0.0,0.0
8.1846,0.9999992436003583,0.0005489995847365966,0.0010379992148571722,0.0003659997231578172,0.0,0.0,9.4462,0.0,0.0,1.0,0.0,0.0,0.0,0.0654,0.0,0.0,0.0,0.0
8.2047,0.9999995032468703,0.0006709996666786498,0.0006709996666786501,0.00030499984849030604,0.0,0.0,9.6658,0.0,0.0,1.0,0.0,0.0,0.0,-0.0654,0.0,0.0,0.0,0.0
8.2248,0.9999993050577245,0.0005489996184766906,0.0009769993210413971,0.0003659997456510467,0.0,0.0,9.4065,0.0,0.0,1.0,0.0,0.0,0.0,0.0654,0.0,0.0,0.0,0.0
8.2449,0.9999994399899705,0.0007319995900726584,0.0006709996242332702,0.0003659997950363203,0.0,0.0,9.6474,0.0,0.0,1.0,0.0,0.0,0.0,-0.0654,0.0,0.0,0.0,0.0
8.265,0.9999993255231824,0.0005489996297122271,0.0009769993410361495,0.00030499979428461055,0.0,0.0,9.4805,0.0,0.0,1.0,0.0,0.0,0.0,0.0654,0.0,0.0,0.0,0.0
8.2851,0.9999993637096073,0.0006709995730491465,0.0008539994566080049,0.00030499980593146075,0.0,0.0,9.6474,0.0,0.0,1.0,0.0,0.0,0.0,-0.0654,0.0,0.0,0.0,0.0
8.3052,0.9999994139430153,0.0006709996067557632,0.0007929995352568111,0.00030499982125259395,0.0,0.0,10.1312,0.0,0.0,1.0,0.0,0.0,0.0,0.0654,0.0,0.0,0.0,0.0
8.3253,0.9999994139430153,0.0006709996067557632,0.0007929995352568111,0.00030499982125259395,0.0,0.0,9.4888,0.0,0.0,1.0,0.0,0.0,0.0,-0.0654,0.0,0.0,0.0,0.0
8.3453,0.9999995423173142,0.0006099997208135616,0.000670999692894918,0.00030499986040677385,0.0,0.0,10.2011,0.0,0.0,1.0,0.0,0.0,0.0,0.0654,0.0,0.0,0.0,0.0
8.3655,0.9999994995258757,0.000609999694710784,0.000731999633652941,0.00030499984735538055,0.0,0.0,9.4214,0.0,0.0,1.0,0.0,0.0,0.0,-0.0654,0.0,0.0,0.0,0.0
8.3855,0.9999995423173142,0.0006099997208135616,0.000670999692894918,0.00030499986040677385,0.0,0.0,10.2041,0.0,0.0,1.0,0.0,0.0,0.0,0.0654,0.0,0.0,0.0,0.0
8.4056,0.9999994995258757,0.000609999694710784,0.000731999633652941,0.00030499984735538055,0.0,0.0,9.45,0.0,0.0,1.0,0.0,0.0,0.0,-0.0654,0.0,0.0,0.0,0.0
8.4257,0.9999995813877629,0.0006099997446465354,0.0006099997446465355,0.00030499987232329717,0.0,0.0,10.24,0.0,0.0,1.0,0.0,0.0,0.0,0.0654,0.0,0.0,0.0,0.0
8.4458,0.9999995981322423,0.0006099997548606677,0.0006099997548606679,0.00024399990194423626,0.0,0.0,9.4571,0.0,0.0,1.0,0.0,0.0,0.0,-0.0654,0.0,0.0,0.0,0.0
8.4659,0.9999996334817015,0.0006099997764238379,0.0005489997987814544,0.00024399991056955897,0.0,0.0,10.2035,0.0,0.0,1.0,0.0,0.0,0.0,0.0654,0.0,0.0,0.0,0.0
8.486,0.9999995981322423,0.0006099997548606677,0.0006099997548606679,0.00024399990194423626,0.0,0.0,9.4571,0.0,0.0,1.0,0.0,0.0,0.0,-0.0654,0.0,0.0,0.0,0.0
8.506,0.9999996334817015,0.0005489997987814542,0.0006099997764238382,0.00024399991056955897,0.0,0.0,10.2405,0.0,0.0,1.0,0.0,0.0,0.0,0.0654,0.0,0.0,0.0,0.0
8.5261,0.9999995720852747,0.0006099997389720174,0.0006709997128692195,0.00018299992169162896,0.0,0.0,9.3911,0.0,0.0,1.0,0.0,0.0,0.0,-0.0654,0.0,0.0,0.0,0.0
8.5462,0.9999996334817015,0.0005489997987814542,0.0006099997764238382,0.00024399991056955897,0.0,0.0,10.2465,0.0,0.0,1.0,0.0,0.0,0.0,0.0654,0.0,0.0,0.0,0.0
8.5663,0.9999995720852747,0.0006099997389720174,0.0006709997128692195,0.00018299992169162896,0.0,0.0,9.4647,0.0,0.0,1.0,0.0,0.0,0.0,-0.0654,0.0,0.0,0.0,0.0
8.5864,0.9999996465051875,0.0005489998059313478,0.0006099997843681643,0.00018299993531045722,0.0,0.0,10.2447,0.0,0.0,1.0,0.0,0.0,0.0,0.0654,0.0,0.0,0.0,0.0
8.6065,0.9999996111557268,0.0006099997628049932,0.0006099997628049933,0.0001829999288415207,0.0,0.0,9.4189,0.0,0.0,1.0,0.0,0.0,0.0,-0.0654,0.0,0.0,0.0,0.0
8.6265,0.9999996111557268,0.0006099997628049932,0.0006099997628049933,0.0001829999288415207,0.0,0.0,10.2878,0.0,0.0,1.0,0.0,0.0,0.0,0.0654,0.0,0.0,0.0,0.0
8.6466,0.999999620458216,0.0006099997684795115,0.0006099997684795116,0.00012199995369593927,0.0,0.0,9.45,0.0,0.0,1.0,0.0,0.0,0.0,-0.0654,0.0,0.0,0.0,0.0
8.6667,0.9999996558076777,0.000548999811038415,0.0006099997900426836,0.00012199995800854514,0.0,0.0,10.2035,0.0,0.0,1.0,0.0,0.0,0.0,0.0654,0.0,0.0,0.0,0.0
8.6868,0.9999996111557268,0.0006099997628049932,0.0006099997628049933,0.0001829999288415207,0.0,0.0,9.4214,0.0,0.0,1.0,0.0,0.0,0.0,-0.0654,0.0,0.0,0.0,0.0
8.7069,0.9999996465051875,0.0005489998059313478,0.0006099997843681643,0.00018299993531045722,0.0,0.0,10.3145,0.0,0.0,1.0,0.0,0.0,0.0,0.0654,0.0,0.0,0.0,0.0
8.727,0.9999996465051875,0.0005489998059313478,0.0006099997843681643,0.00018299993531045722,0.0,0.0,9.4601,0.0,0.0,1.0,0.0,0.0,0.0,-0.0654,0.0,0.0,0.0,0.0
8.7471,0.9999996465051875,0.0005489998059313478,0.0006099997843681643,0.00018299993531045722,0.0,0.0,9.4601,0.0,0.0,1.0,0.0,0.0,0.0,0.0654,0.0,0.0,0.0,0.0
8.7671,0.9999994446559626,0.00048799972899210954,0.0009159994913048618,0.0001829998983719494,0.0,0.0,9.426,0.0,0.0,1.0,0.0,0.0,0.0,-0.0654,0.0,0.0,0.0,0.0
8.7872,0.9999996465051875,0.0006099997843681642,0.0005489998059313479,0.00018299993531045722,0.0,0.0,10.2774,0.0,0.0,1.0,0.0,0.0,0.0,0.0654,0.0,0.0,0.0,0.0
8.8073,0.9999993962220468,0.00048799970535635885,0.00097699941010894,0.00012199992633904477,0.0,0.0,9.426,0.0,0.0,1.0,0.0,0.0,0.0,-0.0654,0.0,0.0,0.0,0.0
8.8275,0.9999995720852747,0.0006099997389720174,0.0006709997128692195,0.00018299992169162896,0.0,0.0,10.2436,0.0,0.0,1.0,0.0,0.0,0.0,0.0654,0.0,0.0,0.0,0.0
8.8475,0.9999993254621826,0.00048799967082554504,0.0010379992998297456,0.0001829998765596752,0.0,0.0,9.3974,0.0,0.0,1.0,0.0,0.0,0.0,-0.0654,0.0,0.0,0.0,0.0
8.8676,0.9999993254621826,0.00048799967082554504,0.0010379992998297456,0.0001829998765596752,0.0,0.0,9.3974,0.0,0.0,1.0,0.0,0.0,0.0,0.0654,0.0,0.0,0.0,0.0
8.8877,0.9999996111557268,0.0006099997628049932,0.0006099997628049933,0.0001829999288415207,0.0,0.0,10.3141,0.0,0.0,1.0,0.0,0.0,0.0,-0.0654,0.0,0.0,0.0,0.0
8.9078,0.9999993869195638,0.0004879997008167471,0.000976999401020414,0.00018299988780634546,0.0,0.0,9.3985,0.0,0.0,1.0,0.0,0.0,0.0,0.0654,0.0,0.0,0.0,0.0
8.9279,0.9999995330148271,0.0006709996866529489,0.0006709996866529493,0.00018299991454179265,0.0,0.0,10.3127,0.0,0.0,1.0,0.0,0.0,0.0,-0.0654,0.0,0.0,0.0,0.0
8.948,0.9999993254621826,0.00048799967082554504,0.0010379992998297456,0.0001829998765596752,0.0,0.0,9.4457,0.0,0.0,1.0,0.0,0.0,0.0,0.0654,0.0,0.0,0.0,0.0
8.9681,0.9999995330148271,0.0006709996866529489,0.0006709996866529493,0.00018299991454179265,0.0,0.0,10.2403,0.0,0.0,1.0,0.0,0.0,0.0,-0.0654,0.0,0.0,0.0,0.0
8.9882,0.9999994130275169,0.0005489996777521069,0.0009159994623332057,0.0001829998925839682,0.0,0.0,9.4378,0.0,0.0,1.0,0.0,0.0,0.0,0.0654,0.0,0.0,0.0,0.0
9.0083,0.9999994827814014,0.0006099996844966546,0.0007929995898456513,0.00018299990534897947,0.0,0.0,9.7341,0.0,0.0,1.0,0.0,0.0,0.0,-0.0654,0.0,0.0,0.0,0.0
9.0284,0.9999994130275169,0.0005489996777521069,0.0009159994623332057,0.0001829998925839682,0.0,0.0,10.4045,0.0,0.0,1.0,0.0,0.0,0.0,0.0654,0.0,0.0,0.0,0.0
9.0485,0.9999995292938324,0.0006099997128692376,0.0007319996554430854,0.00018299991386078185,0.0,0.0,9.5713,0.0,0.0,1.0,0.0,0.0,0.0,-0.0654,0.0,0.0,0.0,0.0
9.0686,0.9999994130275169,0.0005489996777521069,0.0009159994623332057,0.0001829998925839682,0.0,0.0,10.3597,0.0,0.0,1.0,0.0,0.0,0.0,0.0654,0.0,0.0,0.0,0.0
9.0886,0.9999994418504674,0.000609999659528785,0.0008539995233402993,0.00012199993190575853,0.0,0.0,9.6712,0.0,0.0,1.0,0.0,0.0,0.0,-0.0654,0.0,0.0,0.0,0.0
9.1087,0.9999993347646638,0.0004879996753651558,0.001037999309485721,0.0001219999188412646,0.0,0.0,10.4035,0.0,0.0,1.0,0.0,0.0,0.0,0.0654,0.0,0.0,0.0,0.0
9.1288,0.999999492083887,0.0006099996901711709,0.0007929995972225225,0.00012199993803424514,0.0,0.0,9.6642,0.0,0.0,1.0,0.0,0.0,0.0,-0.0654,0.0,0.0,0.0,0.0
9.1489,0.9999993347646638,0.0004879996753651558,0.001037999309485721,0.0001219999188412646,0.0,0.0,10.4485,0.0,0.0,1.0,0.0,0.0,0.0,0.0654,0.0,0.0,0.0,0.0
9.169,0.9999994325479831,0.0006099996538542696,0.000853999515395978,0.00018299989615627735,0.0,0.0,9.6305,0.0,0.0,1.0,0.0,0.0,0.0,-0.0654,0.0,0.0,0.0,0.0
9.1891,0.9999993347646638,0.0004879996753651558,0.001037999309485721,0.0001219999188412646,0.0,0.0,10.4313,0.0,0.0,1.0,0.0,0.0,0.0,0.0654,0.0,0.0,0.0,0.0
9.2092,0.9999994678974248,0.0005489997078756859,0.0008539995455844007,0.00018299990262521382,0.0,0.0,9.6013,0.0,0.0,1.0,0.0,0.0,0.0,-0.0654,0.0,0.0,0.0,0.0
9.2293,0.9999992695863003,0.0004879996435581145,0.0010989991972753443,0.00012199991088951423,0.0,0.0,10.5181,0.0,0.0,1.0,0.0,0.0,0.0,0.0654,0.0,0.0,0.0,0.0
9.2494,0.9999994223300006,0.0005489996828591704,0.0009159994708542808,0.00012199992952438567,0.0,0.0,9.5733,0.0,0.0,1.0,0.0,0.0,0.0,-0.0654,0.0,0.0,0.0,0.0
9.2695,0.9999991559740685,0.00042699963960092714,0.0012209989694443378,0.00012199989702876834,0.0,0.0,10.4963,0.0,0.0,1.0,0.0,0.0,0.0,0.0654,0.0,0.0,0.0,0.0
9.2896,0.9999993347646638,0.0004879996753651558,0.001037999309485721,0.0001219999188412646,0.0,0.0,9.5607,0.0,0.0,1.0,0.0,0.0,0.0,-0.0654,0.0,0.0,0.0,0.0
9.3097,0.9999991038192048,0.0003659996719978289,0.0012819988510962207,0.00012199989066596918,0.0,0.0,10.5198,0.0,0.0,1.0,0.0,0.0,0.0,0.0654,0.0,0.0,0.0,0.0
9.3297,0.9999992974937403,0.000426999700029827,0.0010989992279456205,0.0001219999142943462,0.0,0.0,9.5675,0.0,0.0,1.0,0.0,0.0,0.0,-0.0654,0.0,0.0,0.0,0.0
9.3498,0.9999989399736855,0.00036599961203036865,0.0014039985117230546,0.00012199987067673668,0.0,0.0,10.3636,0.0,0.0,1.0,0.0,0.0,0.0,0.0654,0.0,0.0,0.0,0.0
9.3699,0.9999992583623251,0.00036599972856061087,0.0011599991397002972,6.099995476016585e-05,0.0,0.0,9.6589,0.0,0.0,1.0,0.0,0.0,0.0,-0.0654,0.0,0.0,0.0,0.0
9.39,0.9999990665483072,0.0002439997722377867,0.0013429987463743766,6.0999943059525386e-05,0.0,0.0,10.5082,0.0,0.0,1.0,0.0,0.0,0.0,0.0654,0.0,0.0,0.0,0.0
9.4101,0.9999992788277802,0.0003049997800424726,0.001159999163440225,6.099995600850061e-05,0.0,0.0,9.5742,0.0,0.0,1.0,0.0,0.0,0.0,-0.0654,0.0,0.0,0.0,0.0
9.4302,0.9999989957885127,0.0001829998162292978,0.0014039985900870717,6.09999387431448e-05,0.0,0.0,10.3999,0.0,0.0,1.0,0.0,0.0,0.0,0.0654,0.0,0.0,0.0,0.0
9.4503,0.9999992788277802,0.0003049997800424726,0.001159999163440225,6.099995600850061e-05,0.0,0.0,9.6783,0.0,0.0,1.0,0.0,0.0,0.0,-0.0654,0.0,0.0,0.0,0.0
9.4704,0.9999989957885127,0.0001829998162292978,0.0014039985900870717,6.09999387431448e-05,0.0,0.0,10.517,0.0,0.0,1.0,0.0,0.0,0.0,0.0654,0.0,0.0,0.0,0.0
9.4905,0.9999992229519057,0.00024399981040026475,0.001220999051224277,6.099995259994939e-05,0.0,0.0,9.5938,0.0,0.0,1.0,0.0,0.0,0.0,-0.0654,0.0,0.0,0.0,0.0
9.5106,0.9999988282220597,0.00012199985704309105,0.0015259982118668632,0.0,0.0,0.0,10.4383,0.0,0.0,1.0,0.0,0.0,0.0,0.0654,0.0,0.0,0.0,0.0
9.5307,0.9999991614945547,0.0001829998465535034,0.001281998925036019,0.0,0.0,0.0,9.594,0.0,0.0,1.0,0.0,0.0,0.0,-0.0654,0.0,0.0,0.0,0.0
9.5508,0.999998642050766,-1.0842021724855044e-19,0.0016479977620996625,0.0,0.0,0.0,10.5195,0.0,0.0,1.0,0.0,0.0,0.0,0.0654,0.0,0.0,0.0,0.0
9.5709,0.9999990907347401,0.00012199988906963803,0.001342998778856756,0.0,0.0,0.0,9.5779,0.0,0.0,1.0,0.0,0.0,0.0,-0.0654,0.0,0.0,0.0,0.0
9.591,0.9999985396626989,-2.168404344971009e-19,0.001708997504283552,0.0,0.0,0.0,10.5264,0.0,0.0,1.0,0.0,0.0,0.0,0.0654,0.0,0.0,0.0,0.0
9.6111,0.9999988282220597,0.00012199985704309105,0.0015259982118668632,0.0,0.0,0.0,9.4822,0.0,0.0,1.0,0.0,0.0,0.0,-0.0654,0.0,0.0,0.0,0.0
9.6312,0.9999987369968928,6.099992295681032e-05,0.001586997995614069,-6.099992295677259e-05,0.0,0.0,10.3886,0.0,0.0,1.0,0.0,0.0,0.0,0.0654,0.0,0.0,0.0,0.0
9.6513,0.9999982064518254,-6.099989059356152e-05,0.001891996606606853,-6.099989059354938e-05,0.0,0.0,9.3839,0.0,0.0,1.0,0.0,0.0,0.0,-0.0654,0.0,0.0,0.0,0.0
9.6714,0.9999986383297812,6.099991693811653e-05,0.0016479977559674794,-6.099991693819806e-05,0.0,0.0,10.0919,0.0,0.0,1.0,0.0,0.0,0.0,0.0654,0.0,0.0,0.0,0.0
9.6915,0.9999980910404662,-3.2526065174565133e-19,0.0019529962718020308,-6.0999883553458645e-05,0.0,0.0,9.3444,0.0,0.0,1.0,0.0,0.0,0.0,-0.0654,0.0,0.0,0.0,0.0
9.7115,0.9999986271668271,0.00012199983251435273,0.001647997737570931,-0.000121999832514319,0.0,0.0,10.1941,0.0,0.0,1.0,0.0,0.0,0.0,0.0654,0.0,0.0,0.0,0.0
9.7316,0.9999980854589983,-3.2526065174565133e-19,0.0019529962609014235,-0.00012199976642590649,0.0,0.0,9.2678,0.0,0.0,1.0,0.0,0.0,0.0,-0.0654,0.0,0.0,0.0,0.0
9.7517,0.9999988114776189,0.0001829997825004041,0.0015259981863148466,-0.00012199985500027655,0.0,0.0,10.1249,0.0,0.0,1.0,0.0,0.0,0.0,0.0654,0.0,0.0,0.0,0.0
9.7718,0.9999983088397901,0.00012199979367845404,0.0018309969034856557,-0.00012199979367855107,0.0,0.0,9.3078,0.0,0.0,1.0,0.0,0.0,0.0,-0.0654,0.0,0.0,0.0,0.0
9.7918,0.9999988896793492,0.00024399972908176106,0.0014649983733802468,-0.00012199986454086709,0.0,0.0,10.1198,0.0,0.0,1.0,0.0,0.0,0.0,0.0654,0.0,0.0,0.0,0.0
9.8119,0.9999983088397901,0.00012199979367845404,0.0018309969034856557,-0.00012199979367855107,0.0,0.0,9.3362,0.0,0.0,1.0,0.0,0.0,0.0,-0.0654,0.0,0.0,0.0,0.0
9.832,0.9999987984541656,0.00024399970682281605,0.0015259981664410569,-0.00012199985341143638,0.0,0.0,10.0863,0.0,0.0,1.0,0.0,0.0,0.0,0.0654,0.0,0.0,0.0,0.0
9.852,0.9999983088397901,0.00012199979367845404,0.0018309969034856557,-0.00012199979367855107,0.0,0.0,9.2837,0.0,0.0,1.0,0.0,0.0,0.0,-0.0654,0.0,0.0,0.0,0.0
9.8721,0.9999987817097264,0.00030499962842146615,0.0015259981408890424,-0.0001219998513685705,0.0,0.0,10.0011,0.0,0.0,1.0,0.0,0.0,0.0,0.0654,0.0,0.0,0.0,0.0
9.8922,0.9999982995373374,0.00018299968881533223,0.0018309968864528648,-0.00012199979254351456,0.0,0.0,9.3686,0.0,0.0,1.0,0.0,0.0,0.0,-0.0654,0.0,0.0,0.0,0.0
9.9122,0.9999987817097264,0.00030499962842146615,0.0015259981408890424,-0.0001219998513685705,0.0,0.0,10.0764,0.0,0.0,1.0,0.0,0.0,0.0,0.0654,0.0,0.0,0.0,0.0
9.9323,0.9999987817097264,0.00030499962842146615,0.0015259981408890424,-0.0001219998513685705,0.0,0.0,10.0764,0.0,0.0,1.0,0.0,0.0,0.0,-0.0654,0.0,0.0,0.0,0.0
9.9524,0.999998502452864,0.00024399963459849873,0.0017089974406919448,-0.00012199981729932309,0.0,0.0,9.8347,0.0,0.0,1.0,0.0,0.0,0.0,0.0654,0.0,0.0,0.0,0.0
9.9724,0.9999987817097264,0.00030499962842146615,0.0015259981408890424,-0.0001219998513685705,0.0,0.0,9.5414,0.0,0.0,1.0,0.0,0.0,0.0,-0.0654,0.0,0.0,0.0,0.0
9.9925,0.9999986048409197,0.00024399965958118414,0.001647997700777836,-0.00012199982979066438,0.0,0.0,9.9264,0.0,0.0,1.0,0.0,0.0,0.0,0.0654,0.0,0.0,0.0,0.0
10.0126,0.9999989604391211,0.00030499968293393165,0.0014039985404565262,-0.00012199987317351724,0.0,0.0,9.5346,0.0,0.0,1.0,0.0,0.0,0.0,-0.0654,0.0,0.0,0.0,0.0
10.0326,0.9999987090894997,0.00024399968501783765,0.0015869979513250363,-6.0999921254467626e-05,0.0,0.0,9.8209,0.0,0.0,1.0,0.0,0.0,0.0,0.0654,0.0,0.0,0.0,0.0
10.0527,0.9999985732125537,0.00036599947779579446,0.0016479976486542887,-6.0999912965986614e-05,0.0,0.0,9.4357,0.0,0.0,1.0,0.0,0.0,0.0,-0.0654,0.0,0.0,0.0,0.0
10.0728,0.9999989772445691,0.0004879995008953494,0.0013429986264394563,-6.0999937611938566e-05,0.0,0.0,10.3682,0.0,0.0,1.0,0.0,0.0,0.0,0.0654,0.0,0.0,0.0,0.0
10.0929,0.9999987817097264,0.00030499962842146615,0.0015259981408890424,-0.0001219998513685705,0.0,0.0,9.3102,0.0,0.0,1.0,0.0,0.0,0.0,-0.0654,0.0,0.0,0.0,0.0
10.1129,0.9999992006869584,0.00048799960993523554,0.001159999072796872,-0.00012199990248368264,0.0,0.0,10.4668,0.0,0.0,1.0,0.0,0.0,0.0,0.0654,0.0,0.0,0.0,0.0
10.133,0.9999988524694753,0.0003659995800038279,0.0014649983188677815,-0.00012199986000127617,0.0,0.0,9.3954,0.0,0.0,1.0,0.0,0.0,0.0,-0.0654,0.0,0.0,0.0,0.0
10.1531,0.9999992695863003,0.00048799964355811454,0.0010989991972753443,-0.00012199991088951423,0.0,0.0,10.3906,0.0,0.0,1.0,0.0,0.0,0.0,0.0654,0.0,0.0,0.0,0.0
10.1731,0.9999989157872633,0.0004269995370411614,0.0014039984777653178,-0.00012199986772598592,0.0,0.0,9.3587,0.0,0.0,1.0,0.0,0.0,0.0,-0.0654,0.0,0.0,0.0,0.0
10.1932,0.9999993031362284,0.0005489996174217893,0.001037999276655405,-0.00012199991498257343,0.0,0.0,10.3275,0.0,0.0,1.0,0.0,0.0,0.0,0.0654,0.0,0.0,0.0,0.0
10.2133,0.9999990517253489,0.0004879995372419699,0.001281998784311897,-0.00012199988431049746,0.0,0.0,9.3509,0.0,0.0,1.0,0.0,0.0,0.0,-0.0654,0.0,0.0,0.0,0.0
10.2334,0.9999994418504674,0.000609999659528785,0.0008539995233402993,-0.00012199993190575853,0.0,0.0,10.4193,0.0,0.0,1.0,0.0,0.0,0.0,0.0654,0.0,0.0,0.0,0.0
10.2534,0.9999992006869584,0.00048799960993523554,0.001159999072796872,-0.00012199990248368264,0.0,0.0,9.3533,0.0,0.0,1.0,0.0,0.0,0.0,-0.0616,0.0,0.0,0.0,0.0
10.2735,0.9999993869805637,0.0006099996260581438,0.0009159994384741966,-0.00012199992521155778,0.0,0.0,10.4386,0.0,0.0,1.0,0.0,0.0,0.0,0.0654,0.0,0.0,0.0,0.0
10.2936,0.9999991280666405,0.00048799957449652037,0.001220998935369368,-0.00012199989362421393,0.0,0.0,9.29,0.0,0.0,1.0,0.0,0.0,0.0,-0.0616,0.0,0.0,0.0,0.0
10.3136,0.9999993869805637,0.0006099996260581438,0.0009159994384741966,-0.00012199992521155778,0.0,0.0,10.3906,0.0,0.0,1.0,0.0,0.0,0.0,0.0654,0.0,0.0,0.0,0.0
10.3337,0.9999991280666405,0.00048799957449652037,0.001220998935369368,-0.00012199989362421393,0.0,0.0,9.3175,0.0,0.0,1.0,0.0,0.0,0.0,-0.0654,0.0,0.0,0.0,0.0
10.3538,0.9999994027800351,0.0006709995992654034,0.0008539994899741499,-0.00012199992713918251,0.0,0.0,10.44,0.0,0.0,1.0,0.0,0.0,0.0,0.0654,0.0,0.0,0.0,0.0
10.3738,0.999999237957871,0.0005489995816388711,0.0010989991625157001,-0.00012199990703082308,0.0,0.0,9.3014,0.0,0.0,1.0,0.0,0.0,0.0,-0.0616,0.0,0.0,0.0,0.0
10.3939,0.9999994530134488,0.0006709996329720241,0.0007929995662396651,-0.00012199993326761362,0.0,0.0,10.475,0.0,0.0,1.0,0.0,0.0,0.0,0.0654,0.0,0.0,0.0,0.0
10.414,0.999999237957871,0.0005489995816388711,0.0010989991625157001,-0.00012199990703082308,0.0,0.0,9.3809,0.0,0.0,1.0,0.0,0.0,0.0,-0.0616,0.0,0.0,0.0,0.0
10.434,0.9999994027800351,0.0006709995992654034,0.0008539994899741499,-0.00012199992713918251,0.0,0.0,10.3956,0.0,0.0,1.0,0.0,0.0,0.0,0.0654,0.0,0.0,0.0,0.0
10.4541,0.9999991690585357,0.0005489995438131359,0.0011599990361079015,-0.00012199989862504701,0.0,0.0,9.3821,0.0,0.0,1.0,0.0,0.0,0.0,-0.0616,0.0,0.0,0.0,0.0
10.4742,0.9999993479101379,0.0006709995624477024,0.0009159994026856865,-0.00012199992044498176,0.0,0.0,10.3476,0.0,0.0,1.0,0.0,0.0,0.0,0.0654,0.0,0.0,0.0,0.0
10.4942,0.9999991337091257,0.0006099994715625664,0.0011599989951025858,-0.0001219998943124967,0.0,0.0,9.3121,0.0,0.0,1.0,0.0,0.0,0.0,-0.0616,0.0,0.0,0.0,0.0
10.5143,0.9999993479101379,0.0006709995624477024,0.0009159994026856865,-0.00012199992044498176,0.0,0.0,10.395,0.0,0.0,1.0,0.0,0.0,0.0,0.0616,0.0,0.0,0.0,0.0
10.5344,0.999999159756059,0.0005489995387060763,0.0011599990253170287,-0.00018299984623526558,0.0,0.0,9.3533,0.0,0.0,1.0,0.0,0.0,0.0,-0.0616,0.0,0.0,0.0,0.0
10.5544,0.9999993386076562,0.0006709995562057371,0.0009159993941646133,-0.0001829998789650844,0.0,0.0,9.9229,0.0,0.0,1.0,0.0,0.0,0.0,0.0616,0.0,0.0,0.0,0.0
10.5745,0.9999993386076562,0.0006709995562057371,0.0009159993941646133,-0.0001829998789650844,0.0,0.0,9.9229,0.0,0.0,1.0,0.0,0.0,0.0,-0.0616,0.0,0.0,0.0,0.0
10.5946,0.9999991690585357,0.0005489995438131359,0.0011599990361079015,-0.00012199989862504701,0.0,0.0,9.9067,0.0,0.0,1.0,0.0,0.0,0.0,0.0654,0.0,0.0,0.0,0.0
10.6146,0.9999993051187244,0.000731999491346906,0.0009159993634887517,-0.00012199991522454656,0.0,0.0,9.8991,0.0,0.0,1.0,0.0,0.0,0.0,-0.0616,0.0,0.0,0.0,0.0
10.6347,0.9999990107944678,0.0005489994569261628,0.0012819987318385077,-0.000182999818975349,0.0,0.0,9.8603,0.0,0.0,1.0,0.0,0.0,0.0,0.0616,0.0,0.0,0.0,0.0
10.6548,0.999999377678081,0.0006099996203836293,0.0009159994299531225,-0.00018299988611503173,0.0,0.0,9.9586,0.0,0.0,1.0,0.0,0.0,0.0,-0.0616,0.0,0.0,0.0,0.0
10.6748,0.999998962360615,0.00048799949363197994,0.0013429986064503064,-0.00018299981011205002,0.0,0.0,9.787,0.0,0.0,1.0,0.0,0.0,0.0,0.0616,0.0,0.0,0.0,0.0
10.6949,0.9999992901737558,0.0006709995237065901,0.0009769993064997597,-0.00012199991340122729,0.0,0.0,9.9302,0.0,0.0,1.0,0.0,0.0,0.0,-0.0616,0.0,0.0,0.0,0.0
10.715,0.9999990200969403,0.0005489994620332202,0.0012819987437642775,-0.00012199988045186183,0.0,0.0,9.7856,0.0,0.0,1.0,0.0,0.0,0.0,0.0654,0.0,0.0,0.0,0.0
10.735,0.9999992342978794,0.000670999486213877,0.0010379992052011989,-6.099995329206241e-05,0.0,0.0,9.8594,0.0,0.0,1.0,0.0,0.0,0.0,-0.0616,0.0,0.0,0.0,0.0
10.7551,0.9999990200969403,0.0005489994620332202,0.0012819987437642775,-0.00012199988045186183,0.0,0.0,9.9265,0.0,0.0,1.0,0.0,0.0,0.0,0.0616,0.0,0.0,0.0,0.0
10.7752,0.9999992901737558,0.0006709995237065901,0.0009769993064997597,-0.00012199991340122729,0.0,0.0,9.8633,0.0,0.0,1.0,0.0,0.0,0.0,-0.0616,0.0,0.0,0.0,0.0
10.7952,0.9999989716630863,0.00048799949817158604,0.001342998618943525,-0.0001219998745428108,0.0,0.0,9.9679,0.0,0.0,1.0,0.0,0.0,0.0,0.0616,0.0,0.0,0.0,0.0
10.8153,0.9999992677868044,0.0006099995533499505,0.0010379992399627029,-0.00012199991067002314,0.0,0.0,9.8129,0.0,0.0,1.0,0.0,0.0,0.0,-0.0616,0.0,0.0,0.0,0.0
10.8354,0.9999989716630863,0.00048799949817158604,0.001342998618943525,-0.0001219998745428108,0.0,0.0,9.9401,0.0,0.0,1.0,0.0,0.0,0.0,0.0654,0.0,0.0,0.0,0.0
10.8555,0.9999992677868044,0.0006099995533499505,0.0010379992399627029,-0.00012199991067002314,0.0,0.0,9.8212,0.0,0.0,1.0,0.0,0.0,0.0,-0.0616,0.0,0.0,0.0,0.0
10.8755,0.9999990517253489,0.0004879995372419699,0.001281998784311897,-0.00012199988431049746,0.0,0.0,10.0089,0.0,0.0,1.0,0.0,0.0,0.0,0.0616,0.0,0.0,0.0,0.0
10.8956,0.9999993348256637,0.0006099995942436548,0.0009769993501246737,-6.09999594243793e-05,0.0,0.0,9.8206,0.0,0.0,1.0,0.0,0.0,0.0,-0.0616,0.0,0.0,0.0,0.0
10.9157,0.9999991020197097,0.0005489995070088204,0.0012209989035660658,-6.099994522323904e-05,0.0,0.0,10.0987,0.0,0.0,1.0,0.0,0.0,0.0,0.0616,0.0,0.0,0.0,0.0
10.9357,0.9999992733682921,0.000609999556754658,0.0010379992457562872,-6.0999955675433704e-05,0.0,0.0,9.7447,0.0,0.0,1.0,0.0,0.0,0.0,-0.0616,0.0,0.0,0.0,0.0
10.9558,0.999999237957871,0.0005489995816388711,0.0010989991625157001,-0.00012199990703082308,0.0,0.0,10.0098,0.0,0.0,1.0,0.0,0.0,0.0,0.0654,0.0,0.0,0.0,0.0
10.9759,0.9999992006869584,0.00048799960993523554,0.001159999072796872,-0.00012199990248368264,0.0,0.0,9.4441,0.0,0.0,1.0,0.0,0.0,0.0,-0.0616,0.0,0.0,0.0,0.0
10.9959,0.9999993925620535,0.0006099996294628527,0.0009159994435868414,-6.09999629462843e-05,0.0,0.0,10.3141,0.0,0.0,1.0,0.0,0.0,0.0,0.0616,0.0,0.0,0.0,0.0
11.016,0.999999237957871,0.0005489995816388711,0.0010989991625157001,-0.00012199990703082308,0.0,0.0,9.4819,0.0,0.0,1.0,0.0,0.0,0.0,-0.0616,0.0,0.0,0.0,0.0
11.0361,0.999999329244175,0.0006099995908389466,0.0009769993446715592,-0.00012199991816780331,0.0,0.0,10.3235,0.0,0.0,1.0,0.0,0.0,0.0,0.0616,0.0,0.0,0.0,0.0
11.0561,0.99999908713575,0.0005489994988375267,0.001220998885392751,-0.00018299983294589595,0.0,0.0,9.4403,0.0,0.0,1.0,0.0,0.0,0.0,-0.0616,0.0,0.0,0.0,0.0
11.0762,0.9999992677868044,0.0006099995533499505,0.0010379992399627029,-0.00012199991067002314,0.0,0.0,10.2737,0.0,0.0,1.0,0.0,0.0,0.0,0.0654,0.0,0.0,0.0,0.0
11.0963,0.9999991690585357,0.0005489995438131359,0.0011599990361079015,-0.00012199989862504701,0.0,0.0,9.6222,0.0,0.0,1.0,0.0,0.0,0.0,-0.0616,0.0,0.0,0.0,0.0
11.1163,0.9999993087177168,0.0005489996204860264,0.0010379992824489901,-6.0999957831875395e-05,0.0,0.0,10.3576,0.0,0.0,1.0,0.0,0.0,0.0,0.0616,0.0,0.0,0.0,0.0
11.1364,0.9999992062684451,0.00048799961265900103,0.0011599990792713964,-6.099995158237448e-05,0.0,0.0,9.6092,0.0,0.0,1.0,0.0,0.0,0.0,-0.0616,0.0,0.0,0.0,0.0
11.1565,0.9999992733682921,0.000609999556754658,0.0010379992457562872,-6.0999955675433704e-05,0.0,0.0,10.3665,0.0,0.0,1.0,0.0,0.0,0.0,0.0616,0.0,0.0,0.0,0.0
11.1766,0.9999991392906113,0.0006099994749672725,0.001159999001577109,-6.099994749669824e-05,0.0,0.0,9.5523,0.0,0.0,1.0,0.0,0.0,0.0,-0.0616,0.0,0.0,0.0,0.0
11.1966,0.9999993348256637,0.0006099995942436548,0.0009769993501246737,-6.09999594243793e-05,0.0,0.0,10.3476,0.0,0.0,1.0,0.0,0.0,0.0,0.0654,0.0,0.0,0.0,0.0
11.2167,0.999999237957871,0.0005489995816388711,0.0010989991625157001,-0.00012199990703082308,0.0,0.0,9.5642,0.0,0.0,1.0,0.0,0.0,0.0,-0.0616,0.0,0.0,0.0,0.0
11.2368,0.9999994223300006,0.0005489996828591702,0.0009159994708542807,-0.00012199992952438565,0.0,0.0,10.3598,0.0,0.0,1.0,0.0,0.0,0.0,0.0616,0.0,0.0,0.0,0.0
11.2569,0.9999993031362284,0.0005489996174217893,0.001037999276655405,-0.00012199991498257343,0.0,0.0,9.5206,0.0,0.0,1.0,0.0,0.0,0.0,-0.0616,0.0,0.0,0.0,0.0
11.2769,0.9999994771999101,0.0005489997129827506,0.0008539995535287234,-0.00012199993621836436,0.0,0.0,10.3598,0.0,0.0,1.0,0.0,0.0,0.0,0.0616,0.0,0.0,0.0,0.0
11.297,0.9999993645936057,0.0005489996511618893,0.0009769993792079527,-0.00012199992248046465,0.0,0.0,9.5876,0.0,0.0,1.0,0.0,0.0,0.0,-0.0616,0.0,0.0,0.0,0.0
11.3171,0.999999527433335,0.0005489997405609007,0.0007929996252546348,-0.00012199994234679545,0.0,0.0,10.2759,0.0,0.0,1.0,0.0,0.0,0.0,0.0616,0.0,0.0,0.0,0.0
11.3371,0.9999993347646638,0.0004879996753651558,0.001037999309485721,-0.0001219999188412646,0.0,0.0,9.4108,0.0,0.0,1.0,0.0,0.0,0.0,-0.0616,0.0,0.0,0.0,0.0
11.3572,0.9999995720852747,0.0006099997389720173,0.0006709997128692194,-0.00018299992169162893,0.0,0.0,9.679,0.0,0.0,1.0,0.0,0.0,0.0,0.0616,0.0,0.0,0.0,0.0
11.3772,0.9999994725634174,0.00042699977478457906,0.0009159995168680905,-0.00018299990347914186,0.0,0.0,9.4806,0.0,0.0,1.0,0.0,0.0,0.0,-0.0616,0.0,0.0,0.0,0.0
11.3973,0.9999996074347312,0.0005489997844816673,0.0006709997365887048,-0.00018299992816050994,0.0,0.0,9.6782,0.0,0.0,1.0,0.0,0.0,0.0,0.0616,0.0,0.0,0.0,0.0
11.4174,0.9999993869195638,0.00048799970081674706,0.0009769994010204142,-0.0001829998878063455,0.0,0.0,9.524,0.0,0.0,1.0,0.0,0.0,0.0,-0.0616,0.0,0.0,0.0,0.0
11.4375,0.9999996074347312,0.0005489997844816673,0.0006709997365887048,-0.00018299992816050994,0.0,0.0,9.713,0.0,0.0,1.0,0.0,0.0,0.0,0.0616,0.0,0.0,0.0,0.0
11.4575,0.9999994539584474,0.0004879997335317221,0.0009159994998259379,-0.00012199993338302129,0.0,0.0,9.5236,0.0,0.0,1.0,0.0,0.0,0.0,-0.0616,0.0,0.0,0.0,0.0
11.4776,0.9999996558076777,0.0005489998110384149,0.0006099997900426835,-0.00012199995800854513,0.0,0.0,9.617,0.0,0.0,1.0,0.0,0.0,0.0,0.0616,0.0,0.0,0.0,0.0
11.4977,0.999999536735822,0.0004269998021861959,0.0008539996043723921,-0.00012199994348177645,0.0,0.0,9.6105,0.0,0.0,1.0,0.0,0.0,0.0,-0.0616,0.0,0.0,0.0,0.0
11.5177,0.9999997879030675,0.00042699990943460993,0.00048799989649669706,-6.099998706210476e-05,0.0,0.0,9.803,0.0,0.0,1.0,0.0,0.0,0.0,0.0616,0.0,0.0,0.0,0.0
11.5378,0.9999997265066123,0.0003049999165845166,0.0006709998164859368,-6.0999983316933903e-05,0.0,0.0,9.534,0.0,0.0,1.0,0.0,0.0,0.0,-0.0616,0.0,0.0,0.0,0.0
11.5579,0.9999997618560852,0.0004879998837857695,0.00048799988378576964,0.0,0.0,0.0,9.6302,0.0,0.0,1.0,0.0,0.0,0.0,0.0616,0.0,0.0,0.0,0.0
11.5779,0.9999995116338578,0.00036599982125799183,0.0009159995526566139,-6.0999970209696386e-05,0.0,0.0,9.4951,0.0,0.0,1.0,0.0,0.0,0.0,-0.0616,0.0,0.0,0.0,0.0
11.598,0.9999997227856154,0.00042699988162945754,0.0006099998308992254,0.0,0.0,0.0,9.6371,0.0,0.0,1.0,0.0,0.0,0.0,0.0616,0.0,0.0,0.0,0.0
11.6181,0.9999995683642795,0.00036599984202132635,0.0008539996313830949,0.0,0.0,0.0,9.5512,0.0,0.0,1.0,0.0,0.0,0.0,-0.0616,0.0,0.0,0.0,0.0
11.6381,0.9999997618560852,0.0004879998837857695,0.00048799988378576964,0.0,0.0,0.0,9.6772,0.0,0.0,1.0,0.0,0.0,0.0,0.0616,0.0,0.0,0.0,0.0
11.6582,0.9999997079016281,0.00036599989309199575,0.0006709998040019926,0.0,0.0,0.0,9.6306,0.0,0.0,1.0,0.0,0.0,0.0,-0.0616,0.0,0.0,0.0,0.0
11.6783,0.9999997618560852,0.0004879998837857695,0.00048799988378576964,0.0,0.0,0.0,9.6102,0.0,0.0,1.0,0.0,0.0,0.0,0.0616,0.0,0.0,0.0,0.0
11.6984,0.9999996390631954,0.0003049998899142745,0.0007929997137771141,0.0,0.0,0.0,9.5938,0.0,0.0,1.0,0.0,0.0,0.0,-0.0616,0.0,0.0,0.0,0.0
11.7184,0.9999997581350878,0.0004269998967236825,0.0005489998672161633,0.0,0.0,0.0,9.6196,0.0,0.0,1.0,0.0,0.0,0.0,0.0616,0.0,0.0,0.0,0.0
11.7385,0.9999996167372204,0.0003659998597258226,0.0007929996960726158,-6.0999976621012315e-05,0.0,0.0,9.5988,0.0,0.0,1.0,0.0,0.0,0.0,-0.0616,0.0,0.0,0.0,0.0
11.7586,0.9999997599955865,0.00048799988287784616,0.0004879998828778463,-6.0999985359633246e-05,0.0,0.0,9.6563,0.0,0.0,1.0,0.0,0.0,0.0,0.0616,0.0,0.0,0.0,0.0
11.7786,0.9999996632496702,0.0003659998767493792,0.0007319997534987587,-6.0999979458187255e-05,0.0,0.0,9.6694,0.0,0.0,1.0,0.0,0.0,0.0,-0.0616,0.0,0.0,0.0,0.0
11.7987,0.9999998158105509,0.0004269999213511052,0.00042699992135110534,-6.0999988764354196e-05,0.0,0.0,9.6017,0.0,0.0,1.0,0.0,0.0,0.0,0.0616,0.0,0.0,0.0,0.0
11.8188,0.9999996632496702,0.0003659998767493792,0.0007319997534987587,-6.0999979458187255e-05,0.0,0.0,9.6694,0.0,0.0,1.0,0.0,0.0,0.0,-0.0616,0.0,0.0,0.0,0.0
11.8388,0.9999997897635664,0.00048799989740462037,0.00042699991022904297,0.0,0.0,0.0,9.6069,0.0,0.0,1.0,0.0,0.0,0.0,0.0616,0.0,0.0,0.0,0.0
11.8589,0.9999997897635664,0.00048799989740462037,0.00042699991022904297,0.0,0.0,0.0,9.6069,0.0,0.0,1.0,0.0,0.0,0.0,-0.0616,0.0,0.0,0.0,0.0
11.879,0.9999997618560852,0.0004879998837857695,0.00048799988378576964,0.0,0.0,0.0,10.1707,0.0,0.0,1.0,0.0,0.0,0.0,0.0654,0.0,0.0,0.0,0.0
11.899,0.9999996539471796,0.0004879998311262236,0.0006709997677985577,-6.099997889069675e-05,0.0,0.0,9.5874,0.0,0.0,1.0,0.0,0.0,0.0,-0.0616,0.0,0.0,0.0,0.0
11.9191,0.9999997283671107,0.0004879998674431497,0.0005489998508735437,-6.0999983430287674e-05,0.0,0.0,10.1905,0.0,0.0,1.0,0.0,0.0,0.0,0.0616,0.0,0.0,0.0,0.0
11.9392,0.9999997209251169,0.00042699988083502494,0.0006099998297643213,-6.099998297648401e-05,0.0,0.0,9.6805,0.0,0.0,1.0,0.0,0.0,0.0,-0.0616,0.0,0.0,0.0,0.0
11.9592,0.9999997599955865,0.00048799988287784616,0.0004879998828778463,-6.0999985359633246e-05,0.0,0.0,10.2342,0.0,0.0,1.0,0.0,0.0,0.0,0.0616,0.0,0.0,0.0,0.0
11.9793,0.9999997153436215,0.00042699987845172635,0.0006099998263596092,-0.00012199996527190171,0.0,0.0,9.5136,0.0,0.0,1.0,0.0,0.0,0.0,-0.0616,0.0,0.0,0.0,0.0
11.9994,0.9999996874361466,0.00048799984746883944,0.0006099998093360494,-0.00012199996186706974,0.0,0.0,10.1707,0.0,0.0,1.0,0.0,0.0,0.0,0.0616,0.0,0.0,0.0,0.0
12.0195,0.9999996762731572,0.00042699986176863807,0.0006709997827792887,-0.0001219999605053812,0.0,0.0,9.4687,0.0,0.0,1.0,0.0,0.0,0.0,-0.0616,0.0,0.0,0.0,0.0
12.0396,0.9999997153436215,0.00042699987845172635,0.0006099998263596092,-0.00012199996527190171,0.0,0.0,10.2113,0.0,0.0,1.0,0.0,0.0,0.0,0.0616,0.0,0.0,0.0,0.0
12.0596,0.9999996874361466,0.00048799984746883944,0.0006099998093360494,-0.00012199996186706974,0.0,0.0,9.5026,0.0,0.0,1.0,0.0,0.0,0.0,-0.0616,0.0,0.0,0.0,0.0
12.0797,0.9999997506930933,0.00042699989354595073,0.0005489998631305082,-0.00012199996958456305,0.0,0.0,10.2338,0.0,0.0,1.0,0.0,0.0,0.0,0.0616,0.0,0.0,0.0,0.0
12.0998,0.9999997506930933,0.00042699989354595073,0.0005489998631305082,-0.00012199996958456305,0.0,0.0,9.3941,0.0,0.0,1.0,0.0,0.0,0.0,-0.0577,0.0,0.0,0.0,0.0
12.1198,0.9999996874361466,0.00048799984746883944,0.0006099998093360494,-0.00012199996186706974,0.0,0.0,10.2997,0.0,0.0,1.0,0.0,0.0,0.0,0.0616,0.0,0.0,0.0,0.0
12.1399,0.9999996874361466,0.00048799984746883944,0.0006099998093360494,-0.00012199996186706974,0.0,0.0,9.4205,0.0,0.0,1.0,0.0,0.0,0.0,-0.0616,0.0,0.0,0.0,0.0
12.16,0.9999997153436215,0.00042699987845172635,0.0006099998263596092,-0.00012199996527190171,0.0,0.0,10.2665,0.0,0.0,1.0,0.0,0.0,0.0,0.0616,0.0,0.0,0.0,0.0
12.18,0.9999997227856154,0.00048799986471938017,0.000548999847809303,-0.00012199996617989761,0.0,0.0,9.4647,0.0,0.0,1.0,0.0,0.0,0.0,-0.0616,0.0,0.0,0.0,0.0
12.2001,0.9999997227856154,0.00048799986471938017,0.000548999847809303,-0.00012199996617989761,0.0,0.0,10.2931,0.0,0.0,1.0,0.0,0.0,0.0,0.0616,0.0,0.0,0.0,0.0
12.2202,0.9999996558076777,0.0006099997900426833,0.0005489998110384151,-0.00012199995800854513,0.0,0.0,9.4505,0.0,0.0,1.0,0.0,0.0,0.0,-0.0616,0.0,0.0,0.0,0.0
12.2402,0.9999996911571432,0.0005489998304452716,0.0005489998304452717,-0.00012199996232120647,0.0,0.0,10.334,0.0,0.0,1.0,0.0,0.0,0.0,0.0616,0.0,0.0,0.0,0.0
12.2603,0.9999997227856154,0.0005489998478093028,0.00048799986471938033,-0.00012199996617989761,0.0,0.0,9.5039,0.0,0.0,1.0,0.0,0.0,0.0,-0.0616,0.0,0.0,0.0,0.0
12.2804,0.9999996781336555,0.00048799984292922374,0.0006099998036615298,-0.0001829999410983829,0.0,0.0,10.2729,0.0,0.0,1.0,0.0,0.0,0.0,0.0616,0.0,0.0,0.0,0.0
12.3004,0.9999994995258757,0.0004879997557686272,0.0008539995725950979,-0.00018299990841319502,0.0,0.0,9.4159,0.0,0.0,1.0,0.0,0.0,0.0,-0.0616,0.0,0.0,0.0,0.0
12.3205,0.9999997153436215,0.000609999826359609,0.00042699987845172657,-0.00012199996527190171,0.0,0.0,10.2497,0.0,0.0,1.0,0.0,0.0,0.0,0.0616,0.0,0.0,0.0,0.0
12.3406,0.9999995590617917,0.00048799978482215423,0.0007929996503360007,-0.00012199994620554211,0.0,0.0,9.4275,0.0,0.0,1.0,0.0,0.0,0.0,-0.0616,0.0,0.0,0.0,0.0
12.3606,0.9999997395301018,0.0006099998411133621,0.00036599990466801736,-0.00012199996822270798,0.0,0.0,10.2751,0.0,0.0,1.0,0.0,0.0,0.0,0.0616,0.0,0.0,0.0,0.0
12.3807,0.9999995776667676,0.0004269998196637096,0.0007929996650897467,-0.0001829999227129786,0.0,0.0,9.3951,0.0,0.0,1.0,0.0,0.0,0.0,-0.0616,0.0,0.0,0.0,0.0
12.4008,0.9999997134831232,0.0005489998427022347,0.0004879998601797643,-0.00018299994756737495,0.0,0.0,10.1991,0.0,0.0,1.0,0.0,0.0,0.0,0.0616,0.0,0.0,0.0,0.0
12.4209,0.9999994995258757,0.0004879997557686272,0.0008539995725950979,-0.00018299990841319502,0.0,0.0,9.5181,0.0,0.0,1.0,0.0,0.0,0.0,-0.0616,0.0,0.0,0.0,0.0
12.4409,0.9999996762731572,0.0006709997827792885,0.0004269998617686383,-0.0001219999605053812,0.0,0.0,10.2403,0.0,0.0,1.0,0.0,0.0,0.0,0.0616,0.0,0.0,0.0,0.0
12.461,0.9999995088283619,0.00048799976030824044,0.0008539995805394211,-0.0001219999400770555,0.0,0.0,9.5158,0.0,0.0,1.0,0.0,0.0,0.0,-0.0616,0.0,0.0,0.0,0.0
12.4811,0.9999996558076777,0.0006099997900426833,0.0005489998110384151,-0.00012199995800854513,0.0,0.0,10.1655,0.0,0.0,1.0,0.0,0.0,0.0,0.0616,0.0,0.0,0.0,0.0
12.5011,0.9999993123777092,0.0003659997483302414,0.0010989992443031025,-0.00018299987416503519,0.0,0.0,9.5394,0.0,0.0,1.0,0.0,0.0,0.0,-0.0616,0.0,0.0,0.0,0.0
12.5212,0.9999995497593042,0.0004879997802825402,0.0007929996429591281,-0.0001829999176059527,0.0,0.0,10.1504,0.0,0.0,1.0,0.0,0.0,0.0,0.0616,0.0,0.0,0.0,0.0
12.5413,0.9999992527808375,0.0003659997265177863,0.0011599991332257714,-0.00012199990883937636,0.0,0.0,9.431,0.0,0.0,1.0,0.0,0.0,0.0,-0.0616,0.0,0.0,0.0,0.0
12.5613,0.9999996167372204,0.0005489997895887341,0.000670999742830675,-0.00012199995324202463,0.0,0.0,10.1791,0.0,0.0,1.0,0.0,0.0,0.0,0.0616,0.0,0.0,0.0,0.0
12.5814,0.9999993645936057,0.0005489996511618893,0.0009769993792079527,-0.00012199992248046465,0.0,0.0,9.5313,0.0,0.0,1.0,0.0,0.0,0.0,-0.0616,0.0,0.0,0.0,0.0
12.6015,0.999999620458216,0.0006099997684795115,0.0006099997684795116,-0.00012199995369593927,0.0,0.0,10.2617,0.0,0.0,1.0,0.0,0.0,0.0,0.0616,0.0,0.0,0.0,0.0
12.6215,0.9999993328431677,0.00030499979651716594,0.0010989992667946413,-0.00018299987791031702,0.0,0.0,9.5057,0.0,0.0,1.0,0.0,0.0,0.0,-0.0616,0.0,0.0,0.0,0.0
12.6416,0.9999995962717445,0.0004879998029806113,0.0007319997044709171,-0.00018299992611764404,0.0,0.0,10.2788,0.0,0.0,1.0,0.0,0.0,0.0,0.0616,0.0,0.0,0.0,0.0
12.6617,0.9999992695863003,0.00048799964355811454,0.0010989991972753443,-0.00012199991088951423,0.0,0.0,9.4788,0.0,0.0,1.0,0.0,0.0,0.0,-0.0616,0.0,0.0,0.0,0.0
12.6817,0.9999993962220469,0.00048799970535635885,0.00097699941010894,-0.00012199992633904477,0.0,0.0,9.529,0.0,0.0,1.0,0.0,0.0,0.0,0.0616,0.0,0.0,0.0,0.0
12.7018,0.9999993626721093,0.0004269997278609904,0.0010379993384536494,-0.00012199992224598555,0.0,0.0,9.6133,0.0,0.0,1.0,0.0,0.0,0.0,-0.0616,0.0,0.0,0.0,0.0
12.7219,0.9999994595399382,0.0004879997362554897,0.0009159995049385835,-6.099996703190502e-05,0.0,0.0,9.6125,0.0,0.0,1.0,0.0,0.0,0.0,0.0616,0.0,0.0,0.0,0.0
12.7419,0.9999994595399382,0.0004879997362554897,0.0009159995049385835,-6.099996703190502e-05,0.0,0.0,9.6125,0.0,0.0,1.0,0.0,0.0,0.0,-0.0616,0.0,0.0,0.0,0.0
12.762,0.9999994595399382,0.0004879997362554897,0.0009159995049385835,-6.099996703190502e-05,0.0,0.0,9.5893,0.0,0.0,1.0,0.0,0.0,0.0,0.0616,0.0,0.0,0.0,0.0
12.7821,0.9999993030752286,0.00042699970241312247,0.0010989992340796762,-6.0999957487595236e-05,0.0,0.0,10.3643,0.0,0.0,1.0,0.0,0.0,0.0,-0.0616,0.0,0.0,0.0,0.0
12.8021,0.9999994595399382,0.0004879997362554897,0.0009159995049385835,-6.099996703190502e-05,0.0,0.0,9.6353,0.0,0.0,1.0,0.0,0.0,0.0,0.0616,0.0,0.0,0.0,0.0
12.8222,0.9999994595399382,0.0004879997362554897,0.0009159995049385835,-6.099996703190502e-05,0.0,0.0,9.6353,0.0,0.0,1.0,0.0,0.0,0.0,-0.0616,0.0,0.0,0.0,0.0
12.8423,0.9999993701750951,0.0005489996542261272,0.000976999384661068,-6.099996158059895e-05,0.0,0.0,9.5417,0.0,0.0,1.0,0.0,0.0,0.0,0.0616,0.0,0.0,0.0,0.0
12.8623,0.9999992341758798,0.00042699967299310066,0.0011599991116440207,-6.099995328473496e-05,0.0,0.0,10.3906,0.0,0.0,1.0,0.0,0.0,0.0,-0.0577,0.0,0.0,0.0,0.0
12.8824,0.9999994018035369,0.00048799970808012576,0.0009769994155620553,-6.099996350988901e-05,0.0,0.0,9.5905,0.0,0.0,1.0,0.0,0.0,0.0,0.0616,0.0,0.0,0.0,0.0
12.9025,0.9999994018035369,0.00048799970808012576,0.0009769994155620553,-6.099996350988901e-05,0.0,0.0,9.5905,0.0,0.0,1.0,0.0,0.0,0.0,-0.0577,0.0,0.0,0.0,0.0
12.9225,0.9999995441778117,0.0006099997219484653,0.0007319996663381584,-6.099997219488618e-05,0.0,0.0,10.4811,0.0,0.0,1.0,0.0,0.0,0.0,0.0616,0.0,0.0,0.0,0.0
12.9426,0.9999993030752286,0.00042699970241312247,0.0010989992340796762,-6.0999957487595236e-05,0.0,0.0,9.416,0.0,0.0,1.0,0.0,0.0,0.0,-0.0577,0.0,0.0,0.0,0.0
12.9627,0.9999995330148272,0.0005489997436251401,0.0007929996296807579,-6.0999971513930884e-05,0.0,0.0,10.4671,0.0,0.0,1.0,0.0,0.0,0.0,0.0577,0.0,0.0,0.0,0.0
12.9828,0.9999991559740686,0.00042699963960092714,0.0012209989694443378,-0.00012199989702876834,0.0,0.0,9.2815,0.0,0.0,1.0,0.0,0.0,0.0,-0.0577,0.0,0.0,0.0,0.0
13.0028,0.9999995441778117,0.0006099997219484653,0.0007319996663381584,-6.099997219488618e-05,0.0,0.0,10.1589,0.0,0.0,1.0,0.0,0.0,0.0,0.0577,0.0,0.0,0.0,0.0
13.0229,0.9999993403461528,0.0004879996780889225,0.001037999315279307,-6.0999959761165456e-05,0.0,0.0,9.3099,0.0,0.0,1.0,0.0,0.0,0.0,-0.0577,0.0,0.0,0.0,0.0
13.043,0.999999586969256,0.0006709997228563705,0.000609999748051246,-6.099997480513153e-05,0.0,0.0,10.1546,0.0,0.0,1.0,0.0,0.0,0.0,0.0577,0.0,0.0,0.0,0.0
13.063,0.9999993403461528,0.0004879996780889225,0.001037999315279307,-6.0999959761165456e-05,0.0,0.0,9.3871,0.0,0.0,1.0,0.0,0.0,0.0,-0.0577,0.0,0.0,0.0,0.0
13.0831,0.9999994976653785,0.0006099996935758807,0.0007929996016486453,-6.09999693575447e-05,0.0,0.0,10.1589,0.0,0.0,1.0,0.0,0.0,0.0,0.0577,0.0,0.0,0.0,0.0
13.1032,0.999999237957871,0.0005489995816388711,0.0010989991625157001,-0.00012199990703082308,0.0,0.0,9.5539,0.0,0.0,1.0,0.0,0.0,0.0,-0.0577,0.0,0.0,0.0,0.0
13.1232,0.999999447431958,0.0006099996629334943,0.0008539995281068923,-6.0999966293329155e-05,0.0,0.0,9.4782,0.0,0.0,1.0,0.0,0.0,0.0,0.0577,0.0,0.0,0.0,0.0
13.1433,0.9999993087177168,0.0005489996204860264,0.0010379992824489901,-6.0999957831875395e-05,0.0,0.0,9.556,0.0,0.0,1.0,0.0,0.0,0.0,-0.0577,0.0,0.0,0.0,0.0
13.1634,0.999999586969256,0.0006709997228563705,0.000609999748051246,-6.099997480513153e-05,0.0,0.0,9.6642,0.0,0.0,1.0,0.0,0.0,0.0,0.0577,0.0,0.0,0.0,0.0
13.1835,0.9999995330148272,0.0005489997436251401,0.0007929996296807579,-6.0999971513930884e-05,0.0,0.0,9.6261,0.0,0.0,1.0,0.0,0.0,0.0,-0.0577,0.0,0.0,0.0,0.0
13.2035,0.9999995813877629,0.0006099997446465353,0.000670999719111189,-0.00012199994892930777,0.0,0.0,9.5386,0.0,0.0,1.0,0.0,0.0,0.0,0.0577,0.0,0.0,0.0,0.0
13.2236,0.9999995088283619,0.00048799976030824044,0.0008539995805394211,-0.0001219999400770555,0.0,0.0,9.6616,0.0,0.0,1.0,0.0,0.0,0.0,-0.0577,0.0,0.0,0.0,0.0
13.2437,0.9999995813877629,0.0006099997446465353,0.000670999719111189,-0.00012199994892930777,0.0,0.0,9.5869,0.0,0.0,1.0,0.0,0.0,0.0,0.0577,0.0,0.0,0.0,0.0
13.2637,0.9999994771999101,0.0005489997129827506,0.0008539995535287234,-0.00012199993621836436,0.0,0.0,9.7163,0.0,0.0,1.0,0.0,0.0,0.0,-0.0577,0.0,0.0,0.0,0.0
13.2838,0.9999996074347312,0.0006709997365887047,0.0005489997844816676,-0.00018299992816050994,0.0,0.0,9.742,0.0,0.0,1.0,0.0,0.0,0.0,0.0577,0.0,0.0,0.0,0.0
13.3039,0.9999995181308484,0.0005489997354538356,0.0007929996178777628,-0.00018299991181786046,0.0,0.0,9.6591,0.0,0.0,1.0,0.0,0.0,0.0,-0.0577,0.0,0.0,0.0,0.0
13.3239,0.9999996111557269,0.0006099997628049933,0.0006099997628049934,-0.00018299992884152072,0.0,0.0,9.5987,0.0,0.0,1.0,0.0,0.0,0.0,0.0577,0.0,0.0,0.0,0.0
13.344,0.9999994678974248,0.000548999707875686,0.0008539995455844008,-0.00018299990262521384,0.0,0.0,9.6372,0.0,0.0,1.0,0.0,0.0,0.0,-0.0577,0.0,0.0,0.0,0.0
13.3641,0.9999995813877629,0.0006709997191111889,0.0006099997446465354,-0.00012199994892930777,0.0,0.0,9.64,0.0,0.0,1.0,0.0,0.0,0.0,0.0577,0.0,0.0,0.0,0.0
13.3841,0.9999995292938324,0.0006099997128692376,0.0007319996554430854,-0.00018299991386078185,0.0,0.0,9.8133,0.0,0.0,1.0,0.0,0.0,0.0,-0.0577,0.0,0.0,0.0,0.0
13.4042,0.9999995720852747,0.0006709997128692192,0.0006099997389720175,-0.00018299992169162893,0.0,0.0,9.5874,0.0,0.0,1.0,0.0,0.0,0.0,0.0577,0.0,0.0,0.0,0.0
13.4243,0.9999995292938324,0.0006099997128692376,0.0007319996554430854,-0.00018299991386078185,0.0,0.0,9.8463,0.0,0.0,1.0,0.0,0.0,0.0,-0.0577,0.0,0.0,0.0,0.0
13.4443,0.9999995739457723,0.0007319996881283053,0.0005489997660962291,-0.0001219999480214784,0.0,0.0,9.6118,0.0,0.0,1.0,0.0,0.0,0.0,0.0577,0.0,0.0,0.0,0.0
13.4644,0.9999995385963194,0.0006099997185437546,0.0007319996622525059,-0.00012199994370865053,0.0,0.0,9.8529,0.0,0.0,1.0,0.0,0.0,0.0,-0.0577,0.0,0.0,0.0,0.0
13.4845,0.9999995813877629,0.0006709997191111889,0.0006099997446465354,-0.00012199994892930777,0.0,0.0,9.5386,0.0,0.0,1.0,0.0,0.0,0.0,0.0577,0.0,0.0,0.0,0.0
13.5045,0.9999995813877629,0.0006099997446465353,0.000670999719111189,-0.00012199994892930777,0.0,0.0,9.8936,0.0,0.0,1.0,0.0,0.0,0.0,-0.0577,0.0,0.0,0.0,0.0
13.5246,0.9999996483656854,0.000670999764053375,0.00048799982840245446,-0.00012199995710071573,0.0,0.0,9.5731,0.0,0.0,1.0,0.0,0.0,0.0,0.0577,0.0,0.0,0.0,0.0
13.5447,0.999999620458216,0.0006099997684795115,0.0006099997684795116,-0.00012199995369593927,0.0,0.0,9.8958,0.0,0.0,1.0,0.0,0.0,0.0,-0.0577,0.0,0.0,0.0,0.0
13.5647,0.9999995720852747,0.0006099997389720173,0.0006709997128692194,-0.00018299992169162893,0.0,0.0,9.5742,0.0,0.0,1.0,0.0,0.0,0.0,0.0577,0.0,0.0,0.0,0.0
13.5848,0.9999995720852747,0.0006099997389720173,0.0006709997128692194,-0.00018299992169162893,0.0,0.0,9.5742,0.0,0.0,1.0,0.0,0.0,0.0,-0.0539,0.0,0.0,0.0,0.0
13.6049,0.9999997004596346,0.0006709997990084149,0.0003659998903682264,-0.00012199996345607644,0.0,0.0,10.2812,0.0,0.0,1.0,0.0,0.0,0.0,-0.0539,0.0,0.0,0.0,0.0
13.6249,0.9999996167372204,0.0005489997895887341,0.000670999742830675,-0.00012199995324202463,0.0,0.0,9.4172,0.0,0.0,1.0,0.0,0.0,0.0,0.0577,0.0,0.0,0.0,0.0
13.645,0.9999996874361466,0.0006099998093360493,0.00048799984746883965,-0.00012199996186706974,0.0,0.0,10.2737,0.0,0.0,1.0,0.0,0.0,0.0,-0.0539,0.0,0.0,0.0,0.0
13.6651,0.9999995646432843,0.0005489997609891631,0.0007319996813188843,-0.00018299992032966286,0.0,0.0,9.4508,0.0,0.0,1.0,0.0,0.0,0.0,0.0577,0.0,0.0,0.0,0.0
13.6852,0.9999996483656854,0.000670999764053375,0.00048799982840245446,-0.00012199995710071573,0.0,0.0,10.2737,0.0,0.0,1.0,0.0,0.0,0.0,-0.0539,0.0,0.0,0.0,0.0
13.7052,0.9999995181308484,0.0005489997354538356,0.0007929996178777628,-0.00018299991181786046,0.0,0.0,9.4172,0.0,0.0,1.0,0.0,0.0,0.0,0.0577,0.0,0.0,0.0,0.0
13.7254,0.9999996483656854,0.000670999764053375,0.00048799982840245446,-0.00012199995710071573,0.0,0.0,10.2864,0.0,0.0,1.0,0.0,0.0,0.0,-0.0539,0.0,0.0,0.0,0.0
13.7454,0.9999994827814013,0.0006099996844966546,0.0007929995898456513,-0.00018299990534897947,0.0,0.0,9.4546,0.0,0.0,1.0,0.0,0.0,0.0,0.0577,0.0,0.0,0.0,0.0
13.7655,0.9999996669706663,0.0006709997765373171,0.00042699985779647476,-0.00018299993905557255,0.0,0.0,10.2751,0.0,0.0,1.0,0.0,0.0,0.0,-0.0577,0.0,0.0,0.0,0.0
13.7856,0.9999995646432843,0.0005489997609891631,0.0007319996813188843,-0.00018299992032966286,0.0,0.0,9.5281,0.0,0.0,1.0,0.0,0.0,0.0,0.0616,0.0,0.0,0.0,0.0
13.8057,0.9999996390631954,0.0006709997578114043,0.0004879998238628395,-0.00018299993394854666,0.0,0.0,10.2428,0.0,0.0,1.0,0.0,0.0,0.0,-0.0539,0.0,0.0,0.0,0.0
13.8258,0.9999995181308484,0.0005489997354538356,0.0007929996178777628,-0.00018299991181786046,0.0,0.0,9.4183,0.0,0.0,1.0,0.0,0.0,0.0,0.0577,0.0,0.0,0.0,0.0
13.8459,0.9999996111557269,0.0006099997628049933,0.0006099997628049934,-0.00018299992884152072,0.0,0.0,10.2844,0.0,0.0,1.0,0.0,0.0,0.0,-0.0539,0.0,0.0,0.0,0.0
13.866,0.9999994548739458,0.0005489997007257962,0.0008539995344623498,-0.00024399986698930842,0.0,0.0,9.4202,0.0,0.0,1.0,0.0,0.0,0.0,0.0539,0.0,0.0,0.0,0.0
13.886,0.9999996465051875,0.0006099997843681642,0.0005489998059313479,-0.00018299993531045722,0.0,0.0,10.308,0.0,0.0,1.0,0.0,0.0,0.0,-0.0539,0.0,0.0,0.0,0.0
13.9061,0.9999995181308484,0.0005489997354538356,0.0007929996178777628,-0.00018299991181786046,0.0,0.0,9.4183,0.0,0.0,1.0,0.0,0.0,0.0,0.0539,0.0,0.0,0.0,0.0
13.9262,0.9999996111557269,0.0006099997628049933,0.0006099997628049934,-0.00018299992884152072,0.0,0.0,10.3145,0.0,0.0,1.0,0.0,0.0,0.0,-0.0539,0.0,0.0,0.0,0.0
13.9463,0.9999994678974248,0.000548999707875686,0.0008539995455844008,-0.00018299990262521384,0.0,0.0,9.4561,0.0,0.0,1.0,0.0,0.0,0.0,0.05,0.0,0.0,0.0,0.0
13.9663,0.9999996111557269,0.0006099997628049933,0.0006099997628049934,-0.00018299992884152072,0.0,0.0,10.2878,0.0,0.0,1.0,0.0,0.0,0.0,-0.0462,0.0,0.0,0.0,0.0
13.9864,0.9999994316324845,0.00048799972263665226,0.0009159994793753558,-0.00024399986131840018,0.0,0.0,9.4235,0.0,0.0,1.0,0.0,0.0,0.0,0.05,0.0,0.0,0.0,0.0
14.0065,0.9999996074347312,0.0005489997844816673,0.0006709997365887048,-0.00018299992816050994,0.0,0.0,9.8448,0.0,0.0,1.0,0.0,0.0,0.0,-0.0462,0.0,0.0,0.0,0.0
14.0265,0.9999994725634174,0.00042699977478457906,0.0009159995168680905,-0.00018299990347914186,0.0,0.0,9.8613,0.0,0.0,1.0,0.0,0.0,0.0,0.0462,0.0,0.0,0.0,0.0
14.0466,0.9999996074347312,0.0005489997844816673,0.0006709997365887048,-0.00018299992816050994,0.0,0.0,9.8485,0.0,0.0,1.0,0.0,0.0,0.0,-0.0385,0.0,0.0,0.0,0.0
14.0667,0.9999993533696272,0.0004269997238888305,0.001037999328797673,-0.0001829998816666456,0.0,0.0,9.8633,0.0,0.0,1.0,0.0,0.0,0.0,0.0423,0.0,0.0,0.0,0.0
14.0867,0.9999996074347312,0.0005489997844816673,0.0006709997365887048,-0.00018299992816050994,0.0,0.0,9.9659,0.0,0.0,1.0,0.0,0.0,0.0,-0.0346,0.0,0.0,0.0,0.0
14.1068,0.9999993533696272,0.0004269997238888305,0.001037999328797673,-0.0001829998816666456,0.0,0.0,9.703,0.0,0.0,1.0,0.0,0.0,0.0,0.0385,0.0,0.0,0.0,0.0
14.1269,0.9999995739457723,0.000548999766096229,0.0007319996881283055,-0.0001219999480214784,0.0,0.0,10.0096,0.0,0.0,1.0,0.0,0.0,0.0,-0.0308,0.0,0.0,0.0,0.0
14.1469,0.9999993123777092,0.0003659997483302414,0.0010989992443031025,-0.00018299987416503519,0.0,0.0,9.7764,0.0,0.0,1.0,0.0,0.0,0.0,0.0346,0.0,0.0,0.0,0.0
14.167,0.9999996055742334,0.0004879998075202258,0.0007319997112803389,-0.00012199995188005852,0.0,0.0,9.9166,0.0,0.0,1.0,0.0,0.0,0.0,-0.0308,0.0,0.0,0.0,0.0
14.1871,0.9999992974937404,0.000426999700029827,0.0010989992279456205,-0.0001219999142943462,0.0,0.0,9.7095,0.0,0.0,1.0,0.0,0.0,0.0,0.0308,0.0,0.0,0.0,0.0
14.2071,0.999999527433335,0.0005489997405609007,0.0007929996252546348,-0.00012199994234679545,0.0,0.0,9.998,0.0,0.0,1.0,0.0,0.0,0.0,-0.0269,0.0,0.0,0.0,0.0
14.2272,0.9999992527808375,0.0003659997265177863,0.0011599991332257714,-0.00012199990883937636,0.0,0.0,9.6634,0.0,0.0,1.0,0.0,0.0,0.0,0.0308,0.0,0.0,0.0,0.0
14.2473,0.999999527433335,0.0005489997405609007,0.0007929996252546348,-0.00012199994234679545,0.0,0.0,10.0448,0.0,0.0,1.0,0.0,0.0,0.0,-0.0269,0.0,0.0,0.0,0.0
14.2673,0.9999992285943926,0.00042699967060980565,0.0011599991051694956,-0.0001219999058884591,0.0,0.0,9.7011,0.0,0.0,1.0,0.0,0.0,0.0,0.0269,0.0,0.0,0.0,0.0
14.2874,0.9999994771999101,0.0005489997129827506,0.0008539995535287234,-0.00012199993621836436,0.0,0.0,10.0129,0.0,0.0,1.0,0.0,0.0,0.0,-0.0192,0.0,0.0,0.0,0.0
14.3075,0.9999992285943926,0.00042699967060980565,0.0011599991051694956,-0.0001219999058884591,0.0,0.0,9.7011,0.0,0.0,1.0,0.0,0.0,0.0,0.0231,0.0,0.0,0.0,0.0
14.3275,0.9999995088283619,0.00048799976030824044,0.0008539995805394211,-0.0001219999400770555,0.0,0.0,9.9672,0.0,0.0,1.0,0.0,0.0,0.0,-0.0192,0.0,0.0,0.0,0.0
14.3476,0.9999991801605083,0.0003659996999387459,0.001220998998975981,-0.00012199989997963012,0.0,0.0,9.7047,0.0,0.0,1.0,0.0,0.0,0.0,0.0192,0.0,0.0,0.0,0.0
14.3677,0.9999994539584474,0.0004879997335317221,0.0009159994998259379,-0.00012199993338302129,0.0,0.0,10.0839,0.0,0.0,1.0,0.0,0.0,0.0,-0.0115,0.0,0.0,0.0,0.0
14.3877,0.9999990796327707,0.0004269996070031929,0.001281998820089212,-0.00012199988771510739,0.0,0.0,9.6686,0.0,0.0,1.0,0.0,0.0,0.0,0.0154,0.0,0.0,0.0,0.0
14.4078,0.9999994223300006,0.0005489996828591702,0.0009159994708542807,-0.00012199992952438565,0.0,0.0,10.0386,0.0,0.0,1.0,0.0,0.0,0.0,-0.0115,0.0,0.0,0.0,0.0
14.4279,0.9999992006869584,0.00048799960993523554,0.001159999072796872,-0.00012199990248368264,0.0,0.0,9.5539,0.0,0.0,1.0,0.0,0.0,0.0,0.0115,0.0,0.0,0.0,0.0
14.4479,0.9999992695863003,0.00048799964355811454,0.0010989991972753443,-0.00012199991088951423,0.0,0.0,9.587,0.0,0.0,1.0,0.0,0.0,0.0,-0.0115,0.0,0.0,0.0,0.0
14.468,0.9999991913844808,0.0004879996053956265,0.0011599990620059979,-0.00018299985202330227,0.0,0.0,10.3272,0.0,0.0,1.0,0.0,0.0,0.0,0.0038,0.0,0.0,0.0,0.0
14.4881,0.9999993254621826,0.00048799967082554504,0.0010379992998297456,-0.0001829998765596752,0.0,0.0,9.6598,0.0,0.0,1.0,0.0,0.0,0.0,-0.0038,0.0,0.0,0.0,0.0
14.5081,0.9999991913844808,0.0004879996053956265,0.0011599990620059979,-0.00018299985202330227,0.0,0.0,10.3578,0.0,0.0,1.0,0.0,0.0,0.0,0.0038,0.0,0.0,0.0,0.0
14.5282,0.9999992938337481,0.0005489996123147275,0.0010379992669994305,-0.00018299987077163848,0.0,0.0,9.6305,0.0,0.0,1.0,0.0,0.0,0.0,0.0,0.0,0.0,0.0,0.0
14.5483,0.9999991913844808,0.0004879996053956265,0.0011599990620059979,-0.00018299985202330227,0.0,0.0,10.2856,0.0,0.0,1.0,0.0,0.0,0.0,-0.0038,0.0,0.0,0.0,0.0
14.5683,0.9999992938337481,0.0005489996123147275,0.0010379992669994305,-0.00018299987077163848,0.0,0.0,9.6214,0.0,0.0,1.0,0.0,0.0,0.0,0.0077,0.0,0.0,0.0,0.0
14.5884,0.9999992006869584,0.00048799960993523554,0.001159999072796872,-0.00012199990248368264,0.0,0.0,10.2817,0.0,0.0,1.0,0.0,0.0,0.0,-0.0077,0.0,0.0,0.0,0.0
14.6085,0.9999993347646638,0.0004879996753651558,0.001037999309485721,-0.0001219999188412646,0.0,0.0,9.6196,0.0,0.0,1.0,0.0,0.0,0.0,0.0115,0.0,0.0,0.0,0.0
14.6286,0.9999991559740686,0.00042699963960092714,0.0012209989694443378,-0.00012199989702876834,0.0,0.0,10.2836,0.0,0.0,1.0,0.0,0.0,0.0,-0.0154,0.0,0.0,0.0,0.0
14.6487,0.9999993347646638,0.0004879996753651558,0.001037999309485721,-0.0001219999188412646,0.0,0.0,9.646,0.0,0.0,1.0,0.0,0.0,0.0,0.0192,0.0,0.0,0.0,0.0
14.6688,0.9999991038192048,0.0003659996719978289,0.0012819988510962207,-0.00012199989066596918,0.0,0.0,10.2465,0.0,0.0,1.0,0.0,0.0,0.0,-0.0154,0.0,0.0,0.0,0.0
14.6889,0.9999993626721093,0.0004269997278609904,0.0010379993384536494,-0.00012199992224598555,0.0,0.0,9.5677,0.0,0.0,1.0,0.0,0.0,0.0,0.0192,0.0,0.0,0.0,0.0
14.7089,0.9999991801605083,0.0003659996999387459,0.001220998998975981,-0.00012199989997963012,0.0,0.0,10.2029,0.0,0.0,1.0,0.0,0.0,0.0,-0.0154,0.0,0.0,0.0,0.0
14.729,0.9999994818659027,0.00042699977875674036,0.000915999525389167,-0.00012199993678757572,0.0,0.0,9.628,0.0,0.0,1.0,0.0,0.0,0.0,0.0192,0.0,0.0,0.0,0.0
14.7491,0.9999993216801902,0.00036599975173494956,0.0010989992545265297,-0.00012199991724498595,0.0,0.0,10.1617,0.0,0.0,1.0,0.0,0.0,0.0,-0.0154,0.0,0.0,0.0,0.0
14.7692,0.9999995088283619,0.00048799976030824044,0.0008539995805394211,-0.0001219999400770555,0.0,0.0,9.6349,0.0,0.0,1.0,0.0,0.0,0.0,0.0192,0.0,0.0,0.0,0.0
14.7893,0.9999993626721093,0.0004269997278609904,0.0010379993384536494,-0.00012199992224598555,0.0,0.0,10.1293,0.0,0.0,1.0,0.0,0.0,0.0,-0.0154,0.0,0.0,0.0,0.0
14.8094,0.9999995088283619,0.00048799976030824044,0.0008539995805394211,-0.0001219999400770555,0.0,0.0,9.601,0.0,0.0,1.0,0.0,0.0,0.0,0.0192,0.0,0.0,0.0,0.0
14.8295,0.9999992434783586,0.000365999723113079,0.0011599991224348959,-0.00018299986155656534,0.0,0.0,10.0874,0.0,0.0,1.0,0.0,0.0,0.0,-0.0154,0.0,0.0,0.0,0.0
14.8495,0.9999994818659027,0.00042699977875674036,0.000915999525389167,-0.00012199993678757572,0.0,0.0,9.6445,0.0,0.0,1.0,0.0,0.0,0.0,0.0192,0.0,0.0,0.0,0.0
14.8696,0.9999994818659027,0.00042699977875674036,0.000915999525389167,-0.00012199993678757572,0.0,0.0,9.6445,0.0,0.0,1.0,0.0,0.0,0.0,-0.0231,0.0,0.0,0.0,0.0
14.8897,0.9999994818659027,0.00042699977875674036,0.000915999525389167,-0.00012199993678757572,0.0,0.0,10.1354,0.0,0.0,1.0,0.0,0.0,0.0,0.0269,0.0,0.0,0.0,0.0
14.9098,0.9999992527808375,0.0003659997265177863,0.0011599991332257714,-0.00012199990883937636,0.0,0.0,9.5386,0.0,0.0,1.0,0.0,0.0,0.0,-0.0269,0.0,0.0,0.0,0.0
14.9299,0.9999994818659027,0.00042699977875674036,0.000915999525389167,-0.00012199993678757572,0.0,0.0,10.2737,0.0,0.0,1.0,0.0,0.0,0.0,0.0269,0.0,0.0,0.0,0.0
14.95,0.9999992527808375,0.0003659997265177863,0.0011599991332257714,-0.00012199990883937636,0.0,0.0,9.5417,0.0,0.0,1.0,0.0,0.0,0.0,-0.0346,0.0,0.0,0.0,0.0
14.9701,0.9999995423173142,0.000426999804569493,0.0008539996091389865,-6.099997208136587e-05,0.0,0.0,10.2864,0.0,0.0,1.0,0.0,0.0,0.0,0.0385,0.0,0.0,0.0,0.0
14.9902,0.9999993216801902,0.00036599975173494956,0.0010989992545265297,-0.00012199991724498595,0.0,0.0,9.5206,0.0,0.0,1.0,0.0,0.0,0.0,-0.0346,0.0,0.0,0.0,0.0
15.0103,0.9999995925507491,0.00042699982601916963,0.000792999676892744,-6.099997514563693e-05,0.0,0.0,10.3201,0.0,0.0,1.0,0.0,0.0,0.0,0.0385,0.0,0.0,0.0,0.0
15.0303,0.9999995116338578,0.00036599982125799183,0.0009159995526566139,-6.0999970209696386e-05,0.0,0.0,9.6054,0.0,0.0,1.0,0.0,0.0,0.0,-0.0346,0.0,0.0,0.0,0.0
15.0504,0.9999996390631954,0.00042699984587998445,0.0007319997357942593,-6.09999779829229e-05,0.0,0.0,10.3141,0.0,0.0,1.0,0.0,0.0,0.0,0.0385,0.0,0.0,0.0,0.0
15.0705,0.9999995423173142,0.000426999804569493,0.0008539996091389865,-6.099997208136587e-05,0.0,0.0,9.5748,0.0,0.0,1.0,0.0,0.0,0.0,-0.0423,0.0,0.0,0.0,0.0
15.0906,0.9999996111557269,0.00048799981024399454,0.0007319997153659921,-6.099997628050691e-05,0.0,0.0,10.3209,0.0,0.0,1.0,0.0,0.0,0.0,0.0423,0.0,0.0,0.0,0.0
15.1107,0.9999995423173142,0.000426999804569493,0.0008539996091389865,-6.099997208136587e-05,0.0,0.0,9.5386,0.0,0.0,1.0,0.0,0.0,0.0,-0.0462,0.0,0.0,0.0,0.0
15.1308,0.9999996111557269,0.00048799981024399454,0.0007319997153659921,-6.099997628050691e-05,0.0,0.0,10.284,0.0,0.0,1.0,0.0,0.0,0.0,0.0539,0.0,0.0,0.0,0.0
15.1509,0.9999995423173142,0.000426999804569493,0.0008539996091389865,-6.099997208136587e-05,0.0,0.0,9.5833,0.0,0.0,1.0,0.0,0.0,0.0,-0.05,0.0,0.0,0.0,0.0
15.171,0.9999996111557269,0.00048799981024399454,0.0007319997153659921,-6.099997628050691e-05,0.0,0.0,10.3127,0.0,0.0,1.0,0.0,0.0,0.0,0.05,0.0,0.0,0.0,0.0
15.1911,0.9999996334817015,0.0004269998434966864,0.0007319997317086057,-0.00012199995528477947,0.0,0.0,9.5615,0.0,0.0,1.0,0.0,0.0,0.0,-0.05,0.0,0.0,0.0,0.0
15.2112,0.9999996483656854,0.00048799982840245436,0.000670999764053375,-0.00012199995710071573,0.0,0.0,10.3209,0.0,0.0,1.0,0.0,0.0,0.0,0.05,0.0,0.0,0.0,0.0
15.2313,0.9999996111557269,0.00048799981024399454,0.0007319997153659921,-6.099997628050691e-05,0.0,0.0,9.5748,0.0,0.0,1.0,0.0,0.0,0.0,-0.0577,0.0,0.0,0.0,0.0
15.2514,0.9999996539471796,0.0004879998311262236,0.0006709997677985577,-6.099997889069675e-05,0.0,0.0,10.3581,0.0,0.0,1.0,0.0,0.0,0.0,0.0577,0.0,0.0,0.0,0.0
15.2715,0.9999996111557269,0.00048799981024399454,0.0007319997153659921,-6.099997628050691e-05,0.0,0.0,9.6191,0.0,0.0,1.0,0.0,0.0,0.0,-0.0539,0.0,0.0,0.0,0.0
15.2916,0.999999696738638,0.0005489998335095123,0.0005489998335095123,-6.09999815009421e-05,0.0,0.0,10.2836,0.0,0.0,1.0,0.0,0.0,0.0,0.0577,0.0,0.0,0.0,0.0
15.3117,0.9999994818659027,0.00042699977875674036,0.000915999525389167,-0.00012199993678757572,0.0,0.0,9.4048,0.0,0.0,1.0,0.0,0.0,0.0,-0.0616,0.0,0.0,0.0,0.0
15.3318,0.9999997283671107,0.0005489998508735436,0.00048799986744315005,-6.0999983430287674e-05,0.0,0.0,10.0047,0.0,0.0,1.0,0.0,0.0,0.0,0.0616,0.0,0.0,0.0,0.0
15.3519,0.9999995590617917,0.00048799978482215423,0.0007929996503360007,-0.00012199994620554211,0.0,0.0,9.3952,0.0,0.0,1.0,0.0,0.0,0.0,-0.0577,0.0,0.0,0.0,0.0
15.372,0.9999997209251169,0.0006099998297643213,0.00042699988083502505,-6.099998297648401e-05,0.0,0.0,9.9732,0.0,0.0,1.0,0.0,0.0,0.0,0.0616,0.0,0.0,0.0,0.0
15.3921,0.9999996111557269,0.00048799981024399454,0.0007319997153659921,-6.099997628050691e-05,0.0,0.0,9.4012,0.0,0.0,1.0,0.0,0.0,0.0,-0.0654,0.0,0.0,0.0,0.0
15.4122,0.9999997451115976,0.0006099998445180744,0.00036599990671084474,-6.099998445180388e-05,0.0,0.0,10.0448,0.0,0.0,1.0,0.0,0.0,0.0,0.0654,0.0,0.0,0.0,0.0
15.4322,0.9999996539471796,0.0004879998311262236,0.0006709997677985577,-6.099997889069675e-05,0.0,0.0,9.3877,0.0,0.0,1.0,0.0,0.0,0.0,-0.0616,0.0,0.0,0.0,0.0
15.4523,0.9999997655770825,0.0006099998570020203,0.00030499992850101026,-6.099998570019416e-05,0.0,0.0,10.0878,0.0,0.0,1.0,0.0,0.0,0.0,0.0654,0.0,0.0,0.0,0.0
15.4724,0.9999996930176414,0.00048799985019260883,0.0006099998127407613,-6.099998127412354e-05,0.0,0.0,9.4644,0.0,0.0,1.0,0.0,0.0,0.0,-0.0693,0.0,0.0,0.0,0.0
15.4925,0.9999997823215712,0.0006099998672161583,0.0002439999468864635,-6.099998672154383e-05,0.0,0.0,10.1511,0.0,0.0,1.0,0.0,0.0,0.0,0.0654,0.0,0.0,0.0,0.0
15.5126,0.9999997544140905,0.0004879998801540761,0.0004879998801540763,-0.00012199997003853326,0.0,0.0,9.4644,0.0,0.0,1.0,0.0,0.0,0.0,-0.0654,0.0,0.0,0.0,0.0
15.5327,0.9999997823215712,0.0006099998672161583,0.0002439999468864635,-6.099998672154383e-05,0.0,0.0,10.152,0.0,0.0,1.0,0.0,0.0,0.0,0.0654,0.0,0.0,0.0,0.0
15.5528,0.9999997227856154,0.00048799986471938017,0.000548999847809303,-0.00012199996617989761,0.0,0.0,9.4509,0.0,0.0,1.0,0.0,0.0,0.0,-0.0693,0.0,0.0,0.0,0.0
15.5729,0.999999795345063,0.0005489998876444395,0.00030499993758024426,-0.00012199997503203885,0.0,0.0,10.1655,0.0,0.0,1.0,0.0,0.0,0.0,0.0693,0.0,0.0,0.0,0.0
15.593,0.9999997451115976,0.00048799987561445944,0.00048799987561445966,-0.00018299995335541164,0.0,0.0,9.4189,0.0,0.0,1.0,0.0,0.0,0.0,-0.0654,0.0,0.0,0.0,0.0
15.6131,0.9999997599955865,0.0006099998535973077,0.00030499992679865396,-0.00012199997071943303,0.0,0.0,10.1937,0.0,0.0,1.0,0.0,0.0,0.0,0.0654,0.0,0.0,0.0,0.0
15.6331,0.9999997134831232,0.0005489998427022347,0.0004879998601797643,-0.00018299994756737495,0.0,0.0,9.4935,0.0,0.0,1.0,0.0,0.0,0.0,-0.0654,0.0,0.0,0.0,0.0
15.6532,0.9999997599955865,0.0006099998535973077,0.00030499992679865396,-0.00012199997071943303,0.0,0.0,10.1666,0.0,0.0,1.0,0.0,0.0,0.0,0.0654,0.0,0.0,0.0,0.0
15.6733,0.9999997134831232,0.0005489998427022347,0.0004879998601797643,-0.00018299994756737495,0.0,0.0,9.5279,0.0,0.0,1.0,0.0,0.0,0.0,-0.0616,0.0,0.0,0.0,0.0
15.6934,0.9999997599955865,0.0006099998535973077,0.00030499992679865396,-0.00012199997071943303,0.0,0.0,10.2858,0.0,0.0,1.0,0.0,0.0,0.0,0.0616,0.0,0.0,0.0,0.0
15.7135,0.9999997227856154,0.0005489998478093028,0.00048799986471938033,-0.00012199996617989761,0.0,0.0,9.4935,0.0,0.0,1.0,0.0,0.0,0.0,-0.0654,0.0,0.0,0.0,0.0
15.7336,0.999999774879576,0.0005489998764088872,0.00036599991760592494,-0.0001219999725352583,0.0,0.0,10.2076,0.0,0.0,1.0,0.0,0.0,0.0,0.0616,0.0,0.0,0.0,0.0
15.7537,0.9999997134831232,0.0005489998427022347,0.0004879998601797643,-0.00018299994756737495,0.0,0.0,9.5585,0.0,0.0,1.0,0.0,0.0,0.0,-0.0577,0.0,0.0,0.0,0.0
15.7738,0.9999997060411296,0.000609999820685089,0.0004269998744795625,-0.00018299994620551985,0.0,0.0,10.1686,0.0,0.0,1.0,0.0,0.0,0.0,0.0577,0.0,0.0,0.0,0.0
15.7939,0.9999996781336555,0.0006099998036615296,0.00048799984292922395,-0.0001829999410983829,0.0,0.0,9.5258,0.0,0.0,1.0,0.0,0.0,0.0,-0.0616,0.0,0.0,0.0,0.0
15.814,0.9999997674375811,0.0006099998581369245,0.00024399994325476982,-0.00018299995744103237,0.0,0.0,10.1513,0.0,0.0,1.0,0.0,0.0,0.0,0.0577,0.0,0.0,0.0,0.0
15.8341,0.9999996465051875,0.0005489998059313478,0.0006099997843681643,-0.00018299993531045722,0.0,0.0,9.4108,0.0,0.0,1.0,0.0,0.0,0.0,-0.0539,0.0,0.0,0.0,0.0
15.8542,0.9999997209251168,0.0006709998127407534,0.0003049999148821607,-0.000121999965952857,0.0,0.0,10.3275,0.0,0.0,1.0,0.0,0.0,0.0,0.0539,0.0,0.0,0.0,0.0
15.8742,0.9999996074347312,0.0005489997844816673,0.0006709997365887048,-0.00018299992816050994,0.0,0.0,9.4523,0.0,0.0,1.0,0.0,0.0,0.0,-0.0539,0.0,0.0,0.0,0.0
15.8944,0.9999996911571432,0.000670999792766443,0.00036599988696351456,-0.0001829999434817542,0.0,0.0,10.209,0.0,0.0,1.0,0.0,0.0,0.0,0.05,0.0,0.0,0.0,0.0
15.9144,0.9999995944112468,0.0005489997773317744,0.0006709997278499467,-0.0002439999010364069,0.0,0.0,9.4562,0.0,0.0,1.0,0.0,0.0,0.0,-0.0462,0.0,0.0,0.0,0.0
15.9346,0.9999996985991364,0.0006709997977600205,0.0003049999080727367,-0.0002439999264581827,0.0,0.0,10.209,0.0,0.0,1.0,0.0,0.0,0.0,0.0462,0.0,0.0,0.0,0.0
15.9547,0.9999996688311645,0.0005489998181883093,0.0005489998181883094,-0.0002439999191947706,0.0,0.0,9.4852,0.0,0.0,1.0,0.0,0.0,0.0,-0.0462,0.0,0.0,0.0,0.0
15.9748,0.9999997116226248,0.0006709998064987812,0.0003049999120449007,-0.00018299994722692503,0.0,0.0,10.2076,0.0,0.0,1.0,0.0,0.0,0.0,0.0423,0.0,0.0,0.0,0.0
15.9949,0.9999996688311645,0.0005489998181883093,0.0005489998181883094,-0.0002439999191947706,0.0,0.0,9.4866,0.0,0.0,1.0,0.0,0.0,0.0,-0.0385,0.0,0.0,0.0,0.0
16.015,0.9999997116226248,0.0006709998064987812,0.0003049999120449007,-0.00018299994722692503,0.0,0.0,10.2018,0.0,0.0,1.0,0.0,0.0,0.0,0.0385,0.0,0.0,0.0,0.0
16.0351,0.9999996688311645,0.0005489998181883093,0.0005489998181883094,-0.0002439999191947706,0.0,0.0,9.5255,0.0,0.0,1.0,0.0,0.0,0.0,-0.0346,0.0,0.0,0.0,0.0
16.0552,0.9999996688311645,0.0005489998181883093,0.0005489998181883094,-0.0002439999191947706,0.0,0.0,9.5255,0.0,0.0,1.0,0.0,0.0,0.0,0.0346,0.0,0.0,0.0,0.0
16.0753,0.9999996688311645,0.0005489998181883093,0.0005489998181883094,-0.0002439999191947706,0.0,0.0,9.4211,0.0,0.0,1.0,0.0,0.0,0.0,-0.0308,0.0,0.0,0.0,0.0
16.0954,0.9999996688311645,0.0005489998181883093,0.0005489998181883094,-0.0002439999191947706,0.0,0.0,9.4211,0.0,0.0,1.0,0.0,0.0,0.0,0.0308,0.0,0.0,0.0,0.0
16.1155,0.9999997302276091,0.0006099998354388414,0.00036599990126330497,-0.0001829999506317015,0.0,0.0,9.8559,0.0,0.0,1.0,0.0,0.0,0.0,-0.0269,0.0,0.0,0.0,0.0
16.1356,0.9999997413906004,0.0005489998580234396,0.0004269998895737865,-0.00018299995267451186,0.0,0.0,9.8633,0.0,0.0,1.0,0.0,0.0,0.0,0.0192,0.0,0.0,0.0,0.0
16.1557,0.9999997860425687,0.0005489998825373701,0.00030499993474298345,-0.00018299996084580883,0.0,0.0,9.587,0.0,0.0,1.0,0.0,0.0,0.0,-0.0192,0.0,0.0,0.0,0.0
16.1758,0.9999997972055618,0.0004879999010363141,0.0003659999257772357,-0.0001829999628886747,0.0,0.0,9.8619,0.0,0.0,1.0,0.0,0.0,0.0,0.0154,0.0,0.0,0.0,0.0
16.1959,0.9999998027870584,0.0005489998917300952,0.0002439999518800424,-0.0001829999639099689,0.0,0.0,9.616,0.0,0.0,1.0,0.0,0.0,0.0,-0.0115,0.0,0.0,0.0,0.0
16.2159,0.9999997730190773,0.00048799988923330974,0.0004269999030791462,-0.00018299995846254857,0.0,0.0,9.8283,0.0,0.0,1.0,0.0,0.0,0.0,0.0115,0.0,0.0,0.0,0.0
16.236,0.9999997134831232,0.0004879998601797641,0.0005489998427022349,-0.00018299994756737495,0.0,0.0,9.5961,0.0,0.0,1.0,0.0,0.0,0.0,-0.0077,0.0,0.0,0.0,0.0
16.2561,0.999999795345063,0.0005489998876444395,0.00030499993758024426,-0.00012199997503203885,0.0,0.0,10.2984,0.0,0.0,1.0,0.0,0.0,0.0,0.0038,0.0,0.0,0.0,0.0
16.2762,0.9999997544140905,0.0004879998801540761,0.0004879998801540763,-0.00012199997003853326,0.0,0.0,9.6246,0.0,0.0,1.0,0.0,0.0,0.0,0.0,0.0,0.0,0.0,0.0
16.2963,0.9999997655770825,0.0006099998570020203,0.00030499992850101026,-6.099998570019416e-05,0.0,0.0,10.2178,0.0,0.0,1.0,0.0,0.0,0.0,0.0,0.0,0.0,0.0,0.0
16.3164,0.9999997153436215,0.00042699987845172635,0.0006099998263596092,-0.00012199996527190171,0.0,0.0,9.4266,0.0,0.0,1.0,0.0,0.0,0.0,0.0077,0.0,0.0,0.0,0.0
16.3365,0.9999997823215712,0.00048799989377292663,0.00042699990705131097,-0.0001219999734432542,0.0,0.0,10.2858,0.0,0.0,1.0,0.0,0.0,0.0,-0.0077,0.0,0.0,0.0,0.0
16.3566,0.9999997060411296,0.0004269998744795623,0.0006099998206850892,-0.00018299994620551985,0.0,0.0,9.4819,0.0,0.0,1.0,0.0,0.0,0.0,0.0115,0.0,0.0,0.0,0.0
16.3767,0.9999998065080562,0.0004879999055759314,0.00036599992918194866,-0.00012199997639394944,0.0,0.0,10.2403,0.0,0.0,1.0,0.0,0.0,0.0,-0.0154,0.0,0.0,0.0,0.0
16.3968,0.9999997823215712,0.00042699990705131086,0.00048799989377292674,-0.0001219999734432542,0.0,0.0,9.5173,0.0,0.0,1.0,0.0,0.0,0.0,0.0192,0.0,0.0,0.0,0.0
16.4169,0.9999998065080562,0.0004879999055759314,0.00036599992918194866,-0.00012199997639394944,0.0,0.0,10.1955,0.0,0.0,1.0,0.0,0.0,0.0,-0.0192,0.0,0.0,0.0,0.0
16.4369,0.9999997413906004,0.00042699988957378633,0.0005489998580234397,-0.00018299995267451186,0.0,0.0,9.4838,0.0,0.0,1.0,0.0,0.0,0.0,0.0269,0.0,0.0,0.0,0.0
16.457,0.9999997134831232,0.0004879998601797641,0.0005489998427022349,-0.00018299994756737495,0.0,0.0,10.1234,0.0,0.0,1.0,0.0,0.0,0.0,-0.0231,0.0,0.0,0.0,0.0
16.4771,0.9999997302276091,0.00036599990126330486,0.0006099998354388415,-0.0001829999506317015,0.0,0.0,9.4902,0.0,0.0,1.0,0.0,0.0,0.0,0.0269,0.0,0.0,0.0,0.0
16.4972,0.9999997730190773,0.00042699990307914603,0.00048799988923330984,-0.00018299995846254857,0.0,0.0,10.1577,0.0,0.0,1.0,0.0,0.0,0.0,-0.0308,0.0,0.0,0.0,0.0
16.5173,0.9999997413906004,0.00042699988957378633,0.0005489998580234397,-0.00018299995267451186,0.0,0.0,9.5234,0.0,0.0,1.0,0.0,0.0,0.0,0.0385,0.0,0.0,0.0,0.0
16.5374,0.9999997823215712,0.00042699990705131086,0.00048799989377292674,-0.0001219999734432542,0.0,0.0,10.1204,0.0,0.0,1.0,0.0,0.0,0.0,-0.0346,0.0,0.0,0.0,0.0
16.5575,0.9999997506930933,0.00042699989354595073,0.0005489998631305082,-0.00012199996958456305,0.0,0.0,9.4538,0.0,0.0,1.0,0.0,0.0,0.0,0.0385,0.0,0.0,0.0,0.0
16.5776,0.9999997823215712,0.00042699990705131086,0.00048799989377292674,-0.0001219999734432542,0.0,0.0,10.0941,0.0,0.0,1.0,0.0,0.0,0.0,-0.0423,0.0,0.0,0.0,0.0
16.5977,0.9999997823215712,0.00042699990705131086,0.00048799989377292674,-0.0001219999734432542,0.0,0.0,9.45,0.0,0.0,1.0,0.0,0.0,0.0,0.0462,0.0,0.0,0.0,0.0
16.6177,0.999999774879576,0.0003659999176059247,0.0005489998764088873,-0.0001219999725352583,0.0,0.0,10.1287,0.0,0.0,1.0,0.0,0.0,0.0,-0.0423,0.0,0.0,0.0,0.0
16.6378,0.9999996316212036,0.000304999887644467,0.0007929997078756144,-0.00012199995505784988,0.0,0.0,9.4644,0.0,0.0,1.0,0.0,0.0,0.0,0.0462,0.0,0.0,0.0,0.0
16.6579,0.9999996316212036,0.000304999887644467,0.0007929997078756144,-0.00012199995505784988,0.0,0.0,9.4644,0.0,0.0,1.0,0.0,0.0,0.0,-0.0462,0.0,0.0,0.0,0.0
16.678,0.9999997823215712,0.00042699990705131086,0.00048799989377292674,-0.0001219999734432542,0.0,0.0,10.2774,0.0,0.0,1.0,0.0,0.0,0.0,0.05,0.0,0.0,0.0,0.0
16.6981,0.9999996316212036,0.000304999887644467,0.0007929997078756144,-0.00012199995505784988,0.0,0.0,9.4888,0.0,0.0,1.0,0.0,0.0,0.0,-0.0539,0.0,0.0,0.0,0.0
16.7182,0.9999997823215712,0.00042699990705131086,0.00048799989377292674,-0.0001219999734432542,0.0,0.0,10.2436,0.0,0.0,1.0,0.0,0.0,0.0,0.0577,0.0,0.0,0.0,0.0
16.7383,0.999999622318714,0.00030499988480720756,0.0007929997004987401,-0.0001829999308843866,0.0,0.0,9.4858,0.0,0.0,1.0,0.0,0.0,0.0,-0.0539,0.0,0.0,0.0,0.0
16.7584,0.9999997506930933,0.00042699989354595073,0.0005489998631305082,-0.00012199996958456305,0.0,0.0,10.2448,0.0,0.0,1.0,0.0,0.0,0.0,0.0577,0.0,0.0,0.0,0.0
16.7785,0.9999995609222893,0.0003659998392975579,0.0008539996250276353,-0.00012199994643247171,0.0,0.0,9.4652,0.0,0.0,1.0,0.0,0.0,0.0,-0.0577,0.0,0.0,0.0,0.0
16.7986,0.9999997153436215,0.00042699987845172635,0.0006099998263596092,-0.00012199996527190171,0.0,0.0,10.3145,0.0,0.0,1.0,0.0,0.0,0.0,0.0616,0.0,0.0,0.0,0.0
16.8187,0.9999995172153496,0.0003049998527506816,0.0009159995577692606,-0.00018299991165038334,0.0,0.0,9.4235,0.0,0.0,1.0,0.0,0.0,0.0,-0.0577,0.0,0.0,0.0,0.0
16.8387,0.9999997004596346,0.0003659998903682263,0.000670999799008415,-0.00012199996345607644,0.0,0.0,10.31,0.0,0.0,1.0,0.0,0.0,0.0,0.0577,0.0,0.0,0.0,0.0
16.8588,0.9999995265178363,0.0003049998555879398,0.0009159995662903382,-0.00012199994223516253,0.0,0.0,9.4599,0.0,0.0,1.0,0.0,0.0,0.0,-0.0616,0.0,0.0,0.0,0.0
16.8789,0.9999997004596346,0.0003659998903682263,0.000670999799008415,-0.00012199996345607644,0.0,0.0,10.3127,0.0,0.0,1.0,0.0,0.0,0.0,0.0654,0.0,0.0,0.0,0.0
16.899,0.9999995265178363,0.0003049998555879398,0.0009159995662903382,-0.00012199994223516253,0.0,0.0,9.4007,0.0,0.0,1.0,0.0,0.0,0.0,-0.0654,0.0,0.0,0.0,0.0
16.9191,0.9999996334817015,0.0004269998434966864,0.0007319997317086057,-0.00012199995528477947,0.0,0.0,10.2858,0.0,0.0,1.0,0.0,0.0,0.0,0.0654,0.0,0.0,0.0,0.0
16.9392,0.9999994594789383,0.00030499983514107606,0.0009769994719109228,-0.00018299990108455733,0.0,0.0,9.4662,0.0,0.0,1.0,0.0,0.0,0.0,-0.0654,0.0,0.0,0.0,0.0
16.9593,0.9999996018532378,0.00036599985427828493,0.0007929996842696176,-0.00018299992713921576,0.0,0.0,10.3455,0.0,0.0,1.0,0.0,0.0,0.0,0.0654,0.0,0.0,0.0,0.0
16.9794,0.9999994147660137,0.0002439998572029072,0.0010379993925271223,-0.00018299989290226915,0.0,0.0,9.4711,0.0,0.0,1.0,0.0,0.0,0.0,-0.0693,0.0,0.0,0.0,0.0
16.9995,0.9999995172153496,0.0003049998527506816,0.0009159995577692606,-0.00018299991165038334,0.0,0.0,10.3561,0.0,0.0,1.0,0.0,0.0,0.0,0.0654,0.0,0.0,0.0,0.0
17.0196,0.9999993495876346,0.00024399984129938279,0.0010989992851968104,-0.0001829998809745326,0.0,0.0,9.4498,0.0,0.0,1.0,0.0,0.0,0.0,-0.0654,0.0,0.0,0.0,0.0
17.0397,0.9999994762234116,0.00024399987219851234,0.000976999488270273,-0.00018299990414893943,0.0,0.0,10.308,0.0,0.0,1.0,0.0,0.0,0.0,0.0654,0.0,0.0,0.0,0.0
17.0598,0.9999992806882761,0.00018299986836595435,0.0011599991655984008,-0.00024399982448797267,0.0,0.0,9.4902,0.0,0.0,1.0,0.0,0.0,0.0,-0.0654,0.0,0.0,0.0,0.0
17.0799,0.9999992937117483,0.00018299987074924974,0.0011599991807056283,-0.00018299987074932303,0.0,0.0,10.2399,0.0,0.0,1.0,0.0,0.0,0.0,0.0577,0.0,0.0,0.0,0.0
17.1,0.9999992173704189,0.0001219999045191909,0.0012209990444092813,-0.0002439998090384421,0.0,0.0,9.4538,0.0,0.0,1.0,0.0,0.0,0.0,-0.0577,0.0,0.0,0.0,0.0
17.1201,0.9999992937117483,0.00018299987074924974,0.0011599991807056283,-0.00018299987074932303,0.0,0.0,10.2029,0.0,0.0,1.0,0.0,0.0,0.0,0.0539,0.0,0.0,0.0,0.0
17.1402,0.9999988952608307,6.099993261091065e-05,0.0014649983815571165,-0.00024399973044364476,0.0,0.0,9.4571,0.0,0.0,1.0,0.0,0.0,0.0,-0.05,0.0,0.0,0.0,0.0
17.1603,0.9999993495876346,0.00018299988097453704,0.0010989992851968104,-0.0002439998412994138,0.0,0.0,10.2382,0.0,0.0,1.0,0.0,0.0,0.0,0.0462,0.0,0.0,0.0,0.0
17.1804,0.9999988952608307,6.099993261091065e-05,0.0014649983815571165,-0.00024399973044364476,0.0,0.0,9.4932,0.0,0.0,1.0,0.0,0.0,0.0,-0.0423,0.0,0.0,0.0,0.0
17.2005,0.9999992806882761,0.00018299986836595435,0.0011599991655984008,-0.00024399982448797267,0.0,0.0,10.2774,0.0,0.0,1.0,0.0,0.0,0.0,0.0423,0.0,0.0,0.0,0.0
17.2206,0.9999988952608307,6.099993261091065e-05,0.0014649983815571165,-0.00024399973044364476,0.0,0.0,9.4562,0.0,0.0,1.0,0.0,0.0,0.0,-0.0385,0.0,0.0,0.0,0.0
17.2407,0.9999992080679408,0.00018299985507643282,0.0012209990330509556,-0.0002439998067684801,0.0,0.0,10.2774,0.0,0.0,1.0,0.0,0.0,0.0,0.0346,0.0,0.0,0.0,0.0
17.2607,0.9999988040356456,6.099992704617404e-05,0.0015259981749583952,-0.00024399970818472783,0.0,0.0,9.4652,0.0,0.0,1.0,0.0,0.0,0.0,-0.0269,0.0,0.0,0.0,0.0
17.2808,0.9999991317266308,0.00018299984110597327,0.0012819988868735407,-0.00024399978814132472,0.0,0.0,10.3127,0.0,0.0,1.0,0.0,0.0,0.0,0.0269,0.0,0.0,0.0,0.0
17.3009,0.9999987090894997,6.099992125445928e-05,0.0015869979513250363,-0.00024399968501792602,0.0,0.0,9.5051,0.0,0.0,1.0,0.0,0.0,0.0,-0.0231,0.0,0.0,0.0,0.0
17.321,0.999998967881098,0.00018299981112224065,0.0014039985509050616,-0.00024399974816297076,0.0,0.0,10.284,0.0,0.0,1.0,0.0,0.0,0.0,0.0231,0.0,0.0,0.0,0.0
17.3411,0.9999986048409197,0.00012199982979059196,0.001647997700777836,-0.00024399965958116224,0.0,0.0,9.4663,0.0,0.0,1.0,0.0,0.0,0.0,-0.0192,0.0,0.0,0.0,0.0
17.3612,0.9999988803768803,0.0001829997951089689,0.00146499835975213,-0.00024399972681199422,0.0,0.0,10.284,0.0,0.0,1.0,0.0,0.0,0.0,0.0115,0.0,0.0,0.0,0.0
17.3813,0.9999986048409197,0.00012199982979059196,0.001647997700777836,-0.00024399965958116224,0.0,0.0,9.4731,0.0,0.0,1.0,0.0,0.0,0.0,-0.0077,0.0,0.0,0.0,0.0
17.4014,0.9999988803768803,0.0001829997951089689,0.00146499835975213,-0.00024399972681199422,0.0,0.0,10.3576,0.0,0.0,1.0,0.0,0.0,0.0,0.0038,0.0,0.0,0.0,0.0
17.4215,0.9999986048409197,0.00012199982979059196,0.001647997700777836,-0.00024399965958116224,0.0,0.0,9.4711,0.0,0.0,1.0,0.0,0.0,0.0,0.0,0.0,0.0,0.0,0.0
17.4416,0.9999987891516993,0.0001829997784147607,0.0015259981522454929,-0.00024399970455296627,0.0,0.0,10.3145,0.0,0.0,1.0,0.0,0.0,0.0,-0.0077,0.0,0.0,0.0,0.0
17.4617,0.999998502452864,0.00012199981729924924,0.0017089974406919446,-0.00024399963459853513,0.0,0.0,9.4461,0.0,0.0,1.0,0.0,0.0,0.0,0.0115,0.0,0.0,0.0,0.0
17.4818,0.9999986048409197,0.00012199982979059196,0.001647997700777836,-0.00024399965958116224,0.0,0.0,10.2856,0.0,0.0,1.0,0.0,0.0,0.0,-0.0154,0.0,0.0,0.0,0.0
17.5019,0.999998305118809,6.099989661224696e-05,0.0018309968966725395,-0.00018299968983664927,0.0,0.0,9.45,0.0,0.0,1.0,0.0,0.0,0.0,0.0192,0.0,0.0,0.0,0.0
17.522,0.9999982865139041,0.00012199979095469608,0.0018309968626069586,-0.0002439995819094598,0.0,0.0,10.17,0.0,0.0,1.0,0.0,0.0,0.0,-0.0231,0.0,0.0,0.0,0.0
17.542,0.9999979402798637,6.09998743570714e-05,0.0020139958517236462,-0.00024399949742826002,0.0,0.0,9.5346,0.0,0.0,1.0,0.0,0.0,0.0,0.0308,0.0,0.0,0.0,0.0
17.5621,0.9999984931504059,0.000182999724246524,0.0017089974247940438,-0.00024399963232868418,0.0,0.0,10.24,0.0,0.0,1.0,0.0,0.0,0.0,-0.0346,0.0,0.0,0.0,0.0
17.5822,0.9999978174266455,-2.168404344971009e-19,0.0020749954711602892,-0.0002439994674521273,0.0,0.0,9.504,0.0,0.0,1.0,0.0,0.0,0.0,0.0385,0.0,0.0,0.0,0.0
17.6023,0.9999983963438577,0.00012199980435395033,0.0017699971615286279,-0.00024399960870796766,0.0,0.0,10.3275,0.0,0.0,1.0,0.0,0.0,0.0,-0.0423,0.0,0.0,0.0,0.0
17.6224,0.9999975400920769,-4.336808689942018e-19,0.002196994595582293,-0.00030499924972815506,0.0,0.0,9.4012,0.0,0.0,1.0,0.0,0.0,0.0,0.0462,0.0,0.0,0.0,0.0
17.6425,0.9999980445282358,6.099988071622223e-05,0.0019529961809636447,-0.0003049994035811965,0.0,0.0,10.2465,0.0,0.0,1.0,0.0,0.0,0.0,-0.0462,0.0,0.0,0.0,0.0
17.6626,0.9999973837502671,-4.336808689942017e-19,0.0022579940925081033,-0.0003659990424526582,0.0,0.0,9.4012,0.0,0.0,1.0,0.0,0.0,0.0,0.05,0.0,0.0,0.0,0.0
17.6827,0.9999979235354677,6.099987333566307e-05,0.0020139958180004323,-0.00030499936667832683,0.0,0.0,10.251,0.0,0.0,1.0,0.0,0.0,0.0,-0.0577,0.0,0.0,0.0,0.0
17.7028,0.9999975177662423,-6.09998485837412e-05,0.0021969945465324346,-0.000365999091502478,0.0,0.0,9.3903,0.0,0.0,1.0,0.0,0.0,0.0,0.0577,0.0,0.0,0.0,0.0
17.7229,0.999997925395956,-2.168404344971009e-19,0.0020139958217474554,-0.0003049993672457618,0.0,0.0,10.2465,0.0,0.0,1.0,0.0,0.0,0.0,-0.0616,0.0,0.0,0.0,0.0
17.743,0.9999975177662423,-6.09998485837412e-05,0.0021969945465324346,-0.000365999091502478,0.0,0.0,9.4523,0.0,0.0,1.0,0.0,0.0,0.0,0.0616,0.0,0.0,0.0,0.0
17.7631,0.9999976722476277,-4.336808689942018e-19,0.002135995027920933,-0.00030499929003557913,0.0,0.0,10.1617,0.0,0.0,1.0,0.0,0.0,0.0,-0.0654,0.0,0.0,0.0,0.0
17.7831,0.9999975177662423,-6.09998485837412e-05,0.0021969945465324346,-0.000365999091502478,0.0,0.0,9.4053,0.0,0.0,1.0,0.0,0.0,0.0,0.0654,0.0,0.0,0.0,0.0
17.8033,0.9999975400920769,-4.336808689942018e-19,0.002196994595582293,-0.00030499924972815506,0.0,0.0,10.1685,0.0,0.0,1.0,0.0,0.0,0.0,-0.0693,0.0,0.0,0.0,0.0
17.8234,0.9999973818897818,-6.099984029527732e-05,0.0022579940883071274,-0.00036599904177170295,0.0,0.0,9.4472,0.0,0.0,1.0,0.0,0.0,0.0,-0.0654,0.0,0.0,0.0,0.0
17.8435,0.9999973818897818,-6.099984029527732e-05,0.0022579940883071274,-0.00036599904177170295,0.0,0.0,10.0118,0.0,0.0,1.0,0.0,0.0,0.0,0.0654,0.0,0.0,0.0,0.0
17.8636,0.9999973818897818,-6.099984029527732e-05,0.0022579940883071274,-0.00036599904177170295,0.0,0.0,9.4804,0.0,0.0,1.0,0.0,0.0,0.0,-0.0654,0.0,0.0,0.0,0.0
17.8837,0.9999972422924076,-6.0999831779837014e-05,0.002318993604876093,-0.0003659989906790173,0.0,0.0,10.0162,0.0,0.0,1.0,0.0,0.0,0.0,0.0616,0.0,0.0,0.0,0.0
17.9038,0.9999973837502671,-4.336808689942017e-19,0.0022579940925081033,-0.0003659990424526582,0.0,0.0,9.5234,0.0,0.0,1.0,0.0,0.0,0.0,-0.0654,0.0,0.0,0.0,0.0
17.9239,0.999997098974124,-6.099982303742202e-05,0.0023799930955584153,-0.0003659989382245321,0.0,0.0,9.9712,0.0,0.0,1.0,0.0,0.0,0.0,-0.0654,0.0,0.0,0.0,0.0
17.944,0.9999972441528922,-2.168404344971009e-19,0.002318993609190557,-0.0003659989913599726,0.0,0.0,9.5583,0.0,0.0,1.0,0.0,0.0,0.0,0.0616,0.0,0.0,0.0,0.0
17.964,0.9999968011748488,-6.0999804871666227e-05,0.0025019919965394715,-0.000365998829230052,0.0,0.0,9.9278,0.0,0.0,1.0,0.0,0.0,0.0,-0.0577,0.0,0.0,0.0,0.0
17.9842,0.9999972441528922,-2.168404344971009e-19,0.002318993609190557,-0.0003659989913599726,0.0,0.0,9.5583,0.0,0.0,1.0,0.0,0.0,0.0,-0.0539,0.0,0.0,0.0,0.0
18.0058,0.9999967955934024,-0.00012199960906239538,0.002501991982574693,-0.0003659988271871861,0.0,0.0,9.8619,0.0,0.0,1.0,0.0,0.0,0.0,0.0462,0.0,0.0,0.0,0.0
18.0259,0.9999972422924076,-6.0999831779837014e-05,0.002318993604876093,-0.0003659989906790173,0.0,0.0,9.6352,0.0,0.0,1.0,0.0,0.0,0.0,-0.0462,0.0,0.0,0.0,0.0
18.046,0.9999966411124233,-0.00012199959021571595,0.002562991391171141,-0.0003659987706471912,0.0,0.0,9.7798,0.0,0.0,1.0,0.0,0.0,0.0,0.0385,0.0,0.0,0.0,0.0
18.066,0.9999973837502671,-4.336808689942017e-19,0.0022579940925081033,-0.0003659990424526582,0.0,0.0,9.6326,0.0,0.0,1.0,0.0,0.0,0.0,-0.0346,0.0,0.0,0.0,0.0
18.0861,0.9999966411124233,-0.00012199959021571595,0.002562991391171141,-0.0003659987706471912,0.0,0.0,9.7112,0.0,0.0,1.0,0.0,0.0,0.0,0.0269,0.0,0.0,0.0,0.0
18.1062,0.9999967955934024,-0.00012199960906239538,0.002501991982574693,-0.0003659988271871861,0.0,0.0,9.6936,0.0,0.0,1.0,0.0,0.0,0.0,-0.0269,0.0,0.0,0.0,0.0
18.1262,0.9999967955934024,-0.00012199960906239538,0.002501991982574693,-0.0003659988271871861,0.0,0.0,9.6936,0.0,0.0,1.0,0.0,0.0,0.0,0.0269,0.0,0.0,0.0,0.0
18.1463,0.9999966411124233,-0.00012199959021571595,0.002562991391171141,-0.0003659987706471912,0.0,0.0,9.6229,0.0,0.0,1.0,0.0,0.0,0.0,-0.0192,0.0,0.0,0.0,0.0
18.1664,0.9999969724002497,-6.099981531641568e-05,0.0024409926096290104,-0.0003049990765821576,0.0,0.0,10.209,0.0,0.0,1.0,0.0,0.0,0.0,0.0192,0.0,0.0,0.0,0.0
18.1864,0.9999966615777177,-0.00012199959271248221,0.002562991443623691,-0.0003049989817811572,0.0,0.0,9.6229,0.0,0.0,1.0,0.0,0.0,0.0,-0.0154,0.0,0.0,0.0,0.0
18.2065,0.9999969724002497,-6.099981531641568e-05,0.0024409926096290104,-0.0003049990765821576,0.0,0.0,10.2403,0.0,0.0,1.0,0.0,0.0,0.0,0.0115,0.0,0.0,0.0,0.0
18.2266,0.9999969724002497,-6.099981531641568e-05,0.0024409926096290104,-0.0003049990765821576,0.0,0.0,10.2403,0.0,0.0,1.0,0.0,0.0,0.0,-0.0077,0.0,0.0,0.0,0.0
18.2467,0.9999966671591619,-6.099979669670942e-05,0.002562991457928932,-0.00030499898348362864,0.0,0.0,9.5023,0.0,0.0,1.0,0.0,0.0,0.0,0.0038,0.0,0.0,0.0,0.0
18.2667,0.999996989144598,-6.099981633782064e-05,0.002440992650501964,-0.00024399926535129124,0.0,0.0,10.1666,0.0,0.0,1.0,0.0,0.0,0.0,0.0,0.0,0.0,0.0,0.0
18.2868,0.9999965007513673,-0.00012199957309166703,0.002624990814472339,-0.00030499893272917245,0.0,0.0,9.4788,0.0,0.0,1.0,0.0,0.0,0.0,-0.0038,0.0,0.0,0.0,0.0
18.3069,0.9999971361838023,-6.099982530721228e-05,0.0023799931841174495,-0.00024399930122886992,0.0,0.0,10.0464,0.0,0.0,1.0,0.0,0.0,0.0,0.0115,0.0,0.0,0.0,0.0
18.3269,0.999996517495692,-0.000121999575134475,0.0026249908584261915,-0.00024399915026884766,0.0,0.0,9.5982,0.0,0.0,1.0,0.0,0.0,0.0,-0.0154,0.0,0.0,0.0,0.0
18.347,0.9999971361838023,-6.099982530721228e-05,0.0023799931841174495,-0.00024399930122886992,0.0,0.0,10.1583,0.0,0.0,1.0,0.0,0.0,0.0,0.0192,0.0,0.0,0.0,0.0
18.3671,0.9999963294652094,-0.0001829993282921338,0.002685990140943552,-0.0003049988804869064,0.0,0.0,9.5361,0.0,0.0,1.0,0.0,0.0,0.0,-0.0231,0.0,0.0,0.0,0.0
18.3872,0.9999969724002497,-6.099981531641568e-05,0.0024409926096290104,-0.0003049990765821576,0.0,0.0,10.1546,0.0,0.0,1.0,0.0,0.0,0.0,0.0308,0.0,0.0,0.0,0.0
18.4072,0.9999963294652094,-0.0001829993282921338,0.002685990140943552,-0.0003049988804869064,0.0,0.0,9.5242,0.0,0.0,1.0,0.0,0.0,0.0,-0.0308,0.0,0.0,0.0,0.0
18.4273,0.9999969724002497,-6.099981531641568e-05,0.0024409926096290104,-0.0003049990765821576,0.0,0.0,10.1955,0.0,0.0,1.0,0.0,0.0,0.0,0.0385,0.0,0.0,0.0,0.0
18.4474,0.9999963387676071,-0.00012199955332964841,0.002685990165929793,-0.0003049988833241369,0.0,0.0,9.4936,0.0,0.0,1.0,0.0,0.0,0.0,-0.0423,0.0,0.0,0.0,0.0
18.4675,0.9999969724002497,-6.099981531641568e-05,0.0024409926096290104,-0.0003049990765821576,0.0,0.0,10.1937,0.0,0.0,1.0,0.0,0.0,0.0,0.05,0.0,0.0,0.0,0.0
18.4876,0.9999963387676071,-0.00012199955332964841,0.002685990165929793,-0.0003049988833241369,0.0,0.0,9.5342,0.0,0.0,1.0,0.0,0.0,0.0,-0.05,0.0,0.0,0.0,0.0
18.5077,0.999996821640153,-6.0999806120049785e-05,0.002501992047743662,-0.00030499903060021705,0.0,0.0,10.284,0.0,0.0,1.0,0.0,0.0,0.0,0.0539,0.0,0.0,0.0,0.0
18.5277,0.9999963387676071,-0.00012199955332964841,0.002685990165929793,-0.0003049988833241369,0.0,0.0,9.5051,0.0,0.0,1.0,0.0,0.0,0.0,-0.0539,0.0,0.0,0.0,0.0
18.5478,0.9999966839034948,-6.0999797718113737e-05,0.0025629915008446576,-0.00024399919087242372,0.0,0.0,10.2737,0.0,0.0,1.0,0.0,0.0,0.0,0.0577,0.0,0.0,0.0,0.0
18.5678,0.9999961730629683,-0.00012199953311368278,0.002746989487403974,-0.00030499883278428674,0.0,0.0,9.4731,0.0,0.0,1.0,0.0,0.0,0.0,-0.0616,0.0,0.0,0.0,0.0
18.5879,0.9999965230771337,-6.099978790770539e-05,0.0026249908730774756,-0.00024399915163081376,0.0,0.0,10.2751,0.0,0.0,1.0,0.0,0.0,0.0,0.0616,0.0,0.0,0.0,0.0
18.608,0.9999960036374567,-0.00012199951244376995,0.0028079887782139785,-0.00030499878110934464,0.0,0.0,9.4523,0.0,0.0,1.0,0.0,0.0,0.0,-0.0654,0.0,0.0,0.0,0.0
18.628,0.9999963610933627,-6.0999778026695536e-05,0.002685990225896772,-0.00024399911210665204,0.0,0.0,10.2399,0.0,0.0,1.0,0.0,0.0,0.0,0.0616,0.0,0.0,0.0,0.0
18.6481,0.9999961953887128,-6.099976791871186e-05,0.0027469895487327936,-0.00024399907167477197,0.0,0.0,9.4549,0.0,0.0,1.0,0.0,0.0,0.0,-0.0654,0.0,0.0,0.0,0.0
18.6682,0.9999963610933627,-6.0999778026695536e-05,0.002685990225896772,-0.00024399911210665204,0.0,0.0,10.2381,0.0,0.0,1.0,0.0,0.0,0.0,0.0654,0.0,0.0,0.0,0.0
18.6882,0.9999963555119236,-0.00012199955537245508,0.002685990210905027,-0.0002439991107449635,0.0,0.0,9.4804,0.0,0.0,1.0,0.0,0.0,0.0,-0.0654,0.0,0.0,0.0,0.0
18.7083,0.9999961898072764,-0.00012199953515648816,0.0027469895334005885,-0.00024399907031302792,0.0,0.0,10.17,0.0,0.0,1.0,0.0,0.0,0.0,0.0654,0.0,0.0,0.0,0.0
18.7284,0.9999960203817562,-0.00012199951448657468,0.0028079888252319717,-0.00024399902897315195,0.0,0.0,9.4184,0.0,0.0,1.0,0.0,0.0,0.0,-0.0654,0.0,0.0,0.0,0.0
18.7484,0.9999960203817562,-0.00012199951448657468,0.0028079888252319717,-0.00024399902897315195,0.0,0.0,10.0987,0.0,0.0,1.0,0.0,0.0,0.0,0.0616,0.0,0.0,0.0,0.0
18.7685,0.9999961786444044,-6.099976689730906e-05,0.0027469895027361787,-0.0003049988344865362,0.0,0.0,9.4931,0.0,0.0,1.0,0.0,0.0,0.0,-0.0616,0.0,0.0,0.0,0.0
18.7886,0.9999958360725076,-6.0999746000423277e-05,0.0028689880536920246,-0.00030499873000205957,0.0,0.0,9.9831,0.0,0.0,1.0,0.0,0.0,0.0,0.0577,0.0,0.0,0.0,0.0
18.8086,0.9999961805048829,-6.505213034913027e-19,0.002746989507846914,-0.0003049988350539712,0.0,0.0,9.5234,0.0,0.0,1.0,0.0,0.0,0.0,-0.0577,0.0,0.0,0.0,0.0
18.8287,0.9999956536238367,-0.00012199946974210851,0.002929987265117841,-0.0003049986743553501,0.0,0.0,9.83,0.0,0.0,1.0,0.0,0.0,0.0,0.0539,0.0,0.0,0.0,0.0
18.8488,0.9999963462095254,-4.336808689942018e-19,0.0026859901859187852,-0.00030499888559382127,0.0,0.0,9.5843,0.0,0.0,1.0,0.0,0.0,0.0,-0.05,0.0,0.0,0.0,0.0
18.8689,0.9999958304910774,-0.00012199949131991186,0.0028689880376789015,-0.0003049987282997546,0.0,0.0,9.8926,0.0,0.0,1.0,0.0,0.0,0.0,0.0462,0.0,0.0,0.0,0.0
18.8889,0.9999954730357403,-0.00012199944771036079,0.0029909864598498996,-0.00030499861927585364,0.0,0.0,9.5917,0.0,0.0,1.0,0.0,0.0,0.0,-0.0423,0.0,0.0,0.0,0.0
18.909,0.9999958360725076,-6.0999746000423277e-05,0.0028689880536920246,-0.00030499873000205957,0.0,0.0,10.1955,0.0,0.0,1.0,0.0,0.0,0.0,0.0385,0.0,0.0,0.0,0.0
18.9291,0.9999952943082155,-6.099971295280156e-05,0.003051985638228674,-0.0003049985647640141,0.0,0.0,9.4747,0.0,0.0,1.0,0.0,0.0,0.0,-0.0346,0.0,0.0,0.0,0.0
18.9492,0.9999958379329844,-4.336808689942019e-19,0.0028689880590297328,-0.0003049987305695501,0.0,0.0,10.2812,0.0,0.0,1.0,0.0,0.0,0.0,0.0308,0.0,0.0,0.0,0.0
18.9692,0.9999954786171645,-6.0999724195647627e-05,0.002990986476543939,-0.00030499862097815855,0.0,0.0,9.4498,0.0,0.0,1.0,0.0,0.0,0.0,-0.0269,0.0,0.0,0.0,0.0
18.9893,0.9999956610657398,-6.505213034913027e-19,0.0029299872869226174,-0.00030499867662509006,0.0,0.0,10.209,0.0,0.0,1.0,0.0,0.0,0.0,0.0231,0.0,0.0,0.0,0.0
19.0094,0.9999954786171645,-6.0999724195647627e-05,0.002990986476543939,-0.00030499862097815855,0.0,0.0,9.4888,0.0,0.0,1.0,0.0,0.0,0.0,-0.0154,0.0,0.0,0.0,0.0
19.0294,0.9999954804776394,-6.505213034913027e-19,0.002990986482108619,-0.0003049986215458156,0.0,0.0,10.1209,0.0,0.0,1.0,0.0,0.0,0.0,0.0115,0.0,0.0,0.0,0.0
19.0495,0.9999954804776394,-6.505213034913027e-19,0.002990986482108619,-0.0003049986215458156,0.0,0.0,10.1209,0.0,0.0,1.0,0.0,0.0,0.0,-0.0077,0.0,0.0,0.0,0.0
19.0696,0.9999949145277933,-6.0999689786195776e-05,0.0031739838587112167,-0.00030499844893105976,0.0,0.0,9.4926,0.0,0.0,1.0,0.0,0.0,0.0,0.0038,0.0,0.0,0.0,0.0
19.0896,0.9999958360725076,6.099974600042241e-05,0.0028689880536920246,-0.00030499873000205957,0.0,0.0,10.148,0.0,0.0,1.0,0.0,0.0,0.0,0.0,0.0,0.0,0.0,0.0
19.1097,0.999995106278423,-6.0999701482984286e-05,0.003112984765844731,-0.00030499850741499973,0.0,0.0,9.5742,0.0,0.0,1.0,0.0,0.0,0.0,-0.0038,0.0,0.0,0.0,0.0
19.1297,0.9999960092188898,6.099975656235178e-05,0.0028079887938866426,-0.00030499878281187165,0.0,0.0,10.271,0.0,0.0,1.0,0.0,0.0,0.0,0.0115,0.0,0.0,0.0,0.0
19.1498,0.9999949145277933,-6.0999689786195776e-05,0.0031739838587112167,-0.00030499844893105976,0.0,0.0,9.4662,0.0,0.0,1.0,0.0,0.0,0.0,-0.0154,0.0,0.0,0.0,0.0
19.1699,0.9999958360725076,6.099974600042241e-05,0.0028689880536920246,-0.00030499873000205957,0.0,0.0,10.322,0.0,0.0,1.0,0.0,0.0,0.0,0.0192,0.0,0.0,0.0,0.0
19.19,0.9999950858132242,-6.099970023460745e-05,0.0031129847021365664,-0.0003659982014076469,0.0,0.0,9.4319,0.0,0.0,1.0,0.0,0.0,0.0,-0.0231,0.0,0.0,0.0,0.0
19.21,0.9999958360725076,6.099974600042241e-05,0.0028689880536920246,-0.00030499873000205957,0.0,0.0,10.3286,0.0,0.0,1.0,0.0,0.0,0.0,0.0308,0.0,0.0,0.0,0.0
19.2301,0.9999950858132242,-6.099970023460745e-05,0.0031129847021365664,-0.0003659982014076469,0.0,0.0,9.4416,0.0,0.0,1.0,0.0,0.0,0.0,-0.0346,0.0,0.0,0.0,0.0
19.2502,0.9999956610657398,-6.505213034913027e-19,0.0029299872869226174,-0.00030499867662509006,0.0,0.0,10.3188,0.0,0.0,1.0,0.0,0.0,0.0,0.0385,0.0,0.0,0.0,0.0
19.2702,0.999995106278423,-6.0999701482984286e-05,0.003112984765844731,-0.00030499850741499973,0.0,0.0,9.4426,0.0,0.0,1.0,0.0,0.0,0.0,-0.0423,0.0,0.0,0.0,0.0
19.2903,0.9999956610657398,-6.505213034913027e-19,0.0029299872869226174,-0.00030499867662509006,0.0,0.0,10.3201,0.0,0.0,1.0,0.0,0.0,0.0,0.0462,0.0,0.0,0.0,0.0
19.3104,0.999995106278423,-6.0999701482984286e-05,0.003112984765844731,-0.00030499850741499973,0.0,0.0,9.441,0.0,0.0,1.0,0.0,0.0,0.0,-0.05,0.0,0.0,0.0,0.0
19.3304,0.9999954804776394,-6.505213034913027e-19,0.002990986482108619,-0.0003049986215458156,0.0,0.0,10.2465,0.0,0.0,1.0,0.0,0.0,0.0,0.0539,0.0,0.0,0.0,0.0
19.3506,0.999994719056333,-6.099967786243714e-05,0.003234982916147238,-0.00030499838931213885,0.0,0.0,9.4553,0.0,0.0,1.0,0.0,0.0,0.0,-0.0539,0.0,0.0,0.0,0.0
19.3707,0.9999956592052639,6.09997352115203e-05,0.0029299872814714236,-0.00030499867605765507,0.0,0.0,10.0856,0.0,0.0,1.0,0.0,0.0,0.0,0.0539,0.0,0.0,0.0,0.0
19.3908,0.999994719056333,-6.099967786243714e-05,0.003234982916147238,-0.00030499838931213885,0.0,0.0,9.5552,0.0,0.0,1.0,0.0,0.0,0.0,-0.0577,0.0,0.0,0.0,0.0
19.4109,0.9999956592052639,6.09997352115203e-05,0.0029299872814714236,-0.00030499867605765507,0.0,0.0,10.1911,0.0,0.0,1.0,0.0,0.0,0.0,0.0616,0.0,0.0,0.0,0.0
19.4309,0.999994719056333,-6.099967786243714e-05,0.003234982916147238,-0.00030499838931213885,0.0,0.0,9.5318,0.0,0.0,1.0,0.0,0.0,0.0,-0.0616,0.0,0.0,0.0,0.0
19.451,0.9999956592052639,6.09997352115203e-05,0.0029299872814714236,-0.00030499867605765507,0.0,0.0,10.1991,0.0,0.0,1.0,0.0,0.0,0.0,0.0616,0.0,0.0,0.0,0.0
19.4711,0.999994719056333,-6.099967786243714e-05,0.003234982916147238,-0.00030499838931213885,0.0,0.0,9.5361,0.0,0.0,1.0,0.0,0.0,0.0,-0.0654,0.0,0.0,0.0,0.0
19.4911,0.9999956592052639,6.09997352115203e-05,0.0029299872814714236,-0.00030499867605765507,0.0,0.0,10.1577,0.0,0.0,1.0,0.0,0.0,0.0,0.0654,0.0,0.0,0.0,0.0
19.5112,0.999994719056333,-6.099967786243714e-05,0.003234982916147238,-0.00030499838931213885,0.0,0.0,9.5091,0.0,0.0,1.0,0.0,0.0,0.0,-0.0654,0.0,0.0,0.0,0.0
19.5313,0.9999956610657398,-6.505213034913027e-19,0.0029299872869226174,-0.00030499867662509006,0.0,0.0,10.2315,0.0,0.0,1.0,0.0,0.0,0.0,0.0654,0.0,0.0,0.0,0.0
19.5514,0.9999948884811918,-0.00012199937639470622,0.0031739837760393023,-0.00036599812918403085,0.0,0.0,9.5845,0.0,0.0,1.0,0.0,0.0,0.0,-0.0616,0.0,0.0,0.0,0.0
19.5714,0.9999956610657398,-6.505213034913027e-19,0.0029299872869226174,-0.00030499867662509006,0.0,0.0,10.2405,0.0,0.0,1.0,0.0,0.0,0.0,0.0616,0.0,0.0,0.0,0.0
19.5915,0.9999946930097465,-0.00012199935254718938,0.00323498283188653,-0.0003659980576415922,0.0,0.0,9.4067,0.0,0.0,1.0,0.0,0.0,0.0,-0.0616,0.0,0.0,0.0,0.0
19.6116,0.9999952943082155,-6.099971295280156e-05,0.003051985638228674,-0.0003049985647640141,0.0,0.0,10.2403,0.0,0.0,1.0,0.0,0.0,0.0,0.0577,0.0,0.0,0.0,0.0
19.6316,0.9999946930097465,-0.00012199935254718938,0.00323498283188653,-0.0003659980576415922,0.0,0.0,9.4416,0.0,0.0,1.0,0.0,0.0,0.0,-0.0577,0.0,0.0,0.0,0.0
19.6517,0.9999952943082155,-6.099971295280156e-05,0.003051985638228674,-0.0003049985647640141,0.0,0.0,10.2076,0.0,0.0,1.0,0.0,0.0,0.0,0.0539,0.0,0.0,0.0,0.0
19.6718,0.9999946985911577,-6.099967661406096e-05,0.0032349828499423955,-0.00036599805968440263,0.0,0.0,9.5276,0.0,0.0,1.0,0.0,0.0,0.0,-0.0539,0.0,0.0,0.0,0.0
19.6918,0.999995106278423,-6.0999701482984286e-05,0.003112984765844731,-0.00030499850741499973,0.0,0.0,10.086,0.0,0.0,1.0,0.0,0.0,0.0,0.0462,0.0,0.0,0.0,0.0
19.7119,0.9999946985911577,-6.099967661406096e-05,0.0032349828499423955,-0.00036599805968440263,0.0,0.0,9.4873,0.0,0.0,1.0,0.0,0.0,0.0,-0.0423,0.0,0.0,0.0,0.0
19.732,0.9999950858132242,-6.099970023460745e-05,0.0031129847021365664,-0.0003659982014076469,0.0,0.0,10.0865,0.0,0.0,1.0,0.0,0.0,0.0,0.0423,0.0,0.0,0.0,0.0
19.752,0.9999950858132242,-6.099970023460745e-05,0.0031129847021365664,-0.0003659982014076469,0.0,0.0,9.5187,0.0,0.0,1.0,0.0,0.0,0.0,-0.0308,0.0,0.0,0.0,0.0
19.7721,0.9999950858132242,-6.099970023460745e-05,0.0031129847021365664,-0.0003659982014076469,0.0,0.0,10.0846,0.0,0.0,1.0,0.0,0.0,0.0,0.0308,0.0,0.0,0.0,0.0
19.7922,0.9999950858132242,-6.099970023460745e-05,0.0031129847021365664,-0.0003659982014076469,0.0,0.0,9.5234,0.0,0.0,1.0,0.0,0.0,0.0,-0.0231,0.0,0.0,0.0,0.0
19.8122,0.9999950858132242,-6.099970023460745e-05,0.0031129847021365664,-0.0003659982014076469,0.0,0.0,10.052,0.0,0.0,1.0,0.0,0.0,0.0,0.0231,0.0,0.0,0.0,0.0
19.8323,0.9999949089463785,-0.00012199937889145839,0.003173983840995806,-0.0003049984472285328,0.0,0.0,9.5651,0.0,0.0,1.0,0.0,0.0,0.0,-0.0154,0.0,0.0,0.0,0.0
19.8524,0.9999958379329844,-4.336808689942019e-19,0.0028689880590297328,-0.0003049987305695501,0.0,0.0,10.156,0.0,0.0,1.0,0.0,0.0,0.0,0.0115,0.0,0.0,0.0,0.0
19.8725,0.9999958379329844,-4.336808689942019e-19,0.0028689880590297328,-0.0003049987305695501,0.0,0.0,10.156,0.0,0.0,1.0,0.0,0.0,0.0,-0.0077,0.0,0.0,0.0,0.0
19.8925,0.9999949089463785,-0.00012199937889145839,0.003173983840995806,-0.0003049984472285328,0.0,0.0,9.5367,0.0,0.0,1.0,0.0,0.0,0.0,0.0038,0.0,0.0,0.0,0.0
19.9126,0.9999956610657398,-6.505213034913027e-19,0.0029299872869226174,-0.00030499867662509006,0.0,0.0,10.1955,0.0,0.0,1.0,0.0,0.0,0.0,0.0038,0.0,0.0,0.0,0.0
19.9327,0.9999946930097465,-0.00012199935254718938,0.00323498283188653,-0.0003659980576415922,0.0,0.0,9.499,0.0,0.0,1.0,0.0,0.0,0.0,-0.0038,0.0,0.0,0.0,0.0
19.9528,0.9999954581519428,-6.099972294726927e-05,0.0029909864153324617,-0.0003659983376835818,0.0,0.0,10.2399,0.0,0.0,1.0,0.0,0.0,0.0,0.0115,0.0,0.0,0.0,0.0
19.9728,0.9999946930097465,-0.00012199935254718938,0.00323498283188653,-0.0003659980576415922,0.0,0.0,9.5051,0.0,0.0,1.0,0.0,0.0,0.0,-0.0154,0.0,0.0,0.0,0.0
19.9929,0.9999952943082155,-6.099971295280156e-05,0.003051985638228674,-0.0003049985647640141,0.0,0.0,10.1991,0.0,0.0,1.0,0.0,0.0,0.0,0.0192,0.0,0.0,0.0,0.0
20.013,0.9999944938174775,-0.00012199932824573248,0.0032959818516224058,-0.0003659979847372985,0.0,0.0,9.5119,0.0,0.0,1.0,0.0,0.0,0.0,-0.0231,0.0,0.0,0.0,0.0
20.033,0.999995106278423,-6.0999701482984286e-05,0.003112984765844731,-0.00030499850741499973,0.0,0.0,10.2737,0.0,0.0,1.0,0.0,0.0,0.0,0.0308,0.0,0.0,0.0,0.0
20.0531,0.9999944938174775,-0.00012199932824573248,0.0032959818516224058,-0.0003659979847372985,0.0,0.0,9.4747,0.0,0.0,1.0,0.0,0.0,0.0,-0.0308,0.0,0.0,0.0,0.0
20.0732,0.999995106278423,-6.0999701482984286e-05,0.003112984765844731,-0.00030499850741499973,0.0,0.0,10.3127,0.0,0.0,1.0,0.0,0.0,0.0,0.0385,0.0,0.0,0.0,0.0
20.0932,0.9999944993988853,-6.099966446333262e-05,0.0032959818700187262,-0.0003659979867799979,0.0,0.0,9.5138,0.0,0.0,1.0,0.0,0.0,0.0,-0.0423,0.0,0.0,0.0,0.0
20.1133,0.9999948959230778,-6.505213034913027e-19,0.0031739837996598496,-0.00036599813190790753,0.0,0.0,10.1955,0.0,0.0,1.0,0.0,0.0,0.0,0.0462,0.0,0.0,0.0,0.0
20.1334,0.9999946985911577,-6.099967661406096e-05,0.0032349828499423955,-0.00036599805968440263,0.0,0.0,9.5528,0.0,0.0,1.0,0.0,0.0,0.0,-0.0462,0.0,0.0,0.0,0.0
20.1535,0.9999947004516282,-2.1684043449710093e-19,0.0032349828559610177,-0.0003659980603653024,0.0,0.0,10.1686,0.0,0.0,1.0,0.0,0.0,0.0,0.05,0.0,0.0,0.0,0.0
20.1735,0.9999945012593546,-6.505213034913027e-19,0.0032959818761508324,-0.00036599798746095313,0.0,0.0,9.5577,0.0,0.0,1.0,0.0,0.0,0.0,-0.0539,0.0,0.0,0.0,0.0
20.1936,0.9999945012593546,-6.505213034913027e-19,0.0032959818761508324,-0.00036599798746095313,0.0,0.0,10.0846,0.0,0.0,1.0,0.0,0.0,0.0,0.0539,0.0,0.0,0.0,0.0
20.2137,0.9999945012593546,-6.505213034913027e-19,0.0032959818761508324,-0.00036599798746095313,0.0,0.0,9.5187,0.0,0.0,1.0,0.0,0.0,0.0,-0.0577,0.0,0.0,0.0,0.0
20.2337,0.9999944993988853,6.099966446333132e-05,0.0032959818700187262,-0.0003659979867799979,0.0,0.0,10.0494,0.0,0.0,1.0,0.0,0.0,0.0,0.0577,0.0,0.0,0.0,0.0
20.2538,0.9999946985911577,6.0999676614059875e-05,0.0032349828499423955,-0.00036599805968440263,0.0,0.0,9.5893,0.0,0.0,1.0,0.0,0.0,0.0,-0.0616,0.0,0.0,0.0,0.0
20.2739,0.9999942983462637,-4.336808689942018e-19,0.0033569808595484076,-0.00036599791319474884,0.0,0.0,9.9757,0.0,0.0,1.0,0.0,0.0,0.0,0.0616,0.0,0.0,0.0,0.0
20.2939,0.9999946744050432,6.099967513870703e-05,0.003234982771700314,-0.00042699772597093444,0.0,0.0,9.6353,0.0,0.0,1.0,0.0,0.0,0.0,-0.0654,0.0,0.0,0.0,0.0
20.314,0.9999940917123622,-2.168404344971009e-19,0.003417979805472854,-0.00036599783756668947,0.0,0.0,9.8959,0.0,0.0,1.0,0.0,0.0,0.0,0.0616,0.0,0.0,0.0,0.0
20.3341,0.9999946744050432,6.099967513870703e-05,0.003234982771700314,-0.00042699772597093444,0.0,0.0,9.5893,0.0,0.0,1.0,0.0,0.0,0.0,-0.0654,0.0,0.0,0.0,0.0
20.3542,0.9999940917123622,-2.168404344971009e-19,0.003417979805472854,-0.00036599783756668947,0.0,0.0,9.8652,0.0,0.0,1.0,0.0,0.0,0.0,0.0616,0.0,0.0,0.0,0.0
20.3742,0.9999944752127854,6.099966298797935e-05,0.00329598179030134,-0.0004269976409159715,0.0,0.0,9.6642,0.0,0.0,1.0,0.0,0.0,0.0,-0.0616,0.0,0.0,0.0,0.0
20.3943,0.999993857171602,-4.336808689942018e-19,0.003478978629100003,-0.00042699737701218377,0.0,0.0,9.8283,0.0,0.0,1.0,0.0,0.0,0.0,0.0577,0.0,0.0,0.0,0.0
20.4144,0.9999944696313778,0.00012199932529502813,0.0032959817719050216,-0.0004269976385326557,0.0,0.0,9.6232,0.0,0.0,1.0,0.0,0.0,0.0,-0.0616,0.0,0.0,0.0,0.0
20.4345,0.9999944938174775,0.0001219993282457314,0.0032959818516224053,-0.0003659979847372985,0.0,0.0,10.2403,0.0,0.0,1.0,0.0,0.0,0.0,0.0577,0.0,0.0,0.0,0.0
20.4546,0.9999938553111363,6.0999625173978724e-05,0.0034789786226274433,-0.0004269973762177637,0.0,0.0,9.6527,0.0,0.0,1.0,0.0,0.0,0.0,-0.0539,0.0,0.0,0.0,0.0
20.4746,0.9999942964857955,6.099965208563327e-05,0.003356980853302816,-0.00036599791251384906,0.0,0.0,10.2428,0.0,0.0,1.0,0.0,0.0,0.0,0.05,0.0,0.0,0.0,0.0
20.4947,0.9999938794971914,6.09996266493283e-05,0.0034789787067707285,-0.00036599775989587524,0.0,0.0,9.4838,0.0,0.0,1.0,0.0,0.0,0.0,-0.05,0.0,0.0,0.0,0.0
20.5148,0.9999940898518952,6.099963948096531e-05,0.0034179797991137776,-0.0003659978368857342,0.0,0.0,10.1251,0.0,0.0,1.0,0.0,0.0,0.0,0.0462,0.0,0.0,0.0,0.0
20.5348,0.9999938794971914,6.09996266493283e-05,0.0034789787067707285,-0.00036599775989587524,0.0,0.0,9.5234,0.0,0.0,1.0,0.0,0.0,0.0,-0.0423,0.0,0.0,0.0,0.0
20.5549,0.9999938943809183,0.00012199925511447147,0.003478978758551215,-0.0003049981377861167,0.0,0.0,10.1295,0.0,0.0,1.0,0.0,0.0,0.0,0.0385,0.0,0.0,0.0,0.0
20.575,0.9999938739157939,0.00012199925261772646,0.0034789786873530466,-0.0003659977578531204,0.0,0.0,9.5448,0.0,0.0,1.0,0.0,0.0,0.0,-0.0346,0.0,0.0,0.0,0.0
20.595,0.9999938794971914,6.09996266493283e-05,0.0034789787067707285,-0.00036599775989587524,0.0,0.0,10.0162,0.0,0.0,1.0,0.0,0.0,0.0,0.0308,0.0,0.0,0.0,0.0
20.6151,0.9999934494858645,-2.168404344971009e-19,0.0036009764115985977,-0.0003659976025117695,0.0,0.0,9.5136,0.0,0.0,1.0,0.0,0.0,0.0,-0.0231,0.0,0.0,0.0,0.0
20.6352,0.9999946930097465,0.0001219993525471883,0.00323498283188653,-0.0003659980576415922,0.0,0.0,10.4281,0.0,0.0,1.0,0.0,0.0,0.0,0.0192,0.0,0.0,0.0,0.0
20.6553,0.9999936430961158,-6.505213034913027e-19,0.0035399774965602505,-0.00042699728560208206,0.0,0.0,9.29,0.0,0.0,1.0,0.0,0.0,0.0,-0.0154,0.0,0.0,0.0,0.0
20.6753,0.9999950467433024,0.00018299909355402378,0.0031129845805119016,-0.0004269978849594791,0.0,0.0,10.5859,0.0,0.0,1.0,0.0,0.0,0.0,0.0115,0.0,0.0,0.0,0.0
20.6954,0.9999936672821554,-6.505213034913027e-19,0.003539977582178831,-0.00036599768222517204,0.0,0.0,9.2157,0.0,0.0,1.0,0.0,0.0,0.0,-0.0077,0.0,0.0,0.0,0.0
20.7155,0.9999946930097465,0.0001219993525471883,0.00323498283188653,-0.0003659980576415922,0.0,0.0,10.5541,0.0,0.0,1.0,0.0,0.0,0.0,0.0038,0.0,0.0,0.0,0.0
20.7355,0.9999934494858645,-2.168404344971009e-19,0.0036009764115985977,-0.0003659976025117695,0.0,0.0,9.2082,0.0,0.0,1.0,0.0,0.0,0.0,0.0038,0.0,0.0,0.0,0.0
20.7556,0.9999942909043911,0.00012199930349033511,0.0033569808345660416,-0.0003659979104709277,0.0,0.0,10.5569,0.0,0.0,1.0,0.0,0.0,0.0,-0.0038,0.0,0.0,0.0,0.0
20.7757,0.9999932261083291,6.0999586792607075e-05,0.0036619751940087006,-0.0003659975207556676,0.0,0.0,9.3311,0.0,0.0,1.0,0.0,0.0,0.0,0.0115,0.0,0.0,0.0,0.0
20.7957,0.9999934625091087,0.00012199920242611105,0.0036009764584953004,-0.00030499800606520466,0.0,0.0,10.5143,0.0,0.0,1.0,0.0,0.0,0.0,-0.0154,0.0,0.0,0.0,0.0
20.8158,0.9999925541161627,0.0001219990916021714,0.0038449713705766457,-0.00030499772900549615,0.0,0.0,9.3001,0.0,0.0,1.0,0.0,0.0,0.0,0.0192,0.0,0.0,0.0,0.0
20.8359,0.9999920720137805,0.00024399806557136175,0.003966968549678667,-0.00024399806557129367,0.0,0.0,10.4507,0.0,0.0,1.0,0.0,0.0,0.0,-0.0231,0.0,0.0,0.0,0.0
20.8559,0.999991074323003,0.00024399782213481222,0.004210962413974167,-0.0002439978221348005,0.0,0.0,9.3303,0.0,0.0,1.0,0.0,0.0,0.0,0.0269,0.0,0.0,0.0,0.0
20.876,0.9999900126456229,0.0002439975630855315,0.004455955496348896,-0.00024399756308551848,0.0,0.0,10.1458,0.0,0.0,1.0,0.0,0.0,0.0,-0.0308,0.0,0.0,0.0,0.0
20.8961,0.9999897054894676,0.0003049968601742869,0.004516953499695926,-0.00030499686017421146,0.0,0.0,9.3205,0.0,0.0,1.0,0.0,0.0,0.0,0.0385,0.0,0.0,0.0,0.0
20.9161,0.9999885903542731,0.00024399721604644172,0.004760945678676692,-0.0003049965200579985,0.0,0.0,10.1155,0.0,0.0,1.0,0.0,0.0,0.0,-0.0423,0.0,0.0,0.0,0.0
20.9362,0.9999885736103467,0.0003049965149511548,0.00476094559895886,-0.00030499651495113916,0.0,0.0,9.3951,0.0,0.0,1.0,0.0,0.0,0.0,0.0423,0.0,0.0,0.0,0.0
20.9563,0.9999885996564548,-4.336808689942018e-19,0.004760945722964381,-0.0003659958274742081,0.0,0.0,10.2028,0.0,0.0,1.0,0.0,0.0,0.0,-0.0462,0.0,0.0,0.0,0.0
20.9763,0.9999910129281526,-6.0999451788618184e-05,0.004210962155440451,-0.0004879956143090114,0.0,0.0,9.9668,0.0,0.0,1.0,0.0,0.0,0.0,0.05,0.0,0.0,0.0,0.0
20.9964,0.9999894522863839,-6.099935658947014e-05,0.004577951712567065,-0.0003659961395368616,0.0,0.0,10.0593,0.0,0.0,1.0,0.0,0.0,0.0,-0.0539,0.0,0.0,0.0,0.0
21.0165,0.9999879853470314,0.00030499633553084365,0.004882941332449554,-0.00030499633553082717,0.0,0.0,9.286,0.0,0.0,1.0,0.0,0.0,0.0,0.0539,0.0,0.0,0.0,0.0
21.0365,0.999981654597843,0.00030499440465234104,0.006041889157080167,-0.0003049944046523146,0.0,0.0,9.4348,0.0,0.0,1.0,0.0,0.0,0.0,-0.0577,0.0,0.0,0.0,0.0
21.0566,0.999981654597843,0.00030499440465234104,0.006041889157080167,-0.0003049944046523146,0.0,0.0,9.4348,0.0,0.0,1.0,0.0,0.0,0.0,0.0577,0.0,0.0,0.0,0.0
21.0767,0.9999823414512475,-0.00018299676848557937,0.005919895461391386,-0.0004879913826281723,0.0,0.0,8.8498,0.0,0.0,1.0,0.0,0.0,0.0,-0.0616,0.0,0.0,0.0,0.0
21.0967,0.9999858055062312,0.00024399653654351943,0.005309924627238087,-0.0003659948048154171,0.0,0.0,10.8251,0.0,0.0,1.0,0.0,0.0,0.0,0.0616,0.0,0.0,0.0,0.0
21.1168,0.9999861498672447,0.00012199831028380246,0.005248927300653166,-0.0003659949308514321,0.0,0.0,9.2858,0.0,0.0,1.0,0.0,0.0,0.0,-0.0616,0.0,0.0,0.0,0.0
21.1369,0.9999864737639436,6.099917489959996e-05,0.005187929825887339,-0.00036599504939760497,0.0,0.0,10.5527,0.0,0.0,1.0,0.0,0.0,0.0,0.0654,0.0,0.0,0.0,0.0
21.157,0.9999845099239211,-1.3010426069826051e-18,0.0055539139681174575,-0.0003659943306322799,0.0,0.0,9.3728,0.0,0.0,1.0,0.0,0.0,0.0,-0.0654,0.0,0.0,0.0,0.0
21.177,0.9999838174848192,-0.00012199802573314903,0.0056759081480438345,-0.0003659940771995052,0.0,0.0,10.3554,0.0,0.0,1.0,0.0,0.0,0.0,0.0577,0.0,0.0,0.0,0.0
21.1971,0.9999831250471557,-8.673617379884035e-19,0.005797902159023408,-0.00036599382376723,0.0,0.0,9.3022,0.0,0.0,1.0,0.0,0.0,0.0,-0.0577,0.0,0.0,0.0,0.0
21.2172,0.9999834768470309,-4.336808689942018e-19,0.005736905206671417,-0.0003659939525259559,0.0,0.0,10.2931,0.0,0.0,1.0,0.0,0.0,0.0,0.0539,0.0,0.0,0.0,0.0
21.2372,0.9999838230660484,6.099901320702787e-05,0.00567590817972289,-0.000365994079242149,0.0,0.0,9.3859,0.0,0.0,1.0,0.0,0.0,0.0,-0.0539,0.0,0.0,0.0,0.0
21.2573,0.9999831250471557,-8.673617379884035e-19,0.005797902159023408,-0.00036599382376723,0.0,0.0,10.2204,0.0,0.0,1.0,0.0,0.0,0.0,0.05,0.0,0.0,0.0,0.0
21.2774,0.9999834768470309,-4.336808689942018e-19,0.005736905206671417,-0.0003659939525259559,0.0,0.0,9.5055,0.0,0.0,1.0,0.0,0.0,0.0,-0.0462,0.0,0.0,0.0,0.0
21.2974,0.9999816732018196,-0.00012199776413062206,0.006041889269485394,-0.00036599329239189743,0.0,0.0,9.9332,0.0,0.0,1.0,0.0,0.0,0.0,0.0423,0.0,0.0,0.0,0.0
21.3175,0.9999831250471557,-8.673617379884035e-19,0.005797902159023408,-0.00036599382376723,0.0,0.0,9.5043,0.0,0.0,1.0,0.0,0.0,0.0,-0.0308,0.0,0.0,0.0,0.0
21.3376,0.9999812966967335,-0.0001219977181970023,0.006103885835036862,-0.00036599315459107107,0.0,0.0,9.7545,0.0,0.0,1.0,0.0,0.0,0.0,0.0308,0.0,0.0,0.0,0.0
21.3576,0.9999834749866232,6.0998991974182525e-05,0.005736905195998259,-0.0003659939518450561,0.0,0.0,9.5555,0.0,0.0,1.0,0.0,0.0,0.0,-0.0231,0.0,0.0,0.0,0.0
21.3777,0.9999809225134396,-0.0001219976725466412,0.0061648823872953555,-0.00036599301763989844,0.0,0.0,9.5572,0.0,0.0,1.0,0.0,0.0,0.0,0.0231,0.0,0.0,0.0,0.0
21.3978,0.9999838230660484,6.099901320702787e-05,0.00567590817972289,-0.000365994079242149,0.0,0.0,9.6416,0.0,0.0,1.0,0.0,0.0,0.0,-0.0115,0.0,0.0,0.0,0.0
21.4178,0.9999805353078262,-0.0001829964379613338,0.006225878812826525,-0.0003659928759227604,0.0,0.0,9.3645,0.0,0.0,1.0,0.0,0.0,0.0,0.0115,0.0,0.0,0.0,0.0
21.4379,0.9999831436512143,6.099897176272328e-05,0.00579790226688974,-0.0003049948588136342,0.0,0.0,9.6472,0.0,0.0,1.0,0.0,0.0,0.0,-0.0038,0.0,0.0,0.0,0.0
21.458,0.9999797888037553,-0.00018299630135108771,0.006347871699326239,-0.00030499383558524334,0.0,0.0,9.2238,0.0,0.0,1.0,0.0,0.0,0.0,0.0,0.0,0.0,0.0,0.0
21.478,0.9999813022779204,-6.099885943895408e-05,0.006103885869104426,-0.00036599315663371495,0.0,0.0,9.6968,0.0,0.0,1.0,0.0,0.0,0.0,0.0077,0.0,0.0,0.0,0.0
21.4981,0.9999816992473887,-6.0998883654090914e-05,0.0060418894268527215,-0.00030499441827036566,0.0,0.0,10.447,0.0,0.0,1.0,0.0,0.0,0.0,-0.0154,0.0,0.0,0.0,0.0
21.5182,0.9999820677893578,-8.673617379884035e-19,0.00598089274744815,-0.0003049945306758395,0.0,0.0,9.395,0.0,0.0,1.0,0.0,0.0,0.0,0.0192,0.0,0.0,0.0,0.0
21.5382,0.9999809485589499,-6.099883786209702e-05,0.006164882547865926,-0.0003049941893105146,0.0,0.0,10.2522,0.0,0.0,1.0,0.0,0.0,0.0,-0.0269,0.0,0.0,0.0,0.0
21.5583,0.9999816992473887,-6.0998883654090914e-05,0.0060418894268527215,-0.00030499441827036566,0.0,0.0,9.4025,0.0,0.0,1.0,0.0,0.0,0.0,0.0308,0.0,0.0,0.0,0.0
21.5784,0.9999801834500591,-0.00012199758238090826,0.006286875413350522,-0.0003049939559522375,0.0,0.0,10.0226,0.0,0.0,1.0,0.0,0.0,0.0,-0.0346,0.0,0.0,0.0,0.0
21.5984,0.9999817178513677,-1.3010426069826053e-18,0.006041889539257962,-0.00024399553915577243,0.0,0.0,9.5043,0.0,0.0,1.0,0.0,0.0,0.0,0.0385,0.0,0.0,0.0,0.0
21.6185,0.9999794164825393,-0.00018299623321630515,0.006408868080236594,-0.00024399497762173095,0.0,0.0,9.7458,0.0,0.0,1.0,0.0,0.0,0.0,-0.0423,0.0,0.0,0.0,0.0
21.6386,0.9999817011077865,-8.673617379884035e-19,0.006041889438093245,-0.00030499441883785616,0.0,0.0,9.5611,0.0,0.0,1.0,0.0,0.0,0.0,0.0462,0.0,0.0,0.0,0.0
21.6587,0.9999793997390737,-0.00018299623015225093,0.006408867972927723,-0.0003049937169204431,0.0,0.0,9.5546,0.0,0.0,1.0,0.0,0.0,0.0,-0.0462,0.0,0.0,0.0,0.0
21.6788,0.9999817011077865,-8.673617379884035e-19,0.006041889438093245,-0.00030499441883785616,0.0,0.0,9.5836,0.0,0.0,1.0,0.0,0.0,0.0,0.0577,0.0,0.0,0.0,0.0
21.6988,0.9999781972005638,-0.00024399468011693888,0.006591856275946117,-0.00030499335014616547,0.0,0.0,9.4046,0.0,0.0,1.0,0.0,0.0,0.0,-0.0616,0.0,0.0,0.0,0.0
21.7189,0.9999809485589499,-6.099883786209702e-05,0.006164882547865926,-0.0003049941893105146,0.0,0.0,9.6092,0.0,0.0,1.0,0.0,0.0,0.0,0.0616,0.0,0.0,0.0,0.0
21.739,0.9999773855886406,-0.0002439944820836282,0.0067138481668421335,-0.00030499310260456713,0.0,0.0,9.2977,0.0,0.0,1.0,0.0,0.0,0.0,-0.0616,0.0,0.0,0.0,0.0
21.759,0.9999809485589499,-6.099883786209702e-05,0.006164882547865926,-0.0003049941893105146,0.0,0.0,9.7303,0.0,0.0,1.0,0.0,0.0,0.0,0.0654,0.0,0.0,0.0,0.0
21.7791,0.9999769574589625,-0.00030499297202498483,0.006774843886784471,-0.00030499297202496445,0.0,0.0,9.1849,0.0,0.0,1.0,0.0,0.0,0.0,-0.0616,0.0,0.0,0.0,0.0
21.7992,0.9999801890312273,-6.0998791530905965e-05,0.006286875448439326,-0.0003049939576545979,0.0,0.0,9.867,0.0,0.0,1.0,0.0,0.0,0.0,0.0616,0.0,0.0,0.0,0.0
21.8192,0.9999756805146849,-0.00036599109906837587,0.006957830785021177,-0.00030499258255689554,0.0,0.0,9.0531,0.0,0.0,1.0,0.0,0.0,0.0,-0.0654,0.0,0.0,0.0,0.0
21.8393,0.9999790162559947,-0.0001219974399832317,0.006469864235176286,-0.00030499359995811437,0.0,0.0,9.8695,0.0,0.0,1.0,0.0,0.0,0.0,0.0654,0.0,0.0,0.0,0.0
21.8594,0.9999752747115401,-0.0003049924587870214,0.007018826453200301,-0.0003049924587869568,0.0,0.0,9.0957,0.0,0.0,1.0,0.0,0.0,0.0,-0.0616,0.0,0.0,0.0,0.0
21.8794,0.9999790162559947,-0.0001219974399832317,0.006469864235176286,-0.00030499359995811437,0.0,0.0,10.012,0.0,0.0,1.0,0.0,0.0,0.0,0.0577,0.0,0.0,0.0,0.0
21.8995,0.9999748242602589,-0.00036599078567925523,0.007079821755762631,-0.0003049923213993,0.0,0.0,9.0778,0.0,0.0,1.0,0.0,0.0,0.0,-0.0616,0.0,0.0,0.0,0.0
21.9196,0.9999782102232122,-0.0001829960124708485,0.0065918563617914155,-0.00030499335411809936,0.0,0.0,10.04,0.0,0.0,1.0,0.0,0.0,0.0,0.0577,0.0,0.0,0.0,0.0
21.9396,0.9999739531251949,-0.00036599046684382197,0.007201812410407654,-0.0003049920557031683,0.0,0.0,9.0603,0.0,0.0,1.0,0.0,0.0,0.0,-0.05,0.0,0.0,0.0,0.0
21.9597,0.9999769872249061,-0.0001829957886621595,0.006774844088448739,-0.00030499298110353573,0.0,0.0,10.0793,0.0,0.0,1.0,0.0,0.0,0.0,0.05,0.0,0.0,0.0,0.0
21.9798,0.9999738842920809,-0.0004269888485927192,0.007201811914671567,-0.0004269888485926021,0.0,0.0,9.6785,0.0,0.0,1.0,0.0,0.0,0.0,-0.05,0.0,0.0,0.0,0.0
21.9999,0.9999738842920809,-0.0004269888485927192,0.007201811914671567,-0.0004269888485926021,0.0,0.0,9.6785,0.0,0.0,1.0,0.0,0.0,0.0,0.0462,0.0,0.0,0.0,0.0
22.02,0.9999760193451354,-0.0003049926859002676,0.006896834605423398,-0.0005489868346204019,0.0,0.0,9.5971,0.0,0.0,1.0,0.0,0.0,0.0,-0.0385,0.0,0.0,0.0,0.0
22.0401,0.9999724622525331,-0.00048798656157923774,0.007384796633734958,-0.0005489848817767374,0.0,0.0,9.4137,0.0,0.0,1.0,0.0,0.0,0.0,0.0385,0.0,0.0,0.0,0.0
22.0601,0.9999760509713614,-0.0003049926955462665,0.0068968348235494805,-0.0004879883128739993,0.0,0.0,9.6286,0.0,0.0,1.0,0.0,0.0,0.0,-0.0269,0.0,0.0,0.0,0.0
22.0802,0.9999725143422338,-0.0005489849103738876,0.007384797018417396,-0.0003659899402492228,0.0,0.0,9.2593,0.0,0.0,1.0,0.0,0.0,0.0,0.0231,0.0,0.0,0.0,0.0
22.1003,0.9999761235256563,-0.00030499271767532636,0.006896835323956453,-0.00030499271767531205,0.0,0.0,9.7171,0.0,0.0,1.0,0.0,0.0,0.0,-0.0115,0.0,0.0,0.0,0.0
22.1204,0.9999724994594612,-0.0006099832246702721,0.00738479690850812,-0.00030499161233504823,0.0,0.0,9.2084,0.0,0.0,1.0,0.0,0.0,0.0,0.0115,0.0,0.0,0.0,0.0
22.1405,0.9999760788768576,-0.00042698978568041966,0.006896835016013689,-0.00030499270405742745,0.0,0.0,9.8385,0.0,0.0,1.0,0.0,0.0,0.0,0.0,0.0,0.0,0.0,0.0
22.1606,0.9999720638946826,-0.0006099829589757571,0.007445791987759807,-0.00024399318359030753,0.0,0.0,9.1045,0.0,0.0,1.0,0.0,0.0,0.0,-0.0038,0.0,0.0,0.0,0.0
22.1807,0.9999761328274901,-0.00036599126461486217,0.006896835388111198,-0.0001829956323075033,0.0,0.0,9.9267,0.0,0.0,1.0,0.0,0.0,0.0,0.0115,0.0,0.0,0.0,0.0
22.2009,0.9999711220739501,-0.0006709806229116214,0.0075677814518556544,-0.00018299471533961276,0.0,0.0,9.1433,0.0,0.0,1.0,0.0,0.0,0.0,-0.0154,0.0,0.0,0.0,0.0
22.2209,0.9999713296995264,-0.0009769719891164386,0.007506784772054345,-0.00018299475333505288,0.0,0.0,9.7803,0.0,0.0,1.0,0.0,0.0,0.0,0.0231,0.0,0.0,0.0,0.0
22.241,0.9999646927319094,-0.001282032940091655,0.00830121328837817,-0.00024400626940901393,0.0,0.0,9.4051,0.0,0.0,1.0,0.0,0.0,0.0,-0.0231,0.0,0.0,0.0,0.0
22.2611,0.9999638698296929,-0.0015260379536752864,0.008362207974202316,-6.100151715221491e-05,0.0,0.0,9.9249,0.0,0.0,1.0,0.0,0.0,0.0,0.0308,0.0,0.0,0.0,0.0
22.2811,0.9999610811274011,-0.0016480363919178652,0.008667191388805902,0.0,0.0,0.0,9.9034,0.0,0.0,1.0,0.0,0.0,0.0,-0.0346,0.0,0.0,0.0,0.0
22.3012,0.999963575683819,-0.0017090420024057948,0.008362205514404473,0.0,0.0,0.0,9.659,0.0,0.0,1.0,0.0,0.0,0.0,0.0385,0.0,0.0,0.0,0.0
22.3213,0.9999614590550975,-0.002014045235296321,0.008545191924333192,-6.100137008585582e-05,0.0,0.0,9.9022,0.0,0.0,1.0,0.0,0.0,0.0,-0.0423,0.0,0.0,0.0,0.0
22.3413,0.9999618555883627,-0.002075047428238977,0.008484193918640706,0.0,0.0,0.0,9.6841,0.0,0.0,1.0,0.0,0.0,0.0,0.0462,0.0,0.0,0.0,0.0
22.3614,0.9999581455304315,-0.002319044401193544,0.008850169448280662,6.100116794860444e-05,0.0,0.0,9.8034,0.0,0.0,1.0,0.0,0.0,0.0,-0.0462,0.0,0.0,0.0,0.0
22.3815,0.9999580283193696,-0.0023190441293645106,0.008850168410899485,0.0004880092863863151,0.0,0.0,9.6122,0.0,0.0,1.0,0.0,0.0,0.0,0.05,0.0,0.0,0.0,0.0
22.4015,0.999957295743042,-0.002136039082091146,0.008850161927203481,0.0015870290371154394,0.0,0.0,9.1418,0.0,0.0,1.0,0.0,0.0,0.0,-0.0539,0.0,0.0,0.0,0.0
22.4216,0.9999568787498514,-0.002136038191339355,0.008850158236588617,0.0018310327379880142,0.0135,0.0,9.6353,0.0,0.0,1.0,0.0,0.0,0.0,0.0577,0.0,0.0,0.0,0.0
22.4417,0.9999526997273187,-0.0021360292644026827,0.009216126264389096,0.0022580309358714024,0.0135,0.0,9.5899,0.0,0.0,1.0,0.0,0.0,0.0,-0.0577,0.0,0.0,0.0,0.0
22.4617,0.999951318534667,-0.0018310225566129299,0.009399115788970463,0.0023800293199010563,0.0135,0.0,9.8137,0.0,0.0,1.0,0.0,0.0,0.0,0.0577,0.0,0.0,0.0,0.0
22.4818,0.9999428577129907,-0.0019530075345730816,0.010193039324067283,0.00256300988792163,0.0135,0.0,11.1199,0.0,0.0,1.0,0.0,0.0,0.0,-0.0616,0.0,0.0,0.0,0.0
22.5019,0.9999152010795362,-0.0037229113912139794,0.012084712372500916,0.0031129259094409556,0.0135,0.0,10.6544,0.0,0.0,1.0,0.0,0.0,0.0,0.0616,0.0,0.0,0.0,0.0
22.5219,0.9998402118849058,-0.007996185636203135,0.015503359919717002,0.003906090682217256,0.0135,0.0,10.2552,0.0,0.0,1.0,0.0,0.0,0.0,-0.0616,0.0,0.0,0.0,0.0
22.542,0.9996976643127911,-0.013794036762743283,0.019775052702859813,0.004822012851235903,0.0135,0.0,10.1571,0.0,0.0,1.0,0.0,0.0,0.0,0.0616,0.0,0.0,0.0,0.0
22.5621,0.9994597435134727,-0.021118184746943592,0.024536214648688694,0.005676049655443383,0.027,0.0,9.8508,0.0,0.0,1.0,0.0,0.0,0.0,-0.0616,0.0,0.0,0.0,0.0
22.5821,0.9991221358571316,-0.028747313367236443,0.02972329005592514,0.006713839639196584,0.027,0.0,9.9314,0.0,0.0,1.0,0.0,0.0,0.0,0.0616,0.0,0.0,0.0,0.0
22.6022,0.9986666883332435,-0.0369263582324996,0.035217341652871645,0.007812075787041185,0.0406,0.0,10.6644,0.0,0.0,1.0,0.0,0.0,0.0,-0.0616,0.0135,0.0,0.0,0.0
22.6223,0.9980454028227326,-0.04589792654930859,0.04150393358103845,0.008727986032558421,0.0135,0.0,8.5059,0.0,0.0,1.0,0.0,0.0,0.0,0.0616,0.0406,0.0,0.0,0.0
22.6423,0.9973387049496982,-0.05383433352340095,0.048341197453628845,0.008972222249771677,0.0406,0.0,9.5898,0.0,0.0,1.0,0.0,0.0,0.0,-0.0577,0.027,0.0,0.0,0.0
22.6624,0.9965697152143425,-0.060912249130378876,0.05517531984991355,0.009704880367250477,0.0541,0.0,12.028,0.0,0.0,1.0,0.0,0.0,0.0,0.05,0.0406,0.0,0.0,0.0
22.6825,0.9959355104926311,-0.06433258325844525,0.06225753219035561,0.009888243354829018,0.0406,0.0,8.3493,0.0,0.0,1.0,0.0,0.0,0.0,-0.0462,0.027,0.0,0.0,0.0
22.7025,0.9953972390665469,-0.06548937092379638,0.06921227831487747,0.010253744933694853,0.0676,0.0,10.8869,0.0,0.0,1.0,0.0,0.0,0.0,0.0423,0.0135,0.0,0.0,0.0
22.7226,0.9952002535882838,-0.06421043580409748,0.07318263643071307,0.009888221109671858,0.0811,0.0,8.674,0.0,0.0,1.0,0.0,0.0,0.0,-0.0346,0.0406,0.0,0.0,0.0
22.7427,0.9951065851062821,-0.061217359292461505,0.07696419448437221,0.009582899704329797,0.0406,0.0,5.7517,0.0,0.0,1.0,0.0,0.0,0.0,0.0269,0.027,0.0,0.0,0.0
22.7627,0.9951322358747776,-0.057861885888745274,0.07922521296987527,0.009338142970724772,0.0811,0.0,13.4066,0.0,0.0,1.0,0.0,0.0,0.0,-0.0192,0.0135,0.0,0.0,0.0
22.7828,0.9953013193976837,-0.05236806942049424,0.08093310728706195,0.009094012055262281,0.0811,0.0,10.4214,0.0,0.0,1.0,0.0,0.0,0.0,0.0154,0.0135,0.0,0.0,0.0
22.8029,0.9954924999630603,-0.04888946655110542,0.08075077060283012,0.009155087366797598,0.0406,0.0,8.1287,0.0,0.0,1.0,0.0,0.0,0.0,-0.0038,-0.027,0.0,0.0,0.0
22.823,0.9956592165645612,-0.044860649307753284,0.0809323673218251,0.01000992174874854,0.0406,0.0,13.5652,0.0,0.0,1.0,0.0,0.0,0.0,0.0,0.0135,0.0,0.0,0.0
22.843,0.9958563823733839,-0.04193126873454675,0.08013951360849586,0.009460060628862066,0.0406,0.0,11.6584,0.0,0.0,1.0,0.0,0.0,0.0,0.0115,0.0,0.0,0.0,0.0
22.8631,0.9959231316475983,-0.0396124825318976,0.08044497992517341,0.00982711970718364,0.027,0.0,10.6873,0.0,0.0,1.0,0.0,0.0,0.0,-0.0154,0.0,0.0,0.0,0.0
22.8832,0.9960355891366229,-0.038208099319733485,0.07965120704868328,0.010437027130445364,0.027,0.0,8.6272,0.0,0.0,1.0,0.0,0.0,0.0,0.0192,0.0,0.0,0.0,0.0
22.9032,0.996102334311534,-0.03692630895958386,0.07934666388742728,0.010986091919785224,0.027,0.0,10.1314,0.0,0.0,1.0,0.0,0.0,0.0,-0.0231,0.0,0.0,0.0,0.0
22.9233,0.9961698182194382,-0.03515652296010418,0.0792251784899105,0.011536171602792135,0.027,0.0,9.5551,0.0,0.0,1.0,0.0,0.0,0.0,0.0308,0.0,0.0,0.0,0.0
22.9434,0.9962583913372707,-0.033263378688299525,0.07885552709305058,0.012023775413303017,0.027,0.0,9.3633,0.0,0.0,1.0,0.0,0.0,0.0,-0.0346,0.0,0.0,0.0,0.0
22.9635,0.9964033894147031,-0.030701135246443252,0.0779423433561864,0.012756056193727494,0.027,0.0,9.6784,0.0,0.0,1.0,0.0,0.0,0.0,0.0385,0.0,0.0,0.0,0.0
22.9836,0.9965976149293653,-0.027588432262143355,0.07653919923444708,0.013184206573296275,0.027,0.0,9.486,0.0,0.0,1.0,0.0,0.0,0.0,-0.0423,0.0,0.0,0.0,0.0
23.0038,0.9968607599416899,-0.02331438630260051,0.07433904319629525,0.01409862888614044,0.027,0.0,8.3873,0.0,0.0,1.0,0.0,0.0,0.0,0.05,0.0,0.0,0.0,0.0
23.0238,0.9972942339328673,-0.0174556540342682,0.06976161734605013,0.015258697577274107,0.027,0.0,10.2957,0.0,0.0,1.0,0.0,0.0,0.0,-0.0539,-0.0135,0.0,0.0,0.0
23.0439,0.9976212351107229,-0.010620013148168527,0.06597908168578254,0.01690702093183466,0.027,0.0,9.9121,0.0,0.0,1.0,0.0,0.0,0.0,0.0577,-0.0135,0.0,0.0,0.0
23.064,0.9977697777619738,-0.004944137644055484,0.0637837757308144,0.01904353016904292,0.027,0.0,9.6928,0.0,0.0,1.0,0.0,0.0,0.0,-0.0577,-0.027,0.0,0.0,0.0
23.0841,0.9977814592917296,-0.00518788800074314,0.06341463096667811,0.01959157704521186,0.027,0.0,9.7811,0.0,0.0,1.0,0.0,0.0,0.0,0.0654,-0.027,0.0,0.0,0.0
23.1042,0.9977814076562781,-0.004516902252632446,0.06335262902662733,0.019957568111144186,0.027,0.0,10.5476,0.0,0.0,1.0,0.0,0.0,0.0,0.0616,-0.027,0.0,0.0,0.0
23.1243,0.9977814076562781,-0.004516902252632446,0.06335262902662733,0.019957568111144186,0.027,0.0,10.5476,0.0,0.0,1.0,0.0,0.0,0.0,0.0616,-0.027,0.0,0.0,0.0
23.1444,0.9977711005337561,-0.004944144198639425,0.06353985317418107,0.019775576765391267,0.027,0.0,10.1254,0.0,0.0,1.0,0.0,0.0,0.0,0.0616,-0.027,0.0,0.0,0.0
23.1645,0.9977894813766544,-0.005309928058053588,0.06335314165535336,0.019347737865766546,0.027,0.0,9.8474,0.0,0.0,1.0,0.0,0.0,0.0,-0.0616,-0.027,0.0,0.0,0.0
23.1846,0.9978336330493643,-0.005431834693629752,0.06268109243387207,0.019225414915265974,0.027,0.0,10.2008,0.0,0.0,1.0,0.0,0.0,0.0,0.0616,-0.027,0.0,0.0,0.0
23.2047,0.9979074395352219,-0.005065910853706886,0.06158291630767554,0.01904266490073825,0.027,0.0,10.3076,0.0,0.0,1.0,0.0,0.0,0.0,-0.0577,-0.027,0.0,0.0,0.0
23.2248,0.9979526734082447,-0.005005138793404591,0.06079268579217936,0.019226533155243974,0.027,0.0,9.3078,0.0,0.0,1.0,0.0,0.0,0.0,0.05,-0.027,0.0,0.0,0.0
23.2449,0.9979809226003459,-0.004577976708755823,0.060302693199672804,0.019408901253875514,0.027,0.0,9.4055,0.0,0.0,1.0,0.0,0.0,0.0,-0.0462,-0.027,0.0,0.0,0.0
23.2649,0.997989882878308,-0.004761018523690347,0.0601202339097381,0.019470075752205718,0.027,0.0,9.337,0.0,0.0,1.0,0.0,0.0,0.0,0.0462,-0.027,0.0,0.0,0.0
23.285,0.9979984681974969,-0.004761059480882783,0.059937748814465695,0.019592244769891853,0.027,0.0,10.2217,0.0,0.0,1.0,0.0,0.0,0.0,-0.0385,-0.027,0.0,0.0,0.0
23.3051,0.9979872102179083,-0.0045780055515584304,0.059998072757187035,0.02002002427745736,0.027,0.0,9.4333,0.0,0.0,1.0,0.0,0.0,0.0,0.0346,-0.027,0.0,0.0,0.0
23.3252,0.9979745065105557,-0.0043949493841736334,0.06005830831947289,0.02050776381584363,0.027,0.0,10.133,0.0,0.0,1.0,0.0,0.0,0.0,-0.0231,-0.027,0.0,0.0,0.0
23.3453,0.9979320121555846,-0.004211029589585573,0.06066942630505014,0.020813146247457726,0.027,0.0,9.8056,0.0,0.0,1.0,0.0,0.0,0.0,0.0192,-0.027,0.0,0.0,0.0
23.3654,0.9978478136821711,-0.004577925740418525,0.0618889960844259,0.021178656456165124,0.027,0.0,9.9877,0.0,0.0,1.0,0.0,0.0,0.0,-0.0077,-0.027,0.0,0.0,0.0
23.3855,0.9978609967362905,-0.004699985854445674,0.061645814464501535,0.02123993607413316,0.027,0.0,9.5848,0.0,0.0,1.0,0.0,0.0,0.0,0.0038,-0.027,0.0,0.0,0.0
23.4056,0.9978640805086751,-0.004822000389043835,0.06152300496373777,0.021423001728429203,0.027,0.0,10.4406,0.0,0.0,1.0,0.0,0.0,0.0,0.0038,-0.027,0.0,0.0,0.0
23.4257,0.9978689101907018,-0.005127025228435674,0.06146230243614452,0.021301104815858733,0.027,0.0,9.3118,0.0,0.0,1.0,0.0,0.0,0.0,-0.0077,-0.027,0.0,0.0,0.0
23.4458,0.9978562044255386,-0.005614956134151958,0.06158351888969074,0.02142283263792294,0.027,0.0,9.8164,0.0,0.0,1.0,0.0,0.0,0.0,0.0192,-0.027,0.0,0.0,0.0
23.4659,0.9978473798777006,-0.005492908510246107,0.06152197529143828,0.022033633008331055,0.027,0.0,9.4362,0.0,0.0,1.0,0.0,0.0,0.0,-0.0231,-0.027,0.0,0.0,0.0
23.4859,0.9978555414559065,-0.004149964821901604,0.06097348314472957,0.02343780132427225,0.027,0.0,10.8759,0.0,0.0,1.0,0.0,0.0,0.0,0.0308,-0.0406,0.0,0.0,0.0
23.506,0.9978430321869377,-0.004394907649200294,0.060728723898960904,0.024535484432486487,0.027,0.0,9.6101,0.0,0.0,1.0,0.0,0.0,0.0,-0.0346,-0.027,0.0,0.0,0.0
23.5261,0.9977733220979597,-0.003783887451549745,0.061277177363508496,0.02606122483147172,0.027,0.0,9.5192,0.0,0.0,1.0,0.0,0.0,0.0,0.0462,-0.027,0.0,0.0,0.0
23.5462,0.997668425261394,-0.003722953075430104,0.06249921225204963,0.027160657663646726,0.027,0.0,10.3826,0.0,0.0,1.0,0.0,0.0,0.0,-0.0462,-0.027,0.0,0.0,0.0
23.5663,0.9975553963007305,-0.0042719845673255714,0.06365977002714075,0.028502897032415875,0.027,0.0,10.9075,0.0,0.0,1.0,0.0,0.0,0.0,0.0577,-0.027,0.0,0.0,0.0
23.5864,0.9973665246137606,-0.005858950212018584,0.06518544606940478,0.03124973444710371,0.027,0.0,10.7894,0.0,0.0,1.0,0.0,0.0,0.0,-0.0577,-0.0135,0.0,0.0,0.0
23.6064,0.99713620923913,-0.00799604177292261,0.06701735011205025,0.03411917824541605,0.027,0.0,9.6299,0.0,0.0,1.0,0.0,0.0,0.0,0.0577,-0.0135,0.0,0.0,0.0
23.6265,0.9969249019786811,-0.011840725659040966,0.06762543316814144,0.03778012466212539,0.027,0.0,8.892,0.0,0.0,1.0,0.0,0.0,0.0,-0.0616,-0.0135,0.0,0.0,0.0
23.6466,0.996956022704385,-0.013000104614440282,0.06573552898694088,0.039856320731779415,0.027,0.0,9.3197,0.0,0.0,1.0,0.0,0.0,0.0,0.0654,-0.0135,0.0,0.0,0.0
23.6667,0.9970188143949308,-0.012573123766573296,0.0635386254577693,0.04193141276196488,0.027,0.0,8.855,0.0,0.0,1.0,0.0,0.0,0.0,-0.0654,-0.0135,0.0,0.0,0.0
23.6868,0.9970742915042302,-0.010132043609296103,0.06189026638169518,0.04370118809414231,0.027,0.0,10.915,0.0,0.0,1.0,0.0,0.0,0.0,0.0616,-0.0135,0.0,0.0,0.0
23.7069,0.9970893700445866,-0.008240160078196512,0.06073117979962064,0.045349880993462766,0.027,0.0,10.6546,0.0,0.0,1.0,0.0,0.0,0.0,-0.0616,-0.0135,0.0,0.0,0.0
23.727,0.9970600159207214,-0.007934920543523466,0.05999739921491115,0.04699652939936617,0.027,0.0,9.8966,0.0,0.0,1.0,0.0,0.0,0.0,0.0577,-0.0135,0.0,0.0,0.0
23.7471,0.9970205098137751,-0.008240095125385543,0.05914368276707241,0.04882856368717526,0.027,0.0,9.7852,0.0,0.0,1.0,0.0,0.0,0.0,-0.0577,-0.0135,0.0,0.0,0.0
23.7671,0.9969354181517702,-0.008971886770079977,0.05786026977302685,0.05187934525543336,0.027,0.0,10.3309,0.0,0.0,1.0,0.0,0.0,0.0,0.0577,-0.0135,0.0,0.0,0.0
23.7872,0.9967874338218492,-0.010010225291374311,0.058168309143193736,0.054139218463978234,0.027,0.0,10.9161,0.0,0.0,1.0,0.0,0.0,0.0,-0.0539,-0.0135,0.0,0.0,0.0
23.8073,0.996548406694765,-0.011414313912114303,0.06012165344281682,0.05609254263574576,0.027,0.0,11.1347,0.0,0.0,1.0,0.0,0.0,0.0,0.0462,-0.0135,0.0,0.0,0.0
23.8274,0.996548406694765,-0.011414313912114303,0.06012165344281682,0.05609254263574576,0.027,0.0,11.1347,0.0,0.0,1.0,0.0,0.0,0.0,-0.0346,-0.0135,0.0,0.0,0.0
23.8475,0.9960490342744123,-0.015442248587411752,0.06469804150108648,0.058838947182109365,0.027,0.0,9.919,0.0,0.0,1.0,0.0,0.0,0.0,0.0269,-0.0135,0.0,0.0,0.0
23.8676,0.9955584535379245,-0.018860273813839736,0.06915400397923958,0.06103588612023897,0.027,0.0,9.8079,0.0,0.0,1.0,0.0,0.0,0.0,-0.0154,-0.0135,0.0,0.0,0.0
23.8877,0.9948880940338493,-0.021301323174932926,0.0754401445469116,0.06366096583804644,0.027,0.0,8.9159,0.0,0.0,1.0,0.0,0.0,0.0,0.0115,-0.0135,0.0,0.0,0.0
23.9078,0.9938668181943541,-0.023803301090152718,0.08501950366690317,0.06658704487868335,0.027,0.0,8.5144,0.0,0.0,1.0,0.0,0.0,0.0,-0.0038,-0.0135,0.0,0.0,0.0
23.9279,0.9925717071806185,-0.02581846059356894,0.09692572912584531,0.06884922824951717,0.0135,0.0,8.9672,0.0,0.0,1.0,0.0,0.0,0.0,0.0,0.0135,0.0,0.0,0.0
23.948,0.9915826195511213,-0.025391143898076042,0.10571359910587648,0.07031239847826082,0.0,0.0,9.8177,0.0,0.0,1.0,0.0,0.0,0.0,0.0115,0.0135,0.0,0.0,0.0
23.9681,0.9904116336176635,-0.024840865403861614,0.1150503766184807,0.07232660811018465,0.0,0.0,9.0391,0.0,0.0,1.0,0.0,0.0,0.0,-0.0154,0.0135,0.0,0.0,0.0
23.9881,0.9894871718715605,-0.024413634145329967,0.12188517346898631,0.07391289236577037,0.0135,0.0,9.6776,0.0,0.0,1.0,0.0,0.0,0.0,0.0231,-0.0135,0.0,0.0,0.0
24.0083,0.9885030399915374,-0.023192484769250905,0.12914713094247193,0.07513233090384586,0.0135,0.0,10.9473,0.0,0.0,1.0,0.0,0.0,0.0,-0.0269,-0.0135,0.0,0.0,0.0
24.0283,0.9873199332647227,-0.02325435172326472,0.13745307898488243,0.07592914843227161,0.0135,0.0,10.706,0.0,0.0,1.0,0.0,0.0,0.0,0.0385,-0.0135,0.0,0.0,0.0
24.0484,0.985991499575948,-0.02520719468137205,0.145686345617414,0.07720653340820582,0.0135,0.0,9.6087,0.0,0.0,1.0,0.0,0.0,0.0,-0.0423,-0.0135,0.0,0.0,0.0
24.0685,0.984549088811207,-0.02856374146856086,0.15368560898609118,0.07891728571684231,0.027,0.0,9.3884,0.0,0.0,1.0,0.0,0.0,0.0,0.0462,-0.0135,0.0,0.0,0.0
24.0886,0.984549088811207,-0.02856374146856086,0.15368560898609118,0.07891728571684231,0.027,0.0,9.3884,0.0,0.0,1.0,0.0,0.0,0.0,-0.05,-0.0135,0.0,0.0,0.0
24.1087,0.9830210658221424,-0.033568626614986614,0.16125320637491922,0.08087110046790787,0.0406,0.0,9.8121,0.0,0.0,1.0,0.0,0.0,0.0,0.0577,-0.0135,0.0,0.0,0.0
24.1288,0.9823002837173407,-0.03619401045389948,0.16455104752720365,0.08184802364012721,0.0406,0.0,10.7969,0.0,0.0,1.0,0.0,0.0,0.0,-0.0616,-0.0135,0.0,0.0,0.0
24.1489,0.9813325732015835,-0.03778136856889023,0.1694966534920739,0.08264280620603538,0.0406,0.0,11.3174,0.0,0.0,1.0,0.0,0.0,0.0,0.0616,-0.0135,0.0,0.0,0.0
24.169,0.980002539640431,-0.036987850704790576,0.17676206545211468,0.08355892181956315,0.0406,0.0,11.1557,0.0,0.0,1.0,0.0,0.0,0.0,-0.0577,-0.0135,0.0,0.0,0.0
24.1891,0.9786636402511263,-0.03613394668221955,0.18378181494529258,0.08447521318703478,0.0406,0.0,10.0365,0.0,0.0,1.0,0.0,0.0,0.0,0.0654,-0.0135,0.0,0.0,0.0
24.2092,0.9775892996530096,-0.03625460316992625,0.1891459296754986,0.08502106938942128,0.0406,0.0,10.611,0.0,0.0,1.0,0.0,0.0,0.0,-0.0654,-0.0135,0.0,0.0,0.0
24.2293,0.976610899326311,-0.03826848665025498,0.19323440787152302,0.08618084393353037,0.027,0.0,11.1519,0.0,0.0,1.0,0.0,0.0,0.0,0.0616,-0.0135,0.0,0.0,0.0
24.2493,0.9749208731579506,-0.04315225995959844,0.19958620235531255,0.08850153315453324,0.027,0.0,9.9547,0.0,0.0,1.0,0.0,0.0,0.0,-0.0577,0.0,0.0,0.0,0.0
24.2694,0.9724600416502802,-0.04992633471517828,0.2084932217592846,0.09142978166810467,0.0406,-0.0038,10.0766,0.0,0.0,1.0,0.0,0.0,0.0,0.0616,0.0,0.0,0.0,0.0
24.2895,0.9706759203191875,-0.05334351183567694,0.21502100139638378,0.0933203965702667,0.0135,-0.0038,8.2317,0.0,0.0,1.0,0.0,0.0,0.0,-0.0577,0.0,0.0,0.0,0.0
24.3096,0.9698457357161734,-0.05230682394692977,0.21893226312296965,0.09344468548608886,0.0135,-0.0038,10.0949,0.0,0.0,1.0,0.0,0.0,0.0,0.0539,0.0,0.0,0.0,0.0
24.3297,0.9691237162024688,-0.05127040821707682,0.22198676746767676,0.09429975081845371,0.0135,-0.0038,9.0952,0.0,0.0,1.0,0.0,0.0,0.0,-0.0462,-0.0135,0.0,0.0,0.0
24.3498,0.9678475678734905,-0.05090371359909272,0.22674917870734285,0.09625334933775748,0.0,-0.0038,10.0163,0.0,0.0,1.0,0.0,0.0,0.0,0.0423,-0.0135,0.0,0.0,0.0
24.3699,0.9660584940677055,-0.052245702232006766,0.2332746704795314,0.09789944203409756,0.0,-0.0038,9.6788,0.0,0.0,1.0,0.0,0.0,0.0,-0.0346,-0.0135,0.0,0.0,0.0
24.39,0.9643509749429219,-0.053466776837651345,0.23944000061316442,0.09918158603085886,0.0,-0.0038,10.0293,0.0,0.0,1.0,0.0,0.0,0.0,0.0308,-0.0135,0.0,0.0,0.0
24.4101,0.9631368056992442,-0.053955101155604104,0.2438964572597018,0.09985418720770434,0.0,-0.0038,10.0039,0.0,0.0,1.0,0.0,0.0,0.0,-0.0192,-0.0135,0.0,0.0,0.0
24.4302,0.9620078606479457,-0.05627235399725429,0.24755175895095902,0.10046106144898453,0.0,-0.0038,10.1917,0.0,0.0,1.0,0.0,0.0,0.0,0.0154,0.0,0.0,0.0,0.0
24.4503,0.960425056987252,-0.06036249518712446,0.252068716027672,0.10198745749345345,0.0,-0.0038,9.7349,0.0,0.0,1.0,0.0,0.0,0.0,-0.0077,0.0135,0.0,0.0,0.0
24.4704,0.9587819407593061,-0.06347573819132281,0.25701389092420224,0.10320794837069208,0.0,-0.0038,9.7378,0.0,0.0,1.0,0.0,0.0,0.0,0.0038,0.027,0.0,0.0,0.0
24.4904,0.9574733639519886,-0.06506404404037384,0.2614791957864953,0.10315065519143785,0.0,-0.0038,10.5607,0.0,0.0,1.0,0.0,0.0,0.0,0.0038,0.027,0.0,0.0,0.0
24.5106,0.9565043290244224,-0.0653705260360336,0.26502118676191216,0.10290740231207504,0.0,-0.0038,10.3698,0.0,0.0,1.0,0.0,0.0,0.0,-0.0077,0.027,0.0,0.0,0.0
24.5306,0.9554205465378234,-0.06500040438377513,0.2688534002434043,0.1032684649874902,0.0,-0.0038,10.3199,0.0,0.0,1.0,0.0,0.0,0.0,0.0192,0.027,0.0,0.0,0.0
24.5507,0.9543159054768442,-0.0645729636800146,0.2727573985465407,0.10351273570732317,0.0,-0.0038,10.2532,0.0,0.0,1.0,0.0,0.0,0.0,-0.0231,0.027,0.0,0.0,0.0
24.5708,0.9530401097634842,-0.06432938742958996,0.27739804635254217,0.10308541591676745,0.0,-0.0038,10.2957,0.0,0.0,1.0,0.0,0.0,0.0,0.0308,0.027,0.0,0.0,0.0
24.5909,0.9502541506433035,-0.06439187468242627,0.28680344183157175,0.10302679949227123,0.0,-0.0038,10.7434,0.0,0.0,1.0,0.0,0.0,0.0,-0.0346,0.027,0.0,0.0,0.0
24.611,0.9477627179525278,-0.06561360354376694,0.29461971004608783,0.1031499488201424,0.0,-0.0038,10.6468,0.0,0.0,1.0,0.0,0.0,0.0,0.0462,0.027,0.0,0.0,0.0
24.6311,0.9457028940736991,-0.06750670562045377,0.300788599707069,0.10302960313989308,0.0,-0.0038,10.1916,0.0,0.0,1.0,0.0,0.0,0.0,-0.05,0.027,0.0,0.0,0.0
24.6512,0.9439574777810349,-0.069213081842788,0.3059039419823097,0.10284263572455982,0.0,-0.0038,9.9239,0.0,0.0,1.0,0.0,0.0,0.0,0.0539,0.027,0.0,0.0,0.0
24.6713,0.9419347478087434,-0.07006641914215002,0.31212695770559806,0.1021096961729065,0.0,-0.0038,10.546,0.0,0.0,1.0,0.0,0.0,0.0,-0.0539,0.027,0.0,0.0,0.0
24.6914,0.9388937799212642,-0.07202021604307728,0.3209195067159922,0.1014998951498643,0.0,-0.0038,10.7864,0.0,0.0,1.0,0.0,0.0,0.0,0.0616,0.027,0.0,0.0,0.0
24.7115,0.9350733208781976,-0.07580716100534052,0.3310600702665091,0.10144155360237628,0.0,-0.0038,10.6823,0.0,0.0,1.0,0.0,0.0,0.0,-0.0616,0.027,0.0,0.0,0.0
24.7316,0.9311265117649983,-0.07989804719137503,0.3408329988580565,0.10223789919973758,0.0,-0.0038,11.1485,0.0,0.0,1.0,0.0,0.0,0.0,0.0616,0.027,0.0,0.0,0.0
24.7516,0.9280023780756557,-0.08093503890152373,0.3488857890705507,0.10266358628333705,0.0,-0.0038,10.4332,0.0,0.0,1.0,0.0,0.0,0.0,-0.0616,0.027,0.0,0.0,0.0
24.7717,0.9250010676388121,-0.08001813042899461,0.35693904253524544,0.10278445205248066,0.0,-0.0038,10.8229,0.0,0.0,1.0,0.0,0.0,0.0,0.0654,0.027,0.0,0.0,0.0
24.7918,0.9216918818732109,-0.08001698974478329,0.36541695316707007,0.10272198683484286,0.0,-0.0038,9.0131,0.0,0.0,1.0,0.0,0.0,0.0,-0.0654,0.027,0.0,0.0,0.0
24.8119,0.9177217333670444,-0.08019971452890245,0.3754866634542207,0.10180663761900205,0.0,-0.0038,9.1252,0.0,0.0,1.0,0.0,0.0,0.0,0.0616,0.027,0.0,0.0,0.0
24.832,0.9136825014088014,-0.07964982326694267,0.38561430299931476,0.10070651217897159,0.0,-0.0038,8.9055,0.0,0.0,1.0,0.0,0.0,0.0,-0.0577,0.027,0.0,0.0,0.0
24.8521,0.9098394810337909,-0.07788001400492252,0.39531999507576876,0.09924174355607293,0.0,-0.0038,9.9815,0.0,0.0,1.0,0.0,0.0,0.0,0.0539,0.027,0.0,0.0,0.0
24.8722,0.9064979007608692,-0.0753783243612786,0.4039327381673113,0.0970464176014836,0.0,-0.0038,9.2061,0.0,0.0,1.0,0.0,0.0,0.0,-0.05,0.027,0.0,0.0,0.0
24.8923,0.9030970896205461,-0.0741597318188951,0.4120576225965109,0.0955222306877323,0.0,0.0,8.1118,0.0,0.0,1.0,0.0,0.0,0.0,0.0462,0.027,0.0,0.0,0.0
24.9124,0.8998317922222521,-0.07293625365960701,0.4199177030759351,0.09301704817732181,0.0,0.0,8.6045,0.0,0.0,1.0,0.0,0.0,0.0,-0.0385,0.027,0.0,0.0,0.0
24.9325,0.8965642106737735,-0.07293856285397052,0.4274381587138183,0.09027293427740068,0.0,0.0,8.9221,0.0,0.0,1.0,0.0,0.0,0.0,0.0346,0.027,0.0,0.0,0.0
24.9525,0.8939742976230449,-0.07305837053770889,0.43322426739088327,0.08825623959466417,0.0,0.0,10.1754,0.0,0.0,1.0,0.0,0.0,0.0,-0.0231,0.027,0.0,0.0,0.0
24.9726,0.8914935329380194,-0.07257218305629756,0.4386671510586246,0.08685441588222026,0.0,0.0,10.8906,0.0,0.0,1.0,0.0,0.0,0.0,0.0192,0.027,0.0,0.0,0.0
24.9927,0.8892662630854212,-0.0717147308991233,0.4437181477347361,0.08471550083079123,0.0,0.0,9.4878,0.0,0.0,1.0,0.0,0.0,0.0,-0.0115,0.027,0.0,0.0,0.0
25.0128,0.8887240163258077,-0.0714102781486029,0.4451854998386313,0.08294616153802858,0.0,0.0,10.2385,0.0,0.0,1.0,0.0,0.0,0.0,0.0077,0.027,0.0,0.0,0.0
25.0329,0.8887240163258077,-0.0714102781486029,0.4451854998386313,0.08294616153802858,0.0,0.0,10.2385,0.0,0.0,1.0,0.0,0.0,0.0,0.0038,0.027,0.0,0.0,0.0
25.053,0.8883672297393466,-0.07092301834129783,0.4462891154141736,0.08123802100884536,0.0,0.0,9.7343,0.0,0.0,1.0,0.0,0.0,0.0,-0.0077,0.027,0.0,0.0,0.0
25.0731,0.8875358667416932,-0.07098590888325165,0.4481930523667948,0.07977514523475182,0.0,0.0,10.0605,0.0,0.0,1.0,0.0,0.0,0.0,0.0154,0.027,0.0,0.0,0.0
25.0932,0.886109740274275,-0.07220514180721094,0.45111188596070506,0.07806415331401018,0.0,0.0,9.4917,0.0,0.0,1.0,0.0,0.0,0.0,-0.0192,0.027,0.0,0.0,0.0
25.1133,0.8839797290195,-0.07354764305905305,0.4553259811132216,0.0764776686775422,0.0,0.0,9.8545,0.0,0.0,1.0,0.0,0.0,0.0,0.0308,0.027,0.0,0.0,0.0
25.1334,0.8819647616700614,-0.07342556292433916,0.4595375230898636,0.07464657228532812,0.0,0.0,9.4121,0.0,0.0,1.0,0.0,0.0,0.0,-0.0346,0.027,0.0,0.0,0.0
25.1535,0.8798639612036697,-0.07214243895731318,0.4640399589451813,0.07281342443830047,0.0,0.0,9.3181,0.0,0.0,1.0,0.0,0.0,0.0,0.0385,0.027,0.0,0.0,0.0
25.1736,0.8780097914342531,-0.07061951142039513,0.4680890181844163,0.07074151403153228,0.0,0.0,9.1918,0.0,0.0,1.0,0.0,0.0,0.0,-0.0423,0.027,0.0,0.0,0.0
25.1937,0.8759660894521734,-0.06994512880226504,0.47234511673117396,0.06841914780903806,0.0,0.0,9.6925,0.0,0.0,1.0,0.0,0.0,0.0,0.05,0.027,0.0,0.0,0.0
25.2138,0.873711238543077,-0.07012845729146876,0.47680331012524513,0.0661004884630234,0.0,0.0,9.2883,0.0,0.0,1.0,0.0,0.0,0.0,-0.0539,0.027,0.0,0.0,0.0
25.2339,0.8707347385699455,-0.07086254840150258,0.4824867339392359,0.06329348982495975,0.0,0.0,9.4777,0.0,0.0,1.0,0.0,0.0,0.0,0.0577,0.027,0.0,0.0,0.0
25.2539,0.8671170848348502,-0.07086127144794091,0.48931396917438075,0.06048537812650151,0.0,0.0,9.77,0.0,0.0,1.0,0.0,0.0,0.0,-0.0577,0.0135,0.0,0.0,0.0
25.274,0.8623008174204599,-0.0700066604335522,0.498227583353217,0.0574947211225602,0.0,0.0,10.4259,0.0,0.0,1.0,0.0,0.0,0.0,0.0616,0.0135,0.0,0.0,0.0
25.2941,0.8562282918037267,-0.07031424122758993,0.5088662198296037,0.05462774122906933,0.0,0.0,9.7645,0.0,0.0,1.0,0.0,0.0,0.0,-0.0654,0.0135,0.0,0.0,0.0
25.3142,0.8410776433951207,-0.07470821186630193,0.5334556533583615,0.049316799983917754,0.0,0.0,9.259,0.0,0.0,1.0,0.0,0.0,0.0,0.0616,0.0135,0.0,0.0,0.0
25.3343,0.8326350405581735,-0.07727035414856645,0.5463824331530942,0.04705760667680292,0.0,0.0,9.5154,0.0,0.0,1.0,0.0,0.0,0.0,-0.0616,0.0135,0.0,0.0,0.0
25.3544,0.8245038896348396,-0.07940506324162028,0.5584583787156565,0.044859905827978996,0.0,0.0,9.3803,0.0,0.0,1.0,0.0,0.0,0.0,0.0616,0.0135,0.0,0.0,0.0
25.3745,0.8164796194624127,-0.08123925562929987,0.5700768110746651,0.04211465092164168,0.0,0.0,9.2742,0.0,0.0,1.0,0.0,0.0,0.0,-0.0577,0.0135,0.0,0.0,0.0
25.3945,0.8085294101766018,-0.08264163307597189,0.5812964190778218,0.03930682547998876,0.0,0.0,9.1719,0.0,0.0,1.0,0.0,0.0,0.0,0.0577,0.0135,0.0,0.0,0.0
25.4147,0.8007696990383935,-0.08386081650383542,0.5919106465876522,0.03710847630202985,0.0,0.0,9.014,0.0,0.0,1.0,0.0,0.0,0.0,-0.05,0.0135,0.0,0.0,0.0
25.4347,0.8007696990383935,-0.08386081650383542,0.5919106465876522,0.03710847630202985,0.0,0.0,9.014,0.0,0.0,1.0,0.0,0.0,0.0,0.05,0.0135,0.0,0.0,0.0
25.4548,0.7887745007974936,-0.08593990677678304,0.6076184814297192,0.035339784095333115,0.0,0.0,9.2254,0.0,0.0,1.0,0.0,0.0,0.0,-0.0423,0.0135,0.0,0.0,0.0
25.4749,0.780893844739218,-0.08642708958748258,0.6176837871478238,0.03466843706545303,0.0,0.0,9.3728,0.0,0.0,1.0,0.0,0.0,0.0,0.0385,0.0,0.0,0.0,0.0
25.495,0.7733840758138105,-0.08728091140277106,0.6269595468228855,0.034363358828293,0.0,0.0,9.838,0.0,0.0,1.0,0.0,0.0,0.0,-0.0308,0.0,0.0,0.0,0.0
25.5151,0.7664154357526012,-0.08868370328500086,0.6352518745953031,0.034606884213432165,0.0,0.0,9.4471,0.0,0.0,1.0,0.0,0.0,0.0,0.0231,0.0,0.0,0.0,0.0
25.5352,0.7601206793960882,-0.08941566831755549,0.6426294292128507,0.03533847369822385,0.0,0.0,9.3089,0.0,0.0,1.0,0.0,0.0,0.0,-0.0154,0.0,0.0,0.0,0.0
25.5553,0.753810359895282,-0.08929712261933043,0.6499857292654356,0.03625626784065927,0.0,0.0,9.3817,0.0,0.0,1.0,0.0,0.0,0.0,0.0115,0.0,0.0,0.0,0.0
25.5754,0.7480427885294598,-0.08941649658636265,0.6565513036252528,0.03710879107802024,0.0,0.0,9.8244,0.0,0.0,1.0,0.0,0.0,0.0,-0.0038,0.0,0.0,0.0,0.0
25.5955,0.7426178916089481,-0.08984434983634104,0.6625395797996508,0.03857415020020283,0.0,0.0,9.9225,0.0,0.0,1.0,0.0,0.0,0.0,0.0,0.0,0.0,0.0,0.0
25.6156,0.7379049587281116,-0.09057476747560017,0.6675329163376282,0.041137440209450926,0.0,0.0,9.9607,0.0,0.0,1.0,0.0,0.0,0.0,0.0115,0.0,0.0,0.0,0.0
25.6357,0.7345687740161155,-0.09161534373420815,0.6708468393981808,0.044495652623546544,0.0,0.0,10.1643,0.0,0.0,1.0,0.0,0.0,0.0,-0.0154,0.0,0.0,0.0,0.0
25.6558,0.731502035731286,-0.09307849557465349,0.673702348968268,0.04864473637693801,0.0,0.0,10.144,0.0,0.0,1.0,0.0,0.0,0.0,0.0231,0.0,0.0,0.0,0.0
25.6759,0.7284497088114827,-0.09521430839857703,0.676326087418137,0.05364961030912829,0.0,0.0,9.8644,0.0,0.0,1.0,0.0,0.0,0.0,-0.0269,0.0,0.0,0.0,0.0
25.6959,0.7244950262821891,-0.09802308594389249,0.6796955299731929,0.05926565657163469,0.0,0.0,9.715,0.0,0.0,1.0,0.0,0.0,0.0,0.0385,0.0,0.0,0.0,0.0
25.716,0.7202140793156404,-0.10034187172815073,0.683349126441886,0.06524691659172277,0.0,0.0,9.6867,0.0,0.0,1.0,0.0,0.0,0.0,-0.0423,0.0,0.0,0.0,0.0
25.7361,0.7155234385918907,-0.10266221075628346,0.6873861067516637,0.07061883284974063,0.0,0.0,9.8606,0.0,0.0,1.0,0.0,0.0,0.0,0.0462,0.0,0.0,0.0,0.0
25.7562,0.7109424979536815,-0.10577466920962554,0.691044372063263,0.0763554830818627,0.0,0.0,9.73,0.0,0.0,1.0,0.0,0.0,0.0,-0.0462,0.0,0.0,0.0,0.0
25.7763,0.7064316718235073,-0.10925465047292438,0.6943464892567559,0.08307025491414743,0.0,0.0,9.8932,0.0,0.0,1.0,0.0,0.0,0.0,0.0577,0.0,0.0,0.0,0.0
25.7964,0.7026804350191176,-0.11279018057132852,0.6966375860728838,0.09063473439347737,0.0,0.0,9.7691,0.0,0.0,1.0,0.0,0.0,0.0,-0.0577,0.0,0.0,0.0,0.0
25.8165,0.6992240289649094,-0.11608983494228203,0.6986130245704385,0.09771770280607939,0.0,0.0,9.6152,0.0,0.0,1.0,0.0,0.0,0.0,0.0577,0.0,0.0,0.0,0.0
25.8366,0.6965779112206016,-0.11932124405103561,0.6998128365039067,0.1039405992960073,-0.0135,0.0,9.6263,0.0,0.0,1.0,0.0,0.0,0.0,-0.0577,0.0,0.0,0.0,0.0
25.8567,0.694205430849776,-0.12212949245494048,0.7009803472213951,0.10858065969935837,-0.0135,0.0,9.9916,0.0,0.0,1.0,0.0,0.0,0.0,0.0616,0.0,0.0,0.0,0.0
25.8768,0.6928130483280011,-0.12323054220559704,0.7017240875359381,0.11138949010581217,-0.0135,0.0,9.8165,0.0,0.0,1.0,0.0,0.0,0.0,-0.0654,0.0,0.0,0.0,0.0
25.8969,0.6910941129124373,-0.1235337689261598,0.7028739955202015,0.11443985955137126,-0.0135,0.0,10.0646,0.0,0.0,1.0,0.0,0.0,0.0,0.0616,0.0,0.0,0.0,0.0
25.917,0.6900700712646437,-0.12347526527191094,0.703498208865039,0.11682219709679686,-0.0135,0.0,9.7594,0.0,0.0,1.0,0.0,0.0,0.0,-0.0577,0.0,0.0,0.0,0.0
25.9371,0.6889188397809629,-0.12414867424698872,0.703994164513724,0.11987558220167599,-0.0135,0.0,9.7346,0.0,0.0,1.0,0.0,0.0,0.0,0.0577,0.0,0.0,0.0,0.0
25.9572,0.6885248180152501,-0.12524160221730984,0.7036605282381847,0.12292264661431124,-0.0135,0.0,9.8867,0.0,0.0,1.0,0.0,0.0,0.0,-0.0539,0.0,0.0,0.0,0.0
25.9773,0.6882972411144817,-0.12713678338488232,0.7030683321302293,0.1256107739819961,-0.0135,0.0,9.9075,0.0,0.0,1.0,0.0,0.0,0.0,0.05,0.0,0.0,0.0,0.0
25.9973,0.6881825906786957,-0.12927417729345822,0.7022828281611958,0.12842016290976618,-0.0135,0.0,9.6928,0.0,0.0,1.0,0.0,0.0,0.0,-0.0462,0.0,0.0,0.0,0.0
26.0175,0.6876805184804439,-0.13226252272599298,0.701596468264245,0.13177452448695187,-0.0135,0.0,9.8663,0.0,0.0,1.0,0.0,0.0,0.0,0.0423,0.0,0.0,0.0,0.0
26.0376,0.6874438622323576,-0.1349499544896267,0.7006889559137861,0.13507195535252836,-0.0135,0.0,9.6255,0.0,0.0,1.0,0.0,0.0,0.0,-0.0346,0.0,0.0,0.0,0.0
26.0576,0.687246301620446,-0.13653407323915584,0.7001851190286126,0.13708306549180932,-0.0135,0.0,9.5873,0.0,0.0,1.0,0.0,0.0,0.0,0.0269,0.0,0.0,0.0,0.0
26.0777,0.6874345352182779,-0.1373891076788476,0.6995804563323857,0.1383661013334237,-0.0135,0.0,9.3535,0.0,0.0,1.0,0.0,0.0,0.0,-0.0192,0.0,0.0,0.0,0.0
26.0978,0.6870235746196558,-0.13836933117528954,0.6995357854189448,0.13965035275728177,-0.0135,0.0,9.4172,0.0,0.0,1.0,0.0,0.0,0.0,0.0077,0.0,0.0,0.0,0.0
26.1179,0.686783107023389,-0.1395290691915544,0.6991733795696049,0.14148211215222906,-0.0135,0.0,9.3581,0.0,0.0,1.0,0.0,0.0,0.0,0.0038,0.0,0.0,0.0,0.0
26.138,0.6867067780749463,-0.1410519544158242,0.6986077742288663,0.14312695374524043,-0.0135,0.0,9.3911,0.0,0.0,1.0,0.0,0.0,0.0,-0.0077,0.0,0.0,0.0,0.0
26.1581,0.6871241024859414,-0.1426369454203871,0.6975609521508478,0.1446509164106257,-0.0135,0.0,9.3596,0.0,0.0,1.0,0.0,0.0,0.0,0.0192,0.0,0.0,0.0,0.0
26.1786,0.6869356759088865,-0.14440577861059445,0.6971284485295527,0.14587074593025257,-0.0135,0.0,9.3397,0.0,0.0,1.0,0.0,0.0,0.0,-0.0269,0.0,0.0,0.0,0.0
26.1987,0.6862595010536178,-0.14593085361239355,0.6972461888847712,0.14696882412015133,-0.0135,0.0,9.0939,0.0,0.0,1.0,0.0,0.0,0.0,0.0385,0.0,0.0,0.0,0.0
26.2188,0.6849582318947879,-0.14709955969755462,0.6980196367638166,0.14819759373370733,-0.0135,0.0,9.3685,0.0,0.0,1.0,0.0,0.0,0.0,-0.0423,0.0,0.0,0.0,0.0
26.2389,0.6837812464950747,-0.14813291995169256,0.698734339358451,0.149231926776868,-0.0135,0.0,9.3856,0.0,0.0,1.0,0.0,0.0,0.0,0.0539,0.0,0.0,0.0,0.0
26.2592,0.6829408988390244,-0.149845146624268,0.6989943430816508,0.15015015506468404,-0.0135,0.0,9.5792,0.0,0.0,1.0,0.0,0.0,0.0,-0.0577,0.0,0.0,0.0,0.0
26.2794,0.6824394342540943,-0.15155120679979023,0.6989195654851108,0.1510632029138232,-0.0135,0.0,9.3409,0.0,0.0,1.0,0.0,0.0,0.0,0.0616,0.0,0.0,0.0,0.0
26.2995,0.6821735455592527,-0.15331630191756657,0.6985301510279824,0.15227932693003365,-0.0135,0.0,9.6547,0.0,0.0,1.0,0.0,0.0,0.0,-0.0616,0.0,0.0,0.0,0.0
26.3196,0.681819503344976,-0.15545597475521547,0.6980543962745379,0.15386898522154033,-0.0135,0.0,9.7345,0.0,0.0,1.0,0.0,0.0,0.0,0.0654,0.0,0.0,0.0,0.0
26.3397,0.6815635191846915,-0.15801617902750228,0.6973101384173587,0.15575823362664096,-0.0135,0.0,9.7576,0.0,0.0,1.0,0.0,0.0,0.0,-0.0654,0.0,0.0,0.0,0.0
26.3598,0.6812631756214289,-0.16076444566375692,0.6965219331797788,0.15777349318606987,-0.0135,0.0,9.6216,0.0,0.0,1.0,0.0,0.0,0.0,0.0654,0.0,0.0,0.0,0.0
26.3799,0.6817620846276384,-0.16387877996707478,0.694762067173126,0.16015578496577854,-0.0135,0.0,9.2671,0.0,0.0,1.0,0.0,0.0,0.0,-0.0616,0.0,0.0,0.0,0.0
26.4035,0.6836540238897364,-0.16601576296535314,0.6918940121248132,0.16229176828241304,-0.0135,0.0,9.4777,0.0,0.0,1.0,0.0,0.0,0.0,0.0577,0.0,0.0,0.0,0.0
26.4236,0.6851028807027908,-0.16570585935494453,0.6905347449717911,0.16228794476152691,-0.0135,0.0,9.4494,0.0,0.0,1.0,0.0,0.0,0.0,-0.0462,-0.0135,0.0,0.0,0.0
26.4436,0.6855988822447567,-0.16698977920884306,0.6894438311109179,0.16351082547532542,-0.0135,0.0,9.0082,0.0,0.0,1.0,0.0,0.0,0.0,0.0462,-0.0135,0.0,0.0,0.0
26.4637,0.6858541588651619,-0.16925053275040203,0.6881121659726975,0.16571052160749833,-0.0135,0.0,9.081,0.0,0.0,1.0,0.0,0.0,0.0,-0.0346,-0.0135,0.0,0.0,0.0
26.4838,0.6867147149954271,-0.16967990629335972,0.6868367163660692,0.16699387611676647,-0.0135,0.0,8.9032,0.0,0.0,1.0,0.0,0.0,0.0,0.0269,-0.0135,0.0,0.0,0.0
26.5038,0.6873834916891564,-0.1688243487825309,0.6864674843709309,0.16662733122997442,-0.0135,0.0,10.4111,0.0,0.0,1.0,0.0,0.0,0.0,-0.0154,-0.0135,0.0,0.0,0.0
26.5239,0.6870665396818002,-0.16686843097706072,0.6879815310783604,0.16363346139468637,-0.027,0.0,9.75,0.0,0.0,1.0,0.0,0.0,0.0,0.0115,-0.0135,0.0,0.0,0.0
26.544,0.6851237100049486,-0.16784790891114074,0.6906777400805084,0.1593638629692881,-0.027,0.0,9.4613,0.0,0.0,1.0,0.0,0.0,0.0,0.0,-0.0135,0.0,0.0,0.0
26.564,0.6818187850730566,-0.16943270408502542,0.6942086903082128,0.1564928030565409,-0.027,0.0,8.8845,0.0,0.0,1.0,0.0,0.0,0.0,-0.0077,-0.0135,0.0,0.0,0.0
26.5841,0.6798193952478236,-0.16992434839043377,0.6962376221511918,0.15564215100744508,-0.027,0.0,9.0876,0.0,0.0,1.0,0.0,0.0,0.0,0.0192,-0.0135,0.0,0.0,0.0
26.6041,0.6800009204088676,-0.1690079685447073,0.6962971102210906,0.1555808121499651,-0.0135,0.0,8.9334,0.0,0.0,1.0,0.0,0.0,0.0,-0.0269,-0.0135,0.0,0.0,0.0
26.6242,0.6815233312274299,-0.16876307252564296,0.6942184119073996,0.15844800697118147,-0.0135,0.0,9.5786,0.0,0.0,1.0,0.0,0.0,0.0,0.0385,-0.0135,0.0,0.0,0.0
26.6443,0.6837012777078123,-0.16936935293192693,0.6913911121208919,0.16076353824285503,-0.0135,0.0,10.1976,0.0,0.0,1.0,0.0,0.0,0.0,-0.0462,-0.0135,0.0,0.0,0.0
26.6644,0.6864132993216904,-0.17090106224710966,0.6880613288514872,0.1618679003887019,-0.0135,0.0,9.5388,0.0,0.0,1.0,0.0,0.0,0.0,0.0539,-0.0135,0.0,0.0,0.0
26.6844,0.6876289175359783,-0.17205973091815768,0.6862249034116186,0.16327064250006784,-0.0135,0.0,9.8862,0.0,0.0,1.0,0.0,0.0,0.0,-0.0539,-0.0135,0.0,0.0,0.0
26.7045,0.6880974790524955,-0.17126188363768252,0.6858395201393848,0.16375402025431912,-0.0135,0.0,9.4999,0.0,0.0,1.0,0.0,0.0,0.0,0.0616,-0.0135,0.0,0.0,0.0
26.7246,0.6868974219358307,-0.171083848563272,0.6868364212767178,0.16479678063141875,-0.0135,0.0,9.8079,0.0,0.0,1.0,0.0,0.0,0.0,-0.0654,-0.0135,0.0,0.0,0.0
26.7446,0.6857994142785945,-0.17157210506958903,0.6873254330017755,0.166811046654736,-0.0135,0.0,9.4861,0.0,0.0,1.0,0.0,0.0,0.0,0.0654,-0.0135,0.0,0.0,0.0
26.7647,0.6853175795824263,-0.17212266177172383,0.6869656146430517,0.1696816098402997,-0.0135,0.0,9.7097,0.0,0.0,1.0,0.0,0.0,0.0,-0.0654,-0.0135,0.0,0.0,0.0
26.7848,0.6864168783747634,-0.1717569731272256,0.6851968501527514,0.17273299570483508,-0.0135,0.0,9.8411,0.0,0.0,1.0,0.0,0.0,0.0,0.0654,-0.0135,0.0,0.0,0.0
26.8048,0.6885376995803949,-0.1704709256209092,0.6828607020573564,0.17480492372991896,-0.0135,0.0,9.3446,0.0,0.0,1.0,0.0,0.0,0.0,-0.0616,-0.0135,0.0,0.0,0.0
26.8249,0.6904991343334839,-0.16906899169483636,0.680611017847839,0.17718708732898536,-0.0135,0.0,10.1503,0.0,0.0,1.0,0.0,0.0,0.0,0.0577,-0.0135,0.0,0.0,0.0
26.845,0.6904991343334839,-0.16906899169483636,0.680611017847839,0.17718708732898536,-0.0135,0.0,10.1503,0.0,0.0,1.0,0.0,0.0,0.0,-0.0462,-0.0135,0.0,0.0,0.0
26.865,0.6893456618591456,-0.16986461289142146,0.6811664878943218,0.1787758024256607,-0.0135,0.0,9.9917,0.0,0.0,1.0,0.0,0.0,0.0,0.0462,-0.0135,0.0,0.0,0.0
26.8851,0.6875807608008342,-0.17163593274925137,0.6823926116954679,0.17920415025684805,-0.0135,0.0,9.5948,0.0,0.0,1.0,0.0,0.0,0.0,0.0269,-0.0135,0.0,0.0,0.0
26.9052,0.6856706532434181,-0.17315741750563413,0.6839616491227811,0.17907743177957813,-0.0135,0.0,9.4519,0.0,0.0,1.0,0.0,0.0,0.0,-0.0154,-0.0135,0.0,0.0,0.0
26.9252,0.6845297271955748,-0.1737722617315382,0.6848347364310918,0.1795094354501029,-0.0135,0.0,9.5266,0.0,0.0,1.0,0.0,0.0,0.0,0.0115,-0.0135,0.0,0.0,0.0
26.9453,0.683349099100134,-0.17431577018912564,0.6856680960428619,0.1802977623027086,-0.0135,0.0,9.7574,0.0,0.0,1.0,0.0,0.0,0.0,0.0,-0.0135,0.0,0.0,0.0
26.9654,0.6826054416648298,-0.17541202980534643,0.6858403868885581,0.18139292853274014,-0.0135,0.0,9.4741,0.0,0.0,1.0,0.0,0.0,0.0,-0.0115,-0.0135,0.0,0.0,0.0
26.9855,0.6817652817310909,-0.17718559300449482,0.6859762958245068,0.18231261016358857,-0.0135,0.0,9.5234,0.0,0.0,1.0,0.0,0.0,0.0,0.0192,-0.0135,0.0,0.0,0.0
27.0055,0.6812863770549845,-0.17889725005926319,0.685681456901209,0.1835363343383609,-0.0135,0.0,9.325,0.0,0.0,1.0,0.0,0.0,0.0,-0.0269,-0.0135,0.0,0.0,0.0
27.0256,0.6803645273749712,-0.18127547270686595,0.685430568532186,0.1855485074215874,-0.0135,0.0,9.9141,0.0,0.0,1.0,0.0,0.0,0.0,0.0385,-0.0135,0.0,0.0,0.0
27.0457,0.6795715420006714,-0.1842667738726299,0.6850045943027905,0.18707480090453688,-0.0135,0.0,9.2325,0.0,0.0,1.0,0.0,0.0,0.0,-0.0423,-0.0135,0.0,0.0,0.0
27.0658,0.6787252451877648,-0.1868329212775172,0.684645369440225,0.18890796482884392,-0.0135,0.0,9.9735,0.0,0.0,1.0,0.0,0.0,0.0,0.0539,-0.0135,0.0,0.0,0.0
27.0858,0.6782887223954692,-0.18878331435101162,0.6840867627627031,0.19055332667422709,-0.0135,0.0,9.6297,0.0,0.0,1.0,0.0,0.0,0.0,-0.0539,-0.0135,0.0,0.0,0.0
27.1059,0.6786532631875284,-0.18920990978331853,0.6836582872533261,0.1903699153610059,-0.0135,0.0,9.2826,0.0,0.0,1.0,0.0,0.0,0.0,0.0616,-0.0135,0.0,0.0,0.0
27.126,0.6790635211690212,-0.18835026140816125,0.683946424247565,0.1887172541236691,-0.0135,0.0,9.6902,0.0,0.0,1.0,0.0,0.0,0.0,-0.0654,-0.0135,0.0,0.0,0.0
27.1461,0.6792623942520046,-0.18750066089899434,0.684450412538639,0.18701265917889454,-0.0135,0.0,9.5288,0.0,0.0,1.0,0.0,0.0,0.0,0.0654,-0.0135,0.0,0.0,0.0
27.1661,0.6789100507218103,-0.18750443296057925,0.6850141950353643,0.18622240265095005,-0.0135,0.0,9.0803,0.0,0.0,1.0,0.0,0.0,0.0,-0.0654,-0.0135,0.0,0.0,0.0
27.1862,0.6784707206140456,-0.18676902420846425,0.6857337604432778,0.18591401951976896,-0.0135,0.0,9.4444,0.0,0.0,1.0,0.0,0.0,0.0,0.0654,-0.0135,0.0,0.0,0.0
27.2063,0.6777885788437453,-0.18633823469005167,0.6868224932592755,0.1848122491467596,-0.0135,0.0,9.4087,0.0,0.0,1.0,0.0,0.0,0.0,-0.0616,-0.0135,0.0,0.0,0.0
27.2263,0.6770808538601693,-0.18628391209712916,0.6877621355135465,0.18396485094609624,-0.0135,0.0,9.07,0.0,0.0,1.0,0.0,0.0,0.0,0.0577,-0.0135,0.0,0.0,0.0
27.2464,0.6750040540506058,-0.1862834304972723,0.6901414140720639,0.18268234485036258,-0.0135,0.0,9.4794,0.0,0.0,1.0,0.0,0.0,0.0,-0.05,-0.0135,0.0,0.0,0.0
27.2665,0.6739750021480919,-0.18622490830182276,0.6913706474665369,0.18189174755650372,-0.0135,0.0,9.8722,0.0,0.0,1.0,0.0,0.0,0.0,0.0462,-0.0135,0.0,0.0,0.0
27.2865,0.6732709811250998,-0.18694877337971127,0.6917027615966396,0.18249282645147863,-0.0135,0.0,9.6763,0.0,0.0,1.0,0.0,0.0,0.0,-0.0346,-0.0135,0.0,0.0,0.0
27.3066,0.6726119872675498,-0.18823339570855724,0.6916551284681853,0.1837783626754829,-0.0135,0.0,9.8319,0.0,0.0,1.0,0.0,0.0,0.0,0.0269,-0.0135,0.0,0.0,0.0
27.3266,0.6716848317878348,-0.18938997883250314,0.6919486155329868,0.18487302703735645,-0.0135,0.0,9.5813,0.0,0.0,1.0,0.0,0.0,0.0,-0.0154,-0.0135,0.0,0.0,0.0
27.3467,0.6705280169852229,-0.19103886520681646,0.6922568879131904,0.18621689384988965,-0.0135,0.0,9.774,0.0,0.0,1.0,0.0,0.0,0.0,0.0115,-0.0135,0.0,0.0,0.0
27.3668,0.6691518816210446,-0.1929998880478628,0.692712722493033,0.1874456898219279,-0.0135,0.0,9.787,0.0,0.0,1.0,0.0,0.0,0.0,0.0,-0.0135,0.0,0.0,0.0
27.3868,0.668440926124126,-0.19494131228215725,0.6926103449265623,0.18834947079495562,-0.0135,0.0,9.5934,0.0,0.0,1.0,0.0,0.0,0.0,-0.0077,-0.0135,0.0,0.0,0.0
27.4069,0.6678051067741235,-0.19659962497140127,0.6925858157824927,0.18897040668952664,-0.0135,0.0,9.6551,0.0,0.0,1.0,0.0,0.0,0.0,0.0192,-0.0135,0.0,0.0,0.0
27.427,0.6672968446686605,-0.19811995388223702,0.6924438388150193,0.18969695584291685,-0.0135,0.0,9.4112,0.0,0.0,1.0,0.0,0.0,0.0,-0.0269,-0.0135,0.0,0.0,0.0
27.4471,0.6664193076780001,-0.19933391334568779,0.6927243724889102,0.19048422796681774,-0.0135,0.0,10.0017,0.0,1.0,1.0,0.0,0.0,0.0,0.0385,-0.0135,0.0,0.0,0.0
27.4671,0.6659488139083307,-0.19988814321108234,0.6928645638841648,0.19103822541920626,-0.0135,0.0,9.7874,0.0,1.0,1.0,0.0,0.0,0.0,-0.0423,-0.0135,0.0,0.0,0.0
27.4872,0.6655202848300505,-0.2003759781852216,0.693169005851536,0.1909160736366573,-0.0135,0.0,9.877,0.0,1.0,1.0,0.0,0.0,0.0,0.0539,-0.0135,0.0,0.0,0.0
27.5073,0.6658419150826693,-0.20099169111556606,0.6926972746541311,0.1908595554544954,-0.0135,0.0,9.6546,0.0,1.0,1.0,0.0,0.0,0.0,-0.0539,-0.0135,0.0,0.0,0.0
27.5274,0.6658955363140023,-0.20166046525885764,0.6923845974279657,0.19110144089771358,-0.0135,0.0,9.6681,0.0,1.0,1.0,0.0,0.0,0.0,0.0616,-0.0135,0.0,0.0,0.0
27.5474,0.6662495087731769,-0.20196181976912134,0.6918221060893245,0.19158598315424036,-0.0135,0.0,9.4961,0.0,1.0,1.0,0.0,0.0,0.0,-0.0654,-0.0135,0.0,0.0,0.0
27.5675,0.6663731516545044,-0.20202331746078522,0.6917018153312797,0.191525456855203,-0.0135,0.0,9.5955,0.0,1.0,1.0,0.0,0.0,0.0,0.0654,-0.0135,0.0,0.0,0.0
27.5876,0.6666953265622699,-0.20184552091057467,0.6914756360511499,0.1914083905580547,-0.0135,0.0,9.5514,0.0,1.0,1.0,0.0,0.0,0.0,-0.0654,-0.0135,0.0,0.0,0.0
27.6076,0.6669342453692912,-0.20202698308367215,0.691226363577188,0.19128493081176245,-0.0135,0.0,9.6546,0.0,1.0,1.0,0.0,0.0,0.0,0.0654,-0.0135,0.0,0.0,0.0
27.6277,0.667852851336912,-0.20184476844606083,0.6903750486632605,0.19134667646790582,-0.0135,0.0,9.4953,0.0,1.0,1.0,0.0,0.0,0.0,-0.0616,-0.0135,0.0,0.0,0.0
27.6478,0.667852851336912,-0.20184476844606083,0.6903750486632605,0.19134667646790582,-0.0135,0.0,9.4953,0.0,1.0,1.0,0.0,0.0,0.0,0.0577,-0.0135,0.0,0.0,0.0
27.6678,0.6684739255947131,-0.20160410456614059,0.6897754649444289,0.19159385110899504,-0.0135,0.0,9.8252,0.0,1.0,1.0,0.0,0.0,0.0,-0.05,-0.0135,0.0,0.0,0.0
27.6879,0.6702345065244087,-0.20105225175460323,0.6880567061303302,0.1922021526348406,-0.0135,0.0,9.4434,0.0,1.0,1.0,0.0,0.0,0.0,0.0462,-0.0135,0.0,0.0,0.0
27.708,0.6727464988413302,-0.19989519948358636,0.6858698401931891,0.1924490058002865,-0.0135,0.0,9.411,0.0,1.0,1.0,0.0,0.0,0.0,-0.0346,-0.0135,0.0,0.0,0.0
27.728,0.6749779639133264,-0.19891104243905885,0.6835838359546635,0.1937841186700679,-0.0135,0.0,9.696,0.0,1.0,1.0,0.0,0.0,0.0,0.0269,-0.0135,0.0,0.0,0.0
27.7481,0.6758916905348152,-0.19854367783634047,0.6824225812556477,0.195064736048287,-0.0135,0.0,9.9445,0.0,1.0,1.0,0.0,0.0,0.0,-0.0154,-0.0135,0.0,0.0,0.0
27.7682,0.6754859233238396,-0.19848891593018209,0.682383024646706,0.19665788903121603,-0.0135,0.0,9.6746,0.0,1.0,1.0,0.0,0.0,0.0,0.0077,-0.0135,0.0,0.0,0.0
27.7882,0.6742415901511315,-0.19823805728506375,0.6834584068398071,0.1974450730565599,-0.0135,0.0,9.6108,0.0,1.0,1.0,0.0,0.0,0.0,0.0038,-0.0135,0.0,0.0,0.0
27.8083,0.6727473718517016,-0.19830841554371534,0.6845886952227709,0.19855242220721836,-0.0135,0.0,9.3401,0.0,1.0,1.0,0.0,0.0,0.0,-0.0077,-0.0135,0.0,0.0,0.0
27.8284,0.6710220306225217,-0.19885330541872817,0.6856090530267248,0.20031730766728864,-0.0135,0.0,9.7792,0.0,1.0,1.0,0.0,0.0,0.0,0.0192,-0.0135,0.0,0.0,0.0
27.8484,0.6700030549407994,-0.199163961497381,0.6855065189999578,0.20374109850304226,-0.0135,0.0,9.5662,0.0,1.0,1.0,0.0,0.0,0.0,-0.0269,-0.0135,0.0,0.0,0.0
27.8685,0.6698047910276551,-0.19976942892507119,0.6851249006104315,0.2050794669070908,-0.0135,0.0,9.282,0.0,1.0,1.0,0.0,0.0,0.0,0.0385,-0.0135,0.0,0.0,0.0
27.8886,0.6693639436531208,-0.20031428979173382,0.6850497314278635,0.20623520968299042,-0.0135,0.0,10.0159,0.0,1.0,1.0,0.0,0.0,0.0,-0.0423,-0.0135,0.0,0.0,0.0
27.9086,0.669145238365282,-0.20044416379631227,0.6852596535011277,0.2061213100496444,-0.0135,0.0,9.8213,0.0,1.0,1.0,0.0,0.0,0.0,0.0539,-0.0135,0.0,0.0,0.0
27.9287,0.6690058540149105,-0.20068395620835744,0.6853638504453998,0.205993955049652,-0.0135,0.0,10.0997,0.0,1.0,1.0,0.0,0.0,0.0,-0.0577,-0.0135,0.0,0.0,0.0
27.9488,0.6689359939375324,-0.2007422973532802,0.6854157720659145,0.20599122668555414,-0.0135,0.0,9.7684,0.0,1.0,1.0,0.0,0.0,0.0,0.0616,-0.0135,0.0,0.0,0.0
27.9688,0.6689359939375324,-0.2007422973532802,0.6854157720659145,0.20599122668555414,-0.0135,0.0,9.7684,0.0,1.0,1.0,0.0,0.0,0.0,-0.0616,-0.0135,0.0,0.0,0.0
27.9889,0.6697247471733996,-0.19939775649300742,0.6847994263598275,0.20678259933159898,-0.0135,0.0,9.9918,0.0,1.0,1.0,0.0,0.0,0.0,0.0693,-0.0135,0.0,0.0,0.0
28.009,0.669994899247572,-0.20007655340084685,0.6840941496531665,0.20758468674684322,-0.0135,0.0,9.5167,0.0,1.0,1.0,0.0,0.0,0.0,-0.0654,-0.0135,0.0,0.0,0.0
28.0291,0.6688441336247285,-0.20203238366454127,0.6843476234921286,0.20856359003259828,-0.0135,0.0,9.7708,0.0,1.0,1.0,0.0,0.0,0.0,0.0654,-0.0135,0.0,0.0,0.0
28.0492,0.6668179726256425,-0.2044097505139999,0.6851902198404796,0.20996382524898813,-0.0135,0.0,9.3203,0.0,1.0,1.0,0.0,0.0,0.0,-0.0577,-0.0135,0.0,0.0,0.0
28.0692,0.664841817970982,-0.2067825890309563,0.6860813649009992,0.21099449918487498,-0.0135,0.0,9.7605,0.0,1.0,1.0,0.0,0.0,0.0,0.0577,-0.0135,0.0,0.0,0.0
28.0893,0.6625927358789904,-0.20934933677584686,0.68700654191787,0.21252231156741563,-0.0135,0.0,9.1797,0.0,1.0,1.0,0.0,0.0,0.0,-0.0462,-0.0135,0.0,0.0,0.0
28.1094,0.6598588419212511,-0.2117335162920545,0.6879351755871559,0.21563956271245,-0.0135,0.0,9.6503,0.0,1.0,1.0,0.0,0.0,0.0,0.0462,-0.0135,0.0,0.0,0.0
28.1294,0.6591197431276098,-0.21289124002521548,0.687439775057161,0.2183232461495559,-0.0135,0.0,9.4419,0.0,1.0,1.0,0.0,0.0,0.0,-0.0346,-0.0135,0.0,0.0,0.0
28.1495,0.6582735357016739,-0.21454210784108127,0.6868389494981422,0.22113320331920192,-0.0135,0.0,9.475,0.0,1.0,1.0,0.0,0.0,0.0,0.0269,-0.0135,0.0,0.0,0.0
28.1696,0.6570277319586868,-0.21611997779379924,0.6866300440587669,0.223932796239157,-0.0135,0.0,9.4107,0.0,1.0,1.0,0.0,0.0,0.0,-0.0154,-0.0135,0.0,0.0,0.0
28.1896,0.6552020531478103,-0.2174646985921321,0.6874895629797982,0.2253385790559908,-0.0135,0.0,9.8848,0.0,1.0,1.0,0.0,0.0,0.0,0.0115,-0.0135,0.0,0.0,0.0
28.2097,0.6541587720960554,-0.21752360382968308,0.6887039151248021,0.22460342819845297,-0.0135,0.0,9.7126,0.0,1.0,1.0,0.0,0.0,0.0,0.0038,-0.0135,0.0,0.0,0.0
28.2298,0.65338349219724,-0.21771283042091152,0.6895166300196787,0.2241828550994927,-0.0135,0.0,9.6573,0.0,1.0,1.0,0.0,0.0,0.0,-0.0077,-0.0135,0.0,0.0,0.0
28.2499,0.6529626728511438,-0.21753188932549083,0.6900111649406159,0.2240629760733946,-0.0135,0.0,9.6295,0.0,1.0,1.0,0.0,0.0,0.0,0.0192,-0.0135,0.0,0.0,0.0
28.2699,0.6531199278425971,-0.21636434436772503,0.6903509546462165,0.22368815292782668,-0.0135,0.0,9.7663,0.0,1.0,1.0,0.0,0.0,0.0,-0.0269,-0.0135,0.0,0.0,0.0
28.29,0.6536982031934574,-0.21533569046050113,0.6903198308212787,0.22308682330076327,-0.0135,0.0,9.5075,0.0,1.0,1.0,0.0,0.0,0.0,0.0385,-0.0135,0.0,0.0,0.0
28.3101,0.6547244703843459,-0.2139281536958816,0.6900024957297111,0.22241215979118387,-0.0135,0.0,9.7297,0.0,1.0,1.0,0.0,0.0,0.0,-0.0423,-0.0135,0.0,0.0,0.0
28.3301,0.6560697199306261,-0.2119758788085585,0.689699859354293,0.22125291726925894,-0.0135,0.0,9.728,0.0,1.0,1.0,0.0,0.0,0.0,0.0539,-0.0135,0.0,0.0,0.0
28.3502,0.6576549148877352,-0.20971729174537254,0.6892709588699669,0.22003230609496507,-0.0135,0.0,9.842,0.0,1.0,1.0,0.0,0.0,0.0,-0.0539,-0.0135,0.0,0.0,0.0
28.3703,0.6586838043570951,-0.2081277263555176,0.6891404716400912,0.21886960900823918,-0.0135,0.0,9.7818,0.0,1.0,1.0,0.0,0.0,0.0,0.0616,-0.0135,0.0,0.0,0.0
28.3903,0.659260414556073,-0.20697609523781207,0.6891072935166359,0.21832942958208837,-0.0135,0.0,9.7633,0.0,1.0,1.0,0.0,0.0,0.0,-0.0654,-0.0135,0.0,0.0,0.0
28.4104,0.6590792608281265,-0.2064886609893412,0.6896582472566386,0.2175970193269668,-0.0135,0.0,9.7819,0.0,1.0,1.0,0.0,0.0,0.0,0.0693,-0.0135,0.0,0.0,0.0
28.4305,0.658863210370628,-0.20617331075634235,0.6901736501048943,0.21691511854355722,-0.0135,0.0,9.3333,0.0,1.0,1.0,0.0,0.0,0.0,-0.0616,-0.0135,0.0,0.0,0.0
28.4506,0.6586982157725114,-0.20587425526919076,0.6904375634642268,0.2168603756176953,-0.0135,0.0,9.2871,0.0,1.0,1.0,0.0,0.0,0.0,0.0654,-0.0135,0.0,0.0,0.0
28.4707,0.6596807579108661,-0.20532597090623605,0.689527335129418,0.2172892022694182,-0.0135,0.0,9.1439,0.0,1.0,1.0,0.0,0.0,0.0,-0.0577,-0.0135,0.0,0.0,0.0
28.4908,0.6609407914513836,-0.20489214534296293,0.688161412200454,0.21819795995988103,-0.0135,0.0,9.3927,0.0,1.0,1.0,0.0,0.0,0.0,0.0577,-0.0135,0.0,0.0,0.0
28.5109,0.6634132750942991,-0.2038638450339221,0.6856920231366314,0.21942836763607923,-0.0135,0.0,9.7044,0.0,1.0,1.0,0.0,0.0,0.0,-0.05,-0.0135,0.0,0.0,0.0
28.5309,0.6634132750942991,-0.2038638450339221,0.6856920231366314,0.21942836763607923,-0.0135,0.0,9.7044,0.0,1.0,1.0,0.0,0.0,0.0,0.0423,-0.0135,0.0,0.0,0.0
28.551,0.6656510399506465,-0.20184361856888294,0.6840230962535526,0.21972767337626237,-0.0135,0.0,10.3679,0.0,1.0,1.0,0.0,0.0,0.0,-0.0308,-0.0135,0.0,0.0,0.0
28.5711,0.668471026586139,-0.1992841815974489,0.6819603096329475,0.21991461448763014,-0.0135,0.0,9.7939,0.0,1.0,1.0,0.0,0.0,0.0,0.0269,-0.0135,0.0,0.0,0.0
28.5911,0.6713277973157583,-0.194580520941689,0.6807878226426591,0.21905558646768256,-0.0135,0.0,10.5165,0.0,1.0,1.0,0.0,0.0,0.0,-0.0154,-0.0135,0.0,0.0,0.0
28.6112,0.6740801530430272,-0.18872328262030347,0.6806722327746577,0.216066613339656,-0.0135,0.0,9.8648,0.0,1.0,1.0,0.0,0.0,0.0,0.0115,-0.0135,0.0,0.0,0.0
28.6313,0.6751628128791974,-0.18456776190493007,0.6818157322049463,0.21264342145546805,-0.0135,0.0,10.5053,0.0,1.0,1.0,0.0,0.0,0.0,0.0038,-0.0135,0.0,0.0,0.0
28.6513,0.6756698129758079,-0.1826809235054883,0.6826889253050705,0.20984235817924513,-0.0135,0.0,9.412,0.0,1.0,1.0,0.0,0.0,0.0,-0.0077,-0.0135,0.0,0.0,0.0
28.6714,0.6756144785377441,-0.18018039467999708,0.6842816899348865,0.20697504821351886,-0.0135,0.0,9.6906,0.0,1.0,1.0,0.0,0.0,0.0,0.0192,-0.0135,0.0,0.0,0.0
28.6915,0.675674986617415,-0.17657917790182637,0.6859292292350296,0.20441183642859187,-0.0135,0.0,9.4506,0.0,1.0,1.0,0.0,0.0,0.0,-0.0269,-0.0135,0.0,0.0,0.0
28.7115,0.6757309494593542,-0.17163378113221217,0.6882431522055141,0.20062625092254774,-0.0135,0.0,9.4945,0.0,1.0,1.0,0.0,0.0,0.0,0.0385,-0.0135,0.0,0.0,0.0
28.7316,0.6753051025334683,-0.16760600376416895,0.6899533650534564,0.1995885769423676,-0.0135,0.0,10.4317,0.0,1.0,1.0,0.0,0.0,0.0,-0.0423,-0.0135,0.0,0.0,0.0
28.7517,0.6730969488839478,-0.16906723833890336,0.6909189740081646,0.20245428540557484,-0.0135,0.0,9.9814,0.0,1.0,1.0,0.0,0.0,0.0,0.0539,-0.0135,0.0,0.0,0.0
28.7717,0.6710886064794124,-0.17334170644890098,0.6919018113733836,0.20214999004980055,-0.0135,0.0,9.6047,0.0,1.0,1.0,0.0,0.0,0.0,-0.0539,-0.0135,0.0,0.0,0.0
28.7918,0.6699344984973288,-0.17718830567774957,0.6927009232345223,0.1998937292768875,-0.0135,0.0,9.7412,0.0,1.0,1.0,0.0,0.0,0.0,0.0616,-0.0135,0.0,0.0,0.0
28.8119,0.6701788095861015,-0.18030144622489802,0.6922742319110253,0.19775777987974613,-0.0135,0.0,9.633,0.0,1.0,1.0,0.0,0.0,0.0,-0.0616,-0.0135,0.0,0.0,0.0
28.832,0.6724166227916129,-0.18023502260789626,0.6908494205619449,0.19518785855753948,-0.0135,0.0,9.395,0.0,1.0,1.0,0.0,0.0,0.0,0.0693,-0.0135,0.0,0.0,0.0
28.852,0.6759543944876111,-0.17779247351622995,0.6882832192913547,0.19427223933387075,-0.0135,0.0,12.084,0.0,1.0,1.0,0.0,0.0,0.0,-0.0654,-0.0135,0.0,0.0,0.0
28.8721,0.6801014525891458,-0.1761434912760641,0.6849233565383086,0.193172152070401,-0.0135,0.0,10.4964,0.0,1.0,1.0,0.0,0.0,0.0,0.0654,-0.0135,0.0,0.0,0.0
28.8922,0.6838463136600964,-0.17749215780861938,0.6811602810054458,0.1920193344184891,-0.0135,0.0,9.8267,0.0,1.0,1.0,0.0,0.0,0.0,-0.0577,-0.0135,0.0,0.0,0.0
28.9122,0.6863521304229528,-0.17981317797498503,0.6778679804761213,0.19256940342545426,-0.0135,0.0,9.6214,0.0,1.0,1.0,0.0,0.0,0.0,0.0577,-0.0135,0.0,0.0,0.0
28.9323,0.6869510189227531,-0.18286100503708944,0.6757810186150641,0.19488500536830242,-0.0135,0.0,9.5308,0.0,1.0,1.0,0.0,0.0,0.0,-0.0462,-0.0135,0.0,0.0,0.0
28.9524,0.6871475663368061,-0.18597767175241112,0.6742683120620188,0.19647587901824823,-0.0135,0.0,9.5368,0.0,1.0,1.0,0.0,0.0,0.0,0.0423,-0.0135,0.0,0.0,0.0
28.9724,0.687751501835536,-0.18969906919390903,0.672614336722813,0.19647414309486008,-0.0135,0.0,9.2463,0.0,1.0,1.0,0.0,0.0,0.0,-0.0308,-0.0135,0.0,0.0,0.0
28.9925,0.6888480504598873,-0.19085839932556892,0.671269921581487,0.19610743781019283,-0.0135,0.0,9.8809,0.0,1.0,1.0,0.0,0.0,0.0,0.0269,-0.0135,0.0,0.0,0.0
29.0126,0.690933947126777,-0.18976237981769611,0.6697544582927937,0.195011500970233,-0.0135,0.0,10.2658,0.0,1.0,1.0,0.0,0.0,0.0,-0.0154,-0.0135,0.0,0.0,0.0
29.0326,0.69396076681592,-0.18774150208955454,0.6677771151907662,0.1929904322522657,-0.0135,0.0,9.9035,0.0,1.0,1.0,0.0,0.0,0.0,0.0077,-0.0135,0.0,0.0,0.0
29.0527,0.6969151884382188,-0.18622232570370784,0.6656644625242853,0.1911054391321153,-0.0135,0.0,9.6503,0.0,1.0,1.0,0.0,0.0,0.0,0.0038,-0.0135,0.0,0.0,0.0
29.0728,0.6989064128033241,-0.18450699702671378,0.664543785837545,0.18938994401835865,-0.0135,0.0,9.7856,0.0,1.0,1.0,0.0,0.0,0.0,-0.0077,-0.0135,0.0,0.0,0.0
29.0929,0.7008645381237179,-0.18316635660475827,0.663266670191035,0.18792633988470847,-0.0135,0.0,9.5574,0.0,1.0,1.0,0.0,0.0,0.0,0.0231,-0.0135,0.0,0.0,0.0
29.1129,0.7039507940293218,-0.1814664537388911,0.6611638007679695,0.1854336385529096,-0.0135,0.0,9.4666,0.0,1.0,1.0,0.0,0.0,0.0,-0.0269,-0.0135,0.0,0.0,0.0
29.133,0.7072186475146356,-0.1798721820369861,0.6587563290426395,0.18310620328948146,-0.0135,0.0,9.1168,0.0,1.0,1.0,0.0,0.0,0.0,0.0385,-0.0135,0.0,0.0,0.0
29.1531,0.7101541086242549,-0.17865254301342154,0.6563813432007021,0.1814605829842116,-0.0135,0.0,9.2974,0.0,1.0,1.0,0.0,0.0,0.0,-0.0423,-0.0135,0.0,0.0,0.0
29.1731,0.7112342173749364,-0.1778538037849747,0.655631903976142,0.18072276835776996,-0.0135,0.0,9.4073,0.0,1.0,1.0,0.0,0.0,0.0,0.05,-0.0135,0.0,0.0,0.0
29.1932,0.7095789488206238,-0.17754698376123088,0.6574561278758226,0.1809039078252262,-0.0135,0.0,9.6453,0.0,1.0,1.0,0.0,0.0,0.0,-0.0539,-0.0135,0.0,0.0,0.0
29.2133,0.7057535181300676,-0.17755188508326136,0.6614412972368625,0.1813359039463206,-0.0135,0.0,9.9973,0.0,1.0,1.0,0.0,0.0,0.0,0.0616,-0.0135,0.0,0.0,0.0
29.2333,0.7020321968451925,-0.17865157695924896,0.6650448703576932,0.181520602284164,-0.0135,0.0,9.7646,0.0,1.0,1.0,0.0,0.0,0.0,-0.0616,-0.0135,0.0,0.0,0.0
29.2534,0.6986089623393987,-0.1803592484462985,0.6683969207220711,0.18072524895046704,-0.0135,0.0,9.6912,0.0,1.0,1.0,0.0,0.0,0.0,0.0654,-0.0135,0.0,0.0,0.0
29.2735,0.6957450494763799,-0.1815203174115375,0.6713918727294654,0.1795053027872598,-0.0135,0.0,9.6021,0.0,1.0,1.0,0.0,0.0,0.0,-0.0616,-0.0135,0.0,0.0,0.0
29.2936,0.6932361266495461,-0.1826167699363425,0.6740101508707517,0.1782837753951213,-0.0135,0.0,10.0634,0.0,1.0,1.0,0.0,0.0,0.0,0.0654,-0.0135,0.0,0.0,0.0
29.3136,0.6914658990703074,-0.18395970710529036,0.6757189241421327,0.17730671769796535,-0.0135,0.0,9.8334,0.0,1.0,1.0,0.0,0.0,0.0,-0.0577,-0.0135,0.0,0.0,0.0
29.3337,0.6901790200916371,-0.1865821130605056,0.676507158357709,0.17657321428235406,-0.0135,0.0,9.4509,0.0,1.0,1.0,0.0,0.0,0.0,0.0539,-0.0135,0.0,0.0,0.0
29.3538,0.689329710517957,-0.18865964708727434,0.6769397336950411,0.17602467072266215,-0.0135,0.0,9.2497,0.0,1.0,1.0,0.0,0.0,0.0,-0.0462,-0.0135,0.0,0.0,0.0
29.3738,0.6882371760747324,-0.18951542530226279,0.677922098497388,0.17559932064241546,-0.0135,0.0,9.4235,0.0,1.0,1.0,0.0,0.0,0.0,0.0423,-0.0135,0.0,0.0,0.0
29.3939,0.6869369139798973,-0.18932711774308214,0.6792460716848581,0.17577739558760425,-0.0135,0.0,10.1669,0.0,1.0,1.0,0.0,0.0,0.0,-0.0308,-0.0135,0.0,0.0,0.0
29.414,0.685172893594444,-0.18963375640841768,0.6811439412617142,0.17498592970952864,-0.0135,0.0,9.7806,0.0,1.0,1.0,0.0,0.0,0.0,0.0269,-0.0135,0.0,0.0,0.0
29.434,0.6838999357839999,-0.18994125989765862,0.6826789341132967,0.1736452375997226,-0.0135,0.0,9.9195,0.0,1.0,1.0,0.0,0.0,0.0,-0.0115,-0.0135,0.0,0.0,0.0
29.4541,0.6828042861876267,-0.1897591911810073,0.6839642934693748,0.17309708658748302,-0.0135,0.0,9.8749,0.0,1.0,1.0,0.0,0.0,0.0,0.0077,-0.0135,0.0,0.0,0.0
29.4742,0.6827827457033251,-0.19018119401630443,0.6836377240975495,0.17400660275714896,-0.0135,0.0,9.1418,0.0,1.0,1.0,0.0,0.0,0.0,0.0038,-0.0135,0.0,0.0,0.0
29.4952,0.6816555579207892,-0.19012906053140893,0.6844626178703574,0.17523574245911816,-0.0135,0.0,9.997,0.0,1.0,1.0,0.0,0.0,0.0,-0.0115,-0.0135,0.0,0.0,0.0
29.5153,0.6793313449765694,-0.18957788692522862,0.6866564565246496,0.17627268431127535,-0.0135,0.0,10.0582,0.0,1.0,1.0,0.0,0.0,0.0,0.0231,-0.0135,0.0,0.0,0.0
29.5353,0.6757229065833984,-0.19018681807771012,0.6898219672297007,0.1771247618920231,-0.0135,0.0,10.205,0.0,1.0,1.0,0.0,0.0,0.0,-0.0269,-0.0135,0.0,0.0,0.0
29.5554,0.6716773033492339,-0.1903648347178327,0.6935268252702645,0.1778521085028277,-0.0135,0.0,10.1901,0.0,1.0,1.0,0.0,0.0,0.0,0.0385,-0.0135,0.0,0.0,0.0
29.5755,0.6669798835553968,-0.18944955843431505,0.6981073180903123,0.1785857557875877,-0.0135,0.0,10.2043,0.0,1.0,1.0,0.0,0.0,0.0,-0.0423,-0.0135,0.0,0.0,0.0
29.5955,0.6628617982070728,-0.18750560037509117,0.7024139795427273,0.17908234879130772,-0.0135,0.0,9.683,0.0,1.0,1.0,0.0,0.0,0.0,0.05,-0.0135,0.0,0.0,0.0
29.6156,0.6598397975491302,-0.18590984370979435,0.7055540214344596,0.17956195148133378,-0.0135,0.0,9.8347,0.0,1.0,1.0,0.0,0.0,0.0,-0.0539,-0.0135,0.0,0.0,0.0
29.6357,0.6581186499189856,-0.18438045817257076,0.7072499067396557,0.1807795859316891,-0.0135,0.0,9.6831,0.0,1.0,1.0,0.0,0.0,0.0,0.0616,-0.0135,0.0,0.0,0.0
29.6558,0.6570052733569266,-0.18201344753413976,0.7086431025441163,0.18176943889052521,-0.0135,0.0,9.4872,0.0,1.0,1.0,0.0,0.0,0.0,-0.0577,-0.0135,0.0,0.0,0.0
29.6758,0.6558986808398075,-0.1795080178895488,0.7099768912608182,0.18304809712638473,-0.0135,0.0,9.6441,0.0,1.0,1.0,0.0,0.0,0.0,0.0616,-0.0135,0.0,0.0,0.0
29.6959,0.6545272760437736,-0.1773642810722813,0.71122808715604,0.1851771172547817,-0.0135,0.0,9.7186,0.0,1.0,1.0,0.0,0.0,0.0,-0.0577,-0.0135,0.0,0.0,0.0
29.716,0.6523349135881809,-0.17638954305956134,0.7130030685378412,0.18700939513500991,-0.0135,0.0,9.1732,0.0,1.0,1.0,0.0,0.0,0.0,0.0616,-0.0135,0.0,0.0,0.0
29.736,0.6498401963382524,-0.17578078261072227,0.7150261157223867,0.1885377668340739,-0.0135,0.0,9.4976,0.0,1.0,1.0,0.0,0.0,0.0,-0.0539,-0.0135,0.0,0.0,0.0
29.7561,0.6468939729110739,-0.17522711692031273,0.717265011871042,0.19066868660783237,-0.0135,0.0,9.7412,0.0,1.0,1.0,0.0,0.0,0.0,0.0539,-0.0135,0.0,0.0,0.0
29.7762,0.6441649413507173,-0.17431598412905336,0.7194819344933313,0.19238298248410743,-0.0135,0.0,9.7356,0.0,1.0,1.0,0.0,0.0,0.0,-0.0423,-0.0135,0.0,0.0,0.0
29.7962,0.641243430164413,-0.17346428046376056,0.7221774941713628,0.19281253482732605,-0.0135,0.0,9.5697,0.0,1.0,1.0,0.0,0.0,0.0,0.0423,-0.0135,0.0,0.0,0.0
29.8163,0.6394531288550096,-0.17376377415769206,0.7234975686097235,0.19353840705098213,-0.0135,0.0,9.2317,0.0,1.0,1.0,0.0,0.0,0.0,-0.0308,-0.0135,0.0,0.0,0.0
29.8364,0.6383272035053837,-0.17365076820943626,0.7244500642741742,0.19379343729449167,-0.0135,0.0,10.1668,0.0,1.0,1.0,0.0,0.0,0.0,0.0231,-0.0135,0.0,0.0,0.0
29.8564,0.6373409340393348,-0.17218322408503728,0.7257825900858017,0.19336262066360033,-0.0135,0.0,9.695,0.0,1.0,1.0,0.0,0.0,0.0,-0.0115,-0.0135,0.0,0.0,0.0
29.8765,0.6362823575724784,-0.17101840833202828,0.7271009812778407,0.19292907629071773,-0.0135,0.0,9.4555,0.0,1.0,1.0,0.0,0.0,0.0,0.0077,-0.0135,0.0,0.0,0.0
29.8966,0.6361639682316901,-0.17114164634723816,0.7268012513319102,0.19433446290258355,-0.0135,0.0,9.4409,0.0,1.0,1.0,0.0,0.0,0.0,0.0038,-0.0135,0.0,0.0,0.0
29.9166,0.6377192680455221,-0.1710885106763642,0.7250035896009384,0.19599145834393186,-0.0135,0.0,9.1888,0.0,1.0,1.0,0.0,0.0,0.0,-0.0115,-0.0135,0.0,0.0,0.0
29.9367,0.6403036820705119,-0.17010066504029936,0.7225765853725349,0.19738296975970485,-0.0135,0.0,8.936,0.0,1.0,1.0,0.0,0.0,0.0,0.0231,-0.0135,0.0,0.0,0.0
29.9568,0.6425660535975213,-0.16827087155655718,0.7209945954767227,0.19738433028754107,-0.0135,0.0,9.1697,0.0,1.0,1.0,0.0,0.0,0.0,-0.0269,-0.0135,0.0,0.0,0.0
29.9768,0.6443387885073496,-0.16717261009379444,0.7197167109016077,0.19720218078987115,-0.0135,0.0,9.269,0.0,1.0,1.0,0.0,0.0,0.0,0.0385,-0.0135,0.0,0.0,0.0
29.9969,0.6443387885073496,-0.16717261009379444,0.7197167109016077,0.19720218078987115,-0.0135,0.0,9.269,0.0,1.0,1.0,0.0,0.0,0.0,-0.0423,-0.0135,0.0,0.0,0.0
30.017,0.6455713416377249,-0.16741960726993765,0.7185696064194456,0.19714471508983186,-0.0135,0.0,9.8337,0.0,1.0,1.0,0.0,0.0,0.0,0.05,-0.0135,0.0,0.0,0.0
30.037,0.6458086125171231,-0.16900485181789304,0.7179521223898498,0.19726465982692018,-0.0135,0.0,9.3502,0.0,1.0,1.0,0.0,0.0,0.0,-0.05,-0.0135,0.0,0.0,0.0
30.0571,0.6450055250148645,-0.17077216759160735,0.7183068800118639,0.19707857723249594,-0.0135,0.0,10.1322,0.0,1.0,1.0,0.0,0.0,0.0,0.0616,-0.0135,0.0,0.0,0.0
30.0772,0.6437929094279216,-0.1725443676522489,0.7189871980559446,0.19701913610987054,-0.0135,0.0,10.0208,0.0,1.0,1.0,0.0,0.0,0.0,-0.0577,-0.0135,0.0,0.0,0.0
30.0972,0.6425220379251789,-0.17535537493689962,0.719609642358273,0.1964125400431775,-0.0135,0.0,10.0679,0.0,1.0,1.0,0.0,0.0,0.0,0.0616,-0.0135,0.0,0.0,0.0
30.1173,0.6420261396431681,-0.17748920924952916,0.719662793756108,0.1959221271271367,-0.0135,0.0,9.7436,0.0,1.0,1.0,0.0,0.0,0.0,-0.0577,-0.0135,0.0,0.0,0.0
30.1374,0.6415196548977756,-0.17913203979025158,0.7198250494645063,0.19548949553324813,-0.0135,0.0,9.8263,0.0,1.0,1.0,0.0,0.0,0.0,0.0616,-0.0135,0.0,0.0,0.0
30.1575,0.6412247918550278,-0.18041712780257502,0.7198985393878266,0.19500389558472847,-0.0135,0.0,9.7442,0.0,1.0,1.0,0.0,0.0,0.0,-0.0539,-0.0135,0.0,0.0,0.0
30.1775,0.640491171796871,-0.18182064224647554,0.7204456952451461,0.19408841569266394,-0.0135,0.0,9.7622,0.0,1.0,1.0,0.0,0.0,0.0,0.0539,-0.0135,0.0,0.0,0.0
30.1976,0.6397032447709239,-0.18316535211315765,0.7210015133534065,0.1933572604194423,-0.0135,0.0,9.9323,0.0,1.0,1.0,0.0,0.0,0.0,-0.0423,-0.0135,0.0,0.0,0.0
30.2177,0.6387380314455201,-0.18463245438049686,0.7215636838769355,0.19305552073038876,-0.0135,0.0,10.0996,0.0,1.0,1.0,0.0,0.0,0.0,0.0423,-0.0135,0.0,0.0,0.0
30.2377,0.6381367886430468,-0.18585601591368373,0.7218785981076308,0.1926921636268422,-0.0135,0.0,9.5074,0.0,1.0,1.0,0.0,0.0,0.0,-0.0269,-0.0135,0.0,0.0,0.0
30.2578,0.6377503199243914,-0.18676633657956784,0.7221005686651988,0.19225928765700895,-0.0135,0.0,9.7255,0.0,1.0,1.0,0.0,0.0,0.0,0.0231,-0.0135,0.0,0.0,0.0
30.2779,0.6377051946624781,-0.1874419965380632,0.7219965421845695,0.1921420716757288,-0.0135,0.0,9.4785,0.0,1.0,1.0,0.0,0.0,0.0,-0.0115,-0.0135,0.0,0.0,0.0
30.2979,0.6373866390582779,-0.18847600616543575,0.7220421926692813,0.1920159874991031,-0.0135,0.0,9.5606,0.0,1.0,1.0,0.0,0.0,0.0,0.0077,-0.0135,0.0,0.0,0.0
30.318,0.6370734410456217,-0.18883957372623494,0.7223378940215919,0.1915855239041724,-0.0135,0.0,9.3144,0.0,1.0,1.0,0.0,0.0,0.0,0.0038,-0.0135,0.0,0.0,0.0
30.3381,0.6362974868334292,-0.1887836278931505,0.7232122363048052,0.19091964631217218,-0.0135,0.0,9.4695,0.0,1.0,1.0,0.0,0.0,0.0,-0.0077,-0.0135,0.0,0.0,0.0
30.3581,0.6358287175466162,-0.18836161871645046,0.7238452775776796,0.19049870515579895,-0.0135,0.0,9.2947,0.0,1.0,1.0,0.0,0.0,0.0,0.0231,-0.0135,0.0,0.0,0.0
30.3782,0.6353622742312057,-0.1879839389718465,0.7245323478848297,0.18981489941749954,-0.0135,0.0,9.566,0.0,1.0,1.0,0.0,0.0,0.0,-0.0269,-0.0135,0.0,0.0,0.0
30.3983,0.6352435909749055,-0.18749692769788917,0.7248421228241366,0.18951089469726784,-0.0135,0.0,9.624,0.0,1.0,1.0,0.0,0.0,0.0,0.0385,-0.0135,0.0,0.0,0.0
30.4184,0.6350728581719204,-0.1870735473620992,0.725100121584426,0.189514554504289,-0.0135,0.0,9.6443,0.0,1.0,1.0,0.0,0.0,0.0,-0.0423,-0.0135,0.0,0.0,0.0
30.4385,0.6350087837085155,-0.186522642735805,0.7252186109212291,0.1898186364226811,-0.0135,0.0,9.3586,0.0,1.0,1.0,0.0,0.0,0.0,0.0539,-0.0135,0.0,0.0,0.0
30.4585,0.6347577225336581,-0.18584957645545838,0.7255155390194689,0.19018351993929455,-0.0135,0.0,9.4943,0.0,1.0,1.0,0.0,0.0,0.0,-0.0539,-0.0135,0.0,0.0,0.0
30.4786,0.6341034621751427,-0.185000760605647,0.7262068365537915,0.19055484348440102,-0.0135,0.0,9.3269,0.0,1.0,1.0,0.0,0.0,0.0,0.0577,-0.0135,0.0,0.0,0.0
30.4987,0.6330608097492594,-0.18420510854323174,0.7272383765082654,0.19085814858111416,-0.0135,0.0,9.4909,0.0,1.0,1.0,0.0,0.0,0.0,-0.0616,-0.0135,0.0,0.0,0.0
30.5188,0.631892475369718,-0.18347068626854218,0.7283277848501462,0.19128263033155896,-0.0135,0.0,9.1249,0.0,1.0,1.0,0.0,0.0,0.0,0.0654,-0.0135,0.0,0.0,0.0
30.5389,0.630728958270293,-0.18279766934841252,0.7293607007256647,0.1918305541800547,-0.0135,0.0,9.2722,0.0,1.0,1.0,0.0,0.0,0.0,-0.0577,-0.0135,0.0,0.0,0.0
30.5594,0.6293324526339321,-0.18231184143306883,0.7305903645641927,0.19219983283292272,-0.0135,0.0,9.1576,0.0,1.0,1.0,0.0,0.0,0.0,0.0616,-0.0135,0.0,0.0,0.0
30.5795,0.6281663591084576,-0.18157779132360433,0.7316800999877552,0.19256365769369513,-0.0135,0.0,9.4913,0.0,1.0,1.0,0.0,0.0,0.0,-0.0577,-0.0135,0.0,0.0,0.0
30.5996,0.6270061588557858,-0.1808447384118893,0.7328398353327098,0.19262459109671146,-0.0135,0.0,9.5366,0.0,1.0,1.0,0.0,0.0,0.0,0.0539,-0.0135,0.0,0.0,0.0
30.6197,0.6261828469744303,-0.1802435763864355,0.7336087665280382,0.19293903959446596,-0.0135,0.0,9.5955,0.0,1.0,1.0,0.0,0.0,0.0,-0.0423,-0.0135,0.0,0.0,0.0
30.6398,0.6251719956584005,-0.1799898318005168,0.7344230726097365,0.19335559653495485,-0.0135,0.0,9.8973,0.0,1.0,1.0,0.0,0.0,0.0,0.0423,-0.0135,0.0,0.0,0.0
30.6598,0.6246307842953172,-0.1798090743125431,0.7347982171347823,0.19384700204292216,-0.0135,0.0,9.671,0.0,1.0,1.0,0.0,0.0,0.0,-0.0308,-0.0135,0.0,0.0,0.0
30.6799,0.6241418348592235,-0.17938080292226066,0.7352860931504381,0.19396870557152268,-0.0135,0.0,9.8165,0.0,1.0,1.0,0.0,0.0,0.0,0.0269,-0.0135,0.0,0.0,0.0
30.7,0.6242759282254071,-0.17865226886124075,0.7353003382213854,0.1941554657498822,-0.0135,0.0,9.6128,0.0,1.0,1.0,0.0,0.0,0.0,-0.0115,-0.0135,0.0,0.0,0.0
30.72,0.624201987322998,-0.17803857025471775,0.7355290933065817,0.19409044134957687,-0.0135,0.0,9.9531,0.0,1.0,1.0,0.0,0.0,0.0,0.0077,-0.0135,0.0,0.0,0.0
30.7401,0.6244033425998583,-0.17755479409014796,0.7354897163556242,0.1940351462515305,-0.0135,0.0,9.576,0.0,1.0,1.0,0.0,0.0,0.0,0.0038,-0.0135,0.0,0.0,0.0
30.7602,0.6240690332398102,-0.17724174929276104,0.7358833516485115,0.1939043496812903,-0.0135,0.0,9.8459,0.0,1.0,1.0,0.0,0.0,0.0,-0.0115,-0.0135,0.0,0.0,0.0
30.7803,0.6238355833539035,-0.17706174643400924,0.7361397882599054,0.19384662760000562,-0.0135,0.0,9.8818,0.0,1.0,1.0,0.0,0.0,0.0,0.0231,-0.0135,0.0,0.0,0.0
30.8003,0.623400682364128,-0.1770595015205645,0.7365574465247123,0.19366117349180859,-0.0135,0.0,9.8449,0.0,1.0,1.0,0.0,0.0,0.0,-0.0269,-0.0135,0.0,0.0,0.0
30.8204,0.6233058789233614,-0.17725023113706145,0.7365895831166149,0.19366962308406957,-0.0135,0.0,9.5497,0.0,1.0,1.0,0.0,0.0,0.0,0.0385,-0.0135,0.0,0.0,0.0
30.8405,0.6232789040844691,-0.17748655553497883,0.7365577056933368,0.1936612416343549,-0.0135,0.0,9.7101,0.0,1.0,1.0,0.0,0.0,0.0,-0.0423,-0.0135,0.0,0.0,0.0
30.8605,0.6236577696471736,-0.17767321926399005,0.7362069085424634,0.19360423892423462,-0.0135,0.0,9.4254,0.0,1.0,1.0,0.0,0.0,0.0,0.0539,-0.0135,0.0,0.0,0.0
30.8806,0.6238136221211519,-0.17778748227915853,0.7361138735194528,0.1933508241852459,-0.0135,0.0,9.5876,0.0,1.0,1.0,0.0,0.0,0.0,-0.0539,-0.0135,0.0,0.0,0.0
30.9007,0.62431621080427,-0.17785235667221005,0.7357029290334035,0.19323304159695404,-0.0135,0.0,9.3985,0.0,1.0,1.0,0.0,0.0,0.0,0.0577,-0.0135,0.0,0.0,0.0
30.9207,0.6245719850332502,-0.17810071057571641,0.7354728048127995,0.1930536862762384,-0.0135,0.0,9.5835,0.0,1.0,1.0,0.0,0.0,0.0,-0.0616,-0.0135,0.0,0.0,0.0
30.9408,0.6251840112628391,-0.1783452884814063,0.734925188774056,0.19293231207656322,-0.0135,0.0,9.4894,0.0,1.0,1.0,0.0,0.0,0.0,0.0654,-0.0135,0.0,0.0,0.0
30.9609,0.6254701796270814,-0.17852291367454468,0.7347200669707195,0.19262151198908026,-0.0135,0.0,9.6913,0.0,1.0,1.0,0.0,0.0,0.0,-0.0577,-0.0135,0.0,0.0,0.0
30.9809,0.6258629968399251,-0.17859156727071393,0.734446557738909,0.19232476468672896,-0.0135,0.0,9.4809,0.0,1.0,1.0,0.0,0.0,0.0,0.0616,-0.0135,0.0,0.0,0.0
31.001,0.6259829581231955,-0.17871270099245584,0.734442990448798,0.19183482588920514,-0.0135,0.0,9.544,0.0,1.0,1.0,0.0,0.0,0.0,-0.0577,-0.0135,0.0,0.0,0.0
31.0211,0.6262964534784015,-0.1787151243330939,0.7342699452576902,0.19147141871896217,-0.0135,0.0,9.4293,0.0,1.0,1.0,0.0,0.0,0.0,0.0539,-0.0135,0.0,0.0,0.0
31.0411,0.6262964534784015,-0.1787151243330939,0.7342699452576902,0.19147141871896217,-0.0135,0.0,9.4293,0.0,1.0,1.0,0.0,0.0,0.0,-0.0423,-0.0135,0.0,0.0,0.0
31.0612,0.6263866453512164,-0.17888904370575626,0.734232657372984,0.19115670381834918,-0.0135,0.0,9.6245,0.0,1.0,1.0,0.0,0.0,0.0,0.0385,-0.0135,0.0,0.0,0.0
31.0813,0.6266628387213755,-0.17920324334559729,0.7339653795334478,0.19098352229029633,-0.0135,0.0,9.6612,0.0,1.0,1.0,0.0,0.0,0.0,-0.0308,-0.0135,0.0,0.0,0.0
31.1013,0.6270182729983086,-0.17907822038059457,0.7337090000732853,0.19091930107508143,-0.0135,0.0,9.4055,0.0,1.0,1.0,0.0,0.0,0.0,0.0231,-0.0135,0.0,0.0,0.0
31.1214,0.6270182729983086,-0.17907822038059457,0.7337090000732853,0.19091930107508143,-0.0135,0.0,9.4055,0.0,1.0,1.0,0.0,0.0,0.0,-0.0115,-0.0135,0.0,0.0,0.0
31.1415,0.6274379104167495,-0.17895411880739298,0.7333333889740832,0.19110005899925453,-0.0135,0.0,9.708,0.0,1.0,1.0,0.0,0.0,0.0,0.0077,-0.0135,0.0,0.0,0.0
31.1616,0.6278065994902862,-0.17877160119666757,0.7330303647573198,0.19122257342106336,-0.0135,0.0,9.5723,0.0,1.0,1.0,0.0,0.0,0.0,0.0038,-0.0135,0.0,0.0,0.0
31.1816,0.6277413425411699,-0.17858739049821837,0.7331473925792218,0.19116027718627907,-0.0135,0.0,9.7181,0.0,1.0,1.0,0.0,0.0,0.0,-0.0115,-0.0135,0.0,0.0,0.0
31.2017,0.6278555258969286,-0.17828017401561175,0.7330772677841351,0.19134089372583732,-0.0135,0.0,9.5987,0.0,1.0,1.0,0.0,0.0,0.0,0.0231,-0.0135,0.0,0.0,0.0
31.2218,0.6277661668053726,-0.17804543604036113,0.7331763851647654,0.19147284600280728,-0.0135,0.0,9.6452,0.0,1.0,1.0,0.0,0.0,0.0,-0.0269,-0.0135,0.0,0.0,0.0
31.2418,0.6278876650272086,-0.17773928360206667,0.7331147930823012,0.19159469547771577,-0.0135,0.0,9.5515,0.0,1.0,1.0,0.0,0.0,0.0,0.0385,-0.0135,0.0,0.0,0.0
31.2619,0.6279164072588825,-0.1774861578908145,0.7331381294849405,0.19164585137063822,-0.0135,0.0,9.6795,0.0,1.0,1.0,0.0,0.0,0.0,-0.0423,-0.0135,0.0,0.0,0.0
31.282,0.6281094621353678,-0.17712300234394918,0.7330278711760669,0.19177091983866557,-0.0135,0.0,9.4809,0.0,1.0,1.0,0.0,0.0,0.0,0.0539,-0.0135,0.0,0.0,0.0
31.3021,0.6282376678979642,-0.17694175140756846,0.7329131124166862,0.19195681517110885,-0.0135,0.0,9.6852,0.0,1.0,1.0,0.0,0.0,0.0,-0.05,-0.0135,0.0,0.0,0.0
31.3221,0.6283794824973404,-0.17664232000343794,0.7328142190192216,0.192145874697913,-0.0135,0.0,9.526,0.0,1.0,1.0,0.0,0.0,0.0,0.0577,-0.0135,0.0,0.0,0.0
31.3422,0.6284662398785823,-0.17644941744321696,0.73277312207432,0.1921960977290626,-0.0135,0.0,9.7467,0.0,1.0,1.0,0.0,0.0,0.0,-0.0616,-0.0135,0.0,0.0,0.0
31.3623,0.6284144143548762,-0.17614599493548633,0.7329058181414797,0.19213790368788225,-0.0135,0.0,9.6011,0.0,1.0,1.0,0.0,0.0,0.0,0.0654,-0.0135,0.0,0.0,0.0
31.3824,0.6285298228184538,-0.17602214984188505,0.7328371338700496,0.19213588892753827,-0.0135,0.0,9.7418,0.0,1.0,1.0,0.0,0.0,0.0,-0.0577,-0.0135,0.0,0.0,0.0
31.4025,0.628529945676064,-0.175900186200173,0.7328982761406497,0.19201392843555026,-0.0135,0.0,9.7019,0.0,1.0,1.0,0.0,0.0,0.0,0.0577,-0.0135,0.0,0.0,0.0
31.4226,0.6287832847047164,-0.17584179996476818,0.7327261664607125,0.1918947817031152,-0.0135,0.0,9.6666,0.0,1.0,1.0,0.0,0.0,0.0,-0.0577,-0.0135,0.0,0.0,0.0
31.4427,0.6287847221395471,-0.1758422019492581,0.7327888415850186,0.19165022010427138,-0.0135,0.0,9.7729,0.0,1.0,1.0,0.0,0.0,0.0,0.0539,-0.0135,0.0,0.0,0.0
31.4628,0.6290962140118952,-0.17584401644962755,0.7325524003712188,0.19153019632718146,-0.0135,0.0,9.4582,0.0,1.0,1.0,0.0,0.0,0.0,-0.0462,-0.0135,0.0,0.0,0.0
31.4828,0.6289748015480272,-0.17596618261307378,0.7326750878042678,0.19134737339511806,-0.0135,0.0,9.7661,0.0,1.0,1.0,0.0,0.0,0.0,0.0385,-0.0135,0.0,0.0,0.0
31.5029,0.6291998200176083,-0.1760218723426634,0.732469985054231,0.1913416001329749,-0.0135,0.0,9.3577,0.0,1.0,1.0,0.0,0.0,0.0,-0.0269,-0.0135,0.0,0.0,0.0
31.523,0.6291501182563257,-0.17608603309748622,0.7325441376904742,0.191162035931202,-0.0135,0.0,9.6288,0.0,1.0,1.0,0.0,0.0,0.0,0.0192,-0.0135,0.0,0.0,0.0
31.5431,0.6293971206495437,-0.17608659329466486,0.7323634675776269,0.1910406436798653,-0.0135,0.0,9.3556,0.0,1.0,1.0,0.0,0.0,0.0,-0.0077,-0.0135,0.0,0.0,0.0
31.5632,0.6292750680424785,-0.17620885910962045,0.7324865712521115,0.19085793053144476,-0.0135,0.0,9.5696,0.0,1.0,1.0,0.0,0.0,0.0,0.0,-0.0135,0.0,0.0,0.0
31.5833,0.6294355444306258,-0.17626427171523745,0.7323372003043223,0.1908507976783063,-0.0135,0.0,9.5121,0.0,1.0,1.0,0.0,0.0,0.0,0.0154,-0.0135,0.0,0.0,0.0
31.6034,0.6294434263501667,-0.17632747771369453,0.7323463707792673,0.1907311899877021,-0.0135,0.0,9.6041,0.0,1.0,1.0,0.0,0.0,0.0,-0.0192,-0.0135,0.0,0.0,0.0
31.6258,0.6295654344545025,-0.17626648188357164,0.7322243854765103,0.19085319074631416,-0.0135,0.0,9.541,0.0,1.0,1.0,0.0,0.0,0.0,-0.0346,-0.0135,0.0,0.0,0.0
31.6459,0.6295151440617816,-0.17626948032185036,0.7322978410375613,0.19073443767622464,-0.0135,0.0,9.6912,0.0,1.0,1.0,0.0,0.0,0.0,0.0462,-0.0135,0.0,0.0,0.0
31.666,0.6295729357454316,-0.1761455830933587,0.7322941094612256,0.19067246623980577,-0.0135,0.0,9.6189,0.0,1.0,1.0,0.0,0.0,0.0,-0.0539,-0.0135,0.0,0.0,0.0
31.686,0.6295085449251272,-0.17620563334138217,0.7323511636221278,0.19061043986709378,-0.0135,0.0,9.7713,0.0,1.0,1.0,0.0,0.0,0.0,0.0577,-0.0135,0.0,0.0,0.0
31.7061,0.6296238402614915,-0.17608176039966567,0.7322823685055884,0.1906084106349252,-0.0135,0.0,9.3877,0.0,1.0,1.0,0.0,0.0,0.0,-0.0616,-0.0135,0.0,0.0,0.0
31.7262,0.6295085835737138,-0.17608364579059987,0.7324122077691734,0.19048845320069246,-0.0135,0.0,9.65,0.0,1.0,1.0,0.0,0.0,0.0,0.0654,-0.0135,0.0,0.0,0.0
31.7463,0.6296452391770869,-0.1760267442552746,0.7323072564586703,0.19049288760080377,-0.0135,0.0,9.6017,0.0,1.0,1.0,0.0,0.0,0.0,-0.0654,-0.0135,0.0,0.0,0.0
31.7665,0.629515897193299,-0.17608569152728085,0.7324207169212436,0.1904296663990328,-0.0135,0.0,9.7143,0.0,1.0,1.0,0.0,0.0,0.0,0.0654,-0.0135,0.0,0.0,0.0
31.7875,0.6295662157308979,-0.17608270407033105,0.7323472918667681,0.19054843329969298,-0.0135,0.0,9.6554,0.0,1.0,1.0,0.0,0.0,0.0,-0.0539,-0.0135,0.0,0.0,0.0
31.8076,0.629450912172616,-0.1762065757290619,0.7324160799091466,0.19055045978800153,-0.0135,0.0,9.808,0.0,1.0,1.0,0.0,0.0,0.0,0.05,-0.0135,0.0,0.0,0.0
31.8276,0.6293411987294754,-0.17621029557598827,0.7324925425314774,0.1906154832392732,-0.0135,0.0,9.6412,0.0,1.0,1.0,0.0,0.0,0.0,-0.0462,-0.0135,0.0,0.0,0.0
31.8477,0.6291602252891331,-0.17627286483623233,0.7326169066962493,0.1906770989379006,-0.0135,0.0,9.8462,0.0,1.0,1.0,0.0,0.0,0.0,0.0423,-0.0135,0.0,0.0,0.0
31.8678,0.6290151886554343,-0.17620441119091174,0.7327120766292283,0.19085311283632878,-0.0135,0.0,9.6135,0.0,1.0,1.0,0.0,0.0,0.0,-0.0308,-0.0135,0.0,0.0,0.0
31.8879,0.6290219484067718,-0.17614530536956652,0.7327199507657032,0.19085516385132495,-0.0135,0.0,9.785,0.0,1.0,1.0,0.0,0.0,0.0,0.0231,-0.0135,0.0,0.0,0.0
31.9079,0.6288472557200271,-0.175964631197702,0.7329126290099548,0.19085768462014835,-0.0135,0.0,9.4944,0.0,1.0,1.0,0.0,0.0,0.0,-0.0115,-0.0135,0.0,0.0,0.0
31.928,0.6287957557892397,-0.1758452875542182,0.732984703676612,0.1908605682756987,-0.0135,0.0,9.6219,0.0,1.0,1.0,0.0,0.0,0.0,0.0077,-0.0135,0.0,0.0,0.0
31.9481,0.6286651748997987,-0.17578188773786468,0.7330967023023787,0.19091896418348775,-0.0135,0.0,9.4572,0.0,1.0,1.0,0.0,0.0,0.0,0.0038,-0.0135,0.0,0.0,0.0
31.9681,0.6287155292334016,-0.175778911291899,0.7330232897874244,0.1910377299776675,-0.0135,0.0,9.4895,0.0,1.0,1.0,0.0,0.0,0.0,-0.0115,-0.0135,0.0,0.0,0.0
31.9882,0.6286432162069613,-0.17565375148442036,0.7331320940903037,0.19097329373811242,-0.0135,0.0,9.4437,0.0,1.0,1.0,0.0,0.0,0.0,0.0231,-0.0135,0.0,0.0,0.0
32.0083,0.6288007437087346,-0.1756026759487621,0.7329905180744658,0.19104508714934962,-0.0135,0.0,9.3395,0.0,1.0,1.0,0.0,0.0,0.0,-0.0269,-0.0135,0.0,0.0,0.0
32.0284,0.6287284189094212,-0.17547751241254053,0.7330993184654676,0.190980646031563,-0.0135,0.0,9.5239,0.0,1.0,1.0,0.0,0.0,0.0,0.0385,-0.0135,0.0,0.0,0.0
32.0484,0.6288437577813812,-0.1753536536062088,0.7330305519706788,0.19097862274062838,-0.0135,0.0,9.3522,0.0,1.0,1.0,0.0,0.0,0.0,-0.0423,-0.0135,0.0,0.0,0.0
32.0685,0.6285971839105987,-0.17523093620758182,0.7332715484531972,0.1909778406112339,-0.0135,0.0,9.6769,0.0,1.0,1.0,0.0,0.0,0.0,0.05,-0.0135,0.0,0.0,0.0
32.0886,0.6284885048496551,-0.17517364921185744,0.733409091600081,0.1908598864402639,-0.0135,0.0,9.6031,0.0,1.0,1.0,0.0,0.0,0.0,-0.0539,-0.0135,0.0,0.0,0.0
32.1086,0.6284223506065589,-0.17498921146106672,0.7335260782461255,0.19079732090157983,-0.0135,0.0,9.3647,0.0,1.0,1.0,0.0,0.0,0.0,0.0577,-0.0135,0.0,0.0,0.0
32.1287,0.6285018610157794,-0.17493336299527473,0.7334856796786726,0.19074193801359257,-0.0135,0.0,9.4353,0.0,1.0,1.0,0.0,0.0,0.0,-0.0616,-0.0135,0.0,0.0,0.0
32.1488,0.6285018610157794,-0.17493336299527473,0.7334856796786726,0.19074193801359257,-0.0135,0.0,9.4353,0.0,1.0,1.0,0.0,0.0,0.0,0.0616,-0.0135,0.0,0.0,0.0
32.1688,0.6284149548250781,-0.17486515263796087,0.7335784452235461,0.1907340757402895,-0.0135,0.0,9.3902,0.0,1.0,1.0,0.0,0.0,0.0,-0.0616,-0.0135,0.0,0.0,0.0
32.1889,0.6283578350893744,-0.17492723247879638,0.733643975014958,0.1906132533255632,-0.0135,0.0,9.5086,0.0,1.0,1.0,0.0,0.0,0.0,0.0577,-0.0135,0.0,0.0,0.0
32.209,0.6286559015970994,-0.17498630251020947,0.7333908855943407,0.19055015152996438,-0.0135,0.0,9.3533,0.0,1.0,1.0,0.0,0.0,0.0,-0.0577,-0.0135,0.0,0.0,0.0
32.229,0.6285400081443072,-0.17498800226740713,0.7335210095045985,0.19043000246749678,-0.0135,0.0,9.7627,0.0,1.0,1.0,0.0,0.0,0.0,0.0539,-0.0135,0.0,0.0,0.0
32.2491,0.6287367024402729,-0.17511381636160314,0.73335298240631,0.19031214758805304,-0.0135,0.0,9.4768,0.0,1.0,1.0,0.0,0.0,0.0,-0.0462,-0.0135,0.0,0.0,0.0
32.2692,0.6286520094240938,-0.17522921524667134,0.7334473440102732,0.19012197856997215,-0.0135,0.0,9.7565,0.0,1.0,1.0,0.0,0.0,0.0,0.0385,-0.0135,0.0,0.0,0.0
32.2892,0.6288986221694018,-0.17522994431598474,0.7332673977826422,0.18999977104596025,-0.0135,0.0,9.5662,0.0,1.0,1.0,0.0,0.0,0.0,-0.0308,-0.0135,0.0,0.0,0.0
32.3093,0.6289069062435556,-0.17523225250652846,0.7333380567269677,0.18969727335036363,-0.0135,0.0,9.8276,0.0,1.0,1.0,0.0,0.0,0.0,0.0231,-0.0135,0.0,0.0,0.0
32.3294,0.6292036185530012,-0.17510794573651142,0.7331453991691294,0.18957277604362477,-0.0135,0.0,9.6855,0.0,1.0,1.0,0.0,0.0,0.0,-0.0115,-0.0135,0.0,0.0,0.0
32.3494,0.6292040156190489,-0.17504705691747124,0.7332068611516979,0.18938989770700596,-0.0135,0.0,9.7196,0.0,1.0,1.0,0.0,0.0,0.0,0.0077,-0.0135,0.0,0.0,0.0
32.3695,0.6293775956805865,-0.17492216283830986,0.7330727281758963,0.18944776115869078,-0.0135,0.0,9.5241,0.0,1.0,1.0,0.0,0.0,0.0,0.0038,-0.0135,0.0,0.0,0.0
32.3896,0.6292684518631618,-0.17498701333386987,0.7331498661267059,0.18945193177327385,-0.0135,0.0,9.7034,0.0,1.0,1.0,0.0,0.0,0.0,-0.0115,-0.0135,0.0,0.0,0.0
32.4096,0.6292814819407009,-0.1749296358195519,0.7331040463271117,0.1896388574564048,-0.0135,0.0,9.4796,0.0,1.0,1.0,0.0,0.0,0.0,0.0231,-0.0135,0.0,0.0,0.0
32.4297,0.6291442226382264,-0.17492539367946772,0.7332082670296227,0.18969525804943746,-0.0135,0.0,9.6199,0.0,1.0,1.0,0.0,0.0,0.0,-0.0269,-0.0135,0.0,0.0,0.0
32.4499,0.6291497870259126,-0.17474394084726397,0.7332147517987831,0.18981893574421313,-0.0135,0.0,9.3596,0.0,1.0,1.0,0.0,0.0,0.0,0.0385,-0.0135,0.0,0.0,0.0
32.4699,0.6292000474870902,-0.17461896040007363,0.7332022371163995,0.1898156958698306,-0.0135,0.0,9.6814,0.0,1.0,1.0,0.0,0.0,0.0,-0.0423,-0.0135,0.0,0.0,0.0
32.49,0.6292060886283483,-0.17437563888225982,0.7332702763382088,0.18975651882427058,-0.0135,0.0,9.4042,0.0,1.0,1.0,0.0,0.0,0.0,0.05,-0.0135,0.0,0.0,0.0
32.5101,0.6292060886283483,-0.17437563888225982,0.7332702763382088,0.18975651882427058,-0.0135,0.0,9.4042,0.0,1.0,1.0,0.0,0.0,0.0,-0.0539,-0.0135,0.0,0.0,0.0
32.5302,0.6292058859577224,-0.17425358370651975,0.7333310396521647,0.18963445869426726,-0.0135,0.0,9.8006,0.0,1.0,1.0,0.0,0.0,0.0,0.0577,-0.0135,0.0,0.0,0.0
32.5503,0.6293352773925903,-0.17419463036282049,0.7332176533145539,0.18969768646414886,-0.0135,0.0,9.5925,0.0,1.0,1.0,0.0,0.0,0.0,-0.0616,-0.0135,0.0,0.0,0.0
32.5704,0.6292714680641528,-0.1743158526472987,0.733275380147551,0.1895748397485694,-0.0135,0.0,9.6646,0.0,1.0,1.0,0.0,0.0,0.0,0.0616,-0.0135,0.0,0.0,0.0
32.5904,0.6293437350700826,-0.17431897345678132,0.733227507074014,0.18951723270203794,-0.0135,0.0,9.4242,0.0,1.0,1.0,0.0,0.0,0.0,-0.0616,-0.0135,0.0,0.0,0.0
32.6105,0.6292085553879393,-0.1744373222730713,0.7333951506003613,0.18920826488474712,-0.0135,0.0,9.5857,0.0,1.0,1.0,0.0,0.0,0.0,0.0577,-0.0135,0.0,0.0,0.0
32.6306,0.6291299126376155,-0.17449442860250175,0.733497580303356,0.18901996481957858,-0.0135,0.0,9.321,0.0,1.0,1.0,0.0,0.0,0.0,-0.0577,-0.0135,0.0,0.0,0.0
32.6507,0.6291016894342992,-0.17456452109215187,0.7335967971759033,0.1886638054848755,-0.0135,0.0,9.6852,0.0,1.0,1.0,0.0,0.0,0.0,0.05,-0.0135,0.0,0.0,0.0
32.6707,0.6290229978513113,-0.17455961185817298,0.7336981654481176,0.18853650071044614,-0.0135,0.0,9.6852,0.0,1.0,1.0,0.0,0.0,0.0,-0.0462,-0.0135,0.0,0.0,0.0
32.6908,0.6290229978513113,-0.17455961185817298,0.7336981654481176,0.18853650071044614,-0.0135,0.0,9.6852,0.0,1.0,1.0,0.0,0.0,0.0,0.0385,-0.0135,0.0,0.0,0.0
32.7109,0.6290229978513113,-0.17455961185817298,0.7336981654481176,0.18853650071044614,-0.0135,0.0,9.6852,0.0,1.0,1.0,0.0,0.0,0.0,-0.0308,-0.0135,0.0,0.0,0.0
32.7309,0.6290229978513113,-0.17455961185817298,0.7336981654481176,0.18853650071044614,-0.0135,0.0,9.6852,0.0,1.0,1.0,0.0,0.0,0.0,0.0231,-0.0135,0.0,0.0,0.0
32.751,0.6290229978513113,-0.17455961185817298,0.7336981654481176,0.18853650071044614,-0.0135,0.0,9.6852,0.0,1.0,1.0,0.0,0.0,0.0,-0.0115,-0.0135,0.0,0.0,0.0
32.7711,0.6290229978513113,-0.17455961185817298,0.7336981654481176,0.18853650071044614,-0.0135,0.0,9.6852,0.0,1.0,1.0,0.0,0.0,0.0,0.0077,-0.0135,0.0,0.0,0.0
32.7911,0.6290229978513113,-0.17455961185817298,0.7336981654481176,0.18853650071044614,-0.0135,0.0,9.6852,0.0,1.0,1.0,0.0,0.0,0.0,0.0038,-0.0135,0.0,0.0,0.0
32.8113,0.6290229978513113,-0.17455961185817298,0.7336981654481176,0.18853650071044614,-0.0135,0.0,9.6852,0.0,1.0,1.0,0.0,0.0,0.0,-0.0115,-0.0135,0.0,0.0,0.0
32.8313,0.6290229978513113,-0.17455961185817298,0.7336981654481176,0.18853650071044614,-0.0135,0.0,9.6852,0.0,1.0,1.0,0.0,0.0,0.0,0.0231,-0.0135,0.0,0.0,0.0
32.8514,0.6290229978513113,-0.17455961185817298,0.7336981654481176,0.18853650071044614,-0.0135,0.0,9.6852,0.0,1.0,1.0,0.0,0.0,0.0,-0.0269,-0.0135,0.0,0.0,0.0
32.8715,0.6290229978513113,-0.17455961185817298,0.7336981654481176,0.18853650071044614,-0.0135,0.0,9.8845,0.0,1.0,1.0,0.0,0.0,0.0,0.0385,-0.0135,0.0,0.0,0.0
32.8915,0.6290229978513113,-0.17455961185817298,0.7336981654481176,0.18853650071044614,-0.0135,0.0,9.6852,0.0,1.0,1.0,0.0,0.0,0.0,-0.0423,-0.0135,0.0,0.0,0.0
32.9116,0.6290229978513113,-0.17455961185817298,0.7336981654481176,0.18853650071044614,-0.0135,0.0,9.7348,0.0,1.0,1.0,0.0,0.0,0.0,0.05,-0.0135,0.0,0.0,0.0
32.9317,0.6290229978513113,-0.17455961185817298,0.7336981654481176,0.18853650071044614,-0.0135,0.0,9.3601,0.0,1.0,1.0,0.0,0.0,0.0,-0.0539,-0.0135,0.0,0.0,0.0
32.9517,0.6290229978513113,-0.17455961185817298,0.7336981654481176,0.18853650071044614,-0.0135,0.0,9.6302,0.0,1.0,1.0,0.0,0.0,0.0,0.0577,-0.0135,0.0,0.0,0.0
32.9718,0.05682496705807527,0.7888314244829094,0.04357974164831524,-0.6104233883010862,-0.0135,0.0,9.3674,0.0,1.0,1.0,0.0,0.0,0.0,-0.0616,-0.0135,0.0,0.0,0.0
32.9919,0.05688636584953666,0.7890199444783382,0.04345804343365245,-0.610182650570099,-0.0135,0.0,9.5871,0.0,1.0,1.0,0.0,0.0,0.0,0.0616,-0.0135,0.0,0.0,0.0
33.0119,0.05706695313657706,0.7889865264546227,0.04333420505666169,-0.6102178058733487,-0.0135,0.0,9.6493,0.0,1.0,1.0,0.0,0.0,0.0,-0.0616,-0.0135,0.0,0.0,0.0
33.032,0.057130239404913075,0.7892021212478132,0.04327493882280836,-0.609937232207849,-0.0135,0.0,9.6992,0.0,1.0,1.0,0.0,0.0,0.0,0.0577,-0.0135,0.0,0.0,0.0
33.0521,0.057310812965002345,0.7891686545537655,0.043151106244168624,-0.6099723661093137,-0.0135,0.0,9.5734,0.0,1.0,1.0,0.0,0.0,0.0,-0.0577,-0.0135,0.0,0.0,0.0
33.0722,0.05737326900395173,0.7892497005262568,0.04309120204014594,-0.6098658594557902,-0.0135,0.0,9.7156,0.0,1.0,1.0,0.0,0.0,0.0,0.05,-0.0135,0.0,0.0,0.0
33.0922,0.057494539199242134,0.7893006740018471,0.042968655619658125,-0.6097971126667754,-0.0135,0.0,9.5526,0.0,1.0,1.0,0.0,0.0,0.0,-0.0462,-0.0135,0.0,0.0,0.0
33.1123,0.05755407552351566,0.7894026041846798,0.0429675632630821,-0.6096596143786402,-0.0135,0.0,9.6802,0.0,1.0,1.0,0.0,0.0,0.0,0.0385,-0.0135,0.0,0.0,0.0
33.1324,0.057616381516988,0.789481525311052,0.04296853875424722,-0.6095514567702621,-0.0135,0.0,9.4896,0.0,1.0,1.0,0.0,0.0,0.0,-0.0308,-0.0135,0.0,0.0,0.0
33.1524,0.05761822134410649,0.7895067353204539,0.043091913427267925,-0.609509919894629,-0.0135,0.0,9.6571,0.0,1.0,1.0,0.0,0.0,0.0,0.0231,-0.0135,0.0,0.0,0.0
33.1725,0.05767853778908971,0.7895583617655524,0.04303040121128565,-0.6094416823751109,-0.0135,0.0,9.4438,0.0,1.0,1.0,0.0,0.0,0.0,-0.0115,-0.0135,0.0,0.0,0.0
33.1926,0.057617739837099,0.7895611383119794,0.04303055253120386,-0.6094438255265329,-0.0135,0.0,9.5424,0.0,1.0,1.0,0.0,0.0,0.0,0.0077,-0.0135,0.0,0.0,0.0
33.2127,0.057616774929784634,0.7896699152876379,0.042907832387788454,-0.6093116198269052,-0.0135,0.0,9.5138,0.0,1.0,1.0,0.0,0.0,0.0,0.0038,-0.0135,0.0,0.0,0.0
33.2328,0.05761662401890526,0.7896678469701817,0.04296871960477532,-0.6093100239070975,-0.0135,0.0,9.5455,0.0,1.0,1.0,0.0,0.0,0.0,-0.0115,-0.0135,0.0,0.0,0.0
33.2528,0.05761686116410109,0.7898540967358979,0.042968896460424295,-0.6090685323640427,-0.0135,0.0,9.5622,0.0,1.0,1.0,0.0,0.0,0.0,0.0231,-0.0135,0.0,0.0,0.0
33.2729,0.05761749635278496,0.7898018038417092,0.04296937016475738,-0.6091362474767557,-0.0135,0.0,9.3799,0.0,1.0,1.0,0.0,0.0,0.0,-0.0269,-0.0135,0.0,0.0,0.0
33.293,0.0575549439688996,0.7899635055713277,0.04290721272877801,-0.6089368270896771,-0.0135,0.0,9.6597,0.0,1.0,1.0,0.0,0.0,0.0,0.0385,-0.0135,0.0,0.0,0.0
33.313,0.05755684877448736,0.7898066470541081,0.04290863276140988,-0.6091399828141681,-0.0135,0.0,9.3576,0.0,1.0,1.0,0.0,0.0,0.0,-0.0423,-0.0135,0.0,0.0,0.0
33.3331,0.057433349053880985,0.7899690465384056,0.042907513688824235,-0.608941098298268,-0.0135,0.0,9.7434,0.0,1.0,1.0,0.0,0.0,0.0,0.05,-0.0135,0.0,0.0,0.0
33.3532,0.057431999633664695,0.7898894880145119,0.04284550768366536,-0.6090487867269585,-0.0135,0.0,9.4896,0.0,1.0,1.0,0.0,0.0,0.0,-0.0539,-0.0135,0.0,0.0,0.0
33.3732,0.05725196248128006,0.7901132828502448,0.04284772032690104,-0.6087752343175917,-0.0135,0.0,9.8746,0.0,1.0,1.0,0.0,0.0,0.0,0.0577,-0.0135,0.0,0.0,0.0
33.3933,0.057189186599065245,0.790088762579497,0.042785391464025324,-0.6088173408001835,-0.0135,0.0,9.6966,0.0,1.0,1.0,0.0,0.0,0.0,-0.0616,-0.0135,0.0,0.0,0.0
33.4134,0.05694542604703906,0.790336034202948,0.04284656814943083,-0.6085148667785318,-0.0135,0.0,9.8536,0.0,1.0,1.0,0.0,0.0,0.0,0.0577,-0.0135,0.0,0.0,0.0
33.4335,0.05682367300294916,0.7903394519189584,0.04290775308339001,-0.6085174982301078,-0.0135,0.0,9.4516,0.0,2.0,1.0,0.0,0.0,0.0,-0.0577,-0.0135,0.0,0.0,0.0
33.4536,0.05664018744994721,0.7904546602780667,0.04284638533337854,-0.608389272155735,-0.0135,0.0,9.6134,0.0,2.0,1.0,0.0,0.0,0.0,0.0577,-0.0135,0.0,0.0,0.0
33.4736,0.05664189012982291,0.7902954195276714,0.04290867431172563,-0.6085915640434999,-0.0135,0.0,9.389,0.0,2.0,1.0,0.0,0.0,0.0,-0.0577,-0.0135,0.0,0.0,0.0
33.4937,0.05645674974276249,0.7903264979045292,0.04290704980627125,-0.6085685230073665,-0.0135,0.0,9.6252,0.0,2.0,1.0,0.0,0.0,0.0,0.05,-0.0135,0.0,0.0,0.0
33.5138,0.056336785737934436,0.7901250450260409,0.04284835818786342,-0.6088452989027012,-0.0135,0.0,9.4685,0.0,2.0,1.0,0.0,0.0,0.0,-0.0462,-0.0135,0.0,0.0,0.0
33.5339,0.0562726420732908,0.790202931450404,0.04284596607517327,-0.6087503101209597,-0.0135,0.0,9.7804,0.0,2.0,1.0,0.0,0.0,0.0,0.0385,-0.0135,0.0,0.0,0.0
33.5539,0.05621307994778885,0.790101123703555,0.04284706093826901,-0.6088878659770743,-0.0135,0.0,9.5799,0.0,2.0,1.0,0.0,0.0,0.0,-0.0308,-0.0135,0.0,0.0,0.0
33.574,0.05609153796858347,0.7902905796014705,0.04290841153047704,-0.6086488374928701,-0.0135,0.0,9.8139,0.0,2.0,1.0,0.0,0.0,0.0,0.0231,-0.0135,0.0,0.0,0.0
33.5941,0.05615103008294109,0.7902083504452532,0.0428462599010504,-0.6087544847635279,-0.0135,0.0,9.6675,0.0,2.0,1.0,0.0,0.0,0.0,-0.0115,-0.0135,0.0,0.0,0.0
33.6141,0.0561526398506792,0.7902920052556326,0.04278648754543318,-0.6086499354722348,-0.0135,0.0,9.7375,0.0,2.0,1.0,0.0,0.0,0.0,0.0077,-0.0135,0.0,0.0,0.0
33.6342,0.056275941276832504,0.7901882580808764,0.0426044696701301,-0.6087860004867424,-0.0135,0.0,9.5733,0.0,2.0,1.0,0.0,0.0,0.0,0.0038,-0.0135,0.0,0.0,0.0
33.6543,0.05633642106118758,0.79024193350162,0.042481071566153494,-0.6087193546752305,-0.0135,0.0,9.7259,0.0,2.0,1.0,0.0,0.0,0.0,-0.0115,-0.0135,0.0,0.0,0.0
33.6743,0.056396486601193396,0.7901678177403644,0.0421753638982435,-0.6088312531289131,-0.0135,0.0,9.4824,0.0,2.0,1.0,0.0,0.0,0.0,0.0231,-0.0135,0.0,0.0,0.0
33.6944,0.05633625785668506,0.7901786428383083,0.04193193624192193,-0.6088395939620861,-0.0135,0.0,9.6982,0.0,2.0,1.0,0.0,0.0,0.0,-0.0269,-0.0135,0.0,0.0,0.0
33.7145,0.05639554603248542,0.7901546394881679,0.04168666443464475,-0.6088820986786643,-0.0135,0.0,9.4114,0.0,2.0,1.0,0.0,0.0,0.0,0.0385,-0.0135,0.0,0.0,0.0
33.7345,0.05645811556017,0.790101617203768,0.041626085201524,-0.6089492464156437,-0.0135,0.0,9.775,0.0,2.0,1.0,0.0,0.0,0.0,-0.0423,-0.0135,0.0,0.0,0.0
33.7546,0.05645888249900589,0.7900513491556924,0.04156564970546573,-0.6090185194629113,-0.0135,0.0,9.4616,0.0,2.0,1.0,0.0,0.0,0.0,0.05,-0.0135,0.0,0.0,0.0
33.7747,0.056334942823273115,0.7899771982185795,0.04150395787586997,-0.6091303817676967,-0.0135,0.0,9.7485,0.0,2.0,1.0,0.0,0.0,0.0,-0.0577,-0.0135,0.0,0.0,0.0
33.7947,0.05621361309885725,0.7899866160605037,0.04138245134144991,-0.609137643614823,-0.0135,0.0,9.6864,0.0,2.0,1.0,0.0,0.0,0.0,0.0654,-0.0135,0.0,0.0,0.0
33.8148,0.055968488923726134,0.7899097869385374,0.04156462045265574,-0.6092474366568448,-0.0135,0.0,9.8691,0.0,2.0,1.0,0.0,0.0,0.0,-0.0616,-0.0135,0.0,0.0,0.0
33.8349,0.0558479593663011,0.789808567473773,0.041626715071206355,-0.6093854681332884,-0.0135,0.0,9.4891,0.0,2.0,1.0,0.0,0.0,0.0,0.0616,-0.0135,0.0,0.0,0.0
33.8549,0.0558479593663011,0.789808567473773,0.041626715071206355,-0.6093854681332884,-0.0135,0.0,9.4891,0.0,2.0,1.0,0.0,0.0,0.0,-0.0577,-0.0135,0.0,0.0,0.0
33.875,0.05566392567117473,0.7897329454584561,0.04168694433483522,-0.6094961861311436,-0.0135,0.0,9.6965,0.0,2.0,1.0,0.0,0.0,0.0,0.0539,-0.0135,0.0,0.0,0.0
33.8951,0.05554253463912645,0.7894975995146724,0.04174840186011053,-0.6098078698644012,-0.0135,0.0,9.4491,0.0,2.0,1.0,0.0,0.0,0.0,-0.05,-0.0135,0.0,0.0,0.0
33.9151,0.0554818034315433,0.7892574292304,0.04187060632790912,-0.6101158350824352,-0.0135,0.0,9.7186,0.0,2.0,1.0,0.0,0.0,0.0,0.05,-0.0135,0.0,0.0,0.0
33.9352,0.05541939089361576,0.7891763262789274,0.041930539147603925,-0.6102222931364175,-0.0135,0.0,9.4863,0.0,2.0,1.0,0.0,0.0,0.0,-0.0346,-0.0135,0.0,0.0,0.0
33.9553,0.05535951270237727,0.7890693078264284,0.04205338947006054,-0.6103576527199082,-0.0135,0.0,9.7887,0.0,2.0,1.0,0.0,0.0,0.0,0.0269,-0.0135,0.0,0.0,0.0
33.9754,0.05529930142401385,0.7890195689328423,0.04205398970639185,-0.6104273659108203,-0.0135,0.0,9.7484,0.0,2.0,1.0,0.0,0.0,0.0,-0.0115,-0.0135,0.0,0.0,0.0
33.9954,0.05529830387449834,0.7888833350611306,0.04211423142556019,-0.6105993553573946,-0.0135,0.0,9.7525,0.0,2.0,1.0,0.0,0.0,0.0,0.0077,-0.0135,0.0,0.0,0.0
34.0155,0.05529844583252159,0.7888853602284679,0.04205333904653042,-0.610600922846294,-0.0135,0.0,9.8456,0.0,2.0,1.0,0.0,0.0,0.0,0.0038,-0.0135,0.0,0.0,0.0
34.0356,0.055296726744432034,0.7886168414064736,0.04205203171513633,-0.6109479323887248,-0.0135,0.0,9.4187,0.0,2.0,1.0,0.0,0.0,0.0,-0.0115,-0.0135,0.0,0.0,0.0
34.0556,0.05536034344949226,0.7885931370750906,0.04199301905979309,-0.6109768267958006,-0.0135,0.0,9.7332,0.0,2.0,1.0,0.0,0.0,0.0,0.0192,-0.0135,0.0,0.0,0.0
34.0757,0.05554073021918021,0.7883729760943017,0.041869042783426624,-0.6112530254381843,-0.0135,0.0,9.3897,0.0,2.0,1.0,0.0,0.0,0.0,-0.0269,-0.0135,0.0,0.0,0.0
34.0958,0.05548227110834287,0.7884090625867871,0.041748956475750394,-0.6112200031550588,-0.0135,0.0,9.6509,0.0,2.0,1.0,0.0,0.0,0.0,0.0385,-0.0135,0.0,0.0,0.0
34.1158,0.05554309444846762,0.7882235315443767,0.04162682023535209,-0.6114620485491258,-0.0135,0.0,9.185,0.0,2.0,1.0,0.0,0.0,0.0,-0.0462,-0.0135,0.0,0.0,0.0
34.1359,0.05566365926694622,0.7883251744379083,0.041564745570397854,-0.611324257910745,-0.0135,0.0,9.5404,0.0,2.0,1.0,0.0,0.0,0.0,0.0577,-0.0135,0.0,0.0,0.0
34.156,0.05578662443500882,0.7882168227273764,0.04150446457087104,-0.6114568442043907,-0.0135,0.0,9.4736,0.0,2.0,1.0,0.0,0.0,0.0,-0.0577,-0.0135,0.0,0.0,0.0
34.1761,0.05572682976301274,0.7883558852772692,0.04144436080517805,-0.6112870713099596,-0.0135,0.0,9.6395,0.0,2.0,1.0,0.0,0.0,0.0,0.0616,-0.0135,0.0,0.0,0.0
34.1961,0.055786445497855996,0.7882752949870836,0.04132132998273613,-0.6113938824523837,-0.0135,0.0,9.5612,0.0,2.0,1.0,0.0,0.0,0.0,-0.0616,-0.0135,0.0,0.0,0.0
34.2162,0.055725173425117555,0.788332453409115,0.041260128407722856,-0.6113299025505657,-0.0135,0.0,9.6872,0.0,2.0,1.0,0.0,0.0,0.0,0.0577,-0.0135,0.0,0.0,0.0
34.2363,0.055786726317807886,0.788279263037538,0.04119953639922868,-0.6113969601103905,-0.0135,0.0,9.6557,0.0,2.0,1.0,0.0,0.0,0.0,-0.0577,-0.0135,0.0,0.0,0.0
34.2563,0.055786726317807886,0.788279263037538,0.04119953639922868,-0.6113969601103905,-0.0135,0.0,9.796,0.0,2.0,1.0,0.0,0.0,0.0,0.0577,-0.0135,0.0,0.0,0.0
34.2764,0.05590848737905173,0.7882758717499778,0.04113835862129638,-0.6113943297952186,-0.0135,0.0,9.6273,0.0,2.0,1.0,0.0,0.0,0.0,-0.05,-0.0135,0.0,0.0,0.0
34.2965,0.05590640226344562,0.7882464728805187,0.04113682435990623,-0.6114325260067228,-0.0135,0.0,9.8077,0.0,2.0,1.0,0.0,0.0,0.0,0.0462,-0.0135,0.0,0.0,0.0
34.3165,0.05596734988994929,0.7882457598027551,0.041075788944405896,-0.6114319728815857,-0.0135,0.0,9.5704,0.0,2.0,1.0,0.0,0.0,0.0,-0.0385,-0.0135,0.0,0.0,0.0
34.3366,0.05602862030299577,0.7881885909652628,0.04113698700740048,-0.6114959419972379,-0.0135,0.0,9.7143,0.0,2.0,1.0,0.0,0.0,0.0,0.0308,-0.0135,0.0,0.0,0.0
34.3567,0.056213599923171695,0.7881554113576571,0.041199439688946564,-0.6115175262415924,-0.0135,0.0,9.5465,0.0,2.0,1.0,0.0,0.0,0.0,-0.0192,-0.0135,0.0,0.0,0.0
34.3767,0.05615204524542716,0.788208635111975,0.04126003324594546,-0.6114504926862162,-0.0135,0.0,9.7385,0.0,2.0,1.0,0.0,0.0,0.0,0.0154,-0.0135,0.0,0.0,0.0
34.3968,0.05602922397997518,0.7881360841004011,0.04113743023537792,-0.611563529678411,-0.0135,0.0,9.6178,0.0,2.0,1.0,0.0,0.0,0.0,-0.0038,-0.0135,0.0,0.0,0.0
34.4169,0.05590774759984374,0.7881434418611661,0.04107681455531925,-0.6115692390200268,-0.0135,0.0,9.7609,0.0,2.0,1.0,0.0,0.0,0.0,-0.0038,-0.0135,0.0,0.0,0.0
34.437,0.05584591651308529,0.7880097115373076,0.04113720188220149,-0.6117431313492665,-0.0135,0.0,9.64,0.0,2.0,1.0,0.0,0.0,0.0,0.0115,-0.0135,0.0,0.0,0.0
34.4571,0.05572535570265625,0.7879080293259758,0.04119926298059657,-0.6118809057204886,-0.0135,0.0,9.7375,0.0,2.0,1.0,0.0,0.0,0.0,-0.0192,-0.0135,0.0,0.0,0.0
34.4772,0.05578478865193337,0.7878248926454035,0.04113710672145782,-0.6119867109128312,-0.0135,0.0,9.5336,0.0,2.0,1.0,0.0,0.0,0.0,0.0308,-0.0135,0.0,0.0,0.0
34.4972,0.05572503414524649,0.7877204826719351,0.041199025244504583,-0.6121223750750397,-0.0135,0.0,9.6305,0.0,2.0,1.0,0.0,0.0,0.0,-0.0346,-0.0135,0.0,0.0,0.0
34.5173,0.055725630845686214,0.7876679168467,0.04119946640128186,-0.6121899303365586,-0.0135,0.0,9.4318,0.0,2.0,1.0,0.0,0.0,0.0,0.0423,-0.0135,0.0,0.0,0.0
34.5374,0.055723865381846927,0.787581963696939,0.041320158662060236,-0.612292532842204,-0.0135,0.0,9.5384,0.0,2.0,1.0,0.0,0.0,0.0,-0.0462,-0.0135,0.0,0.0,0.0
34.5575,0.055663055724179455,0.7875846393046187,0.041320299036699315,-0.6122946129490103,-0.0135,0.0,9.4631,0.0,2.0,1.0,0.0,0.0,0.0,0.0539,-0.0135,0.0,0.0,0.0
34.5775,0.05566455844317797,0.7874228996574989,0.041443415772503545,-0.6124941447209189,-0.0135,0.0,9.4538,0.0,2.0,1.0,0.0,0.0,0.0,-0.0577,-0.0135,0.0,0.0,0.0
34.5976,0.05566384975442688,0.7872898749795606,0.04138188830370986,-0.6126693463081073,-0.0135,0.0,9.4589,0.0,2.0,1.0,0.0,0.0,0.0,0.0577,-0.0135,0.0,0.0,0.0
34.6177,0.0556033495568381,0.7872359490491376,0.041504260921299496,-0.6127358520342518,-0.0135,0.0,9.7711,0.0,2.0,1.0,0.0,0.0,0.0,-0.0577,-0.0135,0.0,0.0,0.0
34.6378,0.05566385544694414,0.7870459561261587,0.04150389221884832,-0.6129744081712784,-0.0135,0.0,9.5336,0.0,2.0,1.0,0.0,0.0,0.0,0.0616,-0.0135,0.0,0.0,0.0
34.6579,0.0556020038547928,0.7869119019735753,0.0415642553499716,-0.6131480150639519,-0.0135,0.0,9.6509,0.0,2.0,1.0,0.0,0.0,0.0,-0.0616,-0.0135,0.0,0.0,0.0
34.678,0.05572553455939466,0.7867505470769292,0.04150439814002921,-0.6133478836739036,-0.0135,0.0,9.4721,0.0,2.0,1.0,0.0,0.0,0.0,0.0539,-0.0135,0.0,0.0,0.0
34.6981,0.05578724187662687,0.7866385113152782,0.04162692665465306,-0.6134776565913137,-0.0135,0.0,9.5646,0.0,2.0,1.0,0.0,0.0,0.0,-0.05,-0.0135,0.0,0.0,0.0
34.7182,0.0559075033567053,0.7865530128112275,0.04156463076878908,-0.6135805493780384,-0.0135,0.0,9.3949,0.0,2.0,1.0,0.0,0.0,0.0,0.0462,-0.0135,0.0,0.0,0.0
34.7383,0.05602890112697573,0.7863615773965346,0.041503186014171134,-0.6138189614076863,-0.0135,0.0,9.4386,0.0,2.0,1.0,0.0,0.0,0.0,-0.0346,-0.0135,0.0,0.0,0.0
34.7584,0.05621430082212287,0.7863341960978488,0.04138295761871986,-0.6138452046313934,-0.0135,0.0,9.5132,0.0,2.0,1.0,0.0,0.0,0.0,0.0269,-0.0135,0.0,0.0,0.0
34.7785,0.056274326787399465,0.7861985654883739,0.041321239954191014,-0.6140175656260138,-0.0135,0.0,9.3411,0.0,2.0,1.0,0.0,0.0,0.0,-0.0115,-0.0135,0.0,0.0,0.0
34.7986,0.056274160118389815,0.7862572371589835,0.041138117051397305,-0.6139547469020475,-0.0135,0.0,9.7217,0.0,2.0,1.0,0.0,0.0,0.0,0.0038,-0.0135,0.0,0.0,0.0
34.8186,0.05645737982795263,0.7860633652647698,0.04107654878303902,-0.6141902532535518,-0.0135,0.0,9.3942,0.0,2.0,1.0,0.0,0.0,0.0,0.0038,-0.0135,0.0,0.0,0.0
34.8387,0.05651787446986023,0.7861173447975839,0.04095418441432308,-0.6141237699786284,-0.0135,0.0,9.8187,0.0,2.0,1.0,0.0,0.0,0.0,-0.0115,-0.0135,0.0,0.0,0.0
34.8588,0.05670053454738294,0.7858686888453367,0.040953941525661786,-0.6144251198869275,-0.0135,0.0,9.5576,0.0,2.0,1.0,0.0,0.0,0.0,0.0231,-0.0135,0.0,0.0,0.0
34.8788,0.05676360561056277,0.7858973847344147,0.04089443630249207,-0.6143865548864148,-0.0135,0.0,9.8036,0.0,2.0,1.0,0.0,0.0,0.0,-0.0269,-0.0135,0.0,0.0,0.0
34.8989,0.05688500520708295,0.78570607192118,0.04083300373773102,-0.6146240562608448,-0.0135,0.0,9.5799,0.0,2.0,1.0,0.0,0.0,0.0,0.0385,-0.0135,0.0,0.0,0.0
34.919,0.05688455525200498,0.7857608565826176,0.04077068123722439,-0.6145581951188881,-0.0135,0.0,9.7661,0.0,2.0,1.0,0.0,0.0,0.0,-0.0423,-0.0135,0.0,0.0,0.0
34.939,0.057006584649912706,0.7855162767268705,0.04070970338902158,-0.6148635201031891,-0.0135,0.0,9.5052,0.0,2.0,1.0,0.0,0.0,0.0,0.05,-0.0135,0.0,0.0,0.0
34.9591,0.056945783010671214,0.785519006815377,0.04070984487697871,-0.6148656570822424,-0.0135,0.0,9.6527,0.0,2.0,1.0,0.0,0.0,0.0,-0.05,-0.0135,0.0,0.0,0.0
34.9792,0.056946967790164844,0.7854133477750048,0.04071069186137067,-0.6150004516783171,-0.0135,0.0,9.5148,0.0,2.0,1.0,0.0,0.0,0.0,0.0577,-0.0135,0.0,0.0,0.0
34.9992,0.05682403661386942,0.785522506141771,0.04077102627030971,-0.6148683961828929,-0.0135,0.0,9.658,0.0,2.0,1.0,0.0,0.0,0.0,-0.0616,-0.0135,0.0,0.0,0.0
35.0193,0.05676264211982174,0.78557804704501,0.04077074294641331,-0.6148031237559896,-0.0135,0.0,9.4986,0.0,2.0,1.0,0.0,0.0,0.0,0.0577,-0.0135,0.0,0.0,0.0
35.0394,0.05664273303044221,0.7856070362856217,0.040956253089842416,-0.6147648092288668,-0.0135,0.0,9.7084,0.0,2.0,1.0,0.0,0.0,0.0,-0.0577,-0.0135,0.0,0.0,0.0
35.0596,0.056640467234482746,0.7855756108025399,0.04101561420330763,-0.6148012171224139,-0.0135,0.0,9.5021,0.0,2.0,1.0,0.0,0.0,0.0,0.0577,-0.0135,0.0,0.0,0.0
35.0797,0.056457628495827646,0.7855778307173087,0.04119872890289445,-0.614802954455247,-0.0135,0.0,9.7797,0.0,2.0,1.0,0.0,0.0,0.0,-0.0577,-0.0135,0.0,0.0,0.0
35.0997,0.05639505237491155,0.785631798763873,0.04125930670595179,-0.6147356703891655,-0.0135,0.0,9.4957,0.0,2.0,1.0,0.0,0.0,0.0,0.05,-0.0135,0.0,0.0,0.0
35.1198,0.0562739300725104,0.7855820238147802,0.04132094865348495,-0.6148062360253385,-0.0135,0.0,9.8306,0.0,2.0,1.0,0.0,0.0,0.0,-0.0423,-0.0135,0.0,0.0,0.0
35.1399,0.056211765070485364,0.7856887390189243,0.04138109088906189,-0.6146714961370379,-0.0135,0.0,9.5841,0.0,2.0,1.0,0.0,0.0,0.0,0.0385,-0.0135,0.0,0.0,0.0
35.16,0.05615188976670504,0.7855814578037721,0.041503918522534045,-0.6148057930581029,-0.0135,0.0,9.745,0.0,2.0,1.0,0.0,0.0,0.0,-0.0308,-0.0135,0.0,0.0,0.0
35.1801,0.05615188976670504,0.7855814578037721,0.041503918522534045,-0.6148057930581029,-0.0135,0.0,9.745,0.0,2.0,1.0,0.0,0.0,0.0,0.0231,-0.0135,0.0,0.0,0.0
35.2001,0.05609180793993618,0.7855333147313217,0.041443596948793626,-0.6148768566153695,-0.0135,0.0,9.4986,0.0,2.0,1.0,0.0,0.0,0.0,-0.0115,-0.0135,0.0,0.0,0.0
35.2202,0.05608926189031127,0.7855586568892771,0.041380717682780954,-0.6148489468893749,-0.0135,0.0,9.587,0.0,2.0,1.0,0.0,0.0,0.0,0.0077,-0.0135,0.0,0.0,0.0
35.2403,0.05621384999140222,0.7855338778031099,0.04126062388851781,-0.6148772973602809,-0.0135,0.0,9.4318,0.0,2.0,1.0,0.0,0.0,0.0,0.0038,-0.0135,0.0,0.0,0.0
35.2604,0.056211156408799035,0.7855572356055283,0.041258646815275024,-0.6148478344647222,-0.0135,0.0,9.489,0.0,2.0,1.0,0.0,0.0,0.0,-0.0115,-0.0135,0.0,0.0,0.0
35.2805,0.056211579871412565,0.7855631535431997,0.041075962257449805,-0.6148524663756727,-0.0135,0.0,9.4589,0.0,2.0,1.0,0.0,0.0,0.0,0.0192,-0.0135,0.0,0.0,0.0
35.3005,0.05621244628430167,0.7855142623616815,0.04095459658039214,-0.61492294275629,-0.0135,0.0,9.7275,0.0,2.0,1.0,0.0,0.0,0.0,-0.0269,-0.0135,0.0,0.0,0.0
35.3206,0.056335067903881264,0.7854619467622337,0.04077104914367874,-0.6149907412835344,-0.0135,0.0,9.6026,0.0,2.0,1.0,0.0,0.0,0.0,0.0385,-0.0135,0.0,0.0,0.0
35.3407,0.05639631764452502,0.7854044236827075,0.04083322998756822,-0.6150544642099222,-0.0135,0.0,9.7814,0.0,2.0,1.0,0.0,0.0,0.0,-0.0462,-0.0135,0.0,0.0,0.0
35.3607,0.05651848132032322,0.7854537917575053,0.04077062584106067,-0.6149843561843913,-0.0135,0.0,9.8288,0.0,2.0,1.0,0.0,0.0,0.0,0.0577,-0.0135,0.0,0.0,0.0
35.3808,0.056581189413803634,0.7852945079620516,0.04071085579773692,-0.6151859320476813,-0.0135,0.0,9.5765,0.0,2.0,1.0,0.0,0.0,0.0,-0.0539,-0.0135,0.0,0.0,0.0
35.4009,0.056641547682601656,0.7853465937308086,0.040649393050088856,-0.6151179477435161,-0.0135,0.0,9.7332,0.0,2.0,1.0,0.0,0.0,0.0,0.0577,-0.0135,0.0,0.0,0.0
35.4209,0.05670198840226154,0.7851558394054188,0.04064899168571717,-0.6153558741360454,-0.0135,0.0,9.491,0.0,2.0,1.0,0.0,0.0,0.0,-0.0616,-0.0135,0.0,0.0,0.0
35.441,0.056642135649528705,0.7852937447889434,0.04064981501064064,-0.6151853341912655,-0.0135,0.0,9.7711,0.0,2.0,1.0,0.0,0.0,0.0,0.0577,-0.0135,0.0,0.0,0.0
35.4611,0.05670212889485887,0.7851577848148535,0.04058809226455051,-0.6153573988258754,-0.0135,0.0,9.3993,0.0,2.0,1.0,0.0,0.0,0.0,-0.0577,-0.0135,0.0,0.0,0.0
35.4812,0.056702352251132467,0.7853438787794453,0.04064925252471336,-0.6151158212743569,-0.0135,0.0,9.7366,0.0,2.0,1.0,0.0,0.0,0.0,0.0539,-0.0135,0.0,0.0,0.0
35.5013,0.056823006109224417,0.7852032660155377,0.04064828902108025,-0.6152842380679866,-0.0135,0.0,9.39,0.0,2.0,1.0,0.0,0.0,0.0,-0.05,-0.0135,0.0,0.0,0.0
35.5213,0.05676307302659184,0.7851570101169206,0.04052705213869412,-0.6153567916662521,-0.0135,0.0,9.7309,0.0,2.0,1.0,0.0,0.0,0.0,0.0462,-0.0135,0.0,0.0,0.0
35.5414,0.05670214507945642,0.7849750084557181,0.04040510338145814,-0.6156025750953835,-0.0135,0.0,9.5886,0.0,2.0,1.0,0.0,0.0,0.0,-0.0385,-0.0135,0.0,0.0,0.0
35.5615,0.0567002948814695,0.7849493946243833,0.040281788626684085,-0.6156434860730714,-0.0135,0.0,9.736,0.0,2.0,1.0,0.0,0.0,0.0,0.0308,-0.0135,0.0,0.0,0.0
35.5815,0.0567627137852384,0.7847860428715409,0.040343796574382314,-0.6158418947390053,-0.0135,0.0,9.4556,0.0,2.0,1.0,0.0,0.0,0.0,-0.0192,-0.0135,0.0,0.0,0.0
35.6016,0.05682447871131369,0.7849186124569659,0.04034433987627146,-0.6156671866177107,-0.0135,0.0,9.7332,0.0,2.0,1.0,0.0,0.0,0.0,0.0154,-0.0135,0.0,0.0,0.0
35.6217,0.056825791011765436,0.7848147354660597,0.04028426966294085,-0.6158034086370011,-0.0135,0.0,9.432,0.0,2.0,1.0,0.0,0.0,0.0,-0.0038,-0.0135,0.0,0.0,0.0
35.6417,0.05682461845259451,0.7849205427084137,0.04028343842612048,-0.6156687006504518,-0.0135,0.0,9.7678,0.0,2.0,1.0,0.0,0.0,0.0,-0.0038,-0.0135,0.0,0.0,0.0
35.6618,0.056884318823291424,0.7847806024317634,0.040343516895611664,-0.6158376254852754,-0.0135,0.0,9.3882,0.0,2.0,1.0,0.0,0.0,0.0,0.0115,-0.0135,0.0,0.0,0.0
35.6819,0.056761403248494324,0.7848899203104522,0.04040386340143082,-0.615705679621808,-0.0135,0.0,9.716,0.0,2.0,1.0,0.0,0.0,0.0,-0.0192,-0.0135,0.0,0.0,0.0
35.702,0.05670249446443648,0.7847358431551401,0.040344351816042345,-0.6159113709501111,-0.0135,0.0,9.4014,0.0,2.0,1.0,0.0,0.0,0.0,0.0308,-0.0135,0.0,0.0,0.0
35.722,0.05657957884349457,0.784845157916147,0.040404699243043574,-0.6157794163761487,-0.0135,0.0,9.701,0.0,2.0,1.0,0.0,0.0,0.0,-0.0346,-0.0135,0.0,0.0,0.0
35.7421,0.05651993920915699,0.78474204029906,0.040405671433429435,-0.6159162348688947,-0.0135,0.0,9.543,0.0,2.0,1.0,0.0,0.0,0.0,0.0423,-0.0135,0.0,0.0,0.0
35.7622,0.05627499415278303,0.7848038643274432,0.04046671488407649,-0.6158558796961406,-0.0135,0.0,9.7393,0.0,2.0,1.0,0.0,0.0,0.0,-0.0539,-0.0135,0.0,0.0,0.0
35.7823,0.056212791621703784,0.7847260910555918,0.04040485022103335,-0.6159647166464342,-0.0135,0.0,9.6783,0.0,2.0,1.0,0.0,0.0,0.0,0.0616,-0.0135,0.0,0.0,0.0
35.8023,0.05608950737761281,0.7846471194126807,0.0404649231702498,-0.6160726054227252,-0.0135,0.0,9.9982,0.0,2.0,1.0,0.0,0.0,0.0,-0.0577,-0.0135,0.0,0.0,0.0
35.8224,0.05596846849611564,0.7845995490598695,0.04046561571876972,-0.6161441487945412,-0.0135,0.0,9.638,0.0,2.0,1.0,0.0,0.0,0.0,0.0577,-0.0135,0.0,0.0,0.0
35.8425,0.05584772137956767,0.7844951332470878,0.04058852427800769,-0.6162799604281143,-0.0135,0.0,9.7525,0.0,2.0,1.0,0.0,0.0,0.0,-0.0616,-0.0135,0.0,0.0,0.0
35.8625,0.055848155865640015,0.7844402352274747,0.040649841312557666,-0.6163457562472019,-0.0135,0.0,9.4986,0.0,2.0,1.0,0.0,0.0,0.0,0.0577,-0.0135,0.0,0.0,0.0
35.8826,0.05584706151643774,0.784302863922237,0.04071004484277018,-0.616516679103052,-0.0135,0.0,9.5605,0.0,2.0,1.0,0.0,0.0,0.0,-0.0577,-0.0135,0.0,0.0,0.0
35.9027,0.055784153406924275,0.784276038528619,0.04070865244319177,-0.6165565904560493,-0.0135,0.0,9.3484,0.0,2.0,1.0,0.0,0.0,0.0,0.05,-0.0135,0.0,0.0,0.0
35.9227,0.05578586372486866,0.7841170845387783,0.040709900552816376,-0.616758493366615,-0.0135,0.0,9.6872,0.0,2.0,1.0,0.0,0.0,0.0,-0.0462,-0.0135,0.0,0.0,0.0
35.9428,0.055845849870250985,0.7839808541323118,0.040648162862388926,-0.6169302944921355,-0.0135,0.0,9.5905,0.0,2.0,1.0,0.0,0.0,0.0,0.0385,-0.0135,0.0,0.0,0.0
35.9629,0.055787570463384784,0.7839580690277853,0.04071114605034243,-0.6169603679129534,-0.0135,0.0,9.773,0.0,2.0,1.0,0.0,0.0,0.0,-0.0269,-0.0135,0.0,0.0,0.0
35.983,0.055787570463384784,0.7839580690277853,0.04071114605034243,-0.6169603679129534,-0.0135,0.0,9.773,0.0,2.0,1.0,0.0,0.0,0.0,0.0192,-0.0135,0.0,0.0,0.0
36.003,0.05590880415855065,0.7837632731786579,0.04071058555653212,-0.6171968773879868,-0.0135,0.0,9.716,0.0,2.0,1.0,0.0,0.0,0.0,-0.0038,-0.0135,0.0,0.0,0.0
36.0231,0.05597032142888042,0.7837095029555781,0.040649959723464135,-0.6172635732576073,-0.0135,0.0,9.3796,0.0,2.0,1.0,0.0,0.0,0.0,-0.0038,-0.0135,0.0,0.0,0.0
36.0432,0.055969210292221634,0.7835719441023744,0.04071015295960884,-0.6174343198761273,-0.0135,0.0,9.5662,0.0,2.0,1.0,0.0,0.0,0.0,0.0115,-0.0135,0.0,0.0,0.0
36.0632,0.056030158159744436,0.783571211834245,0.04064911474273519,-0.6174337428678796,-0.0135,0.0,9.454,0.0,2.0,1.0,0.0,0.0,0.0,-0.0231,-0.0135,0.0,0.0,0.0
36.0833,0.056030158159744436,0.783571211834245,0.04064911474273519,-0.6174337428678796,-0.0135,0.0,9.454,0.0,0.0,1.0,0.0,0.0,0.0,0.0385,-0.0135,0.0,0.0,0.0
36.1034,0.056031014729016115,0.7834611885847496,0.04077173838152287,-0.6175651841863796,-0.0135,0.0,9.8761,0.0,0.0,1.0,0.0,0.0,0.0,-0.0423,-0.0135,0.0,0.0,0.0
36.1235,0.05609098426157316,0.7833247802088892,0.04070998857728775,-0.6177368266707923,-0.0135,0.0,9.5614,0.0,0.0,1.0,0.0,0.0,0.0,0.05,-0.0135,0.0,0.0,0.0
36.1435,0.05603003663987394,0.7833255122421781,0.040771026661508225,-0.6177374039586969,-0.0135,0.0,9.7609,0.0,0.0,1.0,0.0,0.0,0.0,-0.0577,-0.0135,0.0,0.0,0.0
36.1636,0.05615235899148913,0.7832690075706964,0.04071026026755115,-0.6178019497119248,-0.0135,0.0,9.3979,0.0,0.0,1.0,0.0,0.0,0.0,0.0616,-0.0135,0.0,0.0,0.0
36.1837,0.0561524983330326,0.7832709512452707,0.04064936074831621,-0.6178034827815727,-0.0135,0.0,9.7001,0.0,0.0,1.0,0.0,0.0,0.0,-0.0654,-0.0135,0.0,0.0,0.0
36.2038,0.05621302660456373,0.7830813706176218,0.040588019209543025,-0.6180422925077436,-0.0135,0.0,9.6094,0.0,0.0,1.0,0.0,0.0,0.0,0.0654,-0.0135,0.0,0.0,0.0
36.2238,0.05621246048556783,0.7831344836530434,0.04058761044933079,-0.617975068815606,-0.0135,0.0,9.8917,0.0,0.0,1.0,0.0,0.0,0.0,-0.0539,-0.0135,0.0,0.0,0.0
36.2439,0.056333788378585936,0.7829421605593186,0.04052612836813635,-0.6182117035653014,-0.0135,0.0,9.5624,0.0,0.0,1.0,0.0,0.0,0.0,0.05,-0.0135,0.0,0.0,0.0
36.264,0.056397147028430246,0.782913923226186,0.04058882551226923,-0.6182375739706947,-0.0135,0.0,9.8113,0.0,0.0,1.0,0.0,0.0,0.0,-0.0423,-0.0135,0.0,0.0,0.0
36.284,0.05651833263354678,0.7828277563978104,0.04052652146428199,-0.6183396986669216,-0.0135,0.0,9.4083,0.0,0.0,1.0,0.0,0.0,0.0,0.0346,-0.0135,0.0,0.0,0.0
36.3041,0.05645696121013655,0.782883595194543,0.04052625433000134,-0.6182746239464825,-0.0135,0.0,9.6629,0.0,0.0,1.0,0.0,0.0,0.0,-0.0192,-0.0135,0.0,0.0,0.0
36.3242,0.05658155016361499,0.7828584479574743,0.040406107005317604,-0.618302939633455,-0.0135,0.0,9.4631,0.0,0.0,1.0,0.0,0.0,0.0,0.0154,-0.0135,0.0,0.0,0.0
36.3442,0.05657941606374912,0.7828289206980757,0.040404582998511636,-0.6183406183239846,-0.0135,0.0,9.5252,0.0,0.0,1.0,0.0,0.0,0.0,-0.0038,-0.0135,0.0,0.0,0.0
36.3643,0.05664249573332919,0.7828576725762652,0.04034506537429494,-0.6183023272360513,-0.0135,0.0,9.5101,0.0,0.0,1.0,0.0,0.0,0.0,-0.0038,-0.0135,0.0,0.0,0.0
36.3844,0.0567623948356647,0.7827676546321063,0.04040456923233521,-0.6184014069998718,-0.0135,0.0,9.4808,0.0,0.0,1.0,0.0,0.0,0.0,0.0115,-0.0135,0.0,0.0,0.0
36.4044,0.05694651731541828,0.7828441115381254,0.04034436649761591,-0.6182916167049608,-0.0135,0.0,9.6221,0.0,0.0,1.0,0.0,0.0,0.0,-0.0192,-0.0135,0.0,0.0,0.0
36.4245,0.0570669729225719,0.7827009131403041,0.04040427281377523,-0.6184578691464591,-0.0135,0.0,9.3593,0.0,0.0,1.0,0.0,0.0,0.0,0.0308,-0.0135,0.0,0.0,0.0
36.4446,0.05712949589868799,0.7827827947555781,0.040344350199315204,-0.6183523674572642,-0.0135,0.0,9.8036,0.0,0.0,1.0,0.0,0.0,0.0,-0.0385,-0.0135,0.0,0.0,0.0
36.4647,0.05731145747483135,0.7825855918411628,0.04034361809681386,-0.6185851443120712,-0.0135,0.0,9.4957,0.0,0.0,1.0,0.0,0.0,0.0,0.05,-0.0135,0.0,0.0,0.0
36.4847,0.05737384663934114,0.7826655494338258,0.04034459534654944,-0.6184781265959016,-0.0135,0.0,9.8254,0.0,0.0,1.0,0.0,0.0,0.0,-0.0577,-0.0135,0.0,0.0,0.0
36.5048,0.057434202602321294,0.782473760219399,0.040344142316190046,-0.618715182551973,-0.0135,0.0,9.6143,0.0,0.0,1.0,0.0,0.0,0.0,0.0654,-0.0135,0.0,0.0,0.0
36.5248,0.05731014942724105,0.7825067324748358,0.04022070125388222,-0.6186930220996752,-0.0135,0.0,9.6168,0.0,0.0,1.0,0.0,0.0,0.0,-0.0577,-0.0135,0.0,0.0,0.0
36.5449,0.05731282222788196,0.7822992231121807,0.040039574420403616,-0.6189668798947053,-0.0135,0.0,9.4798,0.0,0.0,1.0,0.0,0.0,0.0,0.0577,-0.0135,0.0,0.0,0.0
36.565,0.05731228646236752,0.7823529104122483,0.04003920012679263,-0.6188990934256948,-0.0135,0.0,9.5745,0.0,0.0,1.0,0.0,0.0,0.0,-0.0577,-0.0135,0.0,0.0,0.0
36.5851,0.05731228646236752,0.7823529104122483,0.04003920012679263,-0.6188990934256948,-0.0135,0.0,9.5745,0.0,0.0,1.0,0.0,0.0,0.0,0.0539,-0.0135,0.0,0.0,0.0
36.6051,0.05731339305462552,0.7822460132073659,0.040039973208301105,-0.6190340461906971,-0.0135,0.0,9.5006,0.0,0.0,1.0,0.0,0.0,0.0,0.0346,-0.0135,0.0,0.0,0.0
36.6252,0.05731185468159228,0.7824080161471361,0.03997789863310841,-0.6188334309024845,-0.0135,0.0,9.8375,0.0,0.0,1.0,0.0,0.0,0.0,-0.0192,-0.0135,0.0,0.0,0.0
36.6453,0.057374473684921885,0.7822470923105888,0.03991802530948408,-0.6190349001440865,-0.0135,0.0,9.6761,0.0,0.0,1.0,0.0,0.0,0.0,0.0115,-0.0135,0.0,0.0,0.0
36.6654,0.057373365910278584,0.7823539896212597,0.03991725458038792,-0.6188999471599492,-0.0135,0.0,9.6856,0.0,0.0,1.0,0.0,0.0,0.0,-0.0038,-0.0135,0.0,0.0,0.0
36.6854,0.057313532936333456,0.7822479223930296,0.03997906930012468,-0.6190355570337138,-0.0135,0.0,9.614,0.0,0.0,1.0,0.0,0.0,0.0,-0.0077,-0.0135,0.0,0.0,0.0
36.7055,0.057190685313282474,0.7823583749634765,0.040039479791196486,-0.6189034162904226,-0.0135,0.0,9.6491,0.0,0.0,1.0,0.0,0.0,0.0,0.0231,-0.0135,0.0,0.0,0.0
36.7256,0.057128121092160374,0.782275964797983,0.040099383076819824,-0.6190094766291733,-0.0135,0.0,9.4318,0.0,0.0,1.0,0.0,0.0,0.0,-0.0346,-0.0135,0.0,0.0,0.0
36.7456,0.0570664726513358,0.7823280614757814,0.040220923511986306,-0.6189414344172828,-0.0135,0.0,9.6314,0.0,0.0,1.0,0.0,0.0,0.0,0.0462,-0.0135,0.0,0.0,0.0
36.7657,0.057006808079435756,0.7822243665436317,0.04022186458805188,-0.6190779157966055,-0.0135,0.0,9.3796,0.0,0.0,1.0,0.0,0.0,0.0,-0.05,-0.0135,0.0,0.0,0.0
36.7858,0.05676331780638839,0.7822313795560102,0.04034422587919851,-0.6190834661236887,-0.0135,0.0,9.89,0.0,0.0,1.0,0.0,0.0,0.0,0.0539,-0.0135,0.0,0.0,0.0
36.8059,0.05664227246442177,0.7821835716955376,0.04034490634530885,-0.6191549092688085,-0.0135,0.0,9.554,0.0,0.0,1.0,0.0,0.0,0.0,-0.0616,-0.0135,0.0,0.0,0.0
36.826,0.05645790759321645,0.7821027199030239,0.0405269336680415,-0.619261986430585,-0.0135,0.0,9.8077,0.0,0.0,1.0,0.0,0.0,0.0,0.0654,-0.0135,0.0,0.0,0.0
36.8461,0.05633571860064429,0.782052975620905,0.04058851773432082,-0.6193319000022266,-0.0135,0.0,9.7258,0.0,0.0,1.0,0.0,0.0,0.0,-0.0616,-0.0135,0.0,0.0,0.0
36.8661,0.056152703189852556,0.7818697912098976,0.04064950904623744,-0.6195757588319314,-0.0135,0.0,9.6268,0.0,0.0,1.0,0.0,0.0,0.0,0.0616,-0.0135,0.0,0.0,0.0
36.8862,0.05608991345730541,0.78184485453511,0.04058721376700575,-0.6196169971231876,-0.0135,0.0,9.7594,0.0,0.0,1.0,0.0,0.0,0.0,-0.05,-0.0135,0.0,0.0,0.0
36.9063,0.05609157680111976,0.781685038226612,0.0405884173789709,-0.6198183737187006,-0.0135,0.0,9.3515,0.0,0.0,1.0,0.0,0.0,0.0,0.0423,-0.0135,0.0,0.0,0.0
36.9264,0.0559682983873202,0.781850198808451,0.040587491199495396,-0.6196212324936455,-0.0135,0.0,9.7543,0.0,0.0,1.0,0.0,0.0,0.0,-0.0346,-0.0135,0.0,0.0,0.0
36.9465,0.055908595629505675,0.7817463284363324,0.0405884324141515,-0.6197576026683435,-0.0135,0.0,9.5066,0.0,0.0,1.0,0.0,0.0,0.0,0.0269,-0.0135,0.0,0.0,0.0
36.9666,0.05590693646246959,0.7819061255217629,0.04058722789473274,-0.619556213961855,-0.0135,0.0,9.6779,0.0,0.0,1.0,0.0,0.0,0.0,-0.0115,-0.0135,0.0,0.0,0.0
36.9867,0.055846956327417985,0.7817983886299902,0.04070996816461392,-0.61968951539989,-0.0135,0.0,9.4583,0.0,0.0,1.0,0.0,0.0,0.0,0.0038,-0.0135,0.0,0.0,0.0
37.0068,0.05560092392194432,0.7818918050099934,0.04052548682237739,-0.619605864590588,-0.0135,0.0,10.0204,0.0,0.0,1.0,0.0,0.0,0.0,0.0038,-0.0135,0.0,0.0,0.0
37.0269,0.05523587806479591,0.7817831206470189,0.04016018427793461,-0.619799410813355,-0.0135,0.0,9.7952,0.0,0.0,1.0,0.0,0.0,0.0,-0.0115,-0.0135,0.0,0.0,0.0
37.047,0.05499477983412736,0.7817022987725928,0.039674284006316056,-0.6199540640025082,-0.0135,0.0,9.7931,0.0,0.0,1.0,0.0,0.0,0.0,0.0231,-0.0135,0.0,0.0,0.0
37.067,0.05493135638383435,0.7813628449783261,0.03924554017039184,-0.6204147307647868,-0.0135,0.0,9.257,0.0,0.0,1.0,0.0,0.0,0.0,-0.0269,-0.0135,0.0,0.0,0.0
37.0875,0.054932552617831865,0.7813188600158532,0.03894039173775543,-0.6204892420805757,-0.0135,0.0,9.293,0.0,0.0,1.0,0.0,0.0,0.0,0.0385,-0.0135,0.0,0.0,0.0
37.1077,0.05499117789742508,0.7811021186089112,0.03875571585057214,-0.6207684311778701,-0.0135,0.0,9.0995,0.0,0.0,1.0,0.0,0.0,0.0,-0.0462,-0.0135,0.0,0.0,0.0
37.1278,0.054991696268937185,0.7811094816278861,0.03851208696389696,-0.6207742828195812,-0.0135,0.0,9.4249,0.0,0.0,1.0,0.0,0.0,0.0,0.0577,-0.0135,0.0,0.0,0.0
37.1479,0.055114569947015024,0.780816907370736,0.03820770186946487,-0.621150153233024,-0.0135,0.0,9.2102,0.0,0.0,1.0,0.0,0.0,0.0,-0.0616,-0.0135,0.0,0.0,0.0
37.168,0.05548177766939316,0.7808949455414724,0.03784253042600505,-0.6210417049324319,-0.0135,0.0,9.7334,0.0,0.0,1.0,0.0,0.0,0.0,0.0654,-0.0135,0.0,0.0,0.0
37.1881,0.05560215833206251,0.7810551769139984,0.03765842995210945,-0.6208406021340754,-0.0135,0.0,9.3565,0.0,0.0,1.0,0.0,0.0,0.0,-0.0654,-0.0135,0.0,0.0,0.0
37.2082,0.05560215833206251,0.7810551769139984,0.03765842995210945,-0.6208406021340754,-0.0135,0.0,9.3565,0.0,0.0,1.0,0.0,0.0,0.0,0.0577,-0.0135,0.0,0.0,0.0
37.2283,0.05572543060050834,0.7813780378498051,0.03759829052880965,-0.6204267941503557,-0.0135,0.0,9.7328,0.0,0.0,1.0,0.0,0.0,0.0,-0.05,-0.0135,0.0,0.0,0.0
37.2484,0.05584835966446983,0.7814520249554248,0.03772091834017588,-0.6203151019727218,-0.0135,0.0,9.5716,0.0,0.0,1.0,0.0,0.0,0.0,0.0423,-0.0135,0.0,0.0,0.0
37.2685,0.055662376390650636,0.7817761964615244,0.03784089622332221,-0.6199159177450709,-0.0135,0.0,9.9197,0.0,0.0,1.0,0.0,0.0,0.0,-0.0269,-0.0135,0.0,0.0,0.0
37.2886,0.05541871496324213,0.781841870825704,0.037780123962942114,-0.6198586268569074,-0.0135,0.0,9.6086,0.0,0.0,1.0,0.0,0.0,0.0,0.0192,-0.0135,0.0,0.0,0.0
37.3087,0.05499292280511364,0.7821029021433742,0.03778094696597745,-0.6195671302987404,-0.0135,0.0,9.904,0.0,0.0,1.0,0.0,0.0,0.0,-0.0038,-0.0135,0.0,0.0,0.0
37.3288,0.054565057326679496,0.7820438216242732,0.03759803950093477,-0.6196906510541567,-0.0135,0.0,9.681,0.0,0.0,1.0,0.0,0.0,0.0,-0.0077,-0.0135,0.0,0.0,0.0
37.3489,0.05358920243480031,0.782229954896836,0.037109140180876854,-0.619570340445322,-0.0135,0.0,9.6785,0.0,0.0,1.0,0.0,0.0,0.0,0.0231,-0.0135,0.0,0.0,0.0
37.369,0.052794387976817625,0.7822179320758057,0.0366205754730381,-0.6196828162771879,-0.0135,0.0,9.663,0.0,0.0,1.0,0.0,0.0,0.0,-0.0269,-0.0135,0.0,0.0,0.0
37.3891,0.05206376844588549,0.7824215483115707,0.03613353332030788,-0.6195161438757893,-0.0135,0.0,9.8368,0.0,0.0,1.0,0.0,0.0,0.0,0.0385,-0.0135,0.0,0.0,0.0
37.4092,0.05169557772350358,0.7823274761863419,0.0360100092732864,-0.6196729512249828,-0.0135,0.0,9.5076,0.0,0.0,1.0,0.0,0.0,0.0,-0.0462,-0.0135,0.0,0.0,0.0
37.4293,0.051636580369456786,0.7823577933121104,0.036072405435878974,-0.6196359643997622,-0.0135,0.0,9.695,0.0,0.0,1.0,0.0,0.0,0.0,0.0539,-0.0135,0.0,0.0,0.0
37.4494,0.051816924757475014,0.7820726783712595,0.036253548063109486,-0.6199701704975156,-0.0135,0.0,9.4606,0.0,0.0,1.0,0.0,0.0,0.0,-0.0577,-0.0135,0.0,0.0,0.0
37.4695,0.051879375028082264,0.782094578391735,0.03643756104998597,-0.6199265319710702,-0.0135,0.0,9.6094,0.0,0.0,1.0,0.0,0.0,0.0,0.0577,-0.0135,0.0,0.0,0.0
37.4896,0.05188028526813848,0.7819862998178391,0.036499200693943634,-0.6200594094491307,-0.0135,0.0,9.5733,0.0,0.0,1.0,0.0,0.0,0.0,-0.0616,-0.0135,0.0,0.0,0.0
37.5097,0.05175943046644593,0.7821256154706375,0.03656101043033494,-0.6198901317965777,-0.0135,0.0,9.6334,0.0,0.0,1.0,0.0,0.0,0.0,0.0616,-0.0135,0.0,0.0,0.0
37.5298,0.05187954123345012,0.7820360845187178,0.03662067616634895,-0.619989517483287,-0.0135,0.0,9.4612,0.0,0.0,1.0,0.0,0.0,0.0,-0.0577,-0.0135,0.0,0.0,0.0
37.5499,0.05188052488907985,0.7821119128344043,0.03686537297679138,-0.619879271483589,-0.0135,0.0,9.7127,0.0,0.0,1.0,0.0,0.0,0.0,0.05,-0.0135,0.0,0.0,0.0
37.5699,0.0519411270326996,0.7821059128007254,0.0369870904595303,-0.6198745160305075,-0.0135,0.0,9.4814,0.0,0.0,1.0,0.0,0.0,0.0,-0.0423,-0.0135,0.0,0.0,0.0
37.59,0.05175850082251637,0.7821115678212713,0.037048358485115285,-0.6198789980361626,-0.0135,0.0,9.6965,0.0,0.0,1.0,0.0,0.0,0.0,0.0346,-0.0135,0.0,0.0,0.0
37.6101,0.05163498936245192,0.78208869239157,0.03698627607771737,-0.6199218664385753,-0.0135,0.0,9.4616,0.0,0.0,1.0,0.0,0.0,0.0,-0.0192,-0.0135,0.0,0.0,0.0
37.6302,0.051512385823432656,0.781957496816002,0.03698584102285419,-0.6200975688098304,-0.0135,0.0,9.7762,0.0,0.0,1.0,0.0,0.0,0.0,0.0077,-0.0135,0.0,0.0,0.0
37.6503,0.05139121943091435,0.7819091237671227,0.036986438221731754,-0.6201685804060086,-0.0135,0.0,9.6203,0.0,0.0,1.0,0.0,0.0,0.0,0.0038,-0.0135,0.0,0.0,0.0
37.6704,0.05127094241552144,0.781752369456308,0.03704868099493358,-0.6203724031175211,-0.0135,0.0,9.4947,0.0,0.0,1.0,0.0,0.0,0.0,-0.0115,-0.0135,0.0,0.0,0.0
37.6905,0.05114775862115157,0.7818105957780065,0.03704854950234477,-0.6203092003969016,-0.0135,0.0,9.7435,0.0,0.0,1.0,0.0,0.0,0.0,0.0231,-0.0135,0.0,0.0,0.0
37.7106,0.051024530902161636,0.781730813099344,0.03710865883877157,-0.620416296156412,-0.0135,0.0,9.5564,0.0,0.0,1.0,0.0,0.0,0.0,-0.0346,-0.0135,0.0,0.0,0.0
37.7307,0.050840618917330826,0.7818997597352236,0.037046993620417745,-0.6202221516987209,-0.0135,0.0,9.8485,0.0,0.0,1.0,0.0,0.0,0.0,0.0462,-0.0135,0.0,0.0,0.0
37.7508,0.05066039599473943,0.7818815454795196,0.03711002260148827,-0.6202560917385103,-0.0135,0.0,9.3775,0.0,0.0,1.0,0.0,0.0,0.0,-0.0539,-0.0135,0.0,0.0,0.0
37.7709,0.05065809434402735,0.7819070212119503,0.037047337674599445,-0.6202279116809485,-0.0135,0.0,9.7069,0.0,0.0,1.0,0.0,0.0,0.0,0.0616,-0.0135,0.0,0.0,0.0
37.791,0.05059813453538159,0.7818010787309155,0.03710909866938372,-0.6203626494822705,-0.0135,0.0,9.6629,0.0,0.0,1.0,0.0,0.0,0.0,-0.0616,-0.0135,0.0,0.0,0.0
37.8111,0.05035387545029635,0.7819190659326196,0.03704790836244559,-0.6202374658501077,-0.0135,0.0,9.8954,0.0,0.0,1.0,0.0,0.0,0.0,0.0693,-0.0135,0.0,0.0,0.0
37.8312,0.05011060339465379,0.781930415425085,0.03698744537533561,-0.6202464685471287,-0.0135,0.0,9.3818,0.0,0.0,1.0,0.0,0.0,0.0,-0.0577,-0.0135,0.0,0.0,0.0
37.8513,0.04998931710703469,0.7821246072393431,0.036987974550650116,-0.6200113359161397,-0.0135,0.0,9.6552,0.0,0.0,1.0,0.0,0.0,0.0,0.0539,-0.0135,0.0,0.0,0.0
37.8714,0.05005070195863742,0.7820085919602627,0.03723226607169039,-0.6201380876038352,-0.0135,0.0,9.3601,0.0,0.0,1.0,0.0,0.0,0.0,-0.05,-0.0135,0.0,0.0,0.0
37.8915,0.05010956709058767,0.7821592427255363,0.03747567623801373,-0.6199286442773178,-0.0135,0.0,9.6159,0.0,0.0,1.0,0.0,0.0,0.0,0.0423,-0.0135,0.0,0.0,0.0
37.9116,0.05023194597331071,0.7820421588789186,0.03765895949611631,-0.6200553331029455,-0.0135,0.0,9.3764,0.0,0.0,1.0,0.0,0.0,0.0,-0.0269,-0.0135,0.0,0.0,0.0
37.9317,0.050170242758571855,0.7823371918424175,0.037780429763441155,-0.619680646888828,-0.0135,0.0,9.6201,0.0,0.0,1.0,0.0,0.0,0.0,0.0192,-0.0135,0.0,0.0,0.0
37.9518,0.050232870889055155,0.7823625638473762,0.037842656079463806,-0.6196397427160845,-0.0135,0.0,9.4481,0.0,0.0,1.0,0.0,0.0,0.0,-0.0115,-0.0135,0.0,0.0,0.0
37.9718,0.05017180809183619,0.7826056050310807,0.03790361049420721,-0.6193339752978483,-0.0135,0.0,9.7127,0.0,0.0,1.0,0.0,0.0,0.0,0.0,-0.0135,0.0,0.0,0.0
37.9919,0.05023277129463516,0.7826050164393697,0.03784258105055727,-0.6193335095014858,-0.0135,0.0,9.7054,0.0,0.0,1.0,0.0,0.0,0.0,0.0154,-0.0135,0.0,0.0,0.0
38.012,0.05023126876752022,0.7827646050478664,0.03784144913004673,-0.6191319870996824,-0.0135,0.0,9.9213,0.0,0.0,1.0,0.0,0.0,0.0,-0.0192,-0.0135,0.0,0.0,0.0
38.0322,0.050291727515219986,0.7828171931050505,0.03778004408670266,-0.6190643363911958,-0.0135,0.0,9.6488,0.0,0.0,1.0,0.0,0.0,0.0,0.0308,-0.0135,0.0,0.0,0.0
38.0523,0.05023049679980618,0.7828745716589959,0.037718871223297756,-0.6190004757628452,-0.0135,0.0,9.7855,0.0,0.0,1.0,0.0,0.0,0.0,-0.0385,-0.0135,0.0,0.0,0.0
38.0724,0.05029106893802837,0.7829289373202988,0.03759655637826331,-0.6189342343416419,-0.0135,0.0,9.4881,0.0,0.0,1.0,0.0,0.0,0.0,0.0539,-0.0135,0.0,0.0,0.0
38.0925,0.05029311399663888,0.782960774694179,0.03753708508324893,-0.6188974028207462,-0.0135,0.0,9.6835,0.0,0.0,1.0,0.0,0.0,0.0,-0.0577,-0.0135,0.0,0.0,0.0
38.1126,0.05035508172762593,0.783097822503694,0.03741580376611847,-0.6187262914752472,-0.0135,0.0,9.4665,0.0,0.0,1.0,0.0,0.0,0.0,0.0654,-0.0135,0.0,0.0,0.0
38.1327,0.050353066172552086,0.7830664775681827,0.03747530499826368,-0.6187625246823442,-0.0135,0.0,9.4139,0.0,0.0,1.0,0.0,0.0,0.0,-0.0654,-0.0135,0.0,0.0,0.0
38.1528,0.05047564562077128,0.7831975013298381,0.037475736890483224,-0.6185866570290537,-0.0135,0.0,9.6514,0.0,0.0,1.0,0.0,0.0,0.0,0.0654,-0.0135,0.0,0.0,0.0
38.1729,0.05047665857119099,0.7830912170256529,0.03747648895740474,-0.6187210724811262,-0.0135,0.0,9.3412,0.0,0.0,1.0,0.0,0.0,0.0,-0.0539,-0.0135,0.0,0.0,0.0
38.193,0.050292490368308185,0.7832560629877428,0.037536619628083245,-0.6185237322790382,-0.0135,0.0,9.7971,0.0,0.0,1.0,0.0,0.0,0.0,0.05,-0.0135,0.0,0.0,0.0
38.2131,0.0502306429882588,0.7831208435083405,0.03759698429432551,-0.6186962855389901,-0.0135,0.0,9.4896,0.0,0.0,1.0,0.0,0.0,0.0,-0.0423,-0.0135,0.0,0.0,0.0
38.2333,0.050110226076027,0.7832065334947635,0.0376591699021574,-0.6185937908320822,-0.0135,0.0,9.8326,0.0,0.0,1.0,0.0,0.0,0.0,0.0385,-0.0135,0.0,0.0,0.0
38.2534,0.04986683600324508,0.7829721263037892,0.03772063237561484,-0.6189063757884,-0.0135,0.0,9.5852,0.0,0.0,1.0,0.0,0.0,0.0,-0.0269,-0.0135,0.0,0.0,0.0
38.2735,0.04956106201463095,0.782898979623708,0.037781047274566326,-0.6190197745653816,-0.0135,0.0,9.7535,0.0,0.0,1.0,0.0,0.0,0.0,0.0192,-0.0135,0.0,0.0,0.0
38.2936,0.049438961555649086,0.7826082212209247,0.03778173483017078,-0.6193970468697297,-0.0135,0.0,9.6201,0.0,0.0,1.0,0.0,0.0,0.0,-0.0038,-0.0135,0.0,0.0,0.0
38.3136,0.049253204282282734,0.7824424730070455,0.03802361370081835,-0.6196064098310131,-0.0135,0.0,9.6438,0.0,0.0,1.0,0.0,0.0,0.0,-0.0038,-0.0135,0.0,0.0,0.0
38.3338,0.049253204282282734,0.7824424730070455,0.03802361370081835,-0.6196064098310131,-0.0135,0.0,9.6438,0.0,0.0,1.0,0.0,0.0,0.0,0.0154,-0.0135,0.0,0.0,0.0
38.3539,0.049253439728197845,0.7821412229914845,0.03820678966876434,-0.619975360151944,-0.0135,0.0,9.3575,0.0,0.0,1.0,0.0,0.0,0.0,-0.0269,-0.0135,0.0,0.0,0.0
38.374,0.04925541708319098,0.7821726232522828,0.038147323022485025,-0.6199392494985472,-0.0135,0.0,9.8178,0.0,0.0,1.0,0.0,0.0,0.0,0.0385,-0.0135,0.0,0.0,0.0
38.3941,0.04931777045397433,0.7820100733056166,0.03814836948470606,-0.6201392623206916,-0.0135,0.0,9.6482,0.0,0.0,1.0,0.0,0.0,0.0,-0.0423,-0.0135,0.0,0.0,0.0
38.4142,0.04925553160962049,0.7821744419240761,0.038086411062511656,-0.6199406909527647,-0.0135,0.0,9.8255,0.0,0.0,1.0,0.0,0.0,0.0,0.0577,-0.0135,0.0,0.0,0.0
38.4343,0.04937623873561054,0.7820919419988247,0.037902415634725746,-0.620046440355788,-0.0135,0.0,9.7353,0.0,0.0,1.0,0.0,0.0,0.0,-0.0577,-0.0135,0.0,0.0,0.0
38.4544,0.04943888664402907,0.7821800277279346,0.03765967539397819,-0.6199451181839781,-0.0135,0.0,9.7192,0.0,0.0,1.0,0.0,0.0,0.0,0.0616,-0.0135,0.0,0.0,0.0
38.4745,0.04968326205324336,0.781986124568149,0.03747619766735816,-0.6201812711321047,-0.0135,0.0,9.5521,0.0,0.0,1.0,0.0,0.0,0.0,-0.0577,-0.0135,0.0,0.0,0.0
38.4947,0.04986641470222353,0.7819275027148223,0.037415311155570896,-0.6202441581135928,-0.0135,0.0,9.6722,0.0,0.0,1.0,0.0,0.0,0.0,0.0616,-0.0135,0.0,0.0,0.0
38.5148,0.050109241002427696,0.7817871583807021,0.03723043607586091,-0.620412602698228,-0.0135,0.0,9.4768,0.0,0.0,1.0,0.0,0.0,0.0,-0.0577,-0.0135,0.0,0.0,0.0
38.535,0.050293107415680834,0.7816786695040501,0.037048079127038565,-0.6205453253565365,-0.0135,0.0,9.6442,0.0,0.0,1.0,0.0,0.0,0.0,0.05,-0.0135,0.0,0.0,0.0
38.5551,0.050599130704628514,0.7815114639093038,0.03686582381568715,-0.6207418712997084,-0.0135,0.0,9.3139,0.0,0.0,1.0,0.0,0.0,0.0,-0.0423,-0.0135,0.0,0.0,0.0
38.5751,0.05084169200997024,0.7813672666145012,0.03680377704919069,-0.6209072386531339,-0.0135,0.0,9.6546,0.0,0.0,1.0,0.0,0.0,0.0,0.0346,-0.0135,0.0,0.0,0.0
38.5952,0.050964215822647915,0.7813143087004326,0.03662115508282698,-0.6209746296958895,-0.0135,0.0,9.4538,0.0,0.0,1.0,0.0,0.0,0.0,-0.0192,-0.0135,0.0,0.0,0.0
38.6153,0.05108507534955174,0.7811748605731709,0.036559338268402734,-0.6211437571692997,-0.0135,0.0,9.8029,0.0,0.0,1.0,0.0,0.0,0.0,0.0115,-0.0135,0.0,0.0,0.0
38.6354,0.05114735294869266,0.7812553911503346,0.036560252288584116,-0.6210372855453001,-0.0135,0.0,9.7412,0.0,0.0,1.0,0.0,0.0,0.0,0.0038,-0.0135,0.0,0.0,0.0
38.6555,0.05114679841889625,0.7810639216503821,0.036620855668923154,-0.62127455141644,-0.0135,0.0,9.6281,0.0,0.0,1.0,0.0,0.0,0.0,-0.0115,-0.0135,0.0,0.0,0.0
38.6755,0.05108496133112572,0.7811731170438225,0.03662025543019931,-0.6211423708185289,-0.0135,0.0,9.8485,0.0,0.0,1.0,0.0,0.0,0.0,0.0231,-0.0135,0.0,0.0,0.0
38.6956,0.0510868226250068,0.781140578307683,0.03692659461008896,-0.6211650023027069,-0.0135,0.0,9.5236,0.0,0.0,1.0,0.0,0.0,0.0,-0.0308,-0.0135,0.0,0.0,0.0
38.7157,0.05120754223936569,0.7811820167635488,0.03716966772842584,-0.621088447891278,-0.0135,0.0,9.6332,0.0,0.0,1.0,0.0,0.0,0.0,0.0462,-0.0135,0.0,0.0,0.0
38.7357,0.05120901440175768,0.7812044749159254,0.03741574117016422,-0.6210453023153959,-0.0135,0.0,9.913,0.0,0.0,1.0,0.0,0.0,0.0,-0.05,-0.0135,0.0,0.0,0.0
38.7558,0.0511475561439812,0.7812584948772228,0.03747640749314429,-0.6209787521035504,-0.0135,0.0,9.7511,0.0,0.0,1.0,0.0,0.0,0.0,0.0539,-0.0135,0.0,0.0,0.0
38.7759,0.051147204508056265,0.7812531237788916,0.037659150577138256,-0.6209744829174091,-0.0135,0.0,9.745,0.0,0.0,1.0,0.0,0.0,0.0,-0.0616,-0.0135,0.0,0.0,0.0
38.796,0.05114546730634162,0.7814095832325749,0.03777986783781856,-0.6207703971618385,-0.0135,0.0,9.8831,0.0,0.0,1.0,0.0,0.0,0.0,0.0693,-0.0135,0.0,0.0,0.0
38.8161,0.05114623276981162,0.781299279950227,0.03790243143633398,-0.6209016860292192,-0.0135,0.0,9.4181,0.0,0.0,1.0,0.0,0.0,0.0,-0.0616,-0.0135,0.0,0.0,0.0
38.8361,0.05114716785272372,0.7814355644838882,0.03790312438895321,-0.6207300370869351,-0.0135,0.0,9.6847,0.0,0.0,1.0,0.0,0.0,0.0,0.0616,-0.0135,0.0,0.0,0.0
38.8562,0.051270731140784676,0.7813221419609442,0.03796454138928723,-0.6208588536913626,-0.0135,0.0,9.3799,0.0,0.0,1.0,0.0,0.0,0.0,-0.0539,-0.0135,0.0,0.0,0.0
38.8763,0.05139128510692076,0.7814221298053481,0.038024471049787345,-0.6207193653068325,-0.0135,0.0,9.6268,0.0,0.0,1.0,0.0,0.0,0.0,0.0462,-0.0135,0.0,0.0,0.0
38.8964,0.05145351487150374,0.7812578176853103,0.03808638111278446,-0.6209172132311088,-0.0135,0.0,9.432,0.0,0.0,1.0,0.0,0.0,0.0,-0.0346,-0.0135,0.0,0.0,0.0
38.9178,0.05139255597554093,0.7812584518191812,0.03814741268677935,-0.6209177172191995,-0.0135,0.0,9.6168,0.0,0.0,1.0,0.0,0.0,0.0,0.0269,-0.0135,0.0,0.0,0.0
38.9379,0.051454281177486516,0.7811474500535966,0.038208951377556366,-0.6210484636949837,-0.0135,0.0,9.5799,0.0,0.0,1.0,0.0,0.0,0.0,-0.0154,-0.0135,0.0,0.0,0.0
38.9579,0.051331978745210234,0.7812038951898858,0.03826972968772203,-0.6209838402791817,-0.0135,0.0,9.7661,0.0,0.0,1.0,0.0,0.0,0.0,0.0038,-0.0135,0.0,0.0,0.0
38.978,0.05139113366160941,0.7811148321689303,0.038390352825398044,-0.6210835299350805,-0.0135,0.0,9.6273,0.0,0.0,1.0,0.0,0.0,0.0,0.0038,-0.0135,0.0,0.0,0.0
38.9981,0.05133175780968685,0.7811395319468757,0.038635570376132466,-0.6210421684327843,-0.0135,0.0,9.7645,0.0,0.0,1.0,0.0,0.0,0.0,-0.0115,-0.0135,0.0,0.0,0.0
39.0181,0.05127055399422342,0.7811364404212953,0.0388184194450511,-0.6210397105265184,-0.0135,0.0,9.5992,0.0,0.0,1.0,0.0,0.0,0.0,0.0308,-0.0135,0.0,0.0,0.0
39.0382,0.05126787790380544,0.7810956686413839,0.03918337810923783,-0.6210682925450779,-0.0135,0.0,9.7855,0.0,0.0,1.0,0.0,0.0,0.0,-0.0346,-0.0135,0.0,0.0,0.0
39.0583,0.051271393844810886,0.7811492360290507,0.03936907027272318,-0.6209888819699609,-0.0135,0.0,9.4528,0.0,0.0,1.0,0.0,0.0,0.0,0.0462,-0.0135,0.0,0.0,0.0
39.0784,0.051209685173494335,0.781092703667507,0.03955230156024214,-0.6210534372041616,-0.0135,0.0,9.5505,0.0,0.0,1.0,0.0,0.0,0.0,-0.05,-0.0135,0.0,0.0,0.0
39.0985,0.051087876606662364,0.7810956919221688,0.03961345511770564,-0.6210558131908022,-0.0135,0.0,9.4571,0.0,0.0,1.0,0.0,0.0,0.0,0.0577,-0.0135,0.0,0.0,0.0
39.1185,0.051024287594940654,0.780873097389273,0.03979444438688229,-0.6213293249517933,-0.0135,0.0,9.3775,0.0,0.0,1.0,0.0,0.0,0.0,-0.0616,-0.0135,0.0,0.0,0.0
39.1386,0.05084176402640578,0.7808803756735743,0.0397948152989816,-0.6213351161763683,-0.0135,0.0,9.591,0.0,0.0,1.0,0.0,0.0,0.0,0.0577,-0.0135,0.0,0.0,0.0
39.1587,0.050720003850028894,0.7806400592564376,0.039856003025369846,-0.6216430471873713,-0.0135,0.0,9.3648,0.0,0.0,1.0,0.0,0.0,0.0,-0.0577,-0.0135,0.0,0.0,0.0
39.1787,0.050660388402786416,0.7805393915269951,0.039735088983128775,-0.621782040609931,-0.0135,0.0,9.6587,0.0,0.0,1.0,0.0,0.0,0.0,0.0577,-0.0135,0.0,0.0,0.0
39.1988,0.05059872518478514,0.7804071848552436,0.03967356860460869,-0.6219569139338862,-0.0135,0.0,9.6503,0.0,0.0,1.0,0.0,0.0,0.0,-0.0539,-0.0135,0.0,0.0,0.0
39.2189,0.05065866522894008,0.7803288433004942,0.039428739440413085,-0.6220658891602038,-0.0135,0.0,9.361,0.0,0.0,1.0,0.0,0.0,0.0,0.05,-0.0135,0.0,0.0,0.0
39.2389,0.050597241880059096,0.7802003099277576,0.039245411969342836,-0.6222436766590067,-0.0135,0.0,9.4986,0.0,0.0,1.0,0.0,0.0,0.0,-0.0423,-0.0135,0.0,0.0,0.0
39.259,0.05065857008191693,0.7802053787234753,0.039000669017644374,-0.6222477192440243,-0.0135,0.0,9.451,0.0,0.0,1.0,0.0,0.0,0.0,0.0385,-0.0135,0.0,0.0,0.0
39.2791,0.05078098517197986,0.7801507721963978,0.038878988647356554,-0.6223138182847027,-0.0135,0.0,9.4495,0.0,0.0,1.0,0.0,0.0,0.0,-0.0308,-0.0135,0.0,0.0,0.0
39.2992,0.050780976281760315,0.7802116355870268,0.038634981954782655,-0.622252709364806,-0.0135,0.0,9.431,0.0,0.0,1.0,0.0,0.0,0.0,0.0192,-0.0135,0.0,0.0,0.0
39.3193,0.05090388025524828,0.7801034899380515,0.03851366599749301,-0.6223857626045646,-0.0135,0.0,9.3033,0.0,0.0,1.0,0.0,0.0,0.0,-0.0115,-0.0135,0.0,0.0,0.0
39.3393,0.050903138832315745,0.78021412794214,0.03839110470721647,-0.6222546971263968,-0.0135,0.0,9.6541,0.0,0.0,1.0,0.0,0.0,0.0,0.0077,-0.0135,0.0,0.0,0.0
39.3594,0.05090227384917129,0.7800788717167964,0.03832945320784131,-0.6224281206973397,-0.0135,0.0,9.3865,0.0,0.0,1.0,0.0,0.0,0.0,0.0038,-0.0135,0.0,0.0,0.0
39.3795,0.05084253419824608,0.7802201977082333,0.03826940209340085,-0.6222595380288192,-0.0135,0.0,9.7309,0.0,0.0,1.0,0.0,0.0,0.0,-0.0115,-0.0135,0.0,0.0,0.0
39.3995,0.05084166985313876,0.7800849344190828,0.03820775189309494,-0.6224329581522782,-0.0135,0.0,9.5052,0.0,0.0,1.0,0.0,0.0,0.0,0.0308,-0.0135,0.0,0.0,0.0
39.4196,0.05066012095628375,0.7802292641296521,0.0382088454469629,-0.622266768894183,-0.0135,0.0,9.7652,0.0,0.0,1.0,0.0,0.0,0.0,-0.0346,-0.0135,0.0,0.0,0.0
39.4397,0.05071998486685786,0.7800897672473812,0.03820798860001795,-0.6224368142857339,-0.0135,0.0,9.545,0.0,0.0,1.0,0.0,0.0,0.0,0.0423,-0.0135,0.0,0.0,0.0
39.4598,0.050721217204699354,0.7801697224657609,0.03833091986309406,-0.6223289346120912,-0.0135,0.0,9.6706,0.0,0.0,1.0,0.0,0.0,0.0,-0.0539,-0.0135,0.0,0.0,0.0
39.4798,0.05084327550676171,0.7801095706319517,0.0383919631403189,-0.6223906139318041,-0.0135,0.0,9.5079,0.0,0.0,1.0,0.0,0.0,0.0,0.0616,-0.0135,0.0,0.0,0.0
39.4999,0.05084205793237183,0.7802128890195442,0.03851304388398257,-0.6222537090317485,-0.0135,0.0,9.5386,0.0,0.0,1.0,0.0,0.0,0.0,-0.0654,-0.0135,0.0,0.0,0.0
39.52,0.050963250339719546,0.7802615224928188,0.03851243348900446,-0.6221828478017974,-0.0135,0.0,9.4167,0.0,0.0,1.0,0.0,0.0,0.0,0.0693,-0.0135,0.0,0.0,0.0
39.54,0.05096536175815136,0.7804778538121324,0.038636032327254155,-0.6219036168215104,-0.0135,0.0,9.7993,0.0,0.0,1.0,0.0,0.0,0.0,-0.0577,-0.0135,0.0,0.0,0.0
39.5601,0.05096536175815136,0.7804778538121324,0.038636032327254155,-0.6219036168215104,-0.0135,0.0,9.7993,0.0,0.0,1.0,0.0,0.0,0.0,0.0539,-0.0135,0.0,0.0,0.0
39.5802,0.051146201267391556,0.7803838130147875,0.03875639475473247,-0.6219992864513849,-0.0135,0.0,9.6401,0.0,0.0,1.0,0.0,0.0,0.0,-0.0462,-0.0135,0.0,0.0,0.0
39.6003,0.05120957096953038,0.7805419448913434,0.03894119460930945,-0.6217840746342379,-0.0135,0.0,9.6706,0.0,0.0,1.0,0.0,0.0,0.0,0.0385,-0.0135,0.0,0.0,0.0
39.6203,0.05139089767429217,0.780501258385413,0.0390611621449487,-0.6218126622278637,-0.0135,0.0,9.6081,0.0,0.0,1.0,0.0,0.0,0.0,-0.0269,-0.0135,0.0,0.0,0.0
39.6404,0.05151340835961655,0.780570035018464,0.03936754785692027,-0.6216968597042954,-0.0135,0.0,9.6571,0.0,0.0,1.0,0.0,0.0,0.0,0.0154,-0.0135,0.0,0.0,0.0
39.6605,0.05175675617957926,0.7804992430111825,0.0396110480657192,-0.6217500580779017,-0.0135,0.0,9.3809,0.0,0.0,1.0,0.0,0.0,0.0,0.0,-0.0135,0.0,0.0,0.0
39.6805,0.0518188015036678,0.7805150101707824,0.039977846861453004,-0.6217016185190042,-0.0135,0.0,9.7332,0.0,0.0,1.0,0.0,0.0,0.0,-0.0077,-0.0135,0.0,0.0,0.0
39.7006,0.05194009143701532,0.7805043470136561,0.040160297495273105,-0.6216931250218163,-0.0135,0.0,9.5138,0.0,0.0,1.0,0.0,0.0,0.0,0.0231,-0.0135,0.0,0.0,0.0
39.7207,0.051941925688628265,0.7804709092464477,0.04046672118203415,-0.6217150799623214,-0.0135,0.0,9.8583,0.0,0.0,1.0,0.0,0.0,0.0,-0.0346,-0.0135,0.0,0.0,0.0
39.7408,0.05188032975457696,0.7805229610520987,0.0405882579814722,-0.6216469512263774,-0.0135,0.0,9.6622,0.0,0.0,1.0,0.0,0.0,0.0,0.0462,-0.0135,0.0,0.0,0.0
39.7635,0.051819980062646986,0.7804107597786424,0.04083377228233026,-0.621776759560233,-0.0135,0.0,9.8165,0.0,0.0,1.0,0.0,0.0,0.0,-0.0539,-0.0135,0.0,0.0,0.0
39.7838,0.051759844400791455,0.7805458138262096,0.040956459434955406,-0.6216041501281495,-0.0135,0.0,9.9205,0.0,0.0,1.0,0.0,0.0,0.0,0.0654,-0.0135,0.0,0.0,0.0
39.8039,0.05169848716823294,0.7805404531708784,0.04120018517213836,-0.6215998810570169,-0.0135,0.0,9.4224,0.0,0.0,1.0,0.0,0.0,0.0,-0.0654,-0.0135,0.0,0.0,0.0
39.824,0.0516982269195167,0.7805365239524023,0.041321980666989444,-0.6215967519408674,-0.0135,0.0,9.477,0.0,0.0,1.0,0.0,0.0,0.0,0.0693,-0.0135,0.0,0.0,0.0
39.8441,0.05157383287573292,0.7805613357693983,0.041442062159360304,-0.62156793381607,-0.0135,0.0,9.968,0.0,0.0,1.0,0.0,0.0,0.0,-0.0616,-0.0135,0.0,0.0,0.0
39.8641,0.051514949348720473,0.7805933852481824,0.04144376375080605,-0.6215324539769012,-0.0135,0.0,9.8298,0.0,0.0,1.0,0.0,0.0,0.0,0.0577,-0.0135,0.0,0.0,0.0
39.8842,0.051390368279265186,0.780432220114619,0.041441684164803705,-0.6217452586619967,-0.0135,0.0,9.7535,0.0,0.0,1.0,0.0,0.0,0.0,-0.0423,-0.0135,0.0,0.0,0.0
39.9043,0.05139062771437358,0.7804361599874858,0.041319896633437825,-0.6217483974320419,-0.0135,0.0,9.8644,0.0,0.0,1.0,0.0,0.0,0.0,0.0385,-0.0135,0.0,0.0,0.0
39.9243,0.05139202886123195,0.780273438193493,0.04138202323971635,-0.6219483492797606,-0.0135,0.0,9.3601,0.0,0.0,1.0,0.0,0.0,0.0,-0.0192,-0.0135,0.0,0.0,0.0
39.9444,0.0513932037121797,0.7804142785680692,0.041260966398749654,-0.621779563085761,-0.0135,0.0,9.6757,0.0,0.0,1.0,0.0,0.0,0.0,0.0115,-0.0135,0.0,0.0,0.0
39.9645,0.05145325628820163,0.7802768865520755,0.04119920521286663,-0.6219510979327623,-0.0135,0.0,9.2445,0.0,0.0,1.0,0.0,0.0,0.0,0.0077,-0.0135,0.0,0.0,0.0
39.9845,0.05139189873799077,0.7803944623196801,0.04095491930289569,-0.6218247747635782,-0.0135,0.0,9.4988,0.0,0.0,1.0,0.0,0.0,0.0,-0.0115,-0.0135,0.0,0.0,0.0
40.0046,0.05139136884810242,0.7802634173648707,0.04077049928599764,-0.622001361025828,-0.0135,0.0,9.4711,0.0,0.0,1.0,0.0,0.0,0.0,0.0308,-0.0135,0.0,0.0,0.0
40.0247,0.05133157320355203,0.7804047145342812,0.040710454600857315,-0.6218329438131331,-0.0135,0.0,9.6362,0.0,0.0,1.0,0.0,0.0,0.0,-0.0346,-0.0135,0.0,0.0,0.0
40.0448,0.0513917514182371,0.78026922583986,0.040587803676903345,-0.6220059913586983,-0.0135,0.0,9.5138,0.0,0.0,1.0,0.0,0.0,0.0,0.0423,-0.0135,0.0,0.0,0.0
40.0648,0.051269831416970835,0.7803314341511706,0.040465866942054785,-0.6219459549467949,-0.0135,0.0,9.6965,0.0,0.0,1.0,0.0,0.0,0.0,-0.0462,-0.0135,0.0,0.0,0.0
40.0849,0.05127107411256743,0.7802283455337327,0.04034484521157439,-0.6220830324401174,-0.0135,0.0,9.5546,0.0,0.0,1.0,0.0,0.0,0.0,0.0539,-0.0135,0.0,0.0,0.0
40.105,0.05114608512933677,0.7802590431916441,0.04028227945461266,-0.6220588729819256,-0.0135,0.0,9.7694,0.0,0.0,1.0,0.0,0.0,0.0,-0.0577,-0.0135,0.0,0.0,0.0
40.125,0.05108549617826624,0.7802653047704718,0.04016060392309745,-0.6220638650043862,-0.0135,0.0,9.5614,0.0,0.0,1.0,0.0,0.0,0.0,0.0616,-0.0135,0.0,0.0,0.0
40.1451,0.05096562355643941,0.7802978571001813,0.04022328134932718,-0.6220288152954502,-0.0135,0.0,9.8254,0.0,0.0,1.0,0.0,0.0,0.0,0.0539,-0.0135,0.0,0.0,0.0
40.1652,0.05096319768716473,0.7803217154072675,0.04022136679564292,-0.6219992078760622,-0.0135,0.0,9.5521,0.0,0.0,1.0,0.0,0.0,0.0,0.0539,-0.0135,0.0,0.0,0.0
40.1852,0.05090272321905288,0.7802687573286465,0.04028278096444444,-0.6220666175446686,-0.0135,0.0,9.6282,0.0,0.0,1.0,0.0,0.0,0.0,-0.0539,-0.0135,0.0,0.0,0.0
40.2053,0.05084249662295876,0.7802196210847709,0.04022239288715341,-0.6221370769548401,-0.0135,0.0,9.4844,0.0,0.0,1.0,0.0,0.0,0.0,-0.0462,-0.0135,0.0,0.0,0.0
40.2254,0.050780673306585256,0.7803289798156962,0.04022174123663341,-0.6220049983804133,-0.0135,0.0,9.7594,0.0,0.0,1.0,0.0,0.0,0.0,0.0346,-0.0135,0.0,0.0,0.0
40.2455,0.05084020154506364,0.7802453990828736,0.04015957936846127,-0.6221089931047559,-0.0135,0.0,9.5734,0.0,0.0,1.0,0.0,0.0,0.0,-0.0192,-0.0135,0.0,0.0,0.0
40.2655,0.05078079780347844,0.7803308929162398,0.04016084008951187,-0.6220065233245475,-0.0135,0.0,9.8728,0.0,0.0,1.0,0.0,0.0,0.0,0.0115,-0.0135,0.0,0.0,0.0
40.2856,0.050780922112332205,0.7803328031272447,0.04009993849480176,-0.6220080459654127,-0.0135,0.0,9.494,0.0,0.0,1.0,0.0,0.0,0.0,-0.0038,-0.0135,0.0,0.0,0.0
40.3057,0.05072020319675019,0.7803371262092442,0.040039160406046714,-0.6220114919204929,-0.0135,0.0,9.7243,0.0,0.0,1.0,0.0,0.0,0.0,0.0,-0.0135,0.0,0.0,0.0
40.3257,0.05071967358340735,0.7803909776379485,0.040038742322674466,-0.6219439973551464,-0.0135,0.0,9.5266,0.0,0.0,1.0,0.0,0.0,0.0,0.0154,-0.0135,0.0,0.0,0.0
40.3458,0.05072187951933403,0.7803629166569404,0.040162488236908093,-0.6219710473834931,-0.0135,0.0,9.6493,0.0,0.0,1.0,0.0,0.0,0.0,-0.0269,-0.0135,0.0,0.0,0.0
40.3659,0.05071954961442793,0.7803890702070402,0.04009964391834708,-0.6219424772002011,-0.0135,0.0,9.4906,0.0,0.0,1.0,0.0,0.0,0.0,0.0423,-0.0135,0.0,0.0,0.0
40.3859,0.050720934023796516,0.780226367834667,0.04016173957668967,-0.6221424567263119,-0.0135,0.0,9.315,0.0,0.0,1.0,0.0,0.0,0.0,-0.05,-0.0135,0.0,0.0,0.0
40.406,0.05065755427290097,0.780250732252497,0.04022085212824239,-0.6221132453730659,-0.0135,0.0,9.6697,0.0,0.0,1.0,0.0,0.0,0.0,0.0577,-0.0135,0.0,0.0,0.0
40.4261,0.050659381572053075,0.7800348753087705,0.04028330341828734,-0.6223796878324985,-0.0135,0.0,9.2858,0.0,0.0,1.0,0.0,0.0,0.0,-0.0616,-0.0135,0.0,0.0,0.0
40.4461,0.050659716365825946,0.780223032930255,0.040344570502040766,-0.622139797516486,-0.0135,0.0,9.8644,0.0,0.0,1.0,0.0,0.0,0.0,0.0693,-0.0135,0.0,0.0,0.0
40.4662,0.050719362505948384,0.7800801951353561,0.04046549138733663,-0.6223061782043919,-0.0135,0.0,9.6021,0.0,0.0,1.0,0.0,0.0,0.0,-0.0654,-0.0135,0.0,0.0,0.0
40.4863,0.05078053822625378,0.7802659046378313,0.040526631470341135,-0.6220643432466019,-0.0135,0.0,9.7408,0.0,0.0,1.0,0.0,0.0,0.0,0.0616,-0.0135,0.0,0.0,0.0
40.5063,0.05090500913016921,0.780181792387691,0.04058960199939715,-0.6221555553731862,-0.0135,0.0,9.5829,0.0,0.0,1.0,0.0,0.0,0.0,-0.05,-0.0135,0.0,0.0,0.0
40.5264,0.0509623178092003,0.7803082431780176,0.04064765828086869,-0.6219884690797987,-0.0135,0.0,9.568,0.0,0.0,1.0,0.0,0.0,0.0,0.0462,-0.0135,0.0,0.0,0.0
40.5465,0.051086553889805764,0.7802814599549861,0.04058844006732648,-0.6220157440090086,-0.0135,0.0,9.4167,0.0,0.0,1.0,0.0,0.0,0.0,-0.0269,-0.0135,0.0,0.0,0.0
40.5665,0.05108540030735693,0.7803868390216521,0.04064852282609239,-0.6218796997404626,-0.0135,0.0,9.6033,0.0,0.0,1.0,0.0,0.0,0.0,0.0192,-0.0135,0.0,0.0,0.0
40.5866,0.05120707935491618,0.7803819696191837,0.04064826919032171,-0.6218758193796039,-0.0135,0.0,9.3384,0.0,0.0,1.0,0.0,0.0,0.0,-0.0038,-0.0135,0.0,0.0,0.0
40.6067,0.05126878815898028,0.7803775542054926,0.04070903775993939,-0.6218723007962511,-0.0135,0.0,9.9295,0.0,0.0,1.0,0.0,0.0,0.0,-0.0077,-0.0135,0.0,0.0,0.0
40.6267,0.05133170058357761,0.7804066511196284,0.04064955479187726,-0.6218344869003865,-0.0135,0.0,9.6566,0.0,0.0,1.0,0.0,0.0,0.0,0.0231,-0.0135,0.0,0.0,0.0
40.6468,0.051271395974381684,0.7803552468553362,0.04065010678686637,-0.6219039326764237,-0.0135,0.0,9.9207,0.0,0.0,1.0,0.0,0.0,0.0,-0.0346,-0.0135,0.0,0.0,0.0
40.6669,0.05127036406766167,0.7804625420158972,0.04064928864806672,-0.6217694151458881,-0.0135,0.0,9.9646,0.0,0.0,1.0,0.0,0.0,0.0,0.0462,-0.0135,0.0,0.0,0.0
40.6869,0.05120774111305737,0.7803300549468154,0.0405877948034834,-0.6219448556823898,-0.0135,0.0,9.6677,0.0,0.0,1.0,0.0,0.0,0.0,-0.0539,-0.0135,0.0,0.0,0.0
40.707,0.0511479386394722,0.7804713227901252,0.0405277437433651,-0.6217764105064113,-0.0135,0.0,9.9038,0.0,0.0,1.0,0.0,0.0,0.0,0.0654,-0.0135,0.0,0.0,0.0
40.7271,0.05114752160641479,0.7802809573660654,0.04052741330172222,-0.6220153433609892,-0.0135,0.0,9.3551,0.0,0.0,1.0,0.0,0.0,0.0,-0.0654,-0.0135,0.0,0.0,0.0
40.7471,0.051085159138815284,0.7804441538973947,0.040526332936984044,-0.6218157649190172,-0.0135,0.0,9.6201,0.0,0.0,1.0,0.0,0.0,0.0,0.0693,-0.0135,0.0,0.0,0.0
40.7672,0.05108680648409831,0.7802853180081991,0.04046663882835861,-0.6220188195272193,-0.0135,0.0,9.3198,0.0,0.0,1.0,0.0,0.0,0.0,-0.0616,-0.0135,0.0,0.0,0.0
40.7873,0.05096409723864742,0.7803974889853922,0.04046607720860046,-0.621888186552287,-0.0135,0.0,9.4759,0.0,0.0,1.0,0.0,0.0,0.0,0.0577,-0.0135,0.0,0.0,0.0
40.8074,0.050965121829545934,0.7802901755220408,0.04046689074551463,-0.6220226917838874,-0.0135,0.0,9.5326,0.0,0.0,1.0,0.0,0.0,0.0,-0.0423,-0.0135,0.0,0.0,0.0
40.8274,0.050782100120369766,0.7803509051678509,0.04046687665605031,-0.621961473891096,-0.0135,0.0,9.6316,0.0,0.0,1.0,0.0,0.0,0.0,0.0346,-0.0135,0.0,0.0,0.0
40.8475,0.050782590593361765,0.7802974401853878,0.04046726750065943,-0.6220284829441399,-0.0135,0.0,9.5734,0.0,0.0,1.0,0.0,0.0,0.0,-0.0192,-0.0135,0.0,0.0,0.0
40.8675,0.050782213664416494,0.7802916485019048,0.04064997150991257,-0.6220238659969286,-0.0135,0.0,9.9269,0.0,0.0,1.0,0.0,0.0,0.0,0.0115,-0.0135,0.0,0.0,0.0
40.8876,0.050659090639655346,0.7802133959641284,0.04064907272965029,-0.6221321131238164,-0.0135,0.0,9.4024,0.0,0.0,1.0,0.0,0.0,0.0,0.0077,-0.0135,0.0,0.0,0.0
40.9077,0.050659090639655346,0.7802133959641284,0.04064907272965029,-0.6221321131238164,-0.0135,0.0,9.4024,0.0,0.0,1.0,0.0,0.0,0.0,-0.0154,-0.0135,0.0,0.0,0.0
40.9277,0.05053642699074057,0.7803251522526579,0.04064853910494526,-0.6220019474065253,-0.0135,0.0,9.5004,0.0,0.0,1.0,0.0,0.0,0.0,0.0308,-0.0135,0.0,0.0,0.0
40.9478,0.05053678946675094,0.7802697494427885,0.040709830405276204,-0.6220674085042996,-0.0135,0.0,9.5728,0.0,0.0,1.0,0.0,0.0,0.0,-0.0423,-0.0135,0.0,0.0,0.0
40.9679,0.050413962032932524,0.7803799328503895,0.04077016058801347,-0.621935195050249,-0.0135,0.0,9.7524,0.0,0.0,1.0,0.0,0.0,0.0,0.0539,-0.0135,0.0,0.0,0.0
40.9879,0.05041461372566731,0.7803280211644329,0.040709688084338565,-0.622004234233633,-0.0135,0.0,9.545,0.0,0.0,1.0,0.0,0.0,0.0,-0.0577,-0.0135,0.0,0.0,0.0
41.008,0.05035466638444336,0.7804673285618531,0.0407105387558227,-0.6218342292404357,-0.0135,0.0,9.9629,0.0,0.0,1.0,0.0,0.0,0.0,0.0654,-0.0135,0.0,0.0,0.0
41.0281,0.05035381607360656,0.7805761488048562,0.04064885152273984,-0.6217017291223237,-0.0135,0.0,9.4114,0.0,0.0,1.0,0.0,0.0,0.0,-0.0654,-0.0135,0.0,0.0,0.0
41.0482,0.050416447703494745,0.7806014148952943,0.04071116901734157,-0.6216608509321356,-0.0135,0.0,9.8139,0.0,0.0,1.0,0.0,0.0,0.0,0.0654,-0.0135,0.0,0.0,0.0
41.0682,0.05059800337625314,0.7807010520938409,0.04071000271645664,-0.621521041472236,-0.0135,0.0,9.3583,0.0,0.0,1.0,0.0,0.0,0.0,-0.0577,-0.0135,0.0,0.0,0.0
41.0883,0.050598985263065555,0.7805941997244645,0.04071079272025385,-0.6216551048635888,-0.0135,0.0,9.4931,0.0,0.0,1.0,0.0,0.0,0.0,0.05,-0.0135,0.0,0.0,0.0
41.1084,0.05059887062033564,0.7806534321723952,0.04052769733251017,-0.6215926953225325,-0.0135,0.0,9.4962,0.0,0.0,1.0,0.0,0.0,0.0,-0.0346,-0.0135,0.0,0.0,0.0
41.1284,0.050658776201191344,0.7805145518664298,0.04052682096183673,-0.6217622531975313,-0.0135,0.0,9.2784,0.0,0.0,1.0,0.0,0.0,0.0,0.0269,-0.0135,0.0,0.0,0.0
41.1485,0.05065971521044783,0.7806510211785466,0.040527572165534716,-0.6215907755767104,-0.0135,0.0,9.9231,0.0,0.0,1.0,0.0,0.0,0.0,-0.0115,-0.0135,0.0,0.0,0.0
41.1686,0.050598057724599466,0.7805188904519718,0.04046604616553312,-0.6217657093390162,-0.0135,0.0,9.5517,0.0,0.0,1.0,0.0,0.0,0.0,0.0,-0.0135,0.0,0.0,0.0
41.1886,0.05041418152295429,0.7806883254815425,0.04040434403322385,-0.6215719087454329,-0.0135,0.0,10.0029,0.0,0.0,1.0,0.0,0.0,0.0,0.0154,-0.0135,0.0,0.0,0.0
41.2087,0.05035289194793696,0.7805008245108602,0.04040411087811108,-0.6218123165670622,-0.0135,0.0,9.6482,0.0,0.0,1.0,0.0,0.0,0.0,-0.0269,-0.0135,0.0,0.0,0.0
41.2288,0.05023310811947451,0.780535218251234,0.04040589133555056,-0.6217787161551412,-0.0135,0.0,9.6677,0.0,0.0,1.0,0.0,0.0,0.0,0.0423,-0.0135,0.0,0.0,0.0
41.2489,0.05029289653441638,0.7803943945255284,0.04046591675107276,-0.6219467204936512,-0.0135,0.0,9.5419,0.0,0.0,1.0,0.0,0.0,0.0,-0.05,-0.0135,0.0,0.0,0.0
41.2689,0.050170109750087566,0.7805041502445418,0.04052628087623933,-0.6218149661250123,-0.0135,0.0,9.5189,0.0,0.0,1.0,0.0,0.0,0.0,0.0577,-0.0135,0.0,0.0,0.0
41.289,0.050049908720223024,0.7803481682208738,0.04052773583297342,-0.6220202935754402,-0.0135,0.0,9.48,0.0,0.0,1.0,0.0,0.0,0.0,-0.0616,-0.0135,0.0,0.0,0.0
41.3091,0.04998744742961325,0.7805093721066436,0.04058755133778397,-0.6218191262976457,-0.0135,0.0,9.8857,0.0,0.0,1.0,0.0,0.0,0.0,0.0693,-0.0135,0.0,0.0,0.0
41.3292,0.04992808747779199,0.7803509967331371,0.04058888406170264,-0.6220225481998504,-0.0135,0.0,9.6586,0.0,0.0,1.0,0.0,0.0,0.0,-0.0616,-0.0135,0.0,0.0,0.0
41.3492,0.04980361997806704,0.7804353747057984,0.04052587705754701,-0.6219307667527127,-0.0135,0.0,9.6252,0.0,0.0,1.0,0.0,0.0,0.0,0.0616,-0.0135,0.0,0.0,0.0
41.3693,0.04986607353251643,0.7802741505923305,0.04046605967125522,-0.6221319173957797,-0.0135,0.0,9.4601,0.0,0.0,1.0,0.0,0.0,0.0,-0.05,-0.0135,0.0,0.0,0.0
41.3894,0.04980510181557802,0.7802745950998192,0.04052708284870877,-0.6221322718126164,-0.0135,0.0,9.5107,0.0,0.0,1.0,0.0,0.0,0.0,0.0462,-0.0135,0.0,0.0,0.0
41.4094,0.049867034903258944,0.7801671910081496,0.04046683981861965,-0.6222659140427866,-0.0135,0.0,9.3561,0.0,0.0,1.0,0.0,0.0,0.0,-0.0269,-0.0135,0.0,0.0,0.0
41.4295,0.04980477378957204,0.7800864568920232,0.04046581620658213,-0.6223721732212604,-0.0135,0.0,9.7853,0.0,0.0,1.0,0.0,0.0,0.0,0.0192,-0.0135,0.0,0.0,0.0
41.4496,0.049805712049488804,0.7800401518773354,0.04022257504376153,-0.6224458988243684,-0.0135,0.0,9.4655,0.0,0.0,1.0,0.0,0.0,0.0,0.0,-0.0135,0.0,0.0,0.0
41.4696,0.04980489946903632,0.7799054257644367,0.04016091893536733,-0.6226187432468917,-0.0135,0.0,9.8821,0.0,0.0,1.0,0.0,0.0,0.0,-0.0077,-0.0135,0.0,0.0,0.0
41.4897,0.04992683973762291,0.7799044965499693,0.04003887147745089,-0.6226180014308652,-0.0135,0.0,9.6621,0.0,0.0,1.0,0.0,0.0,0.0,0.0231,-0.0135,0.0,0.0,0.0
41.5098,0.05004997305833753,0.7797391594824903,0.04003977844278167,-0.622815108606601,-0.0135,0.0,9.6543,0.0,0.0,1.0,0.0,0.0,0.0,-0.0346,-0.0135,0.0,0.0,0.0
41.5298,0.0500488999977432,0.7799054416779532,0.03985592036424418,-0.6226187559510649,-0.0135,0.0,9.8722,0.0,0.0,1.0,0.0,0.0,0.0,0.0462,-0.0135,0.0,0.0,0.0
41.5499,0.050109047288496675,0.7797701744134988,0.039733244561188034,-0.6227911590185119,-0.0135,0.0,9.4495,0.0,0.0,1.0,0.0,0.0,0.0,-0.0539,-0.0135,0.0,0.0,0.0
41.57,0.05035422109595045,0.7798494241727086,0.03955117366179328,-0.6226837340876101,-0.0135,0.0,9.5642,0.0,0.0,1.0,0.0,0.0,0.0,0.0654,-0.0135,0.0,0.0,0.0
41.59,0.05041518795316214,0.7798489073593512,0.039490147223452905,-0.6226833214293953,-0.0135,0.0,9.3225,0.0,0.0,1.0,0.0,0.0,0.0,-0.0654,-0.0135,0.0,0.0,0.0
41.6101,0.05041494694590905,0.7799061792669442,0.03936795857119014,-0.6226193447874998,-0.0135,0.0,9.9231,0.0,0.0,1.0,0.0,0.0,0.0,0.0654,-0.0135,0.0,0.0,0.0
41.6302,0.05041543047081465,0.7798526587512238,0.03936833614549318,-0.6226863167905853,-0.0135,0.0,9.4957,0.0,0.0,1.0,0.0,0.0,0.0,-0.0616,-0.0135,0.0,0.0,0.0
41.6503,0.050477223910140756,0.7799869121710258,0.03936895457037859,-0.6225130939380067,-0.0135,0.0,9.9413,0.0,0.0,1.0,0.0,0.0,0.0,0.0577,-0.0135,0.0,0.0,0.0
41.6703,0.05047663809420688,0.7797948576807023,0.03942949844315091,-0.6227498724158531,-0.0135,0.0,9.6084,0.0,0.0,1.0,0.0,0.0,0.0,-0.0423,-0.0135,0.0,0.0,0.0
41.6904,0.05041494694590905,0.7799061792669442,0.03936795857119014,-0.6226193447874998,-0.0135,0.0,9.694,0.0,0.0,1.0,0.0,0.0,0.0,0.0346,-0.0135,0.0,0.0,0.0
41.7105,0.05035351534901705,0.7797164952535438,0.039428620500782274,-0.6228580050115211,-0.0135,0.0,9.3174,0.0,0.0,1.0,0.0,0.0,0.0,-0.0192,-0.0135,0.0,0.0,0.0
41.7305,0.0502322890144663,0.7799114872671872,0.03942922685840489,-0.6226235823018591,-0.0135,0.0,9.5004,0.0,0.0,1.0,0.0,0.0,0.0,0.0115,-0.0135,0.0,0.0,0.0
41.7506,0.05023074183101223,0.7798264670717387,0.03948901088761503,-0.6227264020809093,-0.0135,0.0,9.5232,0.0,0.0,1.0,0.0,0.0,0.0,0.0077,-0.0135,0.0,0.0,0.0
41.7707,0.05023132212640202,0.7799574744442892,0.03967246461858481,-0.6225505986560504,-0.0135,0.0,9.6976,0.0,0.0,1.0,0.0,0.0,0.0,-0.0154,-0.0135,0.0,0.0,0.0
41.7907,0.05035325073938468,0.7798953950907825,0.03979440785585686,-0.622610735499775,-0.0135,0.0,9.6872,0.0,0.0,1.0,0.0,0.0,0.0,0.0308,-0.0135,0.0,0.0,0.0
41.8108,0.050292283852180306,0.7798958945042527,0.039855432469975964,-0.6226111341945101,-0.0135,0.0,9.9353,0.0,0.0,1.0,0.0,0.0,0.0,-0.0423,-0.0135,0.0,0.0,0.0
41.8309,0.050355768420194014,0.779873388001245,0.03973539544838539,-0.6226418662624864,-0.0135,0.0,9.485,0.0,0.0,1.0,0.0,0.0,0.0,0.0539,-0.0135,0.0,0.0,0.0
41.8509,0.050416493299003995,0.7798690991422212,0.03979617873319191,-0.6226384420871938,-0.0135,0.0,9.8277,0.0,0.0,1.0,0.0,0.0,0.0,-0.0577,-0.0135,0.0,0.0,0.0
41.871,0.050598545537256734,0.7799154087972904,0.039795429061526943,-0.6225657123034313,-0.0135,0.0,9.3115,0.0,0.0,1.0,0.0,0.0,0.0,0.0654,-0.0135,0.0,0.0,0.0
41.8911,0.0507201101574532,0.7799086938597947,0.03985608656221329,-0.6225603521197525,-0.0135,0.0,9.5399,0.0,0.0,1.0,0.0,0.0,0.0,-0.0654,-0.0135,0.0,0.0,0.0
41.9111,0.05084106556175,0.7800146636455338,0.03973326971855118,-0.6224255600696067,-0.0135,0.0,9.4412,0.0,0.0,1.0,0.0,0.0,0.0,0.0654,-0.0135,0.0,0.0,0.0
41.9312,0.05102517997454642,0.7798487506600698,0.03967313993395749,-0.6226221960950913,-0.0135,0.0,9.3174,0.0,0.0,1.0,0.0,0.0,0.0,-0.0539,-0.0135,0.0,0.0,0.0
41.9513,0.05108516397340729,0.7799552357595142,0.03961135174636132,-0.6224878127690188,-0.0135,0.0,9.6597,0.0,0.0,1.0,0.0,0.0,0.0,0.05,-0.0135,0.0,0.0,0.0
41.9713,0.051147599167047475,0.7797941348754782,0.03955146332445503,-0.6226882944637275,-0.0135,0.0,9.3434,0.0,0.0,1.0,0.0,0.0,0.0,-0.0346,-0.0135,0.0,0.0,0.0
41.9914,0.05127074869954601,0.7799793899295391,0.03955157756613514,-0.622446089492867,-0.0135,0.0,9.8429,0.0,0.0,1.0,0.0,0.0,0.0,0.0269,-0.0135,0.0,0.0,0.0
42.0115,0.05139146380016957,0.7798378634555395,0.03955058734356531,-0.6226135038772885,-0.0135,0.0,9.5349,0.0,0.0,1.0,0.0,0.0,0.0,-0.0077,-0.0135,0.0,0.0,0.0
42.0316,0.051391842492621076,0.7800266093492502,0.039611878596235106,-0.6223730925308413,-0.0135,0.0,9.7076,0.0,0.0,1.0,0.0,0.0,0.0,0.0,-0.0135,0.0,0.0,0.0
42.0516,0.051392304546534213,0.7799726220530661,0.039612234738817705,-0.622440688531894,-0.0135,0.0,9.5829,0.0,0.0,1.0,0.0,0.0,0.0,0.0154,-0.0135,0.0,0.0,0.0
42.0717,0.051392304546534213,0.7799726220530661,0.039612234738817705,-0.622440688531894,-0.0135,0.0,9.5829,0.0,0.0,1.0,0.0,0.0,0.0,-0.0269,-0.0135,0.0,0.0,0.0
42.0918,0.051392555143194796,0.7801594272944928,0.03973442921193393,-0.6221987210004409,-0.0135,0.0,9.5571,0.0,0.0,1.0,0.0,0.0,0.0,0.0423,-0.0135,0.0,0.0,0.0
42.1118,0.05139084985748826,0.7800725417443966,0.03985510803082304,-0.6223000727391998,-0.0135,0.0,9.3917,0.0,0.0,1.0,0.0,0.0,0.0,-0.0462,-0.0135,0.0,0.0,0.0
42.1319,0.05133035124289591,0.78026313836372,0.03991649550101644,-0.6220621378439589,-0.0135,0.0,9.8409,0.0,0.0,1.0,0.0,0.0,0.0,0.0577,-0.0135,0.0,0.0,0.0
42.152,0.05127025117137113,0.780154821954288,0.04003919615078083,-0.6221950481142526,-0.0135,0.0,9.545,0.0,0.0,1.0,0.0,0.0,0.0,-0.0616,-0.0135,0.0,0.0,0.0
42.1721,0.0511482768779417,0.7802924794099797,0.04016200261393687,-0.6220245283706115,-0.0135,0.0,9.7307,0.0,0.0,1.0,0.0,0.0,0.0,0.0654,-0.0135,0.0,0.0,0.0
42.1921,0.051146704091650605,0.7802074861234267,0.04022176729767884,-0.6221274006929572,-0.0135,0.0,9.5539,0.0,0.0,1.0,0.0,0.0,0.0,-0.0616,-0.0135,0.0,0.0,0.0
42.2122,0.05102572316154769,0.7803450594324965,0.040344571783037464,-0.6219568146766927,-0.0135,0.0,9.587,0.0,0.0,1.0,0.0,0.0,0.0,0.0616,-0.0135,0.0,0.0,0.0
42.2323,0.05108656491856267,0.7803426290796243,0.040344446131513445,-0.621954877617551,-0.0135,0.0,9.3851,0.0,0.0,1.0,0.0,0.0,0.0,-0.0462,-0.0135,0.0,0.0,0.0
42.2523,0.05102506448972677,0.7803969863307174,0.040405051067269326,-0.6218877859935864,-0.0135,0.0,9.6312,0.0,0.0,1.0,0.0,0.0,0.0,0.0423,-0.0135,0.0,0.0,0.0
42.2724,0.051022886667330854,0.780424675349829,0.04028133157511205,-0.6218612429375084,-0.0135,0.0,9.4217,0.0,0.0,1.0,0.0,0.0,0.0,-0.0231,-0.0135,0.0,0.0,0.0
42.2925,0.050840492910172175,0.7804338652136866,0.040220807714742735,-0.6218685656431346,-0.0135,0.0,9.8277,0.0,0.0,1.0,0.0,0.0,0.0,0.0154,-0.0135,0.0,0.0,0.0
42.3125,0.0507814597004575,0.7805250657230407,0.04003936245734879,-0.6217706285944544,-0.0135,0.0,9.6904,0.0,0.0,1.0,0.0,0.0,0.0,0.0,-0.0135,0.0,0.0,0.0
42.3326,0.050781091677675805,0.7805804092213333,0.03997807217443794,-0.6217051223957342,-0.0135,0.0,9.8114,0.0,0.0,1.0,0.0,0.0,0.0,-0.0077,-0.0135,0.0,0.0,0.0
42.3527,0.0508407459699996,0.7804987483382281,0.03985501694229798,-0.6218106625140829,-0.0135,0.0,9.3482,1.0,0.0,1.0,0.0,0.0,0.0,0.0231,-0.0135,0.0,0.0,0.0
42.3728,0.05078183094365196,0.780530771833507,0.03985665217483314,-0.6217751741139352,0.0541,0.0,9.6785,1.0,0.0,1.0,0.0,0.0,0.0,-0.0346,-0.0135,0.0,0.0,0.0
42.3928,0.05151523887502335,0.7804757694351838,0.039917959975430184,-0.6217799530055688,0.1758,0.0,15.423,1.0,0.0,1.0,0.0,0.0,0.0,0.05,-0.0811,0.0,0.0,0.0
42.4129,0.05352750626581715,0.7802048034424183,0.0400386306863148,-0.6219422632456373,0.2705,0.0,10.1031,1.0,0.0,1.0,0.0,0.0,0.0,-0.05,-0.0676,0.0,0.0,0.0
42.433,0.05511621467651162,0.7805352017940941,0.03869685281905655,-0.6214736963234131,0.3651,0.0,11.862,1.0,0.0,1.0,0.0,0.0,0.0,0.0616,-0.0676,0.0,0.0,0.0
42.4531,0.05670099264051531,0.780992124761001,0.03735333637426924,-0.6208389700692024,0.4733,0.0,9.6381,1.0,0.0,1.0,0.0,0.0,0.0,-0.0616,-0.0541,0.0,0.0,0.0
42.4731,0.05755765639271537,0.781821499238454,0.035401018769583126,-0.6198298374466898,0.568,0.0,9.1728,1.0,0.0,1.0,0.0,0.0,0.0,0.0616,-0.0406,0.0,0.0,0.0
42.4932,0.05816772297510636,0.7819917194890504,0.03399742255892002,-0.6196367015548707,0.622,0.0,10.3819,1.0,0.0,1.0,0.0,0.0,0.0,-0.0539,0.027,0.0,0.0,0.0
42.5133,0.05877644674755156,0.7824636348061895,0.033446685172182355,-0.6190131733368938,0.7573,0.0,10.7127,1.0,0.0,1.0,0.0,0.0,0.0,0.0462,0.0135,0.0,0.0,0.0
42.5333,0.05834931056804969,0.7820947590833576,0.033812600483932524,-0.6194996802413154,0.7437,0.0,7.136,1.0,0.0,1.0,0.0,0.0,0.0,-0.0308,0.0676,0.0,0.0,0.0
42.5534,0.05847053522543289,0.7815354213660083,0.033263166707805554,-0.6202234624724191,0.8655,0.0,9.412,1.0,0.0,1.0,0.0,0.0,0.0,0.0192,0.0135,0.0,0.0,0.0
42.5735,0.057800073575725704,0.781494994792183,0.03393604319837091,-0.6203007896024679,0.8519,0.0,9.5793,1.0,0.0,1.0,0.0,0.0,0.0,-0.0038,0.0541,0.0,0.0,0.0
42.5935,0.05743404915650269,0.7820436693334761,0.0341800292539135,-0.6196295303268904,0.879,0.0,10.1908,1.0,0.0,1.0,0.0,0.0,0.0,-0.0077,0.027,0.0,0.0,0.0
42.6136,0.05731244128204993,0.7831480299153266,0.035522273506787216,-0.618168759643306,0.906,0.0,10.5365,1.0,0.0,1.0,0.0,0.0,0.0,0.0231,0.027,0.0,0.0,0.0
42.6337,0.05731244128204993,0.7831480299153266,0.035522273506787216,-0.618168759643306,0.906,0.0,10.5365,1.0,0.0,1.0,0.0,0.0,0.0,-0.0346,0.0135,0.0,0.0,0.0
42.6538,0.05688476935633502,0.7836268227248803,0.03637685250725853,-0.6175514960900435,0.906,0.0,9.9945,1.0,0.0,1.0,0.0,0.0,0.0,0.0462,-0.0135,0.0,0.0,0.0
42.6738,0.05590804748143908,0.7834476653643655,0.037537031879351486,-0.6177985246823006,0.9331,0.0,9.1243,1.0,0.0,1.0,0.0,0.0,0.0,-0.0539,-0.0406,0.0,0.0,0.0
42.6939,0.054870375099890845,0.7829500832468053,0.03851256139348841,-0.6184619565463434,0.9331,0.0,10.0147,1.0,0.0,1.0,0.0,0.0,0.0,0.0577,-0.0541,0.0,0.0,0.0
42.714,0.053709660036937834,0.782390480711596,0.039855005686585676,-0.6191865523671496,0.906,0.0,7.4902,1.0,0.0,1.0,0.0,0.0,0.0,-0.0616,0.0,0.0,0.0,0.0
42.734,0.05273243053165255,0.7825087102968706,0.04076978657424074,-0.6190615749523173,0.9601,0.0,9.9375,1.0,0.0,1.0,0.0,0.0,0.0,0.0577,-0.0406,0.0,0.0,0.0
42.7541,0.05236705895373711,0.7825789369038727,0.041625251986103506,-0.6189468774038962,0.9466,0.0,11.0832,1.0,0.0,1.0,0.0,0.0,0.0,-0.0577,0.0135,0.0,0.0,0.0
42.7742,0.05316064852132124,0.7819621205372227,0.04046497127767573,-0.6197352447563553,0.9466,0.0,10.6113,1.0,0.0,1.0,0.0,0.0,0.0,0.0539,-0.0135,0.0,0.0,0.0
42.7942,0.05310106408776605,0.7818609436293242,0.03942904758698573,-0.619934748200319,0.9872,0.0,10.218,1.0,0.0,1.0,0.0,0.0,0.0,-0.0385,0.0,0.0,0.0,0.0
42.8143,0.05377176407518197,0.7821625682442312,0.038329831827005334,-0.619565281643464,0.9736,0.0,9.7918,1.0,0.0,1.0,0.0,0.0,0.0,0.0308,0.0135,0.0,0.0,0.0
42.8344,0.0539556069908817,0.7821747993259194,0.03765942366174818,-0.6195749701070632,0.9736,0.0,9.8781,1.0,0.0,1.0,0.0,0.0,0.0,-0.0192,0.0406,0.0,0.0,0.0
42.8544,0.054443630135147365,0.7819910508300937,0.03674342527149,-0.6198191738391704,1.0007,0.0,9.7195,1.0,0.0,1.0,0.0,0.0,0.0,0.0077,0.027,0.0,0.0,0.0
42.8745,0.05481170974094951,0.7814573759897714,0.03601212332569498,-0.6205023553219038,1.0142,0.0,9.2347,1.0,0.0,1.0,0.0,0.0,0.0,0.0077,0.027,0.0,0.0,0.0
42.8946,0.05493304080066753,0.781142800089999,0.035400670726418844,-0.6209227644466483,1.0142,0.0,10.4984,1.0,0.0,1.0,0.0,0.0,0.0,-0.0192,0.027,0.0,0.0,0.0
42.9147,0.05529882618045035,0.7808956668070238,0.03497352251453751,-0.6212252812853025,1.0142,0.0,9.2041,1.0,0.0,1.0,0.0,0.0,0.0,0.0308,0.027,0.0,0.0,0.0
42.9348,0.05535945422532734,0.7809514077204833,0.034790285454924186,-0.6211600966298738,1.0007,0.0,9.9072,1.0,0.0,1.0,0.0,0.0,0.0,-0.0423,0.027,0.0,0.0,0.0
42.9548,0.055602089097813064,0.7810542043659796,0.03454543405882871,-0.621022826082804,0.9872,0.0,9.2852,1.0,0.0,1.0,0.0,0.0,0.0,0.0539,0.027,0.0,0.0,0.0
42.9749,0.055662823153743386,0.7811114854203297,0.034301274788367926,-0.6209588714326372,0.9736,0.0,9.5582,1.0,0.0,1.0,0.0,0.0,0.0,-0.0577,0.027,0.0,0.0,0.0
42.995,0.05590688356941126,0.7812953979484194,0.034118318675408654,-0.6207156046410794,0.9872,0.0,9.5615,1.0,0.0,1.0,0.0,0.0,0.0,0.0616,0.027,0.0,0.0,0.0
43.0151,0.055967259344617604,0.7813476990588104,0.03405694078434485,-0.6206476970402506,0.9872,0.0,10.3104,1.0,0.0,1.0,0.0,0.0,0.0,-0.0616,0.027,0.0,0.0,0.0
43.0352,0.05627438240694322,0.7813773097714402,0.03356922811633584,-0.6206092172879304,0.9601,0.0,9.486,1.0,0.0,1.0,0.0,0.0,0.0,0.0616,0.027,0.0,0.0,0.0
43.0553,0.05658015837320535,0.78131318696938,0.033447093621573165,-0.6206687373103976,0.9736,0.0,9.7155,1.0,0.0,1.0,0.0,0.0,0.0,-0.0539,0.0135,0.0,0.0,0.0
43.0755,0.05688482240210735,0.7815525599451344,0.033080896719418496,-0.6203590632010845,0.9736,0.0,9.5752,1.0,0.0,1.0,0.0,0.0,0.0,0.0462,0.0,0.0,0.0,0.0
43.0955,0.057007230273447285,0.7816801574974559,0.03320313411983217,-0.6201805051401756,0.9601,0.0,10.0351,1.0,0.0,1.0,0.0,0.0,0.0,-0.0346,-0.0135,0.0,0.0,0.0
43.1156,0.05718988553827593,0.7819194350406417,0.03301993391281483,-0.6198717593682069,0.9872,0.0,13.0512,1.0,0.0,1.0,0.0,0.0,0.0,0.0231,-0.0406,0.0,0.0,0.0
43.1357,0.0573125924453361,0.7815630790866605,0.033081341964757316,-0.6203064121622348,0.9601,0.0,8.9804,1.0,0.0,1.0,0.0,0.0,0.0,-0.0077,-0.0135,0.0,0.0,0.0
43.157,0.05761726845543914,0.781497641222468,0.03302015385040192,-0.6203638904539402,1.0142,0.0,8.74,1.0,0.0,1.0,0.0,0.0,0.0,-0.0038,-0.0406,0.0,0.0,0.0
43.1771,0.05749430846934338,0.7816065989838121,0.0331416013790936,-0.6202315399724682,0.9601,0.0,8.4358,1.0,0.0,1.0,0.0,0.0,0.0,0.0154,-0.0135,0.0,0.0,0.0
43.1972,0.05749442459399218,0.7816081776408004,0.03308066892762618,-0.6202327926907232,0.9872,0.0,11.4833,1.0,0.0,1.0,0.0,0.0,0.0,-0.0269,-0.0135,0.0,0.0,0.0
43.2172,0.057127331540782755,0.781532174593578,0.033446023176400275,-0.6203428822834564,0.9736,0.0,9.5084,1.0,0.0,1.0,0.0,0.0,0.0,0.0423,-0.0135,0.0,0.0,0.0
43.2373,0.057556453537028825,0.7814391576343226,0.03332526259853875,-0.6204268888795349,0.9736,0.0,9.6985,1.0,0.0,1.0,0.0,0.0,0.0,-0.05,-0.0135,0.0,0.0,0.0
43.2574,0.057616097222001006,0.7814817550794115,0.033629473064822946,-0.6203512798086983,0.9736,0.0,9.5934,1.0,0.0,1.0,0.0,0.0,0.0,0.0577,0.0,0.0,0.0,0.0
43.2774,0.05761588958110092,0.7817229340186175,0.033690350692970494,-0.6200440500216797,0.9736,0.0,10.0505,1.0,0.0,1.0,0.0,0.0,0.0,-0.0616,0.0,0.0,0.0,0.0
43.2975,0.05749483343270673,0.7816137356002877,0.033996901508161426,-0.6201762032981863,0.9736,0.0,9.5586,1.0,0.0,1.0,0.0,0.0,0.0,0.0654,0.0,0.0,0.0,0.0
43.3176,0.05737457101359972,0.7814543975540809,0.03418093593231747,-0.6203779870072638,0.9736,0.0,9.9119,1.0,0.0,1.0,0.0,0.0,0.0,-0.0577,0.0,0.0,0.0,0.0
43.3376,0.057250643364239295,0.7813671325706517,0.03454578480133136,-0.620479134802419,0.9736,0.0,9.5824,1.0,0.0,1.0,0.0,0.0,0.0,0.0539,0.0,0.0,0.0,0.0
43.3577,0.05700523756792612,0.7812868449389354,0.0348499225442454,-0.6205858133359545,0.9736,0.0,9.8892,1.0,0.0,1.0,0.0,0.0,0.0,-0.05,0.0,0.0,0.0,0.0
43.3778,0.05700734572466176,0.7812547379688819,0.03515621320708362,-0.6206087637211877,0.9736,0.0,9.6027,1.0,0.0,1.0,0.0,0.0,0.0,0.0423,0.0,0.0,0.0,0.0
43.3978,0.056884731384845955,0.7810633117441763,0.03539983283859627,-0.6208470683006349,0.9736,0.0,9.7364,1.0,0.0,1.0,0.0,0.0,0.0,-0.0231,0.0,0.0,0.0,0.0
43.4179,0.0567627567991556,0.7810636535215905,0.035582847544780194,-0.6208473399706806,0.9736,0.0,9.7285,1.0,0.0,1.0,0.0,0.0,0.0,0.0154,0.0,0.0,0.0,0.0
43.438,0.05657936291215249,0.7808752072869085,0.03582759657858969,-0.6210870065139702,0.9736,0.0,9.5452,1.0,0.0,1.0,0.0,0.0,0.0,0.0,0.0,0.0,0.0,0.0
43.4581,0.056579666456663735,0.7808183969899536,0.0359497880720584,-0.6211513382447681,0.9736,0.0,9.6622,1.0,0.0,1.0,0.0,0.0,0.0,-0.0077,0.0,0.0,0.0,0.0
43.4782,0.05652013858439553,0.780655726119049,0.03613372790512881,-0.6213505169544958,0.9601,0.0,9.4333,1.0,0.0,1.0,0.0,0.0,0.0,0.0231,0.0,0.0,0.0,0.0
43.4983,0.05658026977067321,0.7807047223441916,0.036194172571222316,-0.6212799622183556,0.9736,0.0,9.8253,1.0,0.0,1.0,0.0,0.0,0.0,-0.0346,0.0,0.0,0.0,0.0
43.5183,0.05639636048056924,0.7805229890342039,0.03619423135033923,-0.621524972732887,0.9736,0.0,9.3053,1.0,0.0,1.0,0.0,0.0,0.0,0.0462,0.0,0.0,0.0,0.0
43.5384,0.05657879870287214,0.7804404294670824,0.03588823801073505,-0.6216298013794551,0.9736,0.0,9.6696,1.0,0.0,1.0,0.0,0.0,0.0,-0.0539,0.0,0.0,0.0,0.0
43.5585,0.056640990145856225,0.7803338642410377,0.03576699377741999,-0.6217648918281515,0.9736,0.0,9.4655,1.0,0.0,1.0,0.0,0.0,0.0,0.0616,0.0,0.0,0.0,0.0
43.5786,0.05670102432577345,0.7804435706363122,0.035582387721491304,-0.6216323033569677,0.9736,0.0,9.8536,1.0,0.0,1.0,0.0,0.0,0.0,-0.0616,0.0,0.0,0.0,0.0
43.5987,0.05676410230639123,0.7804721560477632,0.03552268981779744,-0.6215940707822221,0.9736,0.0,9.3948,1.0,0.0,1.0,0.0,0.0,0.0,0.0616,0.0,0.0,0.0,0.0
43.6187,0.056822447119879826,0.780496670088596,0.03539903259263261,-0.6215650134743973,0.9736,0.0,9.751,1.0,0.0,1.0,0.0,0.0,0.0,-0.0577,0.0,0.0,0.0,0.0
43.6388,0.05682460152736202,0.7805262624055606,0.035400374737234674,-0.6215275792955017,0.9736,0.0,9.3751,1.0,0.0,1.0,0.0,0.0,0.0,0.0539,0.0,0.0,0.0,0.0
43.6589,0.05664230988082486,0.7805360502738594,0.03533981725037477,-0.621535373306265,0.9736,0.0,9.6785,1.0,0.0,1.0,0.0,0.0,0.0,-0.0385,0.0,0.0,0.0,0.0
43.679,0.05664078188214977,0.7806979936119816,0.03527786414855816,-0.6213356073002101,0.9736,0.0,9.5485,1.0,0.0,1.0,0.0,0.0,0.0,0.0308,0.0,0.0,0.0,0.0
43.6991,0.05664090366480812,0.7806996721812716,0.035216940102815064,-0.6213369432263656,0.9736,0.0,9.6243,1.0,0.0,1.0,0.0,0.0,0.0,-0.0192,0.0,0.0,0.0,0.0
43.7192,0.05676336903073176,0.7808890767259306,0.03503422776496434,-0.6210980378904103,0.9736,0.0,9.5731,1.0,0.0,1.0,0.0,0.0,0.0,0.0077,0.0,0.0,0.0,0.0
43.7393,0.056641760071560465,0.7808944787648604,0.03503447012494587,-0.6211023345259759,0.9736,0.0,9.4043,1.0,0.0,1.0,0.0,0.0,0.0,0.0077,0.0,0.0,0.0,0.0
43.7594,0.056701025999756946,0.7810535831990435,0.03497239925028233,-0.6209003342833602,0.9736,0.0,9.6651,1.0,0.0,1.0,0.0,0.0,0.0,-0.0192,0.0,0.0,0.0,0.0
43.7795,0.056579971598304246,0.7810056079551989,0.03497298244445912,-0.6209716882881255,0.9736,0.0,9.4263,1.0,0.0,1.0,0.0,0.0,0.0,0.0308,0.0,0.0,0.0,0.0
43.8011,0.056578433353950804,0.7811673696242404,0.034911033320133296,-0.6207718109467267,0.9736,0.0,9.7101,1.0,0.0,1.0,0.0,0.0,0.0,-0.0423,0.0,0.0,0.0,0.0
43.8212,0.05657886611393842,0.7811123458792597,0.03497229912694905,-0.6208375579151411,0.9736,0.0,9.4773,1.0,0.0,1.0,0.0,0.0,0.0,0.0539,0.0,0.0,0.0,0.0
43.8413,0.05670175061507898,0.7812465639312625,0.03485084671944777,-0.6206642702022719,0.9736,0.0,9.7251,1.0,0.0,1.0,0.0,0.0,0.0,-0.0577,0.0,0.0,0.0,0.0
43.8614,0.05670187105178498,0.7812482233291076,0.034789920882713266,-0.6206655885171293,0.9736,0.0,9.4263,1.0,0.0,1.0,0.0,0.0,0.0,0.0616,0.0,0.0,0.0,0.0
43.8815,0.05682319647039419,0.7812999517365937,0.03466750977114663,-0.6205962242275977,0.9736,0.0,9.7535,1.0,0.0,1.0,0.0,0.0,0.0,-0.0616,0.0,0.0,0.0,0.0
43.9016,0.05694707556894707,0.7813257570303378,0.03460765364054641,-0.6205557205397516,0.9736,0.0,9.3833,1.0,0.0,1.0,0.0,0.0,0.0,0.0616,0.0,0.0,0.0,0.0
43.9217,0.05706892148487629,0.7813236159366056,0.03448555683405707,-0.6205540200096568,0.9736,0.0,9.7944,1.0,0.0,1.0,0.0,0.0,0.0,-0.05,0.0,0.0,0.0,0.0
43.9418,0.057127240601485496,0.7813479361316292,0.034361941724673106,-0.6205248891422598,0.9736,0.0,9.4781,1.0,0.0,1.0,0.0,0.0,0.0,0.0462,0.0,0.0,0.0,0.0
43.9619,0.0570698401795216,0.7812751917055314,0.03430310608113063,-0.6206250116459664,0.9736,0.0,9.7143,1.0,0.0,1.0,0.0,0.0,0.0,-0.0346,0.0,0.0,0.0,0.0
43.9819,0.057251243926457696,0.7813753291524005,0.03424114588890759,-0.6204856436607262,0.9736,0.0,9.6201,1.0,0.0,1.0,0.0,0.0,0.0,0.0269,0.0,0.0,0.0,0.0
44.002,0.057312486378604977,0.7813176306001222,0.034302291104112814,-0.6205492662500876,0.9736,0.0,9.8637,1.0,0.0,1.0,0.0,0.0,0.0,-0.0077,0.0,0.0,0.0,0.0
44.0221,0.05737228001731443,0.7814231936759467,0.034240570304374336,-0.6204142142279867,0.9736,0.0,9.76,1.0,0.0,1.0,0.0,0.0,0.0,-0.0038,0.0,0.0,0.0,0.0
44.0422,0.05724992427947778,0.7812353206641283,0.034362354334696366,-0.6206553379464224,0.9736,0.0,9.6069,1.0,0.0,1.0,0.0,0.0,0.0,0.0154,0.0,0.0,0.0,0.0
44.0623,0.05737236225159127,0.7813633144031231,0.03448461667066622,-0.6204761028175991,0.9736,0.0,9.592,1.0,0.0,1.0,0.0,0.0,0.0,-0.0269,0.0,0.0,0.0,0.0
44.0824,0.05737236225159127,0.7813633144031231,0.03448461667066622,-0.6204761028175991,0.9736,0.0,9.592,1.0,0.0,1.0,0.0,0.0,0.0,0.0423,0.0,0.0,0.0,0.0
44.1025,0.057312004982791875,0.7813110679283592,0.034546003003481596,-0.6205440539510332,0.9736,0.0,9.8377,1.0,0.0,1.0,0.0,0.0,0.0,-0.0462,0.0,0.0,0.0,0.0
44.1226,0.05737212045624913,0.7813600213539514,0.034606469465243546,-0.6204734878262387,0.9736,0.0,9.5844,1.0,0.0,1.0,0.0,0.0,0.0,0.0539,0.0,0.0,0.0,0.0
44.1427,0.057190602561475574,0.7812582313543069,0.03472936590938092,-0.6206115387771388,0.9736,0.0,9.6711,1.0,0.0,1.0,0.0,0.0,0.0,-0.0616,0.0,0.0,0.0,0.0
44.1628,0.057250159093683195,0.781360523158537,0.034789489002275076,-0.6204738863063668,0.9736,0.0,9.7025,1.0,0.0,1.0,0.0,0.0,0.0,0.0654,0.0,0.0,0.0,0.0
44.1828,0.0571297174850014,0.7811988109785006,0.03503443999316541,-0.6206747949773909,0.9736,0.0,9.5305,1.0,0.0,1.0,0.0,0.0,0.0,-0.0616,0.0,0.0,0.0,0.0
44.2029,0.05712875526016553,0.781307652874637,0.0349728501761587,-0.6205413415982097,0.9736,0.0,9.7103,1.0,0.0,1.0,0.0,0.0,0.0,0.0577,0.0,0.0,0.0,0.0
44.223,0.05694718780114172,0.7812052943347403,0.035095732024744086,-0.6206799461063331,0.9736,0.0,9.4429,1.0,0.0,1.0,0.0,0.0,0.0,-0.05,0.0,0.0,0.0,0.0
44.2432,0.057007711537555406,0.7812597512360789,0.0349734365183737,-0.6206127461323094,0.9736,0.0,9.6889,1.0,0.0,1.0,0.0,0.0,0.0,0.0423,0.0,0.0,0.0,0.0
44.2633,0.05700595443744044,0.7811746722512966,0.03503335744314373,-0.6207166152585389,0.9736,0.0,9.352,1.0,0.0,1.0,0.0,0.0,0.0,-0.0231,0.0,0.0,0.0,0.0
44.2834,0.05712943707300111,0.781255977056873,0.03491226709889239,-0.6206097480209672,0.9736,0.0,9.7217,1.0,0.0,1.0,0.0,0.0,0.0,0.0154,0.0,0.0,0.0,0.0
44.3034,0.057067119674279174,0.7811769494503126,0.03485046239167854,-0.6207184247069449,0.9736,0.0,9.4068,1.0,0.0,1.0,0.0,0.0,0.0,0.0,0.0,0.0,0.0,0.0
44.3235,0.05706792024849322,0.7811269083876253,0.03472895146684535,-0.620788132458503,0.9736,0.0,9.7691,1.0,0.0,1.0,0.0,0.0,0.0,-0.0077,0.0,0.0,0.0,0.0
44.3436,0.05718976336486154,0.7811247679256442,0.0346068568065705,-0.6207864313605359,0.9736,0.0,9.4148,1.0,0.0,1.0,0.0,0.0,0.0,0.0231,0.0,0.0,0.0,0.0
44.3637,0.05718795891925066,0.7811001219562234,0.03442277142570893,-0.620827842192984,0.9736,0.0,9.7641,1.0,0.0,1.0,0.0,0.0,0.0,-0.0346,0.0,0.0,0.0,0.0
44.3838,0.05718992434103998,0.7811879665335317,0.0342409547011987,-0.6207271788138671,0.9736,0.0,9.4844,1.0,0.0,1.0,0.0,0.0,0.0,0.0462,0.0,0.0,0.0,0.0
44.4039,0.057129920835854726,0.7811405906399468,0.034119549948336776,-0.6207990062099706,0.9736,0.0,9.7011,1.0,0.0,1.0,0.0,0.0,0.0,-0.0539,0.0,0.0,0.0,0.0
44.424,0.05718984045492232,0.7812478205177141,0.0339969051573002,-0.6206652685021031,0.9736,0.0,9.5292,1.0,0.0,1.0,0.0,0.0,0.0,0.0616,0.0,0.0,0.0,0.0
44.4441,0.057129480640626215,0.7811955723392705,0.03405828653850856,-0.620733222340574,0.9736,0.0,9.5272,1.0,0.0,1.0,0.0,0.0,0.0,-0.0616,0.0,0.0,0.0,0.0
44.4642,0.05712999905022665,0.7813856643363916,0.0340585955933524,-0.6204938507707435,0.9736,0.0,9.6777,1.0,0.0,1.0,0.0,0.0,0.0,0.0654,0.0,0.0,0.0,0.0
44.4843,0.056885072410988835,0.7813119945592355,0.034119043431318274,-0.6206057899907136,0.9736,0.0,9.4173,1.0,0.0,1.0,0.0,0.0,0.0,-0.0577,0.0,0.0,0.0,0.0
44.5044,0.05682339057913755,0.7814246193584967,0.033996635392069215,-0.6204763455004052,0.9736,0.0,9.6945,1.0,0.0,1.0,0.0,0.0,0.0,0.0539,0.0,0.0,0.0,0.0
44.5245,0.056701784545223566,0.7814300307313271,0.033996870819088754,-0.6204806423049268,0.9736,0.0,9.6051,1.0,0.0,1.0,0.0,0.0,0.0,-0.0423,0.0,0.0,0.0,0.0
44.5446,0.05682442416721312,0.7815608339787115,0.03399725377327806,-0.6203046302780927,0.9736,0.0,9.4913,1.0,0.0,1.0,0.0,0.0,0.0,0.0346,0.0,0.0,0.0,0.0
44.5647,0.05670134513102904,0.7814849742835958,0.0339356080626187,-0.6204148345540427,0.9601,0.0,9.4158,1.0,0.0,1.0,0.0,0.0,0.0,0.0077,0.0,0.0,0.0,0.0
44.5848,0.0567627378189971,0.7816733895343835,0.033874843535728005,-0.6201751354775117,0.9736,0.0,9.7463,0.0,0.0,1.0,0.0,0.0,0.0,0.0077,0.0,0.0,0.0,0.0
44.6049,0.056762384493098506,0.781485525906833,0.03381263335033646,-0.6204152724834344,0.9736,0.0,9.3347,0.0,0.0,1.0,0.0,0.0,0.0,0.0077,-0.0135,0.0,0.0,0.0
44.625,0.05688489854863282,0.7814316063558723,0.03362994002268671,-0.6204818934016232,0.7843,0.0,8.6883,0.0,0.0,1.0,0.0,0.0,0.0,0.0385,0.1082,0.0,0.0,0.0
44.6451,0.05554390063134956,0.781520742501097,0.03338714245936836,-0.6205042327507417,0.6897,0.0,5.4995,0.0,0.0,1.0,0.0,0.0,0.0,-0.05,0.1082,0.0,0.0,0.0
44.6652,0.05364850782149298,0.7833642115237297,0.03472803407516561,-0.6182688034840561,0.5815,0.0,10.2517,0.0,0.0,1.0,0.0,0.0,0.0,-0.05,0.1082,0.0,0.0,0.0
44.6853,0.052245282189078986,0.7845962202374667,0.03601050524271577,-0.6167515262974457,0.5003,0.0,9.3306,0.0,0.0,1.0,0.0,0.0,0.0,0.0616,0.0947,0.0,0.0,0.0
44.7054,0.05157630343530045,0.7848708352399225,0.037842956366430314,-0.6163485763487937,0.4057,0.0,9.85,0.0,0.0,1.0,0.0,0.0,0.0,0.0654,0.0676,0.0,0.0,0.0
44.7255,0.05078003537965121,0.7841041051152349,0.03930625333624694,-0.6172982737679938,0.2975,0.0,9.4523,0.0,0.0,1.0,0.0,0.0,0.0,-0.0577,0.027,0.0,0.0,0.0
44.7456,0.04962210509335347,0.7828996580826291,0.04058808596044173,-0.6188363106171734,0.3245,0.0,16.1271,0.0,0.0,1.0,0.0,0.0,0.0,0.05,-0.0541,0.0,0.0,0.0
44.7657,0.048887794325921774,0.7817797196958678,0.04186896742470397,-0.6202237040012142,0.2434,0.0,9.5086,0.0,0.0,1.0,0.0,0.0,0.0,-0.0423,-0.0676,0.0,0.0,0.0
44.7858,0.04992583592910055,0.7804388032871596,0.04119803942642297,-0.6218725004194234,0.2569,0.0,12.6298,0.0,0.0,1.0,0.0,0.0,0.0,0.0269,-0.0406,0.0,0.0,0.0
44.8059,0.051697019469850725,0.7797852936785039,0.04101601544722916,-0.6225592344648789,0.2028,0.0,8.9901,0.0,0.0,1.0,0.0,0.0,0.0,-0.0077,-0.0406,0.0,0.0,0.0
44.826,0.05316083370795971,0.7795238980763824,0.03967212963575284,-0.6228503353273886,0.1352,0.0,10.2522,0.0,0.0,1.0,0.0,0.0,0.0,-0.0038,-0.0135,0.0,0.0,0.0
44.8462,0.05395712245362733,0.7801206867732396,0.037721483809671615,-0.6221554730645469,0.1623,0.0,9.5897,0.0,0.0,1.0,0.0,0.0,0.0,0.0154,0.0,0.0,0.0,0.0
44.8663,0.05487156279562154,0.7804040042910072,0.036865378113404006,-0.6217713772597476,0.1082,0.0,5.4357,0.0,0.0,1.0,0.0,0.0,0.0,-0.0269,0.0406,0.0,0.0,0.0
44.8864,0.055604622732605136,0.7804797770627636,0.03601205095451415,-0.621661142193135,0.1352,0.0,7.4685,0.0,0.0,1.0,0.0,0.0,0.0,0.0423,0.0,0.0,0.0,0.0
44.9064,0.05639638896345745,0.7801563807048426,0.03570624626443753,-0.6220132899987802,0.0947,0.0,6.9223,0.0,0.0,1.0,0.0,0.0,0.0,-0.05,0.0135,0.0,0.0,0.0
44.9265,0.05682191676304299,0.7798174098970866,0.034361740210623215,-0.6224751784661544,0.0947,0.0,12.407,0.0,0.0,1.0,0.0,0.0,0.0,0.0616,0.0135,0.0,0.0,0.0
44.9466,0.05737376390249965,0.7796733809547111,0.03393645184660454,-0.6226282899791604,0.0676,0.0,8.3441,0.0,0.0,1.0,0.0,0.0,0.0,-0.0616,0.0135,0.0,0.0,0.0
44.9667,0.05798234704443361,0.7800202159723106,0.03417961509371281,-0.6221239940862067,0.0541,0.0,10.7609,0.0,0.0,1.0,0.0,0.0,0.0,0.0654,0.0,0.0,0.0,0.0
44.9868,0.05761717813703354,0.7801534120274373,0.033813104541151495,-0.6220109230928041,0.0676,0.0,6.4342,0.0,0.0,1.0,0.0,0.0,0.0,-0.0577,-0.0135,0.0,0.0,0.0
45.0069,0.05731336702111878,0.7802306098248383,0.034546824000411425,-0.6219018334146862,0.0947,0.0,6.5151,0.0,0.0,1.0,0.0,0.0,0.0,0.05,-0.0135,0.0,0.0,0.0
45.027,0.05706882181333007,0.7802232355194136,0.03521750714586203,-0.6218959555447257,0.0135,0.0,10.9959,0.0,0.0,1.0,0.0,0.0,0.0,-0.0423,0.027,0.0,0.0,0.0
45.0471,0.055847047795515636,0.7802736677807285,0.03619403097589663,-0.6218875322293016,-0.0135,0.0,10.9025,0.0,0.0,1.0,0.0,0.0,0.0,0.0308,0.0135,0.0,0.0,0.0
45.0671,0.055298724075726835,0.7801002145508644,0.0374764907132617,-0.6220781454263692,-0.0135,0.0,9.3019,0.0,0.0,1.0,0.0,0.0,0.0,-0.0154,0.0,0.0,0.0,0.0
45.0872,0.054992954283083706,0.779784351747213,0.03753696879464874,-0.6224974825034293,0.0135,0.0,9.0575,0.0,0.0,1.0,0.0,0.0,0.0,0.0077,-0.0135,0.0,0.0,0.0
45.1073,0.0553592512922938,0.7797275394178456,0.037109168449678265,-0.6225618259953964,0.0135,0.0,9.1809,0.0,0.0,1.0,0.0,0.0,0.0,0.0077,-0.027,0.0,0.0,0.0
45.1275,0.05529872830536092,0.7799172718081872,0.03723149035294038,-0.6223221962208829,0.0135,0.0,9.6021,0.0,0.0,1.0,0.0,0.0,0.0,-0.0192,-0.027,0.0,0.0,0.0
45.1476,0.05425986009034428,0.7804549875880924,0.037841902424231855,-0.6217023969334217,0.0135,0.0,9.4051,0.0,0.0,1.0,0.0,0.0,0.0,0.0308,-0.027,0.0,0.0,0.0
45.1677,0.05358846397648715,0.7808151898246395,0.038451615384199896,-0.6212707856821362,0.0135,0.0,9.6408,0.0,0.0,1.0,0.0,0.0,0.0,-0.0423,-0.027,0.0,0.0,0.0
45.1877,0.05310149475400272,0.7812572790825896,0.038818361676067836,-0.6207337834628832,0.0135,0.0,9.7758,0.0,0.0,1.0,0.0,0.0,0.0,0.0539,-0.027,0.0,0.0,0.0
45.2078,0.052672188069903966,0.7812379573901713,0.03906139787721596,-0.6207794308227675,0.0135,0.0,9.485,0.0,0.0,1.0,0.0,0.0,0.0,-0.0577,-0.027,0.0,0.0,0.0
45.2279,0.05224496502952681,0.7813565213614705,0.03924522255385705,-0.6206547048574302,0.0135,0.0,9.8377,0.0,0.0,1.0,0.0,0.0,0.0,0.0654,-0.027,0.0,0.0,0.0
45.248,0.05200005589452195,0.7812207928078788,0.03954952137772106,-0.6208267893949078,0.0135,0.0,9.5296,0.0,0.0,1.0,0.0,0.0,0.0,-0.0616,-0.027,0.0,0.0,0.0
45.2681,0.05175902508384884,0.7814484765320776,0.039612784528409724,-0.6205562900736487,0.0135,0.0,9.7574,0.0,0.0,1.0,0.0,0.0,0.0,0.0577,-0.027,0.0,0.0,0.0
45.2882,0.05175902508384884,0.7814484765320776,0.039612784528409724,-0.6205562900736487,0.0135,0.0,9.7574,0.0,0.0,1.0,0.0,0.0,0.0,-0.0577,-0.027,0.0,0.0,0.0
45.3083,0.051574988835408626,0.7816158308012947,0.03961199142507444,-0.6203608657086369,0.0135,0.0,9.4538,0.0,0.0,1.0,0.0,0.0,0.0,0.05,-0.027,0.0,0.0,0.0
45.3283,0.05157439809328196,0.7819118745806517,0.03961153770763137,-0.6199877643401714,0.0135,0.0,9.6565,0.0,0.0,1.0,0.0,0.0,0.0,-0.0346,-0.027,0.0,0.0,0.0
45.3484,0.05163599382092754,0.781859906437958,0.03948999527439068,-0.620055925800392,0.0135,0.0,9.4473,0.0,0.0,1.0,0.0,0.0,0.0,0.0231,-0.027,0.0,0.0,0.0
45.3685,0.051637422386203,0.7820035407933947,0.039247081086236923,-0.6198900752731188,0.0135,0.0,9.8187,0.0,0.0,1.0,0.0,0.0,0.0,-0.0077,-0.027,0.0,0.0,0.0
45.3886,0.051696500317122085,0.7817914434382207,0.038939623621268904,-0.6201720056032674,0.0135,0.0,9.637,0.0,0.0,1.0,0.0,0.0,0.0,-0.0038,-0.027,0.0,0.0,0.0
45.4087,0.05169792512995597,0.7819349926599275,0.03869669247400781,-0.6200060949561293,0.0135,0.0,9.7641,0.0,0.0,1.0,0.0,0.0,0.0,0.0154,-0.027,0.0,0.0,0.0
45.4288,0.05187947487879447,0.7818520861359725,0.03845161079490001,-0.6201107232731958,0.0135,0.0,9.6946,0.0,0.0,1.0,0.0,0.0,0.0,-0.0269,-0.027,0.0,0.0,0.0
45.4489,0.05194212627052964,0.7819379549022697,0.03826982981164979,-0.6200084437553572,0.0135,0.0,9.72,0.0,0.0,1.0,0.0,0.0,0.0,0.0423,-0.027,0.0,0.0,0.0
45.4689,0.05218410158281018,0.7819075384446207,0.037963346411608985,-0.6200453251131738,0.0135,0.0,9.5852,0.0,0.0,1.0,0.0,0.0,0.0,-0.05,-0.027,0.0,0.0,0.0
45.489,0.05224593217946883,0.7818589850675556,0.03771995103566917,-0.6201161950261396,0.0135,0.0,9.7543,0.0,0.0,1.0,0.0,0.0,0.0,0.0539,-0.027,0.0,0.0,0.0
45.5091,0.052430460917916866,0.7816987811885502,0.03747704425718312,-0.6203172844682108,0.0135,0.0,9.6091,0.0,0.0,1.0,0.0,0.0,0.0,-0.0616,-0.027,0.0,0.0,0.0
45.5292,0.052428277558569325,0.7814832314626753,0.037353485283389054,-0.6205964484204531,0.0135,0.0,9.8238,0.0,0.0,1.0,0.0,0.0,0.0,0.0654,-0.027,0.0,0.0,0.0
45.5493,0.05248899195278922,0.78129599526816,0.037169286166606585,-0.6208380768506231,0.0135,0.0,9.5589,0.0,0.0,1.0,0.0,0.0,0.0,-0.0616,-0.027,0.0,0.0,0.0
45.5694,0.05261071568398967,0.7810479333069791,0.03716909263996626,-0.6211398369324228,0.0135,0.0,9.7871,0.0,0.0,1.0,0.0,0.0,0.0,0.0577,-0.027,0.0,0.0,0.0
45.5895,0.052734886224671595,0.7810191252472007,0.03717062466285603,-0.621165438860809,0.0135,0.0,9.8091,0.0,0.0,1.0,0.0,0.0,0.0,-0.0462,-0.027,0.0,0.0,0.0
45.6096,0.05273242931982808,0.7807997432168263,0.037168892892972594,-0.6214414898376825,0.0135,0.0,9.5768,0.0,0.0,1.0,0.0,0.0,0.0,0.0385,-0.027,0.0,0.0,0.0
45.6297,0.05261327684270356,0.7807809483437798,0.03717090208019658,-0.6214750822372571,0.0135,0.0,9.7678,0.0,0.0,1.0,0.0,0.0,0.0,-0.0231,-0.027,0.0,0.0,0.0
45.65,0.05261132778820182,0.7805080274954705,0.037169525087194344,-0.6218180550677865,0.0135,0.0,9.5427,0.0,0.0,1.0,0.0,0.0,0.0,0.0154,-0.027,0.0,0.0,0.0
45.6701,0.05255049711777022,0.7805105309007966,0.037169644304913825,-0.6218200494901064,0.0135,0.0,9.738,0.0,0.0,1.0,0.0,0.0,0.0,0.0,-0.027,0.0,0.0,0.0
45.6901,0.052429536678562136,0.7802199864779867,0.03710937985856632,-0.6221983689390981,0.0135,0.0,9.3775,0.0,0.0,1.0,0.0,0.0,0.0,-0.0115,-0.027,0.0,0.0,0.0
45.7102,0.05224517035921172,0.7801996106171063,0.03704741169597836,-0.6222431189283505,0.0135,0.0,9.5363,0.0,0.0,1.0,0.0,0.0,0.0,0.0231,-0.027,0.0,0.0,0.0
45.7303,0.05218643114320671,0.779989390167762,0.03698801434691574,-0.6225150716448001,0.0135,0.0,9.3664,0.0,0.0,1.0,0.0,0.0,0.0,-0.0346,-0.027,0.0,0.0,0.0
45.7503,0.05206304615654006,0.7799076914278604,0.037109032899046324,-0.6226205519848063,0.0135,0.0,9.5192,0.0,0.0,1.0,0.0,0.0,0.0,0.0462,-0.027,0.0,0.0,0.0
45.7704,0.05200123275557739,0.7797734949484244,0.03710845248887995,-0.6227938110817259,0.0135,0.0,9.4189,0.0,0.0,1.0,0.0,0.0,0.0,-0.0539,-0.027,0.0,0.0,0.0
45.7905,0.0518789487984051,0.779830198624538,0.03716924685498696,-0.6227293818931456,0.0135,0.0,9.6454,0.0,0.0,1.0,0.0,0.0,0.0,0.0616,-0.027,0.0,0.0,0.0
45.8105,0.05169743251853014,0.7797305234941749,0.03717031097962686,-0.6228692111383974,0.0135,0.0,9.5825,0.0,0.0,1.0,0.0,0.0,0.0,-0.0616,-0.027,0.0,0.0,0.0
45.8306,0.051454436843558105,0.7799287791838937,0.037232039689085394,-0.6226373868877646,0.0135,0.0,9.5382,0.0,0.0,1.0,0.0,0.0,0.0,0.0616,-0.027,0.0,0.0,0.0
45.8507,0.05139251254105987,0.7797927769269603,0.03729237191938845,-0.622809211319071,0.0135,0.0,9.3979,0.0,0.0,1.0,0.0,0.0,0.0,-0.0577,-0.027,0.0,0.0,0.0
45.8708,0.05120766033431455,0.7799018268308519,0.03747575141948078,-0.6226768697201869,0.0135,0.0,9.6783,0.0,0.0,1.0,0.0,0.0,0.0,0.05,-0.027,0.0,0.0,0.0
45.8908,0.05108635280242124,0.7798513856547193,0.03753725923236295,-0.622746300686791,0.0135,0.0,9.5246,0.0,0.0,1.0,0.0,0.0,0.0,-0.0423,-0.027,0.0,0.0,0.0
45.9109,0.05090310506157215,0.7799086096940362,0.03765907772653377,-0.6226822851864289,0.0135,0.0,9.7781,0.0,0.0,1.0,0.0,0.0,0.0,0.0308,-0.027,0.0,0.0,0.0
45.931,0.05084370586672604,0.7799941697309036,0.03766026354657648,-0.6225798882947783,0.0135,0.0,9.4996,0.0,0.0,1.0,0.0,0.0,0.0,-0.0154,-0.027,0.0,0.0,0.0
45.951,0.05071948605895771,0.7800210960386981,0.03771961778674876,-0.6225526916675609,0.0135,0.0,9.6783,0.0,0.0,1.0,0.0,0.0,0.0,0.0077,-0.027,0.0,0.0,0.0
45.9711,0.05065732985204869,0.7801862776313515,0.037657758441704554,-0.6223544812702347,0.0135,0.0,9.4631,0.0,0.0,1.0,0.0,0.0,0.0,0.0077,-0.027,0.0,0.0,0.0
45.9912,0.05065888109303124,0.7802711685406896,0.03759791174985283,-0.6222515394457449,0.0135,0.0,9.5124,0.0,0.0,1.0,0.0,0.0,0.0,-0.0192,-0.027,0.0,0.0,0.0
46.0112,0.05078110000687342,0.7804585370131426,0.037537073924460214,-0.6220102249694831,0.0135,0.0,9.5764,0.0,0.0,1.0,0.0,0.0,0.0,0.0346,-0.027,0.0,0.0,0.0
46.0313,0.050903392779704126,0.7804020217219021,0.03747628917376572,-0.6220748000406764,0.0135,0.0,9.3791,0.0,0.0,1.0,0.0,0.0,0.0,-0.0423,-0.027,0.0,0.0,0.0
46.0514,0.05102345330447461,0.7806163368467429,0.037290869586094455,-0.6218071508967806,0.0135,0.0,9.6424,0.0,0.0,1.0,0.0,0.0,0.0,0.0539,-0.027,0.0,0.0,0.0
46.0715,0.051206929029083414,0.7805626748670705,0.037047225173205245,-0.6218739937726455,0.0135,0.0,9.4824,0.0,0.0,1.0,0.0,0.0,0.0,-0.0577,-0.027,0.0,0.0,0.0
46.0915,0.05157471651305202,0.780696708801865,0.03662079870915142,-0.6217005827441682,0.0135,0.0,9.8263,0.0,0.0,1.0,0.0,0.0,0.0,0.0616,-0.027,0.0,0.0,0.0
46.1116,0.05169527621023379,0.7806139702643657,0.03643678500780523,-0.6218052657737363,0.0135,0.0,9.4973,0.0,0.0,1.0,0.0,0.0,0.0,-0.0616,-0.027,0.0,0.0,0.0
46.1317,0.05194092683265983,0.7806389003416878,0.03625494892894032,-0.621764124142946,0.0135,0.0,9.7543,0.0,0.0,1.0,0.0,0.0,0.0,0.0616,-0.027,0.0,0.0,0.0
46.1518,0.05224583313433768,0.7805765069511182,0.0361328845967735,-0.6218240139837045,0.0135,0.0,9.5085,0.0,0.0,1.0,0.0,0.0,0.0,-0.0539,-0.027,0.0,0.0,0.0
46.1718,0.05249025037557459,0.7807047239181073,0.03607217206225444,-0.6216459652166757,0.0135,0.0,9.7971,0.0,0.0,1.0,0.0,0.0,0.0,0.0462,-0.027,0.0,0.0,0.0
46.1919,0.052613049505826404,0.7805945710143788,0.036011718348557764,-0.6217774029877248,0.0135,0.0,9.5052,0.0,0.0,1.0,0.0,0.0,0.0,-0.0346,-0.027,0.0,0.0,0.0
46.212,0.05279452023208292,0.7806939054779309,0.036010672754570316,-0.6216373508974851,0.0135,0.0,9.8484,0.0,0.0,1.0,0.0,0.0,0.0,0.0231,-0.027,0.0,0.0,0.0
46.232,0.05291760007118029,0.7805268509620265,0.03607240905129966,-0.6218330514175368,0.0135,0.0,9.6662,0.0,0.0,1.0,0.0,0.0,0.0,-0.0077,-0.027,0.0,0.0,0.0
46.2521,0.05267341716405444,0.7805851820951999,0.03625528713539772,-0.6217699243067287,0.0135,0.0,9.7543,0.0,0.0,1.0,0.0,0.0,0.0,-0.0038,-0.027,0.0,0.0,0.0
46.2722,0.05249076840000466,0.7803454232929947,0.03637753252213716,-0.6220791064696313,0.0135,0.0,9.5704,0.0,0.0,1.0,0.0,0.0,0.0,0.0154,-0.027,0.0,0.0,0.0
46.2922,0.052245992081859316,0.7802118817549972,0.036620994449905686,-0.6222529056944679,0.0135,0.0,9.507,0.0,0.0,1.0,0.0,0.0,0.0,-0.0269,-0.027,0.0,0.0,0.0
46.3123,0.05206301630356214,0.779968244247484,0.036865011544298776,-0.6225591949547538,0.0135,0.0,9.328,0.0,0.0,1.0,0.0,0.0,0.0,0.0423,-0.027,0.0,0.0,0.0
46.3324,0.05169828888938255,0.7798654428154328,0.03723192822872906,-0.6226965244391283,0.0135,0.0,9.6527,0.0,0.0,1.0,0.0,0.0,0.0,-0.05,-0.027,0.0,0.0,0.0
46.3524,0.051269988573048764,0.7798458261895413,0.03747599164742704,-0.6227418612045549,0.0135,0.0,9.4199,0.0,0.0,1.0,0.0,0.0,0.0,0.0577,-0.027,0.0,0.0,0.0
46.3725,0.051269988573048764,0.7798458261895413,0.03747599164742704,-0.6227418612045549,0.0135,0.0,9.4199,0.0,0.0,1.0,0.0,0.0,0.0,-0.0616,-0.027,0.0,0.0,0.0
46.3926,0.05065949913398888,0.7799146842829877,0.03778137224937795,-0.6226871351635709,0.0135,0.0,9.8114,0.0,0.0,1.0,0.0,0.0,0.0,0.0616,-0.027,0.0,0.0,0.0
46.4126,0.05041661850319046,0.7798100339087641,0.03802622073953832,-0.6228229942208172,0.0135,0.0,9.6268,0.0,0.0,1.0,0.0,0.0,0.0,-0.0616,-0.027,0.0,0.0,0.0
46.4327,0.05004880812760143,0.7797820105452995,0.03845185258691547,-0.6228616121319175,0.0135,0.0,9.6612,0.0,0.0,1.0,0.0,0.0,0.0,0.0577,-0.027,0.0,0.0,0.0
46.4528,0.04980400701215376,0.7796474554586246,0.03869522849798823,-0.6230345779921962,0.0135,0.0,9.4334,0.0,0.0,1.0,0.0,0.0,0.0,-0.0462,-0.027,0.0,0.0,0.0
46.4728,0.04949976656786825,0.7795983235523882,0.03893981636672322,-0.6231050615468938,0.0135,0.0,9.7281,0.0,0.0,1.0,0.0,0.0,0.0,0.0385,-0.027,0.0,0.0,0.0
46.4929,0.0491946269832686,0.7795509353409807,0.03912449863994394,-0.6231769423615994,0.0135,0.0,9.4863,0.0,0.0,1.0,0.0,0.0,0.0,-0.0231,-0.027,0.0,0.0,0.0
46.513,0.048829378889716175,0.779502012307608,0.03943011346445941,-0.6232475998492207,0.0135,0.0,9.7334,0.0,0.0,1.0,0.0,0.0,0.0,0.0154,-0.027,0.0,0.0,0.0
46.533,0.048461810293586094,0.7795379484559524,0.039489845414834635,-0.6232275603415384,0.0135,0.0,9.7033,0.0,0.0,1.0,0.0,0.0,0.0,0.0,-0.027,0.0,0.0,0.0
46.5531,0.048095517077982805,0.7794111740145592,0.03961160226407722,-0.6234067404386324,0.0135,0.0,9.6889,0.0,0.0,1.0,0.0,0.0,0.0,-0.0115,-0.027,0.0,0.0,0.0
46.5732,0.04779246563360806,0.7795039047537156,0.03967421667431392,-0.623310114817376,0.0135,0.0,9.8698,0.0,0.0,1.0,0.0,0.0,0.0,0.0269,-0.027,0.0,0.0,0.0
46.5932,0.04742357861743539,0.7793510750701587,0.039672647488392325,-0.6235294596242952,0.0135,0.0,9.5336,0.0,0.0,1.0,0.0,0.0,0.0,-0.0346,-0.027,0.0,0.0,0.0
46.6133,0.046936444116284226,0.7794263749929726,0.039551374238178894,-0.6234798994152935,0.0135,0.0,9.7101,0.0,0.0,1.0,0.0,0.0,0.0,0.0462,-0.027,0.0,0.0,0.0
46.6334,0.046630778116480365,0.7791712924644244,0.039306812966149185,-0.6238370315923978,0.0135,0.0,9.2848,0.0,0.0,1.0,0.0,0.0,0.0,-0.0539,-0.027,0.0,0.0,0.0
46.6534,0.04638763859124051,0.7791857265899891,0.03912453860443016,-0.623848588155291,0.0135,0.0,9.4196,0.0,0.0,1.0,0.0,0.0,0.0,0.0616,-0.027,0.0,0.0,0.0
46.6737,0.046266301051130665,0.7789529048753545,0.03888009334414594,-0.6241635520557443,0.0135,0.0,9.2969,0.0,0.0,1.0,0.0,0.0,0.0,-0.0616,-0.027,0.0,0.0,0.0
46.6938,0.046144041985693114,0.7790705923125968,0.03869687382004595,-0.6240370914773239,0.0135,0.0,9.5507,0.0,0.0,1.0,0.0,0.0,0.0,0.0616,-0.027,0.0,0.0,0.0
46.7139,0.04614239150456961,0.7791037256938478,0.03839049373148551,-0.6240147709047097,0.0135,0.0,9.5535,0.0,0.0,1.0,0.0,0.0,0.0,-0.0577,-0.027,0.0,0.0,0.0
46.7339,0.04614228344074961,0.7794068963245917,0.038207406664156396,-0.6236473151682291,0.0135,0.0,9.8484,0.0,0.0,1.0,0.0,0.0,0.0,0.05,-0.027,0.0,0.0,0.0
46.754,0.0462661007969854,0.779681550754999,0.038025904740200456,-0.6233058301492234,0.0135,0.0,9.6866,0.0,0.0,1.0,0.0,0.0,0.0,-0.0423,-0.027,0.0,0.0,0.0
46.7741,0.04638583970988641,0.7799484904572547,0.03790205192238849,-0.6229704170889104,0.0135,0.0,9.9029,0.0,0.0,1.0,0.0,0.0,0.0,0.0308,-0.027,0.0,0.0,0.0
46.7942,0.04644756343327461,0.7801436673276061,0.03765864604145919,-0.6227361468214847,0.0135,0.0,9.5733,0.0,0.0,1.0,0.0,0.0,0.0,-0.0154,-0.027,0.0,0.0,0.0
46.8142,0.04644688384829876,0.7802542499346283,0.037536097980830074,-0.6226050383574702,0.0135,0.0,9.6726,0.0,0.0,1.0,0.0,0.0,0.0,0.0077,-0.027,0.0,0.0,0.0
46.8343,0.04650848427327709,0.7804483457066166,0.03735358579079313,-0.6223680986385612,0.0135,0.0,9.6188,0.0,0.0,1.0,0.0,0.0,0.0,0.0077,-0.027,0.0,0.0,0.0
46.8544,0.046571676247135874,0.7804240896834834,0.0372933422934979,-0.6223974018533642,0.0135,0.0,9.5455,0.0,0.0,1.0,0.0,0.0,0.0,-0.0192,-0.027,0.0,0.0,0.0
46.8744,0.046568216314889395,0.7806101005809595,0.03722957400944083,-0.6221681693234633,0.0135,0.0,9.7877,0.0,0.0,1.0,0.0,0.0,0.0,0.0346,-0.027,0.0,0.0,0.0
46.8945,0.04657088353735206,0.780532808177088,0.03723170635557571,-0.6222648055350646,0.0135,0.0,9.4782,0.0,0.0,1.0,0.0,0.0,0.0,-0.0423,-0.027,0.0,0.0,0.0
46.9146,0.04644803416762777,0.7806405742468339,0.03735402747798755,-0.6221314576459789,0.0135,0.0,9.8239,0.0,0.0,1.0,0.0,0.0,0.0,0.05,-0.027,0.0,0.0,0.0
46.9346,0.04644685031550555,0.780498680557996,0.03753607088126809,-0.6222985964356603,0.0135,0.0,9.545,0.0,0.0,1.0,0.0,0.0,0.0,-0.0577,-0.027,0.0,0.0,0.0
46.9547,0.0463264482900061,0.7805255529598704,0.03778136560127638,-0.6222590214523409,0.0135,0.0,9.7408,0.0,0.0,1.0,0.0,0.0,0.0,0.0616,-0.027,0.0,0.0,0.0
46.9748,0.0462641503804202,0.7803816686540228,0.038085300581188586,-0.622425569444236,0.0135,0.0,9.387,0.0,0.0,1.0,0.0,0.0,0.0,-0.0616,-0.027,0.0,0.0,0.0
46.9948,0.046204741975149684,0.7804085321279309,0.03826961454954137,-0.6223849945196043,0.0135,0.0,9.6668,0.0,0.0,1.0,0.0,0.0,0.0,0.0577,-0.027,0.0,0.0,0.0
47.0149,0.046143361292697416,0.780157108464105,0.038574302028574536,-0.6226858754978682,0.0135,0.0,9.4382,0.0,0.0,1.0,0.0,0.0,0.0,-0.0539,-0.027,0.0,0.0,0.0
47.035,0.046020742309668905,0.7802076312750994,0.03881778264220087,-0.6226165136969213,0.0135,0.0,9.7425,0.0,0.0,1.0,0.0,0.0,0.0,0.0462,-0.027,0.0,0.0,0.0
47.0551,0.046081412212917394,0.7799580513190556,0.03893950331085899,-0.622917054440596,0.0135,0.0,9.5397,0.0,0.0,1.0,0.0,0.0,0.0,-0.0308,-0.027,0.0,0.0,0.0
47.0751,0.04601999185616613,0.7800119125523874,0.0390001456374774,-0.6228503554355419,0.0135,0.0,9.7025,0.0,0.0,1.0,0.0,0.0,0.0,0.0231,-0.027,0.0,0.0,0.0
47.0952,0.04602175392693164,0.7797977746227241,0.039001638923627624,-0.6231182079029687,0.0135,0.0,9.5726,0.0,0.0,1.0,0.0,0.0,0.0,-0.0077,-0.027,0.0,0.0,0.0
47.1153,0.045959774534112985,0.7797981414974945,0.039062658300910214,-0.6231185010640379,0.0135,0.0,9.5608,0.0,0.0,1.0,0.0,0.0,0.0,-0.0038,-0.027,0.0,0.0,0.0
47.1354,0.046020334519457584,0.7797127249049256,0.03906143514915056,-0.6232209878655739,0.0135,0.0,9.4589,0.0,0.0,1.0,0.0,0.0,0.0,0.0154,-0.027,0.0,0.0,0.0
47.1555,0.04608262546957287,0.7797955839978916,0.03900152935937712,-0.6231164574257754,0.0135,0.0,9.6977,0.0,0.0,1.0,0.0,0.0,0.0,-0.0269,-0.027,0.0,0.0,0.0
47.1756,0.0462655664504249,0.7797945473801918,0.03881847527229221,-0.6231156290887573,0.0135,0.0,9.4745,0.0,0.0,1.0,0.0,0.0,0.0,0.0385,-0.027,0.0,0.0,0.0
47.1956,0.046387525108040006,0.7797938272872351,0.038696438044726444,-0.6231150536792764,0.0135,0.0,9.8114,0.0,0.0,1.0,0.0,0.0,0.0,-0.05,-0.027,0.0,0.0,0.0
47.2158,0.04644651300959035,0.7798210339406861,0.03851176704138731,-0.6230880517649805,0.0135,0.0,9.6904,0.0,0.0,1.0,0.0,0.0,0.0,0.0577,-0.027,0.0,0.0,0.0
47.2359,0.046632210465274715,0.7797442403728395,0.038269993401291,-0.6231851764584673,0.0135,0.0,9.783,0.0,0.0,1.0,0.0,0.0,0.0,-0.0616,-0.027,0.0,0.0,0.0
47.2559,0.04675393580054116,0.7798006080513536,0.03802576110229461,-0.6231204720296786,0.0135,0.0,9.787,0.0,0.0,1.0,0.0,0.0,0.0,0.0616,-0.027,0.0,0.0,0.0
47.276,0.04693631400937964,0.7796072156626128,0.03790325357715879,-0.6233561703250132,0.0135,0.0,9.5951,0.0,0.0,1.0,0.0,0.0,0.0,-0.0616,-0.027,0.0,0.0,0.0
47.2961,0.047059035210913536,0.779558148823807,0.03759882710399787,-0.6234267142237496,0.0135,0.0,9.4808,0.0,0.0,1.0,0.0,0.0,0.0,0.0577,-0.027,0.0,0.0,0.0
47.3162,0.047059035210913536,0.779558148823807,0.03759882710399787,-0.6234267142237496,0.0135,0.0,9.4808,0.0,0.0,1.0,0.0,0.0,0.0,-0.0462,-0.027,0.0,0.0,0.0
47.3362,0.04693626762307668,0.7795454448432086,0.037170211938592324,-0.6234775549691095,0.0135,0.0,9.7217,0.0,0.0,1.0,0.0,0.0,0.0,0.0385,-0.027,0.0,0.0,0.0
47.3563,0.04693626762307668,0.7795454448432086,0.037170211938592324,-0.6234775549691095,0.0135,0.0,9.7217,0.0,0.0,1.0,0.0,0.0,0.0,-0.0231,-0.027,0.0,0.0,0.0
47.3764,0.046937266977051924,0.7794400394150934,0.037110001709805336,-0.6236128331732927,0.0135,0.0,9.7855,0.0,0.0,1.0,0.0,0.0,0.0,0.0154,-0.027,0.0,0.0,0.0
47.3964,0.0468763994622865,0.7794422697065791,0.037110107896447975,-0.6236146175804592,0.0135,0.0,9.7706,0.0,0.0,1.0,0.0,0.0,0.0,0.0,-0.027,0.0,0.0,0.0
47.4165,0.046754109460011684,0.7792544914589797,0.03717088205310126,-0.6238548038742691,0.0135,0.0,9.562,0.0,0.0,1.0,0.0,0.0,0.0,-0.0115,-0.027,0.0,0.0,0.0
47.4366,0.046568847276846126,0.77933870895401,0.03716907995019059,-0.6237635599206313,0.0135,0.0,9.7756,0.0,0.0,1.0,0.0,0.0,0.0,0.0231,-0.027,0.0,0.0,0.0
47.4567,0.04644843467407994,0.7791822917494013,0.03717034784782025,-0.6239678392203806,0.0135,0.0,9.4014,0.0,0.0,1.0,0.0,0.0,0.0,-0.0346,-0.027,0.0,0.0,0.0
47.4767,0.046264404798589835,0.7793479735225195,0.03723052102142665,-0.6237709750537029,0.0135,0.0,9.6201,0.0,0.0,1.0,0.0,0.0,0.0,0.0462,-0.027,0.0,0.0,0.0
47.4968,0.04595796889542858,0.7792185175960789,0.03735316195130095,-0.6239480012169414,0.0135,0.0,9.5942,0.0,0.0,1.0,0.0,0.0,0.0,-0.0539,-0.027,0.0,0.0,0.0
47.5169,0.04595796889542858,0.7792185175960789,0.03735316195130095,-0.6239480012169414,0.0135,0.0,9.5942,0.0,0.0,1.0,0.0,0.0,0.0,0.0577,-0.027,0.0,0.0,0.0
47.5369,0.04577711446087379,0.7791939697669361,0.03759891535957566,-0.623977190956739,0.0135,0.0,9.6898,0.0,0.0,1.0,0.0,0.0,0.0,-0.0616,-0.027,0.0,0.0,0.0
47.557,0.045777442653472,0.7791385541663145,0.0376601868421686,-0.6240426663960936,0.0135,0.0,9.5918,0.0,0.0,1.0,0.0,0.0,0.0,0.0616,-0.027,0.0,0.0,0.0
47.5771,0.04565385048004961,0.7791114483487398,0.03771987646443853,-0.6240819560825179,0.0135,0.0,9.8536,0.0,0.0,1.0,0.0,0.0,0.0,-0.0577,-0.027,0.0,0.0,0.0
47.5971,0.045654253558927056,0.779057326802532,0.03772020949408018,-0.6241494664605528,0.0135,0.0,9.5521,0.0,0.0,1.0,0.0,0.0,0.0,0.05,-0.027,0.0,0.0,0.0
47.6172,0.045593600619262764,0.7790022620490142,0.03784249851148519,-0.6242152229892335,0.0135,0.0,9.6914,0.0,0.0,1.0,0.0,0.0,0.0,-0.0423,-0.027,0.0,0.0,0.0
47.6373,0.045593600619262764,0.7790022620490142,0.03784249851148519,-0.6242152229892335,0.0135,0.0,9.6914,0.0,0.0,1.0,0.0,0.0,0.0,0.0308,-0.027,0.0,0.0,0.0
47.6573,0.04559370578410554,0.7790040588724567,0.03778158485358046,-0.6242166627854966,0.0135,0.0,9.4133,0.0,0.0,1.0,0.0,0.0,0.0,-0.0154,-0.027,0.0,0.0,0.0
47.6774,0.04565349155704246,0.7788613258210376,0.037902577878972,-0.6243830462457121,0.0135,0.0,9.4359,0.0,0.0,1.0,0.0,0.0,0.0,0.0038,-0.027,0.0,0.0,0.0
47.6975,0.045716104611007724,0.7788888198266558,0.03790391584974362,-0.6243440856542892,0.0135,0.0,9.6192,0.0,0.0,1.0,0.0,0.0,0.0,0.0077,-0.027,0.0,0.0,0.0
47.7175,0.04577459140468043,0.7789070311394432,0.03802382991443076,-0.6243097884719666,0.0135,0.0,9.8036,0.0,0.0,1.0,0.0,0.0,0.0,-0.0192,-0.027,0.0,0.0,0.0
47.7376,0.046020818870444014,0.7789279342816067,0.038024850341119076,-0.6242655430045922,0.0135,0.0,9.5073,0.0,0.0,1.0,0.0,0.0,0.0,0.0346,-0.027,0.0,0.0,0.0
47.7577,0.0461446443344255,0.7788977555155485,0.0380873572182332,-0.6242902461773858,0.0135,0.0,9.6587,0.0,0.0,1.0,0.0,0.0,0.0,-0.0423,-0.027,0.0,0.0,0.0
47.7777,0.046264189638786195,0.7789173565228439,0.03808533289922877,-0.624257065544705,0.0135,0.0,9.4969,0.0,0.0,1.0,0.0,0.0,0.0,0.05,-0.027,0.0,0.0,0.0
47.7978,0.046448213285250665,0.7787515759443329,0.03802517460755383,-0.6244538674256815,0.0135,0.0,9.4071,0.0,0.0,1.0,0.0,0.0,0.0,-0.0577,-0.027,0.0,0.0,0.0
47.8179,0.04656961904398211,0.7788026291179871,0.03796368944354179,-0.6243848923098988,0.0135,0.0,9.4906,0.0,0.0,1.0,0.0,0.0,0.0,0.0654,-0.027,0.0,0.0,0.0
47.838,0.04663194639273793,0.7786408024714373,0.03790376925487232,-0.6245856759312803,0.0135,0.0,9.2607,0.0,0.0,1.0,0.0,0.0,0.0,-0.0616,-0.027,0.0,0.0,0.0
47.858,0.04669146046335432,0.7788000006854396,0.037902562022242126,-0.6243827850319934,0.0135,0.0,9.8184,0.0,0.0,1.0,0.0,0.0,0.0,0.0577,-0.027,0.0,0.0,0.0
47.8781,0.04675153351456196,0.778662575189907,0.03784081302286618,-0.6245534092312904,0.0135,0.0,9.5439,0.0,0.0,1.0,0.0,0.0,0.0,-0.0539,-0.027,0.0,0.0,0.0
47.8982,0.04681340816199831,0.7787991540401967,0.03778052236015867,-0.6243821062560376,0.0135,0.0,9.8367,0.0,0.0,1.0,0.0,0.0,0.0,0.0462,-0.027,0.0,0.0,0.0
47.9182,0.04699699533503142,0.7786869227067612,0.03771999625587579,-0.6245119380103235,0.0135,0.0,9.6486,0.0,0.0,1.0,0.0,0.0,0.0,-0.0346,-0.027,0.0,0.0,0.0
47.9383,0.04699655317501633,0.778740596036718,0.037719641376292634,-0.6244450630187488,0.0135,0.0,9.6552,0.0,0.0,1.0,0.0,0.0,0.0,0.0231,-0.027,0.0,0.0,0.0
47.9584,0.04705654648466696,0.7786009500323819,0.03771883491439588,-0.624614706466562,0.0135,0.0,9.5259,0.0,0.0,1.0,0.0,0.0,0.0,-0.0077,-0.027,0.0,0.0,0.0
47.9785,0.046997365525217716,0.7786310558561749,0.037781293846591346,-0.6245778576969129,0.0135,0.0,9.6286,0.0,0.0,1.0,0.0,0.0,0.0,-0.0038,-0.027,0.0,0.0,0.0
47.9995,0.04705823100285833,0.7786288221896507,0.037781185463024225,-0.6245760659643048,0.0135,0.0,9.4798,0.0,0.0,1.0,0.0,0.0,0.0,0.0115,-0.027,0.0,0.0,0.0
48.0196,0.04687483094543021,0.7786841916672893,0.03796386308292937,-0.6245097476990398,0.0135,0.0,9.7652,0.0,0.0,1.0,0.0,0.0,0.0,-0.0192,-0.027,0.0,0.0,0.0
48.0397,0.046813428136131985,0.7784934900726949,0.03802453549956031,-0.6247483681936441,0.0135,0.0,9.6954,0.0,0.0,1.0,0.0,0.0,0.0,0.0385,-0.027,0.0,0.0,0.0
48.0598,0.04675201514350241,0.7785475994735283,0.03808519771470159,-0.624681840738996,0.0135,0.0,9.6898,0.0,0.0,1.0,0.0,0.0,0.0,-0.0462,-0.027,0.0,0.0,0.0
48.0799,0.04675201514350241,0.7785475994735283,0.03808519771470159,-0.624681840738996,0.0135,0.0,9.6898,0.0,0.0,1.0,0.0,0.0,0.0,0.05,-0.027,0.0,0.0,0.0
48.1,0.04663170548141665,0.7783317752202661,0.038269578972536356,-0.6249484547157698,0.0135,0.0,9.3334,0.0,0.0,1.0,0.0,0.0,0.0,-0.0577,-0.027,0.0,0.0,0.0
48.1201,0.04650996789266537,0.7783361975148755,0.03826979641111211,-0.6249520055231123,0.0135,0.0,9.7278,0.0,0.0,1.0,0.0,0.0,0.0,0.0577,-0.027,0.0,0.0,0.0
48.1401,0.046508955396328655,0.7781972536823438,0.03832996324026067,-0.6251214004872978,0.0135,0.0,9.4965,0.0,0.0,1.0,0.0,0.0,0.0,-0.0577,-0.027,0.0,0.0,0.0
48.1602,0.04650985922870415,0.7783343790424435,0.03833070812608819,-0.6249505454111492,0.0135,0.0,9.7727,0.0,0.0,1.0,0.0,0.0,0.0,0.0577,-0.027,0.0,0.0,0.0
48.1803,0.04650938951221034,0.7781435168862549,0.03833032101320227,-0.6251882358986909,0.0135,0.0,9.6155,0.0,0.0,1.0,0.0,0.0,0.0,-0.0539,-0.027,0.0,0.0,0.0
48.2003,0.046508738083360646,0.7782546172142625,0.038207784830657454,-0.6250574799527716,0.0135,0.0,9.6233,0.0,0.0,1.0,0.0,0.0,0.0,0.0462,-0.027,0.0,0.0,0.0
48.2204,0.04662978195596179,0.7781166743553916,0.038085005159116725,-0.6252276680593039,0.0135,0.0,9.485,0.0,0.0,1.0,0.0,0.0,0.0,-0.0308,-0.027,0.0,0.0,0.0
48.2405,0.04669166456149304,0.7782534089343579,0.03802472682581126,-0.62505650951922,0.0135,0.0,9.589,0.0,0.0,1.0,0.0,0.0,0.0,0.0192,-0.027,0.0,0.0,0.0
48.2605,0.04681372163796549,0.7782543723723963,0.03784177498662561,-0.6250572833073081,0.0135,0.0,9.4314,0.0,0.0,1.0,0.0,0.0,0.0,-0.0115,-0.027,0.0,0.0,0.0
48.2806,0.046815176698384135,0.7783395635469372,0.037781949648431117,-0.6249547082221444,0.0135,0.0,9.662,0.0,0.0,1.0,0.0,0.0,0.0,0.0,-0.027,0.0,0.0,0.0
48.3007,0.046937127337775275,0.7783386941694489,0.03765990451707191,-0.6249540101700601,0.0135,0.0,9.4428,0.0,0.0,1.0,0.0,0.0,0.0,0.0154,-0.027,0.0,0.0,0.0
48.3207,0.04693500657050635,0.7783645250843125,0.03759720421505668,-0.624925772779224,0.0135,0.0,9.8703,0.0,0.0,1.0,0.0,0.0,0.0,-0.0269,-0.027,0.0,0.0,0.0
48.3408,0.04699575316088684,0.778421347789583,0.037414007373121234,-0.6248614218709411,0.0135,0.0,9.7501,0.0,0.0,1.0,0.0,0.0,0.0,0.0385,-0.027,0.0,0.0,0.0
48.3609,0.0469372249494871,0.7784013144155172,0.03735497487564232,-0.6248943082492244,0.0135,0.0,9.7167,0.0,0.0,1.0,0.0,0.0,0.0,-0.05,-0.027,0.0,0.0,0.0
48.3809,0.04693601345934973,0.7785642232607194,0.03729201069384009,-0.624695179137303,0.0135,0.0,9.8409,0.0,0.0,1.0,0.0,0.0,0.0,0.0577,-0.027,0.0,0.0,0.0
48.401,0.04687558736805553,0.7785127550462569,0.03729246728809671,-0.6247638285166266,0.0135,0.0,9.4071,0.0,0.0,1.0,0.0,0.0,0.0,-0.0616,-0.027,0.0,0.0,0.0
48.4211,0.04687557521854101,0.7787575562728184,0.03729245762239646,-0.624458662843587,0.0135,0.0,9.6977,0.0,0.0,1.0,0.0,0.0,0.0,0.0577,-0.027,0.0,0.0,0.0
48.4412,0.04687423044425593,0.7786742161481895,0.03729138777018026,-0.6245627462668868,0.0135,0.0,9.4392,0.0,0.0,1.0,0.0,0.0,0.0,-0.0616,-0.027,0.0,0.0,0.0
48.4635,0.04681371797036504,0.7788653077194481,0.03735377496187087,-0.6243252387473844,0.0135,0.0,9.7051,0.0,0.0,1.0,0.0,0.0,0.0,0.0577,-0.027,0.0,0.0,0.0
48.4835,0.04687590778291645,0.7787020800801249,0.03735472339889201,-0.6245240943215937,0.0135,0.0,9.5349,0.0,0.0,1.0,0.0,0.0,0.0,-0.0462,-0.027,0.0,0.0,0.0
48.5036,0.04675285175942512,0.7788675304229339,0.037353881561002944,-0.624327020428852,0.0135,0.0,9.7307,0.0,0.0,1.0,0.0,0.0,0.0,0.0385,-0.027,0.0,0.0,0.0
48.5237,0.046569022804807014,0.778792657968412,0.03729121748844466,-0.6244378969182853,0.0135,0.0,9.7703,0.0,0.0,1.0,0.0,0.0,0.0,-0.0269,-0.027,0.0,0.0,0.0
48.5437,0.046571779206958104,0.778716749738643,0.03723242241044162,-0.6245358594824101,0.0135,0.0,9.601,0.0,0.0,1.0,0.0,0.0,0.0,0.0154,-0.027,0.0,0.0,0.0
48.5638,0.046508699552678445,0.7787429693016241,0.03723075948839527,-0.6245079656634699,0.0135,0.0,9.8003,0.0,0.0,1.0,0.0,0.0,0.0,0.0,-0.027,0.0,0.0,0.0
48.5839,0.04656977813211627,0.7787442899040001,0.0371088232060276,-0.6245090247121365,0.0135,0.0,9.4223,0.0,0.0,1.0,0.0,0.0,0.0,-0.0115,-0.027,0.0,0.0,0.0
48.6039,0.04657069001131098,0.7786365366127772,0.037109549831001676,-0.62464325498229,0.0135,0.0,9.4943,0.0,0.0,1.0,0.0,0.0,0.0,0.0231,-0.027,0.0,0.0,0.0
48.624,0.04657069001131098,0.7786365366127772,0.037109549831001676,-0.62464325498229,0.0135,0.0,9.4943,0.0,0.0,1.0,0.0,0.0,0.0,-0.0346,-0.027,0.0,0.0,0.0
48.6441,0.0465100313753114,0.7786422666495051,0.036987820217133094,-0.6246478517724796,0.0135,0.0,9.4124,0.0,0.0,1.0,0.0,0.0,0.0,0.0462,-0.027,0.0,0.0,0.0
48.6642,0.04638706390107732,0.7785650725220078,0.0369260508679412,-0.6247568606415909,0.0135,0.0,9.3139,0.0,0.0,1.0,0.0,0.0,0.0,-0.0539,-0.027,0.0,0.0,0.0
48.6842,0.0463272622268498,0.7787082165876409,0.0368050027845484,-0.6245900175022733,0.0135,0.0,9.6622,0.0,0.0,1.0,0.0,0.0,0.0,0.0577,-0.027,0.0,0.0,0.0
48.7043,0.04626530643929516,0.7786301572743157,0.03668224296565942,-0.6246991377087542,0.0135,0.0,9.3674,0.0,0.0,1.0,0.0,0.0,0.0,-0.0654,-0.027,0.0,0.0,0.0
48.7244,0.04614286872644768,0.7787457845173406,0.036559895989401014,-0.6245712231342475,0.0135,0.0,9.7679,0.0,0.0,1.0,0.0,0.0,0.0,0.0616,-0.027,0.0,0.0,0.0
48.7444,0.046081781937998556,0.7785603158017428,0.03643782757382047,-0.6248140433391443,0.0135,0.0,9.5728,0.0,0.0,1.0,0.0,0.0,0.0,-0.0539,-0.027,0.0,0.0,0.0
48.7645,0.04608055036755615,0.7787235024007988,0.036375855664263546,-0.6246143504684705,0.0135,0.0,9.783,0.0,0.0,1.0,0.0,0.0,0.0,0.05,-0.027,0.0,0.0,0.0
48.7846,0.04608341226165674,0.7786488622940083,0.036256111096444776,-0.6247141448460496,0.0135,0.0,9.6303,0.0,0.0,1.0,0.0,0.0,0.0,-0.0423,-0.027,0.0,0.0,0.0
48.8046,0.04601988543658436,0.7787291398267998,0.03625412195526767,-0.6246188722495252,0.0135,0.0,9.7348,0.0,0.0,1.0,0.0,0.0,0.0,0.0346,-0.027,0.0,0.0,0.0
48.8247,0.04595912010211518,0.7786270347376887,0.03613309442437241,-0.6247576326403329,0.0135,0.0,9.6303,0.0,0.0,1.0,0.0,0.0,0.0,-0.0154,-0.027,0.0,0.0,0.0
48.8448,0.04583747740178423,0.778633109539548,0.036072375697300596,-0.6247625069622602,0.0135,0.0,9.6275,0.0,0.0,1.0,0.0,0.0,0.0,0.0077,-0.027,0.0,0.0,0.0
48.8648,0.045836261132988665,0.7785514499802387,0.036010419522657655,-0.6248679273132993,0.0135,0.0,9.7908,0.0,0.0,1.0,0.0,0.0,0.0,0.0077,-0.027,0.0,0.0,0.0
48.8849,0.045838108868114846,0.7785828346705714,0.035950869686251996,-0.6248321152922076,0.0135,0.0,9.6238,0.0,0.0,1.0,0.0,0.0,0.0,-0.0192,-0.027,0.0,0.0,0.0
48.905,0.04583669066251117,0.7784977461622038,0.03601075697466449,-0.6249347825106153,0.0135,0.0,9.8114,0.0,0.0,1.0,0.0,0.0,0.0,0.0308,-0.027,0.0,0.0,0.0
48.925,0.04583669066251117,0.7784977461622038,0.03601075697466449,-0.6249347825106153,0.0135,0.0,9.8114,0.0,0.0,1.0,0.0,0.0,0.0,-0.0423,-0.027,0.0,0.0,0.0
48.9451,0.045958963702888656,0.7784413852086438,0.03594997160771246,-0.6249995063927722,0.0135,0.0,9.4711,0.0,0.0,1.0,0.0,0.0,0.0,0.0539,-0.027,0.0,0.0,0.0
48.9652,0.04595843249655435,0.7784933870159294,0.03601055533482944,-0.624931283229927,0.0135,0.0,9.5751,0.0,0.0,1.0,0.0,0.0,0.0,-0.0577,-0.027,0.0,0.0,0.0
48.9852,0.04602083243143601,0.7784391655894465,0.03594986910128267,-0.6249977242921168,0.0135,0.0,9.4559,0.0,0.0,1.0,0.0,0.0,0.0,0.0577,-0.027,0.0,0.0,0.0
49.0053,0.04602083243143601,0.7784391655894465,0.03594986910128267,-0.6249977242921168,0.0135,0.0,9.7978,0.0,0.0,1.0,0.0,0.0,0.0,-0.0616,-0.027,0.0,0.0,0.0
49.0254,0.046083229696676664,0.7785237743273263,0.03582895606901898,-0.6248946748491798,0.0135,0.0,9.6827,0.0,0.0,1.0,0.0,0.0,0.0,0.0616,-0.027,0.0,0.0,0.0
49.0454,0.046083229696676664,0.7785237743273263,0.03582895606901898,-0.6248946748491798,0.0135,0.0,9.7594,0.0,0.0,1.0,0.0,0.0,0.0,0.0462,-0.027,0.0,0.0,0.0
49.0655,0.04614333673455878,0.7786306821174565,0.035767261014346075,-0.6247605592383672,0.0135,0.0,9.7679,0.0,0.0,1.0,0.0,0.0,0.0,0.0462,-0.027,0.0,0.0,0.0
49.0856,0.04626428190547677,0.77849091659482,0.03570544579524382,-0.6249293001129734,0.0135,0.0,9.5595,0.0,0.0,1.0,0.0,0.0,0.0,0.0231,-0.027,0.0,0.0,0.0
49.1056,0.04626314711434992,0.778655814050184,0.035581574922077475,-0.6247309788949048,0.0135,0.0,9.7804,0.0,0.0,1.0,0.0,0.0,0.0,-0.0077,-0.027,0.0,0.0,0.0
49.1257,0.04626425168811904,0.7785514071394941,0.03546042643709918,-0.6248678929291784,0.0135,0.0,9.3775,0.0,0.0,1.0,0.0,0.0,0.0,-0.0038,-0.027,0.0,0.0,0.0
49.1458,0.04632554456985716,0.7787403441412414,0.0354606513834933,-0.6246278592334364,0.0135,0.0,9.6655,0.0,0.0,1.0,0.0,0.0,0.0,0.0154,-0.027,0.0,0.0,0.0
49.1658,0.04644818929101669,0.7786281731553103,0.03546114451534511,-0.6247585460880644,0.0135,0.0,9.4104,0.0,0.0,1.0,0.0,0.0,0.0,-0.0269,-0.027,0.0,0.0,0.0
49.1859,0.046509919755896634,0.7787634004185193,0.03546170127209469,-0.624585351473899,0.0135,0.0,9.6605,0.0,0.0,1.0,0.0,0.0,0.0,0.0423,-0.027,0.0,0.0,0.0
49.206,0.046632670789666986,0.7786528981493953,0.035401268382711404,-0.6247173828344024,0.0135,0.0,9.5728,0.0,0.0,1.0,0.0,0.0,0.0,-0.05,-0.027,0.0,0.0,0.0
49.226,0.04669040803190799,0.7787824464345541,0.035398793033700526,-0.6245517051253502,0.0135,0.0,9.8063,0.0,0.0,1.0,0.0,0.0,0.0,0.0539,-0.027,0.0,0.0,0.0
49.2461,0.04669176063471902,0.778621008399899,0.03539981852285317,-0.6247527972051853,0.0135,0.0,9.4224,0.0,0.0,1.0,0.0,0.0,0.0,-0.0616,-0.027,0.0,0.0,0.0
49.2662,0.046631758005527046,0.7787606588597318,0.03540057544113706,-0.6245831526835373,0.0135,0.0,9.7332,0.0,0.0,1.0,0.0,0.0,0.0,0.0654,-0.027,0.0,0.0,0.0
49.2863,0.046631331182812326,0.7785695295193128,0.03540025141797427,-0.6248214375769603,0.0135,0.0,9.4004,0.0,0.0,1.0,0.0,0.0,0.0,-0.0577,-0.027,0.0,0.0,0.0
49.3063,0.04644808873105311,0.7786264874314547,0.03552206785877705,-0.6247571934907381,0.0135,0.0,9.6302,0.0,0.0,1.0,0.0,0.0,0.0,0.0539,-0.027,0.0,0.0,0.0
49.3264,0.046386655556657774,0.7784362197347481,0.035582735780985086,-0.6249953591073165,0.0135,0.0,9.4976,0.0,0.0,1.0,0.0,0.0,0.0,-0.05,-0.027,0.0,0.0,0.0
49.3465,0.04626461425007672,0.7784355094792653,0.035766701780665766,-0.6249947888533003,0.0135,0.0,9.7307,0.0,0.0,1.0,0.0,0.0,0.0,0.0423,-0.027,0.0,0.0,0.0
49.3665,0.04620494005438185,0.7782748342520809,0.035828728947026205,-0.6251957198082113,0.0135,0.0,9.6201,0.0,0.0,1.0,0.0,0.0,0.0,-0.0231,-0.027,0.0,0.0,0.0
49.3866,0.045958399042275,0.778248823521875,0.03601052912185582,-0.6252358243388271,0.0135,0.0,9.7879,0.0,0.0,1.0,0.0,0.0,0.0,0.0115,-0.027,0.0,0.0,0.0
49.4066,0.04589838455548867,0.7781435196055231,0.03601130171745415,-0.6253712396167095,0.0135,0.0,9.4217,0.0,0.0,1.0,0.0,0.0,0.0,-0.0038,-0.027,0.0,0.0,0.0
49.4267,0.0458354608870381,0.7781108717467797,0.036192784679308414,-0.6254059994370827,0.0135,0.0,9.5795,0.0,0.0,1.0,0.0,0.0,0.0,-0.0077,-0.027,0.0,0.0,0.0
49.4468,0.045776864504935955,0.7780906943931885,0.036133682391577715,-0.6254388115328688,0.0135,0.0,9.4314,0.0,0.0,1.0,0.0,0.0,0.0,0.0269,-0.027,0.0,0.0,0.0
49.4669,0.04565544109745562,0.7780395585367529,0.03619514248655781,-0.6255077439252925,0.0135,0.0,9.4154,0.0,0.0,1.0,0.0,0.0,0.0,-0.0346,-0.027,0.0,0.0,0.0
49.4869,0.04559165332228087,0.7781750144121306,0.036131932741736254,-0.625347528601791,0.0135,0.0,9.678,0.0,0.0,1.0,0.0,0.0,0.0,0.0423,-0.027,0.0,0.0,0.0
49.507,0.04565511684031398,0.7780950341841719,0.03613388392673317,-0.6254422999099111,0.0135,0.0,9.3966,0.0,0.0,1.0,0.0,0.0,0.0,-0.05,-0.027,0.0,0.0,0.0
49.5271,0.045593492844111294,0.7782064120435517,0.03607238992548828,-0.6253117593246104,0.0135,0.0,9.6135,0.0,0.0,1.0,0.0,0.0,0.0,0.0577,-0.027,0.0,0.0,0.0
49.5472,0.04559312753792522,0.7780171763520475,0.03601110073406517,-0.6255507498568113,0.0135,0.0,9.3911,0.0,0.0,1.0,0.0,0.0,0.0,-0.0577,-0.027,0.0,0.0,0.0
49.5672,0.045594118235131986,0.7781560849501228,0.03595088172642735,-0.6253813380174937,0.0135,0.0,9.7756,0.0,0.0,1.0,0.0,0.0,0.0,0.0616,-0.027,0.0,0.0,0.0
49.5873,0.045654200886618646,0.778018423419691,0.03588915791868985,-0.6255517525391725,0.0135,0.0,9.6486,0.0,0.0,1.0,0.0,0.0,0.0,-0.0577,-0.027,0.0,0.0,0.0
49.6074,0.045592253179979336,0.7781852530027327,0.03576641413129922,-0.6253557564132868,0.0135,0.0,9.7076,0.0,0.0,1.0,0.0,0.0,0.0,0.05,-0.027,0.0,0.0,0.0
49.6275,0.04559156158952349,0.778051452532847,0.03564387543830344,-0.6255292645968646,0.0135,0.0,9.5924,0.0,0.0,1.0,0.0,0.0,0.0,-0.0385,-0.027,0.0,0.0,0.0
49.6475,0.04559156158952349,0.778051452532847,0.03564387543830344,-0.6255292645968646,0.0135,0.0,9.6286,0.0,0.0,1.0,0.0,0.0,0.0,0.0269,-0.027,0.0,0.0,0.0
49.6676,0.045714153070714254,0.7779395873996379,0.03564433963044112,-0.6256594086384527,0.0135,0.0,9.4034,0.0,0.0,1.0,0.0,0.0,0.0,-0.0192,-0.027,0.0,0.0,0.0
49.6877,0.04565544790716774,0.7779176707156099,0.03564613047380299,-0.6256908430263627,0.0135,0.0,9.7248,0.0,0.0,1.0,0.0,0.0,0.0,0.0077,-0.027,0.0,0.0,0.0
49.7077,0.04565380613430881,0.7778896967458676,0.0355828488999237,-0.6257293428841566,0.0135,0.0,9.4976,0.0,0.0,1.0,0.0,0.0,0.0,0.0077,-0.027,0.0,0.0,0.0
49.7278,0.045593356299542864,0.777838078590706,0.035583278073534064,-0.6257978904384414,0.0135,0.0,9.8531,0.0,0.0,1.0,0.0,0.0,0.0,-0.0192,-0.027,0.0,0.0,0.0
49.7479,0.04559283260743058,0.7778901440021933,0.03564486913104786,-0.6257297026541959,0.0135,0.0,9.5743,0.0,0.0,1.0,0.0,0.0,0.0,0.0346,-0.027,0.0,0.0,0.0
49.7679,0.0455325061793751,0.7777796464824461,0.0358283982999793,-0.6258609576207198,0.0135,0.0,9.6122,0.0,0.0,1.0,0.0,0.0,0.0,-0.0423,-0.027,0.0,0.0,0.0
49.788,0.045349139100466625,0.7778953860565683,0.035767109709285656,-0.6257339193281705,0.0135,0.0,9.7394,0.0,0.0,1.0,0.0,0.0,0.0,0.05,-0.027,0.0,0.0,0.0
49.8081,0.045349881266910586,0.7777861144203021,0.035828696245361,-0.6258661622179327,0.0135,0.0,9.427,0.0,0.0,1.0,0.0,0.0,0.0,-0.0577,-0.027,0.0,0.0,0.0
49.8281,0.045226251594175926,0.7780021255896425,0.035949405107803534,-0.6255996475519576,0.0135,0.0,9.783,0.0,0.0,1.0,0.0,0.0,0.0,0.0577,-0.027,0.0,0.0,0.0
49.8482,0.04516621622634798,0.7778967240615167,0.0359501721059472,-0.6257349956105286,0.0135,0.0,9.355,0.0,0.0,1.0,0.0,0.0,0.0,-0.0616,-0.027,0.0,0.0,0.0
49.8683,0.04504340496485305,0.778065721548553,0.03582752670901252,-0.6255407364434526,0.0135,0.0,9.676,0.0,0.0,1.0,0.0,0.0,0.0,0.0577,-0.027,0.0,0.0,0.0
49.8884,0.0449847625329362,0.778045484339914,0.03576840142977416,-0.6255735103864951,0.0135,0.0,9.4285,0.0,0.0,1.0,0.0,0.0,0.0,-0.0539,-0.027,0.0,0.0,0.0
49.9084,0.04504406093389013,0.7782600528005594,0.03570604830178231,-0.6253058458899337,0.0135,0.0,9.8003,0.0,0.0,1.0,0.0,0.0,0.0,0.0423,-0.027,0.0,0.0,0.0
49.9285,0.0452877607241296,0.7782548881248978,0.035582811999794905,-0.6253016962462872,0.0135,0.0,9.6313,0.0,0.0,1.0,0.0,0.0,0.0,-0.0346,-0.027,0.0,0.0,0.0
49.9486,0.04547061315196938,0.7784963768258369,0.03546069831281468,-0.6249946827644186,0.0135,0.0,9.8029,0.0,0.0,1.0,0.0,0.0,0.0,0.0231,-0.027,0.0,0.0,0.0
49.9687,0.04565254148652559,0.7783561329746191,0.035337871020991174,-0.625163027208361,0.0135,0.0,9.6675,0.0,0.0,1.0,0.0,0.0,0.0,-0.0077,-0.027,0.0,0.0,0.0
49.9887,0.04583633776334695,0.7784917524658869,0.03515549207863145,-0.6249909702225674,0.0135,0.0,9.6706,0.0,0.0,1.0,0.0,0.0,0.0,-0.0038,-0.027,0.0,0.0,0.0
50.0088,0.04583633776334695,0.7784917524658869,0.03515549207863145,-0.6249909702225674,0.0135,0.0,9.6706,0.0,0.0,1.0,0.0,0.0,0.0,0.0154,-0.027,0.0,0.0,0.0
50.0289,0.046143373068787574,0.7783262927616041,0.03491228226551196,-0.6251880546402224,0.0135,0.0,9.5546,0.0,0.0,1.0,0.0,0.0,0.0,-0.0269,-0.027,0.0,0.0,0.0
50.0489,0.04626434667082102,0.7784310072652596,0.03485050785312416,-0.6250521732283593,0.0135,0.0,9.7153,0.0,0.0,1.0,0.0,0.0,0.0,0.0423,-0.027,0.0,0.0,0.0
50.069,0.046448113964837445,0.7783219096863647,0.03466808506142327,-0.6251845339493404,0.0135,0.0,9.6107,0.0,0.0,1.0,0.0,0.0,0.0,-0.05,-0.027,0.0,0.0,0.0
50.0891,0.046509080520798995,0.7783213475015214,0.03460705991492613,-0.6251840823761996,0.0135,0.0,9.7524,0.0,0.0,1.0,0.0,0.0,0.0,0.0539,-0.027,0.0,0.0,0.0
50.1091,0.04663134957569386,0.7782648343254472,0.03454625897883223,-0.625248687227491,0.0135,0.0,9.5535,0.0,0.0,1.0,0.0,0.0,0.0,-0.0616,-0.027,0.0,0.0,0.0
50.1292,0.04657081780056743,0.7782116656810393,0.034607607722229816,-0.6253159807769775,0.0135,0.0,9.668,0.0,0.0,1.0,0.0,0.0,0.0,0.0616,-0.027,0.0,0.0,0.0
50.1493,0.046508608059007694,0.7781304424780593,0.034606708359631255,-0.6254217293969124,0.0135,0.0,9.3949,0.0,0.0,1.0,0.0,0.0,0.0,-0.0616,-0.027,0.0,0.0,0.0
50.1694,0.046387776332954045,0.7782720249446718,0.034607579182843184,-0.6252544640852292,0.0135,0.0,9.6418,0.0,0.0,1.0,0.0,0.0,0.0,0.0539,-0.027,0.0,0.0,0.0
50.1894,0.04638643966961925,0.7781885997805069,0.03460658196577743,-0.6253584459100852,0.0135,0.0,9.5548,0.0,0.0,1.0,0.0,0.0,0.0,-0.05,-0.027,0.0,0.0,0.0
50.2095,0.04626407547322753,0.7782434478270532,0.03472830600042648,-0.6252925043507309,0.0135,0.0,9.755,0.0,0.0,1.0,0.0,0.0,0.0,0.0423,-0.027,0.0,0.0,0.0
50.2296,0.04620310903194813,0.778243992556811,0.03478932913214189,-0.6252929420228185,0.0135,0.0,9.5722,0.0,0.0,1.0,0.0,0.0,0.0,-0.0269,-0.027,0.0,0.0,0.0
50.2497,0.046020071359373804,0.7783042945704746,0.03478929798554187,-0.6252313834340911,0.0135,0.0,9.6923,0.0,0.0,1.0,0.0,0.0,0.0,0.0154,-0.027,0.0,0.0,0.0
50.2697,0.045899181099028956,0.7783400286068278,0.03472989368574186,-0.6251990879130725,0.0135,0.0,9.3664,0.0,0.0,1.0,0.0,0.0,0.0,0.0,-0.027,0.0,0.0,0.0
50.2898,0.045838307787891885,0.7783422064592368,0.034729990862528204,-0.6252008372659126,0.0135,0.0,9.5132,0.0,0.0,1.0,0.0,0.0,0.0,-0.0115,-0.027,0.0,0.0,0.0
50.3099,0.04571527690569954,0.7785077155620221,0.03472921036110793,-0.625003785760959,0.0135,0.0,9.6084,0.0,0.0,1.0,0.0,0.0,0.0,0.0269,-0.027,0.0,0.0,0.0
50.3299,0.04553275233803139,0.7785158634238433,0.034668572829106514,-0.6250103270506371,0.0135,0.0,9.4295,0.0,0.0,1.0,0.0,0.0,0.0,-0.0346,-0.027,0.0,0.0,0.0
50.35,0.045409689721599866,0.7786816793711387,0.03466776311976283,-0.6248127307373011,0.0135,0.0,9.7971,0.0,0.0,1.0,0.0,0.0,0.0,0.05,-0.027,0.0,0.0,0.0
50.3701,0.04528925013241725,0.7785244898391888,0.03466895697735917,-0.6250172525340211,0.0135,0.0,9.4685,0.0,0.0,1.0,0.0,0.0,0.0,-0.0577,-0.027,0.0,0.0,0.0
50.3901,0.045103957911882486,0.7786070109553151,0.03472819763489132,-0.624924561656001,0.0135,0.0,9.8746,0.0,0.0,1.0,0.0,0.0,0.0,0.0616,-0.027,0.0,0.0,0.0
50.4102,0.04510392642289213,0.7783624731842859,0.03472817338966028,-0.6252291181100716,0.0135,0.0,9.6486,0.0,0.0,1.0,0.0,0.0,0.0,-0.0654,-0.027,0.0,0.0,0.0
50.4303,0.044983796691709044,0.7783947858677547,0.0347906161639856,-0.6251940725854825,0.0135,0.0,9.6647,0.0,0.0,1.0,0.0,0.0,0.0,0.0577,-0.027,0.0,0.0,0.0
50.4503,0.04498152850198889,0.7781725433428358,0.03484985994315226,-0.6254675388402742,0.0135,0.0,9.5614,0.0,0.0,1.0,0.0,0.0,0.0,-0.0539,-0.027,0.0,0.0,0.0
50.4704,0.04486171669490984,0.7781494314399378,0.03497355872519758,-0.6254979927345748,0.0135,0.0,9.6463,0.0,0.0,1.0,0.0,0.0,0.0,0.0462,-0.027,0.0,0.0,0.0
50.4905,0.04498268830480939,0.7780096089959838,0.03491175808855601,-0.6256666646145974,0.0135,0.0,9.4594,0.0,0.0,1.0,0.0,0.0,0.0,-0.0308,-0.027,0.0,0.0,0.0
50.5105,0.044982914231496585,0.7779525166851853,0.03503393320112619,-0.6257308069249008,0.0135,0.0,9.6739,0.0,0.0,1.0,0.0,0.0,0.0,0.0192,-0.027,0.0,0.0,0.0
50.5306,0.04504388661105441,0.7779520416618455,0.03497291196271224,-0.6257304248492197,0.0135,0.0,9.4412,0.0,0.0,1.0,0.0,0.0,0.0,0.0,-0.027,0.0,0.0,0.0
50.5507,0.04510508478683645,0.7778944622566577,0.03503406585571517,-0.6257941763442796,0.0135,0.0,9.8531,0.0,0.0,1.0,0.0,0.0,0.0,-0.0115,-0.027,0.0,0.0,0.0
50.5707,0.045226092485961544,0.7779993885392649,0.03497229824024445,-0.6256584454371064,0.0135,0.0,9.6621,0.0,0.0,1.0,0.0,0.0,0.0,0.0269,-0.027,0.0,0.0,0.0
50.5908,0.04534877829392481,0.7778891969700765,0.034911829319224486,-0.6257899405695838,0.0135,0.0,9.5844,0.0,0.0,1.0,0.0,0.0,0.0,-0.0346,-0.027,0.0,0.0,0.0
50.6109,0.04540942389111491,0.7779441302309726,0.03478955862523442,-0.62572406144539,0.0135,0.0,9.6923,0.0,0.0,1.0,0.0,0.0,0.0,0.0423,-0.027,0.0,0.0,0.0
50.6309,0.04559163778643733,0.7777477619984462,0.034727962377671846,-0.6259582972526635,0.0135,0.0,9.3642,0.0,0.0,1.0,0.0,0.0,0.0,-0.05,-0.027,0.0,0.0,0.0
50.6511,0.04583799170900905,0.7779098301480504,0.03460774874170831,-0.6257455380601186,0.0135,0.0,9.7214,0.0,0.0,1.0,0.0,0.0,0.0,0.0616,-0.027,0.0,0.0,0.0
50.6712,0.04602222773434029,0.7778527507671996,0.034485919980415954,-0.6258096947166718,0.0135,0.0,9.2446,0.0,0.0,1.0,0.0,0.0,0.0,-0.0616,-0.027,0.0,0.0,0.0
50.6912,0.04608167763433235,0.7780705569856083,0.03430176004107627,-0.6255446239850482,0.0135,0.0,9.5853,0.0,0.0,1.0,0.0,0.0,0.0,0.0577,-0.027,0.0,0.0,0.0
50.7113,0.04632544369002784,0.7780666564037925,0.034118590278894474,-0.6255414880381044,0.0135,0.0,9.4553,0.0,0.0,1.0,0.0,0.0,0.0,-0.0577,-0.027,0.0,0.0,0.0
50.7314,0.046571357772194566,0.7782816905396264,0.033997991199942124,-0.6252622293089551,0.0135,0.0,9.809,0.0,0.0,1.0,0.0,0.0,0.0,0.0539,-0.027,0.0,0.0,0.0
50.7516,0.04663097986901394,0.7781976640455264,0.0339359853495499,-0.625365730024357,0.0135,0.0,9.6208,0.0,0.0,1.0,0.0,0.0,0.0,-0.0423,-0.027,0.0,0.0,0.0
50.7717,0.046631548813867885,0.7783901609934873,0.03387539868477574,-0.6251293572435231,0.0135,0.0,9.6527,0.0,0.0,1.0,0.0,0.0,0.0,0.0308,-0.027,0.0,0.0,0.0
50.7918,0.04675406072790712,0.7782766570709959,0.033936769936950835,-0.6252581854802808,0.0135,0.0,9.281,0.0,0.0,1.0,0.0,0.0,0.0,-0.0154,-0.027,0.0,0.0,0.0
50.8118,0.04663048316973051,0.7784943715357748,0.033996623197472375,-0.6249930728717286,0.0135,0.0,9.5853,0.0,0.0,1.0,0.0,0.0,0.0,0.0038,-0.027,0.0,0.0,0.0
50.8319,0.04656951956167288,0.7784949685918203,0.034057648641431404,-0.6249935522019667,0.0135,0.0,9.5799,0.0,0.0,1.0,0.0,0.0,0.0,0.0077,-0.027,0.0,0.0,0.0
50.852,0.04632451536629345,0.778662045007835,0.034178904615548955,-0.624796976160717,0.0135,0.0,9.8087,0.0,0.0,1.0,0.0,0.0,0.0,-0.0192,-0.027,0.0,0.0,0.0
50.8721,0.04626578489598282,0.7786382095457606,0.03424158090615703,-0.6248276001589383,0.0135,0.0,9.658,0.0,0.0,1.0,0.0,0.0,0.0,0.0385,-0.027,0.0,0.0,0.0
50.8922,0.04608065699979003,0.7786643061758493,0.03442299675710204,-0.6247987905177248,0.0135,0.0,9.9087,0.0,0.0,1.0,0.0,0.0,0.0,-0.05,-0.027,0.0,0.0,0.0
50.9123,0.04595772737335313,0.7786654377852921,0.034545043404770825,-0.6247996985190363,0.0135,0.0,9.4986,0.0,0.0,1.0,0.0,0.0,0.0,0.0539,-0.027,0.0,0.0,0.0
50.9324,0.045836162591982595,0.7786107750983365,0.034728365526909895,-0.6248665839420752,0.0135,0.0,9.6796,0.0,0.0,1.0,0.0,0.0,0.0,-0.0616,-0.027,0.0,0.0,0.0
50.9525,0.04565472739241117,0.7786994066021484,0.03479055429933826,-0.6247659540625846,0.0135,0.0,9.4648,0.0,0.0,1.0,0.0,0.0,0.0,0.0577,-0.027,0.0,0.0,0.0
50.9726,0.04553203617426094,0.7785646185534854,0.03485102768842063,-0.6249394965015035,0.0135,0.0,9.4046,0.0,0.0,1.0,0.0,0.0,0.0,-0.0616,-0.027,0.0,0.0,0.0
50.9927,0.045470274038767466,0.778674567975759,0.034850443590972,-0.6248070245668795,0.0135,0.0,9.5274,0.0,0.0,1.0,0.0,0.0,0.0,0.0577,-0.027,0.0,0.0,0.0
51.0127,0.04547106558291969,0.7785651229245081,0.0349120503536518,-0.6249399013508448,0.0135,0.0,9.3434,0.0,0.0,1.0,0.0,0.0,0.0,-0.05,-0.027,0.0,0.0,0.0
51.0328,0.04534973308268253,0.7787605887378519,0.03491256436487272,-0.6247050984164227,0.0135,0.0,9.7696,0.0,0.0,1.0,0.0,0.0,0.0,0.0385,-0.027,0.0,0.0,0.0
51.0529,0.04534852721096394,0.7786788817465414,0.034850636658565914,-0.6248104859285294,0.0135,0.0,9.4957,0.0,0.0,1.0,0.0,0.0,0.0,-0.0231,-0.027,0.0,0.0,0.0
51.073,0.04528829402129992,0.7788750566236048,0.03472922546956642,-0.6245770548879465,0.0135,0.0,9.8349,0.0,0.0,1.0,0.0,0.0,0.0,0.0115,-0.027,0.0,0.0,0.0
51.0931,0.04528709031209166,0.778793356272518,0.034667303633183155,-0.6246824519190979,0.0135,0.0,9.6861,0.0,0.0,1.0,0.0,0.0,0.0,0.0,-0.027,0.0,0.0,0.0
51.1132,0.045165012639007567,0.7788529733459648,0.03460624346628315,-0.6246203450549944,0.0135,0.0,9.7076,0.0,0.0,1.0,0.0,0.0,0.0,-0.0115,-0.027,0.0,0.0,0.0
51.1333,0.045165012639007567,0.7788529733459648,0.03460624346628315,-0.6246203450549944,0.0135,0.0,9.7076,0.0,0.0,1.0,0.0,0.0,0.0,0.0308,-0.027,0.0,0.0,0.0
51.1534,0.045164330897768445,0.7787192214934987,0.03448372561239765,-0.6247939099887299,0.0135,0.0,9.3648,0.0,0.0,1.0,0.0,0.0,0.0,-0.0423,-0.027,0.0,0.0,0.0
51.1735,0.045288866657357985,0.7788849049067397,0.03436365759024029,-0.624584952190118,0.0135,0.0,9.8063,0.0,0.0,1.0,0.0,0.0,0.0,0.05,-0.027,0.0,0.0,0.0
51.1936,0.045287992623650845,0.7787478731602823,0.03436299440307632,-0.6247558982419542,0.0135,0.0,9.6114,0.0,0.0,1.0,0.0,0.0,0.0,-0.0577,-0.027,0.0,0.0,0.0
51.2137,0.04516515657732362,0.778916454366809,0.03424036058903046,-0.6245613368234681,0.0135,0.0,9.8331,0.0,0.0,1.0,0.0,0.0,0.0,0.0577,-0.027,0.0,0.0,0.0
51.2339,0.04516619477459888,0.7788123585487006,0.03411914713533509,-0.62469769394496,0.0135,0.0,9.6966,0.0,0.0,1.0,0.0,0.0,0.0,-0.0616,-0.027,0.0,0.0,0.0
51.254,0.04522707034633039,0.7788102113639025,0.03411905306888474,-0.6246959716541194,0.0135,0.0,9.7143,0.0,0.0,1.0,0.0,0.0,0.0,0.0616,-0.027,0.0,0.0,0.0
51.2741,0.045226466964996555,0.778615823305114,0.0342405964434619,-0.6249316346129069,0.0135,0.0,9.4606,0.0,0.0,1.0,0.0,0.0,0.0,-0.0539,-0.027,0.0,0.0,0.0
51.2942,0.04522600760613332,0.7786699136532854,0.034240248666540296,-0.6248642886086935,0.0135,0.0,9.755,0.0,0.0,1.0,0.0,0.0,0.0,0.0462,-0.027,0.0,0.0,0.0
51.3143,0.045227737447482375,0.7784546928625173,0.034241558315591336,-0.6251321929078885,0.0135,0.0,9.6014,0.0,0.0,1.0,0.0,0.0,0.0,-0.0346,-0.027,0.0,0.0,0.0
51.3344,0.04516634395453628,0.7785089285665847,0.03430226122146113,-0.6250657600532792,0.0135,0.0,9.6976,0.0,0.0,1.0,0.0,0.0,0.0,0.0231,-0.027,0.0,0.0,0.0
51.3545,0.04516527690905004,0.7783685384081681,0.03442344888449595,-0.625233990074882,0.0135,0.0,9.6488,0.0,0.0,1.0,0.0,0.0,0.0,-0.0077,-0.027,0.0,0.0,0.0
51.3746,0.04498204127967726,0.7784254091064303,0.03454526372291173,-0.6251696755074695,0.0135,0.0,9.589,0.0,0.0,1.0,0.0,0.0,0.0,-0.0038,-0.027,0.0,0.0,0.0
51.3947,0.0448611278350613,0.7783222178860241,0.034546098441631534,-0.6253067818573599,0.0135,0.0,9.4126,0.0,0.0,1.0,0.0,0.0,0.0,0.0154,-0.027,0.0,0.0,0.0
51.4148,0.04479964270364407,0.7783747921273464,0.034667723510043165,-0.6252390134508302,0.0135,0.0,9.7197,0.0,0.0,1.0,0.0,0.0,0.0,-0.0269,-0.027,0.0,0.0,0.0
51.4355,0.04486032947501973,0.7783693657541145,0.03478948000347621,-0.6252346546505705,0.0135,0.0,9.4648,0.0,0.0,1.0,0.0,0.0,0.0,0.0423,-0.027,0.0,0.0,0.0
51.4556,0.04479907128337246,0.7783648639424714,0.035033273735305126,-0.6252310385156454,0.0135,0.0,9.8201,0.0,0.0,1.0,0.0,0.0,0.0,-0.05,-0.027,0.0,0.0,0.0
51.4757,0.04467902160890202,0.778398798490505,0.03503480108881956,-0.6251972954590225,0.0135,0.0,9.6072,0.0,0.0,1.0,0.0,0.0,0.0,0.0577,-0.027,0.0,0.0,0.0
51.4957,0.04461685670717152,0.7783175003322887,0.0350338874841215,-0.6253029917582509,0.0135,0.0,9.7706,0.0,0.0,1.0,0.0,0.0,0.0,-0.0616,-0.027,0.0,0.0,0.0
51.5158,0.04461644009971527,0.77837123206976,0.035033560357115634,-0.6252361537912989,0.0135,0.0,9.8502,0.0,0.0,1.0,0.0,0.0,0.0,0.0616,-0.027,0.0,0.0,0.0
51.5359,0.04467796039173233,0.7782583100521336,0.03515596883324562,-0.6253654455959553,0.0135,0.0,9.6086,0.0,0.0,1.0,0.0,0.0,0.0,-0.0616,-0.027,0.0,0.0,0.0
51.556,0.044617950692054265,0.7783975856205446,0.035156749098546825,-0.6251963213015335,0.0135,0.0,9.7978,0.0,0.0,1.0,0.0,0.0,0.0,0.0539,-0.027,0.0,0.0,0.0
51.576,0.0446170819602717,0.7782604296415963,0.035156064580660173,-0.6253671487811211,0.0135,0.0,9.3453,0.0,0.0,1.0,0.0,0.0,0.0,-0.05,-0.027,0.0,0.0,0.0
51.5961,0.044554859297079474,0.7784220706736945,0.03521609839000933,-0.625166994342536,0.0135,0.0,9.658,0.0,0.0,1.0,0.0,0.0,0.0,0.0385,-0.027,0.0,0.0,0.0
51.6162,0.0445561073967895,0.7782608758981501,0.035217084886272176,-0.62536750736827,0.0135,0.0,9.3576,0.0,0.0,1.0,0.0,0.0,0.0,-0.0231,-0.027,0.0,0.0,0.0
51.6363,0.04443342329485461,0.7783708974585273,0.03527754212980799,-0.6252358850107587,0.0135,0.0,9.658,0.0,0.0,1.0,0.0,0.0,0.0,0.0154,-0.027,0.0,0.0,0.0
51.6563,0.044495228102012174,0.7782629897166844,0.035217180538680004,-0.6253692059162362,0.0135,0.0,9.5776,0.0,0.0,1.0,0.0,0.0,0.0,0.0,-0.027,0.0,0.0,0.0
51.6764,0.044433518828875085,0.7783725709938032,0.03521661863880121,-0.6252372292983122,0.0135,0.0,9.7934,0.0,0.0,1.0,0.0,0.0,0.0,-0.0115,-0.027,0.0,0.0,0.0
51.6965,0.044494492986850764,0.7783721304775344,0.03515559940320784,-0.6252368754482645,0.0135,0.0,9.6201,0.0,0.0,1.0,0.0,0.0,0.0,0.0308,-0.027,0.0,0.0,0.0
51.7165,0.04449458832135462,0.7783737982282128,0.035094675292458695,-0.6252382150892696,0.0135,0.0,9.8376,0.0,0.0,1.0,0.0,0.0,0.0,-0.0423,-0.027,0.0,0.0,0.0
51.7366,0.04461823701163353,0.7784025807058373,0.03497396963058619,-0.6252003332730598,0.0135,0.0,9.4034,0.0,0.0,1.0,0.0,0.0,0.0,0.05,-0.027,0.0,0.0,0.0
51.7567,0.04467750827925754,0.7783724332314945,0.03491161576268953,-0.6252371186390632,0.0135,0.0,9.5726,0.0,0.0,1.0,0.0,0.0,0.0,-0.0577,-0.027,0.0,0.0,0.0
51.7768,0.04480032348571161,0.778508621307968,0.034790251206873124,-0.6250655133549644,0.0135,0.0,9.4947,0.0,0.0,1.0,0.0,0.0,0.0,0.0577,-0.027,0.0,0.0,0.0
51.7968,0.044922498812492884,0.7784506437957931,0.03479038630707976,-0.6251289413352745,0.0135,0.0,9.3845,0.0,0.0,1.0,0.0,0.0,0.0,-0.0616,-0.027,0.0,0.0,0.0
51.8169,0.04498262943853848,0.7785575863367558,0.03472871390905469,-0.6249948513679959,0.0135,0.0,9.5867,0.0,0.0,1.0,0.0,0.0,0.0,0.0616,-0.027,0.0,0.0,0.0
51.837,0.04504486494155763,0.7783959465872166,0.034668665700069434,-0.6251950048565367,0.0135,0.0,9.3139,0.0,0.0,1.0,0.0,0.0,0.0,-0.0539,-0.027,0.0,0.0,0.0
51.857,0.04504369576507322,0.7785587414447757,0.03460676625836734,-0.6249957786424556,0.0135,0.0,9.8063,0.0,0.0,1.0,0.0,0.0,0.0,0.0462,-0.027,0.0,0.0,0.0
51.8771,0.04510369570281186,0.7784194898633917,0.0346059992725245,-0.6251649216399743,0.0135,0.0,9.5822,0.0,0.0,1.0,0.0,0.0,0.0,-0.0346,-0.027,0.0,0.0,0.0
51.8972,0.045043600594398714,0.7785570964651775,0.034667692598495226,-0.6249944581187108,0.0135,0.0,9.8063,0.0,0.0,1.0,0.0,0.0,0.0,0.0231,-0.027,0.0,0.0,0.0
51.9172,0.04492107101072718,0.7784259017793616,0.03460628432545838,-0.6251700711833723,0.0135,0.0,9.6769,0.0,0.0,1.0,0.0,0.0,0.0,-0.0077,-0.027,0.0,0.0,0.0
51.9373,0.044800418478833044,0.7785102720318524,0.03472932440516519,-0.6250668387231669,0.0135,0.0,9.658,0.0,0.0,1.0,0.0,0.0,0.0,-0.0038,-0.027,0.0,0.0,0.0
51.9574,0.0448006474983797,0.7784532508913763,0.034851503704598996,-0.6251310349437966,0.0135,0.0,9.5161,0.0,0.0,1.0,0.0,0.0,0.0,0.0231,-0.027,0.0,0.0,0.0
51.9774,0.04467767195975397,0.778558283532699,0.03509474232122223,-0.6249954110489784,0.0135,0.0,9.6769,0.0,0.0,1.0,0.0,0.0,0.0,-0.0346,-0.027,0.0,0.0,0.0
51.9975,0.044617854921360445,0.7783959148204385,0.03521767480479543,-0.6251949793419753,0.0135,0.0,9.6774,0.0,0.0,1.0,0.0,0.0,0.0,0.0462,-0.027,0.0,0.0,0.0
52.0176,0.04443409519824027,0.7785046679145621,0.03540007584322164,-0.6250623391706187,0.0135,0.0,9.695,0.0,0.0,1.0,0.0,0.0,0.0,-0.0539,-0.027,0.0,0.0,0.0
52.0377,0.044311695773491595,0.7783146564006133,0.03552175612172715,-0.6253007069336334,0.0135,0.0,9.5924,0.0,0.0,1.0,0.0,0.0,0.0,0.0577,-0.027,0.0,0.0,0.0
52.0578,0.044127960379772735,0.7783193011871076,0.03558296805188221,-0.6253044385712873,0.0135,0.0,9.6527,0.0,0.0,1.0,0.0,0.0,0.0,-0.0616,-0.027,0.0,0.0,0.0
52.0778,0.04412827466745989,0.7782638441448209,0.03564522186642527,-0.6253698924875524,0.0135,0.0,9.4934,0.0,0.0,1.0,0.0,0.0,0.0,0.0616,-0.027,0.0,0.0,0.0
52.0979,0.04406720086283555,0.778262547400765,0.03576716303040916,-0.6253688504955636,0.0135,0.0,9.755,0.0,0.0,1.0,0.0,0.0,0.0,-0.0577,-0.027,0.0,0.0,0.0
52.118,0.04406720086283555,0.778262547400765,0.03576716303040916,-0.6253688504955636,0.0135,0.0,9.4117,0.0,0.0,1.0,0.0,0.0,0.0,0.05,-0.027,0.0,0.0,0.0
52.138,0.044067611699910976,0.7782088022703458,0.03576749648650291,-0.6254356816356962,0.0135,0.0,9.8185,0.0,0.0,1.0,0.0,0.0,0.0,-0.0423,-0.027,0.0,0.0,0.0
52.1581,0.04412817863438384,0.7782621504672076,0.035706144541318874,-0.6253685315416535,0.0135,0.0,9.6469,0.0,0.0,1.0,0.0,0.0,0.0,0.0308,-0.027,0.0,0.0,0.0
52.1782,0.04418747031908937,0.7782320591790758,0.03564376608486153,-0.625405349730863,0.0135,0.0,9.7361,0.0,0.0,1.0,0.0,0.0,0.0,-0.0154,-0.027,0.0,0.0,0.0
52.1982,0.04431118592392108,0.7783667000055886,0.035582346288384414,-0.6252325133556629,0.0135,0.0,9.8053,0.0,0.0,1.0,0.0,0.0,0.0,0.0038,-0.027,0.0,0.0,0.0
52.2183,0.04443268418497493,0.7781749553805446,0.0354599499006032,-0.6254694775507855,0.0135,0.0,9.4612,0.0,0.0,1.0,0.0,0.0,0.0,0.0077,-0.027,0.0,0.0,0.0
52.2384,0.044434252772142024,0.7782634272897885,0.035278200686313044,-0.625369557525844,0.0135,0.0,9.7619,0.0,0.0,1.0,0.0,0.0,0.0,-0.0192,-0.027,0.0,0.0,0.0
52.2585,0.044434252772142024,0.7782634272897885,0.035278200686313044,-0.625369557525844,0.0135,0.0,9.7619,0.0,0.0,1.0,0.0,0.0,0.0,0.0346,-0.027,0.0,0.0,0.0
52.2785,0.04455652279014028,0.7782071308519964,0.035217413212594646,-0.6254343383398203,0.0135,0.0,9.3236,0.0,0.0,1.0,0.0,0.0,0.0,-0.0423,-0.027,0.0,0.0,0.0
52.2986,0.04461717755996624,0.7782620971970722,0.03509513966575572,-0.6253684887367114,0.0135,0.0,9.6823,0.0,0.0,1.0,0.0,0.0,0.0,0.0577,-0.027,0.0,0.0,0.0
52.3187,0.04455671390020638,0.7782104687070844,0.03509556231097388,-0.6254370209279203,0.0135,0.0,9.6159,0.0,0.0,1.0,0.0,0.0,0.0,-0.0616,-0.027,0.0,0.0,0.0
52.3387,0.044495193973238645,0.7783233930385679,0.03497315246266047,-0.6253077259790082,0.0135,0.0,9.7944,0.0,0.0,1.0,0.0,0.0,0.0,0.0577,-0.027,0.0,0.0,0.0
52.3588,0.04443335290268729,0.7781866670154709,0.03503348979593895,-0.6254788909482841,0.0135,0.0,9.4199,0.0,0.0,1.0,0.0,0.0,0.0,-0.0616,-0.027,0.0,0.0,0.0
52.3789,0.04437324432909656,0.7783242856291528,0.035095193242053624,-0.6253084430893943,0.0135,0.0,9.7076,0.0,0.0,1.0,0.0,0.0,0.0,0.0539,-0.027,0.0,0.0,0.0
52.3989,0.044311912383493746,0.7781354614180064,0.035094930607932895,-0.62554776312471,0.0135,0.0,9.3576,0.0,0.0,1.0,0.0,0.0,0.0,-0.0462,-0.027,0.0,0.0,0.0
52.419,0.04412913315258887,0.7782789847307988,0.03509590119629513,-0.6253820586272187,0.0135,0.0,9.6442,0.0,0.0,1.0,0.0,0.0,0.0,0.0385,-0.027,0.0,0.0,0.0
52.4391,0.04394521560898418,0.7782018181017247,0.035095172187901036,-0.6254910688549851,0.0135,0.0,9.4969,0.0,0.0,1.0,0.0,0.0,0.0,-0.0231,-0.027,0.0,0.0,0.0
52.4591,0.043883420607775225,0.7783097239869564,0.03515553584192299,-0.6253577434099431,0.0135,0.0,9.8376,0.0,0.0,1.0,0.0,0.0,0.0,0.0115,-0.027,0.0,0.0,0.0
52.4792,0.043823355737249214,0.7782043170941253,0.03515628538207649,-0.6254930774565988,0.0135,0.0,9.3236,0.0,0.0,1.0,0.0,0.0,0.0,0.0077,-0.027,0.0,0.0,0.0
52.4993,0.04376174994552823,0.7783155527079089,0.03509479946845012,-0.6253624266814859,0.0135,0.0,9.6387,0.0,0.0,1.0,0.0,0.0,0.0,-0.0192,-0.027,0.0,0.0,0.0
52.5194,0.043761397044987216,0.7781262787897074,0.03503351729980553,-0.6256013803143003,0.0135,0.0,9.4606,0.0,0.0,1.0,0.0,0.0,0.0,0.0346,-0.027,0.0,0.0,0.0
52.5395,0.04376225169471942,0.7782634761135374,0.03503420149611092,-0.6254305971087533,0.0135,0.0,9.7197,0.0,0.0,1.0,0.0,0.0,0.0,-0.0423,-0.027,0.0,0.0,0.0
52.5596,0.043883441355806026,0.7781270943004929,0.034850556346075985,-0.6256020359722406,0.0135,0.0,9.6646,0.0,0.0,1.0,0.0,0.0,0.0,0.0577,-0.027,0.0,0.0,0.0
52.5797,0.0438832191598722,0.7781841533081352,0.03472838205731499,-0.6255378694339366,0.0135,0.0,9.8859,0.0,0.0,1.0,0.0,0.0,0.0,-0.0616,-0.027,0.0,0.0,0.0
52.5997,0.04400775840850901,0.7781070906571622,0.034547380402225936,-0.6256349983626628,0.0135,0.0,9.5924,0.0,0.0,1.0,0.0,0.0,0.0,0.0577,-0.027,0.0,0.0,0.0
52.6198,0.04400635632482631,0.7780823002271412,0.034363278243648994,-0.6256760661753037,0.0135,0.0,9.695,0.0,0.0,1.0,0.0,0.0,0.0,-0.0616,-0.027,0.0,0.0,0.0
52.6399,0.044068107800177336,0.7780345585166903,0.034058856183957265,-0.625747730274822,0.0135,0.0,9.4004,0.0,0.0,1.0,0.0,0.0,0.0,0.0539,-0.027,0.0,0.0,0.0
52.6599,0.044067307260304944,0.777898423914503,0.0339972370465107,-0.6259203642440158,0.0135,0.0,9.4451,0.0,0.0,1.0,0.0,0.0,0.0,-0.0462,-0.027,0.0,0.0,0.0
52.68,0.044189253164248765,0.7778974566452488,0.033875194074066584,-0.6259195859502111,0.0135,0.0,9.477,0.0,0.0,1.0,0.0,0.0,0.0,0.0385,-0.027,0.0,0.0,0.0
52.7001,0.044251046829439145,0.7777893998549079,0.03381379991963468,-0.6260528102826756,0.0135,0.0,9.3189,0.0,0.0,1.0,0.0,0.0,0.0,-0.0231,-0.027,0.0,0.0,0.0
52.7202,0.04424862866814838,0.7778688926678407,0.03375095400694561,-0.625957600628283,0.0135,0.0,9.6108,0.0,0.0,1.0,0.0,0.0,0.0,0.0115,-0.027,0.0,0.0,0.0
52.7402,0.04431173544758771,0.7777053568997885,0.033751798493116714,-0.6261562616867103,0.0135,0.0,9.348,0.0,0.0,1.0,0.0,0.0,0.0,-0.0038,-0.027,0.0,0.0,0.0
52.7603,0.04431050510340567,0.7778667572306266,0.033750861352458694,-0.6259558822241051,0.0135,0.0,9.8036,0.0,0.0,1.0,0.0,0.0,0.0,-0.0115,-0.027,0.0,0.0,0.0
52.7804,0.04431342796231469,0.7777350618471696,0.03375308766438101,-0.6261191761549305,0.0135,0.0,9.6486,0.0,0.0,1.0,0.0,0.0,0.0,0.0269,-0.027,0.0,0.0,0.0
52.8004,0.04431041379775075,0.7778651543684266,0.03381178962229986,-0.6259545923874936,0.0135,0.0,9.7594,0.0,0.0,1.0,0.0,0.0,0.0,-0.0385,-0.027,0.0,0.0,0.0
52.8205,0.04437202016577191,0.7777538254423316,0.03387425198015748,-0.6260851746280311,0.0135,0.0,9.6959,0.0,0.0,1.0,0.0,0.0,0.0,0.0462,-0.027,0.0,0.0,0.0
52.8406,0.044372800905679355,0.7778895097226152,0.03393584773477426,-0.625913191618308,0.0135,0.0,9.6286,0.0,0.0,1.0,0.0,0.0,0.0,-0.0539,-0.027,0.0,0.0,0.0
52.8606,0.04449538348498161,0.777777703303689,0.033936292481095476,-0.6260433955763777,0.0135,0.0,9.5071,0.0,0.0,1.0,0.0,0.0,0.0,0.0616,-0.027,0.0,0.0,0.0
52.8807,0.04449538348498161,0.777777703303689,0.033936292481095476,-0.6260433955763777,0.0135,0.0,9.6687,0.0,0.0,1.0,0.0,0.0,0.0,-0.0616,-0.027,0.0,0.0,0.0
52.9008,0.04467802051469971,0.7777713571274116,0.03393601558231918,-0.6260382874565014,0.0135,0.0,9.5728,0.0,0.0,1.0,0.0,0.0,0.0,0.0577,-0.027,0.0,0.0,0.0
52.9208,0.04473931245780971,0.7777154315376555,0.033936237009504766,-0.6261033726842841,0.0135,0.0,9.8306,0.0,0.0,1.0,0.0,0.0,0.0,-0.0539,-0.027,0.0,0.0,0.0
52.9409,0.04486074584595512,0.777766593641567,0.033874808085680885,-0.6260344532647518,0.0135,0.0,9.7365,0.0,0.0,1.0,0.0,0.0,0.0,0.0462,-0.027,0.0,0.0,0.0
52.961,0.04498323762039691,0.7776531078910706,0.03393617926518444,-0.6261633076581757,0.0135,0.0,9.7385,0.0,0.0,1.0,0.0,0.0,0.0,-0.0346,-0.027,0.0,0.0,0.0
52.9811,0.045105785072931066,0.7777845374561296,0.03399759173316586,-0.6259878954128859,0.0135,0.0,9.757,0.0,0.0,1.0,0.0,0.0,0.0,0.0192,-0.027,0.0,0.0,0.0
53.0011,0.045226229364303205,0.7776967483784527,0.033996420715462494,-0.6260883317213367,0.0135,0.0,9.5138,0.0,0.0,1.0,0.0,0.0,0.0,-0.0077,-0.027,0.0,0.0,0.0
53.0212,0.045226229364303205,0.7776967483784527,0.033996420715462494,-0.6260883317213367,0.0135,0.0,9.5138,0.0,0.0,1.0,0.0,0.0,0.0,-0.0038,-0.027,0.0,0.0,0.0
53.0413,0.045350222003161134,0.7776699550273717,0.03393691446116298,-0.6261158712641338,0.0135,0.0,9.4717,0.0,0.0,1.0,0.0,0.0,0.0,0.0154,-0.027,0.0,0.0,0.0
53.0613,0.04534797674100228,0.7776924516801899,0.03399623288857229,-0.6260848726447071,0.0135,0.0,9.8159,0.0,0.0,1.0,0.0,0.0,0.0,-0.0269,-0.027,0.0,0.0,0.0
53.0814,0.04553158397071161,0.7778248928908582,0.03393568992423068,-0.6259102809587087,0.0135,0.0,9.7501,0.0,0.0,1.0,0.0,0.0,0.0,0.0462,-0.027,0.0,0.0,0.0
53.1015,0.04565375180902919,0.777766771767215,0.03393581551213958,-0.6259735969720212,0.0135,0.0,9.6796,0.0,0.0,1.0,0.0,0.0,0.0,-0.0539,-0.027,0.0,0.0,0.0
53.1215,0.045776518282408085,0.7779018074156163,0.0338753835375869,-0.625800085317699,0.0135,0.0,9.8036,0.0,0.0,1.0,0.0,0.0,0.0,0.0577,-0.027,0.0,0.0,0.0
53.1416,0.04589785388631946,0.7777075242043124,0.03381289235823188,-0.6260360070435244,0.0135,0.0,9.4463,0.0,0.0,1.0,0.0,0.0,0.0,-0.0616,-0.027,0.0,0.0,0.0
53.1617,0.04602171643801612,0.7778441090027377,0.033691524489107345,-0.6258637430650829,0.0135,0.0,9.6631,0.0,0.0,1.0,0.0,0.0,0.0,0.0577,-0.027,0.0,0.0,0.0
53.1817,0.04614209578758666,0.7777557588974928,0.03369033979540953,-0.6259647334335892,0.0135,0.0,9.382,0.0,0.0,1.0,0.0,0.0,0.0,-0.0577,-0.027,0.0,0.0,0.0
53.2018,0.04614250775682144,0.777945700961149,0.03375163994123148,-0.6257253248313159,0.0135,0.0,9.6103,0.0,0.0,1.0,0.0,0.0,0.0,0.05,-0.027,0.0,0.0,0.0
53.2219,0.04614303095672384,0.7778935218780483,0.03369102260284318,-0.6257934198361852,0.0135,0.0,9.5933,0.0,0.0,1.0,0.0,0.0,0.0,-0.0346,-0.027,0.0,0.0,0.0
53.242,0.04614174510449853,0.7780548396057433,0.03369008374651983,-0.6255929860396017,0.0135,0.0,9.7307,0.0,0.0,1.0,0.0,0.0,0.0,0.0231,-0.027,0.0,0.0,0.0
53.262,0.04608216053893721,0.7778957099977334,0.03369111737158431,-0.6257951801168177,0.0135,0.0,9.3189,0.0,0.0,1.0,0.0,0.0,0.0,-0.0077,-0.027,0.0,0.0,0.0
53.2821,0.045897174827068454,0.7780620114328756,0.033751393192801904,-0.6255987525287006,0.0135,0.0,9.7694,0.0,0.0,1.0,0.0,0.0,0.0,-0.0038,-0.027,0.0,0.0,0.0
53.3022,0.045836965435870076,0.7779534133712248,0.03387497445600946,-0.6257315281566816,0.0135,0.0,9.644,0.0,0.0,1.0,0.0,0.0,0.0,0.0231,-0.027,0.0,0.0,0.0
53.3222,0.04565331023845421,0.7780642444713594,0.03399648635775027,-0.6256005479975314,0.0135,0.0,9.8277,0.0,0.0,1.0,0.0,0.0,0.0,-0.0346,-0.027,0.0,0.0,0.0
53.3423,0.045654911175656794,0.7778475241946703,0.034058679739355176,-0.6258664909740551,0.0135,0.0,9.9159,0.0,0.0,1.0,0.0,0.0,0.0,0.0462,-0.027,0.0,0.0,0.0
53.3624,0.04559301711211122,0.7777102918926148,0.03411901280565266,-0.6260382349665925,0.0135,0.0,9.8485,0.0,0.0,1.0,0.0,0.0,0.0,-0.0539,-0.027,0.0,0.0,0.0
53.3824,0.045592728794488224,0.7775223749565082,0.03399679777216291,-0.626278274622633,0.0135,0.0,9.548,0.0,0.0,1.0,0.0,0.0,0.0,0.0539,-0.027,0.0,0.0,0.0
53.4025,0.045593044457548526,0.7772837579254868,0.0337520329114378,-0.6265876109824311,0.0135,0.0,9.6546,0.0,0.0,1.0,0.0,0.0,0.0,-0.0616,-0.027,0.0,0.0,0.0
53.4226,0.045836279481923925,0.7771487836998825,0.033324476159764416,-0.6267601477165932,0.0135,0.0,9.2185,0.0,0.0,1.0,0.0,0.0,0.0,0.0577,-0.027,0.0,0.0,0.0
53.4427,0.04620380785722106,0.7770357686253833,0.033019862683868084,-0.6268893930228774,0.0135,0.0,9.1296,0.0,0.0,1.0,0.0,0.0,0.0,-0.0577,-0.027,0.0,0.0,0.0
53.4628,0.04656881434118094,0.7771412137042405,0.03259217019158495,-0.6267540426158891,0.0135,0.0,9.3421,0.0,0.0,1.0,0.0,0.0,0.0,0.05,-0.027,0.0,0.0,0.0
53.4829,0.04681504930028169,0.7771174181067393,0.03222772234374733,-0.6267840485738786,0.0135,0.0,9.1274,0.0,0.0,1.0,0.0,0.0,0.0,-0.0385,-0.027,0.0,0.0,0.0
53.503,0.04699777151679152,0.7771737581071401,0.03186052302327774,-0.6267192882421629,0.0135,0.0,9.5635,0.0,0.0,1.0,0.0,0.0,0.0,0.0269,-0.027,0.0,0.0,0.0
53.523,0.04711737755317047,0.7769512463445168,0.0317369071665895,-0.6269924100495263,0.0135,0.0,9.3226,0.0,0.0,1.0,0.0,0.0,0.0,-0.0077,-0.027,0.0,0.0,0.0
53.5431,0.0472405670045134,0.7770318779157956,0.03167670965902464,-0.626886254113872,0.0135,0.0,9.7248,0.0,0.0,1.0,0.0,0.0,0.0,-0.0038,-0.027,0.0,0.0,0.0
53.5632,0.047485447710795436,0.7768623245523856,0.031616298090439476,-0.6270809123564723,0.0135,0.0,9.7719,0.0,0.0,1.0,0.0,0.0,0.0,0.0154,-0.027,0.0,0.0,0.0
53.5832,0.04760717270592485,0.7768578182296983,0.03161611469469877,-0.6270772748664657,0.0135,0.0,9.7978,0.0,0.0,1.0,0.0,0.0,0.0,-0.0269,-0.027,0.0,0.0,0.0
53.6033,0.04766881274466972,0.7767462433835175,0.031677540096351986,-0.6272076937781863,0.0135,0.0,9.6843,0.0,0.0,1.0,0.0,0.0,0.0,0.0423,-0.0135,0.0,0.0,0.0
53.6234,0.0474244655912176,0.7768016262749727,0.03198231398739726,-0.6271421569883152,0.0135,0.0,9.5572,0.0,0.0,1.0,0.0,0.0,0.0,-0.05,-0.0135,0.0,0.0,0.0
53.6434,0.047180357594684585,0.7767998876092714,0.032410245647387315,-0.6271407532958906,0.0135,0.0,9.4212,0.0,0.0,1.0,0.0,0.0,0.0,0.0616,-0.0135,0.0,0.0,0.0
53.6635,0.046631009583256285,0.7768551596534624,0.033142006811097476,-0.6270751288717908,0.0135,0.0,9.7047,0.0,0.0,1.0,0.0,0.0,0.0,-0.0616,-0.0135,0.0,0.0,0.0
53.6836,0.04608169008375057,0.7769117749836647,0.03381277259671589,-0.6270097831294816,0.0135,0.0,9.557,0.0,0.0,1.0,0.0,0.0,0.0,0.0577,-0.0135,0.0,0.0,0.0
53.7036,0.04540924965844512,0.7769651614428394,0.03472842614816429,-0.6269426404120485,0.0135,0.0,9.7875,0.0,0.0,1.0,0.0,0.0,0.0,-0.0577,-0.0135,0.0,0.0,0.0
53.7237,0.045044599385355044,0.7768043365364417,0.035156467809065506,-0.627144345087781,0.0135,0.0,9.506,0.0,0.0,1.0,0.0,0.0,0.0,0.05,-0.0135,0.0,0.0,0.0
53.7438,0.04461635681670856,0.7767828020054746,0.03539948968580331,-0.627187958544257,0.0135,0.0,9.6813,0.0,0.0,1.0,0.0,0.0,0.0,-0.0423,-0.0135,0.0,0.0,0.0
53.7638,0.04431248241981572,0.7766804555416855,0.035583387388163794,-0.627325829552185,0.0135,0.0,9.6561,0.0,0.0,1.0,0.0,0.0,0.0,0.0308,-0.0135,0.0,0.0,0.0
53.7839,0.04406816498717436,0.7766315310516827,0.03570694394971413,-0.6273965858727273,0.0135,0.0,9.9443,0.0,0.0,1.0,0.0,0.0,0.0,-0.0154,-0.0135,0.0,0.0,0.0
53.804,0.043882924187360506,0.7764699644362263,0.03570512467035597,-0.6276096138249049,0.0135,0.0,9.8708,0.0,0.0,1.0,0.0,0.0,0.0,0.0038,-0.0135,0.0,0.0,0.0
53.824,0.043701672919803924,0.7762569528302147,0.035828551689223165,-0.6278786680964827,0.0135,0.0,9.8445,0.0,0.0,1.0,0.0,0.0,0.0,0.0077,-0.0135,0.0,0.0,0.0
53.8441,0.04345549248845337,0.7760960765035753,0.035887755020321266,-0.6280912109303425,0.0135,0.0,9.7679,0.0,0.0,1.0,0.0,0.0,0.0,-0.0192,-0.0135,0.0,0.0,0.0
53.8642,0.043213809883714926,0.7758325401236653,0.03595067376297767,-0.6284297776017488,0.0135,0.0,9.5544,0.0,0.0,1.0,0.0,0.0,0.0,0.0385,-0.0135,0.0,0.0,0.0
53.8842,0.04309135331137559,0.7759463620809157,0.03588929426079607,-0.6283011515194357,0.0135,0.0,9.7047,0.0,0.0,1.0,0.0,0.0,0.0,-0.05,-0.0135,0.0,0.0,0.0
53.9043,0.04308998404137471,0.7759217056244764,0.03570515815788283,-0.6283421851961224,0.0135,0.0,9.4439,0.0,0.0,1.0,0.0,0.0,0.0,0.0539,-0.0135,0.0,0.0,0.0
53.9244,0.04315124865380643,0.7761704853797298,0.03552138150446138,-0.6280410645977115,0.0135,0.0,9.6207,0.0,0.0,1.0,0.0,0.0,0.0,-0.0616,-0.0135,0.0,0.0,0.0
53.9444,0.043273968944230974,0.776122443012048,0.0351559747701481,-0.6281125492320504,0.0135,0.0,9.4863,0.0,0.0,1.0,0.0,0.0,0.0,0.0616,-0.0135,0.0,0.0,0.0
53.9645,0.043395902934843356,0.7761822638855771,0.03478992218414623,-0.6280505952169388,0.0135,0.0,9.6164,0.0,0.0,1.0,0.0,0.0,0.0,-0.0577,-0.0135,0.0,0.0,0.0
53.9846,0.04364126490376974,0.7760234923599962,0.03436399601027129,-0.6282532093680062,0.0135,0.0,9.6098,0.0,0.0,1.0,0.0,0.0,0.0,0.0539,-0.0135,0.0,0.0,0.0
54.0046,0.04382437676619688,0.7760253792516618,0.03405906998387015,-0.6282547369580294,0.0135,0.0,9.8126,0.0,0.0,1.0,0.0,0.0,0.0,-0.0423,-0.0135,0.0,0.0,0.0
54.0247,0.04394513004044592,0.7759422961334309,0.03387510024166829,-0.6283588594111842,0.0135,0.0,9.6114,0.0,0.0,1.0,0.0,0.0,0.0,0.0308,-0.0135,0.0,0.0,0.0
54.0448,0.04382357723255692,0.7758892198073846,0.03399744780538172,-0.6284262774645493,0.0135,0.0,9.828,0.0,0.0,1.0,0.0,0.0,0.0,-0.0154,-0.0135,0.0,0.0,0.0
54.0648,0.043578578681592546,0.7758104994514731,0.034118670140142145,-0.6285339233238064,0.0135,0.0,9.4553,0.0,0.0,1.0,0.0,0.0,0.0,0.0038,-0.0135,0.0,0.0,0.0
54.0849,0.04315086910896643,0.7756756712168349,0.034545094647718766,-0.628706522960621,0.0135,0.0,9.7679,0.0,0.0,1.0,0.0,0.0,0.0,0.0077,-0.0135,0.0,0.0,0.0
54.105,0.04315086910896643,0.7756756712168349,0.034545094647718766,-0.628706522960621,0.0135,0.0,9.7679,0.0,0.0,1.0,0.0,0.0,0.0,-0.0192,-0.0135,0.0,0.0,0.0
54.125,0.04290849920130613,0.77546102178268,0.03479040475467149,-0.6289743175432997,0.0135,0.0,9.5019,0.0,0.0,1.0,0.0,0.0,0.0,0.0385,-0.0135,0.0,0.0,0.0
54.1451,0.043090167257557266,0.7753760154093572,0.034606331212603314,-0.6290768427256146,0.0135,0.0,9.7514,0.0,0.0,1.0,0.0,0.0,0.0,-0.05,-0.0135,0.0,0.0,0.0
54.1652,0.04315298099610826,0.775408627353388,0.03442478257809689,-0.6290423000097329,0.0135,0.0,9.4638,0.0,0.0,1.0,0.0,0.0,0.0,0.0539,-0.0135,0.0,0.0,0.0
54.1852,0.04297013130264493,0.7757164227916984,0.03436390472091028,-0.6286785516298585,0.0135,0.0,9.7803,0.0,0.0,1.0,0.0,0.0,0.0,-0.0616,-0.0135,0.0,0.0,0.0
54.2053,0.04321202613542641,0.7756785186204553,0.034362225582386385,-0.6287088308597808,0.0135,0.0,9.5728,0.0,0.0,1.0,0.0,0.0,0.0,0.0577,-0.0135,0.0,0.0,0.0
54.2254,0.04321290752745849,0.7758163398083406,0.03436292646578715,-0.6285386549720866,0.0135,0.0,9.6307,0.0,0.0,1.0,0.0,0.0,0.0,-0.0616,-0.0135,0.0,0.0,0.0
54.2454,0.04309016532568444,0.7756809747388578,0.034423333205805484,-0.6287108216114804,0.0135,0.0,9.4853,0.0,0.0,1.0,0.0,0.0,0.0,0.0539,0.0,0.0,0.0,0.0
54.2655,0.042968302945248164,0.7756834164494695,0.03448444057499333,-0.6287128006852684,0.027,0.0,9.6493,0.0,0.0,1.0,0.0,0.0,0.0,-0.05,0.0,0.0,0.0,0.0
54.2856,0.042968212481048935,0.7756817833484552,0.03454536685448401,-0.6287114770118588,0.027,0.0,9.4883,0.0,0.0,1.0,0.0,0.0,0.0,0.0385,0.0,0.0,0.0,0.0
54.3056,0.04290879035827688,0.7757102881922704,0.03466863857883723,-0.6286735798502624,0.0406,0.0,9.6408,0.0,0.0,1.0,0.0,0.0,0.0,0.0115,0.0,0.0,0.0,0.0
54.3257,0.04284771975842122,0.775709030404188,0.03479058441420585,-0.6286725604772458,0.027,0.0,9.0957,0.0,0.0,1.0,0.0,0.0,0.0,0.0077,0.0,0.0,0.0,0.0
54.3458,0.04266355513014619,0.7758099103215762,0.035277632146102134,-0.6285334460318315,0.027,0.0,9.5971,0.0,0.0,1.0,0.0,0.0,0.0,-0.0192,0.0,0.0,0.0,0.0
54.3659,0.04229685980375869,0.7760594276904891,0.035582882057761944,-0.628232917672988,0.027,0.0,9.669,0.0,0.0,1.0,0.0,0.0,0.0,0.0308,0.0135,0.0,0.0,0.0
54.3859,0.041991654429989034,0.7761166129540478,0.03582770515616435,-0.6281688304892343,0.027,0.0,9.5769,0.0,0.0,1.0,0.0,0.0,0.0,-0.0423,0.0135,0.0,0.0,0.0
54.406,0.041991654429989034,0.7761166129540478,0.03582770515616435,-0.6281688304892343,0.027,0.0,9.5769,0.0,0.0,1.0,0.0,0.0,0.0,-0.0423,0.0135,0.0,0.0,0.0
54.4261,0.04150433139844695,0.7760681966495169,0.0361942889995035,-0.6282400162900763,0.027,0.0,8.5852,0.0,0.0,1.0,0.0,0.0,0.0,-0.0577,0.027,0.0,0.0,0.0
54.4461,0.041078153888835456,0.7759617968328503,0.036622028715900645,-0.6283746510973778,0.027,0.0,9.2194,0.0,0.0,1.0,0.0,0.0,0.0,0.0577,0.0406,0.0,0.0,0.0
54.4662,0.041198741863417376,0.7758741386501224,0.03662077054734858,-0.6284750622000213,0.027,0.0,9.6952,0.0,0.0,1.0,0.0,0.0,0.0,-0.0616,0.0406,0.0,0.0,0.0
54.4863,0.041137373596396354,0.7757451876372132,0.03637644609159707,-0.6286524274358928,0.0406,0.0,10.2433,0.0,0.0,1.0,0.0,0.0,0.0,0.0577,0.027,0.0,0.0,0.0
54.5063,0.04095550367805878,0.7760105435155012,0.03588944137472494,-0.6283647277410336,0.0406,0.0,10.0006,0.0,0.0,1.0,0.0,0.0,0.0,-0.0462,0.027,0.0,0.0,0.0
54.5264,0.041015011578144245,0.7762262937018861,0.03582713660088155,-0.6280978634528697,0.027,0.0,10.204,0.0,0.0,1.0,0.0,0.0,0.0,0.0346,0.027,0.0,0.0,0.0
54.5465,0.04132143996727117,0.7767412703007768,0.03570638018129735,-0.6274476807072569,0.027,0.0,9.8968,0.0,0.0,1.0,0.0,0.0,0.0,-0.0154,0.0406,0.0,0.0,0.0
54.5666,0.04168595780065787,0.7766525827464819,0.03546011345429351,-0.6275473105585503,0.027,0.0,11.0023,0.0,0.0,1.0,0.0,0.0,0.0,0.0038,0.0135,0.0,0.0,0.0
54.5866,0.04217598202065481,0.7765680815207942,0.03509581716692084,-0.6276396138876934,0.0406,0.0,8.4861,0.0,0.0,1.0,0.0,0.0,0.0,0.0077,0.0,0.0,0.0,0.0
54.6067,0.04272561009949288,0.776378086275318,0.03436349069277639,-0.6278779657708244,0.027,0.0,10.0539,0.0,0.0,1.0,0.0,0.0,0.0,-0.0192,0.0135,0.0,0.0,0.0
54.6268,0.04315158241891448,0.7764814859306752,0.03399667101167597,-0.627740925304188,0.027,0.0,9.5726,0.0,0.0,1.0,0.0,0.0,0.0,0.0346,0.0,0.0,0.0,0.0
54.6468,0.04339623167296346,0.776432145022022,0.033508178885096766,-0.627811351602448,0.027,0.0,9.4385,0.0,0.0,1.0,0.0,0.0,0.0,-0.0423,0.0,0.0,0.0,0.0
54.6669,0.04357902212649145,0.7764893942490014,0.03314201682728346,-0.6277473187277965,0.027,0.0,9.6783,0.0,0.0,1.0,0.0,0.0,0.0,0.05,0.0,0.0,0.0,0.0
54.687,0.04388418394862231,0.7761872535315248,0.032837137642897585,-0.6281156328621135,0.027,0.0,9.6737,0.0,0.0,1.0,0.0,0.0,0.0,-0.0577,0.0,0.0,0.0,0.0
54.707,0.04431235256760636,0.7758851732668767,0.03234925738421885,-0.62848400048151,0.027,0.0,9.5124,0.0,0.0,1.0,0.0,0.0,0.0,0.0654,0.0,0.0,0.0,0.0
54.7271,0.044920951315607305,0.7752509016851337,0.03167626051432482,-0.6292573099210821,0.0406,0.0,9.241,0.0,0.0,1.0,0.0,0.0,0.0,-0.0616,0.0,0.0,0.0,0.0
54.7472,0.045288190924342386,0.7750882675895148,0.03112813122886715,-0.6294586536493749,0.027,0.0,9.9498,0.0,0.0,1.0,0.0,0.0,0.0,0.0539,0.027,0.0,0.0,0.0
54.7672,0.04510414588427236,0.775009324017565,0.03118840939994616,-0.6295660782070368,0.0541,0.0,9.5645,0.0,0.0,1.0,0.0,0.0,0.0,-0.05,0.027,0.0,0.0,0.0
54.7873,0.044556488858521266,0.7751545047294942,0.03167734755299812,-0.629401905581942,0.0406,0.0,10.2067,0.0,0.0,1.0,0.0,0.0,0.0,0.0385,0.027,0.0,0.0,0.0
54.8074,0.04443293054349079,0.7753113390260769,0.03210322730720244,-0.6291958558806401,0.0811,0.0,8.815,0.0,0.0,1.0,0.0,0.0,0.0,-0.0231,0.0135,0.0,0.0,0.0
54.8274,0.044249647359305366,0.7752018221494326,0.0324097417155953,-0.6293279846683326,0.0947,0.0,9.7292,0.0,0.0,1.0,0.0,0.0,0.0,0.0115,-0.0135,0.0,0.0,0.0
54.8475,0.04406663879405043,0.7753846443179157,0.0330197293434894,-0.6290838435180615,0.0406,0.0,6.5615,0.0,0.0,1.0,0.0,0.0,0.0,0.0077,0.0406,0.0,0.0,0.0
54.8676,0.0432134421454784,0.7751539311156129,0.03350834284615023,-0.629401439824899,0.027,0.0,11.8896,0.0,0.0,1.0,0.0,0.0,0.0,-0.0192,0.0135,0.0,0.0,0.0
54.8876,0.04229694484898616,0.775206989207103,0.03472895471689358,-0.6293321794133623,0.0541,0.0,9.6729,0.0,0.0,1.0,0.0,0.0,0.0,0.0346,-0.0135,0.0,0.0,0.0
54.9077,0.042725352484992485,0.7752143955339043,0.03503428903356898,-0.6292771915491209,0.027,0.0,9.1215,0.0,0.0,1.0,0.0,0.0,0.0,-0.0423,0.0,0.0,0.0,0.0
54.9278,0.04333629423131807,0.7754141576166138,0.035096048137720326,-0.6289857845572733,0.027,0.0,11.8918,0.0,0.0,1.0,0.0,0.0,0.0,0.05,0.027,0.0,0.0,0.0
54.9478,0.04297030130255192,0.7754754843181472,0.035279068383053676,-0.6289250462189647,0.027,0.0,10.0626,0.0,0.0,1.0,0.0,0.0,0.0,-0.0577,0.027,0.0,0.0,0.0
54.9679,0.04284620379641407,0.7755595879104744,0.03521634558074832,-0.6288333144994058,0.027,0.0,9.4861,0.0,0.0,1.0,0.0,0.0,0.0,0.0654,0.0135,0.0,0.0,0.0
54.988,0.043335113139894355,0.7756370250435449,0.0348510909896958,-0.6287246414827241,0.027,0.0,9.4888,0.0,0.0,1.0,0.0,0.0,0.0,-0.0616,0.027,0.0,0.0,0.0
55.008,0.043884095296566665,0.7758806848647546,0.03424107435625167,-0.6284193646449246,0.0406,0.0,9.8314,0.0,0.0,1.0,0.0,0.0,0.0,0.0539,0.027,0.0,0.0,0.0
55.0281,0.044371847642272255,0.7757978521653348,0.03356812821994093,-0.6285236769448499,0.027,0.0,9.9593,0.0,0.0,1.0,0.0,0.0,0.0,-0.0462,0.027,0.0,0.0,0.0
55.0482,0.044371847642272255,0.7757978521653348,0.03356812821994093,-0.6285236769448499,0.027,0.0,9.9593,0.0,0.0,1.0,0.0,0.0,0.0,0.0346,0.027,0.0,0.0,0.0
55.0682,0.044738877478680605,0.775876875193482,0.0332639089038832,-0.6284162790271905,0.0406,0.0,9.2803,0.0,0.0,1.0,0.0,0.0,0.0,-0.0269,0.0135,0.0,0.0,0.0
55.0883,0.04510385280161133,0.7757372694339791,0.03283616482533014,-0.6285850121925661,0.027,0.0,10.1456,0.0,0.0,1.0,0.0,0.0,0.0,0.0154,0.027,0.0,0.0,0.0
55.1084,0.044981832040775216,0.7757368578897728,0.033019142653589295,-0.6285846787155888,0.0676,0.0,9.1183,0.0,0.0,1.0,0.0,0.0,0.0,0.0,-0.0135,0.0,0.0,0.0
55.1285,0.044678762524448634,0.7758312409730233,0.03302056355605215,-0.6284897263217464,0.027,0.0,11.5243,0.0,0.0,1.0,0.0,0.0,0.0,-0.0115,0.0135,0.0,0.0,0.0
55.1485,0.04510668830892578,0.7760300462124986,0.03332624737601053,-0.6281975129535788,0.0,0.0,9.7107,0.0,0.0,1.0,0.0,0.0,0.0,0.0308,0.0,0.0,0.0,0.0
55.1686,0.045166187743902304,0.7758822251372971,0.033630139791600684,-0.6283596119247933,-0.0135,0.0,9.2638,0.0,0.0,1.0,0.0,0.0,0.0,-0.0423,0.0,0.0,0.0,0.0
55.1887,0.04522757867116839,0.7755229225465725,0.03375243185064841,-0.6287920451759339,-0.0135,0.0,9.4437,0.0,0.0,1.0,0.0,0.0,0.0,0.0577,0.0,0.0,0.0,0.0
55.2088,0.04522804875578945,0.7752259760735402,0.033630779836319014,-0.6291645891769276,-0.0135,0.0,9.3638,0.0,0.0,1.0,0.0,0.0,0.0,-0.0616,0.0,0.0,0.0,0.0
55.2288,0.04547211234007136,0.7749209561378907,0.03344781820145531,-0.6295323996389951,0.0,0.0,9.8135,0.0,0.0,1.0,0.0,0.0,0.0,0.0577,0.0,0.0,0.0,0.0
55.2489,0.045714815783652274,0.7748378776467446,0.03308086669449867,-0.6296364627628359,0.0,0.0,9.5176,0.0,0.0,1.0,0.0,0.0,0.0,-0.0577,0.0,0.0,0.0,0.0
55.269,0.04608159292735131,0.7748341553192544,0.03271471100686407,-0.6296334379841282,0.0,0.0,9.8666,0.0,0.0,1.0,0.0,0.0,0.0,0.0539,0.0,0.0,0.0,0.0
55.289,0.04620291270983057,0.7751897575093585,0.03253123444455497,-0.6291961931665061,0.0,0.0,9.5292,0.0,0.0,1.0,0.0,0.0,0.0,-0.05,0.0,0.0,0.0,0.0
55.3091,0.046144350499012554,0.7754136939032978,0.032532952136486326,-0.6289244066257504,0.0,0.0,9.4947,0.0,0.0,1.0,0.0,0.0,0.0,0.0385,0.0,0.0,0.0,0.0
55.3292,0.046144192425176145,0.7756550439221876,0.03271584541944922,-0.6286172442766651,0.0,0.0,9.577,0.0,0.0,1.0,0.0,0.0,0.0,-0.0231,0.0,0.0,0.0,0.0
55.3492,0.04614439499812507,0.7753534398261124,0.03277699088612696,-0.6289860149705422,0.0,0.0,9.3498,0.0,0.0,1.0,0.0,0.0,0.0,0.0115,0.0,0.0,0.0,0.0
55.3693,0.04601943661120433,0.7752426631783689,0.03283588448756263,-0.6291286270167785,0.0,0.0,9.3339,0.0,0.0,1.0,0.0,0.0,0.0,0.0,0.0,0.0,0.0,0.0
55.3894,0.046022467951009505,0.7751097232091476,0.032838047415469085,-0.6292920721511406,0.0,0.0,9.5443,0.0,0.0,1.0,0.0,0.0,0.0,-0.0115,0.0,0.0,0.0,0.0
55.4094,0.04595999941569557,0.7754078615055943,0.033020718046656246,-0.6289196760705725,0.0,0.0,9.6122,0.0,0.0,1.0,0.0,0.0,0.0,0.0231,0.0,0.0,0.0,0.0
55.4295,0.04595807550840215,0.7756193976579012,0.0332023321026454,-0.6286493541039427,0.0,0.0,9.6874,0.0,0.0,1.0,0.0,0.0,0.0,-0.0346,0.0,0.0,0.0,0.0
55.4496,0.0459605881707682,0.7757838072540875,0.03332615158708535,-0.6284397157705301,0.0,0.0,9.7428,0.0,0.0,1.0,0.0,0.0,0.0,0.0462,0.0,0.0,0.0,0.0
55.4697,0.0460212015237621,0.7756993967357544,0.03326414566146818,-0.6285427523466551,0.0,0.0,9.4863,0.0,0.0,1.0,0.0,0.0,0.0,-0.0539,0.0,0.0,0.0,0.0
55.4898,0.04608216575902341,0.775698790213347,0.03320311943268217,-0.6285422608866065,0.0,0.0,9.757,0.0,0.0,1.0,0.0,0.0,0.0,0.0577,0.0,0.0,0.0,0.0
55.5099,0.046083197453779756,0.7758381598497568,0.03314286120422677,-0.6283733280340411,0.0,0.0,9.5858,0.0,0.0,1.0,0.0,0.0,0.0,-0.0616,0.0,0.0,0.0,0.0
55.53,0.04602038662875064,0.7760516565889813,0.03332455584196615,-0.6281046284640593,0.0,0.0,9.7535,0.0,0.0,1.0,0.0,0.0,0.0,0.0616,0.0,0.0,0.0,0.0
55.55,0.045959772940151467,0.7763800569687453,0.03344756251287567,-0.6276965564462218,0.0,0.0,9.5495,0.0,0.0,1.0,0.0,0.0,0.0,-0.05,0.0,0.0,0.0,0.0
55.5701,0.04589781435762347,0.7764858593563256,0.03362986397766521,-0.6275604617132166,0.0,0.0,9.9146,0.0,0.0,1.0,0.0,0.0,0.0,0.0423,0.0,0.0,0.0,0.0
55.5902,0.045836754449428474,0.7764848403185687,0.03375181918923825,-0.6275596381208774,0.0,0.0,9.6273,0.0,0.0,1.0,0.0,0.0,0.0,-0.0231,0.0,0.0,0.0,0.0
55.6108,0.045896922788823076,0.7765317746233075,0.03393520353308444,-0.6274872727315367,0.0,0.0,9.8957,0.0,0.0,1.0,0.0,0.0,0.0,0.0115,0.0,0.0,0.0,0.0
55.6309,0.04583697236008488,0.7766715316633244,0.03393597953644101,-0.6273186217238486,0.0,0.0,9.5488,0.0,0.0,1.0,0.0,0.0,0.0,0.0,0.0,0.0,0.0,0.0
55.651,0.04583738979397356,0.7766176042342999,0.03393628858887565,-0.6273853351864899,0.0135,0.0,9.5189,0.0,0.0,1.0,0.0,0.0,0.0,-0.0115,0.0,0.0,0.0,0.0
55.671,0.045897843905255364,0.7766693586121949,0.03393588458688296,-0.6273168665475817,0.0135,0.0,9.537,0.0,0.0,1.0,0.0,0.0,0.0,0.0269,0.0,0.0,0.0,0.0
55.6911,0.04602142120106539,0.7765571072703199,0.033936310594714636,-0.6274467425700816,0.0135,0.0,9.4495,0.0,0.0,1.0,0.0,0.0,0.0,-0.0385,0.0,0.0,0.0,0.0
55.7112,0.046083408702831834,0.7766957424600891,0.03381403364586732,-0.6272771749516276,0.0135,0.0,9.684,0.0,0.0,1.0,0.0,0.0,0.0,0.05,0.0,0.0,0.0,0.0
55.7312,0.0461436399168218,0.7765607692912898,0.033630466384992785,-0.6274497014292657,0.0135,0.0,9.6014,0.0,0.0,1.0,0.0,0.0,0.0,-0.0577,0.0,0.0,0.0,0.0
55.7513,0.04620395299281521,0.7766712098267632,0.03344696597157604,-0.6273183617760332,0.0135,0.0,9.5866,0.0,0.0,1.0,0.0,0.0,0.0,0.0654,0.0,0.0,0.0,0.0
55.7714,0.04644677909501721,0.7765295880605321,0.0332631256419364,-0.6274855058491533,0.0135,0.0,9.6401,0.0,0.0,1.0,0.0,0.0,0.0,-0.0616,0.0,0.0,0.0,0.0
55.7914,0.046508861334338965,0.7766696843678366,0.03308090136965481,-0.6273171296608437,0.0135,0.0,9.4182,0.0,0.0,1.0,0.0,0.0,0.0,0.0539,0.0,0.0,0.0,0.0
55.8115,0.04657001009058138,0.7766721682858487,0.03289800712819308,-0.6273191359247022,0.0135,0.0,9.4249,0.0,0.0,1.0,0.0,0.0,0.0,-0.05,0.0,0.0,0.0,0.0
55.8316,0.046630120704687084,0.7767793524195644,0.032836380810615684,-0.6271851732885342,0.0135,0.0,9.6316,0.0,0.0,1.0,0.0,0.0,0.0,0.0385,0.0,0.0,0.0,0.0
55.8516,0.04669126644336081,0.7767817961450353,0.03265348698795318,-0.627187146395026,0.0135,0.0,9.4334,0.0,0.0,1.0,0.0,0.0,0.0,-0.0231,0.0,0.0,0.0,0.0
55.8717,0.04675401392812484,0.776810846261926,0.03259370684147278,-0.6271496006422801,0.0135,0.0,9.8201,0.0,0.0,1.0,0.0,0.0,0.0,0.0115,0.0,0.0,0.0,0.0
55.8918,0.046690470281205716,0.7768915467202837,0.0325919321912821,-0.6270544558294154,0.0135,0.0,9.5819,0.0,0.0,1.0,0.0,0.0,0.0,0.0077,0.0,0.0,0.0,0.0
55.9119,0.046568646522214985,0.776894420229756,0.032653050967069275,-0.6270567751324456,0.0135,0.0,9.783,0.0,0.0,1.0,0.0,0.0,0.0,-0.0192,0.0,0.0,0.0,0.0
55.9319,0.046508189116630405,0.7770864512789679,0.03271442961471055,-0.6268200712156051,0.0135,0.0,9.7178,0.0,0.0,1.0,0.0,0.0,0.0,0.0385,0.0,0.0,0.0,0.0
55.952,0.046449005033104396,0.7771168147439167,0.03277670920093512,-0.6267835619315978,0.0135,0.0,9.4538,0.0,0.0,1.0,0.0,0.0,0.0,-0.05,0.0,0.0,0.0,0.0
55.9721,0.04644713614160334,0.7770855471848082,0.03283638928440058,-0.6268193419474978,0.0135,0.0,9.6159,0.0,0.0,1.0,0.0,0.0,0.0,0.0616,0.0,0.0,0.0,0.0
55.9922,0.04644756171223913,0.7770316677858367,0.032836690146934244,-0.6268860845872585,0.0135,0.0,9.8585,0.0,0.0,1.0,0.0,0.0,0.0,-0.0616,0.0,0.0,0.0,0.0
56.0122,0.04644713614160334,0.7770855471848082,0.03283638928440058,-0.6268193419474978,0.0135,0.0,9.7679,0.0,0.0,1.0,0.0,0.0,0.0,0.0577,0.0,0.0,0.0,0.0
56.0323,0.04650842927914889,0.7770294648055325,0.03283659705088071,-0.626884307288141,0.0135,0.0,9.6357,0.0,0.0,1.0,0.0,0.0,0.0,-0.0577,0.0,0.0,1.0,0.0
56.0524,0.046446710237027906,0.7771394198785494,0.032836088185783936,-0.6267525959193507,0.0135,0.0,9.6047,0.0,0.0,1.0,0.0,0.0,0.0,0.1001,0.0,0.0,1.0,0.0
56.0725,0.04638586123043953,0.7768979272117067,0.032775195371308574,-0.6270596057317332,0.0135,0.0,9.3741,0.0,0.0,1.0,0.0,0.0,0.0,0.4002,0.0,0.0,1.0,0.0
56.0926,0.046449389697996106,0.776817241238916,0.03277698063945749,-0.6271547635558578,0.0135,0.0,9.6238,0.0,0.0,1.0,0.0,0.0,0.0,0.5696,0.0,0.0,1.0,0.0
56.1127,0.046509927767060755,0.7768704967958889,0.032715652602709144,-0.6270875089666438,0.0135,0.0,9.8831,0.0,0.0,1.0,0.0,0.0,0.0,0.6889,0.0,0.0,1.0,0.0
56.1327,0.04644835772233624,0.7769839839473246,0.03259325101713989,-0.6269578285198898,0.0135,0.0,9.4344,0.0,0.0,1.0,0.0,0.0,0.0,0.7774,0.0,0.0,1.0,0.0
56.1528,0.04644793247548474,0.7770378703672535,0.032592952617410305,-0.6268910886458314,0.0135,0.0,9.989,0.0,0.0,1.0,0.0,0.0,0.0,0.8466,0.0,0.0,1.0,0.0
56.1729,0.04650898511463886,0.7770387513060678,0.032470989607547796,-0.6268917993611176,0.0135,0.0,9.2242,0.0,0.0,1.0,0.0,0.0,0.0,0.889,0.0,0.0,1.0,0.0
56.193,0.04663142337332454,0.7769850543578078,0.032288293150005476,-0.6269586922471302,0.0135,0.0,9.8752,0.0,0.0,1.0,0.0,0.0,0.0,0.9236,0.0,0.0,1.0,0.0
56.2131,0.04669256763628693,0.7769874457488852,0.03210439028945766,-0.6269606218896815,0.0135,0.0,9.2563,0.0,0.0,1.0,0.0,0.0,0.0,0.939,0.0,0.0,1.0,0.0
56.2331,0.04675309855463051,0.777040637986685,0.03204306754616882,-0.6268933214790364,0.0135,0.0,10.1553,0.0,0.0,1.0,0.0,0.0,0.0,0.9506,0.0,0.0,1.0,0.0
56.2532,0.04675402889310459,0.7771781029793607,0.03204370517018712,-0.6267227919827323,0.0135,0.0,9.8384,0.0,0.0,1.0,0.0,0.0,0.0,0.9852,0.0,0.0,1.0,0.0
56.2733,0.046874563202331965,0.7773367564363427,0.031981701980522415,-0.6265201618112908,0.0135,0.0,9.865,0.0,0.0,1.0,0.0,0.0,0.0,0.9967,0.0,0.0,1.0,0.0
56.2933,0.0469349963839793,0.7773883770216345,0.031981316140114846,-0.6264516045186979,0.0135,0.0,9.5926,0.0,0.0,1.0,0.0,0.0,0.0,0.9775,0.0,0.0,1.0,0.0
56.3134,0.04693508785859046,0.7773898921234765,0.0319203796560012,-0.6264528254502271,0.0135,0.0,9.6914,0.0,0.0,1.0,0.0,0.0,0.0,0.989,0.0,0.0,1.0,0.0
56.3335,0.04687465456136536,0.777338271474134,0.031920764762738085,-0.6265213829058991,0.0135,0.0,9.6463,0.0,0.0,1.0,0.0,0.0,0.0,0.989,0.0,0.0,1.0,0.0
56.3535,0.04681242996481283,0.7772569316943567,0.03191992944219252,-0.6266269836499774,0.0135,0.0,9.6308,0.0,0.0,1.0,0.0,0.0,0.0,0.9813,0.0,0.0,1.0,0.0
56.3736,0.04675156542116904,0.7772591496858505,0.03192002052935944,-0.6266287718016976,0.0135,0.0,9.5544,0.0,0.0,1.0,0.0,0.0,0.0,0.9852,0.0,0.0,1.0,0.0
56.3937,0.046690180190140367,0.7773137031980737,0.03198075350897533,-0.626562578917148,0.0135,0.0,9.6847,0.0,0.0,1.0,0.0,0.0,0.0,0.989,0.0,0.0,1.0,0.0
56.4138,0.0466307591375495,0.7774009844808533,0.03192083511890637,-0.626461764129119,0.0135,0.0,9.7243,0.0,0.0,1.0,0.0,0.0,0.0,0.9852,0.0,0.0,1.0,0.0
56.4339,0.0466307591375495,0.7774009844808533,0.03192083511890637,-0.626461764129119,0.0135,0.0,9.7243,0.0,0.0,1.0,0.0,0.0,0.0,0.9852,0.0,0.0,1.0,0.0
56.454,0.04663118831078156,0.777347139161849,0.03192112890713189,-0.6265285301108862,0.0135,0.0,9.697,0.0,0.0,1.0,0.0,0.0,0.0,0.9852,0.0,0.0,1.0,0.0
56.474,0.04663118831078156,0.777347139161849,0.03192112890713189,-0.6265285301108862,0.0135,0.0,9.6651,0.0,0.0,1.0,0.0,0.0,0.0,0.9852,0.0,0.0,1.0,0.0
56.4941,0.04657041104362509,0.777350861118653,0.031860281207856896,-0.6265315299445614,0.0135,0.0,9.5413,0.0,0.0,1.0,0.0,0.0,0.0,0.9852,0.0,0.0,1.0,0.0
56.5142,0.046510397661496394,0.7772453566248156,0.03186095743824374,-0.6266668316622888,0.027,0.0,9.4197,0.0,0.0,1.0,0.0,0.0,0.0,0.9852,0.0,0.0,1.0,0.0
56.5343,0.04644817814942592,0.7771639807695918,0.03186012219774198,-0.6267724039509922,0.027,0.0,9.3741,0.0,0.0,1.0,0.0,0.0,0.0,0.9852,0.0,0.0,1.0,0.0
56.5544,0.04644808779240334,0.7771624689293826,0.03192106033459597,-0.6267711846719909,0.0406,0.0,9.5107,0.0,0.0,1.0,0.0,0.0,0.0,0.9852,0.027,0.0,1.0,0.0
56.5745,0.046326014689031914,0.7772222464412805,0.031860010102157776,-0.626709198716671,0.027,0.0,9.3751,0.0,0.0,1.0,0.0,0.0,0.0,0.9852,0.027,0.0,1.0,0.0
56.5946,0.045775554338398916,0.7773974314147813,0.03210368744494857,-0.6265199003281139,0.027,0.0,7.5618,0.0,0.0,1.0,0.0,0.0,0.0,0.9852,0.0406,0.0,1.0,0.0
56.6147,0.04540903091021554,0.7775104068823419,0.03240930834177692,-0.6263906319815601,0.0406,0.0,13.57,0.0,0.0,1.0,0.0,0.0,0.0,0.9852,0.0541,0.0,1.0,0.0
56.6348,0.04455584586820671,0.7773413109474656,0.03271488682957152,-0.6266458322475086,0.027,0.0,10.3627,0.0,0.0,1.0,0.0,0.0,0.0,0.9852,0.0135,0.0,1.0,0.0
56.6549,0.04449413459102436,0.7771458845464684,0.032958358961357015,-0.6268798072151133,0.027,0.0,12.8915,0.0,0.0,1.0,0.0,0.0,0.0,0.9852,0.0406,0.0,1.0,0.0
56.6749,0.044066771371673315,0.7766679704717869,0.03301982868569809,-0.6274987443953012,0.0406,0.0,12.4507,0.0,0.0,1.0,0.0,0.0,0.0,0.9852,0.0135,0.0,1.0,0.0
56.695,0.04351880859957458,0.7768084334596699,0.03363062487255153,-0.6273306560934903,0.027,0.0,7.9361,0.0,0.0,1.0,0.0,0.0,0.0,0.9852,0.0406,0.0,1.0,0.0
56.7151,0.043335576165092766,0.7768653287581196,0.03375244875329909,-0.6272663397753256,0.0541,0.0,9.8168,0.0,0.0,1.0,0.0,0.0,0.0,0.9852,0.027,0.0,1.0,0.0
56.7352,0.04290763026184474,0.7768483058419257,0.033812708633442656,-0.6273135943933565,0.0135,0.0,6.9049,0.0,0.0,1.0,0.0,0.0,0.0,0.9852,0.027,0.0,1.0,0.0
56.7553,0.042845408152690556,0.777071129261228,0.03362875058172071,-0.6270517029745009,0.0406,0.0,8.0265,0.0,0.0,1.0,0.0,0.0,0.0,0.9852,0.0541,0.0,1.0,0.0
56.7753,0.043091074801064506,0.7775893498041386,0.033386057954290733,-0.6264050873659465,0.0406,0.0,13.1649,0.0,0.0,1.0,0.0,0.0,0.0,0.9852,0.0135,0.0,1.0,0.0
56.7954,0.04363943204883769,0.7780658737587404,0.03320256788078735,-0.6257848556401989,0.0676,0.0,12.3127,0.0,0.0,1.0,0.0,0.0,0.0,0.9852,0.0406,0.0,1.0,0.0
56.8155,0.043822970104462074,0.7778314693721088,0.03253197780705026,-0.6260985728825864,0.0406,0.0,6.0783,0.0,0.0,1.0,0.0,0.0,0.0,0.9852,-0.0135,0.0,1.0,0.0
56.8356,0.04431319418041091,0.7780359670128274,0.03253287671685168,-0.6258098647260764,0.0676,0.0,7.9029,0.0,0.0,1.0,0.0,0.0,0.0,0.9852,0.0135,0.0,1.0,0.0
56.8557,0.04406608960372871,0.7777549317444271,0.03192034053238546,-0.6262080626713092,0.0676,0.0,9.5702,0.0,0.0,1.0,0.0,0.0,0.0,0.9852,0.0135,0.0,1.0,0.0
56.8758,0.044861880823001916,0.7776032675463411,0.031616620764138854,-0.6263552979274088,0.0406,0.0,6.2846,0.0,0.0,1.0,0.0,0.0,0.0,0.9852,0.0406,0.0,1.0,0.0
56.8959,0.04522579919196357,0.7773843593611874,0.031005176769319798,-0.6266313620634925,0.0541,0.0,10.2539,0.0,0.0,1.0,0.0,0.0,0.0,0.9852,0.0406,0.0,1.0,0.0
56.9159,0.04541006267796339,0.776734072099594,0.03064004229140727,-0.6274418660366451,0.0676,0.0,11.7602,0.0,0.0,1.0,0.0,0.0,0.0,0.9852,0.0135,0.0,1.0,0.0
56.936,0.0458381332550048,0.7760811870354847,0.029968740916421044,-0.6282505322219585,0.0135,0.0,5.8562,0.0,0.0,1.0,0.0,0.0,0.0,0.9852,0.0406,0.0,1.0,0.0
56.9561,0.046143185016293164,0.775577109763704,0.030029120405137832,-0.6288475214349067,0.0541,0.0,6.3808,0.0,0.0,1.0,0.0,0.0,0.0,0.9852,0.0,0.0,1.0,0.0
56.9762,0.046204849990690855,0.7752832622161047,0.02966354569461238,-0.6292225752638857,0.0406,0.0,9.2479,0.0,0.0,1.0,0.0,0.0,0.0,0.9852,0.027,0.0,1.0,0.0
56.9963,0.04699726280108629,0.7753953358852084,0.029541165189414242,-0.6290315174424269,0.0541,0.0,10.9581,0.0,0.0,1.0,0.0,0.0,0.0,0.9852,0.0135,0.0,1.0,0.0
57.0164,0.0474243647223207,0.7749689599844772,0.029602227659205116,-0.6295218414073294,0.0406,0.0,12.3717,0.0,0.0,1.0,0.0,0.0,0.0,0.9852,0.027,0.0,1.0,0.0
57.0365,0.047424278997782905,0.7749675591463988,0.029663174508924587,-0.6295207034802482,0.0406,0.0,7.2158,0.0,0.0,1.0,0.0,0.0,0.0,0.9852,0.027,0.0,1.0,0.0
57.0567,0.046693086900264476,0.7744930282935473,0.03002969901756292,-0.630141668148782,0.0135,0.0,8.3143,0.0,0.0,1.0,0.0,0.0,0.0,0.9852,0.027,0.0,1.0,0.0
57.0768,0.04632675304721324,0.7739385804692306,0.030884502031475695,-0.6308082538677208,0.0,0.0,9.0176,0.0,0.0,1.0,0.0,0.0,0.0,0.9852,0.027,0.0,1.0,0.0
57.0969,0.04589875406064525,0.7733887058347994,0.031555518418747375,-0.631480374453695,0.0,0.0,9.3373,0.0,0.0,1.0,0.0,0.0,0.0,0.9852,0.027,0.0,1.0,0.0
57.117,0.04577488551354748,0.7731131769237162,0.03167622877518029,-0.6318206169900782,0.0,0.0,9.3699,0.0,0.0,1.0,0.0,0.0,0.0,0.9852,0.027,0.0,1.0,0.0
57.1371,0.04608196365844136,0.7731923902382989,0.03143297521105404,-0.6317135018126092,0.0,0.0,9.5393,0.0,0.0,1.0,0.0,0.0,0.0,0.9852,0.027,0.0,1.0,0.0
57.1573,0.04669194083749639,0.773375020070667,0.030944960790206755,-0.6314691998769345,0.0,0.0,9.6362,0.0,0.0,1.0,0.0,0.0,0.0,0.9852,0.027,0.0,1.0,0.0
57.1773,0.04711870251027278,0.7733711172262734,0.030456807707196276,-0.6314660131616121,0.0406,0.0,8.7249,0.0,0.0,1.0,0.0,0.0,0.0,0.9852,0.027,0.0,1.0,0.0
57.1974,0.0476066272302379,0.7733089448306211,0.030028764868544888,-0.6315260550200461,-0.0135,0.0,11.3664,0.0,0.0,1.0,0.0,0.0,0.0,0.9852,0.0406,0.0,1.0,0.0
57.2175,0.04699739480564675,0.7731384948162495,0.030029252263309717,-0.6317803073246689,0.0676,0.0,6.5417,0.0,0.0,1.0,0.0,0.0,0.0,0.9852,0.027,0.0,1.0,0.0
57.2376,0.04730115984792593,0.7732402658882945,0.029845469891784826,-0.6316417809272747,-0.0135,0.0,10.2027,0.0,0.0,1.0,0.0,0.0,0.0,0.9852,0.0406,0.0,1.0,0.0
57.2577,0.04748615703665442,0.7732118398997996,0.029724724265715978,-0.6316683910850566,0.0541,0.0,9.0703,0.0,0.0,1.0,0.0,0.0,0.0,0.9852,0.0135,0.0,1.0,0.0
57.2778,0.04791376886502596,0.7729614035951201,0.02917546817433969,-0.6319681410974914,-0.0135,0.0,8.5078,0.0,0.0,1.0,0.0,0.0,0.0,0.9852,0.027,0.0,1.0,0.0
57.2979,0.04840149298957686,0.772956872891066,0.028564290939325113,-0.6319644368237649,0.0406,0.0,10.3067,0.0,0.0,1.0,0.0,0.0,0.0,0.9852,0.0,0.0,1.0,0.0
57.318,0.04882736621640382,0.7727559695581536,0.028197633992179894,-0.6321937940678082,0.0,0.0,9.1343,0.0,0.0,1.0,0.0,0.0,0.0,0.9852,0.0,0.0,1.0,0.0
57.3381,0.04870770307393568,0.772793020852318,0.028076981716910088,-0.6321631037009977,-0.0135,0.0,8.0128,0.0,0.0,1.0,0.0,0.0,0.0,0.9852,0.0406,0.0,1.0,0.0
57.3581,0.04876680030604291,0.7730068346335484,0.02813688478297066,-0.6318944124712945,0.0406,0.0,9.4328,0.0,0.0,1.0,0.0,0.0,0.0,0.9852,0.0,0.0,1.0,0.0
57.3782,0.04864559119124878,0.7728973930439279,0.028381344919289564,-0.6320266810381714,0.0,0.0,10.3547,0.0,0.0,1.0,0.0,0.0,0.0,0.9852,0.0,0.0,1.0,0.0
57.3983,0.047974143697791516,0.7730733156000202,0.02893108665778993,-0.6318378925550878,-0.0135,0.0,8.872,0.0,0.0,1.0,0.0,0.0,0.0,0.9852,0.0135,0.0,1.0,0.0
57.4184,0.04779048391999352,0.7731846505315138,0.02911368560705352,-0.6317071783188216,-0.0135,0.0,9.2132,0.0,0.0,1.0,0.0,0.0,0.0,0.9852,0.027,0.0,1.0,0.0
57.4385,0.04730250718294453,0.773384292315694,0.029602317399465887,-0.6314767707668602,0.0,0.0,9.4575,0.0,0.0,1.0,0.0,0.0,0.0,0.9852,0.0135,0.0,1.0,0.0
57.4586,0.046813406729567686,0.7736111959570839,0.029967620217706048,-0.6312180005186082,0.0,0.0,9.4841,0.0,0.0,1.0,0.0,0.0,0.0,0.9852,0.0135,0.0,1.0,0.0
57.4787,0.04644725279463263,0.7739745489312635,0.030211513981903415,-0.630787852401582,0.0,0.0,9.5121,0.0,0.0,1.0,0.0,0.0,0.0,0.9852,0.0135,0.0,1.0,0.0
57.4987,0.046691377494697706,0.7744646745739316,0.029967600461773047,-0.6301795982315721,0.0,0.0,9.7258,0.0,0.0,1.0,0.0,0.0,0.0,0.9852,0.0135,0.0,1.0,0.0
57.5188,0.04724185774465617,0.7749770708361797,0.029541536369570798,-0.6295284300045026,0.0,0.0,9.6135,0.0,0.0,1.0,0.0,0.0,0.0,0.9852,0.0135,0.0,1.0,0.0
57.5389,0.04754554284215162,0.7753835445656588,0.029174719480498434,-0.6290219518553184,0.0135,0.0,9.5866,0.0,0.0,1.0,0.0,0.0,0.0,0.9852,0.0135,0.0,1.0,0.0
57.559,0.047424025496917654,0.7756354170104109,0.02911401565277638,-0.6287233380250201,0.0135,0.0,9.5668,0.0,0.0,1.0,0.0,0.0,0.0,0.9852,0.0135,0.0,1.0,0.0
57.5791,0.047240871756820346,0.7759378935879255,0.02929692046865151,-0.628355294225363,0.0135,0.0,9.738,0.0,0.0,1.0,0.0,0.0,0.0,0.9852,0.027,0.0,1.0,0.0
57.5992,0.04724210624814307,0.7762631774219393,0.029480690336683435,-0.627944704311858,0.0135,0.0,9.8199,0.0,0.0,1.0,0.0,0.0,0.0,0.9852,0.027,0.0,1.0,0.0
57.6192,0.047424134370191384,0.7766132004337196,0.02935808318235672,-0.6275037779513293,0.0135,0.0,9.8812,0.0,0.0,1.0,0.0,0.0,0.0,0.9852,0.027,0.0,1.0,0.0
57.6393,0.04766844379003392,0.776801231967686,0.029114271051922817,-0.6272638397845333,0.0135,0.0,9.8314,0.0,0.0,1.0,0.0,0.0,0.0,0.9852,0.027,0.0,1.0,0.0
57.6594,0.04773078068318521,0.7768839830634583,0.02905408391520004,-0.6271593973167257,0.0135,0.0,9.7152,0.0,0.0,1.0,0.0,0.0,0.0,0.9852,0.027,0.0,1.0,0.0
57.6795,0.04766792404877896,0.7768537622076473,0.029174953514372885,-0.6271960006633798,0.0135,0.0,9.6472,0.0,0.0,1.0,0.0,0.0,0.0,0.9852,0.027,0.0,1.0,0.0
57.6996,0.047362323930882355,0.7767219127548095,0.02941858006719661,-0.6273710446499794,0.0135,0.0,9.5786,0.0,0.0,1.0,0.0,0.0,0.0,0.9852,0.027,0.0,1.0,0.0
57.7197,0.047362323930882355,0.7767219127548095,0.02941858006719661,-0.6273710446499794,0.0135,0.0,9.5786,0.0,0.0,1.0,0.0,0.0,0.0,0.9852,0.027,0.0,1.0,0.0
57.7398,0.04723982724221994,0.7767747160896892,0.029662263616053237,-0.6273034268064218,0.0135,0.0,9.7284,0.0,0.0,1.0,0.0,0.0,0.0,0.9852,0.027,0.0,1.0,0.0
57.7599,0.047240860437382515,0.7768527049614271,0.029906911646679857,-0.6271951470914034,0.0135,0.0,9.7746,0.0,0.0,1.0,0.0,0.0,0.0,0.9852,0.027,0.0,1.0,0.0
57.78,0.047300085957949656,0.7767625675789511,0.030088782429383787,-0.627293615979346,0.0135,0.0,9.8812,0.0,0.0,1.0,0.0,0.0,0.0,0.9852,0.027,0.0,1.0,0.0
57.8001,0.047302121335985936,0.7764909917986218,0.030151077341366517,-0.6276266099424588,0.0135,0.0,9.8585,0.0,0.0,1.0,0.0,0.0,0.0,0.9852,0.027,0.0,1.0,0.0
57.8202,0.04717968107907794,0.7760567540820561,0.03021179577704769,-0.6281697537551658,0.0135,0.0,9.7455,0.0,0.0,1.0,0.0,0.0,0.0,0.9852,0.027,0.0,1.0,0.0
57.8403,0.046876668308294164,0.7756016031261224,0.030397081811176778,-0.6287453766143077,0.0135,0.0,9.5044,0.0,0.0,1.0,0.0,0.0,0.0,0.9852,0.027,0.0,1.0,0.0
57.8604,0.04650774097426752,0.7752480130163931,0.03070016890603955,-0.6291939668915663,0.0135,0.0,9.4712,0.0,0.0,1.0,0.0,0.0,0.0,0.9852,0.027,0.0,1.0,0.0
57.8805,0.046324491916121154,0.7749987700815928,0.031065988653415814,-0.6294965068765018,0.0135,0.0,9.6177,0.0,0.0,1.0,0.0,0.0,0.0,0.9852,0.027,0.0,1.0,0.0
57.9006,0.046142355508958684,0.7748911767462683,0.03131056267128297,-0.629630205671612,0.0135,0.0,9.5971,0.0,0.0,1.0,0.0,0.0,0.0,0.9852,0.027,0.0,1.0,0.0
57.9207,0.04589752440419236,0.7748939704531235,0.03155467302658715,-0.6296324756706451,0.0135,0.0,9.5743,0.0,0.0,1.0,0.0,0.0,0.0,0.9852,0.027,0.0,1.0,0.0
57.9408,0.04571671707835263,0.774870103416993,0.03180019438640586,-0.6296626495569698,0.0135,0.0,9.5251,0.0,0.0,1.0,0.0,0.0,0.0,0.9852,0.027,0.0,1.0,0.0
57.9609,0.0456552108386108,0.7746785455341615,0.031860844993169164,-0.6298997058013914,0.0135,0.0,9.4383,0.0,0.0,1.0,0.0,0.0,0.0,0.9852,0.027,0.0,1.0,0.0
57.9809,0.045653399444574194,0.7744038129730241,0.031798581700136164,-0.6302407093911466,0.0135,0.0,9.4304,0.0,0.0,1.0,0.0,0.0,0.0,0.9852,0.027,0.0,1.0,0.0
58.001,0.04553032551169933,0.7740805313084438,0.03167583504423488,-0.6306528062113785,0.0135,0.0,9.4077,0.0,0.0,1.0,0.0,0.0,0.0,0.9852,0.027,0.0,1.0,0.0
58.0211,0.04547055794097671,0.7739184760622888,0.03173769145017097,-0.6308528669280775,0.0135,0.0,9.5395,0.0,0.0,1.0,0.0,0.0,0.0,0.9852,0.027,0.0,1.0,0.0
58.0412,0.0453503795414112,0.7739495432526896,0.03186096919864529,-0.6308171892205588,0.0135,0.0,9.6864,0.0,0.0,1.0,0.0,0.0,0.0,0.9852,0.027,0.0,1.0,0.0
58.0613,0.044982332161021044,0.7740365081158225,0.03204252427440596,-0.6307276357789819,0.0135,0.0,9.5866,0.0,0.0,1.0,0.0,0.0,0.0,0.9852,0.027,0.0,1.0,0.0
58.0814,0.044738951891716394,0.7739861677242205,0.03222696534599234,-0.6307973216967505,0.0135,0.0,9.5532,0.0,0.0,1.0,0.0,0.0,0.0,0.9852,0.027,0.0,1.0,0.0
58.1015,0.04449414947015928,0.7738502074328538,0.03247037931105856,-0.6309689386859328,0.0135,0.0,9.5013,0.0,0.0,1.0,0.0,0.0,0.0,0.9852,0.027,0.0,1.0,0.0
58.1216,0.04424984507428454,0.7738012907991333,0.032592885887144936,-0.6310397906297548,0.0135,0.0,9.4895,0.0,0.0,1.0,0.0,0.0,0.0,0.9852,0.027,0.0,1.0,0.0
58.1417,0.04400584878872643,0.7738623408827827,0.03265388779591588,-0.6309788318538234,0.0135,0.0,9.5743,0.0,0.0,1.0,0.0,0.0,0.0,0.9852,0.027,0.0,1.0,0.0
58.1618,0.04382187938779708,0.7740282065665407,0.032775161874231296,-0.6307818696589369,0.0135,0.0,9.7501,0.0,0.0,1.0,0.0,0.0,0.0,0.9852,0.027,0.0,1.0,0.0
58.1819,0.0437007696930275,0.774165920076226,0.03295882630403191,-0.6306116766199531,0.0135,0.0,9.7025,0.0,0.0,1.0,0.0,0.0,0.0,0.9852,0.027,0.0,1.0,0.0
58.202,0.04364009245124101,0.7741106399481609,0.033081070082023545,-0.6306773360856757,0.0135,0.0,9.6529,0.0,0.0,1.0,0.0,0.0,0.0,0.9852,0.027,0.0,1.0,0.0
58.222,0.043823979321611806,0.7739432950838081,0.0330207379047448,-0.6308730979360767,0.0135,0.0,9.6078,0.0,0.0,1.0,0.0,0.0,0.0,0.9852,0.027,0.0,1.0,0.0
58.2421,0.0439445271749877,0.7738566736209314,0.03295864537855098,-0.6309742109773784,0.0135,0.0,9.6038,0.0,0.0,1.0,0.0,0.0,0.0,0.9852,0.027,0.0,1.0,0.0
58.2623,0.043944232272294936,0.7739124793621138,0.03289742526553552,-0.6309089777047739,0.0135,0.0,9.5866,0.0,0.0,1.0,0.0,0.0,0.0,0.9852,0.027,0.0,1.0,0.0
58.2824,0.0440060379351353,0.7740486672639099,0.03289802835954381,-0.6307375437234342,0.0135,0.0,9.5838,0.0,0.0,1.0,0.0,0.0,0.0,0.9852,0.027,0.0,1.0,0.0
58.3025,0.04406606000836689,0.7741534862068528,0.0329582969527259,-0.6306015483735284,0.0135,0.0,9.5253,0.0,0.0,1.0,0.0,0.0,0.0,0.9852,0.027,0.0,1.0,0.0
58.3225,0.044127028644329,0.7741529587921555,0.03289727584166836,-0.6306011187577859,0.0135,0.0,9.6362,0.0,0.0,1.0,0.0,0.0,0.0,0.9852,0.027,0.0,1.0,0.0
58.3426,0.04431179380589406,0.7740443981735126,0.03265384805329641,-0.6307340650331335,0.0135,0.0,9.6353,0.0,0.0,1.0,0.0,0.0,0.0,0.9852,0.027,0.0,1.0,0.0
58.3627,0.044433746181036904,0.7737995798233566,0.03240981486536004,-0.6310383953183113,0.027,0.0,9.5548,0.0,0.0,1.0,0.0,0.0,0.0,0.9852,0.027,0.0,1.0,0.0
58.3828,0.04443363989211286,0.7735537308129548,0.03234873783296483,-0.6313428833462139,0.027,0.0,9.5558,0.0,0.0,1.0,0.0,0.0,0.0,0.9852,0.027,0.0,1.0,0.0
58.4029,0.04431247370444896,0.7734462682122586,0.03247134712170896,-0.6314767505449628,0.027,0.0,9.5608,0.0,0.0,1.0,0.0,0.0,0.0,0.9852,0.027,0.0,1.0,0.0
58.423,0.0442500355232569,0.7734996209537558,0.03259302616518689,-0.6314095068859688,0.027,0.0,9.6008,0.0,0.0,1.0,0.0,0.0,0.0,0.9852,0.027,0.0,1.0,0.0
58.4431,0.044190768736844466,0.7735299605598785,0.0326553070296437,-0.6313732707341032,0.027,0.0,9.6541,0.0,0.0,1.0,0.0,0.0,0.0,0.9852,0.027,0.0,1.0,0.0
58.4634,0.04406683381507304,0.7735570827600683,0.03271487662559558,-0.6313456190682087,0.0406,0.0,9.3301,0.0,0.0,1.0,0.0,0.0,0.0,0.9852,0.027,0.0,1.0,0.0
58.4834,0.04388342563815334,0.7736718739079789,0.03271457182007542,-0.6312177383982538,0.027,0.0,9.361,0.0,0.0,1.0,0.0,0.0,0.0,0.9852,0.027,0.0,1.0,0.0
58.5035,0.04400671830389363,0.7739386326877955,0.03295953798522999,-0.6308692974248054,0.027,0.0,9.939,0.0,0.0,1.0,0.0,0.0,0.0,0.9852,0.0406,0.0,1.0,0.0
58.5236,0.043274895751036546,0.7740640224222022,0.03326468854883963,-0.6307500559532644,0.027,0.0,11.3709,0.0,0.0,1.0,0.0,0.0,0.0,0.9852,0.027,0.0,1.0,0.0
58.5437,0.04296804639722457,0.7743358149323942,0.03362925365586056,-0.6304180089435429,0.027,0.0,9.0065,0.0,0.0,1.0,0.0,0.0,0.0,0.9852,0.0135,0.0,1.0,0.0
58.5638,0.043273639347936155,0.774468545408163,0.0334467212476412,-0.6302437474094699,0.027,0.0,11.7485,0.0,0.0,1.0,0.0,0.0,0.0,0.9852,0.0135,0.0,1.0,0.0
58.5839,0.043090514135970204,0.7745272668728463,0.03350762218718745,-0.6301808944401102,0.027,0.0,8.2896,0.0,0.0,1.0,0.0,0.0,0.0,0.9852,0.0135,0.0,1.0,0.0
58.604,0.043333524436888315,0.7746926207043197,0.0330798735870938,-0.6299835482372639,0.027,0.0,12.6147,0.0,0.0,1.0,0.0,0.0,0.0,0.9852,0.027,0.0,1.0,0.0
58.624,0.043152092945457854,0.7747206686738075,0.03338607191038789,-0.6299453568417104,0.0135,0.0,7.0293,0.0,0.0,1.0,0.0,0.0,0.0,0.9852,0.0135,0.0,1.0,0.0
58.6441,0.043152092945457854,0.7747206686738075,0.03338607191038789,-0.6299453568417104,0.0135,0.0,7.0293,0.0,0.0,1.0,0.0,0.0,0.0,0.9852,0.027,0.0,1.0,0.0
58.6642,0.043456793799979854,0.7750203225725575,0.03301984332271757,-0.6295750127022977,0.027,0.0,11.3104,0.0,0.0,1.0,0.0,0.0,0.0,0.9852,0.0,0.0,1.0,0.0
58.6843,0.04309055095945702,0.7749549243042329,0.03277565844949448,-0.629693438053656,0.0,0.0,12.9137,0.0,0.0,1.0,0.0,0.0,0.0,0.9852,0.0,0.0,1.0,0.0
58.7044,0.04333442846857028,0.7751357768477757,0.03289756611881917,-0.6294476983065042,0.027,0.0,6.8933,0.0,0.0,1.0,0.0,0.0,0.0,0.9852,0.0,0.0,1.0,0.0
58.7245,0.043029664618526864,0.7749569598365662,0.03277574453955001,-0.6296950920354724,0.0,0.0,10.3773,0.0,0.0,1.0,0.0,0.0,0.0,0.9852,0.0,0.0,1.0,0.0
58.7445,0.04333400961430445,0.7751902832603141,0.032897248143334334,-0.6293806156962074,0.0,0.0,6.1519,0.0,0.0,1.0,0.0,0.0,0.0,0.9852,0.0406,0.0,1.0,0.0
58.7647,0.043029999213497705,0.7751459858318819,0.03289799939869048,-0.6294559884948036,0.0135,0.0,6.6091,0.0,0.0,1.0,0.0,0.0,0.0,0.9852,-0.0135,0.0,1.0,0.0
58.7847,0.04376233074718666,0.7752138589156133,0.032593246333418535,-0.6293377564123948,0.0,0.0,10.9263,0.0,0.0,1.0,0.0,0.0,0.0,0.9852,-0.0135,0.0,1.0,0.0
58.8048,0.04333496561948197,0.7752683849278912,0.03314197370626221,-0.6292715007569554,0.0,0.0,9.2074,0.0,0.0,1.0,0.0,0.0,0.0,0.9852,0.0,0.0,1.0,0.0
58.8249,0.04297002709737502,0.7752265299658336,0.03314279220045169,-0.6293480430839051,0.0,0.0,9.5507,0.0,0.0,1.0,0.0,0.0,0.0,0.9852,-0.0135,0.0,1.0,0.0
58.845,0.042907115462863465,0.7751920192909354,0.033385311756389646,-0.6293820251875861,0.0,0.0,9.5715,0.0,0.0,1.0,0.0,0.0,0.0,0.9852,-0.0135,0.0,1.0,0.0
58.8651,0.04278566796617128,0.775139984604913,0.033446740439969425,-0.6294511152085801,0.0,0.0,9.441,0.0,0.0,1.0,0.0,0.0,0.0,0.9852,-0.0135,0.0,1.0,0.0
58.8852,0.04278566796617128,0.775139984604913,0.033446740439969425,-0.6294511152085801,0.0,0.0,9.441,0.0,0.0,1.0,0.0,0.0,0.0,0.9852,-0.0135,0.0,1.0,0.0
58.9053,0.04297006680320353,0.7751652447633411,0.03338682888342198,-0.629410626163101,0.0,0.0,9.6135,0.0,0.0,1.0,0.0,0.0,0.0,0.9852,-0.0135,0.0,1.0,0.0
58.9254,0.043275565789059,0.775297051664233,0.03326520359586055,-0.6292337668276478,0.0,0.0,9.5608,0.0,0.0,1.0,0.0,0.0,0.0,0.9852,-0.0135,0.0,1.0,0.0
58.9455,0.043640157664122825,0.7754548015801875,0.032959119075431476,-0.6290302725744239,0.0,0.0,9.5095,0.0,0.0,1.0,0.0,0.0,0.0,0.9852,-0.0135,0.0,1.0,0.0
58.9656,0.04400736360986129,0.7755370307497691,0.03253300806608211,-0.6289254878521885,0.0,0.0,9.5608,0.0,0.0,1.0,0.0,0.0,0.0,0.9852,-0.0135,0.0,1.0,0.0
58.9857,0.04437418070859934,0.7755336354059453,0.03216685589599117,-0.6289227343817725,0.0,0.0,9.5726,0.0,0.0,1.0,0.0,0.0,0.0,0.9852,-0.0135,0.0,1.0,0.0
59.0058,0.044798571473542326,0.7755492694647568,0.03191998214301223,-0.6288859462307945,0.0,0.0,9.6308,0.0,0.0,1.0,0.0,0.0,0.0,0.9852,-0.0135,0.0,1.0,0.0
59.0258,0.04504374401384198,0.7756305920472497,0.031676819978831317,-0.6287804266050886,0.0,0.0,9.6226,0.0,0.0,1.0,0.0,0.0,0.0,0.9852,-0.0135,0.0,1.0,0.0
59.046,0.045105627587582194,0.7757677938246313,0.0316164399026494,-0.6286097463071002,0.0,0.0,9.5941,0.0,0.0,1.0,0.0,0.0,0.0,0.9852,-0.0135,0.0,1.0,0.0
59.0661,0.04504336198997971,0.7759290094686269,0.03173755045817378,-0.6284090989925195,0.0,0.0,9.5395,0.0,0.0,1.0,0.0,0.0,0.0,0.9852,-0.0135,0.0,1.0,0.0
59.0862,0.04492168048809203,0.7761174797528932,0.032042772091178784,-0.6281695320539321,0.0,0.0,9.5278,0.0,0.0,1.0,0.0,0.0,0.0,0.9852,-0.0135,0.0,1.0,0.0
59.1063,0.044800885464561284,0.7761993411478803,0.032288638166958976,-0.6280644133434968,0.0,0.0,9.6135,0.0,0.0,1.0,0.0,0.0,0.0,0.9852,-0.0135,0.0,1.0,0.0
59.1264,0.044738027258517894,0.7761671237538939,0.03247029399654306,-0.628099343200104,0.0,0.0,9.6018,0.0,0.0,1.0,0.0,0.0,0.0,0.9852,-0.0135,0.0,1.0,0.0
59.1465,0.04479921923640129,0.7761094739154799,0.03253143304014766,-0.6281630523349813,0.0,0.0,9.6587,0.0,0.0,1.0,0.0,0.0,0.0,0.9852,-0.0135,0.0,1.0,0.0
59.1666,0.04486041107551426,0.7760518120435521,0.03259257212688627,-0.6282267526810755,0.0,0.0,9.6813,0.0,0.0,1.0,0.0,0.0,0.0,0.9852,-0.0135,0.0,1.0,0.0
59.1866,0.044739789636427274,0.7761366984508563,0.032715577414688,-0.6281240860972588,0.0,0.0,9.6043,0.0,0.0,1.0,0.0,0.0,0.0,0.9852,-0.0135,0.0,1.0,0.0
59.2067,0.044617947052502493,0.7763834793758039,0.03283769700703848,-0.6278213260223127,0.0,0.0,9.6757,0.0,0.0,1.0,0.0,0.0,0.0,0.9852,-0.0135,0.0,1.0,0.0
59.2268,0.04455567528071392,0.7765443405879884,0.032958759798389754,-0.6276204259372047,0.0,0.0,9.7379,0.0,0.0,1.0,0.0,0.0,0.0,0.9852,-0.0135,0.0,1.0,0.0
59.2469,0.044495764231125,0.7766243388088142,0.033203570283538486,-0.6275127777628806,0.0,0.0,9.7657,0.0,0.0,1.0,0.0,0.0,0.0,0.9852,-0.0135,0.0,1.0,0.0
59.267,0.044432912081419695,0.7765919855170249,0.033385182579787676,-0.6275476347965978,0.0,0.0,9.7019,0.0,0.0,1.0,0.0,0.0,0.0,0.9852,-0.0135,0.0,1.0,0.0
59.2871,0.04437272163625822,0.77648412887604,0.03344679017798974,-0.6276820623572079,0.0,0.0,9.7275,0.0,0.0,1.0,0.0,0.0,0.0,0.9852,-0.0135,0.0,1.0,0.0
59.3072,0.04424867060501192,0.7764046739097903,0.033445995157646125,-0.6277891388743806,0.0,0.0,9.6541,0.0,0.0,1.0,0.0,0.0,0.0,0.9852,-0.0135,0.0,1.0,0.0
59.3273,0.04412762145317601,0.7762993405508815,0.033507712555588993,-0.627924613376832,0.0,0.0,9.5941,0.0,0.0,1.0,0.0,0.0,0.0,0.9852,-0.0135,0.0,1.0,0.0
59.3474,0.0438844019978184,0.7762521107646646,0.0335693075076286,-0.62799675268918,0.0,0.0,9.5941,0.0,0.0,1.0,0.0,0.0,0.0,0.9852,-0.0135,0.0,1.0,0.0
59.3675,0.04376214368286302,0.7760645480281991,0.033569110216398634,-0.6282370626708892,0.0,0.0,9.5752,0.0,0.0,1.0,0.0,0.0,0.0,0.9852,-0.0135,0.0,1.0,0.0
59.3876,0.04376143371371044,0.7759299592298441,0.033446567191226906,-0.6284098681847826,0.0,0.0,9.5752,0.0,0.0,1.0,0.0,0.0,0.0,0.9852,-0.0135,0.0,1.0,0.0
59.4077,0.04394384670856938,0.7757366410535823,0.0332631270204542,-0.6286455014109149,0.0,0.0,9.5303,0.0,0.0,1.0,0.0,0.0,0.0,0.9852,-0.0135,0.0,1.0,0.0
59.4278,0.044188425727349545,0.7756249199808265,0.033080570085008865,-0.6287758284311873,0.0,0.0,9.5901,0.0,0.0,1.0,0.0,0.0,0.0,0.9852,-0.0135,0.0,1.0,0.0
59.4479,0.0443727269968826,0.775569228311817,0.032897797596363736,-0.6288411310561527,0.0,0.0,9.5795,0.0,0.0,1.0,0.0,0.0,0.0,0.9852,-0.0135,0.0,1.0,0.0
59.468,0.04431242120208956,0.7755203715403518,0.032776311548106396,-0.6289119779861286,0.0,0.0,9.657,0.0,0.0,1.0,0.0,0.0,0.0,0.9852,-0.0135,0.0,1.0,0.0
59.488,0.044006022676155276,0.7753913995565773,0.03283701692080432,-0.6290893241676105,0.0,0.0,9.5635,0.0,0.0,1.0,0.0,0.0,0.0,0.9852,-0.0135,0.0,1.0,0.0
59.5081,0.0436389977724298,0.7753121939252521,0.033141238867412326,-0.629196549665177,0.0,0.0,9.5558,0.0,0.0,1.0,0.0,0.0,0.0,0.9852,-0.0135,0.0,1.0,0.0
59.5282,0.043336011802207475,0.7752871012780791,0.03356978378189235,-0.629225691059853,0.0,0.0,9.6429,0.0,0.0,1.0,0.0,0.0,0.0,0.9852,-0.0135,0.0,1.0,0.0
59.5483,0.043090272669870366,0.7752559142859937,0.033935427196507995,-0.6292613785596688,0.0,0.0,9.6499,0.0,0.0,1.0,0.0,0.0,0.0,0.9852,-0.0135,0.0,1.0,0.0
59.5685,0.042785684731570524,0.7752022878836838,0.03430174724588276,-0.6293283627629004,0.0,0.0,9.6651,0.0,0.0,1.0,0.0,0.0,0.0,0.9852,-0.0135,0.0,1.0,0.0
59.5886,0.042603424867201374,0.7750927296949698,0.03454634451710776,-0.6294622773797416,0.0,0.0,9.5931,0.0,0.0,1.0,0.0,0.0,0.0,0.9852,-0.0135,0.0,1.0,0.0
59.6086,0.04247912254966591,0.7750079914061272,0.03472828265130313,-0.629564995682052,0.0,0.0,9.6439,0.0,0.0,1.0,0.0,0.0,0.0,0.9852,-0.0135,0.0,1.0,0.0
59.6287,0.042357540125518456,0.7749545863424183,0.03485062162789676,-0.629632164103388,0.0,0.0,9.6038,0.0,0.0,1.0,0.0,0.0,0.0,0.9852,-0.0135,0.0,1.0,0.0
59.6488,0.042297219114120606,0.774845013963268,0.03497318117308907,-0.6297642623951517,0.0,0.0,9.5696,0.0,0.0,1.0,0.0,0.0,0.0,0.9852,-0.0135,0.0,1.0,0.0
59.6689,0.04217363535461722,0.7748159286735504,0.03509386444031532,-0.6298016210151925,0.0,0.0,9.6125,0.0,0.0,1.0,0.0,0.0,0.0,0.9852,-0.0135,0.0,1.0,0.0
59.689,0.04205375278512419,0.7747938692330758,0.03515662932285052,-0.6298332743593205,0.0,0.0,9.6167,0.0,0.0,1.0,0.0,0.0,0.0,0.9852,-0.0135,0.0,1.0,0.0
59.7091,0.04180848008010285,0.7747703651477458,0.03521656205556184,-0.629875167028521,0.0,0.0,9.6306,0.0,0.0,1.0,0.0,0.0,0.0,0.9852,-0.0135,0.0,1.0,0.0
59.7292,0.04174749747009127,0.774770673801794,0.03527757535091231,-0.6298754179590277,0.0,0.0,9.6721,0.0,0.0,1.0,0.0,0.0,0.0,0.9852,-0.0135,0.0,1.0,0.0
59.7493,0.04162571063469595,0.7747746140765314,0.03527775476314821,-0.6298786213355633,0.0,0.0,9.6697,0.0,0.0,1.0,0.0,0.0,0.0,0.9852,-0.0135,0.0,1.0,0.0
59.7694,0.04156518374748924,0.7747224248206694,0.03527815595438294,-0.6299467848100171,0.0,0.0,9.668,0.0,0.0,1.0,0.0,0.0,0.0,0.9852,-0.0135,0.0,1.0,0.0
59.7897,0.04168600691954144,0.7746395458602959,0.03509416395618087,-0.6300509903751246,0.0,0.0,9.6439,0.0,0.0,1.0,0.0,0.0,0.0,0.9852,-0.0135,0.0,1.0,0.0
59.8098,0.04193067018298963,0.7745299077258376,0.034850725872203836,-0.6301830431250841,0.0,0.0,9.5961,0.0,0.0,1.0,0.0,0.0,0.0,0.9852,-0.0135,0.0,1.0,0.0
59.8299,0.042418086451551984,0.7743363232989606,0.03430126126172561,-0.6304184228252623,0.0,0.0,9.6231,0.0,0.0,1.0,0.0,0.0,0.0,0.9852,-0.0135,0.0,1.0,0.0
59.85,0.04272518062437275,0.7741732728840407,0.03393614346796292,-0.6306176659903759,0.0,0.0,9.5941,0.0,0.0,1.0,0.0,0.0,0.0,0.9852,-0.0135,0.0,1.0,0.0
59.8701,0.042907763419816614,0.7739827324977548,0.033629814575567296,-0.6308555216570835,0.0,0.0,9.6078,0.0,0.0,1.0,0.0,0.0,0.0,0.9852,-0.0135,0.0,1.0,0.0
59.8902,0.04296835706924018,0.7737924218298399,0.033446499543738184,-0.6310945570021598,0.0,0.0,9.5785,0.0,0.0,1.0,0.0,0.0,0.0,0.9852,-0.0135,0.0,1.0,0.0
59.9103,0.04290673929876788,0.7736592680653802,0.033324020861644495,-0.631268451843509,0.0,0.0,9.6463,0.0,0.0,1.0,0.0,0.0,0.0,0.9852,-0.0135,0.0,1.0,0.0
59.9303,0.04302905834401748,0.7736040703034427,0.0332022733952223,-0.6313341837643214,0.0,0.0,9.6439,0.0,0.0,1.0,0.0,0.0,0.0,0.9852,-0.0135,0.0,1.0,0.0
59.9504,0.04321430197552234,0.77352230494908,0.03308199670590478,-0.6314280238831512,0.0,0.0,9.5991,0.0,0.0,1.0,0.0,0.0,0.0,0.9852,-0.0135,0.0,1.0,0.0
59.9705,0.04339601681183714,0.7734382996339225,0.032837012721225585,-0.6315312446584094,0.0,0.0,9.5916,0.0,0.0,1.0,0.0,0.0,0.0,0.9852,-0.0135,0.0,1.0,0.0
59.9905,0.04339601681183714,0.7734382996339225,0.032837012721225585,-0.6315312446584094,0.0,0.0,9.5916,0.0,0.0,1.0,0.0,0.0,0.0,0.9852,-0.0135,0.0,1.0,0.0
60.0106,0.043699600363325715,0.7733512306488954,0.0325309580792137,-0.6316327696916724,0.0,0.0,9.5578,0.0,0.0,1.0,0.0,0.0,0.0,0.9852,-0.0135,0.0,1.0,0.0
60.0307,0.043701661865391705,0.773326712098932,0.03253249270737357,-0.6316625665833803,0.0,0.0,9.6008,0.0,0.0,1.0,0.0,0.0,0.0,0.9852,-0.0135,0.0,1.0,0.0
60.0507,0.043641067483145446,0.773272914656557,0.032593797261186164,-0.6317294524300583,0.0,0.0,9.6008,0.0,0.0,1.0,0.0,0.0,0.0,0.9852,-0.0135,0.0,1.0,0.0
60.0708,0.043641067483145446,0.773272914656557,0.032593797261186164,-0.6317294524300583,0.0,0.0,9.6008,0.0,0.0,1.0,0.0,0.0,0.0,0.9852,-0.0135,0.0,0.0,0.0
60.0909,0.043641067483145446,0.773272914656557,0.032593797261186164,-0.6317294524300583,0.0,0.0,9.6008,0.0,0.0,1.0,0.0,0.0,0.0,0.9082,-0.0135,0.0,0.0,0.0
60.111,0.043641067483145446,0.773272914656557,0.032593797261186164,-0.6317294524300583,0.0,0.0,9.6008,0.0,0.0,1.0,0.0,0.0,0.0,0.585,-0.0135,0.0,0.0,0.0
60.131,0.043641067483145446,0.773272914656557,0.032593797261186164,-0.6317294524300583,0.0,0.0,9.6008,0.0,0.0,1.0,0.0,0.0,0.0,0.4349,-0.0135,0.0,0.0,0.0
60.1511,0.043641067483145446,0.773272914656557,0.032593797261186164,-0.6317294524300583,0.0,0.0,9.6008,0.0,0.0,1.0,0.0,0.0,0.0,0.3156,-0.0135,0.0,0.0,0.0
60.1712,0.043641067483145446,0.773272914656557,0.032593797261186164,-0.6317294524300583,0.0,0.0,9.6008,0.0,0.0,1.0,0.0,0.0,0.0,0.2309,-0.0135,0.0,0.0,0.0
60.1913,0.043641067483145446,0.773272914656557,0.032593797261186164,-0.6317294524300583,0.0,0.0,9.6008,0.0,0.0,1.0,0.0,0.0,0.0,0.1693,-0.0135,0.0,0.0,0.0
60.2113,0.043641067483145446,0.773272914656557,0.032593797261186164,-0.6317294524300583,0.0,0.0,9.6008,0.0,0.0,1.0,0.0,0.0,0.0,0.127,-0.0135,0.0,0.0,0.0
60.2314,0.043641067483145446,0.773272914656557,0.032593797261186164,-0.6317294524300583,0.0,0.0,9.6008,0.0,0.0,1.0,0.0,0.0,0.0,0.0808,-0.0135,0.0,0.0,0.0
60.2515,0.043641067483145446,0.773272914656557,0.032593797261186164,-0.6317294524300583,0.0,0.0,10.3489,0.0,0.0,1.0,0.0,0.0,0.0,0.0539,-0.0135,0.0,0.0,0.0
60.2715,0.043641067483145446,0.773272914656557,0.032593797261186164,-0.6317294524300583,0.0,0.0,9.4827,0.0,0.0,1.0,0.0,0.0,0.0,0.0346,-0.0135,0.0,0.0,0.0
60.2916,0.043641067483145446,0.773272914656557,0.032593797261186164,-0.6317294524300583,0.0,0.0,9.1549,0.0,0.0,1.0,0.0,0.0,0.0,0.0231,-0.0135,0.0,0.0,0.0
60.3117,0.043641067483145446,0.773272914656557,0.032593797261186164,-0.6317294524300583,0.0,0.0,9.2252,0.0,0.0,1.0,0.0,0.0,0.0,-0.0308,-0.0135,0.0,0.0,0.0
60.3317,0.043641067483145446,0.773272914656557,0.032593797261186164,-0.6317294524300583,0.0,0.0,9.5995,0.0,0.0,1.0,0.0,0.0,0.0,0.0308,-0.0135,0.0,0.0,0.0
60.3518,0.04083343858966432,0.7672812413246028,0.033997365163784765,-0.6391058646000998,0.0,0.0,9.255,0.0,0.0,1.0,0.0,0.0,0.0,-0.0385,-0.0135,0.0,0.0,0.0
60.3719,0.0409558111473331,0.7672271952623062,0.033813669694171156,-0.6391726590875213,0.0,0.0,9.4528,0.0,0.0,1.0,0.0,0.0,0.0,0.0539,-0.0135,0.0,0.0,0.0
60.3919,0.04113835342576111,0.7669745891936682,0.03369128944691824,-0.6394704937868713,0.0,0.0,9.3029,0.0,0.0,1.0,0.0,0.0,0.0,-0.0577,-0.0135,0.0,0.0,0.0
60.412,0.041198778039894746,0.7670858672934493,0.03356881914661114,-0.6393395555319399,0.0,0.0,9.5953,0.0,0.0,1.0,0.0,0.0,0.0,0.0616,-0.0135,0.0,0.0,0.0
60.4321,0.041321618539053195,0.7669184799237594,0.0335085015853101,-0.6395355731421439,0.0,0.0,9.3632,0.0,0.0,1.0,0.0,0.0,0.0,-0.0616,-0.0135,0.0,0.0,0.0
60.4521,0.04126145174714596,0.7671169903227868,0.033448176844081245,-0.6393044933547977,0.0,0.0,9.6051,0.0,0.0,1.0,0.0,0.0,0.0,0.0654,-0.0135,0.0,0.0,0.0
60.4722,0.04126040078664439,0.7669754500855814,0.03350832548615823,-0.6394712115615988,0.0,0.0,9.4548,0.0,0.0,1.0,0.0,0.0,0.0,-0.0539,-0.0135,0.0,0.0,0.0
60.4923,0.04095342457618034,0.7670604922022265,0.03368970400185811,-0.6393794039240148,0.0,0.0,9.717,0.0,0.0,1.0,0.0,0.0,0.0,0.05,-0.0135,0.0,0.0,0.0
60.5123,0.04077202662419843,0.7669263109142324,0.033875852981156473,-0.639542103428102,0.0,0.0,9.4722,0.0,0.0,1.0,0.0,0.0,0.0,-0.0423,-0.0135,0.0,0.0,0.0
60.5324,0.04064815544355316,0.7669520648535295,0.03399629365087653,-0.639512712691427,0.0,0.0,9.6807,0.0,0.0,1.0,0.0,0.0,0.0,0.0385,-0.0135,0.0,0.0,0.0
60.5525,0.04071000120063973,0.7667850226144077,0.033997001002656686,-0.6397090188666185,0.0,0.0,9.5366,0.0,0.0,1.0,0.0,0.0,0.0,-0.0308,-0.0135,0.0,0.0,0.0
60.5725,0.04071029057631331,0.7667294726561841,0.03399724266084325,-0.6397755665020524,0.0,0.0,9.8382,0.0,0.0,1.0,0.0,0.0,0.0,0.0231,-0.0135,0.0,0.0,0.0
60.5926,0.040650104251706516,0.7666228251510927,0.033936921889491,-0.63991038303371,0.0,0.0,9.6474,0.0,0.0,1.0,0.0,0.0,0.0,-0.0115,-0.0135,0.0,0.0,0.0
60.6127,0.04058753466104248,0.7665932109545801,0.03399661022645778,-0.6399466629662162,0.0,0.0,9.8428,0.0,0.0,1.0,0.0,0.0,0.0,0.0038,-0.0135,0.0,0.0,0.0
60.6328,0.04046565213770725,0.7665954099755519,0.03405770722349716,-0.639948498693578,0.0,0.0,9.6181,0.0,0.0,1.0,0.0,0.0,0.0,0.0115,-0.0135,0.0,0.0,0.0
60.6528,0.04034258851503825,0.7665141816107963,0.034056808438557795,-0.6400536061459361,0.0,0.0,9.6149,0.0,0.0,1.0,0.0,0.0,0.0,-0.0192,-0.0135,0.0,0.0,0.0
60.6729,0.0404662161369706,0.7665450942482468,0.03387518093312608,-0.6400184184476652,0.0,0.0,9.4798,0.0,0.0,1.0,0.0,0.0,0.0,0.0308,-0.0135,0.0,0.0,0.0
60.693,0.040770661198477054,0.7662896321833697,0.03369072003232432,-0.6403146790269756,0.0,0.0,9.3638,0.0,0.0,1.0,0.0,0.0,0.0,-0.0423,-0.0135,0.0,0.0,0.0
60.713,0.0410780851240945,0.7663162431105766,0.03344788356368755,-0.6402759136126701,0.0,0.0,9.6032,0.0,0.0,1.0,0.0,0.0,0.0,0.0539,-0.0135,0.0,0.0,0.0
60.7331,0.04119923997700198,0.7661784628301535,0.03320319340169431,-0.6404457304631443,0.0,0.0,9.33,0.0,0.0,1.0,0.0,0.0,0.0,-0.0539,-0.0135,0.0,0.0,0.0
60.7532,0.04132202786981832,0.7663760633147877,0.0329598198630563,-0.6402139250793046,0.0,0.0,9.6663,0.0,0.0,1.0,0.0,0.0,0.0,0.0539,-0.0135,0.0,0.0,0.0
60.7732,0.04162577333916523,0.766230827716698,0.032775821528959914,-0.6403775130136927,0.0,0.0,9.3661,0.0,0.0,1.0,0.0,0.0,0.0,-0.0616,-0.0135,0.0,0.0,0.0
60.7933,0.04174879887495942,0.7663716647364497,0.03259362368811825,-0.6402102506024552,0.0,0.0,9.7282,0.0,0.0,1.0,0.0,0.0,0.0,0.0654,-0.0135,0.0,0.0,0.0
60.8134,0.041992356776074435,0.7661195091157533,0.03234927484638117,-0.6405084418971709,0.0,0.0,9.559,0.0,0.0,1.0,0.0,0.0,0.0,-0.0577,-0.0135,0.0,0.0,0.0
60.8335,0.042542205390307015,0.7661166987491014,0.031738153229222195,-0.6405060923113114,0.0,0.0,9.5355,0.0,0.0,1.0,0.0,0.0,0.0,0.0539,-0.0135,0.0,0.0,0.0
60.8535,0.04303038260430392,0.7659978108634298,0.031433279488754184,-0.6406306961627287,0.0,0.0,9.2905,0.0,0.0,1.0,0.0,0.0,0.0,-0.05,-0.0135,0.0,0.0,0.0
60.8736,0.043456778371190996,0.7663530916126478,0.03106684155965206,-0.640194735018058,0.0,0.0,9.755,0.0,0.0,1.0,0.0,0.0,0.0,0.0423,-0.0135,0.0,0.0,0.0
60.8937,0.043882777880030144,0.7664576544231989,0.030700145011731295,-0.6400581746043706,0.0,0.0,9.322,0.0,0.0,1.0,0.0,0.0,0.0,-0.0269,-0.0135,0.0,0.0,0.0
60.9137,0.04449454220159221,0.7668381101050047,0.03027268852834708,-0.6395804194424038,0.0,0.0,9.7556,0.0,0.0,1.0,0.0,0.0,0.0,0.0192,-0.0135,0.0,0.0,0.0
60.9338,0.04516518897801558,0.7667712312471267,0.029784465166501295,-0.6396365141790228,0.0,0.0,9.478,0.0,0.0,1.0,0.0,0.0,0.0,-0.0115,-0.0135,0.0,0.0,0.0
60.9539,0.045653735251310064,0.7669025526870911,0.029418829398481897,-0.6394612917264423,0.0,0.0,9.7282,0.0,0.0,1.0,0.0,0.0,0.0,0.0077,-0.0135,0.0,0.0,0.0
60.9739,0.046020838617995725,0.7667823111123152,0.029296897264106173,-0.6395847571579937,0.0,0.0,9.478,0.0,0.0,1.0,0.0,0.0,0.0,0.0038,-0.0135,0.0,0.0,0.0
60.994,0.04620469741651739,0.766918575915702,0.029175440375874384,-0.6394136513486035,0.0,0.0,9.5096,0.0,0.0,1.0,0.0,0.0,0.0,-0.0115,-0.0135,0.0,0.0,0.0
61.0141,0.04650945612405405,0.7669145212266429,0.028870283134478203,-0.6394102707765092,0.0,0.0,9.5281,0.0,0.0,1.0,0.0,0.0,0.0,0.0231,-0.0135,0.0,0.0,0.0
61.0341,0.04717919125092673,0.7669548528050186,0.02844151245355797,-0.6393320405244014,0.0,0.0,9.705,0.0,0.0,1.0,0.0,0.0,0.0,-0.0269,-0.0135,0.0,0.0,0.0
61.0542,0.0480966080269975,0.7668556944251275,0.027771351079460826,-0.639412083310344,0.0,0.0,9.7747,0.0,0.0,1.0,0.0,0.0,0.0,0.0385,-0.0135,0.0,0.0,0.0
61.0743,0.0480966080269975,0.7668556944251275,0.027771351079460826,-0.639412083310344,0.0,0.0,9.7747,0.0,0.0,1.0,0.0,0.0,0.0,-0.0423,-0.0135,0.0,0.0,0.0
61.0955,0.04888893701417413,0.7667840121175216,0.027160965007301918,-0.6394641761494171,0.0,0.0,9.7289,0.0,0.0,1.0,0.0,0.0,0.0,0.05,-0.0135,0.0,0.0,0.0
61.1155,0.04882723239426069,0.7665899485521633,0.02722157205366938,-0.6396989433869932,0.0,0.0,9.3283,0.0,0.0,1.0,0.0,0.0,0.0,-0.0539,-0.0135,0.0,0.0,0.0
61.1356,0.048645406954437254,0.7667304142611564,0.027527230285431248,-0.6395313501478763,0.0,0.0,9.5506,0.0,0.0,1.0,0.0,0.0,0.0,0.0577,-0.0135,0.0,0.0,0.0
61.1557,0.04864681130348647,0.7667525490770765,0.02789403859981826,-0.6394888105701305,0.0,0.0,9.6946,0.0,0.0,1.0,0.0,0.0,0.0,-0.0616,-0.0135,0.0,0.0,0.0
61.1758,0.048583055334094294,0.7671360835379093,0.02807545409105966,-0.6390255745634152,0.0,0.0,9.7344,0.0,0.0,1.0,0.0,0.0,0.0,0.0577,-0.0135,0.0,0.0,0.0
61.1958,0.04870801252005241,0.767243701012903,0.0281991651344895,-0.638881397332938,0.0,0.0,9.6696,0.0,0.0,1.0,0.0,0.0,0.0,-0.0577,-0.0135,0.0,0.0,0.0
61.2159,0.048704502821341644,0.7674324090924236,0.028258131343742,-0.6386523677968201,0.0,0.0,9.5361,0.0,0.0,1.0,0.0,0.0,0.0,0.0577,-0.0135,0.0,0.0,0.0
61.236,0.048705183249466266,0.7673211325821454,0.028319525102141363,-0.6387832880684018,0.0,0.0,9.44,0.0,0.0,1.0,0.0,0.0,0.0,-0.0539,-0.0135,0.0,0.0,0.0
61.256,0.048705099022715526,0.7673198056398878,0.02838047500028118,-0.6387821834089542,0.0,0.0,9.4018,0.0,0.0,1.0,0.0,0.0,0.0,0.05,-0.0135,0.0,0.0,0.0
61.2761,0.0487054807256081,0.767264819791802,0.02838069741866478,-0.6388481889081092,0.0,0.0,9.3958,0.0,0.0,1.0,0.0,0.0,0.0,-0.0423,-0.0135,0.0,0.0,0.0
61.2962,0.048705848929643525,0.7675146194089696,0.02838091197126069,-0.6385480194231494,0.0,0.0,9.6671,0.0,0.0,1.0,0.0,0.0,0.0,0.0346,-0.0135,0.0,0.0,0.0
61.3162,0.048767920995151814,0.7679585031004749,0.02832053484082886,-0.6380120490271465,0.0,0.0,9.7227,0.0,0.0,1.0,0.0,0.0,0.0,-0.0192,-0.0135,0.0,0.0,0.0
61.3363,0.04882792000743262,0.768370741213054,0.028319953604704233,-0.6375109555947074,0.0,0.0,9.9807,0.0,0.0,1.0,0.0,0.0,0.0,0.0115,-0.0135,0.0,0.0,0.0
61.3564,0.048765979981539795,0.7685389247793039,0.028258408930185157,-0.6373156695235461,0.0,0.0,9.6713,0.0,0.0,1.0,0.0,0.0,0.0,0.0077,0.0,0.0,0.0,0.0
61.3764,0.04864371369463289,0.7683516821661519,0.028136255981619788,-0.6375561408454758,0.0,0.0,9.7257,0.0,0.0,1.0,0.0,0.0,0.0,-0.0115,0.0,0.0,0.0,0.0
61.3965,0.048645549494377105,0.7684416802263889,0.02789331507959031,-0.637458200652486,0.0,0.0,9.5995,0.0,0.0,1.0,0.0,0.0,0.0,0.0308,0.0,0.0,0.0,0.0
61.4166,0.048888828435786444,0.7684913031547242,0.02770990275840484,-0.637387763232751,0.0135,0.0,9.6493,0.0,0.0,1.0,0.0,0.0,0.0,-0.0385,0.0,0.0,0.0,0.0
61.4366,0.04919441393229684,0.768988470433092,0.027222229053644575,-0.6367853580478923,0.0135,0.0,9.8321,0.0,0.0,1.0,0.0,0.0,0.0,0.0423,0.0,0.0,0.0,0.0
61.4567,0.04949944213908475,0.7690953322613862,0.026793698033831193,-0.6366508249168767,0.0135,0.0,9.5901,0.0,0.0,1.0,0.0,0.0,0.0,-0.0462,0.0,0.0,0.0,0.0
61.4768,0.04962226603138786,0.7692911242692412,0.02648914201171737,-0.6364174119160791,0.0135,0.0,9.6628,0.0,0.0,1.0,0.0,0.0,0.0,0.0539,0.0,0.0,0.0,0.0
61.4968,0.049683678587322144,0.7692365063504912,0.02636736012945945,-0.6364836931921554,0.0135,0.0,9.5564,0.0,0.0,1.0,0.0,0.0,0.0,-0.0577,0.0,0.0,0.0,0.0
61.5169,0.0496823899482638,0.7693995525170332,0.026427675493684414,-0.6362841870450802,0.0135,0.0,9.782,0.0,0.0,1.0,0.0,0.0,0.0,0.0577,0.0,0.0,0.0,0.0
61.537,0.049620339631999244,0.7692612594107808,0.026488113669582758,-0.6364537033428054,0.0135,0.0,9.7523,0.0,0.0,1.0,0.0,0.0,0.0,-0.0616,0.0,0.0,0.0,0.0
61.557,0.04937618648904751,0.7692133266140927,0.026610561570367786,-0.6365255127486956,0.0135,0.0,9.8551,0.0,0.0,1.0,0.0,0.0,0.0,0.0616,0.0,0.0,0.0,0.0
61.5771,0.049313972090104526,0.7688283839159249,0.02654890824463219,-0.6369978051084179,0.0135,0.0,9.7127,0.0,0.0,1.0,0.0,0.0,0.0,-0.0539,0.0,0.0,0.0,0.0
61.5972,0.04950045188985641,0.7684400150924859,0.026428241263538044,-0.6374568193462803,0.0135,0.0,9.9124,0.0,0.0,1.0,0.0,0.0,0.0,0.0539,0.0,0.0,0.0,0.0
61.6172,0.04931752736471374,0.7680287858653774,0.026611824168675583,-0.6379587575942514,0.0135,0.0,9.3063,0.0,0.0,1.0,0.0,0.0,0.0,-0.0346,0.0,0.0,0.0,0.0
61.6373,0.04864441444983909,0.7681787531584534,0.027099673791564367,-0.6378093224617739,0.0135,0.0,9.4104,0.0,0.0,1.0,0.0,0.0,0.0,0.0269,-0.0135,0.0,0.0,0.0
61.6574,0.048461748542016514,0.7681230143686506,0.027465857485349965,-0.6378746902002481,0.0,0.0,9.4547,0.0,0.0,1.0,0.0,0.0,0.0,-0.0115,-0.0135,0.0,0.0,0.0
61.6775,0.04840222765518454,0.7682074845143883,0.02758869974899758,-0.637772176204208,0.0,0.0,9.5522,0.0,0.0,1.0,0.0,0.0,0.0,0.0038,-0.0135,0.0,0.0,0.0
61.6975,0.0483995545459706,0.7677380714813515,0.02734318339507507,-0.6383479357213195,0.0,0.0,9.2408,0.0,0.0,1.0,0.0,0.0,0.0,0.0038,-0.0135,0.0,0.0,0.0
61.7176,0.0483389599320968,0.7674394876633694,0.02716041561265381,-0.638719257226065,0.0,0.0,9.3879,0.0,0.0,1.0,0.0,0.0,0.0,-0.0115,-0.0135,0.0,0.0,0.0
61.7377,0.04858514362531585,0.7671080566347682,0.02679463070757293,-0.6391140438373902,0.0,0.0,9.2959,0.0,0.0,1.0,0.0,0.0,0.0,0.0231,-0.0135,0.0,0.0,0.0
61.7578,0.04895083410264128,0.7671030711296245,0.026367449290793654,-0.6391098901769958,0.0,0.0,9.6677,0.0,0.0,1.0,0.0,0.0,0.0,-0.0308,-0.0135,0.0,0.0,0.0
61.7778,0.049134172552523614,0.7670473050452777,0.02606262196617093,-0.6391752534685647,0.0,0.0,9.3968,0.0,0.0,1.0,0.0,0.0,0.0,0.0462,-0.0135,0.0,0.0,0.0
61.7979,0.049192112163455814,0.7668775696820632,0.025939004543644506,-0.6393794626532159,0.0,0.0,9.6646,0.0,0.0,1.0,0.0,0.0,0.0,-0.05,-0.0135,0.0,0.0,0.0
61.818,0.04937750909207578,0.7667929057894827,0.025818266191530714,-0.6394715930810742,0.0,0.0,9.3931,0.0,0.0,1.0,0.0,0.0,0.0,0.0539,-0.0135,0.0,0.0,0.0
61.838,0.04974345576746325,0.7668376101933121,0.025634719536002826,-0.6393970044937893,0.0,0.0,9.7002,0.0,0.0,1.0,0.0,0.0,0.0,-0.0539,-0.0135,0.0,0.0,0.0
61.8581,0.0499866110716764,0.7671906828343404,0.025512291115301344,-0.6389592458739413,0.0,0.0,9.7044,0.0,0.0,1.0,0.0,0.0,0.0,0.0616,-0.0135,0.0,0.0,0.0
61.8782,0.05010984680255648,0.7675756533428995,0.02551292200107025,-0.6384870479967567,0.0,0.0,9.6378,0.0,0.0,1.0,0.0,0.0,0.0,-0.0616,-0.0135,0.0,0.0,0.0
61.8982,0.05011117051911107,0.7679619383980891,0.025696600232669786,-0.6380149030371757,0.0,0.0,9.6362,0.0,0.0,1.0,0.0,0.0,0.0,0.0616,-0.0135,0.0,0.0,0.0
61.9183,0.0501713838218863,0.7680108754485215,0.025879197981435623,-0.6379438804080108,0.0,0.0,9.5189,0.0,0.0,1.0,0.0,0.0,0.0,-0.0539,-0.0135,0.0,0.0,0.0
61.9384,0.04998764969732605,0.7681216171692791,0.026183816509458002,-0.6378125303472706,0.0,0.0,9.6463,0.0,0.0,1.0,0.0,0.0,0.0,0.05,-0.0135,0.0,0.0,0.0
61.9584,0.04998990439843337,0.768340270430198,0.026490009154399308,-0.6375362873660491,0.0,0.0,9.7954,0.0,0.0,1.0,0.0,0.0,0.0,-0.0385,-0.0135,0.0,0.0,0.0
61.9785,0.049987662283669576,0.768610807270245,0.026671819805354047,-0.6372026950626204,0.0,0.0,9.2712,0.0,0.0,1.0,0.0,0.0,0.0,0.0308,-0.0135,0.0,0.0,0.0
61.9986,0.0502321924241248,0.7687409448108153,0.026672102172644208,-0.6370264402529403,0.0,0.0,9.4486,0.0,0.0,1.0,0.0,0.0,0.0,-0.0192,-0.0135,0.0,0.0,0.0
62.0187,0.050292392834846655,0.7688507178931512,0.02654967947358844,-0.6368943109637434,0.0,0.0,9.6134,0.0,0.0,1.0,0.0,0.0,0.0,0.0115,-0.0135,0.0,0.0,0.0
62.0387,0.05035559912230392,0.7688234152128552,0.02655084316433992,-0.6369222264803907,0.0,0.0,9.5487,0.0,0.0,1.0,0.0,0.0,0.0,0.0038,-0.0135,0.0,0.0,0.0
62.0588,0.05035559912230392,0.7688234152128552,0.02655084316433992,-0.6369222264803907,0.0,0.0,9.5487,0.0,0.0,1.0,0.0,0.0,0.0,-0.0115,-0.0135,0.0,0.0,0.0
62.0789,0.05047680433465007,0.7688722517778552,0.02661142404606892,-0.6368511480561625,0.0,0.0,9.5942,0.0,0.0,1.0,0.0,0.0,0.0,0.0231,-0.0135,0.0,0.0,0.0
62.0989,0.05065818679858236,0.7687866588871343,0.026305577724066942,-0.6369527751788512,0.0,0.0,9.5448,0.0,0.0,1.0,0.0,0.0,0.0,-0.0346,-0.0135,0.0,0.0,0.0
62.119,0.05065818679858236,0.7687866588871343,0.026305577724066942,-0.6369527751788512,0.0,0.0,9.5448,0.0,0.0,1.0,0.0,0.0,0.0,0.0462,-0.0135,0.0,0.0,0.0
62.1391,0.05072108639725165,0.7691204738263376,0.026184560848297456,-0.6365496342855084,0.0,0.0,9.6501,0.0,0.0,1.0,0.0,0.0,0.0,-0.0539,-0.0135,0.0,0.0,0.0
62.1592,0.05084214278618943,0.769472161002502,0.026306073878555217,-0.6361097864646829,0.0,0.0,9.8838,0.0,0.0,1.0,0.0,0.0,0.0,0.0654,-0.0135,0.0,0.0,0.0
62.1792,0.050598259465655666,0.7697789473926859,0.026611136460740984,-0.635745260073815,0.0,0.0,9.6201,0.0,0.0,1.0,0.0,0.0,0.0,-0.0654,-0.0135,0.0,0.0,0.0
62.1993,0.05035226788126391,0.7698095185415389,0.026793078317722378,-0.635720131218383,0.0,0.0,9.5564,0.0,0.0,1.0,0.0,0.0,0.0,0.0693,-0.0135,0.0,0.0,0.0
62.2194,0.05029337456276035,0.7698417334399853,0.0267941995513214,-0.6356857343055707,0.0,0.0,9.5609,0.0,0.0,1.0,0.0,0.0,0.0,-0.0616,0.0,0.0,0.0,0.0
62.2394,0.05041500362468759,0.7695920553313621,0.026611001913251442,-0.6359860457254904,0.0135,0.0,9.508,0.0,0.0,1.0,0.0,0.0,0.0,0.0577,0.0,0.0,0.0,0.0
62.2595,0.05029418811313641,0.7691831706209726,0.02661162865366301,-0.6364900359753544,0.0135,0.0,9.8527,0.0,0.0,1.0,0.0,0.0,0.0,-0.0423,0.0,0.0,0.0,0.0
62.2796,0.04962217786369605,0.768923756098727,0.02691709648053514,-0.6368432826749034,0.0135,0.0,9.6884,0.0,0.0,1.0,0.0,0.0,0.0,0.0346,0.0,0.0,0.0,0.0
62.2996,0.04876802314576539,0.7689981334647806,0.02752757752442203,-0.6367933598285824,0.0135,0.0,9.8288,0.0,0.0,1.0,0.0,0.0,0.0,-0.0192,0.0,0.0,0.0,0.0
62.3197,0.048096051999315215,0.7698368323133904,0.02813703042050769,-0.6358036874027073,0.0135,0.0,9.9113,0.0,0.0,1.0,0.0,0.0,0.0,0.0115,0.0,0.0,0.0,0.0
62.3398,0.047728348636293105,0.7705584839472808,0.028502611015949864,-0.6349403347705942,0.0135,0.0,9.782,0.0,0.0,1.0,0.0,0.0,0.0,0.0077,0.0,0.0,0.0,0.0
62.3598,0.047791490487085586,0.7710039128618584,0.02825929002687877,-0.6344055109438314,0.0135,0.0,9.885,0.0,0.0,1.0,0.0,0.0,0.0,-0.0154,0.0,0.0,0.0,0.0
62.3799,0.04821688646633426,0.7706122032757718,0.027709360072631084,-0.6348733380654117,0.0135,0.0,9.4275,0.0,0.0,1.0,0.0,0.0,0.0,0.0308,0.0,0.0,0.0,0.0
62.4,0.0484611631918287,0.7703116985626982,0.027160531002708713,-0.6352430308749533,0.0135,0.0,9.4565,0.0,0.0,1.0,0.0,0.0,0.0,-0.0423,0.0,0.0,0.0,0.0
62.42,0.04833836183071827,0.7699319072911921,0.026977085756498265,-0.6357204556678637,0.0135,0.0,9.4345,0.0,0.0,1.0,0.0,0.0,0.0,0.0539,0.0,0.0,0.0,0.0
62.4401,0.04809689081554991,0.770217265402716,0.02710050193574126,-0.6353877681890567,0.0135,0.0,9.674,0.0,0.0,1.0,0.0,0.0,0.0,-0.0577,0.0,0.0,0.0,0.0
62.4602,0.047790691482213155,0.7704420263312478,0.02734382347909936,-0.635127899865686,0.0135,0.0,9.515,0.0,0.0,1.0,0.0,0.0,0.0,0.0654,0.0,0.0,0.0,0.0
62.4802,0.047790691482213155,0.7704420263312478,0.02734382347909936,-0.635127899865686,0.0135,0.0,9.515,0.0,0.0,1.0,0.0,0.0,0.0,-0.0654,0.0,0.0,0.0,0.0
62.5003,0.04742405162333718,0.7705088387355414,0.02740502983167925,-0.6350716913057607,0.0135,0.0,9.8553,0.0,0.0,1.0,0.0,0.0,0.0,0.0654,0.0,0.0,0.0,0.0
62.5204,0.04766769881695815,0.7702591332035207,0.02703882915817185,-0.6353719854729292,0.0135,0.0,9.3903,0.0,0.0,1.0,0.0,0.0,0.0,-0.0577,0.0,0.0,0.0,0.0
62.5404,0.0481580648330584,0.7702810318452327,0.02655058706559177,-0.6353290478936495,0.0135,0.0,9.4316,0.0,0.0,1.0,0.0,0.0,0.0,0.05,0.0,0.0,0.0,0.0
62.5605,0.04833977756807074,0.7698934573919097,0.026183879516805234,-0.635800074412744,0.0135,0.0,9.2743,0.0,0.0,1.0,0.0,0.0,0.0,-0.0346,0.0,0.0,0.0,0.0
62.5806,0.04827883204381167,0.7699553214190259,0.025939909758207147,-0.6357397883385514,0.0135,0.0,9.4216,0.0,0.0,1.0,0.0,0.0,0.0,0.0269,0.0,0.0,0.0,0.0
62.6006,0.04834031363135288,0.7699019951145567,0.02575716711217957,-0.63580712510871,0.0135,0.0,9.6061,0.0,0.0,1.0,0.0,0.0,0.0,-0.0115,0.0,0.0,0.0,0.0
62.6207,0.04864406644772263,0.7700052224498992,0.025512510376827117,-0.6356688005664454,0.0135,0.0,9.7962,0.0,0.0,1.0,0.0,0.0,0.0,0.0,0.0,0.0,0.0,0.0
62.6408,0.04901128045101942,0.7697794048108273,0.02514614389058261,-0.6359286388936057,0.0135,0.0,9.5941,0.0,0.0,1.0,0.0,0.0,0.0,0.0154,0.0,0.0,0.0,0.0
62.6608,0.04913433926328259,0.7696129774755915,0.025024682102138873,-0.6361253389796717,0.0135,0.0,10.0035,0.0,0.0,1.0,0.0,0.0,0.0,-0.0269,0.0,0.0,0.0,0.0
62.6809,0.04901038616282333,0.7693383643181287,0.025023686587470007,-0.6364670284830545,0.0135,0.0,9.3913,0.0,0.0,1.0,0.0,0.0,0.0,0.0423,0.0,0.0,0.0,0.0
62.701,0.04900959791593712,0.7691429960827525,0.025084282379900125,-0.6367007850367792,0.0135,0.0,9.7175,0.0,0.0,1.0,0.0,0.0,0.0,-0.05,0.0,0.0,0.0,0.0
62.721,0.04925506372173583,0.7691659950772295,0.02496303229490793,-0.6366588236514646,0.0135,0.0,9.4736,0.0,0.0,1.0,0.0,0.0,0.0,0.0616,0.0,0.0,0.0,0.0
62.7411,0.049561662764916914,0.7692972874525266,0.02478033137577218,-0.6364835113960677,0.0135,0.0,9.7152,0.0,0.0,1.0,0.0,0.0,0.0,-0.0616,0.0,0.0,0.0,0.0
62.7612,0.049561662764916914,0.7692972874525266,0.02478033137577218,-0.6364835113960677,0.0135,0.0,9.5495,0.0,0.0,1.0,0.0,0.0,0.0,0.0693,0.0,0.0,0.0,0.0
62.7812,0.049315516742112216,0.7692184621921491,0.024962755382296923,-0.6365907618516997,0.0135,0.0,10.0003,0.0,0.0,1.0,0.0,0.0,0.0,-0.0616,0.0,0.0,0.0,0.0
62.8013,0.049377564296275434,0.7690517888713488,0.024963285285212355,-0.6367872773271421,0.0135,0.0,9.2661,0.0,0.0,1.0,0.0,0.0,0.0,0.0616,0.0,0.0,0.0,0.0
62.8214,0.0498048889541971,0.7690412853328501,0.02465794502223867,-0.6367785802279614,0.0135,0.0,9.891,0.0,0.0,1.0,0.0,0.0,0.0,-0.05,0.0,0.0,0.0,0.0
62.8414,0.050230785177876325,0.7690853998137726,0.024352411041503985,-0.636703601442751,0.0135,0.0,9.6026,0.0,0.0,1.0,0.0,0.0,0.0,0.0423,0.0,0.0,0.0,0.0
62.8615,0.05047430874241521,0.7690782302683754,0.0242301881119239,-0.6366976659830786,0.0135,0.0,9.7523,0.0,0.0,1.0,0.0,0.0,0.0,-0.0269,0.0,0.0,0.0,0.0
62.8816,0.050355902350168125,0.769194058687832,0.0244149223493072,-0.6365600480272995,0.0135,0.0,9.6336,0.0,0.0,1.0,0.0,0.0,0.0,0.0192,0.0,0.0,0.0,0.0
62.9017,0.0498048377807776,0.7689794953586577,0.025023918494652908,-0.6368389257534024,0.0135,0.0,9.4195,0.0,0.0,1.0,0.0,0.0,0.0,0.0,0.0,0.0,0.0,0.0
62.9217,0.049132595122307096,0.7688536642528861,0.02563478875624025,-0.6370187506399482,0.0135,0.0,9.7272,0.0,0.0,1.0,0.0,0.0,0.0,-0.0077,0.0,0.0,0.0,0.0
62.9418,0.048705334351057616,0.7683614989116501,0.026122642985518918,-0.6376252856650568,0.0135,0.0,9.3377,0.0,0.0,1.0,0.0,0.0,0.0,0.0231,0.0,0.0,0.0,0.0
62.9619,0.04846056658019865,0.76822727653084,0.0263052219152885,-0.6377981345070884,0.0135,0.0,9.5432,0.0,0.0,1.0,0.0,0.0,0.0,-0.0346,0.0,0.0,0.0,0.0
62.9819,0.048646760609059314,0.7680327964140324,0.026184947677821313,-0.6380230911415326,0.0135,0.0,9.3029,0.0,0.0,1.0,0.0,0.0,0.0,0.05,0.0,0.0,0.0,0.0
63.002,0.048827975497615306,0.7682496144843736,0.02600098695243508,-0.6377556799675838,0.0135,0.0,9.3937,0.0,0.0,1.0,0.0,0.0,0.0,-0.0539,0.0,0.0,0.0,0.0
63.0221,0.04901236227227829,0.7683323553850436,0.0257577159218762,-0.637651723187078,0.0135,0.0,9.3054,0.0,0.0,1.0,0.0,0.0,0.0,0.0616,0.0,0.0,0.0,0.0
63.0422,0.04913265594882321,0.7685496182351546,0.025634820492298205,-0.6373855367109773,0.0135,0.0,9.292,0.0,0.0,1.0,0.0,0.0,0.0,-0.0616,0.0,0.0,0.0,0.0
63.0622,0.0492538008450652,0.7686582859036065,0.025451380349377883,-0.6372524851676575,0.0135,0.0,9.3515,0.0,0.0,1.0,0.0,0.0,0.0,0.0654,0.0,0.0,0.0,0.0
63.0823,0.04925699142894774,0.7688300833130353,0.025331024117252077,-0.637049755517896,0.0135,0.0,9.636,0.0,0.0,1.0,0.0,0.0,0.0,-0.0577,0.0,0.0,0.0,0.0
63.1024,0.049071653268897175,0.7689155669867468,0.02539082059322162,-0.6369584993706495,0.0135,0.0,9.5968,0.0,0.0,1.0,0.0,0.0,0.0,0.0577,0.0,0.0,0.0,0.0
63.1224,0.04894940062812214,0.7689725841433025,0.025512687604193673,-0.6368942014065837,0.0135,0.0,9.9807,0.0,0.0,1.0,0.0,0.0,0.0,-0.0423,0.0,0.0,0.0,0.0
63.1425,0.04888926269056093,0.769169132880306,0.025513137086548676,-0.6366614208931891,0.0135,0.0,9.8292,0.0,0.0,1.0,0.0,0.0,0.0,0.0346,0.0,0.0,0.0,0.0
63.1626,0.0488265874654501,0.76914274899367,0.025451263704649896,-0.636700580495083,0.0135,0.0,9.6805,0.0,0.0,1.0,0.0,0.0,0.0,-0.0192,0.0,0.0,0.0,0.0
63.1826,0.048949779934986566,0.7692835415086008,0.02514588695087189,-0.6365331383186231,0.0135,0.0,9.6804,0.0,0.0,1.0,0.0,0.0,0.0,0.0077,0.0,0.0,0.0,0.0
63.2027,0.04931606536044942,0.7691660194048603,0.024841032922761967,-0.6366588437880812,0.0135,0.0,9.4216,0.0,0.0,1.0,0.0,0.0,0.0,0.0077,0.0,0.0,0.0,0.0
63.2228,0.049622960206771705,0.7693018860301231,0.024414472421267486,-0.6364873160615252,0.0135,0.0,9.7072,0.0,0.0,1.0,0.0,0.0,0.0,-0.0192,0.0,0.0,0.0,0.0
63.2429,0.05005063542247257,0.7691291315703681,0.02398778380944383,-0.6366788037083767,0.0135,0.0,9.5992,0.0,0.0,1.0,0.0,0.0,0.0,0.0346,0.0,0.0,0.0,0.0
63.2629,0.05023162748865496,0.7693422946556322,0.023925822569150493,-0.6364092804699167,0.0135,0.0,9.7332,0.0,0.0,1.0,0.0,0.0,0.0,-0.0423,0.0,0.0,0.0,0.0
63.283,0.04986536797340635,0.7694602473528456,0.024230692884201877,-0.6362839353173442,0.0135,0.0,9.4623,0.0,0.0,1.0,0.0,0.0,0.0,0.0539,0.0,0.0,0.0,0.0
63.3031,0.049013080418319976,0.7698686779889778,0.02490305703978729,-0.6358299885578566,0.0135,0.0,9.6956,0.0,0.0,1.0,0.0,0.0,0.0,-0.0577,0.0,0.0,0.0,0.0
63.3232,0.04876763433842472,0.7697850128747076,0.025330329480843676,-0.635933271816243,0.0135,0.0,9.2632,0.0,0.0,1.0,0.0,0.0,0.0,0.0654,0.0,0.0,0.0,0.0
63.3433,0.048766933112368904,0.7698349441116663,0.02557396492332381,-0.635863127864403,0.0135,0.0,9.3323,0.0,0.0,1.0,0.0,0.0,0.0,-0.0616,0.0,0.0,0.0,0.0
63.3633,0.04882748618899102,0.7695839016785047,0.025573730887959,-0.6361623056722427,0.0135,0.0,9.3046,0.0,0.0,1.0,0.0,0.0,0.0,0.0616,0.0,0.0,0.0,0.0
63.3834,0.04888801795804065,0.7696375398445441,0.025512487515872595,-0.6360952223864952,0.0135,0.0,9.5435,0.0,0.0,1.0,0.0,0.0,0.0,-0.0539,0.0,0.0,0.0,0.0
63.4035,0.04888801795804065,0.7696375398445441,0.025512487515872595,-0.6360952223864952,0.0135,0.0,9.5435,0.0,0.0,1.0,0.0,0.0,0.0,0.0462,0.0,0.0,0.0,0.0
63.4235,0.04882817292593978,0.7694727251028695,0.02563509078718085,-0.636294253448679,0.0135,0.0,9.4711,0.0,0.0,1.0,0.0,0.0,0.0,-0.0346,0.0,0.0,0.0,0.0
63.4438,0.04858336593648294,0.7696429553579763,0.02581766305261241,-0.6360996982365451,0.0135,0.0,9.6282,0.0,0.0,1.0,0.0,0.0,0.0,0.0231,0.0,0.0,0.0,0.0
63.4639,0.04833924080316327,0.7697019113687625,0.02606159068705111,-0.6360370106563832,0.0135,0.0,9.4628,0.0,0.0,1.0,0.0,0.0,0.0,-0.0077,0.0,0.0,0.0,0.0
63.484,0.04797416185084685,0.7698995974169631,0.026550089572268065,-0.6358051450213436,0.0135,0.0,9.6307,0.0,0.0,1.0,0.0,0.0,0.0,0.0,0.0,0.0,0.0,0.0
63.504,0.04730146716687345,0.7701333247395507,0.02703869541932891,-0.6355518407490359,0.0135,0.0,9.3714,0.0,0.0,1.0,0.0,0.0,0.0,0.0154,0.0,0.0,0.0,0.0
63.5241,0.04681419849643775,0.770389266520202,0.027527116717465883,-0.6352566935458646,0.0135,0.0,9.7797,0.0,0.0,1.0,0.0,0.0,0.0,-0.0269,0.0,0.0,0.0,0.0
63.5442,0.046569907820221086,0.7707504743880408,0.027770945030606956,-0.6348257434354199,0.0135,0.0,9.553,0.0,0.0,1.0,0.0,0.0,0.0,0.0385,-0.0135,0.0,0.0,0.0
63.5642,0.046448655063800644,0.7709458726233885,0.027893393379577084,-0.6345919496286557,0.0135,0.0,9.6068,0.0,0.0,1.0,0.0,0.0,0.0,-0.05,-0.0135,0.0,0.0,0.0
63.5843,0.046265075416969115,0.7711192570059953,0.02777104526974289,-0.6344000341391934,0.0135,0.0,9.7652,0.0,0.0,1.0,0.0,0.0,0.0,0.0577,-0.0135,0.0,0.0,0.0
63.6044,0.04626479552007196,0.7708705929264021,0.02777087725900618,-0.6347021947599115,0.0135,0.0,9.5081,0.0,0.0,1.0,0.0,0.0,0.0,-0.0616,-0.0135,0.0,0.0,0.0
63.6244,0.04608333253748975,0.7707132858090044,0.027771803044543186,-0.6349063588399335,0.0135,0.0,9.8485,0.0,0.0,1.0,0.0,0.0,0.0,0.0654,-0.0135,0.0,0.0,0.0
63.6445,0.045898510910528385,0.7703335748214034,0.027710308452018554,-0.635383072645603,0.0135,0.0,9.312,0.0,0.0,1.0,0.0,0.0,0.0,-0.0616,-0.0135,0.0,0.0,0.0
63.6646,0.04571513875365685,0.7704493384521197,0.027710084105082133,-0.6352559281158378,0.0135,0.0,9.8821,0.0,0.0,1.0,0.0,0.0,0.0,0.0577,-0.0135,0.0,0.0,0.0
63.6846,0.04583673663178312,0.770503572849052,0.027526841836575337,-0.6351893503360226,0.0135,0.0,9.5488,0.0,0.0,1.0,0.0,0.0,0.0,-0.05,-0.0135,0.0,0.0,0.0
63.7047,0.04608094375180927,0.7708563307524019,0.02734337324659253,-0.6347514504917525,0.0135,0.0,9.8488,0.0,0.0,1.0,0.0,0.0,0.0,0.0423,-0.0135,0.0,0.0,0.0
63.7248,0.046693656941604766,0.7712063665418022,0.026917955193548837,-0.6342995083515431,0.0135,0.0,9.4752,0.0,0.0,1.0,0.0,0.0,0.0,-0.0231,-0.0135,0.0,0.0,0.0
63.7449,0.0468130324395537,0.7715900523038882,0.026610449998909935,-0.6338368994704806,0.0135,0.0,9.6967,0.0,0.0,1.0,0.0,0.0,0.0,0.0154,-0.0135,0.0,0.0,0.0
63.7649,0.04681341020230928,0.7715962787320685,0.026305668577390307,-0.6338420142849092,0.0135,0.0,9.3105,0.0,0.0,1.0,0.0,0.0,0.0,0.0,-0.0135,0.0,0.0,0.0
63.785,0.04675336228381061,0.772039982405822,0.026306203842276,-0.6333059073791951,0.0135,0.0,9.8653,0.0,0.0,1.0,0.0,0.0,0.0,-0.0115,-0.0135,0.0,0.0,0.0
63.8051,0.0465689543861062,0.7722606604121387,0.026488405255176595,-0.6330427862745375,0.0135,0.0,9.4752,0.0,0.0,1.0,0.0,0.0,0.0,0.0231,-0.0135,0.0,0.0,0.0
63.8251,0.04608247024557533,0.77271288509846,0.02679427342042329,-0.632513454442474,0.0135,0.0,9.6527,0.0,0.0,1.0,0.0,0.0,0.0,-0.0346,-0.0135,0.0,0.0,0.0
63.8452,0.04571476067777425,0.772883953860299,0.027038858448350578,-0.6323206897257555,0.0135,0.0,9.4727,0.0,0.0,1.0,0.0,0.0,0.0,0.0462,-0.0135,0.0,0.0,0.0
63.8653,0.04522583789883239,0.7731121344860387,0.027343297399908817,-0.6320637587966029,0.0135,0.0,9.4856,0.0,0.0,1.0,0.0,0.0,0.0,-0.0539,-0.0135,0.0,0.0,0.0
63.8853,0.0448006000383237,0.7732033559248128,0.027710371139775813,-0.6319664642638163,0.0135,0.0,9.5107,0.0,0.0,1.0,0.0,0.0,0.0,-0.0616,-0.0135,0.0,0.0,0.0
63.9054,0.044312264451198846,0.7733196150947558,0.028137167919827233,-0.6318397707570784,0.0135,0.0,9.6548,0.0,0.0,1.0,0.0,0.0,0.0,0.0616,-0.0135,0.0,0.0,0.0
63.9255,0.043882228438033355,0.7734067769267987,0.028440851819217627,-0.6317494957487585,0.0135,0.0,9.577,0.0,0.0,1.0,0.0,0.0,0.0,-0.0577,-0.0135,0.0,0.0,0.0
63.9456,0.04351785901894539,0.77349649417012,0.028747906867885753,-0.6316509536948838,0.0135,0.0,9.8225,0.0,0.0,1.0,0.0,0.0,0.0,0.0539,-0.0135,0.0,0.0,0.0
63.9657,0.04321291776118553,0.7738025273708473,0.028991944825221497,-0.6312857985954584,0.0135,0.0,9.6823,0.0,0.0,1.0,0.0,0.0,0.0,-0.0385,-0.0135,0.0,0.0,0.0
63.9858,0.04296767172536042,0.7740240723235766,0.029174098130917536,-0.6310224929813326,0.0135,0.0,9.6839,0.0,0.0,1.0,0.0,0.0,0.0,0.0308,-0.0135,0.0,0.0,0.0
64.0059,0.042725170974470594,0.7744170990058198,0.029175116750852825,-0.6305565233150687,0.0135,0.0,9.7307,0.0,0.0,1.0,0.0,0.0,0.0,-0.0154,-0.0135,0.0,0.0,0.0
64.026,0.04266323309385195,0.7745830762422299,0.029113476661691673,-0.6303596687747186,0.0135,0.0,9.3844,0.0,0.0,1.0,0.0,0.0,0.0,0.0077,-0.0135,0.0,0.0,0.0
64.0461,0.04266463155573335,0.7749134708841374,0.029114430974911336,-0.6299533250690242,0.0135,0.0,9.5803,0.0,0.0,1.0,0.0,0.0,0.0,0.0115,-0.0135,0.0,0.0,0.0
64.0662,0.04278744847470067,0.7750502376164259,0.028992981493444703,-0.6297823198914587,0.0135,0.0,9.3325,0.0,0.0,1.0,0.0,0.0,0.0,-0.0192,-0.0135,0.0,0.0,0.0
64.0863,0.04284753820749421,0.7754617405670828,0.028809361874103268,-0.6292799043785164,0.0135,0.0,9.5507,0.0,0.0,1.0,0.0,0.0,0.0,0.0308,-0.0135,0.0,0.0,0.0
64.1063,0.04315104833839539,0.7756178943722501,0.028624368712610537,-0.6290751262549323,0.0135,0.0,9.4249,0.0,0.0,1.0,0.0,0.0,0.0,-0.0423,-0.0135,0.0,0.0,0.0
64.1264,0.04339612090894334,0.7759421619062932,0.02850307941440732,-0.6286637515636958,0.0135,0.0,9.7678,0.0,0.0,1.0,0.0,0.0,0.0,0.0539,-0.0135,0.0,0.0,0.0
64.1465,0.04358035572047081,0.7760251409954584,0.028259879123082032,-0.6285595535589328,0.0135,0.0,9.7364,0.0,0.0,1.0,0.0,0.0,0.0,-0.0577,-0.0135,0.0,0.0,0.0
64.1665,0.04370124606206638,0.7761883703677015,0.028015157740756413,-0.6283605380156483,0.0135,0.0,9.8884,0.0,0.0,1.0,0.0,0.0,0.0,0.0616,-0.0135,0.0,0.0,0.0
64.1866,0.043822915697697196,0.7762435067375331,0.027770946576928857,-0.6282947913470167,0.0135,0.0,9.7806,0.0,0.0,1.0,0.0,0.0,0.0,-0.0616,-0.0135,0.0,0.0,0.0
64.2067,0.043821779424655045,0.7761623814194932,0.02764822990923244,-0.6284004970559495,0.0135,0.0,9.8744,0.0,0.0,1.0,0.0,0.0,0.0,0.0616,-0.0135,0.0,0.0,0.0
64.2267,0.04382278974031495,0.776058276508872,0.02746586822005559,-0.6285369843090969,0.0135,0.0,9.6188,0.0,0.0,1.0,0.0,0.0,0.0,-0.05,-0.0135,0.0,0.0,0.0
64.2468,0.04382268360938607,0.7758123987966742,0.02746580170265389,-0.6288404599033466,0.0135,0.0,9.658,0.0,0.0,1.0,0.0,0.0,0.0,0.0462,-0.0135,0.0,0.0,0.0
64.2669,0.04363992182499781,0.775572610666839,0.02746595079847374,-0.6291488729651095,0.0135,0.0,9.6289,0.0,0.0,1.0,0.0,0.0,0.0,-0.0346,-0.0135,0.0,0.0,0.0
64.2869,0.04351711349447318,0.775436203261092,0.027587438004630982,-0.6293201798524122,0.0135,0.0,9.8277,0.0,0.0,1.0,0.0,0.0,0.0,0.0269,-0.0135,0.0,0.0,0.0
64.307,0.04345569441417613,0.7752457084654686,0.027587171169162483,-0.629559085484229,0.0135,0.0,9.6201,0.0,0.0,1.0,0.0,0.0,0.0,-0.0077,-0.0135,0.0,0.0,0.0
64.3271,0.04327400991271369,0.7750851775476194,0.027771006361463627,-0.6297611442584573,0.0135,0.0,9.8531,0.0,0.0,1.0,0.0,0.0,0.0,-0.0038,-0.0135,0.0,0.0,0.0
64.3471,0.04315127053754042,0.7749498996473841,0.02783152951429435,-0.6299333511193071,0.0135,0.0,9.4798,0.0,0.0,1.0,0.0,0.0,0.0,0.0154,-0.0135,0.0,0.0,0.0
64.3672,0.04296967808966606,0.7747922267288379,0.027893440176756594,-0.6301369439737248,0.0135,0.0,9.6043,0.0,0.0,1.0,0.0,0.0,0.0,-0.0269,-0.0135,0.0,0.0,0.0
64.3873,0.04290924093188714,0.7747414054607689,0.027832804922538645,-0.6302062255146847,0.0135,0.0,9.5326,0.0,0.0,1.0,0.0,0.0,0.0,0.0423,-0.0135,0.0,0.0,0.0
64.4073,0.04290872433524495,0.7745490750378317,0.02783246983542803,-0.6304426424004181,0.0135,0.0,9.3613,0.0,0.0,1.0,0.0,0.0,0.0,-0.05,-0.0135,0.0,0.0,0.0
64.4274,0.042907219548180275,0.7745219119970479,0.027709495983967602,-0.6304815319891584,0.0135,0.0,9.5844,0.0,0.0,1.0,0.0,0.0,0.0,0.0577,-0.0135,0.0,0.0,0.0
64.4475,0.04296975848442125,0.7743056677236952,0.027588486980572535,-0.6307481337054243,0.0135,0.0,9.3164,0.0,0.0,1.0,0.0,0.0,0.0,-0.0616,-0.0135,0.0,0.0,0.0
64.4675,0.0429066829811075,0.7743902301233191,0.027404158830457104,-0.6306566420199717,0.0135,0.0,9.8376,0.0,0.0,1.0,0.0,0.0,0.0,0.0654,-0.0135,0.0,0.0,0.0
64.4876,0.04302972757468715,0.7742260983006651,0.027282827269816234,-0.6308550059967365,0.0135,0.0,9.478,0.0,0.0,1.0,0.0,0.0,0.0,-0.0654,-0.0135,0.0,0.0,0.0
64.5077,0.0430290458423051,0.7743358293080753,0.0272213963727454,-0.6307230138842201,0.0135,0.0,9.8638,0.0,0.0,1.0,0.0,0.0,0.0,0.0577,-0.0135,0.0,0.0,0.0
64.5278,0.043090757110065936,0.774226635911988,0.027160846902288316,-0.6308554440532617,0.0135,0.0,9.577,0.0,0.0,1.0,0.0,0.0,0.0,-0.05,-0.0135,0.0,0.0,0.0
64.5478,0.043030772701787845,0.7743669052741697,0.02716148773770083,-0.6306873252259528,0.0135,0.0,9.7031,0.0,0.0,1.0,0.0,0.0,0.0,0.0385,-0.0135,0.0,0.0,0.0
64.5679,0.043030772701787845,0.7743669052741697,0.02716148773770083,-0.6306873252259528,0.0135,0.0,9.7031,0.0,0.0,1.0,0.0,0.0,0.0,-0.0269,-0.0135,0.0,0.0,0.0
64.588,0.043031078316027205,0.7743114034737004,0.027222682173341672,-0.6307528060380211,0.0135,0.0,9.3577,0.0,0.0,1.0,0.0,0.0,0.0,0.0154,-0.0135,0.0,0.0,0.0
64.608,0.04309211193120621,0.7745559863254228,0.027222702443463864,-0.6304482678288794,0.0135,0.0,9.7645,0.0,0.0,1.0,0.0,0.0,0.0,0.0,-0.0135,0.0,0.0,0.0
64.6281,0.0431514119933078,0.7745254458576334,0.02716062989317375,-0.6304844086461014,0.0135,0.0,9.4808,0.0,0.0,1.0,0.0,0.0,0.0,-0.0115,-0.0135,0.0,0.0,0.0
64.6482,0.043030158528064855,0.7747218541646257,0.027161100064624077,-0.6302513219185293,0.0135,0.0,9.6509,0.0,0.0,1.0,0.0,0.0,0.0,0.0269,-0.0135,0.0,0.0,0.0
64.6683,0.04296927101139859,0.7747238862593883,0.027161171308166313,-0.6302529750672091,0.0135,0.0,9.5559,0.0,0.0,1.0,0.0,0.0,0.0,-0.0385,-0.0135,0.0,0.0,0.0
64.6883,0.04284786474018737,0.7749176391089379,0.02728355062680088,-0.6300177147908076,0.0135,0.0,9.5634,0.0,0.0,1.0,0.0,0.0,0.0,0.05,-0.0135,0.0,0.0,0.0
64.7084,0.042907923086222315,0.7750226107480271,0.02734395098512315,-0.6298818709172871,0.0135,0.0,9.6001,0.0,0.0,1.0,0.0,0.0,0.0,-0.0577,-0.0135,0.0,0.0,0.0
64.7285,0.042906677127022785,0.7751840999879999,0.02740415509149957,-0.6296805860652155,0.0135,0.0,9.6302,0.0,0.0,1.0,0.0,0.0,0.0,0.0616,-0.0135,0.0,0.0,0.0
64.7485,0.04303113156527899,0.7753503889497493,0.027283717464455348,-0.6294725528829703,0.0135,0.0,9.422,0.0,0.0,1.0,0.0,0.0,0.0,-0.0654,-0.0135,0.0,0.0,0.0
64.7686,0.043273624829836266,0.775506276578563,0.027221763994957737,-0.6292665444359353,0.0135,0.0,9.7909,0.0,0.0,1.0,0.0,0.0,0.0,0.0616,-0.0135,0.0,0.0,0.0
64.7887,0.04351713285992226,0.7755585459051737,0.02691646365160466,-0.6291984623356899,0.0135,0.0,9.4805,0.0,0.0,1.0,0.0,0.0,0.0,-0.0616,-0.0135,0.0,0.0,0.0
64.8088,0.04376173004738898,0.7754472165053673,0.02667183546967611,-0.6293291178628365,0.0135,0.0,9.8127,0.0,0.0,1.0,0.0,0.0,0.0,0.0539,-0.0135,0.0,0.0,0.0
64.8289,0.04382282576861347,0.7754489169596527,0.02648889468509236,-0.6293304978992499,0.0135,0.0,9.6923,0.0,0.0,1.0,0.0,0.0,0.0,-0.0423,-0.0135,0.0,0.0,0.0
64.849,0.043761792277487666,0.7752043203657657,0.02648887426622132,-0.629636011329579,0.0135,0.0,9.4869,0.0,0.0,1.0,0.0,0.0,0.0,0.0308,-0.0135,0.0,0.0,0.0
64.8691,0.04370272853308028,0.7752386622885528,0.026368042910499274,-0.6296029020937638,0.0135,0.0,9.7229,0.0,0.0,1.0,0.0,0.0,0.0,-0.0154,-0.0135,0.0,0.0,0.0
64.8892,0.043883284590751304,0.7750113653418657,0.026305571152226426,-0.6298727314710645,0.0135,0.0,9.4616,0.0,0.0,1.0,0.0,0.0,0.0,0.0077,-0.0135,0.0,0.0,0.0
64.9092,0.0437616149273809,0.775262178217075,0.02630576852702532,-0.6295724601880761,0.0135,0.0,9.6529,0.0,0.0,1.0,0.0,0.0,0.0,0.0077,-0.0135,0.0,0.0,0.0
64.9293,0.04357812469668226,0.7756194210310281,0.026488467956823747,-0.6291373632464643,0.0135,0.0,9.6237,0.0,0.0,1.0,0.0,0.0,0.0,-0.0192,-0.0135,0.0,0.0,0.0
64.9494,0.04339501664964441,0.7761664117242968,0.02673239423207097,-0.6284647587093709,0.0135,0.0,9.7469,0.0,0.0,1.0,0.0,0.0,0.0,0.0346,-0.0135,0.0,0.0,0.0
64.9695,0.04315123432298468,0.7759262319377253,0.026854523492393367,-0.6287728430326194,0.0135,0.0,9.4144,0.0,0.0,1.0,0.0,0.0,0.0,-0.0423,-0.0135,0.0,0.0,0.0
64.9896,0.04290908522422243,0.7757156188144047,0.026978682324486747,-0.629043909304144,0.0135,0.0,9.7223,0.0,0.0,1.0,0.0,0.0,0.0,0.0539,-0.0135,0.0,0.0,0.0
65.0097,0.042786143034636126,0.7753325919470023,0.027100090595957638,-0.6295191044906054,0.0135,0.0,9.5673,0.0,0.0,1.0,0.0,0.0,0.0,-0.0616,-0.0135,0.0,0.0,0.0
65.0298,0.042786287443672966,0.7755792104389104,0.02710018206243958,-0.629215227147219,0.0135,0.0,9.7258,0.0,0.0,1.0,0.0,0.0,0.0,0.0616,-0.0135,0.0,0.0,0.0
65.0499,0.04266500184927818,0.775775216566438,0.027100636370603885,-0.6289817695981382,0.0135,0.0,9.6201,0.0,0.0,1.0,0.0,0.0,0.0,-0.0654,-0.0135,0.0,0.0,0.0
65.07,0.04223527419062095,0.7761096626254224,0.02728253115216217,-0.6285901977341259,0.0135,0.0,9.7377,0.0,0.0,1.0,0.0,0.0,0.0,0.0616,-0.0135,0.0,0.0,0.0
65.0901,0.04193173816918899,0.7759536599413449,0.02746648352185621,-0.628795069351443,0.0135,0.0,9.6514,0.0,0.0,1.0,0.0,0.0,0.0,-0.0577,-0.0135,0.0,0.0,0.0
65.1101,0.04180916550778352,0.7758210712027922,0.02740510848718719,-0.6289694898690242,0.0135,0.0,9.7591,0.0,0.0,1.0,0.0,0.0,0.0,0.0462,-0.0135,0.0,0.0,0.0
65.1302,0.04199081971221519,0.7754912023118488,0.027099238288270044,-0.6293773093153385,0.0135,0.0,9.6143,0.0,0.0,1.0,0.0,0.0,0.0,-0.0346,-0.0135,0.0,0.0,0.0
65.1503,0.04217547618720069,0.7752777533651425,0.026672301146769828,-0.6296461090938434,0.0135,0.0,9.8957,0.0,0.0,1.0,0.0,0.0,0.0,0.0231,-0.0135,0.0,0.0,0.0
65.1704,0.042419803375477905,0.7749776770614689,0.026245497055315425,-0.6300169316949464,0.0135,0.0,9.515,0.0,0.0,1.0,0.0,0.0,0.0,-0.0077,-0.0135,0.0,0.0,0.0
65.1905,0.04254296047139595,0.7746754894657193,0.02612358977937757,-0.6303852318958754,0.0135,0.0,9.7005,0.0,0.0,1.0,0.0,0.0,0.0,-0.0038,-0.0135,0.0,0.0,0.0
65.2106,0.04248010710546263,0.7742939522340616,0.026062065710512505,-0.6308605905942819,0.0135,0.0,9.2714,0.0,0.0,1.0,0.0,0.0,0.0,0.0192,-0.0135,0.0,0.0,0.0
65.2307,0.04229703302016464,0.7738046040885976,0.026123020393544808,-0.6314704929721565,0.0135,0.0,9.3054,0.0,0.0,1.0,0.0,0.0,0.0,-0.0269,-0.0135,0.0,0.0,0.0
65.2508,0.041991154709704215,0.7734834296247255,0.026122474149400055,-0.6318842800437687,0.0135,0.0,9.3562,0.0,0.0,1.0,0.0,0.0,0.0,0.0423,-0.0135,0.0,0.0,0.0
65.2709,0.041808993211537034,0.7731318744677476,0.02618399574854436,-0.6323238973305255,0.0135,0.0,9.2854,0.0,0.0,1.0,0.0,0.0,0.0,-0.05,-0.0135,0.0,0.0,0.0
65.291,0.041748925000974324,0.7732711328136295,0.026245581504517057,-0.63215500620487,0.0135,0.0,9.6546,0.0,0.0,1.0,0.0,0.0,0.0,0.0577,-0.0135,0.0,0.0,0.0
65.3111,0.04174829686797604,0.7733204990049548,0.026489188361977112,-0.6320844946898119,0.0135,0.0,9.4329,0.0,0.0,1.0,0.0,0.0,0.0,-0.0654,-0.0135,0.0,0.0,0.0
65.3311,0.04144368590358871,0.7735728028275003,0.026733442445301847,-0.6317854562106934,0.0135,0.0,9.7196,0.0,0.0,1.0,0.0,0.0,0.0,0.0616,-0.0135,0.0,0.0,0.0
65.3512,0.04125955782164587,0.773490710506187,0.02691671153381609,-0.6318902280374351,0.0135,0.0,9.578,0.0,0.0,1.0,0.0,0.0,0.0,-0.0616,-0.0135,0.0,0.0,0.0
65.3713,0.041381347909105415,0.7734868113272698,0.02691657584624707,-0.6318870426687918,0.0135,0.0,9.662,0.0,0.0,1.0,0.0,0.0,0.0,0.0577,-0.0135,0.0,0.0,0.0
65.3914,0.041565700493719826,0.7732670316268699,0.026733450530461167,-0.6321516534536402,0.0135,0.0,9.3917,0.0,0.0,1.0,0.0,0.0,0.0,-0.05,-0.0135,0.0,0.0,0.0
65.4115,0.04174800441641724,0.7733760818135266,0.026428002795752525,-0.6320190668597206,0.0135,0.0,9.7645,0.0,0.0,1.0,0.0,0.0,0.0,0.0385,-0.0135,0.0,0.0,0.0
65.4316,0.042176212733403606,0.7733982382669534,0.02612375116146315,-0.6319761718216073,0.0135,0.0,9.4717,0.0,0.0,1.0,0.0,0.0,0.0,-0.0231,-0.0135,0.0,0.0,0.0
65.4517,0.042478705320743104,0.7737194183377525,0.02587821127578893,-0.631572750728314,0.0135,0.0,9.736,0.0,0.0,1.0,0.0,0.0,0.0,0.0154,-0.0135,0.0,0.0,0.0
65.4718,0.04272529965912708,0.7737484267794493,0.025513178939808312,-0.6315354293511571,0.0135,0.0,9.5986,0.0,0.0,1.0,0.0,0.0,0.0,0.0,-0.0135,0.0,0.0,0.0
65.4919,0.04302925846667661,0.7738516640324126,0.025268564540889108,-0.6313981189678325,0.0135,0.0,9.6317,0.0,0.0,1.0,0.0,0.0,0.0,-0.0115,-0.0135,0.0,0.0,0.0
65.5119,0.04290681688490672,0.7736606670352484,0.0253902998863772,-0.6316355832432651,0.0,0.0,9.6014,0.0,0.0,1.0,0.0,0.0,0.0,0.0269,-0.0135,0.0,0.0,0.0
65.532,0.04290681688490672,0.7736606670352484,0.0253902998863772,-0.6316355832432651,0.0,0.0,9.6014,0.0,0.0,1.0,0.0,0.0,0.0,-0.0346,-0.0135,0.0,0.0,0.0
65.5521,0.04199131037527598,0.7731803020335019,0.026183569986336197,-0.632252616493693,0.0,0.0,9.2997,0.0,0.0,1.0,0.0,0.0,0.0,0.05,-0.0135,0.0,0.0,0.0
65.5722,0.04211404216358944,0.7730107739202221,0.02630602633697554,-0.6324466331907075,0.0,0.0,9.4761,0.0,0.0,1.0,0.0,0.0,0.0,-0.0539,-0.0135,0.0,0.0,0.0
65.5923,0.04247972376763731,0.7730049733903323,0.026000830924725604,-0.6324418874281343,0.0,0.0,9.4233,0.0,0.0,1.0,0.0,0.0,0.0,0.0616,-0.0135,0.0,0.0,0.0
65.6124,0.04247972376763731,0.7730049733903323,0.026000830924725604,-0.6324418874281343,0.0,0.0,9.4233,0.0,0.0,1.0,0.0,0.0,0.0,-0.0654,-0.0135,0.0,0.0,0.0
65.6324,0.04278604898438498,0.7731938852050572,0.02569602941856597,-0.6322027237887662,0.0,0.0,10.0142,0.0,0.0,1.0,0.0,0.0,0.0,0.0616,-0.0135,0.0,0.0,0.0
65.6525,0.04284723825163811,0.7731362990166282,0.025757143222336465,-0.6322665157116123,0.0,0.0,9.5868,0.0,0.0,1.0,0.0,0.0,0.0,-0.0616,-0.0135,0.0,0.0,0.0
65.6726,0.042725258492483764,0.7731366775614046,0.02594015694078483,-0.632266825283401,0.0,0.0,9.61,0.0,0.0,1.0,0.0,0.0,0.0,0.0539,-0.0135,0.0,0.0,0.0
65.6927,0.04266375403249844,0.7729445437761504,0.026000850098420063,-0.6325033534556893,0.0,0.0,9.4046,0.0,0.0,1.0,0.0,0.0,0.0,-0.0423,-0.0135,0.0,0.0,0.0
65.7128,0.042603297491834335,0.772893396987744,0.025940181136027696,-0.6325724171493712,0.0,0.0,9.4662,0.0,0.0,1.0,0.0,0.0,0.0,0.0308,-0.0135,0.0,0.0,0.0
65.7329,0.042664686702405086,0.7728394391093104,0.02581841555603559,-0.6326391825392796,0.0,0.0,9.4214,0.0,0.0,1.0,0.0,0.0,0.0,-0.0154,-0.0135,0.0,0.0,0.0
65.753,0.04260208520930291,0.7728104055125213,0.025878444314521458,-0.63267641459695,0.0,0.0,9.8474,0.0,0.0,1.0,0.0,0.0,0.0,0.0077,-0.0135,0.0,0.0,0.0
65.773,0.04241851428010269,0.7727571514221875,0.02612270087788782,-0.6327437546677009,0.0,0.0,9.6726,0.0,0.0,1.0,0.0,0.0,0.0,0.0077,-0.0135,0.0,0.0,0.0
65.7931,0.04235742130506671,0.7727554424720521,0.026305640607466988,-0.6327423553567748,0.0,0.0,9.7879,0.0,0.0,1.0,0.0,0.0,0.0,-0.0192,-0.0135,0.0,0.0,0.0
65.8132,0.04241885919407562,0.7729464342677003,0.0263059126796803,-0.6325049004518543,0.0,0.0,9.6421,0.0,0.0,1.0,0.0,0.0,0.0,0.0346,-0.0135,0.0,0.0,0.0
65.8333,0.04254213701168236,0.7728904891797552,0.026184084328754964,-0.6325700372621381,0.0,0.0,9.3445,0.0,0.0,1.0,0.0,0.0,0.0,-0.0423,-0.0135,0.0,0.0,0.0
65.8535,0.042724276243176214,0.7729969052952057,0.026000559545905858,-0.632435286433981,0.0,0.0,9.3118,0.0,0.0,1.0,0.0,0.0,0.0,0.0539,-0.0135,0.0,0.0,0.0
65.8735,0.04272537382310649,0.772833761862843,0.026001227496187166,-0.6326345351980825,0.0,0.0,9.3215,0.0,0.0,1.0,0.0,0.0,0.0,-0.0616,-0.0135,0.0,0.0,0.0
65.8936,0.04247958870303764,0.7730025156152335,0.026122747073668906,-0.6324398765744192,0.0,0.0,9.4895,0.0,0.0,1.0,0.0,0.0,0.0,0.0616,-0.0135,0.0,0.0,0.0
65.9137,0.04217552076594273,0.7728975434202249,0.026428326326077948,-0.6325758107853204,0.0,0.0,9.3385,0.0,0.0,1.0,0.0,0.0,0.0,-0.0654,-0.0135,0.0,0.0,0.0
65.9339,0.04205414032764759,0.7730919629333193,0.026550719941479728,-0.632341146375751,0.0,0.0,9.4781,0.0,0.0,1.0,0.0,0.0,0.0,0.0616,-0.0135,0.0,0.0,0.0
65.954,0.042114446157899554,0.7732011912467309,0.026428279979602398,-0.6322086975807668,0.0,0.0,9.6874,0.0,0.0,1.0,0.0,0.0,0.0,-0.0539,-0.0135,0.0,0.0,0.0
65.9741,0.04229680200300024,0.7735563788789003,0.026183877429760142,-0.6317720425903838,0.0,0.0,9.9486,0.0,0.0,1.0,0.0,0.0,0.0,0.0462,-0.0135,0.0,0.0,0.0
65.9942,0.04247900635262375,0.7736639028462949,0.025939393238866904,-0.6316382250389317,0.0,0.0,9.698,0.0,0.0,1.0,0.0,0.0,0.0,-0.0346,-0.0135,0.0,0.0,0.0
66.0143,0.04254209555443994,0.7737447379196795,0.026001058401367905,-0.6315324184944524,0.0,0.0,9.8884,0.0,0.0,1.0,0.0,0.0,0.0,0.0231,-0.0135,0.0,0.0,0.0
66.0343,0.042602886397296924,0.773496937432171,0.025939930829892044,-0.6318343151825576,0.0,0.0,9.4992,0.0,0.0,1.0,0.0,0.0,0.0,-0.0077,-0.0135,0.0,0.0,0.0
66.0544,0.04248010900628724,0.7735009848459091,0.02594006656363229,-0.6318376213299561,0.0,0.0,9.7344,0.0,0.0,1.0,0.0,0.0,0.0,-0.0038,-0.0135,0.0,0.0,0.0
66.0745,0.04254326575598955,0.7733380085114251,0.02581876816529877,-0.6320378045187052,0.0,0.0,9.6628,0.0,0.0,1.0,0.0,0.0,0.0,0.0192,-0.0135,0.0,0.0,0.0
66.0946,0.04254296582237305,0.7733935577980249,0.025757584755932206,-0.6319723472139351,0.0,0.0,9.8105,0.0,0.0,1.0,0.0,0.0,0.0,-0.0269,-0.0135,0.0,0.0,0.0
66.1147,0.04266373664417944,0.7733102264905681,0.025512842513663814,-0.6320760983042593,0.0,0.0,9.5336,0.0,0.0,1.0,0.0,0.0,0.0,0.0423,-0.0135,0.0,0.0,0.0
66.1348,0.042785276968857255,0.7733629308901726,0.0253905709231117,-0.6320083196508245,0.0,0.0,9.8201,0.0,0.0,1.0,0.0,0.0,0.0,-0.05,-0.0135,0.0,0.0,0.0
66.1549,0.042785343155190836,0.7733641272376213,0.02532961113731097,-0.6320092973309155,0.0,0.0,9.4105,0.0,0.0,1.0,0.0,0.0,0.0,0.0577,-0.0135,0.0,0.0,0.0
66.175,0.042663501404939796,0.7733669619010571,0.025390703266754855,-0.6320116138770071,0.0,0.0,9.5975,0.0,0.0,1.0,0.0,0.0,0.0,-0.0616,-0.0135,0.0,0.0,0.0
66.1951,0.0425415918436744,0.7733685800783587,0.025512755223254024,-0.6320129362852536,0.0,0.0,9.5399,0.0,0.0,1.0,0.0,0.0,0.0,0.0616,-0.0135,0.0,0.0,0.0
66.2152,0.04229822561199459,0.7731544025309756,0.025757746343432253,-0.6322813206637964,0.0,0.0,9.4538,0.0,0.0,1.0,0.0,0.0,0.0,-0.0616,-0.0135,0.0,0.0,0.0
66.2352,0.042052535450982254,0.7731844587294918,0.025878714121132185,-0.6322560155481034,0.0,0.0,9.6527,0.0,0.0,1.0,0.0,0.0,0.0,0.0577,-0.0135,0.0,0.0,0.0
66.2553,0.04205348551395161,0.7730189246222555,0.026001300189005764,-0.6324533017705425,0.0,0.0,9.5209,0.0,0.0,1.0,0.0,0.0,0.0,-0.05,-0.0135,0.0,0.0,0.0
66.2754,0.041991805026035174,0.7731284102540633,0.02606187899096341,-0.6323210640427384,0.0,0.0,9.7828,0.0,0.0,1.0,0.0,0.0,0.0,0.0385,-0.0135,0.0,0.0,0.0
66.2955,0.041993311991652904,0.7729121479949659,0.02600181237128435,-0.6325877638582558,0.0,0.0,9.562,0.0,0.0,1.0,0.0,0.0,0.0,-0.0231,-0.0135,0.0,0.0,0.0
66.3156,0.04211295301616913,0.7729907824245827,0.025817358146256797,-0.6324912754285528,0.0,0.0,9.6946,0.0,0.0,1.0,0.0,0.0,0.0,0.0154,-0.0135,0.0,0.0,0.0
66.3357,0.04229690700056049,0.7728253007665353,0.025634943635703955,-0.6326886088891552,0.0,0.0,9.6098,0.0,0.0,1.0,0.0,0.0,0.0,0.0,-0.0135,0.0,0.0,0.0
66.3559,0.042234517746587374,0.7727998779842284,0.025512104632746724,-0.6327287938884105,0.0,0.0,9.498,0.0,0.0,1.0,0.0,0.0,0.0,-0.0115,-0.027,0.0,0.0,0.0
66.376,0.042114148872305364,0.772585731068346,0.02551309018804049,-0.6329982376305702,0.0,0.0,9.4071,0.0,0.0,1.0,0.0,0.0,0.0,0.0269,-0.027,0.0,0.0,0.0
66.396,0.04199194073889445,0.7726429096080769,0.02557396390875627,-0.6329341067720556,0.0,0.0,9.5624,0.0,0.0,1.0,0.0,0.0,0.0,-0.0346,-0.027,0.0,0.0,0.0
66.4161,0.04199194073889445,0.7726429096080769,0.02557396390875627,-0.6329341067720556,0.0,0.0,9.3691,0.0,0.0,1.0,0.0,0.0,0.0,0.0462,-0.027,0.0,0.0,0.0
66.4362,0.041993230379592295,0.7727276405139761,0.025574749326721824,-0.6328305416024618,0.0,0.0,9.7591,0.0,0.0,1.0,0.0,0.0,0.0,-0.0539,-0.027,0.0,0.0,0.0
66.4563,0.04205325661221487,0.7725877143898134,0.025513155683243582,-0.6329998626139772,0.0,0.0,9.5081,0.0,0.0,1.0,0.0,0.0,0.0,0.0577,-0.027,0.0,0.0,0.0
66.4764,0.04205325661221487,0.7725877143898134,0.025513155683243582,-0.6329998626139772,0.0,0.0,9.5081,0.0,0.0,1.0,0.0,0.0,0.0,-0.0654,-0.027,0.0,0.0,0.0
66.4965,0.04211356183639986,0.772696960602065,0.02539073582628193,-0.6328674154354785,0.0,0.0,9.5069,0.0,0.0,1.0,0.0,0.0,0.0,0.0616,-0.027,0.0,0.0,0.0
66.5166,0.04223589888904745,0.7726421503274256,0.025207939653260517,-0.6329334847840521,0.0,0.0,9.4863,0.0,0.0,1.0,0.0,0.0,0.0,-0.0577,-0.027,0.0,0.0,0.0
66.5367,0.04229586451161733,0.7728062529947688,0.02508432657810073,-0.6327340134191647,0.0,0.0,9.662,0.0,0.0,1.0,0.0,0.0,0.0,0.05,-0.027,0.0,0.0,0.0
66.5568,0.04235652076295032,0.7728610090050332,0.024962128235647085,-0.6326679050359099,0.0,0.0,9.5043,0.0,0.0,1.0,0.0,0.0,0.0,-0.0423,-0.027,0.0,0.0,0.0
66.5768,0.042358219798368235,0.7728920105652113,0.024902129218069002,-0.6326322827522992,0.0,0.0,9.8748,0.0,0.0,1.0,0.0,0.0,0.0,0.0308,-0.027,0.0,0.0,0.0
66.597,0.04247842572933286,0.7728593574645164,0.024840079414839067,-0.6326665530765452,0.0,0.0,9.6439,0.0,0.0,1.0,0.0,0.0,0.0,-0.0154,-0.027,0.0,0.0,0.0
66.6171,0.04248072687777244,0.7727792228443663,0.024902426099583215,-0.632761827039486,0.0,0.0,9.9353,0.0,0.0,1.0,0.0,0.0,0.0,0.0038,-0.027,0.0,0.0,0.0
66.6372,0.04241983568064889,0.7727812239702085,0.024902490584868153,-0.6327634655877373,0.0,0.0,9.7418,0.0,0.0,1.0,0.0,0.0,0.0,0.0077,-0.027,0.0,0.0,0.0
66.6573,0.04254304356357974,0.772723954604765,0.024841609354588234,-0.6328275230021166,0.0,0.0,9.7619,0.0,0.0,1.0,0.0,0.0,0.0,-0.0192,-0.027,0.0,0.0,0.0
66.6774,0.042603699487616616,0.7727786878446946,0.024719405854855273,-0.632761388974694,0.0,0.0,9.7336,0.0,0.0,1.0,0.0,0.0,0.0,0.0346,-0.027,0.0,0.0,0.0
66.6975,0.0426034803504945,0.7725307102158229,0.024719278707693807,-0.6330641377424826,0.0,0.0,9.5281,0.0,0.0,1.0,0.0,0.0,0.0,-0.0423,-0.027,0.0,0.0,0.0
66.7176,0.04254259014516143,0.7725327164712616,0.024719342903442576,-0.6330657818044632,0.0,0.0,9.5493,0.0,0.0,1.0,0.0,0.0,0.0,0.0539,-0.027,0.0,0.0,0.0
66.7376,0.04254245582239369,0.7722862746839958,0.024658264201696756,-0.6333687862484817,0.0,0.0,9.3751,0.0,0.0,1.0,0.0,0.0,0.0,-0.0616,-0.027,0.0,0.0,0.0
66.7577,0.042419612271073825,0.7722891469737705,0.024719356791265135,-0.6333711418758545,0.0,0.0,9.4368,0.0,0.0,1.0,0.0,0.0,0.0,0.0616,-0.027,0.0,0.0,0.0
66.7784,0.042234908992630604,0.7720140574206029,0.024901356750982373,-0.63371163003319,0.0,0.0,9.4638,0.0,0.0,1.0,0.0,0.0,0.0,-0.0616,-0.027,0.0,1.0,0.0
66.7986,0.042234552536582814,0.7720685396517883,0.024901146587413436,-0.6336452836963453,0.0,0.0,9.6423,0.0,0.0,1.0,0.0,0.0,0.0,0.0616,-0.027,0.0,1.0,0.0
66.8187,0.04235881034710581,0.7719877685463512,0.02478047406396172,-0.6337401237936326,0.0,0.0,9.7789,0.0,0.0,1.0,0.0,0.0,0.0,0.3348,-0.027,0.0,1.0,0.0
66.8388,0.04235765742595233,0.7719057570938602,0.024657800576258052,-0.633844873682419,0.0,0.0,9.5965,0.0,0.0,1.0,0.0,0.0,0.0,0.5003,-0.027,0.0,1.0,0.0
66.8589,0.042358350141478485,0.7721013823241132,0.024536202820513775,-0.6336112375405255,0.0,0.0,9.1893,0.0,0.0,1.0,0.0,0.0,0.0,0.6388,-0.027,0.0,1.0,0.0
66.879,0.04248099077813595,0.7722350107278669,0.02459757368573007,-0.6334377735795478,0.0,0.0,9.976,0.0,0.0,1.0,0.0,0.0,0.0,0.735,-0.027,0.0,1.0,0.0
66.8992,0.04247869338268706,0.772315244079358,0.02453524531161988,-0.6333425187910883,0.0,0.0,9.1843,0.0,0.0,1.0,0.0,0.0,0.0,0.8082,-0.027,0.0,1.0,0.0
66.9192,0.04247888339405953,0.7723186987213874,0.02435235987042217,-0.6333453517944522,0.0,0.0,10.1503,0.0,0.0,1.0,0.0,0.0,0.0,0.862,-0.027,0.0,1.0,0.0
66.9393,0.042603492242932695,0.7723479237474923,0.024170279264645433,-0.6333083172767536,0.0,0.0,9.078,0.0,0.0,1.0,0.0,0.0,0.0,0.9082,-0.027,0.0,1.0,0.0
66.9594,0.04272662202849148,0.7724293236935482,0.024109915283438477,-0.6332030382534402,0.0,0.0,9.8555,0.0,0.0,1.0,0.0,0.0,0.0,0.9352,-0.027,0.0,1.0,0.0
66.9795,0.04272632175121799,0.7724848970454665,0.024048743954904472,-0.6331375862957893,0.0,0.0,9.015,0.0,0.0,1.0,0.0,0.0,0.0,0.9544,-0.027,0.0,1.0,0.0
66.9996,0.042724308420017953,0.7725094953598374,0.024047610740423386,-0.6331077518610855,0.0,0.0,9.3717,0.0,0.0,1.0,0.0,0.0,0.0,0.9775,-0.027,0.0,1.0,0.0
67.0197,0.0427866092176859,0.772594000589619,0.023926340675509694,-0.6330050130500235,0.0,0.0,9.2507,0.0,0.0,1.0,0.0,0.0,0.0,1.0391,-0.027,0.0,1.0,0.0
67.0398,0.042846830315426465,0.7727019398996796,0.02386490548877762,-0.6328714936645549,0.0,0.0,9.4728,0.0,0.0,1.0,0.0,0.0,0.0,0.9621,-0.027,0.0,1.0,0.0
67.0599,0.04278600451150639,0.7727050814767326,0.023804002509977665,-0.6328740667324603,0.0,0.0,9.4606,0.0,0.0,1.0,0.0,0.0,0.0,1.0429,-0.027,0.0,1.0,0.0
67.08,0.04284749817383254,0.7725919826740282,0.023926278183002803,-0.6330033597228117,0.0,0.0,9.5035,0.0,0.0,1.0,0.0,0.0,0.0,0.9429,-0.027,0.0,1.0,0.0
67.1001,0.04278501943936702,0.7725652941037828,0.02386445306690277,-0.6330424917315789,0.0,0.0,9.4757,0.0,0.0,1.0,0.0,0.0,0.0,1.0545,-0.027,0.0,1.0,0.0
67.1202,0.04272614572586769,0.7725427161717674,0.023865639970692465,-0.6330739762382824,0.0,0.0,9.4589,0.0,0.0,1.0,0.0,0.0,0.0,0.9429,-0.027,0.0,1.0,0.0
67.1402,0.04266288135396285,0.7726237413475368,0.0238643742619617,-0.6329794029048635,0.0,0.0,9.5163,0.0,0.0,1.0,0.0,0.0,0.0,1.0583,-0.027,0.0,1.0,0.0
67.1603,0.042602594549074994,0.7725146479412366,0.023986771716749282,-0.6331119746431296,0.0,0.0,9.5124,0.0,0.0,1.0,0.0,0.0,0.0,0.9313,-0.027,0.0,1.0,0.0
67.1804,0.04248011683607217,0.7724631245600082,0.024048066141098667,-0.6331807414818114,0.0,0.0,9.5213,0.0,0.0,1.0,0.0,0.0,0.0,1.0583,-0.027,0.0,1.0,0.0
67.2005,0.042479556878576574,0.7722699441401439,0.024047749148211117,-0.6334163925776499,0.0,0.0,9.4463,0.0,0.0,1.0,0.0,0.0,0.0,0.9429,-0.027,0.0,1.0,0.0
67.2206,0.04254042407549142,0.772432384979037,0.023986111426327398,-0.6332165422773778,0.0,0.0,9.6068,0.0,0.0,1.0,0.0,0.0,0.0,1.0622,-0.027,0.0,1.0,0.0
67.2407,0.04254242849943146,0.7724077799106972,0.023987241606315435,-0.6332463782375064,0.0,0.0,9.5264,0.0,0.0,1.0,0.0,0.0,0.0,0.9429,-0.027,0.0,1.0,0.0
67.2608,0.042358211121771294,0.7724648501188587,0.02417012046870054,-0.633182155906135,0.0,0.0,9.6148,0.0,0.0,1.0,0.0,0.0,0.0,1.0583,-0.027,0.0,1.0,0.0
67.2809,0.04223552262634822,0.7725742678575606,0.02435272474949013,-0.633049844854344,0.0,0.0,9.777,0.0,0.0,1.0,0.0,0.0,0.0,0.9506,-0.027,0.0,1.0,0.0
67.301,0.042114523665308386,0.7727146081778525,0.024475304333675844,-0.6328818694533492,0.0,0.0,9.6441,0.0,0.0,1.0,0.0,0.0,0.0,1.0237,-0.027,0.0,1.0,0.0
67.3211,0.04211296058827208,0.7726859289395641,0.024413397440330557,-0.6329193785899704,0.0,0.0,9.5072,0.0,0.0,1.0,0.0,0.0,0.0,0.9698,-0.027,0.0,1.0,0.0
67.3412,0.042418660326047575,0.7728208115183848,0.024108806945017214,-0.6327459331895359,0.0,0.0,9.6387,0.0,0.0,1.0,0.0,0.0,0.0,1.0083,-0.027,0.0,1.0,0.0
67.3613,0.042664892067667166,0.7725991540482487,0.023865498996692384,-0.633009235403737,0.0,0.0,9.6437,0.0,0.0,1.0,0.0,0.0,0.0,0.989,-0.027,0.0,1.0,0.0
67.3815,0.04266391610353937,0.772520480877049,0.023559953670527656,-0.633116755007515,0.0,0.0,9.6439,0.0,0.0,1.0,0.0,0.0,0.0,1.0198,-0.027,0.0,1.0,0.0
67.4017,0.04290823940611694,0.772160308261155,0.023315130086548456,-0.633548534878073,0.0,0.0,9.4692,0.0,0.0,1.0,0.0,0.0,0.0,0.9736,-0.027,0.0,1.0,0.0
67.4218,0.04327392533008406,0.7721546676335995,0.022948960401167007,-0.6335439068088946,0.0,0.0,9.6183,0.0,0.0,1.0,0.0,0.0,0.0,1.0006,-0.027,0.0,1.0,0.0
67.4419,0.04357969429588787,0.7719852989898683,0.022705361733590446,-0.6337380964855652,0.0,0.0,9.554,0.0,0.0,1.0,0.0,0.0,0.0,0.9967,-0.027,0.0,1.0,0.0
67.4619,0.04357919876467765,0.7720985215405085,0.022461102445063722,-0.6336088898894507,0.0,0.0,9.5472,0.0,0.0,1.0,0.0,0.0,0.0,0.9967,-0.027,0.0,1.0,0.0
67.482,0.04363961949112438,0.7719052694920443,0.022338805220261937,-0.6338444732916866,0.0,0.0,9.5072,0.0,0.0,1.0,0.0,0.0,0.0,1.0121,-0.027,0.0,1.0,0.0
67.5022,0.04376288638919518,0.7719886361346865,0.022156448764659054,-0.6337408360141644,0.0,0.0,9.577,0.0,0.0,1.0,0.0,0.0,0.0,0.9659,-0.0135,0.0,1.0,0.0
67.5223,0.04388279664581801,0.7717078382253321,0.022094394127457673,-0.6340766123492232,0.0,0.0,9.4612,0.0,0.0,1.0,0.0,0.0,0.0,1.0352,-0.0135,0.0,1.0,0.0
67.5423,0.044005948819439145,0.7717891023804679,0.022033974373665555,-0.6339712626677594,0.0,0.0,9.6242,0.0,0.0,1.0,0.0,0.0,0.0,0.9429,-0.0135,0.0,1.0,0.0
67.5624,0.044128082253277516,0.7717304384798673,0.022034041070719764,-0.6340341818186251,0.0,0.0,9.5461,0.0,0.0,1.0,0.0,0.0,0.0,1.0545,-0.0135,0.0,1.0,0.0
67.5825,0.04406779256835963,0.7719258832465934,0.02203439629317283,-0.6338003990312047,0.0,0.0,9.5787,0.0,0.0,1.0,0.0,0.0,0.0,0.9313,-0.0135,0.0,1.0,0.0
67.6026,0.044006538733435074,0.771982450703679,0.022034269746227964,-0.6337357582707441,0.0,0.0,9.4187,0.0,0.0,1.0,0.0,0.0,0.0,1.0583,-0.0135,0.0,1.0,0.0
67.6227,0.04400567724961879,0.7720893372732003,0.02215583750267147,-0.6336013529841837,0.0,0.0,9.8105,0.0,0.0,1.0,0.0,0.0,0.0,0.9429,-0.0135,0.0,1.0,0.0
67.6428,0.04388342359280057,0.7721458578917714,0.02227770738311036,-0.6335366785183854,0.0,0.0,9.5101,0.0,0.0,1.0,0.0,0.0,0.0,1.0622,-0.0135,0.0,1.0,0.0
67.6629,0.04364103129036274,0.7722352488531167,0.02246153079314495,-0.633437968905486,0.0,0.0,9.6657,0.0,0.0,1.0,0.0,0.0,0.0,0.9352,-0.0135,0.0,1.0,0.0
67.683,0.043457945575633095,0.7722948039040605,0.02252249005348761,-0.6333757812475347,0.0,0.0,9.4674,0.0,0.0,1.0,0.0,0.0,0.0,1.0545,-0.0135,0.0,1.0,0.0
67.7031,0.04327504592376241,0.7722966658019009,0.022766550249581297,-0.6333773082304863,0.0,0.0,9.8302,0.0,0.0,1.0,0.0,0.0,0.0,0.9429,-0.0135,0.0,1.0,0.0
67.7232,0.04327504592376241,0.7722966658019009,0.022766550249581297,-0.6333773082304863,0.0,0.0,9.8302,0.0,0.0,1.0,0.0,0.0,0.0,1.0314,-0.0135,0.0,1.0,0.0
67.7433,0.043091690612660716,0.7721073742447913,0.02288836682236617,-0.6336161547034305,0.0,0.0,9.6408,0.0,0.0,1.0,0.0,0.0,0.0,0.9659,-0.0135,0.0,1.0,0.0
67.7634,0.043029650520750924,0.7722717277449334,0.022948813613774436,-0.6334178554916479,0.0,0.0,9.7332,0.0,0.0,1.0,0.0,0.0,0.0,1.0083,-0.0135,0.0,1.0,0.0
67.7834,0.04327461886334666,0.7723500452534612,0.02282732644991492,-0.6333100568650064,0.0,0.0,9.4727,0.0,0.0,1.0,0.0,0.0,0.0,0.989,-0.0135,0.0,1.0,0.0
67.8035,0.043517233897416296,0.7725084003148083,0.022643601368930066,-0.6331068544203409,0.0,0.0,9.7101,0.0,0.0,1.0,0.0,0.0,0.0,0.9929,-0.0135,0.0,1.0,0.0
67.8236,0.04345652959043694,0.7725136376708818,0.022460756866116205,-0.6331111466792054,0.0,0.0,9.4605,0.0,0.0,1.0,0.0,0.0,0.0,1.0121,-0.0135,0.0,1.0,0.0
67.8437,0.043335496706812804,0.772408853267387,0.02246125744852262,-0.6332472582121185,0.0,0.0,9.7835,0.0,0.0,1.0,0.0,0.0,0.0,0.9659,-0.0135,0.0,1.0,0.0
67.8638,0.04321278682962288,0.7722741903410436,0.022460889199550308,-0.6334198753148411,0.0,0.0,9.6027,0.0,0.0,1.0,0.0,0.0,0.0,1.0506,-0.0135,0.0,1.0,0.0
67.8839,0.04309038315095115,0.7720839474352801,0.022521677596846867,-0.6336579290365455,0.0,0.0,9.701,0.0,0.0,1.0,0.0,0.0,0.0,0.9429,-0.0135,0.0,1.0,0.0
67.904,0.043091684514130486,0.7721682659416805,0.02252235776907591,-0.633555064062213,0.0,0.0,9.6063,0.0,0.0,1.0,0.0,0.0,0.0,1.0583,-0.0135,0.0,1.0,0.0
67.9241,0.043213339885792845,0.7721620732847577,0.02264417810320729,-0.6335499830593713,0.0,0.0,9.446,0.0,0.0,1.0,0.0,0.0,0.0,0.9352,-0.0135,0.0,1.0,0.0
67.9442,0.043274064210666714,0.7724621461902249,0.022644033599536543,-0.6331799395213228,0.0,0.0,9.6522,0.0,0.0,1.0,0.0,0.0,0.0,1.0583,-0.0135,0.0,1.0,0.0
67.9643,0.0432743718647447,0.7724066374342287,0.02270519510997443,-0.6332454415961303,0.0,0.0,9.4386,0.0,0.0,1.0,0.0,0.0,0.0,0.939,-0.0135,0.0,1.0,0.0
67.9844,0.043212751034730164,0.7725175492294408,0.022704869188520885,-0.6331143523848447,0.0,0.0,9.7665,0.0,0.0,1.0,0.0,0.0,0.0,1.0583,-0.0135,0.0,1.0,0.0
68.0045,0.0433338913827408,0.7723192416442746,0.02276541758900391,-0.6333457970221639,0.0,0.0,9.4884,0.0,0.0,1.0,0.0,0.0,0.0,0.939,-0.0135,0.0,1.0,0.0
68.0246,0.043334011412410445,0.7723213808757277,0.02264348342962108,-0.6333475513138823,0.0,0.0,9.6754,0.0,0.0,1.0,0.0,0.0,0.0,1.0391,-0.0135,0.0,1.0,0.0
68.0447,0.04345694224361096,0.7721549737685002,0.02258296998613496,-0.6335441579890132,0.0,0.0,9.5595,0.0,0.0,1.0,0.0,0.0,0.0,1.0352,-0.0135,0.0,1.0,0.0
68.0648,0.04351840263989004,0.772346145881935,0.02258320894380811,-0.6333068594660834,0.0,0.0,9.6386,0.0,0.0,1.0,0.0,0.0,0.0,1.0352,-0.0135,0.0,1.0,0.0
68.0849,0.04364148716291122,0.7724263218293449,0.02258376958295205,-0.6332005774593252,0.0,0.0,9.4969,0.0,0.0,1.0,0.0,0.0,0.0,1.0121,-0.0135,0.0,1.0,0.0
68.105,0.04364006207705057,0.7726450990710507,0.022522032037106732,-0.6329359003377175,0.0,0.0,9.7056,0.0,0.0,1.0,0.0,0.0,0.0,0.9813,-0.0135,0.0,1.0,0.0
68.1251,0.04364037379462549,0.7725896174925091,0.02258319343272308,-0.6330014218721979,0.0,0.0,9.5595,0.0,0.0,1.0,0.0,0.0,0.0,1.0121,-0.0135,0.0,1.0,0.0
68.1452,0.04357905785258859,0.7726450257109045,0.022644030060672005,-0.6329358402425067,0.0,0.0,9.728,0.0,0.0,1.0,0.0,0.0,0.0,0.9813,-0.0135,0.0,1.0,0.0
68.1653,0.043517483240744344,0.772451827327281,0.022765729662640625,-0.6331714812466397,0.0,0.0,9.5281,0.0,0.0,1.0,0.0,0.0,0.0,1.0198,-0.0135,0.0,1.0,0.0
68.1854,0.04351873342769941,0.7725350196478049,0.022827384713316357,-0.6330676691837649,0.0,0.0,9.7665,0.0,0.0,1.0,0.0,0.0,0.0,0.9736,-0.0135,0.0,1.0,0.0
68.2055,0.043578184476683775,0.7724465444145948,0.02294857053983396,-0.6331671508929108,0.0,0.0,9.587,0.0,0.0,1.0,0.0,0.0,0.0,1.0314,-0.0135,0.0,1.0,0.0
68.2256,0.043518119342730976,0.7725851187132943,0.023071063269363257,-0.6329977359132163,0.0,0.0,9.8089,0.0,0.0,1.0,0.0,0.0,0.0,0.9659,-0.0135,0.0,1.0,0.0
68.2457,0.0435187984860404,0.772475173429966,0.023132424435385157,-0.6331296167076825,0.0,0.0,9.6378,0.0,0.0,1.0,0.0,0.0,0.0,1.0083,-0.0135,0.0,1.0,0.0
68.2658,0.04339702633694581,0.7724792690861713,0.023132547083284993,-0.6331329735550384,0.0,0.0,9.764,0.0,0.0,1.0,0.0,0.0,0.0,0.989,-0.0135,0.0,1.0,0.0
68.2859,0.04327319292686433,0.7722025979203302,0.023314565168226723,-0.6334721853325717,0.0,0.0,9.3498,0.0,0.0,1.0,0.0,0.0,0.0,0.9852,-0.0135,0.0,1.0,0.0
68.3061,0.04321385358508201,0.7722322535790449,0.02343846297010521,-0.6334355119853607,0.0,0.0,9.6628,0.0,0.0,1.0,0.0,0.0,0.0,1.0121,-0.0135,0.0,1.0,0.0
68.3262,0.04321315554573085,0.772036778945983,0.023560084804512993,-0.633669280892246,0.0,0.0,9.4612,0.0,0.0,1.0,0.0,0.0,0.0,0.9967,-0.0135,0.0,1.0,0.0
68.3462,0.04315196654934211,0.7720944014857776,0.02349898178399601,-0.6336055088399712,0.0,0.0,9.5871,0.0,0.0,1.0,0.0,0.0,0.0,1.0006,-0.0135,0.0,1.0,0.0
68.3663,0.04309253356164611,0.7718784693344336,0.023499836303755517,-0.6338725580295042,0.0,0.0,9.4701,0.0,0.0,1.0,0.0,0.0,0.0,0.9813,-0.0135,0.0,1.0,0.0
68.3864,0.04309174552394013,0.7719863560222009,0.023560407615140833,-0.6337389642244448,0.0,0.0,9.6423,0.0,0.0,1.0,0.0,0.0,0.0,1.016,-0.0135,0.0,1.0,0.0
68.4065,0.04321257740269958,0.7718434517587537,0.02355976959728801,-0.6339048007294715,0.0,0.0,9.3247,0.0,0.0,1.0,0.0,0.0,0.0,0.9775,-0.0135,0.0,1.0,0.0
68.4265,0.04315275678384617,0.771986538577494,0.023438411046991736,-0.6337391140877182,0.0,0.0,9.6215,0.0,0.0,1.0,0.0,0.0,0.0,1.0275,-0.0135,0.0,1.0,0.0
68.4466,0.04321318898296733,0.7717933752612486,0.023315101963249152,-0.6339747725432103,0.0,0.0,9.4021,0.0,0.0,1.0,0.0,0.0,0.0,0.9544,-0.0135,0.0,1.0,0.0
68.4667,0.043274500210199185,0.7717379205231035,0.02325426879622816,-0.6340403288758423,0.0,0.0,9.5465,0.0,0.0,1.0,0.0,0.0,0.0,1.0506,-0.0135,0.0,1.0,0.0
68.4867,0.04339584156220184,0.7715421831069464,0.023131915545600016,-0.6342746842692578,0.0,0.0,9.6061,0.0,0.0,1.0,0.0,0.0,0.0,0.9352,-0.0135,0.0,1.0,0.0
68.5068,0.04351742934191377,0.7715958818143465,0.022948699066307865,-0.6342076834301023,0.0,0.0,9.7257,0.0,0.0,1.0,0.0,0.0,0.0,1.0622,-0.0135,0.0,1.0,0.0
68.5269,0.04370172338311157,0.7713747683632808,0.0227663768458371,-0.6344705022230381,0.0,0.0,9.3691,0.0,0.0,1.0,0.0,0.0,0.0,0.9352,-0.0135,0.0,1.0,0.0
68.5469,0.04382347404568415,0.7716753473384055,0.022644244946500136,-0.6341008591726727,0.0,0.0,9.7031,0.0,0.0,1.0,0.0,0.0,0.0,1.0583,-0.0135,0.0,1.0,0.0
68.567,0.04400571895172845,0.7717240712834275,0.022643855382060266,-0.6340289506912988,0.0,0.0,9.5595,0.0,0.0,1.0,0.0,0.0,0.0,0.9429,-0.0135,0.0,1.0,0.0
68.5871,0.044066881392143264,0.7719709222079345,0.022582939217073494,-0.6337262942991397,0.0,0.0,9.75,0.0,0.0,1.0,0.0,0.0,0.0,1.0583,-0.0135,0.0,1.0,0.0
68.6072,0.044065549151974255,0.7718865858124836,0.022582256484422306,-0.6338291313222786,0.0,0.0,9.4562,0.0,0.0,1.0,0.0,0.0,0.0,0.939,-0.0135,0.0,1.0,0.0
68.6272,0.04400726876624339,0.7720562590255404,0.022644652864219017,-0.6336242679158387,0.0,0.0,9.5994,0.0,0.0,1.0,0.0,0.0,0.0,1.0506,-0.0135,0.0,1.0,0.0
68.6473,0.04406675965554669,0.7719687896060851,0.022704876165366265,-0.6337245436038373,0.0,0.0,9.6408,0.0,0.0,1.0,0.0,0.0,0.0,0.9506,-0.0135,0.0,1.0,0.0
68.6674,0.04400507433982842,0.7720787590876195,0.022765521120313992,-0.6335926721847314,0.0,0.0,9.7487,0.0,0.0,1.0,0.0,0.0,0.0,1.0275,-0.0135,0.0,1.0,0.0
68.6875,0.04388399192319592,0.7719728579191807,0.022826995798714722,-0.6337278833630275,0.0,0.0,9.5163,0.0,0.0,1.0,0.0,0.0,0.0,0.9736,-0.0135,0.0,1.0,0.0
68.7075,0.04357963515754648,0.7719232505044179,0.023132337145514492,-0.6337982373819094,0.0,0.0,9.7691,0.0,0.0,1.0,0.0,0.0,0.0,1.0237,-0.0135,0.0,1.0,0.0
68.7276,0.04333578234070329,0.7719259355757929,0.0234384231337581,-0.633800441996816,0.0,0.0,9.5739,0.0,0.0,1.0,0.0,0.0,0.0,0.9736,-0.0135,0.0,1.0,0.0
68.7477,0.043275589615343335,0.772062359686925,0.02368286992814539,-0.6336292747104322,0.0,0.0,9.8755,0.0,0.0,1.0,0.0,0.0,0.0,1.0006,-0.0135,0.0,1.0,0.0
68.7677,0.04321433628263427,0.7721188756193851,0.023682732322341637,-0.6335645912151787,0.0,0.0,9.5238,0.0,0.0,1.0,0.0,0.0,0.0,1.0006,-0.0135,0.0,1.0,0.0
68.7878,0.04315135315497448,0.7721444254433736,0.023742644094330856,-0.6335355032111674,0.0,0.0,9.757,0.0,0.0,1.0,0.0,0.0,0.0,0.9736,-0.0135,0.0,1.0,0.0
68.8079,0.04315259297382241,0.7722276114309009,0.023804327103004955,-0.6334317041911736,0.0,0.0,9.5299,0.0,0.0,1.0,0.0,0.0,0.0,1.0275,-0.0135,0.0,1.0,0.0
68.8279,0.04327430358503948,0.7722224174222027,0.023865167422862935,-0.633427443724787,0.0,0.0,9.5587,0.0,0.0,1.0,0.0,0.0,0.0,0.9506,-0.0135,0.0,1.0,0.0
68.848,0.043275734634181995,0.7723089566903182,0.02374395173590127,-0.6333263858104662,0.0,0.0,9.6382,0.0,0.0,1.0,0.0,0.0,0.0,1.0429,-0.0135,0.0,1.0,0.0
68.8681,0.04327348891312549,0.7720858811845371,0.02374271958368418,-0.6335985168066234,0.0,0.0,9.427,0.0,0.0,1.0,0.0,0.0,0.0,0.9429,-0.0135,0.0,1.0,0.0
68.8881,0.043214273770986966,0.7721177587117358,0.02374369986218372,-0.6335636747330662,0.0,0.0,9.6839,0.0,0.0,1.0,0.0,0.0,0.0,1.0583,-0.0135,0.0,1.0,0.0
68.9082,0.04333553321204475,0.7719214979295239,0.023682291393276822,-0.6337967984061073,0.0,0.0,9.5184,0.0,0.0,1.0,0.0,0.0,0.0,0.9352,-0.0135,0.0,1.0,0.0
68.9283,0.04345682150716501,0.7720308289910183,0.023437903732078713,-0.6336643973118433,0.0,0.0,9.6548,0.0,0.0,1.0,0.0,0.0,0.0,1.0583,-0.0135,0.0,1.0,0.0
68.9483,0.043639505442113036,0.7717812535556472,0.02319273716129544,-0.6339648154020922,0.0,0.0,9.5462,0.0,0.0,1.0,0.0,0.0,0.0,0.939,-0.0135,0.0,1.0,0.0
68.9684,0.04363968992836181,0.7717845162651327,0.023009836508973758,-0.6339674954918288,0.0,0.0,9.6141,0.0,0.0,1.0,0.0,0.0,0.0,1.0506,-0.0135,0.0,1.0,0.0
68.9885,0.04376271429102719,0.7716185942882491,0.022888373581944125,-0.6341653507889579,0.0,0.0,9.4969,0.0,0.0,1.0,0.0,0.0,0.0,0.9429,-0.0135,0.0,1.0,0.0
69.0085,0.043823534498247,0.771676411830746,0.02258327543924238,-0.634101733887033,0.0,0.0,9.6032,0.0,0.0,1.0,0.0,0.0,0.0,1.0314,-0.0135,0.0,1.0,0.0
69.0286,0.043823534498247,0.771676411830746,0.02258327543924238,-0.634101733887033,0.0,0.0,9.6032,0.0,0.0,1.0,0.0,0.0,0.0,0.9659,-0.0135,0.0,1.0,0.0
69.0487,0.043944886105439784,0.7714820005044728,0.02239994194474587,-0.6343363559529508,0.0,0.0,9.4007,0.0,0.0,1.0,0.0,0.0,0.0,1.016,-0.0135,0.0,1.0,0.0
69.0688,0.043944638072067,0.7715386456095787,0.022277816519957028,-0.6342717761391838,0.0,0.0,9.6548,0.0,0.0,1.0,0.0,0.0,0.0,0.9852,-0.0135,0.0,1.0,0.0
69.0888,0.043943672726941,0.7713997006720905,0.022277327136438707,-0.634440837372511,0.0,0.0,9.4375,0.0,0.0,1.0,0.0,0.0,0.0,0.9929,-0.0135,0.0,1.0,0.0
69.1089,0.04394627851192812,0.7715674469105825,0.022339649918715735,-0.6342344515353505,0.0,0.0,9.6223,0.0,0.0,1.0,0.0,0.0,0.0,1.0044,-0.0135,0.0,1.0,0.0
69.129,0.04400588783309545,0.7714820335642361,0.022277943215600227,-0.6343363831357103,0.0,0.0,9.535,0.0,0.0,1.0,0.0,0.0,0.0,0.9852,-0.0135,0.0,1.0,0.0
69.149,0.04400614043140921,0.7717314627321509,0.022217070898619018,-0.6340350233183589,0.0,0.0,9.7031,0.0,0.0,1.0,0.0,0.0,0.0,1.0198,-0.0135,0.0,1.0,0.0
69.1691,0.044067081890925834,0.7717304341253621,0.022156041173108206,-0.634034178241074,0.0,0.0,9.6324,0.0,0.0,1.0,0.0,0.0,0.0,0.9583,-0.0135,0.0,1.0,0.0
69.1892,0.04394420880032213,0.7718981022522309,0.022155601096369163,-0.6338385879641417,0.0,0.0,9.6282,0.0,0.0,1.0,0.0,0.0,0.0,1.0352,-0.0135,0.0,1.0,0.0
69.2092,0.04394457871670287,0.7718436005703908,0.022155787599209772,-0.6339049229464976,0.0,0.0,9.41,0.0,0.0,1.0,0.0,0.0,0.0,0.9467,-0.0135,0.0,1.0,0.0
69.2293,0.04394547793544551,0.7719813957961014,0.022217241626847017,-0.6337348922761179,0.0,0.0,9.5871,0.0,0.0,1.0,0.0,0.0,0.0,1.0468,-0.0135,0.0,1.0,0.0
69.2494,0.04394504754078887,0.7720348352054933,0.02227802410089208,-0.6336676855166473,0.0,0.0,9.4752,0.0,0.0,1.0,0.0,0.0,0.0,0.9429,-0.0135,0.0,1.0,0.0
69.2694,0.04394461666823246,0.7720882650235279,0.022338805137140816,-0.6336004730616018,0.0,0.0,9.5994,0.0,0.0,1.0,0.0,0.0,0.0,1.0583,-0.0135,0.0,1.0,0.0
69.2895,0.04406643899298712,0.7720851706331358,0.022277716383819424,-0.6335979337052806,0.0,0.0,9.5415,0.0,0.0,1.0,0.0,0.0,0.0,0.9429,-0.0135,0.0,1.0,0.0
69.3096,0.04412663322478194,0.7721930821460616,0.022216311873526517,-0.6334643791191021,0.0,0.0,9.8579,0.0,0.0,1.0,0.0,0.0,0.0,1.0545,-0.0135,0.0,1.0,0.0
69.3296,0.04418921973524171,0.772220839944085,0.022217110476767336,-0.6334261497738357,0.0,0.0,9.4805,0.0,0.0,1.0,0.0,0.0,0.0,0.9429,-0.0135,0.0,1.0,0.0
69.3497,0.04412815814673244,0.7722197674853897,0.02240008027752938,-0.6334252700729173,0.0,0.0,9.6657,0.0,0.0,1.0,0.0,0.0,0.0,1.0622,-0.0135,0.0,1.0,0.0
69.3698,0.04412815814673244,0.7722197674853897,0.02240008027752938,-0.6334252700729173,0.0,0.0,9.3993,0.0,0.0,1.0,0.0,0.0,0.0,0.9352,-0.0135,0.0,1.0,0.0
69.3898,0.044067276467788734,0.772221844739293,0.02240014053324429,-0.6334269739727267,0.0,0.0,9.6274,0.0,0.0,1.0,0.0,0.0,0.0,1.066,-0.0135,0.0,1.0,0.0
69.4099,0.04400438143486646,0.7722495951860157,0.022338178359166627,-0.6333997023500753,0.0,0.0,9.4638,0.0,0.0,1.0,0.0,0.0,0.0,0.9467,-0.0135,0.0,1.0,0.0
69.43,0.044067276467788734,0.772221844739293,0.02240014053324429,-0.6334269739727267,0.0,0.0,9.6872,0.0,0.0,1.0,0.0,0.0,0.0,1.0314,-0.0135,0.0,1.0,0.0
69.4501,0.044127096089854156,0.7723841782950358,0.022338542411875884,-0.6332270288238586,0.0,0.0,9.6706,0.0,0.0,1.0,0.0,0.0,0.0,0.9621,-0.0135,0.0,1.0,0.0
69.4701,0.044127156136485324,0.7723852293288004,0.022277573975902576,-0.6332278904973713,0.0,0.0,9.7192,0.0,0.0,1.0,0.0,0.0,0.0,1.0198,-0.0135,0.0,1.0,0.0
69.4902,0.04412785445278611,0.7725804517924411,0.02215592692294993,-0.6329939121917101,0.0,0.0,9.6582,0.0,0.0,1.0,0.0,0.0,0.0,0.9852,-0.0135,0.0,1.0,0.0
69.5103,0.04418948709230919,0.7724695147845001,0.022156244224065036,-0.6331249788161902,0.0,0.0,9.4842,0.0,0.0,1.0,0.0,0.0,0.0,0.9929,-0.0135,0.0,1.0,0.0
69.5304,0.04418885433649832,0.7725804532769445,0.02203392736768006,-0.6329939134079998,0.0,0.0,9.6481,0.0,0.0,1.0,0.0,0.0,0.0,1.0044,-0.0135,0.0,1.0,0.0
69.5504,0.04418923043395978,0.7725260284981221,0.02203411490148849,-0.6330603012249949,0.0,0.0,9.4943,0.0,0.0,1.0,0.0,0.0,0.0,0.9736,-0.0135,0.0,1.0,0.0
69.5705,0.04412797340308561,0.7725825343472639,0.022033986719624532,-0.6329956184794132,0.0,0.0,9.6509,0.0,0.0,1.0,0.0,0.0,0.0,1.0275,-0.0135,0.0,0.0,0.0
69.5906,0.04418746453097683,0.7724951565864646,0.02209423224811463,-0.6330960005640089,0.0,0.0,9.5969,0.0,0.0,1.0,0.0,0.0,0.0,0.8005,-0.0135,0.0,0.0,0.0
69.6107,0.04412797340308561,0.7725825343472639,0.022033986719624532,-0.6329956184794132,0.0,0.0,9.4402,0.0,0.0,1.0,0.0,0.0,0.0,0.5657,-0.0135,0.0,0.0,0.0
69.6308,0.044004885203160156,0.7725024298258337,0.02203344181626216,-0.63310196132469,0.0,0.0,9.2657,0.0,0.0,1.0,0.0,0.0,0.0,0.4041,-0.0135,0.0,0.0,0.0
69.6508,0.044005947092055686,0.7723380714250598,0.022094973435417442,-0.6333002385889639,0.0,0.0,9.8313,0.0,0.0,1.0,0.0,0.0,0.0,0.2963,-0.0135,0.0,0.0,0.0
69.6709,0.044067575492537925,0.7722270847600512,0.02209528854942766,-0.6334312721812208,0.0,0.0,9.3364,0.0,0.0,1.0,0.0,0.0,0.0,0.2194,-0.0135,0.0,0.0,0.0
69.691,0.044065499689422256,0.7722517069268989,0.0220942477508746,-0.6334014344015458,0.0,0.0,10.1527,0.0,0.0,1.0,0.0,0.0,0.0,0.1616,-0.0135,0.0,0.0,0.0
69.7111,0.04400632016058775,0.7722836186196969,0.022095160749629417,-0.6333666079523286,0.0,0.0,9.309,0.0,0.0,1.0,0.0,0.0,0.0,0.1193,-0.0135,0.0,0.0,0.0
69.7311,0.043945005737394356,0.7723391008354411,0.02215600289265485,-0.6333010826828449,0.0,0.0,9.9243,0.0,0.0,1.0,0.0,0.0,0.0,0.0885,-0.0135,0.0,0.0,0.0
69.7512,0.04400758771474111,0.7723668656095861,0.022156799377535116,-0.6332628469863808,0.0,0.0,9.279,0.0,0.0,1.0,0.0,0.0,0.0,0.0616,-0.0135,0.0,0.0,0.0
69.7713,0.044007647114230164,0.7723679081161072,0.0220958270006118,-0.6332637017364702,0.0,0.0,10.0675,0.0,0.0,1.0,0.0,0.0,0.0,0.0269,-0.0135,0.0,0.0,0.0
69.7913,0.044006006321155255,0.772339110941115,0.02203400316503068,-0.6333010909692752,0.0,0.0,9.2811,0.0,0.0,1.0,0.0,0.0,0.0,0.0115,-0.0135,0.0,0.0,0.0
69.8114,0.0439451241956223,0.7723411827539595,0.022034062271620247,-0.6333027898102587,0.0,0.0,9.8747,0.0,0.0,1.0,0.0,0.0,0.0,-0.0192,-0.0135,0.0,0.0,0.0
69.8315,0.04388418251462889,0.7723422121767817,0.022095091893645225,-0.6333036339143407,0.0,0.0,9.5779,0.0,0.0,1.0,0.0,0.0,0.0,0.0077,-0.0135,0.0,0.0,0.0
69.8515,0.04388375092987723,0.7723956161297318,0.022155874250350094,-0.633236405952863,0.0,0.0,9.4824,0.0,0.0,1.0,0.0,0.0,0.0,-0.0038,-0.0135,0.0,0.0,0.0
69.8716,0.043883631985945144,0.7723935226037727,0.02227781317525507,-0.63323468960851,0.0,0.0,10.046,0.0,0.0,1.0,0.0,0.0,0.0,0.0038,-0.0135,0.0,0.0,0.0
69.8917,0.04382269009031814,0.7723945377030734,0.022338842021943417,-0.6332355218217169,0.0,0.0,9.6946,0.0,0.0,1.0,0.0,0.0,0.0,-0.0077,-0.0135,0.0,0.0,0.0
69.9117,0.04382294216751493,0.7723379807570522,0.02246097035859163,-0.633300164243191,0.0,0.0,9.9204,0.0,0.0,1.0,0.0,0.0,0.0,-0.0077,-0.0135,0.0,0.0,0.0
69.9318,0.04376193890717245,0.7723379217957747,0.022582968473577048,-0.6333001158962395,0.0,0.0,9.6992,0.0,0.0,1.0,0.0,0.0,0.0,0.0231,-0.0135,0.0,0.0,0.0
69.9519,0.04370056404477952,0.7723922946428617,0.02270477349801431,-0.6332336828840572,0.0,0.0,9.9762,0.0,0.0,1.0,0.0,0.0,0.0,-0.0346,-0.0135,0.0,0.0,0.0
69.972,0.04370124471705805,0.7722823246058478,0.022766127485150167,-0.6333655467034007,0.0,0.0,9.5399,0.0,0.0,1.0,0.0,0.0,0.0,0.0539,-0.0135,0.0,0.0,0.0
69.992,0.04370149317494171,0.7722257146306486,0.02288825829587582,-0.6334301483112768,0.0,0.0,9.7642,0.0,0.0,1.0,0.0,0.0,0.0,-0.0577,-0.0135,0.0,0.0,0.0
70.0121,0.04363972127857252,0.7720900687575479,0.022826854207744773,-0.6336019532637758,0.0,0.0,9.5329,0.0,0.0,1.0,0.0,0.0,0.0,0.0577,-0.0135,0.0,0.0,0.0
70.0322,0.043640518647320214,0.7719821746500395,0.022766270566564883,-0.6337355316528172,0.0,0.0,9.7963,0.0,0.0,1.0,0.0,0.0,0.0,-0.0654,-0.0135,0.0,0.0,0.0
70.0522,0.04357831629990766,0.7718998896646168,0.022765642829888355,-0.6338400556849968,0.0,0.0,9.6372,0.0,0.0,1.0,0.0,0.0,0.0,0.0616,-0.0135,0.0,0.0,0.0
70.0723,0.04357736437206,0.7717610328073661,0.02276514553556358,-0.6340092031691946,0.0,0.0,9.6794,0.0,0.0,1.0,0.0,0.0,0.0,-0.0539,-0.0135,0.0,0.0,0.0
70.0924,0.043579110099492335,0.7717919498769401,0.022705057362697123,-0.6339736016887799,0.0,0.0,9.6548,0.0,0.0,1.0,0.0,0.0,0.0,0.0423,-0.0135,0.0,0.0,0.0
70.1124,0.04363919345908646,0.7716527382903956,0.022582582628014606,-0.634143279744431,0.0,0.0,9.4631,0.0,0.0,1.0,0.0,0.0,0.0,-0.0308,-0.0135,0.0,0.0,0.0
70.1325,0.043638546962909475,0.7717643024863409,0.022460252138724046,-0.6340118892423097,0.0,0.0,9.5256,0.0,0.0,1.0,0.0,0.0,0.0,0.0192,-0.0135,0.0,0.0,0.0
70.1526,0.0436414868082563,0.77163228850072,0.022339761086380472,-0.6341766055657603,0.0,0.0,9.3515,0.0,0.0,1.0,0.0,0.0,0.0,0.0,-0.0135,0.0,0.0,0.0
70.1727,0.043640472507271044,0.7717983564708235,0.02221724055210922,-0.6339788642616784,0.0,0.0,9.4035,0.0,0.0,1.0,0.0,0.0,0.0,-0.0115,-0.0135,0.0,0.0,0.0
70.1927,0.04363926929051127,0.7717160781461274,0.022094630040647437,-0.634083382710758,0.0,0.0,9.5329,0.0,0.0,1.0,0.0,0.0,0.0,0.0308,-0.0135,0.0,0.0,0.0
70.2128,0.04357982273263089,0.7718045707064682,0.021973414830631754,-0.6339839688256146,0.0,0.0,9.6949,0.0,0.0,1.0,0.0,0.0,0.0,-0.0423,-0.0135,0.0,0.0,0.0
70.2329,0.04357825384577658,0.7717767855075135,0.021850625869893173,-0.6340221441657513,0.0,0.0,9.5795,0.0,0.0,1.0,0.0,0.0,0.0,0.05,-0.0135,0.0,0.0,0.0
70.2529,0.043579135060751846,0.7716693915630277,0.02172906734287339,-0.6341569653835811,0.0,0.0,9.8573,0.0,0.0,1.0,0.0,0.0,0.0,-0.0577,-0.0135,0.0,0.0,0.0
70.273,0.043701500526006576,0.7716148375293428,0.021484246065324064,-0.6342232639436574,0.0,0.0,9.5299,0.0,0.0,1.0,0.0,0.0,0.0,0.0654,-0.0135,0.0,0.0,0.0
70.2931,0.04388443644629747,0.771613673971876,0.021179210634767465,-0.6342223075659692,0.0,0.0,9.6684,0.0,0.0,1.0,0.0,0.0,0.0,-0.0616,-0.0135,0.0,0.0,0.0
70.3131,0.04388443644629747,0.771613673971876,0.021179210634767465,-0.6342223075659692,0.0,0.0,9.6684,0.0,0.0,1.0,0.0,0.0,0.0,0.0577,0.0,0.0,0.0,0.0
70.3332,0.044250797400270096,0.771803907922135,0.02063037175971932,-0.6339834243942158,0.0,0.0,9.5786,0.0,0.0,1.0,0.0,0.0,0.0,-0.0423,0.0,0.0,0.0,0.0
70.3533,0.04449366632378615,0.7720718575180057,0.020385388957786577,-0.63364800670625,0.0,0.0,9.8675,0.0,0.0,1.0,0.0,0.0,0.0,0.0269,0.0,0.0,0.0,0.0
70.3733,0.044616500750173045,0.7722083591410542,0.02026377325238177,-0.6334769115185389,0.0,0.0,9.7762,0.0,0.0,1.0,0.0,0.0,0.0,-0.0154,0.0,0.0,0.0,0.0
70.3934,0.044615523056154016,0.7723134334820121,0.02050732112951592,-0.6333410339980684,0.0,0.0,9.89,0.0,0.0,1.0,0.0,0.0,0.0,0.0038,0.0,0.0,0.0,0.0
70.4135,0.04449607427003116,0.7722356441078927,0.020691499555483106,-0.6334382931193611,0.0,0.0,9.6334,0.0,0.0,1.0,0.0,0.0,0.0,0.0154,0.0,0.0,0.0,0.0
70.4335,0.04424874902357773,0.7717681809922503,0.020995406429356878,-0.6340150754726797,0.0,0.0,9.3913,0.0,0.0,1.0,0.0,0.0,0.0,-0.0269,0.0,0.0,0.0,0.0
70.4536,0.04369975246873031,0.7715839729843059,0.021544384955465568,-0.6342588933115691,0.0,0.0,9.6467,0.0,0.0,1.0,0.0,0.0,0.0,0.0385,0.0,0.0,0.0,0.0
70.4737,0.043152128106905385,0.771425290151401,0.0223390663185985,-0.6344618835443822,0.0,0.0,9.3105,0.0,0.0,1.0,0.0,0.0,0.0,-0.05,0.0,0.0,0.0,0.0
70.4937,0.0426640819877091,0.7717304830370518,0.023132044452927436,-0.6340952185429035,0.0,0.0,9.6497,0.0,0.0,1.0,0.0,0.0,0.0,0.0616,0.0,0.0,0.0,0.0
70.5138,0.042356539448676796,0.7719463815055811,0.023803179211395856,-0.6338281441414565,0.0,0.0,9.557,0.0,0.0,1.0,0.0,0.0,0.0,-0.0616,0.0,0.0,0.0,0.0
70.5339,0.04217420315575526,0.7723854064613013,0.02423054218534937,-0.6332890345641489,0.0,0.0,9.5355,0.0,0.0,1.0,0.0,0.0,0.0,0.0616,0.0,0.0,0.0,0.0
70.5539,0.04211276766130889,0.7724383962678041,0.024413285598214374,-0.6332214701488157,0.0,0.0,9.5488,0.0,0.0,1.0,0.0,0.0,0.0,-0.0539,0.0,0.0,0.0,0.0
70.574,0.042114036327583426,0.7725226663783396,0.024414021059543767,-0.6331185461282933,0.0,0.0,9.6021,0.0,0.0,1.0,0.0,0.0,0.0,0.0423,0.0,0.0,0.0,0.0
70.5941,0.04211445694082011,0.772469381273754,0.024353264232316985,-0.6331858700510891,0.0,0.0,9.5858,0.0,0.0,1.0,0.0,0.0,0.0,-0.0231,0.0,0.0,0.0,0.0
70.6142,0.04192973921932847,0.772498771820231,0.024413265920218755,-0.6331599615834397,0.0,0.0,9.9676,0.0,0.0,1.0,0.0,0.0,0.0,0.0115,0.0,0.0,0.0,0.0
70.6343,0.041626762160107356,0.7725361446559952,0.024536449247114733,-0.6331295922087841,0.0,0.0,9.7696,0.0,0.0,1.0,0.0,0.0,0.0,0.0,0.0,0.0,0.0,0.0
70.6544,0.041199281196703796,0.7724052718836385,0.024841169547982267,-0.6333053224872865,0.0,0.0,9.773,0.0,0.0,1.0,0.0,0.0,0.0,-0.0115,0.0,0.0,0.0,0.0
70.6745,0.04070949163904131,0.7723293555147518,0.02520768521829925,-0.6334150902106724,0.0,0.0,9.6972,0.0,0.0,1.0,0.0,0.0,0.0,0.0269,0.0,0.0,0.0,0.0
70.6945,0.040160823244453185,0.7720916018756034,0.025573887444377656,-0.6337252108528386,0.0,0.0,9.6442,0.0,0.0,1.0,0.0,0.0,0.0,-0.0385,0.0,0.0,0.0,0.0
70.7146,0.039856397299775255,0.7720416959287103,0.025818257363649236,-0.6337953178499411,0.0,0.0,9.7404,0.0,0.0,1.0,0.0,0.0,0.0,0.05,0.0,0.0,0.0,0.0
70.7347,0.0396109233447971,0.7717690227274796,0.025939294950117153,-0.6341377636504033,0.0,0.0,9.4727,0.0,0.0,1.0,0.0,0.0,0.0,-0.0577,0.0,0.0,0.0,0.0
70.7547,0.03942854433211129,0.7717200813836502,0.02593970022001507,-0.6342086705758279,0.0,0.0,9.5624,0.0,0.0,1.0,0.0,0.0,0.0,0.0616,0.0,0.0,0.0,0.0
70.7748,0.03936923665249925,0.7715082343430385,0.025696807178993752,-0.6344799300585421,0.0,0.0,9.4144,0.0,0.0,1.0,0.0,0.0,0.0,-0.0616,0.0,0.0,0.0,0.0
70.7949,0.03936876238202841,0.7716209425560709,0.025513494072665455,-0.6343502842890452,0.0,0.0,9.8015,0.0,0.0,1.0,0.0,0.0,0.0,0.0539,0.0,0.0,0.0,0.0
70.815,0.03943063358266835,0.7715159633490898,0.025209044392500657,-0.6344862863085476,0.0,0.0,9.4451,0.0,0.0,1.0,0.0,0.0,0.0,-0.0385,0.0,0.0,0.0,0.0
70.835,0.039551758158643036,0.7716817921925017,0.024902477349916186,-0.6342891585444024,0.0,0.0,9.5556,0.0,0.0,1.0,0.0,0.0,0.0,0.0269,0.0,0.0,0.0,0.0
70.8551,0.03979447143601017,0.7715957513972627,0.024596673298443228,-0.6343905738040816,0.0,0.0,9.3993,0.0,0.0,1.0,0.0,0.0,0.0,-0.0077,0.0,0.0,0.0,0.0
70.8752,0.039977926496292115,0.7717885809838734,0.024352955224478667,-0.6341538340401253,0.0,0.0,9.608,0.0,0.0,1.0,0.0,0.0,0.0,-0.0038,0.0,0.0,0.0,0.0
70.8952,0.04010008512667635,0.7717916384019341,0.02398705092103715,-0.634156346222131,0.0,0.0,9.562,0.0,0.0,1.0,0.0,0.0,0.0,0.0231,0.0,0.0,0.0,0.0
70.9153,0.04022334045262644,0.7718767229799661,0.02374379126763249,-0.6340541300084561,0.0,0.0,9.8555,0.0,0.0,1.0,0.0,0.0,0.0,-0.0385,0.0,0.0,0.0,0.0
70.9354,0.04040628133751972,0.7718754772094041,0.023499745208523326,-0.6340531066766903,0.0,0.0,9.5373,0.0,0.0,1.0,0.0,0.0,0.0,0.0539,0.0,0.0,0.0,0.0
70.9554,0.04052623490420654,0.7718974273293333,0.02343755752177057,-0.6340210303012508,0.0,0.0,9.7591,0.0,0.0,1.0,0.0,0.0,0.0,-0.0577,0.0,0.0,0.0,0.0
70.9755,0.04064932017101752,0.7719790804295534,0.02337618412058634,-0.6339159929870327,0.0,0.0,9.6541,0.0,0.0,1.0,0.0,0.0,0.0,0.0616,0.0,0.0,0.0,0.0
70.9956,0.040649662369185935,0.7719245781869915,0.023376380908314953,-0.6339823304759653,0.0,0.0,9.417,0.0,0.0,1.0,0.0,0.0,0.0,-0.0577,0.0,0.0,0.0,0.0
71.0156,0.04058807827873029,0.7720354889583443,0.023376045083364716,-0.6338512224542527,0.0,0.0,9.7307,0.0,0.0,1.0,0.0,0.0,0.0,0.0539,0.0,0.0,0.0,0.0
71.0357,0.04058904443291039,0.7718708616977015,0.023438603119605717,-0.6340493152885449,0.0,0.0,9.2839,0.0,0.0,1.0,0.0,0.0,0.0,-0.0385,0.0,0.0,0.0,0.0
71.0558,0.040588186583612296,0.7719765487708419,0.023621108586072526,-0.6339139140978677,0.0,0.0,9.6274,0.0,0.0,1.0,0.0,0.0,0.0,0.0269,0.0,0.0,0.0,0.0
71.0758,0.04052628401195069,0.7718373637552284,0.023742580533860084,-0.6340827974997866,0.0,0.0,9.5753,0.0,0.0,1.0,0.0,0.0,0.0,-0.0077,0.0,0.0,0.0,0.0
71.0959,0.04034463090741258,0.7719240713117854,0.023926374159497332,-0.6339819141789157,0.0,0.0,9.498,0.0,0.0,1.0,0.0,0.0,0.0,-0.0038,0.0,0.0,0.0,0.0
71.116,0.04034485217437961,0.771867303580386,0.0240485079587916,-0.6340463924915336,0.0,0.0,9.578,0.0,0.0,1.0,0.0,0.0,0.0,0.0231,0.0,0.0,0.0,0.0
71.136,0.040283094059120284,0.7719748025246698,0.024231056578371712,-0.6339124801556735,0.0,0.0,9.5928,0.0,0.0,1.0,0.0,0.0,0.0,-0.0385,0.0,0.0,0.0,0.0
71.1561,0.04034387542647466,0.7719706163147412,0.024352924803215936,-0.6339090426202649,0.0,0.0,9.5019,0.0,0.0,1.0,0.0,0.0,0.0,0.0539,0.0,0.0,0.0,0.0
71.1762,0.040343755263197834,0.7719683170185568,0.024474851528524022,-0.6339071545372057,0.0,0.0,9.9417,0.0,0.0,1.0,0.0,0.0,0.0,-0.0577,0.0,0.0,0.0,0.0
71.1963,0.0404664372464657,0.7721033427027609,0.024475264459231316,-0.6337348476085654,0.0,0.0,9.6697,0.0,0.0,1.0,0.0,0.0,0.0,0.0616,0.0,0.0,0.0,0.0
71.2163,0.040527619130941446,0.7720457943627024,0.02453637483644933,-0.6337986823939655,0.0,0.0,9.8159,0.0,0.0,1.0,0.0,0.0,0.0,-0.0577,0.0,0.0,0.0,0.0
71.2364,0.04071126652080082,0.7721800223934042,0.024475761436910052,-0.6336257119916123,0.0,0.0,9.5009,0.0,0.0,1.0,0.0,0.0,0.0,0.0539,0.0,0.0,0.0,0.0
71.2565,0.04083220305280034,0.7722019284604201,0.024413523506258975,-0.6335936337636867,0.0,0.0,9.4296,0.0,0.0,1.0,0.0,0.0,0.0,-0.0385,0.0,0.0,0.0,0.0
71.2765,0.04089480190147799,0.7722321426114741,0.024292476348381335,-0.6335574233548166,0.0,0.0,9.7128,0.0,0.0,1.0,0.0,0.0,0.0,0.0269,0.0,0.0,0.0,0.0
71.2966,0.04101700687345833,0.7721749551243928,0.02423159483008519,-0.6336215539561256,0.0,0.0,9.269,0.0,0.0,1.0,0.0,0.0,0.0,-0.0077,0.0,0.0,0.0,0.0
71.3167,0.04107562321749464,0.7722521154699801,0.024230187846802753,-0.6335237653998023,0.0,0.0,9.6946,0.0,0.0,1.0,0.0,0.0,0.0,-0.0038,0.0,0.0,0.0,0.0
71.3367,0.04107562321749464,0.7722521154699801,0.024230187846802753,-0.6335237653998023,0.0,0.0,9.6946,0.0,0.0,1.0,0.0,0.0,0.0,0.0231,0.0,0.0,0.0,0.0
71.3568,0.04113721363615048,0.7721412400319748,0.024230536817967944,-0.6336548872861719,0.0,0.0,9.4503,0.0,0.0,1.0,0.0,0.0,0.0,-0.0385,0.0,0.0,0.0,0.0
71.3769,0.041198594469502026,0.7723313977033599,0.024291760888690228,-0.6334167650830209,0.0,0.0,9.5995,0.0,0.0,1.0,0.0,0.0,0.0,0.0539,0.0,0.0,0.0,0.0
71.3969,0.041198821021648346,0.7722746450388737,0.024413893939720044,-0.6334812479933467,0.0,0.0,9.3993,0.0,0.0,1.0,0.0,0.0,0.0,-0.0577,0.0,0.0,0.0,0.0
71.417,0.041136878386173525,0.7724399391089016,0.024413334360446515,-0.6332837332598106,0.0,0.0,9.5995,0.0,0.0,1.0,0.0,0.0,0.0,0.0616,0.0,0.0,0.0,0.0
71.4371,0.04107667978439666,0.7723329792341488,0.024413809680752345,-0.6334180621533191,0.0,0.0,9.5264,0.0,0.0,1.0,0.0,0.0,0.0,-0.0577,0.0,0.0,0.0,0.0
71.4572,0.0409544774099912,0.7723901440966239,0.02447468769648492,-0.6333539182357923,0.0,0.0,9.8714,0.0,0.0,1.0,0.0,0.0,0.0,0.0539,0.0,0.0,0.0,0.0
71.4772,0.040893865819635666,0.772336465820697,0.02453591949309397,-0.6334209216283826,0.0,0.0,9.5868,0.0,0.0,1.0,0.0,0.0,0.0,-0.0385,0.0,0.0,0.0,0.0
71.4973,0.04077100989308675,0.7723391874081266,0.024597005968464373,-0.633423153700147,0.0,0.0,9.8859,0.0,0.0,1.0,0.0,0.0,0.0,0.0269,0.0,0.0,0.0,0.0
71.5174,0.040649150686376034,0.7723418630708005,0.024658091407529503,-0.633425348107367,0.0,0.0,9.5478,0.0,0.0,1.0,0.0,0.0,0.0,-0.0077,0.0,0.0,0.0,0.0
71.5374,0.04052612806943089,0.7722613845881501,0.024657469487897814,-0.6335313694018211,0.0,0.0,9.5819,0.0,0.0,1.0,0.0,0.0,0.0,-0.0038,0.0,0.0,0.0,0.0
71.5575,0.04040398809143625,0.7723196574322923,0.02465738246154281,-0.6334681349366512,0.0,0.0,9.754,0.0,0.0,1.0,0.0,0.0,0.0,0.0231,0.0,0.0,0.0,0.0
71.5776,0.04022237051172151,0.772163112844933,0.024597226579404833,-0.6336728371302045,0.0,0.0,9.3105,0.0,0.0,1.0,0.0,0.0,0.0,-0.0385,0.0,0.0,0.0,0.0
71.5976,0.040099947837921535,0.7722769954208071,0.024535968083572224,-0.6335441758846881,0.0,0.0,9.7691,0.0,0.0,1.0,0.0,0.0,0.0,0.0539,0.0,0.0,0.0,0.0
71.6177,0.04004006099907726,0.7721154598537064,0.0245366501829058,-0.6337447932471648,0.0,0.0,9.5324,0.0,0.0,1.0,0.0,0.0,0.0,-0.0577,0.0,0.0,0.0,0.0
71.6378,0.03997659827913608,0.7722509221525505,0.024535139711263476,-0.6335837843126295,0.0,0.0,9.6769,0.0,0.0,1.0,0.0,0.0,0.0,0.0616,0.0,0.0,0.0,0.0
71.6579,0.039917855558128275,0.7721725499496974,0.024597527198018002,-0.6336805816557468,0.0,0.0,9.6248,0.0,0.0,1.0,0.0,0.0,0.0,-0.0577,0.0,0.0,0.0,0.0
71.6779,0.03973326960704371,0.7722028050571923,0.024596547856356232,-0.6336553518922476,0.0,0.0,9.4872,0.0,0.0,1.0,0.0,0.0,0.0,0.0539,0.0,0.0,0.0,0.0
71.698,0.03967370564304196,0.7719867306827319,0.024597437494061625,-0.6339222750456573,0.0,0.0,9.4427,0.0,0.0,1.0,0.0,0.0,0.0,-0.0385,0.0,0.0,0.0,0.0
71.7181,0.039551561365899324,0.772044957840782,0.02459734911676148,-0.6338589965304373,0.0,0.0,9.6222,0.0,0.0,1.0,0.0,0.0,0.0,0.0269,0.0,0.0,0.0,0.0
71.7381,0.03955063852072055,0.7719049450533857,0.024657774636391794,-0.6340272052086677,0.0,0.0,9.6323,0.0,0.0,1.0,0.0,0.0,0.0,-0.0077,0.0,0.0,0.0,0.0
71.7582,0.03955177563350892,0.7719881391400156,0.02471948476358904,-0.6339234316101554,0.0,0.0,9.524,0.0,0.0,1.0,0.0,0.0,0.0,-0.0038,0.0,0.0,0.0,0.0
71.7783,0.03955018647064201,0.7719571211929126,0.02477949029714832,-0.6339589597523658,0.0,0.0,9.5478,0.0,0.0,1.0,0.0,0.0,0.0,0.0231,0.0,0.0,0.0,0.0
71.7984,0.03955018647064201,0.7719571211929126,0.02477949029714832,-0.6339589597523658,0.0,0.0,9.8328,0.0,0.0,1.0,0.0,0.0,0.0,-0.0346,0.0,0.0,0.0,0.0
71.8185,0.03955063852072055,0.7719049450533857,0.024657774636391794,-0.6340272052086677,0.0,0.0,9.6258,0.0,0.0,1.0,0.0,0.0,0.0,0.05,0.0,0.0,0.0,0.0
71.8385,0.03955130322735901,0.7717959171157093,0.02465818904655315,-0.6341598619035135,0.0,0.0,9.9159,0.0,0.0,1.0,0.0,0.0,0.0,-0.0577,0.0,0.0,0.0,0.0
71.8586,0.039551030433600136,0.7718515939218914,0.024597018926835516,-0.634094487920995,0.0,0.0,9.7047,0.0,0.0,1.0,0.0,0.0,0.0,0.0616,0.0,0.0,0.0,0.0
71.8787,0.03961106746498516,0.7717108321641297,0.024596420944063557,-0.6342620680220229,0.0,0.0,9.5507,0.0,0.0,1.0,0.0,0.0,0.0,-0.0577,0.0,0.0,0.0,0.0
71.8988,0.03967283880214479,0.7718478638437791,0.024596900058386332,-0.6340914235728883,0.0,0.0,9.6049,0.0,0.0,1.0,0.0,0.0,0.0,0.0539,0.0,0.0,0.0,0.0
71.9189,0.03967197009911189,0.7717089661134153,0.024596361468198994,-0.6342605343320241,0.0,0.0,9.2093,0.0,0.0,1.0,0.0,0.0,0.0,-0.0385,0.0,0.0,0.0,0.0
71.9389,0.039612326922576324,0.7717963696752301,0.024536202498544324,-0.6341602337571043,0.0,0.0,9.4912,0.0,0.0,1.0,0.0,0.0,0.0,0.0269,0.0,0.0,0.0,0.0
71.959,0.03967272481780332,0.771600647941068,0.024535829811953458,-0.6343945996443334,0.0,0.0,9.3941,0.0,0.0,1.0,0.0,0.0,0.0,-0.0077,0.0,0.0,0.0,0.0
71.9791,0.03973356862289412,0.7715976229636291,0.02459673295961473,-0.6343921125684655,0.0,0.0,9.7813,0.0,0.0,1.0,0.0,0.0,0.0,-0.0038,0.0,0.0,0.0,0.0
71.9991,0.0396733288727285,0.7714903952826374,0.024597203898936486,-0.6345262599161284,0.0,0.0,9.5941,0.0,0.0,1.0,0.0,0.0,0.0,0.0231,0.0,0.0,0.0,0.0
72.0192,0.03967380864950926,0.7716827287863504,0.024658502600751253,-0.6342899283841603,0.0,0.0,9.4752,0.0,0.0,1.0,0.0,0.0,0.0,-0.0346,0.0,0.0,0.0,0.0
72.0393,0.03979435172697704,0.7715934302964156,0.02471859731974252,-0.6343886654414505,0.0,0.0,9.417,0.0,0.0,1.0,0.0,0.0,0.0,0.05,0.0,0.0,0.0,0.0
72.0594,0.0397951939009032,0.7717327602450083,0.02471912044318209,-0.6342190902137256,0.0,0.0,9.7231,0.0,0.0,1.0,0.0,0.0,0.0,-0.0577,0.0,0.0,0.0,0.0
72.0794,0.03979561821765304,0.7716789878919872,0.024658383063472677,-0.6342868535303,0.0,0.0,9.6197,0.0,0.0,1.0,0.0,0.0,0.0,0.0616,0.0,0.0,0.0,0.0
72.0995,0.039794919870741186,0.7717884459615367,0.02465795034986168,-0.6341537230966174,0.0,0.0,9.91,0.0,0.0,1.0,0.0,0.0,0.0,-0.0577,0.0,0.0,0.0,0.0
72.1196,0.039794919870741186,0.7717884459615367,0.02465795034986168,-0.6341537230966174,0.0,0.0,9.91,0.0,0.0,1.0,0.0,0.0,0.0,0.0539,0.0,0.0,0.0,0.0
72.1588,0.03997788861078356,0.772031848910343,0.024596931466292663,-0.6338482339272894,0.0,0.0,9.6797,0.0,0.0,1.0,0.0,0.0,0.0,0.0269,0.0,0.0,0.0,0.0
72.1789,0.040099812427932036,0.7720303887278326,0.02447488551555216,-0.6338470350983721,0.0,0.0,9.6026,0.0,0.0,1.0,0.0,0.0,0.0,-0.0077,0.0,0.0,0.0,0.0
72.199,0.04003978273793624,0.7721710951770497,0.024475478471265303,-0.6336793878018893,0.0,0.0,9.9865,0.0,0.0,1.0,0.0,0.0,0.0,-0.0038,0.0,0.0,0.0,0.0
72.219,0.04003990200194524,0.7721733951950354,0.02435354862642375,-0.633681275303245,0.0,0.0,9.5461,0.0,0.0,1.0,0.0,0.0,0.0,0.0231,0.0,0.0,0.0,0.0
72.2391,0.040039224892169156,0.7722823377525574,0.024353136786608054,-0.633548558513183,0.0,0.0,9.703,0.0,0.0,1.0,0.0,0.0,0.0,-0.0346,0.0,0.0,0.0,0.0
72.2592,0.04003990200194524,0.7721733951950354,0.02435354862642375,-0.633681275303245,0.0,0.0,9.557,0.0,0.0,1.0,0.0,0.0,0.0,0.05,0.0,0.0,0.0,0.0
72.2792,0.03991587622388065,0.7722562581964116,0.024352314394372687,-0.6335881622042783,0.0,0.0,9.8605,0.0,0.0,1.0,0.0,0.0,0.0,-0.0577,0.0,0.0,0.0,0.0
72.2993,0.03991587622388065,0.7722562581964116,0.024352314394372687,-0.6335881622042783,0.0,0.0,9.5461,0.0,0.0,1.0,0.0,0.0,0.0,0.0616,0.0,0.0,0.0,0.0
72.3194,0.03985611850618681,0.7723412964409323,0.024414072591580904,-0.6334858835752015,0.0,0.0,9.7459,0.0,0.0,1.0,0.0,0.0,0.0,-0.0577,0.0,0.0,0.0,0.0
72.3395,0.03967307047423385,0.7724013720741613,0.02441404336848607,-0.6334241251985129,0.0,0.0,9.6086,0.0,0.0,1.0,0.0,0.0,0.0,0.0539,0.0,0.0,0.0,0.0
72.3595,0.039673347505708834,0.7723457651100655,0.02447521438263356,-0.6334895488444644,0.0,0.0,9.9495,0.0,0.0,1.0,0.0,0.0,0.0,-0.0385,0.0,0.0,0.0,0.0
72.3797,0.039672615538711375,0.7724535142703725,0.024535762227656743,-0.6333558622445814,0.0,0.0,9.778,0.0,0.0,1.0,0.0,0.0,0.0,0.0269,0.0,0.0,0.0,0.0
72.3998,0.03967283296141938,0.7723967478990827,0.024657896180341254,-0.6334203330456767,0.0,0.0,9.7178,0.0,0.0,1.0,0.0,0.0,0.0,-0.0077,0.0,0.0,0.0,0.0
72.4198,0.03967283296141938,0.7723967478990827,0.024657896180341254,-0.6334203330456767,0.0,0.0,9.7178,0.0,0.0,1.0,0.0,0.0,0.0,-0.0038,0.0,0.0,0.0,0.0
72.4399,0.03973367663582139,0.7723937140360506,0.024718798831249722,-0.6334178450619592,0.0,0.0,9.5675,0.0,0.0,1.0,0.0,0.0,0.0,0.0231,0.0,0.0,0.0,0.0
72.46,0.03973521188758883,0.7724235582114467,0.024719753929866473,-0.6333813175503862,0.0,0.0,9.2712,0.0,0.0,1.0,0.0,0.0,0.0,-0.0346,0.0,0.0,0.0,0.0
72.4802,0.039794302042834184,0.7724474519489828,0.024657567527885782,-0.6333508915806904,0.0,0.0,9.6605,0.0,0.0,1.0,0.0,0.0,0.0,0.05,0.0,0.0,0.0,0.0
72.5003,0.03991650431539662,0.7723904084277962,0.024596694557351917,-0.6334151342278093,0.0,0.0,9.3195,0.0,0.0,1.0,0.0,0.0,0.0,-0.0539,0.0,0.0,0.0,0.0
72.5204,0.03997827203353732,0.772527256688487,0.024597167372277795,-0.6332443089328426,0.0,0.0,9.703,0.0,0.0,1.0,0.0,0.0,0.0,0.0616,0.0,0.0,0.0,0.0
72.5405,0.04003796796471044,0.7724410892376983,0.024596365993855736,-0.63334567461887,0.0,0.0,9.6836,0.0,0.0,1.0,0.0,0.0,0.0,-0.0577,0.0,0.0,0.0,0.0
72.5605,0.04009973613780743,0.7725779163230844,0.02459683814916841,-0.6331748336159795,0.0,0.0,9.6164,0.0,0.0,1.0,0.0,0.0,0.0,0.0539,0.0,0.0,0.0,0.0
72.5806,0.04022094857425612,0.7723798090287753,0.024657355425986016,-0.6334064419658647,0.0,0.0,9.3301,0.0,0.0,1.0,0.0,0.0,0.0,-0.0385,0.0,0.0,0.0,0.0
72.6007,0.04022216130386025,0.7724640978305701,0.024658098886942315,-0.6333035397517777,0.0,0.0,9.6189,0.0,0.0,1.0,0.0,0.0,0.0,0.0269,0.0,0.0,0.0,0.0
72.6207,0.04022094857425612,0.7723798090287753,0.024657355425986016,-0.6334064419658647,0.0,0.0,9.5896,0.0,0.0,1.0,0.0,0.0,0.0,-0.0077,0.0,0.0,0.0,0.0
72.6408,0.04022244202114317,0.7724084883181103,0.02471927165035659,-0.6333689603549131,0.0,0.0,9.9417,0.0,0.0,1.0,0.0,0.0,0.0,-0.0038,0.0,0.0,0.0,0.0
72.6609,0.040283062636686295,0.7724622011120661,0.024658038341122013,-0.6333019847299379,0.0,0.0,9.6248,0.0,0.0,1.0,0.0,0.0,0.0,0.0231,0.0,0.0,0.0,0.0
72.6809,0.040343902762859436,0.7724591382138905,0.02471894042224693,-0.6332994736174319,0.0,0.0,9.9446,0.0,0.0,1.0,0.0,0.0,0.0,-0.0346,0.0,0.0,0.0,0.0
72.701,0.040344184176059006,0.7724035261151099,0.024780113124200642,-0.633364891386999,0.0,0.0,9.6836,0.0,0.0,1.0,0.0,0.0,0.0,0.05,0.0,0.0,0.0,0.0
72.7211,0.04028288018898291,0.7724587025212105,0.024840926117084886,-0.6332991164154375,0.0,0.0,9.9737,0.0,0.0,1.0,0.0,0.0,0.0,-0.0577,0.0,0.0,0.0,0.0
72.7411,0.04028384360825116,0.7722941730777984,0.02490252149871336,-0.6334972664481132,0.0,0.0,9.6248,0.0,0.0,1.0,0.0,0.0,0.0,0.0616,0.0,0.0,0.0,0.0
72.7612,0.0402203896846543,0.7721250862051595,0.025022998147003928,-0.633702628265044,0.0,0.0,9.8185,0.0,0.0,1.0,0.0,0.0,0.0,-0.0577,0.0,0.0,0.0,0.0
72.7813,0.04016038362543117,0.7719611520747738,0.025145614069497724,-0.6339012709937678,0.0,0.0,9.5294,0.0,0.0,1.0,0.0,0.0,0.0,0.0539,0.0,0.0,0.0,0.0
72.8013,0.04010070686485867,0.7717426036935289,0.02526944543062637,-0.6341661786006095,0.0,0.0,9.3714,0.0,0.0,1.0,0.0,0.0,0.0,-0.0385,0.0,0.0,0.0,0.0
72.8214,0.03997920453302872,0.7716902502473528,0.025330763190295147,-0.6342351088628582,0.0,0.0,9.5473,0.0,0.0,1.0,0.0,0.0,0.0,0.0269,0.0,0.0,0.0,0.0
72.8415,0.03991639726673224,0.7714113517722889,0.025451615683364903,-0.6345734180102415,0.0,0.0,9.1792,0.0,0.0,1.0,0.0,0.0,0.0,-0.0077,0.0,0.0,0.0,0.0
72.8616,0.039917843458273546,0.7714393004011261,0.02557454038634899,-0.6345344076204923,0.0,0.0,9.6663,0.0,0.0,1.0,0.0,0.0,0.0,-0.0038,0.0,0.0,0.0,0.0
72.8816,0.03985476229988356,0.7712160496829129,0.025634203923061098,-0.6348072858929187,0.0,0.0,9.4798,0.0,0.0,1.0,0.0,0.0,0.0,0.0231,0.0,0.0,0.0,1.0
72.9017,0.03973416661351764,0.7713042342369965,0.025635107493268527,-0.6347076614595246,0.0,0.0,9.4584,0.0,0.0,1.0,0.0,0.0,0.0,-0.0346,0.0,0.0,0.0,1.0
72.9218,0.03997907540237777,0.7713217478845711,0.025879696141331288,-0.6346610718311732,-0.0811,0.0,12.0505,0.0,0.0,1.0,0.0,0.0,0.0,0.0539,0.1758,0.0,0.0,1.0
72.9419,0.03888000715672607,0.7711989773172379,0.02813772888625754,-0.6347824435516967,-0.0541,0.0,8.3841,0.0,0.0,1.0,0.0,0.0,0.0,-0.0539,0.2299,0.0,0.0,1.0
72.9619,0.037598417762307317,0.7703335593049996,0.028992322138539688,-0.6358710652697422,-0.0676,0.0,9.9274,0.0,0.0,1.0,0.0,0.0,0.0,0.0577,0.3651,0.0,0.0,1.0
72.982,0.038268354487512424,0.7700680104548858,0.02886951302763302,-0.6361582692509934,-0.0676,0.0,9.9139,0.0,0.0,1.0,0.0,0.0,0.0,-0.0616,0.4327,0.0,0.0,1.0
73.0021,0.039367232347182035,0.7706759719793257,0.027282467997565896,-0.6354246093526805,-0.0135,0.0,10.0425,0.0,0.0,1.0,0.0,0.0,0.0,0.0539,0.5139,0.0,0.0,1.0
73.0221,0.040466358015202375,0.7713078239382105,0.025818228419821565,-0.6346496148915164,0.0,0.0,8.8006,0.0,0.0,1.0,0.0,0.0,0.0,-0.0385,0.6085,0.0,0.0,1.0
73.0422,0.041139069071264966,0.7720540631864697,0.024658640798270626,-0.6337444689677334,0.0541,0.0,11.0119,0.0,0.0,1.0,0.0,0.0,0.0,0.0231,0.6761,0.0,0.0,1.0
73.0623,0.0409553687361347,0.772345953712551,0.02392621541645129,-0.6334287029898337,0.0135,0.0,9.2919,0.0,0.0,1.0,0.0,0.0,0.0,-0.0038,0.7573,0.0,0.0,1.0
73.0823,0.040465286938933476,0.772813381830552,0.023009594535285394,-0.6329238469009499,0.0811,0.0,12.689,0.0,0.0,1.0,0.0,0.0,0.0,-0.0077,0.7978,0.0,0.0,1.0
73.1024,0.040709748170093485,0.7726392204650885,0.023192856529328953,-0.6331140835655436,0.0135,0.0,10.5938,0.0,0.0,1.0,0.0,0.0,0.0,0.0231,0.8925,0.0,0.0,1.0
73.1225,0.04162706319582915,0.773029743934269,0.023010587712872566,-0.6325841568168753,0.027,0.0,12.1602,0.0,0.0,1.0,0.0,0.0,0.0,-0.0385,0.879,0.0,0.0,1.0
73.1425,0.04162706319582915,0.773029743934269,0.023010587712872566,-0.6325841568168753,0.027,0.0,12.1602,0.0,0.0,1.0,0.0,0.0,0.0,0.05,0.9331,0.0,0.0,1.0
73.1626,0.04180885492206182,0.7731293172188645,0.023192919519897326,-0.6324438054016674,0.027,0.0,8.6585,0.0,0.0,1.0,0.0,0.0,0.0,-0.0577,0.9601,0.0,0.0,1.0
73.1827,0.041625160143839546,0.7729334047955745,0.023681522186287718,-0.6326772346948013,-0.0135,0.0,8.2055,0.0,0.0,1.0,0.0,0.0,0.0,0.0654,0.9466,0.0,0.0,1.0
73.2027,0.04040549360779815,0.7725924382624296,0.02490230421535438,-0.6331257344878581,0.027,0.0,11.4102,0.0,0.0,1.0,0.0,0.0,0.0,-0.0616,0.9736,0.0,0.0,1.0
73.2228,0.0400991815529801,0.7722012389351036,0.025634476785801778,-0.633593068006422,-0.027,0.0,9.8073,0.0,0.0,1.0,0.0,0.0,0.0,0.0577,0.9872,0.0,0.0,1.0
73.2429,0.03985651821508863,0.7716770333571549,0.026184340449214364,-0.6342242461938133,-0.027,0.0,9.2649,0.0,0.0,1.0,0.0,0.0,0.0,-0.0423,0.9736,0.0,0.0,1.0
73.263,0.03942791435859139,0.7714017595741106,0.026671265610904493,-0.634565527338202,-0.0135,0.0,9.1604,0.0,0.0,1.0,0.0,0.0,0.0,0.0346,0.9872,0.0,0.0,1.0
73.2831,0.038513175508753494,0.7710605138071029,0.027222124054197105,-0.6350128938232171,-0.027,0.0,10.2001,0.0,0.0,1.0,0.0,0.0,0.0,-0.0154,0.9872,0.0,0.0,1.0
73.3032,0.038513175508753494,0.7710605138071029,0.027222124054197105,-0.6350128938232171,-0.027,0.0,10.2001,0.0,0.0,1.0,0.0,0.0,0.0,0.0038,0.9736,0.0,0.0,1.0
73.3233,0.038512726921182405,0.7711735319074218,0.027038808278291915,-0.6348834982872189,-0.027,0.0,11.0655,0.0,0.0,1.0,0.0,0.0,0.0,0.0115,1.0007,0.0,0.0,1.0
73.3434,0.038512726921182405,0.7711735319074218,0.027038808278291915,-0.6348834982872189,-0.027,0.0,11.0655,0.0,0.0,1.0,0.0,0.0,0.0,-0.0231,0.9736,0.0,0.0,1.0
73.3635,0.03881869536802207,0.7713148167358131,0.026489474511915634,-0.6347163698171068,-0.0135,0.0,9.1537,0.0,0.0,1.0,0.0,0.0,0.0,0.0423,0.9872,0.0,0.0,1.0
73.3836,0.03881869536802207,0.7713148167358131,0.026489474511915634,-0.6347163698171068,-0.0135,0.0,9.1537,0.0,0.0,1.0,0.0,0.0,0.0,-0.05,1.0007,0.0,0.0,1.0
73.4037,0.039367954898305524,0.7714221162242303,0.025756970491659648,-0.6345822729940911,-0.0135,0.0,9.5676,0.0,0.0,1.0,0.0,0.0,0.0,0.0577,1.0007,0.0,0.0,1.0
73.4238,0.03967187809025175,0.7715841798126387,0.025390281969843168,-0.6343810598789515,-0.0135,0.0,9.446,0.0,0.0,1.0,0.0,0.0,0.0,-0.0577,0.9872,0.0,0.0,1.0
73.4439,0.039795405860112654,0.7716138694332977,0.025208257090632624,-0.6343444694683287,-0.0135,0.0,9.4328,0.0,0.0,1.0,0.0,0.0,0.0,0.0654,0.9736,0.0,0.0,1.0
73.4639,0.040283385183634834,0.771797379809784,0.024963238694711842,-0.6341000631688739,-0.0135,0.0,9.6004,0.0,0.0,1.0,0.0,0.0,0.0,-0.0616,0.9736,0.0,0.0,1.0
73.484,0.04028372340298914,0.7717428587261473,0.024963448286096427,-0.6341663881692666,-0.0135,0.0,9.4646,0.0,0.0,1.0,0.0,0.0,0.0,0.0539,0.9736,0.0,0.0,1.0
73.5041,0.04040537138038458,0.77179709386628,0.024780227764037543,-0.634099828240901,-0.0135,0.0,9.5693,0.0,0.0,1.0,0.0,0.0,0.0,-0.0385,0.9736,0.0,0.0,1.0
73.5242,0.04028182701867422,0.7717675266177437,0.024962273114394917,-0.6341365343451915,-0.0135,0.0,9.4728,0.0,0.0,1.0,0.0,0.0,0.0,0.0269,0.9736,0.0,0.0,1.0
73.5443,0.04040362461293784,0.7717637282519327,0.024962150258947324,-0.6341334133502694,-0.0135,0.0,9.7672,0.0,0.0,1.0,0.0,0.0,0.0,-0.0038,0.9736,0.0,0.0,1.0
73.5644,0.04040362461293784,0.7717637282519327,0.024962150258947324,-0.6341334133502694,-0.0135,0.0,9.7672,0.0,0.0,1.0,0.0,0.0,0.0,-0.0038,0.9736,0.0,0.0,1.0
73.5845,0.04022132422180902,0.7716540350621726,0.025268575450273445,-0.6342663433801492,-0.0135,0.0,9.9114,0.0,0.0,1.0,0.0,0.0,0.0,-0.0308,0.9736,0.0,0.0,1.0
73.6046,0.04016172868826462,0.7716810012620966,0.025513462912370277,-0.6342275073269193,-0.0135,0.0,9.5278,0.0,0.0,1.0,0.0,0.0,0.0,-0.0308,0.9736,0.0,0.0,1.0
73.6247,0.04016172868826462,0.7716810012620966,0.025513462912370277,-0.6342275073269193,-0.0135,0.0,9.5278,0.0,0.0,1.0,0.0,0.0,0.0,0.0462,0.9736,0.0,0.0,1.0
73.6448,0.040221286480927876,0.7715923120780384,0.025634545247342044,-0.6343267471468063,-0.0135,0.0,9.9495,0.0,0.0,1.0,0.0,0.0,0.0,-0.0577,0.9736,0.0,0.0,1.0
73.6649,0.040099840654456986,0.7714809343507008,0.025939896922110184,-0.6344574788435609,-0.0135,0.0,9.4806,0.0,0.0,1.0,0.0,0.0,0.0,0.0616,0.9736,0.0,0.0,1.0
73.685,0.04028300738019003,0.7714231413312896,0.025818004730078448,-0.6345211162496727,-0.0135,0.0,9.8218,0.0,0.0,1.0,0.0,0.0,0.0,-0.0577,0.9736,0.0,0.0,1.0
73.705,0.04028288019770415,0.7714207057754756,0.025939922854019137,-0.6345191129242461,-0.0135,0.0,9.4809,0.0,0.0,1.0,0.0,0.0,0.0,0.0616,0.9736,0.0,0.0,1.0
73.7252,0.04040552070099701,0.7713109397896232,0.025757331931582306,-0.6346521786849045,-0.0135,0.0,9.8525,0.0,0.0,1.0,0.0,0.0,0.0,-0.0539,0.9736,0.0,0.0,1.0
73.7453,0.04052851495709009,0.7713908346122568,0.025818965113681203,-0.6345447193004111,-0.0135,0.0,9.5292,0.0,0.0,1.0,0.0,0.0,0.0,-0.0269,0.9736,0.0,0.0,1.0
73.7654,0.040588285955689814,0.7713064340669539,0.025696181036695912,-0.6346484712738449,-0.0135,0.0,9.7727,0.0,0.0,1.0,0.0,0.0,0.0,0.0192,0.9736,0.0,0.0,1.0
73.7855,0.04077077121851708,0.7713576715964219,0.02557385649462507,-0.6345794391150616,-0.0135,0.0,9.4854,0.0,0.0,1.0,0.0,0.0,0.0,0.0,0.9736,0.0,0.0,1.0
73.8056,0.04065039140087706,0.7711443950961048,0.025513873300956558,-0.6348487299034322,-0.0135,0.0,9.4918,0.0,0.0,1.0,0.0,0.0,0.0,-0.0115,0.9736,0.0,0.0,1.0
73.8257,0.0408947146753878,0.7711924773475531,0.02545244480652359,-0.6347770933544572,-0.0135,0.0,9.5349,0.0,0.0,1.0,0.0,0.0,0.0,0.0269,0.9736,0.0,0.0,1.0
73.8458,0.040770614106373615,0.7711107014416779,0.0255127585218885,-0.6348819908456346,-0.0135,0.0,9.3639,0.0,0.0,1.0,0.0,0.0,0.0,-0.0385,0.9736,0.0,0.0,1.0
73.8659,0.04101663892212471,0.7711910129540955,0.025330394575224905,-0.6347758879959381,-0.0135,0.0,9.6637,0.0,0.0,1.0,0.0,0.0,0.0,0.0539,0.9736,0.0,0.0,1.0
73.886,0.0408947146753878,0.7711924773475531,0.02545244480652359,-0.6347770933544572,-0.0135,0.0,9.437,0.0,0.0,1.0,0.0,0.0,0.0,-0.0616,0.9736,0.0,0.0,1.0
73.9061,0.04101443114100228,0.7712714977932071,0.025268033462599704,-0.6346807225802087,-0.0135,0.0,9.894,0.0,0.0,1.0,0.0,0.0,0.0,0.0654,0.9736,0.0,0.0,1.0
73.9262,0.04089337703687951,0.7714112484452653,0.025451612274237367,-0.6345113339565172,-0.0135,0.0,9.5041,0.0,0.0,1.0,0.0,0.0,0.0,-0.0577,0.9736,0.0,0.0,1.0
73.9463,0.04089316206696458,0.7714681920103226,0.02532948097902421,-0.6344469996822607,-0.0135,0.0,9.9642,0.0,0.0,1.0,0.0,0.0,0.0,0.0577,0.9736,0.0,0.0,1.0
73.9664,0.040893933434851815,0.7716047440194712,0.02545195857054461,-0.6342759675565484,-0.0135,0.0,9.6517,0.0,0.0,1.0,0.0,0.0,0.0,-0.05,0.9736,0.0,0.0,1.0
73.9865,0.040771264702057386,0.7716110095826854,0.025330164452751103,-0.6342811179864812,-0.0135,0.0,9.8377,0.0,0.0,1.0,0.0,0.0,0.0,0.0385,0.9736,0.0,0.0,1.0
74.0066,0.04077085993466256,0.7716643490029984,0.025390912771357743,-0.6342138212043351,-0.0135,0.0,9.5764,0.0,0.0,1.0,0.0,0.0,0.0,-0.0192,0.9736,0.0,0.0,1.0
74.0267,0.04076968722047125,0.77158115517007,0.025329184402995697,-0.6343175750425369,-0.0135,0.0,9.891,0.0,0.0,1.0,0.0,0.0,0.0,0.0115,0.9736,0.0,0.0,1.0
74.0468,0.04064933988132374,0.7716124516831582,0.025452212813586006,-0.6342823034245955,-0.0135,0.0,9.5262,0.0,0.0,1.0,0.0,0.0,0.0,0.0077,0.9736,0.0,0.0,1.0
74.0669,0.04058856567442243,0.7716167538626786,0.025330353023877095,-0.6342858399102107,-0.0135,0.0,9.7905,0.0,0.0,1.0,0.0,0.0,0.0,-0.0192,0.9736,0.0,0.0,1.0
74.087,0.040466054234220394,0.7717300343033826,0.025330033948322284,-0.6341558499209717,-0.0135,0.0,9.5938,0.0,0.0,1.0,0.0,0.0,0.0,0.0385,0.9736,0.0,0.0,1.0
74.107,0.04040571157335249,0.7716805898446766,0.02514644284676465,-0.6342271691920628,-0.0135,0.0,9.7416,0.0,0.0,1.0,0.0,0.0,0.0,-0.0462,0.9736,0.0,0.0,1.0
74.1271,0.04046624215197209,0.7717336180917119,0.025146150475794327,-0.6341587948372416,-0.0135,0.0,9.5583,0.0,0.0,1.0,0.0,0.0,0.0,0.0577,0.9736,0.0,0.0,1.0
74.1472,0.040221785858173265,0.7716018919715988,0.02514586612275943,-0.6343346227860851,-0.0135,0.0,9.4648,0.0,0.0,1.0,0.0,0.0,0.0,-0.0616,0.9736,0.0,0.0,1.0
74.1673,0.04028247245849515,0.7716568943382945,0.025023672288592817,-0.6342686935818306,-0.0135,0.0,9.4788,0.0,0.0,1.0,0.0,0.0,0.0,0.0616,0.9736,0.0,0.0,1.0
74.1874,0.04010038004411015,0.7715523122477046,0.025085237740810673,-0.6344050124589383,-0.0135,0.0,9.4355,0.0,0.0,1.0,0.0,0.0,0.0,-0.0577,0.9736,0.0,0.0,1.0
74.2075,0.04028314705609215,0.7715478165824949,0.025024091351976252,-0.6344013159208058,-0.0135,0.0,9.5275,0.0,0.0,1.0,0.0,0.0,0.0,0.0539,0.9736,0.0,0.0,1.0
74.2276,0.04003820115508966,0.7714686076059141,0.02514549829530921,-0.6345083402464758,-0.0135,0.0,9.4346,0.0,0.0,1.0,0.0,0.0,0.0,-0.0423,0.9736,0.0,0.0,1.0
74.2477,0.040161343687731554,0.7715516026879518,0.025024214149094837,-0.6344044290269963,-0.0135,0.0,9.688,0.0,0.0,1.0,0.0,0.0,0.0,0.0308,0.9736,0.0,0.0,1.0
74.2678,0.04003908087267882,0.7716075585265425,0.025146050791088448,-0.6343392812660994,-0.0135,0.0,9.5251,0.0,0.0,1.0,0.0,0.0,0.0,-0.0115,0.9736,0.0,0.0,1.0
74.2879,0.04009861518202823,0.7715793532704252,0.024962137924912142,-0.6343770915926062,-0.0135,0.0,9.8416,0.0,0.0,1.0,0.0,0.0,0.0,0.0,0.9736,0.0,0.0,1.0
74.308,0.040100441331805625,0.771553491455061,0.025024275408656038,-0.6344059820562629,-0.0135,0.0,9.5764,0.0,0.0,1.0,0.0,0.0,0.0,0.0154,0.9736,0.0,0.0,1.0
74.3282,0.04022114771114533,0.7714676525479902,0.02490147233610835,-0.6345075547417746,-0.0135,0.0,9.9495,0.0,0.0,1.0,0.0,0.0,0.0,-0.0308,0.9736,0.0,0.0,1.0
74.3483,0.040283208472508,0.771548992898275,0.024963129188472214,-0.6344022831405464,-0.0135,0.0,9.5265,0.0,0.0,1.0,0.0,0.0,0.0,0.0423,0.9736,0.0,0.0,1.0
74.3684,0.0400993467608774,0.7714714323308921,0.024901594340133948,-0.634510663492736,-0.0135,0.0,9.8222,0.0,0.0,1.0,0.0,0.0,0.0,-0.05,0.9736,0.0,0.0,1.0
74.3885,0.040222368094393224,0.771552060847015,0.024902227892362072,-0.6344048057459843,-0.0135,0.0,9.5172,0.0,0.0,1.0,0.0,0.0,0.0,0.0616,0.9736,0.0,0.0,1.0
74.4086,0.040100776670702054,0.7714989423695737,0.025024484673507486,-0.6344722884412377,-0.0135,0.0,9.6711,0.0,0.0,1.0,0.0,0.0,0.0,-0.0654,0.9736,0.0,0.0,1.0
74.4287,0.040221908950974446,0.7716042533445769,0.025023943354114456,-0.6343365640729752,-0.0135,0.0,9.6521,0.0,0.0,1.0,0.0,0.0,0.0,0.0654,0.9736,0.0,0.0,1.0
74.4488,0.04009980734083818,0.7713582940160507,0.02508487947992344,-0.6346409508732896,-0.0135,0.0,9.4958,0.0,0.0,1.0,0.0,0.0,0.0,-0.0539,0.9736,0.0,0.0,1.0
74.4689,0.04009968331311936,0.7713559082238,0.025207800921624002,-0.6346389879444221,-0.0135,0.0,9.5172,0.0,0.0,1.0,0.0,0.0,0.0,0.05,0.9736,0.0,0.0,1.0
74.489,0.039917974407193024,0.7711978251212454,0.0252086153482608,-0.6348424966554391,-0.0135,0.0,9.407,0.0,0.0,1.0,0.0,0.0,0.0,-0.0346,0.9736,0.0,0.0,1.0
74.5091,0.040039448901974965,0.7712486468483031,0.02520828262246793,-0.6347731167539417,-0.0135,0.0,9.5345,0.0,0.0,1.0,0.0,0.0,0.0,0.0231,0.9736,0.0,0.0,1.0
74.5292,0.03991636709439406,0.771166772540214,0.025268599346349955,-0.6348779335076699,-0.0135,0.0,9.4659,0.0,0.0,1.0,0.0,0.0,0.0,-0.0038,0.9736,0.0,0.0,1.0
74.5492,0.040039448901974965,0.7712486468483031,0.02520828262246793,-0.6347731167539417,-0.0135,0.0,9.5763,0.0,0.0,1.0,0.0,0.0,0.0,-0.0077,0.9736,0.0,0.0,1.0
74.5693,0.040039448901974965,0.7712486468483031,0.02520828262246793,-0.6347731167539417,-0.0135,0.0,9.5763,0.0,0.0,1.0,0.0,0.0,0.0,0.0269,0.9736,0.0,0.0,1.0
74.5894,0.03973519837032241,0.7712022586204966,0.025269762108513616,-0.6348461462686018,-0.0135,0.0,9.4082,0.0,0.0,1.0,0.0,0.0,0.0,-0.0385,0.9736,0.0,0.0,1.0
74.6095,0.03991737207493218,0.7713081894623165,0.025146234391268174,-0.6347109162216561,-0.0135,0.0,9.7789,0.0,0.0,1.0,0.0,0.0,0.0,0.05,0.9736,0.0,0.0,1.0
74.6298,0.03979550232358975,0.7713107359639921,0.025208318195076185,-0.6347130117425306,-0.0135,0.0,9.471,0.0,0.0,1.0,0.0,0.0,0.0,-0.0539,0.9736,0.0,0.0,0.0
74.6499,0.0399156161588764,0.7713352584498643,0.02502313246886606,-0.6346829960698364,-0.0135,0.0,9.8976,0.0,0.0,1.0,0.0,0.0,0.0,0.0654,0.9195,0.0,0.0,0.0
74.67,0.039916767426989304,0.7714185053694006,0.025084853844377978,-0.6345793026560401,0.0406,0.0,9.8298,0.0,0.0,1.0,0.0,0.0,0.0,-0.0616,0.7708,0.0,0.0,0.0
74.6901,0.039674080008877954,0.7710779903058862,0.02459766959842652,-0.6350272867299573,0.0947,0.0,11.2298,0.0,0.0,1.0,0.0,0.0,0.0,0.0577,0.7302,0.0,0.0,0.0
74.7102,0.03985562770135297,0.7714157940651549,0.02374277821440251,-0.6346380717306669,0.0676,0.0,9.5097,0.0,0.0,1.0,0.0,0.0,0.0,-0.0385,0.6085,0.0,0.0,0.0
74.7303,0.040039057266263,0.7721571043854378,0.023621033784220424,-0.6337289063971201,0.0811,0.0,11.3041,0.0,0.0,1.0,0.0,0.0,0.0,0.0231,0.5409,0.0,0.0,0.0
74.7504,0.040099597524444704,0.7727582439046129,0.023681762308576163,-0.6329896467477146,0.027,0.0,9.8423,0.0,0.0,1.0,0.0,0.0,0.0,-0.0077,0.4598,0.0,0.0,0.0
74.7705,0.03991603181867254,0.772991250749107,0.02477939896451914,-0.632674654191346,0.027,0.0,9.4179,0.0,0.0,1.0,0.0,0.0,0.0,-0.0077,0.3651,0.0,0.0,0.0
74.7905,0.039368317099745094,0.7725282224783914,0.02551320550106185,-0.6332451005954738,0.0,0.0,9.5225,0.0,0.0,1.0,0.0,0.0,0.0,0.0269,0.284,0.0,0.0,0.0
74.8106,0.039307594823947356,0.7718626802467404,0.02594039254415753,-0.6340425946780939,-0.027,0.0,10.0639,0.0,0.0,1.0,0.0,0.0,0.0,-0.0385,0.2434,0.0,0.0,0.0
74.8307,0.038695896521081026,0.7711769377514665,0.02661092883818728,-0.6348863022140813,-0.0406,0.0,8.0333,0.0,0.0,1.0,0.0,0.0,0.0,0.0539,0.1758,0.0,0.0,0.0
74.8508,0.03808755400990498,0.7704174337939045,0.026979100774017155,-0.6358289424502338,-0.0811,0.0,5.6148,0.0,0.0,1.0,0.0,0.0,0.0,-0.0616,0.1082,0.0,0.0,0.0
74.8709,0.03881706822552988,0.7700625152296425,0.0269773524289853,-0.6362147281449035,0.0,0.0,15.135,0.0,0.0,1.0,0.0,0.0,0.0,0.0616,0.1082,0.0,0.0,0.0
74.891,0.03967282219730284,0.7701995481770779,0.025817884291330917,-0.6360441494247437,-0.0135,0.0,7.3102,0.0,0.0,1.0,0.0,0.0,0.0,-0.0539,0.0676,0.0,0.0,0.0
74.9111,0.03997801555051162,0.7708132998283179,0.024963009710026077,-0.6353152471227493,-0.0135,0.0,12.2128,0.0,0.0,1.0,0.0,0.0,0.0,0.05,0.0676,0.0,0.0,0.0
74.9312,0.04028341792713997,0.7713700027086992,0.024170250758358994,-0.6346505842899438,-0.0135,0.0,10.1189,0.0,0.0,1.0,0.0,0.0,0.0,-0.0423,0.0676,0.0,0.0,0.0
74.9513,0.04064842199625134,0.7717790256214621,0.02374266238916089,-0.6341459827064077,0.0135,0.0,9.0644,0.0,0.0,1.0,0.0,0.0,0.0,0.0269,0.0541,0.0,0.0,0.0
74.9714,0.04089419850893661,0.7719157470394261,0.02343811377347438,-0.6339750774467543,0.027,0.0,8.6314,0.0,0.0,1.0,0.0,0.0,0.0,-0.0077,0.027,0.0,0.0,0.0
74.9915,0.04046584463909302,0.7716030375770273,0.023070911423627657,-0.6343965643551613,0.027,0.0,11.7433,0.0,0.0,1.0,0.0,0.0,0.0,-0.0077,0.027,0.0,0.0,0.0
75.0116,0.04028340055303593,0.7720416767014013,0.02356023426829024,-0.6338563026721404,0.027,0.0,10.3995,0.0,0.0,1.0,0.0,0.0,0.0,0.0269,0.027,0.0,0.0,0.0
75.0317,0.04028253374211871,0.7720860633423812,0.02410872094900446,-0.6337816641730674,0.0135,0.0,9.1809,0.0,0.0,1.0,0.0,0.0,0.0,-0.0385,0.0135,0.0,0.0,0.0
75.0518,0.04016072893217926,0.7722727874875015,0.024657833570122356,-0.6335407238698618,0.027,0.0,8.6653,0.0,0.0,1.0,0.0,0.0,0.0,0.05,0.0,0.0,0.0,0.0
75.0719,0.040221868245120196,0.7719094714541105,0.02490191842872036,-0.6339699233030518,0.027,0.0,9.1826,0.0,0.0,1.0,0.0,0.0,0.0,-0.0539,-0.0135,0.0,0.0,0.0
75.092,0.0399168171640722,0.7716634654545212,0.025268884257808603,-0.6342740947560247,0.0135,0.0,9.7072,0.0,0.0,1.0,0.0,0.0,0.0,0.0616,-0.027,0.0,0.0,0.0
75.112,0.0396120276185254,0.7713625378138187,0.025635017873394568,-0.6346444424904429,0.0,0.0,9.691,0.0,0.0,1.0,0.0,0.0,0.0,-0.0616,-0.027,0.0,0.0,0.0
75.1322,0.039245645272793776,0.7714160274492778,0.0262447627830728,-0.6345772642854116,0.0,0.0,9.7073,0.0,0.0,1.0,0.0,0.0,0.0,0.0616,-0.027,0.0,0.0,0.0
75.1523,0.03894126924727809,0.7714481444926302,0.02661186738416338,-0.6345416821790486,0.0,0.0,10.0955,0.0,0.0,1.0,0.0,0.0,0.0,-0.05,-0.027,0.0,0.0,0.0
75.1724,0.03851293476861789,0.7714216934025278,0.027038954202702192,-0.634581925175236,0.0,0.0,9.7088,0.0,0.0,1.0,0.0,0.0,0.0,0.0385,-0.027,0.0,0.0,0.0
75.1925,0.03839090788137661,0.7711771495676623,0.0270389351203289,-0.634886476595854,0.0,0.0,9.6162,0.0,0.0,1.0,0.0,0.0,0.0,-0.0231,-0.027,0.0,0.0,0.0
75.2125,0.03839116105313961,0.7711822351540503,0.0267941124028504,-0.6348906634030294,0.0,0.0,9.6337,0.0,0.0,1.0,0.0,0.0,0.0,0.0115,-0.027,0.0,0.0,0.0
75.2326,0.03851419086321162,0.7710198400221414,0.02655082095443806,-0.6350906370755508,0.0,0.0,9.6668,0.0,0.0,1.0,0.0,0.0,0.0,0.0077,-0.027,0.0,0.0,0.0
75.2527,0.03857471052113809,0.7711322037548336,0.026306484548376197,-0.6349606955640092,0.0,0.0,9.8579,0.0,0.0,1.0,0.0,0.0,0.0,-0.0192,-0.027,0.0,0.0,0.0
75.2728,0.0387559257065972,0.7711576239256898,0.026000279286251263,-0.634931400043301,0.0,0.0,9.808,0.0,0.0,1.0,0.0,0.0,0.0,0.0346,-0.027,0.0,0.0,0.0
75.2929,0.03894045890431064,0.7711880882734299,0.025696302824991413,-0.6348954820965578,0.0,0.0,9.8067,0.0,0.0,1.0,0.0,0.0,0.0,-0.0462,-0.027,0.0,0.0,0.0
75.313,0.039123294607860515,0.7711040970101262,0.02539054220908371,-0.634998550990121,0.0,0.0,9.577,0.0,0.0,1.0,0.0,0.0,0.0,0.0577,-0.027,0.0,0.0,0.0
75.3331,0.039185356020894346,0.7709420044396634,0.02520822903087172,-0.6351987711364033,0.0,0.0,9.5107,0.0,0.0,1.0,0.0,0.0,0.0,-0.0616,-0.027,0.0,0.0,0.0
75.3532,0.03918440266390216,0.7708622487975737,0.02496261946405487,-0.6353053152588239,0.0,0.0,9.5785,0.0,0.0,1.0,0.0,0.0,0.0,0.0654,-0.027,0.0,0.0,0.0
75.3733,0.03912344998535788,0.7706191662973196,0.024779651636774647,-0.6356110643005102,0.0,0.0,9.3002,0.0,0.0,1.0,0.0,0.0,0.0,-0.0577,-0.027,0.0,0.0,0.0
75.3933,0.03893947018299044,0.770680513990731,0.02471866367368625,-0.6355503525945353,0.0,0.0,9.6743,0.0,0.0,1.0,0.0,0.0,0.0,0.0539,-0.027,0.0,0.0,0.0
75.4134,0.03881887498454717,0.770464366407837,0.02478055855832567,-0.6358173314390243,0.0,0.0,9.3129,0.0,0.0,1.0,0.0,0.0,0.0,-0.0385,-0.027,0.0,0.0,0.0
75.4335,0.0386357101027312,0.7705221617661506,0.024902457693237234,-0.6357536847969602,0.0,0.0,9.6548,0.0,0.0,1.0,0.0,0.0,0.0,0.0308,-0.027,0.0,0.0,0.0
75.4536,0.038391405659594764,0.7703331396610474,0.025024264416808776,-0.6359927201641787,0.0,0.0,9.4575,0.0,0.0,1.0,0.0,0.0,0.0,-0.0115,-0.027,0.0,0.0,0.0
75.4737,0.03814732979375107,0.770392660248217,0.025146217395697446,-0.6359304977872746,0.0,0.0,9.5649,0.0,0.0,1.0,0.0,0.0,0.0,-0.0038,-0.027,0.0,0.0,0.0
75.4938,0.037902402063926144,0.7703128477928898,0.025268601370692423,-0.6360369660859042,0.0,0.0,9.4962,0.0,0.0,1.0,0.0,0.0,0.0,0.0192,-0.027,0.0,0.0,0.0
75.5139,0.03765826970445574,0.7703710604247809,0.025451506426559745,-0.6359736667531792,0.0,0.0,9.5457,0.0,0.0,1.0,0.0,0.0,0.0,-0.0308,-0.027,0.0,0.0,0.0
75.534,0.03753638589604941,0.7703733965131447,0.02551258260825079,-0.6359755952922417,0.0,0.0,9.5583,0.0,0.0,1.0,0.0,0.0,0.0,0.05,-0.027,0.0,0.0,0.0
75.5541,0.03741450065270091,0.7703757182903026,0.025573658684810374,-0.6359775120168025,0.0,0.0,9.8258,0.0,0.0,1.0,0.0,0.0,0.0,-0.0577,-0.027,0.0,0.0,0.0
75.5742,0.037292756066195476,0.7704626202116291,0.02563551972961825,-0.6358768916463395,0.0,0.0,9.6996,0.0,0.0,1.0,0.0,0.0,0.0,0.0577,-0.027,0.0,0.0,0.0
75.5943,0.03723214499529131,0.7704096923086285,0.025635788374051276,-0.6359445571198913,0.0,0.0,9.8739,0.0,0.0,1.0,0.0,0.0,0.0,-0.0577,-0.027,0.0,0.0,0.0
75.6143,0.03722953571109456,0.7705996912530108,0.02557299417892445,-0.6357169963751368,0.0,0.0,9.773,0.0,0.0,1.0,0.0,0.0,0.0,0.0616,-0.027,0.0,0.0,0.0
75.6345,0.037231285729583015,0.7705749137374512,0.025574196267851016,-0.6357468790066495,0.0,0.0,9.658,0.0,0.0,1.0,0.0,0.0,0.0,-0.0539,-0.027,0.0,0.0,0.0
75.6546,0.03716981556476202,0.7706871758789882,0.02551287340607406,-0.6356168460929249,0.0,0.0,9.6946,0.0,0.0,1.0,0.0,0.0,0.0,0.0462,-0.027,0.0,0.0,0.0
75.6747,0.03723026366293847,0.7704927612581827,0.02545149662241447,-0.635851424183361,0.0,0.0,9.3334,0.0,0.0,1.0,0.0,0.0,0.0,-0.0269,-0.027,0.0,0.0,0.0
75.6949,0.03723145935402412,0.7705785072378125,0.025391313272757513,-0.6357498437497245,0.0,0.0,9.4872,0.0,0.0,1.0,0.0,0.0,0.0,0.0154,-0.027,0.0,0.0,0.0
75.715,0.03723182303466644,0.7705250329777541,0.02533055994918493,-0.6358170551666629,0.0,0.0,9.3498,0.0,0.0,1.0,0.0,0.0,0.0,0.0,-0.027,0.0,0.0,0.0
75.7352,0.03710907257313383,0.7706925072209188,0.02533004953724121,-0.6356212430659762,0.0,0.0,9.6858,0.0,0.0,1.0,0.0,0.0,0.0,-0.0115,-0.027,0.0,0.0,0.0
75.7553,0.03710907257313383,0.7706925072209188,0.02533004953724121,-0.6356212430659762,0.0,0.0,9.6858,0.0,0.0,1.0,0.0,0.0,0.0,0.0308,-0.027,0.0,0.0,0.0
75.7753,0.03717023710148403,0.7706349157254953,0.025391161965127466,-0.6356850549074116,0.0,0.0,9.4109,0.0,0.0,1.0,0.0,0.0,0.0,-0.0423,-0.027,0.0,0.0,0.0
75.7954,0.037170701136323654,0.7708275398168706,0.025452480100126854,-0.6354489862244316,0.0,0.0,9.6274,0.0,0.0,1.0,0.0,0.0,0.0,0.0539,-0.027,0.0,0.0,0.0
75.8155,0.03717119882138309,0.7707158566276711,0.025574824822654108,-0.6355794982975356,0.0,0.0,9.3471,0.0,0.0,1.0,0.0,0.0,0.0,-0.0577,-0.027,0.0,0.0,0.0
75.8355,0.037109303994020904,0.7708803149394179,0.025635209999911757,-0.635381204950417,0.0,0.0,9.6313,0.0,0.0,1.0,0.0,0.0,0.0,0.0654,-0.027,0.0,0.0,0.0
75.8556,0.037169086560515985,0.7707940575456276,0.0256343700290243,-0.6354823828634588,0.0,0.0,9.5202,0.0,0.0,1.0,0.0,0.0,0.0,-0.0616,-0.027,0.0,0.0,0.0
75.8757,0.03716979639558249,0.7709307770844338,0.025756858912053315,-0.6353115199639361,0.0,0.0,9.8579,0.0,0.0,1.0,0.0,0.0,0.0,0.0539,-0.027,0.0,0.0,0.0
75.8957,0.037293012870932396,0.7709559390124487,0.025818701230873653,-0.6352712538429492,0.0,0.0,9.6991,0.0,0.0,1.0,0.0,0.0,0.0,-0.0462,-0.027,0.0,0.0,0.0
75.9158,0.03729264525840703,0.771009340438989,0.02587944778081952,-0.6352039906581394,0.0,0.0,9.7754,0.0,0.0,1.0,0.0,0.0,0.0,0.0346,-0.027,0.0,0.0,0.0
75.9359,0.037292336181148474,0.7710639509500109,0.025879233294860863,-0.6351377256088492,0.0,0.0,9.6437,0.0,0.0,1.0,0.0,0.0,0.0,-0.0154,-0.027,0.0,0.0,0.0
75.956,0.0372922772404527,0.7710627322801604,0.02594019284611576,-0.6351367217709752,0.0,0.0,9.566,0.0,0.0,1.0,0.0,0.0,0.0,0.0038,-0.027,0.0,0.0,0.0
75.9761,0.03741442598541434,0.771167168702547,0.026000601097066985,-0.6350002577842554,0.0,0.0,9.6541,0.0,0.0,1.0,0.0,0.0,0.0,0.0115,-0.027,0.0,0.0,0.0
75.9961,0.03747590194268829,0.7710549825014236,0.026061931807832887,-0.6351303381541108,0.0,0.0,9.3523,0.0,0.0,1.0,0.0,0.0,0.0,-0.0269,-0.027,0.0,0.0,0.0
76.0162,0.0374767910456118,0.7711952780916823,0.0260015488306371,-0.6349624025408311,0.0,0.0,9.6848,0.0,0.0,1.0,0.0,0.0,0.0,0.0423,-0.027,0.0,0.0,0.0
76.0363,0.03753579162030812,0.7709711803311698,0.025939164947406612,-0.6352335500963648,0.0,0.0,9.424,0.0,0.0,1.0,0.0,0.0,0.0,-0.05,-0.027,0.0,0.0,0.0
76.0563,0.03759821973384975,0.7710005059290187,0.02587915124454232,-0.6351967122560573,0.0,0.0,9.703,0.0,0.0,1.0,0.0,0.0,0.0,0.0616,-0.027,0.0,0.0,0.0
76.0764,0.03771920967215375,0.7708578482717875,0.025878457770563967,-0.6353626872920027,0.0,0.0,9.5971,0.0,0.0,1.0,0.0,0.0,0.0,-0.0654,-0.027,0.0,0.0,0.0
76.0965,0.03772041895802209,0.7709435628155555,0.025818286761882806,-0.6352610557995589,0.0,0.0,9.5448,0.0,0.0,1.0,0.0,0.0,0.0,0.0577,-0.027,0.0,0.0,0.0
76.1165,0.037840838995348784,0.7709113474678714,0.02575620976701031,-0.6352955083328046,0.0,0.0,9.5933,0.0,0.0,1.0,0.0,0.0,0.0,-0.0539,-0.027,0.0,0.0,0.0
76.1366,0.03784236479986552,0.7709424318742228,0.025696247711467383,-0.6352601238986783,0.0,0.0,9.6882,0.0,0.0,1.0,0.0,0.0,0.0,0.05,-0.027,0.0,0.0,0.0
76.1567,0.03790302331228057,0.7709964742019129,0.02563501576683419,-0.6351933906761327,0.0,0.0,9.556,0.0,0.0,1.0,0.0,0.0,0.0,-0.0308,-0.027,0.0,0.0,0.0
76.1768,0.03796503224525677,0.771077965123037,0.025696698677012964,-0.6350882676490224,0.0,0.0,9.9003,0.0,0.0,1.0,0.0,0.0,0.0,0.0231,-0.027,0.0,0.0,0.0
76.1968,0.03808569898940123,0.7709899064756712,0.025695796913082436,-0.6351879797871858,0.0,0.0,9.6572,0.0,0.0,1.0,0.0,0.0,0.0,-0.0038,-0.027,0.0,0.0,0.0
76.2169,0.0380259457677783,0.7710761779320398,0.025696639117655188,-0.6350867956525632,0.0,0.0,9.9233,0.0,0.0,1.0,0.0,0.0,0.0,-0.0115,-0.027,0.0,0.0,0.0
76.237,0.03808575861539771,0.7709911135177542,0.025634837528375868,-0.6351889742212448,0.0,0.0,9.5389,0.0,0.0,1.0,0.0,0.0,0.0,0.0269,-0.027,0.0,0.0,0.0
76.2571,0.038086073975376944,0.7709364974060611,0.025635049791492837,-0.6352552338695088,0.0,0.0,9.7415,0.0,0.0,1.0,0.0,0.0,0.0,-0.0385,-0.027,0.0,0.0,0.0
76.2771,0.03808644854726001,0.7708830787538862,0.02557430119066406,-0.6353224822455097,0.0,0.0,9.6008,0.0,0.0,1.0,0.0,0.0,0.0,0.0539,-0.027,0.0,0.0,0.0
76.2972,0.03796340624825684,0.7708009445906018,0.025634599072122732,-0.635427061852639,0.0,0.0,9.8328,0.0,0.0,1.0,0.0,0.0,0.0,-0.0616,-0.027,0.0,0.0,0.0
76.3173,0.037964937040936564,0.7708320254803342,0.02557463122655451,-0.6353916825761798,0.0,0.0,9.7225,0.0,0.0,1.0,0.0,0.0,0.0,0.0577,-0.027,0.0,0.0,0.0
76.3373,0.037964032677877846,0.7706916633796856,0.025635022065572666,-0.6355595470635178,0.0,0.0,9.568,0.0,0.0,1.0,0.0,0.0,0.0,-0.0577,-0.027,0.0,0.0,0.0
76.3574,0.03796519127159287,0.7707761854115149,0.025635804400149842,-0.6354569393648499,0.0,0.0,9.6981,0.0,0.0,1.0,0.0,0.0,0.0,0.0577,-0.027,0.0,0.0,0.0
76.3775,0.03802519837149404,0.7706340202767773,0.025696134052699937,-0.635623315947115,0.0,0.0,9.3562,0.0,0.0,1.0,0.0,0.0,0.0,-0.0462,-0.027,0.0,0.0,0.0
76.3975,0.03796371960045203,0.7707463072776218,0.02563481066161616,-0.6354933062545594,0.0,0.0,9.5522,0.0,0.0,1.0,0.0,0.0,0.0,0.0385,-0.027,0.0,0.0,0.0
76.4176,0.03796440477727492,0.7706382165607246,0.025574272673428322,-0.6356267770659431,0.0,0.0,9.308,0.0,0.0,1.0,0.0,0.0,0.0,-0.0192,-0.027,0.0,0.0,0.0
76.4377,0.037963778894280646,0.7707475110716628,0.025573851054745016,-0.6354942988030127,0.0,0.0,9.5987,0.0,0.0,1.0,0.0,0.0,0.0,0.0038,-0.027,0.0,0.0,0.0
76.4577,0.038024749659142994,0.7707469256879357,0.025512832032970948,-0.6354938161442744,0.0,0.0,9.5583,0.0,0.0,1.0,0.0,0.0,0.0,0.0115,-0.027,0.0,0.0,0.0
76.4778,0.03796358370239322,0.7708045475817304,0.025451720903838293,-0.6354300320592571,0.0,0.0,9.8256,0.0,0.0,1.0,0.0,0.0,0.0,-0.0192,-0.027,0.0,0.0,0.0
76.4979,0.03802614526338305,0.770836215881764,0.025269761069307894,-0.6353951366960491,0.0,0.0,9.5941,0.0,0.0,1.0,0.0,0.0,0.0,0.0385,-0.027,0.0,0.0,0.0
76.5179,0.038025889493187644,0.7708920325357401,0.025208589673748342,-0.6353298614954503,0.0,0.0,9.7853,0.0,0.0,1.0,0.0,0.0,0.0,-0.05,-0.027,0.0,0.0,0.0
76.538,0.03802537764872694,0.7710036572165129,0.02508524913394661,-0.6351993084767346,0.0,0.0,9.577,0.0,0.0,1.0,0.0,0.0,0.0,0.0577,-0.027,0.0,0.0,0.0
76.5581,0.03802569251898158,0.7709490404239601,0.025085456853087607,-0.6352655693741784,0.0,0.0,9.4292,0.0,0.0,1.0,0.0,0.0,0.0,-0.0616,-0.027,0.0,0.0,0.0
76.5782,0.03808609046527456,0.7710588314835675,0.024963059294350942,-0.6351335086223472,0.0,0.0,9.6864,0.0,0.0,1.0,0.0,0.0,0.0,0.0616,-0.027,0.0,0.0,0.0
76.5983,0.03808571647313874,0.7711122595004416,0.025023813711700482,-0.6350662722867383,0.0,0.0,9.8499,0.0,0.0,1.0,0.0,0.0,0.0,-0.0539,-0.027,0.0,0.0,0.0
76.6184,0.038146368775915596,0.771166239186352,0.024962586933525155,-0.634999492395054,0.0,0.0,9.515,0.0,0.0,1.0,0.0,0.0,0.0,0.0423,-0.027,0.0,0.0,0.0
76.6384,0.03808571647313874,0.7711122595004416,0.025023813711700482,-0.6350662722867383,0.0,0.0,9.4947,0.0,0.0,1.0,0.0,0.0,0.0,-0.0308,-0.027,0.0,0.0,0.0
76.6585,0.038024489499140834,0.7711686466129651,0.025023664042774563,-0.635001474736344,0.0,0.0,9.5635,0.0,0.0,1.0,0.0,0.0,0.0,0.0154,-0.027,0.0,0.0,0.0
76.6787,0.03796446503364248,0.7710054441860252,0.025085307274494928,-0.6352007806899828,0.0,0.0,9.2905,0.0,0.0,1.0,0.0,0.0,0.0,0.0,-0.027,0.0,0.0,0.0
76.6988,0.03796377731316475,0.7711134768247014,0.02514585250018031,-0.6350672748406081,0.0,0.0,9.6646,0.0,0.0,1.0,0.0,0.0,0.0,-0.0154,-0.027,0.0,0.0,0.0
76.7189,0.03796287659844988,0.7709731852781179,0.025207254064211537,-0.635235202051198,0.0,0.0,9.422,0.0,0.0,1.0,0.0,0.0,0.0,0.0308,-0.027,0.0,0.0,0.0
76.739,0.03784220785077059,0.7710612351036322,0.02520813845732856,-0.6351354885226904,0.0,0.0,9.6933,0.0,0.0,1.0,0.0,0.0,0.0,-0.0423,-0.027,0.0,0.0,0.0
76.759,0.03784283484165319,0.77095200778632,0.025208556119877327,-0.6352680144944657,0.0,0.0,9.6437,0.0,0.0,1.0,0.0,0.0,0.0,0.05,-0.027,0.0,0.0,0.0
76.7791,0.03784220785077059,0.7710612351036322,0.02520813845732856,-0.6351354885226904,0.0,0.0,9.6997,0.0,0.0,1.0,0.0,0.0,0.0,-0.0539,-0.027,0.0,0.0,0.0
76.7992,0.037962562137144336,0.771027796696348,0.02520704526269996,-0.6351689424607305,0.0,0.0,9.6407,0.0,0.0,1.0,0.0,0.0,0.0,0.0577,-0.027,0.0,0.0,0.0
76.8193,0.03808579775676241,0.7710529055541664,0.025268865817246133,-0.635128627339391,0.0,0.0,9.7642,0.0,0.0,1.0,0.0,0.0,0.0,-0.0616,-0.027,0.0,0.0,0.0
76.8393,0.03820799476945957,0.7709958944533677,0.025207996549113924,-0.6351929130443192,0.0,0.0,9.5724,0.0,0.0,1.0,0.0,0.0,0.0,0.0539,-0.027,0.0,0.0,0.0
76.8594,0.03826934074546995,0.7709418643708712,0.02508522335572183,-0.6352596562732958,0.0,0.0,9.8856,0.0,0.0,1.0,0.0,0.0,0.0,-0.0385,-0.027,0.0,0.0,0.0
76.8795,0.038390961618367365,0.7709952291921226,0.024962975043091088,-0.6351923649619867,0.0,0.0,9.6317,0.0,0.0,1.0,0.0,0.0,0.0,0.0269,-0.027,0.0,0.0,0.0
76.8995,0.038513418341973804,0.7708823735089629,0.024963271157029843,-0.6353219010186448,0.0,0.0,9.6839,0.0,0.0,1.0,0.0,0.0,0.0,-0.0038,-0.027,0.0,0.0,0.0
76.9196,0.038634598320893165,0.7709879841339538,0.02496274046549657,-0.6351863960461512,0.0,0.0,9.7428,0.0,0.0,1.0,0.0,0.0,0.0,-0.0115,-0.027,0.0,0.0,0.0
76.9397,0.03869620580397676,0.7708780998794387,0.02490213244083711,-0.6353183789113468,0.0,0.0,9.3828,0.0,0.0,1.0,0.0,0.0,0.0,0.0269,-0.027,0.0,0.0,0.0
76.9597,0.03869620580397676,0.7708780998794387,0.02490213244083711,-0.6353183789113468,0.0,0.0,9.3828,0.0,0.0,1.0,0.0,0.0,0.0,-0.0385,-0.027,0.0,0.0,0.0
76.9798,0.03881651855741075,0.7708445805148496,0.02490104964492379,-0.6353517516341234,0.0,0.0,9.6528,0.0,0.0,1.0,0.0,0.0,0.0,0.0539,-0.027,0.0,0.0,0.0
76.9999,0.0388170414015535,0.7707329665188878,0.025023382040096957,-0.6354823065743848,0.0,0.0,9.796,0.0,0.0,1.0,0.0,0.0,0.0,-0.0616,-0.027,0.0,0.0,0.0
77.0199,0.03887907433275951,0.7708144737173616,0.025085047960011268,-0.6353772147753638,0.0,0.0,9.7691,0.0,0.0,1.0,0.0,0.0,0.0,0.0577,-0.027,0.0,0.0,0.0
77.04,0.03881718212379593,0.7706747619189661,0.02520746887981479,-0.6355456090838693,0.0,0.0,9.4344,0.0,0.0,1.0,0.0,0.0,0.0,-0.0577,-0.027,0.0,0.0,0.0
77.0601,0.03887828917838865,0.7706159106340617,0.025329536893659577,-0.635608379010968,0.0,0.0,9.6173,0.0,0.0,1.0,0.0,0.0,0.0,0.0577,-0.027,0.0,0.0,0.0
77.0801,0.0388799358907646,0.7705875490473164,0.025513614145967804,-0.6356353005706891,0.0,0.0,9.8462,0.0,0.0,1.0,0.0,0.0,0.0,-0.0462,-0.027,0.0,0.0,0.0
77.1002,0.038940142549200085,0.7706938212990642,0.025574093619754712,-0.6355003263926952,0.0,0.0,9.8014,0.0,0.0,1.0,0.0,0.0,0.0,0.0346,-0.027,0.0,0.0,0.0
77.1203,0.03893921354589003,0.7705534371556999,0.025634482261142677,-0.6356681614295053,0.0,0.0,9.5862,0.0,0.0,1.0,0.0,0.0,0.0,-0.0192,-0.027,0.0,0.0,0.0
77.1403,0.03894110467938333,0.7705298583539366,0.02557472550258222,-0.6356990334795858,0.0,0.0,9.6278,0.0,0.0,1.0,0.0,0.0,0.0,0.0038,-0.027,0.0,0.0,0.0
77.1604,0.03894110467938333,0.7705298583539366,0.02557472550258222,-0.6356990334795858,0.0,0.0,9.6278,0.0,0.0,1.0,0.0,0.0,0.0,0.0115,-0.027,0.0,0.0,0.0
77.1805,0.03893953379040277,0.7704987750841208,0.025634693084668203,-0.6357343885716036,0.0,0.0,9.8413,0.0,0.0,1.0,0.0,0.0,0.0,-0.0231,-0.027,0.0,0.0,0.0
77.2006,0.039000501262731246,0.770498146892247,0.025573672964618654,-0.6357338702538726,0.0,0.0,9.6981,0.0,0.0,1.0,0.0,0.0,0.0,0.0423,-0.027,0.0,0.0,0.0
77.2206,0.03900082172579878,0.7704434782743138,0.025573883100832865,-0.6358000937342134,0.0,0.0,9.507,0.0,0.0,1.0,0.0,0.0,0.0,-0.05,-0.027,0.0,0.0,0.0
77.2407,0.03906336500483626,0.7704739229399697,0.025452889409223745,-0.6357642157315198,0.0,0.0,9.636,0.0,0.0,1.0,0.0,0.0,0.0,0.0577,-0.027,0.0,0.0,0.0
77.2608,0.039062551684801494,0.7703358795400825,0.025391358605007297,-0.6359339813669904,0.0,0.0,9.3309,0.0,0.0,1.0,0.0,0.0,0.0,-0.0577,-0.027,0.0,0.0,0.0
77.2808,0.03912419734748751,0.7703898859457505,0.025330127768425192,-0.635867207396044,0.0,0.0,9.6497,0.0,0.0,1.0,0.0,0.0,0.0,0.0654,-0.027,0.0,0.0,0.0
77.3009,0.03924525223426894,0.7702493239305124,0.02520751970446549,-0.6360348812070027,0.0,0.0,9.3421,0.0,0.0,1.0,0.0,0.0,0.0,-0.0577,-0.027,0.0,0.0,0.0
77.321,0.039185346068048355,0.770392803776432,0.02508522154183984,-0.6358696157257494,0.0,0.0,9.6797,0.0,0.0,1.0,0.0,0.0,0.0,0.05,-0.027,0.0,0.0,0.0
77.341,0.03912519997582359,0.7702876248384058,0.024963765642482538,-0.6360055063854451,0.0,0.0,9.6272,0.0,0.0,1.0,0.0,0.0,0.0,-0.0346,-0.027,0.0,0.0,0.0
77.3611,0.03912359870821536,0.7703170988371835,0.02471874645916522,-0.6359794767417194,0.0,0.0,9.5953,0.0,0.0,1.0,0.0,0.0,0.0,0.0192,-0.027,0.0,0.0,0.0
77.3812,0.03912339437131507,0.7700690793593865,0.024657618300989004,-0.6362821503760548,0.0,0.0,9.3054,0.0,0.0,1.0,0.0,0.0,0.0,0.0,-0.027,0.0,0.0,0.0
77.4013,0.039123099838610176,0.7701242806437711,0.024657432671006285,-0.6362153616787377,0.0,0.0,9.6772,0.0,0.0,1.0,0.0,0.0,0.0,-0.0154,-0.027,0.0,0.0,0.0
77.4213,0.03918502786460076,0.7699585475200277,0.024597017491019224,-0.6364144525563874,0.0,0.0,9.5743,0.0,0.0,1.0,0.0,0.0,0.0,0.0346,-0.027,0.0,0.0,0.0
77.4414,0.039184299841319443,0.7700672401710614,0.024657559410163572,-0.6362806307166712,0.0,0.0,9.9243,0.0,0.0,1.0,0.0,0.0,0.0,-0.0462,-0.027,0.0,0.0,0.0
77.4615,0.03924552500468975,0.7700106804288654,0.024657701563615353,-0.6363452982038775,0.0,0.0,9.6026,0.0,0.0,1.0,0.0,0.0,0.0,0.0539,-0.027,0.0,0.0,0.0
77.4815,0.039186140512504075,0.7700424120821325,0.024658717691905863,-0.6363105198158023,0.0,0.0,9.6772,0.0,0.0,1.0,0.0,0.0,0.0,-0.0577,-0.027,0.0,0.0,0.0
77.5016,0.0392458750680198,0.7699555489890029,0.024657921506070435,-0.6364119741002592,0.0,0.0,9.6056,0.0,0.0,1.0,0.0,0.0,0.0,0.0616,-0.027,0.0,0.0,0.0
77.5217,0.03930557466581741,0.7698690823132994,0.024657105861798978,-0.6365129181947434,0.0,0.0,9.9003,0.0,0.0,1.0,0.0,0.0,0.0,-0.0577,-0.027,0.0,0.0,0.0
77.5417,0.039307479576778215,0.769845392613749,0.02459730010303557,-0.6365437662473377,0.0,0.0,9.6183,0.0,0.0,1.0,0.0,0.0,0.0,0.0577,-0.027,0.0,0.0,0.0
77.5618,0.039367177009777043,0.7697589078109413,0.024596485798351164,-0.6366446906292075,0.0,0.0,9.8259,0.0,0.0,1.0,0.0,0.0,0.0,-0.0423,-0.027,0.0,0.0,0.0
77.5819,0.039429932347348214,0.7697322008371187,0.024597581626410184,-0.6366730545638487,0.0,0.0,9.5389,0.0,0.0,1.0,0.0,0.0,0.0,0.0269,-0.027,0.0,0.0,0.0
77.6019,0.039429932347348214,0.7697322008371187,0.024597581626410184,-0.6366730545638487,0.0,0.0,9.5389,0.0,0.0,1.0,0.0,0.0,0.0,-0.0077,-0.027,0.0,0.0,0.0
77.622,0.03942802175177784,0.7697559015946334,0.02465738822580693,-0.6366422042771407,0.0,0.0,9.8965,0.0,0.0,1.0,0.0,0.0,0.0,-0.0077,-0.027,0.0,0.0,0.0
77.6421,0.03942814006338769,0.769758211400093,0.02453546487598685,-0.6366441146485147,0.0,0.0,9.6621,0.0,0.0,1.0,0.0,0.0,0.0,0.0269,-0.027,0.0,0.0,0.0
77.6621,0.039367555513734616,0.7697053095076891,0.02453572297513196,-0.636711811094025,0.0,0.0,9.9055,0.0,0.0,1.0,0.0,0.0,0.0,-0.0385,-0.027,0.0,0.0,0.0
77.6822,0.039367555513734616,0.7697053095076891,0.02453572297513196,-0.636711811094025,0.0,0.0,9.7486,0.0,0.0,1.0,0.0,0.0,0.0,0.0539,-0.027,0.0,0.0,0.0
77.7023,0.03936845334220035,0.769539861534159,0.02459728324675131,-0.6369093342449219,0.0,0.0,9.424,0.0,0.0,1.0,0.0,0.0,0.0,-0.0616,-0.027,0.0,0.0,0.0
77.7223,0.0393678157464164,0.7696493978021905,0.02459688487895273,-0.6367770196861169,0.0,0.0,9.6365,0.0,0.0,1.0,0.0,0.0,0.0,0.0654,-0.027,0.0,0.0,0.0
77.7424,0.03930792375071802,0.7694880832540005,0.024536576618607978,-0.6369779692174066,0.0,0.0,9.1901,0.0,0.0,1.0,0.0,0.0,0.0,-0.0616,-0.027,0.0,0.0,0.0
77.7625,0.03918553301318023,0.769602468359816,0.024475332920698978,-0.6368496626169886,0.0,0.0,9.5753,0.0,0.0,1.0,0.0,0.0,0.0,0.0577,-0.027,0.0,0.0,0.0
77.7825,0.039186167096663164,0.7694929181030843,0.024475728970035242,-0.6369819714786735,0.0,0.0,9.5785,0.0,0.0,1.0,0.0,0.0,0.0,-0.0423,-0.027,0.0,0.0,0.0
77.8026,0.03918395216481385,0.7695714205543804,0.024535343889648453,-0.6368849687807644,0.0,0.0,9.9403,0.0,0.0,1.0,0.0,0.0,0.0,0.0269,-0.027,0.0,0.0,0.0
77.8227,0.039245550020618636,0.7694611775560678,0.0244747193791634,-0.6370166961304231,0.0,0.0,9.6945,0.0,0.0,1.0,0.0,0.0,0.0,-0.0077,-0.027,0.0,0.0,0.0
77.8427,0.03918490231163135,0.7694070818601488,0.024535938831649617,-0.6370834117444337,0.0,0.0,9.859,0.0,0.0,1.0,0.0,0.0,0.0,-0.0077,-0.027,0.0,0.0,0.0
77.8628,0.03918590848193859,0.7692438340673142,0.02447556743895507,-0.637282774696135,0.0,0.0,9.4808,0.0,0.0,1.0,0.0,0.0,0.0,0.0269,-0.027,0.0,0.0,0.0
77.8829,0.039062720628725005,0.7693011920615938,0.0245364526482617,-0.6372187554059693,0.0,0.0,9.847,0.0,0.0,1.0,0.0,0.0,0.0,-0.0385,-0.027,0.0,0.0,0.0
77.9029,0.03912379416388324,0.7691609533294964,0.024474871234051846,-0.6373866466137796,0.0,0.0,9.7303,0.0,0.0,1.0,0.0,0.0,0.0,0.0539,-0.027,0.0,0.0,0.0
77.923,0.0391237356809933,0.7691598035750742,0.02453583423650079,-0.6373856938377546,0.0,0.0,9.9029,0.0,0.0,1.0,0.0,0.0,0.0,-0.0616,-0.027,0.0,0.0,0.0
77.9431,0.03918527105497932,0.7690483197125053,0.024536169723235468,-0.6375164098711756,0.0,0.0,9.5389,0.0,0.0,1.0,0.0,0.0,0.0,0.0654,-0.027,0.0,0.0,0.0
77.9631,0.03918558531605015,0.768993486474592,0.024536366500308993,-0.6375825235858121,0.0,0.0,9.441,0.0,0.0,1.0,0.0,0.0,0.0,-0.0654,-0.027,0.0,0.0,0.0
77.9832,0.03924514149435027,0.7689651785305104,0.02435246727849755,-0.6376200517660017,0.0,0.0,9.441,0.0,0.0,1.0,0.0,0.0,0.0,0.0577,-0.027,0.0,0.0,0.0
78.0033,0.039246141724549266,0.7688017762750792,0.024292087722895428,-0.6378193032749031,0.0,0.0,9.1676,0.0,0.0,1.0,0.0,0.0,0.0,-0.0423,-0.027,0.0,0.0,0.0
78.0234,0.03936769695019032,0.7688540814144316,0.02423081347287298,-0.6377510906361914,0.0,0.0,9.6472,0.0,0.0,1.0,0.0,0.0,0.0,0.0269,-0.027,0.0,0.0,0.0
78.0434,0.039428128248773286,0.7686600050187007,0.024108466964662623,-0.6379858942077505,0.0,0.0,9.435,0.0,0.0,1.0,0.0,0.0,0.0,-0.0077,-0.027,0.0,0.0,0.0
78.0635,0.03955090081051909,0.7687970719381629,0.02404793969030799,-0.6378154004263575,0.0,0.0,9.6933,0.0,0.0,1.0,0.0,0.0,0.0,-0.0038,-0.027,0.0,0.0,0.0
78.0836,0.039671914378357494,0.7686559657352022,0.023925345283103975,-0.6379825416124836,0.0,0.0,9.6855,0.0,0.0,1.0,0.0,0.0,0.0,0.0269,-0.027,0.0,0.0,0.0
78.1036,0.0397338440636032,0.7687959828422531,0.023803906581014226,-0.6378144968821465,0.0,0.0,9.5407,0.0,0.0,1.0,0.0,0.0,0.0,-0.0385,-0.027,0.0,0.0,0.0
78.1237,0.039916725644905005,0.7687937159375029,0.02362083764958056,-0.6378126161950137,0.0,0.0,9.4798,0.0,0.0,1.0,0.0,0.0,0.0,0.0539,-0.027,0.0,0.0,0.0
78.1438,0.04003794676787804,0.7689007734135112,0.023559380250536003,-0.6376782253338497,0.0,0.0,9.7909,0.0,0.0,1.0,0.0,0.0,0.0,-0.0616,-0.027,0.0,0.0,0.0
78.1639,0.040161366853291476,0.7689280237593611,0.02349921465315852,-0.6376398245096395,0.0,0.0,9.6167,0.0,0.0,1.0,0.0,0.0,0.0,0.0654,-0.027,0.0,0.0,0.0
78.1839,0.040281719570607444,0.7688965591924896,0.023375256973972303,-0.6376747303224318,0.0,0.0,9.9593,0.0,0.0,1.0,0.0,0.0,0.0,-0.0616,-0.027,0.0,0.0,0.0
78.204,0.04034403630484801,0.7689826919932253,0.02319302087096825,-0.6375735737406032,0.0,0.0,9.8438,0.0,0.0,1.0,0.0,0.0,0.0,0.0577,-0.027,0.0,0.0,0.0
78.2241,0.040344739518086654,0.7688740934432909,0.02313242401676552,-0.6377066891479845,0.0,0.0,9.6739,0.0,0.0,1.0,0.0,0.0,0.0,-0.0423,-0.027,0.0,0.0,0.0
78.2441,0.040405050875667925,0.7689829682582089,0.0230710290496855,-0.6375738027955022,0.0,0.0,9.7471,0.0,0.0,1.0,0.0,0.0,0.0,0.0269,-0.027,0.0,0.0,0.0
78.2642,0.04040602121442155,0.7688184309770096,0.023071583106989868,-0.6377721189363847,0.0,0.0,9.2615,0.0,0.0,1.0,0.0,0.0,0.0,-0.0077,-0.027,0.0,0.0,0.0
78.2843,0.040283571762347044,0.7689319137868501,0.023071327461438144,-0.6376430503466083,0.0,0.0,9.5081,0.0,0.0,1.0,0.0,0.0,0.0,-0.0038,-0.027,0.0,0.0,0.0
78.3043,0.04022174844964799,0.7687941918935137,0.023070855712839622,-0.6378130110613376,0.0,0.0,9.4007,0.0,0.0,1.0,0.0,0.0,0.0,0.0269,-0.027,0.0,0.0,0.0
78.3244,0.04009962514690735,0.7688528127294567,0.02307078433327442,-0.6377500382840665,0.0,0.0,9.6751,0.0,0.0,1.0,0.0,0.0,0.0,-0.0385,-0.027,0.0,0.0,0.0
78.3445,0.04010026593443694,0.7687430981024239,0.023071153001830325,-0.6378822302675007,0.0,0.0,9.6469,0.0,0.0,1.0,0.0,0.0,0.0,0.0539,-0.027,0.0,0.0,0.0
78.3645,0.03997808479764553,0.7688006307055162,0.023132049065464677,-0.6378183528785808,0.0,0.0,9.9565,0.0,0.0,1.0,0.0,0.0,0.0,-0.0616,-0.027,0.0,0.0,0.0
78.3846,0.03991686285689194,0.7688573584224745,0.02313192052523055,-0.637753808857378,0.0,0.0,9.5103,0.0,0.0,1.0,0.0,0.0,0.0,0.0654,-0.027,0.0,0.0,0.0
78.4047,0.03985622232111913,0.7688032884447539,0.023193129373086152,-0.6378205578128582,0.0,0.0,9.5572,0.0,0.0,1.0,0.0,0.0,0.0,-0.0616,-0.027,0.0,0.0,0.0
78.4247,0.03985590372576947,0.7688581427788834,0.023192943976108438,-0.6377544594673796,0.0,0.0,9.5113,0.0,0.0,1.0,0.0,0.0,0.0,0.0577,-0.027,0.0,0.0,0.0
78.4448,0.03979371397099441,0.768774155225194,0.023253248515680617,-0.6378573861135828,0.0,0.0,9.2763,0.0,0.0,1.0,0.0,0.0,0.0,-0.0423,-0.027,0.0,0.0,0.0
78.4649,0.039672501523604964,0.7689723380290068,0.02325370782219427,-0.637625988367462,0.0,0.0,9.6653,0.0,0.0,1.0,0.0,0.0,0.0,0.0269,-0.027,0.0,0.0,0.0
78.4851,0.03961223224331645,0.7688645077904749,0.023254136337122144,-0.6377597391338112,0.0,0.0,9.416,0.0,0.0,1.0,0.0,0.0,0.0,-0.0077,-0.027,0.0,0.0,0.0
78.5051,0.03955197135212097,0.7690618872986561,0.02319356960809438,-0.6375276569652684,0.0,0.0,9.7124,0.0,0.0,1.0,0.0,0.0,0.0,-0.0038,-0.027,0.0,0.0,0.0
78.5252,0.03955112284022361,0.7689233881678739,0.023132071844961133,-0.6376969805971127,0.0,0.0,9.6631,0.0,0.0,1.0,0.0,0.0,0.0,0.0269,-0.027,0.0,0.0,0.0
78.5453,0.03942879157366975,0.7690389347482741,0.023009878366434425,-0.6375696297141529,0.0,0.0,9.5708,0.0,0.0,1.0,0.0,0.0,0.0,-0.0385,-0.027,0.0,0.0,0.0
78.5654,0.039429478678590535,0.7689303349063,0.022949278606989254,-0.6377027417876127,0.0,0.0,9.3638,0.0,0.0,1.0,0.0,0.0,0.0,0.0539,-0.027,0.0,0.0,0.0
78.5855,0.03942864059124474,0.7690969893552645,0.02282679192412557,-0.6375061888611337,0.0,0.0,9.751,0.0,0.0,1.0,0.0,0.0,0.0,-0.0616,-0.027,0.0,0.0,0.0
78.6055,0.03949086553094289,0.7688768516617044,0.022766498978917526,-0.6377699781603439,0.0,0.0,9.7275,0.0,0.0,1.0,0.0,0.0,0.0,0.0654,-0.027,0.0,0.0,0.0
78.6256,0.03949065894461873,0.7689338304977256,0.02264437784608636,-0.6377056408125763,0.0,0.0,9.6205,0.0,0.0,1.0,0.0,0.0,0.0,-0.0616,-0.027,0.0,0.0,0.0
78.6457,0.03961193300047272,0.7687366997606144,0.02258296180323338,-0.6379379209933509,0.0,0.0,9.6036,0.0,0.0,1.0,0.0,0.0,0.0,0.0577,-0.027,0.0,0.0,0.0
78.6658,0.03961193300047272,0.7687366997606144,0.02258296180323338,-0.6379379209933509,0.0,0.0,9.6073,0.0,0.0,1.0,0.0,0.0,0.0,0.0269,-0.027,0.0,0.0,0.0
78.6858,0.0396123034045291,0.7686828876119155,0.022522172505220876,-0.6380048867032603,0.0,0.0,9.4427,0.0,0.0,1.0,0.0,0.0,0.0,0.0269,-0.027,0.0,0.0,0.0
78.7059,0.03955168833618395,0.7686293768097995,0.02252239196752404,-0.6380731046790783,0.0,0.0,9.8817,0.0,0.0,1.0,0.0,0.0,0.0,-0.0077,-0.027,0.0,0.0,0.0
78.726,0.03955145269959953,0.76868579825466,0.022461257087955044,-0.6380073025295059,0.0,0.0,9.6408,0.0,0.0,1.0,0.0,0.0,0.0,-0.0038,-0.027,0.0,0.0,0.0
78.746,0.03955134402266591,0.768683686109346,0.022583196431540775,-0.6380055494541436,0.0,0.0,9.7642,0.0,0.0,1.0,0.0,0.0,0.0,-0.0385,-0.027,0.0,0.0,0.0
78.7661,0.03955134402266591,0.768683686109346,0.022583196431540775,-0.6380055494541436,0.0,0.0,9.7642,0.0,0.0,1.0,0.0,0.0,0.0,-0.0385,-0.027,0.0,0.0,0.0
78.7862,0.03961105192848263,0.768597603985222,0.022521460959640804,-0.6381077271977971,0.0,0.0,9.4827,0.0,0.0,1.0,0.0,0.0,0.0,-0.0616,-0.027,0.0,0.0,0.0
78.8062,0.03961105192848263,0.768597603985222,0.022521460959640804,-0.6381077271977971,0.0,0.0,9.9243,0.0,0.0,1.0,0.0,0.0,0.0,0.0654,-0.027,0.0,0.0,0.0
78.8263,0.03973445777186152,0.7686248551562171,0.022461258771173054,-0.6380693510552555,0.0,0.0,9.684,0.0,0.0,1.0,0.0,0.0,0.0,-0.0616,-0.027,0.0,0.0,0.0
78.8464,0.039732911216693256,0.7685949385345014,0.022460384528065314,-0.6381055142781983,0.0,0.0,9.8185,0.0,0.0,1.0,0.0,0.0,0.0,0.0577,-0.027,0.0,0.0,0.0
78.8664,0.03979397591731598,0.7685962204715111,0.022277426698981584,-0.6381065785723197,0.0,0.0,9.5179,0.0,0.0,1.0,0.0,0.0,0.0,-0.0423,-0.027,0.0,0.0,0.0
78.8865,0.03985642883117596,0.7686242699343424,0.02227823970044518,-0.6380688652367974,0.0,0.0,9.847,0.0,0.0,1.0,0.0,0.0,0.0,0.0269,-0.027,0.0,0.0,0.0
78.9066,0.03997818104749961,0.7686194808145719,0.022339101166143734,-0.63806488957751,0.0,0.0,9.6528,0.0,0.0,1.0,0.0,0.0,0.0,-0.0077,-0.027,0.0,0.0,0.0
78.9267,0.0400387355079897,0.7686719222277039,0.02239985202874628,-0.6379957854616114,0.0,0.0,9.8353,0.0,0.0,1.0,0.0,0.0,0.0,-0.0038,-0.027,0.0,0.0,0.0
78.9467,0.04009905194519203,0.768780823850665,0.022338471855452624,-0.6378629191195807,0.0,0.0,9.8328,0.0,0.0,1.0,0.0,0.0,0.0,0.0269,-0.027,0.0,0.0,0.0
78.9668,0.0400384708389106,0.7687278402498189,0.022338704764615136,-0.6379305689079104,0.0,0.0,9.4564,0.0,0.0,1.0,0.0,0.0,0.0,-0.0385,-0.027,0.0,0.0,0.0
78.9869,0.04003938903304216,0.7688674705148673,0.022339217053600924,-0.6377621966621748,0.0,0.0,9.6612,0.0,0.0,1.0,0.0,0.0,0.0,0.0539,-0.027,0.0,0.0,0.0
79.0069,0.04010093242871854,0.7687558751468402,0.022339519439529942,-0.6378928323133708,0.0,0.0,9.3361,0.0,0.0,1.0,0.0,0.0,0.0,-0.0616,-0.027,0.0,0.0,0.0
79.027,0.040099970763382564,0.76892043938531,0.0223389837127983,-0.637694535061229,0.0,0.0,9.7793,0.0,0.0,1.0,0.0,0.0,0.0,0.0654,-0.027,0.0,0.0,0.0
79.0471,0.04010023689012233,0.7688645420284151,0.02240013232764954,-0.6377597675335874,0.0,0.0,9.4502,0.0,0.0,1.0,0.0,0.0,0.0,-0.0616,-0.027,0.0,0.0,0.0
79.0671,0.04016205803166666,0.7690022586416454,0.022400590122490457,-0.6375897967038627,0.0,0.0,9.6141,0.0,0.0,1.0,0.0,0.0,0.0,0.0577,-0.027,0.0,0.0,0.0
79.0872,0.04016205803166666,0.7690022586416454,0.022400590122490457,-0.6375897967038627,0.0,0.0,9.6141,0.0,0.0,1.0,0.0,0.0,0.0,-0.0423,-0.027,0.0,0.0,0.0
79.1073,0.04016081760630591,0.768917507897174,0.022399898268998797,-0.6376921038682626,0.0,0.0,9.3173,0.0,0.0,1.0,0.0,0.0,0.0,0.0269,-0.027,0.0,0.0,0.0
79.1273,0.040161090859630995,0.7691667401471106,0.02240005067741691,-0.6373914420213697,0.0,0.0,9.8388,0.0,0.0,1.0,0.0,0.0,0.0,-0.0077,-0.027,0.0,0.0,0.0
79.1474,0.04016141354143321,0.7691119195331404,0.02240023065481711,-0.637457563890345,0.0,0.0,9.6541,0.0,0.0,1.0,0.0,0.0,0.0,-0.0038,-0.027,0.0,0.0,0.0
79.1675,0.04016012106773842,0.7693311626508907,0.022399509771104997,-0.6371930545855531,0.0,0.0,9.7306,0.0,0.0,1.0,0.0,0.0,0.0,0.0269,-0.027,0.0,0.0,0.0
79.1875,0.04022328750559229,0.7692506229122548,0.022339715071041488,-0.6372883989387341,0.0,0.0,9.6936,0.0,0.0,1.0,0.0,0.0,0.0,-0.0385,-0.027,0.0,0.0,0.0
79.2076,0.04022145478657141,0.7692765722340295,0.022277698019373515,-0.637259361765421,0.0,0.0,9.5871,0.0,0.0,1.0,0.0,0.0,0.0,0.0539,-0.027,0.0,0.0,0.0
79.2277,0.04022221102748991,0.7691690354770829,0.022156116242978197,-0.6373933441104807,0.0,0.0,9.5209,0.0,0.0,1.0,0.0,0.0,0.0,-0.0616,-0.027,0.0,0.0,0.0
79.2477,0.040222265314297734,0.7691700736032969,0.022095145744105427,-0.6373942043826818,0.0,0.0,9.8817,0.0,0.0,1.0,0.0,0.0,0.0,0.0654,-0.027,0.0,0.0,0.0
79.2678,0.04028332901225091,0.7691712821713375,0.0219121789667216,-0.6373952058962494,0.0,0.0,9.6995,0.0,0.0,1.0,0.0,0.0,0.0,-0.0616,-0.027,0.0,0.0,0.0
79.2879,0.040222157494148036,0.769229011998247,0.021851085560256445,-0.6373314955394525,0.0,0.0,9.6205,0.0,0.0,1.0,0.0,0.0,0.0,0.0539,-0.027,0.0,0.0,0.0
79.308,0.04022140108501154,0.7690925478615352,0.021666677373301857,-0.6375025072971966,0.0,0.0,9.5189,0.0,0.0,1.0,0.0,0.0,0.0,-0.0423,-0.027,0.0,0.0,0.0
79.3281,0.0401015336076323,0.7690724117260448,0.021606826312381755,-0.6375363813782768,0.0,0.0,9.7725,0.0,0.0,1.0,0.0,0.0,0.0,0.0269,-0.027,0.0,0.0,0.0
79.3481,0.04016087567547483,0.7690406193096336,0.021605933115318665,-0.6375710262951498,0.0,0.0,9.487,0.0,0.0,1.0,0.0,0.0,0.0,-0.0077,-0.027,0.0,0.0,0.0
79.3682,0.04009997402697446,0.7690425018859497,0.02160598600565633,-0.637572587039906,0.0,0.0,9.8272,0.0,0.0,1.0,0.0,0.0,0.0,-0.0038,-0.027,0.0,0.0,0.0
79.3883,0.04010002680280672,0.769043514027703,0.021545014400660145,-0.6375734261532641,0.0,0.0,9.6933,0.0,0.0,1.0,0.0,0.0,0.0,0.0231,-0.027,0.0,0.0,0.0
79.4083,0.04003939288772951,0.7689895457327126,0.02160621201159596,-0.637640256863922,0.0,0.0,9.568,0.0,0.0,1.0,0.0,0.0,0.0,-0.0385,-0.027,0.0,0.0,0.0
79.4284,0.03991855098297742,0.7691338836889505,0.021545837135261925,-0.6374757682854402,0.0,0.0,9.6882,0.0,0.0,1.0,0.0,0.0,0.0,0.0539,-0.027,0.0,0.0,0.0
79.4485,0.03985646773493385,0.7690520251976299,0.02148425212809413,-0.6375804823154602,0.0,0.0,9.3581,0.0,0.0,1.0,0.0,0.0,0.0,-0.0616,-0.027,0.0,0.0,0.0
79.4685,0.039857057096728654,0.7692464021047825,0.02148456981799779,-0.6373459038137541,0.0,0.0,9.5496,0.0,0.0,1.0,0.0,0.0,0.0,0.0577,-0.027,0.0,0.0,0.0
79.4886,0.039916409634260686,0.769214623276394,0.021483682255241165,-0.6373805731087363,0.0,0.0,9.5031,0.0,0.0,1.0,0.0,0.0,0.0,-0.0539,-0.027,0.0,0.0,0.0
79.5087,0.03985518685084905,0.7692713048707625,0.021483561679637834,-0.6373159971011836,0.0,0.0,9.7487,0.0,0.0,1.0,0.0,0.0,0.0,0.0539,-0.027,0.0,0.0,0.0
79.5288,0.03991838696334138,0.7691917255469718,0.021362742247937105,-0.6374121468688569,0.0,0.0,9.5726,0.0,0.0,1.0,0.0,0.0,0.0,-0.0346,-0.027,0.0,0.0,0.0
79.5488,0.03997736363361726,0.769213755526361,0.021422658990519317,-0.6373798540805267,0.0,0.0,9.9061,0.0,0.0,1.0,0.0,0.0,0.0,0.0269,-0.027,0.0,0.0,0.0
79.5689,0.0399777371441642,0.7691599427307773,0.021361859544590526,-0.6374468087519279,0.0,0.0,9.557,0.0,0.0,1.0,0.0,0.0,0.0,-0.0038,-0.027,0.0,0.0,0.0
79.589,0.039917103290069256,0.7691059901496953,0.02142305543460571,-0.6375136496394668,0.0,0.0,9.6316,0.0,0.0,1.0,0.0,0.0,0.0,-0.0038,-0.027,0.0,0.0,0.0
79.609,0.03991683481332259,0.7691618170000066,0.021361911598622274,-0.6374483620659692,0.0,0.0,9.5941,0.0,0.0,1.0,0.0,0.0,0.0,0.0269,-0.027,0.0,0.0,0.0
79.6291,0.039795667712297526,0.7690559036177522,0.02136235842869971,-0.6375836977090762,0.0,0.0,9.3216,0.0,0.0,1.0,0.0,0.0,0.0,-0.0346,-0.027,0.0,0.0,0.0
79.6492,0.039673221047921314,0.7691692855928322,0.02136211902366103,-0.6374545517157391,0.0,0.0,9.6972,0.0,0.0,1.0,0.0,0.0,0.0,0.0539,-0.027,0.0,0.0,0.0
79.6693,0.039673857993135164,0.7690596318053745,0.021362461987985748,-0.6375867885528481,0.0,0.0,9.3801,0.0,0.0,1.0,0.0,0.0,0.0,-0.0539,-0.027,0.0,0.0,0.0
79.6893,0.039611946392218766,0.7692249589897213,0.021422971007788227,-0.637389137406248,0.0,0.0,9.6933,0.0,0.0,1.0,0.0,0.0,0.0,0.0616,-0.027,0.0,0.0,0.0
79.7094,0.03955135989615177,0.7691719990524537,0.02142319493957845,-0.6374568005148255,0.0,0.0,9.5495,0.0,0.0,1.0,0.0,0.0,0.0,-0.0539,-0.027,0.0,0.0,0.0
79.7295,0.03942864849490919,0.7693411413492967,0.02136180956017775,-0.6372623188276091,0.0,0.0,9.5361,0.0,0.0,1.0,0.0,0.0,0.0,0.0539,-0.027,0.0,0.0,0.0
79.7496,0.03955050832834106,0.7693384359786737,0.02130073520017184,-0.6372600779091613,0.0,0.0,9.5031,0.0,0.0,1.0,0.0,0.0,0.0,-0.0346,-0.027,0.0,0.0,0.0
79.7697,0.03961258072102586,0.7694202797128096,0.021362313171830738,-0.6371553407068253,0.0,0.0,9.7101,0.0,0.0,1.0,0.0,0.0,0.0,0.0231,-0.027,0.0,0.0,0.0
79.7898,0.039734121159811286,0.7694723463240546,0.02130106495256323,-0.6370869426460555,0.0,0.0,9.6412,0.0,0.0,1.0,0.0,0.0,0.0,-0.0077,-0.027,0.0,0.0,0.0
79.8099,0.03979630130152917,0.7695561637609514,0.02124069455068439,-0.6369838287705978,0.0,0.0,9.8256,0.0,0.0,1.0,0.0,0.0,0.0,-0.0038,-0.027,0.0,0.0,0.0
79.8299,0.039855760722733,0.7695263800864469,0.021117873217148808,-0.6370201755981095,0.0,0.0,9.557,0.0,0.0,1.0,0.0,0.0,0.0,0.0269,-0.027,0.0,0.0,0.0
79.85,0.039917891358882185,0.7696091852259648,0.021118471571432706,-0.6369162222174702,0.0,0.0,9.6713,0.0,0.0,1.0,0.0,0.0,0.0,-0.0385,-0.027,0.0,0.0,0.0
79.8701,0.040039426052590366,0.7696611898312722,0.021057224066270308,-0.6368477765867699,0.0,0.0,9.5926,0.0,0.0,1.0,0.0,0.0,0.0,0.05,-0.027,0.0,0.0,0.0
79.8901,0.03997792587927513,0.769773572808019,0.020995961072621642,-0.6367178194988782,0.0,0.0,9.8658,0.0,0.0,1.0,0.0,0.0,0.0,-0.0577,-0.027,0.0,0.0,0.0
79.9102,0.03991675018231966,0.7698311820366317,0.020934868979804844,-0.6366540155215887,0.0,0.0,9.7495,0.0,0.0,1.0,0.0,0.0,0.0,0.0616,-0.027,0.0,0.0,0.0
79.9303,0.03985644354593627,0.7697225659252511,0.020996233658432454,-0.6367870865410806,0.0,0.0,9.6839,0.0,0.0,1.0,0.0,0.0,0.0,-0.0577,-0.027,0.0,0.0,0.0
79.9504,0.03985579656433763,0.7698320705515719,0.020995892830811935,-0.6366547503276316,0.0,0.0,9.728,0.0,0.0,1.0,0.0,0.0,0.0,0.0539,-0.027,0.0,0.0,0.0
79.9705,0.03979575987467687,0.7696676963142268,0.021118403242453343,-0.6368531603052915,0.0,0.0,9.33,0.0,0.0,1.0,0.0,0.0,0.0,-0.0385,-0.027,0.0,0.0,0.0
79.9905,0.03973415940615821,0.769778088208472,0.0211790849666037,-0.6367215544100681,0.0,0.0,9.559,0.0,0.0,1.0,0.0,0.0,0.0,0.0269,-0.027,0.0,0.0,0.0
80.0106,0.039733157241455375,0.7696366756520319,0.0213005482055732,-0.6368884913020937,0.0,0.0,9.3396,0.0,0.0,1.0,0.0,0.0,0.0,-0.0077,-0.027,0.0,0.0,0.0
80.0307,0.03961092741893602,0.7696931583191681,0.021422419925675732,-0.6368237561446684,0.0,0.0,9.6805,0.0,0.0,1.0,0.0,0.0,0.0,-0.0077,-0.027,0.0,0.0,0.0
80.0507,0.03961156892338624,0.7695836249340267,0.021422766864730547,-0.6369560682658504,0.0,0.0,9.6258,0.0,0.0,1.0,0.0,0.0,0.0,0.0269,-0.027,0.0,0.0,0.0
80.0708,0.039611144496018276,0.769636377733868,0.02154453469066742,-0.6368882447693388,0.0,0.0,9.9403,0.0,0.0,1.0,0.0,0.0,0.0,-0.0385,-0.027,0.0,0.0,0.0
80.0909,0.039673536273690586,0.7696634036663421,0.021606292055790236,-0.636849608400509,0.0,0.0,9.616,0.0,0.0,1.0,0.0,0.0,0.0,0.05,-0.027,0.0,0.0,0.0
80.1109,0.039671995038219665,0.7696335038225202,0.021605452695681704,-0.63688586655489,0.0,0.0,9.7762,0.0,0.0,1.0,0.0,0.0,0.0,-0.0577,-0.027,0.0,0.0,0.0
80.131,0.039795074829813704,0.7697154473565846,0.02154504051283679,-0.6367811973898434,0.0,0.0,9.6622,0.0,0.0,1.0,0.0,0.0,0.0,0.0616,-0.027,0.0,0.0,0.0
80.1511,0.03991570621007124,0.769628054004559,0.02148330366052498,-0.6368813567303856,0.0,0.0,9.4292,0.0,0.0,1.0,0.0,0.0,0.0,-0.0577,-0.027,0.0,0.0,0.0
80.1712,0.03991570621007124,0.769628054004559,0.02148330366052498,-0.6368813567303856,0.0,0.0,9.4292,0.0,0.0,1.0,0.0,0.0,0.0,0.0539,-0.027,0.0,0.0,0.0
80.1912,0.04016097107095851,0.7696524455983778,0.02136198461238059,-0.6368405412664102,0.0,0.0,9.6713,0.0,0.0,1.0,0.0,0.0,0.0,-0.0385,-0.027,0.0,0.0,0.0
80.2113,0.04034372625609828,0.769647777716261,0.021300855467508373,-0.6368366788781455,0.0,0.0,9.7665,0.0,0.0,1.0,0.0,0.0,0.0,0.0269,-0.027,0.0,0.0,0.0
80.2314,0.04046535504249427,0.7697017321004901,0.021117663415889946,-0.6367698508367396,0.0,0.0,9.7955,0.0,0.0,1.0,0.0,0.0,0.0,-0.0077,-0.027,0.0,0.0,0.0
80.2515,0.040587810054851015,0.7695883984363083,0.021117901171241515,-0.6368990194036344,0.0,0.0,9.4461,0.0,0.0,1.0,0.0,0.0,0.0,-0.0077,-0.027,0.0,0.0,0.0
80.2715,0.04064848431816498,0.7696432360188095,0.02099573364029117,-0.636832920900009,0.0,0.0,9.5609,0.0,0.0,1.0,0.0,0.0,0.0,0.0269,-0.027,0.0,0.0,0.0
80.2916,0.04058889856158421,0.7694260336397454,0.020996464822090943,-0.6370991041713538,0.0,0.0,9.3156,0.0,0.0,1.0,0.0,0.0,0.0,-0.0385,-0.027,0.0,0.0,0.0
80.3117,0.040527670186881026,0.7694827245712571,0.020996347206646337,-0.6370345343382855,0.0,0.0,9.5379,0.0,0.0,1.0,0.0,0.0,0.0,0.0539,-0.027,0.0,0.0,0.0
80.3317,0.04046579766427416,0.7693441531511392,0.021056894712020602,-0.6372038138748367,0.0,0.0,9.5031,0.0,0.0,1.0,0.0,0.0,0.0,-0.0616,-0.027,0.0,0.0,0.0
80.3518,0.04034319003667397,0.7694545517925708,0.021239573576714188,-0.6370722096102122,0.0,0.0,9.859,0.0,0.0,1.0,0.0,0.0,0.0,0.0654,-0.027,0.0,0.0,0.0
80.3719,0.04022198697133628,0.7693477507936863,0.02130099310020489,-0.6372067935966461,0.0,0.0,9.577,0.0,0.0,1.0,0.0,0.0,0.0,-0.0616,-0.027,0.0,0.0,0.0
80.392,0.04003890608561278,0.7694071952952181,0.021361949893875076,-0.6371445055277063,0.0,0.0,9.7658,0.0,0.0,1.0,0.0,0.0,0.0,0.0539,-0.027,0.0,0.0,0.0
80.412,0.03991581929263932,0.769325243408911,0.021422366327785602,-0.6372491502112305,0.0,0.0,9.5103,0.0,0.0,1.0,0.0,0.0,0.0,-0.0385,-0.027,0.0,0.0,0.0
80.4321,0.03985631036379183,0.7693539910117049,0.02160616824869765,-0.6372119620127633,0.0,0.0,9.7835,0.0,0.0,1.0,0.0,0.0,0.0,0.0231,-0.027,0.0,0.0,0.0
80.4522,0.039855882728741354,0.7694067361109527,0.021728936065155136,-0.6371441252781668,0.0,0.0,9.677,0.0,0.0,1.0,0.0,0.0,0.0,-0.0077,-0.027,0.0,0.0,0.0
80.4723,0.03973279921777789,0.7693247499018213,0.021789341494825143,-0.6372487414283703,0.0,0.0,9.728,0.0,0.0,1.0,0.0,0.0,0.0,-0.0077,-0.027,0.0,0.0,0.0
80.4923,0.039612267491018316,0.7694141956477061,0.02172914673110027,-0.637150302505109,0.0,0.0,9.7254,0.0,0.0,1.0,0.0,0.0,0.0,0.0269,-0.027,0.0,0.0,0.0
80.5124,0.0395501973483986,0.7693323867815174,0.021666560287925796,-0.6372550672250841,0.0,0.0,9.5013,0.0,0.0,1.0,0.0,0.0,0.0,-0.0385,-0.027,0.0,0.0,0.0
80.5325,0.03961274465684068,0.7693624627953922,0.02154540501947994,-0.6372189787072474,0.0,0.0,9.6923,0.0,0.0,1.0,0.0,0.0,0.0,0.0539,-0.027,0.0,0.0,0.0
80.5525,0.03961120488242126,0.7693325571513938,0.021544567534882653,-0.6372552083462286,0.0,0.0,9.8005,0.0,0.0,1.0,0.0,0.0,0.0,-0.0577,-0.027,0.0,0.0,0.0
80.5726,0.03955167532606002,0.7694221375173455,0.021362364752226082,-0.6371568791509152,0.0,0.0,9.7144,0.0,0.0,1.0,0.0,0.0,0.0,0.0654,-0.027,0.0,0.0,0.0
80.5927,0.03949150880402924,0.7693163923354063,0.021240811521843206,-0.6372923482533821,0.0,0.0,9.412,0.0,0.0,1.0,0.0,0.0,0.0,-0.0577,-0.027,0.0,0.0,0.0
80.6127,0.039549972942896305,0.7694500184665476,0.02117845002547608,-0.6371294546452584,0.0,0.0,9.6134,0.0,0.0,1.0,0.0,0.0,0.0,0.0539,-0.027,0.0,0.0,0.0
80.6328,0.03961183356736875,0.7692837677860347,0.02117891101492758,-0.6373263222169433,0.0,0.0,9.3046,0.0,0.0,1.0,0.0,0.0,0.0,-0.0385,-0.027,0.0,0.0,0.0
80.6529,0.039551510024617986,0.7694799225972232,0.021179273110955132,-0.6370932154442044,0.0,0.0,9.6481,0.0,0.0,1.0,0.0,0.0,0.0,0.0269,-0.027,0.0,0.0,0.0
80.6729,0.03955055964396942,0.7693394341728037,0.021239763516419707,-0.6372609047354827,0.0,0.0,9.5031,0.0,0.0,1.0,0.0,0.0,0.0,-0.0038,-0.027,0.0,0.0,0.0
80.693,0.03942838198916477,0.7693969402698847,0.021300666127753835,-0.6371970124063436,0.0,0.0,9.7763,0.0,0.0,1.0,0.0,0.0,0.0,-0.0077,-0.027,0.0,0.0,0.0
80.7131,0.03936811191120182,0.7692891868480172,0.021301060552238238,-0.6373308117317203,0.0,0.0,9.6258,0.0,0.0,1.0,0.0,0.0,0.0,0.0269,-0.027,0.0,0.0,0.0
80.7332,0.039246197486283385,0.7692908710602473,0.021423107800760732,-0.6373322070462082,0.0,0.0,9.8005,0.0,0.0,1.0,0.0,0.0,0.0,-0.0385,-0.027,0.0,0.0,0.0
80.7533,0.03930673563492859,0.7693428256356641,0.021483855506164606,-0.6372637139593375,0.0,0.0,9.5941,0.0,0.0,1.0,0.0,0.0,0.0,0.0539,-0.027,0.0,0.0,0.0
80.7734,0.03924604296733709,0.7692878422314072,0.021606023654698384,-0.6373296977610444,0.0,0.0,9.4869,0.0,0.0,1.0,0.0,0.0,0.0,-0.0577,-0.027,0.0,0.0,0.0
80.7936,0.0392472007205773,0.7693715379904882,0.02166766289590666,-0.6372264951729321,0.0,0.0,9.6183,0.0,0.0,1.0,0.0,0.0,0.0,0.0616,-0.027,0.0,0.0,0.0
80.8137,0.03930716035652131,0.7692291381282084,0.021729088645453806,-0.6373926002911222,0.0,0.0,9.2915,0.0,0.0,1.0,0.0,0.0,0.0,-0.0577,-0.027,0.0,0.0,0.0
80.8338,0.03936711505698187,0.7693917046554919,0.021728511559468755,-0.6371926763898161,0.0,0.0,9.6922,0.0,0.0,1.0,0.0,0.0,0.0,0.0539,-0.027,0.0,0.0,0.0
80.8539,0.03948955866417709,0.7692784025345355,0.021728757159126647,-0.6373218772823835,0.0,0.0,9.4752,0.0,0.0,1.0,0.0,0.0,0.0,-0.0385,-0.027,0.0,0.0,0.0
80.874,0.03955141578472343,0.7694170885061886,0.02166722777698671,-0.6371526980752292,0.0,0.0,9.6125,0.0,0.0,1.0,0.0,0.0,0.0,0.0231,-0.027,0.0,0.0,0.0
80.8941,0.039734874773413864,0.7693039364225912,0.021545474329118686,-0.6372820299266098,0.0,0.0,9.5941,0.0,0.0,1.0,0.0,0.0,0.0,-0.0038,-0.027,0.0,0.0,0.0
80.9142,0.03979519024378919,0.7694126782330345,0.021484102706309183,-0.6371490459371608,0.0,0.0,9.5513,0.0,0.0,1.0,0.0,0.0,0.0,-0.0077,-0.027,0.0,0.0,0.0
80.9343,0.03991764025737948,0.7692993391456953,0.021484344597277993,-0.6372782215983097,0.0,0.0,9.4007,0.0,0.0,1.0,0.0,0.0,0.0,0.0269,-0.027,0.0,0.0,0.0
80.9544,0.03991764025737948,0.7692993391456953,0.021484344597277993,-0.6372782215983097,0.0,0.0,9.4007,0.0,0.0,1.0,0.0,0.0,0.0,-0.0385,-0.027,0.0,0.0,0.0
80.9746,0.03991667453533232,0.7694637260992091,0.021483824829448217,-0.6370798055049771,0.0,0.0,9.6473,0.0,0.0,1.0,0.0,0.0,0.0,0.0539,-0.027,0.0,0.0,0.0
80.9947,0.04003912432707935,0.769350388940529,0.02148406671103126,-0.6372089786229739,0.0,0.0,9.556,0.0,0.0,1.0,0.0,0.0,0.0,-0.0577,-0.027,0.0,0.0,0.0
81.0148,0.039916299665664845,0.7695174987603981,0.021544621998064895,-0.6370128235644099,0.0,0.0,9.5855,0.0,0.0,1.0,0.0,0.0,0.0,0.0616,-0.027,0.0,0.0,0.0
81.0349,0.039977524157677746,0.7694608413029241,0.021544743558386314,-0.6370774170292194,0.0,0.0,9.5896,0.0,0.0,1.0,0.0,0.0,0.0,-0.0577,-0.027,0.0,0.0,0.0
81.055,0.03991779817523211,0.769546387443558,0.02160643203081558,-0.6369757366307672,0.0,0.0,9.75,0.0,0.0,1.0,0.0,0.0,0.0,0.0539,-0.027,0.0,0.0,0.0
81.075,0.03991774548866156,0.7695453717372349,0.02166740465222422,-0.6369748959013535,0.0,0.0,9.7052,0.0,0.0,1.0,0.0,0.0,0.0,-0.0385,-0.027,0.0,0.0,0.0
81.0951,0.03979433687263578,0.7695181768547883,0.021728637916962168,-0.637013384896443,0.0,0.0,9.9029,0.0,0.0,1.0,0.0,0.0,0.0,0.0231,-0.027,0.0,0.0,0.0
81.1152,0.03985641233855997,0.7695999619745333,0.021790225432989422,-0.6369085892024658,0.0,0.0,9.8077,0.0,0.0,1.0,0.0,0.0,0.0,-0.0038,-0.027,0.0,0.0,0.0
81.1353,0.03979604594844777,0.7694902242983324,0.021912575922160893,-0.6370407431653228,0.0,0.0,9.6527,0.0,2.0,1.0,0.0,0.0,0.0,-0.0077,-0.027,0.0,0.0,0.0
81.1553,0.039732954315252866,0.7695717465491541,0.021911423339100733,-0.6369462369634673,0.0,0.0,9.7205,0.0,2.0,1.0,0.0,0.0,0.0,0.0269,-0.027,0.0,0.0,0.0
81.1754,0.03967301354298052,0.7694092626494378,0.02191200747999372,-0.6371462174994557,0.0,0.0,9.3741,0.0,2.0,1.0,0.0,0.0,0.0,-0.0385,-0.027,0.0,0.0,0.0
81.1955,0.039611469550023266,0.7695206950999428,0.021911706573263526,-0.637015469520196,0.0,0.0,9.5871,0.0,2.0,1.0,0.0,0.0,0.0,0.0539,-0.027,0.0,0.0,0.0
81.2156,0.039612481637267494,0.7693573544044353,0.02185126568352863,-0.6372147477188308,0.0,0.0,9.4007,0.0,2.0,1.0,0.0,0.0,0.0,-0.0577,-0.027,0.0,0.0,0.0
81.2356,0.03955157639416784,0.7693592120477417,0.02185131844426097,-0.6372162862986649,0.0,0.0,9.7034,0.0,2.0,1.0,0.0,0.0,0.0,0.0616,-0.027,0.0,0.0,0.0
81.2557,0.03967375890235175,0.76930171564322,0.021790416819556124,-0.6372801902599723,0.0,0.0,9.5785,0.0,2.0,1.0,0.0,0.0,0.0,-0.0577,-0.027,0.0,0.0,0.0
81.2758,0.039673491908268466,0.7693575391990152,0.0217292694193727,-0.637214900773625,0.0,0.0,9.8256,0.0,2.0,1.0,0.0,0.0,0.0,0.0539,-0.027,0.0,0.0,0.0
81.2958,0.039734502327846366,0.7693577263030138,0.021606273148826016,-0.6372150557411789,0.0,0.0,9.6026,0.0,2.0,1.0,0.0,0.0,0.0,-0.0385,-0.027,0.0,0.0,0.0
81.3159,0.03973492692324643,0.7693049460915965,0.021484501183344995,-0.637282866324141,0.0,0.0,9.5819,0.0,2.0,1.0,0.0,0.0,0.0,0.0231,-0.027,0.0,0.0,0.0
81.336,0.039854918061408014,0.7693271151321801,0.02142241844714843,-0.6372507006010987,0.0,0.0,9.537,0.0,2.0,1.0,0.0,0.0,0.0,-0.0038,-0.027,0.0,0.0,0.0
81.356,0.03997741580021935,0.769214759276091,0.021361687836417287,-0.6373806857997357,0.0,0.0,9.2692,0.0,2.0,1.0,0.0,0.0,0.0,-0.0077,-0.027,0.0,0.0,0.0
81.3761,0.03997843008952478,0.7693562767651132,0.021240228503214494,-0.6372138551717396,0.0,0.0,9.6397,0.0,2.0,1.0,0.0,0.0,0.0,0.0269,-0.027,0.0,0.0,0.0
81.3962,0.040040029745128825,0.7692457833793669,0.021179544693226415,-0.6373453911794305,0.0,0.0,9.4109,0.0,2.0,1.0,0.0,0.0,0.0,-0.0385,-0.027,0.0,0.0,0.0
81.4162,0.040039061937293674,0.7694101902173168,0.021179032762305483,-0.637146985616496,0.0,0.0,9.6997,0.0,2.0,1.0,0.0,0.0,0.0,0.0539,-0.027,0.0,0.0,0.0
81.4363,0.04003911359028556,0.7694111828064643,0.021118059911577614,-0.637147807577514,0.0,0.0,9.5867,0.0,2.0,1.0,0.0,0.0,0.0,-0.0577,-0.027,0.0,0.0,0.0
81.4564,0.03997944192687414,0.7694977532510838,0.021118761684219556,-0.6370469761875297,0.0,0.0,9.5871,0.0,2.0,1.0,0.0,0.0,0.0,0.0616,-0.027,0.0,0.0,0.0
81.4764,0.04010001574886318,0.7694093021774842,0.021118008293877832,-0.6371462502325489,0.0,0.0,9.5179,0.0,2.0,1.0,0.0,0.0,0.0,-0.0577,-0.027,0.0,0.0,0.0
81.4965,0.04009991213723891,0.7694073141546351,0.021239953461220932,-0.6371446039549434,0.0,0.0,9.5974,0.0,2.0,1.0,0.0,0.0,0.0,0.0539,-0.027,0.0,0.0,0.0
81.5166,0.040100287399910006,0.7693535139787022,0.021179151791588524,-0.6372115669135773,0.0,0.0,9.5113,0.0,2.0,1.0,0.0,0.0,0.0,-0.0385,-0.027,0.0,0.0,0.0
81.5395,0.04003841528127095,0.7695197619773647,0.02117869070761114,-0.6370146970737615,0.0,0.0,9.8668,0.0,2.0,1.0,0.0,0.0,0.0,0.0231,-0.027,0.0,0.0,0.0
81.5635,0.04003954337652643,0.7696024442725287,0.021301289079732166,-0.6369106435124872,0.0,0.0,9.8045,0.0,2.0,1.0,0.0,0.0,0.0,-0.0038,-0.027,0.0,0.0,0.0
81.5836,0.04003798777328932,0.7695725439302008,0.021300461489019262,-0.6369468969264394,0.0,0.0,9.5867,0.0,2.0,1.0,0.0,0.0,0.0,-0.0077,-0.027,0.0,0.0,0.0
81.6074,0.03997741014522054,0.7695196459668256,0.021300685714726816,-0.6370146010392969,0.0,0.0,9.7909,0.0,2.0,1.0,0.0,0.0,0.0,-0.0385,-0.027,0.0,0.0,0.0
81.6276,0.03997703485887045,0.7695734206590588,0.021361484282735436,-0.6369476225626772,0.0,0.0,9.7097,0.0,2.0,1.0,0.0,0.0,0.0,0.0539,-0.027,0.0,0.0,0.0
81.6495,0.03997913022166944,0.7694917537562661,0.02148460737611563,-0.6370420093633693,0.0,0.0,9.7402,0.0,2.0,1.0,0.0,0.0,0.0,-0.0577,-0.027,0.0,0.0,0.0
81.6696,0.03991720450426611,0.7696569431150124,0.021545110380149224,-0.6368442626876105,0.0,0.0,9.7703,0.0,2.0,1.0,0.0,0.0,0.0,0.0616,-0.027,0.0,0.0,0.0
81.6898,0.03985726857268046,0.769494491384494,0.021545685753673383,-0.637044275773865,0.0,0.0,9.4741,0.0,2.0,1.0,0.0,0.0,0.0,-0.0577,-0.027,0.0,0.0,0.0
81.7099,0.039795719650055295,0.7696059172490349,0.02154538961830499,-0.63691351769216,0.0,0.0,9.6582,0.0,2.0,1.0,0.0,0.0,0.0,0.0539,-0.027,0.0,0.0,0.0
81.7301,0.03979476442790886,0.7694654450142735,0.02160587210024889,-0.6370812286858727,0.0,0.0,9.4195,0.0,2.0,1.0,0.0,0.0,0.0,-0.0385,-0.027,0.0,0.0,0.0
81.7501,0.039794068615860545,0.7695739880441599,0.021666492893576028,-0.6369480921664624,0.0,0.0,9.7658,0.0,2.0,1.0,0.0,0.0,0.0,0.0231,-0.027,0.0,0.0,0.0
81.7702,0.03979471190645001,0.7694644294674222,0.02166684314303441,-0.6370803878608038,0.0,0.0,9.6167,0.0,2.0,1.0,0.0,0.0,0.0,-0.0038,-0.027,0.0,0.0,0.0
81.7903,0.03979471190645001,0.7694644294674222,0.02166684314303441,-0.6370803878608038,0.0,0.0,9.863,0.0,2.0,1.0,0.0,0.0,0.0,-0.0077,-0.027,0.0,0.0,0.0
81.8103,0.03985604140331428,0.7694097992794724,0.021545022381433465,-0.6371466618816761,0.0,0.0,9.6248,0.0,2.0,1.0,0.0,0.0,0.0,0.0269,-0.027,0.0,0.0,0.0
81.8304,0.03985673625667408,0.7693012109767162,0.02148439687219961,-0.637279772200375,0.0,0.0,9.6248,0.0,2.0,1.0,0.0,0.0,0.0,-0.0385,-0.027,0.0,0.0,0.0
81.8505,0.040038473042349754,0.7692158761326351,0.021178721260869005,-0.6373816112406242,0.0,0.0,9.5403,0.0,2.0,1.0,0.0,0.0,0.0,0.0539,-0.027,0.0,0.0,0.0
81.8705,0.04009979986490453,0.7691611611742969,0.021056894906615886,-0.6374478185457174,0.0,0.0,9.7835,0.0,2.0,1.0,0.0,0.0,0.0,-0.0577,-0.027,0.0,0.0,0.0
81.8906,0.04028325256687565,0.7690478217557724,0.020935131258534467,-0.6375769974634617,0.0,0.0,9.5507,0.0,2.0,1.0,0.0,0.0,0.0,0.0616,-0.027,0.0,0.0,0.0
81.9107,0.04034457988518558,0.7689930529761505,0.020813299156017595,-0.6376431650433881,0.0,0.0,9.6205,0.0,2.0,1.0,0.0,0.0,0.0,-0.0577,-0.027,0.0,0.0,0.0
81.9308,0.04046648461096758,0.7689912091412808,0.020691247790380396,-0.6376416361495996,0.0,0.0,9.6049,0.0,2.0,1.0,0.0,0.0,0.0,0.0539,-0.027,0.0,0.0,0.0
81.9508,0.04046648461096758,0.7689912091412808,0.020691247790380396,-0.6376416361495996,0.0,0.0,9.6049,0.0,2.0,1.0,0.0,0.0,0.0,-0.0385,-0.027,0.0,0.0,0.0
81.9709,0.04046496161351659,0.7689622673722442,0.020629470619454526,-0.6376786362905025,0.0,0.0,9.3095,0.0,2.0,1.0,0.0,0.0,0.0,0.0231,-0.027,0.0,0.0,0.0
81.991,0.040465937401731995,0.7691028102461727,0.020568968181095996,-0.6375110138104315,0.0,0.0,9.5751,0.0,2.0,1.0,0.0,0.0,0.0,-0.0038,-0.027,0.0,0.0,0.0
82.0111,0.04052781180540932,0.7689364024286807,0.02056941202224366,-0.6377077738112987,0.0,0.0,9.2763,0.0,2.0,1.0,0.0,0.0,0.0,-0.0077,-0.027,0.0,0.0,0.0
82.0311,0.04046626207867288,0.7690479807188462,0.02056913321544568,-0.6375771292513641,0.0,0.0,9.6933,0.0,2.0,1.0,0.0,0.0,0.0,0.0269,-0.027,0.0,0.0,0.0
82.0512,0.04046653561181163,0.7689921783186413,0.02063027306063564,-0.6376424397840632,0.0,0.0,9.5413,0.0,2.0,1.0,0.0,0.0,0.0,-0.0385,-0.027,0.0,0.0,0.0
82.0713,0.04034338664412491,0.7692143053419002,0.020690685431627834,-0.6373803096643559,0.0,0.0,9.6628,0.0,2.0,1.0,0.0,0.0,0.0,0.0539,-0.027,0.0,0.0,0.0
82.0913,0.04028243571210432,0.7692152246128426,0.020751709304113183,-0.6373810713834164,0.0,0.0,9.6323,0.0,2.0,1.0,0.0,0.0,0.0,-0.0577,-0.027,0.0,0.0,0.0
82.1114,0.040161821737693615,0.769302740447825,0.020813425856592627,-0.6372810391956505,0.0,0.0,9.6141,0.0,2.0,1.0,0.0,0.0,0.0,0.0616,-0.027,0.0,0.0,0.0
82.1315,0.04003878071488498,0.7692217871122686,0.02081288601161141,-0.6373865091500923,0.0,0.0,9.5795,0.0,2.0,1.0,0.0,0.0,0.0,-0.0577,-0.027,0.0,0.0,0.0
82.1519,0.0399172461825712,0.7691697437186498,0.020874128737505215,-0.63745493139079,0.0,0.0,9.7487,0.0,2.0,1.0,0.0,0.0,0.0,0.0539,-0.027,0.0,0.0,0.0
82.172,0.03991714423026322,0.7691677791885771,0.020996075863882805,-0.6374533032724287,0.0,0.0,9.6418,0.0,2.0,1.0,0.0,0.0,0.0,-0.0385,-0.027,0.0,0.0,0.0
82.1921,0.03991731075966937,0.7691099875868614,0.021179164881605317,-0.6375169631239406,0.0,0.0,9.7675,0.0,2.0,1.0,0.0,0.0,0.0,0.0231,-0.027,0.0,0.0,0.0
82.2122,0.03985566352968573,0.7692195060790364,0.02130082017377161,-0.6373846190582705,0.0,0.0,9.7144,0.0,2.0,1.0,0.0,0.0,0.0,-0.0038,-0.027,0.0,0.0,0.0
82.2322,0.039795348409223504,0.7691107335827968,0.021362187026456484,-0.637517581481615,0.0,0.0,9.507,0.0,2.0,1.0,0.0,0.0,0.0,-0.0077,-0.027,0.0,0.0,0.0
82.2523,0.03967279845553478,0.7692220922228529,0.021483890858233875,-0.6373867619684258,0.0,0.0,9.6116,0.0,2.0,1.0,0.0,0.0,0.0,0.0269,-0.027,0.0,0.0,0.0
82.2724,0.03967365001160267,0.7690556001782809,0.021606353997698557,-0.6375834461434107,0.0,0.0,9.2624,0.0,2.0,1.0,0.0,0.0,0.0,-0.0385,-0.027,0.0,0.0,0.0
82.2924,0.039551098765782444,0.769166920739881,0.02172905426112337,-0.6374525918269265,0.0,0.0,9.5871,0.0,2.0,1.0,0.0,0.0,0.0,0.0539,-0.027,0.0,0.0,0.0
82.3125,0.03949082782095775,0.7690591212943237,0.02172945550067351,-0.6375863653150549,0.0,0.0,9.4267,0.0,2.0,1.0,0.0,0.0,0.0,-0.0577,-0.027,0.0,0.0,0.0
82.3326,0.03936806613759963,0.7692272922871675,0.02172903650436664,-0.637391070804832,0.0,0.0,9.6463,0.0,2.0,1.0,0.0,0.0,0.0,0.0616,-0.027,0.0,0.0,0.0
82.3527,0.0393680138831325,0.7692262712676924,0.021790007684247607,-0.6373902247757026,0.0,0.0,9.6333,0.0,2.0,1.0,0.0,0.0,0.0,-0.0577,-0.027,0.0,0.0,0.0
82.3727,0.03930710364850759,0.7695330291739313,0.021729057297133536,-0.6370256797666298,0.0,0.0,9.6805,0.0,2.0,1.0,0.0,0.0,0.0,0.0539,-0.027,0.0,0.0,0.0
82.3928,0.039368114262239684,0.7695332334976525,0.021606062709560003,-0.6370258489074625,0.0,0.0,9.6855,0.0,2.0,1.0,0.0,0.0,0.0,-0.0385,-0.027,0.0,0.0,0.0
82.4129,0.039429593903405835,0.7697255938970338,0.0216063254426182,-0.6367895915648581,0.0,0.0,9.9415,0.0,2.0,1.0,0.0,0.0,0.0,0.0231,-0.027,0.0,0.0,0.0
82.4329,0.039490603568097915,0.7697257643660407,0.021484328363054417,-0.6367897325928946,0.0,0.0,9.6836,0.0,2.0,1.0,0.0,0.0,0.0,-0.0038,-0.027,0.0,0.0,0.0
82.453,0.03955193311358812,0.7696711581672384,0.021362503986560977,-0.6368560247778963,0.0,0.0,9.8005,0.0,2.0,1.0,0.0,0.0,0.0,-0.0077,-0.027,0.0,0.0,0.0
82.4731,0.03961304421047884,0.7696732887944976,0.021118556690823298,-0.6368577877422379,0.0,0.0,9.6177,0.0,2.0,1.0,0.0,0.0,0.0,0.0269,-0.027,0.0,0.0,0.0
82.4931,0.03967288235049976,0.7695897177900783,0.02093493791766987,-0.6369611110987661,0.0,0.0,9.4963,0.0,2.0,1.0,0.0,0.0,0.0,-0.0385,-0.027,0.0,0.0,0.0
82.5132,0.03967393229621158,0.7697320879047764,0.020752487661910846,-0.6367949640204069,0.0,0.0,9.5966,0.0,2.0,1.0,0.0,0.0,0.0,0.0539,-0.027,0.0,0.0,0.0
82.5333,0.03967308382449436,0.7695936260595442,0.02069104371770758,-0.6369643458296934,0.0,0.0,9.2958,0.0,2.0,1.0,0.0,0.0,0.0,-0.0577,-0.027,0.0,0.0,0.0
82.5533,0.03961153795189015,0.7697050217888817,0.02069075865299813,-0.6368335716656486,0.0,0.0,9.6561,0.0,2.0,1.0,0.0,0.0,0.0,0.0616,-0.027,0.0,0.0,0.0
82.5734,0.03967340465200575,0.769538848971911,0.020691211041631796,-0.6370304974425756,0.0,0.0,9.5238,0.0,2.0,1.0,0.0,0.0,0.0,-0.0577,-0.027,0.0,0.0,0.0
82.5935,0.039551274706013384,0.7695973452896328,0.020691143711717264,-0.6369674240996791,0.0,0.0,9.6463,0.0,2.0,1.0,0.0,0.0,0.0,0.0539,-0.027,0.0,0.0,0.0
82.6135,0.03955064607797992,0.7694021149455754,0.02075181430078249,-0.6372012979548267,0.0,0.0,9.6226,0.0,2.0,1.0,0.0,0.0,0.0,-0.0385,-0.027,0.0,0.0,0.0
82.6336,0.03936814935855404,0.769350918835217,0.020874079194027118,-0.6372704177359023,0.0,0.0,9.6582,0.0,2.0,1.0,0.0,0.0,0.0,0.0231,-0.027,0.0,0.0,0.0
82.6537,0.03930787627468324,0.7692431484282567,0.02087446534606402,-0.6374042093957909,0.0,0.0,9.6086,0.0,2.0,1.0,0.0,0.0,0.0,-0.0038,-0.027,0.0,0.0,0.0
82.6738,0.039186225840731115,0.7691890621101423,0.02105765873493115,-0.6374709416460347,0.0,0.0,9.7658,0.0,2.0,1.0,0.0,0.0,0.0,-0.0077,-0.027,0.0,0.0,0.0
82.6938,0.03912458581045126,0.7689935141011254,0.021240318030211373,-0.6377045483180582,0.0,0.0,9.5785,0.0,2.0,1.0,0.0,0.0,0.0,0.0269,-0.027,0.0,0.0,0.0
82.7139,0.039062265063894985,0.7690482185124412,0.0213621449566056,-0.6376383268074242,0.0,0.0,9.5941,0.0,2.0,1.0,0.0,0.0,0.0,-0.0385,-0.027,0.0,0.0,0.0
82.734,0.03912285994728626,0.7689595922703216,0.021483373967577435,-0.637737416126712,0.0,0.0,9.6177,0.0,2.0,1.0,0.0,0.0,0.0,0.0539,-0.027,0.0,0.0,0.0
82.754,0.03912280860614448,0.7689585831604706,0.021544343917272946,-0.6377365792204356,0.0,0.0,9.8272,0.0,2.0,1.0,0.0,0.0,0.0,-0.0577,-0.027,0.0,0.0,0.0
82.7741,0.03918586452143763,0.7688769630203534,0.021545475337868547,-0.6378310718762228,0.0,0.0,9.7042,0.0,2.0,1.0,0.0,0.0,0.0,0.0616,-0.027,0.0,0.0,0.0
82.7941,0.039245558378829204,0.7687903489804182,0.021544757561837546,-0.6379318215010932,0.0,0.0,9.9055,0.0,2.0,1.0,0.0,0.0,0.0,-0.0577,-0.027,0.0,0.0,0.0
82.8142,0.03936890014605965,0.7688165785254653,0.021545492624640894,-0.6378925850276427,0.0,0.0,9.7703,0.0,2.0,1.0,0.0,0.0,0.0,0.0539,-0.027,0.0,0.0,0.0
82.8343,0.03955068528064892,0.7686708834030329,0.02154482855987422,-0.6380569227463627,0.0,0.0,9.6164,0.0,2.0,1.0,0.0,0.0,0.0,-0.0385,-0.027,0.0,0.0,0.0
82.8543,0.03967220167245611,0.7687225309223051,0.021544566456609626,-0.6379871617227595,0.0,0.0,9.7098,0.0,2.0,1.0,0.0,0.0,0.0,0.0231,-0.027,0.0,0.0,0.0
82.8744,0.039795300210072215,0.7684997974529262,0.021484162073456325,-0.6382498148656239,0.0,0.0,9.3581,0.0,2.0,1.0,0.0,0.0,0.0,-0.0038,-0.027,0.0,0.0,0.0
82.8945,0.03979471933800687,0.7686105791858655,0.021422848910117528,-0.6381184995131796,0.0,0.0,9.5441,0.0,2.0,1.0,0.0,0.0,0.0,-0.0077,-0.027,0.0,0.0,0.0
82.9145,0.039856624540164594,0.768445041280417,0.021362334740741788,-0.6383160022012823,0.0,0.0,9.4057,0.0,2.0,1.0,0.0,0.0,0.0,0.0269,-0.027,0.0,0.0,0.0
82.9347,0.03991721136231352,0.7684980692103551,0.0213621131127526,-0.6382483795360318,0.0,0.0,9.666,0.0,2.0,1.0,0.0,0.0,0.0,-0.0385,-0.027,0.0,0.0,0.0
82.9547,0.04010023719021605,0.7684375452565897,0.02136212635554613,-0.6383097755595515,0.0,0.0,9.5433,0.0,2.0,1.0,0.0,0.0,0.0,0.0539,-0.027,0.0,0.0,0.0
82.9748,0.04016265059105945,0.7684645820980452,0.021423880471409366,-0.6382712314556594,0.0,0.0,9.8256,0.0,2.0,1.0,0.0,0.0,0.0,-0.0577,-0.027,0.0,0.0,0.0
82.9949,0.04028288942074004,0.7684308906051577,0.021422941192575595,-0.6383042478116061,0.0,0.0,9.5485,0.0,2.0,1.0,0.0,0.0,0.0,0.0616,-0.027,0.0,0.0,0.0
83.0149,0.04034442992927906,0.7683191875717406,0.02142322829602783,-0.6384348034624666,0.0,0.0,9.6274,0.0,2.0,1.0,0.0,0.0,0.0,-0.0577,-0.027,0.0,0.0,0.0
83.035,0.04040506351394103,0.7683732078290776,0.02136203357962663,-0.6383680034699661,0.0,0.0,9.5781,0.0,2.0,1.0,0.0,0.0,0.0,0.05,-0.027,0.0,0.0,0.0
83.0551,0.04052560657903731,0.7682845835207811,0.02136126552030504,-0.6384670471301335,0.0,0.0,9.388,0.0,2.0,1.0,0.0,0.0,0.0,-0.0385,-0.027,0.0,0.0,0.0
83.0751,0.040526542095254636,0.7684243176618748,0.021361758635942307,-0.6382987879352926,0.0,0.0,9.7005,0.0,2.0,1.0,0.0,0.0,0.0,0.0231,-0.027,0.0,0.0,0.0
83.0952,0.040588084733945595,0.768312603972171,0.0213620445965938,-0.6384293328206224,0.0,0.0,9.4317,0.0,2.0,1.0,0.0,0.0,0.0,-0.0038,-0.027,0.0,0.0,0.0
83.1153,0.040526542095254636,0.7684243176618748,0.021361758635942307,-0.6382987879352926,0.0,0.0,9.7231,0.0,2.0,1.0,0.0,0.0,0.0,-0.0077,-0.027,0.0,0.0,0.0
83.1353,0.040526542095254636,0.7684243176618748,0.021361758635942307,-0.6382987879352926,0.0,0.0,9.7231,0.0,2.0,1.0,0.0,0.0,0.0,0.0269,-0.027,0.0,0.0,0.0
83.1554,0.040466605024356395,0.768261486432111,0.021362319392337015,-0.6384985463202761,0.0,0.0,9.3762,0.0,2.0,1.0,0.0,0.0,0.0,-0.0385,-0.027,0.0,0.0,0.0
83.1755,0.04040575635744232,0.7682643811806719,0.02130139874198445,-0.6385009521323345,0.0,0.0,9.6134,0.0,2.0,1.0,0.0,0.0,0.0,0.0539,-0.027,0.0,0.0,0.0
83.1956,0.04034427037646588,0.7680711474065696,0.02130114275453854,-0.6387372806457263,0.0,0.0,9.3854,0.0,2.0,1.0,0.0,0.0,0.0,-0.0577,-0.027,0.0,0.0,0.0
83.2157,0.040161247991753024,0.7681317431379027,0.021301131532390605,-0.6386759437610844,0.0,0.0,9.7029,0.0,2.0,1.0,0.0,0.0,0.0,0.0616,-0.027,0.0,0.0,0.0
83.2357,0.04003919684640856,0.7678867751944535,0.02124010442363006,-0.6389801414452807,0.0,0.0,9.5626,0.0,2.0,1.0,0.0,0.0,0.0,-0.0577,-0.027,0.0,0.0,0.0
83.2558,0.03991733914498208,0.7678895241292241,0.02130118097871253,-0.6389824289110699,0.0,0.0,9.5687,0.0,2.0,1.0,0.0,0.0,0.0,0.0539,-0.027,0.0,0.0,0.0
83.2759,0.039855820446386137,0.7676965414665462,0.021300904037747814,-0.6392181202719645,0.0,0.0,9.6135,0.0,2.0,1.0,0.0,0.0,0.0,-0.0385,-0.027,0.0,0.0,0.0
83.2959,0.03973432516316727,0.7676452819733368,0.021301174316721905,-0.6392872315638977,0.0,0.0,9.7615,0.0,2.0,1.0,0.0,0.0,0.0,0.0231,-0.027,0.0,0.0,0.0
83.316,0.039613496501283374,0.767484993711222,0.02124080242571097,-0.6394891583407342,0.0,0.0,9.5752,0.0,2.0,1.0,0.0,0.0,0.0,-0.0038,-0.027,0.0,0.0,0.0
83.3361,0.03948921674039774,0.7673187804070998,0.021239578717803242,-0.6396963117696406,0.0,0.0,9.8134,0.0,2.0,1.0,0.0,0.0,0.0,-0.0077,-0.027,0.0,0.0,0.0
83.3561,0.03948949874974462,0.7672632609322061,0.02123973039869798,-0.6397628793269912,0.0,0.0,9.5953,0.0,2.0,1.0,0.0,0.0,0.0,0.0269,-0.027,0.0,0.0,0.0
83.3762,0.03936830145852916,0.7671568744211569,0.021240162644258324,-0.6398978999492634,0.0,0.0,9.6463,0.0,2.0,1.0,0.0,0.0,0.0,-0.0385,-0.027,0.0,0.0,0.0
83.3962,0.039308394460546396,0.7673002198826362,0.021179751349121364,-0.6397316944046009,0.0,0.0,9.6686,0.0,2.0,1.0,0.0,0.0,0.0,0.0539,-0.027,0.0,0.0,0.0
83.4163,0.03936840318179452,0.7671588566682812,0.02111821627700522,-0.6398995533735032,0.0,0.0,9.4564,0.0,2.0,1.0,0.0,0.0,0.0,-0.0577,-0.027,0.0,0.0,0.0
83.4364,0.03936814806701311,0.7672148855616047,0.02105707919749794,-0.6398344064725952,0.0,0.0,9.6402,0.0,2.0,1.0,0.0,0.0,0.0,0.0616,-0.027,0.0,0.0,0.0
83.4565,0.039369165330466194,0.7670517047922727,0.02093561969603025,-0.6400339450563491,0.0,0.0,9.3613,0.0,2.0,1.0,0.0,0.0,0.0,-0.0577,-0.027,0.0,0.0,0.0
83.4766,0.039429867127002145,0.7671068699295457,0.02081345772183674,-0.6399680739403362,0.0,0.0,9.6274,0.0,2.0,1.0,0.0,0.0,0.0,0.0539,-0.027,0.0,0.0,0.0
83.4967,0.03955084790997876,0.7669650506895036,0.02069092043451176,-0.640134538407374,0.0,0.0,9.4606,0.0,2.0,1.0,0.0,0.0,0.0,-0.0385,-0.027,0.0,0.0,0.0
83.5168,0.03948855019675417,0.766939842170275,0.020507247086225307,-0.6401744962993577,0.0,0.0,9.7285,0.0,2.0,1.0,0.0,0.0,0.0,0.0231,-0.027,0.0,0.0,0.0
83.5368,0.039611420141478275,0.7667737754514645,0.020324702473380526,-0.6403716258108652,0.0,0.0,9.492,0.0,2.0,1.0,0.0,0.0,0.0,-0.0038,-0.027,0.0,0.0,0.0
83.5569,0.0396733094038646,0.7669129809943688,0.020264158035941837,-0.6402029928096014,0.0,0.0,9.5974,0.0,2.0,1.0,0.0,0.0,0.0,-0.0077,-0.027,0.0,0.0,0.0
83.5769,0.03967335837124324,0.7669139275682473,0.02020318249626279,-0.6402037829897717,0.0,0.0,9.5413,0.0,2.0,1.0,0.0,0.0,0.0,0.0269,-0.027,0.0,0.0,0.0
83.597,0.039550936413476734,0.7670277668400957,0.020202967519442616,-0.6400749709436554,0.0,0.0,9.8188,0.0,2.0,1.0,0.0,0.0,0.0,-0.0385,-0.027,0.0,0.0,0.0
83.6171,0.03955103360298773,0.7670296516767228,0.02008101706105031,-0.6400765438159834,0.0,0.0,9.5795,0.0,2.0,1.0,0.0,0.0,0.0,0.0539,-0.027,0.0,0.0,0.0
83.6371,0.0394900803055096,0.7670305598038676,0.020142040960080487,-0.640077301636601,0.0,0.0,9.7945,0.0,2.0,1.0,0.0,0.0,0.0,-0.0577,-0.027,0.0,0.0,0.0
83.6572,0.03942882108079454,0.7670865191322798,0.020202908323703195,-0.6400120957677014,0.0,0.0,9.5743,0.0,2.0,1.0,0.0,0.0,0.0,0.0616,-0.027,0.0,0.0,0.0
83.6773,0.039307266453817,0.7670341995269252,0.020264137365358707,-0.6400803389394615,0.0,0.0,9.547,0.0,2.0,1.0,0.0,0.0,0.0,-0.0577,-0.027,0.0,0.0,0.0
83.6973,0.039124242856725056,0.7670947616032429,0.0202641257859289,-0.6400189728030601,0.0,0.0,9.7127,0.0,2.0,1.0,0.0,0.0,0.0,0.0539,-0.027,0.0,0.0,0.0
83.7174,0.03894042482442006,0.7670983687356039,0.020386222405511856,-0.6400219823831852,0.0,0.0,9.7989,0.0,2.0,1.0,0.0,0.0,0.0,-0.0385,-0.027,0.0,0.0,0.0
83.7375,0.0388798176851064,0.7670451317983868,0.02038642874890262,-0.6400894617817374,0.0,0.0,9.5743,0.0,2.0,1.0,0.0,0.0,0.0,0.0231,-0.027,0.0,0.0,0.0
83.7575,0.0388798176851064,0.7670451317983868,0.02038642874890262,-0.6400894617817374,0.0,0.0,9.5743,0.0,2.0,1.0,0.0,0.0,0.0,-0.0038,-0.027,0.0,0.0,0.0
83.7776,0.0387564370577711,0.7670178589670289,0.020446703009011247,-0.6401277020628645,0.0,0.0,9.6467,0.0,2.0,1.0,0.0,0.0,0.0,-0.0077,-0.027,0.0,0.0,0.0
83.7977,0.0387564370577711,0.7670178589670289,0.020446703009011247,-0.6401277020628645,0.0,0.0,9.6467,0.0,2.0,1.0,0.0,0.0,0.0,0.0269,-0.027,0.0,0.0,0.0
83.8177,0.038696079477765766,0.7669085751513056,0.0205080421214085,-0.6402603150288102,0.0,0.0,9.3079,0.0,2.0,1.0,0.0,0.0,0.0,-0.0385,-0.027,0.0,0.0,0.0
83.8378,0.03869518136651478,0.7670737718224054,0.0205075661428698,-0.6400624588679268,0.0,0.0,9.717,0.0,2.0,1.0,0.0,0.0,0.0,0.0539,-0.027,0.0,0.0,0.0
83.8579,0.03875825042623016,0.7669927448694408,0.020447659686382683,-0.6401576528909801,0.0,0.0,9.5413,0.0,2.0,1.0,0.0,0.0,0.0,-0.0577,-0.027,0.0,0.0,0.0
83.8779,0.03881674286330172,0.7671261555032405,0.02044633781559929,-0.6399942728542443,0.0,0.0,9.6116,0.0,2.0,1.0,0.0,0.0,0.0,0.0616,-0.027,0.0,0.0,0.0
83.898,0.038939555673915216,0.7669592484877091,0.020324768080953626,-0.640190695000749,0.0,0.0,9.6108,0.0,2.0,1.0,0.0,0.0,0.0,-0.0577,-0.027,0.0,0.0,0.0
83.9181,0.039002081718177546,0.766989272357817,0.020203560343384667,-0.6401547546172929,0.0,0.0,9.6381,0.0,2.0,1.0,0.0,0.0,0.0,0.05,-0.027,0.0,0.0,0.0
83.9381,0.039123465456515516,0.7669575210677024,0.02008072563726343,-0.6401892531011737,0.0,0.0,9.6177,0.0,2.0,1.0,0.0,0.0,0.0,-0.0385,-0.027,0.0,0.0,0.0
83.9582,0.03918411581579817,0.7670116924863061,0.020019548261637987,-0.6401225557222823,0.0,0.0,9.8204,0.0,2.0,1.0,0.0,0.0,0.0,0.0231,-0.027,0.0,0.0,0.0
83.9783,0.03930755613755666,0.7670398523579508,0.01989728151395354,-0.6400850561554617,0.0,0.0,9.6442,0.0,2.0,1.0,0.0,0.0,0.0,-0.0038,-0.027,0.0,0.0,0.0
83.9983,0.03942782896631653,0.7670062193868672,0.019896409062943602,-0.6401179880547555,0.0,0.0,9.7835,0.0,2.0,1.0,0.0,0.0,0.0,-0.0077,-0.027,0.0,0.0,0.0
84.0184,0.03961182480194076,0.7670866072735717,0.019835912268284964,-0.6400121693076365,0.0,0.0,9.6807,0.0,2.0,1.0,0.0,0.0,0.0,0.0269,-0.027,0.0,0.0,0.0
84.0385,0.03967153489450981,0.7670006739747679,0.019774269718421444,-0.640113360037477,0.0,0.0,9.547,0.0,2.0,1.0,0.0,0.0,0.0,-0.0385,-0.027,0.0,0.0,0.0
84.0585,0.03979618447072908,0.7671128319048022,0.01971458677361365,-0.6399730477894455,0.0,0.0,9.7212,0.0,2.0,1.0,0.0,0.0,0.0,0.0539,-0.027,0.0,0.0,0.0
84.0786,0.03991731448247615,0.7669130420074735,0.01977515579555006,-0.6402030437420712,0.0,0.0,9.3448,0.0,2.0,1.0,0.0,0.0,0.0,-0.0577,-0.027,0.0,0.0,0.0
84.0987,0.039978217542822214,0.7669111731730744,0.019775107606916698,-0.6402014836780157,0.0,0.0,9.6386,0.0,2.0,1.0,0.0,0.0,0.0,0.0616,-0.027,0.0,0.0,0.0
84.1187,0.04003874301225285,0.7666580792228271,0.019835872683909517,-0.6404988889726757,0.0,0.0,9.3735,0.0,2.0,1.0,0.0,0.0,0.0,-0.0577,-0.027,0.0,0.0,0.0
84.1388,0.0400386944917529,0.7666571501568658,0.019896848180584292,-0.6404981127913086,0.0,0.0,9.6899,0.0,2.0,1.0,0.0,0.0,0.0,0.05,-0.027,0.0,0.0,0.0
84.1589,0.040100163868250945,0.7665441324621687,0.01995808155816842,-0.6406276179076876,0.0,0.0,9.5795,0.0,2.0,1.0,0.0,0.0,0.0,-0.0346,-0.027,0.0,0.0,0.0
84.1789,0.039976746825364395,0.7665169715408888,0.0200193724409376,-0.6406659166680526,0.0,0.0,9.7909,0.0,2.0,1.0,0.0,0.0,0.0,0.0231,-0.027,0.0,0.0,0.0
84.199,0.03991774296939866,0.7664932663637484,0.02002037262939022,-0.6406979249966723,0.0,0.0,9.5696,0.0,2.0,1.0,0.0,0.0,0.0,-0.0038,-0.027,0.0,0.0,0.0
84.2191,0.039857401179482395,0.766383942084117,0.020081705968616862,-0.6408305282773418,0.0,0.0,9.5419,0.0,2.0,1.0,0.0,0.0,0.0,-0.0077,-0.027,0.0,0.0,0.0
84.2391,0.03985704686639796,0.766438130902524,0.02014252905416991,-0.6407638300005996,0.0,0.0,9.5856,0.0,2.0,1.0,0.0,0.0,0.0,0.0269,-0.027,0.0,0.0,0.0
84.2592,0.039855794194974876,0.7663530427508608,0.020141895992452533,-0.6408656907351294,0.0,0.0,9.278,0.0,2.0,1.0,0.0,0.0,0.0,-0.0385,-0.027,0.0,0.0,0.0
84.2793,0.03985528108524611,0.7664651744013039,0.020019638883145174,-0.6407354423305951,0.0,0.0,9.7231,0.0,2.0,1.0,0.0,0.0,0.0,0.0539,-0.027,0.0,0.0,0.0
84.2993,0.039794140696374436,0.7665244478838937,0.01989657035898401,-0.6406721655031372,0.0,0.0,9.6264,0.0,2.0,1.0,0.0,0.0,0.0,-0.0577,-0.027,0.0,0.0,0.0
84.3194,0.03985639027845451,0.7666095067303228,0.019775193641018655,-0.6405702725393391,0.0,0.0,9.683,0.0,2.0,1.0,0.0,0.0,0.0,0.0616,-0.027,0.0,0.0,0.0
84.3395,0.03985639027845451,0.7666095067303228,0.019775193641018655,-0.6405702725393391,0.0,0.0,9.4725,0.0,2.0,1.0,0.0,0.0,0.0,-0.0577,-0.027,0.0,0.0,0.0
84.3595,0.03997893112978418,0.7668028592313664,0.01965345773909788,-0.6403349137281356,0.0,0.0,9.7934,0.0,2.0,1.0,0.0,0.0,0.0,0.05,-0.027,0.0,0.0,0.0
84.3796,0.03991708271075589,0.7666645885782065,0.019653040722361237,-0.6405043271660522,0.0,0.0,9.4224,0.0,2.0,1.0,0.0,0.0,0.0,-0.0346,-0.027,0.0,0.0,0.0
84.3997,0.039673066549760334,0.7667252861467103,0.019775033171716697,-0.6404430743140574,0.0,0.0,9.5619,0.0,2.0,1.0,0.0,0.0,0.0,0.0231,-0.027,0.0,0.0,0.0
84.4197,0.03948896983449185,0.7666430002588246,0.019957479360769637,-0.6405472897711169,0.0,0.0,9.4267,0.0,2.0,1.0,0.0,0.0,0.0,-0.0038,-0.027,0.0,0.0,0.0
84.4398,0.039247112260672234,0.7669287347117001,0.020081569110395048,-0.640216143684907,0.0,0.0,9.6906,0.0,2.0,1.0,0.0,0.0,0.0,-0.0077,-0.027,0.0,0.0,0.0
84.4599,0.039001779812755155,0.7670443365041347,0.020203403952644694,-0.640088798118742,0.0,0.0,9.7634,0.0,2.0,1.0,0.0,0.0,0.0,0.0269,-0.027,0.0,0.0,0.0
84.4799,0.03851250540913659,0.7670801488924404,0.020446737415953653,-0.6400677800290417,0.0,0.0,9.7728,0.0,2.0,1.0,0.0,0.0,0.0,-0.0385,-0.027,0.0,0.0,0.0
84.5,0.03820661667408021,0.7670012296090616,0.0206292530879994,-0.640174821542943,0.0,0.0,9.7127,0.0,2.0,1.0,0.0,0.0,0.0,0.0539,-0.027,0.0,0.0,0.0
84.5201,0.03814764263472598,0.7669199195236797,0.02081335062145279,-0.6402697859770633,0.0,0.0,9.8204,0.0,2.0,1.0,0.0,0.0,0.0,-0.0577,-0.027,0.0,0.0,0.0
84.5401,0.03808643577619858,0.7669767755710615,0.020813238140262147,-0.6402053250814148,0.0,0.0,9.6972,0.0,2.0,1.0,0.0,0.0,0.0,0.0616,-0.027,0.0,0.0,0.0
84.5602,0.0380243802993277,0.7668945015704534,0.020751661800700927,-0.6403095645829191,0.0,0.0,9.524,0.0,2.0,1.0,0.0,0.0,0.0,-0.0577,-0.027,0.0,0.0,0.0
84.5803,0.03790345202935258,0.7670381475509133,0.020752247487352715,-0.6401446342430324,0.0,0.0,9.323,0.0,2.0,1.0,0.0,0.0,0.0,0.05,-0.027,0.0,0.0,0.0
84.6003,0.03766003993086997,0.7669891793648137,0.02081357473860712,-0.6402156786867185,0.0,0.0,9.3913,0.0,2.0,1.0,0.0,0.0,0.0,-0.0346,-0.027,0.0,0.0,0.0
84.6204,0.03778084177565833,0.767208786966633,0.02062991360291783,-0.6399513199147624,0.0,0.0,9.5871,0.0,2.0,1.0,0.0,0.0,0.0,0.0231,-0.027,0.0,0.0,0.0
84.6405,0.037842530559100813,0.7671007548908787,0.02038628581940261,-0.6400849741067333,0.0,0.0,9.3396,0.0,2.0,1.0,0.0,0.0,0.0,-0.0038,-0.027,0.0,0.0,0.0
84.6605,0.03784267110695305,0.7671036039171447,0.020203358289037965,-0.640087351394061,0.0,0.0,9.7361,0.0,2.0,1.0,0.0,0.0,0.0,-0.0077,-0.027,0.0,0.0,0.0
84.6806,0.037963402500570224,0.7670169280531522,0.02008068395358636,-0.640187924192921,0.0,0.0,9.5689,0.0,2.0,1.0,0.0,0.0,0.0,0.0269,-0.027,0.0,0.0,0.0
84.7007,0.03802609251647399,0.7669900361650245,0.020081576957878326,-0.6402163938688138,0.0,0.0,9.7244,0.0,2.0,1.0,0.0,0.0,0.0,-0.0385,-0.027,0.0,0.0,0.0
84.7207,0.03790431094256259,0.7669945269502502,0.0200206924272513,-0.6402201423846839,0.0,0.0,9.5007,0.0,2.0,1.0,0.0,0.0,0.0,0.0539,-0.027,0.0,0.0,0.0
84.7408,0.03753751496872576,0.7672225253532788,0.020203277164215883,-0.6399627795054459,0.0,0.0,9.6694,0.0,2.0,1.0,0.0,0.0,0.0,-0.0577,-0.027,0.0,0.0,0.0
84.7609,0.0374759712174908,0.7673334106682163,0.020263984436739213,-0.6398315085929545,0.0,0.0,9.8185,0.0,2.0,1.0,0.0,0.0,0.0,0.0616,-0.027,0.0,0.0,0.0
84.7809,0.03729128790256431,0.7675023441250794,0.020385610725669856,-0.639635785806593,0.0,0.0,9.9486,0.0,2.0,1.0,0.0,0.0,0.0,-0.0577,-0.027,0.0,0.0,0.0
84.801,0.03692452762842413,0.7674253987867604,0.020507182272754332,-0.6397454900439953,0.0,0.0,9.6226,0.0,2.0,1.0,0.0,0.0,0.0,0.05,-0.027,0.0,0.0,0.0
84.8211,0.03668277728319786,0.767350259632117,0.020630437144986028,-0.6398455578938724,0.0,0.0,9.7402,0.0,2.0,1.0,0.0,0.0,0.0,-0.0346,-0.027,0.0,0.0,0.0
84.8411,0.036620428477745326,0.7673220246727905,0.02062967803981025,-0.6398830135689881,0.0,0.0,9.6135,0.0,2.0,1.0,0.0,0.0,0.0,0.0231,-0.027,0.0,0.0,0.0
84.8612,0.03662075903533768,0.7672679513754591,0.020568864656832497,-0.6399497891292025,0.0,0.0,9.4182,0.0,2.0,1.0,0.0,0.0,0.0,-0.0038,-0.027,0.0,0.0,0.0
84.8813,0.03668236745736886,0.7674636878949469,0.020447204825277288,-0.6397154082052763,0.0,0.0,9.6163,0.0,2.0,1.0,0.0,0.0,0.0,-0.0077,-0.027,0.0,0.0,0.0
84.9013,0.036802663248592216,0.7674891231542696,0.020202266210501807,-0.6396857652454533,0.0,0.0,9.3854,0.0,2.0,1.0,0.0,0.0,0.0,0.0269,-0.027,0.0,0.0,0.0
84.9214,0.03692586690806077,0.7678802323285073,0.01989692828548162,-0.6392186960634116,0.0,0.0,9.7144,0.0,2.0,1.0,0.0,0.0,0.0,-0.0385,-0.027,0.0,0.0,0.0
84.9415,0.037048537186380744,0.7680771367575775,0.019531283194429098,-0.6389862650005945,0.0,0.0,9.5558,0.0,2.0,1.0,0.0,0.0,0.0,0.0539,-0.027,0.0,0.0,0.0
84.9615,0.03716965902225877,0.7685479496866312,0.019225823630937666,-0.6384221434022764,0.0,0.0,9.6073,0.0,2.0,1.0,0.0,0.0,0.0,-0.0577,-0.027,0.0,0.0,0.0
84.9816,0.03735339809297711,0.7689086099226327,0.018798697080630755,-0.6379897195298863,0.0,0.0,9.6796,0.0,2.0,1.0,0.0,0.0,0.0,0.0616,-0.027,0.0,0.0,0.0
85.0016,0.03741473350698932,0.769464519353817,0.01849386827417515,-0.6373244605445941,0.0,0.0,9.8694,0.0,2.0,1.0,0.0,0.0,0.0,-0.0577,-0.027,0.0,0.0,0.0
85.0217,0.03741563371069956,0.7702160451926222,0.018188308056400038,-0.6364247791623994,0.0,0.0,9.8458,0.0,2.0,1.0,0.0,0.0,0.0,0.05,-0.027,0.0,0.0,0.0
85.0418,0.037108300121906024,0.7717144451421065,0.017943661575021863,-0.6346320305739023,0.0,0.0,10.0898,0.0,2.0,1.0,0.0,0.0,0.0,-0.0346,-0.027,0.0,0.0,0.0
85.0619,0.037108300121906024,0.7717144451421065,0.017943661575021863,-0.6346320305739023,0.0,0.0,10.0898,0.0,2.0,1.0,0.0,0.0,0.0,0.0231,-0.027,0.0,0.0,0.0
85.082,0.03662121461391038,0.7728315290796139,0.017761104086662427,-0.6333047114006738,0.0,0.0,10.0252,0.0,2.0,1.0,0.0,0.0,0.0,-0.0038,-0.027,0.0,0.0,0.0
85.1021,0.035889467716134105,0.7743630915988648,0.017578229081730068,-0.6314782295050645,0.0,0.0,9.9327,0.0,2.0,1.0,0.0,0.0,0.0,-0.0077,-0.027,0.0,0.0,0.0
85.1221,0.035034051605161036,0.7760021430512225,0.017334025533021154,-0.6295179272799603,0.0,0.0,9.932,0.0,2.0,1.0,0.0,0.0,0.0,0.0269,-0.027,0.0,0.0,0.0
85.1422,0.03405889064443213,0.7779133425353586,0.017151448512615575,-0.6272134017122526,0.0,0.0,9.9353,0.0,2.0,1.0,0.0,0.0,0.0,-0.0385,-0.027,0.0,0.0,0.0
85.1623,0.033081080380804484,0.7800308953283923,0.016968041229149522,-0.6246355177468468,0.0,0.0,9.9264,0.0,2.0,1.0,0.0,0.0,0.0,0.0539,-0.027,0.0,0.0,0.0
85.1824,0.03204310390778353,0.782168536377223,0.016968055023164896,-0.6220110170263858,0.0,0.0,9.8485,0.0,2.0,1.0,0.0,0.0,0.0,-0.0577,-0.027,0.0,0.0,0.0
85.2025,0.031189465198179,0.7845577018618919,0.017334258544526415,-0.6190282329510908,0.0,0.0,9.7828,0.0,2.0,1.0,0.0,0.0,0.0,0.0616,-0.027,0.0,0.0,0.0
85.2226,0.030701326979869048,0.7866293778779705,0.017944191111910868,-0.6164005648815806,0.0,0.0,9.6268,0.0,2.0,1.0,0.0,0.0,0.0,-0.0577,-0.027,0.0,0.0,0.0
85.2427,0.03002996708749406,0.7889654079059429,0.01855559756596803,-0.6134227547161117,0.0,0.0,9.7169,0.0,2.0,1.0,0.0,0.0,0.0,0.05,-0.027,0.0,0.0,0.0
85.2628,0.029174592786165958,0.7911879567376779,0.018798737610527468,-0.6105874775273974,0.0,0.0,9.636,0.0,2.0,1.0,0.0,0.0,0.0,-0.0346,-0.027,0.0,0.0,0.0
85.2828,0.02813671660011735,0.7935710069589685,0.018737811268187854,-0.6075378807300589,0.0,0.0,9.7215,0.0,2.0,1.0,0.0,0.0,0.0,0.0231,-0.027,0.0,0.0,0.0
85.3029,0.026978532007355283,0.7956086891292087,0.01837236229665401,-0.6049309290294809,0.0,0.0,9.864,0.0,2.0,1.0,0.0,0.0,0.0,-0.0038,-0.027,0.0,0.0,0.0
85.323,0.02557360131882103,0.7977165639501759,0.017882721216253953,-0.6022246115835959,0.0,0.0,10.0982,0.0,2.0,1.0,0.0,0.0,0.0,-0.0077,-0.027,0.0,0.0,0.0
85.343,0.02435264881787841,0.7996104690612895,0.017028754433525917,-0.5997833507072203,0.0,0.0,9.9669,0.0,2.0,1.0,0.0,0.0,0.0,0.0269,-0.027,0.0,0.0,0.0
85.3631,0.022705030755370004,0.801454085619183,0.015930021578200726,-0.5974128092326405,0.0,0.0,10.0563,0.0,2.0,1.0,0.0,0.0,0.0,-0.0385,-0.027,0.0,0.0,0.0
85.3832,0.02081328642141017,0.8031120520021604,0.014648201580782227,-0.5952841919853644,0.0,0.0,9.9209,0.0,2.0,1.0,0.0,0.0,0.0,0.0539,-0.027,0.0,0.0,0.0
85.4032,0.01885997761797259,0.8045030452581866,0.01306198449872542,-0.5935052956591953,0.0,0.0,9.895,0.0,2.0,1.0,0.0,0.0,0.0,-0.0577,-0.027,0.0,0.0,0.0
85.4233,0.01709007900920723,0.8059117258134707,0.011475053050360286,-0.5916777353875198,0.0,0.0,9.932,0.0,2.0,1.0,0.0,0.0,0.0,0.0616,-0.027,0.0,0.0,0.0
85.4434,0.01501476702104598,0.8070554771989037,0.009948845627198775,-0.5902008420573793,0.0,0.0,9.6042,0.0,2.0,1.0,0.0,0.0,0.0,-0.0577,-0.027,0.0,0.0,0.0
85.4634,0.012451253632341175,0.8083054652021047,0.008240167852420988,-0.5885739892665631,0.0,0.0,9.909,0.0,2.0,1.0,0.0,0.0,0.0,0.05,-0.027,0.0,0.0,0.0
85.4835,0.009826943678635514,0.8090773629182624,0.006713961520134204,-0.5875816323813003,0.0,0.0,9.7969,0.0,2.0,1.0,0.0,0.0,0.0,-0.0346,-0.027,0.0,0.0,0.0
85.5036,0.00683592613774886,0.8100502473988744,0.005187943944213291,-0.5862976650477925,0.0,0.0,9.7331,0.0,2.0,1.0,0.0,0.0,0.0,0.0231,-0.027,0.0,0.0,0.0
85.5236,0.004578020574572572,0.8105506427824529,0.004333019473486854,-0.5856346319633204,0.0,0.0,9.4751,0.0,2.0,1.0,0.0,0.0,0.0,-0.0038,-0.027,0.0,0.0,0.0
85.5437,0.0017700018245259126,0.8110968360822939,0.0031740032717770253,-0.5849006029181918,0.0,0.0,9.5375,0.0,2.0,1.0,0.0,0.0,0.0,-0.0077,-0.027,0.0,0.0,0.0
85.5638,0.001525977422673408,-0.8113279961414153,-0.0018309729101672056,0.5845863508569658,0.0,0.0,9.3071,0.0,2.0,1.0,0.0,0.0,0.0,0.0269,-0.027,0.0,0.0,0.0
85.5838,0.005005064363274248,-0.8116564376012191,-0.0004270054911325039,0.5841135114834518,0.0,0.0,9.4184,0.0,2.0,1.0,0.0,0.0,0.0,-0.0385,-0.027,0.0,0.0,0.0
85.6039,0.00817888136268985,-0.8118172243295143,0.0009769858285055277,0.583853531016358,0.0,0.0,9.3989,0.0,2.0,1.0,0.0,0.0,0.0,0.0539,-0.027,0.0,0.0,0.0
85.624,0.011046929806650174,-0.8121288396482316,0.0019529875905121008,0.5833702932040123,0.0,0.0,9.3234,0.0,2.0,1.0,0.0,0.0,0.0,-0.0577,-0.027,0.0,0.0,0.0
85.644,0.01470943750939463,-0.8120971545697612,0.0027470817076826193,0.5833303502561358,0.0,0.0,9.7337,0.0,2.0,1.0,0.0,0.0,0.0,0.0616,-0.027,0.0,0.0,0.0
85.6641,0.016846517572955744,-0.8120979499598042,0.00305209376900506,0.5832699197115969,0.0,0.0,9.7926,0.0,2.0,1.0,0.0,0.0,0.0,-0.0577,-0.027,0.0,0.0,0.0
85.6841,0.01892056102114326,-0.811810165067055,0.003478919285056448,0.5836044597028492,0.0,0.0,9.6828,0.0,2.0,1.0,0.0,0.0,0.0,0.05,-0.027,0.0,0.0,0.0
85.7042,0.02099562514142944,-0.8114475123125622,0.0039669291739402035,0.5840345725722098,0.0,0.0,9.5164,0.0,2.0,1.0,0.0,0.0,0.0,-0.0346,-0.027,0.0,0.0,0.0
85.7243,0.02270546297009768,-0.8105025263502574,0.0044560908608127225,0.5852779339642014,0.0,0.0,9.4408,0.0,2.0,1.0,0.0,0.0,0.0,0.0231,-0.027,0.0,0.0,0.0
85.7443,0.02410836324950716,-0.8092436262438272,0.004699875866799985,0.5869594972159557,0.0,0.0,9.4303,0.0,2.0,1.0,0.0,0.0,0.0,-0.0038,-0.027,0.0,0.0,0.0
85.7644,0.02526811798913331,-0.8078328017261952,0.005248816784398147,0.5888464456807537,0.0,0.0,9.2147,0.0,2.0,1.0,0.0,0.0,0.0,-0.0077,-0.027,0.0,0.0,0.0
85.7845,0.0264893836112764,-0.806652681701221,0.005981086616295151,0.5904015500174538,0.0,0.0,9.3633,0.0,2.0,1.0,0.0,0.0,0.0,0.0269,-0.027,0.0,0.0,0.0
85.8045,0.02771078782691566,-0.805747907681041,0.00689719608957895,0.5915698185267216,0.0,0.0,9.3508,0.0,2.0,1.0,0.0,0.0,0.0,-0.0385,-0.027,0.0,0.0,0.0
85.8246,0.02844215835703534,-0.804692480275861,0.007690042815751197,0.5929603014173614,0.0,0.0,9.2957,0.0,2.0,1.0,0.0,0.0,0.0,0.0539,-0.027,0.0,0.0,0.0
85.8447,0.02893059151522709,-0.8038216504600445,0.00836188193461429,0.5941076115122417,0.0,0.0,9.3104,0.0,2.0,1.0,0.0,0.0,0.0,-0.0577,-0.027,0.0,0.0,0.0
85.8648,0.02899168407291836,-0.8029082505786213,0.008910902896446306,0.5953305125868859,0.0,0.0,9.021,0.0,2.0,1.0,0.0,0.0,0.0,0.0616,-0.027,0.0,0.0,0.0
85.8849,0.02887044384042292,-0.802441336350078,0.009521146373559497,0.5959561619455676,0.0,0.0,9.2154,0.0,2.0,1.0,0.0,0.0,0.0,-0.0577,-0.027,0.0,0.0,0.0
85.9049,0.02868610729039861,-0.8017330501249844,0.010253680906185503,0.5969054243460075,0.0,0.0,9.1674,0.0,2.0,1.0,0.0,0.0,0.0,0.05,-0.027,0.0,0.0,0.0
85.925,0.028564047921586344,-0.8013933444887245,0.011108018635799577,0.5973520021708278,0.0,0.0,9.3983,0.0,2.0,1.0,0.0,0.0,0.0,-0.0346,-0.027,0.0,0.0,0.0
85.9451,0.028502156989191785,-0.8009403105178747,0.012084642571461857,0.5979433145779072,0.0,0.0,9.3256,0.0,2.0,1.0,0.0,0.0,0.0,0.0231,-0.027,0.0,0.0,0.0
85.9652,0.02838126692868848,-0.8005445292023347,0.013184123998020771,0.598455628535767,0.0,0.0,9.5127,0.0,2.0,1.0,0.0,0.0,0.0,-0.0038,-0.027,0.0,0.0,0.0
85.9853,0.028014790773493004,-0.8000430249345823,0.01434289288110685,0.5991165255401005,0.0,0.0,9.3443,0.0,2.0,1.0,0.0,0.0,0.0,-0.0077,-0.027,0.0,0.0,0.0
86.0054,0.027466881294724188,-0.7993416474540805,0.015198487654453363,0.6000562532382739,0.0,0.0,9.4869,0.0,2.0,1.0,0.0,0.0,0.0,0.0269,-0.027,0.0,0.0,0.0
86.0255,0.026732991437557863,-0.7985837442176607,0.016112994839089012,0.6010738074790958,0.0,0.0,9.6417,0.0,2.0,1.0,0.0,0.0,0.0,-0.0385,-0.027,0.0,0.0,0.0
86.0455,0.02612219241341479,-0.7975823421615642,0.017211467894946764,0.6023983764158827,0.0,0.0,9.434,0.0,2.0,1.0,0.0,0.0,0.0,-0.0577,-0.027,0.0,0.0,0.0
86.0656,0.02587912605536912,-0.7965738800543056,0.01855509038051578,0.6037019405889051,0.0,0.0,9.6852,0.0,2.0,1.0,0.0,0.0,0.0,-0.0577,-0.027,0.0,0.0,0.0
86.0857,0.025695842505357724,-0.7953441251865575,0.02001987729441379,0.6052822901112225,0.0,0.0,9.3747,0.0,2.0,1.0,0.0,0.0,0.0,-0.0577,-0.027,0.0,0.0,0.0
86.1058,0.02557468816509073,-0.7942713722969937,0.021484578108188268,0.606644323618232,0.0,0.0,9.4217,0.0,2.0,1.0,0.0,0.0,0.0,0.05,-0.027,0.0,0.0,0.0
86.1259,0.025146284385640594,-0.7932219707463258,0.023010260228807367,0.607977875774369,0.0,0.0,9.4364,0.0,2.0,1.0,0.0,0.0,0.0,-0.0346,-0.027,0.0,0.0,0.0
86.1459,0.02465841861230217,-0.7924934537220054,0.024292412398817465,0.6088973369125159,0.0,0.0,9.4961,0.0,2.0,1.0,0.0,0.0,0.0,0.0231,-0.027,0.0,0.0,0.0
86.166,0.024353629758632866,-0.79170747270245,0.025574661333193915,0.6098787708080773,0.0,0.0,9.6068,0.0,2.0,1.0,0.0,0.0,0.0,-0.0038,-0.027,0.0,0.0,0.0
86.1861,0.024292418398982163,-0.7909686231996931,0.026733460442120383,0.6107895198959299,0.0,0.0,9.8684,0.0,2.0,1.0,0.0,0.0,0.0,-0.0077,-0.027,0.0,0.0,0.0
86.2062,0.024413912026127974,-0.7900361531584387,0.027953899270024455,0.61193579493097,0.0,0.0,9.8667,0.0,2.0,1.0,0.0,0.0,0.0,0.0269,-0.027,0.0,0.0,0.0
86.2263,0.024598055603265723,-0.7887908502445438,0.028871238983058045,0.6134903273814607,0.0,0.0,9.9351,0.0,2.0,1.0,0.0,0.0,0.0,-0.0385,-0.027,0.0,0.0,0.0
86.2464,0.02478030771027884,-0.7874857786303263,0.02966336834584327,0.6151196382681597,0.0,0.0,9.9272,0.0,2.0,1.0,0.0,0.0,0.0,0.0539,-0.027,0.0,0.0,0.0
86.2665,0.024840100955021982,-0.7858605571209386,0.03021090656789671,0.6171656627441762,0.0,0.0,9.9336,0.0,2.0,1.0,0.0,0.0,0.0,-0.0577,-0.027,0.0,0.0,0.0
86.2865,0.025085876396534146,-0.7842683990868811,0.03051906620966427,0.6191626309757468,0.0,0.0,9.9794,0.0,2.0,1.0,0.0,0.0,0.0,0.0616,-0.027,0.0,0.0,0.0
86.3066,0.025330016531716685,-0.78228851056311,0.030701020037119168,0.621643405717566,0.0,0.0,9.6532,0.0,2.0,1.0,0.0,0.0,0.0,-0.0539,-0.027,0.0,0.0,0.0
86.3267,0.025695336522690515,-0.7801918547260847,0.0308222041422358,0.6242518812401545,0.0,0.0,9.8284,0.0,2.0,1.0,0.0,0.0,0.0,0.05,-0.027,0.0,0.0,0.0
86.3468,0.025695336522690515,-0.7801918547260847,0.0308222041422358,0.6242518812401545,0.0,0.0,9.8284,0.0,2.0,1.0,0.0,0.0,0.0,0.05,-0.027,0.0,0.0,0.0
86.3669,0.026610992891805574,-0.776305792637106,0.03106699170154148,0.6290278319772531,0.0,0.0,9.7255,0.0,2.0,1.0,0.0,0.0,0.0,0.0231,-0.027,0.0,0.0,0.0
86.3869,0.02746555345914503,-0.7737914195332505,0.03131049094732713,0.6320697236749576,0.0,0.0,9.5974,0.0,2.0,1.0,0.0,0.0,0.0,-0.0038,-0.027,0.0,0.0,0.0
86.407,0.028257986574222294,-0.7712123417496448,0.03149287056047817,0.6351702206744749,0.0,0.0,9.4432,0.0,2.0,1.0,0.0,0.0,0.0,-0.0077,-0.027,0.0,0.0,0.0
86.4271,0.028869750795697816,-0.7691583606086912,0.03149372814546942,0.6376284959772769,0.0,0.0,9.5966,0.0,2.0,1.0,0.0,0.0,0.0,0.0269,-0.027,0.0,0.0,0.0
