Time,F_Q0,F_Q1,F_Q2,F_Q3,F_M1,F_M2,F_ACC,Cmd_F1,Cmd_F2,B_Q0,B_Q1,B_Q2,B_Q3,B_M1,B_M2,B_ACC,Cmd_B1,Cmd_B2
0.001,0.9992947941742285,0.0017090458247875013,-0.00402810800599418,-0.03729299994030166,0.0,0.0,9.7778,0.0,0.0,1.0,0.0,0.0,0.0,0.9544,0.0,0.0,0.0,0.0
0.0244,0.9994965299474134,-0.011840816729671402,-0.007811879088944602,-0.028380560730073834,-0.0135,0.0,9.7078,0.0,0.0,1.0,0.0,0.0,0.0,1.0468,0.0,0.0,0.0,0.0
0.0445,0.9994997352889601,-0.011779855451164117,-0.007934902632002316,-0.02825865324231297,-0.0135,0.0,9.4335,0.0,0.0,1.0,0.0,0.0,0.0,0.8428,-0.027,0.0,0.0,0.0
0.0646,0.9995004541068067,-0.011352868855476048,-0.007811909759444984,-0.028441671451374162,-0.0135,0.0,9.6834,0.0,0.0,1.0,0.0,0.0,0.0,0.5927,-0.027,0.0,0.0,0.0
0.0847,0.9994928755769403,-0.011474780440100158,-0.007934848173611746,-0.02862445229611038,-0.0135,0.0,9.1203,0.0,0.0,1.0,0.0,0.0,0.0,0.4195,-0.027,0.0,0.0,0.0
0.1048,0.9994887182953951,-0.011596729870248375,-0.00805681232772193,-0.02868633179165425,-0.0135,0.0,9.1355,0.0,0.0,1.0,0.0,0.0,0.0,0.2963,-0.027,0.0,0.0,0.0
0.1248,0.9994861823340112,-0.011535702021991882,-0.008239787158565636,-0.02874725743136464,-0.0135,0.0,9.79,0.0,0.0,1.0,0.0,0.0,0.0,0.2078,-0.027,0.0,0.0,0.0
0.1449,0.9994748826287174,-0.011658278576624154,-0.008362199816240454,-0.029053694243151573,-0.0135,0.0,9.4663,0.0,0.0,1.0,0.0,0.0,0.0,0.1501,-0.027,0.0,0.0,0.0
0.165,0.9994670547606445,-0.011719188249088741,-0.008362134323652197,-0.029297470614689958,-0.0135,0.0,10.009,0.0,0.0,1.0,0.0,0.0,0.0,0.1001,-0.027,0.0,0.0,0.0
0.1851,0.9994634748977064,-0.011719146273630444,-0.008362104372395068,-0.029419367200608726,-0.0135,0.0,9.3427,0.0,0.0,1.0,0.0,0.0,0.0,0.0654,-0.027,0.0,0.0,0.0
0.2052,0.999456849271363,-0.011780068942265961,-0.008423049295475911,-0.029602173245242617,-0.0135,0.0,9.8784,0.0,0.0,1.0,0.0,0.0,0.0,0.0423,-0.027,0.0,0.0,0.0
0.2252,0.9994453454665578,-0.011962932317658825,-0.008666950965238574,-0.029845831142091887,-0.0135,0.0,9.8116,0.0,0.0,1.0,0.0,0.0,0.0,0.0269,-0.027,0.0,0.0,0.0
0.2453,0.9994369416340703,-0.012267827437229812,-0.008788876373150706,-0.029967578467468392,-0.0135,0.0,9.9744,0.0,0.0,1.0,0.0,0.0,0.0,0.0269,-0.027,0.0,0.0,0.0
0.2654,0.9994398235033469,-0.012389861447140948,-0.008910900351531319,-0.029784666925189218,-0.0135,0.0,9.484,0.0,0.0,1.0,0.0,0.0,0.0,-0.0231,-0.027,0.0,0.0,0.0
0.2855,0.9994431910145598,-0.012511902240304098,-0.008971929899297347,-0.029601768711435605,-0.0135,0.0,9.558,0.0,0.0,1.0,0.0,0.0,0.0,0.0346,-0.027,0.0,0.0,0.0
0.3056,0.999443626488425,-0.012816905441789685,-0.009093932908452477,-0.029418782959507672,-0.0135,0.0,9.4893,0.0,0.0,1.0,0.0,0.0,0.0,-0.05,-0.027,0.0,0.0,0.0
0.3257,0.9994444878358248,-0.012694917282663979,-0.008971941540768906,-0.029479807915945955,-0.0135,0.0,9.7658,0.0,0.0,1.0,0.0,0.0,0.0,0.05,-0.027,0.0,0.0,0.0
0.3458,0.9994321381600917,-0.013061753491313848,-0.009215826073797923,-0.029662440193909234,-0.0135,0.0,9.2853,0.0,0.0,1.0,0.0,0.0,0.0,-0.0539,-0.027,0.0,0.0,0.0
0.3659,0.9994254350648186,-0.01306166588738884,-0.009154765824456046,-0.02990623500950379,-0.0135,0.0,9.7552,0.0,0.0,1.0,0.0,0.0,0.0,0.0462,-0.027,0.0,0.0,0.0
0.3859,0.999412195700213,-0.013428298225780186,-0.009460210099484702,-0.030090668276267885,-0.0135,0.0,9.4144,0.0,0.0,1.0,0.0,0.0,0.0,-0.0462,-0.027,0.0,0.0,0.0
0.406,0.9994045824296427,-0.013489196822455148,-0.009399137143914002,-0.030334442613415058,-0.0135,0.0,9.8625,0.0,0.0,1.0,0.0,0.0,0.0,0.0423,-0.027,0.0,0.0,0.0
0.4261,0.9993916549015069,-0.013855022942655396,-0.009644015969611598,-0.03051805053511058,-0.0135,0.0,9.337,0.0,0.0,1.0,0.0,0.0,0.0,-0.0385,-0.027,0.0,0.0,0.0
0.4462,0.9993891044648144,-0.013854987584786722,-0.009520991468405229,-0.030639972544053762,-0.0135,0.0,9.7563,0.0,0.0,1.0,0.0,0.0,0.0,0.0308,-0.027,0.0,0.0,0.0
0.4663,0.9993833350063429,-0.014098905972897896,-0.009765934869942613,-0.030639795659946904,-0.0135,0.0,9.4732,0.0,0.0,1.0,0.0,0.0,0.0,-0.0308,-0.027,0.0,0.0,0.0
0.4864,0.9993804494943515,-0.014037865848169089,-0.009765906672832267,-0.030761706028022362,-0.0135,0.0,9.683,0.0,0.0,1.0,0.0,0.0,0.0,0.0231,-0.027,0.0,0.0,0.0
0.5065,0.9993746357819221,-0.014098783247670398,-0.009887847985883037,-0.03088352520186194,-0.0135,0.0,9.3829,0.0,0.0,1.0,0.0,0.0,0.0,-0.0192,-0.027,0.0,0.0,0.0
0.5266,0.9993765110380555,-0.013915812173031124,-0.009765868186391349,-0.03094458232929348,-0.0135,0.0,9.7105,0.0,0.0,1.0,0.0,0.0,0.0,0.0154,-0.027,0.0,0.0,0.0
0.5466,0.9993728200329542,-0.013915760777652955,-0.009948828972180893,-0.031005466992807488,-0.0135,0.0,9.4697,0.0,0.0,1.0,0.0,0.0,0.0,-0.0115,-0.027,0.0,0.0,0.0
0.5667,0.9993654680150041,-0.01385465990188803,-0.010009754284944009,-0.0312492329075425,-0.0135,0.0,9.6104,0.0,0.0,1.0,0.0,0.0,0.0,0.0038,-0.027,0.0,0.0,0.0
0.5868,0.9993561122849968,-0.013794374237972924,-0.0102542781960399,-0.03149485444763811,-0.0135,0.0,9.4221,0.0,0.0,1.0,0.0,0.0,0.0,-0.0038,-0.027,0.0,0.0,0.0
0.6069,0.9993528788294664,-0.013611325232979197,-0.010437249390684295,-0.031616755459986164,-0.0135,0.0,9.7552,0.0,0.0,1.0,0.0,0.0,0.0,-0.0038,-0.027,0.0,0.0,0.0
0.627,0.9993478929109636,-0.013550256170834185,-0.010803204237160278,-0.03167759887258409,-0.0135,0.0,9.4574,0.0,0.0,1.0,0.0,0.0,0.0,0.0077,-0.027,0.0,0.0,0.0
0.6471,0.9993441200834909,-0.013489204091751774,-0.011047167143715762,-0.0317384802034264,-0.0135,0.0,9.5999,0.0,0.0,1.0,0.0,0.0,0.0,-0.0115,-0.027,0.0,0.0,0.0
0.6672,0.9993432792989096,-0.013306190127927133,-0.011169159592576146,-0.0317994543723098,-0.0135,0.0,9.4083,0.0,0.0,1.0,0.0,0.0,0.0,0.0154,-0.027,0.0,0.0,0.0
0.6873,0.9993431733105461,-0.013062185256089189,-0.011292160152485005,-0.031860451864875294,-0.0135,0.0,9.8586,0.0,0.0,1.0,0.0,0.0,0.0,-0.0192,-0.027,0.0,0.0,0.0
0.7074,0.9993401258279796,-0.012878143374617089,-0.011597129112861813,-0.031921355386019035,-0.0135,0.0,9.5123,0.0,0.0,1.0,0.0,0.0,0.0,0.0231,-0.027,0.0,0.0,0.0
0.7275,0.999336544534712,-0.01287809722375516,-0.01190208985534508,-0.031921240990797406,-0.0135,0.0,9.6688,0.0,0.0,1.0,0.0,0.0,0.0,-0.0346,-0.027,0.0,0.0,0.0
0.7476,0.9993359194468476,-0.013000090013207882,-0.012146084100032538,-0.0317992201792306,-0.0135,0.0,9.383,0.0,0.0,1.0,0.0,0.0,0.0,0.0385,-0.027,0.0,0.0,0.0
0.7677,0.9993436678089359,-0.012756187228200908,-0.012085177379492633,-0.031677464944161134,-0.0135,0.0,9.6798,0.0,0.0,1.0,0.0,0.0,0.0,-0.0462,-0.027,0.0,0.0,0.0
0.7878,0.9993375881487647,-0.012939111196669833,-0.012390106478610347,-0.03167727222945449,-0.0135,0.0,9.3088,0.0,0.0,1.0,0.0,0.0,0.0,0.0462,-0.027,0.0,0.0,0.0
0.8079,0.9993379787847789,-0.012817115158355768,-0.012329110773766739,-0.031738285160013646,-0.0135,0.0,9.6407,0.0,0.0,1.0,0.0,0.0,0.0,-0.0577,-0.027,0.0,0.0,0.0
0.828,0.9993371955929505,-0.01287810561371282,-0.012329101111311178,-0.03173826028638128,-0.0135,0.0,9.383,0.0,0.0,1.0,0.0,0.0,0.0,0.0577,-0.027,0.0,0.0,0.0
0.8481,0.9993379453173497,-0.01287811527514645,-0.012268109814839005,-0.03173828409711116,-0.0135,0.0,9.7119,0.0,0.0,1.0,0.0,0.0,0.0,-0.0616,-0.027,0.0,0.0,0.0
0.8682,0.9993313225131493,-0.013123030498804752,-0.012390028795259543,-0.03179907390318465,-0.0135,0.0,9.4536,0.0,0.0,1.0,0.0,0.0,0.0,0.0577,-0.027,0.0,0.0,0.0
0.8883,0.9993304090059043,-0.013306018760821072,-0.012268017297290918,-0.03179904483506313,-0.0135,0.0,9.7115,0.0,0.0,1.0,0.0,0.0,0.0,-0.0654,-0.027,0.0,0.0,0.0
0.9084,0.9993240746300803,-0.013488933517075108,-0.012267939534989804,-0.031920842671699534,-0.0135,0.0,9.4453,0.0,0.0,1.0,0.0,0.0,0.0,0.0616,-0.027,0.0,0.0,0.0
0.9285,0.9993171283973838,-0.013732836857812862,-0.012084856435350504,-0.032103618618162466,-0.0135,0.0,9.8652,0.0,0.0,1.0,0.0,0.0,0.0,-0.0654,-0.027,0.0,0.0,0.0
0.9485,0.9993086805306888,-0.013915717044401855,-0.012084754274331451,-0.032287343484453,-0.0135,0.0,9.5618,0.0,0.0,1.0,0.0,0.0,0.0,0.0577,-0.027,0.0,0.0,0.0
0.9686,0.9993027799831,-0.014159628475267598,-0.011962686119323895,-0.03240914963865977,-0.0135,0.0,9.788,0.0,0.0,1.0,0.0,0.0,0.0,-0.0616,-0.027,0.0,0.0,0.0
0.9887,0.9993064409167256,-0.01428167759483881,-0.01184073269853567,-0.03228727112324287,-0.0135,0.0,9.5206,0.0,0.0,1.0,0.0,0.0,0.0,0.0539,-0.027,0.0,0.0,0.0
1.0088,0.9993111683291899,-0.014464741891691054,-0.011718790890337194,-0.032103427147656294,-0.0135,0.0,9.7888,0.0,0.0,1.0,0.0,0.0,0.0,-0.0539,-0.027,0.0,0.0,0.0
1.0289,0.9993189571397778,-0.014342855858536908,-0.011535884067773953,-0.031981678593580753,-0.0135,0.0,9.6009,0.0,0.0,1.0,0.0,0.0,0.0,0.0462,-0.027,0.0,0.0,0.0
1.0491,0.9993180809721678,-0.01440384261671892,-0.011535873953517737,-0.031981650553173084,-0.0135,0.0,9.7518,0.0,0.0,1.0,0.0,0.0,0.0,-0.0462,-0.027,0.0,0.0,0.0
1.0692,0.9993198295912915,-0.014281868940281755,-0.0115358941391325,-0.03198170651506027,-0.0135,0.0,9.6823,0.0,0.0,1.0,0.0,0.0,0.0,0.0346,-0.027,0.0,0.0,0.0
1.0894,0.9993209066186927,-0.014464882850632162,-0.01171890508997984,-0.03179874246576237,-0.0135,0.0,9.6488,0.0,0.0,1.0,0.0,0.0,0.0,-0.0308,-0.027,0.0,0.0,0.0
1.1095,0.9993226626895143,-0.014342909042923504,-0.011718925683191841,-0.03179879834455302,-0.0135,0.0,9.7192,0.0,0.0,1.0,0.0,0.0,0.0,0.0192,-0.027,0.0,0.0,0.0
1.1296,0.9993221269308805,-0.014464900514300277,-0.011779918980881945,-0.03173778171606384,-0.0135,0.0,9.6488,0.0,0.0,1.0,0.0,0.0,0.0,-0.0192,-0.027,0.0,0.0,0.0
1.1496,0.9993309149687013,-0.014221027251055354,-0.011658022339695056,-0.03161606058430255,-0.0135,0.0,9.7563,0.0,0.0,1.0,0.0,0.0,0.0,0.0077,-0.027,0.0,0.0,0.0
1.1697,0.9993307159057766,-0.014404024732502315,-0.01178002022694233,-0.03149405407702211,-0.0135,0.0,9.4266,0.0,0.0,1.0,0.0,0.0,0.0,-0.0038,-0.027,0.0,0.0,0.0
1.1898,0.999331744627433,-0.01428203922508903,-0.011841032520955,-0.03149408649733609,-0.0135,0.0,9.7213,0.0,0.0,1.0,0.0,0.0,0.0,-0.0038,-0.027,0.0,0.0,0.0
1.2098,0.9993225063934715,-0.014586905214160267,-0.012084921472072867,-0.031554794956661865,-0.0135,0.0,9.5125,0.0,0.0,1.0,0.0,0.0,0.0,0.0077,-0.027,0.0,0.0,0.0
1.2299,0.9993213027518133,-0.014403889054392615,-0.012084906916296502,-0.031676756010552365,-0.0135,0.0,9.9749,0.0,0.0,1.0,0.0,0.0,0.0,-0.0154,-0.027,0.0,0.0,0.0
1.25,0.999315203048893,-0.014647797766561546,-0.012450828098816077,-0.031615563502704065,-0.0135,0.0,9.3833,0.0,0.0,1.0,0.0,0.0,0.0,0.0192,-0.027,0.0,0.0,0.0
1.2701,0.9993174966991563,-0.014464833493027114,-0.012633854569713419,-0.03155463676961423,-0.0135,0.0,9.8116,0.0,0.0,1.0,0.0,0.0,0.0,-0.0308,-0.027,0.0,0.0,0.0
1.2901,0.9993174966991563,-0.014464833493027114,-0.012633854569713419,-0.03155463676961423,-0.0135,0.0,9.8116,0.0,0.0,1.0,0.0,0.0,0.0,0.0308,-0.027,0.0,0.0,0.0
1.3102,0.9993275329572793,-0.014159979212726813,-0.012938981005188721,-0.03124995412413223,-0.0135,0.0,9.7734,0.0,0.0,1.0,0.0,0.0,0.0,-0.0423,-0.027,0.0,0.0,0.0
1.3303,0.9993365574738174,-0.013611102933844738,-0.013123099243321177,-0.03112823540700305,-0.0135,0.0,9.7333,0.0,0.0,1.0,0.0,0.0,0.0,0.0462,-0.027,0.0,0.0,0.0
1.3503,0.999341716261536,-0.013367170092399952,-0.013550172421038332,-0.030884392992719393,-0.0135,0.0,9.5318,0.0,0.0,1.0,0.0,0.0,0.0,-0.05,-0.027,0.0,0.0,0.0
1.3704,0.9993565011987615,-0.012695349362140267,-0.013794379606251512,-0.030579841523819373,-0.0135,0.0,9.6723,0.0,0.0,1.0,0.0,0.0,0.0,0.0539,-0.027,0.0,0.0,0.0
1.3905,0.9993683818455165,-0.012450730668066042,-0.014098695019601894,-0.030150347793178045,-0.0135,0.0,9.3686,0.0,0.0,1.0,0.0,0.0,0.0,-0.0577,-0.027,0.0,0.0,0.0
1.4105,0.9993882691004927,-0.012023979174961046,-0.014220975369853716,-0.029601948730638428,-0.0135,0.0,9.521,0.0,0.0,1.0,0.0,0.0,0.0,0.0577,-0.027,0.0,0.0,0.0
1.4306,0.9994015938737902,-0.011963138782169274,-0.014465167807747103,-0.029053337042411035,-0.0135,0.0,9.2698,0.0,0.0,1.0,0.0,0.0,0.0,-0.0616,-0.027,0.0,0.0,0.0
1.4507,0.9994115366676857,-0.011719252542259388,-0.014465311718046086,-0.028809620828564808,-0.0135,0.0,9.5516,0.0,0.0,1.0,0.0,0.0,0.0,0.0577,-0.027,0.0,0.0,0.0
1.4707,0.999407605342665,-0.011902209666685077,-0.014587256965882648,-0.02880950750189293,-0.0135,0.0,9.1929,0.0,0.0,1.0,0.0,0.0,0.0,-0.0616,-0.027,0.0,0.0,0.0
1.4908,0.9994083420567665,-0.011841217320859897,-0.014465265479793807,-0.028870529858392446,-0.0135,0.0,9.5552,0.0,0.0,1.0,0.0,0.0,0.0,0.0616,-0.027,0.0,0.0,0.0
1.5109,0.9994080629538641,-0.01208521842403611,-0.014404260337593391,-0.028809520693260707,-0.0135,0.0,9.1796,0.0,0.0,1.0,0.0,0.0,0.0,-0.0616,-0.027,0.0,0.0,0.0
1.531,0.9994104182653608,-0.012024245659074733,-0.01391628431401231,-0.028992592327669098,-0.0135,0.0,9.6937,0.0,0.0,1.0,0.0,0.0,0.0,0.0577,-0.027,0.0,0.0,0.0
1.551,0.9994022170272181,-0.012390151461358658,-0.013672167133147346,-0.02923635739501873,-0.0135,0.0,9.2528,0.0,0.0,1.0,0.0,0.0,0.0,-0.0616,-0.027,0.0,0.0,0.0
1.5711,0.999394107283863,-0.012573051672400174,-0.013306054684876861,-0.02960212165802839,-0.0135,0.0,9.5967,0.0,0.0,1.0,0.0,0.0,0.0,0.0577,-0.027,0.0,0.0,0.0
1.5912,0.9993769600755845,-0.013122828772623189,-0.013244827180781392,-0.029967608981023464,-0.0135,0.0,9.3332,0.0,0.0,1.0,0.0,0.0,0.0,-0.0616,-0.027,0.0,0.0,0.0
1.6112,0.9993582798921459,-0.013550397008931566,-0.012817375532359848,-0.03057989595100513,-0.0135,0.0,9.6809,0.0,0.0,1.0,0.0,0.0,0.0,0.0539,-0.027,0.0,0.0,0.0
1.6313,0.9993467895150472,-0.01379424555333685,-0.012573223817754404,-0.030945550866174287,-0.0135,0.0,9.6685,0.0,0.0,1.0,0.0,0.0,0.0,-0.0539,-0.027,0.0,0.0,0.0
1.6514,0.9993419356386873,-0.01373317776440601,-0.012268158800970869,-0.031250404510135284,-0.0135,0.0,9.5601,0.0,0.0,1.0,0.0,0.0,0.0,0.0539,-0.027,0.0,0.0,0.0
1.6714,0.9993350522492319,-0.013977084649087047,-0.012085073190542823,-0.031433190368087054,-0.0135,0.0,9.4928,0.0,0.0,1.0,0.0,0.0,0.0,-0.05,-0.027,0.0,0.0,0.0
1.6915,0.999325804627371,-0.013915955503337228,-0.011962961748090209,-0.03179889832211996,-0.0135,0.0,9.5955,0.0,0.0,1.0,0.0,0.0,0.0,0.0385,-0.027,0.0,0.0,0.0
1.7116,0.9993124940411631,-0.01397676914130715,-0.012023801399089738,-0.03216546871283438,-0.0135,0.0,9.5321,0.0,0.0,1.0,0.0,0.0,0.0,-0.0346,-0.027,0.0,0.0,0.0
1.7316,0.9992985945234325,-0.013732582161220475,-0.012145630447111625,-0.03265300647291158,-0.0135,0.0,9.6792,0.0,0.0,1.0,0.0,0.0,0.0,0.0231,-0.027,0.0,0.0,0.0
1.7517,0.9992762744630057,-0.013855114726664858,-0.012512103605920663,-0.033142274433138,-0.0135,0.0,9.4188,0.0,0.0,1.0,0.0,0.0,0.0,-0.0192,-0.027,0.0,0.0,0.0
1.7718,0.9992590380151324,-0.013549878476149583,-0.012755885597178164,-0.03369069784058715,-0.0135,0.0,9.6809,0.0,0.0,1.0,0.0,0.0,0.0,0.0077,-0.027,0.0,0.0,0.0
1.7918,0.9992326610244248,-0.013489346416266562,-0.013245340150007464,-0.034302880923031805,-0.0135,0.0,9.3239,0.0,0.0,1.0,0.0,0.0,0.0,-0.0038,-0.027,0.0,0.0,0.0
1.8119,0.9992107388117706,-0.012817047958381457,-0.01348905047285695,-0.03509513131773412,-0.0135,0.0,9.7626,0.0,0.0,1.0,0.0,0.0,0.0,-0.0038,-0.027,0.0,0.0,0.0
1.832,0.9991799104476173,-0.012572659132750165,-0.014220614453737386,-0.035766030319022875,-0.0135,0.0,9.3539,0.0,0.0,1.0,0.0,0.0,0.0,0.0077,-0.027,0.0,0.0,0.0
1.8521,0.9991595576390611,-0.012146164811833341,-0.014771200431054692,-0.03625549195233135,-0.0135,0.0,9.7354,0.0,0.0,1.0,0.0,0.0,0.0,-0.0192,-0.027,0.0,0.0,0.0
1.8721,0.9991356881591152,-0.012023875904447603,-0.015563839369329884,-0.03662062204730344,-0.0135,0.0,9.3864,0.0,0.0,1.0,0.0,0.0,0.0,0.0231,-0.027,0.0,0.0,0.0
1.8922,0.9991202234353873,-0.011596700813675065,-0.015868590602070333,-0.03704704421359256,-0.0135,0.0,9.6937,0.0,0.0,1.0,0.0,0.0,0.0,-0.0308,-0.027,0.0,0.0,0.0
1.9123,0.9990970281218596,-0.011536150430207844,-0.016357213296368737,-0.03747648868953435,-0.0135,0.0,9.3529,0.0,0.0,1.0,0.0,0.0,0.0,0.0385,-0.027,0.0,0.0,0.0
1.9324,0.9990844291997695,-0.011230004824332498,-0.016357007026857235,-0.0379030162828739,-0.0135,0.0,9.5007,0.0,0.0,1.0,0.0,0.0,0.0,-0.0462,-0.027,0.0,0.0,0.0
1.9524,0.9990544494754029,-0.011107671451822641,-0.016417514394672685,-0.03869485546450563,-0.0135,0.0,9.3157,0.0,0.0,1.0,0.0,0.0,0.0,0.0462,-0.027,0.0,0.0,0.0
1.9725,0.9990245914099782,-0.010864017305985949,-0.016357026056149873,-0.03955106300341038,-0.0135,0.0,9.662,0.0,0.0,1.0,0.0,0.0,0.0,-0.0539,-0.027,0.0,0.0,0.0
1.9926,0.9989946395736113,-0.010863691591012128,-0.016845521773029306,-0.04009886163471893,-0.0135,0.0,9.3929,0.0,0.0,1.0,0.0,0.0,0.0,0.0577,-0.027,0.0,0.0,0.0
2.0126,0.9989779501918958,-0.011230179306775417,-0.01715127384599335,-0.04028364318921057,-0.0135,0.0,9.5739,0.0,0.0,1.0,0.0,0.0,0.0,-0.0654,-0.027,0.0,0.0,0.0
2.0327,0.9989536852251244,-0.011657902965632823,-0.01727285622965996,-0.040709661153792376,-0.0135,0.0,9.2879,0.0,0.0,1.0,0.0,0.0,0.0,0.0616,-0.027,0.0,0.0,0.0
2.0528,0.9989206180660833,-0.012024236147152305,-0.01733434043369412,-0.04138281272799865,-0.0135,0.0,9.769,0.0,0.0,1.0,0.0,0.0,0.0,-0.0616,-0.027,0.0,0.0,0.0
2.0728,0.9988724478249427,-0.012328647592938356,-0.01739450278847942,-0.04241778751276282,-0.0135,0.0,9.4707,0.0,0.0,1.0,0.0,0.0,0.0,0.0616,-0.027,0.0,0.0,0.0
2.0929,0.9988227394124751,-0.012938776405888844,-0.017394699403387937,-0.04339525008964773,-0.0135,0.0,9.7451,0.0,0.0,1.0,0.0,0.0,0.0,-0.0654,-0.027,0.0,0.0,0.0
2.113,0.9987793421254303,-0.01330600455788615,-0.01745600597944241,-0.04425001515755761,-0.0135,0.0,9.5608,0.0,0.0,1.0,0.0,0.0,0.0,0.0616,-0.027,0.0,0.0,0.0
2.1331,0.9987434886790478,-0.013855353598962073,-0.017517447058319646,-0.044862144915412294,-0.0135,0.0,9.7421,0.0,0.0,1.0,0.0,0.0,0.0,-0.0616,-0.027,0.0,0.0,0.0
2.1532,0.9987080834222604,-0.014098860006699033,-0.017455826674015063,-0.0455925472931008,-0.0135,0.0,9.5645,0.0,0.0,1.0,0.0,0.0,0.0,0.0539,-0.027,0.0,0.0,0.0
2.1732,0.9986781838457612,-0.014465306836410233,-0.017578372870405746,-0.04608297750677193,-0.0135,0.0,9.7127,0.0,0.0,1.0,0.0,0.0,0.0,-0.05,-0.027,0.0,0.0,0.0
2.1933,0.9986449263544633,-0.014586823644887635,-0.01776078527160138,-0.046691435499218004,-0.0135,0.0,9.7179,0.0,0.0,1.0,0.0,0.0,0.0,0.0385,-0.027,0.0,0.0,0.0
2.2134,0.9986047367746398,-0.015076131900803192,-0.01831116020400686,-0.0471804127805715,-0.0135,0.0,9.5394,0.0,0.0,1.0,0.0,0.0,0.0,-0.0346,-0.027,0.0,0.0,0.0
2.2334,0.9985612165039215,-0.015076395819889258,-0.01861648876247403,-0.04797525955580828,-0.0135,0.0,9.5674,0.0,0.0,1.0,0.0,0.0,0.0,0.0192,-0.027,0.0,0.0,0.0
2.2535,0.9985240478908342,-0.015014835312814142,-0.018920792471112655,-0.04864446645300324,-0.0135,0.0,9.2585,0.0,0.0,1.0,0.0,0.0,0.0,-0.0154,-0.027,0.0,0.0,0.0
2.2736,0.9984994117299981,-0.014526369694944436,-0.018860479997704266,-0.04931725512018992,-0.0135,0.0,9.6723,0.0,0.0,1.0,0.0,0.0,0.0,0.0038,-0.027,0.0,0.0,0.0
2.2937,0.9984411934664046,-0.014465408466728238,-0.019714556689462877,-0.05017241674277373,-0.0135,0.0,9.2841,0.0,0.0,1.0,0.0,0.0,0.0,0.0038,-0.027,0.0,0.0,0.0
2.3137,0.9983900703928119,-0.014342670597882934,-0.020507529012158077,-0.05090183095893713,-0.0135,0.0,9.5962,0.0,0.0,1.0,0.0,0.0,0.0,-0.0154,-0.027,0.0,0.0,0.0
2.3338,0.9983396785811995,-0.014342822982164749,-0.021117739366754183,-0.05163536272098307,-0.0135,0.0,9.7268,0.0,0.0,1.0,0.0,0.0,0.0,0.0192,-0.027,0.0,0.0,0.0
2.3539,0.9982932118233862,-0.01409903123788346,-0.021667048005618913,-0.05236811602705727,-0.0135,0.0,9.6783,0.0,0.0,1.0,0.0,0.0,0.0,-0.0308,-0.027,0.0,0.0,0.0
2.3739,0.9982586604425248,-0.014160406551462234,-0.0224616448836436,-0.0526745123082748,-0.0135,0.0,9.5394,0.0,0.0,1.0,0.0,0.0,0.0,0.0385,-0.027,0.0,0.0,0.0
2.394,0.9982427508312478,-0.01397717853437419,-0.023132295475219566,-0.05273467359459749,-0.0135,0.0,9.6446,0.0,0.0,1.0,0.0,0.0,0.0,-0.0462,-0.027,0.0,0.0,0.0
2.4141,0.9982467581477228,-0.013916233619890913,-0.023682397570153547,-0.05242988017082921,-0.0135,0.0,9.3925,0.0,0.0,1.0,0.0,0.0,0.0,0.0462,-0.027,0.0,0.0,0.0
2.4341,0.9982613894752516,-0.01336660351852885,-0.02392529032575158,-0.052183452129455195,-0.0135,0.0,9.7552,0.0,0.0,1.0,0.0,0.0,0.0,-0.0577,-0.027,0.0,0.0,0.0
2.4542,0.9982604548404065,-0.01342758913743285,-0.024840239928728736,-0.05175641633715001,-0.0135,0.0,9.3203,0.0,0.0,1.0,0.0,0.0,0.0,0.0616,-0.027,0.0,0.0,0.0
2.4743,0.9982599557325811,-0.013245397467194968,-0.02569677110736444,-0.051393542214728916,-0.0135,0.0,9.5499,0.0,0.0,1.0,0.0,0.0,0.0,-0.0654,-0.027,0.0,0.0,0.0
2.4943,0.998261913634619,-0.013305612314267324,-0.02667122288036511,-0.050840518659400265,-0.0135,0.0,9.1245,0.0,0.0,1.0,0.0,0.0,0.0,0.0654,-0.027,0.0,0.0,0.0
2.5144,0.9982945523446435,-0.012878045825409941,-0.02703909621628044,-0.050110178312726635,-0.0135,0.0,9.6285,0.0,0.0,1.0,0.0,0.0,0.0,-0.0693,-0.027,0.0,0.0,0.0
2.5345,0.9983333765191426,-0.012938758633008382,-0.027587485367295415,-0.049010085737875804,-0.0135,0.0,9.2953,0.0,0.0,1.0,0.0,0.0,0.0,0.0654,-0.027,0.0,0.0,0.0
2.5545,0.9983333765191426,-0.012938758633008382,-0.027587485367295415,-0.049010085737875804,-0.0135,0.0,9.2953,0.0,0.0,1.0,0.0,0.0,0.0,-0.0654,-0.027,0.0,0.0,0.0
2.5746,0.9984183726160405,-0.01269506831377459,-0.027710149111830958,-0.04724125421118752,-0.0135,0.0,9.6312,0.0,0.0,1.0,0.0,0.0,0.0,0.0577,-0.027,0.0,0.0,0.0
2.5947,0.9984703637223349,-0.012511954433359155,-0.027770898862597284,-0.04614283195480278,-0.0135,0.0,9.3492,0.0,0.0,1.0,0.0,0.0,0.0,-0.0577,-0.027,0.0,0.0,0.0
2.6147,0.9985137471850861,-0.012084742782908725,-0.027709410220471728,-0.04534803479206678,-0.0135,0.0,9.6679,0.0,0.0,1.0,0.0,0.0,0.0,0.0462,-0.027,0.0,0.0,0.0
2.6348,0.9985472432563167,-0.012146148924765999,-0.027954342750115997,-0.044434544815005195,-0.0135,0.0,9.4522,0.0,0.0,1.0,0.0,0.0,0.0,-0.0462,-0.027,0.0,0.0,0.0
2.6549,0.9985687490262587,-0.011962673538248824,-0.02813623216130631,-0.043882802436889794,-0.0135,0.0,9.6741,0.0,0.0,1.0,0.0,0.0,0.0,0.0346,-0.027,0.0,0.0,0.0
2.675,0.99858476677893,-0.011901866114227196,-0.02844168005552428,-0.04333451252394866,-0.0135,0.0,9.3914,0.0,0.0,1.0,0.0,0.0,0.0,-0.0308,-0.027,0.0,0.0,0.0
2.695,0.9986180112964591,-0.01129224890101664,-0.028259622891766676,-0.04284794444401868,-0.0135,0.0,9.8616,0.0,0.0,1.0,0.0,0.0,0.0,0.0192,-0.027,0.0,0.0,0.0
2.7151,0.9986507779356979,-0.010924931932532887,-0.028258823934228558,-0.04217473723154003,-0.0135,0.0,9.5437,0.0,0.0,1.0,0.0,0.0,0.0,-0.0154,-0.027,0.0,0.0,0.0
2.7352,0.9986901914767835,-0.010192716183870578,-0.027953221642687934,-0.04162484095651892,-0.0135,0.0,9.7814,0.0,0.0,1.0,0.0,0.0,0.0,0.0038,-0.027,0.0,0.0,0.0
2.7552,0.9987191957032908,-0.009644011546164713,-0.027832033321532196,-0.041138049251983055,-0.0135,0.0,9.4654,0.0,0.0,1.0,0.0,0.0,0.0,0.0038,-0.027,0.0,0.0,0.0
2.7753,0.998762968005984,-0.008422864797432062,-0.02728256206438788,-0.04070934653964853,-0.0135,0.0,9.8828,0.0,0.0,1.0,0.0,0.0,0.0,-0.0154,-0.027,0.0,0.0,0.0
2.7954,0.9987847663331976,-0.007874045459613786,-0.026917155402136687,-0.04052723397787251,-0.0135,0.0,9.5208,0.0,0.0,1.0,0.0,0.0,0.0,0.0192,-0.027,0.0,0.0,0.0
2.8155,0.9988086325437344,-0.007202213674476503,-0.02648978589603003,-0.040345196956828755,-0.0135,0.0,9.8133,0.0,0.0,1.0,0.0,0.0,0.0,-0.0308,-0.027,0.0,0.0,0.0
2.8355,0.9988271456178333,-0.007018909670309126,-0.026305661459916224,-0.04003848472567423,-0.0135,0.0,9.5008,0.0,0.0,1.0,0.0,0.0,0.0,0.0385,-0.027,0.0,0.0,0.0
2.8556,0.9988413010930245,-0.006592008586765863,-0.026062033948466623,-0.03991705199604573,-0.0135,0.0,9.8085,0.0,0.0,1.0,0.0,0.0,0.0,-0.0462,-0.027,0.0,0.0,0.0
2.8757,0.9988489229400733,-0.006653059433262893,-0.02594023172987216,-0.03979535550078118,-0.0135,0.0,9.4286,0.0,0.0,1.0,0.0,0.0,0.0,0.0539,-0.027,0.0,0.0,0.0
2.8957,0.9988610024000926,-0.006348133478070346,-0.02545253517388887,-0.03985683804378887,-0.0135,0.0,9.7422,0.0,0.0,1.0,0.0,0.0,0.0,-0.0577,-0.027,0.0,0.0,0.0
2.9158,0.9988676763762194,-0.006409177583892501,-0.025269700166543882,-0.03979610266047778,-0.0135,0.0,9.5084,0.0,0.0,1.0,0.0,0.0,0.0,0.0616,-0.027,0.0,0.0,0.0
2.9359,0.9988783808639309,-0.006041863184819983,-0.024840437499853246,-0.03985509749986516,-0.0135,0.0,9.8585,0.0,0.0,1.0,0.0,0.0,0.0,-0.0693,-0.027,0.0,0.0,0.0
2.956,0.9988749702957096,-0.00610384093987793,-0.02496234950559845,-0.03985496141870498,-0.0135,0.0,9.4492,0.0,0.0,1.0,0.0,0.0,0.0,0.0654,-0.027,0.0,0.0,0.0
2.976,0.9988738235715715,-0.006041835619365112,-0.02502331918884354,-0.03985491566458388,-0.0135,0.0,9.7838,0.0,0.0,1.0,0.0,0.0,0.0,-0.0654,-0.027,0.0,0.0,0.0
2.9961,0.9988738235715715,-0.006041835619365112,-0.02502331918884354,-0.03985491566458388,-0.0135,0.0,9.7838,0.0,0.0,1.0,0.0,0.0,0.0,0.0577,-0.027,0.0,0.0,0.0
3.0162,0.9988792086868827,-0.006408860185818441,-0.025390446088019374,-0.03942813984500476,-0.0135,0.0,9.5336,0.0,0.0,1.0,0.0,0.0,0.0,-0.0616,-0.027,0.0,0.0,0.0
3.0362,0.9988934564740022,-0.0060419543718706024,-0.02539080825159989,-0.0391237045423809,-0.0135,0.0,9.8214,0.0,0.0,1.0,0.0,0.0,0.0,0.0577,-0.027,0.0,0.0,0.0
3.0564,0.9989029955634495,-0.005920011826733195,-0.02551305096882503,-0.038818077549008456,-0.0135,0.0,9.5874,0.0,0.0,1.0,0.0,0.0,0.0,-0.0539,-0.027,0.0,0.0,0.0
3.0764,0.9989191719569557,-0.005554101038089787,-0.025330460802091184,-0.03857470173627581,-0.0135,0.0,9.5604,0.0,0.0,1.0,0.0,0.0,0.0,0.0462,-0.027,0.0,0.0,0.0
3.0965,0.9989385304576714,-0.005309875247236863,-0.02526840633190742,-0.038146103777089435,-0.0135,0.0,9.5543,0.0,0.0,1.0,0.0,0.0,0.0,-0.0423,-0.027,0.0,0.0,0.0
3.1166,0.998967522541488,-0.004578025308465114,-0.024902137665224644,-0.03772020852671565,-0.0135,0.0,9.6985,0.0,0.0,1.0,0.0,0.0,0.0,0.0269,-0.027,0.0,0.0,0.0
3.1367,0.9989897062698165,-0.004211116792332636,-0.024719685582918663,-0.03729303429581304,-0.0135,0.0,9.2107,0.0,0.0,1.0,0.0,0.0,0.0,-0.0231,-0.027,0.0,0.0,0.0
3.1567,0.9990124961840856,-0.003600962138768467,-0.02435274395041059,-0.036986611115420516,-0.0135,0.0,9.6184,0.0,0.0,1.0,0.0,0.0,0.0,0.0115,-0.027,0.0,0.0,0.0
3.1768,0.999017444821598,-0.003478980654633911,-0.02453586356484558,-0.03674279568646571,-0.0135,0.0,9.2481,0.0,0.0,1.0,0.0,0.0,0.0,-0.0077,-0.027,0.0,0.0,0.0
3.1969,0.9990229273395665,-0.0031739997691502394,-0.024352998228769965,-0.036742997327626696,-0.0135,0.0,9.5395,0.0,0.0,1.0,0.0,0.0,0.0,-0.0038,-0.027,0.0,0.0,0.0
3.2169,0.999024567737017,-0.00286900450223618,-0.024231038024986072,-0.036804057755420234,-0.0135,0.0,9.1557,0.0,0.0,1.0,0.0,0.0,0.0,0.0115,-0.027,0.0,0.0,0.0
3.237,0.9990362387554936,-0.002319030730697877,-0.0238043154435241,-0.03680448771565531,-0.0135,0.0,9.6499,0.0,0.0,1.0,0.0,0.0,0.0,-0.0231,-0.027,0.0,0.0,0.0
3.2571,0.9990374234556615,-0.0020750299579394022,-0.02368234191032336,-0.03686553224069217,-0.0135,0.0,9.3196,0.0,0.0,1.0,0.0,0.0,0.0,0.0308,-0.027,0.0,0.0,0.0
3.2771,0.99903985061259,-0.001892031912537567,-0.023499396359788767,-0.03692662283422948,-0.0135,0.0,9.6486,0.0,0.0,1.0,0.0,0.0,0.0,-0.0385,-0.027,0.0,0.0,0.0
3.2972,0.9990387458308954,-0.0017090269359414118,-0.02356037133456977,-0.036926581999164876,-0.0135,0.0,9.263,0.0,0.0,1.0,0.0,0.0,0.0,0.0423,-0.027,0.0,0.0,0.0
3.3173,0.9990427240799139,-0.0015260301283813729,-0.023499463949432496,-0.03686572783930509,-0.0135,0.0,9.6439,0.0,0.0,1.0,0.0,0.0,0.0,-0.05,-0.027,0.0,0.0,0.0
3.3373,0.9990412901008574,-0.0015260279379893191,-0.02356043133619166,-0.036865674923968805,-0.0135,0.0,9.4159,0.0,0.0,1.0,0.0,0.0,0.0,0.0539,-0.027,0.0,0.0,0.0
3.3574,0.9990362295835984,-0.001343017784706425,-0.02349931118601372,-0.037048490608938,-0.0135,0.0,9.6251,0.0,0.0,1.0,0.0,0.0,0.0,-0.0616,-0.027,0.0,0.0,0.0
3.3775,0.9990247694827306,-0.0015870028109153532,-0.023682041945871153,-0.03723106594403886,-0.0135,0.0,9.3168,0.0,0.0,1.0,0.0,0.0,0.0,0.0616,-0.027,0.0,0.0,0.0
3.3975,0.9990200345223221,-0.0015259954702554984,-0.02349893024609048,-0.037475888757074145,-0.0135,0.0,9.7648,0.0,0.0,1.0,0.0,0.0,0.0,-0.0654,-0.027,0.0,0.0,0.0
3.4176,0.9990097836814948,-0.0018309757772551928,-0.023620687512039853,-0.037658501799919974,-0.0135,0.0,9.4264,0.0,0.0,1.0,0.0,0.0,0.0,0.0654,-0.027,0.0,0.0,0.0
3.4377,0.9990032153628063,-0.001952961322815949,-0.02349853462614033,-0.03790224936953046,-0.0135,0.0,9.8431,0.0,0.0,1.0,0.0,0.0,0.0,-0.0693,-0.027,0.0,0.0,0.0
3.4578,0.9989869951756043,-0.002441061076621183,-0.02374359407710641,-0.03814795448171582,-0.0135,0.0,9.4703,0.0,0.0,1.0,0.0,0.0,0.0,0.0616,-0.027,0.0,0.0,0.0
3.4778,0.9989771918813445,-0.0026860408477932967,-0.02343835643729687,-0.03857458662054309,-0.0135,0.0,9.8544,0.0,0.0,1.0,0.0,0.0,0.0,-0.0616,-0.027,0.0,0.0,0.0
3.4979,0.9989771918813445,-0.0026860408477932967,-0.02343835643729687,-0.03857458662054309,-0.0135,0.0,9.8544,0.0,0.0,1.0,0.0,0.0,0.0,0.0539,-0.027,0.0,0.0,0.0
3.518,0.9989735496545064,-0.0029910345809116123,-0.02325426885473711,-0.038757448095082414,-0.0135,0.0,9.4325,0.0,0.0,1.0,0.0,0.0,0.0,-0.05,-0.027,0.0,0.0,0.0
3.538,0.9989754855333232,-0.003113042024086233,-0.022949309801077757,-0.038879524848843106,-0.0135,0.0,9.8096,0.0,0.0,1.0,0.0,0.0,0.0,0.0385,-0.027,0.0,0.0,0.0
3.5581,0.9989806945611891,-0.0037840708137241844,-0.022827427184165434,-0.03875772529796729,-0.0135,0.0,9.354,0.0,0.0,1.0,0.0,0.0,0.0,-0.0346,-0.027,0.0,0.0,0.0
3.5782,0.9989906257522536,-0.003967113676355242,-0.02246164363111046,-0.03869710885309868,-0.0135,0.0,9.7743,0.0,0.0,1.0,0.0,0.0,0.0,0.0192,-0.027,0.0,0.0,0.0
3.5982,0.9989873017806964,-0.004517114406897762,-0.022400567348795652,-0.03875798164005679,-0.0135,0.0,9.3604,0.0,0.0,1.0,0.0,0.0,0.0,-0.0154,-0.027,0.0,0.0,0.0
3.6183,0.9989898702536226,-0.004761132828153117,-0.021912611327555384,-0.03894108639535454,-0.0135,0.0,9.6644,0.0,0.0,1.0,0.0,0.0,0.0,0.0038,-0.027,0.0,0.0,0.0
3.6384,0.9989877184976509,-0.005249135136666027,-0.021790560988369744,-0.03900200408937166,-0.0135,0.0,9.3666,0.0,0.0,1.0,0.0,0.0,0.0,0.0038,-0.027,0.0,0.0,0.0
3.6585,0.9989980447256547,-0.005309867357901895,-0.021300467907847138,-0.0390000257675201,-0.0135,0.0,9.6645,0.0,0.0,1.0,0.0,0.0,0.0,-0.0154,-0.027,0.0,0.0,0.0
3.6785,0.9989965905560324,-0.005614851565952054,-0.021178440127390674,-0.0390609673854353,-0.0135,0.0,9.3763,0.0,0.0,1.0,0.0,0.0,0.0,0.0231,-0.027,0.0,0.0,0.0
3.6986,0.9989974980177718,-0.005736853552048306,-0.020873467151029525,-0.03918399972756026,-0.0135,0.0,9.5069,0.0,0.0,1.0,0.0,0.0,0.0,-0.0308,-0.027,0.0,0.0,0.0
3.7187,0.998992919703637,-0.005919821750495764,-0.020812373326531824,-0.039305816477489375,-0.0135,0.0,9.3313,0.0,0.0,1.0,0.0,0.0,0.0,0.0385,-0.027,0.0,0.0,0.0
3.7387,0.99899231337818,-0.006042183343741764,-0.020569624163757766,-0.03943019646812213,-0.0135,0.0,9.6989,0.0,0.0,1.0,0.0,0.0,0.0,-0.0462,-0.027,0.0,0.0,0.0
3.7588,0.998984795595641,-0.006104139288897666,-0.020447466585860195,-0.03967390530937709,-0.0135,0.0,9.518,0.0,0.0,1.0,0.0,0.0,0.0,0.0539,-0.027,0.0,0.0,0.0
3.7789,0.9989768284056233,-0.006226092417582857,-0.020325301700509422,-0.03991759252050353,-0.0135,0.0,9.8223,0.0,0.0,1.0,0.0,0.0,0.0,-0.0577,-0.027,0.0,0.0,0.0
3.799,0.9989674462779744,-0.006165033611192127,-0.020325110810621258,-0.04016121895524533,-0.0135,0.0,9.4691,0.0,0.0,1.0,0.0,0.0,0.0,0.0616,-0.027,0.0,0.0,0.0
3.819,0.9989678425254658,-0.006104035699831864,-0.020081117445662478,-0.04028323559900504,-0.0135,0.0,9.9214,0.0,0.0,1.0,0.0,0.0,0.0,-0.0654,-0.027,0.0,0.0,0.0
3.8391,0.9989675169806739,-0.005737031683805915,-0.019836109548540034,-0.040466223482114316,-0.0135,0.0,9.6553,0.0,0.0,1.0,0.0,0.0,0.0,0.0654,-0.027,0.0,0.0,0.0
3.8592,0.998966535032159,-0.00567602576758929,-0.019653089219596964,-0.04058818425914623,-0.0135,0.0,9.8566,0.0,0.0,1.0,0.0,0.0,0.0,-0.0693,-0.027,0.0,0.0,0.0
3.8792,0.9989628398933452,-0.005432004567041237,-0.019531016421001923,-0.040771034278873027,-0.0135,0.0,9.662,0.0,0.0,1.0,0.0,0.0,0.0,-0.0616,-0.027,0.0,0.0,0.0
3.8993,0.9989660607863103,-0.005493022329076781,-0.019348078649731953,-0.04077116573435091,-0.0135,0.0,9.671,0.0,0.0,1.0,0.0,0.0,0.0,0.0539,-0.027,0.0,0.0,0.0
3.9194,0.99897389185549,-0.005371063937522982,-0.01910422741806723,-0.040710484620473164,-0.0135,0.0,9.405,0.0,0.0,1.0,0.0,0.0,0.0,-0.05,-0.027,0.0,0.0,0.0
3.9394,0.998980313501943,-0.005249096227455793,-0.018799344633252342,-0.040710746317341395,-0.0135,0.0,9.8214,0.0,0.0,1.0,0.0,0.0,0.0,0.0385,-0.027,0.0,0.0,0.0
3.9595,0.9989717812518168,-0.005188050797862606,-0.018738183471540003,-0.04095540100741391,-0.0135,0.0,9.5059,0.0,0.0,1.0,0.0,0.0,0.0,-0.0346,-0.027,0.0,0.0,0.0
3.9796,0.9989600783153323,-0.0052489899025960724,-0.018676964071401576,-0.04125992062890338,-0.0135,0.0,9.8872,0.0,0.0,1.0,0.0,0.0,0.0,0.0192,-0.027,0.0,0.0,0.0
3.9997,0.998949229387815,-0.005126934457037729,-0.018615762015255402,-0.04156446863795071,-0.0135,0.0,9.581,0.0,0.0,1.0,0.0,0.0,0.0,-0.0154,-0.027,0.0,0.0,0.0
4.0197,0.9989472285536737,-0.005187923286107437,-0.01843272743500741,-0.04168638358287597,-0.0135,0.0,9.7896,0.0,0.0,1.0,0.0,0.0,0.0,0.0038,-0.027,0.0,0.0,0.0
4.0398,0.9989432621713438,-0.005187902687134175,-0.018371655390907692,-0.041808215776097335,-0.0135,0.0,9.6302,0.0,0.0,1.0,0.0,0.0,0.0,0.0038,-0.027,0.0,0.0,0.0
4.0599,0.998938626371256,-0.005370874329794342,-0.018432568706218424,-0.04186902032926632,-0.0135,0.0,9.5675,0.0,0.0,1.0,0.0,0.0,0.0,-0.0154,-0.027,0.0,0.0,0.0
4.0799,0.9989277831942249,-0.0052491407396593704,-0.01849449587335882,-0.04211512918841964,-0.0135,0.0,9.6293,0.0,0.0,1.0,0.0,0.0,0.0,0.0231,-0.027,0.0,0.0,0.0
4.1,0.9989200302516513,-0.0053711023239356205,-0.018738356981177758,-0.042175803483892216,-0.0135,0.0,9.4593,0.0,0.0,1.0,0.0,0.0,0.0,-0.0308,-0.027,0.0,0.0,0.0
4.1201,0.9989129172470328,-0.005310063350203614,-0.018860225006561246,-0.04229750461837323,-0.0135,0.0,9.7023,0.0,0.0,1.0,0.0,0.0,0.0,0.0385,-0.027,0.0,0.0,0.0
4.1401,0.9989028812280759,-0.005615010574717259,-0.019165036093402726,-0.04235807977272904,-0.0135,0.0,9.2691,0.0,0.0,1.0,0.0,0.0,0.0,-0.0462,-0.027,0.0,0.0,0.0
4.1602,0.9988949191133354,-0.005431966932282214,-0.019225882960246295,-0.042541741022302904,-0.0135,0.0,9.5902,0.0,0.0,1.0,0.0,0.0,0.0,0.0539,-0.027,0.0,0.0,0.0
4.1803,0.9988857519820367,-0.005553915219334279,-0.019530701863308936,-0.0426023496739823,-0.0135,0.0,9.2508,0.0,0.0,1.0,0.0,0.0,0.0,-0.0577,-0.027,0.0,0.0,0.0
4.2003,0.9988865254305213,-0.005370922171553865,-0.019408718753991624,-0.042663381777541365,-0.0135,0.0,9.6582,0.0,0.0,1.0,0.0,0.0,0.0,0.0616,-0.027,0.0,0.0,0.0
4.2204,0.9988764158133457,-0.005614861807918836,-0.019591517816695613,-0.042784946983724925,-0.0135,0.0,9.3197,0.0,0.0,1.0,0.0,0.0,0.0,-0.0654,-0.027,0.0,0.0,0.0
4.2405,0.9988711946506428,-0.0056148324588356155,-0.019591415411132223,-0.042906719705025576,-0.0135,0.0,9.7743,0.0,0.0,1.0,0.0,0.0,0.0,0.0654,-0.027,0.0,0.0,0.0
4.2606,0.9988543190259005,-0.006104087504839707,-0.019897285236532725,-0.043091617737720855,-0.0135,0.0,9.4406,0.0,0.0,1.0,0.0,0.0,0.0,-0.0654,-0.027,0.0,0.0,0.0
4.2806,0.9988505590638883,-0.006287066461930502,-0.019897210337685902,-0.04315245617388663,-0.0135,0.0,9.8864,0.0,0.0,1.0,0.0,0.0,0.0,0.0616,-0.027,0.0,0.0,0.0
4.3007,0.9988489970360185,-0.006531058827882578,-0.019897179221923095,-0.04315238869097971,-0.0135,0.0,9.4522,0.0,0.0,1.0,0.0,0.0,0.0,-0.0616,-0.027,0.0,0.0,0.0
4.3208,0.9988530133805555,-0.0066530866785679725,-0.019653256048984883,-0.04315256220555614,-0.0135,0.0,9.7392,0.0,0.0,1.0,0.0,0.0,0.0,0.05,-0.027,0.0,0.0,0.0
4.3408,0.9988526061443124,-0.006714084735946608,-0.019653248036276254,-0.04315254461208945,-0.0135,0.0,9.4436,0.0,0.0,1.0,0.0,0.0,0.0,-0.05,-0.027,0.0,0.0,0.0
4.3609,0.9988610222378076,-0.00677514259106678,-0.019470409778312957,-0.04303090563743228,-0.0135,0.0,9.7788,0.0,0.0,1.0,0.0,0.0,0.0,0.0385,-0.027,0.0,0.0,0.0
4.381,0.9988717853703128,-0.006713803637173531,-0.019347434133457485,-0.04284574686356485,-0.0135,0.0,9.4788,0.0,0.0,1.0,0.0,0.0,0.0,-0.0346,-0.027,0.0,0.0,0.0
4.401,0.9988807774328485,-0.0067138640763039995,-0.019286609538229863,-0.042663136275161384,-0.0135,0.0,9.6035,0.0,0.0,1.0,0.0,0.0,0.0,0.0192,-0.027,0.0,0.0,0.0
4.4211,0.998882426822476,-0.006713875162489678,-0.01946963798237624,-0.04254120899056241,-0.0135,0.0,9.466,0.0,0.0,1.0,0.0,0.0,0.0,-0.0154,-0.027,0.0,0.0,0.0
4.4412,0.9988854183191002,-0.006835893366439081,-0.01940869724242484,-0.04247933736195608,-0.0135,0.0,9.4564,0.0,0.0,1.0,0.0,0.0,0.0,0.0038,-0.027,0.0,0.0,0.0
4.4612,0.9988863762391893,-0.0066529026010779075,-0.019286717641212932,-0.04254137719150114,-0.0135,0.0,9.5338,0.0,0.0,1.0,0.0,0.0,0.0,0.0038,-0.027,0.0,0.0,0.0
4.4813,0.9988867313715442,-0.006774903223685038,-0.019225725369530423,-0.04254139231616366,-0.0135,0.0,9.2841,0.0,0.0,1.0,0.0,0.0,0.0,-0.0154,-0.027,0.0,0.0,0.0
4.5014,0.9988872910477433,-0.006652908693995336,-0.019103737816035915,-0.04260241531493809,-0.0135,0.0,9.587,0.0,0.0,1.0,0.0,0.0,0.0,0.0231,-0.027,0.0,0.0,0.0
4.5215,0.9988802846678201,-0.006957855704137536,-0.01922560128883995,-0.04266311522870415,-0.0135,0.0,9.3136,0.0,0.0,1.0,0.0,0.0,0.0,-0.0308,-0.027,0.0,0.0,0.0
4.5415,0.9988786687996835,-0.006774848539662943,-0.019103572915383157,-0.04278504348605444,-0.0135,0.0,9.703,0.0,0.0,1.0,0.0,0.0,0.0,0.0385,-0.027,0.0,0.0,0.0
4.5616,0.9988766699425627,-0.006896832010973913,-0.0191645332014376,-0.04278495786886044,-0.0135,0.0,9.3554,0.0,0.0,1.0,0.0,0.0,0.0,-0.0462,-0.027,0.0,0.0,0.0
4.5817,0.9988757681104623,-0.0067748288658719714,-0.018981520521325724,-0.042906916158942425,-0.0135,0.0,9.7046,0.0,0.0,1.0,0.0,0.0,0.0,0.0539,-0.027,0.0,0.0,0.0
4.6017,0.9988702939454406,-0.00695821103006725,-0.018921573857416284,-0.043031305062344705,-0.0135,0.0,9.4019,0.0,0.0,1.0,0.0,0.0,0.0,-0.0577,-0.027,0.0,0.0,0.0
4.6218,0.9988692432790859,-0.006897201925129002,-0.018860552168759325,-0.04309226158557839,-0.0135,0.0,9.5468,0.0,0.0,1.0,0.0,0.0,0.0,0.0616,-0.027,0.0,0.0,0.0
4.6419,0.9988686798478608,-0.007141205040640715,-0.018799539778603113,-0.043092237278567314,-0.0135,0.0,9.3357,0.0,0.0,1.0,0.0,0.0,0.0,-0.0654,-0.027,0.0,0.0,0.0
4.6619,0.9988713967145196,-0.007080222546893194,-0.018677587077446926,-0.043092354487030304,-0.0135,0.0,9.6269,0.0,0.0,1.0,0.0,0.0,0.0,0.0654,-0.027,0.0,0.0,0.0
4.682,0.9988727392239539,-0.0073237927903528335,-0.018798468141158244,-0.042967784326689074,-0.0135,0.0,9.2565,0.0,0.0,1.0,0.0,0.0,0.0,-0.0654,-0.027,0.0,0.0,0.0
4.7021,0.9988754669417959,-0.007262814349368214,-0.018676522594403167,-0.042967901662949615,-0.0135,0.0,9.6325,0.0,0.0,1.0,0.0,0.0,0.0,0.0616,-0.027,0.0,0.0,0.0
4.7221,0.9988761531473529,-0.0075678117521347605,-0.018798532390113826,-0.042845934215607624,-0.0135,0.0,9.3663,0.0,0.0,1.0,0.0,0.0,0.0,-0.0616,-0.027,0.0,0.0,0.0
4.7422,0.9988824118947336,-0.007384862575813425,-0.01867665244799829,-0.04278520381432006,-0.0135,0.0,9.6745,0.0,0.0,1.0,0.0,0.0,0.0,0.05,-0.027,0.0,0.0,0.0
4.7623,0.9988722373012029,-0.00762878032795129,-0.018981453425766348,-0.042845766248752026,-0.0135,0.0,9.4054,0.0,0.0,1.0,0.0,0.0,0.0,-0.05,-0.027,0.0,0.0,0.0
4.7823,0.9988759206750699,-0.007445813053892796,-0.01885952648353723,-0.042845924243908824,-0.0135,0.0,9.7069,0.0,0.0,1.0,0.0,0.0,0.0,0.0346,-0.027,0.0,0.0,0.0
4.8024,0.9988821293035568,-0.007506858181823621,-0.018920642554720236,-0.042663194014829264,-0.0135,0.0,9.5311,0.0,0.0,1.0,0.0,0.0,0.0,-0.0308,-0.027,0.0,0.0,0.0
4.8225,0.9988943029006354,-0.007384950487506957,-0.01873787437168659,-0.04247971519421739,-0.0135,0.0,9.782,0.0,0.0,1.0,0.0,0.0,0.0,0.0192,-0.027,0.0,0.0,0.0
4.8425,0.9988888379476665,-0.007689906370919192,-0.019042768143226817,-0.04241848353030181,-0.0135,0.0,9.4914,0.0,0.0,1.0,0.0,0.0,0.0,-0.0154,-0.027,0.0,0.0,0.0
4.8626,0.998889996395288,-0.007689915289182576,-0.018981790899774205,-0.04241853272455609,-0.0135,0.0,9.7051,0.0,0.0,1.0,0.0,0.0,0.0,0.0038,-0.027,0.0,0.0,0.0
4.8827,0.9988925791767673,-0.007689935172624049,-0.018981839980071497,-0.04235764291833665,-0.0135,0.0,9.4767,0.0,0.0,1.0,0.0,0.0,0.0,0.0038,-0.027,0.0,0.0,0.0
4.9028,0.9989032601385541,-0.007568017123547355,-0.018738042397070616,-0.04223609556423702,-0.0135,0.0,9.8449,0.0,0.0,1.0,0.0,0.0,0.0,-0.0154,-0.027,0.0,0.0,0.0
4.9228,0.9989003053399967,-0.0076899946521873245,-0.018981986799456417,-0.042174970670481204,-0.0135,0.0,9.3946,0.0,0.0,1.0,0.0,0.0,0.0,0.0154,-0.027,0.0,0.0,0.0
4.9429,0.998902402898477,-0.007751010885829619,-0.018982026659117263,-0.0421140591466686,-0.0135,0.0,9.773,0.0,0.0,1.0,0.0,0.0,0.0,-0.0308,-0.027,0.0,0.0,0.0
4.963,0.9989117099377592,-0.007690082450033951,-0.01892120286568173,-0.0419314495724803,-0.0135,0.0,9.4829,0.0,0.0,1.0,0.0,0.0,0.0,0.0346,-0.027,0.0,0.0,0.0
4.983,0.9989269495922825,-0.007629198187247305,-0.018677485193763003,-0.04168808295081644,-0.0135,0.0,9.782,0.0,0.0,1.0,0.0,0.0,0.0,-0.0462,-0.027,0.0,0.0,0.0
5.0031,0.9989337521766508,-0.007567785998339167,-0.01861547359210914,-0.041563824659218755,-0.0135,0.0,9.5113,0.0,0.0,1.0,0.0,0.0,0.0,0.0462,-0.027,0.0,0.0,0.0
5.0232,0.9989337521766508,-0.007567785998339167,-0.01861547359210914,-0.041563824659218755,-0.0135,0.0,9.5113,0.0,0.0,1.0,0.0,0.0,0.0,-0.0577,-0.027,0.0,0.0,0.0
5.0432,0.9989343936947013,-0.007445794229861338,-0.018493488918487195,-0.041624849665888745,-0.0135,0.0,9.6653,0.0,0.0,1.0,0.0,0.0,0.0,0.0577,-0.027,0.0,0.0,0.0
5.0633,0.9989348846212076,-0.00756779457758483,-0.018554496351359216,-0.04156387177818627,-0.0135,0.0,9.3242,0.0,0.0,1.0,0.0,0.0,0.0,-0.0654,-0.027,0.0,0.0,0.0
5.0834,0.9989546419319921,-0.007323946053513456,-0.01812686648170924,-0.04132069564134755,-0.0135,0.0,9.8184,0.0,0.0,1.0,0.0,0.0,0.0,0.0616,-0.027,0.0,0.0,0.0
5.1039,0.9989582607184244,-0.007323972585045014,-0.018065932375945285,-0.0412598455569303,-0.0135,0.0,9.442,0.0,0.0,1.0,0.0,0.0,0.0,-0.0693,-0.027,0.0,0.0,0.0
5.124,0.9989625192578556,-0.007385003838703836,-0.017944009327244645,-0.041199021415133326,-0.0135,0.0,9.7414,0.0,0.0,1.0,0.0,0.0,0.0,0.0577,-0.027,0.0,0.0,0.0
5.1441,0.9989553430851681,-0.0075679495681202575,-0.018126879204719348,-0.04125972505029624,-0.0135,0.0,9.3818,0.0,0.0,1.0,0.0,0.0,0.0,-0.0616,-0.027,0.0,0.0,0.0
5.1641,0.9989518972939226,-0.007689922229464444,-0.018126816677958655,-0.041320582112314756,-0.0135,0.0,9.711,0.0,0.0,1.0,0.0,0.0,0.0,0.0539,-0.027,0.0,0.0,0.0
5.1842,0.9989512576006582,-0.007628917961079018,-0.01818780441422273,-0.0413205556520837,-0.0135,0.0,9.4397,0.0,0.0,1.0,0.0,0.0,0.0,-0.0539,-0.027,0.0,0.0,0.0
5.2043,0.9989548800673684,-0.00762894562559332,-0.018126870802874576,-0.04125970592633116,-0.0135,0.0,9.6729,0.0,0.0,1.0,0.0,0.0,0.0,0.0385,-0.027,0.0,0.0,0.0
5.2244,0.9989597169396139,-0.00750698284325698,-0.018187958432550687,-0.041137905981871115,-0.0135,0.0,9.3099,0.0,0.0,1.0,0.0,0.0,0.0,-0.0346,-0.027,0.0,0.0,0.0
5.2444,0.9989631354101575,-0.007568008601712647,-0.018250020742766365,-0.04101604661837294,-0.0135,0.0,9.4761,0.0,0.0,1.0,0.0,0.0,0.0,0.0231,-0.027,0.0,0.0,0.0
5.2645,0.9989613351564891,-0.007323995125626522,-0.018310987813400785,-0.04107697266184602,-0.0135,0.0,9.4961,0.0,0.0,1.0,0.0,0.0,0.0,-0.0192,-0.027,0.0,0.0,0.0
5.2848,0.9989581960853162,-0.007445971646620454,-0.01843292980958298,-0.04107684358423691,-0.0135,0.0,9.4163,0.0,0.0,1.0,0.0,0.0,0.0,0.0038,-0.027,0.0,0.0,0.0
5.3049,0.9989577125586192,-0.00732396856615099,-0.018371921149279907,-0.0411378234399672,-0.0135,0.0,9.5405,0.0,0.0,1.0,0.0,0.0,0.0,0.0,-0.027,0.0,0.0,0.0
5.3249,0.9989584025669683,-0.007567972746337512,-0.018371933839285516,-0.04107685207469686,-0.0135,0.0,9.4001,0.0,0.0,1.0,0.0,0.0,0.0,-0.0115,-0.027,0.0,0.0,0.0
5.345,0.998960624403697,-0.007384989830665532,-0.018187974954657377,-0.04113794335191856,-0.0135,0.0,9.7821,0.0,0.0,1.0,0.0,0.0,0.0,0.0154,-0.027,0.0,0.0,0.0
5.3651,0.9989558192352227,-0.007689952420531371,-0.01818788746744144,-0.04119874509407967,-0.0135,0.0,9.4054,0.0,0.0,1.0,0.0,0.0,0.0,-0.0308,-0.027,0.0,0.0,0.0
5.3851,0.9989509469860873,-0.007628915588938176,-0.01806580010876355,-0.041381542128908155,-0.0135,0.0,9.7525,0.0,0.0,1.0,0.0,0.0,0.0,0.0346,-0.027,0.0,0.0,0.0
5.4052,0.9989504669386919,-0.007873909094315158,-0.01812679072296811,-0.04132052294719285,-0.0135,0.0,9.4436,0.0,0.0,1.0,0.0,0.0,0.0,-0.0462,-0.027,0.0,0.0,0.0
5.4253,0.9989598897853722,-0.007689983755587807,-0.017821962352676985,-0.041259912842074475,-0.0135,0.0,9.8238,0.0,0.0,1.0,0.0,0.0,0.0,0.0462,-0.027,0.0,0.0,0.0
5.4453,0.998960503475373,-0.007750988388384755,-0.017760973392607626,-0.0412599381892344,-0.0135,0.0,9.4829,0.0,0.0,1.0,0.0,0.0,0.0,-0.0577,-0.027,0.0,0.0,0.0
5.4654,0.9989708430818859,-0.007568066993983465,-0.017395153985246093,-0.0411993647046941,-0.0135,0.0,9.7443,0.0,0.0,1.0,0.0,0.0,0.0,0.0577,-0.027,0.0,0.0,0.0
5.4855,0.998969318165351,-0.00762905588829551,-0.017456127878632384,-0.04119930181437759,-0.0135,0.0,9.4927,0.0,0.0,1.0,0.0,0.0,0.0,-0.0654,-0.027,0.0,0.0,0.0
5.5056,0.9989699801966716,-0.007629060944180462,-0.01727313798516571,-0.04126032960504478,-0.0135,0.0,9.7485,0.0,0.0,1.0,0.0,0.0,0.0,0.0616,-0.027,0.0,0.0,0.0
5.5256,0.9989623648745668,-0.007690002808800954,-0.01739500635358812,-0.04138201511492862,-0.0135,0.0,9.3724,0.0,0.0,1.0,0.0,0.0,0.0,-0.0693,-0.027,0.0,0.0,0.0
5.5457,0.9989638897592596,-0.007629014431953757,-0.017334032791124193,-0.04138207828327578,-0.0135,0.0,9.7472,0.0,0.0,1.0,0.0,0.0,0.0,0.0577,-0.027,0.0,0.0,0.0
5.5658,0.99896223279419,-0.007568001763617062,-0.01745600406787784,-0.04138200964349914,-0.0135,0.0,9.4375,0.0,0.0,1.0,0.0,0.0,0.0,-0.0616,-0.027,0.0,0.0,0.0
5.5858,0.9989636870522982,-0.007568012780878342,-0.017517029582802057,-0.04132106978312294,-0.0135,0.0,9.7487,0.0,0.0,1.0,0.0,0.0,0.0,0.0539,-0.027,0.0,0.0,0.0
5.6059,0.9989628186099073,-0.007446006101702933,-0.01776101455443807,-0.041260033810940566,-0.0135,0.0,9.3947,0.0,0.0,1.0,0.0,0.0,0.0,-0.0539,-0.027,0.0,0.0,0.0
5.626,0.9989645760632427,-0.0074460192012978516,-0.017944046272910113,-0.04113810608420504,-0.0135,0.0,9.7,0.0,0.0,1.0,0.0,0.0,0.0,0.0385,-0.027,0.0,0.0,0.0
5.646,0.9989759890868865,-0.007141099999869316,-0.01812725384366772,-0.040833571809923586,-0.0135,0.0,9.4538,0.0,0.0,1.0,0.0,0.0,0.0,-0.0346,-0.027,0.0,0.0,0.0
5.6661,0.998986710293336,-0.00683616909508594,-0.01806644688002087,-0.04065000549241494,-0.0135,0.0,9.6644,0.0,0.0,1.0,0.0,0.0,0.0,0.0231,-0.027,0.0,0.0,0.0
5.6862,0.998980019249625,-0.006836123307583705,-0.018433332493957066,-0.04064973322556603,-0.0135,0.0,9.3653,0.0,0.0,1.0,0.0,0.0,0.0,-0.0192,-0.027,0.0,0.0,0.0
5.7062,0.9989810662305901,-0.006714128143685323,-0.018555354141507486,-0.0405887746642687,-0.0135,0.0,9.6935,0.0,0.0,1.0,0.0,0.0,0.0,0.0077,-0.027,0.0,0.0,0.0
5.7263,0.9989742149195071,-0.006714082096185409,-0.018921231358642265,-0.04058849629430655,-0.0135,0.0,9.4275,0.0,0.0,1.0,0.0,0.0,0.0,0.0,-0.027,0.0,0.0,0.0
5.7464,0.998971901442485,-0.006714066547361005,-0.019043188749090802,-0.0405884022973323,-0.0135,0.0,9.8113,0.0,0.0,1.0,0.0,0.0,0.0,-0.0115,-0.027,0.0,0.0,0.0
5.7665,0.9989647547440111,-0.006714018514569412,-0.019287053185954764,-0.040649112093942785,-0.0135,0.0,9.5387,0.0,0.0,1.0,0.0,0.0,0.0,0.0154,-0.027,0.0,0.0,0.0
5.7865,0.9989684033780194,-0.006714043036952377,-0.019226123239268166,-0.04058826017036382,-0.0135,0.0,9.8481,0.0,0.0,1.0,0.0,0.0,0.0,-0.0308,-0.027,0.0,0.0,0.0
5.8066,0.9989696140630312,-0.006531049779116377,-0.019226146540084445,-0.04058830936070679,-0.0135,0.0,9.6545,0.0,0.0,1.0,0.0,0.0,0.0,0.0346,-0.027,0.0,0.0,0.0
5.8267,0.9989776516484251,-0.006592103282874036,-0.019043298364042838,-0.040466634017715664,-0.0135,0.0,9.7475,0.0,0.0,1.0,0.0,0.0,0.0,-0.0462,-0.027,0.0,0.0,0.0
5.8468,0.9989816742617033,-0.00653112862611709,-0.01898237384488664,-0.04040579576454767,-0.0135,0.0,9.6937,0.0,0.0,1.0,0.0,0.0,0.0,0.0462,-0.027,0.0,0.0,0.0
5.8668,0.9989756784622321,-0.006714091932621483,-0.019104261584867575,-0.04046655408779587,-0.0135,0.0,9.6284,0.0,0.0,1.0,0.0,0.0,0.0,-0.0577,-0.027,0.0,0.0,0.0
5.8869,0.9989673545782689,-0.0066530356610253645,-0.019043102073185943,-0.04071021821138465,-0.0135,0.0,9.7765,0.0,0.0,1.0,0.0,0.0,0.0,0.0577,-0.027,0.0,0.0,0.0
5.907,0.9989671035456653,-0.006836034924089369,-0.01886009635288554,-0.0407712082928684,-0.0135,0.0,9.5291,0.0,0.0,1.0,0.0,0.0,0.0,-0.0654,-0.027,0.0,0.0,0.0
5.927,0.9989762905664403,-0.006653095173929062,-0.018433263691723205,-0.04077158324609376,-0.0135,0.0,9.5847,0.0,0.0,1.0,0.0,0.0,0.0,0.0616,-0.027,0.0,0.0,0.0
5.9471,0.9989811406994877,-0.006836130981780784,-0.01837235201832601,-0.04064977885874882,-0.0135,0.0,9.4492,0.0,0.0,1.0,0.0,0.0,0.0,-0.0654,-0.027,0.0,0.0,0.0
5.9672,0.9989850569930437,-0.006714154965505487,-0.018066416980462054,-0.04071093962551814,-0.0135,0.0,9.6573,0.0,0.0,1.0,0.0,0.0,0.0,0.0616,-0.027,0.0,0.0,0.0
5.9872,0.9989894441269738,-0.006958191154654009,-0.018005494644947617,-0.04058911505965751,-0.0135,0.0,9.33,0.0,0.0,1.0,0.0,0.0,0.0,-0.0616,-0.027,0.0,0.0,0.0
6.0073,0.9989972380540351,-0.006835823719110954,-0.017760541994606447,-0.04052595492457711,-0.0135,0.0,9.6327,0.0,0.0,1.0,0.0,0.0,0.0,0.0539,-0.027,0.0,0.0,0.0
6.0274,0.9989990047062076,-0.007018831412322709,-0.01800456754222402,-0.0403430309871417,-0.0135,0.0,9.295,0.0,0.0,1.0,0.0,0.0,0.0,-0.05,-0.027,0.0,0.0,0.0
6.0474,0.9990027276736062,-0.006835861282850111,-0.01800463463980637,-0.04028218257124799,-0.0135,0.0,9.7421,0.0,0.0,1.0,0.0,0.0,0.0,0.0385,-0.027,0.0,0.0,0.0
6.0675,0.9990050094863707,-0.006896875798082223,-0.01812667356703444,-0.04016027677639273,-0.0135,0.0,9.442,0.0,0.0,1.0,0.0,0.0,0.0,-0.0346,-0.027,0.0,0.0,0.0
6.0876,0.9990201213186768,-0.00659198100517477,-0.017943948294425995,-0.039916884979302465,-0.0135,0.0,9.7344,0.0,0.0,1.0,0.0,0.0,0.0,0.0231,-0.027,0.0,0.0,0.0
6.1077,0.9990291263431171,-0.006531040050276016,-0.018005110412681016,-0.03967324328810296,-0.0135,0.0,9.409,0.0,0.0,1.0,0.0,0.0,0.0,-0.0192,-0.027,0.0,0.0,0.0
6.1278,0.9990423461018656,-0.006348122929156426,-0.018005348667211957,-0.03936876236216619,-0.0135,0.0,9.6191,0.0,0.0,1.0,0.0,0.0,0.0,0.0038,-0.027,0.0,0.0,0.0
6.148,0.9990437577798909,-0.006531135701640968,-0.01812737664425752,-0.03924681545653075,-0.0135,0.0,9.3268,0.0,0.0,1.0,0.0,0.0,0.0,0.0,-0.027,0.0,0.0,0.0
6.1681,0.9990414348692706,-0.006348117138994925,-0.01818833562130431,-0.03930772532805194,-0.0135,0.0,9.6986,0.0,0.0,1.0,0.0,0.0,0.0,-0.0115,-0.027,0.0,0.0,0.0
6.1882,0.9990353757617412,-0.006592081660804,-0.01843322834550974,-0.0393074869297973,-0.0135,0.0,9.3609,0.0,0.0,1.0,0.0,0.0,0.0,0.0154,-0.027,0.0,0.0,0.0
6.2083,0.9990420768716141,-0.006470123548065801,-0.01837235082303941,-0.03918574825826254,-0.0135,0.0,9.7351,0.0,0.0,1.0,0.0,0.0,0.0,-0.0308,-0.027,0.0,0.0,0.0
6.2283,0.9990438418339447,-0.006592137523730045,-0.018494385825828814,-0.039062814919894225,-0.0135,0.0,9.4393,0.0,0.0,1.0,0.0,0.0,0.0,0.0346,-0.027,0.0,0.0,0.0
6.2484,0.9990491687058471,-0.006287164683549486,-0.018311479643784746,-0.03906302320165578,-0.0135,0.0,9.7784,0.0,0.0,1.0,0.0,0.0,0.0,-0.0462,-0.027,0.0,0.0,0.0
6.2685,0.999049308118003,-0.006287165560890871,-0.018433485411786465,-0.039002027046334486,-0.0135,0.0,9.4769,0.0,0.0,1.0,0.0,0.0,0.0,0.0462,-0.027,0.0,0.0,0.0
6.2886,0.9990542859094347,-0.006041820302862224,-0.01824945722066131,-0.03899984005824719,-0.0135,0.0,9.7005,0.0,0.0,1.0,0.0,0.0,0.0,-0.0577,-0.027,0.0,0.0,0.0
6.3087,0.9990542801304062,-0.005859183449514221,-0.01843357715051984,-0.03894121923947502,-0.0135,0.0,9.4665,0.0,0.0,1.0,0.0,0.0,0.0,0.0577,-0.027,0.0,0.0,0.0
6.3288,0.9990565712703663,-0.005675844171791958,-0.018371495617364675,-0.03893893094601458,-0.0135,0.0,9.7314,0.0,0.0,1.0,0.0,0.0,0.0,-0.0654,-0.027,0.0,0.0,0.0
6.3489,0.9990559109653521,-0.005614842135466538,-0.018554478330112492,-0.03887790692516535,-0.0135,0.0,9.3912,0.0,0.0,1.0,0.0,0.0,0.0,0.0616,-0.027,0.0,0.0,0.0
6.3689,0.9990609823766726,-0.005553872042911345,-0.018554572516424207,-0.03875610708806537,-0.0135,0.0,9.6575,0.0,0.0,1.0,0.0,0.0,0.0,-0.0654,-0.027,0.0,0.0,0.0
6.389,0.9990608484307733,-0.005370875538915328,-0.018615568615238838,-0.038756101891964545,-0.0135,0.0,9.4215,0.0,0.0,1.0,0.0,0.0,0.0,0.0616,-0.027,0.0,0.0,0.0
6.4091,0.9990617114016364,-0.00518788426073452,-0.018493587416735593,-0.0388171340079399,-0.0135,0.0,9.7414,0.0,0.0,1.0,0.0,0.0,0.0,-0.0616,-0.027,0.0,0.0,0.0
6.4292,0.9990570788630254,-0.004943866779869154,-0.018554500020322058,-0.03893895072979476,-0.0135,0.0,9.4629,0.0,0.0,1.0,0.0,0.0,0.0,0.0539,-0.027,0.0,0.0,0.0
6.4493,0.9990568779465516,-0.005004864129665262,-0.018676492976974653,-0.03887794455489629,-0.0135,0.0,9.6267,0.0,0.0,1.0,0.0,0.0,0.0,-0.05,-0.027,0.0,0.0,0.0
6.4694,0.9990564166983631,-0.004882865187249626,-0.018859479301971734,-0.038816928289710395,-0.0135,0.0,9.575,0.0,0.0,1.0,0.0,0.0,0.0,0.0385,-0.027,0.0,0.0,0.0
6.4895,0.9990513281873337,-0.004944140191525296,-0.01898253825152371,-0.038880102448687726,-0.0135,0.0,9.6649,0.0,0.0,1.0,0.0,0.0,0.0,-0.0346,-0.027,0.0,0.0,0.0
6.5096,0.9990477572826335,-0.004700116473022519,-0.01898247040232202,-0.039001966503053494,-0.0135,0.0,9.6985,0.0,0.0,1.0,0.0,0.0,0.0,0.0231,-0.027,0.0,0.0,0.0
6.5296,0.9990433939586909,-0.004883099681088709,-0.01916539123245242,-0.03900179616263372,-0.0135,0.0,9.5151,0.0,0.0,1.0,0.0,0.0,0.0,-0.0192,-0.027,0.0,0.0,0.0
6.5497,0.9990472308711847,-0.004822116955526397,-0.01910446335926512,-0.03894094447287389,-0.0135,0.0,9.7321,0.0,0.0,1.0,0.0,0.0,0.0,0.0077,-0.027,0.0,0.0,0.0
6.5698,0.999045750341542,-0.005127116755070786,-0.019226437825822316,-0.03887988537554071,-0.0135,0.0,9.409,0.0,0.0,1.0,0.0,0.0,0.0,0.0,-0.027,0.0,0.0,0.0
6.5899,0.9990430256734857,-0.005188103994796957,-0.019104382944603145,-0.03900178178509567,-0.0135,0.0,9.7,0.0,0.0,1.0,0.0,0.0,0.0,-0.0115,-0.027,0.0,0.0,0.0
6.61,0.9990351734885925,-0.005554067677676731,-0.01928723501968872,-0.039062475985849554,-0.0135,0.0,9.3242,0.0,0.0,1.0,0.0,0.0,0.0,0.0154,-0.027,0.0,0.0,0.0
6.6301,0.9990383426423579,-0.005615086233186663,-0.019104293392484064,-0.039062599900398454,-0.0135,0.0,9.7344,0.0,0.0,1.0,0.0,0.0,0.0,-0.0308,-0.027,0.0,0.0,0.0
6.6502,0.9990401727720055,-0.00592010176223197,-0.01916532943803645,-0.03894066936170826,-0.0135,0.0,9.315,0.0,0.0,1.0,0.0,0.0,0.0,0.0346,-0.027,0.0,0.0,0.0
6.6703,0.999050342576756,-0.0059811636958824535,-0.018860516185310667,-0.03881906242213085,-0.0135,0.0,9.7314,0.0,0.0,1.0,0.0,0.0,0.0,-0.0462,-0.027,0.0,0.0,0.0
6.6903,0.9990535039179347,-0.00622619010312381,-0.018738572141396403,-0.03875818339652576,-0.0135,0.0,9.2757,0.0,0.0,1.0,0.0,0.0,0.0,0.0462,-0.027,0.0,0.0,0.0
6.7104,0.9990550271649455,-0.006347815911818298,-0.018493463685124077,-0.03881687430134895,-0.0135,0.0,9.7723,0.0,0.0,1.0,0.0,0.0,0.0,-0.0577,-0.027,0.0,0.0,0.0
6.7305,0.9990556966395182,-0.006591813253187622,-0.018371479533914298,-0.03881690031283946,-0.0135,0.0,9.4393,0.0,0.0,1.0,0.0,0.0,0.0,0.0577,-0.027,0.0,0.0,0.0
6.7506,0.9990615543356998,-0.00671384916164195,-0.01800459549528796,-0.03881712790536462,-0.0135,0.0,9.772,0.0,0.0,1.0,0.0,0.0,0.0,-0.0654,-0.027,0.0,0.0,0.0
6.7707,0.9990644387305837,-0.006957863767898796,-0.017882649865095458,-0.038756241168791894,-0.0135,0.0,9.4555,0.0,0.0,1.0,0.0,0.0,0.0,0.0616,-0.027,0.0,0.0,0.0
6.7908,0.9990618704317156,-0.007262839125584584,-0.017638609298662608,-0.038878138835688136,-0.0135,0.0,9.6581,0.0,0.0,1.0,0.0,0.0,0.0,-0.0654,-0.027,0.0,0.0,0.0
6.8109,0.999051686379729,-0.007446213807673557,-0.017456501239155202,-0.03918612517508574,-0.0135,0.0,9.4717,0.0,0.0,1.0,0.0,0.0,0.0,0.0577,-0.027,0.0,0.0,0.0
6.831,0.9990455319922185,-0.007690173440471498,-0.01715138682412571,-0.039429889282750485,-0.0135,0.0,9.7507,0.0,0.0,1.0,0.0,0.0,0.0,-0.0616,-0.027,0.0,0.0,0.0
6.851,0.9990453014391547,-0.007812174389220942,-0.01696837878088851,-0.039490881545101886,-0.0135,0.0,9.4684,0.0,0.0,1.0,0.0,0.0,0.0,0.0539,-0.027,0.0,0.0,0.0
6.8711,0.9990453014391547,-0.007812174389220942,-0.01696837878088851,-0.039490881545101886,-0.0135,0.0,9.4684,0.0,0.0,1.0,0.0,0.0,0.0,-0.05,-0.027,0.0,0.0,0.0
6.8912,0.9990527072469543,-0.007874234143620836,-0.016785499123784072,-0.03936917065863161,-0.0135,0.0,9.7832,0.0,0.0,1.0,0.0,0.0,0.0,0.0385,-0.027,0.0,0.0,0.0
6.9113,0.9990525695703311,-0.007935234864002702,-0.016907500421637526,-0.03930816342776994,-0.0135,0.0,9.4907,0.0,0.0,1.0,0.0,0.0,0.0,-0.0346,-0.027,0.0,0.0,0.0
6.9314,0.9990561799041814,-0.007750784168735869,-0.01678453261156388,-0.039305905472906744,-0.0135,0.0,9.8188,0.0,0.0,1.0,0.0,0.0,0.0,0.0231,-0.027,0.0,0.0,0.0
6.9515,0.9990506132199315,-0.007568209181218489,-0.01690746731327445,-0.039430089826409054,-0.0135,0.0,9.4759,0.0,0.0,1.0,0.0,0.0,0.0,-0.0192,-0.027,0.0,0.0,0.0
6.9716,0.9990462312095045,-0.007324170311773011,-0.016846391735681074,-0.039612921134619394,-0.0135,0.0,9.7021,0.0,0.0,1.0,0.0,0.0,0.0,0.0038,-0.027,0.0,0.0,0.0
6.9917,0.999041090445695,-0.007080128205612403,-0.016968307258874476,-0.039734719508729366,-0.0135,0.0,9.472,0.0,0.0,1.0,0.0,0.0,0.0,0.0,-0.027,0.0,0.0,0.0
7.0118,0.9990384866357105,-0.006958107861391853,-0.017029263979827805,-0.03979561689337291,-0.0135,0.0,9.628,0.0,0.0,1.0,0.0,0.0,0.0,-0.0115,-0.027,0.0,0.0,0.0
7.0319,0.9990356429449941,-0.006714084967746178,-0.017151217051208627,-0.03985650439000466,-0.0135,0.0,9.3931,0.0,0.0,1.0,0.0,0.0,0.0,0.0154,-0.027,0.0,0.0,0.0
7.0519,0.999037093628582,-0.00665309385660886,-0.017090241095662928,-0.03985656226499373,-0.0135,0.0,9.4838,0.0,0.0,1.0,0.0,0.0,0.0,-0.0308,-0.027,0.0,0.0,0.0
7.072,0.9990397253702517,-0.00640910729772782,-0.0170292850948677,-0.039856667258268086,-0.0135,0.0,9.5024,0.0,0.0,1.0,0.0,0.0,0.0,0.0346,-0.027,0.0,0.0,0.0
7.0921,0.9990358624607321,-0.006470083301506507,-0.01709022003442755,-0.039917513932957505,-0.0135,0.0,9.4141,0.0,0.0,1.0,0.0,0.0,0.0,-0.0462,-0.027,0.0,0.0,0.0
7.1122,0.999028285655853,-0.006348033586157029,-0.017151090742939384,-0.04010021216208204,-0.0135,0.0,9.5455,0.0,0.0,1.0,0.0,0.0,0.0,0.0462,-0.027,0.0,0.0,0.0
7.1323,0.9990197158249874,-0.00659197832954628,-0.01727294321696799,-0.04022186777472847,-0.0135,0.0,9.2841,0.0,0.0,1.0,0.0,0.0,0.0,-0.0577,-0.027,0.0,0.0,0.0
7.1524,0.9990156319691981,-0.00640895273210986,-0.01715087350732037,-0.04040470200357299,-0.0135,0.0,9.7793,0.0,0.0,1.0,0.0,0.0,0.0,0.0577,-0.027,0.0,0.0,0.0
7.1725,0.9990123458164202,-0.0065919296989377,-0.01727281579031416,-0.040404569096719856,-0.0135,0.0,9.4067,0.0,0.0,1.0,0.0,0.0,0.0,-0.0654,-0.027,0.0,0.0,0.0
7.1926,0.9990138187630325,-0.006469940539303719,-0.01708984293921184,-0.04046562810872706,-0.0135,0.0,9.6698,0.0,0.0,1.0,0.0,0.0,0.0,0.0616,-0.027,0.0,0.0,0.0
7.2127,0.9990115945680151,-0.0065919247418651525,-0.017028805586957182,-0.04052653732001959,-0.0135,0.0,9.4859,0.0,0.0,1.0,0.0,0.0,0.0,-0.0654,-0.027,0.0,0.0,0.0
7.2328,0.9990074438414392,-0.00646989925322451,-0.017028734835109773,-0.040648367039308186,-0.0135,0.0,9.5837,0.0,0.0,1.0,0.0,0.0,0.0,0.0577,-0.027,0.0,0.0,0.0
7.2528,0.9990006468443752,-0.006591852503894424,-0.0170896176109763,-0.04077008774822205,-0.0135,0.0,9.7839,0.0,0.0,1.0,0.0,0.0,0.0,-0.0616,-0.027,0.0,0.0,0.0
7.2729,0.9989978575947509,-0.006408838704739286,-0.017028571431269363,-0.04089297082097182,-0.0135,0.0,9.62,0.0,0.0,1.0,0.0,0.0,0.0,0.05,-0.027,0.0,0.0,0.0
7.293,0.9989999552554077,-0.006469850754689817,-0.017028607187266297,-0.04083205809370172,-0.0135,0.0,9.6735,0.0,0.0,1.0,0.0,0.0,0.0,-0.05,-0.027,0.0,0.0,0.0
7.3131,0.9990071260217662,-0.006225901071958817,-0.01684573232544464,-0.04077035216910264,-0.0135,0.0,9.7329,0.0,0.0,1.0,0.0,0.0,0.0,0.0385,-0.027,0.0,0.0,0.0
7.3332,0.9990092273970813,-0.006286913326965893,-0.016845767759832583,-0.04070943876901251,-0.0135,0.0,9.5995,0.0,0.0,1.0,0.0,0.0,0.0,-0.0346,-0.027,0.0,0.0,0.0
7.3533,0.9990067510840407,-0.006041901728038066,-0.016784726995219955,-0.04083233585914903,-0.0135,0.0,9.6653,0.0,0.0,1.0,0.0,0.0,0.0,0.0231,-0.027,0.0,0.0,0.0
7.3734,0.9990010804135133,-0.0062258633951916345,-0.016906629043126405,-0.04089310274381086,-0.0135,0.0,9.4016,0.0,0.0,1.0,0.0,0.0,0.0,-0.0154,-0.027,0.0,0.0,0.0
7.3935,0.9990042609767007,-0.0060418866680959525,-0.016784685157893185,-0.040893232936960566,-0.0135,0.0,9.7425,0.0,0.0,1.0,0.0,0.0,0.0,0.0038,-0.027,0.0,0.0,0.0
7.4136,0.9990039480315223,-0.006164882429748195,-0.016906677573358113,-0.04083222129017161,-0.0135,0.0,9.4114,0.0,0.0,1.0,0.0,0.0,0.0,0.0,-0.027,0.0,0.0,0.0
7.4337,0.9990121272032871,-0.005980934906206223,-0.01678481732163041,-0.040709556935571885,-0.0135,0.0,9.7443,0.0,0.0,1.0,0.0,0.0,0.0,-0.0115,-0.027,0.0,0.0,0.0
7.4538,0.9990104045667099,-0.0061649222732146946,-0.016967786071679966,-0.04064848750752703,-0.0135,0.0,9.3284,0.0,0.0,1.0,0.0,0.0,0.0,0.0192,-0.027,0.0,0.0,0.0
7.4739,0.9990129156254117,-0.005919940242118986,-0.016906829336740835,-0.04064858967937407,-0.0135,0.0,9.7487,0.0,0.0,1.0,0.0,0.0,0.0,-0.0308,-0.027,0.0,0.0,0.0
7.494,0.9990062858505674,-0.005919900955468849,-0.01715071305527809,-0.04070931890154339,-0.0135,0.0,9.4393,0.0,0.0,1.0,0.0,0.0,0.0,0.0346,-0.027,0.0,0.0,0.0
7.5141,0.9990076991124567,-0.005675913067228984,-0.017150737317837273,-0.040709376491700484,-0.0135,0.0,9.8568,0.0,0.0,1.0,0.0,0.0,0.0,-0.0462,-0.027,0.0,0.0,0.0
7.5342,0.9990063117489397,-0.005614906203831438,-0.017394709423980036,-0.04064832097587607,-0.0135,0.0,9.4064,0.0,0.0,1.0,0.0,0.0,0.0,0.0462,-0.027,0.0,0.0,0.0
7.5543,0.9990133412510391,-0.00549294689260603,-0.017455831231991795,-0.04046560876682981,-0.0135,0.0,9.7392,0.0,0.0,1.0,0.0,0.0,0.0,-0.0577,-0.027,0.0,0.0,0.0
7.5744,0.9990135848533235,-0.005248950531564433,-0.017516834913586243,-0.040465618634080096,-0.0135,0.0,9.4795,0.0,0.0,1.0,0.0,0.0,0.0,0.0539,-0.027,0.0,0.0,0.0
7.5945,0.9990172652347733,-0.0049439716195930575,-0.017394900146201722,-0.04046576771004301,-0.0135,0.0,9.7376,0.0,0.0,1.0,0.0,0.0,0.0,-0.0616,-0.027,0.0,0.0,0.0
7.6146,0.9990209047661434,-0.004699990142770358,-0.01739496351776392,-0.04040491525928431,-0.0135,0.0,9.3856,0.0,0.0,1.0,0.0,0.0,0.0,0.0577,-0.027,0.0,0.0,0.0
7.6347,0.9990243527703013,-0.004639006281638585,-0.017212023306653026,-0.04040505471213768,-0.0135,0.0,9.6167,0.0,0.0,1.0,0.0,0.0,0.0,-0.0654,-0.027,0.0,0.0,0.0
7.6548,0.9990284580954991,-0.004333023673056371,-0.016907092370266354,-0.04046622108329084,-0.0135,0.0,9.4657,0.0,0.0,1.0,0.0,0.0,0.0,0.0577,-0.027,0.0,0.0,0.0
7.6749,0.9990325497263548,-0.0043330414194310786,-0.016663159282709457,-0.04046638681714704,-0.0135,0.0,9.5886,0.0,0.0,1.0,0.0,0.0,0.0,-0.0616,-0.027,0.0,0.0,0.0
7.695,0.9990318708619601,-0.0041500368500796605,-0.016602147418077723,-0.04052735986100697,-0.0135,0.0,9.4637,0.0,0.0,1.0,0.0,0.0,0.0,0.05,-0.027,0.0,0.0,0.0
7.7151,0.9990330233361175,-0.0044560447076651254,-0.016602166570165274,-0.04046640600098228,-0.0135,0.0,9.4108,0.0,0.0,1.0,0.0,0.0,0.0,-0.05,-0.027,0.0,0.0,0.0
7.7352,0.999041056302231,-0.004333078314470802,-0.016296294533260154,-0.04040573027837363,-0.0135,0.0,9.4692,0.0,0.0,1.0,0.0,0.0,0.0,0.0385,-0.027,0.0,0.0,0.0
7.7552,0.9990508496709019,-0.0044561242194959836,-0.016113449180596682,-0.04022312126493888,-0.0135,0.0,9.3121,0.0,0.0,1.0,0.0,0.0,0.0,-0.0346,-0.027,0.0,0.0,0.0
7.7753,0.9990561731554333,-0.0042718810147295005,-0.015990554612954,-0.04015988142147753,-0.0135,0.0,9.5908,0.0,0.0,1.0,0.0,0.0,0.0,0.0231,-0.027,0.0,0.0,0.0
7.7954,0.9990507771152924,-0.004578127287994177,-0.016235451402487003,-0.04016211664769204,-0.0135,0.0,9.2558,0.0,0.0,1.0,0.0,0.0,0.0,-0.0154,-0.027,0.0,0.0,0.0
7.8155,0.9990466947373844,-0.00439510424021349,-0.016235385060265315,-0.04028395542855973,-0.0135,0.0,9.6565,0.0,0.0,1.0,0.0,0.0,0.0,0.0038,-0.027,0.0,0.0,0.0
7.8356,0.9990419818531032,-0.004456084665855965,-0.016357310789812857,-0.040344766552803724,-0.0135,0.0,9.3692,0.0,0.0,1.0,0.0,0.0,0.0,0.0,-0.027,0.0,0.0,0.0
7.8557,0.9990499389660439,-0.004211113550925262,-0.01623543778182656,-0.04022308459874524,-0.0135,0.0,9.6946,0.0,0.0,1.0,0.0,0.0,0.0,-0.0115,-0.027,0.0,0.0,0.0
7.8758,0.9990512052785905,-0.004456125805633502,-0.016541466999771944,-0.04004013041556537,-0.0135,0.0,9.4058,0.0,0.0,1.0,0.0,0.0,0.0,0.0192,-0.027,0.0,0.0,0.0
7.8959,0.999055051297719,-0.004394872653804357,-0.01647852251696065,-0.039976841627711146,-0.0135,0.0,9.6573,0.0,0.0,1.0,0.0,0.0,0.0,-0.0308,-0.027,0.0,0.0,0.0
7.916,0.9990507353606433,-0.004333120294845729,-0.016602460912769172,-0.04004011158212051,-0.0135,0.0,9.4443,0.0,0.0,1.0,0.0,0.0,0.0,0.0346,-0.027,0.0,0.0,0.0
7.9361,0.9990577559591379,-0.0043328861803121075,-0.01647856712793983,-0.039915951456154786,-0.0135,0.0,9.7421,0.0,0.0,1.0,0.0,0.0,0.0,-0.0462,-0.027,0.0,0.0,0.0
7.9561,0.9990613484309363,-0.004699893440016452,-0.016601623593862382,-0.039733099137364725,-0.0135,0.0,9.3659,0.0,0.0,1.0,0.0,0.0,0.0,0.0462,-0.027,0.0,0.0,0.0
7.9762,0.9990623582993271,-0.004699898190749563,-0.016540641696423098,-0.03973313930026446,-0.0135,0.0,9.74,0.0,0.0,1.0,0.0,0.0,0.0,-0.0577,-0.027,0.0,0.0,0.0
7.9963,0.9990564330789871,-0.0050048619010617,-0.016662540231246983,-0.03979390196858151,-0.0135,0.0,9.4019,0.0,0.0,1.0,0.0,0.0,0.0,0.0577,-0.027,0.0,0.0,0.0
8.0164,0.9990562264441234,-0.004882864257386418,-0.016417543595693272,-0.03991589034652748,-0.0135,0.0,9.741,0.0,0.0,1.0,0.0,0.0,0.0,-0.0654,-0.027,0.0,0.0,0.0
8.0365,0.9990611732685037,-0.005065884253754677,-0.01635662628082615,-0.03979409077737217,-0.0135,0.0,9.4515,0.0,0.0,1.0,0.0,0.0,0.0,0.0577,-0.027,0.0,0.0,0.0
8.0566,0.9990694435618463,-0.004882928855744354,-0.01605176612582602,-0.03973342108419953,-0.0135,0.0,9.7086,0.0,0.0,1.0,0.0,0.0,0.0,-0.0654,-0.027,0.0,0.0,0.0
8.0767,0.9990708830631891,-0.004882935891273957,-0.016112788453020135,-0.039672479134653216,-0.0135,0.0,9.2859,0.0,0.0,1.0,0.0,0.0,0.0,0.0577,-0.027,0.0,0.0,0.0
8.0968,0.9990773887166724,-0.004638969302137399,-0.015929894585697095,-0.039611737873737125,-0.0135,0.0,9.711,0.0,0.0,1.0,0.0,0.0,0.0,-0.0616,-0.027,0.0,0.0,0.0
8.1169,0.9990827674598248,-0.0045169944275116275,-0.015929980347633446,-0.0394899512823631,-0.0135,0.0,9.3689,0.0,0.0,1.0,0.0,0.0,0.0,0.05,-0.027,0.0,0.0,0.0
8.137,0.9990989363624977,-0.004333064778595892,-0.015564232682683254,-0.03924658672992726,-0.0135,0.0,9.7766,0.0,0.0,1.0,0.0,0.0,0.0,-0.05,-0.027,0.0,0.0,0.0
8.1571,0.9990989363624977,-0.004333064778595892,-0.015564232682683254,-0.03924658672992726,-0.0135,0.0,9.7766,0.0,0.0,1.0,0.0,0.0,0.0,0.0385,-0.027,0.0,0.0,0.0
8.1772,0.9991125080614283,-0.004395125407803522,-0.015442440625097167,-0.03894111112169946,-0.0135,0.0,9.2876,0.0,0.0,1.0,0.0,0.0,0.0,-0.0346,-0.027,0.0,0.0,0.0
8.1973,0.9991251706279132,-0.004210912212543651,-0.015136684436303324,-0.03875619202601621,-0.0135,0.0,9.6573,0.0,0.0,1.0,0.0,0.0,0.0,0.0231,-0.027,0.0,0.0,0.0
8.2174,0.999128826498866,-0.004455923409470632,-0.01513673982252177,-0.038634335934671915,-0.0135,0.0,9.4633,0.0,0.0,1.0,0.0,0.0,0.0,-0.0154,-0.027,0.0,0.0,0.0
8.2375,0.9991315773435354,-0.004455935677711558,-0.014953784139250147,-0.03863444230439544,-0.0135,0.0,9.7443,0.0,0.0,1.0,0.0,0.0,0.0,0.0038,-0.027,0.0,0.0,0.0
8.2576,0.999132752614132,-0.004821936066506141,-0.015075800111706054,-0.03851248936734769,-0.0135,0.0,9.2953,0.0,0.0,1.0,0.0,0.0,0.0,0.0,-0.027,0.0,0.0,0.0
8.2776,0.9991404713878974,-0.004760973655779814,-0.014892917592003528,-0.038390787569637326,-0.0135,0.0,9.6363,0.0,0.0,1.0,0.0,0.0,0.0,-0.0115,-0.027,0.0,0.0,0.0
8.2977,0.999141312029471,-0.004882977089073975,-0.0149539298361688,-0.038329820156503276,-0.0135,0.0,9.3201,0.0,0.0,1.0,0.0,0.0,0.0,0.0192,-0.027,0.0,0.0,0.0
8.3178,0.9991478646719335,-0.004761008885291112,-0.01470902745090254,-0.03826907142012309,-0.0135,0.0,9.773,0.0,0.0,1.0,0.0,0.0,0.0,-0.0308,-0.027,0.0,0.0,0.0
8.3379,0.9991451436095846,-0.00476099591924026,-0.014892987234876127,-0.03826896719878303,-0.0135,0.0,9.3966,0.0,0.0,1.0,0.0,0.0,0.0,0.0346,-0.027,0.0,0.0,0.0
8.358,0.9991516090095836,-0.004761026727319756,-0.014771082921495517,-0.0381472141497724,-0.0135,0.0,9.7339,0.0,0.0,1.0,0.0,0.0,0.0,-0.0462,-0.027,0.0,0.0,0.0
8.3781,0.9991562516440247,-0.004761048849794923,-0.014771151556463108,-0.03802539015195372,-0.0135,0.0,9.4071,0.0,0.0,1.0,0.0,0.0,0.0,0.0462,-0.027,0.0,0.0,0.0
8.3982,0.9991644654683338,-0.004761087989237544,-0.014526268458656712,-0.03790370049486891,-0.0135,0.0,9.7789,0.0,0.0,1.0,0.0,0.0,0.0,0.0577,-0.027,0.0,0.0,0.0
8.4183,0.9991644654683338,-0.004761087989237544,-0.014526268458656712,-0.03790370049486891,-0.0135,0.0,9.4899,0.0,0.0,1.0,0.0,0.0,0.0,-0.0654,-0.027,0.0,0.0,0.0
8.4384,0.999160678342708,-0.004883071735609654,-0.014587214295993862,-0.03796455772489965,-0.0135,0.0,9.6652,0.0,0.0,1.0,0.0,0.0,0.0,0.0577,-0.027,0.0,0.0,0.0
8.4585,0.9991551521507389,-0.004883044728149896,-0.01464813417528972,-0.03808634886674528,-0.0135,0.0,9.4752,0.0,0.0,1.0,0.0,0.0,0.0,-0.0654,-0.027,0.0,0.0,0.0
8.4786,0.9991548526751081,-0.0049440438050352324,-0.014648129784821221,-0.03808633745116747,-0.0135,0.0,9.6419,0.0,0.0,1.0,0.0,0.0,0.0,0.0577,-0.027,0.0,0.0,0.0
8.4987,0.9991540156563186,-0.004822038684531355,-0.014587117024317487,-0.03814730603459521,-0.0135,0.0,9.4698,0.0,0.0,1.0,0.0,0.0,0.0,-0.0577,-0.027,0.0,0.0,0.0
8.5188,0.9991510247621223,-0.005066025477202441,-0.014709073972398484,-0.03814719184343501,-0.0135,0.0,9.4549,0.0,0.0,1.0,0.0,0.0,0.0,0.05,-0.027,0.0,0.0,0.0
8.5389,0.9991478720466715,-0.0049440092633096094,-0.014648027445177828,-0.03826907170258804,-0.0135,0.0,9.5828,0.0,0.0,1.0,0.0,0.0,0.0,-0.05,-0.027,0.0,0.0,0.0
8.559,0.999144829271716,-0.005187993921070254,-0.01477098269239182,-0.03826895515910528,-0.0135,0.0,9.4567,0.0,0.0,1.0,0.0,0.0,0.0,0.0385,-0.027,0.0,0.0,0.0
8.5791,0.9991463673292356,-0.0050660018624804634,-0.014709005407663872,-0.0382690140693378,-0.0135,0.0,9.5927,0.0,0.0,1.0,0.0,0.0,0.0,-0.0346,-0.027,0.0,0.0,0.0
8.5992,0.9991438024875358,-0.005309988321235147,-0.014953967110310816,-0.03820791596567852,-0.0135,0.0,9.2953,0.0,0.0,1.0,0.0,0.0,0.0,0.0231,-0.027,0.0,0.0,0.0
8.6193,0.999147083490672,-0.005127005559804747,-0.014954016216368294,-0.038147041367246344,-0.0135,0.0,9.6312,0.0,0.0,1.0,0.0,0.0,0.0,-0.0154,-0.027,0.0,0.0,0.0
8.6394,0.9991472731612265,-0.005005006377618424,-0.015137019288313708,-0.03808604853106401,-0.0135,0.0,9.5997,0.0,0.0,1.0,0.0,0.0,0.0,0.0038,-0.027,0.0,0.0,0.0
8.6595,0.9991492187534022,-0.0047000151410714645,-0.015259049156938194,-0.03802512249771118,-0.0135,0.0,9.5029,0.0,0.0,1.0,0.0,0.0,0.0,0.0,-0.027,0.0,0.0,0.0
8.6795,0.9991481473415313,-0.004822010363331146,-0.015442033187590132,-0.037964081591352894,-0.0135,0.0,9.4019,0.0,0.0,1.0,0.0,0.0,0.0,-0.0115,-0.027,0.0,0.0,0.0
8.6996,0.9991517427925171,-0.004639026663585186,-0.0155640894572192,-0.03784221750450334,-0.0135,0.0,9.4945,0.0,0.0,1.0,0.0,0.0,0.0,0.0192,-0.027,0.0,0.0,0.0
8.7197,0.9991541589703067,-0.004700038379936906,-0.015686128090997942,-0.03772030801940851,-0.0135,0.0,9.3351,0.0,0.0,1.0,0.0,0.0,0.0,-0.0308,-0.027,0.0,0.0,0.0
8.7398,0.9991555448101521,-0.004395041985296059,-0.01568614984786212,-0.0377203603379675,-0.0135,0.0,9.6192,0.0,0.0,1.0,0.0,0.0,0.0,0.0346,-0.027,0.0,0.0,0.0
8.7599,0.9991521167450523,-0.00451702765295302,-0.01586909714959299,-0.03772023092082977,-0.0135,0.0,9.3373,0.0,0.0,1.0,0.0,0.0,0.0,-0.0462,-0.027,0.0,0.0,0.0
8.78,0.9991551194757702,-0.0042720389916993985,-0.01574714372712792,-0.03772034428064169,-0.0135,0.0,9.6565,0.0,0.0,1.0,0.0,0.0,0.0,0.0462,-0.027,0.0,0.0,0.0
8.8001,0.9991567693543739,-0.004333046703497286,-0.015625168414988493,-0.03772040656725539,-0.0135,0.0,9.3262,0.0,0.0,1.0,0.0,0.0,0.0,-0.0539,-0.027,0.0,0.0,0.0
8.8202,0.9991627586478715,-0.004028067561531171,-0.015320256961930881,-0.037720632676503496,-0.0135,0.0,9.6935,0.0,0.0,1.0,0.0,0.0,0.0,0.0539,-0.027,0.0,0.0,0.0
8.8402,0.9991608112395056,-0.0042720633276970175,-0.015381228006392302,-0.03772055915747463,-0.0135,0.0,9.3659,0.0,0.0,1.0,0.0,0.0,0.0,-0.0616,-0.027,0.0,0.0,0.0
8.8603,0.9991638654889027,-0.004211075295876447,-0.015198271751776364,-0.03772067446223216,-0.0135,0.0,9.7374,0.0,0.0,1.0,0.0,0.0,0.0,0.0577,-0.027,0.0,0.0,0.0
8.8804,0.999159845262563,-0.004395060901939216,-0.015259211445435851,-0.03778152353496378,-0.0135,0.0,9.447,0.0,0.0,1.0,0.0,0.0,0.0,-0.0654,-0.027,0.0,0.0,0.0
8.9005,0.9991589227179851,-0.004395056843890225,-0.01501519420045774,-0.037903490228434755,-0.0135,0.0,9.711,0.0,0.0,1.0,0.0,0.0,0.0,0.0577,-0.027,0.0,0.0,0.0
8.9206,0.9991548732980302,-0.004578040656679184,-0.015076133888181614,-0.037964337153815864,-0.0135,0.0,9.4088,0.0,0.0,1.0,0.0,0.0,0.0,-0.0577,-0.027,0.0,0.0,0.0
8.9407,0.9991605502465701,-0.004639067556286905,-0.014832215993715758,-0.037903551969377614,-0.0135,0.0,9.7093,0.0,0.0,1.0,0.0,0.0,0.0,0.05,-0.027,0.0,0.0,0.0
8.9608,0.9991570477100797,-0.004700051968618574,-0.014893164674177969,-0.037964419773752145,-0.0135,0.0,9.4438,0.0,0.0,1.0,0.0,0.0,0.0,-0.05,-0.027,0.0,0.0,0.0
8.9808,0.9991530300369753,-0.004761033498613854,-0.01483210435863069,-0.03808626797483888,-0.0135,0.0,9.7392,0.0,0.0,1.0,0.0,0.0,0.0,0.0385,-0.027,0.0,0.0,0.0
9.0009,0.9991448515785719,-0.004821994457578644,-0.014892982881940851,-0.038268956013495836,-0.0135,0.0,9.4599,0.0,0.0,1.0,0.0,0.0,0.0,-0.0346,-0.027,0.0,0.0,0.0
9.021,0.9991422215739854,-0.004882981534175956,-0.01489294367980392,-0.03832985504914288,-0.0135,0.0,9.8194,0.0,0.0,1.0,0.0,0.0,0.0,0.0231,-0.027,0.0,0.0,0.0
9.0411,0.9991425173204753,-0.00482198319216544,-0.014892948088121095,-0.038329866394794916,-0.0135,0.0,9.6176,0.0,0.0,1.0,0.0,0.0,0.0,-0.0154,-0.027,0.0,0.0,0.0
9.0612,0.9991410125662847,-0.004943975321051887,-0.014953925354168684,-0.03832980866826846,-0.0135,0.0,9.743,0.0,0.0,1.0,0.0,0.0,0.0,0.0038,-0.027,0.0,0.0,0.0
9.0813,0.999140694514552,-0.004821974395082568,-0.015014920270046622,-0.03832979646692558,-0.0135,0.0,9.6935,0.0,0.0,1.0,0.0,0.0,0.0,0.0,-0.027,0.0,0.0,0.0
9.1014,0.9991357191791417,-0.004882949755843239,-0.015014845501533126,-0.03845160434398609,-0.0135,0.0,9.7073,0.0,0.0,1.0,0.0,0.0,0.0,-0.0115,-0.027,0.0,0.0,0.0
9.1214,0.9991321854254891,-0.00463893585941278,-0.015014792396870648,-0.03857346666113132,-0.0135,0.0,9.7835,0.0,0.0,1.0,0.0,0.0,0.0,0.0192,-0.027,0.0,0.0,0.0
9.1416,0.9991277104802303,-0.00469991396578386,-0.015136722914908578,-0.03863429278043817,-0.0135,0.0,9.5962,0.0,0.0,1.0,0.0,0.0,0.0,-0.0308,-0.027,0.0,0.0,0.0
9.1616,0.9991276604142788,-0.0043949193286274,-0.015075723276083444,-0.03869528972481595,-0.0135,0.0,9.7838,0.0,0.0,1.0,0.0,0.0,0.0,0.0346,-0.027,0.0,0.0,0.0
9.1817,0.9991269740269927,-0.004455915147800499,-0.015258709434534976,-0.038634264303247796,-0.0135,0.0,9.4851,0.0,0.0,1.0,0.0,0.0,0.0,-0.0462,-0.027,0.0,0.0,0.0
9.2025,0.9991301420271503,-0.004149934133162393,-0.015136759752693775,-0.03863438680354925,-0.0135,0.0,9.7443,0.0,0.0,1.0,0.0,0.0,0.0,0.0462,-0.027,0.0,0.0,0.0
9.2225,0.9991306422945917,-0.0041499362110467885,-0.015258765456473002,-0.03857340708552254,-0.0135,0.0,9.3364,0.0,0.0,1.0,0.0,0.0,0.0,-0.0577,-0.027,0.0,0.0,0.0
9.2426,0.9991413907755642,-0.0037839825437871264,-0.014953931014744378,-0.038451822614614765,-0.0135,0.0,9.6663,0.0,0.0,1.0,0.0,0.0,0.0,0.0577,-0.027,0.0,0.0,0.0
9.2627,0.9991446420124835,-0.003783994856983099,-0.014892979758205426,-0.038390947820940435,-0.0135,0.0,9.2179,0.0,0.0,1.0,0.0,0.0,0.0,-0.0616,-0.027,0.0,0.0,0.0
9.2828,0.9991545741993378,-0.0034180293316625754,-0.014465124131801982,-0.03833032892996674,-0.0135,0.0,9.6575,0.0,0.0,1.0,0.0,0.0,0.0,0.0616,-0.027,0.0,0.0,0.0
9.3029,0.9991584542045733,-0.0034790433652116,-0.014343178783337168,-0.038269477017327636,-0.0135,0.0,9.3324,0.0,0.0,1.0,0.0,0.0,0.0,-0.0654,-0.027,0.0,0.0,0.0
9.323,0.9991568173304235,-0.003601038986501324,-0.014099152643899535,-0.038391415643091564,-0.0135,0.0,9.711,0.0,0.0,1.0,0.0,0.0,0.0,0.0577,-0.027,0.0,0.0,0.0
9.3431,0.9991551619965944,-0.004089037495425164,-0.01391612760732126,-0.03845235259821189,-0.0135,0.0,9.3864,0.0,0.0,1.0,0.0,0.0,0.0,-0.0577,-0.027,0.0,0.0,0.0
9.3632,0.9991567598242115,-0.004150044691436963,-0.01361114657714422,-0.03851341474730413,-0.0135,0.0,9.677,0.0,0.0,1.0,0.0,0.0,0.0,0.0539,-0.027,0.0,0.0,0.0
9.3832,0.9991512963501996,-0.00451702394406208,-0.01355007182688537,-0.03863520479938859,-0.0135,0.0,9.299,0.0,0.0,1.0,0.0,0.0,0.0,-0.05,-0.027,0.0,0.0,0.0
9.4033,0.9991512053840157,-0.004395022897216972,-0.013245069004240911,-0.03875720191750587,-0.0135,0.0,9.7105,0.0,0.0,1.0,0.0,0.0,0.0,0.0385,-0.027,0.0,0.0,0.0
9.4234,0.9991521798967414,-0.004700029070340755,-0.013245081922694319,-0.03869623934168204,-0.0135,0.0,9.3376,0.0,0.0,1.0,0.0,0.0,0.0,-0.0346,-0.027,0.0,0.0,0.0
9.4435,0.99915750712897,-0.004578052724663284,-0.013062150434589748,-0.03863544495792176,-0.0135,0.0,9.7472,0.0,0.0,1.0,0.0,0.0,0.0,0.0192,-0.027,0.0,0.0,0.0
9.4636,0.9991615842221162,-0.0047000733084493615,-0.013245206589449322,-0.03845259975670101,-0.0135,0.0,9.4633,0.0,0.0,1.0,0.0,0.0,0.0,-0.0154,-0.027,0.0,0.0,0.0
9.4837,0.9991658178277207,-0.00463909201348231,-0.013123260291642243,-0.038391761476524955,-0.0135,0.0,9.7485,0.0,0.0,1.0,0.0,0.0,0.0,0.0038,-0.027,0.0,0.0,0.0
9.5038,0.9991642106615832,-0.004639084551466036,-0.013245241406373714,-0.038391699723072326,-0.0135,0.0,9.4906,0.0,0.0,1.0,0.0,0.0,0.0,0.0,-0.027,0.0,0.0,0.0
9.5238,0.9991681857727094,-0.004456098944301625,-0.01318429274723354,-0.03833085110751372,-0.0135,0.0,9.7485,0.0,0.0,1.0,0.0,0.0,0.0,-0.0115,-0.027,0.0,0.0,0.0
9.5439,0.9991662976994836,-0.004517091763074231,-0.013306270312035812,-0.038330778675810306,-0.0135,0.0,9.5243,0.0,0.0,1.0,0.0,0.0,0.0,0.0231,-0.027,0.0,0.0,0.0
9.564,0.9991702548570752,-0.004333105186124656,-0.01324532153016873,-0.03826992900249354,-0.0135,0.0,9.7021,0.0,0.0,1.0,0.0,0.0,0.0,-0.0385,-0.027,0.0,0.0,0.0
9.5841,0.9991702548570752,-0.004333105186124656,-0.01324532153016873,-0.03826992900249354,-0.0135,0.0,9.7021,0.0,0.0,1.0,0.0,0.0,0.0,0.0423,-0.027,0.0,0.0,0.0
9.6042,0.9991715060561841,-0.004395112194931397,-0.013306339673664895,-0.03820897536835938,-0.0135,0.0,9.3623,0.3,0.0,1.0,0.0,0.0,0.0,-0.05,-0.027,0.0,0.0,0.0
9.6243,0.9991733611859064,-0.004150113645975174,-0.013245362708660528,-0.038209046309739654,-0.0135,0.0,9.7414,0.3,0.0,1.0,0.0,0.0,0.0,0.05,-0.0406,0.0,0.0,0.0
9.6444,0.9991727361753205,-0.0042721143145656075,-0.013428359320221675,-0.03814802077662328,0.0406,0.0,8.7971,0.3,0.0,1.0,0.0,0.0,0.0,-0.0577,-0.0406,0.0,0.0,0.0
9.6645,0.9992468683854914,-0.002868939328986791,-0.013366717326792074,-0.036315232022127775,0.0676,0.0,10.0892,0.3,0.0,1.0,0.0,0.0,0.0,0.0577,-0.0406,0.0,0.0,0.0
9.6846,0.999251065440987,-0.00122097930775672,-0.01379376623357595,-0.03613238765534288,0.0811,0.0,9.5736,0.3,0.0,1.0,0.0,0.0,0.0,-0.0616,-0.0135,0.0,0.0,0.0
9.7047,0.9991861548301734,-0.0015869668924612063,-0.013366721141480123,-0.03802420673335689,0.1217,0.0,9.4322,0.3,0.0,1.0,0.0,0.0,0.0,0.0616,-0.0135,0.0,0.0,0.0
9.7248,0.9991731924088313,-0.001648044851392842,-0.013794375412689857,-0.03820903985559326,0.1217,0.0,9.567,0.3,0.0,1.0,0.0,0.0,0.0,-0.0616,-0.0135,0.0,0.0,0.0
9.7449,0.9991654814713535,-0.000549010704469389,-0.01458728441911656,-0.03814774379488861,0.1082,0.0,9.7991,0.3,0.0,1.0,0.0,0.0,0.0,0.0577,0.0135,0.0,0.0,0.0
9.765,0.9991520928355498,-0.0007930048357483168,-0.014038085604331549,-0.0386962359698827,0.1352,0.0,9.2224,0.3,0.0,1.0,0.0,0.0,0.0,-0.0539,0.0406,0.0,0.0,0.0
9.7851,0.9991355865506273,-0.002013979009386978,-0.013732856869866632,-0.03918459160021287,0.1487,0.0,10.746,0.3,0.0,1.0,0.0,0.0,0.0,0.0462,0.0135,0.0,0.0,0.0
9.8052,0.99914483629319,-0.0025629970148701433,-0.013488984289341937,-0.03900095457547825,0.1893,0.0,9.4414,0.3,0.0,1.0,0.0,0.0,0.0,-0.0385,0.0406,0.0,0.0,0.0
9.8253,0.9991754656543362,-0.0022580665903156193,-0.013367394204051775,-0.03827012858493729,0.2028,0.0,11.3212,0.3,0.0,1.0,0.0,0.0,0.0,0.0269,-0.0135,0.0,0.0,0.0
9.8453,0.9991440176447831,-0.0020749958830970877,-0.01397697226893881,-0.03887892286213574,0.2028,0.0,10.967,0.3,0.0,1.0,0.0,0.0,0.0,-0.0192,0.0135,0.0,0.0,0.0
9.8654,0.9991699299217827,-0.002502059923839256,-0.013733328910505414,-0.03826991655691636,0.2028,0.0,9.6501,0.3,0.0,1.0,0.0,0.0,0.0,0.0038,0.0,0.0,0.0,0.0
9.8855,0.9991362441796019,-0.0036619642436497776,-0.014037862930736101,-0.038939619783648904,0.1893,0.0,8.3151,0.3,0.0,1.0,0.0,0.0,0.0,0.0077,0.0,0.0,0.0,0.0
9.9056,0.9991498778011219,-0.004272016580125817,-0.013733053299360466,-0.038635149946901044,0.2028,0.0,9.6652,0.3,0.0,1.0,0.0,0.0,0.0,-0.0154,0.027,0.0,0.0,0.0
9.9257,0.9991675214883695,-0.0050661091210494535,-0.01336728792362181,-0.03820882299586614,0.1893,0.0,8.354,0.3,0.0,1.0,0.0,0.0,0.0,0.0269,-0.0135,0.0,0.0,0.0
9.9458,0.999177019301021,-0.005065847997240782,-0.013183604420770332,-0.038023859079171114,0.2434,0.0,9.657,0.3,0.0,1.0,0.0,0.0,0.0,-0.0346,-0.027,0.0,0.0,0.0
9.9659,0.9991826753642149,-0.004760884098499136,-0.013732665684664705,-0.037719081746563306,0.2299,0.0,10.0459,0.3,0.0,1.0,0.0,0.0,0.0,0.0423,-0.0135,0.0,0.0,0.0
9.986,0.9991826753642149,-0.004760884098499136,-0.013732665684664705,-0.037719081746563306,0.2299,0.0,10.0459,0.3,0.0,1.0,0.0,0.0,0.0,-0.0462,-0.027,0.0,0.0,0.0
10.006,0.9992011797085489,-0.004210975471301439,-0.013732920006502662,-0.037291782777433724,0.2569,0.0,10.1146,0.3,0.0,1.0,0.0,0.0,0.0,0.0539,-0.0541,0.0,0.0,0.0
10.0261,0.9991610094264893,-0.004700070604600827,-0.014465217296925743,-0.03802557122126515,0.2569,0.0,11.8008,0.3,0.0,1.0,0.0,0.0,0.0,-0.0616,-0.0135,0.0,0.0,0.0
10.0462,0.9991969033531536,-0.003600963613119907,-0.014525853219711136,-0.037169624409793656,0.2705,0.0,11.5414,0.3,0.0,1.0,0.0,0.0,0.0,0.0577,-0.0135,0.0,0.0,0.0
10.0663,0.9991764287274465,-0.0036008898254791376,-0.01483154620702766,-0.03759684966908211,0.284,0.0,9.1816,0.3,0.0,1.0,0.0,0.0,0.0,-0.0616,-0.0135,0.0,0.0,0.0
10.0864,0.9991510254265644,-0.0031740159643374576,-0.015076075828088072,-0.03820819217561611,0.2975,0.0,9.3589,0.3,0.0,1.0,0.0,0.0,0.0,0.0616,0.0,0.0,0.0,0.0
10.1065,0.9991436004186458,-0.002685993549215511,-0.015502962767493708,-0.03826890809193162,0.2975,0.0,9.5028,0.3,0.0,1.0,0.0,0.0,0.0,-0.0616,0.0,0.0,0.0,0.0
10.1266,0.9991342121132509,-0.002318972640525636,-0.015563816376516184,-0.03851254562508144,0.2975,0.0,9.7498,0.3,0.0,1.0,0.0,0.0,0.0,0.0577,0.0,0.0,0.0,0.0
10.1467,0.9991338922091689,-0.0022579726372405034,-0.015441812871686408,-0.03857353255487828,0.2975,0.0,9.5543,0.3,0.0,1.0,0.0,0.0,0.0,-0.0539,0.0,0.0,0.0,0.0
10.1668,0.9991395259240652,-0.002257985369041698,-0.015380900337125952,-0.03845175084605473,0.2975,0.0,9.7449,0.3,0.0,1.0,0.0,0.0,0.0,0.0462,0.0,0.0,0.0,0.0
10.1869,0.999147384212751,-0.0020750028746964466,-0.015503021477792315,-0.03820805293320573,0.2975,0.0,9.4397,0.3,0.0,1.0,0.0,0.0,0.0,-0.0385,0.0,0.0,0.0,0.0
10.207,0.9991439376426494,-0.00189199609468475,-0.01574696749630064,-0.03820792113409887,0.2975,0.0,9.6476,0.3,0.0,1.0,0.0,0.0,0.0,0.0308,0.0,0.0,0.0,0.0
10.2271,0.9991403051592813,-0.0015259913022451794,-0.015868909551329476,-0.0382687818778642,0.2975,0.0,9.5099,0.3,0.0,1.0,0.0,0.0,0.0,-0.0231,0.0,0.0,0.0,0.0
10.2472,0.9991376492274385,-0.0013429887753265764,-0.016051865838825206,-0.038268680151133834,0.2975,0.0,9.5977,0.3,0.0,1.0,0.0,0.0,0.0,0.0115,0.0,0.0,0.0,0.0
10.2673,0.9991418630566848,-0.0008539964640306872,-0.016112933284457287,-0.03814684205313673,0.2975,0.0,9.4554,0.3,0.0,1.0,0.0,0.0,0.0,-0.0077,0.0,0.0,0.0,0.0
10.2873,0.999148821252051,-0.0008540024114085916,-0.016113045497689323,-0.037964107197559605,0.2975,0.0,9.3963,0.3,0.0,1.0,0.0,0.0,0.0,-0.0038,0.0,0.0,0.0,0.0
10.3074,0.9991598585237802,-0.0005490076148326195,-0.015869220108886854,-0.03778152403641405,0.2975,0.0,9.5753,0.3,0.0,1.0,0.0,0.0,0.0,0.0115,0.0,0.0,0.0,0.0
10.3276,0.9991623976374531,-0.0007320120133299983,-0.015991262438743197,-0.03765961804644058,0.2975,0.0,9.1895,0.3,0.0,1.0,0.0,0.0,0.0,-0.0231,0.0,0.0,0.0,0.0
10.3476,0.9991707736468667,-0.00036600907490472005,-0.016052398006477037,-0.03741592769825175,0.2975,0.0,9.5,0.3,0.0,1.0,0.0,0.0,0.0,0.0269,0.0,0.0,0.0,0.0
10.3677,0.999173376134359,-0.0004270116996008267,-0.016174443160055813,-0.037293021783405496,0.2975,0.0,9.6683,0.3,0.0,1.0,0.0,0.0,0.0,-0.0385,0.0,0.0,0.0,0.0
10.3878,0.9991710639025109,-0.00042701071143393457,-0.016174405730052677,-0.03735493703724413,0.2975,0.0,9.3493,0.3,0.0,1.0,0.0,0.0,0.0,0.0423,0.0,0.0,0.0,0.0
10.4079,0.9991793413745608,-0.0007929780493031212,-0.016356547228816146,-0.037046974490015316,0.2975,0.0,9.1762,0.3,0.0,1.0,0.0,0.0,0.0,-0.05,0.0,0.0,0.0,0.0
10.4281,0.9991865944810054,-0.0009769800479859942,-0.01672365846726488,-0.03668125089070862,0.2975,0.0,9.4066,0.3,0.0,1.0,0.0,0.0,0.0,0.0539,0.0,0.0,0.0,0.0
10.4481,0.9991894846426248,-0.001647971111782687,-0.017028701494264213,-0.03643736126889413,0.2975,0.0,9.4531,0.3,0.0,1.0,0.0,0.0,0.0,-0.0577,0.0,0.0,0.0,0.0
10.4682,0.9991842190758256,-0.0022579485198494526,-0.01739460341132917,-0.03637617064063936,0.2975,0.0,9.7588,0.3,0.0,1.0,0.0,0.0,0.0,0.0577,0.0,0.0,0.0,0.0
10.4883,0.9991676119164383,-0.0034790752521226005,-0.018005389455150175,-0.036438788168106806,0.2975,0.0,9.3838,0.3,0.0,1.0,0.0,0.0,0.0,-0.0616,0.0,0.0,0.0,0.0
10.5084,0.9991425106482481,-0.004455984438158777,-0.018676934773674048,-0.03668187189419675,0.2975,0.0,9.9736,0.3,0.0,1.0,0.0,0.0,0.0,0.0616,0.0,0.0,0.0,0.0
10.5285,0.9991112605541493,-0.005676154872768803,-0.019165522927521883,-0.03711001253938995,0.2975,0.0,9.5603,0.3,0.0,1.0,0.0,0.0,0.0,-0.0616,0.0,0.0,0.0,0.0
10.5486,0.9990904378548008,-0.006104039332694449,-0.01928712428074671,-0.03753724187931707,0.2975,0.0,10.0759,0.3,0.0,1.0,0.0,0.0,0.0,0.0539,0.0,0.0,0.0,0.0
10.5687,0.9990653150158044,-0.006591876715655721,-0.019591633588156396,-0.03796328999289351,0.2975,0.0,9.722,0.3,0.0,1.0,0.0,0.0,0.0,-0.0539,0.0,0.0,0.0,0.0
10.5888,0.9990327589163468,-0.006714065585441324,-0.019775193171299117,-0.038696378000333265,0.2975,0.0,10.0731,0.3,0.0,1.0,0.0,0.0,0.0,0.0462,0.0,0.0,0.0,0.0
10.612,0.9989857829912868,-0.0068971642017323,-0.020264482439307438,-0.03961294307075825,0.2975,0.0,9.456,0.3,0.0,1.0,0.0,0.0,0.0,-0.0385,0.0,0.0,0.0,0.0
10.6321,0.9989386543172551,-0.006225854498748928,-0.020629517878122467,-0.040709048609712244,0.2975,0.0,9.6967,0.3,0.0,1.0,0.0,0.0,0.0,0.0308,0.0,0.0,0.0,0.0
10.6522,0.99888546934008,-0.005370916493051433,-0.02099567355950622,-0.04193034806742496,0.2975,0.0,9.4786,0.3,0.0,1.0,0.0,0.0,0.0,-0.0231,0.0,0.0,0.0,0.0
10.6726,0.9988393146441423,-0.004149997152470051,-0.02111798550984642,-0.04309097043303306,0.2975,0.0,9.9746,0.3,0.0,1.0,0.0,0.0,0.0,0.0115,0.0,0.0,0.0,0.0
10.6927,0.9987953444696899,-0.0031130509425349785,-0.021484351573858505,-0.04400672013401675,0.2975,0.0,9.5057,0.3,0.0,1.0,0.0,0.0,0.0,-0.0077,0.0,0.0,0.0,0.0
10.7128,0.9987545425924729,-0.002196946201387556,-0.021728467915316442,-0.044859901474941954,0.2975,0.0,9.8815,0.3,0.0,1.0,0.0,0.0,0.0,-0.0038,0.0,0.0,0.0,0.0
10.7329,0.9987060202790435,-0.0016479802320773854,-0.02209473496829482,-0.04577545091236318,0.2975,0.0,9.6259,0.3,0.0,1.0,0.0,0.0,0.0,0.0115,0.0,0.0,0.0,0.0
10.753,0.9986560343624977,-0.0012209988193710233,-0.022460978281648312,-0.04669195485181965,0.2975,0.0,9.9664,0.3,0.0,1.0,0.0,0.0,0.0,-0.0231,0.0,0.0,0.0,0.0
10.7731,0.9985922211734116,-0.0006709974608423777,-0.023131912465284617,-0.0477288193868049,0.2975,0.0,9.4406,0.3,0.0,1.0,0.0,0.0,0.0,0.0269,0.0,0.0,0.0,0.0
10.7932,0.9985279453990245,-0.0001829987071139405,-0.023742832256865347,-0.04876665546352826,0.2975,0.0,9.6989,0.3,0.0,1.0,0.0,0.0,0.0,-0.0385,0.0,0.0,0.0,0.0
10.8133,0.9984512633689535,0.0006099861094580987,-0.02441344405952446,-0.04998686170424793,0.2975,0.0,9.4925,0.3,0.0,1.0,0.0,0.0,0.0,0.0423,0.0,0.0,0.0,0.0
10.8335,0.9983782708113536,0.0012210321296102656,-0.024963656880803382,-0.05114834589121703,0.2975,0.0,9.7254,0.3,0.0,1.0,0.0,0.0,0.0,-0.05,0.0,0.0,0.0,0.0
10.8536,0.9983157894342332,0.0020140500113900142,-0.025635636565036216,-0.052003291307002604,0.2975,0.0,9.3271,0.3,0.0,1.0,0.0,0.0,0.0,0.0539,0.0,0.0,0.0,0.0
10.8736,0.9982702364575626,0.0025019479606816306,-0.026366451590444626,-0.05248890825586672,0.2975,0.0,9.4181,0.3,0.0,1.0,0.0,0.0,0.0,-0.0577,0.0,0.0,0.0,0.0
10.8937,0.9982340529632621,0.0032350131345843715,-0.02691710928705021,-0.05285621460327394,0.2975,0.0,9.3198,0.3,0.0,1.0,0.0,0.0,0.0,0.0577,0.0,0.0,0.0,0.0
10.9138,0.9982054799220752,0.003478914543390707,-0.027343328334140653,-0.053160694152266874,0.2975,0.0,9.2285,0.3,0.0,1.0,0.0,0.0,0.0,-0.0616,0.0,0.0,0.0,0.0
10.9339,0.9981818539789349,0.004028051870802593,-0.027649356051594038,-0.05340668773884888,0.2975,0.0,9.2664,0.3,0.0,1.0,0.0,0.0,0.0,0.0577,0.0,0.0,0.0,0.0
10.954,0.9981709945502686,0.00384500768311357,-0.02783205561415259,-0.05352810696013072,0.2975,0.0,9.1068,0.3,0.0,1.0,0.0,0.0,0.0,-0.0616,0.0,0.0,0.0,0.0
10.9741,0.9981637997178965,0.003600981239433554,-0.027770855318053057,-0.053710720175288884,0.2975,0.0,9.3849,0.3,0.0,1.0,0.0,0.0,0.0,0.0539,0.0,0.0,0.0,0.0
10.9942,0.9981580247848307,0.002868968454347594,-0.027709695318916594,-0.05389340741673371,0.2975,0.0,8.9934,0.3,0.0,1.0,0.0,0.0,0.0,-0.05,0.0,0.0,0.0,0.0
11.0143,0.9981501566036279,0.002135959676673344,-0.027343483801009247,-0.05425897568178634,0.2975,0.0,9.4418,0.3,0.0,1.0,0.0,0.0,0.0,0.0462,0.0,0.0,0.0,0.0
11.0344,0.9981534661080195,0.0010989828969370074,-0.02691658110723691,-0.05444215273698033,0.2975,0.0,9.4425,0.3,0.0,1.0,0.0,0.0,0.0,-0.0385,0.0,0.0,0.0,0.0
11.0545,0.9981686985855391,0.00042699987105993854,-0.02648899200118652,-0.05438198357841084,0.2975,0.0,9.3279,0.3,0.0,1.0,0.0,0.0,0.0,0.0308,0.0,0.0,0.0,0.0
11.0746,0.9981832073549941,-0.0004270060776687887,-0.02606237095129768,-0.054321773173411136,0.2975,0.0,9.3202,0.3,0.0,1.0,0.0,0.0,0.0,-0.0231,0.0,0.0,0.0,0.0
11.0947,0.9981970666580817,-0.0008540240128936082,-0.025513717378167065,-0.054322527405613386,0.2975,0.0,9.4306,0.3,0.0,1.0,0.0,0.0,0.0,0.0115,0.0,0.0,0.0,0.0
11.1148,0.9982002110612619,-0.00164795082078174,-0.0249622550601788,-0.05450237350478654,0.2975,0.0,9.1941,0.3,0.0,1.0,0.0,0.0,0.0,-0.0077,0.0,0.0,0.0,0.0
11.1349,0.9982131919677469,-0.0019529671157078098,-0.02441358892109091,-0.05450308227062912,0.2975,0.0,9.4812,0.3,0.0,1.0,0.0,0.0,0.0,-0.0038,0.0,0.0,0.0,0.0
11.155,0.9982215670139047,-0.002501978863256751,-0.0242917947826671,-0.054381540584184096,0.2975,0.0,9.2618,0.3,0.0,1.0,0.0,0.0,0.0,0.0115,0.0,0.0,0.0,0.0
11.1751,0.9982282745629205,-0.00274699525182006,-0.023986958538554017,-0.0543819060009022,0.2975,0.0,9.7129,0.3,0.0,1.0,0.0,0.0,0.0,-0.0192,-0.0135,0.0,0.0,0.0
11.1952,0.998223721842376,-0.003356978886854588,-0.023681851057042118,-0.05456465682490935,0.2975,0.0,9.3026,0.3,0.0,1.0,0.0,0.0,0.0,0.0269,-0.0135,0.0,0.0,0.0
11.2152,0.9982304238781758,-0.003357001425482139,-0.02325400987434069,-0.054626023195825824,0.2975,0.0,9.7953,0.3,0.0,1.0,0.0,0.0,0.0,-0.0385,-0.0135,0.0,0.0,0.0
11.2354,0.9982350212640574,-0.003540017806792785,-0.023315117278354183,-0.05450427416424686,0.2975,0.0,9.4916,0.3,0.0,1.0,0.0,0.0,0.0,0.0423,-0.0135,0.0,0.0,0.0
11.2555,0.9982349561999477,-0.0034180169703289034,-0.023193115152966137,-0.05456527091456892,0.2975,0.0,9.8331,0.3,0.0,1.0,0.0,0.0,0.0,-0.05,-0.0135,0.0,0.0,0.0
11.2755,0.9982249171145512,-0.0034179825958922626,-0.023192881903607167,-0.05474872122367047,0.2975,0.0,9.4536,0.3,0.0,1.0,0.0,0.0,0.0,0.0539,-0.0135,0.0,0.0,0.0
11.2956,0.9982178558313026,-0.0029299643544931694,-0.023131718582981575,-0.054931331713658216,0.2975,0.0,9.7743,0.3,0.0,1.0,0.0,0.0,0.0,-0.0577,-0.0135,0.0,0.0,0.0
11.3157,0.9981984263940252,-0.002441071961589483,-0.023438690960972702,-0.05517762660903791,0.2975,0.0,9.4546,0.3,0.0,1.0,0.0,0.0,0.0,0.0577,-0.0135,0.0,0.0,0.0
11.3359,0.9981783530887809,-0.0019530183000898496,-0.023621221334573696,-0.055481519870601737,0.2975,0.0,9.729,0.3,0.0,1.0,0.0,0.0,0.0,-0.0616,-0.0135,0.0,0.0,0.0
11.356,0.9981605889603732,-0.0012819891972673907,-0.023986797874300317,-0.05566353094905796,0.2975,0.0,9.449,0.3,0.0,1.0,0.0,0.0,0.0,0.0577,-0.0135,0.0,0.0,0.0
11.3761,0.9981558163552084,-0.0005489927489022457,-0.0243526783497568,-0.055602265605121604,0.2975,0.0,9.804,0.3,0.0,1.0,0.0,0.0,0.0,-0.0577,-0.0135,0.0,0.0,0.0
11.3961,0.9981541087841821,0.00018299726990871068,-0.024840629408755296,-0.055419173214975914,0.2975,0.0,9.5561,0.3,0.0,1.0,0.0,0.0,0.0,0.0539,-0.0135,0.0,0.0,0.0
11.4162,0.998141731508687,0.0005489850021371846,-0.025329308022103515,-0.055418486008092294,0.2975,0.0,9.7985,0.3,0.0,1.0,0.0,0.0,0.0,-0.05,-0.0135,0.0,0.0,0.0
11.4363,0.9981133120819771,0.0010380055243932491,-0.025757137082655868,-0.055725296576891625,0.2975,0.0,9.5563,0.3,0.0,1.0,0.0,0.0,0.0,0.0462,-0.0135,0.0,0.0,0.0
11.4564,0.998081538551798,0.0012819660121183383,-0.026183305820051815,-0.056089512937386454,0.2975,0.0,9.7974,0.3,0.0,1.0,0.0,0.0,0.0,-0.0385,-0.0135,0.0,0.0,0.0
11.4765,0.9980538075361512,0.0017700120729173994,-0.026550181093760932,-0.0563963846690675,0.2975,0.0,9.8281,0.3,0.0,1.0,0.0,0.0,0.0,0.0308,-0.0135,0.0,0.0,0.0
11.4966,0.99803895658745,0.0016479867185173868,-0.026854783571471048,-0.056518544504783885,0.2975,0.0,9.6462,0.3,0.0,1.0,0.0,0.0,0.0,-0.0231,-0.0135,0.0,0.0,0.0
11.5167,0.9980339059948247,0.0017089775785560821,-0.027038645258383693,-0.05651825849175591,0.2975,0.0,9.6889,0.3,0.0,1.0,0.0,0.0,0.0,0.0115,-0.0135,0.0,0.0,0.0
11.5368,0.9980209939826175,0.0014039634161032522,-0.027404285910476788,-0.056578525700228983,0.2975,0.0,9.3919,0.3,0.0,1.0,0.0,0.0,0.0,-0.0077,-0.0135,0.0,0.0,0.0
11.5569,0.9980035998902888,0.001526026911632613,-0.02777148975291558,-0.056702999962904344,0.2975,0.0,9.7285,0.3,0.0,1.0,0.0,0.0,0.0,-0.0038,-0.0135,0.0,0.0,0.0
11.577,0.9979749558150792,0.0010989878379464007,-0.028319686597490394,-0.05694536980864012,0.2975,0.0,9.7738,0.3,0.0,1.0,0.0,0.0,0.0,0.0115,-0.0135,0.0,0.0,0.0
11.5971,0.9979576413243747,0.0010379705042903448,-0.02868618483292585,-0.057066378361118775,0.2975,0.0,9.5345,0.3,0.0,1.0,0.0,0.0,0.0,-0.0192,-0.0135,0.0,0.0,0.0
11.6171,0.9979523100437021,0.0007930217018960965,-0.02899279341913171,-0.05700856010087063,0.2975,0.0,9.6546,0.3,0.0,1.0,0.0,0.0,0.0,0.0269,-0.0135,0.0,0.0,0.0
11.6372,0.997955792861243,0.0009769704280675681,-0.02911311877457422,-0.05688327819920497,0.2975,0.0,9.411,0.3,0.0,1.0,0.0,0.0,0.0,-0.0385,-0.0135,0.0,0.0,0.0
11.6573,0.9979610491370703,0.0008539786489620716,-0.029174270589541362,-0.05676158085601152,0.2975,0.0,9.5301,0.3,0.0,1.0,0.0,0.0,0.0,0.0423,-0.0135,0.0,0.0,0.0
11.6774,0.9979610491370703,0.0008539786489620716,-0.029174270589541362,-0.05676158085601152,0.2975,0.0,9.5301,0.3,0.0,1.0,0.0,0.0,0.0,-0.05,-0.0135,0.0,0.0,0.0
11.6975,0.9979591273338961,0.001098970407340338,-0.02911321605032441,-0.05682246990601203,0.2975,0.0,9.3687,0.3,0.0,1.0,0.0,0.0,0.0,0.0539,-0.0135,0.0,0.0,0.0
11.7176,0.9979678845888191,0.0010989800509858035,-0.028930474845377717,-0.05676196963976965,0.2975,0.0,9.6829,0.3,0.0,1.0,0.0,0.0,0.0,-0.0577,-0.0135,0.0,0.0,0.0
11.7378,0.9979698826266344,0.0008539862079860357,-0.02886953375240829,-0.056762083283268094,0.2975,0.0,9.3396,0.3,0.0,1.0,0.0,0.0,0.0,0.0577,-0.0135,0.0,0.0,0.0
11.7579,0.9979874747162032,0.0005490008112530656,-0.028625042298941382,-0.0565800836078289,0.2975,0.0,9.7669,0.3,0.0,1.0,0.0,0.0,0.0,-0.0616,-0.0135,0.0,0.0,0.0
11.778,0.9979928065856465,0.00024400166415851696,-0.0284421939835919,-0.05658038589380597,0.2975,0.0,9.4179,0.3,0.0,1.0,0.0,0.0,0.0,0.0577,-0.0135,0.0,0.0,0.0
11.7981,0.9979979546544709,-0.00030500365352781165,-0.028137337046925354,-0.05664167849006286,0.2975,0.0,9.6883,0.3,0.0,1.0,0.0,0.0,0.0,-0.0577,-0.0135,0.0,0.0,0.0
11.8181,0.997990679166615,-0.0005490025740465983,-0.027649129635363357,-0.057007267283560314,0.2975,0.0,9.451,0.3,0.0,1.0,0.0,0.0,0.0,0.0539,-0.0135,0.0,0.0,0.0
11.8383,0.9979828244751008,-0.0007319976708248105,-0.02703891396370515,-0.057433817248842,0.2975,0.0,9.6522,0.3,0.0,1.0,0.0,0.0,0.0,-0.05,-0.0135,0.0,0.0,0.0
11.8584,0.997966073842768,-0.0004269914743602177,-0.02648847111083831,-0.057981842289997323,0.2975,0.0,9.5322,0.3,0.0,1.0,0.0,0.0,0.0,-0.0385,-0.0135,0.0,0.0,0.0
11.8785,0.9979398319954649,-0.0005490081596968774,-0.026123388261860895,-0.05859487087300369,0.2975,0.0,9.5381,0.3,0.0,1.0,0.0,0.0,0.0,0.0308,-0.0135,0.0,0.0,0.0
11.8986,0.9979114962422313,-0.0003659950473478991,-0.025695652285933686,-0.05926419803572003,0.2975,0.0,9.5697,0.3,0.0,1.0,0.0,0.0,0.0,-0.0231,-0.0135,0.0,0.0,0.0
11.9187,0.9978753961328937,-0.00036600417991292794,-0.025391289978604605,-0.05999868520878726,0.2975,0.0,9.3829,0.3,0.0,1.0,0.0,0.0,0.0,0.0115,-0.0135,0.0,0.0,0.0
11.9388,0.9978531670604758,0.00024399735110472096,-0.024962728998471392,-0.06054634269400494,0.2975,0.0,9.6833,0.3,0.0,1.0,0.0,0.0,0.0,-0.0038,-0.0135,0.0,0.0,0.0
11.9589,0.9978293126314367,0.00036600965162773494,-0.024719651854059856,-0.061036609527591774,0.2975,0.0,9.3848,0.3,0.0,1.0,0.0,0.0,0.0,-0.0038,-0.0135,0.0,0.0,0.0
11.9789,0.9978081365982968,0.0008540043963136489,-0.024353125367009645,-0.06152331671475942,0.2975,0.0,9.8041,0.3,0.0,1.0,0.0,0.0,0.0,0.0115,-0.0135,0.0,0.0,0.0
11.999,0.9977731620761512,0.0010989671359193116,-0.024230275405332728,-0.06213214196834399,0.2975,0.0,9.4594,0.3,0.0,1.0,0.0,0.0,0.0,-0.0231,-0.0135,0.0,0.0,0.0
12.0191,0.9977368692107078,0.001769990897950529,-0.02410887602185831,-0.06274367734520214,0.2975,0.0,9.9624,0.3,0.0,1.0,0.0,0.0,0.0,0.0269,-0.0135,0.0,0.0,0.0
12.0392,0.9977002634239804,0.0019530377089140103,-0.02417046667918664,-0.06329422207388324,0.2975,0.0,9.4959,0.3,0.0,1.0,0.0,0.0,0.0,-0.0385,-0.0135,0.0,0.0,0.0
12.0593,0.9976628395829122,0.002440955567382655,-0.024230558932097076,-0.06384183788955773,0.2975,0.0,9.8481,0.3,0.0,1.0,0.0,0.0,0.0,0.0423,-0.0135,0.0,0.0,0.0
12.0794,0.9976342692141199,0.0026250375460466595,-0.024414349199688785,-0.06420991839775614,0.2975,0.0,9.4425,0.3,0.0,1.0,0.0,0.0,0.0,-0.05,-0.0135,0.0,0.0,0.0
12.0995,0.9976050748732872,0.003051954339842103,-0.02459663201084406,-0.06457403391064975,0.2975,0.0,9.6445,0.3,0.0,1.0,0.0,0.0,0.0,0.0539,-0.0135,0.0,0.0,0.0
12.1196,0.9975790700632514,0.00305206140371953,-0.0248414997804052,-0.06488130533201919,0.2975,0.0,9.2803,0.3,0.0,1.0,0.0,0.0,0.0,-0.0577,-0.0135,0.0,0.0,0.0
12.1397,0.9975574500932013,0.003417994689455528,-0.025023961120226743,-0.06512489881532785,0.2975,0.0,9.6837,0.3,0.0,1.0,0.0,0.0,0.0,0.0577,-0.0135,0.0,0.0,0.0
12.1599,0.9975358321905967,0.003295923452046658,-0.025268413140099172,-0.0653674818376328,0.2975,0.0,9.273,0.3,0.0,1.0,0.0,0.0,0.0,-0.0616,-0.0135,0.0,0.0,0.0
12.18,0.9975227364575626,0.0033570832485759782,-0.025452631171509,-0.06549262407878732,0.2975,0.0,9.6871,0.3,0.0,1.0,0.0,0.0,0.0,0.0577,-0.0135,0.0,0.0,0.0
12.2001,0.9975044895409302,0.0028690186651932487,-0.025757167570366796,-0.06567442726312334,0.2975,0.0,9.1977,0.3,0.0,1.0,0.0,0.0,0.0,-0.0577,-0.0135,0.0,0.0,0.0
12.2201,0.997488817266947,0.0027469747117611324,-0.02575676288708825,-0.06591739317432478,0.2975,0.0,9.6068,0.3,0.0,1.0,0.0,0.0,0.0,0.0539,-0.0135,0.0,0.0,0.0
12.2402,0.9974662053707566,0.0023800696873911894,-0.025879757747897678,-0.06622493903701943,0.2975,0.0,9.3785,0.3,0.0,1.0,0.0,0.0,0.0,-0.05,-0.0135,0.0,0.0,0.0
12.2603,0.997453617258849,0.0021970366019284375,-0.025757429110546508,-0.06646810733744975,0.2975,0.0,9.7971,0.3,0.0,1.0,0.0,0.0,0.0,0.0462,-0.0135,0.0,0.0,0.0
12.2804,0.9974456475930147,0.0016480142878530606,-0.025635222250675414,-0.06665057784308631,0.2975,0.0,9.4481,0.3,0.0,1.0,0.0,0.0,0.0,-0.0385,-0.0135,0.0,0.0,0.0
12.3005,0.997451417079952,0.0012820185301893761,-0.025269365241306775,-0.06671196424919135,0.2975,0.0,9.7744,0.3,0.0,1.0,0.0,0.0,0.0,0.0308,-0.0135,0.0,0.0,0.0
12.3206,0.9974483682835709,0.0008540097334610326,-0.025085285906170887,-0.06683376172880684,0.2975,0.0,9.4154,0.3,0.0,1.0,0.0,0.0,0.0,-0.0231,-0.0135,0.0,0.0,0.0
12.3407,0.9974413102449661,0.0005490023724049643,-0.0247191068187217,-0.06707828986553716,0.2975,0.0,9.8076,0.3,0.0,1.0,0.0,0.0,0.0,0.0115,-0.0135,0.0,0.0,0.0
12.3607,0.9974123689274033,0.00012199698728756342,-0.0242304016308598,-0.06768632848787243,0.2975,0.0,9.4248,0.3,0.0,1.0,0.0,0.0,0.0,-0.0038,-0.0135,0.0,0.0,0.0
12.3808,0.9974123689274033,0.00012199698728756342,-0.0242304016308598,-0.06768632848787243,0.2975,0.0,9.4248,0.3,0.0,1.0,0.0,0.0,0.0,-0.0038,-0.0135,0.0,0.0,0.0
12.4009,0.9974057518892694,0.00024400752320940906,-0.02380473394457668,-0.06793409453549744,0.2975,0.0,9.8926,0.3,0.0,1.0,0.0,0.0,0.0,0.0115,-0.0135,0.0,0.0,0.0
12.421,0.9974047028840338,5.204170427930421e-18,-0.023499699825112824,-0.06805602672021066,0.2975,0.0,9.4025,0.3,0.0,1.0,0.0,0.0,0.0,-0.0192,-0.0135,0.0,0.0,0.0
12.4411,0.9974163359812863,0.00024399494502353077,-0.02300952329914511,-0.06805259011734127,0.2975,0.0,9.8204,0.3,0.0,1.0,0.0,0.0,0.0,0.0269,-0.0135,0.0,0.0,0.0
12.4612,0.997410834672313,0.0003049919990686708,-0.02270440438968563,-0.06823520996868432,0.2975,0.0,9.3168,0.3,0.0,1.0,0.0,0.0,0.0,-0.0385,-0.0135,0.0,0.0,0.0
12.4813,0.9974159425908836,0.0008539819707636866,-0.0222775296776034,-0.06829655812554797,0.2975,0.0,9.852,0.3,0.0,1.0,0.0,0.0,0.0,0.0423,-0.0135,0.0,0.0,0.0
12.5014,0.9974154552030757,0.0012209736262069268,-0.02209452274450613,-0.06835752343479046,0.2975,0.0,9.4009,0.3,0.0,1.0,0.0,0.0,0.0,-0.05,-0.0135,0.0,0.0,0.0
12.5215,0.9974326521756096,0.0016479928163737733,-0.021850904751567514,-0.06817570282105478,0.2975,0.0,9.8115,0.3,0.0,1.0,0.0,0.0,0.0,0.0539,-0.0135,0.0,0.0,0.0
12.5416,0.9974430447550732,0.0019530118357416663,-0.021729131683989048,-0.06805441242681178,0.2975,0.0,9.2366,0.3,0.0,1.0,0.0,0.0,0.0,-0.0577,-0.0135,0.0,0.0,0.0
12.5617,0.9974543673189363,0.002380041440430898,-0.02154537514037126,-0.06793318282829887,0.2975,0.0,9.655,0.3,0.0,1.0,0.0,0.0,0.0,0.0577,-0.0135,0.0,0.0,0.0
12.5817,0.9974517743700891,0.0028690424965865415,-0.0216063200352906,-0.06793300623148019,0.2975,0.0,9.3164,0.3,0.0,1.0,0.0,0.0,0.0,-0.0616,-0.0135,0.0,0.0,0.0
12.6018,0.9974414558088511,0.003113013906575511,-0.0216670967920885,-0.06805430401480546,0.2975,0.0,9.6222,0.3,0.0,1.0,0.0,0.0,0.0,0.0577,-0.0135,0.0,0.0,0.0
12.6219,0.9974266392197638,0.003478963862224443,-0.02191177239122217,-0.06817529182840278,0.2975,0.0,9.3516,0.3,0.0,1.0,0.0,0.0,0.0,-0.0577,-0.0135,0.0,0.0,0.0
12.6421,0.9974233137778429,0.0036619497522695325,-0.022033697662890983,-0.06817506453051003,0.2975,0.0,9.5777,0.3,0.0,1.0,0.0,0.0,0.0,0.0539,-0.0135,0.0,0.0,0.0
12.6622,0.9974272630917663,0.004088960083476185,-0.022155783714722002,-0.06805333566174815,0.2975,0.0,9.4144,0.3,0.0,1.0,0.0,0.0,0.0,-0.05,-0.0135,0.0,0.0,0.0
12.6823,0.9974275879571175,0.004027961990873881,-0.022338789204104162,-0.06799235840255402,0.2975,0.0,9.4372,0.3,0.0,1.0,0.0,0.0,0.0,0.0462,-0.0135,0.0,0.0,0.0
12.7024,0.9974227419323427,0.004210939804997307,-0.0225216780546543,-0.06799202806012383,0.2975,0.0,9.4106,0.3,0.0,1.0,0.0,0.0,0.0,-0.0385,-0.0135,0.0,0.0,0.0
12.7225,0.9974135976790288,0.0040889040620205085,-0.022765465853743914,-0.06805240328607083,0.2975,0.0,9.3213,0.3,0.0,1.0,0.0,0.0,0.0,0.0308,-0.0135,0.0,0.0,0.0
12.7426,0.9974055937024706,0.004272131040277687,-0.0228887020716001,-0.06811708937465218,0.2975,0.0,9.5195,0.3,0.0,1.0,0.0,0.0,0.0,-0.0231,-0.0135,0.0,0.0,0.0
12.7627,0.9974028919006066,0.0039061092324990856,-0.02307164518765649,-0.06811690485705957,0.2975,0.0,9.349,0.3,0.0,1.0,0.0,0.0,0.0,0.0115,-0.0135,0.0,0.0,0.0
12.7828,0.9974195205057294,0.003966930480668185,-0.023070595694352308,-0.06786981060081416,0.2975,0.0,9.8186,0.3,0.0,1.0,0.0,0.0,0.0,-0.0038,-0.0135,0.0,0.0,0.0
12.8029,0.9974352155545867,0.003417993885093075,-0.023192958507011,-0.06762687901322097,0.2975,0.0,9.3945,0.3,0.0,1.0,0.0,0.0,0.0,-0.0038,-0.0135,0.0,0.0,0.0
12.823,0.9974458403083971,0.003113027590594739,-0.02313220501947877,-0.06750559829845726,0.2975,0.0,9.7998,0.3,0.0,1.0,0.0,0.0,0.0,0.0115,-0.0135,0.0,0.0,0.0
12.8431,0.997447701724173,0.002441026190033767,-0.023132248188390415,-0.0675057242762101,0.2975,0.0,9.3925,0.3,0.0,1.0,0.0,0.0,0.0,-0.0192,-0.0135,0.0,0.0,0.0
12.8632,0.9974414496221653,0.0021970098009397084,-0.02307110292101955,-0.06762730168782405,0.2975,0.0,9.9144,0.3,0.0,1.0,0.0,0.0,0.0,0.0269,-0.0135,0.0,0.0,0.0
12.8833,0.9974216843051664,0.0017089737582198505,-0.02325364293367134,-0.06786995783741323,0.2975,0.0,9.4655,0.3,0.0,1.0,0.0,0.0,0.0,-0.0385,-0.0135,0.0,0.0,0.0
12.9034,0.9974149333508351,0.0016479635407170377,-0.023192486893112964,-0.067991495766974,0.2975,0.0,9.727,0.3,0.0,1.0,0.0,0.0,0.0,0.0423,-0.0135,0.0,0.0,0.0
12.9235,0.9974151264558415,0.0015259665352013382,-0.023192491383305744,-0.06799150893050093,0.2975,0.0,9.424,0.3,0.0,1.0,0.0,0.0,0.0,-0.05,-0.0135,0.0,0.0,0.0
12.9436,0.9974203752863432,0.001708971515358225,-0.023131614448956367,-0.06793086774799001,0.2975,0.0,9.6906,0.3,0.0,1.0,0.0,0.0,0.0,0.0539,-0.0135,0.0,0.0,0.0
12.9637,0.9974226516457361,0.001952971905658329,-0.02319266636350923,-0.06787002366048961,0.2975,0.0,9.3814,0.3,0.0,1.0,0.0,0.0,0.0,-0.0577,-0.0135,0.0,0.0,0.0
12.9838,0.9974248612168116,0.002196973262565294,-0.023253716999405215,-0.0678091747540065,0.2975,0.0,9.6901,0.3,0.0,1.0,0.0,0.0,0.0,0.0577,-0.0135,0.0,0.0,0.0
13.0038,0.9974239857875027,0.002501967354770613,-0.023437694189094135,-0.06774811603451392,0.2975,0.0,9.4819,0.3,0.0,1.0,0.0,0.0,0.0,-0.0616,-0.0135,0.0,0.0,0.0
13.0239,0.997423169844663,0.0027469619109410353,-0.023620672478463084,-0.06768706145896486,0.2975,0.0,9.7617,0.3,0.0,1.0,0.0,0.0,0.0,0.0577,-0.0135,0.0,0.0,0.0
13.0441,0.9974202471714928,0.0031739466898885044,-0.023864599166411184,-0.06762586414527083,0.2975,0.0,9.444,0.3,0.0,1.0,0.0,0.0,0.0,-0.0577,-0.0135,0.0,0.0,0.0
13.0642,0.9974482773700769,0.004089046231657988,-0.02392627051568817,-0.06713975909691496,0.2975,0.0,9.5644,0.3,0.0,1.0,0.0,0.0,0.0,0.0539,-0.0135,0.0,0.0,0.0
13.0843,0.9974644784526414,0.004456122758615302,-0.023865657458338005,-0.06689684289442788,0.2975,0.0,9.6148,0.3,0.0,1.0,0.0,0.0,0.0,-0.05,-0.0135,0.0,0.0,0.0
13.1044,0.9974644784526414,0.004456122758615302,-0.023865657458338005,-0.06689684289442788,0.2975,0.0,9.6148,0.3,0.0,1.0,0.0,0.0,0.0,0.0462,-0.0135,0.0,0.0,0.0
13.1245,0.9974903569220128,0.005065961183046903,-0.023864817140429193,-0.06646649071330024,0.2975,0.0,9.4554,0.3,0.0,1.0,0.0,0.0,0.0,-0.0385,-0.0135,0.0,0.0,0.0
13.1446,0.9975003934656644,0.005249012594813501,-0.023743056970595696,-0.06634515919277983,0.2975,0.0,9.6372,0.3,0.0,1.0,0.0,0.0,0.0,0.0308,-0.0135,0.0,0.0,0.0
13.1646,0.9975180533703385,0.005005100618866954,-0.023560473642458606,-0.06616333009899589,0.2975,0.0,9.3899,0.3,0.0,1.0,0.0,0.0,0.0,-0.0231,-0.0135,0.0,0.0,0.0
13.1847,0.9975411720575956,0.005126908372476512,-0.023070587685080076,-0.06597782085188754,0.2975,0.0,9.6805,0.3,0.0,1.0,0.0,0.0,0.0,0.0115,-0.0135,0.0,0.0,0.0
13.2048,0.9975411720575956,0.005126908372476512,-0.023070587685080076,-0.06597782085188754,0.2975,0.0,9.6805,0.3,0.0,1.0,0.0,0.0,0.0,-0.0077,-0.0135,0.0,0.0,0.0
13.2249,0.9975734322246935,0.00463906711491787,-0.022461324955415012,-0.06573595102373915,0.2975,0.0,9.2739,0.3,0.0,1.0,0.0,0.0,0.0,-0.0038,-0.0135,0.0,0.0,0.0
13.2451,0.9975871963197123,0.004272120749427167,-0.022095624522142594,-0.06567585629632006,0.2975,0.0,9.5997,0.3,0.0,1.0,0.0,0.0,0.0,0.0115,-0.0135,0.0,0.0,0.0
13.2651,0.997604995632405,0.0035399467578223326,-0.02160567504223426,-0.06561201316977297,0.2975,0.0,9.726,0.3,0.0,1.0,0.0,0.0,0.0,-0.0192,-0.0135,0.0,0.0,0.0
13.2856,0.9976224579282802,0.0029910073692021935,-0.021057051880070364,-0.06555216150650012,0.2975,0.0,9.7561,0.3,0.0,1.0,0.0,0.0,0.0,0.0269,-0.0135,0.0,0.0,0.0
13.3057,0.9976427487302982,0.0021360487072110816,-0.020569469034936654,-0.06543149200038424,0.2975,0.0,9.5503,0.3,0.0,1.0,0.0,0.0,0.0,-0.0385,-0.0135,0.0,0.0,0.0
13.3258,0.9976579299000005,0.0015869633026501485,-0.02008053565250006,-0.0653674884252914,0.2975,0.0,9.7721,0.3,0.0,1.0,0.0,0.0,0.0,0.0423,-0.0135,0.0,0.0,0.0
13.3459,0.9976582831410555,0.0006709847215569405,-0.01971355111888747,-0.06548950879207961,0.2975,0.0,9.5181,0.3,0.0,1.0,0.0,0.0,0.0,-0.05,-0.0135,0.0,0.0,0.0
13.366,0.997660426074235,0.00030499371036698565,-0.01940859975250088,-0.06555064820320161,0.2975,0.0,9.882,0.3,0.0,1.0,0.0,0.0,0.0,0.0539,-0.0135,0.0,0.0,0.0
13.3861,0.9976587453608499,-0.00042699047518102336,-0.01928656977708778,-0.06561153641230161,0.2975,0.0,9.4789,0.3,0.0,1.0,0.0,0.0,0.0,-0.0577,-0.0135,0.0,0.0,0.0
13.4062,0.9976632341688768,-0.0007319869651838777,-0.019042660898902476,-0.06561183162105177,0.2975,0.0,9.8459,0.3,0.0,1.0,0.0,0.0,0.0,0.0577,-0.0135,0.0,0.0,0.0
13.4263,0.9976679058792324,-0.001220983974916372,-0.018981750869666345,-0.0655511396590648,0.2975,0.0,9.4342,0.3,0.0,1.0,0.0,0.0,0.0,-0.0616,-0.0135,0.0,0.0,0.0
13.4464,0.9976781800157281,-0.00122099654879586,-0.01885994669147416,-0.06542981505955221,0.2975,0.0,9.9628,0.3,0.0,1.0,0.0,0.0,0.0,0.0577,-0.0135,0.0,0.0,0.0
13.4665,0.9976755501074369,-0.0014649919973492437,-0.018981896309681518,-0.06542964258468353,0.2975,0.0,9.3976,0.3,0.0,1.0,0.0,0.0,0.0,-0.0577,-0.0135,0.0,0.0,0.0
13.4866,0.9976757209954634,-0.001342992893817667,-0.01898189956101788,-0.06542965379187654,0.2975,0.0,9.769,0.3,0.0,1.0,0.0,0.0,0.0,0.0539,-0.0135,0.0,0.0,0.0
13.5066,0.9976797809507857,-0.0012819984335462975,-0.018981976806221438,-0.06536892012674579,0.2975,0.0,9.5534,0.3,0.0,1.0,0.0,0.0,0.0,-0.05,-0.0135,0.0,0.0,0.0
13.5267,0.9976831064489772,-0.0007930016742967294,-0.019043040206346392,-0.0653081378877315,0.2975,0.0,9.6076,0.3,0.0,1.0,0.0,0.0,0.0,0.0423,-0.0135,0.0,0.0,0.0
13.5469,0.9976728247357248,-0.0007929935019464398,-0.019164842956877162,-0.06542946384912446,0.2975,0.0,9.2936,0.3,0.0,1.0,0.0,0.0,0.0,-0.0385,-0.0135,0.0,0.0,0.0
13.5669,0.997659961752618,-0.00030499356841971227,-0.019225594578483336,-0.06561161640892682,0.2975,0.0,9.5748,0.3,0.0,1.0,0.0,0.0,0.0,0.0269,-0.0135,0.0,0.0,0.0
13.587,0.9976505570110433,1.7347234759768075e-18,-0.019287590759078602,-0.06573701345714907,0.2975,0.0,9.2491,0.3,0.0,1.0,0.0,0.0,0.0,-0.0231,-0.0135,0.0,0.0,0.0
13.6071,0.9976394858647571,0.0006710131062080318,-0.01922637552899483,-0.06591928753356291,0.2975,0.0,9.6887,0.3,0.0,1.0,0.0,0.0,0.0,0.0115,-0.0135,0.0,0.0,0.0
13.6272,0.9976168951472082,0.000853997342129988,-0.01934793978399409,-0.06622279389680791,0.2975,0.0,9.249,0.3,0.0,1.0,0.0,0.0,0.0,-0.0077,-0.0135,0.0,0.0,0.0
13.6473,0.9976013020971096,0.0014039736855158726,-0.01928663851320839,-0.06646575424158357,0.2975,0.0,9.6499,0.3,0.0,1.0,0.0,0.0,0.0,-0.0038,-0.0135,0.0,0.0,0.0
13.6674,0.9975781106297983,0.0015870304027826854,-0.019409371825840627,-0.06677327917744497,0.2975,0.0,9.3164,0.3,0.0,1.0,0.0,0.0,0.0,0.0115,-0.0135,0.0,0.0,0.0
13.6875,0.997564520516383,0.002014011145526228,-0.019226106397163455,-0.06701737087374932,0.2975,0.0,9.7305,0.3,0.0,1.0,0.0,0.0,0.0,-0.0231,-0.0135,0.0,0.0,0.0
13.7076,0.9975490942255729,0.0021359787894909745,-0.019164809691289544,-0.06726033209735588,0.2975,0.0,9.3502,0.3,0.0,1.0,0.0,0.0,0.0,0.0269,-0.0135,0.0,0.0,0.0
13.7277,0.9975438335117195,0.0023799638154313636,-0.0189817114052597,-0.06738197553580305,0.2975,0.0,9.6953,0.3,0.0,1.0,0.0,0.0,0.0,-0.0385,-0.0135,0.0,0.0,0.0
13.7479,0.9975367790448861,0.0023799469847165244,-0.018920578528496344,-0.06750349630390284,0.2975,0.0,9.3951,0.3,0.0,1.0,0.0,0.0,0.0,0.05,-0.0135,0.0,0.0,0.0
13.768,0.997534964865133,0.0023799426564032992,-0.018798547057867893,-0.0675643720682963,0.2975,0.0,9.7671,0.3,0.0,1.0,0.0,0.0,0.0,-0.0539,-0.0135,0.0,0.0,0.0
13.7881,0.9975290154496593,0.0023799284621462903,-0.018676438608195893,-0.06768596543939416,0.2975,0.0,9.4224,0.3,0.0,1.0,0.0,0.0,0.0,0.0616,-0.0135,0.0,0.0,0.0
13.8082,0.9975298287739495,0.0021969357539918647,-0.018432460971020474,-0.06774701884260116,0.2975,0.0,9.8158,0.3,0.0,1.0,0.0,0.0,0.0,-0.0654,-0.0135,0.0,0.0,0.0
13.8283,0.9975247551493208,0.002136057292344397,-0.018250489506219665,-0.06787282045351423,0.2975,0.0,9.4503,0.3,0.0,1.0,0.0,0.0,0.0,0.0654,-0.0135,0.0,0.0,0.0
13.8484,0.9975194323931114,0.001770038030488091,-0.018127389479467557,-0.0679944609078964,0.2975,0.0,9.8885,0.3,0.0,1.0,0.0,0.0,0.0,-0.0693,-0.0135,0.0,0.0,0.0
13.8685,0.9975092021386224,0.0017700198775189165,-0.018005202200411328,-0.0681767656326155,0.2975,0.0,9.7723,0.3,0.0,1.0,0.0,0.0,0.0,0.0577,-0.0135,0.0,0.0,0.0
13.8886,0.9975027344245488,0.0012820060847563326,-0.01794408516760345,-0.06829832416278303,0.2975,0.0,9.6356,0.3,0.0,1.0,0.0,0.0,0.0,-0.0539,-0.0135,0.0,0.0,0.0
13.9087,0.9974976742926238,0.0012819995813957985,-0.017760994200601198,-0.0684199776592046,0.2975,0.0,9.8547,0.3,0.0,1.0,0.0,0.0,0.0,0.0346,-0.0135,0.0,0.0,0.0
13.9288,0.9975003343659815,0.0007930018557954257,-0.01763904127916201,-0.06842016011793546,0.2975,0.0,9.4145,0.3,0.0,1.0,0.0,0.0,0.0,-0.0269,-0.0135,0.0,0.0,0.0
13.949,0.9975014058062854,0.0007930027075787483,-0.017578060017426483,-0.06842023360975769,0.2975,0.0,9.823,0.3,0.0,1.0,0.0,0.0,0.0,0.0115,-0.0135,0.0,0.0,0.0
13.969,0.9974943865766457,0.0003659986741698286,-0.01751693654489844,-0.06854175170750858,0.2975,0.0,9.2117,0.3,0.0,1.0,0.0,0.0,0.0,0.0,-0.0135,0.0,0.0,0.0
13.9891,0.9975006554904284,0.00042700113673853346,-0.017395046308118917,-0.06848118230677153,0.2975,0.0,9.6981,0.3,0.0,1.0,0.0,0.0,0.0,-0.0154,-0.0135,0.0,0.0,0.0
14.0092,0.997499639728163,0.0003050005013715239,-0.017456028694889422,-0.06848111257187917,0.2975,0.0,9.4393,0.3,0.0,1.0,0.0,0.0,0.0,0.0269,-0.0135,0.0,0.0,0.0
14.0293,0.9975079458137791,0.0003660036492983895,-0.01745617404959742,-0.06835968159122535,0.2975,0.0,9.8566,0.3,0.0,1.0,0.0,0.0,0.0,-0.0385,-0.0135,0.0,0.0,0.0
14.0495,0.99751939414857,0.00018300392494941496,-0.01751737570130516,-0.06817746222596222,0.2975,0.0,9.3362,0.3,0.0,1.0,0.0,0.0,0.0,0.05,-0.0135,0.0,0.0,0.0
14.0696,0.9975266310586463,-6.100175087526451e-05,-0.017578504539105727,-0.06805595334533515,0.2975,0.0,9.7385,0.3,0.0,1.0,0.0,0.0,0.0,-0.0577,-0.0135,0.0,0.0,0.0
14.0896,0.9975172697150081,6.100117840097605e-05,-0.01763934075106218,-0.06817731702729263,0.2975,0.0,9.4132,0.3,0.0,1.0,0.0,0.0,0.0,0.0616,-0.0135,0.0,0.0,0.0
14.1097,0.9974984921429351,6.100003009602146e-05,-0.017761008762875386,-0.06842003375687929,0.2975,0.0,9.7172,0.3,0.0,1.0,0.0,0.0,0.0,-0.0693,-0.0135,0.0,0.0,0.0
14.1298,0.9974815208087557,0.0003049949612396949,-0.018004702547936582,-0.06860286662586179,0.2975,0.0,9.4224,0.3,0.0,1.0,0.0,0.0,0.0,0.0654,-0.0135,0.0,0.0,0.0
14.1499,0.9974729539615838,0.00012199693671898633,-0.018249541763290657,-0.06866327590007422,0.2975,0.0,9.3781,0.3,0.0,1.0,0.0,0.0,0.0,-0.0654,-0.0135,0.0,0.0,0.0
14.17,0.9974748181900392,0.0004269900765386491,-0.018371573035522278,-0.06860240564603577,0.2975,0.0,9.5387,0.3,0.0,1.0,0.0,0.0,0.0,0.05,-0.0135,0.0,0.0,0.0
14.1901,0.9974683714355526,0.0004879855049940481,-0.018493450674917755,-0.0686629604516722,0.2975,0.0,9.3176,0.3,0.0,1.0,0.0,0.0,0.0,-0.0462,-0.0135,0.0,0.0,0.0
14.2102,0.9974671558684358,0.0011600350706935762,-0.018738566512634634,-0.06860607412919123,0.2975,0.0,9.8135,0.3,0.0,1.0,0.0,0.0,0.0,0.0269,-0.0135,0.0,0.0,0.0
14.2303,0.9974548350209583,0.0012210218325173358,-0.019165342686482123,-0.06866622778853616,0.2975,0.0,9.4389,0.3,0.0,1.0,0.0,0.0,0.0,-0.0192,-0.0135,0.0,0.0,0.0
14.2504,0.9974523152073964,0.0017700271775732135,-0.01947029895330533,-0.06860505338431228,0.2975,0.0,9.8124,0.3,0.0,1.0,0.0,0.0,0.0,0.0038,-0.0135,0.0,0.0,0.0
14.2705,0.9974516280171679,0.002136031325732526,-0.019897291801544946,-0.06848200431530388,0.2975,0.0,9.4809,0.3,0.0,1.0,0.0,0.0,0.0,0.0077,-0.0135,0.0,0.0,0.0
14.2906,0.9974711048584424,0.0031129160654200135,-0.020263453629833318,-0.06805216508708428,0.2975,0.0,9.7335,0.3,0.0,1.0,0.0,0.0,0.0,-0.0231,-0.0135,0.0,0.0,0.0
14.3107,0.9974734238463308,0.003417915788008357,-0.020507494728050128,-0.0679303263051445,0.2975,0.0,9.2422,0.3,0.0,1.0,0.0,0.0,0.0,0.0346,-0.0135,0.0,0.0,0.0
14.3307,0.9974697716812122,0.00414988255863875,-0.020751412736595476,-0.06786907931020963,0.2975,0.0,9.6833,0.3,0.0,1.0,0.0,0.0,0.0,-0.0462,-0.0135,0.0,0.0,0.0
14.3508,0.9974721688425996,0.004332887792852704,-0.020995456288653434,-0.06774724557534684,0.2975,0.0,9.306,0.3,0.0,1.0,0.0,0.0,0.0,0.0539,-0.0135,0.0,0.0,0.0
14.3709,0.9974826645151689,0.005004923053377974,-0.02093467814634722,-0.06756496124366351,0.2975,0.0,9.6457,0.3,0.0,1.0,0.0,0.0,0.0,-0.0654,-0.0135,0.0,0.0,0.0
14.391,0.9974826645151689,0.005004923053377974,-0.02093467814634722,-0.06756496124366351,0.2975,0.0,9.6457,0.3,0.0,1.0,0.0,0.0,0.0,0.0654,-0.0135,0.0,0.0,0.0
14.4111,0.9975031980017107,0.005249027352747558,-0.02087410877524337,-0.06726135049974342,0.2975,0.0,9.1166,0.3,0.0,1.0,0.0,0.0,0.0,-0.0693,-0.0135,0.0,0.0,0.0
14.4312,0.9975283458025441,0.005310161540385556,-0.02063062760417212,-0.06695803692995389,0.2975,0.0,9.5611,0.3,0.0,1.0,0.0,0.0,0.0,0.0616,-0.0135,0.0,0.0,0.0
14.4513,0.9975455929685935,0.004882934373270799,-0.020507724375801242,-0.06677110259513369,0.2975,0.0,9.2331,0.3,0.0,1.0,0.0,0.0,0.0,-0.0577,-0.0135,0.0,0.0,0.0
14.4714,0.9975639587531291,0.004883024272841539,-0.02020310042683136,-0.06658933100639874,0.2975,0.0,9.6515,0.3,0.0,1.0,0.0,0.0,0.0,0.0462,-0.0135,0.0,0.0,0.0
14.4915,0.9975713948741516,0.004333053838409262,-0.019958247982222926,-0.06658982738191421,0.2975,0.0,9.3168,0.3,0.0,1.0,0.0,0.0,0.0,-0.0385,-0.0135,0.0,0.0,0.0
14.5116,0.9975772000317967,0.004272077940789307,-0.019470355221715294,-0.06665121600037612,0.2975,0.0,9.6901,0.3,0.0,1.0,0.0,0.0,0.0,0.0192,-0.0135,0.0,0.0,0.0
14.5317,0.9975780838827077,0.0037840723901164447,-0.019104365470609005,-0.06677327738711808,0.2975,0.0,9.2572,0.3,0.0,1.0,0.0,0.0,0.0,-0.0115,-0.0135,0.0,0.0,0.0
14.5518,0.997582294103841,0.003723086936159769,-0.01867743612856727,-0.06683456062432591,0.2975,0.0,9.772,0.3,0.0,1.0,0.0,0.0,0.0,-0.0038,-0.0135,0.0,0.0,0.0
14.5718,0.9975886995879371,0.003174094497159682,-0.01843354879210598,-0.06683498976958807,0.2975,0.0,9.4219,0.3,0.0,1.0,0.0,0.0,0.0,0.0154,-0.0135,0.0,0.0,0.0
14.5919,0.9975929654089075,0.0026859272118525384,-0.018065510427895712,-0.06689318720658055,0.2975,0.0,9.8472,0.3,0.0,1.0,0.0,0.0,0.0,-0.0308,-0.0135,0.0,0.0,0.0
14.612,0.9975943159760734,0.0022579418671177173,-0.017821541167303764,-0.06695427619784483,0.2975,0.0,9.5078,0.3,0.0,1.0,0.0,0.0,0.0,0.0423,-0.0135,0.0,0.0,0.0
14.6321,0.997593996452247,0.0020139475039141464,-0.017638540229166607,-0.06701525316276759,0.2975,0.0,9.969,0.3,0.0,1.0,0.0,0.0,0.0,-0.0539,-0.0135,0.0,0.0,0.0
14.6522,0.9975838284576116,0.0018920470903894433,-0.017517435984329734,-0.06720167255505832,0.2975,0.0,9.5133,0.3,0.0,1.0,0.0,0.0,0.0,0.0577,-0.0135,0.0,0.0,0.0
14.6723,0.9975690345365353,0.001587015963777064,-0.017456175591488585,-0.0674446784253182,0.2975,0.0,9.7774,0.3,0.0,1.0,0.0,0.0,0.0,-0.0654,-0.0135,0.0,0.0,0.0
14.6924,0.9975584864560259,0.0017089991202057751,-0.017577990950835013,-0.0675659652169826,0.2975,0.0,9.5777,0.3,0.0,1.0,0.0,0.0,0.0,0.0654,-0.0135,0.0,0.0,0.0
14.7125,0.9975463343672726,0.0014649813994441,-0.017821773720745875,-0.06768714059083414,0.2975,0.0,9.5281,0.3,0.0,1.0,0.0,0.0,0.0,-0.0654,-0.0135,0.0,0.0,0.0
14.7326,0.9975226710976354,0.0016480407599503005,-0.01818844984343206,-0.06793368016076679,0.2975,0.0,9.5257,0.3,0.0,1.0,0.0,0.0,0.0,0.0577,-0.0135,0.0,0.0,0.0
14.7527,0.9975165246159706,0.0019530362693208332,-0.018494343453568592,-0.06793326157066194,0.2975,0.0,9.8894,0.3,0.0,1.0,0.0,0.0,0.0,-0.0539,-0.0135,0.0,0.0,0.0
14.7728,0.9975114884011425,0.0021970297083475972,-0.018738253379616408,-0.0679329185923846,0.2975,0.0,9.468,0.3,0.0,1.0,0.0,0.0,0.0,0.0385,-0.0135,0.0,0.0,0.0
14.7929,0.9975080511023603,0.0021970221376603153,-0.018921190653923878,-0.06793268450411477,0.2975,0.0,9.5252,0.3,0.0,1.0,0.0,0.0,0.0,-0.0269,-0.0135,0.0,0.0,0.0
14.813,0.9974935559786039,0.002379989396699622,-0.019225914344935667,-0.0680536968079814,0.2975,0.0,9.41,0.3,0.0,1.0,0.0,0.0,0.0,0.0115,-0.0135,0.0,0.0,0.0
14.8331,0.9974729805279428,0.002318941834313755,-0.019652507058977222,-0.06823528846402221,0.2975,0.0,9.4082,0.3,0.0,1.0,0.0,0.0,0.0,0.0,-0.0135,0.0,0.0,0.0
14.8532,0.9974587931746257,0.0026250573540819097,-0.01989743473301625,-0.06836049358768942,0.2975,0.0,9.6509,0.3,0.0,1.0,0.0,0.0,0.0,-0.0154,-0.0135,0.0,0.0,0.0
14.8733,0.9974500539451863,0.00250203274489603,-0.02014226360819174,-0.06842089544595759,0.2975,0.0,9.3126,0.3,0.0,1.0,0.0,0.0,0.0,0.0269,-0.0135,0.0,0.0,0.0
14.8934,0.9974507735402307,0.0028690396178274184,-0.020264279824208684,-0.06835994396481844,0.2975,0.0,9.8043,0.3,0.0,1.0,0.0,0.0,0.0,-0.0385,-0.0135,0.0,0.0,0.0
14.9135,0.9974507735402307,0.0028690396178274184,-0.020264279824208684,-0.06835994396481844,0.2975,0.0,9.8043,0.3,0.0,1.0,0.0,0.0,0.0,0.05,-0.0135,0.0,0.0,0.0
14.9336,0.9974729839221731,0.002746931108467601,-0.02062948262383928,-0.06793029634525695,0.2975,0.0,9.3641,0.3,0.0,1.0,0.0,0.0,0.0,-0.0577,-0.0135,0.0,0.0,0.0
14.9537,0.9974841098836036,0.0027469617481441187,-0.020690711878722203,-0.06774805659811284,0.2975,0.0,9.4089,0.3,0.0,1.0,0.0,0.0,0.0,0.0616,-0.0135,0.0,0.0,0.0
14.9738,0.9974833363655977,0.0025629623228367662,-0.020751694936991232,-0.06774800406159487,0.2975,0.0,9.1298,0.3,0.0,1.0,0.0,0.0,0.0,-0.0693,-0.0135,0.0,0.0,0.0
14.9939,0.9974868004227213,0.002807968472705714,-0.020751767003414856,-0.06768724002154713,0.2975,0.0,9.4987,0.3,0.0,1.0,0.0,0.0,0.0,0.0654,-0.0135,0.0,0.0,0.0
15.0139,0.9974967868122283,0.0026249968073942045,-0.02069097483496891,-0.067565917824151,0.2975,0.0,9.1926,0.3,0.0,1.0,0.0,0.0,0.0,-0.0654,-0.0135,0.0,0.0,0.0
15.0341,0.9975214585720108,0.002930068906018855,-0.020447480860534967,-0.06726258180468743,0.2975,0.0,9.6871,0.3,0.0,1.0,0.0,0.0,0.0,0.05,-0.0135,0.0,0.0,0.0
15.0543,0.997537507707853,0.002562944780464347,-0.02032456210024882,-0.06707655481232422,0.2975,0.0,9.2609,0.3,0.0,1.0,0.0,0.0,0.0,-0.0462,-0.0135,0.0,0.0,0.0
15.0744,0.9975505807350629,0.002562978368621776,-0.02008083051903777,-0.06695543490028855,0.2975,0.0,9.6915,0.3,0.0,1.0,0.0,0.0,0.0,0.0269,-0.0135,0.0,0.0,0.0
15.0945,0.9975552504352762,0.0021359919713317722,-0.019896925212354047,-0.06695574832981738,0.2975,0.0,9.2827,0.3,0.0,1.0,0.0,0.0,0.0,-0.0192,-0.0135,0.0,0.0,0.0
15.1146,0.9975551630236696,0.001952992488048557,-0.01971392417275432,-0.06701674222813614,0.2975,0.0,9.8111,0.3,0.0,1.0,0.0,0.0,0.0,0.0038,-0.0135,0.0,0.0,0.0
15.1346,0.9975543068901136,0.0014649931077700858,-0.01959190782759827,-0.06707768442525719,0.2975,0.0,9.3829,0.3,0.0,1.0,0.0,0.0,0.0,0.0077,-0.0135,0.0,0.0,0.0
15.1548,0.997568704581609,0.001221011878289052,-0.019287187630270982,-0.06695665136996039,0.2975,0.0,9.7744,0.3,0.0,1.0,0.0,0.0,0.0,-0.0231,-0.0135,0.0,0.0,0.0
15.1749,0.9975859108200203,0.0009770263562066655,-0.019043513716728175,-0.06677380128621396,0.2975,0.0,9.3502,0.3,0.0,1.0,0.0,0.0,0.0,0.0346,-0.0135,0.0,0.0,0.0
15.195,0.9976014183237997,0.0007319863657635415,-0.018676652122084168,-0.06664875857669379,0.2975,0.0,9.8097,0.3,0.0,1.0,0.0,0.0,0.0,-0.0462,-0.0135,0.0,0.0,0.0
15.2151,0.9976007962707444,0.0006709870835565382,-0.01849364399894865,-0.06670971584372572,0.2975,0.0,9.4329,0.3,0.0,1.0,0.0,0.0,0.0,0.0539,-0.0135,0.0,0.0,0.0
15.2352,0.9975980366754776,0.00030499328520481114,-0.018432594184197473,-0.06677052996621459,0.2975,0.0,9.6284,0.3,0.0,1.0,0.0,0.0,0.0,-0.0654,-0.0135,0.0,0.0,0.0
15.2554,0.9976043339106493,0.00030499521044360586,-0.01831071245387813,-0.06670995240624022,0.2975,0.0,9.3438,0.3,0.0,1.0,0.0,0.0,0.0,0.0654,-0.0135,0.0,0.0,0.0
15.2755,0.9976216995946682,6.1000103922612126e-05,-0.0182500310916007,-0.06646711323646165,0.2975,0.0,9.3994,0.3,0.0,1.0,0.0,0.0,0.0,-0.0693,-0.0135,0.0,0.0,0.0
15.2956,0.997627929981395,0.00030500242441443455,-0.01812714408970625,-0.06640652785463858,0.2975,0.0,9.536,0.3,0.0,1.0,0.0,0.0,0.0,0.0616,-0.0135,0.0,0.0,0.0
15.3157,0.9976239166258121,0.00018300071845244424,-0.0181270711660513,-0.06646726094742278,0.2975,0.0,9.1708,0.3,0.0,1.0,0.0,0.0,0.0,-0.0577,-0.0135,0.0,0.0,0.0
15.3358,0.9976258648911004,0.0007320043033422434,-0.018005105849285566,-0.06646739075170578,0.2975,0.0,9.7329,0.3,0.0,1.0,0.0,0.0,0.0,0.0423,-0.0135,0.0,0.0,0.0
15.3559,0.9976236196509254,0.0007930028772309972,-0.018127065769944797,-0.06646724116130193,0.2975,0.0,9.3869,0.3,0.0,1.0,0.0,0.0,0.0,-0.0346,-0.0135,0.0,0.0,0.0
15.3759,0.9976242909479305,0.0012210052517465843,-0.018066077705203694,-0.06646728588684675,0.2975,0.0,9.8007,0.3,0.0,1.0,0.0,0.0,0.0,0.0192,-0.0135,0.0,0.0,0.0
15.396,0.9976168349618596,0.0012819959327410313,-0.018249942100252537,-0.06652778893400552,0.2975,0.0,9.4329,0.3,0.0,1.0,0.0,0.0,0.0,-0.0115,-0.0135,0.0,0.0,0.0
15.4161,0.9976256150772534,0.0015870089323866846,-0.01818810237066728,-0.06640637376437937,0.2975,0.0,9.6886,0.3,0.0,1.0,0.0,0.0,0.0,-0.0038,-0.0135,0.0,0.0,0.0
15.4362,0.9976313522708697,0.0016480187531749523,-0.018311208367346184,-0.0662847542690827,0.2975,0.0,9.4047,0.3,0.0,1.0,0.0,0.0,0.0,0.0154,-0.0135,0.0,0.0,0.0
15.4563,0.9976352821282456,0.0017090261794643002,-0.01831128049863707,-0.06622401444275257,0.2975,0.0,9.7671,0.3,0.0,1.0,0.0,0.0,0.0,-0.0308,-0.0135,0.0,0.0,0.0
15.4764,0.9976271085943431,0.0017700126122290952,-0.01831113047600391,-0.06634547274482444,0.2975,0.0,9.3869,0.3,0.0,1.0,0.0,0.0,0.0,0.0423,-0.0135,0.0,0.0,0.0
15.4965,0.9976294538558468,0.001709016195184186,-0.01818817235693966,-0.0663456287124017,0.2975,0.0,9.7334,0.3,0.0,1.0,0.0,0.0,0.0,-0.0539,-0.0135,0.0,0.0,0.0
15.5166,0.9976395125002788,0.001831035812622053,-0.01806635335381211,-0.06622429525902246,0.2975,0.0,9.3697,0.3,0.0,1.0,0.0,0.0,0.0,0.0577,-0.0135,0.0,0.0,0.0
15.5367,0.9976421200491166,0.001587035188266023,-0.017944397869089787,-0.06622446835068735,0.2975,0.0,9.8169,0.3,0.0,1.0,0.0,0.0,0.0,-0.0654,-0.0135,0.0,0.0,0.0
15.5568,0.9976240995266793,0.0015870065214699423,-0.01782207323606632,-0.06652827338396473,0.2975,0.0,9.621,0.3,0.0,1.0,0.0,0.0,0.0,0.0654,-0.0135,0.0,0.0,0.0
15.5769,0.9976085296284122,0.0010989873639879189,-0.017821795087345445,-0.06677123227315851,0.2975,0.0,9.6287,0.3,0.0,1.0,0.0,0.0,0.0,-0.0654,-0.0135,0.0,0.0,0.0
15.597,0.9976118315134435,0.0010379915008830592,-0.01763885557232777,-0.06677145327260448,0.2975,0.0,9.8429,0.3,0.0,1.0,0.0,0.0,0.0,0.0577,-0.0135,0.0,0.0,0.0
15.6171,0.997614441492875,0.00036599796073293923,-0.01751690239934113,-0.06677162796191166,0.2975,0.0,9.4523,0.3,0.0,1.0,0.0,0.0,0.0,-0.05,-0.0135,0.0,0.0,0.0
15.6371,0.9976136169248694,0.00012199921940702665,-0.017333889091814204,-0.06683257238220953,0.2975,0.0,9.7789,0.3,0.0,1.0,0.0,0.0,0.0,0.0346,-0.0135,0.0,0.0,0.0
15.6573,0.9976063503400023,-0.0004879933230748384,-0.017272763666950203,-0.06695508389303055,0.2975,0.0,9.295,0.3,0.0,1.0,0.0,0.0,0.0,-0.0269,-0.0135,0.0,0.0,0.0
15.6773,0.997609455405089,-0.0005489941972067429,-0.017089819362956813,-0.06695529229175746,0.2975,0.0,9.8605,0.3,0.0,1.0,0.0,0.0,0.0,0.0115,-0.0135,0.0,0.0,0.0
15.6974,0.9976184883866663,-0.0008539987060024977,-0.01702897419732618,-0.06683289873333148,0.2975,0.0,9.3947,0.3,0.0,1.0,0.0,0.0,0.0,0.0,-0.0135,0.0,0.0,0.0
15.7175,0.9976367379778139,-0.0009160153685648584,-0.016907283664111483,-0.06659011722419828,0.2975,0.0,9.8488,0.3,0.0,1.0,0.0,0.0,0.0,-0.0154,-0.0135,0.0,0.0,0.0
15.7376,0.9976406696941652,-0.0010380215063276015,-0.016907350296224265,-0.06652937839399103,0.2975,0.0,9.3553,0.3,0.0,1.0,0.0,0.0,0.0,0.0269,-0.0135,0.0,0.0,0.0
15.7577,0.9976447166637187,-0.0010380257171036438,-0.016907418881571632,-0.06646864676178034,0.2975,0.0,9.895,0.3,0.0,1.0,0.0,0.0,0.0,-0.0385,-0.0135,0.0,0.0,0.0
15.7778,0.9976426513474591,-0.0010380235681909536,-0.017029386650022935,-0.0664685091589098,0.2975,0.0,9.445,0.3,0.0,1.0,0.0,0.0,0.0,0.05,-0.0135,0.0,0.0,0.0
15.7979,0.997652325073884,-0.000731978961165022,-0.016967512312907294,-0.06634309314001846,0.2975,0.0,9.7688,0.3,0.0,1.0,0.0,0.0,0.0,-0.0577,-0.0135,0.0,0.0,0.0
15.818,0.9976574339601145,-0.0006709841504320864,-0.016906600642854434,-0.06628243431779512,0.2975,0.0,9.3934,0.3,0.0,1.0,0.0,0.0,0.0,-0.0693,-0.0135,0.0,0.0,0.0
15.8381,0.9976697376043535,-0.00036599586838196967,-0.01666281189849395,-0.06616125312537696,0.2975,0.0,9.888,0.3,0.0,1.0,0.0,0.0,0.0,-0.0693,-0.0135,0.0,0.0,0.0
15.8582,0.9976617276187797,-0.00018299646495646522,-0.016662678117867064,-0.06628271958018962,0.2975,0.0,9.4071,0.3,0.0,1.0,0.0,0.0,0.0,0.0616,-0.0135,0.0,0.0,0.0
15.8783,0.9976483224477058,-6.10017317909696e-05,-0.016724474794626645,-0.06646888699918974,0.2975,0.0,9.7029,0.3,0.0,1.0,0.0,0.0,0.0,-0.0616,-0.0135,0.0,0.0,0.0
15.8984,0.9976402191891632,0.00012200247262592924,-0.016724338952426344,-0.06659034958760573,0.2975,0.0,9.315,0.6,0.0,1.0,0.0,0.0,0.0,-0.0462,-0.0135,0.0,0.0,0.0
15.9185,0.9976432336166181,0.00024400568252687382,-0.016541385224085808,-0.06659055079418724,0.2975,0.0,9.5575,0.6,0.0,1.0,0.0,0.0,0.0,0.0269,-0.027,0.0,0.0,0.0
15.9386,0.997658496354933,0.0006709848649559969,-0.01660162552607957,-0.0663435035253433,0.3786,0.0,9.6998,0.6,0.0,1.0,0.0,0.0,0.0,-0.0154,-0.027,0.0,0.0,0.0
15.9587,0.9977597500933134,0.0018310325739728894,-0.017151305120813212,-0.06463714989148632,0.3651,0.0,10.2951,0.6,0.0,1.0,0.0,0.0,0.0,0.0,-0.0406,0.0,0.0,0.0
15.9788,0.9977339539456564,0.0031739744040278134,-0.017760856770616857,-0.0648184772825075,0.4192,0.0,9.9154,0.6,0.0,1.0,0.0,0.0,0.0,0.0077,0.0,0.0,0.0,0.0
15.9989,0.9976332250344284,0.003174042076401115,-0.018005238684814746,-0.06628487869948685,0.4327,0.0,9.4815,0.6,0.0,1.0,0.0,0.0,0.0,-0.0231,0.0,0.0,0.0,0.0
16.019,0.9975615058542073,0.003418008585968031,-0.018311045996975008,-0.06726116895868794,0.4462,0.0,9.3733,0.6,0.0,1.0,0.0,0.0,0.0,0.0346,0.0,0.0,0.0,0.0
16.039,0.9974969960162876,0.0033569966211728537,-0.018676981201562512,-0.06811493144211761,0.4598,0.0,9.0329,0.6,0.0,1.0,0.0,0.0,0.0,-0.0462,0.0135,0.0,0.0,0.0
16.0592,0.9975013394695018,0.0037230124640299633,-0.01837206150662326,-0.06811522803851744,0.4868,0.0,10.8422,0.6,0.0,1.0,0.0,0.0,0.0,0.0539,0.0135,0.0,0.0,0.0
16.0793,0.997484687069691,0.003173957638771408,-0.018249756429608743,-0.06841908684459347,0.4868,0.0,8.4987,0.6,0.0,1.0,0.0,0.0,0.0,-0.0616,0.0406,0.0,0.0,0.0
16.0994,0.9974605103923766,0.0029300690624567425,-0.017517412889779767,-0.06897162567837589,0.5409,0.0,9.8671,0.6,0.0,1.0,0.0,0.0,0.0,0.0616,0.0135,0.0,0.0,0.0
16.1195,0.9974713816149327,0.0020749446283110213,-0.017272539067381323,-0.06890716115290792,0.568,0.0,11.046,0.6,0.0,1.0,0.0,0.0,0.0,-0.0654,0.0135,0.0,0.0,0.0
16.1395,0.9975183329336368,0.0015260311058836534,-0.01727335209169614,-0.06823839093852076,0.595,0.0,10.2957,0.6,0.0,1.0,0.0,0.0,0.0,0.0616,0.0135,0.0,0.0,0.0
16.1597,0.9975401064311418,0.0009159826511423649,-0.016784682095441688,-0.0680527110707887,0.6085,0.0,11.4827,0.6,0.0,1.0,0.0,0.0,0.0,-0.0577,0.0,0.0,0.0,0.0
16.1798,0.9975244641344195,0.0006100161836133986,-0.016724443696312204,-0.0682998119810291,0.5815,0.0,8.892,0.6,0.0,1.0,0.0,0.0,0.0,0.0423,0.0135,0.0,0.0,0.0
16.1998,0.997536903680081,-0.00012199729765253672,-0.0159906457931292,-0.06829648717273079,0.622,0.0,8.9831,0.6,0.0,1.0,0.0,0.0,0.0,-0.0346,-0.027,0.0,0.0,0.0
16.2199,0.99754583733435,-0.00030499597556332345,-0.015685793025201126,-0.06823609962135985,0.6356,0.0,10.6305,0.6,0.0,1.0,0.0,0.0,0.0,0.0192,0.0135,0.0,0.0,0.0
16.24,0.9975416109937293,-0.00048799149340032685,-0.015685726568601597,-0.06829680945954054,0.622,0.0,9.7586,0.6,0.0,1.0,0.0,0.0,0.0,-0.0077,0.027,0.0,0.0,0.0
16.2601,0.9975553621466774,-0.0007319973305752997,-0.014770946133781134,-0.06829775093392344,0.6356,0.0,13.1458,0.6,0.0,1.0,0.0,0.0,0.0,-0.0038,-0.027,0.0,0.0,0.0
16.2802,0.9975651074339984,-0.00018300112039530345,-0.014404088186743155,-0.06823741777275699,0.622,0.0,9.8554,0.6,0.0,1.0,0.0,0.0,0.0,0.0154,-0.027,0.0,0.0,0.0
16.3003,0.9975426510079508,-0.0004879920021691724,-0.0150757529194723,-0.06841887866478474,0.622,0.0,10.2153,0.6,0.0,1.0,0.0,0.0,0.0,-0.0308,-0.0135,0.0,0.0,0.0
16.3204,0.9974995951577407,-0.0003660005852921325,-0.0151370242064673,-0.06903111039153359,0.6085,0.0,9.6394,0.6,0.0,1.0,0.0,0.0,0.0,0.0423,0.0,0.0,0.0,0.0
16.3405,0.9975236524974638,-0.00030500784363650304,-0.014648376700286965,-0.06878876898434189,0.6356,0.0,9.7364,0.6,0.0,1.0,0.0,0.0,0.0,-0.0539,0.0,0.0,0.0,0.0
16.3606,0.9975592076509487,6.1000012697706024e-05,-0.014526003023718578,-0.06829801421684789,0.6085,0.0,9.6056,0.6,0.0,1.0,0.0,0.0,0.0,0.0577,0.0,0.0,0.0,0.0
16.3807,0.9975517647882762,-0.0001219991151442338,-0.01446489508656873,-0.068419503755481,0.622,0.0,9.0523,0.6,0.0,1.0,0.0,0.0,0.0,-0.0654,0.0,0.0,0.0,0.0
16.4008,0.9975709906174977,0.00024400293286980755,-0.014282171669043234,-0.06817681947267129,0.622,0.0,9.534,0.6,0.0,1.0,0.0,0.0,0.0,0.0654,0.0,0.0,0.0,0.0
16.4208,0.9975752771426272,0.0006100099533531403,-0.014832242013333996,-0.06799410943990147,0.622,0.0,9.2687,0.6,0.0,1.0,0.0,0.0,0.0,-0.0654,0.0,0.0,0.0,0.0
16.4409,0.9975662059919024,0.001404010141969181,-0.015381111106572597,-0.06799349115591896,0.622,0.0,9.6582,0.6,0.0,1.0,0.0,0.0,0.0,0.0577,0.0,0.0,0.0,0.0
16.461,0.9975580201037272,0.0017699982613395293,-0.015868984411975682,-0.06799293321088042,0.622,0.0,9.2325,0.6,0.0,1.0,0.0,0.0,0.0,-0.05,-0.0135,0.0,0.0,0.0
16.4811,0.997561012065632,0.0025020050465067367,-0.016357032991890747,-0.06781013677203102,0.622,0.0,9.7795,0.6,0.0,1.0,0.0,0.0,0.0,0.0346,-0.0135,0.0,0.0,0.0
16.5012,0.9975552008207462,0.0028079893058001173,-0.016906935610100607,-0.06774874197957687,0.622,0.0,9.3919,0.6,0.0,1.0,0.0,0.0,0.0,-0.0269,-0.0135,0.0,0.0,0.0
16.5213,0.9975321207289445,0.003234912832782961,-0.017455529647313547,-0.06793016956927733,0.622,0.0,9.5787,0.6,0.0,1.0,0.0,0.0,0.0,0.0115,-0.0135,0.0,0.0,0.0
16.5414,0.9974999259537689,0.0036620070705331792,-0.01800503476377658,-0.06823713175094816,0.622,0.0,9.4019,0.6,0.0,1.0,0.0,0.0,0.0,0.0,-0.0135,0.0,0.0,0.0
16.5615,0.9974775197953356,0.004210913541539094,-0.01843262154148422,-0.06841859522966143,0.622,0.0,9.8429,0.6,0.0,1.0,0.0,0.0,0.0,-0.0154,-0.0135,0.0,0.0,0.0
16.5816,0.9974540556905193,0.004639079324657421,-0.018677319367671173,-0.06866617413830607,0.622,0.0,9.4088,0.6,0.0,1.0,0.0,0.0,0.0,0.0269,-0.0135,0.0,0.0,0.0
16.6017,0.9974455863832081,0.004822041509929783,-0.018860162355303953,-0.06872659162410488,0.622,0.0,9.8061,0.6,0.0,1.0,0.0,0.0,0.0,-0.0385,-0.0135,0.0,0.0,0.0
16.6218,0.99744260981754,0.00518802917851794,-0.018921106416102142,-0.06872638653099922,0.622,0.0,9.4036,0.6,0.0,1.0,0.0,0.0,0.0,0.05,-0.0135,0.0,0.0,0.0
16.6418,0.9974367403956773,0.005065998681465101,-0.019042995043651763,-0.06878698209671141,0.622,0.0,9.9269,0.6,0.0,1.0,0.0,0.0,0.0,-0.0577,-0.0135,0.0,0.0,0.0
16.6619,0.9974241681837122,0.005065934826980238,-0.019042755015827993,-0.06896911271552053,0.622,0.0,9.7246,0.6,0.0,1.0,0.0,0.0,0.0,0.0616,-0.0135,0.0,0.0,0.0
16.682,0.9974145022221265,0.0046998939887371305,-0.018981571849831524,-0.06915144021343372,0.622,0.0,9.6287,0.6,0.0,1.0,0.0,0.0,0.0,-0.0654,-0.0135,0.0,0.0,0.0
16.7021,0.9974125675303835,0.004943878895479334,-0.01879853951377749,-0.06921230458570114,0.622,0.0,9.8076,0.6,0.0,1.0,0.0,0.0,0.0,0.0654,-0.0135,0.0,0.0,0.0
16.7222,0.997412942665016,0.004699886639983858,-0.018615550997859453,-0.06927332914571949,0.622,0.0,9.4477,0.6,0.0,1.0,0.0,0.0,0.0,-0.0616,-0.0135,0.0,0.0,0.0
16.7423,0.9974095691150435,0.004760869065972813,-0.018554489712061646,-0.06933409316494238,0.622,0.0,9.8051,0.6,0.0,1.0,0.0,0.0,0.0,0.05,-0.0135,0.0,0.0,0.0
16.7624,0.9973896929240879,0.004150061136117275,-0.018616274243363644,-0.06964202592297425,0.622,0.0,9.2113,0.6,0.0,1.0,0.0,0.0,0.0,-0.0423,-0.0135,0.0,0.0,0.0
16.7825,0.9973896929240879,0.004150061136117275,-0.018616274243363644,-0.06964202592297425,0.622,0.0,9.2113,0.6,0.0,1.0,0.0,0.0,0.0,0.0269,-0.0135,0.0,0.0,0.0
16.8026,0.9973845701109441,0.0040890392351759924,-0.018677179211392007,-0.06970266881150329,0.622,0.0,9.779,0.6,0.0,1.0,0.0,0.0,0.0,-0.0192,-0.0135,0.0,0.0,0.0
16.8227,0.9973754516885047,0.0036620016584367034,-0.018799008513640504,-0.06982403162170514,0.622,0.0,9.6094,0.6,0.0,1.0,0.0,0.0,0.0,0.0038,-0.0135,0.0,0.0,0.0
16.8428,0.9973618907385224,0.0037839502639975655,-0.01904274970330486,-0.06994508064629329,0.622,0.0,9.782,0.6,0.0,1.0,0.0,0.0,0.0,0.0077,-0.0135,0.0,0.0,0.0
16.8629,0.9973448772436461,0.003539893084790084,-0.019530410124021208,-0.07006588380369251,0.622,0.0,9.2876,0.6,0.0,1.0,0.0,0.0,0.0,-0.0231,-0.0135,0.0,0.0,0.0
16.883,0.9973285329508748,0.0037840551407942857,-0.020081292622169664,-0.07013002192620565,0.622,0.0,9.7838,0.6,0.0,1.0,0.0,0.0,0.0,0.0346,-0.0135,0.0,0.0,0.0
16.9031,0.9973093003201472,0.003661982743421211,-0.020629902784483758,-0.07025066895359994,0.622,0.0,9.1265,0.6,0.0,1.0,0.0,0.0,0.0,-0.0462,-0.0135,0.0,0.0,0.0
16.9232,0.9973242347469019,0.004211043214593604,-0.02124021797149563,-0.06982471655563605,0.622,0.0,9.6462,0.6,0.0,1.0,0.0,0.0,0.0,0.0539,-0.0135,0.0,0.0,0.0
16.9433,0.997353161774371,0.004638898425839137,-0.021789522892656767,-0.0692124845108924,0.622,0.0,9.3765,0.6,0.0,1.0,0.0,0.0,0.0,-0.0616,-0.0135,0.0,0.0,0.0
16.9636,0.997387984908147,0.005066065954675702,-0.022400291627464586,-0.06848189155983954,0.622,0.0,9.8648,0.6,0.0,1.0,0.0,0.0,0.0,0.0654,-0.0135,0.0,0.0,0.0
16.9837,0.9973925302204409,0.005005087969673704,-0.02276640014337492,-0.06829920043012477,0.622,0.0,9.4241,0.6,0.0,1.0,0.0,0.0,0.0,-0.0654,-0.0135,0.0,0.0,0.0
17.0037,0.9973856287698943,0.004700050086696082,-0.02313224651179866,-0.06829872783429125,0.622,0.0,9.8009,0.6,0.0,1.0,0.0,0.0,0.0,0.0616,-0.0135,0.0,0.0,0.0
17.0238,0.9973620970708812,0.004332943944462342,-0.023498695996058284,-0.06854111327979173,0.622,0.0,9.3787,0.6,0.0,1.0,0.0,0.0,0.0,-0.0577,-0.0135,0.0,0.0,0.0
17.0439,0.9973234822466859,0.003723035397482052,-0.023804226323304506,-0.0690316563318783,0.622,0.0,9.628,0.6,0.0,1.0,0.0,0.0,0.0,0.0423,-0.0135,0.0,0.0,0.0
17.0639,0.9972730341290081,0.003540071116172822,-0.023987481882383428,-0.06970340026538913,0.622,0.0,9.461,0.6,0.0,1.0,0.0,0.0,0.0,-0.0346,-0.0135,0.0,0.0,0.0
17.084,0.9972243307645606,0.0031739087531917377,-0.024291301648561307,-0.07030997865608596,0.622,0.0,9.325,0.6,0.0,1.0,0.0,0.0,0.0,0.0192,-0.0135,0.0,0.0,0.0
17.1041,0.9971848095725669,0.0036009740343592987,-0.024779821319473292,-0.07067849035670117,0.622,0.0,9.3796,0.6,0.0,1.0,0.0,0.0,0.0,-0.0077,-0.0135,0.0,0.0,0.0
17.1241,0.9971783722107392,0.004027944952692023,-0.025145656350643857,-0.07061703492284133,0.622,0.0,8.9255,0.6,0.0,1.0,0.0,0.0,0.0,-0.0077,-0.0135,0.0,0.0,0.0
17.1442,0.9972080846758031,0.005493088601918378,-0.025391409556036665,-0.07000812921072275,0.622,0.0,9.5402,0.6,0.0,1.0,0.0,0.0,0.0,0.0192,-0.0135,0.0,0.0,0.0
17.1643,0.9972613805496466,0.006775056934623269,-0.025330212864060127,-0.0691535811365317,0.622,0.0,9.2599,0.6,0.0,1.0,0.0,0.0,0.0,-0.0308,-0.0135,0.0,0.0,0.0
17.1844,0.9973248183247183,0.008057087397993268,-0.02526927410449196,-0.0681157388748058,0.622,0.0,9.5831,0.6,0.0,1.0,0.0,0.0,0.0,0.0423,-0.0135,0.0,0.0,0.0
17.2044,0.9973889726621192,0.008240115437759987,-0.024963349717573108,-0.06726194228873478,0.622,0.0,9.3304,0.6,0.0,1.0,0.0,0.0,0.0,-0.0539,-0.0135,0.0,0.0,0.0
17.2245,0.9974482089161544,0.00793508917129572,-0.024658277099660963,-0.06652874762293154,0.622,0.0,9.7664,0.6,0.0,1.0,0.0,0.0,0.0,0.0577,-0.0135,0.0,0.0,0.0
17.2446,0.9974791614468093,0.0067748720486679025,-0.02441353892194511,-0.06628274817326979,0.622,0.0,9.443,0.6,0.0,1.0,0.0,0.0,0.0,-0.0654,-0.0135,0.0,0.0,0.0
17.2646,0.997475114167091,0.005248879570949581,-0.024291442662889524,-0.06652647363233627,0.6085,0.0,9.8496,0.6,0.0,1.0,0.0,0.0,0.0,0.0616,-0.0135,0.0,0.0,0.0
17.2847,0.9974426027032006,0.003662020569819572,-0.02423113610794592,-0.06713937712646523,0.5815,0.0,9.5641,0.6,0.0,1.0,0.0,0.0,0.0,-0.0616,-0.0135,0.0,0.0,0.0
17.3048,0.997380728961387,0.002197012619654762,-0.024231139183820898,-0.06811539125524997,0.5815,0.0,9.9751,0.6,0.0,1.0,0.0,0.0,0.0,0.0539,-0.0135,0.0,0.0,0.0
17.3248,0.9973605285024594,0.0017699743180341985,-0.024413645762986887,-0.06835800813926513,0.5815,0.0,9.8144,0.6,0.0,1.0,0.0,0.0,0.0,-0.05,-0.0135,0.0,0.0,0.0
17.3449,0.9973296378219688,0.0014650229711095884,-0.024658386635918184,-0.06872707761943847,0.5815,0.0,9.7948,0.6,0.0,1.0,0.0,0.0,0.0,0.0346,-0.0135,0.0,0.0,0.0
17.365,0.9973104460696142,0.0018309934752279294,-0.02490191126167439,-0.06890875444264394,0.5815,0.0,9.8708,0.6,0.0,1.0,0.0,0.0,0.0,-0.0231,-0.0135,0.0,0.0,0.0
17.3851,0.9973225615143793,0.002380020431282649,-0.02520821639990462,-0.06860458893601463,0.5815,0.0,9.7598,0.6,0.0,1.0,0.0,0.0,0.0,0.0115,-0.0135,0.0,0.0,0.0
17.4051,0.9973549682538233,0.0036619264506785355,-0.02526849248558051,-0.06805263317162119,0.5815,0.0,9.9398,0.6,0.0,1.0,0.0,0.0,0.0,0.0,-0.0135,0.0,0.0,0.0
17.4252,0.9973793482971894,0.004517019692952406,-0.025146109630060032,-0.06768829510218338,0.5815,0.0,9.4851,0.6,0.0,1.0,0.0,0.0,0.0,-0.0154,-0.0135,0.0,0.0,0.0
17.4453,0.9974032856431643,0.005371152322034781,-0.02484170449295585,-0.06738491098783639,0.5815,0.0,9.932,0.6,0.0,1.0,0.0,0.0,0.0,0.0269,-0.0135,0.0,0.0,0.0
17.4653,0.9974178142843364,0.005370896688734401,-0.024596526876335872,-0.06725970623365551,0.5815,0.0,9.3641,0.6,0.0,1.0,0.0,0.0,0.0,-0.0385,-0.0135,0.0,0.0,0.0
17.4854,0.9974273726520431,0.005248949336199256,-0.02423076612029798,-0.0672603507910264,0.5815,0.0,9.8286,0.6,0.0,1.0,0.0,0.0,0.0,0.05,-0.0135,0.0,0.0,0.0
17.5055,0.9974316087680561,0.003966978558027107,-0.023437873315613613,-0.06756563480001476,0.5815,0.0,9.8445,0.6,0.0,1.0,0.0,0.0,0.0,-0.0577,-0.0135,0.0,0.0,0.0
17.5256,0.9974132764168672,0.003417918704432317,-0.023070451266810378,-0.06799138281757344,0.5815,0.0,9.3147,0.6,0.0,1.0,0.0,0.0,0.0,0.0616,-0.0135,0.0,0.0,0.0
17.5456,0.9974027655864535,0.003174088359916189,-0.022827635473159018,-0.06823889962684332,0.5815,0.0,9.6234,0.6,0.0,1.0,0.0,0.0,0.0,-0.0654,-0.0135,0.0,0.0,0.0
17.5657,0.9973910584624338,0.003357054050140014,-0.022583363602714273,-0.06848210259387484,0.5815,0.0,9.3472,0.6,0.0,1.0,0.0,0.0,0.0,0.0616,-0.0135,0.0,0.0,0.0
17.5858,0.9973904290137001,0.003540054762459957,-0.02258334935046135,-0.06848205937514695,0.5815,0.0,9.58,0.6,0.0,1.0,0.0,0.0,0.0,-0.0577,-0.0135,0.0,0.0,0.0
17.6058,0.9973927741733657,0.0040280717828001696,-0.02276640571182438,-0.06836021822255123,0.5815,0.0,9.4026,0.6,0.0,1.0,0.0,0.0,0.0,0.0462,-0.0135,0.0,0.0,0.0
17.6259,0.9974019598176742,0.004150112177709839,-0.022888618680342823,-0.06817784285001105,0.5815,0.0,9.2403,0.6,0.0,1.0,0.0,0.0,0.0,-0.0423,-0.0135,0.0,0.0,0.0
17.646,0.9974218816081257,0.004699928760972565,-0.023009651231910358,-0.06780897218756365,0.5815,0.0,9.5106,0.6,0.0,1.0,0.0,0.0,0.0,0.0269,-0.0135,0.0,0.0,0.0
17.666,0.9974218816081257,0.004699928760972565,-0.023009651231910358,-0.06780897218756365,0.5815,0.0,9.5106,0.6,0.0,1.0,0.0,0.0,0.0,-0.0154,-0.0135,0.0,0.0,0.0
17.6861,0.997452359241284,0.004883075191892013,-0.023254358081559855,-0.0672620357325105,0.5815,0.0,9.6067,0.6,0.0,1.0,0.0,0.0,0.0,0.0038,-0.0135,0.0,0.0,0.0
17.7062,0.9974589075587421,0.004883107249489786,-0.023499516128560383,-0.06707947329127073,0.5815,0.0,9.2898,0.6,0.0,1.0,0.0,0.0,0.0,0.0077,-0.0135,0.0,0.0,0.0
17.7262,0.9974598397462947,0.004639106225839894,-0.023682542280737278,-0.06701853458441726,0.5815,0.0,9.4289,0.6,0.0,1.0,0.0,0.0,0.0,-0.0231,-0.0135,0.0,0.0,0.0
17.7463,0.9974653790448336,0.004578130253105963,-0.023804677270627836,-0.06689690329434755,0.5815,0.0,9.432,0.6,0.0,1.0,0.0,0.0,0.0,0.0346,-0.0135,0.0,0.0,0.0
17.7664,0.9974733436374701,0.004027900435060256,-0.023925408592167713,-0.06677034951584987,0.5815,0.0,9.3133,0.6,0.0,1.0,0.0,0.0,0.0,-0.0462,-0.0135,0.0,0.0,0.0
17.7864,0.9974781229397862,0.0038449233810027503,-0.02392552322857522,-0.06670967065541583,0.5815,0.0,9.7906,0.6,0.0,1.0,0.0,0.0,0.0,0.0539,-0.0135,0.0,0.0,0.0
17.8065,0.9974723465156559,0.003173918371606455,-0.023925384675190908,-0.06683128120024373,0.5815,0.0,9.4553,0.6,0.0,1.0,0.0,0.0,0.0,-0.0616,-0.0135,0.0,0.0,0.0
17.8266,0.9974643935103807,0.0029910821445259706,-0.023926657101279954,-0.0669578388729123,0.5815,0.0,9.8784,0.6,0.0,1.0,0.0,0.0,0.0,0.0616,-0.0135,0.0,0.0,0.0
17.8467,0.9974616571888646,0.0025020618508101687,-0.023926591463822547,-0.06701865669694046,0.5815,0.0,9.4654,0.6,0.0,1.0,0.0,0.0,0.0,-0.0654,-0.0135,0.0,0.0,0.0
17.8667,0.9974768382875295,0.002624944311171322,-0.023803495003094095,-0.06683158215181428,0.5815,0.0,9.8019,0.6,0.0,1.0,0.0,0.0,0.0,0.0577,-0.0135,0.0,0.0,0.0
17.8868,0.9974925217721488,0.0023799869291143594,-0.0236818699391959,-0.06664963396028241,0.5815,0.0,9.2608,0.6,0.0,1.0,0.0,0.0,0.0,-0.0539,-0.0135,0.0,0.0,0.0
17.9069,0.9975040599343743,0.0026250159472277,-0.02368214387133192,-0.06646740379595549,0.5815,0.0,9.7173,0.6,0.0,1.0,0.0,0.0,0.0,0.0462,-0.0135,0.0,0.0,0.0
17.9269,0.9975202082979724,0.002625058443006586,-0.023682527256107363,-0.06622447438903806,0.5815,0.0,9.1843,0.6,0.0,1.0,0.0,0.0,0.0,-0.0346,-0.0135,0.0,0.0,0.0
17.947,0.9975386723051984,0.002807942780159372,-0.023742516178534123,-0.06591665676016567,0.5815,0.0,9.7262,0.6,0.0,1.0,0.0,0.0,0.0,0.0192,-0.0135,0.0,0.0,0.0
17.9671,0.9975554350549812,0.0029299895291517585,-0.02386491471440499,-0.06561276552089902,0.5815,0.0,9.2633,0.6,0.0,1.0,0.0,0.0,0.0,-0.0077,-0.0135,0.0,0.0,0.0
17.9872,0.9975718885709037,0.0031130402202989745,-0.023987309914651936,-0.0653088437864714,0.5815,0.0,9.7305,0.6,0.0,1.0,0.0,0.0,0.0,-0.0077,-0.0135,0.0,0.0,0.0
18.0073,0.9975876482321144,0.003479099911082483,-0.02410969237030396,-0.06500386674911857,0.5815,0.0,9.3272,0.6,0.0,1.0,0.0,0.0,0.0,0.0192,-0.0135,0.0,0.0,0.0
18.0273,0.9976049411204231,0.003417948405955787,-0.024230634237774874,-0.06469602341138714,0.5815,0.0,9.5765,0.6,0.0,1.0,0.0,0.0,0.0,-0.0308,-0.0135,0.0,0.0,0.0
18.0474,0.9976108075849993,0.0034179685053683084,-0.02447477447890265,-0.06451340554573753,0.5815,0.0,9.4033,0.6,0.0,1.0,0.0,0.0,0.0,0.0423,-0.0135,0.0,0.0,0.0
18.0675,0.9976101094176821,0.0029909703466934213,-0.024718754931432493,-0.06445236100148138,0.5815,0.0,9.3868,0.6,0.0,1.0,0.0,0.0,0.0,-0.05,-0.0135,0.0,0.0,0.0
18.0876,0.9976276054530167,0.0031740241972974476,-0.024780188912738064,-0.06414848903851171,0.5815,0.0,9.4392,0.6,0.0,1.0,0.0,0.0,0.0,0.0616,-0.0135,0.0,0.0,0.0
18.1076,0.9976600140856611,0.003051935802114547,-0.024596482609636754,-0.06371965964827675,0.5815,0.0,9.2563,0.6,0.0,1.0,0.0,0.0,0.0,-0.0654,-0.0135,0.0,0.0,0.0
18.1277,0.9976862212518554,0.003235016930010451,-0.024292127129463294,-0.06341633188053869,0.5815,0.0,9.7459,0.6,0.0,1.0,0.0,0.0,0.0,0.0616,-0.0135,0.0,0.0,0.0
18.1478,0.9976821316405556,0.002686003046651722,-0.024048027276947322,-0.06359907213849693,0.5815,0.0,9.3664,0.6,0.0,1.0,0.0,0.0,0.0,-0.0654,-0.0135,0.0,0.0,0.0
18.1678,0.9976720735775686,0.0024409781599557864,-0.023681788113098252,-0.06390342823998946,0.5815,0.0,9.8779,0.6,0.0,1.0,0.0,0.0,0.0,0.0539,-0.0135,0.0,0.0,0.0
18.1879,0.9976596174668824,0.0018309607575786899,-0.02343749767128851,-0.06420762385765703,0.5815,0.0,9.5698,0.6,0.0,1.0,0.0,0.0,0.0,-0.0462,-0.0135,0.0,0.0,0.0
18.208,0.9976519189113175,0.001281962631386498,-0.02313132573263057,-0.06445112127983926,0.5815,0.0,9.7654,0.6,0.0,1.0,0.0,0.0,0.0,0.0346,-0.0135,0.0,0.0,0.0
18.2281,0.9976435005780371,0.0006710158065073562,-0.022827537727486275,-0.0646985240441223,0.5815,0.0,9.4484,0.6,0.0,1.0,0.0,0.0,0.0,-0.0269,-0.0135,0.0,0.0,0.0
18.2481,0.9976427130010886,0.00024400555519362747,-0.022522512762585472,-0.06482047574629375,0.5815,0.0,9.7721,0.6,0.0,1.0,0.0,0.0,0.0,0.0115,-0.0135,0.0,0.0,0.0
18.2682,0.9976428746121402,0.00018300419604060092,-0.022339512215032376,-0.06488148764543178,0.5815,0.0,9.3747,0.6,0.0,1.0,0.0,0.0,0.0,0.0,-0.0135,0.0,0.0,0.0
18.2883,0.9976363445657532,1.734723475976807e-18,-0.022278364992919,-0.0650030649640776,0.5815,0.0,9.8124,0.6,0.0,1.0,0.0,0.0,0.0,-0.0154,-0.0135,0.0,0.0,0.0
18.3084,0.997634970216645,0.00018300274608532875,-0.02233933521748726,-0.06500297541551131,0.5815,0.0,9.4803,0.6,0.0,1.0,0.0,0.0,0.0,0.0269,-0.0135,0.0,0.0,0.0
18.3284,0.997629472877011,0.0003050028961202548,-0.02258321443634003,-0.06500261722494677,0.5815,0.0,9.7712,0.6,0.0,1.0,0.0,0.0,0.0,-0.0385,-0.0135,0.0,0.0,0.0
18.3485,0.9976220638866512,0.0010380021474252193,-0.02288804735093289,-0.06500213447681485,0.5815,0.0,9.6456,0.6,0.0,1.0,0.0,0.0,0.0,0.05,-0.0135,0.0,0.0,0.0
18.3686,0.9976175275751227,0.0016479959157232257,-0.023559941610703364,-0.06481883935756289,0.5815,0.0,9.5744,0.6,0.0,1.0,0.0,0.0,0.0,-0.0577,-0.0135,0.0,0.0,0.0
18.3886,0.9976089606380393,0.0021359763636683853,-0.02404773389208674,-0.06475728340750798,0.5815,0.0,9.3629,0.6,0.0,1.0,0.0,0.0,0.0,0.0616,-0.0135,0.0,0.0,0.0
18.4087,0.9976046021152423,0.002318964207118194,-0.0245356212961845,-0.06463500236795655,0.5815,0.0,9.833,0.6,0.0,1.0,0.0,0.0,0.0,-0.0654,-0.0135,0.0,0.0,0.0
18.4288,0.9975946608707419,0.002685931776727426,-0.02490136749965239,-0.06463435827273034,0.5815,0.0,9.5909,0.6,0.0,1.0,0.0,0.0,0.0,0.0577,-0.0135,0.0,0.0,0.0
18.4488,0.9975868805157833,0.0026250733654389707,-0.025208704531803995,-0.06463780649467164,0.5815,0.0,9.7242,0.6,0.0,1.0,0.0,0.0,0.0,-0.0577,-0.0135,0.0,0.0,0.0
18.4689,0.9975821000521106,0.0026860621985666747,-0.025391587968654622,-0.06463749674853142,0.5815,0.0,9.7265,0.6,0.0,1.0,0.0,0.0,0.0,0.05,-0.0135,0.0,0.0,0.0
18.489,0.9975778088070995,0.0021970414240653456,-0.02545247989317754,-0.06469821985104945,0.5815,0.0,9.6148,0.6,0.0,1.0,0.0,0.0,0.0,-0.0423,-0.0135,0.0,0.0,0.0
18.509,0.9975755487075517,0.002136035434535036,-0.025391421216422735,-0.06475907428352978,0.5815,0.0,9.8409,0.6,0.0,1.0,0.0,0.0,0.0,0.0269,-0.0135,0.0,0.0,0.0
18.5291,0.9975770437446891,0.0017090309122163964,-0.025208455959713785,-0.06482017243941168,0.5815,0.0,9.2647,0.6,0.0,1.0,0.0,0.0,0.0,-0.0154,-0.0135,0.0,0.0,0.0
18.5492,0.9975791227954118,0.0017700357045025757,-0.02496350355451845,-0.06488130876165343,0.5815,0.0,9.7252,0.6,0.0,1.0,0.0,0.0,0.0,0.0,-0.0135,0.0,0.0,0.0
18.5693,0.9975833849394892,0.0013430328291095964,-0.024658602755163277,-0.06494258745733862,0.5815,0.0,9.3757,0.6,0.0,1.0,0.0,0.0,0.0,0.0115,-0.0135,0.0,0.0,0.0
18.5893,0.9975895136378594,0.001221037348319078,-0.024414746782851646,-0.0649429864350442,0.5815,0.0,9.9538,0.6,0.0,1.0,0.0,0.0,0.0,-0.0231,-0.0135,0.0,0.0,0.0
18.6094,0.9975947237309819,0.0007319814536307245,-0.024230386069571,-0.06493935461780408,0.5815,0.0,9.4594,0.6,0.0,1.0,0.0,0.0,0.0,0.0346,-0.0135,0.0,0.0,0.0
18.6295,0.9976194300711563,0.0004879997212112082,-0.0238649863661997,-0.06469696303934741,0.5815,0.0,9.8444,0.6,0.0,1.0,0.0,0.0,0.0,-0.0462,-0.0135,0.0,0.0,0.0
18.6496,0.997638492322661,0.0003660067843368233,-0.023560436718511952,-0.06451519585985062,0.5815,0.0,9.4553,0.6,0.0,1.0,0.0,0.0,0.0,0.0539,-0.0135,0.0,0.0,0.0
18.6696,0.9976616195128575,0.00030499407521184137,-0.02325354827861008,-0.0642687515208682,0.5815,0.0,9.8008,0.6,0.0,1.0,0.0,0.0,0.0,-0.0616,-0.0135,0.0,0.0,0.0
18.6897,0.997661914750994,0.0003659929985625355,-0.02307055866075448,-0.06432976937302215,0.5815,0.0,9.411,0.6,0.0,1.0,0.0,0.0,0.0,0.0616,-0.0135,0.0,0.0,0.0
18.7098,0.9976608357014527,0.00024399506847495,-0.022948536173899914,-0.06439069856245422,0.5815,0.0,9.58,0.6,0.0,1.0,0.0,0.0,0.0,-0.0616,-0.0135,0.0,0.0,0.0
18.7298,0.9976700602381317,0.00024399732449361007,-0.022887749028727984,-0.06426929526722935,0.5815,0.0,9.4203,0.6,0.0,1.0,0.0,0.0,0.0,0.0616,-0.0135,0.0,0.0,0.0
18.7499,0.9976700602381317,0.00024399732449361007,-0.022887749028727984,-0.06426929526722935,0.5815,0.0,9.4203,0.6,0.0,1.0,0.0,0.0,0.0,-0.0577,-0.0135,0.0,0.0,0.0
18.77,0.9976870298780028,0.0003660022120651318,-0.022827137963963604,-0.0640263869663439,0.5815,0.0,9.8815,0.6,0.0,1.0,0.0,0.0,0.0,0.0423,-0.0135,0.0,0.0,0.0
18.7901,0.9977039502633561,0.00042700982254093023,-0.02276652370015623,-0.06378346721617162,0.5815,0.0,9.3494,0.6,0.0,1.0,0.0,0.0,0.0,-0.0308,-0.0135,0.0,0.0,0.0
18.8101,0.9977196319432934,0.0006099863246063747,-0.022765489616374795,-0.06353657556203203,0.5815,0.0,9.772,0.6,0.0,1.0,0.0,0.0,0.0,0.0192,-0.0135,0.0,0.0,0.0
18.8302,0.9977232639781375,0.0009159827989640382,-0.022765572490409627,-0.0634758080020088,0.5815,0.0,9.3769,0.6,0.0,1.0,0.0,0.0,0.0,-0.0077,-0.0135,0.0,0.0,0.0
18.8503,0.9977192150645999,0.001098974902686265,-0.022765480104236048,-0.06353654901444916,0.5815,0.0,9.8062,0.6,0.0,1.0,0.0,0.0,0.0,-0.0077,-0.0135,0.0,0.0,0.0
18.8703,0.9977148783147786,0.0014649601768103925,-0.022765381150351743,-0.06359727118427573,0.5815,0.0,9.4075,0.6,0.0,1.0,0.0,0.0,0.0,0.0192,-0.0135,0.0,0.0,0.0
18.8904,0.9977080486329317,0.0015870430259576629,-0.022705615566709914,-0.06372272757217884,0.5815,0.0,9.7262,0.6,0.0,1.0,0.0,0.0,0.0,-0.0308,-0.0135,0.0,0.0,0.0
18.9105,0.9977085371541015,0.002075057272409482,-0.02264462500069408,-0.06372275877359235,0.5815,0.0,9.6058,0.6,0.0,1.0,0.0,0.0,0.0,0.0423,-0.0135,0.0,0.0,0.0
18.9305,0.9977045288854393,0.00213605037451781,-0.022644534026489322,-0.06378350420762847,0.5815,0.0,9.6992,0.6,0.0,1.0,0.0,0.0,0.0,-0.0539,-0.0135,0.0,0.0,0.0
18.9506,0.9976969725126019,0.0026250420253022613,-0.02258336154567651,-0.06390502307996787,0.5815,0.0,9.8684,0.6,0.0,1.0,0.0,0.0,0.0,0.0577,-0.0135,0.0,0.0,0.0
18.9707,0.9976902322041983,0.0027470254198134823,-0.022522208411008077,-0.06402659247505564,0.5815,0.0,9.3919,0.6,0.0,1.0,0.0,0.0,0.0,-0.0616,-0.0135,0.0,0.0,0.0
18.9908,0.997694613530623,0.0030520416450703844,-0.022461306484248295,-0.06396587281354088,0.5815,0.0,9.559,0.6,0.0,1.0,0.0,0.0,0.0,0.0654,-0.0135,0.0,0.0,0.0
19.0108,0.9977051187976093,0.003052073781669999,-0.022339540042177607,-0.0638445433955301,0.5815,0.0,9.7661,0.6,0.0,1.0,0.0,0.0,0.0,-0.0654,-0.0135,0.0,0.0,0.0
19.0309,0.9977050853229857,0.0034790839876059306,-0.022278537820030128,-0.06384454125344209,0.5815,0.0,9.7202,0.6,0.0,1.0,0.0,0.0,0.0,0.0539,-0.0135,0.0,0.0,0.0
19.051,0.9976922639683401,0.003418038589733382,-0.022339252210665284,-0.0640267228631567,0.5815,0.0,9.4994,0.6,0.0,1.0,0.0,0.0,0.0,-0.0462,-0.0135,0.0,0.0,0.0
19.071,0.9976868183888102,0.003845022423705552,-0.02233913027910488,-0.06408737374980945,0.5815,0.0,9.7605,0.6,0.0,1.0,0.0,0.0,0.0,0.0346,-0.0135,0.0,0.0,0.0
19.0911,0.9976911774562118,0.003723037978742183,-0.02233922788265419,-0.06402665313643485,0.5815,0.0,9.3583,0.6,0.0,1.0,0.0,0.0,0.0,-0.0269,-0.0135,0.0,0.0,0.0
19.1112,0.9976954939474819,0.003967057631136269,-0.022278323646698697,-0.06396592926030532,0.5815,0.0,9.7311,0.6,0.0,1.0,0.0,0.0,0.0,0.0115,-0.0135,0.0,0.0,0.0
19.1312,0.9976881760780969,0.0038450276561549108,-0.02227816024026501,-0.06408746096228857,0.5815,0.0,9.2696,0.6,0.0,1.0,0.0,0.0,0.0,0.0,-0.0135,0.0,0.0,0.0
19.1513,0.9976922121151109,0.004150046638432239,-0.02221724967856601,-0.06402671953548494,0.5815,0.0,9.7766,0.6,0.0,1.0,0.0,0.0,0.0,-0.0154,-0.0135,0.0,0.0,0.0
19.1714,0.9976899146052371,0.004089036536549075,-0.022156197971088587,-0.06408757263825393,0.5815,0.0,9.3785,0.6,0.0,1.0,0.0,0.0,0.0,0.0269,-0.0135,0.0,0.0,0.0
19.1915,0.9976949089806357,0.004150057856438722,-0.022095308033256267,-0.0640268926063483,0.5815,0.0,9.8455,0.6,0.0,1.0,0.0,0.0,0.0,-0.0385,-0.0135,0.0,0.0,0.0
19.2115,0.9976889488165639,0.004028032092255063,-0.022034175551327702,-0.06414851108589316,0.5815,0.0,9.3951,0.6,0.0,1.0,0.0,0.0,0.0,0.05,-0.0135,0.0,0.0,0.0
19.2316,0.9976844188249308,0.00384501317593686,-0.02209507571451881,-0.06420922002957857,0.5815,0.0,9.7826,0.6,0.0,1.0,0.0,0.0,0.0,-0.0577,-0.0135,0.0,0.0,0.0
19.2517,0.9976768282215684,0.003783984177297573,-0.022094907610303846,-0.06433073100151421,0.5815,0.0,9.3788,0.6,0.0,1.0,0.0,0.0,0.0,0.0616,-0.0135,0.0,0.0,0.0
19.2718,0.9976811945827708,0.0036620007142183844,-0.022095004309299587,-0.06427001253490311,0.5815,0.0,9.6233,0.6,0.0,1.0,0.0,0.0,0.0,-0.0654,-0.0135,0.0,0.0,0.0
19.2919,0.9976880888355073,0.0039060277533515177,-0.02209515699188471,-0.06414845579160083,0.5815,0.0,9.4784,0.6,0.0,1.0,0.0,0.0,0.0,0.0616,-0.0135,0.0,0.0,0.0
19.3119,0.9976924590570581,0.0037840434618599643,-0.022095253776373107,-0.06408773608356755,0.5815,0.0,9.394,0.6,0.0,1.0,0.0,0.0,0.0,-0.0577,-0.0135,0.0,0.0,0.0
19.332,0.9976943034133776,0.003967052897309736,-0.022156295435541814,-0.06402685374417771,0.5815,0.0,9.5252,0.6,0.0,1.0,0.0,0.0,0.0,0.05,-0.0135,0.0,0.0,0.0
19.3521,0.9977014467427956,0.003784077550313918,-0.022217455321174494,-0.06390530966576663,0.5815,0.0,9.2298,0.6,0.0,1.0,0.0,0.0,0.0,-0.0423,-0.0135,0.0,0.0,0.0
19.3721,0.9977116740093617,0.004210872008248047,-0.022216324722689817,-0.06371906322431103,0.5815,0.0,9.8059,0.6,0.0,1.0,0.0,0.0,0.0,0.0231,-0.0135,0.0,0.0,0.0
19.3922,0.9977163021336941,0.004027896254737723,-0.022216427778427972,-0.0636583603715498,0.5815,0.0,9.4245,0.6,0.0,1.0,0.0,0.0,0.0,-0.0154,-0.0135,0.0,0.0,0.0
19.4123,0.9977167107924568,0.004210893266141991,-0.022338433785881216,-0.06359738799177478,0.5815,0.0,9.6846,0.6,0.0,1.0,0.0,0.0,0.0,0.0038,-0.0135,0.0,0.0,0.0
19.4324,0.9977075762397849,0.004150110547755352,-0.022400596691498763,-0.06372269740084785,0.5815,0.0,9.3041,0.6,0.0,1.0,0.0,0.0,0.0,0.0115,-0.0135,0.0,0.0,0.0
19.4524,0.9977156515645262,0.004455882325662876,-0.02233841007023855,-0.06359732047348132,0.5815,0.0,9.8036,0.6,0.0,1.0,0.0,0.0,0.0,-0.0231,-0.0135,0.0,0.0,0.0
19.4725,0.9977106700602627,0.004639137959337266,-0.022339664340080858,-0.06366189318633547,0.5815,0.0,9.4121,0.6,0.0,1.0,0.0,0.0,0.0,0.0346,-0.0135,0.0,0.0,0.0
19.4926,0.997711442994867,0.0048218523206613045,-0.022277317710429796,-0.06365805033871808,0.5815,0.0,9.8428,0.6,0.0,1.0,0.0,0.0,0.0,-0.0462,-0.0135,0.0,0.0,0.0
19.5126,0.9977125015983306,0.004882855633324699,-0.022216343150844715,-0.06365811788192717,0.5815,0.0,9.3681,0.6,0.0,1.0,0.0,0.0,0.0,0.0539,-0.0135,0.0,0.0,0.0
19.5327,0.9977183110453036,0.0047608869616460915,-0.022155473959720794,-0.0635974899965826,0.5815,0.0,9.8475,0.6,0.0,1.0,0.0,0.0,0.0,-0.0616,-0.0135,0.0,0.0,0.0
19.5528,0.9977058165896242,0.004883121461075371,-0.022156551114393987,-0.06378358653088456,0.5815,0.0,9.4803,0.6,0.0,1.0,0.0,0.0,0.0,0.0616,-0.0135,0.0,0.0,0.0
19.5728,0.997695029026656,0.0047000660896872725,-0.022156311549598105,-0.06396589945252051,0.5815,0.0,9.7259,0.6,0.0,1.0,0.0,0.0,0.0,-0.0616,-0.0135,0.0,0.0,0.0
19.5929,0.9976877074550552,0.004883032828632641,-0.02209514854569692,-0.06408743085983615,0.5815,0.0,9.6871,0.6,0.0,1.0,0.0,0.0,0.0,0.0577,-0.0135,0.0,0.0,0.0
19.613,0.9976849643035945,0.004639018433150857,-0.022095087794884255,-0.06414825489324444,0.5815,0.0,9.5133,0.6,0.0,1.0,0.0,0.0,0.0,-0.0539,-0.0135,0.0,0.0,0.0
19.633,0.9976880027772128,0.004822033845880321,-0.02209515508600696,-0.06408744983013935,0.5815,0.0,9.7669,0.6,0.0,1.0,0.0,0.0,0.0,0.0423,-0.0135,0.0,0.0,0.0
19.6531,0.9976847173672125,0.004395016375804389,-0.02215608255342936,-0.06414823901595001,0.5815,0.0,9.2722,0.6,0.0,1.0,0.0,0.0,0.0,-0.0308,-0.0135,0.0,0.0,0.0
19.6732,0.9976775649945746,0.004516984448015448,-0.02227792329707505,-0.06420877892907312,0.5815,0.0,9.6376,0.6,0.0,1.0,0.0,0.0,0.0,0.0192,-0.0135,0.0,0.0,0.0
19.6933,0.997666732556374,0.004271938907808038,-0.02246067879407216,-0.06433008002766821,0.5815,0.0,9.2319,0.6,0.0,1.0,0.0,0.0,0.0,-0.0077,-0.0135,0.0,0.0,0.0
19.7133,0.9976620834671693,0.004394916668592679,-0.022643570658387385,-0.06432978025193083,0.5815,0.0,9.7995,0.6,0.0,1.0,0.0,0.0,0.0,-0.0077,-0.0135,0.0,0.0,0.0
19.7334,0.9976497004133198,0.004150123550766106,-0.022705675956661276,-0.06451592066364435,0.5815,0.0,9.3358,0.6,0.0,1.0,0.0,0.0,0.0,0.0192,-0.0135,0.0,0.0,0.0
19.7535,0.9976522728931865,0.004210878748972078,-0.022765344478531995,-0.06445114414806385,0.5815,0.0,9.7684,0.6,0.0,1.0,0.0,0.0,0.0,-0.0308,-0.0135,0.0,0.0,0.0
19.7735,0.9976424904987493,0.004211094933431806,-0.023010518740979754,-0.06451545441354062,0.5815,0.0,9.3787,0.6,0.0,1.0,0.0,0.0,0.0,0.0423,-0.0135,0.0,0.0,0.0
19.7936,0.9976369020826328,0.00427207237795655,-0.023071390878238632,-0.06457609405583886,0.5815,0.0,9.764,0.6,0.0,1.0,0.0,0.0,0.0,-0.0539,-0.0135,0.0,0.0,0.0
19.8137,0.9976265889258766,0.003906025797743108,-0.023071152375763213,-0.06475842770359647,0.5815,0.0,9.3022,0.6,0.0,1.0,0.0,0.0,0.0,0.0577,-0.0135,0.0,0.0,0.0
19.8337,0.997621665679407,0.00415000692906071,-0.023071038520568556,-0.06481910822524961,0.5815,0.0,9.8318,0.6,0.0,1.0,0.0,0.0,0.0,-0.0616,-0.0135,0.0,0.0,0.0
19.8538,0.9976075108352151,0.004088948809972933,-0.023009711938732483,-0.0650621854789114,0.5815,0.0,9.5006,0.6,0.0,1.0,0.0,0.0,0.0,0.0616,-0.0135,0.0,0.0,0.0
19.8739,0.9975999822987378,0.004027919176339009,-0.022826541965811922,-0.0652456907891239,0.5815,0.0,9.8836,0.6,0.0,1.0,0.0,0.0,0.0,-0.0616,-0.0135,0.0,0.0,0.0
19.894,0.9975888787561067,0.0037841133378708532,-0.02264467823011299,-0.06549296157782764,0.5815,0.0,9.3375,0.6,0.0,1.0,0.0,0.0,0.0,0.0539,-0.0135,0.0,0.0,0.0
19.914,0.9975929198971959,0.0035399039077364906,-0.0223383936143857,-0.06555022061015314,0.5815,0.0,9.7324,0.6,0.0,1.0,0.0,0.0,0.0,-0.0462,-0.0135,0.0,0.0,0.0
19.9341,0.9975905559796382,0.0034788973198744675,-0.022094347882330053,-0.06567206168020558,0.5815,0.0,9.4985,0.6,0.0,1.0,0.0,0.0,0.0,0.0346,-0.0135,0.0,0.0,0.0
19.9542,0.9975794666909483,0.003113063868712452,-0.021912449563516605,-0.06591935242460245,0.5815,0.0,9.5534,0.6,0.0,1.0,0.0,0.0,0.0,-0.0231,-0.0135,0.0,0.0,0.0
19.9742,0.9975664224674657,0.002991022254924467,-0.021790162131328655,-0.06616249228696504,0.5815,0.0,9.4089,0.6,0.0,1.0,0.0,0.0,0.0,0.0077,-0.0135,0.0,0.0,0.0
19.9943,0.9975575229879969,0.0028079958424016005,-0.021666967919271873,-0.06634490176785413,0.5815,0.0,9.3204,0.6,0.0,1.0,0.0,0.0,0.0,0.0,-0.0135,0.0,0.0,0.0
20.0144,0.997555280264948,0.0031129883921299753,-0.021728918976097706,-0.06634475261029978,0.5815,0.0,9.6813,0.6,0.0,1.0,0.0,0.0,0.0,-0.0154,-0.0135,0.0,0.0,0.0
20.0345,0.997538562063232,0.0028689412200776244,-0.021972549818321918,-0.06652663697780553,0.5815,0.0,9.2736,0.6,0.0,1.0,0.0,0.0,0.0,0.0269,-0.0135,0.0,0.0,0.0
20.0545,0.9975215277558789,0.0030520719868219748,-0.022339526904854523,-0.06665157205821903,0.5815,0.0,9.769,0.6,0.0,1.0,0.0,0.0,0.0,-0.0385,-0.0135,0.0,0.0,0.0
20.0746,0.997502599496088,0.002991013791599384,-0.02282710525604783,-0.0667723078878883,0.5815,0.0,9.4595,0.6,0.0,1.0,0.0,0.0,0.0,0.05,-0.0135,0.0,0.0,0.0
20.0947,0.9974952543621813,0.0034179905918708025,-0.023437935486327607,-0.06664981654423298,0.5815,0.0,9.7688,0.6,0.0,1.0,0.0,0.0,0.0,-0.0577,-0.0135,0.0,0.0,0.0
20.1147,0.9974793427677566,0.0034179360696263983,-0.02410854906454734,-0.06664875337641885,0.5815,0.0,9.2298,0.6,0.0,1.0,0.0,0.0,0.0,0.0616,-0.0135,0.0,0.0,0.0
20.1348,0.9974793427677566,0.0034179360696263983,-0.02410854906454734,-0.06664875337641885,0.5815,0.0,9.2298,0.6,0.0,1.0,0.0,0.0,0.0,-0.0616,-0.0135,0.0,0.0,0.0
20.1549,0.9974637248834213,0.004089109558847637,-0.02496366884752104,-0.06652978252164726,0.5815,0.0,9.7146,0.6,0.0,1.0,0.0,0.0,0.0,0.0616,-0.0135,0.0,0.0,0.0
20.1749,0.9974559973148873,0.0043330825268818075,-0.02539148360028985,-0.0664682659391308,0.5815,0.0,9.6067,0.6,0.0,1.0,0.0,0.0,0.0,-0.0577,-0.0135,0.0,0.0,0.0
20.195,0.9974596786147781,0.0050051137981315785,-0.025757585634060935,-0.06622450570502841,0.5815,0.0,9.7906,0.6,0.0,1.0,0.0,0.0,0.0,0.05,-0.0135,0.0,0.0,0.0
20.2151,0.9974558236242962,0.005005094454326045,-0.026062491841887164,-0.066163248608815,0.5815,0.0,9.3005,0.6,0.0,1.0,0.0,0.0,0.0,-0.0423,-0.0135,0.0,0.0,0.0
20.2352,0.9974566907878981,0.005310104826754717,-0.026123515704202124,-0.06610230492529438,0.5815,0.0,9.7056,0.6,0.0,1.0,0.0,0.0,0.0,0.0231,-0.0135,0.0,0.0,0.0
20.2553,0.9974524496391978,0.0051880803586874785,-0.026001402738287008,-0.066224025750455,0.5815,0.0,9.2946,0.6,0.0,1.0,0.0,0.0,0.0,-0.0154,-0.0135,0.0,0.0,0.0
20.2754,0.9974614835481848,0.005432133336374871,-0.02575763224318988,-0.06616362404293696,0.5815,0.0,9.8048,0.6,0.0,1.0,0.0,0.0,0.0,0.0,-0.0135,0.0,0.0,0.0
20.2955,0.9974751857042274,0.005248879947389864,-0.025268422059553125,-0.06616048677447273,0.5815,0.0,9.3728,0.6,0.0,1.0,0.0,0.0,0.0,0.0115,-0.0135,0.0,0.0,0.0
20.3156,0.9974861993726616,0.005187938624784585,-0.02484070612534189,-0.06616121728854996,0.5815,0.0,9.767,0.6,0.0,1.0,0.0,0.0,0.0,-0.0231,-0.0135,0.0,0.0,0.0
20.3357,0.9974896586542873,0.00506595763674977,-0.024230797373881487,-0.0663444452053224,0.5815,0.0,9.3022,0.6,0.0,1.0,0.0,0.0,0.0,0.0346,-0.0135,0.0,0.0,0.0
20.3557,0.9974964420319726,0.005004992182811422,-0.023620963106930768,-0.06646689618679857,0.5815,0.0,9.7307,0.6,0.0,1.0,0.0,0.0,0.0,-0.0462,-0.0135,0.0,0.0,0.0
20.3758,0.9975022496773631,0.005066021582865855,-0.023010098030348057,-0.0665892836915622,0.5815,0.0,9.3433,0.6,0.0,1.0,0.0,0.0,0.0,0.0539,-0.0135,0.0,0.0,0.0
20.3959,0.9974972175121184,0.004760996265230808,-0.022582982284752622,-0.0668329475728146,0.5815,0.0,9.5945,0.6,0.0,1.0,0.0,0.0,0.0,-0.0616,-0.0135,0.0,0.0,0.0
20.4159,0.9974931120448576,0.0047609766700740935,-0.022216891131912643,-0.0670166716022591,0.5815,0.0,9.3734,0.6,0.0,1.0,0.0,0.0,0.0,0.0616,-0.0135,0.0,0.0,0.0
20.436,0.9974958121185263,0.004455990226346477,-0.021972951805096733,-0.0670778528731752,0.5815,0.0,9.2739,0.6,0.0,1.0,0.0,0.0,0.0,-0.0616,-0.0135,0.0,0.0,0.0
20.4561,0.9975070385270388,0.00463904203489825,-0.021606195776247367,-0.06701760725431682,0.5815,0.0,9.5994,0.6,0.0,1.0,0.0,0.0,0.0,0.0577,-0.0135,0.0,0.0,0.0
20.4762,0.997506160813828,0.004211034451384399,-0.021545176265750837,-0.06707854878412789,0.5815,0.0,9.273,0.6,0.0,1.0,0.0,0.0,0.0,-0.0539,-0.0135,0.0,0.0,0.0
20.4962,0.9974889972809869,0.004088963095547019,-0.021605804999361405,-0.06732139239873225,0.5815,0.0,9.6515,0.6,0.0,1.0,0.0,0.0,0.0,0.0423,-0.0135,0.0,0.0,0.0
20.5163,0.9974647231716811,0.003601100087665914,-0.021851607335625613,-0.06762887965248066,0.5815,0.0,9.3463,0.6,0.0,1.0,0.0,0.0,0.0,-0.0308,-0.0135,0.0,0.0,0.0
20.5364,0.9974561552331864,0.0037230714981829997,-0.0220344231509439,-0.06768929991109607,0.5815,0.0,9.7999,0.6,0.0,1.0,0.0,0.0,0.0,0.0192,-0.0135,0.0,0.0,0.0
20.5564,0.9974553251268086,0.003601066158345481,-0.0222784092962012,-0.06762824245776988,0.5815,0.0,9.3787,0.6,0.0,1.0,0.0,0.0,0.0,-0.0077,-0.0135,0.0,0.0,0.0
20.5765,0.9974587901387273,0.0037840826657572855,-0.022461490685933998,-0.06750647472302984,0.5815,0.0,9.7659,0.6,0.0,1.0,0.0,0.0,0.0,-0.0077,-0.0135,0.0,0.0,0.0
20.5966,0.9974544412643079,0.0038450672339819646,-0.022644395954821192,-0.06750618039790701,0.5815,0.0,9.3547,0.6,0.0,1.0,0.0,0.0,0.0,0.0192,-0.0135,0.0,0.0,0.0
20.6166,0.9974546288247723,0.003784066878883517,-0.022827403447218297,-0.06744519201358867,0.5815,0.0,9.8119,0.6,0.0,1.0,0.0,0.0,0.0,-0.0308,-0.0135,0.0,0.0,0.0
20.6367,0.9974371688746052,0.003662000620007888,-0.0230710039061174,-0.06762701144982887,0.5815,0.0,9.4795,0.6,0.0,1.0,0.0,0.0,0.0,0.0423,-0.0135,0.0,0.0,0.0
20.6568,0.9974241493104394,0.003417955963477477,-0.02331469961628944,-0.0677481271414968,0.5815,0.0,9.8808,0.6,0.0,1.0,0.0,0.0,0.0,-0.05,-0.0135,0.0,0.0,0.0
20.6768,0.9974072617309614,0.0034788962747141113,-0.023498299384738946,-0.06792997462888145,0.5815,0.0,9.6003,0.6,0.0,1.0,0.0,0.0,0.0,0.0577,-0.0135,0.0,0.0,0.0
20.6969,0.9973970028450134,0.003113068675128741,-0.0236215210970819,-0.06805550132258631,0.5815,0.0,9.8472,0.6,0.0,1.0,0.0,0.0,0.0,-0.0616,-0.0135,0.0,0.0,0.0
20.717,0.9973968115822637,0.003174069412169054,-0.023621516567374004,-0.06805548827213365,0.5815,0.0,9.7202,0.6,0.0,1.0,0.0,0.0,0.0,0.0654,-0.0135,0.0,0.0,0.0
20.7371,0.9973962917326737,0.002869061246753769,-0.023682505557902668,-0.0680554528011784,0.5815,0.0,9.5372,0.6,0.0,1.0,0.0,0.0,0.0,-0.0616,-0.0135,0.0,0.0,0.0
20.7572,0.9973978736136515,0.003235074190891255,-0.023743544517567543,-0.06799455933887755,0.5815,0.0,9.8409,0.6,0.0,1.0,0.0,0.0,0.0,0.0539,-0.0135,0.0,0.0,0.0
20.7773,0.9973978736136515,0.003235074190891255,-0.023743544517567543,-0.06799455933887755,0.5815,0.0,9.3481,0.6,0.0,1.0,0.0,0.0,0.0,-0.0462,-0.0135,0.0,0.0,0.0
20.7973,0.9973990620219744,0.003723089818681852,-0.02362156986491646,-0.06799464035499203,0.5815,0.0,9.7568,0.6,0.0,1.0,0.0,0.0,0.0,0.0346,-0.0135,0.0,0.0,0.0
20.8174,0.9974105184165638,0.0040888914385623695,-0.023437377729768817,-0.06786919805005281,0.5815,0.0,9.3449,0.6,0.0,1.0,0.0,0.0,0.0,-0.0231,-0.0135,0.0,0.0,0.0
20.8375,0.9974195237277801,0.004577919788042534,-0.023314591493711574,-0.06774781295764376,0.5815,0.0,9.8224,0.6,0.0,1.0,0.0,0.0,0.0,0.0115,-0.0135,0.0,0.0,0.0
20.8576,0.9974319990849876,0.004577977046982493,-0.023131884021581242,-0.06762666093409458,0.5815,0.0,9.4942,0.6,0.0,1.0,0.0,0.0,0.0,0.0038,-0.0135,0.0,0.0,0.0
20.8776,0.9974429875265884,0.004883029312219551,-0.02294913776082868,-0.067505405226578,0.5815,0.0,9.7593,0.6,0.0,1.0,0.0,0.0,0.0,-0.0154,-0.0135,0.0,0.0,0.0
20.8977,0.9974483185736046,0.00463905264178385,-0.02276625834077409,-0.06750576602362975,0.5815,0.0,9.239,0.6,0.0,1.0,0.0,0.0,0.0,0.0269,-0.0135,0.0,0.0,0.0
20.9178,0.9974532578231345,0.004761077602390874,-0.02252236709956883,-0.06750610030443088,0.5815,0.0,9.6831,0.6,0.0,1.0,0.0,0.0,0.0,-0.0385,-0.0135,0.0,0.0,0.0
20.9378,0.9974513694228426,0.004578065952253404,-0.022461323580944426,-0.0675669733791947,0.5815,0.0,9.23,0.6,0.0,1.0,0.0,0.0,0.0,0.05,-0.0135,0.0,0.0,0.0
20.9579,0.997459211050082,0.004944110093601507,-0.022400498805961514,-0.06744550185130666,0.5815,0.0,9.7691,0.6,0.0,1.0,0.0,0.0,0.0,-0.0577,-0.0135,0.0,0.0,0.0
20.978,0.9974540135695891,0.004883083290734458,-0.022278380002249073,-0.06756715249268165,0.5815,0.0,9.3933,0.6,0.0,1.0,0.0,0.0,0.0,0.0616,-0.0135,0.0,0.0,0.0
20.998,0.9974550682891824,0.00494408955916185,-0.022217402454672092,-0.06756722393898258,0.5815,0.0,9.8118,0.6,0.0,1.0,0.0,0.0,0.0,-0.0654,-0.0135,0.0,0.0,0.0
21.0181,0.9974504873658184,0.004761064378350377,-0.022278301243623108,-0.06762791445383338,0.5815,0.0,9.2799,0.6,0.0,1.0,0.0,0.0,0.0,0.0577,-0.0135,0.0,0.0,0.0
21.0382,0.9974414909315741,0.004639020886964867,-0.022522101404661057,-0.06768830476328463,0.5815,0.0,9.628,0.6,0.0,1.0,0.0,0.0,0.0,-0.0539,-0.0135,0.0,0.0,0.0
21.0583,0.9974150582201868,0.004699896608642835,-0.0227654991898644,-0.06799150427903229,0.5815,0.0,9.3378,0.6,0.0,1.0,0.0,0.0,0.0,0.05,-0.0135,0.0,0.0,0.0
21.0783,0.9974022840877472,0.004700128572715797,-0.02294962779047972,-0.06811686334692259,0.5815,0.0,9.4325,0.6,0.0,1.0,0.0,0.0,0.0,-0.0385,-0.0135,0.0,0.0,0.0
21.0984,0.997401843966685,0.005066136349452544,-0.023071620947141637,-0.06805583164738316,0.5815,0.0,9.3288,0.6,0.0,1.0,0.0,0.0,0.0,0.0269,-0.0135,0.0,0.0,0.0
21.1185,0.9974161889572712,0.005004895573084964,-0.023192516089222667,-0.06780858517700117,0.5815,0.0,9.1941,0.6,0.0,1.0,0.0,0.0,0.0,-0.0154,-0.0135,0.0,0.0,0.0
21.1385,0.9974231850050751,0.005248927298758361,-0.023192678765498676,-0.06768706248777968,0.5815,0.0,9.588,0.6,0.0,1.0,0.0,0.0,0.0,0.0,-0.0135,0.0,0.0,0.0
21.1586,0.9974112502583977,0.004882873940922342,-0.023253399676880625,-0.06786924784852356,0.5815,0.0,9.3439,0.6,0.0,1.0,0.0,0.0,0.0,0.0115,-0.0135,0.0,0.0,0.0
21.1787,0.9974048836340557,0.005005149961236697,-0.023132693087577864,-0.06799503722564769,0.5815,0.0,9.9066,0.6,0.0,1.0,0.0,0.0,0.0,-0.0231,-0.0135,0.0,0.0,0.0
21.1987,0.9973998163811665,0.004639115426185971,-0.022888569492249287,-0.06817769633448045,0.5815,0.0,9.4481,0.6,0.0,1.0,0.0,0.0,0.0,0.0346,-0.0135,0.0,0.0,0.0
21.2188,0.9974084262786653,0.004638867105899152,-0.022521354809023626,-0.06817404695231305,0.5815,0.0,9.7648,0.6,0.0,1.0,0.0,0.0,0.0,-0.0462,-0.0135,0.0,0.0,0.0
21.2389,0.9974015273026324,0.004211112000472628,-0.022156589285792325,-0.06842181977495526,0.5815,0.0,9.3893,0.6,0.0,1.0,0.0,0.0,0.0,0.0539,-0.0135,0.0,0.0,0.0
21.2589,0.997393053251933,0.004150075118180748,-0.021790394415700833,-0.06866624288912793,0.5815,0.0,9.7738,0.6,0.0,1.0,0.0,0.0,0.0,-0.0616,-0.0135,0.0,0.0,0.0
21.279,0.9973844723269948,0.0040890388342850826,-0.021423203459743034,-0.068909654446503,0.5815,0.0,9.3951,0.6,0.0,1.0,0.0,0.0,0.0,-0.0616,-0.0135,0.0,0.0,0.0
21.2991,0.9973877809709677,0.004150053180628669,-0.02105726983722839,-0.06897088382360472,0.5815,0.0,9.849,0.6,0.0,1.0,0.0,0.0,0.0,0.0577,-0.0135,0.0,0.0,0.0
21.3192,0.9973835401740185,0.004272036579644978,-0.02063017664748966,-0.06915359213300298,0.5815,0.0,9.4834,0.6,0.0,1.0,0.0,0.0,0.0,0.0577,-0.0135,0.0,0.0,0.0
21.3393,0.9973847787558969,0.004333042482866834,-0.02014219748209177,-0.06927567920623112,0.5815,0.0,9.8208,0.6,0.0,1.0,0.0,0.0,0.0,0.0423,-0.0135,0.0,0.0,0.0
21.3593,0.9973774063883373,0.0045170108982640665,-0.01983604785874827,-0.06945816758282602,0.5815,0.0,9.6445,0.6,0.0,1.0,0.0,0.0,0.0,-0.0308,-0.0135,0.0,0.0,0.0
21.3794,0.9973651511565259,0.00427195781500507,-0.019652805931248733,-0.06970131170914878,0.5815,0.0,9.7824,0.6,0.0,1.0,0.0,0.0,0.0,0.0154,-0.0135,0.0,0.0,0.0
21.3995,0.997351987883339,0.004210902840934197,-0.01946955077487265,-0.06994438615815318,0.5815,0.0,9.4475,0.6,0.0,1.0,0.0,0.0,0.0,-0.0038,-0.0135,0.0,0.0,0.0
21.4195,0.9973417667932146,0.0037841053525224035,-0.01940954037714251,-0.07013095250186131,0.5815,0.0,9.56,0.6,0.0,1.0,0.0,0.0,0.0,-0.0077,-0.0135,0.0,0.0,0.0
21.4396,0.9973470661016389,0.0039058906030259464,-0.019347458112479766,-0.0700660375762473,0.5815,0.0,9.5668,0.6,0.0,1.0,0.0,0.0,0.0,0.0192,-0.0135,0.0,0.0,0.0
21.4597,0.9973438370139589,0.0035401059074969543,-0.019348578841313847,-0.07013109807538237,0.5815,0.0,9.315,0.6,0.0,1.0,0.0,0.0,0.0,-0.0308,-0.0135,0.0,0.0,0.0
21.4797,0.9973322716805585,0.003723068208675226,-0.01947035670773746,-0.07025228706087644,0.5815,0.0,9.6591,0.6,0.0,1.0,0.0,0.0,0.0,0.0423,-0.0135,0.0,0.0,0.0
21.4998,0.9973136186821974,0.0036619985998534166,-0.019774992439131965,-0.07043497306954538,0.5815,0.0,9.3529,0.6,0.0,1.0,0.0,0.0,0.0,-0.05,-0.0135,0.0,0.0,0.0
21.5199,0.9973091932704916,0.004027980586348475,-0.020141902922103008,-0.07037366082018054,0.5815,0.0,9.8838,0.6,0.0,1.0,0.0,0.0,0.0,0.0577,-0.0135,0.0,0.0,0.0
21.5399,0.997308398194797,0.004210976347267053,-0.020568884466144844,-0.07025060540770774,0.5815,0.0,9.4594,0.6,0.0,1.0,0.0,0.0,0.0,-0.0616,-0.0135,0.0,0.0,0.0
21.56,0.997320537546811,0.004578030009494807,-0.02093513723214804,-0.0699464585067985,0.5815,0.0,9.7659,0.6,0.0,1.0,0.0,0.0,0.0,0.0616,-0.0135,0.0,0.0,0.0
21.5801,0.9973300211907701,0.004883078442170206,-0.021423344146346952,-0.06964211873667309,0.5815,0.0,9.2673,0.6,0.0,1.0,0.0,0.0,0.0,-0.0577,-0.0135,0.0,0.0,0.0
21.6002,0.9973342810975534,0.005249106742190586,-0.02172944187484457,-0.06945941247839084,0.5815,0.0,9.7209,0.6,0.0,1.0,0.0,0.0,0.0,0.0539,-0.0135,0.0,0.0,0.0
21.6202,0.9973383490279498,0.00506612368439187,-0.021973536462128414,-0.06933769281109253,0.5815,0.0,9.2627,0.6,0.0,1.0,0.0,0.0,0.0,-0.0462,-0.0135,0.0,0.0,0.0
21.6403,0.997350048178262,0.005309867157113998,-0.021972450290633862,-0.06915126996533039,0.5815,0.0,9.7669,0.6,0.0,1.0,0.0,0.0,0.0,0.0346,-0.0135,0.0,0.0,0.0
21.6604,0.9973464780469095,0.005187851638658852,-0.021972371637673634,-0.06921202068583909,0.5815,0.0,9.3003,0.6,0.0,1.0,0.0,0.0,0.0,-0.0231,-0.0135,0.0,0.0,0.0
21.6804,0.9973533528903389,0.00518788739921803,-0.021850525744085022,-0.0691514990975567,0.5815,0.0,9.6471,0.6,0.0,1.0,0.0,0.0,0.0,0.0077,-0.0135,0.0,0.0,0.0
21.7005,0.9973508644799057,0.005065877407650288,-0.02160547715548599,-0.06927332361132515,0.5815,0.0,9.3008,0.6,0.0,1.0,0.0,0.0,0.0,0.0038,-0.0135,0.0,0.0,0.0
21.7206,0.9973638047987409,0.0048829451899558875,-0.021239761588094,-0.06921322309596695,0.5815,0.0,9.8043,0.6,0.0,1.0,0.0,0.0,0.0,-0.0154,-0.0135,0.0,0.0,0.0
21.7407,0.9973726498846176,0.0046389890691211876,-0.02087395081457978,-0.06921383691100519,0.5815,0.0,9.4108,0.6,0.0,1.0,0.0,0.0,0.0,0.0269,-0.0135,0.0,0.0,0.0
21.7608,0.9973863011395124,0.00421104771434866,-0.02050823237375022,-0.0691537835645576,0.5815,0.0,9.7726,0.6,0.0,1.0,0.0,0.0,0.0,-0.0385,-0.0135,0.0,0.0,0.0
21.7809,0.9973934886888951,0.003967073537665223,-0.020203374510070683,-0.06915428191332573,0.5815,0.0,9.4825,0.6,0.0,1.0,0.0,0.0,0.0,0.05,-0.0135,0.0,0.0,0.0
21.8009,0.9973969975191771,0.0035400780761678297,-0.019897438836585107,-0.06921552654346898,0.5815,0.0,9.7819,0.6,0.0,1.0,0.0,0.0,0.0,-0.0539,-0.0135,0.0,0.0,0.0
21.821,0.9973947877977374,0.003479069022933533,-0.019592388702878324,-0.06933737561774056,0.5815,0.0,9.7585,0.6,0.0,1.0,0.0,0.0,0.0,0.0616,-0.0135,0.0,0.0,0.0
21.8411,0.9973911057826862,0.0031130502692583075,-0.019409313419863294,-0.06945912161970563,0.5815,0.0,9.5945,0.6,0.0,1.0,0.0,0.0,0.0,-0.0616,-0.0135,0.0,0.0,0.0
21.8611,0.997395924112815,0.003296069147387736,-0.01934840590523599,-0.06939845589237459,0.5815,0.0,9.8097,0.6,0.0,1.0,0.0,0.0,0.0,0.0616,-0.0135,0.0,0.0,0.0
21.8812,0.9974011009788472,0.0029910782734956613,-0.019348506330857232,-0.06933781450053328,0.5815,0.0,9.3168,0.6,0.0,1.0,0.0,0.0,0.0,-0.0539,-0.0135,0.0,0.0,0.0
21.9013,0.9974178949892988,0.003112940373278401,-0.019347629406421606,-0.06909067660473861,0.5815,0.0,9.7316,0.6,0.0,1.0,0.0,0.0,0.0,0.0462,-0.0135,0.0,0.0,0.0
21.9213,0.9974194491852604,0.002807950590676119,-0.019530656334221932,-0.0690297853365252,0.5815,0.0,9.3151,0.6,0.0,1.0,0.0,0.0,0.0,-0.0385,-0.0135,0.0,0.0,0.0
21.9414,0.9974239109188308,0.0029299615504459683,-0.019713741298802656,-0.06890809572685364,0.5815,0.0,9.8443,0.6,0.0,1.0,0.0,0.0,0.0,0.0269,-0.0135,0.0,0.0,0.0
21.9615,0.9974246630089383,0.002868964514222602,-0.019896753900134893,-0.06884714844029188,0.5815,0.0,9.4594,0.6,0.0,1.0,0.0,0.0,0.0,-0.0154,-0.0135,0.0,0.0,0.0
21.9816,0.9974290082881848,0.002990976035368616,-0.02008083910606388,-0.06872544935029852,0.5815,0.0,9.8809,0.6,0.0,1.0,0.0,0.0,0.0,0.0,-0.0135,0.0,0.0,0.0
22.0017,0.9974256066184906,0.003051965138048453,-0.020446766440916343,-0.06866421566320341,0.5815,0.0,9.4658,0.6,0.0,1.0,0.0,0.0,0.0,0.0115,-0.0135,0.0,0.0,0.0
22.0217,0.9974256066184906,0.003051965138048453,-0.020446766440916343,-0.06866421566320341,0.5815,0.0,9.4658,0.6,0.0,1.0,0.0,0.0,0.0,-0.0231,-0.0135,0.0,0.0,0.0
22.0418,0.997426514528089,0.0032959653510794013,-0.020568783770131112,-0.06860327880626554,0.5815,0.0,9.7989,0.6,0.0,1.0,0.0,0.0,0.0,0.0346,-0.0135,0.0,0.0,0.0
22.0619,0.9974358797943566,0.0029909966408554357,-0.020568976899282984,-0.06848092309007725,0.5815,0.0,9.3516,0.6,0.0,1.0,0.0,0.0,0.0,-0.0462,-0.0135,0.0,0.0,0.0
22.082,0.9974479917863205,0.0031130343053554447,-0.020569226671010625,-0.068298752646054,0.5815,0.0,9.7766,0.6,0.0,1.0,0.0,0.0,0.0,0.0539,-0.0135,0.0,0.0,0.0
22.1021,0.997455593870208,0.002930054620030853,-0.02063038457721379,-0.0681772709130455,0.5815,0.0,9.3525,0.6,0.0,1.0,0.0,0.0,0.0,-0.0577,-0.0135,0.0,0.0,0.0
22.1222,0.9974699332477465,0.002807920990878855,-0.02056842124693272,-0.06799108687066441,0.5815,0.0,9.8218,0.6,0.0,1.0,0.0,0.0,0.0,0.0616,-0.0135,0.0,0.0,0.0
22.1423,0.9974736252682443,0.0025019388614525035,-0.020629495887995647,-0.06793034002245851,0.5815,0.0,9.3151,0.6,0.0,1.0,0.0,0.0,0.0,-0.0616,-0.0135,0.0,0.0,0.0
22.1624,0.9974844651582878,0.002074971844759039,-0.02075171842045276,-0.06774808072799027,0.5815,0.0,9.628,0.6,0.0,1.0,0.0,0.0,0.0,0.0577,-0.0135,0.0,0.0,0.0
22.1825,0.9974877963116231,0.0018309812701845889,-0.020812787097952895,-0.06768730760035724,0.5815,0.0,9.3023,0.6,0.0,1.0,0.0,0.0,0.0,-0.05,-0.0135,0.0,0.0,0.0
22.2026,0.9974979126401342,0.0016479998556698308,-0.020934998166533877,-0.06750499408798044,0.5815,0.0,9.6989,0.6,0.0,1.0,0.0,0.0,0.0,0.0423,-0.0135,0.0,0.0,0.0
22.2227,0.9975078566168469,0.0015260150789247803,-0.021057208071375524,-0.06732266523156882,0.5815,0.0,9.2324,0.6,0.0,1.0,0.0,0.0,0.0,-0.0308,-0.0135,0.0,0.0,0.0
22.2427,0.9975326889210356,0.0016479565332395074,-0.021239439785198468,-0.06689323561350531,0.5815,0.0,9.6439,0.6,0.0,1.0,0.0,0.0,0.0,0.0154,-0.0135,0.0,0.0,0.0
22.2628,0.997556010058781,0.0015259954261850203,-0.021300936155417474,-0.06652780059845138,0.5815,0.0,9.3913,0.6,0.0,1.0,0.0,0.0,0.0,-0.0038,-0.0135,0.0,0.0,0.0
22.2829,0.997573867558669,0.0013430200159903292,-0.021423319287089154,-0.06622398698356463,0.5815,0.0,9.772,0.6,0.0,1.0,0.0,0.0,0.0,-0.0077,-0.0135,0.0,0.0,0.0
22.303,0.9975822414844085,0.001160027026092612,-0.021606503384273147,-0.06604153862341001,0.5815,0.0,9.4117,0.6,0.0,1.0,0.0,0.0,0.0,0.0192,-0.0135,0.0,0.0,0.0
22.3231,0.9975988330188906,0.0009159805647895072,-0.021605541575155023,-0.06579460397477095,0.5815,0.0,9.8876,0.6,0.0,1.0,0.0,0.0,0.0,-0.0308,-0.0135,0.0,0.0,0.0
22.3432,0.9976146978780258,0.0009769948074686112,-0.021422886141658094,-0.06561265128192195,0.5815,0.0,9.6352,0.6,0.0,1.0,0.0,0.0,0.0,0.0423,-0.0135,0.0,0.0,0.0
22.3633,0.9976345778432483,0.0007930115878086817,-0.02105730769796644,-0.06543095610381089,0.5815,0.0,9.8876,0.6,0.0,1.0,0.0,0.0,0.0,-0.05,-0.0135,0.0,0.0,0.0
22.3834,0.9976450823766927,0.0005490138030761291,-0.0207525217512491,-0.06537064352146316,0.5815,0.0,9.6092,0.6,0.0,1.0,0.0,0.0,0.0,0.0577,-0.0135,0.0,0.0,0.0
22.4035,0.9976649173276996,0.00024399606670665389,-0.02038567137656474,-0.06518494919811374,0.5815,0.0,9.9628,0.6,0.0,1.0,0.0,0.0,0.0,-0.0616,-0.0135,0.0,0.0,0.0
22.4236,0.9976762872342774,6.0999711853082506e-05,-0.02001990543112501,-0.06512469236773316,0.5815,0.0,9.5212,0.6,0.0,1.0,0.0,0.0,0.0,0.0616,-0.0135,0.0,0.0,0.0
22.4437,0.9976762872342774,6.0999711853082506e-05,-0.02001990543112501,-0.06512469236773316,0.5815,0.0,9.5212,0.6,0.0,1.0,0.0,0.0,0.0,-0.0577,-0.0135,0.0,0.0,0.0
22.4638,0.9977198293303373,-6.0998644528492685e-05,-0.019225572782046924,-0.06469556237803448,0.5815,0.0,9.6514,0.6,0.0,1.0,0.0,0.0,0.0,0.0539,-0.0135,0.0,0.0,0.0
22.4839,0.9977198293303373,-6.0998644528492685e-05,-0.019225572782046924,-0.06469556237803448,0.5815,0.0,9.6514,0.6,0.0,1.0,0.0,0.0,0.0,-0.0462,-0.0135,0.0,0.0,0.0
22.504,0.997748038304591,6.100036917016869e-05,-0.018982114878493387,-0.06433138932927825,0.5815,0.0,9.6246,0.6,0.0,1.0,0.0,0.0,0.0,0.0346,-0.0135,0.0,0.0,0.0
22.5241,0.997748038304591,6.100036917016869e-05,-0.018982114878493387,-0.06433138932927825,0.5815,0.0,9.6246,0.6,0.0,1.0,0.0,0.0,0.0,-0.0231,-0.0135,0.0,0.0,0.0
22.5441,0.9977597698646271,3.469446951953614e-18,-0.018982338070934517,-0.06414914248099823,0.5815,0.0,9.281,0.6,0.0,1.0,0.0,0.0,0.0,0.0077,-0.0135,0.0,0.0,0.0
22.5642,0.9977793662876413,0.0005489869965232784,-0.018981550397094423,-0.06384148783066584,0.5815,0.0,9.6505,0.6,0.0,1.0,0.0,0.0,0.0,0.0038,-0.0135,0.0,0.0,0.0
22.5844,0.9977992548039455,0.0012209954170468718,-0.019530926691517125,-0.0633537622044123,0.5815,0.0,9.6492,0.6,0.0,1.0,0.0,0.0,0.0,-0.0154,-0.0135,0.0,0.0,0.0
22.6044,0.9977992548039455,0.0012209954170468718,-0.019530926691517125,-0.0633537622044123,0.5815,0.0,9.6492,0.6,0.0,1.0,0.0,0.0,0.0,0.0269,-0.0135,0.0,0.0,0.0
22.6245,0.9978009692925008,0.0012209975150467031,-0.01983595963019358,-0.063231871311575,0.5815,0.0,9.1549,0.6,0.0,1.0,0.0,0.0,0.0,-0.0385,-0.0135,0.0,0.0,0.0
22.6446,0.9978161510326277,0.001587020916642649,-0.020203266275319053,-0.06286682857319255,0.5815,0.0,9.6383,0.6,0.0,1.0,0.0,0.0,0.0,0.05,-0.0135,0.0,0.0,0.0
22.6647,0.9978190338937928,0.001465023541374809,-0.02044732856688784,-0.06274500824574804,0.5815,0.0,9.3868,0.6,0.0,1.0,0.0,0.0,0.0,-0.0539,-0.0135,0.0,0.0,0.0
22.6848,0.9978187143321308,0.001709026914925709,-0.02063032490047821,-0.06268398719033809,0.5815,0.0,9.5234,0.6,0.0,1.0,0.0,0.0,0.0,0.0616,-0.0135,0.0,0.0,0.0
22.7049,0.9978256375977466,0.0013430304692346846,-0.0206914694258636,-0.0625624193490625,0.5815,0.0,9.2236,0.6,0.0,1.0,0.0,0.0,0.0,-0.0616,-0.0135,0.0,0.0,0.0
22.725,0.9978317844720216,0.001465042262101352,-0.020569593371442072,-0.0625018029906718,0.5815,0.0,9.756,0.6,0.0,1.0,0.0,0.0,0.0,0.0616,-0.0135,0.0,0.0,0.0
22.7451,0.9978295461523577,0.0011600308613390984,-0.02032554073854926,-0.06262366603342828,0.5815,0.0,9.4475,0.6,0.0,1.0,0.0,0.0,0.0,-0.0539,-0.0135,0.0,0.0,0.0
22.7652,0.9978319407894303,0.0010990318759590677,-0.020020580670337122,-0.06268481808984716,0.5815,0.0,9.8815,0.6,0.0,1.0,0.0,0.0,0.0,0.0462,-0.0135,0.0,0.0,0.0
22.7853,0.9978246201975598,0.00048801057388724386,-0.019836429802514922,-0.06286736216802298,0.5815,0.0,9.4272,0.6,0.0,1.0,0.0,0.0,0.0,-0.0385,-0.0135,0.0,0.0,0.0
22.8054,0.9978268937584436,0.00012200292145697275,-0.019531467696525424,-0.06292850687313778,0.5815,0.0,9.735,0.6,0.0,1.0,0.0,0.0,0.0,0.0231,-0.0135,0.0,0.0,0.0
22.8255,0.9978224299521703,-0.00024400475134703573,-0.01916537319494263,-0.06311122892422799,0.5815,0.0,9.3871,0.6,0.0,1.0,0.0,0.0,0.0,-0.0115,-0.0135,0.0,0.0,0.0
22.8456,0.9978270294080589,-0.0003660088141279865,-0.01892145566151824,-0.06311151983502006,0.5815,0.0,9.8514,0.6,0.0,1.0,0.0,0.0,0.0,0.0,-0.0135,0.0,0.0,0.0
22.8657,0.9978189266851866,-0.00036600584200165154,-0.018738299091330683,-0.06329401026724268,0.5815,0.0,9.5028,0.6,0.0,1.0,0.0,0.0,0.0,0.0115,-0.0135,0.0,0.0,0.0
22.8858,0.9978044044989935,-0.0006710009444938752,-0.018677026289585924,-0.06353808943554684,0.5815,0.0,9.9721,0.6,0.0,1.0,0.0,0.0,0.0,-0.0231,-0.0135,0.0,0.0,0.0
22.9059,0.9977876781768609,-0.0007929878230414703,-0.018737712267529787,-0.06378102059171664,0.5815,0.0,9.6887,0.6,0.0,1.0,0.0,0.0,0.0,0.0346,-0.0135,0.0,0.0,0.0
22.926,0.9977708639759524,-0.0010990317932988382,-0.01898254913594048,-0.06396685046256627,0.5815,0.0,9.7459,0.6,0.0,1.0,0.0,0.0,0.0,-0.0462,-0.0135,0.0,0.0,0.0
22.9461,0.9977524572882785,-0.0007930083113967343,-0.019348202785503282,-0.0641486723322548,0.5815,0.0,9.7119,0.6,0.0,1.0,0.0,0.0,0.0,0.0539,-0.0135,0.0,0.0,0.0
22.9662,0.9977391008826862,-0.0006709980502898338,-0.01983594236296454,-0.0642088134292998,0.5815,0.0,9.6233,0.6,0.0,1.0,0.0,0.0,0.0,-0.0577,-0.0135,0.0,0.0,0.0
22.9863,0.9977463486999084,0.0001830007976130962,-0.020264088321484856,-0.06396527879410673,0.5815,0.0,9.8241,0.6,0.0,1.0,0.0,0.0,0.0,0.0616,-0.0135,0.0,0.0,0.0
23.0064,0.9977722048188117,0.0006710203133008588,-0.02050862084228607,-0.06347892165037022,0.5815,0.0,9.4539,0.6,0.0,1.0,0.0,0.0,0.0,-0.0577,-0.0135,0.0,0.0,0.0
23.0265,0.9978118619387704,0.0011600103024835325,-0.02063018322434071,-0.06280555779955005,0.5815,0.0,9.8316,0.6,0.0,1.0,0.0,0.0,0.0,0.0577,-0.0135,0.0,0.0,0.0
23.0466,0.9978236973990803,0.0007930164491763131,-0.020813431723463508,-0.06256229770103307,0.5815,0.0,9.3097,0.6,0.0,1.0,0.0,0.0,0.0,-0.05,-0.0135,0.0,0.0,0.0
23.0667,0.9978074065517442,0.0003660016163490598,-0.02105709299306584,-0.06274427709345692,0.5815,0.0,9.7041,0.6,0.0,1.0,0.0,0.0,0.0,0.0423,-0.0135,0.0,0.0,0.0
23.0868,0.9977442462530848,-6.100013733152839e-05,-0.021484048367715575,-0.06359914318275657,0.5815,0.0,9.4338,0.6,0.0,1.0,0.0,0.0,0.0,-0.0308,-0.0135,0.0,0.0,0.0
23.1069,0.9977050140060849,0.0002440058730370613,-0.021667521520876754,-0.06414954403107048,0.5815,0.0,9.8608,0.6,0.0,1.0,0.0,0.0,0.0,0.0192,-0.0135,0.0,0.0,0.0
23.127,0.9976749281578895,0.00024399851502687408,-0.021789867387030936,-0.06457460699942731,0.5815,0.0,9.3511,0.6,0.0,1.0,0.0,0.0,0.0,-0.0038,-0.0135,0.0,0.0,0.0
23.1471,0.9976615992785723,0.0006709869518572824,-0.02185057508946856,-0.06475674072782961,0.5815,0.0,9.7127,0.6,0.0,1.0,0.0,0.0,0.0,-0.0077,-0.0135,0.0,0.0,0.0
23.1671,0.9976427634836136,0.0007930180945074361,-0.02197350137529865,-0.06500348320198257,0.5815,0.0,9.2316,0.6,0.0,1.0,0.0,0.0,0.0,0.0192,-0.0135,0.0,0.0,0.0
23.1873,0.9976427634836136,0.0007930180945074361,-0.02197350137529865,-0.06500348320198257,0.5815,0.0,9.2316,0.6,0.0,1.0,0.0,0.0,0.0,-0.0308,-0.0135,0.0,0.0,0.0
23.2074,0.9976260382346682,0.002197013297649977,-0.022095133733079718,-0.06518639454738773,0.5815,0.0,9.6437,0.6,0.0,1.0,0.0,0.0,0.0,0.0423,-0.0135,0.0,0.0,0.0
23.2275,0.997626293797727,0.003113019639333942,-0.021973138623541486,-0.06518641124626474,0.5815,0.0,9.3439,0.6,0.0,1.0,0.0,0.0,0.0,-0.05,-0.0135,0.0,0.0,0.0
23.2475,0.9976416896998772,0.004333094205679089,-0.021606469745650194,-0.06500341323737635,0.5815,0.0,9.4985,0.6,0.0,1.0,0.0,0.0,0.0,0.0577,-0.0135,0.0,0.0,0.0
23.2677,0.9976584541025126,0.004455899301962048,-0.021178521390541775,-0.0648785338221044,0.5815,0.0,9.1919,0.6,0.0,1.0,0.0,0.0,0.0,-0.0577,-0.0135,0.0,0.0,0.0
23.2878,0.9976682486431647,0.004577941488600475,-0.02087373320949023,-0.06481817154862252,0.5815,0.0,9.4837,0.6,0.0,1.0,0.0,0.0,0.0,0.0616,-0.0135,0.0,0.0,0.0
23.3079,0.9976650642685614,0.00402793566167319,-0.020568671456046607,-0.06500096173785508,0.5815,0.0,9.1184,0.6,0.0,1.0,0.0,0.0,0.0,-0.0577,-0.0135,0.0,0.0,0.0
23.3279,0.9976605068759196,0.003722923526757604,-0.020263583762077896,-0.06518466103014259,0.5815,0.0,9.6903,0.6,0.0,1.0,0.0,0.0,0.0,0.0539,-0.0135,0.0,0.0,0.0
23.348,0.9976441851370967,0.003235078425571372,-0.019958483838501816,-0.06555358916632281,0.5815,0.0,9.3553,0.6,0.0,1.0,0.0,0.0,0.0,-0.0423,-0.0135,0.0,0.0,0.0
23.3681,0.9976376029096303,0.003052053852248545,-0.01971434785164737,-0.06573615988779746,0.5815,0.0,9.7365,0.6,0.0,1.0,0.0,0.0,0.0,0.0346,-0.0135,0.0,0.0,0.0
23.3882,0.9976337175723914,0.002869039449605255,-0.01953126855707221,-0.06585790555338202,0.5815,0.0,9.3924,0.6,0.0,1.0,0.0,0.0,0.0,-0.0231,-0.0135,0.0,0.0,0.0
23.4083,0.9976365944629846,0.0026860446790637517,-0.019409322850315817,-0.06585809546876442,0.5815,0.0,9.9242,0.6,0.0,1.0,0.0,0.0,0.0,0.0077,-0.0135,0.0,0.0,0.0
23.4284,0.997632906772664,0.002563033158976706,-0.019409251105180967,-0.0659188528183482,0.5815,0.0,9.6148,0.6,0.3,1.0,0.0,0.0,0.0,0.0038,-0.0135,0.0,0.0,0.0
23.4485,0.9976375107416359,0.002319040704286056,-0.01940934067679518,-0.06585815595608746,0.5815,0.0,9.9324,0.6,0.3,1.0,0.0,0.0,0.0,-0.0154,-0.0135,0.0,0.0,0.0
23.4686,0.9976456585442026,0.0022580580752118162,-0.019409499194767976,-0.06573669068824123,0.5815,0.0,9.5663,0.6,0.3,1.0,0.0,0.0,0.0,0.0269,-0.0135,0.0,0.0,0.0
23.4887,0.997657503931511,0.0018919554421086733,-0.0194695414682113,-0.0655504562056593,0.5815,0.0,9.8137,0.6,0.3,1.0,0.0,0.0,0.0,-0.0385,-0.0135,0.0,0.0,0.0
23.5088,0.9976654748372733,0.0018919705581163949,-0.019469697022476837,-0.06542898182746082,0.5815,0.0,9.7246,0.6,0.3,1.0,0.0,0.0,0.0,0.05,-0.0135,0.0,0.0,0.0
23.5289,0.9976599164153772,0.0014039703298420955,-0.019591585970275133,-0.06548961600547609,0.5815,0.0,9.5945,0.6,0.3,1.0,0.0,0.0,0.0,-0.0539,-0.0135,0.0,0.0,0.0
23.549,0.9976547350446309,0.001403963038288457,-0.019652482615016353,-0.06555027427769557,0.5815,0.0,9.7272,0.6,0.3,1.0,0.0,0.0,0.0,0.0616,-0.0135,0.0,0.0,0.0
23.5691,0.9976469086314331,0.001038027997794183,-0.01965353009696433,-0.06567577141342475,0.5815,0.0,9.3126,0.6,0.3,1.0,0.0,0.0,0.0,-0.0616,-0.0135,0.0,0.0,0.0
23.5892,0.9976438217178045,0.001282030612299501,-0.019592467828527117,-0.06573656965640212,0.5815,0.0,9.6528,0.6,0.3,1.0,0.0,0.0,0.0,0.0616,-0.0135,0.0,0.0,0.0
23.6093,0.9976382666295885,0.0012210223567638292,-0.019470356499747495,-0.06585820585536063,0.5815,0.0,9.3068,0.6,0.3,1.0,0.0,0.0,0.0,-0.0539,-0.0135,0.0,0.0,0.0
23.6294,0.9976380270006586,0.0014040253702902181,-0.019470351823041663,-0.06585819003646907,0.5815,0.0,9.8406,0.6,0.3,1.0,0.0,0.0,0.0,0.0462,-0.0135,0.0,0.0,0.0
23.6495,0.9976249634534289,0.0012820063783277203,-0.019531097172479424,-0.06604032856845737,0.5815,0.0,9.3951,0.6,0.3,1.0,0.0,0.0,0.0,-0.0385,-0.0135,0.0,0.0,0.0
23.6696,0.9976221294142376,0.0012820027364217387,-0.019470041558604684,-0.06610114109220994,0.5815,0.0,9.7726,0.6,0.3,1.0,0.0,0.0,0.0,0.0269,-0.0135,0.0,0.0,0.0
23.6897,0.997615096421599,0.001403993098951433,-0.01940890459939337,-0.06622267449562713,0.5815,0.0,9.3583,0.6,0.3,1.0,0.0,0.0,0.0,-0.0115,-0.0135,0.0,0.0,0.0
23.7098,0.997616097378852,0.0015259940303924658,-0.019347924311948473,-0.06622274094015736,0.5815,0.0,9.7849,0.6,0.3,1.0,0.0,0.0,0.0,0.0,-0.0135,0.0,0.0,0.0
23.7299,0.9976025165715358,0.0017089700495386585,-0.01940865985459086,-0.06640483622566651,0.5815,0.0,9.354,0.6,0.3,1.0,0.0,0.0,0.0,0.0115,-0.0135,0.0,0.0,0.0
23.7499,0.997589194471399,0.0017089472277536776,-0.01946939878546755,-0.06658694379689256,0.5815,0.0,9.5997,0.6,0.3,1.0,0.0,0.0,0.0,-0.0231,-0.0135,0.0,0.0,0.0
23.77,0.9975924256395513,0.002135940960652436,-0.01946946184639649,-0.06652616115650058,0.5815,0.0,9.4462,0.6,0.3,1.0,0.0,0.0,0.0,0.0346,-0.0135,0.0,0.0,0.0
23.7902,0.9975990607346823,0.00225795260634201,-0.019530590059550816,-0.06640460618987926,0.5815,0.0,9.4686,0.6,0.3,1.0,0.0,0.0,0.0,-0.0462,-0.0135,0.0,0.0,0.0
23.8103,0.9976005196692539,0.0028079451687328533,-0.01959161743084543,-0.06634370449415278,0.5815,0.0,9.5212,0.6,0.3,1.0,0.0,0.0,0.0,0.0539,-0.0135,0.0,0.0,0.0
23.8304,0.9975944231900118,0.0026859311367939467,-0.019713494575858435,-0.06640429749439264,0.5815,0.0,9.3581,0.6,0.3,1.0,0.0,0.0,0.0,-0.0577,-0.0135,0.0,0.0,0.0
23.8504,0.9975965772310789,0.0029299312075610606,-0.019774535709733754,-0.06634344230909162,0.5815,0.0,9.7246,0.6,0.3,1.0,0.0,0.0,0.0,0.0616,-0.0135,0.0,0.0,0.0
23.8706,0.9975969263916246,0.002807935054737963,-0.019774542630855815,-0.06634346552941238,0.5815,0.0,9.3951,0.6,0.3,1.0,0.0,0.0,0.0,-0.0577,-0.0135,0.0,0.0,0.0
23.8907,0.9975972271154142,0.0031129289388848336,-0.019713549984315945,-0.06634348552853009,0.5815,0.0,9.8084,0.6,0.3,1.0,0.0,0.0,0.0,0.0577,-0.0135,0.0,0.0,0.0
23.9108,0.9975945734594653,0.0030519222130653886,-0.019652499100057008,-0.066404307496992,0.5815,0.0,9.3477,0.6,0.3,1.0,0.0,0.0,0.0,-0.05,-0.0135,0.0,0.0,0.0
23.9308,0.9975994276344218,0.0031739345475347933,-0.019591595984657074,-0.06634363187025694,0.5815,0.0,9.7236,0.6,0.3,1.0,0.0,0.0,0.0,0.0423,-0.0135,0.0,0.0,0.0
23.9509,0.9976060312565151,0.0031129564115610527,-0.01946972737972811,-0.06628307188689775,0.5815,0.0,9.3787,0.6,0.3,1.0,0.0,0.0,0.0,-0.0308,-0.0135,0.0,0.0,0.0
23.971,0.9976176287744548,0.0031129926007647008,-0.019286954157066726,-0.06616184274069838,0.5815,0.0,9.7698,0.6,0.3,1.0,0.0,0.0,0.0,0.0192,-0.0135,0.0,0.0,0.0
23.9911,0.9976116415478722,0.0028079764734732955,-0.0192258389170219,-0.06628344464661806,0.5815,0.0,9.354,0.6,0.3,1.0,0.0,0.0,0.0,-0.0038,-0.0135,0.0,0.0,0.0
24.0112,0.9976082448866816,0.002990964756576722,-0.01916477417579164,-0.0663442182464335,0.5815,0.0,9.7305,0.6,0.3,1.0,0.0,0.0,0.0,-0.0077,-0.0135,0.0,0.0,0.0
24.0313,0.9976018566957203,0.0028079489320598887,-0.019103652563415972,-0.06646579119203161,0.5815,0.0,9.3495,0.6,0.3,1.0,0.0,0.0,0.0,0.0192,-0.0135,0.0,0.0,0.0
24.0514,0.997610926552905,0.002868973906176988,-0.019042826802136058,-0.06634439658602725,0.5815,0.0,9.7307,0.6,0.3,1.0,0.0,0.0,0.0,-0.0308,-0.0135,0.0,0.0,0.0
24.0715,0.9976127521831302,0.0026249809290919586,-0.01898186209372324,-0.06634451799642127,0.5815,0.0,9.3041,0.6,0.3,1.0,0.0,0.0,0.0,0.0423,-0.0135,0.0,0.0,0.0
24.0916,0.9976122562579534,0.0028079782036971386,-0.018981852657613592,-0.0663444850157714,0.5815,0.0,9.7648,0.6,0.3,1.0,0.0,0.0,0.0,-0.05,-0.0135,0.0,0.0,0.0
24.1117,0.9976077165048743,0.0025629684422946585,-0.01904276552735744,-0.06640518235623057,0.5815,0.0,9.4718,0.6,0.3,1.0,0.0,0.0,0.0,0.0577,-0.0135,0.0,0.0,0.0
24.1318,0.9976114336122438,0.002685976935789671,-0.019042836481102984,-0.06634443030713533,0.5815,0.0,9.7374,0.6,0.3,1.0,0.0,0.0,0.0,-0.0577,-0.0135,0.0,0.0,0.0
24.1519,0.9976119097603542,0.0025019797099300432,-0.01904284557002308,-0.06634446197254534,0.5815,0.0,9.3787,0.6,0.3,1.0,0.0,0.0,0.0,0.0616,-0.0135,0.0,0.0,0.0
24.172,0.9976204925941947,0.002747001356384451,-0.0189820093727301,-0.0662230326988887,0.5815,0.0,9.7661,0.6,0.3,1.0,0.0,0.0,0.0,-0.0577,-0.0135,0.0,0.0,0.0
24.1921,0.9976204925941947,0.002747001356384451,-0.0189820093727301,-0.0662230326988887,0.5815,0.0,9.7661,0.6,0.3,1.0,0.0,0.0,0.0,0.0539,-0.0135,0.0,0.0,0.0
24.2121,0.997621811201002,0.0026860048764919455,-0.018921034351490708,-0.0662231202293097,0.5815,0.0,9.3848,0.6,0.3,1.0,0.0,0.0,0.0,-0.0423,-0.0135,0.0,0.0,0.0
24.2322,0.997626000982863,0.0026250157901606015,-0.018921113815477588,-0.06616239798423063,0.5815,0.0,9.8109,0.6,0.3,1.0,0.0,0.0,0.0,0.0346,-0.0135,0.0,0.0,0.0
24.2523,0.9976129126249013,0.0025629817917219235,-0.018981865146494536,-0.06634452866632502,0.5815,0.0,9.3583,0.6,0.3,1.0,0.0,0.0,0.0,-0.0192,-0.0135,0.0,0.0,0.0
24.2724,0.9976100267199481,0.0025629743775016835,-0.018920810845380144,-0.06640533613436461,0.5815,0.0,9.3377,0.6,0.3,1.0,0.0,0.0,0.0,0.0115,-0.0135,0.0,0.0,0.0
24.2925,0.9976100267199481,0.0025629743775016835,-0.018920810845380144,-0.06640533613436461,0.5815,0.0,9.3377,0.6,0.3,1.0,0.0,0.0,0.0,0.0038,-0.0135,0.0,0.0,0.0
24.3126,0.9976022578290492,0.00286894897627508,-0.01885966458436666,-0.0665268168329133,0.5815,0.0,9.4532,0.6,0.3,1.0,0.0,0.0,0.0,-0.0154,-0.0135,0.0,0.0,0.0
24.3327,0.9975985494027253,0.0027469409346337157,-0.01885959447658968,-0.06658756821853828,0.5815,0.0,9.4725,0.6,0.3,1.0,0.0,0.0,0.0,0.0269,-0.0135,0.0,0.0,0.0
24.3528,0.9975993534569936,0.002868940623752649,-0.01879861093967445,-0.06658762188743972,0.5815,0.0,9.5658,0.6,0.3,1.0,0.0,0.0,0.0,-0.0385,-0.0135,0.0,0.0,0.0
24.3729,0.9975920711593816,0.002562928247610811,-0.01879847371316254,-0.06670913239421167,0.5815,0.0,9.3587,0.6,0.3,1.0,0.0,0.0,0.0,0.05,-0.0135,0.0,0.0,0.0
24.393,0.9975818484603244,0.0028080643154706573,-0.018860431976416146,-0.06683453076775292,0.5815,0.0,9.8094,0.6,0.3,1.0,0.0,0.0,0.0,-0.0539,-0.0135,0.0,0.0,0.0
24.413,0.9975685831786493,0.0027470263894082986,-0.018921181767016508,-0.06701764380741754,0.5815,0.0,9.5121,0.6,0.3,1.0,0.0,0.0,0.0,0.0577,-0.0135,0.0,0.0,0.0
24.4331,0.9975685831786493,0.0027470263894082986,-0.018921181767016508,-0.06701764380741754,0.5815,0.0,9.5121,0.6,0.3,1.0,0.0,0.0,0.0,-0.0616,-0.0135,0.0,0.0,0.0
24.4532,0.9975684716353889,0.0031740301365340076,-0.01886017907215857,-0.06701763631383095,0.5815,0.0,9.8428,0.6,0.3,1.0,0.0,0.0,0.0,0.0577,-0.0135,0.0,0.0,0.0
24.4733,0.9975754710931093,0.003174052407175448,-0.01892131241215078,-0.06689610452993117,0.5815,0.0,9.394,0.6,0.3,1.0,0.0,0.0,0.0,-0.0539,-0.0135,0.0,0.0,0.0
24.4934,0.9975810757208721,0.0036010796891921817,-0.018982420066716448,-0.06677347764697043,0.5815,0.0,9.6509,0.6,0.3,1.0,0.0,0.0,0.0,0.0462,-0.0135,0.0,0.0,0.0
24.5135,0.9975762843260271,0.0034790602793120513,-0.019043329950830513,-0.06683415799001503,0.5815,0.0,9.2341,0.6,0.3,1.0,0.0,0.0,0.0,-0.0385,-0.0135,0.0,0.0,0.0
24.5336,0.9975790124642148,0.00384507713621441,-0.01904338202989101,-0.06677333954208275,0.5815,0.0,9.6871,0.6,0.3,1.0,0.0,0.0,0.0,0.0269,-0.0135,0.0,0.0,0.0
24.5537,0.9975837556398526,0.003967098445929814,-0.0189824710614166,-0.0667126555146012,0.5815,0.0,9.2713,0.6,0.3,1.0,0.0,0.0,0.0,-0.0115,-0.0135,0.0,0.0,0.0
24.5738,0.9975915293500226,0.004394874572977038,-0.018920460021683384,-0.06658709964504383,0.5815,0.0,9.6481,0.6,0.3,1.0,0.0,0.0,0.0,0.0,-0.0135,0.0,0.0,0.0
24.5939,0.9975934686352426,0.00421088800988654,-0.018859498424711484,-0.06658722908818215,0.5815,0.0,9.2696,0.6,0.3,1.0,0.0,0.0,0.0,0.0115,-0.0135,0.0,0.0,0.0
24.614,0.9975905606281359,0.004210875735054511,-0.018798445248940802,-0.06664803318484519,0.5815,0.0,9.5711,0.6,0.3,1.0,0.0,0.0,0.0,-0.0231,-0.0135,0.0,0.0,0.0
24.6341,0.9975767322057169,0.0040890726844118284,-0.018677331994805493,-0.06689618909849082,0.5815,0.0,9.2627,0.6,0.3,1.0,0.0,0.0,0.0,0.0346,-0.0135,0.0,0.0,0.0
24.6542,0.9975760525242428,0.0040890698983936085,-0.018494316141083728,-0.06695714456269064,0.5815,0.0,9.7671,0.6,0.3,1.0,0.0,0.0,0.0,-0.0462,-0.0135,0.0,0.0,0.0
24.6742,0.9975766951454234,0.004028071450456334,-0.01825032372662066,-0.06701818877736633,0.5815,0.0,9.4515,0.6,0.3,1.0,0.0,0.0,0.0,0.0539,-0.0135,0.0,0.0,0.0
24.6944,0.9975803309181548,0.0036620783049647046,-0.018127387611713584,-0.06701843303217347,0.5815,0.0,9.8208,0.6,0.3,1.0,0.0,0.0,0.0,-0.0577,-0.0135,0.0,0.0,0.0
24.7144,0.9975793112637213,0.0034180695937778144,-0.018005366599171884,-0.06707936577279933,0.5815,0.0,9.4881,0.6,0.3,1.0,0.0,0.0,0.0,0.0616,-0.0135,0.0,0.0,0.0
24.7345,0.9975746888553053,0.002991047040191329,-0.017883281250331486,-0.0672010568708984,0.5815,0.0,9.6669,0.6,0.3,1.0,0.0,0.0,0.0,-0.0577,-0.0135,0.0,0.0,0.0
24.7546,0.9975615499212125,0.0029910076454769596,-0.01770004524404618,-0.06744417239770911,0.5815,0.0,9.4594,0.6,0.3,1.0,0.0,0.0,0.0,0.0577,-0.0135,0.0,0.0,0.0
24.7747,0.9975547662274465,0.002868987823583914,-0.01763892513774717,-0.06756571324094464,0.5815,0.0,9.9324,0.6,0.3,1.0,0.0,0.0,0.0,-0.05,-0.0135,0.0,0.0,0.0
24.7948,0.9975482761473279,0.002624971781004171,-0.01757781103485381,-0.0676872723476611,0.5815,0.0,9.5317,0.6,0.3,1.0,0.0,0.0,0.0,0.0423,-0.0135,0.0,0.0,0.0
24.8149,0.9975488877440581,0.002379975873939149,-0.01757782181180768,-0.06768731384671978,0.5815,0.0,9.8492,0.6,0.3,1.0,0.0,0.0,0.0,-0.0269,-0.0135,0.0,0.0,0.0
24.835,0.9975458348904273,0.0023799685903683086,-0.017516768822471267,-0.06774810589447999,0.5815,0.0,9.6935,0.6,0.3,1.0,0.0,0.0,0.0,0.0154,-0.0135,0.0,0.0,0.0
24.8551,0.9975407858566013,0.0023189576580447476,-0.01757767904834435,-0.06780876187667707,0.5815,0.0,9.7493,0.6,0.3,1.0,0.0,0.0,0.0,-0.0038,-0.0135,0.0,0.0,0.0
24.8752,0.997543244541367,0.0025629595199477186,-0.01763872140942558,-0.06774792997149343,0.5815,0.0,9.8472,0.6,0.3,1.0,0.0,0.0,0.0,-0.0077,-0.0135,0.0,0.0,0.0
24.8953,0.9975458051962678,0.0023189693263758315,-0.017760765073635658,-0.06768710468466022,0.5815,0.0,9.4443,0.6,0.3,1.0,0.0,0.0,0.0,0.0192,-0.0135,0.0,0.0,0.0
24.9154,0.997550084831982,0.0026859759952631438,-0.01769984181539747,-0.06762639561863759,0.5815,0.0,9.536,0.6,0.3,1.0,0.0,0.0,0.0,-0.0308,-0.0135,0.0,0.0,0.0
24.9355,0.997550084831982,0.0026859759952631438,-0.01769984181539747,-0.06762639561863759,0.5815,0.0,9.536,0.6,0.3,1.0,0.0,0.0,0.0,0.0423,-0.0135,0.0,0.0,0.0
24.9556,0.9975670839911971,0.002869023249723321,-0.017639142942443228,-0.06738354605650276,0.5815,0.0,9.7446,0.6,0.3,1.0,0.0,0.0,0.0,-0.05,-0.0135,0.0,0.0,0.0
24.9757,0.9975622537007396,0.003113010153555234,-0.017639057532464086,-0.06744421997956274,0.5815,0.0,9.381,0.6,0.3,1.0,0.0,0.0,0.0,0.0577,-0.0135,0.0,0.0,0.0
24.9958,0.9975581477884337,0.003112997340573736,-0.017638984931056888,-0.06750494233068738,0.5815,0.0,9.4769,0.6,0.3,1.0,0.0,0.0,0.0,-0.0577,-0.0135,0.0,0.0,0.0
25.0159,0.9975675017139837,0.0034180291299646427,-0.01751714928893815,-0.06738357427279318,0.5815,0.0,9.3756,0.6,0.3,1.0,0.0,0.0,0.0,0.0616,-0.0135,0.0,0.0,0.0
25.036,0.9975883146730753,0.003357098650162562,-0.017273507591378582,-0.06714097297386479,0.5815,0.0,9.3612,0.6,0.3,1.0,0.0,0.0,0.0,-0.0577,-0.0135,0.0,0.0,0.0
25.0561,0.997599111789663,0.003600924602107594,-0.016845647277729657,-0.06707659551795969,0.5815,0.0,9.6296,0.6,0.3,1.0,0.0,0.0,0.0,0.0539,-0.0135,0.0,0.0,0.0
25.0762,0.9975929781569561,0.003295910723527325,-0.016540551965371797,-0.0672591781478068,0.5815,0.0,9.24,0.6,0.3,1.0,0.0,0.0,0.0,-0.0423,-0.0135,0.0,0.0,0.0
25.0963,0.9975877200850054,0.003479100161670375,-0.016052462142895314,-0.06744594173719366,0.5815,0.0,9.782,0.6,0.3,1.0,0.0,0.0,0.0,0.0346,-0.0135,0.0,0.0,0.0
25.1164,0.9975782708096094,0.0031130601368243036,-0.015686303021595245,-0.06768930759439884,0.5815,0.0,9.4085,0.6,0.3,1.0,0.0,0.0,0.0,-0.0192,-0.0135,0.0,0.0,0.0
25.1365,0.997571902768714,0.0032960426315893927,-0.015259197365116054,-0.06787187786668797,0.5815,0.0,9.7146,0.6,0.3,1.0,0.0,0.0,0.0,0.0115,-0.0135,0.0,0.0,0.0
25.1574,0.9975647977163113,0.003357019510558933,-0.014893086556673863,-0.0680543955232582,0.5815,0.0,9.3239,0.6,0.3,1.0,0.0,0.0,0.0,0.0038,-0.0135,0.0,0.0,0.0
25.1775,0.9975673083726857,0.0039060325319141163,-0.014587121490791388,-0.06805456680155741,0.5815,0.0,9.7029,0.6,0.3,1.0,0.0,0.0,0.0,-0.0154,-0.0135,0.0,0.0,0.0
25.1976,0.997560784640334,0.004333007751768638,-0.014343025659731714,-0.06817612196736172,0.5815,0.0,9.4306,0.6,0.3,1.0,0.0,0.0,0.0,0.0269,-0.0135,0.0,0.0,0.0
25.2177,0.9975614449373148,0.004761011668830171,-0.014160034705027346,-0.06817616709392256,0.5815,0.0,9.8056,0.6,0.3,1.0,0.0,0.0,0.0,-0.0385,-0.0135,0.0,0.0,0.0
25.2378,0.9975630567769831,0.005127020849990421,-0.013916056592250179,-0.06817627725159876,0.5815,0.0,9.485,0.6,0.3,1.0,0.0,0.0,0.0,0.05,-0.0135,0.0,0.0,0.0
25.2579,0.9975697273618922,0.0051270551337659455,-0.013733147679346153,-0.0681157324822445,0.5815,0.0,9.821,0.6,0.3,1.0,0.0,0.0,0.0,-0.0616,-0.0135,0.0,0.0,0.0
25.2779,0.9975793602064602,0.005188105887221826,-0.013611277800882081,-0.06799438773898875,0.5815,0.0,9.5347,0.6,0.3,1.0,0.0,0.0,0.0,0.0616,-0.0135,0.0,0.0,0.0
25.2981,0.9975814198139631,0.004944111114791441,-0.013550304531841424,-0.06799452812055307,0.5815,0.0,9.557,0.6,0.3,1.0,0.0,0.0,0.0,-0.0616,-0.0135,0.0,0.0,0.0
25.3182,0.9975996306515603,0.005309891580721905,-0.013305728318848523,-0.06774761670476998,0.5815,0.0,9.2624,0.6,0.3,1.0,0.0,0.0,0.0,0.0616,-0.0135,0.0,0.0,0.0
25.3383,0.9976171819998094,0.005553984311488288,-0.013122962931159658,-0.06750480931707176,0.5815,0.0,9.7259,0.6,0.3,1.0,0.0,0.0,0.0,-0.0577,-0.0135,0.0,0.0,0.0
25.3585,0.9976225510433405,0.005615014358281069,-0.013000033242681005,-0.06744417246302913,0.5815,0.0,9.4373,0.6,0.3,1.0,0.0,0.0,0.0,-0.0423,-0.0135,0.0,0.0,0.0
25.3786,0.9976377595837064,0.005371095614286089,-0.012878229253542402,-0.06726219737711721,0.5815,0.0,9.8161,0.6,0.3,1.0,0.0,0.0,0.0,0.0269,-0.0135,0.0,0.0,0.0
25.3987,0.9976448319752333,0.005249130653994509,-0.012695315993991286,-0.06720167268973731,0.5815,0.0,9.6457,0.6,0.3,1.0,0.0,0.0,0.0,-0.0154,-0.0135,0.0,0.0,0.0
25.4188,0.9976556244470943,0.004882875803162698,-0.012328686417610661,-0.0671372923507148,0.5815,0.0,9.7459,0.6,0.3,1.0,0.0,0.0,0.0,0.0,-0.0135,0.0,0.0,0.0
25.4389,0.9976730261351924,0.0048829609731148,-0.011901904874464943,-0.06695546486092048,0.5815,0.0,9.8808,0.6,0.3,1.0,0.0,0.0,0.0,0.0115,-0.0135,0.0,0.0,0.0
25.459,0.9976792945041214,0.004455992382645722,-0.011535980279668094,-0.06695588554138837,0.5815,0.0,9.5004,0.6,0.3,1.0,0.0,0.0,0.0,-0.0231,-0.0135,0.0,0.0,0.0
25.4791,0.9976842523352439,0.004272013926271186,-0.011169036409766585,-0.06695621826952564,0.5815,0.0,9.8299,0.6,0.3,1.0,0.0,0.0,0.0,0.0385,-0.0135,0.0,0.0,0.0
25.4992,0.9976865940509009,0.003479019506939679,-0.010864060915030945,-0.06701737576791501,0.5815,0.0,9.2697,0.6,0.3,1.0,0.0,0.0,0.0,-0.05,-0.0135,0.0,0.0,0.0
25.5193,0.9976945488867347,0.0032960447609312786,-0.010559143395228565,-0.06695690928789882,0.5815,0.0,9.7169,0.6,0.3,1.0,0.0,0.0,0.0,0.0577,-0.0135,0.0,0.0,0.0
25.5394,0.9976894394303024,0.00293002478500722,-0.01037608777106993,-0.06707856741594342,0.5815,0.0,9.3483,0.6,0.3,1.0,0.0,0.0,0.0,-0.0616,-0.0135,0.0,0.0,0.0
25.5595,0.9976856207861661,0.0030520141354194183,-0.010315047774197667,-0.06713931095606958,0.5815,0.0,9.872,0.6,0.3,1.0,0.0,0.0,0.0,0.0654,-0.0135,0.0,0.0,0.0
25.5796,0.9976693309835509,0.0028079671572394512,-0.010375878640853462,-0.06738221187901217,0.5815,0.0,9.4545,0.6,0.3,1.0,0.0,0.0,0.0,-0.0654,-0.0135,0.0,0.0,0.0
25.5997,0.9976631689644353,0.002624953084735145,-0.010619810194242749,-0.06744279460833409,0.5815,0.0,9.8299,0.6,0.3,1.0,0.0,0.0,0.0,0.0616,-0.0135,0.0,0.0,0.0
25.6198,0.9976534624473307,0.00244093262459036,-0.01080270182033988,-0.06756413507295062,0.5815,0.0,9.2981,0.6,0.3,1.0,0.0,0.0,0.0,-0.0539,-0.0135,0.0,0.0,0.0
25.6399,0.9976467688710503,0.0025630687722945655,-0.010986294784404242,-0.0676288146172316,0.5815,0.0,9.6027,0.6,0.3,1.0,0.0,0.0,0.0,0.0423,-0.0135,0.0,0.0,0.0
25.66,0.9976219147131367,0.002869005506417264,-0.011292021672521342,-0.06793213038059859,0.5815,0.0,9.3909,0.6,0.3,1.0,0.0,0.0,0.0,-0.0308,-0.0135,0.0,0.0,0.0
25.6801,0.9975973602541749,0.002990932122972915,-0.011596736820500457,-0.06823545144610593,0.5815,0.0,9.4574,0.6,0.3,1.0,0.0,0.0,0.0,0.0192,-0.0135,0.0,0.0,0.0
25.7002,0.9975672826609585,0.003357027872930664,-0.011902098821453896,-0.06860456961410039,0.5815,0.0,9.4267,0.6,0.3,1.0,0.0,0.0,0.0,-0.0077,-0.0135,0.0,0.0,0.0
25.7203,0.9975397729403482,0.003417934121099717,-0.012084767072407857,-0.06896867066478862,0.5815,0.0,9.2113,0.6,0.3,1.0,0.0,0.0,0.0,-0.0077,-0.0135,0.0,0.0,0.0
25.7403,0.9975203896916821,0.004028090411888643,-0.012085271258111773,-0.06921555356714515,0.5815,0.0,9.7006,0.6,0.3,1.0,0.0,0.0,0.0,0.0192,-0.0135,0.0,0.0,0.0
25.7604,0.997494555592908,0.0041499856698565514,-0.012084958269931664,-0.06957975973701658,0.5815,0.0,9.3173,0.6,0.3,1.0,0.0,0.0,0.0,-0.0346,-0.0135,0.0,0.0,0.0
25.7805,0.997475448070197,0.004638895119185849,-0.01208472677632269,-0.06982242138435713,0.5815,0.0,9.7475,0.6,0.3,1.0,0.0,0.0,0.0,0.0462,-0.0135,0.0,0.0,0.0
25.8006,0.9974460424544158,0.004639042055734885,-0.012024109005853895,-0.07025163687377267,0.5815,0.0,9.2682,0.6,0.3,1.0,0.0,0.0,0.0,-0.0539,-0.0135,0.0,0.0,0.0
25.8207,0.9974242495849049,0.005004936020192202,-0.011901847854610903,-0.07055609805728291,0.5815,0.0,9.7064,0.6,0.3,1.0,0.0,0.0,0.0,0.0616,-0.0135,0.0,0.0,0.0
25.8408,0.9974048955497071,0.005004838904338104,-0.011718622801186459,-0.07085971916867256,0.5815,0.0,9.2957,0.6,0.3,1.0,0.0,0.0,0.0,-0.0654,-0.0135,0.0,0.0,0.0
25.8609,0.9973921112048648,0.005188089006573095,-0.011597198960915218,-0.0710462188650704,0.5815,0.0,9.7945,0.6,0.3,1.0,0.0,0.0,0.0,0.0654,-0.0135,0.0,0.0,0.0
25.881,0.99736921613106,0.005126970268057595,-0.011352934162913572,-0.07141058588107291,0.5815,0.0,9.4058,0.6,0.3,1.0,0.0,0.0,0.0,-0.0654,-0.0135,0.0,0.0,0.0
25.9011,0.9973492003131548,0.0051878657989468824,-0.011168711084895476,-0.07171414487996813,0.5815,0.0,9.9049,0.6,0.3,1.0,0.0,0.0,0.0,0.0577,-0.0135,0.0,0.0,0.0
25.9212,0.9973195552708963,0.005310029577934795,-0.010986061194574693,-0.07214440185885641,0.5815,0.0,9.4793,0.6,0.3,1.0,0.0,0.0,0.0,-0.05,-0.0135,0.0,0.0,0.0
25.9412,0.9972954646850701,0.0052489024461021645,-0.010802799223707691,-0.07250865238461958,0.5815,0.0,9.8639,0.6,0.3,1.0,0.0,0.0,0.0,0.0346,-0.0135,0.0,0.0,0.0
25.9613,0.9972740177240292,0.005310111911535586,-0.01068122510868391,-0.07281653462117954,0.5815,0.0,9.4515,0.6,0.3,1.0,0.0,0.0,0.0,-0.0231,-0.0135,0.0,0.0,0.0
25.9814,0.9972616809942834,0.00524904569205507,-0.010620092446108748,-0.07299863544077656,0.5815,0.0,9.7661,0.6,0.3,1.0,0.0,0.0,0.0,0.0077,-0.0135,0.0,0.0,0.0
26.0015,0.9972556158672398,0.005432014248531564,-0.010681028017040798,-0.07305919163907726,0.5815,0.0,9.3662,0.6,0.3,1.0,0.0,0.0,0.0,0.0038,-0.0135,0.0,0.0,0.0
26.0216,0.9972514926684722,0.005248992066222726,-0.010741983763643458,-0.07311988948032117,0.5815,0.0,9.3553,0.6,0.3,1.0,0.0,0.0,0.0,-0.0154,-0.0135,0.0,0.0,0.0
26.0417,0.9972485112978197,0.00567597445194592,-0.010802951374977408,-0.07311967088200945,0.5815,0.0,9.5318,0.6,0.3,1.0,0.0,0.0,0.0,0.0308,-0.0135,0.0,0.0,0.0
26.0618,0.9972430831549437,0.005614944163532234,-0.010924891360033774,-0.07318027227630486,0.5815,0.0,9.2736,0.6,0.3,1.0,0.0,0.0,0.0,-0.0423,-0.0135,0.0,0.0,0.0
26.0819,0.9972218572908182,0.005798173600041083,-0.011108332588695466,-0.07342719844481138,0.5815,0.0,9.6605,0.6,0.3,1.0,0.0,0.0,0.0,0.05,-0.0135,0.0,0.0,0.0
26.102,0.9972029473969272,0.005615061642726523,-0.011292123966102918,-0.07366980875476754,0.5815,0.0,9.5404,0.6,0.3,1.0,0.0,0.0,0.0,-0.0577,-0.0135,0.0,0.0,0.0
26.1221,0.9971918321262594,0.0057369990341963745,-0.011413998078493533,-0.07379198757737826,0.5815,0.0,9.46,0.6,0.3,1.0,0.0,0.0,0.0,0.0654,-0.0135,0.0,0.0,0.0
26.1422,0.9971838497959191,0.005431955603425854,-0.011474906213054428,-0.07391339588947327,0.5815,0.0,9.3063,0.6,0.3,1.0,0.0,0.0,0.0,-0.0654,-0.0135,0.0,0.0,0.0
26.1622,0.9971838497959191,0.005431955603425854,-0.011474906213054428,-0.07391339588947327,0.5815,0.0,9.5894,0.6,0.3,1.0,0.0,0.0,0.0,0.0654,-0.0135,0.0,0.0,0.0
26.1827,0.9971852698408292,0.004882967044092583,-0.011596921730563517,-0.07391350114623374,0.5815,0.0,9.2619,0.6,0.3,1.0,0.0,0.0,0.0,-0.0616,-0.0135,0.0,0.0,0.0
26.2029,0.9971865600246058,0.004760974027345938,-0.011535937067730038,-0.07391359677740973,0.5815,0.0,9.7813,0.6,0.3,1.0,0.0,0.0,0.0,0.05,-0.0135,0.0,0.0,0.0
26.2229,0.9971756959182712,0.004332929155482465,-0.01147481238383597,-0.07409578851460513,0.5815,0.0,9.3262,0.6,0.3,1.0,0.0,0.0,0.0,-0.0423,-0.0135,0.0,0.0,0.0
26.243,0.9971694479646529,0.004332902006866121,-0.011229746027488236,-0.07421732149725285,0.5815,0.0,9.735,0.6,0.3,1.0,0.0,0.0,0.0,0.0269,-0.0135,0.0,0.0,0.0
26.2631,0.9971639589257083,0.003966888447819763,-0.011046689357969477,-0.07433890952845196,0.5815,0.0,9.4867,0.6,0.3,1.0,0.0,0.0,0.0,-0.0154,-0.0135,0.0,0.0,0.0
26.2832,0.9971623699134626,0.0037228893765571956,-0.010863677192295825,-0.07439978925452823,0.5815,0.0,9.8228,0.6,0.3,1.0,0.0,0.0,0.0,0.0,-0.0135,0.0,0.0,0.0
26.3033,0.9971557736871666,0.0032960818890124784,-0.010742266884639572,-0.07452585154634894,0.5815,0.0,9.4039,0.6,0.3,1.0,0.0,0.0,0.0,0.0115,-0.0135,0.0,0.0,0.0
26.3234,0.9971545949043125,0.0030520722188438266,-0.010498248411999499,-0.07458676488940591,0.5815,0.0,9.7112,0.6,0.3,1.0,0.0,0.0,0.0,-0.0269,-0.0135,0.0,0.0,0.0
26.3435,0.9971538208218426,0.0030520698495466137,-0.010132231885847406,-0.07464770838442215,0.5815,0.0,9.3945,0.6,0.3,1.0,0.0,0.0,0.0,0.0385,-0.0135,0.0,0.0,0.0
26.3636,0.9971560689233958,0.0031130782640982307,-0.009888248594732826,-0.07464787667904793,0.5815,0.0,9.8,0.6,0.3,1.0,0.0,0.0,0.0,-0.0462,-0.0135,0.0,0.0,0.0
26.3837,0.9971418271384147,0.0034790377759938733,-0.009827106704424196,-0.07482981251504606,0.5815,0.0,9.5463,0.6,0.3,1.0,0.0,0.0,0.0,0.0577,-0.0135,0.0,0.0,0.0
26.4038,0.9971223403900376,0.003661968197266276,-0.009887914127408226,-0.07507234802658957,0.5815,0.0,9.8336,0.6,0.3,1.0,0.0,0.0,0.0,-0.0616,-0.0135,0.0,0.0,0.0
26.4239,0.9971065504918303,0.004332893755465532,-0.009826759043378668,-0.07525415473374425,0.5815,0.0,9.8094,0.6,0.3,1.0,0.0,0.0,0.0,0.0654,-0.0135,0.0,0.0,0.0
26.444,0.9971103139625864,0.004516906292321677,-0.009826796133417111,-0.07519344003788536,0.5815,0.0,9.5318,0.6,0.3,1.0,0.0,0.0,0.0,-0.0654,-0.0135,0.0,0.0,0.0
26.4641,0.9971110599355095,0.0050658986929834615,-0.009948801045497915,-0.07513249751255813,0.5815,0.0,9.7435,0.6,0.3,1.0,0.0,0.0,0.0,0.0616,-0.0135,0.0,0.0,0.0
26.4841,0.9971058795484833,0.004943875447145564,-0.010070746284021631,-0.07519310563270859,0.5815,0.0,9.2687,0.6,0.3,1.0,0.0,0.0,0.0,-0.0539,-0.0135,0.0,0.0,0.0
26.5043,0.9971066943298912,0.005431867591720618,-0.010192751539471327,-0.0751321685633904,0.5815,0.0,9.6667,0.6,0.3,1.0,0.0,0.0,0.0,0.0423,-0.0135,0.0,0.0,0.0
26.5244,0.9971008755274101,0.005431835893042031,-0.010314688372004516,-0.07519272827269798,0.5815,0.0,9.2656,0.6,0.3,1.0,0.0,0.0,0.0,-0.0308,-0.0135,0.0,0.0,0.0
26.5444,0.9970929136114909,0.005859134645360632,-0.010376238450292185,-0.07525772945404674,0.5815,0.0,9.7561,0.6,0.3,1.0,0.0,0.0,0.0,0.0192,-0.0135,0.0,0.0,0.0
26.5645,0.997081121192761,0.005981066711318067,-0.010559117773751455,-0.07537884075668494,0.5815,0.0,9.3553,0.6,0.3,1.0,0.0,0.0,0.0,-0.0077,-0.0135,0.0,0.0,0.0
26.5846,0.997078063615783,0.006165049858276053,-0.01074208687390127,-0.07537860960537435,0.5815,0.0,9.7944,0.6,0.3,1.0,0.0,0.0,0.0,-0.0077,-0.0135,0.0,0.0,0.0
26.6047,0.9970653319160578,0.005980971998144505,-0.010741949708086987,-0.0755616462337058,0.5815,0.0,9.2307,0.6,0.3,1.0,0.0,0.0,0.0,0.0192,-0.0135,0.0,0.0,0.0
26.6248,0.9970653319160578,0.005980971998144505,-0.010741949708086987,-0.0755616462337058,0.5815,0.0,9.2307,0.6,0.3,1.0,0.0,0.0,0.0,-0.0346,-0.0135,0.0,0.0,0.0
26.6449,0.9970664733043498,0.005553980355173017,-0.010863961573388484,-0.07556173273273022,0.5815,0.0,9.2996,0.6,0.3,1.0,0.0,0.0,0.0,0.0462,-0.0135,0.0,0.0,0.0
26.665,0.9970549711372693,0.005248920881682859,-0.010802837166092573,-0.07574385829359281,0.5815,0.0,9.7944,0.6,0.3,1.0,0.0,0.0,0.0,-0.0539,-0.0135,0.0,0.0,0.0
26.685,0.9970549711372693,0.005248920881682859,-0.010802837166092573,-0.07574385829359281,0.5815,0.0,9.7944,0.6,0.3,1.0,0.0,0.0,0.0,0.0616,-0.0135,0.0,0.0,0.0
26.7051,0.9970366739953984,0.004456123685266129,-0.01068129647269468,-0.07605211092111512,0.5815,0.0,9.88,0.6,0.3,1.0,0.0,0.0,0.0,-0.0654,-0.0135,0.0,0.0,0.0
26.7252,0.9970366739953984,0.004456123685266129,-0.01068129647269468,-0.07605211092111512,0.5815,0.0,9.88,0.6,0.3,1.0,0.0,0.0,0.0,0.0654,-0.0135,0.0,0.0,0.0
26.7453,0.9970276425099094,0.0039060730360946654,-0.010437195155586283,-0.07623442543794279,0.5815,0.0,9.7697,0.6,0.3,1.0,0.0,0.0,0.0,-0.0616,-0.0135,0.0,0.0,0.0
26.7654,0.9970241047559213,0.0037840573278640492,-0.010376157197124036,-0.07629515585942392,0.5815,0.0,9.3222,0.6,0.3,1.0,0.0,0.0,0.0,0.0577,-0.0135,0.0,0.0,0.0
26.7855,0.9970209457030469,0.0037230446072727985,-0.01025412285870944,-0.07635591485047383,0.5815,0.0,9.4248,0.6,0.3,1.0,0.0,0.0,0.0,-0.0462,-0.0135,0.0,0.0,0.0
26.8056,0.9970207602029066,0.004089048231730793,-0.010132119511835751,-0.07635590064411951,0.5815,0.0,9.4637,0.6,0.3,1.0,0.0,0.0,0.0,0.0346,-0.0135,0.0,0.0,0.0
26.8257,0.9970207602029066,0.004089048231730793,-0.010132119511835751,-0.07635590064411951,0.5815,0.0,9.4637,0.6,0.3,1.0,0.0,0.0,0.0,-0.0231,-0.0135,0.0,0.0,0.0
26.8458,0.9970300406890402,0.004089086293481288,-0.010132213823808366,-0.07623460880678873,0.5815,0.0,9.8404,0.6,0.3,1.0,0.0,0.0,0.0,0.0077,-0.0135,0.0,0.0,0.0
26.8659,0.9970380846572667,0.004517131769519508,-0.01007129379031015,-0.07611322030327633,0.5815,0.0,9.6575,0.6,0.3,1.0,0.0,0.0,0.0,0.0038,-0.0135,0.0,0.0,0.0
26.886,0.9970479684754503,0.004455901539035984,-0.010070777468498963,-0.0759873209267965,0.5815,0.0,9.624,0.6,0.3,1.0,0.0,0.0,0.0,-0.0154,-0.0135,0.0,0.0,0.0
26.9061,0.9970549172824744,0.004943925211915466,-0.010070847655582655,-0.0758658523568751,0.5815,0.0,9.7896,0.6,0.3,1.0,0.0,0.0,0.0,0.0308,-0.0135,0.0,0.0,0.0
26.9262,0.9970487682535052,0.005126890824952834,-0.010131784247790543,-0.07592638317866562,0.5815,0.0,9.4302,0.6,0.3,1.0,0.0,0.0,0.0,-0.0423,-0.0135,0.0,0.0,0.0
26.9463,0.9970425432875774,0.005431850416859519,-0.010131720991093638,-0.0759869074607396,0.5815,0.0,9.5787,0.6,0.3,1.0,0.0,0.0,0.0,0.05,-0.0135,0.0,0.0,0.0
26.9663,0.9970478161283032,0.0053098818574837175,-0.01013177457250942,-0.07592631067326255,0.5815,0.0,9.8404,0.6,0.3,1.0,0.0,0.0,0.0,-0.0577,-0.0135,0.0,0.0,0.0
26.9864,0.9970511105825126,0.005553894779880325,-0.010131808050008542,-0.07586556270529005,0.5815,0.0,9.8544,0.6,0.3,1.0,0.0,0.0,0.0,0.0654,-0.0135,0.0,0.0,0.0
27.0065,0.997057005340525,0.00543192920558209,-0.010070868746210824,-0.07580501203209783,0.5815,0.0,9.6179,0.6,0.3,1.0,0.0,0.0,0.0,-0.0654,-0.0135,0.0,0.0,0.0
27.0266,0.9970638153928615,0.0058589636579044375,-0.01007093753178965,-0.07568353054870114,0.5815,0.0,9.7519,0.6,0.3,1.0,0.0,0.0,0.0,0.0616,-0.0135,0.0,0.0,0.0
27.0467,0.9970684166810397,0.005858990696073706,-0.01007098400753683,-0.0756228799128148,0.5815,0.0,9.3506,0.6,0.3,1.0,0.0,0.0,0.0,-0.0577,-0.0135,0.0,0.0,0.0
27.0668,0.9970714138881502,0.0062260088287358194,-0.010010014194610591,-0.07556210715016637,0.5815,0.0,9.8269,0.6,0.3,1.0,0.0,0.0,0.0,0.05,-0.0135,0.0,0.0,0.0
27.0869,0.9970627296639374,0.006041955943544094,-0.010070926565281788,-0.0756834481349209,0.5815,0.0,9.3011,0.6,0.3,1.0,0.0,0.0,0.0,-0.0385,-0.0135,0.0,0.0,0.0
27.107,0.9970561438081373,0.006164914325551033,-0.010192858348798323,-0.07574394737856655,0.5815,0.0,9.7946,0.6,0.3,1.0,0.0,0.0,0.0,0.0269,-0.0135,0.0,0.0,0.0
27.1271,0.9970466744052833,0.006103857202172214,-0.010253760116493097,-0.07586522515681504,0.5815,0.0,9.4108,0.6,0.3,1.0,0.0,0.0,0.0,-0.0154,-0.0135,0.0,0.0,0.0
27.1472,0.997058359867749,0.006347925891301988,-0.010314879579202895,-0.07568311643939814,0.5815,0.0,9.8409,0.6,0.3,1.0,0.0,0.0,0.0,0.0,-0.0135,0.0,0.0,0.0
27.1673,0.9970611569213523,0.006530942076136432,-0.010375907974581473,-0.07562232929469692,0.5815,0.0,9.354,0.6,0.3,1.0,0.0,0.0,0.0,0.0115,-0.0135,0.0,0.0,0.0
27.1874,0.9970651215348167,0.006530968045116079,-0.010436948933835018,-0.075561630290164,0.5815,0.0,9.6801,0.6,0.3,1.0,0.0,0.0,0.0,-0.0269,-0.0135,0.0,0.0,0.0
27.2075,0.9970609341998624,0.006774938398712298,-0.01068090288363779,-0.07556131295697394,0.5815,0.0,9.2524,0.6,0.3,1.0,0.0,0.0,0.0,0.0385,-0.0135,0.0,0.0,0.0
27.2276,0.9970719827349466,0.006897013715108199,-0.010864021603731394,-0.07537814989378372,0.5815,0.0,9.5051,0.6,0.3,1.0,0.0,0.0,0.0,-0.05,-0.0135,0.0,0.0,0.0
27.2477,0.9970829136264969,0.0072020932772403476,-0.010925141495952622,-0.07519597389365285,0.5815,0.0,9.1594,0.6,0.3,1.0,0.0,0.0,0.0,0.0577,-0.0135,0.0,0.0,0.0
27.2677,0.9970824458930867,0.007080088375864336,-0.011047137893809785,-0.07519593861908463,0.5815,0.0,9.03,0.6,0.3,1.0,0.0,0.0,0.0,-0.0616,-0.0135,0.0,0.0,0.0
27.2878,0.9970779893512187,0.0075070601523058575,-0.011169089495284949,-0.07519560252466223,0.5815,0.0,9.4887,0.6,0.3,1.0,0.0,0.0,0.0,0.0616,-0.0135,0.0,0.0,0.0
27.308,0.9970631126567893,0.007567947723416191,-0.01122992242784934,-0.0753774793202519,0.5815,0.0,9.2576,0.6,0.3,1.0,0.0,0.0,0.0,-0.0654,-0.0135,0.0,0.0,0.0
27.328,0.9970604729527277,0.007995923597871777,-0.01116889327971859,-0.07537727975992725,0.5815,0.0,9.7265,0.6,0.3,1.0,0.0,0.0,0.0,0.0577,-0.0135,0.0,0.0,0.0
27.3481,0.9970751751516564,0.007874040868889992,-0.011169057971124243,-0.07519539028907574,0.5815,0.0,9.3665,0.6,0.3,1.0,0.0,0.0,0.0,-0.0539,-0.0135,0.0,0.0,0.0
27.3682,0.9971172179325856,0.007873891167761491,-0.011107846468312747,-0.07464496826374445,0.5815,0.0,9.7874,0.6,0.3,1.0,0.0,0.0,0.0,0.0423,-0.0135,0.0,0.0,0.0
27.3883,0.9971553030434839,0.007385179994380005,-0.010864264787941011,-0.07422080893742593,0.5815,0.0,9.4692,0.6,0.3,1.0,0.0,0.0,0.0,-0.0308,-0.0135,0.0,0.0,0.0
27.4084,0.9971945764080873,0.007263018765144464,-0.01068102759610464,-0.0737301904934739,0.5815,0.0,9.7702,0.6,0.3,1.0,0.0,0.0,0.0,0.0154,-0.0135,0.0,0.0,0.0
27.4285,0.9972214203157285,0.0072632142814554644,-0.010681315123258404,-0.07336616446987444,0.5815,0.0,9.5452,0.6,0.3,1.0,0.0,0.0,0.0,-0.0077,-0.0135,0.0,0.0,0.0
27.4486,0.9972440256319731,0.007262934639620059,-0.010680903880735483,-0.07305834253559151,0.5815,0.0,9.887,0.6,0.3,1.0,0.0,0.0,0.0,-0.0077,-0.0135,0.0,0.0,0.0
27.4687,0.9972433313708837,0.007445927809079144,-0.01061989703631755,-0.07305829167385347,0.5815,0.0,9.5956,0.6,0.3,1.0,0.0,0.0,0.0,0.0192,-0.0135,0.0,0.0,0.0
27.4888,0.9972461068119151,0.007750946423725126,-0.01055892701433539,-0.07299749542498857,0.5815,0.0,9.9066,0.6,0.3,1.0,0.0,0.0,0.0,-0.0346,-0.0135,0.0,0.0,0.0
27.5089,0.9972480072394905,0.008605956913945669,-0.010558947136224989,-0.07287563514532941,0.5815,0.0,9.7425,0.6,0.3,1.0,0.0,0.0,0.0,0.0462,-0.0135,0.0,0.0,0.0
27.529,0.9972641438607944,0.009277103666368107,-0.010559117992150566,-0.07257181094879796,0.5815,0.0,9.8348,0.6,0.3,1.0,0.0,0.0,0.0,-0.0539,-0.0135,0.0,0.0,0.0
27.5491,0.9972851585752266,0.010375699935403045,-0.010497696407272663,-0.07214191366034278,0.5815,0.0,9.6653,0.6,0.3,1.0,0.0,0.0,0.0,0.0616,-0.0135,0.0,0.0,0.0
27.5691,0.9973153781232558,0.011230015518005527,-0.010498014506502404,-0.07159409893108526,0.5815,0.0,9.4936,0.6,0.3,1.0,0.0,0.0,0.0,-0.0654,-0.0135,0.0,0.0,0.0
27.5892,0.9973419075898372,0.012695355241030392,-0.010437292055977486,-0.07098598632763303,0.5815,0.0,9.8553,0.6,0.3,1.0,0.0,0.0,0.0,0.0654,-0.0135,0.0,0.0,0.0
27.6093,0.9973912073722616,0.014465235056663507,-0.010437169601548356,-0.06994713662449942,0.5815,0.0,9.3153,0.6,0.3,1.0,0.0,0.0,0.0,-0.0616,-0.0135,0.0,0.0,0.0
27.6294,0.9974210916723873,0.015746748847862157,-0.010619830619438369,-0.06921289609169567,0.5815,0.0,9.6513,0.6,0.3,1.0,0.0,0.0,0.0,0.0539,-0.0135,0.0,0.0,0.0
27.6495,0.9974488568273226,0.016663198077987565,-0.010559125517942181,-0.06860481551594899,0.5815,0.0,9.5699,0.6,0.3,1.0,0.0,0.0,0.0,-0.05,-0.0135,0.0,0.0,0.0
27.6696,0.9974513333923669,0.017700254352951514,-0.010620152611770902,-0.06829898145750751,0.5815,0.0,9.7039,0.6,0.3,1.0,0.0,0.0,0.0,0.0346,-0.0135,0.0,0.0,0.0
27.6897,0.997432925397074,0.018310925198228883,-0.01092495537057782,-0.06835872074849692,0.5815,0.0,9.5357,0.6,0.3,1.0,0.0,0.0,0.0,-0.0231,-0.0135,0.0,0.0,0.0
27.7098,0.9974016451060296,0.019226513627079608,-0.011047295123184663,-0.06854383111553569,0.5815,0.0,9.9728,0.6,0.3,1.0,0.0,0.0,0.0,0.0077,-0.0135,0.0,0.0,0.0
27.7299,0.9973859815932923,0.019531215045994327,-0.011169122976228078,-0.06866575603569704,0.5815,0.0,9.3828,0.6,0.3,1.0,0.0,0.0,0.0,0.0038,-0.0135,0.0,0.0,0.0
27.75,0.9973835328964848,0.020081171800069502,-0.01116909555475206,-0.06854258640109367,0.5815,0.0,9.7716,0.6,0.3,1.0,0.0,0.0,0.0,-0.0192,-0.0135,0.0,0.0,0.0
27.7701,0.9974065570222176,0.02001938896550338,-0.011107660970470105,-0.06823491732462805,0.5815,0.0,9.2576,0.6,0.3,1.0,0.0,0.0,0.0,0.0308,-0.0135,0.0,0.0,0.0
27.7902,0.9974296300281702,0.02014185117258273,-0.011046918374715586,-0.06787049850731619,0.5815,0.0,9.7812,0.6,0.3,1.0,0.0,0.0,0.0,-0.0423,-0.0135,0.0,0.0,0.0
27.8103,0.9974463890195178,0.0197141855707486,-0.011047103987017332,-0.06774963773118825,0.5815,0.0,9.3808,0.6,0.3,1.0,0.0,0.0,0.0,0.05,-0.0135,0.0,0.0,0.0
27.8304,0.9974636023783594,0.01928751439847471,-0.010986293004699697,-0.06762880366182661,0.5815,0.0,9.6747,0.6,0.3,1.0,0.0,0.0,0.0,-0.0577,-0.0135,0.0,0.0,0.0
27.8505,0.9974802398658345,0.018676667461964024,-0.010924805483854844,-0.06756479700889129,0.5815,0.0,9.2658,0.6,0.3,1.0,0.0,0.0,0.0,0.0616,-0.0135,0.0,0.0,0.0
27.8706,0.997495545660242,0.01806595554868073,-0.010924973119082082,-0.06750483390422296,0.5815,0.0,9.5768,0.6,0.3,1.0,0.0,0.0,0.0,-0.0654,-0.0135,0.0,0.0,0.0
27.8907,0.9975011386352881,0.017639055501251978,-0.011108034951409202,-0.0675052124050124,0.5815,0.0,9.2872,0.6,0.3,1.0,0.0,0.0,0.0,0.0616,-0.0135,0.0,0.0,0.0
27.9108,0.9974900807621768,0.016967865289326513,-0.011291910351666368,-0.06780946164953028,0.5815,0.0,9.3846,0.6,0.3,1.0,0.0,0.0,0.0,-0.0539,-0.0135,0.0,0.0,0.0
27.9309,0.9974541225302131,0.01666328604585647,-0.011597199080225495,-0.06836017348668927,0.5815,0.0,9.5279,0.6,0.3,1.0,0.0,0.0,0.0,0.0462,-0.0135,0.0,0.0,0.0
27.951,0.9974317587103627,0.01605191565063131,-0.012206935855174206,-0.06872563886153049,0.5815,0.0,9.3871,0.6,0.3,1.0,0.0,0.0,0.0,-0.0385,-0.0135,0.0,0.0,0.0
27.9711,0.9974186891952136,0.015868708679183597,-0.012816764707360014,-0.06884673609833199,0.5815,0.0,9.6108,0.6,0.3,1.0,0.0,0.0,0.0,0.0231,-0.0135,0.0,0.0,0.0
27.9911,0.9974034456866347,0.014954426496350861,-0.013428382973986847,-0.0691549722818075,0.5815,0.0,9.5748,0.6,0.3,1.0,0.0,0.0,0.0,-0.0154,-0.0135,0.0,0.0,0.0
28.0112,0.9973735998455351,0.014403979779095214,-0.014037980292900482,-0.0695799023208446,0.5815,0.0,9.4663,0.6,0.3,1.0,0.0,0.0,0.0,0.0,-0.0135,0.0,0.0,0.0
28.0313,0.9973735998455351,0.014403979779095214,-0.014037980292900482,-0.0695799023208446,0.5815,0.0,9.4663,0.6,0.3,1.0,0.0,0.0,0.0,0.0115,-0.0135,0.0,0.0,0.0
28.0514,0.9973294211698162,0.01355020951962071,-0.014954231229255207,-0.07019108532709806,0.5815,0.0,9.8633,0.6,0.3,1.0,0.0,0.0,0.0,-0.0269,-0.0135,0.0,0.0,0.0
28.0715,0.9972664136096876,0.01300017485725883,-0.015869213446910793,-0.07098495477443545,0.5815,0.0,9.6208,0.6,0.3,1.0,0.0,0.0,0.0,0.0385,-0.0135,0.0,0.0,0.0
28.0916,0.9972018654900103,0.012329121974129694,-0.01660216424807374,-0.07183871071275277,0.5815,0.0,9.7827,0.6,0.3,1.0,0.0,0.0,0.0,-0.0462,-0.0135,0.0,0.0,0.0
28.1117,0.9971483257003988,0.012329214223166483,-0.017151298008072698,-0.07245025884128387,0.5815,0.0,9.7605,0.6,0.3,1.0,0.0,0.0,0.0,0.0539,-0.0135,0.0,0.0,0.0
28.1318,0.9971240996085202,0.012084916368831147,-0.017699877511651738,-0.07269249694658203,0.5815,0.0,9.5339,0.6,0.3,1.0,0.0,0.0,0.0,-0.0616,-0.0135,0.0,0.0,0.0
28.1519,0.9971024553684635,0.012145652299352203,-0.018126481082690375,-0.07287391379611319,0.5815,0.0,9.7227,0.6,0.3,1.0,0.0,0.0,0.0,0.0654,-0.0135,0.0,0.0,0.0
28.172,0.9970749425556147,0.011719058092018864,-0.018433091373853034,-0.07324236306644298,0.5815,0.0,9.2981,0.6,0.3,1.0,0.0,0.0,0.0,-0.0616,-0.0135,0.0,0.0,0.0
28.1921,0.9970410640503498,0.0118406563625625,-0.018737456204855677,-0.07360586382362133,0.5815,0.0,9.7165,0.6,0.3,1.0,0.0,0.0,0.0,0.0577,-0.0135,0.0,0.0,0.0
28.2122,0.9970159121568136,0.011841082092387161,-0.0188601307543638,-0.07391451243786035,0.5815,0.0,9.3064,0.6,0.3,1.0,0.0,0.0,0.0,-0.0539,-0.0135,0.0,0.0,0.0
28.2323,0.9970063406601196,0.01226796727734489,-0.018615950345211317,-0.07403580252245724,0.5815,0.0,9.8327,0.6,0.3,1.0,0.0,0.0,0.0,0.0423,-0.0135,0.0,0.0,0.0
28.2524,0.9970044365441696,0.012511942730748321,-0.01831091618787823,-0.07409666084720734,0.5815,0.0,9.3827,0.6,0.3,1.0,0.0,0.0,0.0,-0.0308,-0.0135,0.0,0.0,0.0
28.2724,0.9970210291063566,0.01287815537555996,-0.017883215761852672,-0.07391489178670119,0.5815,0.0,9.7988,0.6,0.3,1.0,0.0,0.0,0.0,0.0154,-0.0135,0.0,0.0,0.0
28.2925,0.9970327559314252,0.013245315591245144,-0.01745641592757834,-0.07379375825663725,0.5815,0.0,9.385,0.6,0.3,1.0,0.0,0.0,0.0,-0.0038,-0.0135,0.0,0.0,0.0
28.3126,0.9970515444530877,0.013427751450666518,-0.017028684796946678,-0.0736066375320718,0.5815,0.0,9.7518,0.6,0.3,1.0,0.0,0.0,0.0,-0.0077,-0.0135,0.0,0.0,0.0
28.3327,0.9970527249304815,0.01379376100744287,-0.01666271129962451,-0.0736067246799954,0.5815,0.0,9.3151,0.6,0.3,1.0,0.0,0.0,0.0,0.0192,-0.0135,0.0,0.0,0.0
28.3528,0.9970517428505846,0.01397674406994757,-0.016295701607202232,-0.0736676510616704,0.5815,0.0,9.442,0.6,0.3,1.0,0.0,0.0,0.0,-0.0346,-0.0135,0.0,0.0,0.0
28.3729,0.9970561640916843,0.014770795029233926,-0.015868779792763733,-0.07354597942015212,0.5815,0.0,9.3266,0.6,0.3,1.0,0.0,0.0,0.0,0.0462,-0.0135,0.0,0.0,0.0
28.393,0.9970661105065308,0.015319940237856978,-0.015563939286031715,-0.07336371381267222,0.5815,0.0,9.2896,0.6,0.3,1.0,0.0,0.0,0.0,-0.0539,-0.0135,0.0,0.0,0.0
28.4131,0.9970688947008866,0.016173982070358296,-0.015380982949436182,-0.07318091887541052,0.5815,0.0,9.5618,0.6,0.3,1.0,0.0,0.0,0.0,0.0577,-0.0135,0.0,0.0,0.0
28.4332,0.997057951346336,0.016356802341031245,-0.015319814872201416,-0.07330211420215277,0.5815,0.0,9.2563,0.6,0.3,1.0,0.0,0.0,0.0,-0.0654,-0.0135,0.0,0.0,0.0
28.4533,0.997042199572281,0.01708952349452926,-0.015258574546695254,-0.07336195445597683,0.5815,0.0,9.6773,0.6,0.3,1.0,0.0,0.0,0.0,0.0616,-0.0135,0.0,0.0,0.0
28.4734,0.9970270772862467,0.01757831871581665,-0.015381278880872446,-0.07342633130668096,0.5815,0.0,9.4477,0.6,0.3,1.0,0.0,0.0,0.0,-0.0616,-0.0135,0.0,0.0,0.0
28.4935,0.9970173111101281,0.018372153149786286,-0.015381128216680971,-0.07336461156547575,0.5815,0.0,9.7314,0.6,0.3,1.0,0.0,0.0,0.0,0.0539,-0.0135,0.0,0.0,0.0
28.5136,0.9969985895511101,0.018798803706858533,-0.01550283812263566,-0.07348523268270692,0.5815,0.0,9.3984,0.6,0.3,1.0,0.0,0.0,0.0,-0.0462,-0.0135,0.0,0.0,0.0
28.5337,0.9969715128708738,0.019348456319713436,-0.015686369951985985,-0.07367073747245034,0.5815,0.0,9.737,0.6,0.3,1.0,0.0,0.0,0.0,0.0346,-0.0135,0.0,0.0,0.0
28.5538,0.9969242737567806,0.01977452937719956,-0.015868622335614653,-0.07415623512285031,0.5815,0.0,9.3609,0.6,0.3,1.0,0.0,0.0,0.0,-0.0231,-0.0135,0.0,0.0,0.0
28.5739,0.9968635725069721,0.02050751804865846,-0.016173619900477953,-0.07470524433689918,0.5815,0.0,9.7346,0.6,0.3,1.0,0.0,0.0,0.0,0.0077,-0.0135,0.0,0.0,0.0
28.5939,0.9967974529839772,0.021544382996169634,-0.016356531569661013,-0.07525384482523756,0.5815,0.0,9.4886,0.6,0.3,1.0,0.0,0.0,0.0,0.0038,-0.0135,0.0,0.0,0.0
28.6141,0.9967395397643646,0.022399427839783468,-0.01647857907909784,-0.07574306525555359,0.5815,0.0,9.9192,0.6,0.3,1.0,0.0,0.0,0.0,-0.0192,-0.0135,0.0,0.0,0.0
28.6341,0.9966874720088916,0.02355960931282456,-0.016601724694885956,-0.07604873888965663,0.5815,0.0,9.6313,0.6,0.3,1.0,0.0,0.0,0.0,0.0308,-0.0135,0.0,0.0,0.0
28.6542,0.9966494024101152,0.024658158402385437,-0.016724107434564598,-0.07617248932705417,0.5815,0.0,9.7222,0.6,0.3,1.0,0.0,0.0,0.0,-0.0423,-0.0135,0.0,0.0,0.0
28.6743,0.9966146302280716,0.025268280709575194,-0.016784522209435257,-0.07641382479333958,0.5815,0.0,9.3929,0.6,0.3,1.0,0.0,0.0,0.0,0.05,-0.0135,0.0,0.0,0.0
28.6944,0.9965795144465899,0.026000935151473524,-0.016906957832620386,-0.07659880895610627,0.5815,0.0,9.7504,0.6,0.3,1.0,0.0,0.0,0.0,-0.0577,-0.0135,0.0,0.0,0.0
28.7145,0.9965450093096921,0.026978649984452787,-0.016846405872862763,-0.07672284844900301,0.5815,0.0,9.4154,0.6,0.3,1.0,0.0,0.0,0.0,0.0616,-0.0135,0.0,0.0,0.0
28.7349,0.996520660230858,0.028014990448136566,-0.01660199433945968,-0.07672097384156645,0.5815,0.0,9.6661,0.6,0.3,1.0,0.0,0.0,0.0,-0.0616,-0.0135,0.0,0.0,0.0
28.755,0.9964909549283081,0.029357114857374075,-0.01635650683704842,-0.07665768870380468,0.5815,0.0,9.6148,0.6,0.3,1.0,0.0,0.0,0.0,0.0616,-0.0135,0.0,0.0,0.0
28.7751,0.9964909099319842,0.030395082189228918,-0.01617351162418043,-0.07629169629375677,0.5815,0.0,9.6039,0.6,0.3,1.0,0.0,0.0,0.0,-0.0577,-0.0135,0.0,0.0,0.0
28.7952,0.9964955917804691,0.0318591876680228,-0.015929593834011394,-0.075682070290855,0.5815,0.0,9.6849,0.6,0.3,1.0,0.0,0.0,0.0,0.0462,-0.0135,0.0,0.0,0.0
28.8153,0.9965156225481471,0.032897822474979396,-0.015441916671488589,-0.07507259488917645,0.5815,0.0,9.4555,0.6,0.3,1.0,0.0,0.0,0.0,-0.0385,-0.0135,0.0,0.0,0.0
28.8354,0.9965473510743771,0.0345469135022899,-0.01507639865572056,-0.07397695612608973,0.5815,0.0,9.8272,0.6,0.3,1.0,0.0,0.0,0.0,0.0231,-0.0135,0.0,0.0,0.0
28.8555,0.9965940083086122,0.03607243464933971,-0.014954180188130009,-0.07263287517883232,0.5815,0.0,9.3149,0.6,0.3,1.0,0.0,0.0,0.0,-0.0115,-0.0135,0.0,0.0,0.0
28.8756,0.9966300615743979,0.03820750398350724,-0.014586810631475601,-0.07110507690146728,0.5815,0.0,9.803,0.6,0.3,1.0,0.0,0.0,0.0,0.0,-0.0135,0.0,0.0,0.0
28.8957,0.9966483562468383,0.040222216164625,-0.01409907577209108,-0.06982437525430792,0.5815,0.0,9.4917,0.6,0.3,1.0,0.0,0.0,0.0,0.0115,-0.0135,0.0,0.0,0.0
28.9158,0.9966544701128079,0.042542489605143556,-0.013733158049631797,-0.06842078742851582,0.5815,0.0,9.8313,0.6,0.3,1.0,0.0,0.0,0.0,-0.0269,-0.0135,0.0,0.0,0.0
28.9359,0.9966612628672112,0.04486182205010818,-0.013672250530952914,-0.06683422467343308,0.5815,0.0,9.4167,0.6,0.3,1.0,0.0,0.0,0.0,0.0385,-0.0135,0.0,0.0,0.0
28.9559,0.9966514108649502,0.04962241876975061,-0.013367112806723955,-0.06359953672438379,0.5815,0.0,9.8389,0.6,0.3,1.0,0.0,0.0,0.0,-0.0462,-0.0135,0.0,0.0,0.0
28.976,0.9966475484277388,0.0529792417828181,-0.013000059328727137,-0.060974278269985416,0.5815,0.0,9.2768,0.6,0.3,1.0,0.0,0.0,0.0,0.0539,-0.0135,0.0,0.0,0.0
28.9961,0.9966182921037201,0.05621160641676751,-0.012328694350280646,-0.05865354587685223,0.5815,0.0,9.5789,0.6,0.3,1.0,0.0,0.0,0.0,-0.0616,-0.0135,0.0,0.0,0.0
29.0162,0.9965867770335642,0.058594280865502966,-0.011475055004465407,-0.05700727325834943,0.5815,0.0,9.2332,0.6,0.3,1.0,0.0,0.0,0.0,0.0616,-0.0135,0.0,0.0,0.0
29.0363,0.9965178984166103,0.06066881117310857,-0.010558967136047282,-0.05621282504201403,0.5815,0.0,9.5775,0.6,0.3,1.0,0.0,0.0,0.0,-0.0616,-0.0135,0.0,0.0,0.0
29.0564,0.9964379504048546,0.06249861700449934,-0.010009778499440604,-0.05572376692121156,0.5815,0.0,9.2773,0.6,0.3,1.0,0.0,0.0,0.0,0.0577,-0.0135,0.0,0.0,0.0
29.0765,0.9963446288468389,0.06433142800771023,-0.009705064569411746,-0.05535936831510213,0.5815,0.0,9.6253,0.6,0.3,1.0,0.0,0.0,0.0,-0.05,-0.0135,0.0,0.0,0.0
29.0966,0.996247876134713,0.06603806947258287,-0.009215730591449468,-0.055174387056620755,0.5815,0.0,9.3598,0.6,0.3,1.0,0.0,0.0,0.0,0.0385,-0.0135,0.0,0.0,0.0
29.1167,0.9961521815756775,0.06732180952566394,-0.008788975133255994,-0.055419843200028074,0.5815,0.0,9.7178,0.6,0.3,1.0,0.0,0.0,0.0,-0.0308,-0.0135,0.0,0.0,0.0
29.1368,0.9960725208012321,0.06817452989190256,-0.00854481574052902,-0.05584579574737569,0.5815,0.0,9.5056,0.6,0.3,1.0,0.0,0.0,0.0,0.0154,-0.0135,0.0,0.0,0.0
29.1569,0.9960153863417608,0.06854078791630096,-0.008666846734419477,-0.05639500270385606,0.5815,0.0,9.6935,0.6,0.3,1.0,0.0,0.0,0.0,-0.0038,-0.0135,0.0,0.0,0.0
29.177,0.995961663827041,0.06890828486409012,-0.008727909421030314,-0.056884409648866985,0.5815,0.0,9.4614,0.6,0.3,1.0,0.0,0.0,0.0,-0.0077,-0.0135,0.0,0.0,0.0
29.1971,0.9959481594506001,0.06878535344781624,-0.008849788157837572,-0.05724962958467343,0.5815,0.0,9.57,0.6,0.3,1.0,0.0,0.0,0.0,0.0231,-0.0135,0.0,0.0,0.0
29.2172,0.9959333226430258,0.06872754044484355,-0.00897220110105543,-0.05755729007716753,0.5815,0.0,9.5683,0.6,0.3,1.0,0.0,0.0,0.0,-0.0346,-0.0135,0.0,0.0,0.0
29.2373,0.9959903443664073,0.06720123772698688,-0.009460174239543085,-0.05829007359923122,0.5815,0.0,9.518,0.6,0.3,1.0,0.0,0.0,0.0,0.0462,-0.0135,0.0,0.0,0.0
29.2574,0.9959903443664073,0.06720123772698688,-0.009460174239543085,-0.05829007359923122,0.5815,0.0,9.518,0.6,0.3,1.0,0.0,0.0,0.0,-0.0539,-0.0135,0.0,0.0,0.0
29.2775,0.9960339334416064,0.0656130614898343,-0.009949009323798039,-0.05926505554074696,0.5815,0.0,9.5253,0.6,0.3,1.0,0.0,0.0,0.0,0.0577,-0.0135,0.0,0.0,0.0
29.2976,0.9960848570522705,0.06341541791721142,-0.010619902521142689,-0.060668443131375316,0.5815,0.0,9.5926,0.6,0.3,1.0,0.0,0.0,0.0,-0.0616,-0.0135,0.0,0.0,0.0
29.3177,0.9961113480129151,0.06128006723751314,-0.011108193457371941,-0.06231808531536254,0.5815,0.0,9.529,0.6,0.3,1.0,0.0,0.0,0.0,0.0616,-0.0135,0.0,0.0,0.0
29.3378,0.9961617971872754,0.058716400644124714,-0.011414077882553973,-0.06390443604404505,0.5815,0.0,9.5898,0.6,0.3,1.0,0.0,0.0,0.0,-0.0577,-0.0135,0.0,0.0,0.0
29.3579,0.9962052828129753,0.05615139592268563,-0.011535875896924438,-0.0654902954547052,0.5815,0.0,9.744,0.6,0.3,1.0,0.0,0.0,0.0,0.05,-0.0135,0.0,0.0,0.0
29.378,0.9962767567022718,0.05255098716668263,-0.01177999712324259,-0.06732198355950236,0.5815,0.0,9.4696,0.6,0.3,1.0,0.0,0.0,0.0,-0.0462,-0.0135,0.0,0.0,0.0
29.3981,0.9963646089088667,0.046632245360539656,-0.012146324379685495,-0.0702528761730023,0.5815,0.0,9.4772,0.6,0.3,1.0,0.0,0.0,0.0,0.0308,-0.0135,0.0,0.0,0.0
29.4182,0.9964062648051307,0.042114307055710884,-0.012329089891481671,-0.07244952823002326,0.5815,0.0,9.5297,0.6,0.3,1.0,0.0,0.0,0.0,-0.0192,-0.0135,0.0,0.0,0.0
29.4383,0.9964227538865922,0.03814790941431277,-0.012268292465850232,-0.07440377372384982,0.5815,0.0,9.4942,0.6,0.3,1.0,0.0,0.0,0.0,0.0077,-0.0135,0.0,0.0,0.0
29.4584,0.9964233097311241,0.0341198324212652,-0.012085294844836886,-0.07635686287774263,0.5815,0.0,9.5703,0.6,0.3,1.0,0.0,0.0,0.0,0.0038,-0.0135,0.0,0.0,0.0
29.4785,0.9964045882815541,0.030273169785444882,-0.011780066067867091,-0.07824743884655323,0.5815,0.0,9.4645,0.6,0.3,1.0,0.0,0.0,0.0,-0.0192,-0.0135,0.0,0.0,0.0
29.4986,0.9963751400921962,0.025756383219327494,-0.01147472521806821,-0.08025907805903028,0.5815,0.0,9.3439,0.6,0.3,1.0,0.0,0.0,0.0,-0.0423,-0.0135,0.0,0.0,0.0
29.5187,0.9963173771446395,0.02166655152226745,-0.011107770079353246,-0.08221229828087401,0.5815,0.0,9.528,0.6,0.3,1.0,0.0,0.0,0.0,0.05,-0.0135,0.0,0.0,0.0
29.5388,0.9962354408446396,0.017273337077209624,-0.01055920605559291,-0.08429164489306996,0.5815,0.0,9.2839,0.6,0.3,1.0,0.0,0.0,0.0,-0.0577,-0.0135,0.0,0.0,0.0
29.5589,0.9961221183816609,0.01355038249810912,-0.009888279124819405,-0.08636743796673019,0.5815,0.0,9.6938,0.6,0.3,1.0,0.0,0.0,0.0,0.0616,-0.0135,0.0,0.0,0.0
29.579,0.9959716709623875,0.009520996854563073,-0.009215996955325413,-0.08868397070161449,0.5815,0.0,9.3994,0.6,0.3,1.0,0.0,0.0,0.0,-0.0616,-0.0135,0.0,0.0,0.0
29.5991,0.9957962982402199,0.0059200433882901915,-0.008545062627185757,-0.09100366697036694,0.5815,0.0,9.7454,0.6,0.3,1.0,0.0,0.0,0.0,0.0577,-0.0135,0.0,0.0,0.0
29.6192,0.9956073106529304,0.0020750048157701416,-0.007996018557541224,-0.09326221644739996,0.5815,0.0,9.4685,0.6,0.3,1.0,0.0,0.0,0.0,-0.0539,-0.0135,0.0,0.0,0.0
29.6393,0.9954103907809586,-0.0014649829142756566,-0.007445913160202424,-0.09539688741028615,0.5815,0.0,9.7579,0.6,0.3,1.0,0.0,0.0,0.0,0.0462,-0.0135,0.0,0.0,0.0
29.6594,0.9952203778498652,-0.004882908633042809,-0.006896870948616888,-0.09728817958401292,0.5815,0.0,9.4467,0.6,0.3,1.0,0.0,0.0,0.0,-0.0385,-0.0135,0.0,0.0,0.0
29.6795,0.9950660318008071,-0.007812078757806499,-0.0064700652282396395,-0.09869499499781809,0.5815,0.0,9.6445,0.6,0.3,1.0,0.0,0.0,0.0,0.0231,-0.0135,0.0,0.0,0.0
29.6995,0.9949056794175135,-0.010314706385741817,-0.006103826250951827,-0.10009515073194225,0.5815,0.0,9.3216,0.6,0.3,1.0,0.0,0.0,0.0,-0.0115,-0.0135,0.0,0.0,0.0
29.7197,0.9946443947043815,-0.013550209724675598,-0.0058590906846401735,-0.10229658330521707,0.5815,0.0,9.6874,0.6,0.3,1.0,0.0,0.0,0.0,0.0,-0.0135,0.0,0.0,0.0
29.7397,0.9944188487320665,-0.015929565064671004,-0.005980836701305545,-0.10412315705737187,0.5815,0.0,9.4651,0.6,0.3,1.0,0.0,0.0,0.0,0.0115,-0.0135,0.0,0.0,0.0
29.7598,0.9941868171046366,-0.018004725037737784,-0.006469901193788586,-0.1059553818841201,0.5815,0.0,9.7634,0.6,0.3,1.0,0.0,0.0,0.0,-0.0269,-0.0135,0.0,0.0,0.0
29.7799,0.9939851864406631,-0.019836542548313907,-0.00683618697621869,-0.10748593984273158,0.5815,0.0,9.4838,0.6,0.3,1.0,0.0,0.0,0.0,0.0385,-0.0135,0.0,0.0,0.0
29.8,0.993852018352855,-0.021057360578422037,-0.007141122281925813,-0.10846085724343812,0.5815,0.0,9.7988,0.6,0.3,1.0,0.0,0.0,0.0,-0.0462,-0.0135,0.0,0.0,0.0
29.8201,0.9937426894170627,-0.02203330578040436,-0.007384767322696118,-0.10924955779370599,0.5815,0.0,9.5972,0.6,0.3,1.0,0.0,0.0,0.0,0.0539,-0.0135,0.0,0.0,0.0
29.8402,0.9937426894170627,-0.02203330578040436,-0.007384767322696118,-0.10924955779370599,0.5815,0.0,9.5972,0.6,0.3,1.0,0.0,0.0,0.0,0.0539,-0.0135,0.0,0.0,0.0
29.8603,0.9936459541184761,-0.023192858882053084,-0.007750952838994249,-0.10986233153792097,0.5815,0.0,9.9767,0.6,0.3,1.0,0.0,0.0,0.0,0.0616,-0.0135,0.0,0.0,0.0
29.8804,0.993533307870831,-0.025146083721397355,-0.00903303007457975,-0.11035236740728704,0.5815,0.0,9.6349,0.6,0.3,1.0,0.0,0.0,0.0,-0.0616,-0.0135,0.0,0.0,0.0
29.9004,0.993533307870831,-0.025146083721397355,-0.00903303007457975,-0.11035236740728704,0.5815,0.0,9.6349,0.6,0.3,1.0,0.0,0.0,0.0,0.0539,-0.0135,0.0,0.0,0.0
29.9205,0.9935697645297001,-0.025145462568465136,-0.009520796512938703,-0.10998264935149293,0.5815,0.0,9.5323,0.6,0.3,1.0,0.0,0.0,0.0,-0.05,-0.0135,0.0,0.0,0.0
29.9406,0.9936342658568488,-0.024352565361325535,-0.00976582570191374,-0.10955604467031178,0.5815,0.0,9.9041,0.6,0.3,1.0,0.0,0.0,0.0,0.0385,-0.0135,0.0,0.0,0.0
29.9607,0.993728824369627,-0.02331537127941151,-0.01013216134690103,-0.10888873396960252,0.5815,0.0,9.5739,0.6,0.3,1.0,0.0,0.0,0.0,-0.0308,-0.0135,0.0,0.0,0.0
29.9808,0.9938482439240925,-0.022034293626832877,-0.010437139084290406,-0.10803343964300671,0.5815,0.0,9.7651,0.6,0.3,1.0,0.0,0.0,0.0,0.0154,-0.0135,0.0,0.0,0.0
30.0009,0.9939739688727349,-0.020508329480362394,-0.010376166700226265,-0.10717972191565628,0.5815,0.0,9.474,0.6,0.3,1.0,0.0,0.0,0.0,-0.0038,-0.0135,0.0,0.0,0.0
30.021,0.9941013951467539,-0.019043409854116004,-0.01037622331808579,-0.10626428703030377,0.5815,0.0,9.5975,0.6,0.3,1.0,0.0,0.0,0.0,-0.0115,-0.0135,0.0,0.0,0.0
30.0411,0.9942537659557703,-0.01702884184613207,-0.010497902501655679,-0.10516302330768874,0.5815,0.0,9.5543,0.6,0.3,1.0,0.0,0.0,0.0,0.0231,-0.0135,0.0,0.0,0.0
30.0612,0.9944459560077008,-0.01495399933846499,-0.010619999530192473,-0.10363799541526249,0.5815,0.0,9.4089,0.6,0.3,1.0,0.0,0.0,0.0,-0.0346,-0.0135,0.0,0.0,0.0
30.0813,0.9946661410797271,-0.01245070134673484,-0.010375751118281323,-0.10186555656486901,0.5815,0.0,9.5219,0.6,0.3,1.0,0.0,0.0,0.0,0.0423,-0.0135,0.0,0.0,0.0
30.1014,0.9949314437990527,-0.009887974595586274,-0.010192973811975214,-0.09954774423962609,0.5815,0.0,9.1746,0.6,0.3,1.0,0.0,0.0,0.0,-0.05,-0.0135,0.0,0.0,0.0
30.1215,0.9952345736408796,-0.006652970410557435,-0.010253954394988121,-0.09674056974112988,0.5815,0.0,9.6456,0.6,0.3,1.0,0.0,0.0,0.0,0.0577,-0.0135,0.0,0.0,0.0
30.1416,0.99564759858225,-0.002624948849643913,-0.010314799003457895,-0.0925881958051543,0.5815,0.0,9.4564,0.6,0.3,1.0,0.0,0.0,0.0,-0.0616,-0.0135,0.0,0.0,0.0
30.1617,0.9960578313145884,0.002014050209448464,-0.009827244989200618,-0.08813719722430009,0.5815,0.0,9.7162,0.6,0.3,1.0,0.0,0.0,0.0,0.0616,-0.0135,0.0,0.0,0.0
30.1817,0.9963229677234811,0.005614915283535656,-0.00897186463470737,-0.08502071722827563,0.5815,0.0,9.3816,0.6,0.3,1.0,0.0,0.0,0.0,-0.0577,-0.0135,0.0,0.0,0.0
30.2018,0.9964629398320789,0.009583028272495445,-0.008911026289909935,-0.08300824489651487,0.5815,0.0,9.5575,0.6,0.3,1.0,0.0,0.0,0.0,0.05,-0.0135,0.0,0.0,0.0
30.2219,0.9964983017396795,0.012267720565590076,-0.009582781723186311,-0.0821511287597752,0.5815,0.0,9.2233,0.6,0.3,1.0,0.0,0.0,0.0,-0.0423,-0.0135,0.0,0.0,0.0
30.242,0.9965102386269495,0.015502832583993311,-0.009887893220055847,-0.08142012073929689,0.5815,0.0,9.7041,0.6,0.3,1.0,0.0,0.0,0.0,0.0308,-0.0135,0.0,0.0,0.0
30.2621,0.9965035076799309,0.018249679650663396,-0.010375817866042924,-0.08087058042238093,0.5815,0.0,9.3955,0.6,0.3,1.0,0.0,0.0,0.0,-0.0192,-0.0135,0.0,0.0,0.0
30.2822,0.9964771701799886,0.020386351274802046,-0.01080318614841982,-0.08062838929821758,0.5815,0.0,9.5647,0.6,0.3,1.0,0.0,0.0,0.0,0.0077,-0.0135,0.0,0.0,0.0
30.3023,0.9964185417552747,0.021729426157393133,-0.01129222146298878,-0.08093458728870634,0.5815,0.0,9.3094,0.6,0.3,1.0,0.0,0.0,0.0,0.0038,-0.0135,0.0,0.0,0.0
30.3224,0.996349399364448,0.023376267450948715,-0.011902136173904496,-0.08123892946527095,0.5815,0.0,9.6805,0.6,0.3,1.0,0.0,0.0,0.0,-0.0192,-0.0135,0.0,0.0,0.0
30.3425,0.996280081093071,0.024841076823446676,-0.012634039071994892,-0.08154325218044012,0.5815,0.0,9.4123,0.6,0.3,1.0,0.0,0.0,0.0,0.0308,-0.0135,0.0,0.0,0.0
30.3625,0.9962292522215513,0.026062346691277865,-0.01336717781529856,-0.08166608635343427,0.5815,0.0,9.7897,0.6,0.3,1.0,0.0,0.0,0.0,-0.0423,-0.0135,0.0,0.0,0.0
30.3826,0.996197567070693,0.027099498570205438,-0.014037740255665827,-0.08160249008572125,0.5815,0.0,9.529,0.6,0.3,1.0,0.0,0.0,0.0,0.05,-0.0135,0.0,0.0,0.0
30.4027,0.9962159987920882,0.027587999966549558,-0.014586999982313258,-0.08111599990164686,0.5815,0.0,9.6247,0.6,0.3,1.0,0.0,0.0,0.0,-0.0577,-0.0135,0.0,0.0,0.0
30.4228,0.9962455547173006,0.02789382750099343,-0.015015445449661786,-0.08056839014968048,0.5815,0.0,9.4414,0.6,0.3,1.0,0.0,0.0,0.0,0.0577,-0.0135,0.0,0.0,0.0
30.4429,0.9962814023720097,0.027649122176045107,-0.015381067965921,-0.08013935412007954,0.5815,0.0,9.476,0.6,0.3,1.0,0.0,0.0,0.0,-0.0616,-0.0135,0.0,0.0,0.0
30.463,0.9962931073807044,0.027405443072326483,-0.01568625360454344,-0.08001829368065494,0.5815,0.0,9.6791,0.6,0.3,1.0,0.0,0.0,0.0,0.0577,-0.0135,0.0,0.0,0.0
30.4831,0.9963191676529467,0.026488499316455773,-0.015929698898076196,-0.0799544887065022,0.5815,0.0,9.4147,0.6,0.3,1.0,0.0,0.0,0.0,-0.0539,-0.0135,0.0,0.0,0.0
30.5032,0.9963447924338988,0.025879176427474282,-0.015930108601169484,-0.07983454426024894,0.5815,0.0,9.5831,0.6,0.3,1.0,0.0,0.0,0.0,0.0462,-0.0135,0.0,0.0,0.0
30.5233,0.9963822132433379,0.024718583548520297,-0.015746734703610543,-0.07977165603042642,0.5815,0.0,9.3482,0.6,0.3,1.0,0.0,0.0,0.0,-0.0385,-0.0135,0.0,0.0,0.0
30.5434,0.9964032804670144,0.02380410226047679,-0.015503066599906384,-0.07983434296180902,0.5815,0.0,9.8555,0.6,0.3,1.0,0.0,0.0,0.0,0.0231,-0.0135,0.0,0.0,0.0
30.5635,0.9964082953559951,0.022400208968469747,-0.01538114348857291,-0.08020074818175332,0.5815,0.0,9.4123,0.6,0.3,1.0,0.0,0.0,0.0,-0.0115,-0.0135,0.0,0.0,0.0
30.5836,0.9964160263261004,0.021362365030854265,-0.015076257616569555,-0.08044537461576833,0.5815,0.0,9.779,0.6,0.3,1.0,0.0,0.0,0.0,0.0,-0.0135,0.0,0.0,0.0
30.6036,0.9964357841365997,0.02026350754645852,-0.01464764402588454,-0.08056404209376117,0.5815,0.0,9.448,0.6,0.3,1.0,0.0,0.0,0.0,0.0115,-0.0135,0.0,0.0,0.0
30.6237,0.9964539262078398,0.019408881694968152,-0.014220913317746511,-0.08062650854862159,0.5815,0.0,9.8264,0.6,0.3,1.0,0.0,0.0,0.0,-0.0269,-0.0135,0.0,0.0,0.0
30.6438,0.9964595553788491,0.018554991720745984,-0.013915993790671037,-0.08081096394207497,0.5815,0.0,9.5634,0.6,0.3,1.0,0.0,0.0,0.0,0.0385,-0.0135,0.0,0.0,0.0
30.6639,0.9964583101406679,0.01757797019012571,-0.013854976503822483,-0.08105486254184996,0.5815,0.0,9.8114,0.6,0.3,1.0,0.0,0.0,0.0,-0.0462,-0.0135,0.0,0.0,0.0
30.684,0.9964541976895098,0.01690690155183002,-0.013915918968194625,-0.08123752695732933,0.5815,0.0,9.6046,0.6,0.3,1.0,0.0,0.0,0.0,0.0539,-0.0135,0.0,0.0,0.0
30.7041,0.9964664052159604,0.01641810553442751,-0.013977089843750352,-0.0811775218034001,0.5815,0.0,9.8378,0.6,0.3,1.0,0.0,0.0,0.0,-0.0577,-0.0135,0.0,0.0,0.0
30.7242,0.9964664052159604,0.01641810553442751,-0.013977089843750352,-0.0811775218034001,0.5815,0.0,9.8378,0.6,0.3,1.0,0.0,0.0,0.0,0.0577,-0.0135,0.0,0.0,0.0
30.7443,0.9964745600196703,0.016418239895633485,-0.014099206010996252,-0.08105618435501105,0.5815,0.0,9.4157,0.6,0.3,1.0,0.0,0.0,0.0,-0.0616,-0.0135,0.0,0.0,0.0
30.7644,0.9964747253501354,0.016846248944511952,-0.014282211054583858,-0.0809341960006047,0.5815,0.0,9.7162,0.6,0.3,1.0,0.0,0.0,0.0,0.0539,-0.0135,0.0,0.0,0.0
30.7845,0.9964485905271777,0.01733380152559872,-0.014831830173513335,-0.08105407191977633,0.5815,0.0,9.4512,0.6,0.3,1.0,0.0,0.0,0.0,-0.05,-0.0135,0.0,0.0,0.0
30.8046,0.9964163400052461,0.018005313335114206,-0.015503269793628182,-0.08117841269672676,0.5815,0.0,9.6453,0.6,0.3,1.0,0.0,0.0,0.0,0.0385,-0.0135,0.0,0.0,0.0
30.8247,0.9963727551803512,0.019042498413687117,-0.01611257558891668,-0.08135785700454679,0.5815,0.0,9.5494,0.6,0.3,1.0,0.0,0.0,0.0,-0.0269,-0.0135,0.0,0.0,0.0
30.8448,0.9963319810267355,0.020141878320249263,-0.0166628993372214,-0.08148150775943552,0.5815,0.0,9.5255,0.6,0.3,1.0,0.0,0.0,0.0,0.0154,-0.0135,0.0,0.0,0.0
30.8649,0.9962821721630064,0.021545111850672028,-0.017273089672622782,-0.08160442364642573,0.5815,0.0,9.5268,0.6,0.3,1.0,0.0,0.0,0.0,-0.0038,-0.0135,0.0,0.0,0.0
30.885,0.9962222852051524,0.022583142477924426,-0.017944113210108307,-0.08190951677032778,0.5815,0.0,9.3374,0.6,0.3,1.0,0.0,0.0,0.0,-0.0077,-0.0135,0.0,0.0,0.0
30.9051,0.996150795673751,0.023925899019018294,-0.018493921945069138,-0.08227465275389656,0.5815,0.0,9.6738,0.6,0.3,1.0,0.0,0.0,0.0,0.0231,-0.0135,0.0,0.0,0.0
30.9252,0.9960995285659497,0.02465813685794633,-0.018921105016189568,-0.08258145834479946,0.5815,0.0,9.2845,0.6,0.3,1.0,0.0,0.0,0.0,-0.0346,-0.0135,0.0,0.0,0.0
30.9453,0.9960613534593055,0.025879736681589233,-0.0192875490311763,-0.08258335078257739,0.5815,0.0,9.6813,0.6,0.3,1.0,0.0,0.0,0.0,0.0423,-0.0135,0.0,0.0,0.0
30.9653,0.9960391151456391,0.026550163003752614,-0.019531119910594807,-0.08258150700613531,0.5815,0.0,9.3275,0.6,0.3,1.0,0.0,0.0,0.0,-0.05,-0.0135,0.0,0.0,0.0
30.9854,0.9960142427314232,0.027526481612223583,-0.019713628746444417,-0.08251844598542124,0.5815,0.0,9.6526,0.6,0.3,1.0,0.0,0.0,0.0,0.0577,-0.0135,0.0,0.0,0.0
31.0055,0.9959941134078841,0.02783261794946869,-0.019775439061179338,-0.08264383488717991,0.5815,0.0,9.3613,0.6,0.3,1.0,0.0,0.0,0.0,-0.0616,-0.0135,0.0,0.0,0.0
31.0256,0.9959559895570071,0.028380543769922672,-0.019652684074214798,-0.08294566661089386,0.5815,0.0,9.6888,0.6,0.3,1.0,0.0,0.0,0.0,0.0577,-0.0135,0.0,0.0,0.0
31.0457,0.9959188081426195,0.028564223947507145,-0.019714154561726496,-0.08331365319068275,0.5815,0.0,9.3796,0.6,0.3,1.0,0.0,0.0,0.0,-0.0577,-0.0135,0.0,0.0,0.0
31.0659,0.995922069174111,0.028259314088097436,-0.019470216401686436,-0.0834359273484699,0.5815,0.0,9.4479,0.6,0.3,1.0,0.0,0.0,0.0,0.05,-0.0135,0.0,0.0,0.0
31.086,0.995922069174111,0.028259314088097436,-0.019470216401686436,-0.0834359273484699,0.5815,0.0,9.4479,0.6,0.3,1.0,0.0,0.0,0.0,-0.0423,-0.0135,0.0,0.0,0.0
31.1061,0.9959392173715506,0.027771786842022365,-0.019287546462932022,-0.0834373639827208,0.5815,0.0,9.6296,0.6,0.3,1.0,0.0,0.0,0.0,0.0308,-0.0135,0.0,0.0,0.0
31.1263,0.9959475297642377,0.027343328179781478,-0.019225527632551143,-0.08349394857003489,0.5815,0.0,9.3596,0.6,0.3,1.0,0.0,0.0,0.0,-0.0192,-0.0135,0.0,0.0,0.0
31.1464,0.995944595910743,0.02654926947889121,-0.019164472676570614,-0.08379869422224341,0.5815,0.0,9.561,0.6,0.3,1.0,0.0,0.0,0.0,0.0077,-0.0135,0.0,0.0,0.0
31.1664,0.995924261575744,0.02618434866679782,-0.019104254389341022,-0.08416812076987362,0.5815,0.0,9.4925,0.6,0.3,1.0,0.0,0.0,0.0,0.0038,-0.0135,0.0,0.0,0.0
31.1865,0.9959249323323444,0.025513356915020626,-0.019165268109448914,-0.08435218003131356,0.5815,0.0,9.4325,0.6,0.3,1.0,0.0,0.0,0.0,-0.0231,-0.0135,0.0,0.0,0.0
31.2066,0.9959381474463567,0.02514668545250137,-0.019226524079765817,-0.084292297653358,0.5815,0.0,9.7175,0.6,0.3,1.0,0.0,0.0,0.0,0.0385,-0.0135,0.0,0.0,0.0
31.2266,0.9959602662190175,0.02416971524753071,-0.019347772056649733,-0.08428900695963437,0.5815,0.0,9.3526,0.6,0.3,1.0,0.0,0.0,0.0,-0.0462,-0.0135,0.0,0.0,0.0
31.2467,0.9959718948691962,0.02368199750022321,-0.019347997957702832,-0.0842899911026862,0.5815,0.0,9.7656,0.6,0.3,1.0,0.0,0.0,0.0,0.0539,-0.0135,0.0,0.0,0.0
31.2668,0.9959723279090034,0.023071007595784444,-0.01953100643029196,-0.08441202779139856,0.5815,0.0,9.4056,0.6,0.3,1.0,0.0,0.0,0.0,-0.0577,-0.0135,0.0,0.0,0.0
31.2868,0.9959713471225705,0.02300998491653415,-0.019652987117107588,-0.08441194466642683,0.5815,0.0,9.7633,0.6,0.3,1.0,0.0,0.0,0.0,0.0577,-0.0135,0.0,0.0,0.0
31.3069,0.9959499944491135,0.022887494299991675,-0.019835561732551327,-0.08465412956396778,0.5815,0.0,9.476,0.6,0.3,1.0,0.0,0.0,0.0,-0.0654,-0.0135,0.0,0.0,0.0
31.327,0.995952433023007,0.02307054674456089,-0.02001960668484716,-0.08453233923560799,0.5815,0.0,9.8191,0.6,0.3,1.0,0.0,0.0,0.0,0.0539,-0.0135,0.0,0.0,0.0
31.347,0.9959685053468597,0.022826919904929827,-0.020263928897949698,-0.08435070403034722,0.5815,0.0,9.4021,0.6,0.3,1.0,0.0,0.0,0.0,-0.0462,-0.0135,0.0,0.0,0.0
31.3671,0.9959668182222172,0.023070879967714734,-0.020324894254423374,-0.08428956146151761,0.5815,0.0,9.6383,0.6,0.3,1.0,0.0,0.0,0.0,0.0308,-0.0135,0.0,0.0,0.0
31.3872,0.9959487991783469,0.02313146114809806,-0.02038552511521386,-0.08447103223081814,0.5815,0.0,9.3626,0.6,0.3,1.0,0.0,0.0,0.0,-0.0192,-0.0135,0.0,0.0,0.0
31.4073,0.9959373117435141,0.02343861922666231,-0.020325536981905937,-0.08453623336917283,0.5815,0.0,9.7723,0.6,0.3,1.0,0.0,0.0,0.0,0.0077,-0.0135,0.0,0.0,0.0
31.4273,0.9959241774179134,0.023560311734649023,-0.02032526893067662,-0.084657120127693,0.5815,0.0,9.3972,0.6,0.3,1.0,0.0,0.0,0.0,0.0038,-0.0135,0.0,0.0,0.0
31.4474,0.9959083239107871,0.023681936364650318,-0.02020294571299004,-0.08483877203110252,0.5815,0.0,9.773,0.6,0.3,1.0,0.0,0.0,0.0,-0.0231,-0.0135,0.0,0.0,0.0
31.4675,0.9958924081659037,0.02380355562292331,-0.020080625124513647,-0.08502041279500028,0.5815,0.0,9.3316,0.6,0.3,1.0,0.0,0.0,0.0,0.0385,-0.0135,0.0,0.0,0.0
31.4876,0.9958842860157733,0.023864359853206195,-0.01989646628951366,-0.08514171612576532,0.5815,0.0,9.7481,0.6,0.3,1.0,0.0,0.0,0.0,-0.0462,-0.0135,0.0,0.0,0.0
31.5076,0.9958658734751573,0.02423138623304367,-0.019836316178393546,-0.08526735910803114,0.5815,0.0,9.5262,0.6,0.3,1.0,0.0,0.0,0.0,0.0539,-0.0135,0.0,0.0,0.0
31.5277,0.9958577403672316,0.02435318928670301,-0.019836154177762112,-0.08532766321465547,0.5815,0.0,9.6761,0.6,0.3,1.0,0.0,0.0,0.0,-0.0577,-0.0135,0.0,0.0,0.0
31.5478,0.9958418047784847,0.024840795574135006,-0.01977483726414072,-0.08538729731026286,0.5815,0.0,9.8009,0.6,0.3,1.0,0.0,0.0,0.0,0.0577,-0.0135,0.0,0.0,0.0
31.5678,0.9958271953876452,0.024962428356139765,-0.019835545762624213,-0.08550804185128041,0.5815,0.0,9.5645,0.6,0.3,1.0,0.0,0.0,0.0,-0.0654,-0.0135,0.0,0.0,0.0
31.5879,0.9958156388951697,0.025513682512191306,-0.019958533907353655,-0.08545128589284806,0.5815,0.0,9.8091,0.6,0.3,1.0,0.0,0.0,0.0,0.0539,-0.0135,0.0,0.0,0.0
31.608,0.995817672976117,0.025696739896498465,-0.02014257997335274,-0.08532945692514493,0.5815,0.0,9.3275,0.6,0.3,1.0,0.0,0.0,0.0,-0.0423,-0.0135,0.0,0.0,0.0
31.6281,0.995813357075032,0.026367644938834808,-0.020264495658988448,-0.08514608262874612,0.5815,0.0,9.773,0.6,0.3,1.0,0.0,0.0,0.0,0.0308,-0.0135,0.0,0.0,0.0
31.6481,0.9958078159390626,0.026733505133616622,-0.020569388661705015,-0.08502360653388502,0.5815,0.0,9.264,0.6,0.3,1.0,0.0,0.0,0.0,-0.0192,-0.0135,0.0,0.0,0.0
31.6682,0.9957966587881895,0.02734421030750918,-0.020813160076440473,-0.0849006529808195,0.5815,0.0,9.7345,0.6,0.3,1.0,0.0,0.0,0.0,0.0,-0.0135,0.0,0.0,0.0
31.6883,0.9957845223439747,0.027648875673750725,-0.021239904492403528,-0.08483861851370161,0.5815,0.0,9.5237,0.6,0.3,1.0,0.0,0.0,0.0,0.0115,-0.0135,0.0,0.0,0.0
31.7084,0.9957862649239264,0.027770923722999916,-0.021483940991139316,-0.08471676731271405,0.5815,0.0,9.7415,0.6,0.3,1.0,0.0,0.0,0.0,-0.0269,-0.0135,0.0,0.0,0.0
31.7285,0.9957899564133956,0.027771026672875895,-0.021790020928377285,-0.0845950812499347,0.5815,0.0,9.3823,0.6,0.3,1.0,0.0,0.0,0.0,0.0385,-0.0135,0.0,0.0,0.0
31.7485,0.9958085239739817,0.02764954210114454,-0.02203443201043867,-0.08435265383101177,0.5815,0.0,9.5189,0.6,0.3,1.0,0.0,0.0,0.0,-0.0539,-0.0135,0.0,0.0,0.0
31.7686,0.9958241994150097,0.027648283666843007,-0.022277422819267537,-0.08410382097303692,0.5815,0.0,9.2938,0.6,0.3,1.0,0.0,0.0,0.0,0.0577,-0.0135,0.0,0.0,0.0
31.7887,0.995840047080578,0.02734372671323124,-0.022399776125525878,-0.08398316063063245,0.5815,0.0,9.2076,0.6,0.3,1.0,0.0,0.0,0.0,-0.0616,-0.0135,0.0,0.0,0.0
31.8088,0.9958499390091723,0.027404998321580932,-0.022338998631848062,-0.08386199486387241,0.5815,0.0,9.4747,0.6,0.3,1.0,0.0,0.0,0.0,0.0616,-0.0135,0.0,0.0,0.0
31.8288,0.9958802630607329,0.026916169256897198,-0.02227731243099735,-0.08367641740342158,0.5815,0.0,9.2509,0.6,0.3,1.0,0.0,0.0,0.0,-0.0539,-0.0135,0.0,0.0,0.0
31.8489,0.9959183113046707,0.026733196255596902,-0.022156162654359962,-0.08331361162767155,0.5815,0.0,9.64,0.6,0.3,1.0,0.0,0.0,0.0,0.0423,-0.0135,0.0,0.0,0.0
31.869,0.9959648388010167,0.025756814803024372,-0.02191184244919323,-0.08312940228192013,0.5815,0.0,9.331,0.6,0.3,1.0,0.0,0.0,0.0,-0.0385,-0.0135,0.0,0.0,0.0
31.8891,0.9959950558806215,0.02502457928371147,-0.02160650016000119,-0.08307092297468933,0.5815,0.0,9.5782,0.6,0.3,1.0,0.0,0.0,0.0,0.0231,-0.0135,0.0,0.0,0.0
31.9091,0.9960168035045374,0.02410860796348203,-0.02142265164053571,-0.08312864822283217,0.5815,0.0,9.3714,0.6,0.3,1.0,0.0,0.0,0.0,-0.0154,-0.0135,0.0,0.0,0.0
31.9292,0.9960494087692439,0.023376385099077898,-0.02117934890543166,-0.08300936748392612,0.5815,0.0,9.8803,0.6,0.3,1.0,0.0,0.0,0.0,0.0,-0.0135,0.0,0.0,0.0
31.9493,0.9961137420379182,0.022400443955740493,-0.020874413711255663,-0.08258263671022348,0.5815,0.0,9.5496,0.6,0.3,1.0,0.0,0.0,0.0,0.0115,-0.0135,0.0,0.0,0.0
31.9693,0.9962026128134048,0.021056717035273342,-0.020446725232475375,-0.08196889848417899,0.5815,0.0,9.7397,0.6,0.3,1.0,0.0,0.0,0.0,-0.0231,-0.0135,0.0,0.0,0.0
31.9894,0.9962921583567841,0.019531297164208705,-0.020020304604344792,-0.0813612378925821,0.5815,0.0,9.4374,0.6,0.3,1.0,0.0,0.0,0.0,0.0346,-0.0135,0.0,0.0,0.0
32.0095,0.9963530730912631,0.01800527238849486,-0.01965329732024934,-0.08105622623990288,0.5815,0.0,9.5841,0.6,0.3,1.0,0.0,0.0,0.0,-0.05,-0.0135,0.0,0.0,0.0
32.0295,0.9963819087005483,0.016845711039422395,-0.01922567021512139,-0.08105360965810171,0.5815,0.0,9.7212,0.6,0.3,1.0,0.0,0.0,0.0,0.0577,-0.0135,0.0,0.0,0.0
32.0496,0.9963936084381001,0.015563915782463243,-0.01892089761757819,-0.0812375604173573,0.5815,0.0,9.6808,0.6,0.3,1.0,0.0,0.0,0.0,-0.0616,-0.0135,0.0,0.0,0.0
32.0697,0.9964322659523369,0.013915612681886602,-0.01843248696214542,-0.08117474063506104,0.5815,0.0,9.504,0.6,0.3,1.0,0.0,0.0,0.0,0.0577,-0.0135,0.0,0.0,0.0
32.0897,0.9964782019222757,0.012817234122832635,-0.01806633000414249,-0.08087347725534216,0.5815,0.0,9.7364,0.6,0.3,1.0,0.0,0.0,0.0,-0.0616,-0.0135,0.0,0.0,0.0
32.1098,0.9965068244878101,0.012267825487688126,-0.01769974821748286,-0.08068685221312194,0.5815,0.0,9.7224,0.6,0.3,1.0,0.0,0.0,0.0,0.0462,-0.0135,0.0,0.0,0.0
32.1299,0.9965155060632257,0.011901934382882562,-0.01745590376303125,-0.08068755515762299,0.5815,0.0,9.7116,0.6,0.3,1.0,0.0,0.0,0.0,-0.0346,-0.0135,0.0,0.0,0.0
32.15,0.9965028095129651,0.01190178274097918,-0.01733368358529096,-0.08087052376310433,0.5815,0.0,9.8455,0.6,0.3,1.0,0.0,0.0,0.0,0.0192,-0.0135,0.0,0.0,0.0
32.1701,0.9964756491048127,0.011414179253439512,-0.017212270309286914,-0.08130027677636044,0.5815,0.0,9.3997,0.6,0.3,1.0,0.0,0.0,0.0,-0.0038,-0.0135,0.0,0.0,0.0
32.1901,0.9964500872417735,0.011413886453824141,-0.01696783120277624,-0.08166418759869887,0.5815,0.0,9.7995,0.6,0.3,1.0,0.0,0.0,0.0,-0.0115,-0.0135,0.0,0.0,0.0
32.2102,0.9964559212098452,0.011168954282151578,-0.01678493129428903,-0.08166466572225878,0.5815,0.0,9.3846,0.6,0.3,1.0,0.0,0.0,0.0,0.0154,-0.0135,0.0,0.0,0.0
32.2303,0.996496280300111,0.01122972142862042,-0.01672358514445662,-0.08117498632334108,0.5815,0.0,9.8154,0.6,0.3,1.0,0.0,0.0,0.0,-0.0308,-0.0135,0.0,0.0,0.0
32.2504,0.9965289883269752,0.010864087088163981,-0.016479132099213385,-0.08087264828737084,0.5815,0.0,9.3775,0.6,0.3,1.0,0.0,0.0,0.0,0.0423,-0.0135,0.0,0.0,0.0
32.2704,0.9965359153334261,0.010681159866853107,-0.016174242082808928,-0.08087321044397945,0.5815,0.0,9.7324,0.6,0.3,1.0,0.0,0.0,0.0,-0.0539,-0.0135,0.0,0.0,0.0
32.2905,0.9965358076734494,0.010315153274393246,-0.016113239429015835,-0.08093420261332701,0.5815,0.0,9.3804,0.6,0.3,1.0,0.0,0.0,0.0,0.0577,-0.0135,0.0,0.0,0.0
32.3106,0.9965355591012253,0.009949145354185306,-0.016052234518583022,-0.0809951833166031,0.5815,0.0,9.7774,0.6,0.3,1.0,0.0,0.0,0.0,-0.0616,-0.0135,0.0,0.0,0.0
32.3307,0.9965437723621535,0.00939921478466774,-0.015869362636226444,-0.08099585086385575,0.5815,0.0,9.5362,0.6,0.3,1.0,0.0,0.0,0.0,0.0539,-0.0135,0.0,0.0,0.0
32.3507,0.9965444307700038,0.008545200914912666,-0.015686368818176713,-0.08111790724564727,0.5815,0.0,9.8661,0.6,0.3,1.0,0.0,0.0,0.0,-0.0539,-0.0135,0.0,0.0,0.0
32.3708,0.9965376556845974,0.007935132624257074,-0.01580826421225656,-0.08123935779828545,0.5815,0.0,9.5695,0.6,0.3,1.0,0.0,0.0,0.0,0.0462,-0.0135,0.0,0.0,0.0
32.3909,0.9965292204303511,0.007080058403833827,-0.015808130402232355,-0.08142167165233805,0.5815,0.0,9.6605,0.6,0.3,1.0,0.0,0.0,0.0,-0.0346,-0.0135,0.0,0.0,0.0
32.4109,0.9965292408251569,0.006775056026506657,-0.015625129212423094,-0.08148267382314617,0.5815,0.0,9.5806,0.6,0.3,1.0,0.0,0.0,0.0,0.0154,-0.0135,0.0,0.0,0.0
32.431,0.996535249809549,0.006287089901319327,-0.015442220813770162,-0.08148316515656134,0.5815,0.0,9.5056,0.6,0.3,1.0,0.0,0.0,0.0,-0.0038,-0.0135,0.0,0.0,0.0
32.4511,0.9965484904936592,0.006348175118892377,-0.015198419259125125,-0.08136224443495327,0.5815,0.0,9.7305,0.6,0.3,1.0,0.0,0.0,0.0,-0.0154,-0.0135,0.0,0.0,0.0
32.4711,0.9965628893433589,0.005980885307142445,-0.015075710899595297,-0.08123644216379161,0.5815,0.0,9.3554,0.6,0.3,1.0,0.0,0.0,0.0,0.0308,-0.0135,0.0,0.0,0.0
32.4912,0.9965979007716108,0.005981095428690271,-0.014709234686608452,-0.08087329033757558,0.5815,0.0,9.7365,0.6,0.3,1.0,0.0,0.0,0.0,-0.0423,-0.0135,0.0,0.0,0.0
32.5113,0.9966353726222082,0.0054319584285284096,-0.014403889765192038,-0.08050438388966846,0.5815,0.0,9.2656,0.6,0.3,1.0,0.0,0.0,0.0,0.05,-0.0135,0.0,0.0,0.0
32.5314,0.9966510908125097,0.005127041621318505,-0.014099114456596368,-0.08038365255440705,0.5815,0.0,9.7126,0.6,0.3,1.0,0.0,0.0,0.0,-0.0539,-0.0135,0.0,0.0,0.0
32.5515,0.9966396323514022,0.00482198370650119,-0.013976952771830585,-0.0805657277681408,0.5815,0.0,9.3275,0.6,0.3,1.0,0.0,0.0,0.0,0.0577,-0.0135,0.0,0.0,0.0
32.5715,0.9966366713024833,0.004943968605528239,-0.013793912407899777,-0.08062648801737966,0.5815,0.0,9.756,0.6,0.3,1.0,0.0,0.0,0.0,-0.0654,-0.0135,0.0,0.0,0.0
32.5916,0.996627409196696,0.005309916933981834,-0.013610787078799761,-0.08074873680207778,0.5815,0.0,9.4567,0.6,0.3,1.0,0.0,0.0,0.0,0.0577,-0.0135,0.0,0.0,0.0
32.6117,0.9966350239089984,0.0054319565279379685,-0.013366893024474741,-0.08068735425741137,0.5815,0.0,9.6419,0.6,0.3,1.0,0.0,0.0,0.0,-0.05,-0.0135,0.0,0.0,0.0
32.6317,0.9966452003633114,0.005798012800678359,-0.013184029107303112,-0.08056617787158543,0.5815,0.0,9.3463,0.6,0.3,1.0,0.0,0.0,0.0,0.0308,-0.0135,0.0,0.0,0.0
32.6518,0.9966494566315338,0.006042039142368661,-0.01312308501577357,-0.08050552154193791,0.5815,0.0,9.4208,0.6,0.3,1.0,0.0,0.0,0.0,-0.0192,-0.0135,0.0,0.0,0.0
32.6719,0.9966443611684641,0.006836009336289546,-0.01312301792278053,-0.08050510994996923,0.5815,0.0,9.5829,0.6,0.3,1.0,0.0,0.0,0.0,0.0,-0.0135,0.0,0.0,0.0
32.692,0.9966364650247972,0.007262952376603363,-0.013122913952659491,-0.08056547172978479,0.5815,0.0,9.301,0.6,0.3,1.0,0.0,0.0,0.0,0.0115,-0.0135,0.0,0.0,0.0
32.7121,0.996643293992374,0.00817900241266294,-0.013184003889051003,-0.08038302371158879,0.5815,0.0,9.6663,0.6,0.3,1.0,0.0,0.0,0.0,-0.0269,-0.0135,0.0,0.0,0.0
32.7321,0.9966509007844935,0.008911070641032571,-0.013245104998370146,-0.08020063577722059,0.5815,0.0,9.3781,0.6,0.3,1.0,0.0,0.0,0.0,0.0385,-0.0135,0.0,0.0,0.0
32.7522,0.996643380802559,0.010132003871287446,-0.013306005084025928,-0.08013903061992739,0.5815,0.0,9.859,0.6,0.3,1.0,0.0,0.0,0.0,-0.0539,-0.0135,0.0,0.0,0.0
32.7723,0.9966209971858495,0.011168753422809126,-0.013427703551032403,-0.08025922808381081,0.5815,0.0,9.5634,0.6,0.3,1.0,0.0,0.0,0.0,0.0577,-0.0135,0.0,0.0,0.0
32.7923,0.9966028683769559,0.01226825689130297,-0.013428281181644625,-0.0803236819386401,0.5815,0.0,9.8875,0.6,0.3,1.0,0.0,0.0,0.0,-0.0616,-0.0135,0.0,0.0,0.0
32.8124,0.9965880002033402,0.013306080112530275,-0.01355008158160117,-0.08032248360128182,0.5815,0.0,9.4973,0.6,0.3,1.0,0.0,0.0,0.0,0.0577,-0.0135,0.0,0.0,0.0
32.8325,0.9965918033493764,0.014099138691470307,-0.013550133290972592,-0.08013978832511093,0.5815,0.0,9.8532,0.6,0.3,1.0,0.0,0.0,0.0,-0.0539,-0.0135,0.0,0.0,0.0
32.8526,0.9966046459905537,0.014893338423468735,-0.013550307905593318,-0.07983581412067436,0.5815,0.0,9.56,0.6,0.3,1.0,0.0,0.0,0.0,0.0385,-0.0135,0.0,0.0,0.0
32.8727,0.9966130209395825,0.015564484465807797,-0.013611423674126823,-0.07959247742441795,0.5815,0.0,9.713,0.6,0.3,1.0,0.0,0.0,0.0,-0.0269,-0.0135,0.0,0.0,0.0
32.8928,0.9965950928520434,0.015930209284467364,-0.01379418122221863,-0.07971304723687778,0.5815,0.0,9.3554,0.6,0.3,1.0,0.0,0.0,0.0,0.0077,-0.0135,0.0,0.0,0.0
32.9128,0.9965950928520434,0.015930209284467364,-0.01379418122221863,-0.07971304723687778,0.5815,0.0,9.3554,0.6,0.3,1.0,0.0,0.0,0.0,0.0038,-0.0135,0.0,0.0,0.0
32.9329,0.9965786759567348,0.016295945645607643,-0.01385495378742598,-0.0798337337181787,0.5815,0.0,9.6235,0.6,0.3,1.0,0.0,0.0,0.0,-0.0154,-0.0135,0.0,0.0,0.0
32.953,0.9965655787770159,0.0168457224193068,-0.013793772708768727,-0.07989368352668386,0.5815,0.0,9.2591,0.6,0.3,1.0,0.0,0.0,0.0,0.0269,-0.0135,0.0,0.0,0.0
32.973,0.9965542979304787,0.017272519861038185,-0.013732618262701168,-0.07995377745667624,0.5815,0.0,9.5071,0.6,0.3,1.0,0.0,0.0,0.0,-0.0385,-0.0135,0.0,0.0,0.0
32.9931,0.9965486242508281,0.01794449742008133,-0.013611377306326729,-0.07989721474461642,0.5815,0.0,9.5222,0.6,0.3,1.0,0.0,0.0,0.0,0.0462,-0.0135,0.0,0.0,0.0
33.0132,0.9965603975402781,0.017943611035983752,-0.013488707605014753,-0.07977127079656328,0.5815,0.0,9.5627,0.6,0.3,1.0,0.0,0.0,0.0,-0.0539,-0.0135,0.0,0.0,0.0
33.0332,0.9965657848196903,0.018004707044356135,-0.013366782508298163,-0.07971070302247792,0.5815,0.0,9.65,0.6,0.3,1.0,0.0,0.0,0.0,0.0577,-0.0135,0.0,0.0,0.0
33.0533,0.9965735633204733,0.017333853257029613,-0.013305887356526824,-0.07977232467249451,0.5815,0.0,9.3439,0.6,0.3,1.0,0.0,0.0,0.0,-0.0616,-0.0135,0.0,0.0,0.0
33.0734,0.9965737786385747,0.016845861027938933,-0.013183891237821843,-0.07989434090153036,0.5815,0.0,9.6676,0.6,0.3,1.0,0.0,0.0,0.0,0.0539,-0.0135,0.0,0.0,0.0
33.0935,0.9965689327783408,0.016051789525556286,-0.013061828730551714,-0.08013794921433805,0.5815,0.0,9.3626,0.6,0.3,1.0,0.0,0.0,0.0,-0.05,-0.0135,0.0,0.0,0.0
33.1135,0.996575780020238,0.015868900956610855,-0.012755920385816874,-0.08013849982745203,0.5815,0.0,9.818,0.6,0.3,1.0,0.0,0.0,0.0,0.0385,-0.0135,0.0,0.0,0.0
33.1336,0.9965868387921463,0.015503075273078027,-0.01232905986207695,-0.080139389105928,0.5815,0.0,9.4047,0.6,0.3,1.0,0.0,0.0,0.0,-0.0308,-0.0135,0.0,0.0,0.0
33.1537,0.9966073194365369,0.015137384574787485,-0.011902302385487258,-0.08001903293392156,0.5815,0.0,9.7827,0.6,0.3,1.0,0.0,0.0,0.0,0.0154,-0.0135,0.0,0.0,0.0
33.1737,0.9966053119626773,0.014526339790975408,-0.011597271276052715,-0.080201876031683,0.5815,0.0,9.3617,0.6,0.3,1.0,0.0,0.0,0.0,-0.0077,-0.0135,0.0,0.0,0.0
33.1938,0.996613667337791,0.013915590431752096,-0.011229669484663408,-0.08025863780129734,0.5815,0.0,9.6749,0.6,0.3,1.0,0.0,0.0,0.0,-0.0077,-0.0135,0.0,0.0,0.0
33.2139,0.9966095868511009,0.013184364952452397,-0.010681295665742113,-0.08050722849644863,0.5815,0.0,9.3348,0.6,0.3,1.0,0.0,0.0,0.0,0.0192,-0.0135,0.0,0.0,0.0
33.2339,0.9966036200880308,0.013184286016846177,-0.010315223776074656,-0.08062874914140304,0.5815,0.0,9.8269,0.6,0.3,1.0,0.0,0.0,0.0,-0.0385,-0.0135,0.0,0.0,0.0
33.254,0.9966048132085227,0.013000297588869553,-0.009949227747051013,-0.08068984706543902,0.5815,0.0,9.5281,0.6,0.3,1.0,0.0,0.0,0.0,0.0462,-0.0135,0.0,0.0,0.0
33.2741,0.9966087762591567,0.012878346007318436,-0.009705260754855208,-0.08069016793279316,0.5815,0.0,9.8746,0.6,0.3,1.0,0.0,0.0,0.0,-0.0539,-0.0135,0.0,0.0,0.0
33.2942,0.9965978608595835,0.01275620301503022,-0.009460150558340064,-0.0808732870987397,0.5815,0.0,9.5244,0.6,0.3,1.0,0.0,0.0,0.0,0.0539,-0.0135,0.0,0.0,0.0
33.3142,0.9966003431651913,0.012695233665149587,-0.00927717075317784,-0.0808734885362723,0.5815,0.0,9.7644,0.6,0.3,1.0,0.0,0.0,0.0,-0.0577,-0.0135,0.0,0.0,0.0
33.3343,0.9966004674603036,0.012817237509245313,-0.009094168519082225,-0.08087349862274223,0.5815,0.0,9.5909,0.6,0.3,1.0,0.0,0.0,0.0,0.0577,-0.0135,0.0,0.0,0.0
33.3544,0.9966130269446881,0.012633620044909954,-0.009093726506918719,-0.08074757152338759,0.5815,0.0,9.5383,0.6,0.3,1.0,0.0,0.0,0.0,-0.0539,-0.0135,0.0,0.0,0.0
33.3745,0.996620042079293,0.012816704757200223,-0.00915478911228587,-0.08062514273689499,0.5815,0.0,9.5368,0.6,0.3,1.0,0.0,0.0,0.0,0.0462,-0.0135,0.0,0.0,0.0
33.3945,0.9966316000517867,0.01263385548792725,-0.009215894584196414,-0.08050407915589547,0.5815,0.0,9.6485,0.6,0.3,1.0,0.0,0.0,0.0,-0.0346,-0.0135,0.0,0.0,0.0
33.4146,0.9966391900325625,0.013183949600197167,-0.00921596476906986,-0.08032169294501201,0.5815,0.0,9.7757,0.6,0.3,1.0,0.0,0.0,0.0,0.0154,-0.0135,0.0,0.0,0.0
33.4347,0.996642139978434,0.013244988570646017,-0.009337991942068139,-0.08026093074130775,0.5815,0.0,9.3713,0.6,0.3,1.0,0.0,0.0,0.0,-0.0038,-0.0135,0.0,0.0,0.0
33.4547,0.9966240937877339,0.01373273948644294,-0.009520819387637311,-0.08038147514299443,0.5815,0.0,9.449,0.6,0.3,1.0,0.0,0.0,0.0,-0.0154,-0.0135,0.0,0.0,0.0
33.4748,0.9966058130482549,0.013794329603773327,-0.009766233355839515,-0.08056792510204452,0.5815,0.0,9.5575,0.6,0.3,1.0,0.0,0.0,0.0,0.0269,-0.0135,0.0,0.0,0.0
33.4949,0.9965937572656096,0.01422116777352414,-0.009888116654567658,-0.08062795120427046,0.5815,0.0,9.6579,0.6,0.3,1.0,0.0,0.0,0.0,-0.0462,-0.0135,0.0,0.0,0.0
33.5149,0.9965891135444391,0.014160101073257655,-0.009949071015384205,-0.080688575946258,0.5815,0.0,9.3831,0.6,0.3,1.0,0.0,0.0,0.0,0.0539,-0.0135,0.0,0.0,0.0
33.535,0.9965872936256537,0.014587077482954151,-0.010010053170931035,-0.0806274282729927,0.5815,0.0,9.6651,0.6,0.3,1.0,0.0,0.0,0.0,-0.0577,-0.0135,0.0,0.0,0.0
33.5551,0.996590269430425,0.014465120027565316,-0.009888082048570052,-0.08062766902609803,0.5815,0.0,9.2344,0.6,0.3,1.0,0.0,0.0,0.0,0.0577,-0.0135,0.0,0.0,0.0
33.5751,0.9965934086749828,0.014709168385742792,-0.009705111100933698,-0.08056692230374274,0.5815,0.0,9.6356,0.6,0.3,1.0,0.0,0.0,0.0,-0.0654,-0.0135,0.0,0.0,0.0
33.5952,0.9965938189158615,0.014465171546965467,-0.009521112913837414,-0.08062795619199331,0.5815,0.0,9.3681,0.6,0.3,1.0,0.0,0.0,0.0,0.05,-0.0135,0.0,0.0,0.0
33.6153,0.9965879647951407,0.014343085846479975,-0.009277055525189619,-0.08075048330915825,0.5815,0.0,9.7576,0.6,0.3,1.0,0.0,0.0,0.0,-0.0423,-0.0135,0.0,0.0,0.0
33.6354,0.996584371030015,0.014099033543804911,-0.00897202134584138,-0.08087219240758854,0.5815,0.0,9.4637,0.6,0.3,1.0,0.0,0.0,0.0,0.0231,-0.0135,0.0,0.0,0.0
33.6554,0.99658960647279,0.01391610621471725,-0.008667066151405174,-0.0808726172604637,0.5815,0.0,9.7226,0.6,0.3,1.0,0.0,0.0,0.0,-0.0115,-0.0135,0.0,0.0,0.0
33.6755,0.9965963782622727,0.013611196373733214,-0.00836212064338822,-0.08087316678690415,0.5815,0.0,9.4574,0.6,0.3,1.0,0.0,0.0,0.0,-0.0077,-0.0135,0.0,0.0,0.0
33.6956,0.9966028460685621,0.012939270652370933,-0.00805716853281958,-0.08093469292127176,0.5815,0.0,9.5034,0.6,0.3,1.0,0.0,0.0,0.0,0.0192,-0.0135,0.0,0.0,0.0
33.7156,0.9966028460685621,0.012939270652370933,-0.00805716853281958,-0.08093469292127176,0.5815,0.0,9.5034,0.6,0.3,1.0,0.0,0.0,0.0,-0.0385,-0.0135,0.0,0.0,0.0
33.7357,0.9965949092176472,0.012268158913448261,-0.007629098822195693,-0.08117805152567564,0.5815,0.0,9.433,0.6,0.3,1.0,0.0,0.0,0.0,0.05,-0.0135,0.0,0.0,0.0
33.7558,0.9965905399609482,0.01196310251394549,-0.007385063283916025,-0.08129969667150838,0.5815,0.0,9.7,0.6,0.3,1.0,0.0,0.0,0.0,-0.0539,-0.0135,0.0,0.0,0.0
33.7759,0.9965787518476965,0.011779961605533577,-0.007262976327758095,-0.08148173442632316,0.5815,0.0,9.4927,0.6,0.3,1.0,0.0,0.0,0.0,0.0577,-0.0135,0.0,0.0,0.0
33.796,0.9965583491611563,0.011474727675820225,-0.007140830530111739,-0.0817850590346238,0.5815,0.0,9.7315,0.6,0.3,1.0,0.0,0.0,0.0,-0.0654,-0.0135,0.0,0.0,0.0
33.816,0.9965398320846274,0.011353214547066018,-0.007080133796637662,-0.08203255020790745,0.5815,0.0,9.5437,0.6,0.3,1.0,0.0,0.0,0.0,0.0539,-0.0135,0.0,0.0,0.0
33.8361,0.9965378266857555,0.011047186533347056,-0.007141120578856821,-0.0820933861587333,0.5815,0.0,9.4361,0.6,0.3,1.0,0.0,0.0,0.0,-0.05,-0.0135,0.0,0.0,0.0
33.8562,0.996545768893836,0.011230279125756283,-0.007141177492166124,-0.08197203739432256,0.5815,0.0,9.7107,0.6,0.3,1.0,0.0,0.0,0.0,0.0308,-0.0135,0.0,0.0,0.0
33.8762,0.9965430490568505,0.010986243076602058,-0.007202159351691971,-0.08203281502063936,0.5815,0.0,9.3067,0.6,0.3,1.0,0.0,0.0,0.0,-0.0192,-0.0135,0.0,0.0,0.0
33.8963,0.9965342239284776,0.011292149845914305,-0.00726309638070099,-0.08209308936865012,0.5815,0.0,9.7235,0.6,0.3,1.0,0.0,0.0,0.0,0.0,-0.0135,0.0,0.0,0.0
33.9164,0.996516060525778,0.011413943424013374,-0.007506962789913123,-0.08227459218597334,0.5815,0.0,9.4717,0.6,0.3,1.0,0.0,0.0,0.0,0.0115,-0.0135,0.0,0.0,0.0
33.9364,0.9965047243617569,0.01184080660735455,-0.007689874403391307,-0.08233465525066679,0.5815,0.0,9.6664,0.6,0.3,1.0,0.0,0.0,0.0,-0.0308,-0.0135,0.0,0.0,0.0
33.9565,0.9965016061464118,0.012023765994198268,-0.007811847966290489,-0.08233439761296646,0.5815,0.0,9.3804,0.6,0.3,1.0,0.0,0.0,0.0,0.0423,-0.0135,0.0,0.0,0.0
33.9766,0.9965069425236959,0.012328826080308037,-0.007934888064501926,-0.08221284024385146,0.5815,0.0,9.7632,0.6,0.3,1.0,0.0,0.0,0.0,-0.05,-0.0135,0.0,0.0,0.0
33.9966,0.9965034310111534,0.012572778333926966,-0.007995859027923324,-0.08221255054048132,0.5815,0.0,9.4425,0.6,0.3,1.0,0.0,0.0,0.0,0.0539,-0.0135,0.0,0.0,0.0
34.0167,0.9964961224769188,0.012755681554443487,-0.007995800384864384,-0.0822729460561177,0.5815,0.0,9.7319,0.6,0.3,1.0,0.0,0.0,0.0,-0.0577,-0.0135,0.0,0.0,0.0
34.0368,0.9964867558512198,0.013062350726500443,-0.007996214699823725,-0.0823382107959838,0.5815,0.0,9.5869,0.6,0.3,1.0,0.0,0.0,0.0,0.0616,-0.0135,0.0,0.0,0.0
34.0569,0.9964820661149939,0.01300028787858511,-0.008057178418289245,-0.08239882464090603,0.5815,0.0,9.6931,0.6,0.3,1.0,0.0,0.0,0.0,-0.0577,-0.0135,0.0,0.0,0.0
34.0769,0.996459203926569,0.013244989418549069,-0.00799599361198326,-0.08264193397717867,0.5815,0.0,9.4071,0.6,0.3,1.0,0.0,0.0,0.0,0.05,-0.0135,0.0,0.0,0.0
34.097,0.9964463699898032,0.013183819663554548,-0.007811893144090421,-0.08282386708388234,0.5815,0.0,9.7202,0.6,0.3,1.0,0.0,0.0,0.0,-0.0423,-0.0135,0.0,0.0,0.0
34.1171,0.9964528102238193,0.013183904873242112,-0.007628944954335866,-0.08276340283138733,0.5815,0.0,9.4758,0.6,0.3,1.0,0.0,0.0,0.0,0.0231,-0.0135,0.0,0.0,0.0
34.1372,0.9964507475070143,0.013061878714586257,-0.007445930861185825,-0.08282423093979535,0.5815,0.0,9.8034,0.6,0.3,1.0,0.0,0.0,0.0,-0.0115,-0.0135,0.0,0.0,0.0
34.1572,0.9964373309897208,0.01299970425593237,-0.007323833382342203,-0.08300611160587956,0.5815,0.0,9.4425,0.6,0.3,1.0,0.0,0.0,0.0,-0.0077,-0.0135,0.0,0.0,0.0
34.1773,0.9964214722808283,0.012695286316631305,-0.007202162430277954,-0.08325387762364628,0.5815,0.0,9.5025,0.6,0.3,1.0,0.0,0.0,0.0,0.0192,-0.0135,0.0,0.0,0.0
34.1974,0.9964157274400371,0.012817215170427663,-0.0070801188582841415,-0.08331439864974943,0.5815,0.0,9.5606,0.6,0.3,1.0,0.0,0.0,0.0,-0.0308,-0.0135,0.0,0.0,0.0
34.2175,0.9964196673218371,0.012573260789339874,-0.00695814432293222,-0.08331472807939816,0.5815,0.0,9.3846,0.6,0.3,1.0,0.0,0.0,0.0,0.0423,-0.0135,0.0,0.0,0.0
34.2375,0.99642675911136,0.01287835877378048,-0.006836190447085208,-0.08319331765410559,0.5815,0.0,9.7817,0.6,0.3,1.0,0.0,0.0,0.0,-0.0539,-0.0135,0.0,0.0,0.0
34.2576,0.9964345800719208,0.012694676147575452,-0.006835825612038263,-0.08312787933422194,0.5815,0.0,9.425,0.6,0.3,1.0,0.0,0.0,0.0,0.0577,-0.0135,0.0,0.0,0.0
34.2777,0.9964377129916853,0.012877711968274617,-0.006774848469099275,-0.08306714206341081,0.5815,0.0,9.6385,0.6,0.3,1.0,0.0,0.0,0.0,-0.0577,-0.0135,0.0,0.0,0.0
34.2977,0.9964291083292032,0.012694606437026308,-0.006896786183235164,-0.08318842096121741,0.5815,0.0,9.344,0.6,0.3,1.0,0.0,0.0,0.0,0.0539,-0.0135,0.0,0.0,0.0
34.3178,0.9964254958407908,0.012878342446587867,-0.007019186646420267,-0.08319321218155706,0.5815,0.0,9.7913,0.6,0.3,1.0,0.0,0.0,0.0,-0.0539,-0.0135,0.0,0.0,0.0
34.3379,0.9964090125833476,0.012878129408046729,-0.007202072371234082,-0.0833748378060637,0.5815,0.0,9.4236,0.6,0.3,1.0,0.0,0.0,0.0,0.0462,-0.0135,0.0,0.0,0.0
34.358,0.996412410871149,0.012939174150377307,-0.007324098576193165,-0.08331412133784562,0.5815,0.0,9.8023,0.6,0.3,1.0,0.0,0.0,0.0,-0.0346,-0.0135,0.0,0.0,0.0
34.378,0.9964199328573767,0.01300027311061723,-0.007568158992396242,-0.0831927477188737,0.5815,0.0,9.4019,0.6,0.3,1.0,0.0,0.0,0.0,0.0154,-0.0135,0.0,0.0,0.0
34.3981,0.9964404250055348,0.012938745819347102,-0.007689848933517211,-0.08294537054466222,0.5815,0.0,9.7247,0.6,0.3,1.0,0.0,0.0,0.0,-0.0038,-0.0135,0.0,0.0,0.0
34.4182,0.9964320504047192,0.01312263191443824,-0.007811780882084241,-0.08300567171787626,0.5815,0.0,9.4657,0.6,0.3,1.0,0.0,0.0,0.0,-0.0077,-0.0135,0.0,0.0,0.0
34.4382,0.9964251190824523,0.01312334399946108,-0.007996209602963558,-0.08307117752733623,0.5815,0.0,9.6163,0.6,0.3,1.0,0.0,0.0,0.0,0.0154,-0.0135,0.0,0.0,0.0
34.4583,0.9964142357156143,0.013489206257300459,-0.008118124130533404,-0.08313127112235047,0.5815,0.0,9.5835,0.6,0.3,1.0,0.0,0.0,0.0,-0.0308,-0.0135,0.0,0.0,0.0
34.4784,0.99642042392109,0.013367287408511262,-0.008179175859520727,-0.08307078609543063,0.5815,0.0,9.5034,0.6,0.3,1.0,0.0,0.0,0.0,0.0423,-0.0135,0.0,0.0,0.0
34.4984,0.996427235475073,0.01361138570196399,-0.00817923177256362,-0.08294935051214503,0.5815,0.0,9.7062,0.6,0.3,1.0,0.0,0.0,0.0,-0.0539,-0.0135,0.0,0.0,0.0
34.5185,0.9964217298734762,0.013306303536732247,-0.008118185187974773,-0.08307089497165282,0.5815,0.0,9.3153,0.6,0.3,1.0,0.0,0.0,0.0,0.0577,-0.0135,0.0,0.0,0.0
34.5386,0.9964210843427278,0.013428297620284796,-0.007996177224590199,-0.08307084115426257,0.5815,0.0,9.6708,0.6,0.3,1.0,0.0,0.0,0.0,-0.0577,-0.0135,0.0,0.0,0.0
34.5586,0.9964296790962897,0.013306409691353794,-0.007751238653065025,-0.0830105558139107,0.5815,0.0,9.3429,0.6,0.3,1.0,0.0,0.0,0.0,0.0539,-0.0135,0.0,0.0,0.0
34.5787,0.9964416954340394,0.013366754453632662,-0.007445863220000655,-0.08288447741780469,0.5815,0.0,9.8307,0.6,0.3,1.0,0.0,0.0,0.0,-0.0539,-0.0135,0.0,0.0,0.0
34.5988,0.9964404174308924,0.013183740906216894,-0.007262857266524064,-0.08294536991413631,0.5815,0.0,9.467,0.6,0.3,1.0,0.0,0.0,0.0,0.0462,-0.0135,0.0,0.0,0.0
34.6188,0.9964301248496159,0.012877613901022975,-0.0071407859036500265,-0.08312750765585025,0.5815,0.0,9.8058,0.6,0.3,1.0,0.0,0.0,0.0,-0.0346,-0.0135,0.0,0.0,0.0
34.6389,0.9964297882753537,0.01257338849997443,-0.006958214999031421,-0.08319357056401594,0.5815,0.0,9.4203,0.6,0.3,1.0,0.0,0.0,0.0,0.0154,-0.0135,0.0,0.0,0.0
34.659,0.9964435112094159,0.012450793968717698,-0.006713888900969447,-0.08306762542666535,0.5815,0.0,9.625,0.6,0.3,1.0,0.0,0.0,0.0,-0.0038,-0.0135,0.0,0.0,0.0
34.6791,0.9964610553913247,0.012756013510398552,-0.0065310069172477975,-0.08282508772332708,0.5815,0.0,9.5161,0.6,0.3,1.0,0.0,0.0,0.0,-0.0154,-0.0135,0.0,0.0,0.0
34.6991,0.9964676481168468,0.012695097437773088,-0.006409049190916714,-0.08276463523748334,0.5815,0.0,9.467,0.6,0.3,1.0,0.0,0.0,0.0,0.0308,-0.0135,0.0,0.0,0.0
34.7192,0.9964741854750044,0.013000185066309797,-0.006348090369302659,-0.08264317648076719,0.5815,0.0,9.6729,0.6,0.3,1.0,0.0,0.0,0.0,-0.0462,-0.0135,0.0,0.0,0.0
34.7393,0.9964819507571411,0.012756280998593113,-0.006409141182187458,-0.0825828191552852,0.5815,0.0,9.3897,0.6,0.3,1.0,0.0,0.0,0.0,0.0539,-0.0135,0.0,0.0,0.0
34.7593,0.9964981819072709,0.013061700909537056,-0.006469851851531519,-0.08233411469052543,0.5815,0.0,9.8266,0.6,0.3,1.0,0.0,0.0,0.0,0.0577,-0.0135,0.0,0.0,0.0
34.7794,0.9965131906985278,0.012999898124656541,-0.006591948341364299,-0.08215235620268535,0.5815,0.0,9.4656,0.6,0.3,1.0,0.0,0.0,0.0,-0.0577,-0.0135,0.0,0.0,0.0
34.7995,0.9965610575068671,0.013488716537836457,-0.00671385890985499,-0.08148028771117144,0.5815,0.0,9.6327,0.6,0.3,1.0,0.0,0.0,0.0,0.0462,-0.0135,0.0,0.0,0.0
34.8196,0.9965956346033547,0.0134281837133862,-0.0068360935258197815,-0.08105610894314245,0.5815,0.0,9.2663,0.6,0.3,1.0,0.0,0.0,0.0,-0.0346,-0.0135,0.0,0.0,0.0
34.8396,0.9966156726736102,0.013732623449747496,-0.006957809216001094,-0.08074778588561193,0.5815,0.0,9.7181,0.6,0.3,1.0,0.0,0.0,0.0,0.0154,-0.0135,0.0,0.0,0.0
34.8597,0.9966127860624486,0.013488591071423138,-0.007140783515533589,-0.08080855015737082,0.5815,0.0,9.3942,0.6,0.3,1.0,0.0,0.0,0.0,-0.0038,-0.0135,0.0,0.0,0.0
34.8798,0.9966143870540829,0.013732605734865667,-0.007140794986723634,-0.0807476817221584,0.5815,0.0,9.6337,0.6,0.3,1.0,0.0,0.0,0.0,-0.0154,-0.0135,0.0,0.0,0.0
34.8998,0.9966255429798272,0.013671760523698255,-0.007079875987988853,-0.08062558775191775,0.5815,0.0,9.2971,0.6,0.3,1.0,0.0,0.0,0.0,0.0269,-0.0135,0.0,0.0,0.0
34.9199,0.9966459732555113,0.013672040787272225,-0.006958020757595092,-0.08038323980422057,0.5815,0.0,9.7967,0.6,0.3,1.0,0.0,0.0,0.0,-0.0385,-0.0135,0.0,0.0,0.0
34.94,0.9966529345653703,0.01355013506677995,-0.006897068749489392,-0.08032280065194825,0.5815,0.0,9.3525,0.6,0.3,1.0,0.0,0.0,0.0,0.0423,-0.0135,0.0,0.0,0.0
34.96,0.9966529345653703,0.01355013506677995,-0.006897068749489392,-0.08032280065194825,0.5815,0.0,9.3525,0.6,0.3,1.0,0.0,0.0,0.0,0.0423,-0.0135,0.0,0.0,0.0
34.9801,0.9966643398908639,0.013184282292778005,-0.006653142452506979,-0.08026271853008604,0.5815,0.0,9.4276,0.6,0.3,1.0,0.0,0.0,0.0,0.0539,-0.0135,0.0,0.0,0.0
35.0002,0.9966780947608493,0.012999662118232736,-0.006469831838843521,-0.08013691711485016,0.5815,0.0,9.696,0.6,0.3,1.0,0.0,0.0,0.0,-0.0577,-0.0135,0.0,0.0,0.0
35.0202,0.9966926684162951,0.013061851497389042,-0.006347927829231787,-0.07995509097574938,0.5815,0.0,9.699,0.6,0.3,1.0,0.0,0.0,0.0,0.0577,-0.0135,0.0,0.0,0.0
35.0403,0.9966921265721049,0.01275584804169921,-0.006286925104904587,-0.08001604678211381,0.5815,0.0,9.5021,0.6,0.3,1.0,0.0,0.0,0.0,-0.0539,-0.0135,0.0,0.0,0.0
35.0604,0.9966925069473218,0.012755852909810773,-0.0062259282076263574,-0.08001607731924804,0.5815,0.0,9.756,0.6,0.3,1.0,0.0,0.0,0.0,0.0423,-0.0135,0.0,0.0,0.0
35.0805,0.996691091204705,0.012450838741080382,-0.006286918574023961,-0.08007696287111349,0.5815,0.0,9.3226,0.6,0.3,1.0,0.0,0.0,0.0,-0.0385,-0.0135,0.0,0.0,0.0
35.1005,0.996691091204705,0.012450838741080382,-0.006286918574023961,-0.08007696287111349,0.5815,0.0,9.3226,0.6,0.3,1.0,0.0,0.0,0.0,0.0231,-0.0135,0.0,0.0,0.0
35.1206,0.9966876495584385,0.012694791744735024,-0.006347895864165254,-0.08007668635958176,0.5815,0.0,9.6641,0.6,0.3,1.0,0.0,0.0,0.0,-0.0115,-0.0135,0.0,0.0,0.0
35.1407,0.9966665664002773,0.012695300183166409,-0.006531154430583679,-0.0803238992762735,0.5815,0.0,9.6931,0.6,0.3,1.0,0.0,0.0,0.0,-0.0077,-0.0135,0.0,0.0,0.0
35.1607,0.9966614528946761,0.013000240695646075,-0.0067141243100436706,-0.08032348716582188,0.5815,0.0,9.4702,0.6,0.3,1.0,0.0,0.0,0.0,0.0154,-0.0135,0.0,0.0,0.0
35.1808,0.9966610001278109,0.012939233688144848,-0.00689712456504637,-0.08032345067618601,0.5815,0.0,9.467,0.6,0.3,1.0,0.0,0.0,0.0,-0.0308,-0.0135,0.0,0.0,0.0
35.2009,0.9966609852550985,0.0131842379162882,-0.007141128865307494,-0.08026244837676022,0.5815,0.0,9.6646,0.6,0.3,1.0,0.0,0.0,0.0,0.0423,-0.0135,0.0,0.0,0.0
35.2209,0.9966518531168395,0.013000115478179164,-0.007385065600488699,-0.08038371403711349,0.5815,0.0,9.3846,0.6,0.3,1.0,0.0,0.0,0.0,-0.0539,-0.0135,0.0,0.0,0.0
35.2411,0.9966456673009542,0.013367035773904858,-0.007568020254126724,-0.08038321512783687,0.5815,0.0,9.788,0.6,0.3,1.0,0.0,0.0,0.0,0.0577,-0.0135,0.0,0.0,0.0
35.2611,0.9966483408943023,0.013428071959095378,-0.007751041536710471,-0.08032243043628667,0.5815,0.0,9.4656,0.6,0.3,1.0,0.0,0.0,0.0,-0.0616,-0.0135,0.0,0.0,0.0
35.2812,0.9966500120903752,0.01391609790892994,-0.007935055828352905,-0.08020056426388195,0.5815,0.0,9.7493,0.6,0.3,1.0,0.0,0.0,0.0,0.0539,-0.0135,0.0,0.0,0.0
35.3013,0.9966515612801606,0.013733117968079293,-0.00805706921057415,-0.08020068892739801,0.5815,0.0,9.1875,0.6,0.3,1.0,0.0,0.0,0.0,-0.05,-0.0135,0.0,0.0,0.0
35.3214,0.996645993344028,0.01409904234531066,-0.008118024381816576,-0.0802002408748077,0.5815,0.0,9.5897,0.6,0.3,1.0,0.0,0.0,0.0,0.0385,-0.0135,0.0,0.0,0.0
35.3414,0.996649512921036,0.014160092533597157,-0.008179053448608128,-0.08013952369702992,0.5815,0.0,9.3857,0.6,0.3,1.0,0.0,0.0,0.0,-0.0269,-0.0135,0.0,0.0,0.0
35.3615,0.9966548991318797,0.01446517270069889,-0.008179097650813422,-0.08001795533991168,0.5815,0.0,9.7469,0.6,0.3,1.0,0.0,0.0,0.0,0.0077,-0.0135,0.0,0.0,0.0
35.3816,0.9966543832663365,0.014160161729978867,-0.008179093417337366,-0.08007891461957962,0.5815,0.0,9.3504,0.6,0.3,1.0,0.0,0.0,0.0,0.0038,-0.0135,0.0,0.0,0.0
35.4016,0.9966543832663365,0.014160161729978867,-0.008179093417337366,-0.08007891461957962,0.5815,0.0,9.678,0.6,0.3,1.0,0.0,0.0,0.0,-0.0231,-0.0135,0.0,0.0,0.0
35.4217,0.9966613168762755,0.013977256877316858,-0.008240151439442718,-0.08001847059828748,0.5815,0.0,9.3689,0.6,0.3,1.0,0.0,0.0,0.0,0.0385,-0.0135,0.0,0.0,0.0
35.4418,0.9966685400991089,0.01373335192358855,-0.008362214285665725,-0.07995804896253156,0.5815,0.0,9.7978,0.6,0.3,1.0,0.0,0.0,0.0,-0.05,-0.0135,0.0,0.0,0.0
35.4618,0.9966745518649132,0.013611430898961146,-0.008423266656524113,-0.07989752932719851,0.5815,0.0,9.4667,0.6,0.3,1.0,0.0,0.0,0.0,0.0539,-0.0135,0.0,0.0,0.0
35.4819,0.9966914636936101,0.013427831105802522,-0.008483893290261288,-0.07971099740138,0.5815,0.0,9.5794,0.6,0.3,1.0,0.0,0.0,0.0,-0.0616,-0.0135,0.0,0.0,0.0
35.502,0.9967002934603985,0.013732948929764158,-0.00866696776918852,-0.07952870424781283,0.5815,0.0,9.7041,0.6,0.3,1.0,0.0,0.0,0.0,0.0539,-0.0135,0.0,0.0,0.0
35.522,0.9966981560434448,0.013732919479549225,-0.008910947752294701,-0.07952853369905118,0.5815,0.0,9.606,0.6,0.3,1.0,0.0,0.0,0.0,-0.0616,-0.0135,0.0,0.0,0.0
35.5421,0.9967019559931338,0.014037971211344204,-0.009093981350332254,-0.079406837154809,0.5815,0.0,9.8137,0.6,0.3,1.0,0.0,0.0,0.0,0.05,-0.0135,0.0,0.0,0.0
35.5622,0.9967226688572043,0.01385525951236934,-0.009216172621147297,-0.0791644827699526,0.5815,0.0,9.3504,0.6,0.3,1.0,0.0,0.0,0.0,-0.0423,-0.0135,0.0,0.0,0.0
35.5823,0.9967488512973242,0.014037772568771813,-0.009276849702272123,-0.07879472341707833,0.5815,0.0,9.7062,0.6,0.3,1.0,0.0,0.0,0.0,0.0308,-0.0135,0.0,0.0,0.0
35.6023,0.9967511001646023,0.013793807643396916,-0.009398868931440305,-0.0787949011939324,0.5815,0.0,9.3344,0.6,0.3,1.0,0.0,0.0,0.0,-0.0192,-0.0135,0.0,0.0,0.0
35.6224,0.9967468604471901,0.01409874342040996,-0.009398828953006111,-0.07879456603692614,0.5815,0.0,9.817,0.6,0.3,1.0,0.0,0.0,0.0,0.0,-0.0135,0.0,0.0,0.0
35.6425,0.9967420678821459,0.014098675630735809,-0.009398783761492717,-0.07885518577295786,0.5815,0.0,9.5318,0.6,0.3,1.0,0.0,0.0,0.0,0.0115,-0.0135,0.0,0.0,0.0
35.6625,0.9967499275147309,0.014220784958527825,-0.009398857873933127,-0.07873380941633429,0.5815,0.0,9.799,0.6,0.3,1.0,0.0,0.0,0.0,-0.0308,-0.0135,0.0,0.0,0.0
35.6826,0.9967552823880725,0.014220861357331749,-0.009337908962433292,-0.07867323299533907,0.5815,0.0,9.3742,0.6,0.3,1.0,0.0,0.0,0.0,0.0423,-0.0135,0.0,0.0,0.0
35.7027,0.9967609268255325,0.014159942136661644,-0.009337961841253278,-0.07861267875631223,0.5815,0.0,9.656,0.6,0.3,1.0,0.0,0.0,0.0,-0.0539,-0.0135,0.0,0.0,0.0
35.7227,0.9967588931899509,0.014342912125750272,-0.00927694316325631,-0.07861251836725963,0.5815,0.0,9.3909,0.6,0.3,1.0,0.0,0.0,0.0,0.0539,-0.0135,0.0,0.0,0.0
35.7428,0.9967684454935763,0.014343049579102762,-0.009277032067582534,-0.07849127131794986,0.5815,0.0,9.3485,0.6,0.3,1.0,0.0,0.0,0.0,-0.0577,-0.0135,0.0,0.0,0.0
35.7629,0.9967592643836055,0.014647915712019437,-0.009276946617995923,-0.07855154799362035,0.5815,0.0,9.5834,0.6,0.3,1.0,0.0,0.0,0.0,0.0577,-0.0135,0.0,0.0,0.0
35.7829,0.9967592643836055,0.014647915712019437,-0.009276946617995923,-0.07855154799362035,0.5815,0.0,9.5834,0.6,0.3,1.0,0.0,0.0,0.0,-0.0539,-0.0135,0.0,0.0,0.0
35.803,0.9967443538516279,0.014647696593699263,-0.009337806580554595,-0.07873336914970726,0.5815,0.0,9.6873,0.6,0.3,1.0,0.0,0.0,0.0,0.0385,-0.0135,0.0,0.0,0.0
35.8231,0.9967369527335704,0.014708586113836351,-0.009520732095304633,-0.07879378281500099,0.5815,0.0,9.315,0.6,0.3,1.0,0.0,0.0,0.0,-0.0308,-0.0135,0.0,0.0,0.0
35.8432,0.9967399785742619,0.014708630765374809,-0.00970475637894911,-0.07873302354421008,0.5815,0.0,9.7645,0.6,0.3,1.0,0.0,0.0,0.0,0.0115,-0.0135,0.0,0.0,0.0
35.8632,0.9967335692585801,0.014954443640933329,-0.009949295157392377,-0.07873733583448483,0.5815,0.0,9.4588,0.6,0.3,1.0,0.0,0.0,0.0,0.0038,-0.0135,0.0,0.0,0.0
35.8833,0.9967224451359911,0.014893275611826899,-0.010193188633005543,-0.07885845933806707,0.5815,0.0,9.6873,0.6,0.3,1.0,0.0,0.0,0.0,-0.0192,-0.0135,0.0,0.0,0.0
35.9034,0.9967108518559884,0.01513710405952429,-0.010498072168652041,-0.0789185425229264,0.5815,0.0,9.6912,0.6,0.3,1.0,0.0,0.0,0.0,0.0231,-0.0135,0.0,0.0,0.0
35.9234,0.9967006758981553,0.014953950126999608,-0.010802963970976107,-0.0790407363908101,0.5815,0.0,9.4549,0.6,0.3,1.0,0.0,0.0,0.0,-0.0385,-0.0135,0.0,0.0,0.0
35.9435,0.9966835488708761,0.015319685652612833,-0.010985774580914135,-0.07916137567348487,0.5815,0.0,9.7324,0.6,0.3,1.0,0.0,0.0,0.0,0.0539,-0.0135,0.0,0.0,0.0
35.9636,0.9966687648016499,0.015137391315448535,-0.01123029031330429,-0.07934805121989691,0.5815,0.0,9.2524,0.6,0.3,1.0,0.0,0.0,0.0,-0.0577,-0.0135,0.0,0.0,0.0
35.9836,0.996655876795885,0.015259197148857125,-0.01135314668267743,-0.07946902673998163,0.5815,0.0,9.737,0.6,0.3,1.0,0.0,0.0,0.0,0.0616,-0.0135,0.0,0.0,0.0
36.0037,0.996634178635581,0.014953867640987276,-0.011535897893970118,-0.07977229392299567,0.5815,0.0,9.4082,0.6,0.3,1.0,0.0,0.0,0.0,-0.0577,-0.0135,0.0,0.0,0.0
36.0238,0.9966122176956995,0.014954453425228924,-0.01171935533571337,-0.08001942622218422,0.5815,0.0,9.7883,0.6,0.3,1.0,0.0,0.0,0.0,0.0462,-0.0135,0.0,0.0,0.0
36.0438,0.9965968926373476,0.014954223468313594,-0.01178017603696229,-0.08020119848594015,0.5815,0.0,9.4525,0.6,0.3,1.0,0.0,0.0,0.0,-0.0462,-0.0135,0.0,0.0,0.0
36.0639,0.9965880412069549,0.014893090280273157,-0.011780071409495585,-0.08032248690606986,0.5815,0.0,9.7939,0.6,0.3,1.0,0.0,0.0,0.0,0.0269,-0.0135,0.0,0.0,0.0
36.084,0.9965619557281128,0.014953699229926088,-0.011840761841751691,-0.08062537834768285,0.5815,0.0,9.4135,0.6,0.3,1.0,0.0,0.0,0.0,-0.0115,-0.0135,0.0,0.0,0.0
36.1041,0.9965330694313881,0.014832179638769627,-0.011902144151876758,-0.08099498096430063,0.5815,0.0,9.5803,0.6,0.3,1.0,0.0,0.0,0.0,-0.0038,-0.0135,0.0,0.0,0.0
36.1241,0.9964932356836901,0.015136578264325606,-0.011962666695919083,-0.08141873150952343,0.5815,0.0,9.4929,0.6,0.3,1.0,0.0,0.0,0.0,0.0192,-0.0135,0.0,0.0,0.0
36.1442,0.9964566107090678,0.015136948514042875,-0.012084958894907051,-0.08184772160780751,0.5815,0.0,9.2681,0.6,0.3,1.0,0.0,0.0,0.0,-0.0308,-0.0135,0.0,0.0,0.0
36.1643,0.9964222995731908,0.015625365371534,-0.012207285445780192,-0.08215492104752853,0.5815,0.0,9.6992,0.6,0.3,1.0,0.0,0.0,0.0,0.0385,-0.0135,0.0,0.0,0.0
36.1844,0.996383023688758,0.015746747511816924,-0.012389801338122288,-0.08257967589212895,0.5815,0.0,9.4198,0.6,0.3,1.0,0.0,0.0,0.0,-0.05,-0.0135,0.0,0.0,0.0
36.2045,0.9963646625206339,0.01605242955982931,-0.012634338092379979,-0.0827052131750912,0.5815,0.0,9.8861,0.6,0.3,1.0,0.0,0.0,0.0,0.0577,-0.0135,0.0,0.0,0.0
36.2246,0.9963478019181224,0.015869156118344066,-0.013000127893280785,-0.0828868154278824,0.5815,0.0,9.4943,0.6,0.3,1.0,0.0,0.0,0.0,-0.0654,-0.0135,0.0,0.0,0.0
36.2447,0.9963260715131791,0.015929809280791206,-0.013427839235559588,-0.0830680054705616,0.5815,0.0,9.8546,0.6,0.3,1.0,0.0,0.0,0.0,0.0577,-0.0135,0.0,0.0,0.0
36.2648,0.9962768804766698,0.015868998096196418,-0.01409899830854327,-0.08355698997566857,0.5815,0.0,9.4985,0.6,0.3,1.0,0.0,0.0,0.0,-0.0539,-0.0135,0.0,0.0,0.0
36.2853,0.9962344785451627,0.015808293218380284,-0.01495427737776181,-0.0839245566653674,0.5815,0.0,9.8166,0.6,0.3,1.0,0.0,0.0,0.0,0.0385,-0.0135,0.0,0.0,0.0
36.3053,0.9961782839416625,0.016052375196461965,-0.015991373770659307,-0.08435297160458283,0.5815,0.0,9.4243,0.6,0.3,1.0,0.0,0.0,0.0,-0.0308,-0.0135,0.0,0.0,0.0
36.3254,0.9961219096260765,0.016357458307904416,-0.016907473718392112,-0.08478037540059435,0.5815,0.0,9.6933,0.6,0.3,1.0,0.0,0.0,0.0,0.0154,-0.0135,0.0,0.0,0.0
36.3455,0.9960633743220453,0.017273526745263154,-0.01788354534739425,-0.08508559463134525,0.5815,0.0,9.5225,0.6,0.3,1.0,0.0,0.0,0.0,-0.0038,-0.0135,0.0,0.0,0.0
36.3656,0.9960101182187097,0.017943587774016057,-0.018737569533521663,-0.08538603838874731,0.5815,0.0,9.5862,0.6,0.3,1.0,0.0,0.0,0.0,-0.0154,-0.0135,0.0,0.0,0.0
36.3857,0.9959534953469996,0.019042646190749257,-0.01953063712395755,-0.08563040900101032,0.5815,0.0,9.6772,0.6,0.3,1.0,0.0,0.0,0.0,0.0269,-0.0135,0.0,0.0,0.0
36.4058,0.9958929604372976,0.01977464180297995,-0.020263632945415198,-0.0859974422459911,0.5815,0.0,9.3029,0.6,0.3,1.0,0.0,0.0,0.0,-0.0423,-0.0135,0.0,0.0,0.0
36.4259,0.9958237682686564,0.0209344485501876,-0.020934448550187598,-0.0863627250555028,0.5815,0.0,9.6381,0.6,0.3,1.0,0.0,0.0,0.0,0.05,-0.0135,0.0,0.0,0.0
36.446,0.9957711744051881,0.021605613231516416,-0.021483615415435454,-0.08666844852242551,0.5815,0.0,9.2157,0.6,0.3,1.0,0.0,0.0,0.0,-0.0616,-0.0135,0.0,0.0,0.0
36.4661,0.9957150496141431,0.022338709460144084,-0.02185071580704634,-0.08703486801437389,0.5815,0.0,9.6055,0.6,0.3,1.0,0.0,0.0,0.0,0.0577,-0.0135,0.0,0.0,0.0
36.4861,0.995658639691621,0.022643809865323522,-0.021911816011701505,-0.08758426457579756,0.5815,0.0,9.1965,0.6,0.3,1.0,0.0,0.0,0.0,-0.0616,-0.0135,0.0,0.0,0.0
36.5062,0.9956243058168811,0.023071447370695473,-0.021790422530772582,-0.08789270429794094,0.5815,0.0,9.5759,0.6,0.3,1.0,0.0,0.0,0.0,0.05,-0.0135,0.0,0.0,0.0
36.5263,0.9955982875615808,0.0234988415681014,-0.02154485474210582,-0.08813440578767684,0.5815,0.0,9.3275,0.6,0.3,1.0,0.0,0.0,0.0,-0.0462,-0.0135,0.0,0.0,0.0
36.5464,0.9955960484898174,0.02362078762298098,-0.020751813418233823,-0.08831720593058856,0.5815,0.0,9.6831,0.6,0.3,1.0,0.0,0.0,0.0,0.0269,-0.0135,0.0,0.0,0.0
36.5665,0.9955844772017527,0.02319252191355031,-0.01995758859788026,-0.0887431706643393,0.5815,0.0,9.2072,0.6,0.3,1.0,0.0,0.0,0.0,-0.0192,-0.0135,0.0,0.0,0.0
36.5866,0.9955366007609463,0.023009828981450722,-0.018981858918987283,-0.08953833451412939,0.5815,0.0,9.7318,0.6,0.3,1.0,0.0,0.0,0.0,0.0077,-0.0135,0.0,0.0,0.0
36.6067,0.9954644377725785,0.02276557549484072,-0.018126661995738275,-0.09057431107883211,0.5815,0.0,9.4621,0.6,0.3,1.0,0.0,0.0,0.0,0.0,-0.0135,0.0,0.0,0.0
36.6268,0.9953786128677615,0.02252239852576876,-0.017273305644951765,-0.09173762326436019,0.5815,0.0,9.6738,0.6,0.3,1.0,0.0,0.0,0.0,-0.0154,-0.0135,0.0,0.0,0.0
36.6469,0.9953102524202381,0.022095227596930736,-0.016541170386097814,-0.09271295501093652,0.5815,0.0,9.3903,0.6,0.3,1.0,0.0,0.0,0.0,0.0231,-0.0135,0.0,0.0,0.0
36.667,0.9952244765533454,0.021422687375798503,-0.015319776436411001,-0.09399262835274248,0.5815,0.0,9.7545,0.6,0.3,1.0,0.0,0.0,0.0,-0.0385,-0.0135,0.0,0.0,0.0
36.6871,0.9951606322812874,0.020812636774195606,-0.014647744364984243,-0.09490834364286269,0.5815,0.0,9.5488,0.6,0.3,1.0,0.0,0.0,0.0,0.0423,-0.0135,0.0,0.0,0.0
36.7071,0.9951606322812874,0.020812636774195606,-0.014647744364984243,-0.09490834364286269,0.5815,0.0,9.5488,0.6,0.3,1.0,0.0,0.0,0.0,-0.0577,-0.0135,0.0,0.0,0.0
36.7272,0.9950850127902195,0.020508597950569436,-0.014221414640874189,-0.09582779396398067,0.5815,0.0,9.7777,0.6,0.3,1.0,0.0,0.0,0.0,0.0539,-0.0135,0.0,0.0,0.0
36.7474,0.994993872315379,0.020019977310191395,-0.014281983813394275,-0.09686289021963385,0.5815,0.0,9.3791,0.6,0.3,1.0,0.0,0.0,0.0,-0.0616,-0.0135,0.0,0.0,0.0
36.7674,0.9949033539933921,0.01977439088946537,-0.014708546932649606,-0.09777498823717547,0.5815,0.0,9.6455,0.6,0.3,1.0,0.0,0.0,0.0,0.0539,-0.0135,0.0,0.0,0.0
36.7875,0.9948308071771232,0.01971437269824832,-0.015564294241429275,-0.09839086006938985,0.5815,0.0,9.3483,0.6,0.3,1.0,0.0,0.0,0.0,-0.0539,-0.0135,0.0,0.0,0.0
36.8076,0.9947678822395596,0.019653333537391838,-0.01654128072263768,-0.09887867807340828,0.5815,0.0,9.608,0.6,0.3,1.0,0.0,0.0,0.0,0.0423,-0.0135,0.0,0.0,0.0
36.8277,0.9946835921699682,0.01989687182278485,-0.01763888636890495,-0.09948635910104009,0.5815,0.0,9.4197,0.6,0.3,1.0,0.0,0.0,0.0,-0.0385,-0.0135,0.0,0.0,0.0
36.8479,0.9945668266102529,0.020141976236500388,-0.01904297753309884,-0.10034188161666774,0.5815,0.0,9.6955,0.6,0.3,1.0,0.0,0.0,0.0,0.0231,-0.0135,0.0,0.0,0.0
36.868,0.9943984811162895,0.020874282993831796,-0.020813282166840138,-0.10150237607343687,0.5815,0.0,9.5351,0.6,0.3,1.0,0.0,0.0,0.0,-0.0115,-0.0135,0.0,0.0,0.0
36.8881,0.9942445827710025,0.021239606560895956,-0.022643580553904332,-0.102537100619007,0.5815,0.0,9.5937,0.6,0.3,1.0,0.0,0.0,0.0,-0.0077,-0.0135,0.0,0.0,0.0
36.9082,0.9940648789338804,0.021850667621905906,-0.024840622140669285,-0.10363642355036767,0.5815,0.0,9.818,0.6,0.3,1.0,0.0,0.0,0.0,0.0192,-0.0135,0.0,0.0,0.0
36.9283,0.9938854980103182,0.021728770400792647,-0.026916715581855384,-0.10485689201925148,0.5815,0.0,9.3831,0.6,0.3,1.0,0.0,0.0,0.0,-0.0385,-0.0135,0.0,0.0,0.0
36.9484,0.993697879069074,0.021850667502124194,-0.029113556983975265,-0.10601638676674763,0.5815,0.0,9.6152,0.6,0.3,1.0,0.0,0.0,0.0,0.0462,-0.0135,0.0,0.0,0.0
36.9685,0.9932906182643114,0.022339103864754427,-0.03411915863563972,-0.10821550314357842,0.5815,0.0,9.6568,0.6,0.3,1.0,0.0,0.0,0.0,-0.0539,-0.0135,0.0,0.0,0.0
36.9885,0.9930367890044633,0.02300987925484794,-0.03686480655062882,-0.1094964254136499,0.5815,0.0,9.2546,0.6,0.3,1.0,0.0,0.0,0.0,0.0577,-0.0135,0.0,0.0,0.0
37.0086,0.9926782162027511,0.024109053824643824,-0.03967308857211389,-0.11151124895432651,0.5815,0.0,9.6183,0.6,0.3,1.0,0.0,0.0,0.0,-0.0616,-0.0135,0.0,0.0,0.0
37.0287,0.9926782162027511,0.024109053824643824,-0.03967308857211389,-0.11151124895432651,0.5815,0.0,9.6183,0.6,0.3,1.0,0.0,0.0,0.0,0.0539,-0.0135,0.0,0.0,0.0
37.0488,0.9920463162439692,0.026610498829782593,-0.04406617007748785,-0.11486583666827493,0.5815,0.0,9.4778,0.6,0.3,1.0,0.0,0.0,0.0,-0.05,-0.0135,0.0,0.0,0.0
37.0689,0.9916024233788773,0.029114746463716524,-0.04736421435601447,-0.11676299364922517,0.5815,0.0,9.6611,0.6,0.3,1.0,0.0,0.0,0.0,0.0346,-0.0135,0.0,0.0,0.0
37.089,0.9912388616904081,0.031128874968799805,-0.05041641710203168,-0.11804531801166357,0.5815,0.0,9.3025,0.6,0.3,1.0,0.0,0.0,0.0,-0.0192,-0.0135,0.0,0.0,0.0
37.1091,0.99088180622661,0.03295819527929274,-0.05346569455984539,-0.11919908958652425,0.5815,0.0,9.5838,0.6,0.3,1.0,0.0,0.0,0.0,0.0077,-0.0135,0.0,0.0,0.0
37.1292,0.9905672219453385,0.034058935979379285,-0.056459551574484554,-0.12012030104630628,0.5815,0.0,9.4075,0.6,0.3,1.0,0.0,0.0,0.0,0.0077,-0.0135,0.0,0.0,0.0
37.1493,0.9902065106125193,0.03472803590571742,-0.05969034292044354,-0.12133463159687702,0.5815,0.0,9.5503,0.6,0.3,1.0,0.0,0.0,0.0,-0.0231,-0.0135,0.0,0.0,0.0
37.1694,0.9898233606191884,0.03509558008877531,-0.06274503710186971,-0.12280502982310515,0.5815,0.0,9.3796,0.6,0.3,1.0,0.0,0.0,0.0,0.0346,-0.0135,0.0,0.0,0.0
37.1895,0.9894230071747592,0.035033362912352047,-0.06555080794743678,-0.1245707346600567,0.5815,0.0,9.5518,0.6,0.3,1.0,0.0,0.0,0.0,-0.0462,-0.0135,0.0,0.0,0.0
37.2095,0.9890210472619423,0.03485124833230467,-0.06781048318308164,-0.126587902001132,0.5815,0.0,9.4721,0.6,0.3,1.0,0.0,0.0,0.0,0.0539,-0.0135,0.0,0.0,0.0
37.2296,0.9886087722301622,0.033875780315821544,-0.06945959997568506,-0.12915297499006195,0.5815,0.0,9.9484,0.6,0.3,1.0,0.0,0.0,0.0,-0.0654,-0.0135,0.0,0.0,0.0
37.2497,0.9882316229821386,0.033081389083273106,-0.07061883057593722,-0.13159354772365014,0.5815,0.0,10.404,0.6,0.3,1.0,0.0,0.0,0.0,0.0577,-0.0135,0.0,0.0,0.0
37.2698,0.987852416464955,0.03155494941717264,-0.07110588601671611,-0.13452078436214476,0.5815,0.0,10.5002,0.6,0.3,1.0,0.0,0.0,0.0,-0.0577,-0.0135,0.0,0.0,0.0
37.2899,0.987488016167154,0.030334000496628277,-0.07074000115815532,-0.13763400225334393,0.5815,0.0,10.5553,0.6,0.3,1.0,0.0,0.0,0.0,0.05,-0.0135,0.0,0.0,0.0
37.31,0.9870226404695106,0.02850365382097516,-0.06891058068096607,-0.142215262154458,0.5815,0.0,10.0931,0.6,0.3,1.0,0.0,0.0,0.0,-0.0346,-0.0135,0.0,0.0,0.0
37.3301,0.9868155476961579,0.02752698738309083,-0.06664996945119347,-0.14489693358694047,0.5815,0.0,10.108,0.6,0.3,1.0,0.0,0.0,0.0,0.0192,-0.0135,0.0,0.0,0.0
37.3502,0.9866472260681892,0.026123376662425965,-0.06402692317836711,-0.1474631262113078,0.5815,0.0,9.4522,0.6,0.3,1.0,0.0,0.0,0.0,-0.0154,-0.0135,0.0,0.0,0.0
37.3703,0.9865221849446374,0.025146285102363646,-0.06103569200758626,-0.14972069749625308,0.5815,0.0,9.6006,0.6,0.3,1.0,0.0,0.0,0.0,0.0,-0.0135,0.0,0.0,0.0
37.3904,0.9864526422504805,0.02429206506720937,-0.05822815596630439,-0.1514284056066762,0.5815,0.0,9.0037,0.6,0.3,1.0,0.0,0.0,0.0,0.0115,-0.0135,0.0,0.0,0.0
37.4105,0.9864415211311195,0.024169792250736642,-0.0555415225978657,-0.1525256889792348,0.5815,0.0,9.1227,0.6,0.3,1.0,0.0,0.0,0.0,-0.0269,-0.0135,0.0,0.0,0.0
37.4306,0.9864131806125792,0.02410959101468962,-0.052613289745109704,-0.15375176902096716,0.5815,0.0,8.6871,0.6,0.3,1.0,0.0,0.0,0.0,0.0346,-0.0135,0.0,0.0,0.0
37.4508,0.9864131806125792,0.02410959101468962,-0.052613289745109704,-0.15375176902096716,0.5815,0.0,8.6871,0.6,0.3,1.0,0.0,0.0,0.0,-0.0462,-0.0135,0.0,0.0,0.0
37.4708,0.9863770400151541,0.024230706198677406,-0.05108538058130632,-0.1544781269271464,0.5815,0.0,9.1036,0.6,0.3,1.0,0.0,0.0,0.0,0.05,-0.0135,0.0,0.0,0.0
37.4909,0.9863852531975791,0.024230907958453046,-0.049987810120389185,-0.15478441204858043,0.5815,0.0,8.9676,0.6,0.3,1.0,0.0,0.0,0.0,-0.0577,-0.0135,0.0,0.0,0.0
37.511,0.9864981656067101,0.02477967761508415,-0.04937635761097698,-0.1541729942011945,0.5815,0.0,9.3408,0.6,0.3,1.0,0.0,0.0,0.0,0.0539,-0.0135,0.0,0.0,0.0
37.5311,0.9866217630330963,0.02514571360701523,-0.04919343971937909,-0.15337925311212924,0.5815,0.0,9.4772,0.6,0.3,1.0,0.0,0.0,0.0,-0.0616,-0.0135,0.0,0.0,0.0
37.5512,0.9866895553184123,0.025695884249282888,-0.04925477812493883,-0.15283131154990653,0.5815,0.0,9.9478,0.6,0.3,1.0,0.0,0.0,0.0,0.0539,-0.0135,0.0,0.0,0.0
37.5713,0.9866455109821826,0.02606233047872679,-0.049744630777905946,-0.15289493875696314,0.5815,0.0,9.8105,0.6,0.3,1.0,0.0,0.0,0.0,-0.0423,-0.0135,0.0,0.0,0.0
37.5914,0.9865266987962835,0.026978429313130957,-0.050293800335284126,-0.15332243985059074,0.5815,0.0,10.388,0.6,0.3,1.0,0.0,0.0,0.0,0.0269,-0.0135,0.0,0.0,0.0
37.6115,0.9863834061038836,0.027831842162355114,-0.050780712016619524,-0.15393012704417525,0.5815,0.0,10.2036,0.6,0.3,1.0,0.0,0.0,0.0,-0.0231,-0.0135,0.0,0.0,0.0
37.6315,0.9862167332651789,0.028748312875714985,-0.05090355399723526,-0.15478668458562483,0.5815,0.0,10.3685,0.6,0.3,1.0,0.0,0.0,0.0,0.0038,-0.0135,0.0,0.0,0.0
37.6516,0.9860961610896248,0.029358362063748335,-0.050842627019725195,-0.15545891720635346,0.5815,0.0,10.0159,0.6,0.3,1.0,0.0,0.0,0.0,0.0115,-0.0135,0.0,0.0,0.0
37.6717,0.9859926572079089,0.029723085306172264,-0.05041344858399523,-0.15618419361074337,0.5815,0.0,10.1328,0.6,0.3,1.0,0.0,0.0,0.0,-0.0231,-0.0135,0.0,0.0,0.0
37.6918,0.9859209870629859,0.030273613721213156,-0.0495620047447245,-0.15680217876895258,0.5815,0.0,9.8125,0.6,0.3,1.0,0.0,0.0,0.0,0.0308,-0.0135,0.0,0.0,0.0
37.7119,0.9858687876405294,0.03088490184765289,-0.04846341514508981,-0.15735359476836974,0.5815,0.0,9.6704,0.6,0.3,1.0,0.0,0.0,0.0,-0.0462,-0.0135,0.0,0.0,0.0
37.732,0.9859062956373558,0.032104172442407174,-0.04730225407646224,-0.15722784452412011,0.5815,0.0,9.5825,0.6,0.3,1.0,0.0,0.0,0.0,0.0577,-0.0135,0.0,0.0,0.0
37.7521,0.98590937109032,0.03308128088422557,-0.046143391791083115,-0.15735033601922585,0.5815,0.0,9.3367,0.6,0.3,1.0,0.0,0.0,0.0,-0.0577,-0.0135,0.0,0.0,0.0
37.7722,0.9859006154845394,0.034301986621730465,-0.04479998252736062,-0.15753193856027173,0.5815,0.0,9.7105,0.6,0.3,1.0,0.0,0.0,0.0,0.0539,-0.0135,0.0,0.0,0.0
37.7923,0.9858866099192073,0.035033488648362775,-0.04345636570736715,-0.1578346962319928,0.5815,0.0,9.398,0.6,0.3,1.0,0.0,0.0,0.0,-0.0616,-0.0135,0.0,0.0,0.0
37.8124,0.9859090443175962,0.03601129382658195,-0.04211434362313381,-0.1578382878483301,0.5815,0.0,9.4778,0.6,0.3,1.0,0.0,0.0,0.0,0.05,-0.0135,0.0,0.0,0.0
37.8325,0.9859836277964622,0.03649980063221815,-0.04083389570167303,-0.15759645691753627,0.5815,0.0,9.168,0.6,0.3,1.0,0.0,0.0,0.0,-0.0346,-0.0135,0.0,0.0,0.0
37.8526,0.9860894583491198,0.037231206087712694,-0.039490218592134876,-0.1571048696302546,0.5815,0.0,9.3668,0.6,0.3,1.0,0.0,0.0,0.0,0.0192,-0.0135,0.0,0.0,0.0
37.8727,0.9861996152041019,0.03784175500712188,-0.03832975184776124,-0.15655398644733265,0.5815,0.0,9.1603,0.6,0.3,1.0,0.0,0.0,0.0,-0.0154,-0.0135,0.0,0.0,0.0
37.8928,0.9862961748376919,0.038450759295953214,-0.037229798693114366,-0.1560619642942247,0.5815,0.0,9.4773,0.6,0.3,1.0,0.0,0.0,0.0,-0.0038,-0.0135,0.0,0.0,0.0
37.9129,0.9864427830566209,0.03906171421943102,-0.03625473475565694,-0.15521086445717902,0.5815,0.0,9.2965,0.6,0.3,1.0,0.0,0.0,0.0,0.0192,-0.0135,0.0,0.0,0.0
37.933,0.9865881989872748,0.03942964740319942,-0.035522583252338355,-0.1543605344762245,0.5815,0.0,9.5182,0.6,0.3,1.0,0.0,0.0,0.0,-0.0346,-0.0135,0.0,0.0,0.0
37.9531,0.986761690982352,0.039795269841695964,-0.034790235903822145,-0.15332103963133115,0.5815,0.0,9.4424,0.6,0.3,1.0,0.0,0.0,0.0,0.05,-0.0135,0.0,0.0,0.0
37.9732,0.9869065633470955,0.039854730478269,-0.0341179132172837,-0.15252214160123784,0.5815,0.0,9.4328,0.6,0.3,1.0,0.0,0.0,0.0,-0.0539,-0.0135,0.0,0.0,0.0
37.9933,0.9870845465978599,0.04022295950631129,-0.03338679643174651,-0.15143161235447533,0.5815,0.0,9.6009,0.6,0.3,1.0,0.0,0.0,0.0,0.0539,-0.0135,0.0,0.0,0.0
38.0134,0.9872532758281299,0.04028337848615395,-0.03302031024533433,-0.15039241302562315,0.5815,0.0,9.4354,0.6,0.3,1.0,0.0,0.0,0.0,-0.0616,-0.0135,0.0,0.0,0.0
38.0335,0.987404613238757,0.04052608117939565,-0.032653259674586946,-0.14941061251358895,0.5815,0.0,9.7589,0.6,0.3,1.0,0.0,0.0,0.0,0.0577,-0.0135,0.0,0.0,0.0
38.0536,0.9875957288885597,0.04022141878611562,-0.03253152990775976,-0.14825185770764215,0.5815,0.0,9.3016,0.6,0.3,1.0,0.0,0.0,0.0,-0.05,-0.0135,0.0,0.0,0.0
38.0737,0.9877474943588871,0.04016162999775978,-0.03241050840933727,-0.14728031032120878,0.5815,0.0,9.7188,0.6,0.3,1.0,0.0,0.0,0.0,0.0346,-0.0135,0.0,0.0,0.0
38.0938,0.9879203026319988,0.03985621392700886,-0.032227172978364964,-0.14624078494293893,0.5815,0.0,9.3965,0.6,0.3,1.0,0.0,0.0,0.0,-0.0192,-0.0135,0.0,0.0,0.0
38.1138,0.9880776540241876,0.039611184347307773,-0.031859343969131204,-0.14532200760558683,0.5815,0.0,9.6814,0.6,0.3,1.0,0.0,0.0,0.0,0.0077,-0.0135,0.0,0.0,0.0
38.1339,0.9882307297091618,0.0393684274424625,-0.03155534261194126,-0.14441056793686657,0.5815,0.0,9.3629,0.6,0.3,1.0,0.0,0.0,0.0,0.0,-0.0135,0.0,0.0,0.0
38.1541,0.9883422381475153,0.03900100939754786,-0.031311007544591686,-0.1437990346493162,0.5815,0.0,9.5729,0.6,0.3,1.0,0.0,0.0,0.0,-0.0154,-0.0135,0.0,0.0,0.0
38.1742,0.9884211454383613,0.03875771151418457,-0.031067570338549726,-0.14337463207192686,0.5815,0.0,9.4588,0.6,0.3,1.0,0.0,0.0,0.0,0.0231,-0.0135,0.0,0.0,0.0
38.1942,0.9884760481428979,0.03833046719487739,-0.03070137420688573,-0.1431897452830708,0.5815,0.0,9.3915,0.6,0.3,1.0,0.0,0.0,0.0,-0.0385,-0.0135,0.0,0.0,0.0
38.2143,0.9885453100035085,0.0381477837593423,-0.030396624509108662,-0.14282493438741667,0.5815,0.0,9.4027,0.6,0.3,1.0,0.0,0.0,0.0,0.0462,-0.0135,0.0,0.0,0.0
38.2344,0.9885958638049721,0.037720376358479225,-0.030151300837341116,-0.14264042320777087,0.5815,0.0,9.3234,0.6,0.3,1.0,0.0,0.0,0.0,-0.0616,-0.0135,0.0,0.0,0.0
38.2545,0.9886157827575921,0.03766013453849049,-0.029846899159186036,-0.14258229539363487,0.5815,0.0,9.755,0.6,0.3,1.0,0.0,0.0,0.0,0.0577,-0.0135,0.0,0.0,0.0
38.2746,0.9886125216354982,0.03729300046412856,-0.029541792521474357,-0.14276482997048845,0.5815,0.0,9.3959,0.6,0.3,1.0,0.0,0.0,0.0,-0.0616,-0.0135,0.0,0.0,0.0
38.2947,0.9886290834248143,0.03735332305893864,-0.029235470175915025,-0.14269741394524132,0.5815,0.0,9.5585,0.6,0.3,1.0,0.0,0.0,0.0,0.05,-0.0135,0.0,0.0,0.0
38.3148,0.9886076757846877,0.03729281766620463,-0.029114638354979128,-0.1428861328596029,0.5815,0.0,9.7165,0.6,0.3,1.0,0.0,0.0,0.0,-0.0462,-0.0135,0.0,0.0,0.0
38.3349,0.9885896417089715,0.03717013692518655,-0.029297107922980632,-0.1430055267954346,0.5815,0.0,9.4943,0.6,0.3,1.0,0.0,0.0,0.0,0.0308,-0.0135,0.0,0.0,0.0
38.355,0.9885952952961348,0.037292350642416004,-0.029541277762726886,-0.14288434347421236,0.5815,0.0,9.7182,0.6,0.3,1.0,0.0,0.0,0.0,-0.0192,-0.0135,0.0,0.0,0.0
38.3751,0.988616710434957,0.03753816608731764,-0.029968930956249425,-0.1425824291871372,0.5815,0.0,9.4226,0.6,0.3,1.0,0.0,0.0,0.0,0.0077,-0.0135,0.0,0.0,0.0
38.3952,0.9885922199224995,0.0377202373242962,-0.03027319046973538,-0.1426398974469852,0.5815,0.0,9.5732,0.6,0.3,1.0,0.0,0.0,0.0,0.0038,-0.0135,0.0,0.0,0.0
38.4153,0.988557119959884,0.03790189272136111,-0.030639104898886733,-0.14275682945398083,0.5815,0.0,9.3733,0.6,0.3,1.0,0.0,0.0,0.0,-0.0192,-0.0135,0.0,0.0,0.0
38.4354,0.9885160260891085,0.03802465480593648,-0.030944719078756185,-0.14294270234266362,0.5815,0.0,9.5211,0.6,0.3,1.0,0.0,0.0,0.0,0.0346,-0.0135,0.0,0.0,0.0
38.4555,0.9884863530780064,0.03857487231060618,-0.031189705306566493,-0.14294723252883512,0.5815,0.0,9.6814,0.6,0.3,1.0,0.0,0.0,0.0,-0.05,-0.0135,0.0,0.0,0.0
38.4756,0.9884208179111754,0.03869669757162903,-0.03143356664174631,-0.14331358346308992,0.5815,0.0,9.1707,0.6,0.3,1.0,0.0,0.0,0.0,0.0577,-0.0135,0.0,0.0,0.0
38.4956,0.9883760568347009,0.039002343918006284,-0.03161708944159602,-0.14349894459553325,0.5815,0.0,9.6009,0.6,0.3,1.0,0.0,0.0,0.0,-0.0616,-0.0135,0.0,0.0,0.0
38.5157,0.9883427238955855,0.03881802843163485,-0.03179902329067845,-0.14373810527864206,0.5815,0.0,9.2059,0.6,0.3,1.0,0.0,0.0,0.0,0.0616,-0.0135,0.0,0.0,0.0
38.5358,0.9883450623632581,0.038757120087998684,-0.03179909852873726,-0.1437384453700945,0.5815,0.0,9.7302,0.6,0.3,1.0,0.0,0.0,0.0,-0.0539,-0.0135,0.0,0.0,0.0
38.556,0.988356488130407,0.03833056188044068,-0.031677464353945174,-0.14380110795318254,0.5815,0.0,9.2575,0.6,0.3,1.0,0.0,0.0,0.0,0.0462,-0.0135,0.0,0.0,0.0
38.576,0.988398132109674,0.03802481272666145,-0.03131084579314915,-0.1436762923899681,0.5815,0.0,9.6341,0.6,0.3,1.0,0.0,0.0,0.0,-0.0346,-0.0135,0.0,0.0,0.0
38.5961,0.988423082962479,0.037659765178053896,-0.030945628758991938,-0.14367991931509724,0.5815,0.0,9.4102,0.6,0.3,1.0,0.0,0.0,0.0,0.0154,-0.0135,0.0,0.0,0.0
38.6162,0.9884418801967743,0.03716916821140082,-0.03039531979967014,-0.14379578207240318,0.5815,0.0,9.6238,0.6,0.3,1.0,0.0,0.0,0.0,-0.0077,-0.0135,0.0,0.0,0.0
38.6363,0.9884333017774214,0.03686613018174231,-0.029846914998081668,-0.14404741597094017,0.5815,0.0,9.4644,0.6,0.3,1.0,0.0,0.0,0.0,-0.0077,-0.0135,0.0,0.0,0.0
38.6564,0.9884463000881397,0.03631534970823508,-0.029235476486120737,-0.14422341741986766,0.5815,0.0,9.4729,0.6,0.3,1.0,0.0,0.0,0.0,0.0231,-0.0135,0.0,0.0,0.0
38.6765,0.9884877109285521,0.036133866745760475,-0.028625686646483642,-0.14410745671632763,0.5815,0.0,9.5229,0.6,0.3,1.0,0.0,0.0,0.0,-0.0423,-0.0135,0.0,0.0,0.0
38.6966,0.9885311929824677,0.035522222540778664,-0.027893174746071135,-0.14410490279309635,0.5815,0.0,9.309,0.6,0.3,1.0,0.0,0.0,0.0,0.0539,-0.0135,0.0,0.0,0.0
38.7167,0.9885680874009733,0.03527736078331226,-0.027221506753311593,-0.14404039002524655,0.5815,0.0,9.7994,0.6,0.3,1.0,0.0,0.0,0.0,-0.0616,-0.0135,0.0,0.0,0.0
38.7368,0.9885680874009733,0.03527736078331226,-0.027221506753311593,-0.14404039002524655,0.5815,0.0,9.7994,0.6,0.3,1.0,0.0,0.0,0.0,0.0577,-0.0135,0.0,0.0,0.0
38.7569,0.9886161110649014,0.0347889130336186,-0.02642717429297131,-0.14397750147762212,0.5815,0.0,9.4032,0.6,0.3,1.0,0.0,0.0,0.0,-0.0577,-0.0135,0.0,0.0,0.0
38.777,0.9886765730394207,0.03491304431000373,-0.025940775933819216,-0.1436202959333609,0.5815,0.0,9.6118,0.6,0.3,1.0,0.0,0.0,0.0,0.05,-0.0135,0.0,0.0,0.0
38.7971,0.9887166043842273,0.03460730117276784,-0.025513222030826878,-0.14349524877871955,0.5815,0.0,9.3208,0.6,0.3,1.0,0.0,0.0,0.0,-0.0346,-0.0135,0.0,0.0,0.0
38.8171,0.9887272009943123,0.03472967444718915,-0.025269490731262695,-0.1434357855101984,0.5815,0.0,9.6914,0.6,0.3,1.0,0.0,0.0,0.0,0.0231,-0.0135,0.0,0.0,0.0
38.8372,0.988716159035089,0.034546285081162684,-0.025269208525325642,-0.14355618464731967,0.5815,0.0,9.2938,0.6,0.3,1.0,0.0,0.0,0.0,-0.0115,-0.0135,0.0,0.0,0.0
38.8574,0.9887122478110835,0.03491214999330494,-0.02526910856384116,-0.14349461649688644,0.5815,0.0,9.7667,0.6,0.3,1.0,0.0,0.0,0.0,-0.0077,-0.0135,0.0,0.0,0.0
38.8775,0.9887360878822975,0.03497399353652199,-0.02526971785875887,-0.143315071275341,0.5815,0.0,9.4478,0.6,0.3,1.0,0.0,0.0,0.0,0.0192,-0.0135,0.0,0.0,0.0
38.8975,0.9887529388820263,0.03527739128197672,-0.025268563986174653,-0.14312453035930284,0.5815,0.0,9.7072,0.6,0.3,1.0,0.0,0.0,0.0,-0.0308,-0.0135,0.0,0.0,0.0
38.9176,0.9887548511651784,0.035338458575124895,-0.02545161005274848,-0.14306380810178038,0.5815,0.0,9.3992,0.6,0.3,1.0,0.0,0.0,0.0,0.0385,-0.0135,0.0,0.0,0.0
38.9377,0.9887337998115875,0.03552292692777565,-0.025635668931747325,-0.14313073482325733,0.5815,0.0,9.8201,0.6,0.3,1.0,0.0,0.0,0.0,-0.05,-0.0135,0.0,0.0,0.0
38.9578,0.9887009451505645,0.035582746100256635,-0.02581781577765859,-0.1433099774154478,0.5815,0.0,9.4805,0.6,0.3,1.0,0.0,0.0,0.0,0.05,-0.0135,0.0,0.0,0.0
38.9779,0.988646088731706,0.03558296720198442,-0.025878976146478782,-0.14367686756820724,0.5815,0.0,9.739,0.6,0.3,1.0,0.0,0.0,0.0,-0.0654,-0.0135,0.0,0.0,0.0
38.9981,0.9885954422407697,0.035706341037248075,-0.025940247759654256,-0.14398337520935012,0.5815,0.0,9.4016,0.6,0.3,1.0,0.0,0.0,0.0,0.0539,-0.0135,0.0,0.0,0.0
39.0181,0.9885555080455328,0.03552309628668311,-0.02600180244778018,-0.14429145301268642,0.5815,0.0,9.5529,0.6,0.3,1.0,0.0,0.0,0.0,-0.0577,-0.0135,0.0,0.0,0.0
39.0382,0.9884958256613173,0.03540113977687669,-0.026062839120479096,-0.14471865936923528,0.5815,0.0,9.3847,0.6,0.3,1.0,0.0,0.0,0.0,0.05,-0.0135,0.0,0.0,0.0
39.0583,0.9884134583207423,0.03491236940488218,-0.026123276408218862,-0.14538753833347268,0.5815,0.0,9.326,0.6,0.3,1.0,0.0,0.0,0.0,-0.0423,-0.0135,0.0,0.0,0.0
39.0784,0.9883004409182352,0.03491268676959026,-0.026306517477109333,-0.14612087435262916,0.5815,0.0,9.4475,0.6,0.3,1.0,0.0,0.0,0.0,0.0308,-0.0135,0.0,0.0,0.0
39.0985,0.988256728724155,0.03515513660085178,-0.02630535394874294,-0.14635840548338463,0.5815,0.0,9.7328,0.6,0.3,1.0,0.0,0.0,0.0,-0.0192,-0.0135,0.0,0.0,0.0
39.1186,0.9882208552882266,0.035339030585325774,-0.026367022820206698,-0.1465451268322977,0.5815,0.0,9.4729,0.6,0.3,1.0,0.0,0.0,0.0,0.0,-0.0135,0.0,0.0,0.0
39.1387,0.9881699252942643,0.03527839004100663,-0.026306290844682802,-0.14691362429004942,0.5815,0.0,9.627,0.6,0.3,1.0,0.0,0.0,0.0,-0.0154,-0.0135,0.0,0.0,0.0
39.1588,0.9881339300939238,0.035338103438403316,-0.026244334156056894,-0.1471522666057805,0.5815,0.0,9.5739,0.6,0.3,1.0,0.0,0.0,0.0,0.0269,-0.0135,0.0,0.0,0.0
39.1789,0.9881339300939238,0.035338103438403316,-0.026244334156056894,-0.1471522666057805,0.5815,0.0,9.5739,0.6,0.3,1.0,0.0,0.0,0.0,0.0269,-0.0135,0.0,0.0,0.0
39.199,0.9880955039044516,0.035216911036155395,-0.02612293400907196,-0.147460627489636,0.5815,0.0,9.7462,0.6,0.3,1.0,0.0,0.0,0.0,0.0539,-0.0135,0.0,0.0,0.0
39.2191,0.9880887349562081,0.035155670354681874,-0.026122755053912688,-0.14752061673863298,0.5815,0.0,9.4411,0.6,0.3,1.0,0.0,0.0,0.0,-0.0616,-0.0135,0.0,0.0,0.0
39.2392,0.98808510037681,0.03509454183464004,-0.026000660556845002,-0.14758107330336745,0.5815,0.0,9.6731,0.6,0.3,1.0,0.0,0.0,0.0,0.0539,-0.0135,0.0,0.0,0.0
39.2593,0.9880971207154898,0.03509496876980838,-0.025878976970903855,-0.14752186872374037,0.5815,0.0,9.4646,0.6,0.3,1.0,0.0,0.0,0.0,-0.0654,-0.0135,0.0,0.0,0.0
39.2794,0.9881258903634643,0.03491298543704094,-0.02569672530333993,-0.14740416055854247,0.5815,0.0,9.329,0.6,0.3,1.0,0.0,0.0,0.0,0.05,-0.0135,0.0,0.0,0.0
39.2995,0.9881617133727641,0.035034096199398505,-0.025574070223309275,-0.1471564040737194,0.5815,0.0,9.4844,0.6,0.3,1.0,0.0,0.0,0.0,-0.0423,-0.0135,0.0,0.0,0.0
39.3196,0.9882241026495369,0.034729144179348505,-0.02533010515888442,-0.14685160965998167,0.5815,0.0,9.716,0.6,0.3,1.0,0.0,0.0,0.0,0.0308,-0.0135,0.0,0.0,0.0
39.3397,0.9882723835861428,0.034789696680359035,-0.02514578076241185,-0.1465437223346714,0.5815,0.0,9.7229,0.6,0.3,1.0,0.0,0.0,0.0,-0.0192,-0.0135,0.0,0.0,0.0
39.3598,0.988307661819298,0.034363927044126656,-0.025024675096825807,-0.14642695019591306,0.5815,0.0,9.4112,0.6,0.3,1.0,0.0,0.0,0.0,0.0,-0.0135,0.0,0.0,0.0
39.3799,0.9883509389383445,0.034302310240243855,-0.02484122467138643,-0.14618032209808773,0.5815,0.0,9.6278,0.6,0.3,1.0,0.0,0.0,0.0,0.0115,-0.0135,0.0,0.0,0.0
39.4,0.9883976354794726,0.033874816144697194,-0.02465786616962193,-0.14599520761213913,0.5815,0.0,9.2011,0.6,0.3,1.0,0.0,0.0,0.0,-0.0308,-0.0135,0.0,0.0,0.0
39.4201,0.9884597799969445,0.0338128556437429,-0.02441389577045334,-0.1456293782686623,0.5815,0.0,9.6858,0.6,0.3,1.0,0.0,0.0,0.0,0.0385,-0.0135,0.0,0.0,0.0
39.4402,0.9885425958539895,0.03338659427448097,-0.024170430228664858,-0.14520558462940936,0.5815,0.0,9.2455,0.6,0.3,1.0,0.0,0.0,0.0,-0.0539,-0.0135,0.0,0.0,0.0
39.4603,0.9885887541537788,0.03344709318175803,-0.024048066996589137,-0.14489740367617993,0.5815,0.0,9.6502,0.6,0.3,1.0,0.0,0.0,0.0,0.0616,-0.0135,0.0,0.0,0.0
39.4804,0.9886118640652932,0.03314286708374583,-0.023865624372506,-0.14483978929881752,0.5815,0.0,9.2857,0.6,0.3,1.0,0.0,0.0,0.0,-0.0654,-0.0135,0.0,0.0,0.0
39.5005,0.9886551597413431,0.03332527504597724,-0.023682195458029492,-0.14453219287832364,0.5815,0.0,9.7328,0.6,0.3,1.0,0.0,0.0,0.0,0.0539,-0.0135,0.0,0.0,0.0
39.5205,0.9887030665614785,0.03314183462860675,-0.023437883049462458,-0.14428628003915828,0.5815,0.0,9.3613,0.6,0.3,1.0,0.0,0.0,0.0,-0.0462,-0.0135,0.0,0.0,0.0
39.5406,0.9887501673788849,0.033202334018508986,-0.023253533574267616,-0.14397911202761673,0.5815,0.0,9.8221,0.6,0.3,1.0,0.0,0.0,0.0,0.0269,-0.0135,0.0,0.0,0.0
39.5607,0.9887771067813983,0.03308123776958791,-0.02301016538430572,-0.1438610339933169,0.5815,0.0,9.4465,0.6,0.3,1.0,0.0,0.0,0.0,-0.0115,-0.0135,0.0,0.0,0.0
39.5808,0.9887899698389907,0.0328986644293042,-0.022705458564877858,-0.14386290548968633,0.5815,0.0,9.6802,0.6,0.3,1.0,0.0,0.0,0.0,0.0,-0.0135,0.0,0.0,0.0
39.6009,0.9888021100336023,0.032958037060526524,-0.022521341990872842,-0.14379479872771178,0.5815,0.0,9.4246,0.6,0.3,1.0,0.0,0.0,0.0,0.0154,-0.0135,0.0,0.0,0.0
39.621,0.9888201541569446,0.03283663983233898,-0.022277755647131213,-0.14373642343151755,0.5815,0.0,9.4526,0.6,0.3,1.0,0.0,0.0,0.0,-0.0346,-0.0135,0.0,0.0,0.0
39.6411,0.9888388785626312,0.03314226406061573,-0.022156176529087017,-0.14355614378195913,0.5815,0.0,9.528,0.6,0.3,1.0,0.0,0.0,0.0,0.0385,-0.0135,0.0,0.0,0.0
39.6611,0.9888535263957807,0.033081753612800184,-0.02197350056328582,-0.14349726891312686,0.5815,0.0,9.2831,0.6,0.3,1.0,0.0,0.0,0.0,-0.05,-0.0135,0.0,0.0,0.0
39.6812,0.9888594156741826,0.03350896290712014,-0.021851627924181737,-0.1433761200286387,0.5815,0.0,9.6859,0.6,0.3,1.0,0.0,0.0,0.0,0.0577,-0.0135,0.0,0.0,0.0
39.7013,0.9888500583348361,0.033569646995535246,-0.021790419971780897,-0.1434357644705116,0.5815,0.0,9.3953,0.6,0.3,1.0,0.0,0.0,0.0,-0.0654,-0.0135,0.0,0.0,0.0
39.7214,0.9888577488318745,0.03393691800151745,-0.021667586113238983,-0.14331487670071513,0.5815,0.0,9.7072,0.6,0.3,1.0,0.0,0.0,0.0,0.0539,-0.0135,0.0,0.0,0.0
39.7415,0.9888545275270739,0.033813804521978935,-0.021606514077481345,-0.1433754112893018,0.5815,0.0,9.4478,0.6,0.3,1.0,0.0,0.0,0.0,-0.0462,-0.0135,0.0,0.0,0.0
39.7616,0.9888372233645439,0.03381321280747198,-0.021606135980783696,-0.14349490310222063,0.5815,0.0,9.8146,0.6,0.3,1.0,0.0,0.0,0.0,0.0269,-0.0135,0.0,0.0,0.0
39.7817,0.9888159577091392,0.03381248563002083,-0.021789668526251842,-0.14361381528527695,0.5815,0.0,9.4414,0.6,0.3,1.0,0.0,0.0,0.0,-0.0269,-0.0135,0.0,0.0,0.0
39.8017,0.9888013814484837,0.033689990850186605,-0.02185034549486294,-0.14373369460164787,0.5815,0.0,9.7949,0.6,0.3,1.0,0.0,0.0,0.0,0.0077,-0.0135,0.0,0.0,0.0
39.8218,0.988787996822687,0.03375261432765894,-0.021912398825185544,-0.14380161731758206,0.5815,0.0,9.4841,0.6,0.3,1.0,0.0,0.0,0.0,0.0,-0.0135,0.0,0.0,0.0
39.8419,0.9887660242450682,0.033629864776805164,-0.021911911893825593,-0.14398142106137268,0.5815,0.0,9.6575,0.6,0.3,1.0,0.0,0.0,0.0,-0.0192,-0.0135,0.0,0.0,0.0
39.862,0.9887578479475578,0.033874583673881214,-0.021911730699987746,-0.14398023045115171,0.5815,0.0,9.6399,0.6,0.3,1.0,0.0,0.0,0.0,0.0308,-0.0135,0.0,0.0,0.0
39.8821,0.9887660242450682,0.033629864776805164,-0.021911911893825593,-0.14398142106137268,0.5815,0.0,9.5992,0.6,0.3,1.0,0.0,0.0,0.0,-0.0462,-0.0135,0.0,0.0,0.0
39.9022,0.9887726764303121,0.03369109119574183,-0.021912059312014925,-0.1439213895693911,0.5815,0.0,9.817,0.6,0.3,1.0,0.0,0.0,0.0,0.0577,-0.0135,0.0,0.0,0.0
39.9223,0.9887747967668057,0.03332516166778301,-0.02197310659643498,-0.14398269849214496,0.5815,0.0,9.3635,0.6,0.3,1.0,0.0,0.0,0.0,-0.0654,-0.0135,0.0,0.0,0.0
39.9424,0.9887667420456491,0.03338588999457512,-0.021850928001900815,-0.14404252538454998,0.5815,0.0,9.7415,0.6,0.3,1.0,0.0,0.0,0.0,0.0577,-0.0135,0.0,0.0,0.0
39.9625,0.9887700362043099,0.03314200121351097,-0.021667000793348077,-0.1441040052764403,0.5815,0.0,9.4093,0.6,0.3,1.0,0.0,0.0,0.0,-0.0539,-0.0135,0.0,0.0,0.0
39.9826,0.988788018127395,0.03320360505060217,-0.02154539260956008,-0.14398462375073945,0.5815,0.0,9.8684,0.6,0.3,1.0,0.0,0.0,0.0,0.0385,-0.0135,0.0,0.0,0.0
40.0026,0.9888100371621696,0.03314129740231509,-0.021483544547442435,-0.14385695022319253,0.5815,0.0,9.4411,0.6,0.3,1.0,0.0,0.0,0.0,-0.0308,-0.0135,0.0,0.0,0.0
40.0227,0.988824580510354,0.03308078523818835,-0.02130086171393398,-0.1437980664570674,0.5815,0.0,9.6664,0.6,0.3,1.0,0.0,0.0,0.0,0.0154,-0.0135,0.0,0.0,0.0
40.0428,0.9888590871024724,0.03320394310965513,-0.02111859984307734,-0.14355907758655967,0.5815,0.0,9.3179,0.6,0.3,1.0,0.0,0.0,0.0,-0.0077,-0.0135,0.0,0.0,0.0
40.063,0.9888914654385462,0.03320298205158507,-0.020873988716224024,-0.14337192249796263,0.5815,0.0,9.4913,0.6,0.3,1.0,0.0,0.0,0.0,-0.0077,-0.0135,0.0,0.0,0.0
40.083,0.9889132567715644,0.03344771896146244,-0.020691444764302305,-0.14319107790396401,0.5815,0.0,9.5038,0.6,0.3,1.0,0.0,0.0,0.0,0.0192,-0.0135,0.0,0.0,0.0
40.1031,0.9889250265527271,0.033204108898272224,-0.02050868491659688,-0.14319278212588618,0.5815,0.0,9.4166,0.6,0.3,1.0,0.0,0.0,0.0,-0.0385,-0.0135,0.0,0.0,0.0
40.1232,0.9889314472997229,0.03338527240379326,-0.020385555718676368,-0.14312388076851726,0.5815,0.0,9.7209,0.6,0.3,1.0,0.0,0.0,0.0,0.0462,-0.0135,0.0,0.0,0.0
40.1433,0.9889431463624818,0.033141669782836364,-0.02020279870323586,-0.14312557392456765,0.5815,0.0,9.3237,0.6,0.3,1.0,0.0,0.0,0.0,-0.0577,-0.0135,0.0,0.0,0.0
40.1634,0.9889646457498255,0.03338639314811086,-0.020020235752266795,-0.14294568328531596,0.5815,0.0,9.7777,0.6,0.3,1.0,0.0,0.0,0.0,0.0539,-0.0135,0.0,0.0,0.0
40.1835,0.9889636676001743,0.033264358810835504,-0.019836213966201683,-0.14300654256083245,0.5815,0.0,9.4059,0.6,0.3,1.0,0.0,0.0,0.0,-0.0654,-0.0135,0.0,0.0,0.0
40.2036,0.9889579971709039,0.033508169315632455,-0.019714099614670463,-0.14300572260302075,0.5815,0.0,9.7367,0.6,0.3,1.0,0.0,0.0,0.0,0.0539,-0.0135,0.0,0.3,0.0
40.2237,0.9889453182680172,0.0336297387776299,-0.01971384687071649,-0.1430648887291228,0.5815,0.0,9.418,0.6,0.3,1.0,0.0,0.0,0.0,0.0577,-0.0135,0.0,0.3,0.0
40.2438,0.9889510694967087,0.033751934113808155,-0.019652961636011837,-0.1430047208445464,0.5815,0.0,9.7109,0.6,0.3,1.0,0.0,0.0,0.0,0.127,-0.0135,0.0,0.3,0.0
40.264,0.9889412534923063,0.03375159910316499,-0.019713765842610642,-0.143064300701985,0.5815,0.0,9.5586,0.6,0.3,1.0,0.0,0.0,0.0,0.1732,-0.0135,0.0,0.3,0.0
40.2841,0.9889350952662118,0.03393538559765143,-0.019713643083218407,-0.1430634098277227,0.5815,0.0,9.7661,0.6,0.3,1.0,0.0,0.0,0.0,0.2078,-0.0135,0.0,0.3,0.0
40.3042,0.9889145153235323,0.03418077821820617,-0.019836451630671076,-0.14313025874889385,0.5815,0.0,9.2959,0.6,0.3,1.0,0.0,0.0,0.0,0.2348,-0.0135,0.0,0.3,0.0
40.3242,0.9888806981525237,0.034301607969351416,-0.0200197711954526,-0.143309362127448,0.5815,0.0,10.3019,0.6,0.3,1.0,0.0,0.0,0.0,0.2578,-0.0135,0.0,0.3,0.0
40.3443,0.9888353561502161,0.03436315138116612,-0.020386089807538702,-0.14355563241053748,0.5815,0.0,8.9171,0.6,0.3,1.0,0.0,0.0,0.0,0.2809,-0.0135,0.0,0.3,0.0
40.3644,0.9888209152874177,0.03442364892267139,-0.020568790224565054,-0.1436145353148493,0.5815,0.0,9.4848,0.6,0.3,1.0,0.0,0.0,0.0,0.304,-0.0135,0.0,0.3,0.0
40.3845,0.9888097624993114,0.03442326066261707,-0.020690555611498067,-0.14367391419424919,0.5815,0.0,9.3307,0.6,0.3,1.0,0.0,0.0,0.0,0.3117,-0.0135,0.0,0.3,0.0
40.4046,0.9887951544094224,0.03448587730190938,-0.020813529484838035,-0.14374165670934747,0.5815,0.0,9.8498,0.6,0.3,1.0,0.0,0.0,0.0,0.2809,-0.0135,0.0,0.3,0.0
40.4247,0.9887720236298159,0.03436307032777225,-0.020874042721005664,-0.1439212945506303,0.5815,0.0,9.5396,0.6,0.3,1.0,0.0,0.0,0.0,0.3156,-0.0135,0.0,0.3,0.0
40.4448,0.9887488429677388,0.03424026733422166,-0.020934552047017614,-0.14410091655999172,0.5815,0.0,9.7284,0.6,0.3,1.0,0.0,0.0,0.0,0.2771,-0.0135,0.0,0.3,0.0
40.4649,0.9887420861040283,0.03418117836918047,-0.020874719639504765,-0.14416997014607663,0.5815,0.0,9.3403,0.6,0.3,1.0,0.0,0.0,0.0,0.3387,-0.0135,0.0,0.3,0.0
40.485,0.9887475896150316,0.034057228078429515,-0.020873526892628384,-0.14416173251297165,0.5815,0.0,9.7088,0.6,0.3,1.0,0.0,0.0,0.0,0.254,-0.0135,0.0,0.3,0.0
40.5051,0.988761640658315,0.033935713095442396,-0.020812824041001952,-0.14410278170396124,0.5815,0.0,9.5379,0.6,0.3,1.0,0.0,0.0,0.0,0.3579,-0.0135,0.0,0.3,0.0
40.5252,0.9887788806397322,0.03356930150004064,-0.020569184740514626,-0.14410529427036423,0.5815,0.0,9.6026,0.6,0.3,1.0,0.0,0.0,0.0,0.2386,-0.0135,0.0,0.3,0.0
40.5453,0.9888007546057926,0.033509042229568964,-0.020447635981496844,-0.14398647840210693,0.5815,0.0,9.7723,0.6,0.3,1.0,0.0,0.0,0.0,0.3579,-0.0135,0.0,0.3,0.0
40.5654,0.9888166322654852,0.03314151844606683,-0.020324704677337158,-0.14397990793861548,0.5815,0.0,9.5297,0.6,0.3,1.0,0.0,0.0,0.0,0.2386,-0.0135,0.0,0.3,0.0
40.5855,0.988826975395878,0.033202864861709785,-0.02014191802079807,-0.1439204142325131,0.5815,0.0,9.897,0.6,0.3,1.0,0.0,0.0,0.0,0.3579,-0.0135,0.0,0.3,0.0
40.6056,0.9888354098840071,0.03271514589890011,-0.020081089555121896,-0.1439826421157095,0.5815,0.0,9.4305,0.6,0.3,1.0,0.0,0.0,0.0,0.2501,-0.0135,0.0,0.3,0.0
40.6256,0.9888334346978032,0.032776080701004726,-0.020081049443399918,-0.14398235451220592,0.5815,0.0,9.7337,0.6,0.3,1.0,0.0,0.0,0.0,0.3425,-0.0135,0.0,0.3,0.0
40.6457,0.9888519573551765,0.03247168819270426,-0.02008142559815509,-0.14392405027200242,0.5815,0.0,9.3747,0.6,0.3,1.0,0.0,0.0,0.0,0.2771,-0.0135,0.0,0.3,0.0
40.6658,0.9888754114979904,0.032592453257740996,-0.020080663144500254,-0.14373558881849405,0.5815,0.0,9.819,0.6,0.3,1.0,0.0,0.0,0.0,0.3156,-0.0135,0.0,0.3,0.0
40.6859,0.9888855747155914,0.03247078902103564,-0.020202868731852505,-0.143676066464702,0.5815,0.0,9.4021,0.6,0.3,1.0,0.0,0.0,0.0,0.2925,-0.0135,0.0,0.3,0.0
40.706,0.98888147135888,0.03271465168643872,-0.020446782302693332,-0.14361447093380963,0.5815,0.0,9.7875,0.6,0.3,1.0,0.0,0.0,0.0,0.3002,-0.0135,0.0,0.3,0.0
40.7261,0.9888893483734064,0.032775912114049635,-0.020812944191777972,-0.14349361523350748,0.5815,0.0,9.3696,0.6,0.3,1.0,0.0,0.0,0.0,0.3156,-0.0135,0.0,0.3,0.0
40.7462,0.9888929381508142,0.033081031383575855,-0.020996019918671092,-0.14337213601541776,0.5815,0.0,9.7191,0.6,0.3,1.0,0.0,0.0,0.0,0.2771,-0.0135,0.0,0.3,0.0
40.7663,0.98890718148632,0.03332551160595051,-0.021179325140357856,-0.14319019822454138,0.5815,0.0,9.3707,0.6,0.3,1.0,0.0,0.0,0.0,0.3425,-0.0135,0.0,0.3,0.0
40.7864,0.9889046299819477,0.03350842795920597,-0.021423273611378458,-0.1431288279968148,0.5815,0.0,9.702,0.6,0.3,1.0,0.0,0.0,0.0,0.2501,-0.0135,0.0,0.3,0.0
40.8065,0.9888979107207996,0.033813202104175585,-0.021667129506141778,-0.14306685512187575,0.5815,0.0,9.2763,0.6,0.3,1.0,0.0,0.0,0.0,0.3579,-0.0135,0.0,0.3,0.0
40.8266,0.9889031337497477,0.03387538139227814,-0.021729244642739814,-0.1430066100665013,0.5815,0.0,9.7434,0.6,0.3,1.0,0.0,0.0,0.0,0.2386,-0.0135,0.0,0.3,0.0
40.8467,0.98889736406827,0.03430218606508072,-0.02172911786508479,-0.14294477537423173,0.5815,0.0,9.4058,0.6,0.3,1.0,0.0,0.0,0.0,0.3618,-0.0135,0.0,0.3,0.0
40.8668,0.98889736406827,0.03430218606508072,-0.02172911786508479,-0.14294477537423173,0.5815,0.0,9.4058,0.6,0.3,1.0,0.0,0.0,0.0,0.2386,-0.0135,0.0,0.3,0.0
40.8869,0.9888924702610038,0.03448501639911206,-0.021667010303597526,-0.14294406797606712,0.5815,0.0,9.8152,0.6,0.3,1.0,0.0,0.0,0.0,0.3579,-0.0135,0.0,0.3,0.0
40.907,0.9888699698021888,0.03442323311389975,-0.02160551866892045,-0.14312381146563813,0.5815,0.0,9.3592,0.6,0.3,1.0,0.0,0.0,0.0,0.2424,-0.0135,0.0,0.3,0.0
40.9271,0.9888644401007152,0.034484038921209964,-0.02136140465230932,-0.14318400942584342,0.5815,0.0,9.7688,0.6,0.3,1.0,0.0,0.0,0.0,0.3502,-0.0135,0.0,0.3,0.0
40.9472,0.9888594015727317,0.03466899574722421,-0.0212406100632007,-0.14319211269913285,0.5815,0.0,9.2633,0.6,0.3,1.0,0.0,0.0,0.0,0.2694,-0.0135,0.0,0.3,0.0
40.9673,0.9888641841440606,0.03478902141626373,-0.020873412849758227,-0.14318397236424174,0.5815,0.0,9.6746,0.6,0.3,1.0,0.0,0.0,0.0,0.3233,-0.0135,0.0,0.3,0.0
40.9874,0.988846401255793,0.03515654756227167,-0.020630321316693147,-0.1432522311496022,0.5815,0.0,9.5195,0.6,0.3,1.0,0.0,0.0,0.0,0.2886,-0.0135,0.0,0.3,0.0
41.0075,0.9888254104912995,0.0351558012756802,-0.020385884765218347,-0.1434321892244463,0.5815,0.0,9.634,0.6,0.3,1.0,0.0,0.0,0.0,0.3002,-0.0135,0.0,0.3,0.0
41.0276,0.9887964046254312,0.035522948597858525,-0.020264541140335702,-0.14355883356696073,0.5815,0.0,9.8008,0.6,0.3,1.0,0.0,0.0,0.0,0.3194,-0.0135,0.0,0.3,0.0
41.0476,0.9887879277212017,0.03533964074328666,-0.020142365201371845,-0.14367960505597765,0.5815,0.0,9.5216,0.6,0.3,1.0,0.0,0.0,0.0,0.2732,-0.0135,0.0,0.3,0.0
41.0678,0.9888165789569676,0.03558248105998475,-0.020080707140082442,-0.14343090818303095,0.5815,0.0,9.8474,0.6,0.3,1.0,0.0,0.0,0.0,0.3464,-0.0135,0.0,0.3,0.0
41.0879,0.9888666712477336,0.035216097977667365,-0.020019487222446557,-0.14318433248789608,0.5815,0.0,9.3968,0.6,0.3,1.0,0.0,0.0,0.0,0.254,-0.0135,0.0,0.3,0.0
41.1079,0.9888753063029926,0.03521640549430322,-0.020019662038105183,-0.14312458384255158,0.5815,0.0,9.6519,0.6,0.3,1.0,0.0,0.0,0.0,0.3464,-0.0135,0.0,0.3,0.0
41.128,0.9888769279627377,0.03485046882412778,-0.020141693008969085,-0.14318581762328797,0.5815,0.0,9.3138,0.6,0.3,1.0,0.0,0.0,0.0,0.2501,-0.0135,0.0,0.3,0.0
41.1481,0.9888893056674628,0.03485090504505724,-0.020385944456358118,-0.1430656102027535,0.5815,0.0,9.7688,0.6,0.3,1.0,0.0,0.0,0.0,0.3541,-0.0135,0.0,0.3,0.0
41.1682,0.9889133188883766,0.03454674475505704,-0.02056944343387854,-0.1429470816380152,0.5815,0.0,9.3602,0.6,0.3,1.0,0.0,0.0,0.0,0.2424,-0.0135,0.0,0.3,0.0
41.1883,0.9889507968841283,0.03442392331277548,-0.020690953906130523,-0.14269968210356315,0.5815,0.0,9.7229,0.6,0.3,1.0,0.0,0.0,0.0,0.3618,-0.0135,0.0,0.3,0.0
41.2084,0.9890009049284572,0.0341795474386153,-0.02081272442480691,-0.14239311461444193,0.5815,0.0,9.3785,0.6,0.3,1.0,0.0,0.0,0.0,0.2386,-0.0135,0.0,0.3,0.0
41.2286,0.9890945809555294,0.03405867425441288,-0.02069140962470071,-0.14178780695172719,0.5815,0.0,9.6768,0.6,0.3,1.0,0.0,0.0,0.0,0.3579,-0.0135,0.0,0.3,0.0
41.2487,0.9891938353172873,0.03387489162560451,-0.020446934585054918,-0.14117354834990684,0.5815,0.0,9.3468,0.6,0.3,1.0,0.0,0.0,0.0,0.254,-0.0135,0.0,0.3,0.0
41.2689,0.9893050188034898,0.03375152301194598,-0.01989671881277225,-0.14050101439166407,0.5815,0.0,9.529,0.6,0.3,1.0,0.0,0.0,0.0,0.3387,-0.0135,0.0,0.3,0.0
41.289,0.9893974647122536,0.0338755979675429,-0.019348341534347446,-0.1398954694161913,0.5815,0.0,9.3313,0.6,0.3,1.0,0.0,0.0,0.0,0.2694,-0.0135,0.0,0.3,0.0
41.3091,0.9894801991540432,0.03369025771519297,-0.018554591193654248,-0.1394619272876847,0.5815,0.0,9.5666,0.6,0.3,1.0,0.0,0.0,0.0,0.3233,-0.0135,0.0,0.3,0.0
41.3291,0.9895724210187179,0.03369132075122214,-0.017700168510778297,-0.13891732253351863,0.5815,0.0,9.3586,0.6,0.3,1.0,0.0,0.0,0.0,0.2848,-0.0135,0.0,0.3,0.0
41.3492,0.9896947061122381,0.03344732802390258,-0.01654116222212373,-0.1382463558066317,0.5815,0.0,9.4965,0.6,0.3,1.0,0.0,0.0,0.0,0.3079,-0.0135,0.0,0.3,0.0
41.3693,0.9898022684085508,0.03356883952953115,-0.015441926182341444,-0.13757234235741883,0.5815,0.0,9.4744,0.6,0.3,1.0,0.0,0.0,0.0,0.3079,-0.0135,0.0,0.3,0.0
41.3894,0.9898735484364511,0.03314218576848718,-0.014465081079632099,-0.13726876941852323,0.5815,0.0,9.4402,0.6,0.3,1.0,0.0,0.0,0.0,0.2809,-0.0135,0.0,0.3,0.0
41.4094,0.9898989245503922,0.03301899680548197,-0.013610586478480154,-0.1372028314563829,0.5815,0.0,9.7348,0.6,0.3,1.0,0.0,0.0,0.0,0.3348,-0.0135,0.0,0.3,0.0
41.4295,0.9900056875039439,0.032471514539480766,-0.011902188600563579,-0.1367211664661781,0.5815,0.0,9.9098,0.6,0.3,1.0,0.0,0.0,0.0,0.2578,-0.0135,0.0,0.3,0.0
41.4496,0.9900979801841385,0.03228754280746569,-0.011046843576377393,-0.13616707187034804,0.5815,0.0,9.4751,0.6,0.3,1.0,0.0,0.0,0.0,0.3541,-0.0135,0.0,0.3,0.0
41.4696,0.990176255801424,0.032410106567765586,-0.010376034117467927,-0.13562044593398237,0.5815,0.0,9.6832,0.6,0.3,1.0,0.0,0.0,0.0,0.2463,-0.0135,0.0,0.3,0.0
41.4897,0.9902014363096225,0.03228892726378633,-0.009888283968790853,-0.13550189130291498,0.5815,0.0,9.2408,0.6,0.3,1.0,0.0,0.0,0.0,0.3579,-0.0135,0.0,0.3,0.0
41.5098,0.9901985089992138,0.032471836523227236,-0.009583246878817602,-0.1355014907216977,0.5815,0.0,9.7704,0.6,0.3,1.0,0.0,0.0,0.0,0.2386,-0.0135,0.0,0.3,0.0
41.5298,0.9901957385308141,0.03259374847217084,-0.009460217241332067,-0.13550111160317263,0.5815,0.0,9.3504,0.6,0.3,1.0,0.0,0.0,0.0,0.3618,-0.0135,0.0,0.3,0.0
41.5499,0.9902016742534315,0.03271594738818471,-0.009277268651083276,-0.13544092209731234,0.5815,0.0,9.7246,0.6,0.3,1.0,0.0,0.0,0.0,0.2424,-0.0135,0.0,0.3,0.0
41.57,0.9902121554765636,0.03271427830837538,-0.009154798041056894,-0.13537301361071769,0.5815,0.0,9.3005,0.6,0.3,1.0,0.0,0.0,0.0,0.3541,-0.0135,0.0,0.3,0.0
41.5901,0.9902121554765636,0.03271427830837538,-0.009154798041056894,-0.13537301361071769,0.5815,0.0,9.3005,0.6,0.3,1.0,0.0,0.0,0.0,0.2617,-0.0135,0.0,0.3,0.0
41.6102,0.9902591235060801,0.032593826926194884,-0.008911226083494077,-0.13507442692443378,0.5815,0.0,9.8432,0.6,0.3,1.0,0.0,0.0,0.0,0.331,-0.0135,0.0,0.3,0.0
41.6312,0.9902841268083105,0.03210364750610071,-0.008910902159446277,-0.13500851762393026,0.5815,0.0,9.4422,0.6,0.3,1.0,0.0,0.0,0.0,0.2771,-0.0135,0.0,0.3,0.0
41.6513,0.9902782940559782,0.03173746459060042,-0.00903284761632407,-0.13512972036854917,0.5815,0.0,9.7785,0.6,0.3,1.0,0.0,0.0,0.0,0.3156,-0.0135,0.0,0.3,0.0
41.6714,0.9902774128699208,0.031188446099394588,-0.009215836328578036,-0.1352515979584955,0.5815,0.0,9.4468,0.6,0.3,1.0,0.0,0.0,0.0,0.2925,-0.0135,0.0,0.3,0.0
41.6914,0.9902704393631344,0.030883234035606607,-0.0092157714309076,-0.13537264249463418,0.5815,0.0,9.9244,0.6,0.3,1.0,0.0,0.0,0.0,0.3002,-0.0135,0.0,0.3,0.0
41.7115,0.9902791624083046,0.03057851095611262,-0.009276851634777353,-0.13537383495845853,0.568,0.0,9.4247,0.6,0.3,1.0,0.0,0.0,0.0,0.3194,-0.0135,0.0,0.3,0.0
41.7316,0.9903028997638965,0.03033424197985251,-0.009277074004321605,-0.13525507894583533,0.5815,0.0,9.6873,0.6,0.3,1.0,0.0,0.0,0.0,0.2732,-0.0135,0.0,0.3,0.0
41.7516,0.9903203475588304,0.030334776428084118,-0.009155234331084262,-0.13513545883430683,0.5815,0.0,9.3849,0.6,0.3,1.0,0.0,0.0,0.0,0.3348,-0.0135,0.0,0.3,0.0
41.7717,0.9903112969943871,0.02990749217072805,-0.008850145641854521,-0.13531722683927067,0.5815,0.0,9.7184,0.6,0.3,1.0,0.0,0.0,0.0,0.2578,-0.0135,0.0,0.3,0.0
41.7918,0.990328171872988,0.02990800179361246,-0.008789294404790177,-0.13519752855464773,0.5815,0.0,9.7074,0.6,0.3,1.0,0.0,0.0,0.0,0.3541,-0.0135,0.0,0.3,0.0
41.8119,0.9903095860995299,0.02972443780613093,-0.008728128555103977,-0.13537799395918382,0.5815,0.0,9.5387,0.6,0.3,1.0,0.0,0.0,0.0,0.2424,-0.0135,0.0,0.3,0.0
41.8319,0.9902942699350323,0.029723978086882093,-0.008605993655487391,-0.13549790010820711,0.5815,0.0,9.8313,0.6,0.3,1.0,0.0,0.0,0.0,0.3618,-0.0135,0.0,0.3,0.0
41.852,0.9902906493493073,0.029357871021864157,-0.008361963263329514,-0.13561940418234258,0.5815,0.0,9.4527,0.6,0.3,1.0,0.0,0.0,0.0,0.2386,-0.0135,0.0,0.3,0.0
41.8721,0.9902499587067853,0.02935847313636353,-0.008179131813553958,-0.13592719058042826,0.5815,0.0,9.4835,0.6,0.3,1.0,0.0,0.0,0.0,0.3579,-0.0135,0.0,0.3,0.0
41.8921,0.9902303909500145,0.02893089455681674,-0.008056970635106716,-0.1361685037125291,0.5815,0.0,9.382,0.6,0.3,1.0,0.0,0.0,0.0,0.2424,-0.0135,0.0,0.3,0.0
41.9122,0.990198849255564,0.02887075367436613,-0.00793520714950104,-0.13641756119622372,0.5815,0.0,9.602,0.6,0.3,1.0,0.0,0.0,0.0,0.3541,-0.0135,0.0,0.3,0.0
41.9323,0.9901767627887577,0.02850310831518125,-0.007874029922244575,-0.1366585193185292,0.5815,0.0,9.2554,0.6,0.3,1.0,0.0,0.0,0.0,0.2578,-0.0135,0.0,0.3,0.0
41.9523,0.9901545602644012,0.028686465769420976,-0.007934852228547956,-0.1367774527814481,0.5815,0.0,9.7162,0.6,0.3,1.0,0.0,0.0,0.0,0.3348,-0.0135,0.0,0.3,0.0
41.9724,0.9901653399942147,0.028563779028103926,-0.008056937670824578,-0.13671794233802476,0.5815,0.0,9.4848,0.6,0.3,1.0,0.0,0.0,0.0,0.2848,-0.0135,0.0,0.3,0.0
41.9925,0.990162168826275,0.028930683533395635,-0.0081789105326343,-0.13665650514350633,0.5815,0.0,9.4809,0.6,0.3,1.0,0.0,0.0,0.0,0.3079,-0.0135,0.0,0.3,0.0
42.0125,0.990166422966635,0.029052807021045467,-0.00823994526738769,-0.13659609268074716,0.5815,0.0,9.2914,0.6,0.3,1.0,0.0,0.0,0.0,0.3117,-0.0135,0.0,0.3,0.0
42.0326,0.9901659713308087,0.029601789872410786,-0.008361940642966654,-0.13647403124239124,0.5815,0.0,9.7617,0.6,0.3,1.0,0.0,0.0,0.0,0.2848,-0.0135,0.0,0.3,0.0
42.0527,0.9901613706299262,0.02972365089797836,-0.008483900357234836,-0.13647339713031878,0.5815,0.0,9.4325,0.6,0.3,1.0,0.0,0.0,0.0,0.3233,-0.0135,0.0,0.3,0.0
42.0727,0.990148199385443,0.03015024481547214,-0.008544785975530138,-0.13647158174493573,0.5815,0.0,9.8577,0.6,0.3,1.0,0.0,0.0,0.0,0.2694,-0.0135,0.0,0.3,0.0
42.0928,0.9901600749352604,0.030028608021255815,-0.008544888459210458,-0.1364122193416894,0.5815,0.0,9.4244,0.6,0.3,1.0,0.0,0.0,0.0,0.3464,-0.0135,0.0,0.3,0.0
42.1129,0.9901841208906149,0.03009033794861969,-0.008423094600904735,-0.13623153003457836,0.5815,0.0,9.7892,0.6,0.3,1.0,0.0,0.0,0.0,0.2463,-0.0135,0.0,0.3,0.0
42.133,0.9901928713181427,0.029846598965394225,-0.008240165364700404,-0.13623273393606022,0.5815,0.0,9.4308,0.6,0.3,1.0,0.0,0.0,0.0,0.3618,-0.0135,0.0,0.3,0.0
42.153,0.9901979462453425,0.029724748861256124,-0.008057202986648516,-0.13623343215478806,0.5815,0.0,9.9188,0.6,0.3,1.0,0.0,0.0,0.0,0.2386,-0.0135,0.0,0.3,0.0
42.1731,0.9901934959411285,0.029358607691625252,-0.00787416298671085,-0.13635582241897198,0.5815,0.0,9.344,0.6,0.3,1.0,0.0,0.0,0.0,0.3618,-0.0135,0.0,0.3,0.0
42.1932,0.9902054878372382,0.028992951235165182,-0.007690252310927844,-0.1363574737778861,0.5815,0.0,9.8093,0.6,0.3,1.0,0.0,0.0,0.0,0.2424,-0.0135,0.0,0.3,0.0
42.2132,0.9902132904526852,0.02880839749458352,-0.007506843000167945,-0.13635014834180104,0.5815,0.0,9.4088,0.6,0.3,1.0,0.0,0.0,0.0,0.3502,-0.0135,0.0,0.3,0.0
42.2333,0.9902276302178683,0.02838081743629619,-0.0072019536723936795,-0.13635212289529244,0.5815,0.0,9.7775,0.6,0.3,1.0,0.0,0.0,0.0,0.254,-0.0135,0.0,0.3,0.0
42.2534,0.9902236761634753,0.028258705381458978,-0.007079926186373526,-0.1364125777949094,0.5815,0.0,9.5901,0.6,0.3,1.0,0.0,0.0,0.0,0.3387,-0.0135,0.0,0.3,0.0
42.2734,0.9902268761161238,0.027892799333800948,-0.006896950382003549,-0.13647401817948884,0.5815,0.0,9.6978,0.6,0.3,1.0,0.0,0.0,0.0,0.2694,-0.0135,0.0,0.3,0.0
42.2935,0.9902340007535682,0.02764900002104089,-0.006836000005202193,-0.1364750001038575,0.5815,0.0,9.719,0.6,0.3,1.0,0.0,0.0,0.0,0.3233,-0.0135,0.0,0.3,0.0
42.3136,0.9902294403831826,0.026916876058380272,-0.006774968803935291,-0.13665737074659629,0.5815,0.0,9.5515,0.6,0.3,1.0,0.0,0.0,0.0,0.2886,-0.0135,0.0,0.3,0.0
42.3337,0.9901990609820923,0.02648969718054789,-0.0066531751044654405,-0.13696660481480544,0.5815,0.0,9.778,0.6,0.3,1.0,0.0,0.0,0.0,0.3079,-0.0135,0.0,0.3,0.0
42.3538,0.9901806697953961,0.02533019620401423,-0.006409049643566013,-0.13733006373869205,0.5815,0.0,9.5377,0.6,0.3,1.0,0.0,0.0,0.0,0.304,-0.0135,0.0,0.3,0.0
42.3738,0.9901499514987742,0.023925443068594753,-0.006164856495773911,-0.13781379199968752,0.5815,0.0,9.8092,0.6,0.3,1.0,0.0,0.0,0.0,0.2848,-0.0135,0.0,0.3,0.0
42.3939,0.9900801579434754,0.02142363092772299,-0.005859172553121829,-0.13873708581878327,0.5815,0.0,9.263,0.6,0.3,1.0,0.0,0.0,0.0,0.3348,-0.0135,0.0,0.3,0.0
42.414,0.9899475860860028,0.01916535982614738,-0.005615105422583745,-0.14001762880553228,0.5815,0.0,9.3897,0.6,0.3,1.0,0.0,0.0,0.0,0.2578,-0.0135,0.0,0.3,0.0
42.4341,0.9897775146958194,0.016662503626844866,-0.005492836369336782,-0.14153678364323646,0.5815,0.0,9.0851,0.6,0.3,1.0,0.0,0.0,0.0,0.3541,-0.0135,0.0,0.3,0.0
42.4541,0.9895623296835693,0.014708990036324742,-0.005431996320437554,-0.14324990296441087,0.5815,0.0,9.4969,0.6,0.3,1.0,0.0,0.0,0.0,0.2424,-0.0135,0.0,0.3,0.0
42.4742,0.9893145710593031,0.01269494316757068,-0.005431975682256313,-0.14514135023454458,0.5815,0.0,9.2488,0.6,0.3,1.0,0.0,0.0,0.0,0.3656,-0.0135,0.0,0.3,0.0
42.4943,0.989065741355906,0.010741899445082671,-0.00573694629644752,-0.14697162419867202,0.5815,0.0,9.494,0.6,0.3,1.0,0.0,0.0,0.0,0.2424,-0.0135,0.0,0.3,0.0
42.5143,0.9888070294337661,0.008788786943060413,-0.0064698431586757135,-0.1488003927949893,0.5815,0.0,9.1495,0.6,0.3,1.0,0.0,0.0,0.0,0.3541,-0.0135,0.0,0.3,0.0
42.5344,0.9885552989532036,0.007141218876431882,-0.007202220746122729,-0.15051761332423916,0.5815,0.0,9.4221,0.6,0.3,1.0,0.0,0.0,0.0,0.2386,-0.0135,0.0,0.3,0.0
42.5545,0.9882759581441826,0.00610396885957748,-0.008056958896070731,-0.15234322279545737,0.5815,0.0,9.3736,0.6,0.3,1.0,0.0,0.0,0.0,0.3541,-0.0135,0.0,0.3,0.0
42.5745,0.987967699895432,0.005370954877586467,-0.009154923087749782,-0.15429570373244433,0.5815,0.0,9.4966,0.6,0.3,1.0,0.0,0.0,0.0,0.2578,-0.0135,0.0,0.3,0.0
42.5946,0.987676259230573,0.005432028924753763,-0.010437055575783321,-0.15606783103820798,0.5815,0.0,9.4649,0.6,0.3,1.0,0.0,0.0,0.0,0.3348,-0.0135,0.0,0.3,0.0
42.6147,0.9874032885397246,0.00537087102413329,-0.011535722981642453,-0.15771121272969307,0.5815,0.0,9.5161,0.6,0.3,1.0,0.0,0.0,0.0,0.2848,-0.0135,0.0,0.3,0.0
42.6348,0.9871720764767289,0.005858935168127041,-0.012572860875381679,-0.15905623996790408,0.5815,0.0,9.8791,0.6,0.3,1.0,0.0,0.0,0.0,0.3079,-0.0135,0.0,0.3,0.0
42.6548,0.9868494889549315,0.006347823037608443,-0.014281601862495863,-0.16088451491773537,0.5815,0.0,9.6192,0.6,0.3,1.0,0.0,0.0,0.0,0.3002,-0.0135,0.0,0.3,0.0
42.6749,0.9866510412435117,0.006653121654549449,-0.015320280136434316,-0.16198996204050817,0.5815,0.0,9.4431,0.6,0.3,1.0,0.0,0.0,0.0,0.2925,-0.0135,0.0,0.3,0.0
42.695,0.9864540495353566,0.0068970283132904426,-0.01623506664727712,-0.1630866694941691,0.5815,0.0,9.6679,0.6,0.3,1.0,0.0,0.0,0.0,0.3194,-0.0135,0.0,0.3,0.0
42.7151,0.9862438951300562,0.007445825565631213,-0.01708959963962361,-0.16424215227674785,0.5815,0.0,9.3756,0.6,0.3,1.0,0.0,0.0,0.0,0.2694,-0.0135,0.0,0.3,0.0
42.7351,0.9860954621478915,0.007996092944753737,-0.017700205743139203,-0.1650409183978503,0.5815,0.0,9.4274,0.6,0.3,1.0,0.0,0.0,0.0,0.3502,-0.0135,0.0,0.3,0.0
42.7552,0.9860642249514259,0.008971820074419825,-0.01788264137214107,-0.16515768784120058,0.5815,0.0,9.6612,0.6,0.3,1.0,0.0,0.0,0.0,0.2463,-0.0135,0.0,0.3,0.0
42.7753,0.9861688864328195,0.009521230617938414,-0.017944434640088946,-0.16449398428155537,0.5815,0.0,9.4891,0.6,0.3,1.0,0.0,0.0,0.0,0.3618,-0.0135,0.0,0.3,0.0
42.7954,0.9864077760171887,0.010193194024814967,-0.017822339243623295,-0.16302810319782784,0.5815,0.0,9.7446,0.6,0.3,1.0,0.0,0.0,0.0,0.2386,-0.0135,0.0,0.3,0.0
42.8154,0.9869000450256108,0.010559246568139119,-0.017456407623206396,-0.1600377370286556,0.5815,0.0,9.3319,0.6,0.3,1.0,0.0,0.0,0.0,0.3618,-0.0135,0.0,0.3,0.0
42.8355,0.9878744414862645,0.01214625133500717,-0.017273357427101826,-0.153812182742147,0.5815,0.0,9.9426,0.6,0.3,1.0,0.0,0.0,0.0,0.2424,-0.0135,0.0,0.3,0.0
42.8556,0.9893061813040191,0.014037818108361228,-0.016601784886380755,-0.14422413125064165,0.5815,0.0,9.7404,0.6,0.3,1.0,0.0,0.0,0.0,0.3541,-0.0135,0.0,0.3,0.0
42.8756,0.9907652319430474,0.01501471557637675,-0.014525724839323914,-0.13396946221767198,0.5815,0.0,9.796,0.6,0.3,1.0,0.0,0.0,0.0,0.2617,-0.0135,0.0,0.3,0.0
42.8957,0.9921719406022746,0.01415977080848409,-0.012206802419432575,-0.12347200146940425,0.568,0.0,9.2742,0.6,0.3,1.0,0.0,0.0,0.0,0.3348,-0.0135,0.0,0.3,0.0
42.9158,0.993519080110981,0.013061856435547628,-0.011107877911963175,-0.11236476498520472,0.568,0.0,9.4925,0.6,0.3,1.0,0.0,0.0,0.0,0.2886,-0.0135,0.0,0.3,0.0
42.9359,0.993519080110981,0.013061856435547628,-0.011107877911963175,-0.11236476498520472,0.568,0.0,9.4925,0.6,0.3,1.0,0.0,0.0,0.0,0.3079,-0.0135,0.0,0.3,0.0
42.9559,0.9955294746848319,0.013610801411022768,-0.01031484950074938,-0.09289464461673443,0.5815,0.0,9.6984,0.6,0.3,1.0,0.0,0.0,0.0,0.2925,-0.027,0.0,0.3,0.0
42.976,0.9966299119059101,0.014892804422460921,-0.009215878973840047,-0.08013794760032206,0.5815,0.0,9.8837,0.6,0.3,1.0,0.0,0.0,0.0,0.3002,-0.027,0.0,0.3,0.0
42.9961,0.9975523173271366,0.01403790595908447,-0.007811947667215262,-0.06805354410454018,0.5815,0.0,9.449,0.6,0.3,1.0,0.0,0.0,0.0,0.3079,-0.027,0.0,0.3,0.0
43.0162,0.998203183312769,0.01159668845544432,-0.006652821272231701,-0.05840943083305667,0.5815,0.0,9.4565,0.6,0.3,1.0,0.0,0.0,0.0,0.2848,-0.027,0.0,0.3,0.0
43.0363,0.9986533777214966,0.008910967678468442,-0.006286977196109424,-0.05071981603096388,0.5815,0.0,8.8234,0.6,0.3,1.0,0.0,0.0,0.0,0.3271,-0.027,0.0,0.3,0.0
43.0563,0.9989759164907746,0.008728121589341215,-0.006714093532405696,-0.04388461134585814,0.5815,0.0,9.6571,0.6,0.3,1.0,0.0,0.0,0.0,0.2617,-0.027,0.0,0.3,0.0
43.0764,0.9991917796968246,0.00964385309890361,-0.0073238884380309,-0.038329416142780626,0.5815,0.0,9.7437,0.6,0.3,1.0,0.0,0.0,0.0,0.3541,-0.027,0.0,0.3,0.0
43.0965,0.9993455376485697,0.010315170700384955,-0.0073851222125393,-0.03387556058900054,0.568,0.0,10.6031,0.6,0.3,1.0,0.0,0.0,0.0,0.2424,-0.0406,0.0,0.3,0.0
43.1165,0.9994271591883358,0.009765767042739753,-0.007873812174332664,-0.03143225020012674,0.5815,0.0,9.1234,0.6,0.3,1.0,0.0,0.0,0.0,0.3618,-0.0406,0.0,0.3,0.0
43.1366,0.999460629856557,0.00854508233232473,-0.008606082920068649,-0.03051829404539336,0.5544,0.0,9.6507,0.6,0.3,1.0,0.0,0.0,0.0,0.2386,-0.027,0.0,0.3,0.0
43.1567,0.9994388023491116,0.006957915082125207,-0.00945988454683881,-0.031371617125098006,0.6085,0.0,9.6846,0.6,0.3,1.0,0.0,0.0,0.0,0.3579,-0.0406,0.0,0.3,0.0
43.1767,0.9994156543077075,0.006348162952946625,-0.010986282010250724,-0.03173881471339318,0.568,0.0,10.4975,0.6,0.3,1.0,0.0,0.0,0.0,0.2463,-0.0135,0.0,0.3,0.0
43.1968,0.9993362513470574,0.005859042514169419,-0.012390089904515969,-0.03375224491180173,0.6356,0.0,9.4331,0.6,0.3,1.0,0.0,0.0,0.0,0.3464,-0.0135,0.0,0.3,0.0
43.2169,0.9992436758206704,0.005431867774268647,-0.013305676105378975,-0.03613212045059815,0.6085,0.0,11.4697,0.6,0.3,1.0,0.0,0.0,0.0,0.2617,0.0,0.0,0.3,0.0
43.237,0.9990658598965818,0.004394920201149731,-0.014342739577950075,-0.040526264162001224,0.568,0.0,9.8457,0.6,0.3,1.0,0.0,0.0,0.0,0.331,0.0135,0.0,0.3,0.0
43.257,0.9988612257938375,0.0037840804116814333,-0.014709312572785984,-0.04522796109384669,0.622,0.0,9.1265,0.6,0.3,1.0,0.0,0.0,0.0,0.2809,0.027,0.0,0.3,0.0
43.2771,0.9987048284360289,0.004638938818680288,-0.015563794734628145,-0.048217364078276814,0.622,0.0,10.2248,0.6,0.3,1.0,0.0,0.0,0.0,0.3117,0.0135,0.0,0.3,0.0
43.2972,0.9985502662357582,0.006226095187032836,-0.017273264080568285,-0.05059877357428311,0.622,0.0,9.1064,0.6,0.3,1.0,0.0,0.0,0.0,0.3079,0.027,0.0,0.3,0.0
43.3173,0.9984899256833615,0.008362133374093137,-0.017151273558846127,-0.05151482164948977,0.6356,0.0,9.9759,0.6,0.3,1.0,0.0,0.0,0.0,0.2848,0.027,0.0,0.3,0.0
43.3374,0.998413043669589,0.008972000392426339,-0.016663000728823006,-0.05304000231991668,0.6085,0.1001,10.0522,0.6,0.3,1.0,0.0,0.0,0.0,0.3348,0.0406,0.0,0.3,0.0
43.3574,0.9983051239835401,0.009460133841619617,-0.01611322796934639,-0.055115779775989915,0.6356,0.1155,7.8056,0.6,0.3,1.0,0.0,0.0,0.0,0.254,0.0135,0.0,0.3,0.0
43.3775,0.9981861848918412,0.01928733205299798,-0.01464825218604834,-0.055115948882718147,0.622,0.2348,5.1425,0.6,0.3,1.0,0.0,0.0,0.0,0.3579,0.0135,0.0,0.3,0.0
43.3976,0.9978655569932953,0.03283705123642986,-0.013733021427959038,-0.05474908542629648,0.6356,0.1424,14.6345,0.6,0.3,1.0,0.0,0.0,0.0,0.2424,0.0,0.0,0.3,0.0
43.4177,0.9973952090120428,0.045166915162539595,-0.010559213948573155,-0.05523811922315902,0.6085,0.204,10.9105,0.6,0.3,1.0,0.0,0.0,0.0,0.3618,-0.027,0.0,0.3,0.0
43.4377,0.9969980796945777,0.04779047654202075,-0.010192888355397816,-0.060058342169806433,0.622,0.2771,4.4261,0.6,0.3,1.0,0.0,0.0,0.0,0.2501,-0.027,0.0,0.3,0.0
43.4578,0.9968328893048678,0.046204319326985974,-0.009888068338352455,-0.06396544207753992,0.6085,0.2617,13.8455,0.6,0.3,1.0,0.0,0.0,0.0,0.3502,-0.027,0.0,0.3,0.0
43.4779,0.9966625489173304,0.04547189190293809,-0.01062020830879467,-0.06695731332614463,0.5815,0.2925,10.0577,0.6,0.3,1.0,0.0,0.0,0.0,0.2501,-0.0406,0.0,0.3,0.0
43.4979,0.9965460697361981,0.046754176177297296,-0.01202430249087379,-0.0675676997753143,0.5815,0.2424,13.0647,0.6,0.3,1.0,0.0,0.0,0.0,0.3464,-0.027,0.0,0.3,0.0
43.518,0.9964751219630206,0.048889741924061286,-0.012146184323869342,-0.06707901795459487,0.5815,0.3156,8.1984,0.6,0.3,1.0,0.0,0.0,0.0,0.2617,-0.027,0.0,0.3,0.0
43.5381,0.9964081425788779,0.04901144970632586,-0.013367122650516362,-0.06774962163909864,0.5815,0.2463,9.476,0.6,0.3,1.0,0.0,0.0,0.0,0.331,-0.027,0.0,0.3,0.0
43.5582,0.9964089018178232,0.050476501610455686,-0.01397713889787897,-0.06652866112886119,0.5815,0.3233,7.3651,0.6,0.3,1.0,0.0,0.0,0.0,0.2809,-0.027,0.0,0.3,0.0
43.5782,0.9964806518699454,0.04901201576460458,-0.015442320039114155,-0.0662243724873887,0.5815,0.2617,9.1679,0.6,0.3,1.0,0.0,0.0,0.0,0.3079,-0.027,0.0,0.3,0.0
43.5983,0.9965670818706747,0.04693529740119928,-0.017028745087886103,-0.06603901142779944,0.5815,0.3156,7.9258,0.6,0.3,1.0,0.0,0.0,0.0,0.3117,-0.027,0.0,0.3,0.0
43.6184,0.9965852552319607,0.04687515311233612,-0.017761058014468298,-0.06561321431807382,0.5815,0.2848,10.7376,0.6,0.3,1.0,0.0,0.0,0.0,0.2809,-0.027,0.0,0.3,0.0
43.6384,0.9966564469281675,0.04437359869034708,-0.01922625940145162,-0.06585788855723491,0.5815,0.2732,10.8407,0.6,0.3,1.0,0.0,0.0,0.0,0.3348,-0.027,0.0,0.3,0.0
43.6585,0.9967185717532836,0.04376263979784088,-0.01886027573207985,-0.06543095658271403,0.5815,0.331,9.5445,0.6,0.3,1.0,0.0,0.0,0.0,0.2578,-0.027,0.0,0.3,0.0
43.6786,0.9967952143395921,0.040528228470643184,-0.02008160870330855,-0.0659809999818533,0.595,0.2232,10.8438,0.6,0.3,1.0,0.0,0.0,0.0,0.3541,-0.027,0.0,0.3,0.0
43.6987,0.9969206290615217,0.040831878940997046,-0.019164473830093506,-0.06414623883395977,0.5815,0.3425,9.4035,0.6,0.3,1.0,0.0,0.0,0.0,0.2386,-0.0406,0.0,0.3,0.0
43.7187,0.9969468207746124,0.03723095596185518,-0.021300974804423112,-0.06524692282353844,0.622,0.2271,11.5374,0.6,0.3,1.0,0.0,0.0,0.0,0.3618,-0.027,0.0,0.3,0.0
43.7388,0.9969755168830674,0.03875806973667338,-0.019775545812181432,-0.06439377729142792,0.6085,0.3464,9.4256,0.6,0.3,1.0,0.0,0.0,0.0,0.2463,-0.0406,0.0,0.3,0.0
43.7589,0.9969051657445231,0.038086694021033395,-0.02154539260313932,-0.06530919007314101,0.622,0.1924,11.4546,0.6,0.3,1.0,0.0,0.0,0.0,0.3502,-0.027,0.0,0.3,0.0
43.7789,0.9968675115213619,0.04034321130159971,-0.019042627721999876,-0.06530672327198284,0.595,0.3464,6.6001,0.6,0.3,1.0,0.0,0.0,0.0,0.254,-0.027,0.0,0.3,0.0
43.799,0.9967809815888657,0.0373545989137565,-0.020020320989811127,-0.06805509114088948,0.595,0.204,10.8959,0.6,0.3,1.0,0.0,0.0,0.0,0.3387,-0.027,0.0,0.3,0.0
43.8191,0.9968199952551771,0.03955076175013243,-0.017394895214875816,-0.06695559666612401,0.595,0.3464,4.5929,0.6,0.3,1.0,0.0,0.0,0.0,0.2771,-0.027,0.0,0.3,0.0
43.8391,0.9967484806061853,0.038756357679948554,-0.017821704635860434,-0.06835786708578073,0.595,0.2232,10.7614,0.6,0.3,1.0,0.0,0.0,0.0,0.3156,0.0,0.0,0.3,0.0
43.8592,0.9967064732494487,0.04223610480560299,-0.015869039377784673,-0.06738316720607884,0.6085,0.3117,11.5011,0.6,0.3,1.0,0.0,0.0,0.0,0.2963,0.0,0.0,0.3,0.0
43.8793,0.9967064732494487,0.04223610480560299,-0.015869039377784673,-0.06738316720607884,0.6085,0.3117,11.5011,0.6,0.3,1.0,0.0,0.0,0.0,0.2925,0.0,0.0,0.3,0.0
43.8993,0.996659036514439,0.0446177179111926,-0.013733220971253285,-0.0670180783390724,0.6085,0.2771,9.906,0.6,0.3,1.0,0.0,0.0,0.0,0.3271,0.0,0.0,0.3,0.0
43.9194,0.9966778857663896,0.043272866195635556,-0.014281625803162796,-0.0675032313291209,0.6085,0.2963,12.9242,0.6,0.3,1.0,0.0,0.0,0.0,0.2617,-0.0135,0.0,0.3,0.0
43.9395,0.9966317079132798,0.046081477885320785,-0.01263385685523941,-0.06664924484737272,0.6085,0.2463,11.3211,0.6,0.3,1.0,0.0,0.0,0.0,0.2501,-0.0406,0.0,0.3,0.0
43.9596,0.9966899714790697,0.04412737890229035,-0.013976803274957211,-0.066832059331417,0.6085,0.3233,10.3582,0.6,0.3,1.0,0.0,0.0,0.0,0.3541,-0.027,0.0,0.3,0.0
43.9796,0.996652141847153,0.04553241764863103,-0.013000119244316148,-0.0666506113564363,0.6085,0.2309,13.7753,0.6,0.3,1.0,0.0,0.0,0.0,0.2386,-0.027,0.0,0.3,0.0
43.9997,0.9966415036590177,0.04681392971434431,-0.012999980482045446,-0.06591790103195944,0.6085,0.3618,12.9349,0.6,0.3,1.0,0.0,0.0,0.0,0.3541,-0.027,0.0,0.3,0.0
44.0198,0.9965619064137369,0.048644019195105116,-0.012694744037040998,-0.06585567215812595,0.6085,0.2117,11.5488,0.6,0.3,1.0,0.0,0.0,0.0,0.2386,-0.027,0.0,0.3,0.0
44.0398,0.9964959028497489,0.051756696486774785,-0.011474711004786513,-0.06469537062106079,0.595,0.3771,11.0622,0.6,0.3,1.0,0.0,0.0,0.0,0.3541,-0.027,0.0,0.3,0.0
44.0599,0.9964159069822923,0.05169787719905738,-0.011719198848980655,-0.06591911850218514,0.595,0.1963,10.9899,0.6,0.3,1.0,0.0,0.0,0.0,0.2655,-0.027,0.0,0.3,0.0
44.08,0.9964121445529418,0.053406704535025044,-0.01116914734209067,-0.06469785348654673,0.595,0.381,9.1045,0.6,0.3,1.0,0.0,0.0,0.0,0.3233,-0.027,0.0,0.3,0.0
44.1001,0.996454380179551,0.05120771119787492,-0.012938927026818143,-0.06549063064482165,0.595,0.1539,12.4068,0.6,0.3,1.0,0.0,0.0,0.0,0.2886,-0.027,0.0,0.3,0.0
44.1201,0.9964752784766815,0.053406818861093934,-0.012146186231637768,-0.06353897421256383,0.5815,0.2963,13.9613,0.6,0.3,1.0,0.0,0.0,0.0,0.2963,-0.027,0.0,0.3,0.0
44.1402,0.9967917274475534,0.04742527163621593,-0.014038376417619751,-0.06292868733662611,0.568,0.3117,8.3944,0.6,0.3,1.0,0.0,0.0,0.0,0.3233,-0.0406,0.0,0.3,0.0
44.1603,0.9968090684142403,0.05096313435109372,-0.011107811325091206,-0.060423973651299645,0.6085,0.1501,9.8866,0.6,0.3,1.0,0.0,0.0,0.0,0.2617,-0.027,0.0,0.3,0.0
44.1803,0.9968366323939777,0.05658060349634868,-0.00988810546786665,-0.05493258591837091,0.568,0.304,15.4038,0.6,0.3,1.0,0.0,0.0,0.0,0.3425,-0.027,0.0,0.3,0.0
44.2004,0.9969389302796747,0.05883746472212744,-0.007323933370013612,-0.050963536355731094,0.568,0.2617,7.5288,0.6,0.3,1.0,0.0,0.0,0.0,0.254,0.0,0.0,0.3,0.0
44.2205,0.9968409795397724,0.06347795388387356,-0.0054320816279471405,-0.04742471265165049,0.568,0.304,8.6325,0.6,0.3,1.0,0.0,0.0,0.0,0.3541,-0.027,0.0,0.3,0.0
44.2405,0.996595731813967,0.06958095873657745,-0.00164802270764413,-0.0441896088762665,0.622,0.2655,9.4606,0.6,0.3,1.0,0.0,0.0,0.0,0.2424,-0.027,0.0,0.3,0.0
44.2606,0.9962487387827577,0.07623083751168194,-0.00030499134811776824,-0.04095383823660259,0.595,0.3002,11.1585,0.6,0.3,1.0,0.0,0.0,0.0,0.3541,-0.027,0.0,0.3,0.0
44.2807,0.9960083177112611,0.08019801259641311,0.0022579440454202214,-0.03912303048406563,0.595,0.2848,10.1814,0.6,0.3,1.0,0.0,0.0,0.0,0.2386,0.0,0.0,0.3,0.0
44.3008,0.9960083177112611,0.08019801259641311,0.0022579440454202214,-0.03912303048406563,0.595,0.2848,10.1814,0.6,0.3,1.0,0.0,0.0,0.0,0.3618,0.0,0.0,0.3,0.0
44.3208,0.9959544306612942,0.08178555724507844,0.005187908481634834,-0.03686434968686725,0.6085,0.2463,9.8194,0.6,0.3,1.0,0.0,0.0,0.0,0.2463,0.0,0.0,0.3,0.0
44.3409,0.9957730842548177,0.0851426391392074,0.00872786049994131,-0.033324467364865336,0.622,0.3117,8.8416,0.6,0.3,1.0,0.0,0.0,0.0,0.3502,0.0,0.0,0.3,0.0
44.361,0.9958353127219925,0.0853257415560872,0.010375846969727777,-0.030395551705073846,0.5815,0.2578,8.018,0.6,0.3,1.0,0.0,0.0,0.0,0.254,0.0,0.0,0.3,0.0
44.3811,0.9955452035322484,0.08905010765425408,0.013977016897063571,-0.02764903342540681,0.5815,0.3194,10.3388,0.6,0.3,1.0,0.0,0.0,0.0,0.3387,0.0,0.0,0.3,0.0
44.4011,0.9954352550004982,0.09027220204511252,0.016357217809173562,-0.026306350289669267,0.5815,0.2694,9.705,0.6,0.3,1.0,0.0,0.0,0.0,0.2771,0.0,0.0,0.3,0.0
44.4212,0.9948988409516293,0.09564448421687566,0.020935543768222035,-0.024292630963346218,0.5815,0.3117,10.0902,0.6,0.3,1.0,0.0,0.0,0.0,0.3156,-0.0135,0.0,0.3,0.0
44.4413,0.9945915943770129,0.09930635581278996,0.021606512564359366,-0.021423508223006205,0.5815,0.2694,10.5907,0.6,0.3,1.0,0.0,0.0,0.0,0.2886,-0.0135,0.0,0.3,0.0
44.4613,0.9940192090790404,0.104736022029863,0.024170005083846906,-0.019287004056771088,0.5815,0.2655,12.2281,0.6,0.3,1.0,0.0,0.0,0.0,0.2963,-0.027,0.0,0.3,0.0
44.4814,0.9939854218134103,0.10528890468314225,0.02441467354571583,-0.017639486633606982,0.5815,0.2194,16.0232,0.6,0.3,1.0,0.0,0.0,0.0,0.3156,-0.027,0.0,0.3,0.0
44.5015,0.9943115951602648,0.10211072608627061,0.024718691614369778,-0.0175167814640122,0.568,0.2809,10.8851,0.6,0.3,1.0,0.0,0.0,0.0,0.2732,-0.0406,0.0,0.3,0.0
44.5215,0.9948528257338257,0.0971660296046876,0.02270453958272718,-0.01763864231225382,0.5815,0.2655,6.7296,0.6,0.3,1.0,0.0,0.0,0.0,0.3425,-0.027,0.0,0.3,0.0
44.5416,0.9947922792925634,0.0982650519990132,0.022094561998618034,-0.015624690256999696,0.568,0.2771,9.9253,0.6,0.3,1.0,0.0,0.0,0.0,0.254,-0.027,0.0,0.3,0.0
44.5617,0.994437827572968,0.10205016133771863,0.021300824946886825,-0.01501487660567596,0.5139,0.2771,9.6571,0.6,0.3,1.0,0.0,0.0,0.0,0.3541,-0.0406,0.0,0.3,0.0
44.5817,0.9939631493592064,0.10644555145543447,0.021851113202618247,-0.015137078419661776,0.5274,0.2771,9.0789,0.6,0.3,1.0,0.0,0.0,0.0,0.2424,-0.0406,0.0,0.3,0.0
44.6018,0.9936865898869405,0.10906710122436618,0.021056440363816632,-0.015746581488769507,0.5815,0.2771,9.9835,0.6,0.3,1.0,0.0,0.0,0.0,0.3579,-0.0135,0.0,0.3,0.0
44.6219,0.9935099871132304,0.11108176241128713,0.018981617641524017,-0.01544168894849929,0.5409,0.2771,11.7496,0.6,0.3,1.0,0.0,0.0,0.0,0.2386,-0.027,0.0,0.3,0.0
44.6419,0.9935636281794668,0.11083694653777268,0.015685567876141303,-0.01733352247641423,0.6085,0.2771,9.9528,0.6,0.3,1.0,0.0,0.0,0.0,0.3541,0.027,0.0,0.3,0.0
44.662,0.9936331719863627,0.11047190670578981,0.012755758295518014,-0.018065657680058692,0.5815,0.2771,11.1071,0.6,0.3,1.0,0.0,0.0,0.0,0.2386,0.0135,0.0,0.3,0.0
44.6821,0.9937242058399005,0.10986423889612898,0.008911100487001132,-0.01904321474289783,0.622,0.2771,9.6015,0.6,0.3,1.0,0.0,0.0,0.0,0.3541,0.0,0.0,0.3,0.0
44.7022,0.9937319152633369,0.10962108659064713,0.007874149881085916,-0.020447389207336075,0.6356,0.2771,10.423,0.6,0.3,1.0,0.0,0.0,0.0,0.2617,0.0135,0.0,0.3,0.0
44.7222,0.9935968806667431,0.1110236571006217,0.0032960195077024676,-0.02069112246173288,0.595,0.2771,10.7802,0.6,0.3,1.0,0.0,0.0,0.0,0.331,0.0,0.0,0.3,0.0
44.7423,0.9936087509664778,0.11059797584910548,0.0036620654233374267,-0.022278398006857103,0.622,0.2771,9.3056,0.6,0.3,1.0,0.0,0.0,0.0,0.2771,0.0,0.0,0.3,0.0
44.7624,0.9937686784043418,0.10870341789709287,0.0037839797369241257,-0.0243528695912561,0.595,0.2771,8.9132,0.6,0.3,1.0,0.0,0.0,0.0,0.3156,0.027,0.0,0.3,0.0
44.7824,0.9939296318317654,0.1070529445563912,0.003356904189170215,-0.025145282317805773,0.5815,0.2771,9.8715,0.6,0.3,1.0,0.0,0.0,0.0,0.2925,-0.0135,0.0,0.3,0.0
44.8025,0.9941667535224302,0.10425070057588041,0.0044561154340239046,-0.027283706774343334,0.622,0.2771,8.0902,0.6,0.3,1.0,0.0,0.0,0.0,0.3002,-0.0135,0.0,0.3,0.0
44.8226,0.9944132603282185,0.10138188118164944,0.004456126639101118,-0.029053825683528715,0.5815,0.2771,8.5537,0.6,0.3,1.0,0.0,0.0,0.0,0.3079,-0.0135,0.0,0.3,0.0
44.8426,0.9945886960092795,0.0993670676906577,0.0042110876268843175,-0.030029624874782557,0.622,0.2771,9.4686,0.6,0.3,1.0,0.0,0.0,0.0,0.2809,-0.0406,0.0,0.3,0.0
44.8627,0.9947701329461336,0.09698686540026674,0.005493105651839629,-0.03155560692586912,0.595,0.2771,10.7601,0.6,0.3,1.0,0.0,0.0,0.0,0.331,-0.0406,0.0,0.3,0.0
44.8828,0.9949697253747214,0.09435760308982327,0.005431862017633751,-0.03320215658532649,0.6356,0.2771,9.1103,0.6,0.3,1.0,0.0,0.0,0.0,0.2655,-0.0541,0.0,0.3,0.0
44.9028,0.9950917980296918,0.09277065046482835,0.005858851617102298,-0.033935140549237575,0.5815,0.2771,12.1735,0.6,0.3,1.0,0.0,0.0,0.0,0.3541,-0.027,0.0,0.3,0.0
44.9229,0.995162328973292,0.09136856120039799,0.0053709154230856815,-0.03570543773909829,0.622,0.2771,8.9704,0.6,0.3,1.0,0.0,0.0,0.0,0.2463,-0.0406,0.0,0.3,0.0
44.943,0.995315243085508,0.08838035353024626,0.005859089730973578,-0.03875759356602532,0.622,0.2771,9.9714,0.6,0.3,1.0,0.0,0.0,0.0,0.3541,-0.0135,0.0,0.3,0.0
44.963,0.9953166791838864,0.08801447491712187,0.0043950736511737054,-0.039734665860235725,0.6085,0.2771,10.4141,0.6,0.3,1.0,0.0,0.0,0.0,0.2386,-0.0135,0.0,0.3,0.0
44.9831,0.9952718520254641,0.08715553509377616,0.003539899885632629,-0.04272379169877222,0.622,0.2771,9.686,0.6,0.3,1.0,0.0,0.0,0.0,0.3579,0.0,0.0,0.3,0.0
45.0032,0.9952726380501313,0.0860576341109156,0.0029299194509061627,-0.04492076504218634,0.622,0.2771,9.5358,0.6,0.3,1.0,0.0,0.0,0.0,0.2386,0.0,0.0,0.3,0.0
45.0232,0.9952813934489843,0.08495941170382716,0.0023189566476521724,-0.04681312483966716,0.595,0.2771,10.2489,0.6,0.3,1.0,0.0,0.0,0.0,0.3541,0.0,0.0,0.3,0.0
45.0433,0.9953374408675327,0.08343302518260469,0.00237994366794031,-0.04833885584379589,0.6085,0.2771,9.1871,0.6,0.3,1.0,0.0,0.0,0.0,0.2501,0.0,0.0,0.3,0.0
45.0634,0.995392476359593,0.08233860371618285,0.002441077191886937,-0.0490735518067495,0.622,0.2771,10.0168,0.6,0.3,1.0,0.0,0.0,0.0,0.3425,0.0,0.0,0.3,0.0
45.0835,0.9954473096586949,0.0814230702151656,0.0021360543100624532,-0.0495012585899301,0.6356,0.2771,9.2748,0.6,0.3,1.0,0.0,0.0,0.0,0.2771,0.0,0.0,0.3,0.0
45.1035,0.9954641053771677,0.08111446038935304,0.001830965246966153,-0.04968205699891793,0.5815,0.2771,9.8306,0.6,0.3,1.0,0.0,0.0,0.0,0.3156,0.0,0.0,0.3,0.0
45.1236,0.9954764364796546,0.080504469206199,0.002013986721089198,-0.05041466759866498,0.5815,0.2771,8.9968,0.6,0.3,1.0,0.0,0.0,0.0,0.3002,0.0,0.0,0.3,0.0
45.1437,0.9955077254621506,0.08001898743454677,0.0026860667139382154,-0.050538255220511814,0.5815,0.2771,9.2906,0.6,0.3,1.0,0.0,0.0,0.0,0.2925,0.0,0.0,0.3,0.0
45.1638,0.9955219186299578,0.08007622385354113,0.002624941776961799,-0.050169887196933105,0.5815,0.2771,9.3607,0.6,0.3,1.0,0.0,0.0,0.0,0.3194,0.0,0.0,0.3,0.0
45.1839,0.9955052941252993,0.08050680293240288,0.002686060153734987,-0.049806115397159456,0.5815,0.2771,9.5604,0.6,0.3,1.0,0.0,0.0,0.0,0.2732,0.0,0.0,0.3,0.0
45.204,0.9954838726106853,0.08068807072869248,0.0029300025683505625,-0.04992704376451807,0.5815,0.2771,9.2864,0.6,0.3,1.0,0.0,0.0,0.0,0.3425,0.0,0.0,0.3,0.0
45.224,0.9954652524133749,0.08068656148495792,0.0030519455885892888,-0.05029210337055068,0.5815,0.2771,9.4362,0.6,0.3,1.0,0.0,0.0,0.0,0.254,0.0,0.0,0.3,0.0
45.2441,0.9954286606295608,0.08105554236025429,0.0031740212380661076,-0.050415337339981714,0.5815,0.2771,9.2833,0.6,0.3,1.0,0.0,0.0,0.0,0.3579,0.0,0.0,0.3,0.0
45.2642,0.9953923401674623,0.08141857396036548,0.0033568999740232613,-0.05053549418743308,0.5815,0.2771,9.5948,0.6,0.3,1.0,0.0,0.0,0.0,0.2424,0.0,0.0,0.3,0.0
45.2842,0.9953623662099398,0.08184811234270897,0.003601004942650962,-0.05041506919848593,0.5815,0.2771,9.5214,0.6,0.3,1.0,0.0,0.0,0.0,0.3579,0.0,0.0,0.3,0.0
45.3043,0.9953642859134512,0.08184827019889684,0.003906012894595981,-0.050354166230026975,0.5815,0.2771,9.3164,0.6,0.3,1.0,0.0,0.0,0.0,0.2386,0.0,0.0,0.3,0.0
45.3244,0.9953489958683752,0.08209100996404989,0.004271948479345394,-0.050231394198145374,0.5815,0.2771,9.5922,0.6,0.3,1.0,0.0,0.0,0.0,0.3579,0.0,0.0,0.3,0.0
45.3445,0.9953412188434071,0.08202936976930332,0.004394912656630897,-0.05047499687283281,0.5815,0.2771,9.168,0.6,0.3,1.0,0.0,0.0,0.0,0.2463,0.0,0.0,0.3,0.0
45.3645,0.9952942004674495,0.08251951916263833,0.004455974035248639,-0.05059770516954881,0.5815,0.2771,9.824,0.6,0.3,1.0,0.0,0.0,0.0,0.3464,0.0,0.0,0.3,0.0
45.3846,0.9952780222645492,0.08264017513914082,0.004455901604753176,-0.05071888002537722,0.5815,0.2771,9.3203,0.6,0.3,1.0,0.0,0.0,0.0,0.2617,0.0,0.0,0.3,0.0
45.4047,0.9952363094171077,0.08325177493204453,0.004455987953408826,-0.05053686337554336,0.5815,0.2771,9.7998,0.6,0.3,1.0,0.0,0.0,0.0,0.331,0.0,0.0,0.3,0.0
45.4247,0.9952345882886121,0.0833126306887985,0.004394980517773581,-0.05047577624917837,0.5815,0.2771,9.3009,0.6,0.3,1.0,0.0,0.0,0.0,0.2848,0.0,0.0,0.3,0.0
45.4448,0.9952110847210776,0.08367665290284551,0.00421088188642172,-0.05035258762975037,0.5815,0.2771,9.7521,0.6,0.3,1.0,0.0,0.0,0.0,0.3079,0.0,0.0,0.3,0.0
45.4649,0.9952275393794477,0.08349503850635515,0.0039059550206695386,-0.05035342015125289,0.5815,0.2771,9.2049,0.6,0.3,1.0,0.0,0.0,0.0,0.3002,0.0,0.0,0.3,0.0
45.4849,0.9952312891196637,0.08349535309240841,0.003722971155061775,-0.05029261034153138,0.5815,0.2771,9.8736,0.6,0.3,1.0,0.0,0.0,0.0,0.2925,0.0,0.0,0.3,0.0
45.505,0.9952460829676462,0.08325259249207725,0.0035400251936524574,-0.050415358796041865,0.5815,0.2771,9.3015,0.6,0.3,1.0,0.0,0.0,0.0,0.3233,0.0,0.0,0.3,0.0
45.5251,0.9952484952623315,0.08319179369917037,0.003418032610063168,-0.050476481575643106,0.5815,0.2771,9.8429,0.6,0.3,1.0,0.0,0.0,0.0,0.2655,0.0,0.0,0.3,0.0
45.5452,0.9952559305088227,0.08307041312834143,0.00329605606990592,-0.05053785971020475,0.5815,0.2771,9.1357,0.6,0.3,1.0,0.0,0.0,0.0,0.3425,0.0,0.0,0.3,0.0
45.5652,0.9952775464584108,0.08288413012735038,0.003356924267518234,-0.05041386265919895,0.5815,0.2771,9.5419,0.6,0.3,1.0,0.0,0.0,0.0,0.254,0.0,0.0,0.3,0.0
45.5853,0.9952882756154691,0.08282402434225984,0.0034789590182520078,-0.05029240756106579,0.5815,0.2771,9.2743,0.6,0.3,1.0,0.0,0.0,0.0,0.3464,0.0,0.0,0.3,0.0
45.6054,0.9953094423240119,0.08252078286001957,0.003723035319775248,-0.05035447770399199,0.5815,0.2771,9.5485,0.6,0.3,1.0,0.0,0.0,0.0,0.2501,0.0,0.0,0.3,0.0
45.6254,0.9953272699664151,0.0823992575740206,0.0040891120334499015,-0.050172374622209304,0.5815,0.2771,9.1062,0.6,0.3,1.0,0.0,0.0,0.0,0.3502,0.0,0.0,0.3,0.0
45.6455,0.9953542889354154,0.08209144650763503,0.004455969956122671,-0.05010966214122681,0.5815,0.2771,9.5058,0.6,0.3,1.0,0.0,0.0,0.0,0.2463,0.0,0.0,0.3,0.0
45.6656,0.9953950633187154,0.08160179174969054,0.0050048645618744406,-0.050047645645804884,0.5815,0.2771,9.2466,0.6,0.3,1.0,0.0,0.0,0.0,0.3541,0.0,0.0,0.3,0.0
45.6856,0.9953950633187154,0.08160179174969054,0.0050048645618744406,-0.050047645645804884,0.5815,0.2771,9.2466,0.6,0.3,1.0,0.0,0.0,0.0,0.2424,0.0,0.0,0.3,0.0
45.7057,0.9954099220554609,0.08135901281911821,0.005370934831016285,-0.050109391990732784,0.5815,0.2771,9.8111,0.6,0.3,1.0,0.0,0.0,0.0,0.3541,0.0,0.0,0.3,0.0
45.7258,0.9954434183955776,0.0809347414272633,0.005554119504862308,-0.050111078211856286,0.5815,0.2771,9.2252,0.6,0.3,1.0,0.0,0.0,0.0,0.2424,0.0,0.0,0.3,0.0
45.7458,0.9954608150396617,0.08080919907639816,0.005919868069102947,-0.04992588734562542,0.5815,0.2771,9.8875,0.6,0.3,1.0,0.0,0.0,0.0,0.3618,0.0,0.0,0.3,0.0
45.7659,0.9954925746214538,0.08044477371572213,0.006042058112356349,-0.04986647961449209,0.5815,0.2771,9.3937,0.6,0.3,1.0,0.0,0.0,0.0,0.2463,0.0,0.0,0.3,0.0
45.786,0.995506838601588,0.08026292199163827,0.006104146171078864,-0.04986719412959023,0.5815,0.2771,9.7556,0.6,0.3,1.0,0.0,0.0,0.0,0.3464,0.0,0.0,0.3,0.0
45.8061,0.9955094206833238,0.08020212855347862,0.005981158739131631,-0.049928325090891845,0.5815,0.2771,9.2019,0.6,0.3,1.0,0.0,0.0,0.0,0.2655,0.0,0.0,0.3,0.0
45.8261,0.9955204187748837,0.08007610321056141,0.005858861219194787,-0.04992581739046553,0.5815,0.2771,9.644,0.6,0.3,1.0,0.0,0.0,0.0,0.3233,0.0,0.0,0.3,0.0
45.8462,0.9955108439382065,0.08020224321645289,0.0057371604654961475,-0.049928396472167576,0.5815,0.2771,9.3017,0.6,0.3,1.0,0.0,0.0,0.0,0.2925,0.0,0.0,0.3,0.0
45.8663,0.9955255167346329,0.08007651327221693,0.005492898016987047,-0.04986507418807129,0.5815,0.2771,9.5012,0.6,0.3,1.0,0.0,0.0,0.0,0.3002,0.0,0.0,0.3,0.0
45.8863,0.99551098297856,0.08038525956220807,0.005249147549133908,-0.049684396586705926,0.5815,0.2771,9.4664,0.6,0.3,1.0,0.0,0.0,0.0,0.3156,0.0,0.0,0.3,0.0
45.9064,0.9955285560855978,0.08025975490785556,0.005004922357232253,-0.0495602311581993,0.5815,0.2771,9.3713,0.6,0.3,1.0,0.0,0.0,0.0,0.2771,0.0,0.0,0.3,0.0
45.9265,0.9955020636657748,0.08075154637599166,0.004761091173945478,-0.04931694440963963,0.5815,0.2771,9.8071,0.6,0.3,1.0,0.0,0.0,0.0,0.3348,0.0,0.0,0.3,0.0
45.9465,0.995504267217183,0.080812726423342,0.004517096499910132,-0.049195050966698683,0.5815,0.2771,9.2945,0.6,0.3,1.0,0.0,0.0,0.0,0.2578,0.0,0.0,0.3,0.0
45.9666,0.9954674703034889,0.08141972981917359,0.004394931437286066,-0.0489492363720484,0.5815,0.2771,9.7262,0.6,0.3,1.0,0.0,0.0,0.0,0.3541,0.0,0.0,0.3,0.0
45.9867,0.9954543902461319,0.08166265298297445,0.0042108789776686,-0.04882659670425121,0.5815,0.2771,9.2707,0.6,0.3,1.0,0.0,0.0,0.0,0.2463,0.0,0.0,0.3,0.0
46.0067,0.9954258766587856,0.08215331994385217,0.004211016399687927,-0.048584189209792905,0.5815,0.2771,9.9192,0.6,0.3,1.0,0.0,0.0,0.0,0.3579,0.0,0.0,0.3,0.0
46.0268,0.9954247259589155,0.08227522530973776,0.004211011531805607,-0.04840113254593281,0.5815,0.2771,9.2818,0.6,0.3,1.0,0.0,0.0,0.0,0.2386,0.0,0.0,0.3,0.0
46.0469,0.9954121693609451,0.08264118383994651,0.004210958412792718,-0.048034525613511576,0.5815,0.2771,9.8622,0.6,0.3,1.0,0.0,0.0,0.0,0.3618,0.0,0.0,0.3,0.0
46.067,0.9954214765487954,0.08270295650991742,0.004271997753532139,-0.04772897490129552,0.5815,0.2771,9.3013,0.6,0.3,1.0,0.0,0.0,0.0,0.2424,0.0,0.0,0.3,0.0
46.087,0.9954174268986018,0.08288561921066392,0.0043949798087839775,-0.04748478184757832,0.5815,0.2771,9.9189,0.6,0.3,1.0,0.0,0.0,0.0,0.3541,0.0,0.0,0.3,0.0
46.1071,0.9954046522836795,0.08306755231505128,0.004516921279985167,-0.04742317351826786,0.5815,0.2771,9.1761,0.6,0.3,1.0,0.0,0.0,0.0,0.2617,0.0,0.0,0.3,0.0
46.1272,0.995392793504639,0.0833105555284613,0.004577865677736923,-0.04723961391043458,0.5815,0.2771,9.6919,0.6,0.3,1.0,0.0,0.0,0.0,0.331,0.0,0.0,0.3,0.0
46.1472,0.9953624601151849,0.08374012283989987,0.0045780067155608145,-0.04711906911981417,0.5815,0.2771,9.4151,0.6,0.3,1.0,0.0,0.0,0.0,0.2771,0.0,0.0,0.3,0.0
46.1673,0.9953551429429597,0.08386150652625779,0.0045779730614248365,-0.0470577230940431,0.5815,0.2771,9.7068,0.6,0.3,1.0,0.0,0.0,0.0,0.3156,0.0,0.0,0.3,0.0
46.1874,0.9953270334264539,0.08429228940773215,0.004639126000266585,-0.04687627317579117,0.5815,0.2771,9.0967,0.6,0.3,1.0,0.0,0.0,0.0,0.3002,0.0,0.0,0.3,0.0
46.2075,0.9953204646575435,0.08447473687432602,0.004578094129611424,-0.0466929600480156,0.5815,0.2771,9.3881,0.6,0.3,1.0,0.0,0.0,0.0,0.2925,0.0,0.0,0.3,0.0
46.2275,0.9952749317895392,0.08508085704958243,0.004516886232184637,-0.04656882706062371,0.5815,0.2771,9.1999,0.6,0.3,1.0,0.0,0.0,0.0,0.3271,0.0,0.0,0.3,0.0
46.2476,0.9952588964020573,0.08520670338274254,0.004395087863002814,-0.046692933446945806,0.5815,0.2771,9.7798,0.6,0.3,1.0,0.0,0.0,0.0,0.2655,0.0,0.0,0.3,0.0
46.2677,0.9952330344611927,0.08538748817778677,0.004149975124582102,-0.0469357186620204,0.5815,0.2771,9.4127,0.6,0.3,1.0,0.0,0.0,0.0,0.3464,0.0,0.0,0.3,0.0
46.2878,0.9952148342524172,0.08550792370166782,0.003966903675880214,-0.04711785588701778,0.5815,0.2771,9.6429,0.6,0.3,1.0,0.0,0.0,0.0,0.2501,0.0,0.0,0.3,0.0
46.3079,0.995191300195622,0.0857551460713313,0.0037840505717974537,-0.04718063054371113,0.5815,0.2771,9.9483,0.6,0.3,1.0,0.0,0.0,0.0,0.3541,0.0,0.0,0.3,0.0
46.328,0.9951989647363798,0.08557280266591177,0.003601075859811724,-0.04736399776402728,0.5815,0.2771,9.6086,0.6,0.3,1.0,0.0,0.0,0.0,0.2424,0.0,0.0,0.3,0.0
46.3481,0.995175767857092,0.08575380765734075,0.0032959926072089474,-0.04754589335629744,0.5815,0.2771,9.7825,0.6,0.3,1.0,0.0,0.0,0.0,0.3579,0.0,0.0,0.3,0.0
46.3682,0.9951805167599744,0.08557121640517351,0.003052007718369429,-0.047791120861268965,0.5815,0.2771,9.381,0.6,0.3,1.0,0.0,0.0,0.0,0.2386,0.0,0.0,0.3,0.0
46.3883,0.9951542626803902,0.08581295311182288,0.002929930112656784,-0.04791185716304569,0.5815,0.2771,9.8148,0.6,0.3,1.0,0.0,0.0,0.0,0.3579,0.0,0.0,0.3,0.0
46.4084,0.9951486705217647,0.0855737233764652,0.0027470874258236004,-0.04846354234811166,0.5815,0.2771,9.3188,0.6,0.3,1.0,0.0,0.0,0.0,0.2424,0.0,0.0,0.3,0.0
46.4284,0.9951122871280222,0.0856925941581358,0.002501988150533374,-0.049010767884009154,0.5815,0.2771,9.7462,0.6,0.3,1.0,0.0,0.0,0.0,0.3541,0.0,0.0,0.3,0.0
46.4485,0.9951171690962946,0.0853270144992795,0.00219700037332754,-0.04956100842170469,0.5815,0.2771,9.1738,0.6,0.3,1.0,0.0,0.0,0.0,0.2617,0.0,0.0,0.3,0.0
46.4686,0.9950993114848026,0.08532548328594904,0.002074963116227513,-0.04992611253199547,0.5815,0.2771,9.8223,0.6,0.3,1.0,0.0,0.0,0.0,0.331,0.0,0.0,0.3,0.0
46.4887,0.9951114743712928,0.08489952857214052,0.0018919894942107246,-0.050414720058474194,0.5815,0.2771,9.398,0.6,0.3,1.0,0.0,0.0,0.0,0.2771,0.0,0.0,0.3,0.0
46.5088,0.9950993393152494,0.08471549649817053,0.0018309675046112514,-0.05096309552430761,0.5815,0.2771,9.8873,0.6,0.3,1.0,0.0,0.0,0.0,0.3156,0.0,0.0,0.3,0.0
46.5289,0.9951066554966658,0.08422812441735862,0.0014649847709391278,-0.051635463230178764,0.5815,0.2771,9.4611,0.6,0.3,1.0,0.0,0.0,0.0,0.2886,0.0,0.0,0.3,0.0
46.549,0.9951120112313907,0.08367858049639545,0.001098994490440125,-0.05242873716040486,0.5815,0.2771,10.038,0.6,0.3,1.0,0.0,0.0,0.0,0.304,0.0,0.0,0.3,0.0
46.5691,0.9951317960808232,0.08282623149880285,0.0004880072559181048,-0.05340679407697024,0.5815,0.2771,9.6552,0.6,0.3,1.0,0.0,0.0,0.0,0.3156,0.0,0.0,0.3,0.0
46.5891,0.9951430381880848,0.08197214482345022,-0.0002440063844933657,-0.054505426149290326,0.5815,0.2771,9.749,0.6,0.3,1.0,0.0,0.0,0.0,0.2771,0.0,0.0,0.3,0.0
46.6092,0.9951333900878909,0.08130033903626954,-0.0010990181010942165,-0.055664916814658405,0.5815,0.2771,9.4097,0.6,0.3,1.0,0.0,0.0,0.0,0.3387,0.0,0.0,0.3,0.0
46.6293,0.9951202978246778,0.08081126780821755,-0.0019530064722556094,-0.05658018750651454,0.5815,0.2771,9.7537,0.6,0.3,1.0,0.0,0.0,0.0,0.2501,0.0,0.0,0.3,0.0
46.6494,0.9951041534883168,0.08038196229172184,-0.002807963749986375,-0.05743325855296205,0.5815,0.2771,9.5093,0.6,0.3,1.0,0.0,0.0,0.0,0.3541,0.0,0.0,0.3,0.0
46.6695,0.9951038139612517,0.07964994456513923,-0.0035399530923728717,-0.0584102260109019,0.5815,0.2771,9.2475,0.6,0.3,1.0,0.0,0.0,0.0,0.2386,0.0,0.0,0.3,0.0
46.6896,0.9950705467491052,0.07953016263648438,-0.004333063344237768,-0.059082863721268586,0.5815,0.2771,9.4894,0.6,0.3,1.0,0.0,0.0,0.0,0.3618,0.0,0.0,0.3,0.0
46.7097,0.9950440032576262,0.07958904043518601,-0.005126938187098855,-0.05938628400960422,0.5815,0.2771,9.3716,0.6,0.3,1.0,0.0,0.0,0.0,0.2424,0.0,0.0,0.3,0.0
46.7298,0.9949855453191496,0.08050423502220427,-0.005675946065288248,-0.05908143858868231,0.5815,0.2771,9.578,0.6,0.3,1.0,0.0,0.0,0.0,0.3541,0.0,0.0,0.3,0.0
46.7498,0.9949598572806294,0.08124011128955669,-0.0059811554398537395,-0.05847351962533493,0.5815,0.2771,9.1103,0.6,0.3,1.0,0.0,0.0,0.0,0.2463,0.0,0.0,0.3,0.0
46.7699,0.9949082917760322,0.08251786775540709,-0.00598084545619352,-0.05755451280332292,0.5815,0.2771,9.4903,0.6,0.3,1.0,0.0,0.0,0.0,0.3464,0.0,0.0,0.3,0.0
46.79,0.9948923265626238,0.08319261608172224,-0.005676110262887266,-0.05688610505714281,0.5815,0.2771,9.0437,0.6,0.3,1.0,0.0,0.0,0.0,0.2578,0.0,0.0,0.3,0.0
46.8101,0.9948586257104133,0.08404378568704919,-0.005126925923225653,-0.056273186932631336,0.5815,0.2771,9.4514,0.6,0.3,1.0,0.0,0.0,0.0,0.331,0.0,0.0,0.3,0.0
46.8302,0.9948665054112776,0.08435044935177324,-0.0045169705127616686,-0.055724636223963675,0.5815,0.2771,8.9743,0.6,0.3,1.0,0.0,0.0,0.0,0.2809,0.0,0.0,0.3,0.0
46.8503,0.9948848781432391,0.08465701073814853,-0.003601042993622086,-0.05499365658102201,0.5815,0.2771,9.6479,0.6,0.3,1.0,0.0,0.0,0.0,0.3079,0.0,0.0,0.3,0.0
46.8704,0.994951598281439,0.0843524919910644,-0.0022580399392517284,-0.05432196082377927,0.5815,0.2771,9.1659,0.6,0.3,1.0,0.0,0.0,0.0,0.3079,0.0,0.0,0.3,0.0
46.8905,0.9949543802115135,0.08453573159305047,-0.0012820262604666746,-0.054017106462845854,0.5815,0.2771,9.6131,0.6,0.3,1.0,0.0,0.0,0.0,0.2809,0.0,0.0,0.3,0.0
46.9106,0.9949725675864446,0.08441009691014223,-0.00030499312369795806,-0.053892784946159344,0.5815,0.2771,9.3145,0.6,0.3,1.0,0.0,0.0,0.0,0.3348,0.0,0.0,0.3,0.0
46.9307,0.9949643093465167,0.08465857893291284,0.0006710204411262757,-0.05365163437619047,0.5815,0.2771,9.9344,0.6,0.3,1.0,0.0,0.0,0.0,0.2578,0.0,0.0,0.3,0.0
46.9507,0.994995009813636,0.0842900008313523,0.0013430000132460193,-0.053650000529149866,0.5815,0.2771,9.475,0.6,0.3,1.0,0.0,0.0,0.0,0.3502,0.0,0.0,0.3,0.0
46.9708,0.994995009813636,0.0842900008313523,0.0013430000132460193,-0.053650000529149866,0.5815,0.2771,9.475,0.6,0.3,1.0,0.0,0.0,0.0,0.2424,0.0,0.0,0.3,0.0
46.9909,0.9950583738011523,0.08343519904216358,0.0024410058232387233,-0.05377212827824318,0.5815,0.2771,9.9993,0.6,0.3,1.0,0.0,0.0,0.0,0.3618,0.0,0.0,0.3,0.0
47.011,0.9951217599459521,0.08245839442158391,0.002991014306858747,-0.05407725866666668,0.5815,0.2771,9.4988,0.6,0.3,1.0,0.0,0.0,0.0,0.2386,0.0,0.0,0.3,0.0
47.0311,0.9951390126447811,0.08215481727857801,0.0033570742590555078,-0.05420019891764932,0.5815,0.2771,9.9509,0.6,0.3,1.0,0.0,0.0,0.0,0.3579,-0.0135,0.0,0.3,0.0
47.0512,0.9951639009535937,0.08160284388663844,0.003539949847540573,-0.0545642269579239,0.5815,0.2771,9.4374,0.6,0.3,1.0,0.0,0.0,0.0,0.2463,-0.0135,0.0,0.3,0.0
47.0713,0.9951617291785341,0.08154166679971342,0.0036619401275468297,-0.05468710586982001,0.5815,0.2771,9.855,0.6,0.3,1.0,0.0,0.0,0.0,0.3464,-0.0135,0.0,0.3,0.0
47.0914,0.9951886916407352,0.08117787212068592,0.00347903737644735,-0.05474958819290488,0.5815,0.2771,9.3353,0.6,0.3,1.0,0.0,0.0,0.0,0.2617,-0.0135,0.0,0.3,0.0
47.1115,0.9951947802057457,0.0812393697955083,0.0031740535184389615,-0.054565920048399885,0.5815,0.2771,9.8095,0.6,0.3,1.0,0.0,0.0,0.0,0.331,-0.0135,0.0,0.3,0.0
47.1316,0.99522123404434,0.0809315552695489,0.0027469509634568397,-0.05456402596324032,0.5815,0.2771,9.1892,0.6,0.3,1.0,0.0,0.0,0.0,0.2732,-0.0135,0.0,0.3,0.0
47.1517,0.995197117266395,0.08123956057357319,0.0023190445477500395,-0.05456604818800343,0.5815,0.2771,9.657,0.6,0.3,1.0,0.0,0.0,0.0,0.3233,-0.0135,0.0,0.3,0.0
47.1717,0.9951604134486967,0.08166355683534786,0.0017089697989543934,-0.05462503466218954,0.5815,0.2771,9.1358,0.6,0.3,1.0,0.0,0.0,0.0,0.2848,-0.0135,0.0,0.3,0.0
47.1919,0.9951007799820152,0.08239565696111925,0.0012209800981774419,-0.054625109617560175,0.5815,0.2771,9.6637,0.6,0.3,1.0,0.0,0.0,0.0,0.3079,-0.0135,0.0,0.3,0.0
47.212,0.9950536420868665,0.08300780330187107,0.0007929981208845485,-0.05456487070121674,0.5815,0.2771,9.2243,0.6,0.3,1.0,0.0,0.0,0.0,0.3002,-0.0135,0.0,0.3,0.0
47.232,0.9950143214134975,0.08355862256026174,0.0005490106608133927,-0.05444405720703621,0.5815,0.2771,9.8228,0.6,0.3,1.0,0.0,0.0,0.0,0.2886,-0.0135,0.0,0.3,0.0
47.2521,0.9949971337283687,0.0839231799696339,0.00024400052324859833,-0.05419911622766331,0.5815,0.2771,9.246,0.6,0.3,1.0,0.0,0.0,0.0,0.3233,-0.0135,0.0,0.3,0.0
47.2722,0.9949588876437656,0.08441411151270893,1.3877787807814457e-17,-0.05413935422777616,0.5815,0.2771,9.8287,0.6,0.3,1.0,0.0,0.0,0.0,0.2732,-0.0135,0.0,0.3,0.0
47.2923,0.9949402060255514,0.08459552767191747,-0.00012200076099028179,-0.054199338073056935,0.5815,0.2771,9.3126,0.6,0.3,1.0,0.0,0.0,0.0,0.3271,-0.0135,0.0,0.3,0.0
47.3124,0.9948983953528892,0.08508517184787392,-0.00012200311419952731,-0.05420038349591472,0.5815,0.2771,9.8665,0.6,0.3,1.0,0.0,0.0,0.0,0.2617,-0.0135,0.0,0.3,0.0
47.3325,0.9948833450134698,0.08514488535504218,-0.00012200126859572559,-0.05438256548174742,0.5815,0.2771,9.2995,0.6,0.3,1.0,0.0,0.0,0.0,0.3502,-0.0135,0.0,0.3,0.0
47.3526,0.9948574687173252,0.08544766602815307,-6.099904770935639e-05,-0.05438115102509123,0.5815,0.2771,9.6972,0.6,0.3,1.0,0.0,0.0,0.0,0.2424,-0.0135,0.0,0.3,0.0
47.3727,0.9948574631647017,0.08544766555124182,0.00012199809473783381,-0.05438115072157224,0.5815,0.2771,9.2046,0.6,0.3,1.0,0.0,0.0,0.0,0.3618,-0.0135,0.0,0.3,0.0
47.3928,0.9948554631339546,0.08550849269462982,0.0004879913979064579,-0.05432004247064648,0.5815,0.2771,9.7919,0.6,0.3,1.0,0.0,0.0,0.0,0.2386,-0.0135,0.0,0.3,0.0
47.4129,0.9948585633748765,0.08550875916241138,0.0007929884927586617,-0.054259212631884435,0.5815,0.2771,9.0781,0.6,0.3,1.0,0.0,0.0,0.0,0.3618,-0.0135,0.0,0.3,0.0
47.433,0.994854912274507,0.08550844534789175,0.0011599789101105762,-0.05432001239320344,0.5815,0.2771,9.6421,0.6,0.3,1.0,0.0,0.0,0.0,0.2463,-0.0135,0.0,0.3,0.0
47.4531,0.9948511250415921,0.08550811983268873,0.0015259664467861533,-0.054380804265480975,0.5815,0.2771,9.3469,0.6,0.3,1.0,0.0,0.0,0.0,0.3464,-0.0135,0.0,0.3,0.0
47.4732,0.9948769323563447,0.08508333630088953,0.0018310072372498681,-0.05456521567478856,0.5815,0.2771,9.6766,0.6,0.3,1.0,0.0,0.0,0.0,0.2655,-0.0135,0.0,0.3,0.0
47.4933,0.9948853716411721,0.08490105576524393,0.0020140250448904898,-0.05468868006701599,0.5815,0.2771,9.8123,0.6,0.3,1.0,0.0,0.0,0.0,0.3233,-0.0135,0.0,0.3,0.0
47.5134,0.9949269748921938,0.08428940483857525,0.002196984487250579,-0.05487061256255149,0.5815,0.2771,9.5001,0.6,0.3,1.0,0.0,0.0,0.0,0.2925,-0.0135,0.0,0.3,0.0
47.5334,0.9949350002598978,0.0842290846798792,0.002380002392740194,-0.05481005510339882,0.5815,0.2771,9.9459,0.6,0.3,1.0,0.0,0.0,0.0,0.3002,-0.0135,0.0,0.3,0.0
47.5535,0.9949895067183946,0.08361753835223164,0.002562985849897989,-0.054748697735491514,0.5815,0.2771,9.5438,0.6,0.3,1.0,0.0,0.0,0.0,0.3156,-0.0135,0.0,0.3,0.0
47.5736,0.995007876868808,0.0834360797858773,0.0026250339718095345,-0.05468870775250262,0.5815,0.2771,9.9462,0.6,0.3,1.0,0.0,0.0,0.0,0.2732,-0.0135,0.0,0.3,0.0
47.5937,0.9950608037661367,0.08276439955429699,0.0025630123732258495,-0.054749264308131596,0.5815,0.2771,9.3548,0.6,0.3,1.0,0.0,0.0,0.0,0.3425,-0.0135,0.0,0.3,0.0
47.6138,0.9950791801369743,0.08258292374991102,0.0025630597058769328,-0.05468927397385759,0.5815,0.2771,9.8778,0.6,0.3,1.0,0.0,0.0,0.0,0.254,-0.0135,0.0,0.3,0.0
47.6339,0.9951201694717434,0.08221426185358094,0.0024410077746441286,-0.054504173596559846,0.5815,0.2771,9.3402,0.6,0.3,1.0,0.0,0.0,0.0,0.3579,-0.0135,0.0,0.3,0.0
47.654,0.9951421629166273,0.08203307426786385,0.0022580570966687988,-0.05438337512446478,0.5815,0.2771,9.8723,0.6,0.3,1.0,0.0,0.0,0.0,0.2424,-0.0135,0.0,0.3,0.0
47.6741,0.9951681235626766,0.08172518892729069,0.002013980012475401,-0.05438146029713825,0.5815,0.2771,9.2516,0.6,0.3,1.0,0.0,0.0,0.0,0.3579,-0.0135,0.0,0.3,0.0
47.6942,0.9951850932070303,0.08160458163872844,0.0017700126158098906,-0.05426038674228478,0.5815,0.2771,9.6162,0.6,0.3,1.0,0.0,0.0,0.0,0.2386,-0.0135,0.0,0.3,0.0
47.7143,0.9952003110795976,0.0815448281275949,0.0015260342116761724,-0.054078212362262186,0.5815,0.2771,9.2278,0.6,0.3,1.0,0.0,0.0,0.0,0.3618,-0.0135,0.0,0.3,0.0
47.7344,0.9952273332363104,0.08142004553623162,0.001403983541504894,-0.053771369653704104,0.5815,0.2771,9.5971,0.6,0.3,1.0,0.0,0.0,0.0,0.2463,-0.0135,0.0,0.3,0.0
47.7545,0.9952470719383293,0.08129965937982156,0.0013430108924722475,-0.053589434636407085,0.5815,0.2771,9.1691,0.6,0.3,1.0,0.0,0.0,0.0,0.3464,-0.0135,0.0,0.3,0.0
47.7745,0.9952772756238724,0.08093115216323407,0.0012819707297797786,-0.05358777647282992,0.5815,0.2771,9.3306,0.6,0.3,1.0,0.0,0.0,0.0,0.2655,-0.0135,0.0,0.3,0.0
47.7947,0.9952700376919531,0.08105752779495304,0.0013430418830253851,-0.05352966933327047,0.5815,0.2771,9.2648,0.6,0.3,1.0,0.0,0.0,0.0,0.3233,-0.0135,0.0,0.3,0.0
47.8148,0.9952755099942528,0.08087001009168614,0.0014039654536641688,-0.0537096784058087,0.5815,0.2771,9.2528,0.6,0.3,1.0,0.0,0.0,0.0,0.2886,-0.0135,0.0,0.3,0.0
47.8348,0.9952501604759115,0.08117791030792912,0.0015260171123581898,-0.05371160230790961,0.5815,0.2771,9.6459,0.6,0.3,1.0,0.0,0.0,0.0,0.304,-0.0135,0.0,0.3,0.0
47.8549,0.9952582072007303,0.08099556310998257,0.001648031804889899,-0.05383403892757105,0.5815,0.2771,9.2995,0.6,0.3,1.0,0.0,0.0,0.0,0.3194,-0.0135,0.0,0.3,0.0
47.875,0.9952397869344203,0.08129906428303293,0.0018310014477697645,-0.05371104246923053,0.5815,0.2771,9.7622,0.6,0.3,1.0,0.0,0.0,0.0,0.2732,-0.0135,0.0,0.3,0.0
47.8951,0.9952443706108829,0.0812384383848371,0.002014010868153608,-0.05371128984081319,0.5815,0.2771,9.1727,0.6,0.3,1.0,0.0,0.0,0.0,0.3387,-0.0135,0.0,0.3,0.0
47.9152,0.9952209750423862,0.08160252205486207,0.0021359613145089315,-0.05358802943970886,0.5815,0.2771,9.7539,0.6,0.3,1.0,0.0,0.0,0.0,0.254,-0.0135,0.0,0.3,0.0
47.9353,0.9952066734817191,0.0817283547234434,0.0023800685735481525,-0.05365154578607467,0.5815,0.2771,9.272,0.6,0.3,1.0,0.0,0.0,0.0,0.3502,-0.0135,0.0,0.3,0.0
47.9554,0.995181369633097,0.08203127775370093,0.0025630086782159963,-0.05365018165676461,0.5815,0.2771,9.8194,0.6,0.3,1.0,0.0,0.0,0.0,0.2424,-0.0135,0.0,0.3,0.0
47.9755,0.9951691826360939,0.08221327157678711,0.0027469756613403497,-0.053588525196784594,0.5815,0.2771,9.2239,0.6,0.3,1.0,0.0,0.0,0.0,0.3579,-0.0135,0.0,0.3,0.0
47.9956,0.9951392863824289,0.08264385082881377,0.002991066985660845,-0.05346819743307507,0.5815,0.2771,9.9015,0.6,0.3,1.0,0.0,0.0,0.0,0.2424,-0.0135,0.0,0.3,0.0
48.0157,0.9951546219499596,0.0824560629523058,0.0031129268715046343,-0.05346574398931492,0.5815,0.2771,9.3781,0.6,0.3,1.0,0.0,0.0,0.0,0.3579,-0.0135,0.0,0.3,0.0
48.0358,0.9951383322338591,0.08264377158914034,0.003296070656056333,-0.05346814616728258,0.5815,0.2771,9.7547,0.6,0.3,1.0,0.0,0.0,0.0,0.2386,-0.0135,0.0,0.3,0.0
48.0559,0.9951636342234979,0.08233481144822931,0.003417950659857762,-0.05346622818332775,0.5815,0.2771,9.2472,0.6,0.3,1.0,0.0,0.0,0.0,0.3579,-0.0135,0.0,0.3,0.0
48.076,0.9951548158746474,0.08251807757604761,0.003478918951612592,-0.053343757250294,0.5815,0.2771,9.8844,0.6,0.3,1.0,0.0,0.0,0.0,0.2501,-0.0135,0.0,0.3,0.0
48.0961,0.9951734137489148,0.08221362111898904,0.003478983967121943,-0.05346675359876646,0.5815,0.2771,9.1932,0.6,0.3,1.0,0.0,0.0,0.0,0.3387,-0.0135,0.0,0.3,0.0
48.1162,0.9951781896899377,0.08215301565910565,0.003540000674756065,-0.05346701019129435,0.5815,0.2771,9.8274,0.6,0.3,1.0,0.0,0.0,0.0,0.2694,-0.0135,0.0,0.3,0.0
48.1362,0.9951849090807843,0.08203156950495874,0.0035400245766546226,-0.05352837162123375,0.5815,0.2771,9.1197,0.6,0.3,1.0,0.0,0.0,0.0,0.3233,-0.0135,0.0,0.3,0.0
48.1563,0.9951944243909047,0.08203235383741432,0.0036010594308070122,-0.053345880404443054,0.5815,0.2771,9.815,0.6,0.3,1.0,0.0,0.0,0.0,0.2886,-0.0135,0.0,0.3,0.0
48.1764,0.9952135973368981,0.0818459108966092,0.00347891120136478,-0.053282639969393586,0.5815,0.2771,9.3931,0.6,0.3,1.0,0.0,0.0,0.0,0.3002,-0.0135,0.0,0.3,0.0
48.1965,0.995243758495715,0.0814823895865695,0.0033570160506874516,-0.053284254764620065,0.5815,0.2771,9.6514,0.6,0.3,1.0,0.0,0.0,0.0,0.3156,-0.0135,0.0,0.3,0.0
48.2166,0.9952652472911048,0.08130114408651543,0.003296086924921046,-0.05316340203357156,0.5815,0.2771,9.5109,0.6,0.3,1.0,0.0,0.0,0.0,0.2809,-0.0135,0.0,0.3,0.0
48.2367,0.9952885598831307,0.08105406834253709,0.0033569614141743045,-0.0531003896497077,0.5815,0.2771,9.52,0.6,0.3,1.0,0.0,0.0,0.0,0.3425,-0.0135,0.0,0.3,0.0
48.2568,0.9952898716727627,0.08111517455099751,0.003417965217901657,-0.052978460877475375,0.5815,0.2771,9.9276,0.6,0.3,1.0,0.0,0.0,0.0,0.254,-0.0135,0.0,0.3,0.0
48.2769,0.9953260144529004,0.08062910737194212,0.0034180893372852614,-0.05304138632229666,0.5815,0.2771,9.42,0.6,0.3,1.0,0.0,0.0,0.0,0.3541,-0.0135,0.0,0.3,0.0
48.297,0.9953380296638957,0.08044214356226778,0.0034179211214737173,-0.053099774567400726,0.5815,0.2771,9.4636,0.6,0.3,1.0,0.0,0.0,0.0,0.2386,-0.0135,0.0,0.3,0.0
48.3171,0.9953883074502887,0.07977518854991493,0.0034180937718728136,-0.053163458484582274,0.5815,0.2771,9.2594,0.6,0.3,1.0,0.0,0.0,0.0,0.3579,-0.0135,0.0,0.3,0.0
48.3372,0.9954013517647968,0.07964934778357102,0.0035399265690806495,-0.053099898515466204,0.5815,0.2771,9.7758,0.6,0.3,1.0,0.0,0.0,0.0,0.2424,-0.0135,0.0,0.3,0.0
48.3573,0.9954314522896576,0.07922475229218948,0.003662034773477721,-0.05316250481365975,0.5815,0.2771,9.3569,0.6,0.3,1.0,0.0,0.0,0.0,0.3579,-0.0135,0.0,0.3,0.0
48.3773,0.9954310001504406,0.07922471630717275,0.0037840342131972987,-0.053162480666488876,0.5815,0.2771,9.8474,0.6,0.3,1.0,0.0,0.0,0.0,0.254,-0.0135,0.0,0.3,0.0
48.3975,0.9954500607420708,0.07898122640181553,0.0038451083897615983,-0.053163498625879275,0.5815,0.2771,9.1835,0.6,0.3,1.0,0.0,0.0,0.0,0.3387,-0.0135,0.0,0.3,0.0
48.4176,0.9954484105966156,0.07904309712058513,0.003845102015772206,-0.053102408878938745,0.5815,0.2771,9.8267,0.6,0.3,1.0,0.0,0.0,0.0,0.2732,-0.0135,0.0,0.3,0.0
48.4376,0.9954540722328138,0.07897670494712153,0.003783890040642564,-0.05309945693661733,0.5815,0.2771,9.2411,0.6,0.3,1.0,0.0,0.0,0.0,0.3156,-0.0135,0.0,0.3,0.0
48.4577,0.9954540722328138,0.07897670494712153,0.003783890040642564,-0.05309945693661733,0.5815,0.2771,9.2411,0.6,0.3,1.0,0.0,0.0,0.0,0.2925,-0.0135,0.0,0.3,0.0
48.4778,0.9954461496697,0.07916492055259222,0.003601087362907991,-0.05298028530949783,0.5815,0.2771,9.8778,0.6,0.3,1.0,0.0,0.0,0.0,0.3002,-0.0135,0.0,0.3,0.0
48.498,0.9954500570228597,0.0791652312929598,0.003418096339948426,-0.05291849152166472,0.5815,0.2771,9.2019,0.6,0.3,1.0,0.0,0.0,0.0,0.3194,-0.0135,0.0,0.3,0.0
48.518,0.9954233421132749,0.079590107310061,0.0032350043617043467,-0.0527950711827449,0.5815,0.2771,9.8375,0.6,0.3,1.0,0.0,0.0,0.0,0.2732,-0.0135,0.0,0.3,0.0
48.5381,0.995417258563657,0.07971162031241646,0.0031129851720262045,-0.052733748815171844,0.5815,0.2771,9.2316,0.6,0.3,1.0,0.0,0.0,0.0,0.3387,-0.0135,0.0,0.3,0.0
48.5582,0.9953934276885192,0.0801366997128155,0.0029299158981089188,-0.05254949159096289,0.5815,0.2771,9.7487,0.6,0.3,1.0,0.0,0.0,0.0,0.2501,-0.0135,0.0,0.3,0.0
48.5783,0.9953896777669076,0.08026331243362937,0.002869082659972891,-0.05243051055410164,0.5815,0.2771,9.1628,0.6,0.3,1.0,0.0,0.0,0.0,0.3579,-0.0135,0.0,0.3,0.0
48.5984,0.9953930318998438,0.08026358289436031,0.0028080903647769648,-0.05236968526447283,0.5815,0.2771,9.9305,0.6,0.3,1.0,0.0,0.0,0.0,0.2386,-0.0135,0.0,0.3,0.0
48.6185,0.9953849746783251,0.08032393466904211,0.0028080676346539106,-0.052430262826662806,0.5815,0.2771,9.1981,0.6,0.3,1.0,0.0,0.0,0.0,0.3579,-0.0135,0.0,0.3,0.0
48.6386,0.9953861364934282,0.08026302688280837,0.002991075533652479,-0.052491325563830515,0.5815,0.2771,9.75,0.6,0.3,1.0,0.0,0.0,0.0,0.3541,-0.0135,0.0,0.3,0.0
48.6587,0.9953788113304458,0.08038443840091707,0.0032350578881973407,-0.05242993818247242,0.5815,0.2771,9.3823,0.6,0.3,1.0,0.0,0.0,0.0,0.2501,-0.0135,0.0,0.3,0.0
48.6788,0.9953976318090915,0.08025903518972806,0.0035399133398741414,-0.0522447210042552,0.5815,0.2771,9.6036,0.6,0.3,1.0,0.0,0.0,0.0,0.3387,-0.0135,0.0,0.3,0.0
48.6989,0.9954011357339111,0.08032031643304971,0.0038449194079464774,-0.05206190874796274,0.5815,0.2771,9.7409,0.6,0.3,1.0,0.0,0.0,0.0,0.2732,-0.0135,0.0,0.3,0.0
48.719,0.9954359078613007,0.07983511542662214,0.0040890571307896145,-0.0521247282673704,0.5815,0.2771,9.4479,0.6,0.3,1.0,0.0,0.0,0.0,0.3156,-0.0135,0.0,0.3,0.0
48.7391,0.9954445733089771,0.07971380763897642,0.004333098259982003,-0.05212518202245587,0.5815,0.2771,9.8051,0.6,0.3,1.0,0.0,0.0,0.0,0.2963,-0.0135,0.0,0.3,0.0
48.7592,0.995479753258532,0.07922374161301993,0.0045169852679240105,-0.05218482980000305,0.5815,0.2771,9.4166,0.6,0.3,1.0,0.0,0.0,0.0,0.2963,-0.0135,0.0,0.3,0.0
48.7793,0.9954837226801324,0.07916305746911535,0.004700003412008679,-0.05218503788418561,0.5815,0.2771,9.9436,0.6,0.3,1.0,0.0,0.0,0.0,0.3271,-0.0135,0.0,0.3,0.0
48.7994,0.9955287763524716,0.07855079879948987,0.004760927195798612,-0.052245201065257985,0.5815,0.2771,9.2924,0.6,0.3,1.0,0.0,0.0,0.0,0.2655,-0.0135,0.0,0.3,0.0
48.8195,0.9955414801971083,0.07842980148728657,0.004760987949521504,-0.052184867915517574,0.5815,0.2771,9.8376,0.6,0.3,1.0,0.0,0.0,0.0,0.3464,-0.0135,0.0,0.3,0.0
48.8396,0.9955655364131508,0.07812669006319901,0.00470010167420206,-0.05218612890813484,0.5815,0.2771,9.2498,0.6,0.3,1.0,0.0,0.0,0.0,0.2463,-0.0135,0.0,0.3,0.0
48.8597,0.9955805924233688,0.07806208623594484,0.004638886273423717,-0.05200072515425303,0.5815,0.2771,9.7814,0.6,0.3,1.0,0.0,0.0,0.0,0.3579,-0.0135,0.0,0.3,0.0
48.8798,0.9955893158827476,0.07800177119118723,0.004455929803057972,-0.05194018175507942,0.5815,0.2771,9.2149,0.6,0.3,1.0,0.0,0.0,0.0,0.2386,-0.0135,0.0,0.3,0.0
48.8999,0.9956168985801325,0.07782093003500978,0.004272051055121601,-0.051697617836287624,0.5815,0.2771,9.6367,0.6,0.3,1.0,0.0,0.0,0.0,0.3579,-0.0135,0.0,0.3,0.0
48.92,0.9956241789759214,0.07782149909643503,0.004028077593940389,-0.05157599352221332,0.5815,0.2771,9.1984,0.6,0.3,1.0,0.0,0.0,0.0,0.2424,-0.0135,0.0,0.3,0.0
48.9401,0.99565056896452,0.07757471979888017,0.0038449365477299107,-0.051452150894758526,0.5815,0.2771,9.5545,0.6,0.3,1.0,0.0,0.0,0.0,0.3502,-0.0135,0.0,0.3,0.0
48.9602,0.9956558976015564,0.07763613429197916,0.003661959166083549,-0.051269428302868125,0.5815,0.2771,9.177,0.6,0.3,1.0,0.0,0.0,0.0,0.2578,-0.0135,0.0,0.3,0.0
48.9803,0.9956810007717408,0.07739408827723258,0.003662051493949409,-0.05114771921382567,0.5815,0.2771,9.2918,0.6,0.3,1.0,0.0,0.0,0.0,0.331,-0.0135,0.0,0.3,0.0
49.0003,0.9956665299867645,0.0776979633219858,0.0037229982425256024,-0.050963975942002145,0.5815,0.2771,9.5058,0.6,0.3,1.0,0.0,0.0,0.0,0.2809,-0.0135,0.0,0.3,0.0
49.0204,0.9956851490378689,0.07745541183305171,0.003784068974827235,-0.0509649289728052,0.5815,0.2771,9.3738,0.6,0.3,1.0,0.0,0.0,0.0,0.3079,-0.0135,0.0,0.3,0.0
49.0405,0.995692713712022,0.07739499872177596,0.0038450992994874186,-0.05090431460125022,0.5815,0.2771,9.8655,0.6,0.3,1.0,0.0,0.0,0.0,0.304,-0.0135,0.0,0.3,0.0
49.0606,0.9957243742450679,0.07690371996864877,0.0039059857770407658,-0.05102481420212612,0.5815,0.2771,9.2903,0.6,0.3,1.0,0.0,0.0,0.0,0.2886,-0.0135,0.0,0.3,0.0
49.0807,0.9957314124520777,0.07684326334807799,0.004089014013381728,-0.05096417465834824,0.5815,0.2771,9.8533,0.6,0.3,1.0,0.0,0.0,0.0,0.3348,-0.0135,0.0,0.3,0.0
49.1008,0.9957554921321607,0.07647911153627422,0.004272117950272172,-0.05102640880445608,0.5815,0.2771,9.3211,0.6,0.3,1.0,0.0,0.0,0.0,0.2578,-0.0135,0.0,0.3,0.0
49.1209,0.9957484917105986,0.07660057637883053,0.0044560917028168695,-0.05096504882009828,0.5815,0.2771,9.7476,0.6,0.3,1.0,0.0,0.0,0.0,0.3502,-0.0135,0.0,0.3,0.0
49.1409,0.9957531427556832,0.07653993263244027,0.0044561125167910665,-0.05096528687292173,0.5815,0.2771,9.092,0.6,0.3,1.0,0.0,0.0,0.0,0.2463,-0.0135,0.0,0.3,0.0
49.161,0.9957469308580791,0.07666145746587458,0.00445608471781813,-0.05090396777178979,0.5815,0.2771,9.8392,0.6,0.3,1.0,0.0,0.0,0.0,0.3618,-0.0135,0.0,0.3,0.0
49.1811,0.9957251818866466,0.07690378234599274,0.0044559873886110615,-0.05096385576148421,0.5815,0.2771,9.3159,0.6,0.3,1.0,0.0,0.0,0.0,0.2386,-0.0135,0.0,0.3,0.0
49.2012,0.9956940781262684,0.07739510477742689,0.004272116181168427,-0.05084338269732319,0.5815,0.2771,9.8251,0.6,0.3,1.0,0.0,0.0,0.0,0.3579,-0.0135,0.0,0.3,0.0
49.2213,0.9956929732558215,0.077456020487328,0.004150108258093997,-0.05078232468777605,0.5815,0.2771,9.2549,0.6,0.3,1.0,0.0,0.0,0.0,0.2463,-0.0135,0.0,0.3,0.0
49.2414,0.9956663631461105,0.07788095018533531,0.004088997384571809,-0.0506589675972175,0.5815,0.2771,9.9143,0.6,0.3,1.0,0.0,0.0,0.0,0.3502,-0.0135,0.0,0.3,0.0
49.2615,0.9956680238429684,0.07794208014764842,0.004028004141986723,-0.0505370519671256,0.5815,0.2771,9.2239,0.6,0.3,1.0,0.0,0.0,0.0,0.2694,-0.0135,0.0,0.3,0.0
49.2816,0.9956596905604743,0.07812442646490951,0.004088969981632204,-0.05041462989092366,0.5815,0.2771,9.815,0.6,0.3,1.0,0.0,0.0,0.0,0.3233,-0.0135,0.0,0.3,0.0
49.3017,0.9956501935446741,0.07824567922236061,0.004088930979337658,-0.05041414901523784,0.5815,0.2771,9.2416,0.6,0.3,1.0,0.0,0.0,0.0,0.2886,-0.0135,0.0,0.3,0.0
49.3218,0.9956468796862739,0.0782454187944482,0.004149916137321061,-0.05047497998732947,0.5815,0.2771,9.7566,0.6,0.3,1.0,0.0,0.0,0.0,0.3002,-0.0135,0.0,0.3,0.0
49.3419,0.995638546995395,0.07830576220575293,0.004271877919790792,-0.05053555581284329,0.5815,0.2771,9.1534,0.6,0.3,1.0,0.0,0.0,0.0,0.3156,-0.0135,0.0,0.3,0.0
49.362,0.9956489271178207,0.0781235819115023,0.004455919116769986,-0.050597081568744824,0.5815,0.2771,9.4974,0.6,0.3,1.0,0.0,0.0,0.0,0.2732,-0.0135,0.0,0.3,0.0
49.3821,0.9956386018932649,0.07824476826322686,0.004638867687874429,-0.05059655685946751,0.5815,0.2771,9.091,0.6,0.3,1.0,0.0,0.0,0.0,0.3348,-0.0135,0.0,0.3,0.0
49.4022,0.995646117285435,0.07806236271742478,0.004760900144723058,-0.050718936219355804,0.5815,0.2771,9.512,0.6,0.3,1.0,0.0,0.0,0.0,0.254,-0.0135,0.0,0.3,0.0
49.4223,0.9956365663433058,0.07812747700701661,0.005005158686977519,-0.05078261004663448,0.5815,0.2771,9.3187,0.6,0.3,1.0,0.0,0.0,0.0,0.3541,-0.0135,0.0,0.3,0.0
49.4424,0.9956616510078391,0.07763658291305787,0.005187972128662177,-0.051024725879912636,0.5815,0.2771,9.2701,0.6,0.3,1.0,0.0,0.0,0.0,0.2386,-0.0135,0.0,0.3,0.0
49.4625,0.995656296345125,0.07769716472819078,0.005309942916248729,-0.05102445146922614,0.5815,0.2771,9.6588,0.6,0.3,1.0,0.0,0.0,0.0,0.3579,-0.0135,0.0,0.3,0.0
49.4826,0.995676437628063,0.07727173242857108,0.005371050910093781,-0.05127048597291151,0.5815,0.2771,9.2824,0.6,0.3,1.0,0.0,0.0,0.0,0.2386,-0.0135,0.0,0.3,0.0
49.5027,0.9956623841383064,0.07733164149277168,0.005370975100316533,-0.05145276146650257,0.5815,0.2771,9.9192,0.6,0.3,1.0,0.0,0.0,0.0,0.3579,-0.0135,0.0,0.3,0.0
49.5228,0.995665546994964,0.07708688750475894,0.005370992161947683,-0.05175792446808553,0.5815,0.2771,9.2512,0.6,0.3,1.0,0.0,0.0,0.0,0.2578,-0.0135,0.0,0.3,0.0
49.5428,0.9956577179271143,0.0771472807903054,0.005370949929029027,-0.05181851691907552,0.5815,0.2771,9.8083,0.6,0.3,1.0,0.0,0.0,0.0,0.331,-0.0135,0.0,0.3,0.0
49.5629,0.9956686089246077,0.07696512436977669,0.005371008679140797,-0.051880083834262576,0.5815,0.2771,9.2472,0.6,0.3,1.0,0.0,0.0,0.0,0.2809,-0.0135,0.0,0.3,0.0
49.583,0.9956769516327676,0.07678276743154805,0.005249052463444516,-0.05200251975691389,0.5815,0.2771,9.8791,0.6,0.3,1.0,0.0,0.0,0.0,0.3079,-0.0135,0.0,0.3,0.0
49.6031,0.9956762287357327,0.07672171111911326,0.005066046956236608,-0.052124483132032384,0.5815,0.2771,9.1511,0.6,0.3,1.0,0.0,0.0,0.0,0.3117,-0.0135,0.0,0.3,0.0
49.6232,0.9956754539706703,0.07666065090174887,0.004883041460386643,-0.05224644360830649,0.5815,0.2771,9.8308,0.6,0.3,1.0,0.0,0.0,0.0,0.2809,-0.0135,0.0,0.3,0.0
49.6433,0.9956608446794006,0.07690352457119161,0.004699970944093953,-0.05218467738671105,0.5815,0.2771,9.4816,0.6,0.3,1.0,0.0,0.0,0.0,0.3233,-0.0135,0.0,0.3,0.0
49.6634,0.9956756802169445,0.07672166885306453,0.00451703937916989,-0.052185454948412646,0.5815,0.2771,9.73,0.6,0.3,1.0,0.0,0.0,0.0,0.2732,-0.0135,0.0,0.3,0.0
49.6835,0.9956592082210677,0.07702539721858408,0.004394965606102849,-0.05206259257122464,0.5815,0.2771,9.4709,0.6,0.3,1.0,0.0,0.0,0.0,0.3464,-0.0135,0.0,0.3,0.0
49.7036,0.9956563137627621,0.07702517329979854,0.004332953495028019,-0.05212344056654494,0.5815,0.2771,9.5008,0.6,0.3,1.0,0.0,0.0,0.0,0.2501,-0.0135,0.0,0.3,0.0
49.7237,0.9956181534397497,0.07751602408975668,0.004333057245448191,-0.052124688636450645,0.5815,0.2771,9.8008,0.6,0.3,1.0,0.0,0.0,0.0,0.3618,-0.0135,0.0,0.3,0.0
49.7438,0.9955992171125927,0.07763654905205414,0.004332974832136113,-0.05230669617921596,0.5815,0.2771,9.3548,0.6,0.3,1.0,0.0,0.0,0.0,0.2386,-0.0135,0.0,0.3,0.0
49.7638,0.9955797900630574,0.0778790279577754,0.004455887168627118,-0.05230567552275078,0.5815,0.2771,9.7488,0.6,0.3,1.0,0.0,0.0,0.0,0.3618,-0.0135,0.0,0.3,0.0
49.7839,0.9955949518583195,0.07763621644871647,0.004577953796543203,-0.05236747147605376,0.5815,0.2771,9.3087,0.6,0.3,1.0,0.0,0.0,0.0,0.2501,-0.0135,0.0,0.3,0.0
49.8041,0.9956019927035991,0.07757576567612096,0.004760985619057599,-0.052306842002950216,0.5815,0.2771,9.8317,0.6,0.3,1.0,0.0,0.0,0.0,0.3464,-0.0135,0.0,0.3,0.0
49.8242,0.9956091635446757,0.07739332365166214,0.0048830204203360395,-0.052429219254105604,0.5815,0.2771,9.2294,0.6,0.3,1.0,0.0,0.0,0.0,0.2655,-0.0135,0.0,0.3,0.0
49.8442,0.9956018815652385,0.07739275758958475,0.005065984132270836,-0.05255083539971667,0.5815,0.2771,9.7814,0.6,0.3,1.0,0.0,0.0,0.0,0.3233,-0.0135,0.0,0.3,0.0
49.8643,0.995587588692762,0.07745264547145624,0.005065911404942267,-0.052733077778962696,0.5815,0.2771,9.2081,0.6,0.3,1.0,0.0,0.0,0.0,0.2925,-0.0135,0.0,0.3,0.0
49.8844,0.9955878944923664,0.07745266926141568,0.00500491400900388,-0.05273309397618586,0.5815,0.2771,9.7131,0.6,0.3,1.0,0.0,0.0,0.0,0.3002,-0.0135,0.0,0.3,0.0
49.9045,0.9955833575373467,0.07763531232680329,0.005004891201304165,-0.0525498576463006,0.5815,0.2771,9.1932,0.6,0.3,1.0,0.0,0.0,0.0,0.304,-0.0135,0.0,0.3,0.0
49.9246,0.9955965698023224,0.07751434364856244,0.004882958653627444,-0.05248955554554663,0.5815,0.2771,9.5566,0.6,0.3,1.0,0.0,0.0,0.0,0.2848,-0.0135,0.0,0.3,0.0
49.9447,0.9955878424478104,0.0777576599564077,0.004760917952294372,-0.05230609857816865,0.5815,0.2771,9.1837,0.6,0.3,1.0,0.0,0.0,0.0,0.331,-0.0135,0.0,0.3,0.0
49.9648,0.9956041963784852,0.07763693733381859,0.004638996255542913,-0.05218495787788463,0.5815,0.2771,9.497,0.6,0.3,1.0,0.0,0.0,0.0,0.2578,-0.0135,0.0,0.3,0.0
49.9849,0.9956029620078007,0.07781984070333825,0.0045779906288856845,-0.05194089367735922,0.5815,0.2771,9.3592,0.6,0.3,1.0,0.0,0.0,0.0,0.3541,-0.0135,0.0,0.3,0.0
50.005,0.9956349548864084,0.07745633036773808,0.004456134068203603,-0.0518815609197491,0.5815,0.2771,9.2697,0.6,0.3,1.0,0.0,0.0,0.0,0.2424,-0.0135,0.0,0.3,0.0
50.0251,0.9956373520023933,0.07751269183418304,0.004394869129990778,-0.05175645880092428,0.5815,0.2771,9.7337,0.6,0.3,1.0,0.0,0.0,0.0,0.3579,-0.0135,0.0,0.3,0.0
50.0452,0.9956566836174539,0.07727019937369048,0.004271955736620557,-0.05175746372097523,0.5815,0.2771,9.386,0.6,0.3,1.0,0.0,0.0,0.0,0.2386,-0.0135,0.0,0.6,0.0
50.0653,0.9956519888368869,0.0773308341049107,0.0042719355932366865,-0.05175721967105423,0.5815,0.2771,9.9422,0.6,0.3,1.0,0.0,0.0,0.0,0.3887,-0.0135,0.0,0.6,0.0
50.0854,0.9956676774510247,0.0770870524499327,0.004272002906665365,-0.05181903525760595,0.5815,0.2771,9.2874,0.6,0.3,1.0,0.0,0.0,0.0,0.4426,-0.0135,0.0,0.6,0.0
50.1055,0.9956609209316503,0.07720852859862964,0.0043949731662238575,-0.05175768399031039,0.5815,0.2771,8.7526,0.6,0.3,1.0,0.0,0.0,0.0,0.4887,-0.0135,0.0,0.6,0.0
50.1256,0.9956509168997381,0.07733075084911978,0.004516927036485215,-0.05175716394828456,0.5815,0.2771,8.9177,0.6,0.3,1.0,0.0,0.0,0.0,0.5234,-0.0135,0.0,0.6,0.0
50.1457,0.9956469320054069,0.07733044134820388,0.004699905269960156,-0.051817955571077656,0.5815,0.2771,8.361,0.6,0.3,1.0,0.0,0.0,0.0,0.5503,-0.0135,0.0,0.6,0.0
50.1658,0.9956498056885228,0.07720766666707357,0.0047609177816308815,-0.05194010302366919,0.5815,0.2771,9.3566,0.6,0.3,1.0,0.0,0.0,0.0,0.5657,-0.0135,0.0,0.6,0.0
50.1859,0.9956510455760194,0.07714676379160777,0.0048219227329695385,-0.052001166727474346,0.5815,0.2771,8.4446,0.6,0.3,1.0,0.0,0.0,0.0,0.5888,-0.0135,0.0,0.6,0.0
50.206,0.9956478855133448,0.0771465189381425,0.004821907428834503,-0.052062000511698514,0.5815,0.2771,9.9499,0.6,0.3,1.0,0.0,0.0,0.0,0.6273,-0.0135,0.0,0.6,0.0
50.2261,0.9956303228122899,0.07733396690828191,0.004761121094117978,-0.0521253257529521,0.5815,0.2771,9.4164,0.6,0.3,1.0,0.0,0.0,0.0,0.5657,-0.0135,0.0,0.6,0.0
50.2462,0.9956180415039423,0.07745501457570655,0.004700061565649574,-0.05218568357519626,0.5815,0.2771,9.3015,0.6,0.3,1.0,0.0,0.0,0.0,0.6388,-0.0135,0.0,0.6,0.0
50.2662,0.9956015813096575,0.07763673341148133,0.0045169844896075645,-0.05224582059863542,0.5815,0.2771,9.4232,0.6,0.3,1.0,0.0,0.0,0.0,0.5542,-0.0135,0.0,0.6,0.0
50.2864,0.9955929546371308,0.07775805922994426,0.004332947577043806,-0.052245367899891655,0.5815,0.2771,9.3881,0.6,0.3,1.0,0.0,0.0,0.0,0.6542,-0.0135,0.0,0.6,0.0
50.3066,0.9955939775697864,0.0777581391232959,0.0040889547303226345,-0.052245421579954876,0.5815,0.2771,9.7574,0.6,0.3,1.0,0.0,0.0,0.0,0.5349,-0.0135,0.0,0.6,0.0
50.3266,0.9955839288688294,0.0779403504240078,0.0038449186238524867,-0.05218389554895748,0.5815,0.2771,9.3803,0.6,0.3,1.0,0.0,0.0,0.0,0.6581,-0.0135,0.0,0.6,0.0
50.3467,0.9955877262458275,0.07781864982241983,0.003661936464272708,-0.05230609247316004,0.5815,0.2771,9.8235,0.6,0.3,1.0,0.0,0.0,0.0,0.5426,-0.0135,0.0,0.6,0.0
50.3668,0.9955625437625638,0.07806545407965976,0.0034790648025099517,-0.05242997658257948,0.5815,0.2771,9.6042,0.6,0.3,1.0,0.0,0.0,0.0,0.6581,-0.0135,0.0,0.6,0.0
50.387,0.9955630664796636,0.07794349273116805,0.0032960631243993126,-0.05261300761556304,0.5815,0.2771,9.7939,0.6,0.3,1.0,0.0,0.0,0.0,0.5349,-0.0135,0.0,0.6,0.0
50.4071,0.9955444961038391,0.07818603896198939,0.0031740015816815667,-0.05261202621784189,0.5815,0.2771,9.6042,0.6,0.3,1.0,0.0,0.0,0.0,0.6504,-0.0135,0.0,0.6,0.0
50.4272,0.9955670309151431,0.07794380311024734,0.0030520706049687665,-0.05255221571484714,0.5815,0.2771,9.6644,0.6,0.3,1.0,0.0,0.0,0.0,0.5426,-0.0135,0.0,0.6,0.0
50.4473,0.9955577399295475,0.07806507739473112,0.002991041280073291,-0.05255172527888036,0.5815,0.2771,9.6508,0.6,0.3,1.0,0.0,0.0,0.0,0.6465,-0.0135,0.0,0.6,0.0
50.4674,0.995570283727996,0.07782205455480887,0.0029910789665051965,-0.052674390639494306,0.5815,0.2771,9.3635,0.6,0.3,1.0,0.0,0.0,0.0,0.5542,-0.0135,0.0,0.6,0.0
50.4874,0.9955446870032258,0.07818605395445527,0.0031130021482134937,-0.05261203630639505,0.5815,0.2771,9.7072,0.6,0.3,1.0,0.0,0.0,0.0,0.635,-0.0135,0.0,0.6,0.0
50.5076,0.9955613224224205,0.0780043572488168,0.003357058411654408,-0.05255191438512069,0.5815,0.2771,9.3104,0.6,0.3,1.0,0.0,0.0,0.0,0.5811,-0.0135,0.0,0.6,0.0
50.5277,0.9955670697535144,0.07800480756449074,0.0035400820324641147,-0.052430214937870145,0.5815,0.2771,9.7755,0.6,0.3,1.0,0.0,0.0,0.0,0.5965,-0.0135,0.0,0.6,0.0
50.5477,0.995587250102452,0.0775746169554671,0.003722933625415148,-0.05267206093244453,0.5815,0.2771,9.1289,0.6,0.3,1.0,0.0,0.0,0.0,0.6004,-0.0135,0.0,0.6,0.0
50.5678,0.9955835899153966,0.07757433175935918,0.003844917314823358,-0.05273286597656546,0.5815,0.2771,9.8696,0.6,0.3,1.0,0.0,0.0,0.0,0.5773,-0.0135,0.0,0.6,0.0
50.5879,0.9955858751477811,0.07745251216465993,0.004027922625032293,-0.052854984674455374,0.5815,0.2771,9.2873,0.6,0.3,1.0,0.0,0.0,0.0,0.6388,-0.0135,0.0,0.6,0.0
50.608,0.9955962389155975,0.07739231896022503,0.0042109629442134075,-0.05273353595349067,0.5815,0.2771,9.8489,0.6,0.3,1.0,0.0,0.0,0.0,0.558,-0.0135,0.0,0.6,0.0
50.6281,0.9956083137464106,0.07727125718683503,0.004333014421847227,-0.05267317531547622,0.5815,0.2771,9.1436,0.6,0.3,1.0,0.0,0.0,0.0,0.6388,-0.0135,0.0,0.6,0.0
50.6482,0.9956112414890137,0.07727148441510195,0.004395027552437189,-0.0526123298268088,0.5815,0.2771,9.8694,0.6,0.3,1.0,0.0,0.0,0.0,0.5426,-0.0135,0.0,0.6,0.0
50.6683,0.9955971464072481,0.07745338902258125,0.004394965331090004,-0.05261158498277741,0.5815,0.2771,9.3055,0.6,0.3,1.0,0.0,0.0,0.0,0.6504,-0.0135,0.0,0.6,0.0
50.6884,0.9955980062303251,0.07751445548479935,0.004577967841184451,-0.05248963127648987,0.5815,0.2771,9.6178,0.6,0.3,1.0,0.0,0.0,0.0,0.5503,-0.0135,0.0,0.6,0.0
50.7085,0.9955731595059685,0.07806628649630143,0.004761139449796219,-0.05212552671312265,0.5815,0.2771,9.2293,0.6,0.3,1.0,0.0,0.0,0.0,0.6542,-0.0135,0.0,0.6,0.0
50.7286,0.995558626991191,0.07843115232970027,0.005127075328246523,-0.05181976134862599,0.5815,0.2771,9.6754,0.6,0.3,1.0,0.0,0.0,0.0,0.5465,-0.0135,0.0,0.6,0.0
50.7487,0.9955361078107726,0.07879537534358869,0.005736954519850866,-0.05163559065487516,0.5815,0.2771,9.1994,0.6,0.3,1.0,0.0,0.0,0.0,0.6581,-0.0135,0.0,0.6,0.0
50.7688,0.9954879511696932,0.07946839524487428,0.006409031876030603,-0.0514532559084727,0.5815,0.2771,9.7462,0.6,0.3,1.0,0.0,0.0,0.0,0.5426,-0.0135,0.0,0.6,0.0
50.7889,0.9954505256378117,0.080019293033468,0.007263208134547394,-0.051209467458887936,0.5815,0.2771,9.169,0.6,0.3,1.0,0.0,0.0,0.0,0.6542,-0.0135,0.0,0.6,0.0
50.809,0.9953759639288149,0.08111721947117653,0.0082401238774409,-0.05078176342479673,0.5815,0.2771,9.9479,0.6,0.3,1.0,0.0,0.0,0.0,0.5465,-0.0135,0.0,0.6,0.0
50.8291,0.99533623928108,0.08178496545683596,0.009032775294014939,-0.05035274738789192,0.5815,0.2771,9.118,0.6,0.3,1.0,0.0,0.0,0.0,0.6542,-0.0135,0.0,0.6,0.0
50.8492,0.9952775635017702,0.0828841315466771,0.010131771599919572,-0.04949888414883719,0.5815,0.2771,9.6511,0.6,0.3,1.0,0.0,0.0,0.0,0.5388,-0.0135,0.0,0.6,0.0
50.8692,0.9952290377469819,0.08386116054891077,0.011229887588708458,-0.04858351367852287,0.5815,0.2771,9.2294,0.6,0.3,1.0,0.0,0.0,0.0,0.6619,-0.0135,0.0,0.6,0.0
50.8893,0.9951485562761533,0.08526347728692002,0.0122066388389444,-0.047544593285528854,0.5815,0.2771,9.8878,0.6,0.3,1.0,0.0,0.0,0.0,0.5426,-0.0135,0.0,0.6,0.0
50.9095,0.9950609513137174,0.0864874303519294,0.013062064995397034,-0.04693623354952953,0.5815,0.2771,9.0863,0.6,0.3,1.0,0.0,0.0,0.0,0.6581,-0.0135,0.0,0.6,0.0
50.9295,0.9949204458543226,0.08819479849172691,0.01385481125110978,-0.04650836640042316,0.5815,0.2771,9.6659,0.6,0.3,1.0,0.0,0.0,0.0,0.5349,-0.0135,0.0,0.6,0.0
50.9496,0.9947553699515358,0.09008839575752521,0.014526063812869779,-0.046204202974654725,0.5815,0.2771,9.326,0.6,0.3,1.0,0.0,0.0,0.0,0.6542,-0.0135,0.0,0.6,0.0
50.9697,0.9945516907933329,0.09228348668453311,0.015258749778612912,-0.04602024533465782,0.5815,0.2771,9.9365,0.6,0.3,1.0,0.0,0.0,0.0,0.5426,-0.0135,0.0,0.6,0.0
50.9898,0.9943402759969874,0.09448354656706202,0.015747257761177014,-0.045959752298592345,0.5815,0.2771,9.3513,0.6,0.3,1.0,0.0,0.0,0.0,0.6542,-0.0135,0.0,0.6,0.0
51.0099,0.994115214213497,0.09686048759115856,0.016051583647143687,-0.045774812673289866,0.5815,0.2771,9.8663,0.6,0.3,1.0,0.0,0.0,0.0,0.5426,-0.0135,0.0,0.6,0.0
51.03,0.9938581152668057,0.09955031535272955,0.01654138472143591,-0.04541105617558805,0.5815,0.2771,9.3506,0.6,0.3,1.0,0.0,0.0,0.0,0.6388,-0.0135,0.0,0.6,0.0
51.0502,0.9935805279971072,0.10241592057081811,0.01721181859325038,-0.04486052718520817,0.5815,0.2771,9.7007,0.6,0.3,1.0,0.0,0.0,0.0,0.5542,-0.0135,0.0,0.6,0.0
51.0703,0.9932586315903758,0.10564908892784791,0.01782150894324867,-0.04424878076190963,0.5815,0.2771,9.3117,0.6,0.3,1.0,0.0,0.0,0.0,0.6465,-0.0135,0.0,0.6,0.0
51.0904,0.9929170680006536,0.10888667846693303,0.018554945208830664,-0.0437618707749311,0.5815,0.2771,9.6752,0.6,0.3,1.0,0.0,0.0,0.0,0.5503,-0.0135,0.0,0.6,0.0
51.1106,0.9925301458106766,0.11224130242422435,0.019530530608741027,-0.04363895119376665,0.5815,0.2771,9.3083,0.6,0.3,1.0,0.0,0.0,0.0,0.6311,-0.0135,0.0,0.6,0.0
51.1307,0.9921184437744338,0.11553912002477316,0.020507843807062918,-0.04394466530628927,0.5815,0.2771,9.4932,0.6,0.3,1.0,0.0,0.0,0.0,0.5619,-0.0135,0.0,0.6,0.0
51.1508,0.9916988649712835,0.11865198384446562,0.02142299708306636,-0.04467799391668942,0.5815,0.2771,9.2016,0.6,0.3,1.0,0.0,0.0,0.0,0.6427,-0.0135,0.0,0.6,0.0
51.1708,0.9916988649712835,0.11865198384446562,0.02142299708306636,-0.04467799391668942,0.5815,0.2771,9.2016,0.6,0.3,1.0,0.0,0.0,0.0,0.5619,-0.0135,0.0,0.6,0.0
51.1909,0.9907015503765901,0.12566827916317322,0.02331449521917853,-0.04662999041670667,0.5815,0.2771,9.1964,0.6,0.3,1.0,0.0,0.0,0.0,0.6388,-0.0135,0.0,0.6,0.0
51.211,0.990160558485981,0.129393374153096,0.024535691705401024,-0.04730140565083458,0.5815,0.2771,9.9334,0.6,0.3,1.0,0.0,0.0,0.0,0.558,-0.0135,0.0,0.6,0.0
51.231,0.9896568411704783,0.13280822119111996,0.025756267153718627,-0.04772764199945012,0.5815,0.2771,9.4592,0.6,0.3,1.0,0.0,0.0,0.0,0.6465,-0.0135,0.0,0.6,0.0
51.2511,0.9896568411704783,0.13280822119111996,0.025756267153718627,-0.04772764199945012,0.5815,0.2771,9.4592,0.6,0.3,1.0,0.0,0.0,0.0,0.5542,-0.0135,0.0,0.6,0.0
51.2712,0.9892143352512345,0.13580537988906496,0.026978472777826702,-0.04779183751668442,0.5815,0.2771,9.7691,0.6,0.3,1.0,0.0,0.0,0.0,0.635,-0.0135,0.0,0.6,0.0
51.2913,0.9885799722780396,0.14001414628419753,0.02886982397046593,-0.04766770935310594,0.5815,0.2771,9.2236,0.6,0.3,1.0,0.0,0.0,0.0,0.5696,-0.0135,0.0,0.6,0.0
51.3113,0.988138203749554,0.1430019903954778,0.03002836802619354,-0.047240005791914785,0.5815,0.2771,9.7018,0.6,0.3,1.0,0.0,0.0,0.0,0.6311,-0.0135,0.0,0.6,0.0
51.3314,0.9878012569713757,0.1452042137533012,0.031006259179458123,-0.046936392338484456,0.5815,0.2771,9.1875,0.6,0.3,1.0,0.0,0.0,0.0,0.5696,-0.0135,0.0,0.6,0.0
51.3515,0.9873952389810039,0.14782224508023867,0.03210296736087444,-0.04656850205569152,0.5815,0.2771,9.4838,0.6,0.3,1.0,0.0,0.0,0.0,0.6119,-0.0135,0.0,0.6,0.0
51.3715,0.9870490632387489,0.15002218572441828,0.033141599205984855,-0.046142441981828486,0.5815,0.2771,9.3555,0.6,0.3,1.0,0.0,0.0,0.0,0.6042,-0.0135,0.0,0.6,0.0
51.3916,0.986699499346997,0.15234484909051732,0.03411919016252272,-0.045288252413034746,0.5815,0.2771,9.8312,0.6,0.3,1.0,0.0,0.0,0.0,0.5965,-0.0135,0.0,0.6,0.0
51.4117,0.9864600917100026,0.1539935753891294,0.03491235716131545,-0.04431245332642664,0.5815,0.2771,9.3191,0.6,0.3,1.0,0.0,0.0,0.0,0.6042,-0.0135,0.0,0.6,0.0
51.4317,0.9862465890968817,0.1554537828004323,0.035766259798034605,-0.04327310443985094,0.5815,0.2771,9.5657,0.6,0.3,1.0,0.0,0.0,0.0,0.5811,-0.0135,0.0,0.6,0.0
51.4518,0.9860595120534892,0.15673410764218848,0.03649809360099174,-0.04229594961618538,0.5815,0.2771,9.3552,0.6,0.3,1.0,0.0,0.0,0.0,0.6157,-0.0135,0.0,0.6,0.0
51.4719,0.9858347551063866,0.15826315799942905,0.03735380126820172,-0.04107678146099264,0.5815,0.2771,9.8261,0.6,0.3,1.0,0.0,0.0,0.0,0.558,-0.0135,0.0,0.6,0.0
51.492,0.9856150426287943,0.15961008375526478,0.03820873821399538,-0.04034477948349635,0.5815,0.2771,9.5899,0.6,0.3,1.0,0.0,0.0,0.0,0.6388,-0.0135,0.0,0.6,0.0
51.512,0.9854467120294842,0.1605785534248805,0.03912291664868032,-0.03973289975765932,0.5815,0.2771,9.7388,0.6,0.3,1.0,0.0,0.0,0.0,0.5388,-0.0135,0.0,0.6,0.0
51.5321,0.9852118036263172,0.16192317371290837,0.04009930008700044,-0.03912331712228928,0.5815,0.2771,9.3233,0.6,0.3,1.0,0.0,0.0,0.0,0.6581,-0.0135,0.0,0.6,0.0
51.5522,0.9849630255643994,0.16338735484295983,0.041198080874559236,-0.03814614896288277,0.5815,0.2771,9.3521,0.6,0.3,1.0,0.0,0.0,0.0,0.5426,-0.0135,0.0,0.6,0.0
51.5722,0.9846586281371478,0.16509641660787575,0.042479077998198465,-0.03723019192445682,0.5815,0.2771,9.5509,0.6,0.3,1.0,0.0,0.0,0.0,0.6542,-0.0135,0.0,0.6,0.0
51.5923,0.9844205632789459,0.16631839195754478,0.043944310908269606,-0.036376429580387344,0.5815,0.2771,9.6529,0.6,0.3,1.0,0.0,0.0,0.0,0.5426,-0.0135,0.0,0.6,0.0
51.6124,0.9841250622220963,0.16778498765915983,0.04565372454550014,-0.0355217856771643,0.5815,0.2771,9.4682,0.6,0.3,1.0,0.0,0.0,0.0,0.6619,-0.0135,0.0,0.6,0.0
51.6325,0.9839066919604647,0.16882637890005814,0.0472419455027908,-0.034546691419305386,0.5815,0.2771,9.7103,0.6,0.3,1.0,0.0,0.0,0.0,0.5388,-0.0135,0.0,0.6,0.0
51.6525,0.9836337267703574,0.17016439577123474,0.04888853910217022,-0.03344668468060885,0.5815,0.2771,9.3094,0.6,0.3,1.0,0.0,0.0,0.0,0.6581,-0.0135,0.0,0.6,0.0
51.6726,0.9834305522679163,0.17113804948329112,0.050413541685608694,-0.032165069559839055,0.5815,0.2771,9.4403,0.6,0.3,1.0,0.0,0.0,0.0,0.5349,-0.0135,0.0,0.6,0.0
51.6927,0.9831502725412634,0.17248434605288673,0.052245801918306675,-0.03057888406499826,0.5815,0.2771,9.4301,0.6,0.3,1.0,0.0,0.0,0.0,0.6619,-0.0135,0.0,0.6,0.0
51.7128,0.9829805162190044,0.1732196769369834,0.05401652293311376,-0.02874827831163279,0.5815,0.2771,9.5428,0.6,0.3,1.0,0.0,0.0,0.0,0.5503,-0.0135,0.0,0.6,0.0
51.7328,0.9828317703877064,0.17382495274752707,0.05578502205613337,-0.026732531363184486,0.5815,0.2771,9.5388,0.6,0.3,1.0,0.0,0.0,0.0,0.6234,-0.0135,0.0,0.6,0.0
51.7529,0.9827719937892192,0.17394716695730378,0.05749406360569236,-0.02441360238054379,0.5815,0.2771,9.0095,0.6,0.3,1.0,0.0,0.0,0.0,0.5734,-0.0135,0.0,0.6,0.0
51.773,0.9826116004989293,0.17462317299659988,0.059326398513339054,-0.0214841443154869,0.5815,0.2771,9.6499,0.6,0.3,1.0,0.0,0.0,0.0,0.5965,-0.0135,0.0,0.6,0.0
51.793,0.9825335229855108,0.17480313602798672,0.061034349174612715,-0.018615801494791362,0.5815,0.2771,9.3561,0.6,0.3,1.0,0.0,0.0,0.0,0.5965,-0.0135,0.0,0.6,0.0
51.8131,0.9824996794830353,0.17468596557002516,0.06268406416094235,-0.015808268370310574,0.5815,0.2771,9.6815,0.6,0.3,1.0,0.0,0.0,0.0,0.5888,-0.0135,0.0,0.6,0.0
51.8332,0.9825011201434498,0.17438021607219092,0.06402718084516938,-0.013550249905539104,0.5815,0.2771,9.2471,0.6,0.3,1.0,0.0,0.0,0.0,0.6042,-0.0135,0.0,0.6,0.0
51.8532,0.9824796825416167,0.17425441160945218,0.06506278030785798,-0.011657960635522657,0.5815,0.2771,9.7966,0.6,0.3,1.0,0.0,0.0,0.0,0.5888,-0.0135,0.0,0.6,0.0
51.8733,0.9825028725580531,0.17407552093209286,0.0654923246780855,-0.0098271987694728,0.5815,0.2771,9.4481,0.6,0.3,1.0,0.0,0.0,0.0,0.608,-0.0135,0.0,0.6,0.0
51.8934,0.9824944992875502,0.17407403739299554,0.06573576938294824,-0.009033105725050172,0.5815,0.2771,9.7813,0.6,0.3,1.0,0.0,0.0,0.0,0.5696,-0.0135,0.0,0.6,0.0
51.9135,0.982548490710311,0.1737677942008283,0.06579630072014654,-0.008606039333661277,0.5815,0.2771,9.4349,0.6,0.3,1.0,0.0,0.0,0.0,0.6427,-0.0135,0.0,0.6,0.0
51.9335,0.9825554615517449,0.17376902702317867,0.06573576681054893,-0.00824009612107579,0.5815,0.2771,9.937,0.6,0.3,1.0,0.0,0.0,0.0,0.5426,-0.0135,0.0,0.6,0.0
51.9536,0.9826555173816497,0.17333815089047053,0.06542930202355772,-0.007811916665261043,0.5815,0.2771,9.4662,0.6,0.3,1.0,0.0,0.0,0.0,0.6581,-0.0135,0.0,0.6,0.0
51.9737,0.982764702660531,0.17290890103576806,0.06500045910444559,-0.0071408307200523935,0.5815,0.2771,9.8505,0.6,0.3,1.0,0.0,0.0,0.0,0.5426,-0.0135,0.0,0.6,0.0
51.9937,0.9829222471449751,0.17224314613799602,0.06445380309004395,-0.006470080616768459,0.5815,0.2771,9.4182,0.6,0.3,1.0,0.0,0.0,0.0,0.6581,-0.0135,0.0,0.6,0.0
52.0138,0.9831160116558407,0.171452013152744,0.06366149011539177,-0.005859137143984894,0.5815,0.2771,9.9746,0.6,0.3,1.0,0.0,0.0,0.0,0.5388,-0.0135,0.0,0.6,0.0
52.0339,0.9833769707058764,0.17034535720306054,0.06262066087132921,-0.005553881231505908,0.5815,0.2771,9.5461,0.6,0.3,1.0,0.0,0.0,0.0,0.6658,-0.0135,0.0,0.6,0.0
52.0539,0.983695221552849,0.16900449181233462,0.06121745369849298,-0.005797948259398501,0.5815,0.2771,9.7363,0.6,0.3,1.0,0.0,0.0,0.0,0.5388,-0.0135,0.0,0.6,0.0
52.074,0.9840443469669069,0.16753763246469205,0.05950744870146808,-0.0068358217970934665,0.5815,0.2771,9.2991,0.6,0.3,1.0,0.0,0.0,0.0,0.635,-0.0135,0.0,0.6,0.0
52.0941,0.984607243884799,0.16509802874551505,0.056701322991691096,-0.008727895789769013,0.5815,0.2771,9.8513,0.6,0.3,1.0,0.0,0.0,0.0,0.5657,-0.0135,0.0,0.6,0.0
52.1142,0.9852876155921175,0.1619864435856212,0.05310081760165987,-0.012206958069781337,0.568,0.2771,9.0335,0.6,0.3,1.0,0.0,0.0,0.0,0.608,-0.027,0.0,0.6,0.0
52.1342,0.9866474253866035,0.155153268435332,0.04528866214783869,-0.02008129360074956,0.568,0.2771,10.0772,0.6,0.3,1.0,0.0,0.0,0.0,0.6042,-0.0406,0.0,0.6,0.0
52.1543,0.9866474253866035,0.155153268435332,0.04528866214783869,-0.02008129360074956,0.568,0.2771,10.0772,0.6,0.3,1.0,0.0,0.0,0.0,0.5773,-0.027,0.0,0.6,0.0
52.1744,0.9874123233391836,0.15087675740393233,0.03967241031877339,-0.026061612626417707,0.5815,0.2771,9.356,0.6,0.3,1.0,0.0,0.0,0.0,0.635,-0.027,0.0,0.6,0.0
52.1945,0.9880665946961931,0.1465493894659346,0.03448603293004032,-0.032532974431784,0.568,0.2771,9.7565,0.6,0.3,1.0,0.0,0.0,0.0,0.5426,-0.027,0.0,0.6,0.0
52.2145,0.988615909746539,0.14221630263515245,0.029297886383020173,-0.03943019292747035,0.5815,0.2771,10.1623,0.6,0.3,1.0,0.0,0.0,0.0,0.6581,-0.027,0.0,0.6,0.0
52.2346,0.9891877723960023,0.13714472065020633,0.02398677624018565,-0.04608157012966335,0.5815,0.2771,9.752,0.6,0.3,1.0,0.0,0.0,0.0,0.5388,-0.027,0.0,0.6,0.0
52.2547,0.9896681385881099,0.1321387486939495,0.01794369428537874,-0.052672102602193134,0.5815,0.2771,9.7018,0.6,0.3,1.0,0.0,0.0,0.0,0.6542,-0.027,0.0,0.6,0.0
52.2747,0.9900849407498308,0.12688853210710258,0.012450659720593393,-0.05895838865361697,0.5815,0.2771,9.1346,0.6,0.3,1.0,0.0,0.0,0.0,0.5465,-0.027,0.0,0.6,0.0
52.2948,0.9904014702354936,0.12182408976512846,0.00738488420300655,-0.06487898267990033,0.5815,0.2771,9.2411,0.6,0.3,1.0,0.0,0.0,0.0,0.6619,-0.027,0.0,0.6,0.0
52.3149,0.9906459105045797,0.11706309872915144,0.0027469553855463194,-0.07006686201472845,0.5815,0.2771,9.5908,0.6,0.3,1.0,0.0,0.0,0.0,0.5426,-0.027,0.0,0.6,0.0
52.335,0.990828657023463,0.11254714361916722,-0.0012819788547190141,-0.07476676677818468,0.5815,0.2771,9.7378,0.6,0.3,1.0,0.0,0.0,0.0,0.6658,-0.027,0.0,0.6,0.0
52.355,0.99102591717392,0.10760477384846813,-0.004699990122092816,-0.07916283362451815,0.5815,0.2771,9.5092,0.6,0.3,1.0,0.0,0.0,0.0,0.5426,-0.027,0.0,0.6,0.0
52.3751,0.991140649846715,0.10290402923117208,-0.007689927455300644,-0.08361721117780618,0.5815,0.2771,9.7222,0.6,0.3,1.0,0.0,0.0,0.0,0.6504,-0.027,0.0,0.6,0.0
52.3952,0.9912087181732507,0.09796077448794437,-0.010436975973404462,-0.08831779668670459,0.5815,0.2771,9.1408,0.6,0.3,1.0,0.0,0.0,0.0,0.5465,-0.027,0.0,0.6,0.0
52.4153,0.991131339187524,0.09362623722488979,-0.012694760985709125,-0.0934432406703104,0.5815,0.2771,9.4763,0.6,0.3,1.0,0.0,0.0,0.0,0.6542,-0.027,0.0,0.6,0.0
52.4353,0.9908424933445646,0.08868377564580673,-0.015380961088901642,-0.10064674538161916,0.5815,0.2771,9.088,0.6,0.3,1.0,0.0,0.0,0.0,0.5388,-0.027,0.0,0.6,0.0
52.4554,0.9905512638552433,0.08660998486809092,-0.01690719225674944,-0.1049811937726124,0.5815,0.2771,9.4971,0.6,0.3,1.0,0.0,0.0,0.0,0.6388,-0.027,0.0,0.6,0.0
52.4755,0.9902987877134355,0.08477832426172972,-0.018188069566070664,-0.108582415308065,0.5815,0.2771,9.871,0.6,0.3,1.0,0.0,0.0,0.0,0.5542,-0.027,0.0,0.6,0.0
52.4955,0.9899906771984044,0.08331305698989955,-0.01910401306800908,-0.11230507682175256,0.5815,0.2771,9.527,0.6,0.3,1.0,0.0,0.0,0.0,0.6427,-0.027,0.0,0.6,0.0
52.5156,0.989700932534765,0.08160531370948026,-0.019592315403609336,-0.1159688669053881,0.5815,0.2771,9.6988,0.6,0.3,1.0,0.0,0.0,0.0,0.5542,-0.027,0.0,0.6,0.0
52.5357,0.9894015577488608,0.08050675413549094,-0.01983643220957205,-0.11920459731021416,0.5815,0.2771,9.4456,0.6,0.3,1.0,0.0,0.0,0.0,0.6388,-0.027,0.0,0.6,0.0
52.5558,0.9891575618371338,0.07983574027404294,-0.01989743372789328,-0.12164565165412483,0.5815,0.2771,9.8296,0.6,0.3,1.0,0.0,0.0,0.0,0.5542,-0.027,0.0,0.6,0.0
52.5758,0.9889115061430236,0.07983557474569732,-0.019714388863600423,-0.12365943916537678,0.5815,0.2771,9.5621,0.6,0.3,1.0,0.0,0.0,0.0,0.6427,-0.027,0.0,0.6,0.0
52.5959,0.9886801999384853,0.07983175526231105,-0.019408454266179754,-0.1255454698678244,0.5815,0.2771,9.5513,0.6,0.3,1.0,0.0,0.0,0.0,0.5696,-0.027,0.0,0.6,0.0
52.616,0.9885113303692035,0.08062588506479632,-0.01916473498042617,-0.12640225204621913,0.5815,0.2771,9.5882,0.6,0.3,1.0,0.0,0.0,0.0,0.6196,-0.027,0.0,0.6,0.0
52.636,0.9885012415375779,0.0817850343103451,-0.01879854818003077,-0.12578997665889743,0.5815,0.2771,9.6992,0.6,0.3,1.0,0.0,0.0,0.0,0.5734,-0.027,0.0,0.6,0.0
52.6561,0.988654096918745,0.08404560330991336,-0.018127130123134008,-0.12316988415823338,0.5815,0.2771,9.8116,0.6,0.3,1.0,0.0,0.0,0.0,0.5965,-0.027,0.0,0.6,0.0
52.6762,0.9889374254287147,0.08611964371951585,-0.017455725093390315,-0.11950511793857688,0.5815,0.2771,9.3384,0.6,0.3,1.0,0.0,0.0,0.0,0.5965,-0.027,0.0,0.6,0.0
52.6962,0.9892946934521392,0.08868182112555154,-0.016295599624080864,-0.11474318080908086,0.5815,0.2771,9.7578,0.6,0.3,1.0,0.0,0.0,0.0,0.5965,-0.027,0.0,0.6,0.0
52.7163,0.9897210905701542,0.09063471889354145,-0.014892625180461744,-0.10961624116410652,0.5815,0.2771,9.3347,0.6,0.3,1.0,0.0,0.0,0.0,0.6273,-0.027,0.0,0.6,0.0
52.7364,0.990219123692876,0.093138600755735,-0.013305800103669824,-0.103025452223117,0.5815,0.2771,9.8394,0.6,0.3,1.0,0.0,0.0,0.0,0.5619,-0.027,0.0,0.6,0.0
52.7564,0.9907765105401055,0.09539727887461344,-0.011718911414616591,-0.0955192779524003,0.5815,0.2771,9.2325,0.6,0.3,1.0,0.0,0.0,0.0,0.635,-0.027,0.0,0.6,0.0
52.7765,0.9913640027737842,0.09820907127716144,-0.009644301604758793,-0.08636770096381124,0.5815,0.2771,9.7715,0.6,0.3,1.0,0.0,0.0,0.0,0.5619,-0.027,0.0,0.6,0.0
52.7966,0.9919450118197797,0.10052520388085139,-0.007324014854248739,-0.07672115560251482,0.5815,0.2771,9.241,0.6,0.3,1.0,0.0,0.0,0.0,0.635,-0.027,0.0,0.6,0.0
52.8167,0.9924977347991526,0.10290549091984205,-0.00463902213086969,-0.06585731417820356,0.5815,0.2771,9.7717,0.6,0.3,1.0,0.0,0.0,0.0,0.5657,-0.027,0.0,0.6,0.0
52.8367,0.9929566185653268,0.10479442683776483,-0.002074949050911379,-0.05523564372298467,0.5815,0.2771,9.0479,0.6,0.3,1.0,0.0,0.0,0.0,0.6311,-0.027,0.0,0.6,0.0
52.8568,0.9932726071217948,0.10693255816548505,0.0007929893076592115,-0.04443340087834696,0.5815,0.2771,9.5875,0.6,0.3,1.0,0.0,0.0,0.0,0.5465,-0.027,0.0,0.6,0.0
52.8769,0.9934716044125713,0.10870428497121115,0.0035400092802297042,-0.03442409024367982,0.5815,0.2771,9.2804,0.6,0.3,1.0,0.0,0.0,0.0,0.6465,-0.027,0.0,0.6,0.0
52.897,0.993564058239299,0.11041678496107389,0.006287215518555552,-0.024475839003761216,0.5815,0.2771,9.6951,0.6,0.3,1.0,0.0,0.0,0.0,0.5465,-0.027,0.0,0.6,0.0
52.9171,0.9935577347444984,0.11200312651996801,0.008850247050908207,-0.014832414040572894,0.5815,0.2771,9.0739,0.6,0.3,1.0,0.0,0.0,0.0,0.6619,-0.027,0.0,0.6,0.0
52.9371,0.9933947288133904,0.11407347604346604,0.011657844257854294,-0.00427194292928057,0.5815,0.2771,9.5668,0.6,0.3,1.0,0.0,0.0,0.0,0.5426,-0.027,0.0,0.6,0.0
52.9572,0.9931089494385834,0.11615069582640619,0.014587087387169951,0.00555403327266346,0.5815,0.2771,9.3842,0.6,0.3,1.0,0.0,0.0,0.0,0.6619,-0.027,0.0,0.6,0.0
52.9773,0.9926274735414162,0.11816548488945652,0.019104240067433234,0.01904323930088625,0.5815,0.2771,9.7155,0.6,0.3,1.0,0.0,0.0,0.0,0.5349,-0.027,0.0,0.6,0.0
52.9973,0.9923694584594425,0.11834681616079029,0.022033965772574347,0.02667195856794513,0.5815,0.2771,9.07,0.6,0.3,1.0,0.0,0.0,0.0,0.6542,-0.027,0.0,0.6,0.0
53.0174,0.9920812476068671,0.11859294223155335,0.024658403837944234,0.03320354378421859,0.568,0.2771,9.5197,0.6,0.3,1.0,0.0,0.0,0.0,0.5542,-0.027,0.0,0.6,0.0
53.0375,0.9918062715090186,0.11871123711803858,0.02685460120462735,0.038817423554690866,0.568,0.2771,9.0763,0.6,0.3,1.0,0.0,0.0,0.0,0.6273,-0.0406,0.0,0.6,0.0
53.0576,0.9914891286068674,0.11913777112154599,0.028991214278509182,0.04376081399200188,0.568,0.2771,8.8631,0.6,0.3,1.0,0.0,0.0,0.0,0.585,-0.027,0.0,0.6,0.0
53.0776,0.9912958318541065,0.11902186141789929,0.031128748369725602,0.04687612695421761,0.5815,0.2771,9.2981,0.6,0.3,1.0,0.0,0.0,0.0,0.5927,-0.027,0.0,0.6,0.0
53.0977,0.9912779264833271,0.11853070865117621,0.03198219120966776,0.04791328645578169,0.568,0.2771,11.067,0.6,0.3,1.0,0.0,0.0,0.0,0.6196,-0.0406,0.0,0.6,0.0
53.1178,0.9913833676726383,0.11767473796920841,0.03277564848974113,0.047301492703860526,0.595,0.2771,9.6949,0.6,0.3,1.0,0.0,0.0,0.0,0.5734,-0.027,0.0,0.6,0.0
53.1378,0.9916839053143425,0.1162702302197635,0.03295849832989187,0.0442493264691804,0.568,0.2771,9.3013,0.6,0.3,1.0,0.0,0.0,0.0,0.6427,-0.0406,0.0,0.6,0.0
53.1579,0.9918570889050689,0.11602508595929487,0.03240918602355249,0.041319962223980704,0.6085,0.2771,9.7426,0.6,0.3,1.0,0.0,0.0,0.0,0.558,-0.027,0.0,0.6,0.0
53.178,0.9920380348580565,0.11571985455376296,0.03155414230916924,0.03838995650107163,0.595,0.2771,9.9417,0.6,0.3,1.0,0.0,0.0,0.0,0.6427,-0.0406,0.0,0.6,0.0
53.198,0.9921495317855015,0.11590874912171473,0.030701728183060134,0.03552284253016713,0.595,0.2771,10.4866,0.6,0.3,1.0,0.0,0.0,0.0,0.5465,-0.027,0.0,0.6,0.0
53.2181,0.9924107294387261,0.11492653675381624,0.030028356395516785,0.0317983184595238,0.595,0.2771,9.6928,0.6,0.3,1.0,0.0,0.0,0.0,0.6619,-0.027,0.0,0.6,0.0
53.2382,0.9927233970397643,0.11358444358995251,0.02917460023010641,0.027343625319349866,0.595,0.2771,9.9545,0.6,0.3,1.0,0.0,0.0,0.0,0.5388,-0.027,0.0,0.6,0.0
53.2582,0.9931052965129706,0.11163325814707283,0.028137065065743923,0.022095051093848243,0.595,0.2771,9.2818,0.6,0.3,1.0,0.0,0.0,0.0,0.6581,-0.027,0.0,0.6,0.0
53.2783,0.9934169795982543,0.11016899582888447,0.026978243859121044,0.016052145096990544,0.595,0.2771,9.8337,0.6,0.3,1.0,0.0,0.0,0.0,0.5426,-0.027,0.0,0.6,0.0
53.2984,0.993708793634114,0.10864254011650351,0.025451892262228125,0.009582959435365856,0.595,0.2771,9.4258,0.6,0.3,1.0,0.0,0.0,0.0,0.6273,-0.027,0.0,0.6,0.0
53.3185,0.9939714064358092,0.10699644314105766,0.023804321066682906,0.002441032924036801,0.595,0.2771,9.7758,0.6,0.3,1.0,0.0,0.0,0.0,0.5734,-0.027,0.0,0.6,0.0
53.3386,0.9939714064358092,0.10699644314105766,0.023804321066682906,0.002441032924036801,0.595,0.2771,9.7758,0.6,0.3,1.0,0.0,0.0,0.0,0.6273,-0.027,0.0,0.6,0.0
53.3587,0.9943088940912913,0.10406341903002464,0.021056680099122968,-0.008788866476287682,0.595,0.2771,9.2783,0.6,0.3,1.0,0.0,0.0,0.0,0.5696,-0.027,0.0,0.6,0.0
53.3788,0.994446790896278,0.10217308125956098,0.01904301514515401,-0.01654101315527967,0.595,0.2771,9.5459,0.6,0.3,1.0,0.0,0.0,0.0,0.6311,-0.027,0.0,0.6,0.0
53.3988,0.9945289231170762,0.10046621464910145,0.017090376735478828,-0.022949505892481126,0.595,0.2771,9.5333,0.6,0.3,1.0,0.0,0.0,0.0,0.5657,-0.027,0.0,0.6,0.0
53.4189,0.9945289767414606,0.09948919847630806,0.01513733449934039,-0.02801561907901301,0.595,0.2771,9.8013,0.6,0.3,1.0,0.0,0.0,0.0,0.6157,-0.027,0.0,0.6,0.0
53.439,0.9945725370110676,0.09838944883002664,0.013550061812264197,-0.031006141442882943,0.595,0.2771,9.4716,0.6,0.3,1.0,0.0,0.0,0.0,0.5811,-0.027,0.0,0.6,0.0
53.4591,0.9946303571034294,0.09753413307849046,0.012451016988540273,-0.0322880440547737,0.595,0.2771,9.437,0.6,0.3,1.0,0.0,0.0,0.0,0.5927,-0.027,0.0,0.6,0.0
53.4791,0.9947803042370948,0.09625483547483626,0.011658343431467842,-0.03179993676250181,0.595,0.2771,9.8384,0.6,0.3,1.0,0.0,0.0,0.0,0.6042,-0.027,0.0,0.6,0.0
53.4992,0.9948522392312074,0.09576200162004331,0.01171875545074652,-0.03100535297430207,0.595,0.2771,9.5001,0.6,0.3,1.0,0.0,0.0,0.0,0.5965,-0.027,0.0,0.6,0.0
53.5193,0.9949247614998826,0.09503111757649937,0.012145887217823066,-0.030761714358198022,0.595,0.2771,9.6502,0.6,0.3,1.0,0.0,0.0,0.0,0.6042,-0.027,0.0,0.6,0.0
53.5394,0.9949829546764313,0.0944198569475257,0.012450849269268961,-0.030639629074805275,0.5815,0.2771,9.2625,0.6,0.3,1.0,0.0,0.0,0.0,0.5965,-0.027,0.0,0.6,0.0
53.5594,0.9950239181734903,0.09381372648884999,0.012695368962871642,-0.031067902920010437,0.5815,0.2771,9.7384,0.6,0.3,1.0,0.0,0.0,0.0,0.5965,-0.027,0.0,0.6,0.0
53.5795,0.9950188964105176,0.09369125009251802,0.012939310750964265,-0.03149475637923088,0.5815,0.2771,9.3942,0.6,0.3,1.0,0.0,0.0,0.0,0.6004,-0.027,0.0,0.6,0.0
53.5996,0.9949986930907679,0.09368934774243183,0.013306049387449968,-0.031982118706555374,0.5815,0.2771,9.8102,0.6,0.3,1.0,0.0,0.0,0.0,0.585,-0.027,0.0,0.6,0.0
53.6196,0.994950211876203,0.09411753356598603,0.013611221783401718,-0.032104523116180284,0.5815,0.2771,9.321,0.6,0.3,1.0,0.0,0.0,0.0,0.6157,-0.027,0.0,0.6,0.0
53.6397,0.9948801614144354,0.09472768187527977,0.013916100171824236,-0.032349232858460863,0.5815,0.2771,9.8118,0.6,0.3,1.0,0.0,0.0,0.0,0.558,-0.027,0.0,0.6,0.0
53.6598,0.9947820814419925,0.09564498837726731,0.014221444341535307,-0.0325330164769585,0.5815,0.2771,9.489,0.6,0.3,1.0,0.0,0.0,0.0,0.6465,-0.027,0.0,0.6,0.0
53.6799,0.9947059689040505,0.0963145462235026,0.01446523222330285,-0.032776526190872735,0.5815,0.2771,9.2805,0.6,0.3,1.0,0.0,0.0,0.0,0.5349,-0.027,0.0,0.6,0.0
53.6999,0.9945987113747397,0.09734803544944123,0.014647553936409666,-0.03289699818405267,0.5815,0.2771,9.4441,0.6,0.3,1.0,0.0,0.0,0.0,0.6581,-0.027,0.0,0.6,0.0
53.72,0.994529441136233,0.09796321049841432,0.014832334685359294,-0.03308174647561824,0.5815,0.2771,9.0939,0.6,0.3,1.0,0.0,0.0,0.0,0.5426,-0.027,0.0,0.6,0.0
53.7401,0.9944085865620257,0.09912335112518245,0.014954354705117787,-0.033203787566806586,0.5815,0.2771,9.5651,0.6,0.3,1.0,0.0,0.0,0.0,0.6619,-0.027,0.0,0.6,0.0
53.7601,0.9943356530969719,0.09973216880917499,0.015076176684953771,-0.03350839270094391,0.5815,0.2771,9.2372,0.6,0.3,1.0,0.0,0.0,0.0,0.5426,-0.027,0.0,0.6,0.0
53.7802,0.9942438674686279,0.10052306560465776,0.01519770754597951,-0.03381234933887384,0.5815,0.2771,9.701,0.6,0.3,1.0,0.0,0.0,0.0,0.6542,-0.027,0.0,0.6,0.0
53.8003,0.9942051252857409,0.10089131715205127,0.015015047199830031,-0.033936106678217115,0.5815,0.2771,9.1665,0.6,0.3,1.0,0.0,0.0,0.0,0.5426,-0.027,0.0,0.6,0.0
53.8203,0.9941501085976244,0.1014409294216243,0.014954137012726458,-0.03393631093111443,0.5815,0.2771,9.643,0.6,0.3,1.0,0.0,0.0,0.0,0.6542,-0.027,0.0,0.6,0.0
53.8404,0.9941372870184927,0.1015616206797347,0.014708945063884316,-0.03405787279799921,0.5815,0.2771,9.1546,0.6,0.3,1.0,0.0,0.0,0.0,0.5465,-0.027,0.0,0.6,0.0
53.8605,0.9941059272837571,0.10193165848030952,0.014404375680624554,-0.03399788669912468,0.5815,0.2771,9.6173,0.6,0.3,1.0,0.0,0.0,0.0,0.6465,-0.027,0.0,0.6,0.0
53.8806,0.9941059272837571,0.10193165848030952,0.014404375680624554,-0.03399788669912468,0.5815,0.2771,9.6173,0.6,0.3,1.0,0.0,0.0,0.0,0.5542,-0.027,0.0,0.6,0.0
53.9006,0.9941257101649261,0.10174443515199612,0.014220781281785402,-0.034057476189793046,0.5815,0.2771,9.0854,0.6,0.3,1.0,0.0,0.0,0.0,0.6465,-0.027,0.0,0.6,0.0
53.9207,0.9941032085502441,0.10199238113636669,0.014160330590165249,-0.03399779371990452,0.5815,0.2771,9.4076,0.6,0.3,1.0,0.0,0.0,0.0,0.5542,-0.027,0.0,0.6,0.0
53.9408,0.994137741369951,0.10174566649341193,0.014098953785805994,-0.03375188936651702,0.5815,0.2771,9.2003,0.6,0.3,1.0,0.0,0.0,0.0,0.6465,-0.027,0.0,0.6,0.0
53.9608,0.9941676945955947,0.10156472713480057,0.014160380223201376,-0.03338689647823446,0.5815,0.2771,9.4584,0.6,0.3,1.0,0.0,0.0,0.0,0.5542,-0.027,0.0,0.6,0.0
53.9809,0.994249162296031,0.10076759754251012,0.014281801229565946,-0.03332453619768133,0.5815,0.2771,9.2639,0.6,0.3,1.0,0.0,0.0,0.0,0.635,-0.027,0.0,0.6,0.0
54.001,0.99429740337247,0.10027831763851083,0.014647608188678898,-0.03320211187115685,0.5815,0.2771,9.5257,0.6,0.3,1.0,0.0,0.0,0.0,0.5734,-0.027,0.0,0.6,0.0
54.021,0.9943632859685367,0.09960682487370581,0.014892674786857636,-0.03314127628993713,0.5815,0.2771,9.1549,0.6,0.3,1.0,0.0,0.0,0.0,0.6004,-0.027,0.0,0.6,0.0
54.0411,0.9943698754315174,0.09948548680546809,0.01525876791102998,-0.03314149591109211,0.5815,0.2771,9.6625,0.6,0.3,1.0,0.0,0.0,0.0,0.6004,-0.027,0.0,0.6,0.0
54.0612,0.9944262206390345,0.09881403456665001,0.01580768558158198,-0.033202339598005226,0.5815,0.2771,9.3722,0.6,0.3,1.0,0.0,0.0,0.0,0.5811,-0.027,0.0,0.6,0.0
54.0812,0.9944403618314972,0.09857144113049313,0.016295907607256792,-0.03326381140450352,0.5815,0.2771,9.7786,0.6,0.3,1.0,0.0,0.0,0.0,0.6196,-0.027,0.0,0.6,0.0
54.1013,0.9944847406484336,0.09801980604243182,0.01666262704377633,-0.033385252744614735,0.5815,0.2771,9.2991,0.6,0.3,1.0,0.0,0.0,0.0,0.5734,-0.027,0.0,0.6,0.0
54.1214,0.9944962330463623,0.09777694141399429,0.017150814316016054,-0.033507637228212095,0.5815,0.2771,9.8121,0.6,0.3,1.0,0.0,0.0,0.0,0.6273,-0.027,0.0,0.6,0.0
54.1414,0.9945203931918936,0.09741331186367591,0.0174562350828679,-0.03369145372232474,0.5815,0.2771,9.288,0.6,0.3,1.0,0.0,0.0,0.0,0.5696,-0.027,0.0,0.6,0.0
54.1615,0.9945150519272968,0.09741278868659731,0.01776114380017511,-0.03369127277584017,0.5815,0.2771,9.8728,0.6,0.3,1.0,0.0,0.0,0.0,0.6465,-0.027,0.0,0.6,0.0
54.1816,0.9944998224432171,0.09747229651777987,0.017821871375046164,-0.03393575507707136,0.5815,0.2771,9.2313,0.6,0.3,1.0,0.0,0.0,0.0,0.558,-0.027,0.0,0.6,0.0
54.2016,0.9944457836185655,0.09802197867139997,0.017821996122112313,-0.033935992615868105,0.5815,0.2771,9.6196,0.6,0.3,1.0,0.0,0.0,0.0,0.6427,-0.027,0.0,0.6,0.0
54.2217,0.9944170763928688,0.0983251401157609,0.017638486967109148,-0.033996011192290336,0.5815,0.2771,9.0971,0.6,0.3,1.0,0.0,0.0,0.0,0.5426,-0.027,0.0,0.6,0.0
54.2418,0.9943517375303534,0.09899568845443915,0.017333420172620427,-0.03411785870945172,0.5815,0.2771,9.6124,0.6,0.3,1.0,0.0,0.0,0.0,0.6581,-0.027,0.0,0.6,0.0
54.2618,0.9943319802829658,0.09918279601862684,0.016907135692836653,-0.034363275791857995,0.5815,0.2771,9.2807,0.6,0.3,1.0,0.0,0.0,0.0,0.5426,-0.027,0.0,0.6,0.0
54.2819,0.9942595678462551,0.0999146550976538,0.016478943115190298,-0.034545880748671765,0.5815,0.2771,9.6056,0.6,0.3,1.0,0.0,0.0,0.0,0.6581,-0.027,0.0,0.6,0.0
54.302,0.9942251494633864,0.10028333498960758,0.016052373762259885,-0.0346688072258925,0.5815,0.2771,9.1545,0.6,0.3,1.0,0.0,0.0,0.0,0.5426,-0.027,0.0,0.6,0.0
54.322,0.9941406752431245,0.10119596694221768,0.015685994875841228,-0.03460698869490231,0.5815,0.2771,9.7422,0.6,0.3,1.0,0.0,0.0,0.0,0.6619,-0.027,0.0,0.6,0.0
54.3421,0.9941113825214049,0.10149797607915288,0.015319543586098898,-0.03472796535258666,0.5815,0.2771,9.2194,0.6,0.3,1.0,0.0,0.0,0.0,0.5426,-0.027,0.0,0.6,0.0
54.3622,0.9940444038177256,0.10217561120186684,0.015015383733432822,-0.034790889116625257,0.5815,0.2771,9.63,0.6,0.3,1.0,0.0,0.0,0.0,0.6581,-0.027,0.0,0.6,0.0
54.3823,0.9940189779153836,0.10241699772455037,0.014770999671825331,-0.03491199922434268,0.5815,0.2771,9.2045,0.6,0.3,1.0,0.0,0.0,0.0,0.5388,-0.027,0.0,0.6,0.0
54.4024,0.9939638804478604,0.10290560880589228,0.014648086660402427,-0.03509520762881103,0.5815,0.2771,9.7593,0.6,0.3,1.0,0.0,0.0,0.0,0.6542,-0.027,0.0,0.6,0.0
54.4224,0.99396548654642,0.1028447746266744,0.014526109410632357,-0.035278265715839585,0.5815,0.2771,9.1393,0.6,0.3,1.0,0.0,0.0,0.0,0.5388,-0.027,0.0,0.6,0.0
54.4425,0.9939369016236579,0.10302481308423553,0.014464692956831386,-0.035582244692909104,0.5815,0.2771,9.7431,0.6,0.3,1.0,0.0,0.0,0.0,0.6427,-0.027,0.0,0.6,0.0
54.4626,0.9939271678987832,0.10296922894333625,0.014465453612506654,-0.03601212928033027,0.5815,0.2771,9.2252,0.6,0.3,1.0,0.0,0.0,0.0,0.5696,-0.027,0.0,0.6,0.0
54.4826,0.993896203131036,0.10302702105651015,0.014343002931401748,-0.03674300750948145,0.5815,0.2771,9.8113,0.6,0.3,1.0,0.0,0.0,0.0,0.6119,-0.027,0.0,0.6,0.0
54.5027,0.9938552104609023,0.10296809389920586,0.014099286714885542,-0.03808677451047099,0.5815,0.2771,9.4204,0.6,0.3,1.0,0.0,0.0,0.0,0.6004,-0.027,0.0,0.6,0.0
54.5228,0.9938246707737338,0.102232937451269,0.013915855366823765,-0.040832575610341544,0.5815,0.2771,9.5341,0.6,0.3,1.0,0.0,0.0,0.0,0.5696,-0.027,0.0,0.6,0.0
54.5428,0.9936714272200122,0.10077097016816089,0.01196323389258313,-0.048157941533488735,0.5815,0.2771,9.182,0.6,0.3,1.0,0.0,0.0,0.0,0.6273,-0.027,0.0,0.6,0.0
54.5629,0.9934184617737171,0.09942704707462956,0.010071106059668456,-0.05596958942047298,0.5815,0.2771,9.7986,0.6,0.3,1.0,0.0,0.0,0.0,0.5657,-0.027,0.0,0.6,0.0
54.583,0.9930466659196687,0.09735145741463672,0.00824003871656797,-0.06567430857668494,0.5815,0.2771,8.6675,0.6,0.3,1.0,0.0,0.0,0.0,0.6504,-0.0406,0.0,0.6,0.0
54.603,0.9923706604381084,0.09503196748267967,0.006103997911380159,-0.07830797320516958,0.5815,0.2771,8.2813,0.6,0.3,1.0,0.0,0.0,0.0,0.5542,-0.0406,0.0,0.6,0.0
54.6231,0.9919078307723181,0.09399644780892613,0.004822125575405269,-0.08520721892418182,0.5815,0.2771,9.1011,0.6,0.3,1.0,0.0,0.0,0.0,0.6619,-0.027,0.0,0.6,0.0
54.6432,0.9898915188620417,0.09057815204900886,-0.0004880115946819946,-0.10913359290828023,0.568,0.2771,9.721,0.6,0.3,1.0,0.0,0.0,0.0,0.5465,-0.027,0.0,0.6,0.0
54.6633,0.9882075247764857,0.08782889123992504,-0.003966949920855986,-0.12536441738795912,0.5815,0.2771,9.0618,0.6,0.3,1.0,0.0,0.0,0.0,0.6542,-0.027,0.0,0.6,0.0
54.6833,0.9864615513346129,0.0851449970366813,-0.007507087907008894,-0.13995563886206547,0.5815,0.2771,9.6274,0.6,0.3,1.0,0.0,0.0,0.0,0.5388,-0.027,0.0,0.6,0.0
54.7034,0.9848304233213203,0.0837424169009886,-0.011292325909314095,-0.1515543740308672,0.5815,0.2771,9.2929,0.6,0.3,1.0,0.0,0.0,0.0,0.6581,-0.027,0.0,0.6,0.0
54.7235,0.9834909603415708,0.08263947586736642,-0.01446455819585022,-0.16033410276974985,0.5815,0.2771,9.7359,0.6,0.3,1.0,0.0,0.0,0.0,0.5388,-0.027,0.0,0.6,0.0
54.7435,0.982621055640888,0.0819103383826558,-0.016907276258232438,-0.1657127076803512,0.5815,0.2771,9.7532,0.6,0.3,1.0,0.0,0.0,0.0,0.6542,-0.0135,0.0,0.6,0.0
54.7636,0.9822482110684211,0.08093375895927624,-0.018494173429785796,-0.16821457743833462,0.595,0.2771,9.4756,0.6,0.3,1.0,0.0,0.0,0.0,0.5426,-0.0135,0.0,0.6,0.0
54.7837,0.9823087750948372,0.08032271753351067,-0.01904317011516947,-0.16809250159265632,0.595,0.2771,9.8404,0.6,0.3,1.0,0.0,0.0,0.0,0.6388,0.0,0.0,0.6,0.0
54.8037,0.9827232565056709,0.07952869705079796,-0.01867692885384894,-0.16607636736417364,0.595,0.2771,9.3851,0.6,0.3,1.0,0.0,0.0,0.0,0.558,0.0,0.0,0.6,0.0
54.8238,0.9833536819426552,0.07904234090086043,-0.01757829820416396,-0.16266175944880576,0.595,0.2771,9.708,0.6,0.3,1.0,0.0,0.0,0.0,0.635,0.0,0.0,0.6,0.0
54.8439,0.9841406960110308,0.07818677031647055,-0.015747155145083017,-0.15844856107658412,0.595,0.2771,9.2677,0.6,0.3,1.0,0.0,0.0,0.0,0.5696,0.0,0.0,0.6,0.0
54.8639,0.9850090118736077,0.07776089560173999,-0.013550330320651956,-0.1533847391078908,0.595,0.2771,9.6667,0.6,0.3,1.0,0.0,0.0,0.0,0.6234,0.0,0.0,0.6,0.0
54.884,0.9859968437048376,0.07751294375463909,-0.011413697220092237,-0.1472130947652287,0.595,0.2771,9.2113,0.6,0.3,1.0,0.0,0.0,0.0,0.5773,0.0,0.0,0.6,0.0
54.9041,0.9870638947295138,0.07855223036751809,-0.009155026848643284,-0.1394654090055748,0.595,0.2771,9.8754,0.6,0.3,1.0,0.0,0.0,0.0,0.6119,0.0,0.0,0.6,0.0
54.9242,0.9882969959722994,0.07983529216533815,-0.00640910373384336,-0.12982410125370802,0.595,0.2771,9.5794,0.6,0.3,1.0,0.0,0.0,0.0,0.5811,0.0,0.0,0.6,0.0
54.9442,0.98954960505441,0.08080990612427093,-0.002990959513156547,-0.11938338397799915,0.595,0.2771,9.7263,0.6,0.3,1.0,0.0,0.0,0.0,0.6196,0.0,0.0,0.6,0.0
54.9643,0.9908669264357768,0.08093479096854374,0.0006100134987064924,-0.10785138659343503,0.595,0.2771,9.1302,0.6,0.3,1.0,0.0,0.0,0.0,0.6042,0.0,0.0,0.6,0.0
54.9844,0.992064508494162,0.08166495954012665,0.0038449980950442456,-0.09551995267584507,0.595,0.2771,9.4015,0.6,0.3,1.0,0.0,0.0,0.0,0.5965,0.0,0.0,0.6,0.0
55.0044,0.992064508494162,0.08166495954012665,0.0038449980950442456,-0.09551995267584507,0.595,0.2771,9.4015,0.6,0.3,1.0,0.0,0.0,0.0,0.6004,0.0,0.0,0.6,0.0
55.0245,0.9935169826055154,0.08404389882850093,0.008239892038156326,-0.07611000278108189,0.595,0.2771,9.1907,0.6,0.3,1.0,0.0,0.0,0.0,0.5888,0.0,0.0,0.6,0.0
55.0446,0.9941807068591842,0.0863021515997504,0.011291758155640319,-0.06347564049287813,0.595,0.2771,9.4793,0.6,0.3,1.0,0.0,0.0,0.0,0.6119,0.0,0.0,0.6,0.0
55.0646,0.9946396115264543,0.08825794159881753,0.013855147816622115,-0.05206355545123037,0.595,0.2771,9.0861,0.6,0.3,1.0,0.0,0.0,0.0,0.585,0.0,0.0,0.6,0.0
55.0847,0.9949117493539702,0.09020798254881394,0.015807646470808696,-0.041991060893357586,0.595,0.2771,9.5916,0.6,0.3,1.0,0.0,0.0,0.0,0.6196,0.0,0.0,0.6,0.0
55.1048,0.995073374888077,0.09173760182214129,0.017395303737858078,-0.03332558189503416,0.595,0.2771,9.757,0.6,0.3,1.0,0.0,0.0,0.0,0.5657,0.0,0.0,0.6,0.0
55.1249,0.9950906261834502,0.09338152502219871,0.018798501765744817,-0.02685428825570918,0.595,0.2771,9.3894,0.6,0.3,1.0,0.0,0.0,0.0,0.6388,-0.0135,0.0,0.6,0.0
55.1479,0.9950493366301483,0.09466536607128606,0.019713867985647802,-0.022948846322543848,0.5815,0.2771,9.7429,0.6,0.3,1.0,0.0,0.0,0.0,0.5657,-0.0135,0.0,0.6,0.0
55.168,0.9949267341497186,0.09606829842283941,0.020019853797013043,-0.022155838198132882,0.568,0.2771,9.5546,0.6,0.3,1.0,0.0,0.0,0.0,0.6311,-0.0406,0.0,0.6,0.0
55.1881,0.9948107867364682,0.09716788149480417,0.01928697647775285,-0.023192971714031285,0.568,0.2771,9.551,0.6,0.3,1.0,0.0,0.0,0.0,0.5465,-0.027,0.0,0.6,0.0
55.2081,0.9945905550323358,0.09924525065463007,0.017273391720901494,-0.02533057443932352,0.5815,0.2771,9.9404,0.6,0.3,1.0,0.0,0.0,0.0,0.6504,-0.0406,0.0,0.6,0.0
55.2282,0.9943240061956329,0.10125700063093238,0.015503000096599204,-0.028748000179128708,0.5815,0.2771,9.5158,0.6,0.3,1.0,0.0,0.0,0.0,0.5388,-0.0406,0.0,0.6,0.0
55.2483,0.994048082943778,0.10284700900311755,0.01416041429236656,-0.03302096609702993,0.568,0.2771,10.7873,0.6,0.3,1.0,0.0,0.0,0.0,0.6619,-0.027,0.0,0.6,0.0
55.2684,0.9937921546307188,0.10376189552602845,0.012085220773246483,-0.03826969911223572,0.595,0.2771,9.4942,0.6,0.3,1.0,0.0,0.0,0.0,0.5388,-0.027,0.0,0.6,0.0
55.2884,0.9934842496681056,0.10461560581636588,0.010132155525373485,-0.04406767642485515,0.5544,0.2771,9.4612,0.6,0.3,1.0,0.0,0.0,0.0,0.6542,-0.0135,0.0,0.6,0.0
55.3085,0.9931497178062939,0.1049784903352364,0.008178882381900371,-0.05065827149831159,0.622,0.2771,9.398,0.6,0.3,1.0,0.0,0.0,0.0,0.5503,0.0135,0.0,0.6,0.0
55.3286,0.9927909744710248,0.10620024846927302,0.0060419572438239685,-0.05523660911570727,0.595,0.2771,9.4911,0.6,0.3,1.0,0.0,0.0,0.0,0.6196,0.0,0.0,0.6,0.0
55.3486,0.9923517936530359,0.10790791151000895,0.004027922042093561,-0.059812842359926566,0.5815,0.2771,9.498,0.6,0.3,1.0,0.0,0.0,0.0,0.585,0.0,0.0,0.6,0.0
55.3687,0.9920237965829619,0.10803415590305135,0.003967079166056417,-0.06482029353783963,0.5815,0.2771,9.308,0.6,0.3,1.0,0.0,0.0,0.0,0.6042,0.0135,0.0,0.6,0.0
55.3888,0.9918889146215817,0.10778875141320343,0.0037230259538293606,-0.06726146889081791,0.5815,0.2771,9.5383,0.6,0.3,1.0,0.0,0.0,0.0,0.6196,0.0135,0.0,0.6,0.0
55.4088,0.9918387031720948,0.10730191521490853,0.0032350577420338436,-0.06878822779019478,0.595,0.2771,9.343,0.6,0.3,1.0,0.0,0.0,0.0,0.5773,0.0135,0.0,0.6,0.0
55.4289,0.991838088297507,0.10699684343988661,0.0031130536345471142,-0.06927619355388699,0.6085,0.2771,9.2683,0.6,0.3,1.0,0.0,0.0,0.0,0.6196,0.0135,0.0,0.6,0.0
55.449,0.9918821132263254,0.10656701216494482,0.003784000431955037,-0.06927500790795044,0.6085,0.2771,9.888,0.6,0.3,1.0,0.0,0.0,0.0,0.5811,0.0135,0.0,0.6,0.0
55.4691,0.9919998357139583,0.10565155648853342,0.005065978733681448,-0.06890871073021188,0.622,0.2771,9.4185,0.6,0.3,1.0,0.0,0.0,0.0,0.6157,0.0135,0.0,0.6,0.0
55.4891,0.9921605471213605,0.1044281104956226,0.006286826044814106,-0.06835710857284011,0.5815,0.2771,9.9098,0.6,0.3,1.0,0.0,0.0,0.0,0.558,0.027,0.0,0.6,0.0
55.5092,0.9923215488552303,0.10254019338519865,0.007751090208883227,-0.06872679985752901,0.5815,0.2771,10.1737,0.6,0.3,1.0,0.0,0.0,0.0,0.6465,-0.0135,0.0,0.6,0.0
55.5293,0.9925407005509033,0.10027965631285063,0.009154877330143793,-0.0687250791252278,0.6356,0.2771,9.7371,0.6,0.3,1.0,0.0,0.0,0.0,0.558,-0.0135,0.0,0.6,0.0
55.5493,0.9927318317666585,0.09881548555947256,0.008910953608934402,-0.06811464539025536,0.5815,0.2771,10.6648,0.6,0.3,1.0,0.0,0.0,0.0,0.6427,-0.0135,0.0,0.6,0.0
55.5694,0.992802245973603,0.09753441713096661,0.009521040719174173,-0.06884829444740076,0.5815,0.2771,9.3086,0.6,0.3,1.0,0.0,0.0,0.0,0.5503,-0.0135,0.0,0.6,0.0
55.5895,0.9929716669696085,0.09576309991397378,0.01141389271979134,-0.0686033551908678,0.5815,0.2771,9.7355,0.6,0.3,1.0,0.0,0.0,0.0,0.6465,-0.027,0.0,0.6,0.0
55.6095,0.9931543431479365,0.09478707834587904,0.011657886645527492,-0.06726034599972752,0.5815,0.2771,9.7532,0.6,0.3,1.0,0.0,0.0,0.0,0.5426,-0.027,0.0,0.6,0.0
55.6296,0.9933125824289725,0.09424052200770122,0.011292302197743617,-0.06573675920728622,0.5815,0.2771,8.8774,0.6,0.3,1.0,0.0,0.0,0.0,0.6581,-0.027,0.0,0.6,0.0
55.6497,0.9934232450525046,0.09308042841032292,0.011536177033933392,-0.06567500784730756,0.5815,0.2771,8.9245,0.6,0.3,1.0,0.0,0.0,0.0,0.5388,-0.0406,0.0,0.6,0.0
55.6697,0.9935176275918922,0.09264984621905367,0.011718854063540507,-0.06481819281036189,0.568,0.2771,10.2155,0.6,0.3,1.0,0.0,0.0,0.0,0.6581,-0.027,0.0,0.6,0.0
55.6898,0.9935364871666541,0.09271260535484063,0.011292073730119742,-0.06451442123848244,0.5815,0.2771,9.6277,0.6,0.3,1.0,0.0,0.0,0.0,0.5388,-0.027,0.0,0.6,0.0
55.7099,0.9934745028367331,0.09393352029601611,0.010437057810668475,-0.06384335362714454,0.5815,0.2771,9.0995,0.6,0.3,1.0,0.0,0.0,0.0,0.6581,-0.027,0.0,0.6,0.0
55.7299,0.9933966671957911,0.09460292075702088,0.009520891384376964,-0.06420826750335673,0.595,0.2771,9.3184,0.6,0.3,1.0,0.0,0.0,0.0,0.5542,-0.0135,0.0,0.6,0.0
55.75,0.9933363538619342,0.09521397953883592,0.008422909726992778,-0.064391309882526,0.568,0.2771,10.2594,0.6,0.3,1.0,0.0,0.0,0.0,0.6427,-0.0135,0.0,0.6,0.0
55.7701,0.9933124518341832,0.09497352913777521,0.008301221060878307,-0.06512673431992522,0.595,0.2771,9.3635,0.6,0.3,1.0,0.0,0.0,0.0,0.5657,-0.0135,0.0,0.6,0.0
55.7902,0.993324397953637,0.09472484463631962,0.00830081112381992,-0.06530651401932681,0.595,0.2771,9.4184,0.6,0.3,1.0,0.0,0.0,0.0,0.608,-0.0135,0.0,0.6,0.0
55.8103,0.9932892541351552,0.09515431173697864,0.008057026395788291,-0.06524721375772584,0.595,0.2771,9.1488,0.6,0.3,1.0,0.0,0.0,0.0,0.5965,-0.0135,0.0,0.6,0.0
55.8304,0.9932249017467214,0.09588599051462267,0.008300999178836165,-0.06512499355760804,0.595,0.2771,9.6951,0.6,0.3,1.0,0.0,0.0,0.0,0.6042,-0.0135,0.0,0.6,0.0
55.8504,0.9931712990482844,0.09625270738367026,0.008545062799666131,-0.0653694804156083,0.595,0.2771,9.312,0.6,0.3,1.0,0.0,0.0,0.0,0.5927,-0.0135,0.0,0.6,0.0
55.8705,0.993106978501284,0.09668038731280051,0.008850035454264452,-0.0656742630986849,0.595,0.2771,9.7203,0.6,0.3,1.0,0.0,0.0,0.0,0.5965,-0.0135,0.0,0.6,0.0
55.8906,0.9930629880012767,0.09686504720522161,0.009033190912988126,-0.06604139575929752,0.595,0.2771,9.2591,0.6,0.3,1.0,0.0,0.0,0.0,0.6042,-0.0135,0.0,0.6,0.0
55.9106,0.9930064678889973,0.09717049215628305,0.00927723793567676,-0.06640770317522367,0.595,0.2771,9.788,0.6,0.3,1.0,0.0,0.0,0.0,0.5965,-0.0135,0.0,0.6,0.0
55.9307,0.9929693566853425,0.09728885921474527,0.009398889790928082,-0.06677121705711754,0.595,0.2771,9.3643,0.6,0.3,1.0,0.0,0.0,0.0,0.6004,-0.0135,0.0,0.6,0.0
55.9508,0.9929374423375672,0.09747471227991147,0.009521167252644729,-0.06695717619662628,0.595,0.2771,9.7907,0.6,0.3,1.0,0.0,0.0,0.0,0.5927,-0.0135,0.0,0.6,0.0
55.9709,0.9929299908120417,0.09741298016454758,0.009644097038423373,-0.06713967555606665,0.595,0.2771,9.2497,0.6,0.3,1.0,0.0,0.0,0.0,0.6119,-0.0135,0.0,0.6,0.0
55.9909,0.9929116879882838,0.09759418300489117,0.00970491875672391,-0.06713843796060652,0.595,0.2771,9.8546,0.6,0.3,1.0,0.0,0.0,0.0,0.5811,-0.0135,0.0,0.6,0.0
56.011,0.9929228300679322,0.09753427799605777,0.009583027313923596,-0.06707819118891423,0.595,0.2771,9.266,0.6,0.3,1.0,0.0,0.0,0.0,0.6196,-0.0135,0.0,0.6,0.0
56.0311,0.9929339597477344,0.0974743704009295,0.009460133000859657,-0.06701794221126973,0.595,0.2771,9.7932,0.6,0.3,1.0,0.0,0.0,0.0,0.5811,-0.0135,0.0,0.6,0.0
56.0511,0.992942124442245,0.09741417055368808,0.009216205352757266,-0.06701849328621229,0.595,0.2771,9.1828,0.6,0.3,1.0,0.0,0.0,0.0,0.635,-0.0135,0.0,0.6,0.0
56.0712,0.9929604898751357,0.09728799046502598,0.009032813422454336,-0.06695461701692135,0.595,0.2771,9.8818,0.6,0.3,1.0,0.0,0.0,0.0,0.5503,-0.0135,0.0,0.6,0.0
56.0913,0.9929803107393407,0.0971069325948484,0.00878899389926703,-0.0669559535236458,0.595,0.2771,9.4296,0.6,0.3,1.0,0.0,0.0,0.0,0.6465,-0.0135,0.0,0.6,0.0
56.1113,0.9930301989558394,0.09661785180577888,0.008544898453517242,-0.06695520431289632,0.595,0.2771,9.8971,0.6,0.3,1.0,0.0,0.0,0.0,0.5503,-0.0135,0.0,0.6,0.0
56.1314,0.9930484928711802,0.09649763093261944,0.008240053876128639,-0.06689543738393494,0.595,0.2771,9.457,0.6,0.3,1.0,0.0,0.0,0.0,0.6542,-0.0135,0.0,0.6,0.0
56.1515,0.9930905211938883,0.09612879208135358,0.007995899526500629,-0.06683216021193283,0.595,0.2771,9.7749,0.6,0.3,1.0,0.0,0.0,0.0,0.5426,-0.0135,0.0,0.6,0.0
56.1716,0.9931116949603616,0.09600884058325714,0.007812068396762836,-0.06671158407788585,0.595,0.2771,9.4606,0.6,0.3,1.0,0.0,0.0,0.0,0.6581,-0.0135,0.0,0.6,0.0
56.1917,0.9931518719213892,0.0956408320622833,0.007750905348223154,-0.06664918609973836,0.595,0.2771,9.737,0.6,0.3,1.0,0.0,0.0,0.0,0.5426,-0.0135,0.0,0.6,0.0
56.212,0.9931492761661078,0.09576258028157601,0.007628886898710843,-0.06652701371050379,0.595,0.2771,9.5676,0.6,0.3,1.0,0.0,0.0,0.0,0.6619,-0.0135,0.0,0.6,0.0
56.232,0.9931912308705906,0.09546161732370054,0.007507205829193897,-0.06634681906725315,0.595,0.2771,9.4787,0.6,0.3,1.0,0.0,0.0,0.0,0.5426,-0.0135,0.0,0.6,0.0
56.2521,0.9932050021303431,0.09545707800182276,0.007384851308346652,-0.06616066787580643,0.595,0.2771,9.6126,0.6,0.3,1.0,0.0,0.0,0.0,0.6619,-0.0135,0.0,0.6,0.0
56.2722,0.9932502059384289,0.09491240861397596,0.0072021827714451245,-0.06628568214696862,0.595,0.2771,9.4173,0.6,0.3,1.0,0.0,0.0,0.0,0.5465,-0.0135,0.0,0.6,0.0
56.2923,0.9932523712678532,0.09485161384619256,0.007141196791486067,-0.06634682833372663,0.595,0.2771,9.7886,0.6,0.3,1.0,0.0,0.0,0.0,0.635,-0.0135,0.0,0.6,0.0
56.3124,0.9932942799255459,0.09442178708332742,0.007019058509631082,-0.06634555304480316,0.595,0.2771,9.015,0.6,0.3,1.0,0.0,0.0,0.0,0.5773,-0.0135,0.0,0.6,0.0
56.3325,0.9933019874706618,0.09472852468184731,0.006958111992740143,-0.06579705902189265,0.595,0.2771,9.7536,0.6,0.3,1.0,0.0,0.0,0.0,0.6119,-0.0135,0.0,0.6,0.0
56.3526,0.9933406573658208,0.09490939398879752,0.007018955182882418,-0.06494058534428943,0.595,0.2771,9.3304,0.6,0.3,1.0,0.0,0.0,0.0,0.585,-0.0135,0.0,0.6,0.0
56.3727,0.9933813728734691,0.09496845441466772,0.007201806958907861,-0.06420727895369532,0.595,0.2771,9.6619,0.6,0.3,1.0,0.0,0.0,0.0,0.6042,-0.0135,0.0,0.6,0.0
56.3928,0.9933933831658041,0.0946026080130397,0.0070798958260995535,-0.06457404985457323,0.595,0.2771,9.4101,0.6,0.3,1.0,0.0,0.0,0.0,0.6042,-0.0135,0.0,0.6,0.0
56.4129,0.993337602697731,0.09466510443680146,0.006774935906865509,-0.06536838159348946,0.595,0.2771,9.9006,0.6,0.3,1.0,0.0,0.0,0.0,0.5811,-0.0135,0.0,0.6,0.0
56.433,0.9932998756628009,0.09393431219269563,0.006348088678092188,-0.06701793619087953,0.595,0.2771,9.489,0.6,0.3,1.0,0.0,0.0,0.0,0.6157,-0.0135,0.0,0.6,0.0
56.4531,0.993202170500401,0.09301586196038794,0.005553872340063173,-0.06976139648178353,0.595,0.2771,9.8561,0.6,0.3,1.0,0.0,0.0,0.0,0.5696,-0.0135,0.0,0.6,0.0
56.4732,0.9929954954270541,0.0914323346996478,0.004333063252655839,-0.07470809056454142,0.595,0.2771,9.176,0.6,0.3,1.0,0.0,0.0,0.0,0.6388,-0.0135,0.0,0.6,0.0
56.4933,0.9925033389060478,0.08972293464369867,0.002563026699045956,-0.08294786406779686,0.595,0.2771,9.5242,0.6,0.3,1.0,0.0,0.0,0.0,0.5657,-0.0135,0.0,0.6,0.0
56.5134,0.9916903543795289,0.08770723536266521,0.00012199893640541666,-0.09411517949779492,0.595,0.2771,8.8719,0.6,0.3,1.0,0.0,0.0,0.0,0.6504,-0.027,0.0,0.6,0.0
56.5335,0.9904166008250498,0.08599896533919899,-0.0028689988436860978,-0.10803195645907904,0.595,0.2771,9.4281,0.6,0.3,1.0,0.0,0.0,0.0,0.5465,-0.0406,0.0,0.6,0.0
56.5536,0.988868723373169,0.08379902748469495,-0.006041857782872813,-0.12280010945219033,0.568,0.2771,9.3223,0.6,0.3,1.0,0.0,0.0,0.0,0.6619,-0.027,0.0,0.6,0.0
56.5737,0.9868917436692977,0.08050620272242315,-0.008850132216551072,-0.1395890853911545,0.5815,0.2771,8.8598,0.6,0.3,1.0,0.0,0.0,0.0,0.5426,-0.0406,0.0,0.6,0.0
56.5938,0.9848471832596555,0.07678076689350993,-0.012145804937206255,-0.15502651025935696,0.5815,0.2771,8.1031,0.6,0.3,1.0,0.0,0.0,0.0,0.6619,-0.027,0.0,0.6,0.0
56.6139,0.9825848208445642,0.07415647706269682,-0.01544168287712941,-0.16967451542711873,0.568,0.2771,9.5704,0.6,0.3,1.0,0.0,0.0,0.0,0.5426,-0.027,0.0,0.6,0.0
56.634,0.9801907399911604,0.07232897316300196,-0.018188496189371583,-0.1834770053252906,0.5815,0.2771,9.5749,0.6,0.3,1.0,0.0,0.0,0.0,0.6581,-0.027,0.0,0.6,0.0
56.6541,0.9778629510884224,0.07202239580172223,-0.02117941045923653,-0.19531578524077647,0.5815,0.2771,10.0988,0.6,0.3,1.0,0.0,0.0,0.0,0.5388,-0.027,0.0,0.6,0.0
56.6742,0.9759773837382568,0.07306090020670412,-0.02490264768128972,-0.20374029898592733,0.5815,0.2771,9.8917,0.6,0.3,1.0,0.0,0.0,0.0,0.6581,-0.027,0.0,0.6,0.0
56.6943,0.9745077142084867,0.07397657245152867,-0.027405582535101617,-0.21002646433815417,0.5815,0.2771,10.2386,0.6,0.3,1.0,0.0,0.0,0.0,0.5465,-0.027,0.0,0.6,0.0
56.7144,0.9737918817806731,0.07421716183948483,-0.028686289517364835,-0.213068722857845,0.5815,0.2771,9.663,0.6,0.3,1.0,0.0,0.0,0.0,0.6581,-0.0135,0.0,0.6,0.0
56.7345,0.9739371319565174,0.07342493455836747,-0.0289309742146153,-0.2126458104746151,0.5815,0.2771,9.9787,0.6,0.3,1.0,0.0,0.0,0.0,0.558,-0.0135,0.0,0.6,0.0
56.7546,0.9739371319565174,0.07342493455836747,-0.0289309742146153,-0.2126458104746151,0.5815,0.2771,9.9787,0.6,0.3,1.0,0.0,0.0,0.0,0.6157,0.0,0.0,0.6,0.0
56.7747,0.9745190265401946,0.07244684608024496,-0.02789217073688072,-0.21044274331932078,0.5815,0.2771,9.26,0.6,0.3,1.0,0.0,0.0,0.0,0.5888,0.0,0.0,0.6,0.0
56.7948,0.9752571504096996,0.0718362432684857,-0.02648835223612735,-0.20739192829914715,0.5815,0.2771,9.8,0.6,0.3,1.0,0.0,0.0,0.0,0.6119,0.0,0.0,0.6,0.0
56.8149,0.9762240268648703,0.07128659221001206,-0.024962156873269793,-0.20317913738141233,0.5815,0.2771,9.2781,0.6,0.3,1.0,0.0,0.0,0.0,0.6119,0.0,0.0,0.6,0.0
56.835,0.9772387724813083,0.07128934815143557,-0.023438114463288105,-0.19842596904078613,0.5815,0.2771,9.8027,0.6,0.3,1.0,0.0,0.0,0.0,0.5888,0.0,0.0,0.6,0.0
56.8551,0.9785361243292745,0.07190047868726779,-0.021729446882371672,-0.19189894654575507,0.5815,0.2771,9.2804,0.6,0.3,1.0,0.0,0.0,0.0,0.608,0.0,0.0,0.6,0.0
56.8752,0.9799374725932317,0.0735483864450168,-0.02008137854980328,-0.1841464713060319,0.5815,0.2771,9.8798,0.6,0.3,1.0,0.0,0.0,0.0,0.585,0.0,0.0,0.6,0.0
56.8953,0.9816690892620349,0.07623145383284595,-0.01849362490239991,-0.17370247687337953,0.5815,0.2771,9.6818,0.6,0.3,1.0,0.0,0.0,0.0,0.6311,0.0,0.0,0.6,0.0
56.9154,0.9835033525700294,0.0787335872488755,-0.01623470869353518,-0.16204509235417253,0.5815,0.2771,10.0083,0.6,0.3,1.0,0.0,0.0,0.0,0.5465,0.0,0.0,0.6,0.0
56.9355,0.9853324129682179,0.08019840576773689,-0.013488731862855388,-0.15002101779175758,0.5815,0.2771,9.3585,0.6,0.3,1.0,0.0,0.0,0.0,0.6465,0.0,0.0,0.6,0.0
56.9556,0.9870171145696389,0.08093440337737043,-0.011597201091858246,-0.13824739716684883,0.5815,0.2771,9.634,0.6,0.3,1.0,0.0,0.0,0.0,0.5465,0.0,0.0,0.6,0.0
56.9757,0.9884980098696997,0.0826397435893394,-0.010558711703006152,-0.12621755373284776,0.5815,0.2771,9.4296,0.6,0.3,1.0,0.0,0.0,0.0,0.6542,0.0,0.0,0.6,0.0
56.9958,0.9897013749060332,0.0853894127934407,-0.010132167639751957,-0.11444289349199116,0.5815,0.2771,10.1033,0.6,0.3,1.0,0.0,0.0,0.0,0.5388,0.0,0.0,0.6,0.0
57.0159,0.9906670637090662,0.08874545361471528,-0.009399048042421622,-0.10302752661629688,0.5815,0.2771,9.6893,0.6,0.3,1.0,0.0,0.0,0.0,0.6581,0.0,0.0,0.6,0.0
57.036,0.9914799210445143,0.09149429972737515,-0.008911223985382745,-0.09228731966008842,0.5815,0.2771,9.5485,0.6,0.3,1.0,0.0,0.0,0.0,0.5426,0.0,0.0,0.6,0.0
57.0561,0.9920926813365214,0.09466864144123938,-0.008972250343426346,-0.08191128548592393,0.5815,0.2771,9.5098,0.6,0.3,1.0,0.0,0.0,0.0,0.6658,0.0,0.0,0.6,0.0
57.0761,0.9924958414194194,0.097412278881915,-0.00946002708314083,-0.0733032098599865,0.5815,0.2771,9.649,0.6,0.3,1.0,0.0,0.0,0.0,0.5426,0.0,0.0,0.6,0.0
57.0962,0.9926984006981378,0.1007712739503631,-0.0098882231323243,-0.06555347924455147,0.5815,0.2771,9.8272,0.6,0.3,1.0,0.0,0.0,0.0,0.6504,0.0,0.0,0.6,0.0
57.1163,0.9927965231318827,0.10339384619297973,-0.010436984474110005,-0.05963091129401682,0.5815,0.2771,9.4793,0.6,0.3,1.0,0.0,0.0,0.0,0.5426,0.0,0.0,0.6,0.0
57.1364,0.9927480218798123,0.10577517435767507,-0.010803119940495418,-0.05609162275130325,0.5815,0.2771,9.9045,0.6,0.3,1.0,0.0,0.0,0.0,0.6273,0.0,0.0,0.6,0.0
57.1565,0.9926123568932022,0.10723871444706166,-0.01135296976955668,-0.055602851941923825,0.5815,0.2771,9.2376,0.6,0.3,1.0,0.0,0.0,0.0,0.5734,0.0,0.0,0.6,0.0
57.1766,0.992325220016915,0.10864466636262632,-0.012085185359317546,-0.05780088653442739,0.568,0.2771,9.7005,0.6,0.3,1.0,0.0,0.0,0.0,0.5965,-0.0135,0.0,0.6,0.0
57.1967,0.9919202132347739,0.10992147484242472,-0.013183697139137274,-0.06194957687095671,0.568,0.2771,9.3309,0.6,0.3,1.0,0.0,0.0,0.0,0.608,-0.027,0.0,0.6,0.0
57.2168,0.991348384611085,0.11163473244539349,-0.015015233019515559,-0.06738404572454332,0.568,0.2771,9.6647,0.6,0.3,1.0,0.0,0.0,0.0,0.5696,-0.027,0.0,0.6,0.0
57.2369,0.9907385220542173,0.11309977195168364,-0.017029266800166393,-0.07318214655605021,0.568,0.2771,10.1111,0.6,0.3,1.0,0.0,0.0,0.0,0.6273,-0.0406,0.0,0.6,0.0
57.257,0.9901541271525574,0.11346183735896431,-0.017577664960656,-0.08007647370118398,0.568,0.2771,9.6759,0.6,0.3,1.0,0.0,0.0,0.0,0.5657,-0.027,0.0,0.6,0.0
57.2771,0.9895903675358879,0.11272816879244614,-0.01794339017148327,-0.08764302134250024,0.568,0.2771,8.9922,0.6,0.3,1.0,0.0,0.0,0.0,0.635,-0.027,0.0,0.6,0.0
57.2972,0.988977608581565,0.11139177174475627,-0.01916547689168816,-0.09564437990476599,0.568,0.2771,9.5416,0.6,0.3,1.0,0.0,0.0,0.0,0.5619,-0.027,0.0,0.6,0.0
57.3173,0.988416377775919,0.11004748944380863,-0.020508277570412597,-0.10247938701290926,0.5815,0.2771,9.3069,0.6,0.3,1.0,0.0,0.0,0.0,0.6465,-0.0406,0.0,0.6,0.0
57.3374,0.9879548283820477,0.10857967316552175,-0.021422540920456184,-0.10815168233725515,0.568,0.2771,9.5059,0.6,0.3,1.0,0.0,0.0,0.0,0.5388,-0.027,0.0,0.6,0.0
57.3574,0.9877112907687855,0.10748074646331328,-0.021300553393699788,-0.11144766328941569,0.5815,0.2771,9.4263,0.6,0.3,1.0,0.0,0.0,0.0,0.6619,-0.027,0.0,0.6,0.0
57.3775,0.9877055436217803,0.10577116684591589,-0.021117434354870276,-0.11315596903886593,0.5815,0.2771,9.1934,0.6,0.3,1.0,0.0,0.0,0.0,0.5426,-0.027,0.0,0.6,0.0
57.3976,0.9879204151331442,0.1042485714224402,-0.020569112746414042,-0.11279361826079431,0.5815,0.2771,9.5598,0.6,0.3,1.0,0.0,0.0,0.0,0.6619,-0.027,0.0,0.6,0.0
57.4177,0.9883187842404404,0.10131562008057224,-0.019408544090327724,-0.11218036486605382,0.5815,0.2771,9.2104,0.6,0.3,1.0,0.0,0.0,0.0,0.5503,-0.027,0.0,0.6,0.0
57.4378,0.9887565631140565,0.09844866211412046,-0.01776075863696184,-0.11114348959546894,0.5815,0.2771,9.6509,0.6,0.3,1.0,0.0,0.0,0.0,0.6504,-0.027,0.0,0.6,0.0
57.4579,0.989246500084688,0.09533589172751084,-0.016112812689778162,-0.10973972428405299,0.5815,0.2771,9.123,0.6,0.3,1.0,0.0,0.0,0.0,0.5503,-0.027,0.0,0.6,0.0
57.478,0.9896588857931994,0.09302127902992634,-0.01452651206421024,-0.10821881474793571,0.5815,0.2771,9.6518,0.6,0.3,1.0,0.0,0.0,0.0,0.6504,-0.027,0.0,0.6,0.0
57.4981,0.9900686065589566,0.0906386118418992,-0.01287822901574387,-0.10669089730243048,0.5815,0.2771,9.2823,0.6,0.3,1.0,0.0,0.0,0.0,0.6273,-0.027,0.0,0.6,0.0
57.5183,0.9904103530243542,0.08868340481596321,-0.01116892504160269,-0.10534629298573905,0.5815,0.2771,9.6461,0.6,0.3,1.0,0.0,0.0,0.0,0.5965,-0.027,0.0,0.6,0.0
57.5384,0.9907334115527459,0.08667091081894382,-0.009644101349231493,-0.10412709426483613,0.5815,0.2771,9.213,0.6,0.3,1.0,0.0,0.0,0.0,0.5773,-0.027,0.0,0.6,0.0
57.5585,0.990992486100182,0.08514618976869451,-0.008301213488559757,-0.10302964969110318,0.5815,0.2771,9.6303,0.6,0.3,1.0,0.0,0.0,0.0,0.6273,-0.027,0.0,0.6,0.0
57.5786,0.9912014315470971,0.0840441886887613,-0.007384928710411112,-0.10198901546036966,0.5815,0.2771,9.5364,0.6,0.3,1.0,0.0,0.0,0.0,0.5542,-0.027,0.0,0.6,0.0
57.5987,0.9914024930062901,0.08343571476524955,-0.0064700554267533225,-0.10058686169326303,0.5815,0.2771,9.7088,0.6,0.3,1.0,0.0,0.0,0.0,0.6427,-0.027,0.0,0.6,0.0
57.6189,0.9915395207094065,0.08343697924228086,-0.006165146245923903,-0.09924535423912839,0.5815,0.2771,9.3713,0.6,0.3,1.0,0.0,0.0,0.0,0.5542,-0.027,0.0,0.6,0.0
57.639,0.9916496620599886,0.08422999056677011,-0.005920069621570691,-0.09747414632151374,0.5815,0.2771,9.8933,0.6,0.3,1.0,0.0,0.0,0.0,0.6465,-0.027,0.0,0.6,0.0
57.6591,0.9917510588506161,0.08526523128978446,-0.005980946078673791,-0.09551913884549779,0.5815,0.2771,9.5165,0.6,0.3,1.0,0.0,0.0,0.0,0.5465,-0.027,0.0,0.6,0.0
57.6791,0.9917919606052545,0.08685579893769478,-0.006165198674206852,-0.09363101726985233,0.5815,0.2771,9.7249,0.6,0.3,1.0,0.0,0.0,0.0,0.6658,-0.027,0.0,0.6,0.0
57.6992,0.991758595316766,0.08850087465125545,-0.006591990663394484,-0.09240686911897678,0.5815,0.2771,9.3082,0.6,0.3,1.0,0.0,0.0,0.0,0.5349,-0.027,0.0,0.6,0.0
57.7194,0.9916532448808555,0.09051639152633384,-0.006958106968350324,-0.09155440748395773,0.5815,0.2771,9.7199,0.6,0.3,1.0,0.0,0.0,0.0,0.6504,-0.027,0.0,0.6,0.0
57.7394,0.9914744435731008,0.09289782179742578,-0.007446146024625726,-0.09106578586979835,0.5815,0.2771,9.2743,0.6,0.3,1.0,0.0,0.0,0.0,0.5465,-0.027,0.0,0.6,0.0
57.7595,0.9912457411726225,0.09545647128799904,-0.007811793059867033,-0.09087859255936721,0.5815,0.2771,9.8073,0.6,0.3,1.0,0.0,0.0,0.0,0.6465,-0.027,0.0,0.6,0.0
57.7796,0.990850553658108,0.09960955830561842,-0.008179045843062888,-0.09069850835971634,0.5815,0.2771,9.4783,0.6,0.3,1.0,0.0,0.0,0.0,0.5542,-0.027,0.0,0.6,0.0
57.7997,0.9906196600448873,0.10241892923873205,-0.00817915406859787,-0.09008969699619106,0.5815,0.2771,9.8088,0.6,0.3,1.0,0.0,0.0,0.0,0.6311,-0.027,0.0,0.6,0.0
57.8199,0.9904637522616863,0.10485638578370254,-0.008239873150906053,-0.0889876300759685,0.5815,0.2771,9.4574,0.6,0.3,1.0,0.0,0.0,0.0,0.5696,-0.027,0.0,0.6,0.0
57.84,0.9903299997099515,0.10741917979882226,-0.008300782069874148,-0.0873997053934637,0.5815,0.2771,9.7597,0.6,0.3,1.0,0.0,0.0,0.0,0.6273,-0.027,0.0,0.6,0.0
57.8601,0.9902303785687592,0.10967959888412387,-0.008422969195851324,-0.08569268660810753,0.5815,0.2771,9.3227,0.6,0.3,1.0,0.0,0.0,0.0,0.5927,-0.027,0.0,0.6,0.0
57.8802,0.9901137907224113,0.11187720234140303,-0.008606015564862415,-0.08416715222493332,0.5815,0.2771,9.7969,0.6,0.3,1.0,0.0,0.0,0.0,0.6042,-0.027,0.0,0.6,0.0
57.9002,0.9900141145238719,0.11371076973937154,-0.009033220028984235,-0.08282701748041872,0.5815,0.2771,9.3083,0.6,0.3,1.0,0.0,0.0,0.0,0.5965,-0.027,0.0,0.6,0.0
57.9203,0.9899165453740392,0.11517155097018496,-0.009582879433090054,-0.08190796947563124,0.5815,0.2771,9.725,0.6,0.3,1.0,0.0,0.0,0.0,0.6042,-0.027,0.0,0.6,0.0
57.9404,0.9898110339340933,0.11645547460948935,-0.01013204129271688,-0.08129933133207573,0.5815,0.2771,9.2337,0.6,0.3,1.0,0.0,0.0,0.0,0.6119,-0.027,0.0,0.6,0.0
57.9605,0.9897045734725302,0.11773932854083397,-0.01055920883038182,-0.08068959580508095,0.5815,0.2771,9.5657,0.6,0.3,1.0,0.0,0.0,0.0,0.5888,-0.027,0.0,0.6,0.0
57.9806,0.9896110542847987,0.1188334454660902,-0.010802858681113893,-0.08019895086784551,0.5815,0.2771,9.3148,0.6,0.3,1.0,0.0,0.0,0.0,0.6273,-0.027,0.0,0.6,0.0
58.0007,0.9895770167684717,0.1194476919053429,-0.010742152156180967,-0.07971312908894972,0.5815,0.2771,9.621,0.6,0.3,1.0,0.0,0.0,0.0,0.5542,-0.027,0.0,0.6,0.0
58.0208,0.9895879008609014,0.11975401335336285,-0.010376261096395771,-0.07916499201753857,0.5815,0.2771,9.341,0.6,0.3,1.0,0.0,0.0,0.0,0.6542,-0.027,0.0,0.6,0.0
58.0409,0.9896621853376524,0.11962624225865606,-0.009887772057390673,-0.07848919059027638,0.5815,0.2771,9.1676,0.6,0.3,1.0,0.0,0.0,0.0,0.5426,-0.027,0.0,0.6,0.0
58.0609,0.9897092508415161,0.11981493582485712,-0.009094222835702994,-0.0776999038804106,0.5815,0.2771,9.3273,0.6,0.3,1.0,0.0,0.0,0.0,0.6658,-0.027,0.0,0.6,0.0
58.081,0.9898075932928289,0.11938507155967212,-0.008179004902513352,-0.07720904627927055,0.5815,0.2771,8.9433,0.6,0.3,1.0,0.0,0.0,0.0,0.5426,-0.027,0.0,0.6,0.0
58.1011,0.9898505796843461,0.11926090113519598,-0.007018876475251659,-0.0769636455218329,0.5815,0.2771,9.4913,0.6,0.3,1.0,0.0,0.0,0.0,0.6581,-0.027,0.0,0.6,0.0
58.1212,0.989930432623904,0.118530171536455,-0.006042008743974169,-0.0771481116484808,0.5815,0.2771,9.2533,0.6,0.3,1.0,0.0,0.0,0.0,0.5465,-0.027,0.0,0.6,0.0
58.1413,0.9899803094440034,0.11767484812385232,-0.005126949814159128,-0.07788023765877267,0.5815,0.2771,9.7522,0.6,0.3,1.0,0.0,0.0,0.0,0.6273,-0.027,0.0,0.6,0.0
58.1614,0.990073130930764,0.11596959224792248,-0.004456099606411662,-0.07928677228329212,0.5815,0.2771,9.3597,0.6,0.3,1.0,0.0,0.0,0.0,0.5734,-0.027,0.0,0.6,0.0
58.1815,0.9901259978072152,0.11425961533387818,-0.0039060552214648173,-0.08111714678554544,0.5815,0.2771,9.6625,0.6,0.3,1.0,0.0,0.0,0.0,0.6042,-0.027,0.0,0.6,0.0
58.2015,0.9901630354369997,0.1124868679818953,-0.0036619631476219605,-0.08312916342485382,0.5815,0.2771,9.5439,0.6,0.3,1.0,0.0,0.0,0.0,0.608,-0.027,0.0,0.6,0.0
58.2216,0.9901684304322511,0.1108394884824275,-0.0032959847892284344,-0.08526560650435455,0.5815,0.2771,9.6459,0.6,0.3,1.0,0.0,0.0,0.0,0.5696,-0.027,0.0,0.6,0.0
58.2417,0.9901560959370329,0.1091901358929768,-0.0028689510209259643,-0.08752250580534206,0.5815,0.2771,9.2207,0.6,0.3,1.0,0.0,0.0,0.0,0.6311,-0.027,0.0,0.6,0.0
58.2618,0.9901345604482291,0.10754645047110262,-0.002441055620024918,-0.08978504577333007,0.5815,0.2771,9.4383,0.6,0.3,1.0,0.0,0.0,0.0,0.5696,-0.027,0.0,0.6,0.0
58.2819,0.9900548832290951,0.10632341702555433,-0.0019530076601573037,-0.09210236124721462,0.5815,0.2771,9.222,0.6,0.3,1.0,0.0,0.0,0.0,0.6504,-0.027,0.0,0.6,0.0
58.302,0.9899327121125752,0.10504239389464205,-0.0017090064085407905,-0.0948493556721397,0.5815,0.2771,9.4453,0.6,0.3,1.0,0.0,0.0,0.0,0.5388,-0.027,0.0,0.6,0.0
58.3221,0.9897547792425139,0.10437092578251508,-0.0017090151591675345,-0.09741286406368077,0.5815,0.2771,9.4207,0.6,0.3,1.0,0.0,0.0,0.0,0.6619,-0.027,0.0,0.6,0.0
58.3421,0.9895951233067806,0.10345198123903927,-0.002135937672674941,-0.0999730827543781,0.5815,0.2771,8.8281,0.6,0.3,1.0,0.0,0.0,0.0,0.5349,-0.027,0.0,0.6,0.0
58.3622,0.9893427820903226,0.1033354840064118,-0.002808067501088738,-0.10254146491956546,0.5815,0.2771,8.9567,0.6,0.3,1.0,0.0,0.0,0.0,0.6504,-0.027,0.0,0.6,0.0
58.3823,0.9890314411174654,0.10363982764099589,-0.003967069957465687,-0.10516585455178307,0.5815,0.2771,8.8333,0.6,0.3,1.0,0.0,0.0,0.0,0.5542,-0.027,0.0,0.6,0.0
58.4024,0.9886389025921609,0.10467414267057348,-0.005614954010941184,-0.10772611767349288,0.5815,0.2771,9.6104,0.6,0.3,1.0,0.0,0.0,0.0,0.6311,-0.027,0.0,0.6,0.0
58.4225,0.9882766589277184,0.10534653725818706,-0.00781196568541065,-0.11022851581376493,0.5815,0.2771,9.0211,0.6,0.3,1.0,0.0,0.0,0.0,0.5696,-0.027,0.0,0.6,0.0
58.4426,0.9879725285314583,0.1058956279113737,-0.00988796525636153,-0.11224360560629511,0.5815,0.2771,9.4177,0.6,0.3,1.0,0.0,0.0,0.0,0.6273,-0.027,0.0,0.6,0.0
58.4627,0.987723708096745,0.10632210742992049,-0.01184090059608632,-0.11383004440107297,0.5815,0.2771,9.024,0.6,0.3,1.0,0.0,0.0,0.0,0.585,-0.027,0.0,0.6,0.0
58.4828,0.9875011071768381,0.10705742098124087,-0.013611180662229744,-0.11486952467188366,0.5815,0.2771,9.5996,0.6,0.3,1.0,0.0,0.0,0.0,0.6119,-0.027,0.0,0.6,0.0
58.5029,0.987384425257994,0.10785101257249025,-0.01519828361020227,-0.1149311446925213,0.5815,0.2771,9.2822,0.6,0.3,1.0,0.0,0.0,0.0,0.608,-0.027,0.0,0.6,0.0
58.523,0.9873393474727055,0.10876206404501353,-0.016662550206243364,-0.11425491576936649,0.5815,0.2771,9.7171,0.6,0.3,1.0,0.0,0.0,0.0,0.5888,-0.027,0.0,0.6,0.0
58.5431,0.9873439828350481,0.10949455833853834,-0.018187594427804717,-0.11327847395954194,0.5815,0.2771,9.303,0.6,0.3,1.0,0.0,0.0,0.0,0.608,-0.027,0.0,0.6,0.0
58.5632,0.9873846155050001,0.10962106672403409,-0.02002037745112763,-0.11249012081530714,0.5815,0.2771,9.4807,0.6,0.3,1.0,0.0,0.0,0.0,0.5888,-0.027,0.0,0.6,0.0
58.5833,0.9874395052629024,0.10931538440645121,-0.022888289864929044,-0.11175641532047997,0.5815,0.2771,9.1516,0.6,0.3,1.0,0.0,0.0,0.0,0.6273,-0.027,0.0,0.6,0.0
58.6034,0.9875206093258804,0.10821188896773747,-0.025939254260713474,-0.11144679596594131,0.5815,0.2771,9.6619,0.6,0.3,1.0,0.0,0.0,0.0,0.5696,-0.027,0.0,0.6,0.0
58.6235,0.9876103836363406,0.1071170416095158,-0.02752701069284185,-0.11132804324527545,0.5815,0.2771,9.6119,0.6,0.3,1.0,0.0,0.0,0.0,0.6504,-0.027,0.0,0.6,0.0
58.6436,0.9877003598399344,0.1063871624065216,-0.0288098563860118,-0.1109042966803811,0.5815,0.2771,9.7539,0.6,0.3,1.0,0.0,0.0,0.0,0.5503,-0.027,0.0,0.6,0.0
58.6637,0.9876767703865326,0.10681262404031944,-0.030579178655290848,-0.1102296440038606,0.5815,0.2771,9.7394,0.6,0.3,1.0,0.0,0.0,0.0,0.6619,-0.027,0.0,0.6,0.0
58.6838,0.9876666891504864,0.1066885343386373,-0.03259285774259018,-0.10986252048520195,0.5815,0.2771,9.553,0.6,0.3,1.0,0.0,0.0,0.0,0.5349,-0.027,0.0,0.6,0.0
58.7039,0.9876929657629423,0.10486033203766296,-0.03552279000783785,-0.11047645693727498,0.5815,0.2771,9.587,0.6,0.3,1.0,0.0,0.0,0.0,0.6504,-0.027,0.0,0.6,0.0
58.724,0.9878559140136838,0.10284419926509716,-0.03723107213681723,-0.11035221381220095,0.5815,0.2771,11.2011,0.6,0.3,1.0,0.0,0.0,0.0,0.5465,-0.027,0.0,0.6,0.0
58.7441,0.988044518265351,0.10101376863775133,-0.03759828609428661,-0.1102298387650172,0.5815,0.2771,12.0099,0.6,0.3,1.0,0.0,0.0,0.0,0.6581,-0.027,0.0,0.6,0.0
58.7642,0.9882454978924156,0.09784152442603473,-0.03540091338506759,-0.11200288980586348,0.5815,0.2771,9.8266,0.6,0.3,1.0,0.0,0.0,0.0,0.5465,-0.027,0.0,0.6,0.0
58.7843,0.988527636697845,0.09661925771235841,-0.0339360905176683,-0.11102329613222217,0.5815,0.2771,9.019,0.6,0.3,1.0,0.0,0.0,0.0,0.6542,-0.027,0.0,0.6,0.0
58.8044,0.9888398091310384,0.09655886019964466,-0.03369130014070534,-0.10833796513441563,0.5815,0.2771,9.1575,0.6,0.3,1.0,0.0,0.0,0.0,0.5503,-0.027,0.0,0.6,0.0
58.8245,0.9890886322124681,0.09655933083858301,-0.033569462674458796,-0.10608046206452132,0.5815,0.2771,9.8812,0.6,0.3,1.0,0.0,0.0,0.0,0.6465,-0.027,0.0,0.6,0.0
58.8446,0.9893099360338479,0.09545812542148195,-0.03308069691771381,-0.10516303650598392,0.5815,0.2771,9.721,0.6,0.3,1.0,0.0,0.0,0.0,0.558,-0.027,0.0,0.6,0.0
58.8647,0.9894604839426931,0.09436185812477199,-0.03228863581107075,-0.10498206725242226,0.5815,0.2771,9.6003,0.6,0.3,1.0,0.0,0.0,0.0,0.6119,-0.027,0.0,0.6,0.0
58.8848,0.989549669930006,0.09380973630360452,-0.03216556670264405,-0.10467358995831828,0.5815,0.2771,9.3573,0.6,0.3,1.0,0.0,0.0,0.0,0.5965,-0.027,0.0,0.6,0.0
58.9049,0.9896067175730981,0.09423635426248114,-0.032714428677360186,-0.10357519116964492,0.5815,0.2771,9.4891,0.6,0.3,1.0,0.0,0.0,0.0,0.6042,-0.027,0.0,0.6,0.0
58.925,0.9896998590124396,0.09417841396223499,-0.03387550859520593,-0.10235753676076466,0.5815,0.2771,8.9343,0.6,0.3,1.0,0.0,0.0,0.0,0.5965,-0.027,0.0,0.6,0.0
58.9451,0.9897123099217648,0.0946066105557209,-0.0354009768474115,-0.10132079582559433,0.6085,0.2771,8.9138,0.6,0.3,1.0,0.0,0.0,0.0,0.6042,-0.027,0.0,0.6,0.0
58.9652,0.9896085980668748,0.09564051148346449,-0.037719412947829184,-0.10052343548728876,0.622,0.2771,8.9328,0.6,0.3,1.0,0.0,0.0,0.0,0.6042,-0.027,0.0,0.6,0.0
58.9853,0.9893328088762477,0.09777936478153332,-0.04034456311998792,-0.10016039801543909,0.622,0.2771,10.2625,0.6,0.3,1.0,0.0,0.0,0.0,0.5696,-0.027,0.0,0.6,0.0
59.0054,0.9893328088762477,0.09777936478153332,-0.04034456311998792,-0.10016039801543909,0.622,0.2771,10.2625,0.6,0.3,1.0,0.0,0.0,0.0,0.6273,-0.027,0.0,0.6,0.0
59.0255,0.9887423117357751,0.10089450128180827,-0.044496544137079194,-0.10113850974948885,0.6356,0.2771,9.6811,0.6,0.3,1.0,0.0,0.0,0.0,0.5657,-0.027,0.0,0.6,0.0
59.0456,0.9887423117357751,0.10089450128180827,-0.044496544137079194,-0.10113850974948885,0.6356,0.2771,9.6811,0.6,0.3,1.0,0.0,0.0,0.0,0.6388,-0.027,0.0,0.6,0.0
59.0656,0.9885850481136644,0.10198990179621462,-0.046691955041365356,-0.10058590314809335,0.6356,0.2771,9.1388,0.6,0.3,1.0,0.0,0.0,0.0,0.5657,-0.027,0.0,0.6,0.0
59.0857,0.988598515318741,0.1026012988973168,-0.04766860346819977,-0.09936625794280585,0.622,0.2771,9.6981,0.6,0.3,1.0,0.0,0.0,0.0,0.6504,-0.027,0.0,0.6,0.0
59.1058,0.9886008035215877,0.102967541858173,-0.04809672021065872,-0.09875647880080668,0.6356,0.2771,9.4768,0.6,0.3,1.0,0.0,0.0,0.0,0.5503,-0.027,0.0,0.6,0.0
59.1259,0.9885200540560775,0.10400347963081186,-0.04815675905331529,-0.09844950741945904,0.622,0.2771,9.6948,0.6,0.3,1.0,0.0,0.0,0.0,0.6504,-0.027,0.0,0.6,0.0
59.146,0.9883712097793306,0.10480009720445405,-0.04797541783912208,-0.09918493125692696,0.622,0.2771,9.2981,0.6,0.3,1.0,0.0,0.0,0.0,0.5542,-0.027,0.0,0.6,0.0
59.1661,0.9882385836939561,0.10583699025039958,-0.04754689411296354,-0.09961087316910334,0.6356,0.2771,9.9977,0.6,0.3,1.0,0.0,0.0,0.0,0.6581,-0.027,0.0,0.6,0.0
59.1862,0.9881693158245856,0.10614110804194622,-0.046631486801432,-0.10040404815089056,0.622,0.2771,9.4245,0.6,0.3,1.0,0.0,0.0,0.0,0.5388,-0.027,0.0,0.6,0.0
59.2063,0.988131092853671,0.10625899899592756,-0.04504272788741562,-0.10137613689943853,0.6085,0.2771,10.1685,0.6,0.3,1.0,0.0,0.0,0.0,0.6619,-0.027,0.0,0.6,0.0
59.2264,0.988194491972893,0.10571027132615252,-0.04339487985838745,-0.10204836585003914,0.622,0.2771,9.0203,0.6,0.3,1.0,0.0,0.0,0.0,0.5465,-0.027,0.0,0.6,0.0
59.2465,0.9882007736178928,0.10577194210667563,-0.041625190142497014,-0.10265900267186101,0.6085,0.2771,9.2201,0.6,0.3,1.0,0.0,0.0,0.0,0.6542,-0.0406,0.0,0.6,0.0
59.2666,0.9881925942438695,0.10577106662843402,-0.03997689131234077,-0.1033911326316515,0.6085,0.2771,9.2923,0.6,0.3,1.0,0.0,0.0,0.0,0.5503,-0.027,0.0,0.6,0.0
59.2867,0.9881207506394478,0.10614244383944811,-0.03784287129990949,-0.10449440589477683,0.6356,0.2771,9.9338,0.6,0.3,1.0,0.0,0.0,0.0,0.6465,-0.027,0.0,0.6,0.0
59.3068,0.9880393940085195,0.10607925702886607,-0.03674308902809815,-0.10571325614205003,0.595,0.2771,9.5309,0.6,0.3,1.0,0.0,0.0,0.0,0.558,-0.027,0.0,0.6,0.0
59.3269,0.9879390109313134,0.1062035811784581,-0.035522863349885477,-0.10693659899376878,0.622,0.2771,9.7918,0.6,0.3,1.0,0.0,0.0,0.0,0.6427,-0.0406,0.0,0.6,0.0
59.347,0.9879563034908323,0.10558889491435064,-0.034667308851045124,-0.10766385354668939,0.6085,0.2771,9.4478,0.6,0.3,1.0,0.0,0.0,0.0,0.5696,-0.027,0.0,0.6,0.0
59.3671,0.9878810034729435,0.10565488804916863,-0.03411993265957655,-0.10846196477988851,0.6085,0.2771,10.1357,0.6,0.3,1.0,0.0,0.0,0.0,0.6157,-0.027,0.0,0.6,0.0
59.3871,0.9878398941727822,0.10552849310936,-0.03356852065941536,-0.10912944168973332,0.6356,0.2771,9.1767,0.6,0.3,1.0,0.0,0.0,0.0,0.5888,-0.027,0.0,0.6,0.0
59.4072,0.9877223468835775,0.10528497103868696,-0.03399666774692017,-0.11028992212476325,0.622,0.2771,10.5202,0.6,0.3,1.0,0.0,0.0,0.0,0.608,-0.027,0.0,0.6,0.0
59.4274,0.9876638853587032,0.1049792437815393,-0.034057754664809134,-0.11108319981166426,0.595,0.2771,9.0959,0.6,0.3,1.0,0.0,0.0,0.0,0.6042,-0.027,0.0,0.6,0.0
59.4474,0.987601381472436,0.10394209292573933,-0.035033694270517016,-0.1123040199534856,0.6356,0.2771,9.8116,0.6,0.3,1.0,0.0,0.0,0.0,0.5965,-0.027,0.0,0.6,0.0
59.4675,0.9876154128929457,0.10357756768482766,-0.03570619569744687,-0.11230561552125051,0.622,0.2771,9.4488,0.6,0.3,1.0,0.0,0.0,0.0,0.6042,-0.027,0.0,0.6,0.0
59.4876,0.9876609474197625,0.1023549582139166,-0.03662062726905935,-0.11273085260630783,0.622,0.2771,9.8465,0.6,0.3,1.0,0.0,0.0,0.0,0.5965,-0.027,0.0,0.6,0.0
59.5077,0.9877621585795515,0.10094884802071172,-0.037046843266813186,-0.1129724726007203,0.6356,0.2771,8.4264,0.6,0.3,1.0,0.0,0.0,0.0,0.5965,-0.027,0.0,0.6,0.0
59.5278,0.987889189784512,0.09955154614413526,-0.037782345851966624,-0.11285802013651948,0.6085,0.2771,9.702,0.6,0.3,1.0,0.0,0.0,0.0,0.5734,-0.027,0.0,0.6,0.0
59.5479,0.9878868664199274,0.0986301911557135,-0.03826791018561737,-0.11352176706530653,0.622,0.2771,9.2998,0.6,0.3,1.0,0.0,0.0,0.0,0.6311,-0.027,0.0,0.6,0.0
59.568,0.9879186806213909,0.0974733631498751,-0.03894014507664825,-0.11401442477578255,0.5815,0.2771,9.5912,0.6,0.3,1.0,0.0,0.0,0.0,0.5503,-0.027,0.0,0.6,0.0
59.5881,0.987864765851854,0.09704705762881864,-0.04010043701868831,-0.11444224720338433,0.595,0.2771,9.4468,0.6,0.3,1.0,0.0,0.0,0.0,0.6581,-0.027,0.0,0.6,0.0
59.6082,0.9878662736419594,0.09588719134045406,-0.04040550201396498,-0.1152964324885557,0.6085,0.2771,8.5915,0.6,0.3,1.0,0.0,0.0,0.0,0.5388,-0.027,0.0,0.6,0.0
59.6283,0.9878923528362924,0.09515181867041657,-0.04150304855389125,-0.1152923569540501,0.622,0.2771,9.5243,0.6,0.3,1.0,0.0,0.0,0.0,0.6619,-0.027,0.0,0.6,0.0
59.6484,0.9879239899165554,0.09454386033077838,-0.042786389347838356,-0.11505204695129607,0.622,0.2771,9.3175,0.6,0.3,1.0,0.0,0.0,0.0,0.5388,-0.027,0.0,0.6,0.0
59.6685,0.9879178121742936,0.09423826825554943,-0.043274123182693205,-0.1151733278486003,0.622,0.2771,9.583,0.6,0.3,1.0,0.0,0.0,0.0,0.6388,-0.027,0.0,0.6,0.0
59.6886,0.9878535040655603,0.09362795299573651,-0.04473897753958489,-0.11566194193396069,0.622,0.2771,9.2909,0.6,0.3,1.0,0.0,0.0,0.0,0.5619,-0.027,0.0,0.6,0.0
59.7087,0.9877708910550408,0.09356490576805769,-0.045896972703435075,-0.11596440440758334,0.622,0.2771,9.7306,0.6,0.3,1.0,0.0,0.0,0.0,0.635,-0.027,0.0,0.6,0.0
59.7288,0.9876515746534421,0.09380915494108269,-0.04687407807041018,-0.11639171078244953,0.622,0.2771,9.2601,0.6,0.3,1.0,0.0,0.0,0.0,0.5734,-0.027,0.0,0.6,0.0
59.7489,0.9874933068798218,0.09503251071344992,-0.04772925650141267,-0.11639462551541896,0.622,0.2771,9.732,0.6,0.3,1.0,0.0,0.0,0.0,0.5965,-0.027,0.0,0.6,0.0
59.7689,0.9874388180673135,0.0958871476161807,-0.04803557490919673,-0.11602938868667181,0.622,0.2771,9.4147,0.6,0.3,1.0,0.0,0.0,0.0,0.6042,-0.027,0.0,0.6,0.0
59.789,0.9873704838190083,0.09692444015053542,-0.04809621841319126,-0.11572352552041199,0.622,0.2771,9.9371,0.6,0.3,1.0,0.0,0.0,0.0,0.5965,-0.027,0.0,0.6,0.0
59.8091,0.9873397747432326,0.09753140941637292,-0.04809472253050085,-0.11547593278234602,0.622,0.2771,9.332,0.6,0.3,1.0,0.0,0.0,0.0,0.6119,-0.027,0.0,0.6,0.0
59.8293,0.9873397747432326,0.09753140941637292,-0.04809472253050085,-0.11547593278234602,0.622,0.2771,9.332,0.6,0.3,1.0,0.0,0.0,0.0,0.5619,-0.027,0.0,0.6,0.0
59.8493,0.9873251487848873,0.09875701537848137,-0.04748596906736049,-0.11480934296549357,0.622,0.2771,9.5631,0.6,0.3,1.0,0.0,0.0,0.0,0.6388,-0.027,0.0,0.6,0.0
59.8694,0.9873163079060476,0.09967114155098553,-0.046936537572359355,-0.11432030933046167,0.622,0.2771,9.5868,0.6,0.3,1.0,0.0,0.0,0.0,0.5426,-0.027,0.0,0.6,0.0
59.8895,0.9872287038128451,0.10119443208674317,-0.04626428317812138,-0.11401223348687628,0.622,0.2771,9.5971,0.6,0.3,1.0,0.0,0.0,0.0,0.6542,-0.027,0.0,0.6,0.0
59.9096,0.9871483778682197,0.10217573026629902,-0.045655219965916774,-0.11407804831147239,0.622,0.2771,9.1239,0.6,0.3,1.0,0.0,0.0,0.0,0.5465,-0.027,0.0,0.6,0.0
59.9297,0.987018450497487,0.10339593279709947,-0.04510584317091097,-0.1143211370237307,0.595,0.2771,9.7028,0.6,0.3,1.0,0.0,0.0,0.0,0.6619,-0.027,0.0,0.6,0.0
59.9498,0.9869248117718867,0.1041246085879351,-0.044555404608301805,-0.11468346749041869,0.595,0.2771,9.3237,0.6,0.3,1.0,0.0,0.0,0.0,0.5349,-0.027,0.0,0.6,0.0
59.9699,0.9868032137134146,0.1049176405526438,-0.04412742822851021,-0.1151715076904054,0.6085,0.2771,9.6648,0.6,0.3,1.0,0.0,0.0,0.0,0.6504,-0.027,0.0,0.6,0.0
59.99,0.986792083082505,0.10503945415472841,-0.04424892753704929,-0.1151092100936682,0.622,0.2771,9.4911,0.6,0.3,1.0,0.0,0.0,0.0,0.5503,-0.027,0.0,0.6,0.0
60.0101,0.9868100145333575,0.10485736399079343,-0.044433730488536036,-0.11505030216583162,0.5815,0.2771,9.7706,0.6,0.3,1.0,0.0,0.0,0.0,0.6504,-0.027,0.0,0.6,0.0
60.0302,0.9868856853827772,0.10406591586323191,-0.044922395352982286,-0.11493001147595616,0.6085,0.2771,9.1963,0.6,0.3,1.0,0.0,0.0,0.0,0.558,-0.027,0.0,0.6,0.0
60.0503,0.986953086473912,0.10321157768266341,-0.04571569880595831,-0.1148087549560462,0.6356,0.2771,9.3107,0.6,0.3,1.0,0.0,0.0,0.0,0.6157,-0.027,0.0,0.6,0.0
60.0704,0.9870115190340072,0.10235719457167664,-0.04711954991424859,-0.11450333632465237,0.5815,0.2771,9.922,0.6,0.3,1.0,0.0,0.0,0.0,0.585,-0.027,0.0,0.6,0.0
60.0905,0.9870680675496336,0.10052571977864279,-0.04779134219289844,-0.11535682597150082,0.6085,0.2771,9.618,0.6,0.3,1.0,0.0,0.0,0.0,0.5965,-0.027,0.0,0.6,0.0
60.1105,0.9871820777581517,0.09851090796947809,-0.05071995261658013,-0.114867892688512,0.595,0.2771,9.8,0.6,0.3,1.0,0.0,0.0,0.0,0.6004,-0.027,0.0,0.6,0.0
60.1307,0.9872363877052568,0.09741124888998515,-0.05297859149737734,-0.11431811852599494,0.595,0.2771,10.7901,0.6,0.3,1.0,0.0,0.0,0.0,0.5927,-0.027,0.0,0.6,0.0
60.1508,0.9874475503328876,0.09442296509005892,-0.05365111656391754,-0.11468738682447123,0.622,0.2771,8.1496,0.6,0.3,1.0,0.0,0.0,0.0,0.6196,-0.027,0.0,0.6,0.0
60.1709,0.9875217573686373,0.09240445085070581,-0.05663943749537183,-0.11425484806670427,0.5815,0.2771,9.2353,0.6,0.3,1.0,0.0,0.0,0.0,0.5773,-0.027,0.0,0.6,0.0
60.1911,0.9875274939957019,0.09087902087068431,-0.05895871601914089,-0.11425551178621096,0.6085,0.2771,8.8338,0.6,0.3,1.0,0.0,0.0,0.0,0.6196,-0.027,0.0,0.6,0.0
60.2112,0.9876866016736248,0.08880740281756569,-0.05920493521171043,-0.11438180679540977,0.622,0.2771,9.3821,0.6,0.3,1.0,0.0,0.0,0.0,0.5811,-0.027,0.0,0.6,0.0
60.2314,0.9877355940025073,0.08758531869040348,-0.061462223638175224,-0.11370841374263176,0.5815,0.2771,9.3636,0.6,0.3,1.0,0.0,0.0,0.0,0.635,-0.027,0.0,0.6,0.0
60.2514,0.987780353209551,0.08746188020442235,-0.06292619434073475,-0.11260855824542954,0.6085,0.2771,10.2925,0.6,0.3,1.0,0.0,0.0,0.0,0.5503,-0.027,0.0,0.6,0.0
60.2715,0.9878906427885653,0.08654586614442009,-0.06268145454003192,-0.11248522658933226,0.622,0.2771,8.1286,0.6,0.3,1.0,0.0,0.0,0.0,0.6581,-0.027,0.0,0.6,0.0
60.2916,0.9879925747884213,0.08587744069950126,-0.06329406183559474,-0.11175687485878194,0.595,0.2771,9.1535,0.6,0.3,1.0,0.0,0.0,0.0,0.5426,-0.0406,0.0,0.6,0.0
60.3117,0.9881175471000746,0.08606170248642588,-0.0628062424431789,-0.11078119149132894,0.5815,0.2771,9.8108,0.6,0.3,1.0,0.0,0.0,0.0,0.6619,-0.0135,0.0,0.6,0.0
60.3318,0.9882297699185512,0.0852058423690172,-0.061218605224417494,-0.11132910063092472,0.5815,0.2771,9.1973,0.6,0.3,1.0,0.0,0.0,0.0,0.5388,-0.0135,0.0,0.6,0.0
60.3519,0.988328272476055,0.08508181824417074,-0.06024116327192662,-0.11108245710465621,0.5815,0.2771,9.2566,0.6,0.3,1.0,0.0,0.0,0.0,0.6465,-0.0135,0.0,0.6,0.0
60.3719,0.988389362248741,0.0856918176282158,-0.05926418227552083,-0.11059447402250067,0.5815,0.2771,9.7993,0.6,0.3,1.0,0.0,0.0,0.0,0.5542,-0.0135,0.0,0.6,0.0
60.392,0.9884176615352495,0.08600027567133034,-0.05798386009431209,-0.11078064324694831,0.5815,0.2771,9.2636,0.6,0.3,1.0,0.0,0.0,0.0,0.6427,-0.0135,0.0,0.6,0.0
60.4121,0.9884408414078103,0.08611898228249287,-0.05694466581970526,-0.11102039885683163,0.5815,0.2771,9.4547,0.6,0.3,1.0,0.0,0.0,0.0,0.5734,-0.0135,0.0,0.6,0.0
60.4322,0.9884945465322341,0.08630134123458479,-0.05596727576425744,-0.11089758347535084,0.5815,0.2771,9.441,0.6,0.3,1.0,0.0,0.0,0.0,0.5965,-0.0135,0.0,0.6,0.0
60.4522,0.9885361102098914,0.08636597067173546,-0.05487161670501701,-0.11102424780742294,0.5815,0.2771,9.0781,0.6,0.3,1.0,0.0,0.0,0.0,0.6042,-0.0135,0.0,0.6,0.0
60.4723,0.9885791074898463,0.08703539317721098,-0.05377162509679887,-0.11065622848948288,0.5815,0.2771,9.5752,0.6,0.3,1.0,0.0,0.0,0.0,0.5927,-0.0135,0.0,0.6,0.0
60.4924,0.9885791074898463,0.08703539317721098,-0.05377162509679887,-0.11065622848948288,0.5815,0.2771,9.5752,0.6,0.3,1.0,0.0,0.0,0.0,0.6273,-0.0135,0.0,0.6,0.0
60.5124,0.9885899626689827,0.087891352304139,-0.052795211624592026,-0.11035244233728536,0.5815,0.2771,9.6883,0.6,0.3,1.0,0.0,0.0,0.0,0.558,-0.0135,0.0,0.6,0.0
60.5325,0.9885850417728921,0.08917191356641946,-0.05187994971320415,-0.10980189356995462,0.5815,0.2771,9.7642,0.6,0.3,1.0,0.0,0.0,0.0,0.6465,-0.0135,0.0,0.6,0.0
60.5526,0.9885676631726257,0.09008632899909115,-0.05114605129780339,-0.10955596785900926,0.5815,0.2771,9.3063,0.6,0.3,1.0,0.0,0.0,0.0,0.5542,-0.0135,0.0,0.6,0.0
60.5726,0.9885279114651302,0.09240727216282674,-0.050232147946401365,-0.10839831926051158,0.5815,0.2771,9.4883,0.6,0.3,1.0,0.0,0.0,0.0,0.6542,-0.0135,0.0,0.6,0.0
60.5927,0.9885040907489819,0.09423600668066318,-0.049925943945600175,-0.10717573297417304,0.595,0.2771,9.8457,0.6,0.3,1.0,0.0,0.0,0.0,0.5426,-0.0135,0.0,0.6,0.0
60.6128,0.9885040907489819,0.09423600668066318,-0.049925943945600175,-0.10717573297417304,0.595,0.2771,9.8457,0.6,0.3,1.0,0.0,0.0,0.0,0.6581,-0.0135,0.0,0.6,0.0
60.6329,0.9885420985211453,0.09716968071531085,-0.049744860422180355,-0.10424980317810101,0.595,0.2771,9.2431,0.6,0.3,1.0,0.0,0.0,0.0,0.5426,-0.0135,0.0,0.6,0.0
60.6529,0.9885319750479005,0.09991570500180673,-0.0494383488353032,-0.10186871878220523,0.6085,0.2771,9.4417,0.6,0.3,1.0,0.0,0.0,0.0,0.6658,-0.0135,0.0,0.6,0.0
60.673,0.9884464535893769,0.10284217439678724,-0.04888813216215365,-0.10003522422437289,0.6085,0.2771,9.4687,0.6,0.3,1.0,0.0,0.0,0.0,0.5426,-0.0135,0.0,0.6,0.0
60.6931,0.9882877775145256,0.10638472956892352,-0.04821833067335643,-0.0982066734851641,0.6085,0.2771,9.6619,0.6,0.3,1.0,0.0,0.0,0.0,0.6581,-0.0135,0.0,0.6,0.0
60.7131,0.9881428485636219,0.10973920628585121,-0.04736222585284232,-0.09637342475281718,0.6085,0.2771,9.2343,0.6,0.3,1.0,0.0,0.0,0.0,0.5619,-0.0135,0.0,0.6,0.0
60.7332,0.9879439112112725,0.11370430684147324,-0.04608050328797242,-0.09441793327011938,0.6085,0.2771,9.5716,0.6,0.3,1.0,0.0,0.0,0.0,0.6311,-0.0135,0.0,0.6,0.0
60.7533,0.987788070588791,0.11743141397578535,-0.04461677734652916,-0.0921625400763872,0.6085,0.2771,9.1469,0.6,0.3,1.0,0.0,0.0,0.0,0.5734,-0.0135,0.0,0.6,0.0
60.7733,0.9875808451293834,0.12189093044525906,-0.042787379704405326,-0.08941988339711139,0.622,0.2771,9.6813,0.6,0.3,1.0,0.0,0.0,0.0,0.5965,-0.0135,0.0,0.6,0.0
60.7934,0.9873957861365082,0.12597301770168215,-0.040464720816627366,-0.08685025446267336,0.6356,0.2771,9.3974,0.6,0.3,1.0,0.0,0.0,0.0,0.608,-0.0135,0.0,0.6,0.0
60.8135,0.9871393112911002,0.13037328633373793,-0.03772066150070638,-0.08447448141434706,0.622,0.2771,9.9058,0.6,0.3,1.0,0.0,0.0,0.0,0.5734,-0.0135,0.0,0.6,0.0
60.8336,0.9868412734608826,0.1347694515079096,-0.03466888788623395,-0.08233810871700022,0.622,0.2771,8.8156,0.6,0.3,1.0,0.0,0.0,0.0,0.6311,-0.0135,0.0,0.6,0.0
60.8537,0.9864366548861772,0.13958511160788364,-0.03173757063488009,-0.08032091336993015,0.6356,0.2771,9.6874,0.6,0.3,1.0,0.0,0.0,0.0,0.5696,-0.0135,0.0,0.6,0.0
60.8737,0.9859185734857527,0.14508358603945679,-0.028320504798267254,-0.07818739364962311,0.6356,0.2771,9.1248,0.6,0.3,1.0,0.0,0.0,0.0,0.6388,-0.0135,0.0,0.6,0.0
60.8938,0.9853661962533455,0.15045416760579805,-0.02441435173961097,-0.07629509918988625,0.622,0.2771,10.5043,0.6,0.3,1.0,0.0,0.0,0.0,0.5657,-0.027,0.0,0.6,0.0
60.9139,0.9848013759684959,0.15539590153147578,-0.02069098688890167,-0.07476795262236724,0.622,0.2771,9.7212,0.6,0.3,1.0,0.0,0.0,0.0,0.6465,-0.027,0.0,0.6,0.0
60.9339,0.9842461418671504,0.15978888660634202,-0.017577877519032958,-0.07360748711007963,0.622,0.2771,9.1949,0.6,0.3,1.0,0.0,0.0,0.0,0.5426,-0.027,0.0,0.6,0.0
60.954,0.9836300053277038,0.16412183179710937,-0.014403809712202703,-0.07299703564088977,0.6356,0.2771,9.1286,0.6,0.3,1.0,0.0,0.0,0.0,0.6581,-0.027,0.0,0.6,0.0
60.9741,0.9831283368870398,0.16741462988839115,-0.01055872438009735,-0.07293509613705486,0.622,0.2771,9.7214,0.6,0.3,1.0,0.0,0.0,0.0,0.5426,-0.027,0.0,0.6,0.0
60.9941,0.9827341802300394,0.16998424196958342,-0.007385053958015615,-0.07269353112661227,0.6356,0.2771,10.2334,0.6,0.3,1.0,0.0,0.0,0.0,0.6619,-0.027,0.0,0.6,0.0
61.0142,0.982478363580101,0.17193518861955703,-0.004760977532440591,-0.0717766612783009,0.6085,0.2771,9.7538,0.6,0.3,1.0,0.0,0.0,0.0,0.5388,-0.027,0.0,0.6,0.0
61.0343,0.9821542243169759,0.17412878474470816,-0.0022579453403636656,-0.07104328020643876,0.622,0.2771,10.4834,0.6,0.3,1.0,0.0,0.0,0.0,0.6388,-0.027,0.0,0.6,0.0
61.0543,0.9819388925556158,0.17572087553733018,-0.0002440012157472332,-0.07012934942270338,0.622,0.2771,9.6945,0.6,0.3,1.0,0.0,0.0,0.0,0.5657,-0.027,0.0,0.6,0.0
61.0744,0.9816082646731823,0.17791342303383623,0.0012819742257872135,-0.06921260847397337,0.622,0.2771,10.0266,0.6,0.3,1.0,0.0,0.0,0.0,0.608,-0.027,0.0,0.6,0.0
61.0945,0.9811138026058311,0.1807811728376152,0.0032959119935879327,-0.06872416494882316,0.622,0.2771,9.2416,0.6,0.3,1.0,0.0,0.0,0.0,0.5888,-0.027,0.0,0.6,0.0
61.1146,0.980763588344039,0.18273706008764645,0.0045169520486371545,-0.06848027302251908,0.6085,0.2771,9.6685,0.6,0.3,1.0,0.0,0.0,0.0,0.608,-0.027,0.0,0.6,0.0
61.1346,0.980546809714917,0.18384115162653963,0.005676097306499414,-0.06854317504969742,0.6356,0.2771,9.1673,0.6,0.3,1.0,0.0,0.0,0.0,0.5965,-0.027,0.0,0.6,0.0
61.1547,0.9804077828926422,0.18456995912772542,0.006041998662023735,-0.06854198482165332,0.6085,0.2771,9.9069,0.6,0.3,1.0,0.0,0.0,0.0,0.6042,-0.027,0.0,0.6,0.0
61.1748,0.9803783013720297,0.1844538892162348,0.006653212422772878,-0.06921620992481603,0.6085,0.2771,8.9958,0.6,0.3,1.0,0.0,0.0,0.0,0.6042,-0.027,0.0,0.6,0.0
61.1949,0.9803766147077866,0.1843200992674759,0.006835781162681728,-0.06957777257159042,0.622,0.2771,9.6167,0.6,0.3,1.0,0.0,0.0,0.0,0.585,-0.027,0.0,0.6,0.0
61.2149,0.9804139548289115,0.1840831180822838,0.0065920400386698256,-0.06970242335791295,0.5815,0.2771,9.3848,0.6,0.3,1.0,0.0,0.0,0.0,0.635,-0.027,0.0,0.6,0.0
61.235,0.9805004805012011,0.18316148563732215,0.007628770323951026,-0.07079886848945527,0.595,0.2771,9.2503,0.6,0.3,1.0,0.0,0.0,0.0,0.5465,-0.027,0.0,0.6,0.0
61.2551,0.9807423930237045,0.18189045128912992,0.00854525610284311,-0.07062011649743405,0.595,0.2771,7.9556,0.6,0.3,1.0,0.0,0.0,0.0,0.6581,-0.027,0.0,0.6,0.0
61.2752,0.9808650034832788,0.18151326396201156,0.006896782053371825,-0.07006578583669049,0.595,0.2771,10.1344,0.6,0.3,1.0,0.0,0.0,0.0,0.5349,-0.027,0.0,0.6,0.0
61.2953,0.9810101323268545,0.18084554962387506,0.0054929559466507655,-0.0698844395287978,0.595,0.2771,9.7951,0.6,0.3,1.0,0.0,0.0,0.0,0.6581,-0.027,0.0,0.6,0.0
61.3153,0.9812297782090904,0.17914325404154707,0.004700137849006206,-0.07123008908702405,0.595,0.2771,9.9035,0.6,0.3,1.0,0.0,0.0,0.0,0.5426,-0.027,0.0,0.6,0.0
61.3354,0.9815031549675496,0.17718448640448992,0.004149987970644475,-0.07238779017325508,0.595,0.2771,9.3184,0.6,0.3,1.0,0.0,0.0,0.0,0.6388,-0.027,0.0,0.6,0.0
61.3555,0.9818181469823699,0.17498909557445924,0.00341802139960172,-0.07348646008517556,0.595,0.2771,9.6535,0.6,0.3,1.0,0.0,0.0,0.0,0.558,-0.027,0.0,0.6,0.0
61.3756,0.9821058774855801,0.17309403968085674,0.0026859695809422768,-0.07415716015767543,0.595,0.2771,9.3169,0.6,0.3,1.0,0.0,0.0,0.0,0.6196,-0.027,0.0,0.6,0.0
61.3957,0.982419390769771,0.17083654627129213,0.0018919949750071247,-0.0752558001263916,0.595,0.2771,9.472,0.6,0.3,1.0,0.0,0.0,0.0,0.5888,-0.027,0.0,0.6,0.0
61.4157,0.9826829993669993,0.1688259205082245,0.0012820221776153053,-0.07635632088285056,0.595,0.2771,9.3453,0.6,0.3,1.0,0.0,0.0,0.0,0.6042,-0.027,0.0,0.6,0.0
61.4358,0.9829984228855417,0.1664476434201398,0.0006100170177555653,-0.07751716251036167,0.6085,0.2771,9.449,0.6,0.3,1.0,0.0,0.0,0.0,0.5965,-0.027,0.0,0.6,0.0
61.4559,0.9832704055804584,0.16448906412231112,0.0003659979176166839,-0.0782465548080642,0.6085,0.2771,9.2371,0.6,0.3,1.0,0.0,0.0,0.0,0.6042,-0.027,0.0,0.6,0.0
61.4759,0.9835766729739841,0.16235312069966534,0.00018299900888207876,-0.07885657291482512,0.6085,0.2771,9.3477,0.6,0.3,1.0,0.0,0.0,0.0,0.6042,-0.027,0.0,0.6,0.0
61.496,0.983818288826563,0.16058174135938263,0.00012199904377080406,-0.07946737713423857,0.6085,0.2771,9.3638,0.6,0.3,1.0,0.0,0.0,0.0,0.5927,-0.027,0.0,0.6,0.0
61.5161,0.9840988755649933,0.15839064752023438,2.7755575615628914e-17,-0.08038535867828595,0.6085,0.2771,9.335,0.6,0.3,1.0,0.0,0.0,0.0,0.6196,-0.027,0.0,0.6,0.0
61.5362,0.9842940841893829,0.15673482869051492,-6.0998765775477366e-05,-0.08123635629623989,0.6085,0.2771,9.3917,0.6,0.3,1.0,0.0,0.0,0.0,0.5773,-0.027,0.0,0.6,0.0
61.5563,0.9845373488397791,0.1547817533757942,-0.00012199744104300636,-0.08202927939509486,0.6085,0.2771,9.0981,0.6,0.3,1.0,0.0,0.0,0.0,0.635,-0.027,0.0,0.6,0.0
61.5763,0.9846818562363483,0.15356428948600423,-6.100011499207692e-05,-0.08258115567479164,0.6085,0.2771,9.5209,0.6,0.3,1.0,0.0,0.0,0.0,0.5503,-0.027,0.0,0.6,0.0
61.5964,0.9848094899749003,0.15234515866208256,-0.00024400185575765282,-0.08331363364237564,0.6085,0.2771,9.2928,0.6,0.3,1.0,0.0,0.0,0.0,0.6504,-0.027,0.0,0.6,0.0
61.6165,0.9848675692746337,0.15173370396567643,-0.0005490025470869797,-0.08374038851196336,0.622,0.2771,9.6323,0.6,0.3,1.0,0.0,0.0,0.0,0.5426,-0.027,0.0,0.6,0.0
61.6365,0.9849491388206346,0.15106585564827613,-0.0007930202402263997,-0.08398614357525269,0.622,0.2771,9.0849,0.6,0.3,1.0,0.0,0.0,0.0,0.6581,-0.027,0.0,0.6,0.0
61.6566,0.9849719207594518,0.15081599734523773,-0.0009769870267892083,-0.08416588237847344,0.6356,0.2771,9.5396,0.6,0.3,1.0,0.0,0.0,0.0,0.5465,-0.027,0.0,0.6,0.0
61.6767,0.9850043535995043,0.15039395497614994,-0.0013430263881014648,-0.08453566097674631,0.622,0.2771,9.633,0.6,0.3,1.0,0.0,0.0,0.0,0.6619,-0.027,0.0,0.6,0.0
61.6968,0.9850115723911093,0.1499670456204794,-0.0013430362307255833,-0.08520729861427778,0.622,0.2771,9.7359,0.6,0.3,1.0,0.0,0.0,0.0,0.5388,-0.027,0.0,0.6,0.0
61.7168,0.9850309071617835,0.14959470788032372,-0.0017089738147654523,-0.08563068794967733,0.6356,0.2771,8.5921,0.6,0.3,1.0,0.0,0.0,0.0,0.6581,-0.027,0.0,0.6,0.0
61.7369,0.9850309071617835,0.14959470788032372,-0.0017089738147654523,-0.08563068794967733,0.6356,0.2771,8.5921,0.6,0.3,1.0,0.0,0.0,0.0,0.5426,-0.027,0.0,0.6,0.0
61.757,0.984897936736159,0.150570015479479,-0.0018919499335022655,-0.08544673883078097,0.6356,0.2771,8.8873,0.6,0.3,1.0,0.0,0.0,0.0,0.6273,-0.027,0.0,0.6,0.0
61.777,0.984897936736159,0.150570015479479,-0.0018919499335022655,-0.08544673883078097,0.6356,0.2771,8.8873,0.6,0.3,1.0,0.0,0.0,0.0,0.5773,-0.027,0.0,0.6,0.0
61.7971,0.9847383868253667,0.15167159751302833,-0.002318993846146339,-0.08532677357056118,0.622,0.2771,9.2468,0.6,0.3,1.0,0.0,0.0,0.0,0.6196,-0.027,0.0,0.6,0.0
61.8172,0.9846373693598304,0.1522858410392477,-0.0026250489728204957,-0.08538959302521809,0.622,0.2771,9.7569,0.6,0.3,1.0,0.0,0.0,0.0,0.5965,-0.027,0.0,0.6,0.0
61.8372,0.9846373693598304,0.1522858410392477,-0.0026250489728204957,-0.08538959302521809,0.622,0.2771,9.7569,0.6,0.3,1.0,0.0,0.0,0.0,0.5965,-0.027,0.0,0.6,0.0
61.8573,0.9845554990505584,0.15270961208990308,-0.002807992867189094,-0.08557078263470043,0.622,0.2771,9.4035,0.6,0.3,1.0,0.0,0.0,0.0,0.6234,-0.027,0.0,0.6,0.0
61.8774,0.9844737354598401,0.15313338123642178,-0.002868932202977015,-0.08575197355667225,0.6356,0.2771,9.669,0.6,0.3,1.0,0.0,0.0,0.0,0.5542,-0.027,0.0,0.6,0.0
61.8975,0.9844403533146329,0.1534426785421337,-0.0031740140358749854,-0.08557137840701322,0.6085,0.2771,9.3877,0.6,0.3,1.0,0.0,0.0,0.0,0.6465,-0.027,0.0,0.6,0.0
61.9175,0.9844093722933376,0.15343784959452345,-0.003173914147449927,-0.08593567548946274,0.6085,0.2771,9.4108,0.6,0.3,1.0,0.0,0.0,0.0,0.5426,-0.027,0.0,0.6,0.0
61.9376,0.9844093722933376,0.15343784959452345,-0.003173914147449927,-0.08593567548946274,0.6085,0.2771,9.4108,0.6,0.3,1.0,0.0,0.0,0.0,0.6542,-0.027,0.0,0.6,0.0
61.9577,0.9844032897718344,0.15326340448217557,-0.003418098229272498,-0.08630648027476162,0.6085,0.2771,9.9401,0.6,0.3,1.0,0.0,0.0,0.0,0.5426,-0.027,0.0,0.6,0.0
61.9778,0.9844583955722779,0.152713474098715,-0.0028690652687395207,-0.08667197171197455,0.622,0.2771,8.5926,0.6,0.3,1.0,0.0,0.0,0.0,0.6619,-0.027,0.0,0.6,0.0
61.9979,0.984503680739613,0.15258903545332905,-0.00317402153858011,-0.08636558606788713,0.622,0.2771,9.9841,0.6,0.3,1.0,0.0,0.0,0.0,0.5426,-0.027,0.0,0.6,0.0
62.0179,0.9845401547088279,0.1522802398431829,-0.003417938048134034,-0.08648543240753964,0.595,0.2771,9.6766,0.6,0.3,1.0,0.0,0.0,0.0,0.6619,-0.027,0.0,0.6,0.0
62.038,0.9846087831585546,0.15142642871621775,-0.002929969597026419,-0.0872180949771495,0.595,0.2771,9.5169,0.6,0.3,1.0,0.0,0.0,0.0,0.5465,-0.027,0.0,0.6,0.0
62.0581,0.9846996340858062,0.1510040108934789,-0.0031740632881629848,-0.08691573302690593,0.595,0.2771,9.7196,0.6,0.3,1.0,0.0,0.0,0.0,0.6542,-0.027,0.0,0.6,0.0
62.0782,0.9847371482204871,0.1510004093649414,-0.0034179866306141287,-0.08648666170916548,0.595,0.2771,9.8403,0.6,0.3,1.0,0.0,0.0,0.0,0.5465,-0.027,0.0,0.6,0.0
62.0982,0.9847462169166541,0.15094079964315466,-0.0034180181077269056,-0.08648745818694514,0.595,0.2771,9.1215,0.6,0.3,1.0,0.0,0.0,0.0,0.6542,-0.027,0.0,0.6,0.0
62.1183,0.9847630039208728,0.15076036864728798,-0.0034180763748046655,-0.08661093526783464,0.595,0.2771,9.6903,0.6,0.3,1.0,0.0,0.0,0.0,0.5465,-0.027,0.0,0.6,0.0
62.1384,0.9847922780176063,0.15063351292867208,-0.0037229632464794993,-0.08648614619883865,0.595,0.2771,9.3016,0.6,0.3,1.0,0.0,0.0,0.0,0.6542,-0.027,0.0,0.6,0.0
62.1585,0.9848211875369005,0.15033292897701492,-0.0039060761031345648,-0.08667168864789376,0.595,0.2771,9.7308,0.6,0.3,1.0,0.0,0.0,0.0,0.5465,-0.027,0.0,0.6,0.0
62.1785,0.9849021024092375,0.14983766861920567,-0.003966911802593329,-0.08660707444184684,0.595,0.2771,9.3036,0.6,0.3,1.0,0.0,0.0,0.0,0.6542,-0.027,0.0,0.6,0.0
62.1986,0.9849181650872817,0.14984011230799876,-0.0038449772213496464,-0.08642548799281308,0.595,0.2771,9.8165,0.6,0.3,1.0,0.0,0.0,0.0,0.5503,-0.027,0.0,0.6,0.0
62.2187,0.9849918918473918,0.14935404500889202,-0.003845026903103288,-0.08642660471459235,0.595,0.2771,9.1916,0.6,0.3,1.0,0.0,0.0,0.0,0.6465,-0.027,0.0,0.6,0.0
62.2387,0.9850100620687285,0.14923479705028853,-0.003784096280520066,-0.08642819903282989,0.595,0.2771,9.7189,0.6,0.3,1.0,0.0,0.0,0.0,0.558,-0.027,0.0,0.6,0.0
62.2588,0.9850743262032619,0.14880827904113125,-0.0038451105676806097,-0.08642848528540098,0.595,0.2771,9.1687,0.6,0.3,1.0,0.0,0.0,0.0,0.6196,-0.027,0.0,0.6,0.0
62.2789,0.9851083619275359,0.14862120547111365,-0.0037840052314456894,-0.08636511940111248,0.595,0.2771,9.7297,0.6,0.3,1.0,0.0,0.0,0.0,0.5927,-0.027,0.0,0.6,0.0
62.2989,0.9851367099355339,0.14843328543904266,-0.003844877878394437,-0.08636225694864463,0.595,0.2771,9.2785,0.6,0.3,1.0,0.0,0.0,0.0,0.5811,-0.027,0.0,0.6,0.0
62.319,0.9851480129933023,0.1482509922351406,-0.0038449219929587997,-0.08654624412135214,0.595,0.2771,9.8351,0.6,0.3,1.0,0.0,0.0,0.0,0.6157,-0.027,0.0,0.6,0.0
62.3391,0.9851549449919754,0.14813003702064148,-0.003966947431080933,-0.0866688514877203,0.595,0.2771,9.2371,0.6,0.3,1.0,0.0,0.0,0.0,0.6427,-0.027,0.0,0.6,0.0
62.3592,0.9851602871403577,0.14794784171037711,-0.004088967987304612,-0.08691331955211407,0.595,0.2771,9.5367,0.6,0.3,1.0,0.0,0.0,0.0,0.5542,-0.027,0.0,0.6,0.0
62.3793,0.9851702271719243,0.14794933446869876,-0.004211009519818912,-0.08679219621090573,0.595,0.2771,9.2855,0.6,0.3,1.0,0.0,0.0,0.0,0.6542,-0.027,0.0,0.6,0.0
62.3993,0.985215916749543,0.1476420393761953,-0.004332942460357689,-0.0867908474542734,0.595,0.2771,9.3975,0.6,0.3,1.0,0.0,0.0,0.0,0.5503,-0.027,0.0,0.6,0.0
62.4194,0.9852239857729199,0.14758224889068922,-0.0045169770111682245,-0.08679155828056556,0.595,0.2771,9.3937,0.6,0.3,1.0,0.0,0.0,0.0,0.6581,-0.027,0.0,0.6,0.0
62.4395,0.9852637702990743,0.14727392979546855,-0.0047608684240431215,-0.08685059971296344,0.595,0.2771,9.2895,0.6,0.3,1.0,0.0,0.0,0.0,0.5388,-0.027,0.0,0.6,0.0
62.4595,0.9852485884928665,0.14740293063221702,-0.004944098297460509,-0.08679372561351002,0.595,0.2771,9.4441,0.6,0.3,1.0,0.0,0.0,0.0,0.6619,-0.027,0.0,0.6,0.0
62.4796,0.9852757449075223,0.14721472066430194,-0.005187919675080977,-0.08679065621426942,0.595,0.2771,9.261,0.6,0.3,1.0,0.0,0.0,0.0,0.5465,-0.027,0.0,0.6,0.0
62.4997,0.9852317896276626,0.1476444180467552,-0.0053710152077234286,-0.08654824505642345,0.595,0.2771,9.715,0.6,0.3,1.0,0.0,0.0,0.0,0.6542,-0.027,0.0,0.6,0.0
62.5197,0.9852301298344817,0.14764416931422258,-0.005676006509086215,-0.08654809925095047,0.595,0.2771,9.1389,0.6,0.3,1.0,0.0,0.0,0.0,0.5465,-0.027,0.0,0.6,0.0
62.5398,0.985175138042867,0.1480720728496514,-0.005920042893408806,-0.08642662620029562,0.595,0.2771,9.639,0.6,0.3,1.0,0.0,0.0,0.0,0.6542,-0.027,0.0,0.6,0.0
62.5599,0.985175138042867,0.1480720728496514,-0.005920042893408806,-0.08642662620029562,0.595,0.2771,9.639,0.6,0.3,1.0,0.0,0.0,0.0,0.6542,-0.027,0.0,0.6,0.0
62.58,0.9851892450770364,0.14807419314046116,-0.006165132947781399,-0.08624485982408975,0.595,0.2771,9.4349,0.6,0.3,1.0,0.0,0.0,0.0,0.6388,-0.027,0.0,0.6,0.0
62.6,0.985187653235081,0.148256957536901,-0.006287125420120165,-0.08593971438751197,0.595,0.2771,9.3702,0.6,0.3,1.0,0.0,0.0,0.0,0.5619,-0.027,0.0,0.6,0.0
62.6201,0.9851979743196423,0.14818833327921807,-0.006347800096202062,-0.08593529374092858,0.595,0.2771,9.2058,0.6,0.3,1.0,0.0,0.0,0.0,0.6234,-0.027,0.0,0.6,0.0
62.6402,0.985192137800107,0.14825763240119152,-0.006409157028203175,-0.08587810406521723,0.595,0.2771,9.4057,0.6,0.3,1.0,0.0,0.0,0.0,0.5773,-0.027,0.0,0.6,0.0
62.6602,0.9852135682079348,0.14800768169679984,-0.006469898659403367,-0.08605865202909663,0.595,0.2771,9.7209,0.6,0.3,1.0,0.0,0.0,0.0,0.6196,-0.027,0.0,0.6,0.0
62.6803,0.9852276315478492,0.1479487945034837,-0.0064699910133731026,-0.0859988805500887,0.595,0.2771,9.5342,0.6,0.3,1.0,0.0,0.0,0.0,0.6004,-0.027,0.0,0.6,0.0
62.7004,0.9852698389041212,0.14764082904965137,-0.006286864974094128,-0.08605815168928632,0.595,0.2771,9.5967,0.6,0.3,1.0,0.0,0.0,0.0,0.585,-0.027,0.0,0.6,0.0
62.7205,0.9852565580044346,0.14777013318739424,-0.0061041707360005165,-0.0860014054923508,0.595,0.2771,9.7489,0.6,0.3,1.0,0.0,0.0,0.0,0.6119,-0.027,0.0,0.6,0.0
62.7405,0.9852842536995399,0.1475209899149221,-0.005980959048014156,-0.08612041032837825,0.595,0.2771,9.4253,0.6,0.3,1.0,0.0,0.0,0.0,0.5888,-0.027,0.0,0.6,0.0
62.7606,0.9852760972737731,0.14758076777718993,-0.005858911381436557,-0.08611969740240655,0.595,0.2771,9.6545,0.6,0.3,1.0,0.0,0.0,0.0,0.6234,-0.027,0.0,0.6,0.0
62.7807,0.9853320705745616,0.14721402243439424,-0.005675885198975786,-0.08611925814323396,0.595,0.2771,9.3208,0.6,0.3,1.0,0.0,0.0,0.0,0.5503,-0.027,0.0,0.6,0.0
62.8007,0.9853290698345262,0.14727457268782052,-0.005553870752645684,-0.08605799729432662,0.595,0.2771,9.4947,0.6,0.3,1.0,0.0,0.0,0.0,0.6504,-0.027,0.0,0.6,0.0
62.8208,0.9853614410129304,0.14709640937025245,-0.005432052045951306,-0.08599982398743901,0.595,0.2771,9.6456,0.6,0.3,1.0,0.0,0.0,0.0,0.5465,-0.027,0.0,0.6,0.0
62.8409,0.9853508003095266,0.14727782068538597,-0.005370993460674406,-0.08581489551811133,0.595,0.2771,9.6556,0.6,0.3,1.0,0.0,0.0,0.0,0.6581,-0.027,0.0,0.6,0.0
62.861,0.9853849070220725,0.1470908064927211,-0.005248850357118112,-0.0857515552532499,0.595,0.2771,9.4358,0.6,0.3,1.0,0.0,0.0,0.0,0.5426,-0.027,0.0,0.6,0.0
62.881,0.9853720420651555,0.1472809956353384,-0.005249106764689148,-0.08557274051461548,0.595,0.2771,9.6179,0.6,0.3,1.0,0.0,0.0,0.0,0.6658,-0.027,0.0,0.6,0.0
62.9011,0.985394570013019,0.14709224891092876,-0.005370899547235436,-0.08563039844141979,0.595,0.2771,9.3612,0.6,0.3,1.0,0.0,0.0,0.0,0.5426,-0.027,0.0,0.6,0.0
62.9212,0.9853659335492237,0.14728008261135367,-0.005432076812184244,-0.08563321089487519,0.595,0.2771,9.6671,0.6,0.3,1.0,0.0,0.0,0.0,0.6581,-0.027,0.0,0.6,0.0
62.9412,0.9854061118072319,0.146971972635478,-0.005553961176661293,-0.08569240099237291,0.595,0.2771,9.2202,0.6,0.3,1.0,0.0,0.0,0.0,0.5465,-0.027,0.0,0.6,0.0
62.9613,0.9853822967145262,0.14716052461995596,-0.005676174520528322,-0.08563463293549751,0.595,0.2771,9.7403,0.6,0.3,1.0,0.0,0.0,0.0,0.6542,-0.027,0.0,0.6,0.0
62.9814,0.9853955606951265,0.1470313978720062,-0.005858896310595371,-0.08569148345175831,0.595,0.2771,9.2474,0.6,0.3,1.0,0.0,0.0,0.0,0.558,-0.027,0.0,0.6,0.0
63.0015,0.9853447729699403,0.14739891889981366,-0.0060419556851605966,-0.08563137193506676,0.595,0.2771,9.6251,0.6,0.3,1.0,0.0,0.0,0.0,0.6427,-0.027,0.0,0.6,0.0
63.0215,0.9853447729699403,0.14739891889981366,-0.0060419556851605966,-0.08563137193506676,0.595,0.2771,9.6251,0.6,0.3,1.0,0.0,0.0,0.0,0.5619,-0.027,0.0,0.6,0.0
63.0416,0.9853624851127414,0.14727956718252394,-0.006042064292812274,-0.08563291120855715,0.595,0.2771,9.4912,0.6,0.3,1.0,0.0,0.0,0.0,0.635,-0.027,0.0,0.6,0.0
63.0617,0.985369055806987,0.14734155034296947,-0.006042104583119323,-0.08545047906702496,0.595,0.2771,9.3702,0.6,0.3,1.0,0.0,0.0,0.0,0.5734,-0.027,0.0,0.6,0.0
63.0818,0.9854099237575216,0.1470335409922169,-0.006041981138205935,-0.0855097330566022,0.595,0.2771,9.4524,0.6,0.3,1.0,0.0,0.0,0.0,0.6004,-0.027,0.0,0.6,0.0
63.1018,0.9853878180729096,0.1471522394735376,-0.005919848716215024,-0.08556881325933076,0.595,0.2771,9.3598,0.6,0.3,1.0,0.0,0.0,0.0,0.5965,-0.027,0.0,0.6,0.0
63.1219,0.9853889279544614,0.1469694096873606,-0.005858856874107768,-0.0858739021882371,0.595,0.2771,9.1666,0.6,0.3,1.0,0.0,0.0,0.0,0.6004,-0.027,0.0,0.6,0.0
63.142,0.985342072648322,0.14721551679914183,-0.005736942200130921,-0.08599813356616015,0.595,0.2771,9.5064,0.6,0.3,1.0,0.0,0.0,0.0,0.6042,-0.027,0.0,0.6,0.0
63.162,0.9853622573133511,0.1469745299589539,-0.0056760590860023274,-0.08618289713704264,0.595,0.2771,9.2538,0.6,0.3,1.0,0.0,0.0,0.0,0.5927,-0.027,0.0,0.6,0.0
63.1821,0.9853617289613875,0.14691345054881433,-0.005493054235628361,-0.08630485213028799,0.595,0.2771,9.4331,0.6,0.3,1.0,0.0,0.0,0.0,0.6273,-0.027,0.0,0.6,0.0
63.2022,0.985415638975192,0.1464843922899759,-0.005371014383751524,-0.08642623145226414,0.595,0.2771,9.1793,0.6,0.3,1.0,0.0,0.0,0.0,0.5696,-0.027,0.0,0.6,0.0
63.2223,0.9854217843875224,0.1464853058202214,-0.0051880462480223405,-0.08636576989407319,0.595,0.2771,9.7669,0.6,0.3,1.0,0.0,0.0,0.0,0.6388,-0.027,0.0,0.6,0.0
63.2423,0.9854626454061545,0.14617731573113676,-0.0051269409269014965,-0.08642500420292404,0.595,0.2771,9.3023,0.6,0.3,1.0,0.0,0.0,0.0,0.5388,-0.027,0.0,0.6,0.0
63.2624,0.9854580574323578,0.14617663518002977,-0.005004919031297559,-0.08648560085111547,0.595,0.2771,9.6543,0.6,0.3,1.0,0.0,0.0,0.0,0.6581,-0.027,0.0,0.6,0.0
63.2825,0.9854671417121019,0.14611698310933513,-0.004943965592826019,-0.08648639810411496,0.595,0.2771,9.3022,0.6,0.3,1.0,0.0,0.0,0.0,0.5388,-0.027,0.0,0.6,0.0
63.3025,0.9854338112958595,0.14630408978407586,-0.004944104414135717,-0.08654982783871747,0.595,0.2771,9.8374,0.6,0.3,1.0,0.0,0.0,0.0,0.6581,-0.027,0.0,0.6,0.0
63.3226,0.9854022075192705,0.14648239567191912,-0.00494394585212013,-0.08660805143735306,0.595,0.2771,9.3814,0.6,0.3,1.0,0.0,0.0,0.0,0.5465,-0.027,0.0,0.6,0.0
63.3427,0.9853546245733811,0.1467293908258446,-0.004944013168787176,-0.08673123101579328,0.595,0.2771,9.7586,0.6,0.3,1.0,0.0,0.0,0.0,0.6542,-0.027,0.0,0.6,0.0
63.3627,0.9853707775650686,0.14654779266523332,-0.004944094216362951,-0.08685465513223584,0.595,0.2771,9.2404,0.6,0.3,1.0,0.0,0.0,0.0,0.5503,-0.027,0.0,0.6,0.0
63.3828,0.985362262385609,0.14660752689323675,-0.00488305085617008,-0.08685390456910565,0.595,0.2771,9.7778,0.6,0.3,1.0,0.0,0.0,0.0,0.6504,-0.027,0.0,0.6,0.0
63.4029,0.9853762752933525,0.14636560579821797,-0.004944121801194205,-0.08709914573596551,0.595,0.2771,9.282,0.6,0.3,1.0,0.0,0.0,0.0,0.558,-0.027,0.0,0.6,0.0
63.423,0.9853553047074064,0.1463624908739064,-0.0049440165813571255,-0.08734129292724797,0.595,0.2771,9.7492,0.6,0.3,1.0,0.0,0.0,0.0,0.6427,-0.027,0.0,0.6,0.0
63.4431,0.9853776163405368,0.1460607970652617,-0.005066131701545378,-0.08758727696009742,0.595,0.2771,9.3121,0.6,0.3,1.0,0.0,0.0,0.0,0.558,-0.027,0.0,0.6,0.0
63.4631,0.985356744465718,0.14605770326383805,-0.005005024099053831,-0.08783042290107901,0.595,0.2771,9.7401,0.6,0.3,1.0,0.0,0.0,0.0,0.6427,-0.027,0.0,0.6,0.0
63.4832,0.9853619190572395,0.14587546844229854,-0.005005050382890022,-0.08807488659793378,0.595,0.2771,9.2749,0.6,0.3,1.0,0.0,0.0,0.0,0.5657,-0.027,0.0,0.6,0.0
63.5033,0.9853425542707267,0.14593360104561467,-0.005004952021333457,-0.08819515454016531,0.595,0.2771,9.7644,0.6,0.3,1.0,0.0,0.0,0.0,0.6311,-0.027,0.0,0.6,0.0
63.5233,0.9853225633502404,0.14599163847932686,-0.005126846834731802,-0.08831536156618808,0.595,0.2771,9.3312,0.6,0.3,1.0,0.0,0.0,0.0,0.5734,-0.027,0.0,0.6,0.0
63.5434,0.9852891336217675,0.14617872310180074,-0.005126990288228328,-0.0883788325889085,0.595,0.2771,9.8395,0.6,0.3,1.0,0.0,0.0,0.0,0.5965,-0.027,0.0,0.6,0.0
63.5635,0.9852806524999687,0.1462384641913865,-0.005065946797001897,-0.0883780718460786,0.595,0.2771,9.5109,0.6,0.3,1.0,0.0,0.0,0.0,0.6042,-0.027,0.0,0.6,0.0
63.5835,0.9852862650063945,0.14623929721730444,-0.005004975947569781,-0.0883175755719221,0.595,0.2771,9.7679,0.6,0.3,1.0,0.0,0.0,0.0,0.5965,-0.027,0.0,0.6,0.0
63.6036,0.9852827801373141,0.1462997794731396,-0.0050049582454191055,-0.0882562637094817,0.595,0.2771,9.3251,0.6,0.3,1.0,0.0,0.0,0.0,0.6119,-0.027,0.0,0.6,0.0
63.6237,0.9852595790508214,0.14641833056767842,-0.005065838445161314,-0.08831518353725998,0.595,0.2771,9.7868,0.6,0.3,1.0,0.0,0.0,0.0,0.585,-0.027,0.0,0.6,0.0
63.6437,0.9852275342248854,0.146666781796071,-0.0051269923723022415,-0.0882568686955883,0.595,0.2771,9.4574,0.6,0.3,1.0,0.0,0.0,0.0,0.635,-0.027,0.0,0.6,0.0
63.6638,0.9852169188023451,0.14666520152166002,-0.005126937131062521,-0.08837791626802756,0.595,0.2771,9.631,0.6,0.3,1.0,0.0,0.0,0.0,0.5619,-0.027,0.0,0.6,0.0
63.6839,0.985200930636215,0.14684681618675333,-0.005126853930783451,-0.08825448554108778,0.595,0.2771,9.651,0.6,0.3,1.0,0.0,0.0,0.0,0.6581,-0.027,0.0,0.6,0.0
63.7039,0.9852278405180568,0.14666682739267906,-0.0050659940379997465,-0.0882568961333885,0.595,0.2771,9.4873,0.6,0.3,1.0,0.0,0.0,0.0,0.5503,-0.027,0.0,0.6,0.0
63.724,0.9852138985704025,0.14690974815679902,-0.0050049232841754,-0.08801165095107516,0.595,0.2771,9.7057,0.6,0.3,1.0,0.0,0.0,0.0,0.6581,-0.027,0.0,0.6,0.0
63.7441,0.9852224230874009,0.14685001969370365,-0.005065966181832596,-0.0880124124677526,0.595,0.2771,9.2823,0.6,0.3,1.0,0.0,0.0,0.0,0.5349,-0.027,0.0,0.6,0.0
63.7642,0.985178486680337,0.14721856706025685,-0.005005053276025073,-0.08789193556106317,0.595,0.2771,9.6323,0.6,0.3,1.0,0.0,0.0,0.0,0.6542,-0.027,0.0,0.6,0.0
63.7843,0.9851964734437074,0.14709925135733415,-0.004944142892081006,-0.08789354023622455,0.595,0.2771,9.1397,0.6,0.3,1.0,0.0,0.0,0.0,0.5426,-0.027,0.0,0.6,0.0
63.8043,0.9851722272895055,0.14733963222172103,-0.004822020690877074,-0.08776937661086498,0.595,0.2771,9.8011,0.6,0.3,1.0,0.0,0.0,0.0,0.6465,-0.027,0.0,0.6,0.0
63.8244,0.9851780723106314,0.14734050638690674,-0.004700048052575762,-0.08770889672240752,0.595,0.2771,9.297,0.6,0.3,1.0,0.0,0.0,0.0,0.5542,-0.027,0.0,0.6,0.0
63.8445,0.9851614566064276,0.1474600205778511,-0.004455970403665396,-0.08770741745167993,0.595,0.2771,9.7679,0.6,0.3,1.0,0.0,0.0,0.0,0.6427,-0.027,0.0,0.6,0.0
63.8645,0.9851830187892229,0.14728024523861835,-0.004395067001342527,-0.08777033802976887,0.595,0.2771,9.2158,0.6,0.3,1.0,0.0,0.0,0.0,0.5773,-0.027,0.0,0.6,0.0
63.8846,0.9851906820968265,0.14715938805832166,-0.004272098356744859,-0.08789302356569863,0.595,0.2771,9.7478,0.6,0.3,1.0,0.0,0.0,0.0,0.6196,-0.027,0.0,0.6,0.0
63.9047,0.9852192436329746,0.1469715445794523,-0.00421095829998755,-0.08789012964716404,0.595,0.2771,9.2489,0.6,0.3,1.0,0.0,0.0,0.0,0.5888,-0.027,0.0,0.6,0.0
63.9248,0.9852351541768167,0.1467909169153719,-0.004211026303771571,-0.08801354976819005,0.595,0.2771,9.6987,0.6,0.0,1.0,0.0,0.0,0.0,0.5773,-0.027,0.0,0.6,0.0
63.9448,0.9852473894249683,0.14666973755826493,-0.004272079737424953,-0.08807564391244545,0.595,0.2655,9.3419,0.6,0.0,1.0,0.0,0.0,0.0,0.6273,-0.027,0.0,0.6,0.0
63.9649,0.9852599906579032,0.14647938981634084,-0.004210867470280766,-0.08825422235207114,0.6085,0.0962,11.445,0.6,0.0,1.0,0.0,0.0,0.0,0.5696,-0.027,0.0,0.6,0.0
63.985,0.9855510725516609,0.14453335707708412,-0.004517073665284158,-0.0881974383403596,0.622,0.1501,9.5506,0.6,0.0,1.0,0.0,0.0,0.0,0.635,-0.027,0.0,0.6,0.0
64.0051,0.9862452445426829,0.13921792900956523,-0.005553877487729009,-0.08892603839192798,0.6356,-0.1001,10.517,0.6,0.0,1.0,0.0,0.0,0.0,0.5657,-0.027,0.0,0.6,0.0
64.0251,0.9869407634611997,0.1342163758095325,-0.006042016917813017,-0.08886724883073349,0.5815,0.0539,8.6617,0.6,0.0,1.0,0.0,0.0,0.0,0.6465,-0.0135,0.0,0.6,0.0
64.0452,0.9879754338848048,0.12481692847923398,-0.004638997341829758,-0.09112494778491864,0.5815,-0.0346,10.9195,0.6,0.0,1.0,0.0,0.0,0.0,0.5465,0.0135,0.0,0.6,0.0
64.0653,0.9883492559225241,0.1220098957302748,-0.004456032713767864,-0.09088166720375641,0.5815,0.0808,9.9061,0.6,0.0,1.0,0.0,0.0,0.0,0.6581,0.0,0.0,0.6,0.0
64.0854,0.988577934890841,0.12054301657466476,-0.0058589522009470305,-0.09027026354867562,0.5815,-0.1501,11.5532,0.6,0.0,1.0,0.0,0.0,0.0,0.5349,0.0,0.0,0.6,0.0
64.1054,0.9884349226583633,0.12189093660992523,-0.005798187259218331,-0.09002990762084329,0.5815,-0.0269,9.9972,0.6,0.0,1.0,0.0,0.0,0.0,0.6542,-0.0135,0.0,0.6,0.0
64.1255,0.9884088653710221,0.12091171750882551,-0.00592003513040372,-0.09161454365486638,0.5815,0.1462,7.9254,0.6,0.0,1.0,0.0,0.0,0.0,0.5465,-0.0135,0.0,0.6,0.0
64.1456,0.9876333900706556,0.1268950052478667,-0.004150098286563722,-0.09198217840918882,0.5815,-0.2078,8.4046,0.6,0.0,1.0,0.0,0.0,0.0,0.6504,-0.0135,0.0,0.6,0.0
64.1656,0.9866052323198966,0.13604317110964764,-0.0029909158216568643,-0.08996346800775146,0.595,-0.0885,9.6537,0.6,0.0,1.0,0.0,0.0,0.0,0.5503,-0.0135,0.0,0.6,0.0
64.1857,0.9865998123580663,0.13598983356848157,-0.003357094636869881,-0.09009053966229891,0.595,0.1847,9.0845,0.6,0.0,1.0,0.0,0.0,0.0,0.6273,-0.027,0.0,0.6,0.0
64.2058,0.9865998123580663,0.13598983356848157,-0.003357094636869881,-0.09009053966229891,0.595,0.1847,9.0845,0.6,0.0,1.0,0.0,0.0,0.0,0.5696,-0.027,0.0,0.6,0.0
64.2258,0.9863879052234674,0.13690184805477668,-0.003905995664796394,-0.09100289899730352,0.595,0.0038,13.5814,0.6,0.0,1.0,0.0,0.0,0.0,0.6234,-0.027,0.0,0.6,0.0
64.2459,0.9867051032354563,0.133973507582554,-0.006104068688113251,-0.09179803298865208,0.595,0.1116,6.2172,0.6,0.0,1.0,0.0,0.0,0.0,0.5811,-0.027,0.0,0.6,0.0
64.266,0.9868498633148688,0.13207636812553936,-0.006530820413597038,-0.09295444391161234,0.6085,-0.204,9.3329,0.6,0.0,1.0,0.0,0.0,0.0,0.6196,-0.027,0.0,0.6,0.0
64.286,0.9870334103124788,0.13085534231428525,-0.00762878675915052,-0.09264841027946753,0.622,-0.0423,8.5101,0.6,0.0,1.0,0.0,0.0,0.0,0.6119,-0.027,0.0,0.6,0.0
64.3061,0.987718080468673,0.12530323414967526,-0.009704863233092019,-0.09283269174455094,0.595,0.0962,8.9735,0.6,0.0,1.0,0.0,0.0,0.0,0.5811,-0.027,0.0,0.6,0.0
64.3262,0.9880491160413932,0.12237650065287585,-0.010376127238196005,-0.09314114215165566,0.6085,-0.2001,7.7883,0.6,0.0,1.0,0.0,0.0,0.0,0.6273,-0.027,0.0,0.6,0.0
64.3462,0.9881225943923786,0.1225010490537149,-0.010620264338605113,-0.09216529399612661,0.622,-0.0192,11.4822,0.6,0.0,1.0,0.0,0.0,0.0,0.5696,-0.027,0.0,0.6,0.0
64.3663,0.9885820795482776,0.11865152945981658,-0.012023952316225883,-0.09210163474958727,0.622,0.0231,10.7191,0.6,0.0,1.0,0.0,0.0,0.0,0.635,-0.0135,0.0,0.6,0.0
64.3864,0.9888857420022438,0.1159052665129378,-0.013305915795740928,-0.09216241676558491,0.622,-0.0115,12.0815,0.6,0.0,1.0,0.0,0.0,0.0,0.5619,-0.0135,0.0,0.6,0.0
64.4064,0.9888857420022438,0.1159052665129378,-0.013305915795740928,-0.09216241676558491,0.622,-0.0115,12.0815,0.6,0.0,1.0,0.0,0.0,0.0,0.6427,-0.0135,0.0,0.6,0.0
64.4265,0.9894676942779196,0.10931694919888757,-0.016113434715056385,-0.09350852271247218,0.622,-0.0385,8.3335,0.6,0.0,1.0,0.0,0.0,0.0,0.5426,-0.027,0.0,0.6,0.0
64.4466,0.9898052247784979,0.10485781193689653,-0.017150969239635605,-0.09484882988806498,0.595,0.0693,11.9433,0.6,0.0,1.0,0.0,0.0,0.0,0.6581,-0.027,0.0,0.6,0.0
64.4666,0.990224907467395,0.09777710218225891,-0.019835817861761203,-0.09747210498283176,0.6085,-0.1231,10.6646,0.6,0.0,1.0,0.0,0.0,0.0,0.5426,-0.0406,0.0,0.6,0.0
64.4867,0.9906847674537599,0.09234812230133478,-0.020752476923714052,-0.09790224994369735,0.622,0.0924,12.1912,0.6,0.0,1.0,0.0,0.0,0.0,0.6581,-0.027,0.0,0.6,0.0
64.5068,0.9910800393315615,0.08178626054452266,-0.025390770434005085,-0.10211107678142378,0.5815,-0.0693,5.1473,0.6,0.0,1.0,0.0,0.0,0.0,0.5426,-0.027,0.0,0.6,0.0
64.5269,0.9912091317494782,0.07922385067732367,-0.026244950532999578,-0.10266080650288709,0.5815,0.0077,7.9621,0.6,0.0,1.0,0.0,0.0,0.0,0.6581,-0.0135,0.0,0.6,0.0
64.5469,0.991422995665709,0.07000904752053097,-0.030212883621499,-0.10614310431569929,0.595,0.1039,6.6606,0.6,0.0,1.0,0.0,0.0,0.0,0.5426,-0.0135,0.0,0.6,0.0
64.567,0.9912566674784069,0.06536798890354613,-0.03247049775408903,-0.10992229974809786,0.595,-0.1347,9.7648,0.6,0.0,1.0,0.0,0.0,0.0,0.6388,-0.0135,0.0,0.6,0.0
64.5871,0.991225130025349,0.06170787965274217,-0.03564550813071441,-0.11132958701574336,0.595,0.0885,9.7877,0.6,0.0,1.0,0.0,0.0,0.0,0.5619,-0.027,0.0,0.6,0.0
64.6071,0.9911750029154291,0.05114829024276392,-0.04077202849605504,-0.11529790845092514,0.6085,-0.0577,13.9414,0.6,0.0,1.0,0.0,0.0,0.0,0.635,-0.027,0.0,0.6,0.0
64.6272,0.9911389620015663,0.04455550379956798,-0.04272452419060376,-0.11761369017385287,0.622,0.0616,12.9845,0.6,0.0,1.0,0.0,0.0,0.0,0.5965,-0.027,0.0,0.6,0.0
64.6473,0.9909176742398311,0.032288380397187705,-0.04797456519990964,-0.12140043024771396,0.595,-0.0577,7.3775,0.6,0.0,1.0,0.0,0.0,0.0,0.6042,-0.027,0.0,0.6,0.0
64.6673,0.990999887202102,0.02722122778510358,-0.049559594087778935,-0.12133455796741216,0.595,0.0462,8.306,0.6,0.0,1.0,0.0,0.0,0.0,0.6004,0.0,0.0,0.6,0.0
64.6874,0.9907175411227498,0.016723907850869385,-0.0532227067416181,-0.12396131697019076,0.595,-0.0462,4.8389,0.6,0.0,1.0,0.0,0.0,0.0,0.5927,0.0,0.0,0.6,0.0
64.7075,0.9907632579616584,0.012694734230491472,-0.053770874284520445,-0.12383740741268717,0.595,0.0308,7.1945,0.6,0.0,1.0,0.0,0.0,0.0,0.6157,0.0,0.0,0.6,0.0
64.7275,0.9904369446365019,0.004456089733213649,-0.05755715904058443,-0.12530752334388123,0.595,-0.0115,6.2221,0.6,0.0,1.0,0.0,0.0,0.0,0.5619,-0.0135,0.0,0.6,0.0
64.7476,0.9904269979930476,0.0019530197150093606,-0.0586555921064382,-0.12494026122557808,0.6085,-0.1231,5.8455,0.6,0.0,1.0,0.0,0.0,0.0,0.6427,-0.0135,0.0,0.6,0.0
64.7677,0.9899999336344261,-0.0052490526688624035,-0.061279614878113925,-0.12695427385598967,0.6085,0.0962,10.7157,0.6,0.0,1.0,0.0,0.0,0.0,0.5542,-0.0135,0.0,0.6,0.0
64.7878,0.9895128005718671,-0.013245144571283701,-0.06256168286327525,-0.12951841369867517,0.622,-0.1231,12.9299,0.6,0.0,1.0,0.0,0.0,0.0,0.6542,-0.0135,0.0,0.6,0.0
64.8078,0.9888029716334611,-0.022033375447343045,-0.06463416789572776,-0.13268623890841208,0.568,0.0,11.9103,0.6,0.0,1.0,0.0,0.0,0.0,0.5426,-0.0135,0.0,0.6,0.0
64.8279,0.9885578508729391,-0.02673223880106159,-0.06396317865222403,-0.13396818526374996,0.5815,-0.0038,8.6498,0.6,0.0,1.0,0.0,0.0,0.0,0.6658,-0.0135,0.0,0.6,0.0
64.848,0.9881791767362575,-0.031189636832966283,-0.06366129984246477,-0.13592777538622403,0.5815,0.0,8.6278,0.6,0.0,1.0,0.0,0.0,0.0,0.5426,-0.027,0.0,0.6,0.0
64.868,0.9880887607171756,-0.0318597020907331,-0.06317040931493101,-0.13665672216934732,0.5815,0.0,9.829,0.6,0.0,1.0,0.0,0.0,0.0,0.6504,-0.027,0.0,0.6,0.0
64.8881,0.9881698789940241,-0.03155534740022245,-0.06243968741316719,-0.13647650250183352,0.5815,0.0,9.733,0.6,0.0,1.0,0.0,0.0,0.0,0.5503,-0.027,0.0,0.6,0.0
64.9082,0.9882316324002076,-0.031006364973589717,-0.06146272347309464,-0.13659860789193828,0.5815,0.0,9.9127,0.6,0.0,1.0,0.0,0.0,0.0,0.6504,-0.0135,0.0,0.6,0.0
64.9283,0.9882955400023596,-0.030823453480834623,-0.06024288630543555,-0.13672101146696392,0.5815,0.0,9.4626,0.6,0.0,1.0,0.0,0.0,0.0,0.558,-0.0135,0.0,0.6,0.0
64.9483,0.9884117944355365,-0.030029267186668516,-0.0591435262320136,-0.136537214845615,0.5815,0.0,9.8076,0.6,0.0,1.0,0.0,0.0,0.0,0.6157,-0.0135,0.0,0.6,0.0
64.9684,0.9885278574012362,-0.02893108362709608,-0.05816716813581621,-0.13635339413796385,0.5815,0.0,9.4724,0.6,0.0,1.0,0.0,0.0,0.0,0.585,-0.0135,0.0,0.6,0.0
64.9885,0.9886954291601178,-0.026732660105650424,-0.057372270536097045,-0.13592327179368313,0.5815,0.0,9.8641,0.6,0.0,1.0,0.0,0.0,0.0,0.608,-0.0135,0.0,0.6,0.0
65.0085,0.9889435212996666,-0.024108768925331786,-0.05670145653507669,-0.1348867071550109,0.5815,0.0,9.436,0.6,0.0,1.0,0.0,0.0,0.0,0.5965,-0.0135,0.0,0.6,0.0
65.0286,0.989291104020375,-0.02056968831042568,-0.05590987087652678,-0.13324445867475904,0.5815,0.0,9.8275,0.6,0.0,1.0,0.0,0.0,0.0,0.6004,-0.0135,0.0,0.6,0.0
65.0487,0.9896600661360198,-0.017272564828574196,-0.055418603763074316,-0.13116169546343637,0.5815,0.0,9.3523,0.6,0.0,1.0,0.0,0.0,0.0,0.6157,-0.0135,0.0,0.6,0.0
65.0688,0.9901231543694854,-0.013184148527850678,-0.055115620912658564,-0.1282364446654227,0.5815,0.0,9.8222,0.6,0.0,1.0,0.0,0.0,0.0,0.5619,-0.0135,0.0,0.6,0.0
65.0888,0.9905893530824025,-0.009520888057550463,-0.05493135414109469,-0.12499853032179481,0.5815,0.0,9.4979,0.6,0.0,1.0,0.0,0.0,0.0,0.6427,-0.0135,0.0,0.6,0.0
65.1089,0.9909398423938873,-0.0066528176734911675,-0.05480849792335059,-0.12243364459480527,0.5815,0.0,9.8044,0.6,0.0,1.0,0.0,0.0,0.0,0.5388,-0.0135,0.0,0.6,0.0
65.1293,0.9911631699956565,-0.004456059209504755,-0.055176733156111935,-0.12054560173934967,0.5815,0.0,9.5287,0.6,0.0,1.0,0.0,0.0,0.0,0.6542,-0.0135,0.0,0.6,0.0
65.1494,0.991276585625362,-0.002747012707625014,-0.056030259194841614,-0.11926355171076913,0.5815,0.0,9.7757,0.6,0.0,1.0,0.0,0.0,0.0,0.5349,-0.0135,0.0,0.6,0.0
65.1703,0.9913446502863499,-0.0009770114818428849,-0.056946669237487785,-0.11828739011388828,0.5815,0.0,9.383,0.6,0.0,1.0,0.0,0.0,0.0,0.6542,-0.0135,0.0,0.6,0.0
65.1904,0.9913606113077043,-0.00024400679606052453,-0.057679606488441074,-0.11780128099319287,0.5815,0.0,9.3504,0.6,0.0,1.0,0.0,0.0,0.0,0.5503,-0.0135,0.0,0.6,0.0
65.2105,0.991346944624104,0.00018300257417660712,-0.05853382335671534,-0.11749465271984266,0.5815,0.0,9.5341,0.6,0.0,1.0,0.0,0.0,0.0,0.6196,-0.0135,0.0,0.6,0.0
65.2306,0.9913109757895846,-0.0003659918686646918,-0.059629675192199506,-0.11724639510674312,0.5815,0.0,9.2918,0.6,0.0,1.0,0.0,0.0,0.0,0.585,-0.0135,0.0,0.6,0.0
65.2507,0.9912545040242161,-0.001037981679273825,-0.06078992703731782,-0.11712393272314797,0.5815,0.0,9.7314,0.6,0.0,1.0,0.0,0.0,0.0,0.5965,-0.0135,0.0,0.6,0.0
65.2708,0.9911143075453539,-0.0024410623311510865,-0.061952581924269376,-0.11767900486707761,0.5815,0.0,9.4887,0.6,0.0,1.0,0.0,0.0,0.0,0.6004,-0.0135,0.0,0.6,0.0
65.2908,0.9908834826883146,-0.004455898742019047,-0.06365855339248941,-0.11864930375629351,0.5815,0.0,9.9318,0.6,0.0,1.0,0.0,0.0,0.0,0.5927,-0.0135,0.0,0.6,0.0
65.3109,0.9908195233152819,-0.006103843053471,-0.06451234121094834,-0.11864894921042629,0.5815,0.0,9.5315,0.6,0.0,1.0,0.0,0.0,0.0,0.6157,-0.0135,0.0,0.6,0.0
65.331,0.9908250361952842,-0.007384851205084711,-0.06518468661538969,-0.11816161920076251,0.5815,0.0,9.6336,0.6,0.0,1.0,0.0,0.0,0.0,0.585,-0.0135,0.0,0.6,0.0
65.3511,0.9908512293496603,-0.009033056789624487,-0.06567441288628352,-0.11755473905098175,0.5815,0.0,9.376,0.6,0.0,1.0,0.0,0.0,0.0,0.6196,-0.0135,0.0,0.6,0.0
65.3712,0.9908512293496603,-0.009033056789624487,-0.06567441288628352,-0.11755473905098175,0.5815,0.0,9.376,0.6,0.0,1.0,0.0,0.0,0.0,0.5542,-0.0135,0.0,0.6,0.0
65.3913,0.9908690941226503,-0.010498255277161996,-0.06616360884431247,-0.11700684515613097,0.5815,0.0,9.6046,0.6,0.0,1.0,0.0,0.0,0.0,0.6542,-0.0135,0.0,0.6,0.0
65.4114,0.990844778570988,-0.012389997231145665,-0.0665279851326602,-0.11682097389343582,0.5815,0.0,9.319,0.6,0.0,1.0,0.0,0.0,0.0,0.5349,-0.0135,0.0,0.6,0.0
65.4315,0.9908396491885401,-0.015563915950497224,-0.06732163644431863,-0.11602737341970537,0.5815,0.0,9.3833,0.6,0.0,1.0,0.0,0.0,0.0,0.6581,-0.0135,0.0,0.6,0.0
65.4516,0.9908396491885401,-0.015563915950497224,-0.06732163644431863,-0.11602737341970537,0.5815,0.0,9.3833,0.6,0.0,1.0,0.0,0.0,0.0,0.5426,-0.0135,0.0,0.6,0.0
65.4716,0.9908741175027594,-0.016723461903668104,-0.06738083194539994,-0.11553628248922583,0.5815,0.0,9.777,0.6,0.0,1.0,0.0,0.0,0.0,0.6619,-0.0135,0.0,0.6,0.0
65.4917,0.9909008742822056,-0.01794390718001495,-0.06750465081291293,-0.11505040486891999,0.5815,0.0,9.3711,0.6,0.0,1.0,0.0,0.0,0.0,0.5503,-0.0135,0.0,0.6,0.0
65.5118,0.9909029663170629,-0.018920942072896057,-0.06793179202452174,-0.11462364907582251,0.5815,0.0,9.3504,0.6,0.0,1.0,0.0,0.0,0.0,0.6504,-0.0135,0.0,0.6,0.0
65.5319,0.9908898181616999,-0.019042689021212145,-0.06829688466999674,-0.11450013014266841,0.5815,0.0,9.7616,0.6,0.0,1.0,0.0,0.0,0.0,0.5503,-0.0135,0.0,0.6,0.0
65.552,0.9908923142178525,-0.01898173783233048,-0.068786049956407,-0.11419542278151118,0.5815,0.0,9.3471,0.6,0.0,1.0,0.0,0.0,0.0,0.6465,-0.0135,0.0,0.6,0.0
65.5721,0.9908807710609613,-0.018920518262321988,-0.06927323622548263,-0.11401109714921942,0.5815,0.0,9.67,0.6,0.0,1.0,0.0,0.0,0.0,0.5542,-0.0135,0.0,0.6,0.0
65.5922,0.9908467756683723,-0.018799033689214473,-0.06988512523914861,-0.1139532042123017,0.5815,0.0,9.4929,0.6,0.0,1.0,0.0,0.0,0.0,0.6388,-0.0135,0.0,0.6,0.0
65.6123,0.9907864917117701,-0.01849404651035691,-0.07061817759643048,-0.11407528688596108,0.5815,0.0,9.7857,0.6,0.0,1.0,0.0,0.0,0.0,0.5657,-0.0135,0.0,0.6,0.0
65.6324,0.990731946284479,-0.017883161484497,-0.07153364594701812,-0.11407603010367368,0.5815,0.0,9.4205,0.6,0.0,1.0,0.0,0.0,0.0,0.6311,-0.0135,0.0,0.6,0.0
65.6524,0.9906754315011278,-0.01727323418917751,-0.07226697979014082,-0.11419854829511394,0.5815,0.0,9.7387,0.6,0.0,1.0,0.0,0.0,0.0,0.5734,-0.0135,0.0,0.6,0.0
65.6725,0.9906121642575443,-0.016602187107628338,-0.07299882270103929,-0.11438128908387732,0.5815,0.0,9.5805,0.6,0.0,1.0,0.0,0.0,0.0,0.6234,-0.0135,0.0,0.6,0.0
65.6926,0.9905375278943083,-0.016295959329825794,-0.07379181583618713,-0.11456271408338448,0.5815,0.0,9.8531,0.6,0.0,1.0,0.0,0.0,0.0,0.5811,-0.0135,0.0,0.6,0.0
65.7127,0.9904655847881745,-0.01592978424143834,-0.0746449889821976,-0.11468344668734204,0.5815,0.0,9.5988,0.6,0.0,1.0,0.0,0.0,0.0,0.6157,-0.0135,0.0,0.6,0.0
65.7328,0.9903691348156604,-0.015808209657099014,-0.07537899971740955,-0.11505252588935339,0.5815,0.0,9.7326,0.6,0.0,1.0,0.0,0.0,0.0,0.5888,-0.0135,0.0,0.6,0.0
65.7529,0.9902863425926864,-0.015258866601994145,-0.07592733621837683,-0.11547799045361318,0.5815,0.0,9.6726,0.6,0.0,1.0,0.0,0.0,0.0,0.5773,-0.0135,0.0,0.6,0.0
65.773,0.9902147033636399,-0.015014707403507702,-0.07635351207424784,-0.1158427425347553,0.5815,0.0,9.5244,0.6,0.0,1.0,0.0,0.0,0.0,0.6234,-0.0135,0.0,0.6,0.0
65.7931,0.990158249649151,-0.014342786336042048,-0.07684185528972182,-0.11608727065221969,0.5815,0.0,9.7939,0.6,0.0,1.0,0.0,0.0,0.0,0.5657,-0.0135,0.0,0.6,0.0
65.8132,0.990116185114611,-0.01409905959520831,-0.0771483260976758,-0.11627249147131435,0.5815,0.0,9.341,0.6,0.0,1.0,0.0,0.0,0.0,0.6465,-0.0135,0.0,0.6,0.0
65.8333,0.9901026038931507,-0.01354987141126679,-0.07733126612369624,-0.1163318960064133,0.5815,0.0,9.7436,0.6,0.0,1.0,0.0,0.0,0.0,0.5388,-0.0135,0.0,0.6,0.0
65.8533,0.9900725867102166,-0.013428292779205084,-0.07745568877871252,-0.11651854047228644,0.5815,0.0,9.3053,0.6,0.0,1.0,0.0,0.0,0.0,0.6581,-0.0135,0.0,0.6,0.0
65.8734,0.9900703474061647,-0.013062255255354843,-0.07745551359273116,-0.11657927812766061,0.5815,0.0,9.7105,0.6,0.0,1.0,0.0,0.0,0.0,0.5426,-0.0135,0.0,0.6,0.0
65.8935,0.9900382761756745,-0.012999832928085278,-0.07751400380157933,-0.11681949865321939,0.5815,0.0,9.3364,0.6,0.0,1.0,0.0,0.0,0.0,0.6581,-0.0135,0.0,0.6,0.0
65.9136,0.990016554619263,-0.012939347064332606,-0.07733407428541383,-0.1171291416845987,0.5815,0.0,9.7425,0.6,0.0,1.0,0.0,0.0,0.0,0.5426,-0.0135,0.0,0.6,0.0
65.9337,0.9900147715442541,-0.013062326837554962,-0.07714993039838394,-0.11725193380619225,0.5815,0.0,9.4122,0.6,0.0,1.0,0.0,0.0,0.0,0.6581,-0.0135,0.0,0.6,0.0
65.9538,0.9900147715442541,-0.013062326837554962,-0.07714993039838394,-0.11725193380619225,0.5815,0.0,9.4122,0.6,0.0,1.0,0.0,0.0,0.0,0.5465,-0.0135,0.0,0.6,0.0
65.9739,0.9900543022692591,-0.013000043360897932,-0.07684325630626773,-0.11712639066834868,0.5815,0.0,9.7709,0.6,0.0,1.0,0.0,0.0,0.0,0.6311,-0.0135,0.0,0.6,0.0
65.994,0.9900696534330302,-0.013245249547468231,-0.07660044319264026,-0.11712820675702268,0.5815,0.0,9.1917,0.6,0.0,1.0,0.0,0.0,0.0,0.5734,-0.0135,0.0,0.6,0.0
66.0141,0.9900955348555875,-0.01312278177005214,-0.07629273126300075,-0.11712405224408506,0.5815,0.0,9.7015,0.6,0.0,1.0,0.0,0.0,0.0,0.5927,-0.0135,0.0,0.6,0.0
66.0341,0.9900773026444908,-0.013306353499958673,-0.07611302203782921,-0.11737411819056444,0.5815,0.0,9.4165,0.6,0.0,1.0,0.0,0.0,0.0,0.608,-0.0135,0.0,0.6,0.0
66.0542,0.9900676002229281,-0.01312322003384217,-0.07599027411046509,-0.1175559710324075,0.5815,0.0,9.7406,0.6,0.0,1.0,0.0,0.0,0.0,0.5773,-0.0135,0.0,0.6,0.0
66.0743,0.990068735649708,-0.013000232880373025,-0.0758073579791968,-0.11767810803313672,0.5815,0.0,9.4176,0.6,0.0,1.0,0.0,0.0,0.0,0.6234,-0.0135,0.0,0.6,0.0
66.0944,0.990071343665289,-0.012756262111542148,-0.07562455390883918,-0.11780042052488582,0.5815,0.0,9.8334,0.6,0.0,1.0,0.0,0.0,0.0,0.558,-0.0135,0.0,0.6,0.0
66.1145,0.9900848020054551,-0.012511656300188509,-0.07549792604413628,-0.11779476413439949,0.5815,0.0,9.5333,0.6,0.0,1.0,0.0,0.0,0.0,0.6542,-0.0135,0.0,0.6,0.0
66.1346,0.9900987225309996,-0.012328834667274698,-0.075437988357899,-0.11773542113885338,0.5815,0.0,9.4842,0.6,0.0,1.0,0.0,0.0,0.0,0.5426,-0.0135,0.0,0.6,0.0
66.1547,0.9901147872894276,-0.011963033677344997,-0.07537821219852145,-0.11767633127269506,0.5815,0.0,9.4217,0.6,0.0,1.0,0.0,0.0,0.0,0.6619,-0.0135,0.0,0.6,0.0
66.1748,0.9901247535751205,-0.011719150951757809,-0.07537897093963655,-0.11761651499197845,0.5815,0.0,9.3335,0.6,0.0,1.0,0.0,0.0,0.0,0.5349,-0.0135,0.0,0.6,0.0
66.1949,0.9901374115868935,-0.011230288222060535,-0.07537993460396084,-0.11755701706643873,0.5815,0.0,9.6106,0.6,0.0,1.0,0.0,0.0,0.0,0.6542,-0.0135,0.0,0.6,0.0
66.215,0.990110130710967,-0.011168978913406548,-0.0755618573421816,-0.11767577783275396,0.5815,0.0,9.7533,0.6,0.0,1.0,0.0,0.0,0.0,0.5465,-0.0135,0.0,0.6,0.0
66.2351,0.9901004043317689,-0.010802873480975979,-0.0757441129146095,-0.11767462184090816,0.5815,0.0,9.699,0.6,0.0,1.0,0.0,0.0,0.0,0.6542,-0.0135,0.0,0.6,0.0
66.2552,0.9900732863416071,-0.010803243178733594,-0.07580770641554008,-0.11786165304104079,0.5815,0.0,9.6743,0.6,0.0,1.0,0.0,0.0,0.0,0.5503,-0.0135,0.0,0.6,0.0
66.2754,0.9900731830624291,-0.010376232484443476,-0.07586869987444819,-0.11786164074634017,0.5815,0.0,9.7787,0.6,0.0,1.0,0.0,0.0,0.0,0.6542,-0.0135,0.0,0.6,0.0
66.2986,0.9900529252954225,-0.010315020058989148,-0.07605014789007525,-0.11792022931226387,0.5815,0.0,9.6443,0.6,0.0,1.0,0.0,0.0,0.0,0.6465,-0.0135,0.0,0.6,0.0
66.3187,0.9900565967552677,-0.00994905624166649,-0.07605042991041686,-0.1179206666013985,0.5815,0.0,9.815,0.6,0.0,1.0,0.0,0.0,0.0,0.6465,-0.0135,0.0,0.6,0.0
66.3387,0.9900327830896689,-0.010192812449088972,-0.0760486006821561,-0.1181008269081484,0.5815,0.0,9.5607,0.6,0.0,1.0,0.0,0.0,0.0,0.6427,-0.0135,0.0,0.6,0.0
66.3588,0.9900274791585353,-0.010009762190409305,-0.07604819326479809,-0.11816119275399861,0.5815,0.0,9.8139,0.6,0.0,1.0,0.0,0.0,0.0,0.6427,-0.0135,0.0,0.6,0.0
66.3789,0.9900073934357718,-0.010010175868738133,-0.07611233721733555,-0.11828807820275333,0.5815,0.0,9.4882,0.6,0.0,1.0,0.0,0.0,0.0,0.5773,-0.0135,0.0,0.6,0.0
66.3989,0.9900175820616981,-0.0096442686909999,-0.07593011542619682,-0.11835029725982654,0.5815,0.0,9.7701,0.6,0.0,1.0,0.0,0.0,0.0,0.6119,-0.0135,0.0,0.6,0.0
66.419,0.9900265508383534,-0.009520764880326313,-0.07574312948853248,-0.11840507593211635,0.5815,0.0,9.2955,0.6,0.0,1.0,0.0,0.0,0.0,0.6119,-0.0135,0.0,0.6,0.0
66.4391,0.990053920979203,-0.009094026830319714,-0.07562322311296113,-0.11828634898297763,0.5815,0.0,9.8441,0.6,0.0,1.0,0.0,0.0,0.0,0.5773,-0.0135,0.0,0.6,0.0
66.4592,0.9900573804963364,-0.009216059393560759,-0.07556248696790788,-0.11828676230758783,0.5815,0.0,9.4085,0.6,0.0,1.0,0.0,0.0,0.0,0.6311,-0.0135,0.0,0.6,0.0
66.4792,0.9900708123493227,-0.00903318076336615,-0.0755015108639594,-0.11822736585286892,0.5815,0.0,9.8086,0.6,0.0,1.0,0.0,0.0,0.0,0.5696,-0.0135,0.0,0.6,0.0
66.4993,0.9900620169501527,-0.009216102552507488,-0.07550084013827221,-0.11828731624630012,0.5815,0.0,9.3378,0.6,0.0,1.0,0.0,0.0,0.0,0.635,-0.0135,0.0,0.6,0.0
66.5194,0.9900816728584041,-0.008971725187539983,-0.07537569117101983,-0.11822137876693234,0.5815,0.0,9.7293,0.6,0.0,1.0,0.0,0.0,0.0,0.5619,-0.0135,0.0,0.6,0.0
66.5394,0.9900896789070237,-0.00909379498479007,-0.07525430342812427,-0.11822233473463897,0.5815,0.0,9.2589,0.6,0.0,1.0,0.0,0.0,0.0,0.6465,-0.0135,0.0,0.6,0.0
66.5595,0.9901090424165281,-0.00903297301734398,-0.0751947753835029,-0.11810264721215297,0.5815,0.0,9.6896,0.6,0.0,1.0,0.0,0.0,0.0,0.6581,-0.0135,0.0,0.6,0.0
66.5796,0.9901113703695676,-0.009276994100585051,-0.07513395222090744,-0.11810292489612989,0.5815,0.0,9.3029,0.6,0.0,1.0,0.0,0.0,0.0,0.5426,-0.0135,0.0,0.6,0.0
66.5997,0.9901241510454729,-0.009155112353775433,-0.07507392132550336,-0.11804344865804045,0.5815,0.0,9.8058,0.6,0.0,1.0,0.0,0.0,0.0,0.6581,-0.0135,0.0,0.6,0.0
66.6197,0.9901326576675,-0.009216192282351557,-0.07495256377544843,-0.11804446282479863,0.5815,0.0,9.3742,0.6,0.0,1.0,0.0,0.0,0.0,0.5426,-0.0135,0.0,0.6,0.0
66.6398,0.9901505834643536,-0.009154792739870861,-0.07482730594558137,-0.11797832902705674,0.5815,0.0,9.7706,0.6,0.0,1.0,0.0,0.0,0.0,0.6619,-0.0135,0.0,0.6,0.0
66.6599,0.9901599837622282,-0.009398876446218162,-0.07476701714340252,-0.11791844989233392,0.5815,0.0,9.3017,0.6,0.0,1.0,0.0,0.0,0.0,0.5388,-0.0135,0.0,0.6,0.0
66.6799,0.9901717858308119,-0.00958298824914098,-0.07458490854243766,-0.11791985540422678,0.5815,0.0,9.6958,0.6,0.0,1.0,0.0,0.0,0.0,0.6427,-0.0135,0.0,0.6,0.0
66.7,0.9901674116980397,-0.009765944883008366,-0.07452357940418969,-0.11798033414317138,0.5815,0.0,9.2955,0.6,0.0,1.0,0.0,0.0,0.0,0.5657,-0.0135,0.0,0.6,0.0
66.7201,0.9901674927542192,-0.009948944664631044,-0.07440158618332292,-0.11804134346189363,0.5815,0.0,9.7143,0.6,0.0,1.0,0.0,0.0,0.0,0.6311,-0.0135,0.0,0.6,0.0
66.7401,0.99017971189899,-0.00988806702592092,-0.07434150392131762,-0.11798179973555607,0.5815,0.0,9.4106,0.6,0.0,1.0,0.0,0.0,0.0,0.5696,-0.0135,0.0,0.6,0.0
66.7602,0.9902097884997053,-0.009765761218548455,-0.07415618681600628,-0.11785611831424364,0.5815,0.0,9.7303,0.6,0.0,1.0,0.0,0.0,0.0,0.6234,-0.0135,0.0,0.6,0.0
66.7803,0.9902008868152479,-0.009827276763488227,-0.07416008855467192,-0.11792332104920455,0.5815,0.0,9.2588,0.6,0.0,1.0,0.0,0.0,0.0,0.5888,-0.0135,0.0,0.6,0.0
66.8004,0.9901961069200622,-0.009583223631239132,-0.07415973056928231,-0.1179837532335622,0.5815,0.0,9.6939,0.6,0.0,1.0,0.0,0.0,0.0,0.6004,-0.0135,0.0,0.6,0.0
66.8204,0.9901713897915264,-0.009459984616251735,-0.07421887930587615,-0.11816380784299901,0.5815,0.0,9.415,0.6,0.0,1.0,0.0,0.0,0.0,0.6157,-0.0135,0.0,0.6,0.0
66.8405,0.9901797803396614,-0.009033061854653836,-0.07415850780664451,-0.11816480914350908,0.5815,0.0,9.6861,0.6,0.0,1.0,0.0,0.0,0.0,0.5773,-0.0135,0.0,0.6,0.0
66.8606,0.9902226880195675,-0.008544902385827176,-0.07403515424658888,-0.11791865293583875,0.5815,0.0,9.4435,0.6,0.0,1.0,0.0,0.0,0.0,0.6311,-0.0135,0.0,0.6,0.0
66.8807,0.990268267469833,-0.008239777565221889,-0.07385100637431229,-0.11767282339381703,0.5815,0.0,9.7187,0.6,0.0,1.0,0.0,0.0,0.0,0.5503,-0.0135,0.0,0.6,0.0
66.9007,0.9902898559125973,-0.007873959098506779,-0.07379161668745413,-0.11755338936574394,0.5815,0.0,9.4967,0.6,0.0,1.0,0.0,0.0,0.0,0.6581,-0.0135,0.0,0.6,0.0
66.9208,0.990294980329276,-0.007445999852096374,-0.07366899853667587,-0.1176149976637545,0.5815,0.0,9.7331,0.6,0.0,1.0,0.0,0.0,0.0,0.5349,-0.0135,0.0,0.6,0.0
66.9409,0.990321750883911,-0.0065311764222002675,-0.0734879850806629,-0.11755717549155281,0.5815,0.0,9.5339,0.6,0.0,1.0,0.0,0.0,0.0,0.6581,-0.0135,0.0,0.6,0.0
66.9609,0.990323886399346,-0.00604217624205397,-0.07330513821106968,-0.11767943254881569,0.5815,0.0,9.6767,0.6,0.0,1.0,0.0,0.0,0.0,0.5426,-0.0135,0.0,0.6,0.0
66.981,0.9903350100986379,-0.005370886165419073,-0.0731184502728437,-0.11773450464679702,0.5815,0.0,9.7659,0.6,0.0,1.0,0.0,0.0,0.0,0.6581,-0.0135,0.0,0.6,0.0
67.0011,0.9903275328965613,-0.005248849121097909,-0.07293490347599904,-0.1179166104705403,0.5815,0.0,9.5995,0.6,0.0,1.0,0.0,0.0,0.0,0.5426,-0.0135,0.0,0.6,0.0
67.0211,0.9903354451564398,-0.0048828986533114155,-0.07275248999037882,-0.11797855130377549,0.5815,0.0,9.7654,0.6,0.0,1.0,0.0,0.0,0.0,0.6273,-0.0135,0.0,0.6,0.0
67.0412,0.9903139176032786,-0.005005095610504343,-0.0726333874889415,-0.11822725845192344,0.5815,0.0,9.3354,0.6,0.0,1.0,0.0,0.0,0.0,0.5734,-0.0135,0.0,0.6,0.0
67.0613,0.9903167218244056,-0.004761104431109908,-0.07251159048514598,-0.11828859456800403,0.5815,0.0,9.7577,0.6,0.0,1.0,0.0,0.0,0.0,0.6273,-0.0135,0.0,0.6,0.0
67.0813,0.9903167218244056,-0.004761104431109908,-0.07251159048514598,-0.11828859456800403,0.5815,0.0,9.7577,0.6,0.0,1.0,0.0,0.0,0.0,0.5811,-0.0135,0.0,0.6,0.0
67.1014,0.9903078099104521,-0.004883063163797378,-0.0723279355822187,-0.11847053244970573,0.5815,0.0,9.3379,0.6,0.0,1.0,0.0,0.0,0.0,0.5888,-0.0135,0.0,0.6,0.0
67.1215,0.9903298135218954,-0.004760874112114968,-0.072142092405886,-0.1184048691172675,0.5815,0.0,9.7357,0.6,0.0,1.0,0.0,0.0,0.0,0.6157,-0.0135,0.0,0.6,0.0
67.1416,0.9903401407907543,-0.005004919851707583,-0.07208184568843924,-0.11834510483317445,0.5815,0.0,9.4877,0.6,0.0,1.0,0.0,0.0,0.0,0.5773,-0.0135,0.0,0.6,0.0
67.1616,0.9903649532951896,-0.004639041938794108,-0.07196065055305548,-0.11822606881093645,0.5815,0.0,9.8433,0.6,0.0,1.0,0.0,0.0,0.0,0.6311,-0.0135,0.0,0.6,0.0
67.1817,0.9903572412882997,-0.004761005967322436,-0.07196009019292662,-0.11828614825681649,0.5815,0.0,9.3379,0.6,0.0,1.0,0.0,0.0,0.0,0.5503,-0.0135,0.0,0.6,0.0
67.2018,0.9903667748232655,-0.004578049807484275,-0.07183878157930457,-0.11828728692181883,0.5815,0.0,9.643,0.6,0.0,1.0,0.0,0.0,0.0,0.6504,-0.0135,0.0,0.6,0.0
67.2218,0.9903705524825719,-0.004700069062708839,-0.0717780547051177,-0.11828773811735732,0.5815,0.0,9.3008,0.6,0.0,1.0,0.0,0.0,0.0,0.5388,-0.0135,0.0,0.6,0.0
67.2419,0.9903955051353848,-0.004516901968258331,-0.07165344488278774,-0.11816143550526448,0.5815,0.0,9.7628,0.6,0.0,1.0,0.0,0.0,0.0,0.6581,-0.0135,0.0,0.6,0.0
67.262,0.9904066941697685,-0.004577952363407724,-0.07159325502529783,-0.11810177107373171,0.5815,0.0,9.4032,0.6,0.0,1.0,0.0,0.0,0.0,0.5388,-0.0135,0.0,0.6,0.0
67.2821,0.9904007815182676,-0.0046389240344857086,-0.07147082961689229,-0.11822306401747662,0.5815,0.0,9.7234,0.6,0.0,1.0,0.0,0.0,0.0,0.6581,-0.0135,0.0,0.6,0.0
67.3021,0.9903884883677752,-0.004883160185529075,-0.0714133426190493,-0.11835088234216892,0.5815,0.0,9.4032,0.6,0.0,1.0,0.0,0.0,0.0,0.5465,-0.0135,0.0,0.6,0.0
67.3222,0.9903741217833872,-0.005188094931329955,-0.07129030446406737,-0.11853216889177715,0.5815,0.0,9.7581,0.6,0.0,1.0,0.0,0.0,0.0,0.6581,-0.0135,0.0,0.6,0.0
67.3423,0.9903696508294015,-0.005493075714193579,-0.07122898178965606,-0.11859263462988018,0.5815,0.0,9.4817,0.6,0.0,1.0,0.0,0.0,0.0,0.5465,-0.0135,0.0,0.6,0.0
67.3623,0.9903622080331572,-0.005798036344684371,-0.07110644572699683,-0.11871374415083075,0.5815,0.0,9.7953,0.6,0.0,1.0,0.0,0.0,0.0,0.6542,-0.0135,0.0,0.6,0.0
67.3824,0.990355733288819,-0.005919998405694308,-0.07098398088341318,-0.11883496799673733,0.5815,0.0,9.4049,0.6,0.0,1.0,0.0,0.0,0.0,0.5503,-0.0135,0.0,0.6,0.0
67.4025,0.9903296911072865,-0.006164836226242289,-0.07092111592437678,-0.11907683662951063,0.5815,0.0,9.6782,0.6,0.0,1.0,0.0,0.0,0.0,0.6234,-0.0135,0.0,0.6,0.0
67.4225,0.9903176521700573,-0.006287143809867904,-0.07086362090899641,-0.11920472664607534,0.5815,0.0,9.5306,0.6,0.0,1.0,0.0,0.0,0.0,0.5811,-0.0135,0.0,0.6,0.0
67.4426,0.990305176422833,-0.006653068367245212,-0.07080172756190127,-0.11932522619166826,0.5815,0.0,9.4464,0.6,0.0,1.0,0.0,0.0,0.0,0.5888,-0.0135,0.0,0.6,0.0
67.4627,0.9903182365674151,-0.006409150382623922,-0.07074165986375673,-0.1192657984214195,0.5815,0.0,9.6087,0.6,0.0,1.0,0.0,0.0,0.0,0.6196,-0.0135,0.0,0.6,0.0
67.4827,0.9903301039283102,-0.006530829225809485,-0.07067715186816563,-0.11919888307685551,0.5815,0.0,9.3348,0.6,0.0,1.0,0.0,0.0,0.0,0.5734,-0.0135,0.0,0.6,0.0
67.5028,0.990346424756603,-0.006225939804004418,-0.07067831664105831,-0.11907884867665386,0.5815,0.0,9.6933,0.6,0.0,1.0,0.0,0.0,0.0,0.6273,-0.0135,0.0,0.6,0.0
67.5229,0.9903355386075587,-0.0063478688462338465,-0.07061654098666398,-0.11919953720995091,0.5815,0.0,9.2527,0.6,0.0,1.0,0.0,0.0,0.0,0.5696,-0.0135,0.0,0.6,0.0
67.5429,0.9903302133288299,-0.006041842679736155,-0.07061616126408617,-0.1192598946563016,0.5815,0.0,9.7685,0.6,0.0,1.0,0.0,0.0,0.0,0.6465,-0.0135,0.0,0.6,0.0
67.563,0.9903221954696043,-0.005981164250151418,-0.07061993931068271,-0.11932727687428003,0.5815,0.0,9.371,0.6,0.0,1.0,0.0,0.0,0.0,0.5503,-0.0135,0.0,0.6,0.0
67.5831,0.9903246345013231,-0.005554166203020656,-0.0706201132381911,-0.11932757076147595,0.5815,0.0,9.7577,0.6,0.0,1.0,0.0,0.0,0.0,0.6504,-0.0135,0.0,0.6,0.0
67.6031,0.9903072564952644,-0.005554068739693413,-0.0705578732564906,-0.11950847909156315,0.5815,0.0,9.3333,0.6,0.0,1.0,0.0,0.0,0.0,0.5503,-0.0135,0.0,0.6,0.0
67.6232,0.9903095425474052,-0.005371078873489318,-0.07043603434262162,-0.11956975586396791,0.5815,0.0,9.7648,0.6,0.0,1.0,0.0,0.0,0.0,0.6504,-0.0135,0.0,0.6,0.0
67.6433,0.9903223608600601,-0.005371148395356303,-0.07025294096484389,-0.11957130354421226,0.5815,0.0,9.3726,0.6,0.0,1.0,0.0,0.0,0.0,0.5465,-0.0135,0.0,0.6,0.0
67.6634,0.9903417493135277,-0.005126926225246722,-0.07000599263718517,-0.1195662794812369,0.5815,0.0,9.7218,0.6,0.0,1.0,0.0,0.0,0.0,0.6581,-0.0135,0.0,0.6,0.0
67.6834,0.9903589443984643,-0.005066015061576452,-0.06976320741033534,-0.11956835548412442,0.5815,0.0,9.485,0.6,0.0,1.0,0.0,0.0,0.0,0.5426,-0.0135,0.0,0.6,0.0
67.7035,0.9903619237026673,-0.00494402957197812,-0.06951941582005433,-0.1196907159122298,0.5815,0.0,9.8004,0.6,0.0,1.0,0.0,0.0,0.0,0.6581,-0.0135,0.0,0.6,0.0
67.7236,0.9903458511476599,-0.004882949960573785,-0.06933528946679189,-0.11993277095462984,0.5815,0.0,9.4815,0.6,0.0,1.0,0.0,0.0,0.0,0.5349,-0.0135,0.0,0.6,0.0
67.7436,0.9903424886312258,-0.004760935045956462,-0.06896905904633854,-0.12017636041860036,0.5815,0.0,9.7328,0.6,0.0,1.0,0.0,0.0,0.0,0.6465,-0.0135,0.0,0.6,0.0
67.7637,0.9903632753512162,-0.004761034975248421,-0.06866550442668218,-0.12017888285137701,0.5815,0.0,9.5627,0.6,0.0,1.0,0.0,0.0,0.0,0.558,-0.0135,0.0,0.6,0.0
67.7838,0.9903790275922695,-0.004944114957062082,-0.0684215908904102,-0.12018079435877993,0.5815,0.0,9.7998,0.6,0.0,1.0,0.0,0.0,0.0,0.6427,-0.0135,0.0,0.6,0.0
67.8039,0.9903928755955264,-0.004882881060737997,-0.06823533789506031,-0.12017507272524519,0.5815,0.0,9.6073,0.6,0.0,1.0,0.0,0.0,0.0,0.5619,-0.0135,0.0,0.6,0.0
67.8239,0.9903778512357896,-0.004944109084520851,-0.06811650289080472,-0.12036365564765689,0.5815,0.0,9.7956,0.6,0.0,1.0,0.0,0.0,0.0,0.635,-0.0135,0.0,0.6,0.0
67.844,0.9903790165361546,-0.004700109231145077,-0.06811658303818038,-0.12036379727018172,0.5815,0.0,9.6543,0.6,0.0,1.0,0.0,0.0,0.0,0.5773,-0.0135,0.0,0.6,0.0
67.8641,0.9903643407459396,-0.00451703804202671,-0.06823757468978903,-0.1204230141901574,0.5815,0.0,9.6833,0.6,0.0,1.0,0.0,0.0,0.0,0.6157,-0.0135,0.0,0.6,0.0
67.8841,0.9903449515945915,-0.004455950288891557,-0.06841923670690331,-0.1204816558923974,0.5815,0.0,9.412,0.6,0.0,1.0,0.0,0.0,0.0,0.5927,-0.0135,0.0,0.6,0.0
67.9042,0.9903418679684259,-0.00421093991051201,-0.06848002280023122,-0.12048128074999281,0.5815,0.0,9.769,0.6,0.0,1.0,0.0,0.0,0.0,0.585,-0.0135,0.0,0.6,0.0
67.9243,0.9903373957811037,-0.004027924332468603,-0.06866371010152864,-0.12041973782634935,0.5815,0.0,9.5667,0.6,0.0,1.0,0.0,0.0,0.0,0.6157,-0.0135,0.0,0.6,0.0
67.9444,0.990323760906624,-0.0040281169842641545,-0.0688499995364,-0.12042549738804842,0.5815,0.0,9.717,0.6,0.0,1.0,0.0,0.0,0.0,0.5773,-0.0135,0.0,0.6,0.0
67.9645,0.9903002973215866,-0.0039060208941155005,-0.06909236958940827,-0.12048364449199152,0.5815,0.0,9.4458,0.6,0.0,1.0,0.0,0.0,0.0,0.6311,-0.0135,0.0,0.6,0.0
67.9846,0.990273427502677,-0.004088910925591299,-0.06915149357725993,-0.12066437140091135,0.5815,0.0,9.6736,0.6,0.0,1.0,0.0,0.0,0.0,0.558,-0.0135,0.0,0.6,0.0
68.0046,0.9902607757968395,-0.0040891105660210356,-0.06921587153743707,-0.12073126446920718,0.5815,0.0,9.6839,0.6,0.0,1.0,0.0,0.0,0.0,0.6427,-0.0135,0.0,0.6,0.0
68.0247,0.9902261073401945,-0.00439496496965379,-0.06927444784363292,-0.12097103579270958,0.5815,0.0,9.6341,0.6,0.0,1.0,0.0,0.0,0.0,0.5542,-0.0135,0.0,0.6,0.0
68.0448,0.9901993051573295,-0.004517119999632023,-0.06921583875460088,-0.12121922025136106,0.5815,0.0,9.6858,0.6,0.0,1.0,0.0,0.0,0.0,0.6465,-0.0135,0.0,0.6,0.0
68.0649,0.9901574877212045,-0.004943922546154687,-0.06915191663313833,-0.12158009526832125,0.5815,0.0,9.6039,0.6,0.0,1.0,0.0,0.0,0.0,0.5503,-0.0135,0.0,0.6,0.0
68.0849,0.9901195980396184,-0.005127039344184404,-0.06903152973832545,-0.12194893581911477,0.5815,0.0,9.8114,0.6,0.0,1.0,0.0,0.0,0.0,0.6542,-0.0135,0.0,0.6,0.0
68.105,0.9900926221552437,-0.005614890106777493,-0.0688466525505642,-0.12225060734174006,0.5815,0.0,9.5641,0.6,0.0,1.0,0.0,0.0,0.0,0.5465,-0.0135,0.0,0.6,0.0
68.1251,0.9900947878957798,-0.005553903449279619,-0.06860280738825716,-0.12237287263334451,0.5815,0.0,9.8114,0.6,0.0,1.0,0.0,0.0,0.0,0.6542,-0.0135,0.0,0.6,0.0
68.1451,0.9900913359614447,-0.005736880266485812,-0.06841857204688159,-0.12249544341711349,0.5815,0.0,9.4903,0.6,0.0,1.0,0.0,0.0,0.0,0.5426,-0.0135,0.0,0.6,0.0
68.1652,0.9901159175429646,-0.005615022216682294,-0.06817626974969415,-0.12243748444237412,0.5815,0.0,9.805,0.6,0.0,1.0,0.0,0.0,0.0,0.6581,-0.0135,0.0,0.6,0.0
68.1853,0.9901083144548979,-0.0057979784178047375,-0.06805374667907632,-0.12255854379229603,0.5815,0.0,9.3358,0.6,0.0,1.0,0.0,0.0,0.0,0.5465,-0.0135,0.0,0.6,0.0
68.2053,0.9901104947935855,-0.005553991556595174,-0.06793189672715597,-0.12261981358835106,0.5815,0.0,9.7647,0.6,0.0,1.0,0.0,0.0,0.0,0.6542,-0.0135,0.0,0.6,0.0
68.2254,0.9901075217562819,-0.0054929751553432805,-0.06787069302171937,-0.12268044511790827,0.5815,0.0,9.2978,0.6,0.0,1.0,0.0,0.0,0.0,0.5465,-0.0135,0.0,0.6,0.0
68.2455,0.9901292678757959,-0.0049440862249704315,-0.0678111826284882,-0.12256113746888192,0.5815,0.0,9.767,0.6,0.0,1.0,0.0,0.0,0.0,0.6581,-0.0135,0.0,0.6,0.0
68.2655,0.9901325710470922,-0.004944102718941711,-0.0678724101208118,-0.12250054507785658,0.5815,0.0,9.2581,0.6,0.0,1.0,0.0,0.0,0.0,0.5426,-0.0135,0.0,0.6,0.0
68.2856,0.9901326411721922,-0.00476109925404479,-0.06799441747117586,-0.12243955248214328,0.5815,0.0,9.6503,0.6,0.0,1.0,0.0,0.0,0.0,0.6542,-0.0135,0.0,0.6,0.0
68.3057,0.9901360471291373,-0.0047611156317485396,-0.06805565284667424,-0.12237797215610781,0.5815,0.0,9.718,0.6,0.0,1.0,0.0,0.0,0.0,0.5465,-0.0135,0.0,0.6,0.0
68.3258,0.9901755459025345,-0.004456011457130905,-0.06805417497836347,-0.12207031386265066,0.5815,0.0,9.7288,0.6,0.0,1.0,0.0,0.0,0.0,0.6504,-0.0135,0.0,0.6,0.0
68.3458,0.9901864399496867,-0.004395059654806646,-0.06811592454770318,-0.12194965524103812,0.5815,0.0,9.7244,0.6,0.0,1.0,0.0,0.0,0.0,0.5465,-0.0135,0.0,0.6,0.0
68.3659,0.9901860958665806,-0.004272056500775141,-0.06823790249143118,-0.12188861205757968,0.5815,0.0,9.7285,0.6,0.0,1.0,0.0,0.0,0.0,0.635,-0.0135,0.0,0.6,0.0
68.386,0.9901819723339786,-0.0042720387102160445,-0.06829861887414226,-0.12188810446444376,0.5815,0.0,9.3346,0.6,0.0,1.0,0.0,0.0,0.0,0.5696,-0.0135,0.0,0.6,0.0
68.406,0.9901819723339786,-0.0042720387102160445,-0.06829861887414226,-0.12188810446444376,0.5815,0.0,9.3346,0.6,0.0,1.0,0.0,0.0,0.0,0.6234,-0.0135,0.0,0.6,0.0
68.4261,0.9902032471218715,-0.003966876800162847,-0.06823488081994272,-0.12176121844512983,0.5815,0.0,9.4563,0.6,0.0,1.0,0.0,0.0,0.0,0.5811,-0.0135,0.0,0.6,0.0
68.4462,0.9902188355652229,-0.003966939249396839,-0.06811395688748838,-0.12170213622601322,0.5815,0.0,9.3363,0.6,0.0,1.0,0.0,0.0,0.0,0.608,-0.0135,0.0,0.6,0.0
68.4662,0.9902424546345728,-0.0037840323078557336,-0.06799358052537936,-0.1215830380691641,0.5815,0.0,9.6114,0.6,0.0,1.0,0.0,0.0,0.0,0.5927,-0.0135,0.0,0.6,0.0
68.4863,0.9902235673619649,-0.004027957562893197,-0.06793128430051183,-0.12176371714143287,0.5815,0.0,9.2956,0.6,0.0,1.0,0.0,0.0,0.0,0.6004,-0.0135,0.0,0.6,0.0
68.5064,0.9902292171757151,-0.003844981428673039,-0.06774867277273608,-0.12182541158115012,0.5815,0.0,9.6149,0.6,0.0,1.0,0.0,0.0,0.0,0.6004,-0.0135,0.0,0.6,0.0
68.5264,0.9902262807681514,-0.0039669690758015255,-0.0675654732986152,-0.12194704937127437,0.5815,0.0,9.2527,0.6,0.0,1.0,0.0,0.0,0.0,0.5927,-0.0135,0.0,0.6,0.0
68.5465,0.990261876130488,-0.004211118544087032,-0.06701888659916433,-0.12195143296469396,0.5815,0.0,9.3333,0.6,0.0,1.0,0.0,0.0,0.0,0.6119,-0.0135,0.0,0.6,0.0
68.5666,0.9902719192036934,-0.004210901854262359,-0.06677044374562026,-0.12200615633737763,0.5815,0.0,9.8078,0.6,0.0,1.0,0.0,0.0,0.0,0.5773,-0.0135,0.0,0.6,0.0
68.5866,0.9902556184786587,-0.004456097281996876,-0.06665145508193276,-0.12219466765748715,0.5815,0.0,9.4109,0.6,0.0,1.0,0.0,0.0,0.0,0.6273,-0.0135,0.0,0.6,0.0
68.6067,0.9902568155630003,-0.004333099834821337,-0.06652953284352517,-0.12225581677969388,0.5815,0.0,9.8404,0.6,0.0,1.0,0.0,0.0,0.0,0.5734,-0.0135,0.0,0.6,0.0
68.6268,0.9902222991221871,-0.0045169466258832836,-0.06658821316602674,-0.12249655252987651,0.5815,0.0,9.416,0.6,0.0,1.0,0.0,0.0,0.0,0.6311,-0.0135,0.0,0.6,0.0
68.6468,0.9902030869273015,-0.004333131660483561,-0.06665202519529886,-0.12262372587318138,0.5815,0.0,9.7265,0.6,0.0,1.0,0.0,0.0,0.0,0.5619,-0.0135,0.0,0.6,0.0
68.6669,0.9901916503858667,-0.004333081614144141,-0.0667122565338497,-0.12268331075578559,0.5815,0.0,9.444,0.6,0.0,1.0,0.0,0.0,0.0,0.6465,-0.0135,0.0,0.6,0.0
68.687,0.9902234684516219,-0.004088956511792843,-0.06671029050090803,-0.12243569783183701,0.5815,0.0,9.8001,0.6,0.0,1.0,0.0,0.0,0.0,0.5542,-0.0135,0.0,0.6,0.0
68.707,0.9902381799314253,-0.0039670167453227725,-0.0668332821124673,-0.1222535160488899,0.5815,0.0,9.4464,0.6,0.0,1.0,0.0,0.0,0.0,0.6465,-0.0135,0.0,0.6,0.0
68.7271,0.9902460347639189,-0.0038450467300327543,-0.06683381225182836,-0.12219348505491917,0.5815,0.0,9.5725,0.6,0.0,1.0,0.0,0.0,0.0,0.5465,-0.0135,0.0,0.6,0.0
68.7472,0.9902231178478718,-0.003844957745467282,-0.06695526418868884,-0.12231265583331272,0.5815,0.0,9.2505,0.6,0.0,1.0,0.0,0.0,0.0,0.6581,-0.0135,0.0,0.6,0.0
68.7672,0.9902121391303679,-0.0037229178093080503,-0.0670155205013157,-0.12237229839217673,0.5815,0.0,9.683,0.6,0.0,1.0,0.0,0.0,0.0,0.5465,-0.0135,0.0,0.6,0.0
68.7873,0.9902050670192962,-0.003600894784804881,-0.0670150418753872,-0.12243342259571138,0.5815,0.0,9.4807,0.6,0.0,1.0,0.0,0.0,0.0,0.6542,-0.0135,0.0,0.6,0.0
68.8074,0.9901926827135415,-0.003723074005999465,-0.06695733095506332,-0.12256143623456607,0.5815,0.0,9.7613,0.6,0.0,1.0,0.0,0.0,0.0,0.5465,-0.0135,0.0,0.6,0.0
68.8275,0.9901776428142369,-0.0037840177427672377,-0.06695631394945133,-0.12268157523795677,0.5815,0.0,9.414,0.6,0.0,1.0,0.0,0.0,0.0,0.6542,-0.0135,0.0,0.6,0.0
68.8475,0.9901776428142369,-0.0037840177427672377,-0.06695631394945133,-0.12268157523795677,0.5815,0.0,9.414,0.6,0.0,1.0,0.0,0.0,0.0,0.5465,-0.0135,0.0,0.6,0.0
68.8676,0.9901477511592002,-0.004027897288321584,-0.06683129579702016,-0.12298286392788477,0.5815,0.0,9.7254,0.6,0.0,1.0,0.0,0.0,0.0,0.6465,-0.0135,0.0,0.6,0.0
68.8877,0.9901272851718084,-0.004272065950371225,-0.06677303081418264,-0.12317090146097254,0.5815,0.0,9.4431,0.6,0.0,1.0,0.0,0.0,0.0,0.558,-0.0135,0.0,0.6,0.0
68.9078,0.9901279026075958,-0.0042720686143988135,-0.06665107049383934,-0.12323197924914964,0.5815,0.0,9.7291,0.6,0.0,1.0,0.0,0.0,0.0,0.6311,-0.0135,0.0,0.6,0.0
68.9279,0.990108786126948,-0.004455985535961257,-0.06658878385415724,-0.12341259940520377,0.5815,0.0,9.4104,0.6,0.0,1.0,0.0,0.0,0.0,0.5734,-0.0135,0.0,0.6,0.0
68.9481,0.9900976204998455,-0.004516934399136453,-0.06652703380689633,-0.12353320588827166,0.5815,0.0,9.7368,0.6,0.0,1.0,0.0,0.0,0.0,0.6234,-0.0135,0.0,0.6,0.0
68.9682,0.9900774678670151,-0.004517120756764342,-0.06659078017980555,-0.12366030582670134,0.5815,0.0,9.4445,0.6,0.0,1.0,0.0,0.0,0.0,0.5811,-0.0135,0.0,0.6,0.0
68.9905,0.9900705357343647,-0.004395086722353215,-0.06659031393737858,-0.12372044120957831,0.5815,0.0,9.7368,0.6,0.0,1.0,0.0,0.0,0.0,0.6119,-0.0135,0.0,0.6,0.0
69.0106,0.990067039904568,-0.004272069211053075,-0.0666510798025955,-0.12372000436635418,0.5815,0.0,9.4503,0.6,0.0,1.0,0.0,0.0,0.0,0.5965,-0.0135,0.0,0.6,0.0
69.0306,0.990067296074498,-0.00421106931235836,-0.0666510970478948,-0.12372003637766617,0.5815,0.0,9.769,0.6,0.0,1.0,0.0,0.0,0.0,0.5927,-0.0135,0.0,0.6,0.0
69.0507,0.9900667081492521,-0.004211066811726353,-0.06677305940455781,-0.12365896194197275,0.5815,0.0,9.3751,0.6,0.0,1.0,0.0,0.0,0.0,0.6119,-0.0135,0.0,0.6,0.0
69.0708,0.9900634199665911,-0.004028050530351887,-0.06683383840491773,-0.12365855124918691,0.5815,0.0,9.7268,0.6,0.0,1.0,0.0,0.0,0.0,0.5773,-0.0135,0.0,0.6,0.0
69.0909,0.9900590704023793,-0.004089033331490313,-0.06689554529470418,-0.12365800799024201,0.5815,0.0,9.2982,0.6,0.0,1.0,0.0,0.0,0.0,0.6273,-0.0135,0.0,0.6,0.0
69.1109,0.9900632191440801,-0.0039060482075941177,-0.06695682636653165,-0.1235975254136723,0.5815,0.0,9.7326,0.6,0.0,1.0,0.0,0.0,0.0,0.5619,-0.0135,0.0,0.6,0.0
69.131,0.9900442374021773,-0.00390597331985211,-0.06701654223669458,-0.12371715493739477,0.5815,0.0,9.334,0.6,0.0,1.0,0.0,0.0,0.0,0.6427,-0.0135,0.0,0.6,0.0
69.1511,0.9900447018160109,-0.0037839759281812495,-0.06701657367307705,-0.123717212971123,0.5815,0.0,9.7324,0.6,0.0,1.0,0.0,0.0,0.0,0.5503,-0.0135,0.0,0.6,0.0
69.1712,0.9900449284973047,-0.0037229771686463214,-0.06701658901723635,-0.12371724129749839,0.5815,0.0,9.4455,0.6,0.0,1.0,0.0,0.0,0.0,0.6504,-0.0135,0.0,0.6,0.0
69.1912,0.9900643526157039,-0.0036010485659517953,-0.06695690302190198,-0.12359766691401804,0.5815,0.0,9.7613,0.6,0.0,1.0,0.0,0.0,0.0,0.5426,-0.0135,0.0,0.6,0.0
69.2113,0.9900797025028636,-0.003479100859458205,-0.06695794111695431,-0.12347757962654304,0.5815,0.0,9.4431,0.6,0.0,1.0,0.0,0.0,0.0,0.6581,-0.0135,0.0,0.6,0.0
69.2314,0.9900806947591803,-0.0035398880727104468,-0.06695388299333375,-0.12347009601408226,0.5815,0.0,9.7175,0.6,0.0,1.0,0.0,0.0,0.0,0.5465,-0.0135,0.0,0.6,0.0
69.2514,0.990085156695425,-0.0034179073332965895,-0.06689318638410649,-0.12347065244922872,0.5815,0.0,9.3726,0.6,0.0,1.0,0.0,0.0,0.0,0.6542,-0.0135,0.0,0.6,0.0
69.2715,0.990080389905278,-0.003479103274963057,-0.06683498395389678,-0.12353866716658897,0.5815,0.0,9.5731,0.6,0.0,1.0,0.0,0.0,0.0,0.5542,-0.0135,0.0,0.6,0.0
69.2916,0.9900862420687127,-0.0032959142540020386,-0.06677026291511676,-0.12353178621606276,0.5815,0.0,9.4458,0.6,0.0,1.0,0.0,0.0,0.0,0.6311,-0.0135,0.0,0.3,0.0
69.3117,0.9900692828703613,-0.003540065371744554,-0.06677323305144862,-0.1236592835236774,0.5815,0.0,9.3764,0.6,0.0,1.0,0.0,0.0,0.0,0.5657,-0.0135,0.0,0.3,0.0
69.3317,0.9900620246247893,-0.0034790387400948433,-0.06677274353366285,-0.12371937765077734,0.5815,0.0,9.7141,0.6,0.0,1.0,0.0,0.0,0.0,0.5003,-0.0135,0.0,0.3,0.0
69.3518,0.9900496465733568,-0.003722994910557741,-0.06683290863747138,-0.12377883079074066,0.5815,0.0,10.0807,0.6,0.0,1.0,0.0,0.0,0.0,0.4426,-0.0135,0.0,0.3,0.0
69.3719,0.9900484763127226,-0.004027989732435643,-0.0668328296394915,-0.12377868448141816,0.5815,0.0,9.7103,0.6,0.0,1.0,0.0,0.0,0.0,0.4002,-0.0135,0.0,0.3,0.0
69.392,0.9900557047880647,-0.004089019431199388,-0.0668333175948519,-0.12371858791614743,0.5815,0.0,8.7221,0.6,0.0,1.0,0.0,0.0,0.0,0.3656,-0.0135,0.0,0.3,0.0
69.412,0.9900557047880647,-0.004089019431199388,-0.0668333175948519,-0.12371858791614743,0.5815,0.0,8.7221,0.6,0.0,1.0,0.0,0.0,0.0,0.3502,-0.0135,0.0,0.3,0.0
69.4321,0.9900751885714241,-0.003784092449332671,-0.06689663435468012,-0.12353801816287335,0.5815,0.0,9.112,0.6,0.0,1.0,0.0,0.0,0.0,0.3233,-0.0135,0.0,0.3,0.0
69.4522,0.9900751885714241,-0.003784092449332671,-0.06689663435468012,-0.12353801816287335,0.5815,0.0,9.112,0.6,0.0,1.0,0.0,0.0,0.0,0.2655,-0.0135,0.0,0.3,0.0
69.4722,0.9901102779120973,-0.0036009937368312386,-0.0669558835443691,-0.12322978566779091,0.5815,0.0,9.7583,0.6,0.0,1.0,0.0,0.0,0.0,0.3233,-0.0135,0.0,0.3,0.0
69.4923,0.9901255838315159,-0.0034790477301051064,-0.06695691860216114,-0.12310968897895411,0.5815,0.0,9.84,0.6,0.0,1.0,0.0,0.0,0.0,0.2886,-0.0135,0.0,0.3,0.0
69.5123,0.9901300390058712,-0.003357061161709682,-0.06689621877050045,-0.12311024292396694,0.5815,0.0,9.6052,0.6,0.0,1.0,0.0,0.0,0.0,0.3002,-0.0135,0.0,0.3,0.0
69.5324,0.990134344755974,-0.003296074383822928,-0.06683450828095812,-0.12311077828994937,0.5815,0.0,9.7646,0.6,0.0,1.0,0.0,0.0,0.0,0.2963,-0.0135,0.0,0.3,0.0
69.5525,0.9901433662926328,-0.0031739050091375985,-0.06683099983481224,-0.1230433174730169,0.5815,0.0,9.6066,0.6,0.0,1.0,0.0,0.0,0.0,0.2848,-0.0135,0.0,0.3,0.0
69.5725,0.9901341438323708,-0.0033570750792286668,-0.06683449471852564,-0.12311075330762129,0.5815,0.0,9.6147,0.6,0.0,1.0,0.0,0.0,0.0,0.3156,-0.0135,0.0,0.3,0.0
69.5926,0.9901079168697074,-0.003295986407600905,-0.06689472413120846,-0.12329049155932159,0.5815,0.0,9.682,0.6,0.0,1.0,0.0,0.0,0.0,0.2694,-0.0135,0.0,0.3,0.0
69.6126,0.9900797025028636,-0.003479100859458205,-0.06695794111695431,-0.12347757962654304,0.5815,0.0,9.4948,0.6,0.0,1.0,0.0,0.0,0.0,0.3233,-0.0135,0.0,0.3,0.0
69.6327,0.9900611474089902,-0.0033570344071688976,-0.06701768688270432,-0.12359726678237948,0.5815,0.0,9.6888,0.6,0.0,1.0,0.0,0.0,0.0,0.2617,-0.0135,0.0,0.3,0.0
69.6528,0.9900415373227568,-0.003539966165503145,-0.06707735888407353,-0.1237168175321239,0.5815,0.0,9.3286,0.6,0.0,1.0,0.0,0.0,0.0,0.3387,-0.0135,0.0,0.3,0.0
69.6728,0.9900383102345925,-0.0032959577542300417,-0.06713813946033115,-0.12371641427118735,0.5815,0.0,9.7214,0.6,0.0,1.0,0.0,0.0,0.0,0.254,-0.0135,0.0,0.3,0.0
69.6929,0.9900188986997673,-0.0034178891751594567,-0.06719782111489647,-0.12383598462602352,0.5815,0.0,9.3755,0.6,0.0,1.0,0.0,0.0,0.0,0.3425,-0.0135,0.0,0.3,0.0
69.713,0.9900269779466692,-0.0032349215077379576,-0.0671983694961332,-0.12377599669437306,0.5815,0.0,9.6547,0.6,0.0,1.0,0.0,0.0,0.0,0.2501,-0.0135,0.0,0.3,0.0
69.733,0.9900213086759718,-0.003357106165946353,-0.06726312714558182,-0.12378291454116015,0.5815,0.0,9.4541,0.6,0.0,1.0,0.0,0.0,0.0,0.3387,-0.0135,0.0,0.3,0.0
69.7531,0.9900213086759718,-0.003357106165946353,-0.06726312714558182,-0.12378291454116015,0.5815,0.0,9.4541,0.6,0.0,1.0,0.0,0.0,0.0,0.254,-0.0135,0.0,0.3,0.0
69.7732,0.9900307743654677,-0.00311293640489195,-0.06725962593300316,-0.12371547257964177,0.5815,0.0,9.685,0.6,0.0,1.0,0.0,0.0,0.0,0.3348,-0.0135,0.0,0.3,0.0
69.7933,0.9900101654209752,-0.0032350658947432266,-0.0673233713032161,-0.12384252253632207,0.5815,0.0,9.3745,0.6,0.0,1.0,0.0,0.0,0.0,0.254,-0.0135,0.0,0.3,0.0
69.8133,0.9900069419862514,-0.003174054317583358,-0.067262151057018,-0.12390312035377993,0.5815,0.0,9.5711,0.6,0.0,1.0,0.0,0.0,0.0,0.3271,-0.0135,0.0,0.3,0.0
69.8334,0.9900029260610543,-0.003357043831540667,-0.06720087741421917,-0.12396361854198575,0.5815,0.0,9.2946,0.6,0.0,1.0,0.0,0.0,0.0,0.2578,-0.0135,0.0,0.3,0.0
69.8535,0.9900037075312957,-0.0031130431030060024,-0.06720093046000775,-0.12396371639409931,0.5815,0.0,9.5665,0.6,0.0,1.0,0.0,0.0,0.0,0.3156,-0.0135,0.0,0.3,0.0
69.8736,0.9899966470993831,-0.0031740213112187304,-0.06707845038246085,-0.12408483313839508,0.5815,0.0,9.334,0.6,0.0,1.0,0.0,0.0,0.0,0.2694,-0.0135,0.0,0.3,0.0
69.8936,0.9900258151115403,-0.0031129208115967815,-0.06677030145581163,-0.12401984510654347,0.5815,0.0,9.6051,0.6,0.0,1.0,0.0,0.0,0.0,0.304,-0.0135,0.0,0.3,0.0
69.9137,0.9900457411409764,-0.0031739831406477487,-0.0664666469468919,-0.12402234122638861,0.5815,0.0,9.531,0.6,0.0,1.0,0.0,0.0,0.0,0.2886,-0.0135,0.0,0.3,0.0
69.9338,0.9900462700860342,-0.003173984836390309,-0.06634468304042715,-0.1240834071955439,0.5815,0.0,9.4481,0.6,0.0,1.0,0.0,0.0,0.0,0.2925,-0.0135,0.0,0.3,0.0
69.9538,0.9900310641417027,-0.0033569324027991343,-0.06622166652087215,-0.12426549771553302,0.5815,0.0,9.302,0.6,0.0,1.0,0.0,0.0,0.0,0.304,-0.0135,0.0,0.3,0.0
69.9739,0.9900317496835966,-0.0032959359133591312,-0.06609971474786189,-0.12432658257646517,0.5815,0.0,9.6483,0.6,0.0,1.0,0.0,0.0,0.0,0.2771,-0.0135,0.0,0.3,0.0
69.994,0.9900242968471079,-0.003417907811439414,-0.06597722044791161,-0.12444764337081561,0.5815,0.0,9.4141,0.6,0.0,1.0,0.0,0.0,0.0,0.3233,-0.0135,0.0,0.3,0.0
70.014,0.9900368362170364,-0.003234953719719595,-0.06579505871489058,-0.12444921958974481,0.5815,0.0,9.6542,0.6,0.0,1.0,0.0,0.0,0.0,0.2655,-0.0135,0.0,0.3,0.0
70.0341,0.9900251666802393,-0.00341791081440556,-0.06573328478202187,-0.12456974952690064,0.5815,0.0,9.4495,0.6,0.0,1.0,0.0,0.0,0.0,0.3348,-0.0135,0.0,0.3,0.0
70.0542,0.9900330931433066,-0.0032959403858996462,-0.0657338110640515,-0.12450974797607328,0.5815,0.0,9.7283,0.6,0.0,1.0,0.0,0.0,0.0,0.254,-0.0135,0.0,0.3,0.0
70.0742,0.9900330931433066,-0.0032959403858996462,-0.0657338110640515,-0.12450974797607328,0.5815,0.0,9.7283,0.6,0.0,1.0,0.0,0.0,0.0,0.3464,-0.0135,0.0,0.3,0.0
70.0943,0.990050135443552,-0.0034789969619828734,-0.06603994233094271,-0.12420689153693831,0.5815,0.0,9.4875,0.6,0.0,1.0,0.0,0.0,0.0,0.2463,-0.0135,0.0,0.3,0.0
70.1144,0.9900798313103205,-0.0032960959829330047,-0.06628593025871726,-0.12384360634903663,0.5815,0.0,9.5736,0.6,0.0,1.0,0.0,0.0,0.0,0.3464,-0.0135,0.0,0.3,0.0
70.1345,0.9901180245889781,-0.00305201857067236,-0.06652840480658304,-0.12341375093787327,0.5815,0.0,9.2622,0.6,0.0,1.0,0.0,0.0,0.0,0.2501,-0.0135,0.0,0.3,0.0
70.1545,0.9901709967652992,-0.0024409950615741707,-0.06689486466366451,-0.1228027515553029,0.5815,0.0,9.6431,0.6,0.0,1.0,0.0,0.0,0.0,0.3387,-0.0135,0.0,0.3,0.0
70.1746,0.990202908339807,-0.00201406083320426,-0.06732403347218364,-0.12231769451467081,0.5815,0.0,9.6784,0.6,0.0,1.0,0.0,0.0,0.0,0.254,-0.0135,0.0,0.3,0.0
70.1947,0.9902284382158892,-0.0012209931420872067,-0.06774861947851546,-0.12188631540506589,0.5815,0.0,9.6051,0.6,0.0,1.0,0.0,0.0,0.0,0.3233,-0.0135,0.0,0.3,0.0
70.2147,0.9902565755845806,-0.0007930180789980576,-0.06799455012019624,-0.12152377046396495,0.5815,0.0,9.4955,0.6,0.0,1.0,0.0,0.0,0.0,0.2655,-0.0135,0.0,0.3,0.0
70.2348,0.990300210395574,0.00012200064189788612,-0.0682373590261112,-0.12103363681004908,0.5815,0.0,9.7571,0.6,0.0,1.0,0.0,0.0,0.0,0.3156,-0.0135,0.0,0.3,0.0
70.2549,0.990329503592434,0.0005489853118194402,-0.06835717109410676,-0.1207247699915055,0.5815,0.0,9.3397,0.6,0.0,1.0,0.0,0.0,0.0,0.2771,-0.0135,0.0,0.3,0.0
70.2749,0.990346689499414,0.0012819879477059329,-0.06841935677226157,-0.12054286674591486,0.5815,0.0,9.6407,0.6,0.0,1.0,0.0,0.0,0.0,0.304,-0.0135,0.0,0.3,0.0
70.295,0.9903432881009958,0.0014649811957194864,-0.06835812256531588,-0.12060345195204614,0.5815,0.0,9.2169,0.6,0.0,1.0,0.0,0.0,0.0,0.2925,-0.0135,0.0,0.3,0.0
70.3152,0.9903499746726334,0.001830988860193311,-0.06835858410374306,-0.12054326661012599,0.5815,0.0,9.4883,0.6,0.0,1.0,0.0,0.0,0.0,0.2848,-0.0135,0.0,0.3,0.0
70.3353,0.9903467060215527,0.0018919822445593176,-0.06829735905862135,-0.12060386818450064,0.5815,0.0,9.4095,0.6,0.0,1.0,0.0,0.0,0.0,0.3156,-0.0135,0.0,0.3,0.0
70.3553,0.9903367143176258,0.0020749595925193334,-0.06811367356359235,-0.12078664781726134,0.5815,0.0,9.6477,0.6,0.0,1.0,0.0,0.0,0.0,0.2694,-0.0135,0.0,0.3,0.0
70.3754,0.9903271354700147,0.0020749395228587403,-0.06793002008040447,-0.12096847419723672,0.5815,0.0,9.4099,0.6,0.0,1.0,0.0,0.0,0.0,0.3348,-0.0135,0.0,0.3,0.0
70.3955,0.9903161877706417,0.002136045700602447,-0.06775044951784387,-0.1211575921612773,0.5815,0.0,9.8747,0.6,0.0,1.0,0.0,0.0,0.0,0.254,-0.0135,0.0,0.3,0.0
70.4155,0.9903232397540425,0.0022580643902722288,-0.06775093196481514,-0.12109745317786721,0.5815,0.0,9.4495,0.6,0.0,1.0,0.0,0.0,0.0,0.3464,-0.0135,0.0,0.3,0.0
70.4356,0.9903329847674455,0.0020749517783427915,-0.06762542839228322,-0.12109118585380313,0.5815,0.0,9.6546,0.6,0.0,1.0,0.0,0.0,0.0,0.2501,-0.0135,0.0,0.3,0.0
70.4557,0.9903345166751056,0.0017089629274702894,-0.06750353564592228,-0.12115237184181477,0.5815,0.0,9.4455,0.6,0.0,1.0,0.0,0.0,0.0,0.3425,-0.0135,0.0,0.3,0.0
70.4757,0.9903180571609158,0.0015870369503172208,-0.06762857456780177,-0.121218822287114,0.5815,0.0,9.8395,0.6,0.0,1.0,0.0,0.0,0.0,0.2501,-0.0135,0.0,0.3,0.0
70.4958,0.9902913163241837,0.0014649945505278083,-0.06780974776197284,-0.12133754864978998,0.5815,0.0,9.4844,0.6,0.0,1.0,0.0,0.0,0.0,0.3271,-0.0135,0.0,0.3,0.0
70.5159,0.9902515307354748,0.0015870280956594154,-0.06805520480277592,-0.12152315136271376,0.5815,0.0,9.8789,0.6,0.0,1.0,0.0,0.0,0.0,0.2617,-0.0135,0.0,0.3,0.0
70.5359,0.9902345324170687,0.001892001017267747,-0.06829803672164453,-0.12152106533794493,0.5815,0.0,9.4467,0.6,0.0,1.0,0.0,0.0,0.0,0.3117,-0.0135,0.0,0.3,0.0
70.556,0.9902238320982096,0.002135978067165728,-0.06866429493536232,-0.12139775345311365,0.5815,0.0,9.5695,0.6,0.0,1.0,0.0,0.0,0.0,0.2809,-0.0135,0.0,0.3,0.0
70.5761,0.9902318046184184,0.0023799947234611693,-0.06896984709122525,-0.12115473139535149,0.5815,0.0,9.5667,0.6,0.0,1.0,0.0,0.0,0.0,0.2963,-0.0135,0.0,0.3,0.0
70.5961,0.9902327207954222,0.0024409968466661824,-0.06927491050913509,-0.12097184372589087,0.5815,0.0,9.3392,0.6,0.0,1.0,0.0,0.0,0.0,0.3002,-0.0135,0.0,0.3,0.0
70.6162,0.9902441990899811,0.00280802892149197,-0.06951971602321914,-0.12072924345935931,0.5815,0.0,9.5644,0.6,0.0,1.0,0.0,0.0,0.0,0.2809,-0.0135,0.0,0.3,0.0
70.6363,0.9902302758588707,0.0028689892100645935,-0.06982373740102825,-0.12066654618712581,0.5815,0.0,9.3746,0.6,0.0,1.0,0.0,0.0,0.0,0.3194,-0.0135,0.0,0.3,0.0
70.6563,0.9902082298879016,0.0031739173989826794,-0.07012717494431484,-0.12066385973000662,0.5815,0.0,9.5702,0.6,0.0,1.0,0.0,0.0,0.0,0.2617,-0.0135,0.0,0.3,0.0
70.6764,0.9901756026329587,0.003113008182404904,-0.07037418497544555,-0.1207893174894008,0.5815,0.0,9.3712,0.6,0.0,1.0,0.0,0.0,0.0,0.3387,-0.0135,0.0,0.3,0.0
70.6965,0.9901819104331219,0.003418030758120465,-0.07037463328612327,-0.12072908641496984,0.5815,0.0,9.6766,0.6,0.0,1.0,0.0,0.0,0.0,0.2501,-0.0135,0.0,0.3,0.0
70.7165,0.9901778624848047,0.003357016485363171,-0.07043534588816018,-0.1207285928641414,0.5815,0.0,9.4546,0.6,0.0,1.0,0.0,0.0,0.0,0.3464,-0.0135,0.0,0.3,0.0
70.7366,0.9901776578749805,0.0034180160786213,-0.07043533133343793,-0.1207285679168496,0.5815,0.0,9.6409,0.6,0.0,1.0,0.0,0.0,0.0,0.2501,-0.0135,0.0,0.3,0.0
70.7567,0.9901776578749805,0.0034180160786213,-0.07043533133343793,-0.1207285679168496,0.5815,0.0,9.6409,0.6,0.0,1.0,0.0,0.0,0.0,0.3387,-0.0135,0.0,0.3,0.0
70.7767,0.9901774160377438,0.002930013067403981,-0.07025131330996456,-0.12085053897466526,0.5815,0.0,9.4141,0.6,0.0,1.0,0.0,0.0,0.0,0.254,-0.0135,0.0,0.3,0.0
70.7968,0.9902099625141754,0.0029909273948176968,-0.07000530061150181,-0.1207250693819959,0.5815,0.0,9.6391,0.6,0.0,1.0,0.0,0.0,0.0,0.3233,-0.0135,0.0,0.3,0.0
70.8169,0.9902356216200939,0.0028690046983117713,-0.06964111404500851,-0.12072819770574496,0.5815,0.0,9.4517,0.6,0.0,1.0,0.0,0.0,0.0,0.2694,-0.0135,0.0,0.3,0.0
70.837,0.9902604420665259,0.0029910798682139667,-0.06927684983969302,-0.12073122378125528,0.5815,0.0,9.7216,0.6,0.0,1.0,0.0,0.0,0.0,0.3079,-0.0135,0.0,0.3,0.0
70.8571,0.9902601176697483,0.0027470724528129847,-0.06897181910102312,-0.12091418905790646,0.5815,0.0,9.331,0.6,0.0,1.0,0.0,0.0,0.0,0.2848,-0.0135,0.0,0.3,0.0
70.8771,0.9902544856911092,0.002869059353090078,-0.06872742178475712,-0.12109650515966836,0.5815,0.0,9.6831,0.6,0.0,1.0,0.0,0.0,0.0,0.2925,-0.0135,0.0,0.3,0.0
70.8972,0.9902568322278102,0.002747063338695503,-0.06848257899425053,-0.12121879492657922,0.5815,0.0,9.5702,0.6,0.0,1.0,0.0,0.0,0.0,0.3079,-0.0135,0.0,0.3,0.0
70.9173,0.9902585299815265,0.002808069559506271,-0.0682386903604092,-0.12134100577328044,0.5815,0.0,9.8113,0.6,0.0,1.0,0.0,0.0,0.0,0.2732,-0.0135,0.0,0.3,0.0
70.9373,0.9902637158427354,0.0027470824344750927,-0.06805604222634401,-0.12140264305163445,0.5815,0.0,9.4463,0.6,0.0,1.0,0.0,0.0,0.0,0.3271,-0.0135,0.0,0.3,0.0
70.9574,0.9902572560537843,0.0027470645144276606,-0.0679335954110298,-0.12152385397079063,0.5815,0.0,9.8329,0.6,0.0,1.0,0.0,0.0,0.0,0.2578,-0.0135,0.0,0.3,0.0
70.9775,0.990259796363061,0.002991077917867818,-0.06799477127033975,-0.12146316412712277,0.5815,0.0,9.3731,0.6,0.0,1.0,0.0,0.0,0.0,0.3425,-0.0135,0.0,0.3,0.0
70.9975,0.9902622703623077,0.0032350923565763958,-0.06805594288545587,-0.12140246584111826,0.5815,0.0,9.6844,0.6,0.0,1.0,0.0,0.0,0.0,0.2501,-0.0135,0.0,0.3,0.0
71.0176,0.990271847194484,0.0036009158096802912,-0.0682354046390318,-0.12121316600561105,0.5815,0.0,9.4485,0.6,0.0,1.0,0.0,0.0,0.0,0.3425,-0.0135,0.0,0.3,0.0
71.0377,0.9902573298730162,0.003601084839414466,-0.06854361484674965,-0.12115785440690313,0.5815,0.0,9.3883,0.6,0.0,1.0,0.0,0.0,0.0,0.2501,-0.0135,0.0,0.3,0.0
71.0578,0.9902507008783334,0.003723062790582876,-0.0688491611619794,-0.12103504129267162,0.5815,0.0,9.5981,0.6,0.0,1.0,0.0,0.0,0.0,0.331,-0.0135,0.0,0.3,0.0
71.0778,0.9902236266077783,0.0034179641940646354,-0.06915227557406402,-0.12109273145584,0.5815,0.0,9.3325,0.6,0.0,1.0,0.0,0.0,0.0,0.2578,-0.0135,0.0,0.3,0.0
71.0979,0.9902056029705703,0.0034789002324042907,-0.06951700639738798,-0.12102952912577943,0.5815,0.0,9.5236,0.6,0.0,1.0,0.0,0.0,0.0,0.3194,-0.0135,0.0,0.3,0.0
71.118,0.9901585851217741,0.0030519555691699007,-0.06988398261842646,-0.12121423534485481,0.5815,0.0,9.4085,0.6,0.0,1.0,0.0,0.0,0.0,0.2732,-0.0135,0.0,0.3,0.0
71.1381,0.9901030435461008,0.0029299734955137297,-0.07025036451649623,-0.12145890128501569,0.5815,0.0,9.5999,0.6,0.0,1.0,0.0,0.0,0.0,0.3002,-0.0135,0.0,0.3,0.0
71.1581,0.9900333187543588,0.0025019553169719697,-0.07061673883849955,-0.12182382431871536,0.5815,0.0,9.5306,0.6,0.0,1.0,0.0,0.0,0.0,0.2925,-0.0135,0.0,0.3,0.0
71.1782,0.9899976450175478,0.002319017908055339,-0.0708015467478332,-0.12200994219229072,0.5815,0.0,9.7187,0.6,0.0,1.0,0.0,0.0,0.0,0.2848,-0.0135,0.0,0.3,0.0
71.1983,0.9899636842535522,0.0018309513286682427,-0.0709821131153387,-0.12218875191295875,0.5815,0.0,9.3687,0.6,0.0,1.0,0.0,0.0,0.0,0.3156,-0.0135,0.0,0.3,0.0
71.2183,0.9899291943968697,0.001404000275709881,-0.07104501395143047,-0.12243702404351181,0.5815,0.0,9.6152,0.6,0.0,1.0,0.0,0.0,0.0,0.2694,-0.0135,0.0,0.3,0.0
71.2384,0.9899030844398959,0.0010989712290471881,-0.07110413850102709,-0.1226167899051549,0.5815,0.0,9.4049,0.6,0.0,1.0,0.0,0.0,0.0,0.3348,-0.0135,0.0,0.3,0.0
71.2585,0.9898799150988578,0.0007930095453872674,-0.0711068559070698,-0.12280447818687434,0.5815,0.0,9.8752,0.6,0.0,1.0,0.0,0.0,0.0,0.254,-0.0135,0.0,0.3,0.0
71.2786,0.9898812049667476,0.0006100081374786626,-0.07098494693571225,-0.12286563902160141,0.5815,0.0,9.717,0.6,0.0,1.0,0.0,0.0,0.0,0.3464,-0.0135,0.0,0.3,0.0
71.2986,0.989878252727988,6.93889390390723e-18,-0.07092373459716558,-0.12292627321682072,0.5815,0.0,9.9511,0.6,0.0,1.0,0.0,0.0,0.0,0.2501,-0.0135,0.0,0.3,0.0
71.3187,0.9898897703584928,-0.0006100134158480361,-0.07086355848167988,-0.12286670217172979,0.5815,0.0,9.6385,0.6,0.0,1.0,0.0,0.0,0.0,0.3387,-0.0135,0.0,0.3,0.0
71.3388,0.9899209957202639,-0.0014039886476618427,-0.07073942801680874,-0.12268000803689727,0.5815,0.0,9.7793,0.6,0.0,1.0,0.0,0.0,0.0,0.2501,-0.0135,0.0,0.3,0.0
71.3589,0.9899850705964401,-0.0018309908830009061,-0.07067864807188537,-0.1221913915759959,0.5815,0.0,9.8456,0.6,0.0,1.0,0.0,0.0,0.0,0.3271,-0.0135,0.0,0.3,0.0
71.379,0.990035935003621,-0.002685959128792069,-0.07067792452118218,-0.12176314717697978,0.5815,0.0,9.3979,0.6,0.0,1.0,0.0,0.0,0.0,0.3117,-0.0135,0.0,0.3,0.0
71.3991,0.990024574928069,-0.0032349136558543906,-0.07092110702137913,-0.12170075164516353,0.5815,0.0,9.6432,0.6,0.0,1.0,0.0,0.0,0.0,0.2809,-0.0135,0.0,0.3,0.0
71.4192,0.9899438033887886,-0.0040280602346734265,-0.07147306879160376,-0.12201082452141782,0.5815,0.0,9.189,0.6,0.0,1.0,0.0,0.0,0.0,0.2963,-0.0135,0.0,0.3,0.0
71.4393,0.9898585691619641,-0.0042109598802476875,-0.07202031382933263,-0.12237383408817676,0.5815,0.0,9.5122,0.6,0.0,1.0,0.0,0.0,0.0,0.3002,-0.0135,0.0,0.3,0.0
71.4594,0.9897959251012357,-0.004149953565866998,-0.07257018800687585,-0.12255762869375787,0.5815,0.0,9.6106,0.6,0.0,1.0,0.0,0.0,0.0,0.2809,-0.0135,0.0,0.3,0.0
71.4795,0.9897556276734836,-0.0036010350284337578,-0.0729377094887182,-0.12268219336942066,0.5815,0.0,9.7476,0.6,0.0,1.0,0.0,0.0,0.0,0.3194,-0.0135,0.0,0.3,0.0
71.4995,0.9897067560571613,-0.0027470603867786256,-0.07312160738305584,-0.12298870357785152,0.5815,0.0,9.5795,0.6,0.0,1.0,0.0,0.0,0.0,0.3194,-0.0135,0.0,0.3,0.0
71.5196,0.9897192162741661,-0.0016479554031234372,-0.07299602458568318,-0.12298267184984286,0.5815,0.0,9.7024,0.6,0.0,1.0,0.0,0.0,0.0,0.2617,-0.0135,0.0,0.3,0.0
71.5397,0.9897484232352082,-0.0006100014934876942,-0.07281517827591291,-0.12286430081290613,0.5815,0.0,9.4176,0.6,0.0,1.0,0.0,0.0,0.0,0.3387,-0.0135,0.0,0.3,0.0
71.5598,0.9898157540276386,0.0009770086407602868,-0.07251064129122554,-0.12249908339391187,0.5815,0.0,9.5926,0.6,0.0,1.0,0.0,0.0,0.0,0.254,-0.0135,0.0,0.3,0.0
71.5799,0.9899098929218697,0.002440952885128425,-0.07201960988932135,-0.12200664504778058,0.5815,0.0,9.2214,0.6,0.0,1.0,0.0,0.0,0.0,0.3425,-0.0135,0.0,0.3,0.0
71.6,0.9900444913684184,0.004394971107108826,-0.07141053054146719,-0.12121520312157069,0.5815,0.0,9.4615,0.6,0.0,1.0,0.0,0.0,0.0,0.2501,-0.0135,0.0,0.3,0.0
71.6201,0.9902119446856068,0.006347858612069712,-0.07079942306130232,-0.12011432465437571,0.5815,0.0,9.2731,0.6,0.0,1.0,0.0,0.0,0.0,0.3348,-0.0135,0.0,0.3,0.0
71.6402,0.9903673859028361,0.008240094733448756,-0.07006880555622415,-0.11914236973759912,0.5815,0.0,9.722,0.6,0.0,1.0,0.0,0.0,0.0,0.254,-0.0135,0.0,0.3,0.0
71.6603,0.9905160465385497,0.010009757935924745,-0.06939532182611075,-0.11816114253152948,0.5815,0.0,9.4263,0.6,0.0,1.0,0.0,0.0,0.0,0.3233,-0.0135,0.0,0.3,0.0
71.6804,0.990622176935933,0.01153624661506796,-0.06866646791120326,-0.11755651305371857,0.5815,0.0,9.6033,0.6,0.0,1.0,0.0,0.0,0.0,0.3079,-0.0135,0.0,0.3,0.0
71.7004,0.9907223105214134,0.013061990909699991,-0.06799295268130694,-0.11694291861529973,0.5815,0.0,9.6056,0.6,0.0,1.0,0.0,0.0,0.0,0.2886,-0.0135,0.0,0.3,0.0
71.7205,0.9907802688147311,0.014403945756095573,-0.06750474578347895,-0.11657656098364011,0.5815,0.0,9.4744,0.6,0.0,1.0,0.0,0.0,0.0,0.2925,-0.0135,0.0,0.3,0.0
71.7406,0.9908329317110478,0.015563810433671013,-0.06689418523261513,-0.11633158308791108,0.5815,0.0,9.68,0.6,0.0,1.0,0.0,0.0,0.0,0.3079,-0.0135,0.0,0.3,0.0
71.7607,0.9908424194711983,0.015990958353490146,-0.0662228275306846,-0.11657669639014558,0.5815,0.0,9.3408,0.6,0.0,1.0,0.0,0.0,0.0,0.2732,-0.0135,0.0,0.3,0.0
71.7808,0.9908197458717012,0.016173587765724105,-0.06555032924562545,-0.11712301475505144,0.5815,0.0,9.3771,0.6,0.0,1.0,0.0,0.0,0.0,0.3271,-0.0135,0.0,0.3,0.0
71.8009,0.9907578179353629,0.01617357259229718,-0.06506128067099239,-0.11791688389289501,0.5815,0.0,9.2548,0.6,0.0,1.0,0.0,0.0,0.0,0.2578,-0.0135,0.0,0.3,0.0
71.8209,0.9906974079990791,0.016906563264444695,-0.06457333192177886,-0.11858793659985567,0.5815,0.0,9.634,0.6,0.0,1.0,0.0,0.0,0.0,0.3387,-0.0135,0.0,0.3,0.0
71.841,0.9906906382512151,0.01769942183339492,-0.06390191258990216,-0.11889211628832325,0.5815,0.0,9.5265,0.6,0.0,1.0,0.0,0.0,0.0,0.2578,-0.0135,0.0,0.3,0.0
71.8611,0.9907543865215004,0.01843244905726256,-0.06292511917899204,-0.1187704499716435,0.5815,0.0,9.7183,0.6,0.0,1.0,0.0,0.0,0.0,0.3425,-0.0135,0.0,0.3,0.0
71.8812,0.990830230289841,0.018432725234454078,-0.061950076547478104,-0.11865023135238136,0.5815,0.0,9.4088,0.6,0.0,1.0,0.0,0.0,0.0,0.2501,-0.0135,0.0,0.3,0.0
71.9013,0.9909000171257705,0.018310889442177153,-0.061095631115682086,-0.11852928434172111,0.5815,0.0,9.6774,0.6,0.0,1.0,0.0,0.0,0.0,0.3348,-0.0135,0.0,0.3,0.0
71.9214,0.9909648477659185,0.018004960895797104,-0.060485868633334244,-0.11834674296778103,0.5815,0.0,9.5354,0.6,0.0,1.0,0.0,0.0,0.0,0.254,-0.0135,0.0,0.3,0.0
71.9414,0.9910244695955832,0.017760936728818115,-0.059936786482471194,-0.1181635790565882,0.5815,0.0,9.8358,0.6,0.0,1.0,0.0,0.0,0.0,0.3233,-0.0135,0.0,0.3,0.0
71.9615,0.9910883513522126,0.017455988575399616,-0.05944796109248143,-0.11791992282373526,0.5815,0.0,9.6442,0.6,0.0,1.0,0.0,0.0,0.0,0.2694,-0.0135,0.0,0.3,0.0
71.9816,0.9911380743183351,0.01690679657216375,-0.059142288381586326,-0.11773558336883191,0.5815,0.0,9.8862,0.6,0.0,1.0,0.0,0.0,0.0,0.3079,-0.0135,0.0,0.3,0.0
72.0017,0.9911694670167113,0.016296320067098153,-0.05914416161808945,-0.11755630885908541,0.5815,0.0,9.7242,0.6,0.0,1.0,0.0,0.0,0.0,0.2886,-0.0135,0.0,0.3,0.0
72.0218,0.9911981176051846,0.015441799306161125,-0.05926422975518963,-0.11736947457346432,0.5815,0.0,9.6226,0.6,0.0,1.0,0.0,0.0,0.0,0.2925,-0.0135,0.0,0.3,0.0
72.0418,0.9912285694888139,0.014832262901297605,-0.05938805265098168,-0.11712807609070802,0.5815,0.0,9.5591,0.6,0.0,1.0,0.0,0.0,0.0,0.3079,-0.0135,0.0,0.3,0.0
72.0619,0.991305672372673,0.014281606294581663,-0.05944636122393854,-0.11651278805625798,0.5815,0.0,9.4134,0.6,0.0,1.0,0.0,0.0,0.0,0.2732,-0.0135,0.0,0.3,0.0
72.082,0.9914588320954334,0.014282055201685389,-0.05926522906650918,-0.11529544562934574,0.5815,0.0,9.8318,0.6,0.0,1.0,0.0,0.0,0.0,0.3271,-0.0135,0.0,0.3,0.0
72.1021,0.9916156773610677,0.013732690858155452,-0.05901967138565442,-0.11413343069878606,0.5815,0.0,9.2935,0.6,0.0,1.0,0.0,0.0,0.0,0.2578,-0.0135,0.0,0.3,0.0
72.1222,0.9917391075944345,0.012938727427164228,-0.05865376437439659,-0.11333961233863882,0.5815,0.0,9.3729,0.6,0.0,1.0,0.0,0.0,0.0,0.3425,-0.0135,0.0,0.3,0.0
72.1422,0.9917942074861935,0.01190167848583634,-0.05853141882132903,-0.1130339464798757,0.5815,0.0,9.1159,0.6,0.0,1.0,0.0,0.0,0.0,0.2501,-0.0135,0.0,0.3,0.0
72.1623,0.9917934526459931,0.011413682981607939,-0.058287381050897584,-0.11321685536863929,0.5815,0.0,9.3756,0.6,0.0,1.0,0.0,0.0,0.0,0.3425,-0.0135,0.0,0.3,0.0
72.1824,0.9917607619700861,0.011230008628018952,-0.05780004440779117,-0.11377008740959177,0.5815,0.0,9.2406,0.6,0.0,1.0,0.0,0.0,0.0,0.2501,-0.0135,0.0,0.3,0.0
72.2025,0.9917200011836188,0.011414241713977567,-0.05725221240292001,-0.11438242222224909,0.5815,0.0,9.733,0.6,0.0,1.0,0.0,0.0,0.0,0.3348,-0.0135,0.0,0.3,0.0
72.2226,0.9916932911723553,0.011291934996322719,-0.05651867464197337,-0.11498933804703748,0.5815,0.0,9.3195,0.6,0.0,1.0,0.0,0.0,0.0,0.2578,-0.0135,0.0,0.3,0.0
72.2426,0.9916502739059292,0.01049812993800606,-0.05554268746587276,-0.11590743461559627,0.5815,0.0,9.448,0.6,0.0,1.0,0.0,0.0,0.0,0.3194,-0.0135,0.0,0.3,0.0
72.2627,0.9916284460356634,0.009520908269656427,-0.05444247546737783,-0.1166978756601863,0.5815,0.0,9.3335,0.6,0.0,1.0,0.0,0.0,0.0,0.2732,-0.0135,0.0,0.3,0.0
72.2828,0.9916148711597684,0.008361804965761692,-0.05316076005618544,-0.11749025960801686,0.5815,0.0,9.266,0.6,0.0,1.0,0.0,0.0,0.0,0.304,-0.0135,0.0,0.3,0.0
72.3029,0.9916117582830831,0.007567799728012015,-0.05169563194226174,-0.11822187141176277,0.5815,0.0,9.4877,0.6,0.0,1.0,0.0,0.0,0.0,0.2925,-0.0135,0.0,0.3,0.0
72.323,0.9915860572642685,0.00671406132702988,-0.050171458272030935,-0.11914208825791868,0.5815,0.0,9.3826,0.6,0.0,1.0,0.0,0.0,0.0,0.2848,-0.0135,0.0,0.3,0.0
72.3431,0.9915625270239801,0.006469905564414218,-0.048766288200894556,-0.11993224945323872,0.5815,0.0,9.7807,0.6,0.0,1.0,0.0,0.0,0.0,0.254,-0.0135,0.0,0.3,0.0
72.4066,0.9914991824599106,0.008239860237726547,-0.04394425462947726,-0.12218992744760689,0.5815,0.0,9.3161,0.6,0.0,1.0,0.0,0.0,0.0,0.254,-0.0135,0.0,0.3,0.0
72.4267,0.9915544744688496,0.009459785098358799,-0.042602032192957676,-0.12212822556529157,0.5815,0.0,9.7757,0.6,0.0,1.0,0.0,0.0,0.0,0.3464,-0.0135,0.0,0.3,0.0
72.4468,0.9916274337191057,0.010070892689656025,-0.04144255840903727,-0.12188570124755277,0.5815,0.0,9.592,0.6,0.0,1.0,0.0,0.0,0.0,0.2501,-0.0135,0.0,0.3,0.0
72.4669,0.9916912776968657,0.01068091682766669,-0.04028268631859348,-0.12170305229794459,0.5815,0.0,9.6245,0.6,0.0,1.0,0.0,0.0,0.0,0.3425,-0.0135,0.0,0.3,0.0
72.487,0.9917256056717705,0.01104729637304873,-0.03912504963330844,-0.12176826675697283,0.5815,0.0,9.4716,0.6,0.0,1.0,0.0,0.0,0.0,0.254,-0.0135,0.0,0.3,0.0
72.507,0.9917610669316751,0.011719012607256099,-0.038025040907151884,-0.12176513099432874,0.5815,0.0,9.7537,0.6,0.0,1.0,0.0,0.0,0.0,0.3271,-0.0135,0.0,0.3,0.0
72.5271,0.9917970850797595,0.01202371007570825,-0.0369861081645227,-0.1217620639860791,0.5815,0.0,9.5339,0.6,0.0,1.0,0.0,0.0,0.0,0.2617,-0.0135,0.0,0.3,0.0
72.5472,0.9918249567234592,0.012634050401477876,-0.036011143660568276,-0.12176548576349158,0.5815,0.0,9.7108,0.6,0.0,1.0,0.0,0.0,0.0,0.3117,-0.0135,0.0,0.3,0.0
72.5672,0.9918357382202497,0.013000193176856766,-0.03515652240965971,-0.12188881121134922,0.5815,0.0,9.4413,0.6,0.0,1.0,0.0,0.0,0.0,0.2809,-0.0135,0.0,0.3,0.0
72.5873,0.9918723858082179,0.01348886925276097,-0.034362666923613686,-0.12176381974664102,0.5815,0.0,9.7513,0.6,0.0,1.0,0.0,0.0,0.0,0.2963,-0.0135,0.0,0.3,0.0
72.6074,0.9919291238329081,0.013671808744094694,-0.03350753126076103,-0.12151930005786499,0.5815,0.0,9.5569,0.6,0.0,1.0,0.0,0.0,0.0,0.3002,-0.0135,0.0,0.3,0.0
72.6274,0.9919951679541787,0.014037875016371671,-0.03271470873063108,-0.12115392132843061,0.5815,0.0,9.7892,0.6,0.0,1.0,0.0,0.0,0.0,0.2809,-0.0135,0.0,0.3,0.0
72.6475,0.9920646578830895,0.014342995053768818,-0.03204298894986503,-0.12072795836654827,0.5815,0.0,9.4197,0.6,0.0,1.0,0.0,0.0,0.0,0.3233,-0.0135,0.0,0.3,0.0
72.6676,0.992128872809547,0.014465041884992534,-0.03137209084106364,-0.12036134851846425,0.5815,0.0,9.8562,0.6,0.0,1.0,0.0,0.0,0.0,0.2617,-0.0135,0.0,0.3,0.0
72.6876,0.9921904796215488,0.014343035845234857,-0.030640076573798775,-0.12005630003733636,0.5815,0.0,9.6042,0.6,0.0,1.0,0.0,0.0,0.0,0.3387,-0.0135,0.0,0.3,0.0
72.7077,0.9922629623266257,0.013916195817518915,-0.02990742083318037,-0.11969168420514797,0.5815,0.0,9.661,0.6,0.0,1.0,0.0,0.0,0.0,0.254,-0.0135,0.0,0.3,0.0
72.7278,0.9923490369321126,0.013671697412495782,-0.02886936105169346,-0.11926036048174977,0.5815,0.0,9.6064,0.6,0.0,1.0,0.0,0.0,0.0,0.3425,-0.0135,0.0,0.3,0.0
72.7478,0.9923646933801618,0.013793912337710348,-0.02825882041114662,-0.1192622420713606,0.5815,0.0,9.8264,0.6,0.0,1.0,0.0,0.0,0.0,0.2501,-0.0135,0.0,0.3,0.0
72.7679,0.9923646933801618,0.013793912337710348,-0.02825882041114662,-0.1192622420713606,0.5815,0.0,9.8264,0.6,0.0,1.0,0.0,0.0,0.0,0.331,-0.0135,0.0,0.3,0.0
72.788,0.9923557485902865,0.013854787067254508,-0.027770573197020917,-0.11944416427537208,0.5815,0.0,9.4242,0.6,0.0,1.0,0.0,0.0,0.0,0.2578,-0.0135,0.0,0.3,0.0
72.8081,0.992329664867325,0.013733272150460014,-0.027161538256655085,-0.11981437434580317,0.5815,0.0,9.7991,0.6,0.0,1.0,0.0,0.0,0.0,0.3194,-0.0135,0.0,0.3,0.0
72.8281,0.9923015585270434,0.0133668862883887,-0.027038769982175647,-0.12011597817777994,0.5815,0.0,9.6378,0.6,0.0,1.0,0.0,0.0,0.0,0.2732,-0.0135,0.0,0.3,0.0
72.8482,0.9922673892457267,0.013306246598690088,-0.02722250450244562,-0.12036323063767745,0.5815,0.0,10.0498,0.6,0.0,1.0,0.0,0.0,0.0,0.3002,-0.0135,0.0,0.3,0.0
72.8683,0.9922307382704586,0.013244756233961662,-0.027526493382579283,-0.12060278033952032,0.5815,0.0,9.5589,0.6,0.0,1.0,0.0,0.0,0.0,0.2963,-0.0135,0.0,0.3,0.0
72.8883,0.9922031726344092,0.013550207207904398,-0.02807642934089474,-0.12066884525138005,0.5815,0.0,9.8114,0.6,0.0,1.0,0.0,0.0,0.0,0.2809,-0.0135,0.0,0.3,0.0
72.9084,0.9921879610060217,0.014220999441100512,-0.028808998867777554,-0.12054399526250059,0.5815,0.0,9.5695,0.6,0.0,1.0,0.0,0.0,0.0,0.3194,-0.0135,0.0,0.3,0.0
72.9285,0.9921862801443044,0.015136973761569718,-0.02966294858224499,-0.12023879157807882,0.5815,0.0,9.4339,0.6,0.0,1.0,0.0,0.0,0.0,0.2655,-0.0135,0.0,0.3,0.0
72.9485,0.992171876898471,0.016173737171741517,-0.030578503089815984,-0.11999305007562272,0.5815,0.0,9.479,0.6,0.0,1.0,0.0,0.0,0.0,0.3387,-0.0135,0.0,0.3,0.0
72.9686,0.992117051105866,0.016967846950049034,-0.03143271647695021,-0.12011591655463451,0.5815,0.0,9.1653,0.6,0.0,1.0,0.0,0.0,0.0,0.2578,-0.0135,0.0,0.3,0.0
72.9887,0.9920180434778414,0.018066255754483538,-0.032288457090709856,-0.12054570650218435,0.5815,0.0,9.5543,0.6,0.0,1.0,0.0,0.0,0.0,0.3348,-0.0135,0.0,0.3,0.0
73.0087,0.9919345699930842,0.01898183868186854,-0.03295871989862528,-0.12090997244038604,0.5815,0.0,9.5222,0.6,0.0,1.0,0.0,0.0,0.0,0.2655,-0.0135,0.0,0.3,0.0
73.0288,0.991876702235534,0.019957893401853034,-0.03344682135543532,-0.12109335322196563,0.5815,0.0,9.5515,0.6,0.0,1.0,0.0,0.0,0.0,0.3156,-0.0135,0.0,0.3,0.0
73.0489,0.9918504616912011,0.020447607370886467,-0.03369200077921142,-0.12115859886632507,0.5815,0.0,9.3471,0.6,0.0,1.0,0.0,0.0,0.0,0.2848,-0.0135,0.0,0.3,0.0
73.0689,0.9918545849408917,0.020751426426423095,-0.033629070485765626,-0.12109065303013095,0.5815,0.0,9.5823,0.6,0.0,1.0,0.0,0.0,0.0,0.3002,-0.0135,0.0,0.3,0.0
73.089,0.9918765714753713,0.020690886759107345,-0.03344681694610522,-0.12097133792580035,0.5815,0.0,9.5071,0.6,0.0,1.0,0.0,0.0,0.0,0.304,-0.0135,0.0,0.3,0.0
73.1091,0.9918964581022136,0.02056929982266483,-0.03314248309216576,-0.1209127624511753,0.5815,0.0,9.8025,0.6,0.0,1.0,0.0,0.0,0.0,0.2809,-0.0135,0.0,0.3,0.0
73.1291,0.9918914078563937,0.02032519277966654,-0.03277631087558919,-0.1210951485589637,0.5815,0.0,9.4163,0.6,0.0,1.0,0.0,0.0,0.0,0.331,-0.0135,0.0,0.3,0.0
73.1492,0.9918868004491401,0.019775095705821612,-0.03234915656068891,-0.12133858724414573,0.5815,0.0,9.5557,0.6,0.0,1.0,0.0,0.0,0.0,0.2578,-0.0135,0.0,0.3,0.0
73.1693,0.9918897552453474,0.019470152230433576,-0.03198225005822939,-0.12146094966145166,0.5815,0.0,9.4784,0.6,0.0,1.0,0.0,0.0,0.0,0.3387,-0.0135,0.0,0.3,0.0
73.1894,0.9918862375231183,0.019104081616201984,-0.0316161350700294,-0.12164351968381792,0.5815,0.0,9.3361,0.6,0.0,1.0,0.0,0.0,0.0,0.254,-0.0135,0.0,0.3,0.0
73.2094,0.9918964911690396,0.019165279996264318,-0.0312504565553488,-0.12164477717639341,0.5815,0.0,9.5544,0.6,0.0,1.0,0.0,0.0,0.0,0.3387,-0.0135,0.0,0.3,0.0
73.2295,0.991914240744824,0.01916444435201877,-0.03094410281623901,-0.12157847499124169,0.5815,0.0,9.4335,0.6,0.0,1.0,0.0,0.0,0.0,0.2501,-0.0135,0.0,0.3,0.0
73.2496,0.9919471825387378,0.019653082867094003,-0.030762129708316568,-0.12127751136582499,0.5815,0.0,9.5575,0.6,0.0,1.0,0.0,0.0,0.0,0.3271,-0.0135,0.0,0.3,0.0
73.2697,0.9919564901668197,0.020020272266793288,-0.030701417525615417,-0.12115664767649059,0.5815,0.0,9.4806,0.6,0.0,1.0,0.0,0.0,0.0,0.2617,-0.0135,0.0,0.3,0.0
73.2897,0.9919404300622402,0.02081294607743128,-0.03070092045948289,-0.12115468611018049,0.5815,0.0,9.6738,0.6,0.0,1.0,0.0,0.0,0.0,0.3117,-0.0135,0.0,0.3,0.0
73.3098,0.9919184604997247,0.021422470020238667,-0.030761238984389757,-0.121213001259079,0.5815,0.0,9.3813,0.6,0.0,1.0,0.0,0.0,0.0,0.2809,-0.0135,0.0,0.3,0.0
73.3299,0.9918781419521601,0.022216913584227907,-0.031005879398324266,-0.1213375280408267,0.5815,0.0,9.5569,0.6,0.0,1.0,0.0,0.0,0.0,0.2963,-0.0135,0.0,0.3,0.0
73.3501,0.9918278990285981,0.02301016005574398,-0.031311217796844835,-0.12152184529048517,0.5815,0.0,9.388,0.6,0.0,1.0,0.0,0.0,0.0,0.304,-0.0135,0.0,0.3,0.0
73.3702,0.9917804070295522,0.023804489804924042,-0.03173865305951433,-0.12164550299699106,0.5815,0.0,9.8286,0.6,0.0,1.0,0.0,0.0,0.0,0.2809,-0.0135,0.0,0.3,0.0
73.3902,0.9917262272077435,0.024597675313405454,-0.032349888145438585,-0.1217683430717898,0.5815,0.0,9.7421,0.6,0.0,1.0,0.0,0.0,0.0,0.3271,-0.0135,0.0,0.3,0.0
73.4103,0.9916732232002294,0.025023349562077347,-0.03320213696889602,-0.12188383184434626,0.5815,0.0,9.9719,0.6,0.0,1.0,0.0,0.0,0.0,0.2578,-0.0135,0.0,0.3,0.0
73.4304,0.9915962478260718,0.025452494057112245,-0.034241664663271255,-0.12213337072486144,0.5815,0.0,9.6233,0.6,0.0,1.0,0.0,0.0,0.0,0.3387,-0.0135,0.0,0.3,0.0
73.4504,0.9914921282211347,0.02539038868526866,-0.03533814917682285,-0.12267804632733809,0.5815,0.0,9.7572,0.6,0.0,1.0,0.0,0.0,0.0,0.254,-0.0135,0.0,0.3,0.0
73.4705,0.9913714760689112,0.025329424516212045,-0.03662016799084884,-0.12328819889570863,0.5815,0.0,9.6302,0.6,0.0,1.0,0.0,0.0,0.0,0.3387,-0.0135,0.0,0.3,0.0
73.4906,0.9912396715557832,0.024780716780939994,-0.03784309460953718,-0.12408758922704427,0.5815,0.0,8.9842,0.6,0.0,1.0,0.0,0.0,0.0,0.254,-0.0135,0.0,0.3,0.0
73.5106,0.991120806959682,0.02429277960169531,-0.03845323403772385,-0.12494300965981431,0.5815,0.0,9.4158,0.6,0.0,1.0,0.0,0.0,0.0,0.3271,-0.0135,0.0,0.3,0.0
73.5307,0.9909410258046498,0.02362038087093883,-0.038938979345258785,-0.12633968842881438,0.5815,0.0,9.5467,0.6,0.0,1.0,0.0,0.0,0.0,0.2617,-0.0135,0.0,0.3,0.0
73.5508,0.9906792020409768,0.023254403786822225,-0.03961268783020563,-0.12823722669661766,0.5815,0.0,10.0779,0.6,0.0,1.0,0.0,0.0,0.0,0.3117,-0.0135,0.0,0.3,0.0
73.5708,0.9903950807403886,0.022521501557864046,-0.04077009768296222,-0.13018511876455047,0.5815,0.0,9.8639,0.6,0.0,1.0,0.0,0.0,0.0,0.2848,-0.0135,0.0,0.3,0.0
73.5909,0.9901776954585193,0.021484101878389773,-0.0416871976822023,-0.1317146245955236,0.5815,0.0,9.7692,0.6,0.0,1.0,0.0,0.0,0.0,0.2925,-0.0135,0.0,0.3,0.0
73.611,0.9901104376955768,0.02038596783279269,-0.042479932970520606,-0.1321407914938221,0.5815,0.0,9.28,0.6,0.0,1.0,0.0,0.0,0.0,0.3117,-0.0135,0.0,0.3,0.0
73.631,0.9901664384150066,0.019652869765354262,-0.04284671606554388,-0.13171312717009465,0.5815,0.0,9.4845,0.6,0.0,1.0,0.0,0.0,0.0,0.2732,-0.0135,0.0,0.3,0.0
73.6511,0.9904348785380032,0.019226347058634557,-0.04296977565601102,-0.12970234128289296,0.5815,0.0,9.3183,0.6,0.0,1.0,0.0,0.0,0.0,0.331,-0.0135,0.0,0.3,0.0
73.6712,0.9906240979326758,0.01916544687202995,-0.04284799906735544,-0.12829899148937923,0.5815,0.0,9.6013,0.6,0.0,1.0,0.0,0.0,0.0,0.254,-0.0135,0.0,0.3,0.0
73.6912,0.9907532727977467,0.018920413202682097,-0.04272367496879615,-0.12737604956173793,0.5815,0.0,9.4231,0.6,0.0,1.0,0.0,0.0,0.0,0.3425,-0.0135,0.0,0.3,0.0
73.7113,0.9908215894145458,0.01861556016182268,-0.04254099486486142,-0.12695000049548105,0.5815,0.0,9.9432,0.6,0.0,1.0,0.0,0.0,0.0,0.254,-0.0135,0.0,0.3,0.0
73.7314,0.9908561269190053,0.01812720356126419,-0.042297474983769574,-0.12683242427752517,0.5815,0.0,9.3867,0.6,0.0,1.0,0.0,0.0,0.0,0.3348,-0.0135,0.0,0.3,0.0
73.7514,0.9908894652962451,0.017455708721322967,-0.04199129930257756,-0.12676788465869115,0.5815,0.0,9.4209,0.6,0.0,1.0,0.0,0.0,0.0,0.254,-0.0135,0.0,0.3,0.0
73.7715,0.990946252944445,0.01702864347792707,-0.04174712595669147,-0.12646235230700847,0.5815,0.0,9.4339,0.6,0.0,1.0,0.0,0.0,0.0,0.3233,-0.0135,0.0,0.3,0.0
73.7916,0.9909991885157143,0.01666251556791266,-0.04156379160897135,-0.12615633223596362,0.5815,0.0,9.2893,0.6,0.0,1.0,0.0,0.0,0.0,0.2694,-0.0135,0.0,0.3,0.0
73.8117,0.9910415570268768,0.016541226276938263,-0.04113856275803677,-0.1259787233353396,0.5815,0.0,9.4047,0.6,0.0,1.0,0.0,0.0,0.0,0.304,-0.0135,0.0,0.3,0.0
73.8317,0.991062646236979,0.016540560163018535,-0.04083191422142166,-0.1259126518037991,0.5815,0.0,9.3581,0.6,0.0,1.0,0.0,0.0,0.0,0.2925,-0.0135,0.0,0.3,0.0
73.8518,0.9910879756798873,0.017150982273928733,-0.040709957924997875,-0.12567087011526426,0.5815,0.0,9.6725,0.6,0.0,1.0,0.0,0.0,0.0,0.2886,-0.0135,0.0,0.3,0.0
73.8719,0.9910800480945328,0.01776083957566576,-0.04083263118029164,-0.12560886544109995,0.5815,0.0,9.6059,0.6,0.0,1.0,0.0,0.0,0.0,0.3156,-0.0135,0.0,0.3,0.0
73.8919,0.9910543700584178,0.01843349047987223,-0.040956089763097,-0.1256743439535628,0.5815,0.0,9.6646,0.6,0.0,1.0,0.0,0.0,0.0,0.2655,-0.0135,0.0,0.3,0.0
73.912,0.9910453828357451,0.01879932973834158,-0.04138272584882445,-0.12555120215538307,0.5815,0.0,9.368,0.6,0.0,1.0,0.0,0.0,0.0,0.3348,-0.0135,0.0,0.3,0.0
73.9321,0.9910185599187901,0.01928681628082527,-0.04199160000333979,-0.12548680465848505,0.5815,0.0,9.5328,0.6,0.0,1.0,0.0,0.0,0.0,0.254,-0.0135,0.0,0.3,0.0
73.9521,0.9909720477648327,0.01965310010799781,-0.042725217631618885,-0.12554963951859843,0.5815,0.0,9.39,0.6,0.0,1.0,0.0,0.0,0.0,0.3425,-0.0135,0.0,0.3,0.0
73.9722,0.9909010684413349,0.020202899453349046,-0.04339578402601272,-0.12579237395115261,0.5815,0.0,9.6911,0.6,0.0,1.0,0.0,0.0,0.0,0.2501,-0.0135,0.0,0.3,0.0
73.9923,0.9908355375598543,0.020812801238572397,-0.04406657916591404,-0.12597579693612804,0.5815,0.0,9.4619,0.6,0.0,1.0,0.0,0.0,0.0,0.331,-0.0135,0.0,0.3,0.0
74.0123,0.9907426260508667,0.02154542680271472,-0.04473988627183352,-0.12634550283292567,0.5815,0.0,9.6662,0.6,0.0,1.0,0.0,0.0,0.0,0.2578,-0.0135,0.0,0.3,0.0
74.0324,0.9906623768985637,0.022522008568522316,-0.04534901725308225,-0.12658704816017824,0.5815,0.0,9.4956,0.6,0.0,1.0,0.0,0.0,0.0,0.3117,-0.0135,0.0,0.3,0.0
74.0525,0.9906191212988175,0.023193424275044634,-0.04577683739121471,-0.12665031680187347,0.5815,0.0,9.3595,0.6,0.0,1.0,0.0,0.0,0.0,0.2809,-0.0135,0.0,0.3,0.0
74.0725,0.9906058225810368,0.024231117964711432,-0.046204224936714396,-0.12640461537746622,0.5815,0.0,9.6016,0.6,0.0,1.0,0.0,0.0,0.0,0.2963,-0.0135,0.0,0.3,0.0
74.0926,0.990608027363601,0.025208178826572624,-0.04663133080220197,-0.12603889411867492,0.5815,0.0,9.7941,0.6,0.0,1.0,0.0,0.0,0.0,0.3002,-0.0135,0.0,0.3,0.0
74.1127,0.990608027363601,0.025208178826572624,-0.04663133080220197,-0.12603889411867492,0.5815,0.0,9.7941,0.6,0.0,1.0,0.0,0.0,0.0,0.2809,-0.0135,0.0,0.3,0.0
74.1327,0.9905951112633974,0.02593984579681682,-0.04650872352213389,-0.12603725075324582,0.5815,0.0,9.4661,0.6,0.0,1.0,0.0,0.0,0.0,0.3271,-0.0135,0.0,0.3,0.0
74.1528,0.9905523503782957,0.0261843264707183,-0.04644857912893076,-0.1263445752860511,0.5815,0.0,9.6506,0.6,0.0,1.0,0.0,0.0,0.0,0.2578,-0.0135,0.0,0.3,0.0
74.1729,0.9905523503782957,0.0261843264707183,-0.04644857912893076,-0.1263445752860511,0.5815,0.0,9.6506,0.6,0.0,1.0,0.0,0.0,0.0,0.3387,-0.0135,0.0,0.3,0.0
74.1929,0.9904216364860206,0.026001121719713034,-0.04650921772478493,-0.12738059631002835,0.5815,0.0,9.2107,0.6,0.0,1.0,0.0,0.0,0.0,0.2501,-0.0135,0.0,0.3,0.0
74.213,0.9901907717197533,0.026245471047771383,-0.046570835842816266,-0.12909131690172448,0.5815,0.0,9.71,0.6,0.0,1.0,0.0,0.0,0.0,0.3387,-0.0135,0.0,0.3,0.0
74.2331,0.9899323182354287,0.02630608817753717,-0.046753156715745266,-0.13098143904744153,0.5815,0.0,9.6705,0.6,0.0,1.0,0.0,0.0,0.0,0.254,-0.0135,0.0,0.3,0.0
74.2531,0.989727841369575,0.026854507297811702,-0.046996137757410385,-0.13232157228358335,0.5815,0.0,9.8723,0.6,0.0,1.0,0.0,0.0,0.0,0.3271,-0.0135,0.0,0.3,0.0
74.2732,0.989646241995028,0.027100609077857107,-0.0471810603798265,-0.13281498497595412,0.5815,0.0,9.6458,0.6,0.0,1.0,0.0,0.0,0.0,0.2617,-0.0135,0.0,0.3,0.0
74.2933,0.9896538252400058,0.027222820415312727,-0.047120420070131515,-0.13275500084318487,0.5815,0.0,9.6391,0.6,0.0,1.0,0.0,0.0,0.0,0.3079,-0.0135,0.0,0.3,0.0
74.3133,0.9897497728813633,0.027161103536898074,-0.04669217798847038,-0.1322025039499649,0.5815,0.0,9.296,0.6,0.0,1.0,0.0,0.0,0.0,0.2848,-0.0135,0.0,0.3,0.0
74.3334,0.9898797374255368,0.02722232278667253,-0.04595954496189416,-0.13147155891425463,0.5815,0.0,9.5696,0.6,0.0,1.0,0.0,0.0,0.0,0.2925,-0.0135,0.0,0.3,0.0
74.3535,0.9900436238559644,0.027404795825440018,-0.045104663955718716,-0.13049202779234248,0.5815,0.0,9.58,0.6,0.0,1.0,0.0,0.0,0.0,0.3079,-0.0135,0.0,0.3,0.0
74.3735,0.9901564384398177,0.027526539585438978,-0.04431125884077348,-0.129880827586572,0.5815,0.0,10.0041,0.6,0.0,1.0,0.0,0.0,0.0,0.2732,-0.0135,0.0,0.3,0.0
74.3936,0.9902017968832574,0.027648100834777617,-0.04376057682851235,-0.12969578206338944,0.5815,0.0,9.6675,0.6,0.0,1.0,0.0,0.0,0.0,0.3271,-0.0135,0.0,0.3,0.0
74.4137,0.9901945497503541,0.027588600414788916,-0.04321394047137425,-0.12994682805202723,0.5815,0.0,9.7463,0.6,0.0,1.0,0.0,0.0,0.0,0.2578,-0.0135,0.0,0.3,0.0
74.4337,0.9901521230601114,0.028075408041863082,-0.04278509789425679,-0.1303072525265415,0.5815,0.0,9.6145,0.6,0.0,1.0,0.0,0.0,0.0,0.3425,-0.0135,0.0,0.3,0.0
74.4538,0.9901099806539416,0.028686941492497443,-0.042602913110637866,-0.13055373373345108,0.5815,0.0,9.4626,0.6,0.0,1.0,0.0,0.0,0.0,0.2501,-0.0135,0.0,0.3,0.0
74.4739,0.9900975504505007,0.02966256710252296,-0.04260237825805837,-0.13043009649449727,0.5815,0.0,9.8267,0.6,0.0,1.0,0.0,0.0,0.0,0.331,-0.0135,0.0,0.3,0.0
74.4939,0.9901024365274453,0.030211708182879493,-0.04284658614166019,-0.1301867425166396,0.5815,0.0,9.5908,0.6,0.0,1.0,0.0,0.0,0.0,0.2578,-0.0135,0.0,0.3,0.0
74.514,0.9901165967730133,0.030701142534913517,-0.043274200907327025,-0.1298226027219812,0.5815,0.0,9.7634,0.6,0.0,1.0,0.0,0.0,0.0,0.3156,-0.0135,0.0,0.3,0.0
74.5341,0.9901853861628875,0.030945387093781147,-0.04425055352721975,-0.12890761249671845,0.5815,0.0,9.6049,0.6,0.0,1.0,0.0,0.0,0.0,0.2809,-0.0135,0.0,0.3,0.0
74.5541,0.9902352509313147,0.03125003947713733,-0.04504405690266154,-0.12817416191816314,0.5815,0.0,9.622,0.6,0.0,1.0,0.0,0.0,0.0,0.2963,-0.0135,0.0,0.3,0.0
74.5742,0.9902730496894405,0.031249307330436918,-0.04577498535545855,-0.1276221711375043,0.5815,0.0,9.2799,0.6,0.0,1.0,0.0,0.0,0.0,0.3002,-0.0135,0.0,0.3,0.0
74.5943,0.99033006775196,0.03137117853127006,-0.04632478696415965,-0.1269496757643862,0.5815,0.0,9.4513,0.6,0.0,1.0,0.0,0.0,0.0,0.2771,-0.0135,0.0,0.3,0.0
74.6144,0.9903965563843709,0.0311883562146774,-0.04669103621070623,-0.1263403921007722,0.5815,0.0,9.5682,0.6,0.0,1.0,0.0,0.0,0.0,0.331,-0.0135,0.0,0.3,0.0
74.6344,0.9904634975708819,0.030822517575463296,-0.046996264428966934,-0.1257910311575853,0.5815,0.0,9.8154,0.6,0.0,1.0,0.0,0.0,0.0,0.254,-0.0135,0.0,0.3,0.0
74.6545,0.9905226605924944,0.029967475410014613,-0.04711817518167638,-0.1254858033319511,0.5815,0.0,9.2936,0.6,0.0,1.0,0.0,0.0,0.0,0.3425,-0.0135,0.0,0.3,0.0
74.6746,0.990556987752752,0.029053498258708083,-0.04711980809045765,-0.12542915107200558,0.5815,0.0,9.5457,0.6,0.0,1.0,0.0,0.0,0.0,0.2501,-0.0135,0.0,0.3,0.0
74.6946,0.9906024379427023,0.02825904102037333,-0.04681406795455453,-0.12536618197955057,0.5815,0.0,9.4151,0.6,0.0,1.0,0.0,0.0,0.0,0.331,-0.0135,0.0,0.3,0.0
74.7147,0.9906692307521943,0.02734419958137892,-0.04626533768404385,-0.12524491414461014,0.5815,0.0,9.3213,0.6,0.0,1.0,0.0,0.0,0.0,0.2617,-0.0135,0.0,0.3,0.0
74.7348,0.9907475521842698,0.02673366249955042,-0.04559412988972439,-0.12500309776096213,0.5815,0.0,9.6579,0.6,0.0,1.0,0.0,0.0,0.0,0.3156,-0.0135,0.0,0.3,0.0
74.7548,0.9908070077664421,0.02594060237293045,-0.0449230431687271,-0.12494190130576543,0.5815,0.0,9.4998,0.6,0.0,1.0,0.0,0.0,0.0,0.2886,-0.0135,0.0,0.3,0.0
74.7749,0.9908480227286907,0.025452077645333672,-0.04412813461941238,-0.12500038133218244,0.5815,0.0,9.747,0.6,0.0,1.0,0.0,0.0,0.0,0.2963,-0.0135,0.0,0.3,0.0
74.795,0.9908677330762874,0.024719567130997034,-0.043396995639659645,-0.12524687348819094,0.5815,0.0,9.5245,0.6,0.0,1.0,0.0,0.0,0.0,0.3079,-0.0135,0.0,0.3,0.0
74.815,0.9908749514301703,0.024353736146601086,-0.042726291498523,-0.12549179327247867,0.5815,0.0,9.6142,0.6,0.0,1.0,0.0,0.0,0.0,0.2694,-0.0135,0.0,0.3,0.0
74.8351,0.9908808217399541,0.024169385856433107,-0.042173928361401145,-0.12566780678377348,0.5815,0.0,9.4723,0.6,0.0,1.0,0.0,0.0,0.0,0.3348,-0.0135,0.0,0.3,0.0
74.8552,0.9908618381441483,0.02417041073825277,-0.04168770841727525,-0.12597914081807482,0.5815,0.0,9.8202,0.6,0.0,1.0,0.0,0.0,0.0,0.2617,-0.0135,0.0,0.3,0.0
74.8752,0.9908488983213337,0.02417009509300309,-0.04126016233087741,-0.12622149659635673,0.5815,0.0,9.4683,0.6,0.0,1.0,0.0,0.0,0.0,0.3271,-0.0135,0.0,0.3,0.0
74.8953,0.9908177250355888,0.024291331314751075,-0.04101487095364028,-0.12652251712210588,0.5815,0.0,9.4197,0.6,0.0,1.0,0.0,0.0,0.0,0.2694,-0.0135,0.0,0.3,0.0
74.9154,0.9908214452588299,0.024657413820720932,-0.04089302785240334,-0.12646199362630664,0.5815,0.0,9.6181,0.6,0.0,1.0,0.0,0.0,0.0,0.3117,-0.0135,0.0,0.3,0.0
74.9354,0.9908490017984963,0.024780100080806534,-0.04089416516160217,-0.12622150977802588,0.5815,0.0,9.4309,0.6,0.0,1.0,0.0,0.0,0.0,0.2925,-0.0135,0.0,0.3,0.0
74.9555,0.9908874493966355,0.02502353152943005,-0.04095423328755624,-0.12585164390604575,0.5815,0.0,9.6578,0.6,0.0,1.0,0.0,0.0,0.0,0.2886,-0.0135,0.0,0.3,0.0
74.9756,0.9909109346788827,0.024902124011130768,-0.04119920516964806,-0.12561062553361713,0.5815,0.0,9.5154,0.6,0.0,1.0,0.0,0.0,0.0,0.3194,-0.0135,0.0,0.3,0.0
74.9956,0.9909202171648175,0.025146360785812692,-0.04156559635975121,-0.1253677987065216,0.5815,0.0,9.62,0.6,0.0,1.0,0.0,0.0,0.0,0.2694,-0.0135,0.0,0.3,0.0
75.0157,0.9909236103787116,0.025513453416965964,-0.041992746281708716,-0.12512422366784048,0.5815,0.0,9.4131,0.6,0.0,1.0,0.0,0.0,0.0,0.3387,-0.0135,0.0,0.3,0.0
75.0358,0.9909270674458747,0.026062554098748403,-0.04229789926769861,-0.12488065500512252,0.5815,0.0,9.5375,0.6,0.0,1.0,0.0,0.0,0.0,0.2578,-0.0135,0.0,0.3,0.0
75.0558,0.9909386653324777,0.026610239113070942,-0.04260178185465262,-0.12456943809073634,0.5815,0.0,9.5435,0.6,0.0,1.0,0.0,0.0,0.0,0.3271,-0.0135,0.0,0.3,0.0
75.0759,0.99095851674616,0.026977769052630315,-0.04296863216037037,-0.12420593671584458,0.5815,0.0,9.3231,0.6,0.0,1.0,0.0,0.0,0.0,0.2694,-0.0135,0.0,0.3,0.0
75.096,0.9909676695014521,0.027466018556144545,-0.04315202915367178,-0.12396208374924601,0.5815,0.0,9.6142,0.6,0.0,1.0,0.0,0.0,0.0,0.3117,-0.0135,0.0,0.3,0.0
75.116,0.9909894124922938,0.027588623951995787,-0.043091974580087344,-0.12378179948361906,0.5815,0.0,9.4257,0.6,0.0,1.0,0.0,0.0,0.0,0.2809,-0.0135,0.0,0.3,0.0
75.1399,0.9910513473868375,0.027832655687296898,-0.0429090108591023,-0.12329390458258543,0.5815,0.0,9.6655,0.6,0.0,1.0,0.0,0.0,0.0,0.2963,-0.0135,0.0,0.3,0.0
75.16,0.9910784558698211,0.027709705195146705,-0.042724545451556926,-0.12316768961317304,0.5815,0.0,9.2511,0.6,0.0,1.0,0.0,0.0,0.0,0.2732,-0.0135,0.0,0.3,0.0
75.1801,0.9910947098186225,0.027588158938779632,-0.042419244382488494,-0.1231697095958586,0.5815,0.0,9.4682,0.6,0.0,1.0,0.0,0.0,0.0,0.3271,-0.0135,0.0,0.3,0.0
75.2002,0.9911252355358915,0.02716032136648375,-0.04199095080524962,-0.12316592255029024,0.5815,0.0,9.3325,0.6,0.0,1.0,0.0,0.0,0.0,0.2617,-0.0135,0.0,0.3,0.0
75.2202,0.9911693920660007,0.027100530217412735,-0.041504812034815416,-0.12298840624792334,0.5815,0.0,9.6786,0.6,0.0,1.0,0.0,0.0,0.0,0.3387,-0.0135,0.0,0.3,0.0
75.2403,0.9911961118099771,0.026793597548691983,-0.041076383015138475,-0.12298415272536495,0.5815,0.0,9.5244,0.6,0.0,1.0,0.0,0.0,0.0,0.2617,-0.0135,0.0,0.3,0.0
75.2604,0.9912092418367325,0.02667195269046584,-0.040648927898723215,-0.12304678174504163,0.5815,0.0,9.5861,0.6,0.0,1.0,0.0,0.0,0.0,0.3271,-0.0135,0.0,0.3,0.0
75.2805,0.9912210787861788,0.026306267483461362,-0.04022240898349361,-0.12317025240137047,0.5815,0.0,9.3655,0.6,0.0,1.0,0.0,0.0,0.0,0.2694,-0.0135,0.0,0.3,0.0
75.3006,0.9912496096400483,0.02600041270231672,-0.03991609837461545,-0.12310521929759655,0.5815,0.0,9.7758,0.6,0.0,1.0,0.0,0.0,0.0,0.3117,-0.0135,0.0,0.3,0.0
75.3206,0.9912740909159752,0.025513053815238683,-0.03961208355462839,-0.12310825967492656,0.5815,0.0,9.5902,0.6,0.0,1.0,0.0,0.0,0.0,0.2886,-0.0135,0.0,0.3,0.0
75.3407,0.9912779617499499,0.025146151234135782,-0.039368236768689155,-0.12323074113507333,0.5815,0.0,9.7966,0.6,0.0,1.0,0.0,0.0,0.0,0.2925,-0.0135,0.0,0.3,0.0
75.3608,0.991300506596586,0.024962181775619877,-0.03912271761364226,-0.12316496282984103,0.5815,0.0,9.4328,0.6,0.0,1.0,0.0,0.0,0.0,0.3194,-0.0135,0.0,0.3,0.0
75.3808,0.9913365390187768,0.024902088899134384,-0.03900113923199502,-0.12292543883728585,0.5815,0.0,9.8578,0.6,0.0,1.0,0.0,0.0,0.0,0.2655,-0.0135,0.0,0.3,0.0
75.4009,0.9913365390187768,0.024902088899134384,-0.03900113923199502,-0.12292543883728585,0.5815,0.0,9.8578,0.6,0.0,1.0,0.0,0.0,0.0,0.3387,-0.0135,0.0,0.3,0.0
75.421,0.9913635068174866,0.024657241572074863,-0.039060798535501186,-0.12273822471569523,0.5815,0.0,9.4124,0.6,0.0,1.0,0.0,0.0,0.0,0.254,-0.0135,0.0,0.3,0.0
75.441,0.9913547190611471,0.02447553622145292,-0.039185858502048296,-0.12280569048429335,0.5815,0.0,9.6564,0.6,0.0,1.0,0.0,0.0,0.0,0.3464,-0.0135,0.0,0.3,0.0
75.4611,0.9913312516728936,0.02453595672800776,-0.03936793057010961,-0.12292478320795372,0.5815,0.0,9.4645,0.6,0.0,1.0,0.0,0.0,0.0,0.2501,-0.0135,0.0,0.3,0.0
75.4812,0.9913309397938941,0.024657948755300023,-0.03948991793117031,-0.1228637446618209,0.5815,0.0,9.4567,0.6,0.0,1.0,0.0,0.0,0.0,0.3271,-0.0135,0.0,0.3,0.0
75.5012,0.9913319954971809,0.025023974643557163,-0.03961195986175616,-0.12274187562737748,0.5815,0.0,9.5756,0.6,0.0,1.0,0.0,0.0,0.0,0.2655,-0.0135,0.0,0.3,0.0
75.5213,0.991339854404207,0.025208174296448574,-0.03967327431224231,-0.1226208478352318,0.5815,0.0,9.3145,0.6,0.0,1.0,0.0,0.0,0.0,0.3117,-0.0135,0.0,0.3,0.0
75.5414,0.9913629877038217,0.025574773610419047,-0.0397962037939558,-0.12231769998376452,0.5815,0.0,9.6233,0.6,0.0,1.0,0.0,0.0,0.0,0.2809,-0.0135,0.0,0.3,0.0
75.5614,0.9913746719076388,0.025451503791018744,-0.03997722059395516,-0.12218961776018233,0.5815,0.0,9.5222,0.6,0.0,1.0,0.0,0.0,0.0,0.2963,-0.0135,0.0,0.3,0.0
75.5815,0.9913790880193954,0.025573615330542677,-0.040160395921245186,-0.12206816389299069,0.5815,0.0,9.8325,0.6,0.0,1.0,0.0,0.0,0.0,0.304,-0.0135,0.0,0.3,0.0
75.6016,0.9913779421014358,0.025329589722581917,-0.04034334653643286,-0.12206802279650902,0.5815,0.0,9.538,0.6,0.0,1.0,0.0,0.0,0.0,0.2732,-0.0135,0.0,0.3,0.0
75.6216,0.9914086500185355,0.02557437791188371,-0.04034459617099538,-0.12176679934466728,0.5815,0.0,9.5744,0.6,0.0,1.0,0.0,0.0,0.0,0.3271,-0.0135,0.0,0.3,0.0
75.6417,0.9914461903685291,0.026061768424572584,-0.040221642605063244,-0.1213979213020754,0.5815,0.0,9.3982,0.6,0.0,1.0,0.0,0.0,0.0,0.2578,-0.0135,0.0,0.3,0.0
75.6618,0.9914881898101003,0.02709923989512396,-0.039976878691043,-0.12090760867008604,0.5815,0.0,9.6052,0.6,0.0,1.0,0.0,0.0,0.0,0.3425,-0.0135,0.0,0.3,0.0
75.6818,0.9915115119228881,0.027404875951822012,-0.039733820144852966,-0.12072745352715082,0.5815,0.0,9.5614,0.6,0.0,1.0,0.0,0.0,0.0,0.2501,-0.0135,0.0,0.3,0.0
75.7019,0.9915534643310019,0.027770340838821655,-0.039367065577139114,-0.12041914171231066,0.5815,0.0,9.5713,0.6,0.0,1.0,0.0,0.0,0.0,0.331,-0.0135,0.0,0.3,0.0
75.722,0.9916047730362746,0.027832779545255287,-0.03894109066873528,-0.12012036435173279,0.5815,0.0,9.282,0.6,0.0,1.0,0.0,0.0,0.0,0.2578,-0.0135,0.0,0.3,0.0
75.742,0.9916569814596835,0.02813753858497871,-0.0383307336945031,-0.11981429338392403,0.5815,0.0,9.6171,0.6,0.0,1.0,0.0,0.0,0.0,0.3117,-0.0135,0.0,0.3,0.0
75.7621,0.9917002318898016,0.028564035482238362,-0.0376590467800593,-0.11956814852752673,0.5815,0.0,9.5124,0.6,0.0,1.0,0.0,0.0,0.0,0.2809,-0.0135,0.0,0.3,0.0
75.7822,0.991740046334471,0.02899141669691154,-0.03686425829648329,-0.11938259803948625,0.5815,0.0,9.767,0.6,0.0,1.0,0.0,0.0,0.0,0.2963,-0.0135,0.0,0.3,0.0
75.8023,0.9917678795725575,0.029541234704417326,-0.036255288047413764,-0.11920294706462048,0.5815,0.0,9.5607,0.6,0.0,1.0,0.0,0.0,0.0,0.304,-0.0135,0.0,0.3,0.0
75.8224,0.9918010951083138,0.029601405916386436,-0.03570528341498864,-0.11907761017915319,0.5815,0.0,9.5172,0.6,0.0,1.0,0.0,0.0,0.0,0.2732,-0.0135,0.0,0.3,0.0
75.8424,0.9918266334449822,0.029663168482900158,-0.035339200722017614,-0.11895867566965025,0.5815,0.0,9.6547,0.6,0.0,1.0,0.0,0.0,0.0,0.3271,-0.0135,0.0,0.3,0.0
75.8625,0.9918486595187603,0.029419820425643756,-0.0349129736122939,-0.11896131745449307,0.5815,0.0,9.2531,0.6,0.0,1.0,0.0,0.0,0.0,0.2617,-0.0135,0.0,0.3,0.0
75.8826,0.9918645088547156,0.029662476913743196,-0.034484391881146,-0.11889390335220351,0.5815,0.0,9.5473,0.6,0.0,1.0,0.0,0.0,0.0,0.3425,-0.0135,0.0,0.3,0.0
75.9026,0.9918782202538923,0.02972388673131148,-0.034240869518464404,-0.11883454715769748,0.5815,0.0,9.4768,0.6,0.0,1.0,0.0,0.0,0.0,0.2578,-0.0135,0.0,0.3,0.0
75.9227,0.991853429344449,0.029967136787031577,-0.03411801721959189,-0.1190155717183567,0.5815,0.0,9.6961,0.6,0.0,1.0,0.0,0.0,0.0,0.3348,-0.0135,0.0,0.3,0.0
75.9428,0.9918130405939289,0.02990675999504209,-0.03405772668308901,-0.11938404193025381,0.5815,0.0,9.4446,0.6,0.0,1.0,0.0,0.0,0.0,0.2578,-0.0135,0.0,0.3,0.0
75.9628,0.9917761310064684,0.029968487430428587,-0.033997552962235736,-0.1196919467614787,0.5815,0.0,9.7069,0.6,0.0,1.0,0.0,0.0,0.0,0.3194,-0.0135,0.0,0.3,0.0
75.9829,0.9917763710717937,0.030029495691412132,-0.03393656018461361,-0.119691975733628,0.5815,0.0,9.4736,0.6,0.0,1.0,0.0,0.0,0.0,0.2732,-0.0135,0.0,0.3,0.0
76.003,0.9917817163517055,0.03033466421696039,-0.03393674308916621,-0.11957061815433237,0.5815,0.0,9.5745,0.6,0.0,1.0,0.0,0.0,0.0,0.304,-0.0135,0.0,0.3,0.0
76.0231,0.991770366949991,0.030334317083831806,-0.03405835601111437,-0.11963025049191384,0.5815,0.0,9.3934,0.6,0.0,1.0,0.0,0.0,0.0,0.2925,-0.0135,0.0,0.3,0.0
76.0431,0.9917474563855958,0.030578613241928627,-0.034301566154048065,-0.11968848618092277,0.5815,0.0,9.6713,0.6,0.0,1.0,0.0,0.0,0.0,0.2848,-0.0135,0.0,0.3,0.0
76.0632,0.9917311160328812,0.03064099227209817,-0.03448611679188333,-0.119754878119322,0.5815,0.0,9.5054,0.6,0.0,1.0,0.0,0.0,0.0,0.3194,-0.0135,0.0,0.3,0.0
76.0833,0.9917215836547627,0.03088470331178483,-0.03454678670537878,-0.11975372705250426,0.5815,0.0,9.806,0.6,0.0,1.0,0.0,0.0,0.0,0.2655,-0.0135,0.0,0.3,0.0
76.1033,0.9917310128748803,0.030944095540668293,-0.034666986724960026,-0.11962550348794977,0.5815,0.0,9.6275,0.6,0.0,1.0,0.0,0.0,0.0,0.3387,-0.0135,0.0,0.3,0.0
76.1234,0.9917396452644017,0.030761368645260478,-0.034789285975184055,-0.11956554600404734,0.5815,0.0,9.9132,0.6,0.0,1.0,0.0,0.0,0.0,0.254,-0.0135,0.0,0.3,0.0
76.1435,0.9917540288162273,0.0304568166246429,-0.03485079016926911,-0.11950628047283703,0.5815,0.0,9.5925,0.6,0.0,1.0,0.0,0.0,0.0,0.3425,-0.0135,0.0,0.3,0.0
76.1635,0.991760823420675,0.030090024982584607,-0.0349730290367541,-0.11950709922212494,0.5815,0.0,9.7903,0.6,0.0,1.0,0.0,0.0,0.0,0.254,-0.0135,0.0,0.3,0.0
76.1836,0.9917635060424268,0.030029106157687384,-0.03515612428251549,-0.11944642226218405,0.5815,0.0,9.6862,0.6,0.0,1.0,0.0,0.0,0.0,0.331,-0.0135,0.0,0.3,0.0
76.2037,0.9917610597845337,0.02996803202349653,-0.0352780376977079,-0.1194461276387669,0.5815,0.0,9.4701,0.6,0.0,1.0,0.0,0.0,0.0,0.2617,-0.0135,0.0,0.3,0.0
76.2238,0.9917768549539947,0.030334515526109627,-0.03533960058604825,-0.11920402583712403,0.5815,0.0,9.7166,0.6,0.0,1.0,0.0,0.0,0.0,0.3156,-0.0135,0.0,0.3,0.0
76.2438,0.9918200635155077,0.030395971299879088,-0.03552196645987316,-0.11877388785273846,0.5815,0.0,9.2885,0.6,0.0,1.0,0.0,0.0,0.0,0.2771,-0.0135,0.0,0.3,0.0
76.2639,0.9918660775365136,0.030517510101261358,-0.03576642584021937,-0.11828410118087035,0.5815,0.0,9.5457,0.6,0.0,1.0,0.0,0.0,0.0,0.3002,-0.0135,0.0,0.3,0.0
76.284,0.9919191977015144,0.0303952706287914,-0.03601013589332172,-0.11779517336262564,0.5815,0.0,9.4818,0.6,0.0,1.0,0.0,0.0,0.0,0.3079,-0.0135,0.0,0.3,0.0
76.304,0.9919636704081324,0.030518635943310637,-0.03625575549265113,-0.11731244454124679,0.5815,0.0,9.7629,0.6,0.0,1.0,0.0,0.0,0.0,0.2771,-0.0135,0.0,0.3,0.0
76.3241,0.9920212012913276,0.030701532353543982,-0.03649963289052479,-0.11670102355383308,0.5815,0.0,9.3829,0.6,0.0,1.0,0.0,0.0,0.0,0.3271,-0.0135,0.0,0.3,0.0
76.3442,0.9920803720443327,0.030884478547491535,-0.03668256838748491,-0.11609079879872247,0.5815,0.0,9.6883,0.6,0.0,1.0,0.0,0.0,0.0,0.2617,-0.0135,0.0,0.3,0.0
76.3642,0.9920803720443327,0.030884478547491535,-0.03668256838748491,-0.11609079879872247,0.5815,0.0,9.6883,0.6,0.0,1.0,0.0,0.0,0.0,0.3387,-0.0135,0.0,0.3,0.0
76.3843,0.9921679669553518,0.030761378891379997,-0.03674225813035481,-0.11535367087296122,0.5815,0.0,9.2291,0.6,0.0,1.0,0.0,0.0,0.0,0.2617,-0.0135,0.0,0.3,0.0
76.4044,0.9922069114107881,0.03070158517057514,-0.03668269917028882,-0.11505319290771768,0.5815,0.0,9.4224,0.6,0.0,1.0,0.0,0.0,0.0,0.3271,-0.0135,0.0,0.3,0.0
76.4245,0.9922173922550377,0.030761020087245714,-0.036558835393982934,-0.11498633703375538,0.5815,0.0,9.3152,0.6,0.0,1.0,0.0,0.0,0.0,0.2694,-0.0135,0.0,0.3,0.0
76.4445,0.9922152180189712,0.031006850566521894,-0.036194992885399374,-0.11505415611587777,0.5815,0.0,9.5162,0.6,0.0,1.0,0.0,0.0,0.0,0.3079,-0.0135,0.0,0.3,0.0
76.4646,0.9921940003609707,0.031128188249844087,-0.03570621593577913,-0.11535669762750618,0.5815,0.0,9.482,0.6,0.0,1.0,0.0,0.0,0.0,0.2963,-0.0135,0.0,0.3,0.0
76.4847,0.9921617448063595,0.03063918920695157,-0.034850077775831226,-0.11602492967702915,0.5815,0.0,9.829,0.6,0.0,1.0,0.0,0.0,0.0,0.2886,-0.0135,0.0,0.3,0.0
76.5047,0.992149007665506,0.03009069779509365,-0.03424179405788638,-0.1164577006223872,0.5815,0.0,9.3379,0.6,0.0,1.0,0.0,0.0,0.0,0.3233,-0.0135,0.0,0.3,0.0
76.5248,0.9921457387448356,0.029602588943667067,-0.03350866665510424,-0.11682332420066638,0.5815,0.0,9.6675,0.6,0.0,1.0,0.0,0.0,0.0,0.2617,-0.0135,0.0,0.3,0.0
76.5449,0.9921396549016198,0.029175401543508353,-0.032776451105056705,-0.11718961289051089,0.5815,0.0,9.5656,0.6,0.0,1.0,0.0,0.0,0.0,0.3348,-0.0135,0.0,0.3,0.0
76.5649,0.9921164576827857,0.028686724087007166,-0.03216569062581212,-0.1176748681863791,0.5815,0.0,9.5285,0.6,0.0,1.0,0.0,0.0,0.0,0.2617,-0.0135,0.0,0.3,0.0
76.585,0.9920750685788009,0.02844228866104364,-0.03186032335070846,-0.11816519925967084,0.5815,0.0,9.7367,0.6,0.0,1.0,0.0,0.0,0.0,0.3233,-0.0135,0.0,0.3,0.0
76.6051,0.9920291856922985,0.028137714361861656,-0.0317388057865716,-0.11865501242007344,0.5815,0.0,9.4084,0.6,0.0,1.0,0.0,0.0,0.0,0.2771,-0.0135,0.0,0.3,0.0
76.6252,0.9919897548308134,0.0281365959529141,-0.03161554599450304,-0.11901729088815033,0.5815,0.0,9.6792,0.6,0.0,1.0,0.0,0.0,0.0,0.304,-0.0135,0.0,0.3,0.0
76.6452,0.991966943316708,0.02807667769273022,-0.031677764612929725,-0.11920487727343017,0.5815,0.0,9.5946,0.6,0.0,1.0,0.0,0.0,0.0,0.3002,-0.0135,0.0,0.3,0.0
76.6653,0.9919545614887415,0.028381330791801523,-0.03179937062994596,-0.11920338934654606,0.5815,0.0,9.7892,0.6,0.0,1.0,0.0,0.0,0.0,0.2848,-0.0135,0.0,0.3,0.0
76.6854,0.9919395199707994,0.02868689935752592,-0.032226886938159706,-0.11914058201816141,0.5815,0.0,9.51,0.6,0.0,1.0,0.0,0.0,0.0,0.3271,-0.0135,0.0,0.3,0.0
76.7054,0.991899401890443,0.029114510785192553,-0.03283757610267801,-0.11920409131745974,0.5815,0.0,9.7871,0.6,0.0,1.0,0.0,0.0,0.0,0.2617,-0.0135,0.0,0.3,0.0
76.7255,0.9918831304830762,0.029480033599401025,-0.033447038120731534,-0.11908013571969711,0.5815,0.0,9.5245,0.6,0.0,1.0,0.0,0.0,0.0,0.3387,-0.0135,0.0,0.3,0.0
76.7456,0.9918751644776704,0.02972379515802714,-0.03411876487002852,-0.11889518063210858,0.5815,0.0,9.3738,0.6,0.0,1.0,0.0,0.0,0.0,0.2617,-0.0135,0.0,0.3,0.0
76.7656,0.9918771604050907,0.03033385199421708,-0.03478983025248276,-0.11852942166791558,0.5815,0.0,9.6797,0.6,0.0,1.0,0.0,0.0,0.0,0.3194,-0.0135,0.0,0.3,0.0
76.7857,0.9918784855471647,0.03070089121970507,-0.03546087435399372,-0.11822458110320949,0.5815,0.0,9.567,0.6,0.0,1.0,0.0,0.0,0.0,0.2809,-0.0135,0.0,0.3,0.0
76.8058,0.9918846836914657,0.031189084386704397,-0.03607209759842254,-0.11785931888590823,0.5815,0.0,9.6371,0.6,0.0,1.0,0.0,0.0,0.0,0.2963,-0.0135,0.0,0.3,0.0
76.8259,0.9918828039788676,0.0313720254288565,-0.03656002963403651,-0.11767609538333923,0.5815,0.0,9.4623,0.6,0.0,1.0,0.0,0.0,0.0,0.3156,-0.0135,0.0,0.3,0.0
76.8459,0.9919015407445828,0.03155562165478888,-0.03686572626537132,-0.11737331228788556,0.5815,0.0,9.7688,0.6,0.0,1.0,0.0,0.0,0.0,0.2694,-0.0135,0.0,0.3,0.0
76.866,0.991926317642758,0.03179846520891026,-0.037169374880191015,-0.11700203224325723,0.5815,0.0,9.4736,0.6,0.0,1.0,0.0,0.0,0.0,0.3387,-0.0135,0.0,0.3,0.0
76.8861,0.991943034244354,0.03179900109778104,-0.037292001287413126,-0.11682100403295315,0.5815,0.0,9.7716,0.6,0.0,1.0,0.0,0.0,0.0,0.2578,-0.0135,0.0,0.3,0.0
76.9061,0.9919574931945722,0.03186046550374273,-0.03723154397896564,-0.11670070507913605,0.5815,0.0,9.5213,0.6,0.0,1.0,0.0,0.0,0.0,0.331,-0.0135,0.0,0.3,0.0
76.9262,0.9919677588025139,0.03167779065489371,-0.037109926237094755,-0.1167019127958911,0.5815,0.0,9.1895,0.6,0.0,1.0,0.0,0.0,0.0,0.2655,-0.0135,0.0,0.3,0.0
76.9463,0.9919891999102921,0.031676527398637834,-0.03674245181703285,-0.11663625983275944,0.5815,0.0,9.5515,0.6,0.0,1.0,0.0,0.0,0.0,0.3156,-0.0135,0.0,0.3,0.0
76.9663,0.9920231643256944,0.03131160489090954,-0.036316701581497565,-0.11657925212760883,0.5815,0.0,9.278,0.6,0.0,1.0,0.0,0.0,0.0,0.2771,-0.0135,0.0,0.3,0.0
76.9864,0.9920494290001742,0.031127511429107396,-0.03576643861747893,-0.11657517026057101,0.5815,0.0,9.5309,0.6,0.0,1.0,0.0,0.0,0.0,0.3002,-0.0135,0.0,0.3,0.0
77.0065,0.9920699025423042,0.03070115171682429,-0.035156173732343386,-0.11669957669788206,0.5815,0.0,9.5567,0.6,0.0,1.0,0.0,0.0,0.0,0.3079,-0.0135,0.0,0.3,0.0
77.0266,0.9920829901347384,0.030334550077613022,-0.03448562535196429,-0.1168841195414903,0.5815,0.0,9.8555,0.6,0.0,1.0,0.0,0.0,0.0,0.2771,-0.0135,0.0,0.3,0.0
77.0466,0.9920913346352069,0.029968795508709494,-0.03393690084034855,-0.11706810752225957,0.5815,0.0,9.3785,0.6,0.0,1.0,0.0,0.0,0.0,0.3348,-0.0135,0.0,0.3,0.0
77.0667,0.9920950824189134,0.02960289762239841,-0.03350901606416208,-0.1172525553451993,0.5815,0.0,9.3508,0.6,0.0,1.0,0.0,0.0,0.0,0.2578,-0.0135,0.0,0.3,0.0
77.0868,0.9921008278115088,0.029540250486712157,-0.03320215757456767,-0.11730702361450873,0.5815,0.0,9.5952,0.6,0.0,1.0,0.0,0.0,0.0,0.3387,-0.0135,0.0,0.3,0.0
77.1068,0.9921003974588003,0.02947923924691565,-0.03283615261706136,-0.11742896958086152,0.5815,0.0,9.4378,0.6,0.0,1.0,0.0,0.0,0.0,0.2617,-0.0135,0.0,0.3,0.0
77.1269,0.9921013209190026,0.029784259099723723,-0.032531190768246156,-0.11742907888530318,0.5815,0.0,9.7643,0.6,0.0,1.0,0.0,0.0,0.0,0.3194,-0.0135,0.0,0.3,0.0
77.147,0.9920882652599889,0.029846699928885334,-0.032410760058137554,-0.11755675679957744,0.5815,0.0,9.6183,0.6,0.0,1.0,0.0,0.0,0.0,0.2848,-0.0135,0.0,0.3,0.0
77.167,0.9920607193872704,0.030028870429337138,-0.03265385910285305,-0.11767549224558516,0.5815,0.0,9.6436,0.6,0.0,1.0,0.0,0.0,0.0,0.2963,-0.0135,0.0,0.3,0.0
77.1871,0.9920214129643158,0.0297855228256561,-0.032959578539895895,-0.11798307095832572,0.5815,0.0,9.4736,0.6,0.0,1.0,0.0,0.0,0.0,0.3117,-0.0135,0.0,0.3,0.0
77.2072,0.9920214129643158,0.0297855228256561,-0.032959578539895895,-0.11798307095832572,0.5815,0.0,9.4736,0.6,0.0,1.0,0.0,0.0,0.0,0.2732,-0.0135,0.0,0.3,0.0
77.2272,0.9919277535215224,0.02978454219510451,-0.03381248028346713,-0.11852817815631139,0.5815,0.0,9.5825,0.6,0.0,1.0,0.0,0.0,0.0,0.3348,-0.0135,0.0,0.3,0.0
77.2473,0.9918778399252737,0.030150873543009077,-0.0343018561332061,-0.11871250210312212,0.5815,0.0,9.7333,0.6,0.0,1.0,0.0,0.0,0.0,0.2578,-0.0135,0.0,0.3,0.0
77.2674,0.9918397132392153,0.030212570026630994,-0.034912658704148725,-0.1188372421261318,0.5815,0.0,9.5216,0.6,0.0,1.0,0.0,0.0,0.0,0.3425,-0.0135,0.0,0.3,0.0
77.2875,0.9918078317586299,0.030395596437396786,-0.035460529190239745,-0.11889442143771317,0.5815,0.0,9.6519,0.6,0.0,1.0,0.0,0.0,0.0,0.2501,-0.0135,0.0,0.3,0.0
77.3075,0.9917889992497761,0.03057989413573739,-0.036012052968443675,-0.11883847475785181,0.5815,0.0,9.4647,0.6,0.0,1.0,0.0,0.0,0.0,0.331,-0.0135,0.0,0.3,0.0
77.3276,0.991779626853981,0.030945612399165583,-0.036560723519582915,-0.1186543481139374,0.5815,0.0,9.9172,0.6,0.0,1.0,0.0,0.0,0.0,0.2617,-0.0135,0.0,0.3,0.0
77.3477,0.991779626853981,0.030945612399165583,-0.036560723519582915,-0.1186543481139374,0.5815,0.0,9.9172,0.6,0.0,1.0,0.0,0.0,0.0,0.3156,-0.0135,0.0,0.3,0.0
77.3677,0.9917712556852735,0.03149435743178996,-0.03710942115756313,-0.11840934383639373,0.5815,0.0,9.6365,0.6,0.0,1.0,0.0,0.0,0.0,0.2886,-0.0135,0.0,0.3,0.0
77.3878,0.9917676572687927,0.03186024598752091,-0.037476289348033064,-0.11822591280209227,0.5815,0.0,9.5462,0.6,0.0,1.0,0.0,0.0,0.0,0.2925,-0.0135,0.0,0.3,0.0
77.4079,0.991769285124872,0.03234930286007148,-0.037781353715921985,-0.1179821045699741,0.5815,0.0,9.4108,0.6,0.0,1.0,0.0,0.0,0.0,0.3194,-0.0135,0.0,0.3,0.0
77.428,0.9917782451872101,0.032593599606141346,-0.03790369729302535,-0.11780016710349578,0.5815,0.0,9.3366,0.6,0.0,1.0,0.0,0.0,0.0,0.2655,-0.0135,0.0,0.3,0.0
77.4481,0.9917711774501108,0.03295937145839539,-0.0379644278663346,-0.1177383269333746,0.5815,0.0,9.6478,0.6,0.0,1.0,0.0,0.0,0.0,0.3387,-0.0135,0.0,0.3,0.0
77.4682,0.991769763219033,0.03277632265796869,-0.03778137192887219,-0.11786016024363954,0.5815,0.0,9.224,0.6,0.0,1.0,0.0,0.0,0.0,0.2617,-0.0135,0.0,0.3,0.0
77.4883,0.9917717443602762,0.03277638813135478,-0.03753744451082085,-0.11792139640131055,0.5815,0.0,9.5871,0.6,0.0,1.0,0.0,0.0,0.0,0.3271,-0.0135,0.0,0.3,0.0
77.5084,0.9917767166619093,0.03253254834480644,-0.03723162754904366,-0.11804398966302843,0.5815,0.0,9.5167,0.6,0.0,1.0,0.0,0.0,0.0,0.2694,-0.0135,0.0,0.3,0.0
77.5284,0.9917827559596674,0.032471745047961575,-0.03692684726805546,-0.11810570987648689,0.5815,0.0,9.6003,0.6,0.0,1.0,0.0,0.0,0.0,0.3079,-0.0135,0.0,0.3,0.0
77.5485,0.9917802560461297,0.03222765821529265,-0.036621747959854525,-0.11828841591380224,0.5815,0.0,9.4605,0.6,0.0,1.0,0.0,0.0,0.0,0.3002,-0.0135,0.0,0.3,0.0
77.5686,0.9917759214032038,0.03210451538752164,-0.03625558202637045,-0.11847090186407616,0.5815,0.0,9.4953,0.6,0.0,1.0,0.0,0.0,0.0,0.2809,-0.0135,0.0,0.3,0.0
77.5887,0.9917635730558716,0.03222711610558157,-0.03588912929882448,-0.11865242747259952,0.5815,0.0,9.3868,0.6,0.0,1.0,0.0,0.0,0.0,0.3194,-0.0135,0.0,0.3,0.0
77.6088,0.9917514805611211,0.03247072106689136,-0.0353996959061302,-0.11883397918093182,0.5815,0.0,9.7286,0.6,0.0,1.0,0.0,0.0,0.0,0.2617,-0.0135,0.0,0.3,0.0
77.6289,0.9917751086455102,0.03277649931532351,-0.034851530926236864,-0.11871480849463018,0.5815,0.0,9.5552,0.6,0.0,1.0,0.0,0.0,0.0,0.3387,-0.0135,0.0,0.3,0.0
77.649,0.9917928561173951,0.0327750699492184,-0.03436202491655454,-0.1187096314035137,0.5815,0.0,9.7451,0.6,0.0,1.0,0.0,0.0,0.0,0.254,-0.0135,0.0,0.3,0.0
77.6691,0.9918236557884346,0.03271508760060399,-0.03393609087006256,-0.11859131754984642,0.5815,0.0,9.5755,0.6,0.0,1.0,0.0,0.0,0.0,0.3387,-0.0135,0.0,0.3,0.0
77.6892,0.9918631547547875,0.032409384226755475,-0.03350736336532311,-0.11846674915024653,0.5815,0.0,9.3071,0.6,0.0,1.0,0.0,0.0,0.0,0.254,-0.0135,0.0,0.3,0.0
77.7093,0.9919059355791221,0.032471783573237226,-0.03302079682141889,-0.11822785294404144,0.5815,0.0,9.5712,0.6,0.0,1.0,0.0,0.0,0.0,0.3233,-0.0135,0.0,0.3,0.0
77.7294,0.9919318977309513,0.03240963725280599,-0.0325316358873275,-0.11816267745574105,0.5815,0.0,9.2938,0.6,0.0,1.0,0.0,0.0,0.0,0.2694,-0.0135,0.0,0.3,0.0
77.7495,0.9919246489393296,0.03283639251168744,-0.032103406072272536,-0.11822281282377337,0.5815,0.0,9.5826,0.6,0.0,1.0,0.0,0.0,0.0,0.3079,-0.0135,0.0,0.3,0.0
77.7695,0.9918892765383259,0.033264244027788464,-0.03161623193790765,-0.1185308695470709,0.5815,0.0,9.6534,0.6,0.0,1.0,0.0,0.0,0.0,0.2886,-0.0135,0.0,0.3,0.0
77.7896,0.9918839052407038,0.03381306494916121,-0.0314330603775762,-0.1184692275592873,0.5815,0.0,9.797,0.6,0.0,1.0,0.0,0.0,0.0,0.2925,-0.0135,0.0,0.3,0.0
77.8097,0.9918907350225514,0.03393629885785337,-0.03131127574075454,-0.11840904276168962,0.5815,0.0,9.381,0.6,0.0,1.0,0.0,0.0,0.0,0.3156,-0.0135,0.0,0.3,0.0
77.8298,0.991892847307741,0.03424137446255136,-0.031372343086918046,-0.11828729358597435,0.5815,0.0,9.4413,0.6,0.0,1.0,0.0,0.0,0.0,0.2655,-0.0135,0.0,0.3,0.0
77.85,0.9919146444213347,0.03430101944662206,-0.031554097972076235,-0.11803862566375606,0.5815,0.0,9.6435,0.6,0.0,1.0,0.0,0.0,0.0,0.3387,-0.0135,0.0,0.3,0.0
77.87,0.9919299460383358,0.03472854296664765,-0.03173758232818286,-0.11773545058205523,0.5815,0.0,9.8814,0.6,0.0,1.0,0.0,0.0,0.0,0.2578,-0.0135,0.0,0.3,0.0
77.8901,0.9919534840464947,0.035095370926163834,-0.03216633996896954,-0.1173112398731524,0.5815,0.0,9.468,0.6,0.0,1.0,0.0,0.0,0.0,0.3271,-0.0135,0.0,0.3,0.0
77.9102,0.9919669700480367,0.03527885248381675,-0.03265478907553013,-0.1170068273716337,0.5815,0.0,9.5172,0.6,0.0,1.0,0.0,0.0,0.0,0.2617,-0.0135,0.0,0.3,0.0
77.9303,0.9920054022214592,0.03533904995252454,-0.03338604719191217,-0.11645516461193707,0.5815,0.0,9.4958,0.6,0.0,1.0,0.0,0.0,0.0,0.3156,-0.0135,0.0,0.3,0.0
77.9504,0.9920451718217685,0.035277294906612314,-0.034179316852089366,-0.11590368341305643,0.5815,0.0,9.2276,0.6,0.0,1.0,0.0,0.0,0.0,0.2886,-0.0135,0.0,0.3,0.0
77.9705,0.9921168305622977,0.035399672825735196,-0.03485067789970895,-0.11504993667439707,0.5815,0.0,9.6244,0.6,0.0,1.0,0.0,0.0,0.0,0.2925,-0.0135,0.0,0.3,0.0
77.9906,0.9921845706598561,0.03533887785636257,-0.03558287701301534,-0.11425760508538092,0.5815,0.0,9.6306,0.6,0.0,1.0,0.0,0.0,0.0,0.3271,-0.0135,0.0,0.3,0.0
78.0107,0.9922327237686659,0.0352164223223819,-0.03631540429507399,-0.11364513580576813,0.5815,0.0,9.5118,0.6,0.0,1.0,0.0,0.0,0.0,0.2578,-0.0135,0.0,0.3,0.0
78.0308,0.9922602607071391,0.034912396204790974,-0.037170421830089374,-0.11322128489649502,0.5815,0.0,9.4046,0.6,0.0,1.0,0.0,0.0,0.0,0.3387,-0.0135,0.0,0.3,0.0
78.0509,0.9922664689568325,0.03466861034457628,-0.037964668372028776,-0.11297798898952494,0.5815,0.0,9.8501,0.6,0.0,1.0,0.0,0.0,0.0,0.2617,-0.0135,0.0,0.3,0.0
78.071,0.9922664689568325,0.03466861034457628,-0.037964668372028776,-0.11297798898952494,0.5815,0.0,9.8501,0.6,0.0,1.0,0.0,0.0,0.0,0.3194,-0.0135,0.0,0.3,0.0
78.0911,0.9922659888301603,0.03479059565834914,-0.038940666712736854,-0.11261192805653053,0.5815,0.0,9.4723,0.6,0.0,1.0,0.0,0.0,0.0,0.2848,-0.0135,0.0,0.3,0.0
78.1112,0.9922461649726951,0.03539989885606679,-0.03942888734451573,-0.11242667877658236,0.5815,0.0,9.8464,0.6,0.0,1.0,0.0,0.0,0.0,0.2925,-0.0135,0.0,0.3,0.0
78.1313,0.9922135989712653,0.036133932250368615,-0.039918029879555075,-0.11230789752795628,0.5815,0.0,9.6191,0.6,0.0,1.0,0.0,0.0,0.0,0.3156,-0.0135,0.0,0.3,0.0
78.1514,0.9921722065395082,0.03692541221893219,-0.04040435684086971,-0.11224221332128648,0.5815,0.0,9.5729,0.6,0.0,1.0,0.0,0.0,0.0,0.2655,-0.0135,0.0,0.3,0.0
78.1715,0.9921544216939069,0.03778208232222269,-0.04071116623005439,-0.11200320849339457,0.5815,0.0,9.2999,0.6,0.0,1.0,0.0,0.0,0.0,0.3387,-0.0135,0.0,0.3,0.0
78.1916,0.9921729104675,0.038329417064325806,-0.04077037994076773,-0.11163130224737484,0.5815,0.0,9.1554,0.6,0.0,1.0,0.0,0.0,0.0,0.2578,-0.0135,0.0,0.3,0.0
78.2117,0.9922276941934213,0.03893916387105639,-0.04052612979461483,-0.11102061608773223,0.5815,0.0,9.4791,0.6,0.0,1.0,0.0,0.0,0.0,0.3271,-0.0135,0.0,0.3,0.0
78.2317,0.9923276721040939,0.039246698934201275,-0.04010071414313487,-0.1101699619880519,0.5815,0.0,9.4969,0.6,0.0,1.0,0.0,0.0,0.0,0.2694,-0.0135,0.0,0.3,0.0
78.2519,0.9924317270287137,0.039672989087826835,-0.039611989104605054,-0.10925296994964695,0.5815,0.0,9.5405,0.6,0.0,1.0,0.0,0.0,0.0,0.3079,-0.0135,0.0,0.3,0.0
78.272,0.9925473310586739,0.03973373302841492,-0.039000737953420496,-0.10839727167700505,0.5815,0.0,9.3503,0.6,0.0,1.0,0.0,0.0,0.0,0.2963,-0.0135,0.0,0.3,0.0
78.2921,0.9926688087654134,0.03967271259721224,-0.0383297223262961,-0.10754322091988489,0.5815,0.0,9.4843,0.6,0.0,1.0,0.0,0.0,0.0,0.2848,-0.0135,0.0,0.3,0.0
78.3121,0.9928169184148454,0.03918574669578879,-0.03753771529207155,-0.10663003186623876,0.5815,0.0,9.3943,0.6,0.0,1.0,0.0,0.0,0.0,0.331,-0.0135,0.0,0.3,0.0
78.3322,0.9930718601351043,0.03802614338732636,-0.036439095667255686,-0.10504515854547097,0.5815,0.0,9.8039,0.6,0.0,1.0,0.0,0.0,0.0,0.2578,-0.0135,0.0,0.3,0.0
78.3523,0.9933076960214253,0.03729281455696646,-0.03582878257929299,-0.10327325571469698,0.5815,0.0,9.7675,0.6,0.0,1.0,0.0,0.0,0.0,0.3348,-0.0135,0.0,0.3,0.0
78.3724,0.9936472416692537,0.03643782550827077,-0.035277831063197096,-0.10046351890506933,0.5815,0.0,10.0528,0.6,0.0,1.0,0.0,0.0,0.0,0.2617,-0.0135,0.0,0.3,0.0
78.3925,0.9940681236025805,0.03527757852934557,-0.034667585817091444,-0.09686184276568967,0.5815,0.0,9.8189,0.6,0.0,1.0,0.0,0.0,0.0,0.3194,-0.0135,0.0,0.3,0.0
78.4126,0.994515336807388,0.03375228293810195,-0.033875283969193044,-0.09301877975635114,0.5815,0.0,9.4648,0.6,0.0,1.0,0.0,0.0,0.0,0.2732,-0.0135,0.0,0.3,0.0
78.4327,0.9949894652979389,0.03240981971799478,-0.033202815306898496,-0.0885615073701035,0.5815,0.0,9.5935,0.6,0.0,1.0,0.0,0.0,0.0,0.2963,-0.0135,0.0,0.3,0.0
78.4528,0.9954575676114257,0.030944209423702435,-0.03277516264570272,-0.08385985751140851,0.5815,0.0,9.2953,0.6,0.0,1.0,0.0,0.0,0.0,0.3002,-0.0135,0.0,0.3,0.0
78.4729,0.9958940921299919,0.029601497438257053,-0.032287451837255704,-0.07922265499116532,0.5815,0.0,9.4312,0.6,0.0,1.0,0.0,0.0,0.0,0.2809,-0.0135,0.0,0.3,0.0
78.493,0.9962462311014623,0.028136131020290393,-0.031798017923524685,-0.07543667015103557,0.5815,0.0,9.2682,0.6,0.0,1.0,0.0,0.0,0.0,0.3233,-0.0135,0.0,0.3,0.0
78.5131,0.9966650117657658,0.026489585033621248,-0.031006684795668385,-0.07068056100990266,0.5815,0.0,9.4619,0.6,0.0,1.0,0.0,0.0,0.0,0.2655,-0.0135,0.0,0.3,0.0
78.5332,0.9966650117657658,0.026489585033621248,-0.031006684795668385,-0.07068056100990266,0.5815,0.0,9.4619,0.6,0.0,1.0,0.0,0.0,0.0,0.3387,-0.0135,0.0,0.3,0.0
78.5533,0.996862933926859,0.025817376721858798,-0.030822255895028797,-0.06817435414785984,0.5815,0.0,9.4111,0.6,0.0,1.0,0.0,0.0,0.0,0.2578,-0.0135,0.0,0.3,0.0
78.5734,0.9970094757162058,0.02545201214425233,-0.03064001461967198,-0.06622303159786352,0.5815,0.0,9.8137,0.6,0.0,1.0,0.0,0.0,0.0,0.3271,-0.0135,0.0,0.3,0.0
78.5935,0.99714755395596,0.02471941037460211,-0.030518506647198792,-0.06445407002201653,0.5815,0.0,9.7063,0.6,0.0,1.0,0.0,0.0,0.0,0.2617,-0.0135,0.0,0.3,0.0
78.6136,0.9972645991812024,0.024231281833957608,-0.030396353539885894,-0.0628667312027395,0.5815,0.0,9.6664,0.6,0.0,1.0,0.0,0.0,0.0,0.3117,-0.0135,0.0,0.3,0.0
78.6336,0.9973586096579825,0.024047604807675316,-0.030578497480618062,-0.06133899197034287,0.5815,0.0,9.5161,0.6,0.0,1.0,0.0,0.0,0.0,0.2848,-0.0135,0.0,0.3,0.0
78.6538,0.9974520281568655,0.02423136508297668,-0.03076246348407117,-0.059631898446740994,0.5815,0.0,9.9558,0.6,0.0,1.0,0.0,0.0,0.0,0.2886,-0.0135,0.0,0.3,0.0
78.6739,0.9975648692769629,0.024658145078768633,-0.030945182069206552,-0.057434337920917955,0.5815,0.0,9.713,0.6,0.0,1.0,0.0,0.0,0.0,0.3117,-0.0135,0.0,0.3,0.0
78.6939,0.99768240294697,0.025513035876583847,-0.03100604360088419,-0.054932077245816,0.5815,0.0,9.842,0.6,0.0,1.0,0.0,0.0,0.0,0.2694,-0.0135,0.0,0.3,0.0
78.714,0.9977788622976209,0.027160342952331953,-0.03124924403594762,-0.052183737600509705,0.5815,0.0,9.6791,0.6,0.0,1.0,0.0,0.0,0.0,0.3348,-0.0135,0.0,0.3,0.0
78.7341,0.9978307851437137,0.028870803923318554,-0.031738883786570284,-0.049928390283322695,0.5815,0.0,9.6275,0.6,0.0,1.0,0.0,0.0,0.0,0.254,-0.0135,0.0,0.3,0.0
78.7542,0.997823820889399,0.030701640629588644,-0.03241067629083638,-0.04852401251651506,0.5815,0.0,9.5001,0.6,0.0,1.0,0.0,0.0,0.0,0.3387,-0.0135,0.0,0.3,0.0
78.7743,0.9977792563515504,0.03179824331328224,-0.03326320845224756,-0.04815585405949041,0.5815,0.0,9.13,0.6,0.0,1.0,0.0,0.0,0.0,0.254,-0.0135,0.0,0.3,0.0
78.7944,0.9976906771217146,0.03295931968961482,-0.03424133212452139,-0.04852347065442459,0.5815,0.0,9.4915,0.6,0.0,1.0,0.0,0.0,0.0,0.3233,-0.0135,0.0,0.3,0.0
78.8145,0.9975885848549334,0.033753000991443835,-0.03546205167568113,-0.04919545895867167,0.5815,0.0,9.3843,0.6,0.0,1.0,0.0,0.0,0.0,0.2694,-0.0135,0.0,0.3,0.0
78.8346,0.9974728759805799,0.03460612835219713,-0.03668107608909454,-0.050047739413965786,0.5815,0.0,9.5932,0.6,0.0,1.0,0.0,0.0,0.0,0.3079,-0.0135,0.0,0.3,0.0
78.8547,0.9973682089225397,0.0350337614552122,-0.03784174233567789,-0.050963652988623376,0.5815,0.0,9.3453,0.6,0.0,1.0,0.0,0.0,0.0,0.2886,-0.0135,0.0,0.3,0.0
78.8748,0.997257631523513,0.03515616327435529,-0.03887918056501475,-0.05224624264512362,0.5815,0.0,9.543,0.6,0.0,1.0,0.0,0.0,0.0,0.2925,-0.0135,0.0,0.3,0.0
78.8952,0.9971587950420621,0.03509597827366833,-0.03979610928624108,-0.053468490393452694,0.5815,0.0,9.3218,0.6,0.0,1.0,0.0,0.0,0.0,0.3194,-0.0135,0.0,0.3,0.0
78.9152,0.9970698838533302,0.034789995947383204,-0.04070999525777435,-0.0546259936367276,0.5815,0.0,9.5244,0.6,0.0,1.0,0.0,0.0,0.0,0.2655,-0.0135,0.0,0.3,0.0
78.9353,0.9969853886357497,0.0344841833194122,-0.041625014204838384,-0.05566268175414702,0.5815,0.0,9.6083,0.6,0.0,1.0,0.0,0.0,0.0,0.3387,-0.0135,0.0,0.3,0.0
78.9555,0.996913709050302,0.033936909228760186,-0.04229813324047822,-0.05676452082013528,0.5815,0.0,9.4921,0.6,0.0,1.0,0.0,0.0,0.0,0.2578,-0.0135,0.0,0.3,0.0
78.9755,0.9968521789614304,0.03350887999775248,-0.042848125261540526,-0.05767951475797922,0.5815,0.0,9.6505,0.6,0.0,1.0,0.0,0.0,0.0,0.3271,-0.0135,0.0,0.3,0.0
78.9956,0.996815327786898,0.03283664844068913,-0.04315153800629219,-0.05847137398739156,0.5815,0.0,9.537,0.6,0.0,1.0,0.0,0.0,0.0,0.2617,-0.0135,0.0,0.3,0.0
79.0157,0.996778292962474,0.03234943140965331,-0.04345757954710512,-0.05914378873724452,0.5815,0.0,9.6841,0.6,0.0,1.0,0.0,0.0,0.0,0.3117,-0.0135,0.0,0.3,0.0
79.0358,0.9967575705506062,0.03161576434819438,-0.043639674726568906,-0.05975255462732976,0.5815,0.0,9.3828,0.6,0.0,1.0,0.0,0.0,0.0,0.2848,-0.0135,0.0,0.3,0.0
79.056,0.9967418135019495,0.031066277327218624,-0.04363898485723823,-0.06030159724670103,0.5815,0.0,9.6007,0.6,0.0,1.0,0.0,0.0,0.0,0.2886,-0.0135,0.0,0.3,0.0
79.076,0.9967314668778933,0.03051884100613577,-0.043580200937361244,-0.06079267526063298,0.5815,0.0,9.452,0.6,0.0,1.0,0.0,0.0,0.0,0.3117,-0.0135,0.0,0.3,0.0
79.0961,0.996726290389628,0.029968670207399975,-0.04339697051255768,-0.06128037044978846,0.5815,0.0,9.7843,0.6,0.0,1.0,0.0,0.0,0.0,0.2694,-0.0135,0.0,0.3,0.0
79.1162,0.9967253049211067,0.029175623626546385,-0.043091921086255695,-0.06189132292191796,0.5815,0.0,9.5916,0.6,0.0,1.0,0.0,0.0,0.0,0.3387,-0.0135,0.0,0.3,0.0
79.1363,0.9967123578020605,0.02813723594113857,-0.04284735929096791,-0.062744526136077,0.5815,0.0,9.6174,0.6,0.0,1.0,0.0,0.0,0.0,0.2501,-0.0135,0.0,0.3,0.0
79.1564,0.996687563674201,0.027465547067008475,-0.04241830048188421,-0.06371994919743851,0.5815,0.0,9.5824,0.6,0.0,1.0,0.0,0.0,0.0,0.3425,-0.0135,0.0,0.3,0.0
79.1765,0.9966501556180007,0.026550190621574557,-0.04193130105285282,-0.06500246669618032,0.5815,0.0,9.3171,0.6,0.0,1.0,0.0,0.0,0.0,0.254,-0.0135,0.0,0.3,0.0
79.1966,0.996563725486407,0.024535550078703495,-0.040954249000379084,-0.06768675879227581,0.5815,0.0,9.4682,0.6,0.0,1.0,0.0,0.0,0.0,0.3271,-0.0135,0.0,0.3,0.0
79.2167,0.9965302460423483,0.02319321519211356,-0.04040537489058543,-0.06897063992584279,0.5815,0.0,9.614,0.6,0.0,1.0,0.0,0.0,0.0,0.2617,-0.0135,0.0,0.3,0.0
79.2368,0.9965302460423483,0.02319321519211356,-0.04040537489058543,-0.06897063992584279,0.5815,0.0,9.614,0.6,0.0,1.0,0.0,0.0,0.0,0.3117,-0.0135,0.0,0.3,0.0
79.2569,0.9964736786437274,0.020996288217092214,-0.03961254376335761,-0.07092397357691133,0.5815,0.0,9.5393,0.6,0.0,1.0,0.0,0.0,0.0,0.2848,-0.0135,0.0,0.3,0.0
79.2799,0.9964173843164549,0.019958368240220847,-0.03924672411843407,-0.07220633223695488,0.5815,0.0,9.5948,0.6,0.0,1.0,0.0,0.0,0.0,0.3117,-0.0135,0.0,0.3,0.0
79.3,0.9963567113118547,0.01873835190122382,-0.03912473475202693,-0.07342637892770616,0.5815,0.0,9.4739,0.6,0.0,1.0,0.0,0.0,0.0,0.2655,-0.0135,0.0,0.3,0.0
79.3202,0.996325790591442,0.01788278085664379,-0.038817524313213586,-0.07421809049931477,0.5815,0.0,9.7369,0.6,0.0,1.0,0.0,0.0,0.0,0.3387,-0.0135,0.0,0.3,0.0
79.3403,0.9963222794611454,0.01721172842357237,-0.03839039425455301,-0.07464482221159542,0.5815,0.0,9.5461,0.6,0.0,1.0,0.0,0.0,0.0,0.2501,-0.0135,0.0,0.3,0.0
79.3604,0.9963427946661356,0.0169680816549153,-0.03772018151953116,-0.07476835980520424,0.5815,0.0,9.819,0.6,0.0,1.0,0.0,0.0,0.0,0.3348,-0.0135,0.0,0.3,0.0
79.3804,0.996375303275723,0.017089593559389476,-0.03716911600950886,-0.07458322619233836,0.5815,0.0,9.5359,0.6,0.0,1.0,0.0,0.0,0.0,0.254,-0.0135,0.0,0.3,0.0
79.4005,0.9963914898086552,0.017455868428310234,-0.03668172351554054,-0.07452343828777447,0.5815,0.0,9.5902,0.6,0.0,1.0,0.0,0.0,0.0,0.3194,-0.0135,0.0,0.3,0.0
79.4206,0.9964140249516822,0.017822268742430376,-0.036133544858615,-0.07440312192651244,0.5815,0.0,9.541,0.6,0.0,1.0,0.0,0.0,0.0,0.2732,-0.0135,0.0,0.3,0.0
79.4407,0.9964443762358783,0.017882719607637258,-0.035644441112466015,-0.074217836300354,0.5815,0.0,9.3566,0.6,0.0,1.0,0.0,0.0,0.0,0.3002,-0.0135,0.0,0.3,0.0
79.4607,0.9964774383059685,0.01837232151471936,-0.03509561417151512,-0.07391529351398685,0.5815,0.0,9.5339,0.6,0.0,1.0,0.0,0.0,0.0,0.2925,-0.0135,0.0,0.3,0.0
79.4808,0.9965245637102516,0.01928706897323752,-0.03454612354173605,-0.07330326214264682,0.5815,0.0,9.4398,0.6,0.0,1.0,0.0,0.0,0.0,0.2886,-0.0135,0.0,0.3,0.0
79.5009,0.9965313559030238,0.020386211852473808,-0.03436335710225434,-0.07299875859937616,0.5815,0.0,9.5167,0.6,0.0,1.0,0.0,0.0,0.0,0.3156,-0.0135,0.0,0.3,0.0
79.5209,0.9965287605891238,0.021240165410375687,-0.034180266182986856,-0.07287656753514776,0.5815,0.0,9.2953,0.6,0.0,1.0,0.0,0.0,0.0,0.2694,-0.0135,0.0,0.3,0.0
79.541,0.9965195988889481,0.022155968848607845,-0.033996952200131825,-0.07281489762192545,0.5815,0.0,9.5521,0.6,0.0,1.0,0.0,0.0,0.0,0.3387,-0.0135,0.0,0.3,0.0
79.5611,0.9965016276236738,0.022643559800456268,-0.03381234267500563,-0.0729965809182877,0.5815,0.0,9.4334,0.6,0.0,1.0,0.0,0.0,0.0,0.2501,-0.0135,0.0,0.3,0.0
79.5812,0.9964749762734697,0.023560354094497474,-0.03356950452454097,-0.07318209987221641,0.5815,0.0,9.6518,0.6,0.0,1.0,0.0,0.0,0.0,0.3425,-0.0135,0.0,0.3,0.0
79.6013,0.9964726460804251,0.02417030674162925,-0.03320342137949176,-0.0731819287405532,0.5815,0.0,9.3937,0.6,0.0,1.0,0.0,0.0,0.0,0.2501,-0.0135,0.0,0.3,0.0
79.6213,0.9964811721474909,0.02490252910183733,-0.032532691219218195,-0.07312155360719402,0.5815,0.0,9.6611,0.6,0.0,1.0,0.0,0.0,0.0,0.3271,-0.0135,0.0,0.3,0.0
79.6414,0.9965038279804437,0.025207565616510875,-0.031737453091749517,-0.07305774104953455,0.5815,0.0,9.4785,0.6,0.0,1.0,0.0,0.0,0.0,0.2655,-0.0135,0.0,0.3,0.0
79.6615,0.9965180967513957,0.025695925137677853,-0.030883910023040258,-0.07305878715105873,0.5815,0.0,9.7013,0.6,0.0,1.0,0.0,0.0,0.0,0.3079,-0.0135,0.0,0.3,0.0
79.6815,0.9965376949739119,0.026184438667320523,-0.02996850206165067,-0.07299922295436384,0.5815,0.0,9.5004,0.6,0.0,1.0,0.0,0.0,0.0,0.2925,-0.0135,0.0,0.3,0.0
79.7016,0.9965415132074888,0.026855552805397098,-0.028931595539487733,-0.0731215051621909,0.5815,0.0,9.8011,0.6,0.0,1.0,0.0,0.0,0.0,0.2848,-0.0135,0.0,0.3,0.0
79.7217,0.996556497800754,0.02752629559329926,-0.02777028934942106,-0.07311812888371566,0.5815,0.0,9.3684,0.6,0.0,1.0,0.0,0.0,0.0,0.3271,-0.0135,0.0,0.3,0.0
79.7417,0.996570133798945,0.0278926678808708,-0.02673268169287343,-0.0731801286412363,0.5815,0.0,9.4226,0.6,0.0,1.0,0.0,0.0,0.0,0.2617,-0.0135,0.0,0.3,0.0
79.7618,0.9965779423106169,0.028380884443746347,-0.025390896617848675,-0.07336370129068759,0.5815,0.0,9.7276,0.6,0.0,1.0,0.0,0.0,0.0,0.3425,-0.0135,0.0,0.3,0.0
79.7819,0.9965779423106169,0.028380884443746347,-0.025390896617848675,-0.07336370129068759,0.5815,0.0,9.7276,0.6,0.0,1.0,0.0,0.0,0.0,0.2501,-0.0135,0.0,0.3,0.0
79.802,0.9966039019358964,0.02832062239015415,-0.024597540569584086,-0.07330461098395019,0.5815,0.0,9.6511,0.6,0.0,1.0,0.0,0.0,0.0,0.331,-0.0135,0.0,0.3,0.0
79.8221,0.996634658950783,0.028136764517383037,-0.024108798228296813,-0.07311938804815898,0.5815,0.0,9.5134,0.6,0.0,1.0,0.0,0.0,0.0,0.2578,-0.0135,0.0,0.3,0.0
79.8421,0.9966627082186978,0.027710547954222443,-0.02380447071462688,-0.07299944350639942,0.5815,0.0,9.3237,0.6,0.0,1.0,0.0,0.0,0.0,0.3156,-0.0135,0.0,0.3,0.0
79.8622,0.9966691912003613,0.027527723393604674,-0.023743623952277967,-0.07299991834512852,0.5815,0.0,9.6262,0.6,0.0,1.0,0.0,0.0,0.0,0.2771,-0.0135,0.0,0.3,0.0
79.8823,0.9966795708907421,0.027160334286772652,-0.023742418061589887,-0.07299621082676744,0.5815,0.0,9.4743,0.6,0.0,1.0,0.0,0.0,0.0,0.2963,-0.0135,0.0,0.3,0.0
79.9023,0.9966631369419219,0.027100547549248923,-0.023926483419311053,-0.07318247860522453,0.5815,0.0,9.7342,0.6,0.0,1.0,0.0,0.0,0.0,0.3002,-0.0135,0.0,0.3,0.0
79.9224,0.9966402685391667,0.02679392656672292,-0.024291933423857322,-0.07348579859976856,0.5815,0.0,9.592,0.6,0.0,1.0,0.0,0.0,0.0,0.2771,-0.0135,0.0,0.3,0.0
79.9425,0.9966073527104629,0.026611676974878262,-0.02471962884303542,-0.07385487879544866,0.5815,0.0,9.6357,0.6,0.0,1.0,0.0,0.0,0.0,0.3271,-0.0135,0.0,0.3,0.0
79.9625,0.9965765430961415,0.026061857294403922,-0.025268861636570192,-0.07427959327098162,0.5815,0.0,9.3684,0.6,0.0,1.0,0.0,0.0,0.0,0.2617,-0.0135,0.0,0.3,0.0
79.9826,0.9965520919436399,0.025635799824564875,-0.025757803631024662,-0.07458732708855748,0.5815,0.0,9.6612,0.6,0.0,1.0,0.0,0.0,0.0,0.3387,-0.0135,0.0,0.3,0.0
80.0027,0.9965321577850943,0.02526928293038636,-0.02618429317540212,-0.0748298378407487,0.5815,0.0,9.3991,0.6,0.0,1.0,0.0,0.0,0.0,0.2617,-0.0135,0.0,0.3,0.0
80.0228,0.9965180525197059,0.02508492580433009,-0.02654992147119648,-0.07495077831215241,0.5815,0.0,9.8237,0.6,0.0,1.0,0.0,0.0,0.0,0.3271,-0.0135,0.0,0.3,0.0
80.0429,0.996502448071869,0.025084533000190506,-0.026793501184257686,-0.07507160238881024,0.5815,0.0,9.6357,0.6,0.0,1.0,0.0,0.0,0.0,0.2732,-0.0135,0.0,0.3,0.0
80.0629,0.9964915094943632,0.025207254008027844,-0.02691620343280249,-0.07513177652487957,0.5815,0.0,9.3118,0.6,0.0,1.0,0.0,0.0,0.0,0.3079,-0.0135,0.0,0.3,0.0
80.083,0.9964769849444944,0.025635436955875918,-0.027039460887455773,-0.07513528068042839,0.5815,0.0,9.5245,0.6,0.0,1.0,0.0,0.0,0.0,0.2925,-0.0135,0.0,0.3,0.0
80.1031,0.9964645078831005,0.025879117073948542,-0.02710012259762763,-0.0751953401744875,0.5815,0.0,9.3543,0.6,0.0,1.0,0.0,0.0,0.0,0.2848,-0.0135,0.0,0.3,0.0
80.1231,0.9964472735359102,0.026427662470151367,-0.027038654666657436,-0.07525503885476442,0.5815,0.0,9.6176,0.6,0.0,1.0,0.0,0.0,0.0,0.3194,-0.0135,0.0,0.3,0.0
80.1432,0.9964314918868455,0.02648986378809157,-0.027039881723213702,-0.07544146001396207,0.5815,0.0,9.5396,0.6,0.0,1.0,0.0,0.0,0.0,0.2655,-0.0135,0.0,0.3,0.0
80.1633,0.9964019876431017,0.02679408034021438,-0.026978080891927422,-0.07574522711687465,0.5815,0.0,9.7953,0.6,0.0,1.0,0.0,0.0,0.0,0.3387,-0.0135,0.0,0.3,0.0
80.1833,0.9963835505770589,0.026916582644987294,-0.02685458360631324,-0.0759878217709975,0.5815,0.0,9.3847,0.6,0.0,1.0,0.0,0.0,0.0,0.2617,-0.0135,0.0,0.3,0.0
80.2034,0.996364267297652,0.02722271767650806,-0.02673370478458929,-0.07617400818657609,0.5815,0.0,9.6735,0.6,0.0,1.0,0.0,0.0,0.0,0.331,-0.0135,0.0,0.3,0.0
80.2235,0.9963436097620979,0.027588155330938655,-0.026611149830056847,-0.0763554299077071,0.5815,0.0,9.4379,0.6,0.0,1.0,0.0,0.0,0.0,0.2655,-0.0135,0.0,0.3,0.0
80.2436,0.9963294598427109,0.02777076195958794,-0.0264277734711746,-0.07653734395098993,0.5815,0.0,9.3337,0.6,0.0,1.0,0.0,0.0,0.0,0.3079,-0.0135,0.0,0.3,0.0
80.2636,0.9963068999968636,0.02813612172296124,-0.026366176972289827,-0.07671860520692715,0.5815,0.0,9.603,0.6,0.0,1.0,0.0,0.0,0.0,0.2963,-0.0135,0.0,0.3,0.0
80.2837,0.9962987176642507,0.028137613353433868,-0.026306573439792126,-0.07684467508682226,0.5815,0.0,9.5842,0.6,0.0,1.0,0.0,0.0,0.0,0.2886,-0.0135,0.0,0.3,0.0
80.3038,0.9962920888578188,0.028320428913297647,-0.026184396563057388,-0.07690516472981085,0.5815,0.0,9.6484,0.6,0.0,1.0,0.0,0.0,0.0,0.3233,-0.0135,0.0,0.3,0.0
80.3238,0.9962849055869615,0.028076222786694402,-0.026184207773429478,-0.07708761169532376,0.5815,0.0,9.4485,0.6,0.0,1.0,0.0,0.0,0.0,0.2617,-0.0135,0.0,0.3,0.0
80.3439,0.9962656221601321,0.028258677272107242,-0.02618370096934979,-0.07727011753752772,0.5815,0.0,9.6892,0.6,0.0,1.0,0.0,0.0,0.0,0.3425,-0.0135,0.0,0.3,0.0
80.364,0.9962629477688798,0.028075603995233327,-0.026122631541796552,-0.07739190839161897,0.5815,0.0,9.5121,0.6,0.0,1.0,0.0,0.0,0.0,0.2501,-0.0135,0.0,0.3,0.0
80.384,0.996263233328762,0.027953613728382985,-0.026061639872258603,-0.07745292973163675,0.5815,0.0,9.6749,0.6,0.0,1.0,0.0,0.0,0.0,0.3348,-0.0135,0.0,0.3,0.0
80.4041,0.9962703252467984,0.027526815577463514,-0.026061825392518397,-0.07751448067305128,0.5815,0.0,9.4134,0.6,0.0,1.0,0.0,0.0,0.0,0.2578,-0.0135,0.0,0.3,0.0
80.4242,0.9962691401708542,0.027282784758938947,-0.02600079487289416,-0.0776363875061299,0.5815,0.0,9.6631,0.6,0.0,1.0,0.0,0.0,0.0,0.3156,-0.0135,0.0,0.3,0.0
80.4442,0.996274097609211,0.027099921051283553,-0.02600092425293075,-0.07763677382503698,0.5815,0.0,9.482,0.6,0.0,1.0,0.0,0.0,0.0,0.2809,-0.0135,0.0,0.3,0.0
80.4643,0.9962774545701236,0.026917012281387626,-0.02587901180778059,-0.07769803545117421,0.5815,0.0,9.8281,0.6,0.0,1.0,0.0,0.0,0.0,0.2963,-0.0135,0.0,0.3,0.0
80.4844,0.9962775926010325,0.02679401593748734,-0.025818015356947374,-0.07775904625226088,0.5815,0.0,9.6903,0.6,0.0,1.0,0.0,0.0,0.0,0.304,-0.0135,0.0,0.3,0.0
80.5044,0.9962809679509083,0.026428105256877967,-0.02569610234148388,-0.07788131018279522,0.5815,0.0,9.4411,0.6,0.0,1.0,0.0,0.0,0.0,0.2732,-0.0135,0.0,0.3,0.0
80.5245,0.996292060872124,0.02624539674968798,-0.025635387528224474,-0.0778211764168687,0.5815,0.0,9.6526,0.6,0.0,1.0,0.0,0.0,0.0,0.3348,-0.0135,0.0,0.3,0.0
80.5446,0.9963015127146584,0.02581863523424415,-0.0255136277299276,-0.07788291620877569,0.5815,0.0,9.3304,0.6,0.0,1.0,0.0,0.0,0.0,0.254,-0.0135,0.0,0.3,0.0
80.5647,0.9963082426739306,0.025817228901593183,-0.02545123983280461,-0.07781767577356803,0.5815,0.0,9.6292,0.6,0.0,1.0,0.0,0.0,0.0,0.3464,-0.0135,0.0,0.3,0.0
80.5847,0.996319127546641,0.025512516737389784,-0.025329520203742517,-0.07781852594770007,0.5815,0.0,9.5031,0.6,0.0,1.0,0.0,0.0,0.0,0.2501,-0.0135,0.0,0.3,0.0
80.6048,0.9963300980436729,0.02557379717261501,-0.025207800075360876,-0.07769738377718938,0.5815,0.0,9.7491,0.6,0.0,1.0,0.0,0.0,0.0,0.3271,-0.0135,0.0,0.3,0.0
80.6249,0.9963347544109484,0.025451917089649764,-0.02514591808645029,-0.07769774689736003,0.5815,0.0,9.4663,0.6,0.0,1.0,0.0,0.0,0.0,0.2617,-0.0135,0.0,0.3,0.0
80.6449,0.9963362548224317,0.02551295531163592,-0.02502395616816435,-0.07769786390481265,0.5815,0.0,9.7046,0.6,0.0,1.0,0.0,0.0,0.0,0.3079,-0.0135,0.0,0.3,0.0
80.665,0.9963362213954691,0.02557395434678566,-0.024962955437507244,-0.07769786129805868,0.5815,0.0,9.4857,0.6,0.0,1.0,0.0,0.0,0.0,0.2886,-0.0135,0.0,0.3,0.0
80.6851,0.9963439204735041,0.025635152329167694,-0.024780147248557646,-0.07763746133721833,0.5815,0.0,9.8758,0.6,0.0,1.0,0.0,0.0,0.0,0.2886,-0.0135,0.0,0.3,0.0
80.7051,0.9963595047887914,0.025696554618064138,-0.02465853221404986,-0.07745567175387374,0.5815,0.0,9.6013,0.6,0.0,1.0,0.0,0.0,0.0,0.3117,-0.0135,0.0,0.3,0.0
80.7252,0.9963739677586299,0.02557335751185941,-0.02459638205674535,-0.07733005721072612,0.5815,0.0,9.5964,0.6,0.0,1.0,0.0,0.0,0.0,0.2732,-0.0135,0.0,0.3,0.0
80.7453,0.9963708480928366,0.02587826882382913,-0.024596305045006563,-0.07726881681232278,0.5815,0.0,9.5733,0.6,0.0,1.0,0.0,0.0,0.0,0.3348,-0.0135,0.0,0.3,0.0
80.7653,0.9963687459319237,0.026001802363230103,-0.024536757154886877,-0.07727338450094812,0.5815,0.0,9.353,0.6,0.0,1.0,0.0,0.0,0.0,0.2578,-0.0135,0.0,0.3,0.0
80.7854,0.9963701491677388,0.026367850792708678,-0.02447578974291898,-0.07715048936002905,0.5815,0.0,9.7276,0.6,0.0,1.0,0.0,0.0,0.0,0.3387,-0.0135,0.0,0.3,0.0
80.8055,0.9963720323134216,0.026610279769341865,-0.024535335929524324,-0.07702391527989644,0.5815,0.0,9.4519,0.6,0.0,1.0,0.0,0.0,0.0,0.254,-0.0135,0.0,0.3,0.0
80.8256,0.9963702380609594,0.026916223016970966,-0.024657288225005382,-0.07690178009797277,0.5815,0.0,9.6519,0.6,0.0,1.0,0.0,0.0,0.0,0.331,-0.0135,0.0,0.3,0.0
80.8456,0.9963701304283178,0.027038216574536197,-0.024718283793999776,-0.07684077355808594,0.5815,0.0,9.398,0.6,0.0,1.0,0.0,0.0,0.0,0.2617,-0.0135,0.0,0.3,0.0
80.8657,0.9963707436968645,0.02740590063915315,-0.02484181637574177,-0.07666251935768958,0.5815,0.0,9.6406,0.6,0.0,1.0,0.0,0.0,0.0,0.3194,-0.0135,0.0,0.3,0.0
80.8858,0.9963643776304049,0.027527728765772416,-0.024963660884948467,-0.07666202954132711,0.5815,0.0,9.3006,0.6,0.0,1.0,0.0,0.0,0.0,0.2771,-0.0135,0.0,0.3,0.0
80.9058,0.9963495332186108,0.027954323584559706,-0.02508529037413894,-0.07666088738614674,0.5815,0.0,9.5879,0.6,0.0,1.0,0.0,0.0,0.0,0.3002,-0.0135,0.0,0.3,0.0
80.9259,0.9963340125173569,0.0279538881242211,-0.02514589936222593,-0.07684269246367333,0.5815,0.0,9.5091,0.6,0.0,1.0,0.0,0.0,0.0,0.3002,-0.0135,0.0,0.3,0.0
80.946,0.9963276397404053,0.028014708690552267,-0.025145738523384868,-0.07690320032619057,0.5815,0.0,9.7821,0.6,0.0,1.0,0.0,0.0,0.0,0.2771,-0.0135,0.0,0.3,0.0
80.966,0.9963218206580735,0.02783154804148342,-0.02520759065211677,-0.07702474918954083,0.5815,0.0,9.3934,0.6,0.0,1.0,0.0,0.0,0.0,0.3271,-0.0135,0.0,0.3,0.0
80.9861,0.9963173816423281,0.02770942656539138,-0.025145479625165335,-0.07714640348851731,0.5815,0.0,9.7518,0.6,0.0,1.0,0.0,0.0,0.0,0.2617,-0.0135,0.0,0.3,0.0
81.0062,0.9962967259214798,0.027588546232344816,-0.025146497881634863,-0.07745553356096986,0.5815,0.0,9.3738,0.6,0.0,1.0,0.0,0.0,0.0,0.3387,-0.0135,0.0,0.3,0.0
81.0263,0.9962859294847941,0.027405245627000106,-0.025024224286445924,-0.07769869639579102,0.5815,0.0,9.5645,0.6,0.0,1.0,0.0,0.0,0.0,0.254,-0.0135,0.0,0.3,0.0
81.0464,0.9962765893607778,0.027282988754663718,-0.024962989710906797,-0.07788096789949661,0.5815,0.0,9.5527,0.6,0.0,1.0,0.0,0.0,0.0,0.3348,-0.0135,0.0,0.3,0.0
81.0665,0.9962765893607778,0.027282988754663718,-0.024962989710906797,-0.07788096789949661,0.5815,0.0,9.5527,0.6,0.0,1.0,0.0,0.0,0.0,0.254,-0.0135,0.0,0.3,0.0
81.0866,0.9962893681255669,0.026978334914177025,-0.024780307627448536,-0.07788196684153831,0.5815,0.0,9.7849,0.6,0.0,1.0,0.0,0.0,0.0,0.3194,-0.0135,0.0,0.3,0.0
81.1066,0.9962926666684462,0.026855422300606283,-0.02478038967078844,-0.07788222469534606,0.5815,0.0,9.3358,0.6,0.0,1.0,0.0,0.0,0.0,0.2771,-0.0135,0.0,0.3,0.0
81.1267,0.9962895765998753,0.026672336696593295,-0.024719312042707314,-0.07800398467847802,0.5815,0.0,9.4092,0.6,0.0,1.0,0.0,0.0,0.0,0.304,-0.0135,0.0,0.3,0.0
81.1468,0.99627381930178,0.02654991523688921,-0.024718921082510892,-0.07824675018986328,0.5815,0.0,9.6419,0.6,0.0,1.0,0.0,0.0,0.0,0.2925,-0.0135,0.0,0.3,0.0
81.1669,0.9962675581107412,0.02624475127160057,-0.024718765733766218,-0.07842925670533935,0.5815,0.0,9.3847,0.6,0.0,1.0,0.0,0.0,0.0,0.2848,-0.0135,0.0,0.3,0.0
81.1869,0.9962630348522695,0.026244632115062196,-0.024901650940342107,-0.07842890062047349,0.5815,0.0,9.6528,0.6,0.0,1.0,0.0,0.0,0.0,0.3194,-0.0135,0.0,0.3,0.0
81.207,0.9962679810783478,0.025878765727128675,-0.025084772914912578,-0.07842929000265476,0.5815,0.0,9.57,0.6,0.0,1.0,0.0,0.0,0.0,0.2617,-0.0135,0.0,0.3,0.0
81.2271,0.996253904037244,0.025695404308381135,-0.025451409964855082,-0.07855017898629951,0.5815,0.0,9.7625,0.6,0.0,1.0,0.0,0.0,0.0,0.3387,-0.0135,0.0,0.3,0.0
81.2471,0.9962258812638456,0.024902246997872232,-0.02600125789862966,-0.07897978337663443,0.5815,0.0,9.256,0.6,0.0,1.0,0.0,0.0,0.0,0.2501,-0.0135,0.0,0.3,0.0
81.2672,0.9961428059523572,0.023925707119088997,-0.02691667050591484,-0.08001602050272272,0.5815,0.0,9.6242,0.6,0.0,1.0,0.0,0.0,0.0,0.3387,-0.0135,0.0,0.3,0.0
81.2873,0.9960119247326569,0.022643520870941312,-0.028258402062000105,-0.08154127461487226,0.5815,0.0,9.6455,0.6,0.0,1.0,0.0,0.0,0.0,0.254,-0.0135,0.0,0.3,0.0
81.3073,0.9958536675759767,0.021301078448597563,-0.02984610991863493,-0.08325230660544786,0.5815,0.0,9.8834,0.6,0.0,1.0,0.0,0.0,0.0,0.3233,-0.0135,0.0,0.3,0.0
81.3274,0.995705139325977,0.01971354739112721,-0.031554275536523235,-0.08477605360276873,0.5815,0.0,9.7069,0.6,0.0,1.0,0.0,0.0,0.0,0.2694,-0.0135,0.0,0.3,0.0
81.3475,0.9955674706020716,0.01806642591778669,-0.03350878997305415,-0.08600102748277072,0.5815,0.0,9.8987,0.6,0.0,1.0,0.0,0.0,0.0,0.304,-0.0135,0.0,0.3,0.0
81.3676,0.9954411766795948,0.016357315115547118,-0.03570668787159779,-0.08691567438727532,0.5815,0.0,9.4428,0.6,0.0,1.0,0.0,0.0,0.0,0.2925,-0.0135,0.0,0.3,0.0
81.3876,0.9952978249496738,0.014281968789240674,-0.03784191730306999,-0.08801280766331315,0.5815,0.0,9.5597,0.6,0.0,1.0,0.0,0.0,0.0,0.2848,-0.0135,0.0,0.3,0.0
81.4077,0.9951295324476791,0.012207153734273286,-0.03979550117599779,-0.0893561253318579,0.5815,0.0,9.8379,0.6,0.0,1.0,0.0,0.0,0.0,0.3194,-0.0135,0.0,0.3,0.0
81.4278,0.9949215745493043,0.010131873464303717,-0.041930476335542734,-0.09094086425095815,0.5815,0.0,10.0229,0.6,0.0,1.0,0.0,0.0,0.0,0.2655,-0.0135,0.0,0.3,0.0
81.4478,0.994678682010556,0.008666901383330983,-0.04370050275215725,-0.09289494299133655,0.5815,0.0,9.6397,0.6,0.0,1.0,0.0,0.0,0.0,0.3387,-0.0135,0.0,0.3,0.0
81.4679,0.9943665932564547,0.007323864427772223,-0.04510416507573263,-0.09564022960144591,0.5815,0.0,9.0518,0.6,0.0,1.0,0.0,0.0,0.0,0.2578,-0.0135,0.0,0.3,0.0
81.488,0.9940441006332386,0.006348160297559514,-0.0469371852120751,-0.09814747832450799,0.5815,0.0,9.621,0.6,0.0,1.0,0.0,0.0,0.0,0.3233,-0.0135,0.0,0.3,0.3
81.5081,0.993821566039204,0.005004932345938937,-0.048827339977523684,-0.09954665438032528,0.5815,0.0,9.8831,0.6,0.0,1.0,0.0,0.0,0.0,0.2809,0.0135,0.0,0.3,0.3
81.5282,0.9936257227775208,0.003539906384360348,-0.05041366677048777,-0.10076633515412631,0.568,0.0,10.716,0.6,0.0,1.0,0.0,0.0,0.0,0.2963,0.0541,0.0,0.3,0.3
81.5482,0.9935266972177355,0.002196992696533947,-0.051207829769735994,-0.10137866298676118,0.568,0.0,9.9197,0.6,0.0,1.0,0.0,0.0,0.0,0.3117,0.0811,0.0,0.3,0.3
81.5683,0.9932954250520215,0.0009770092705180917,-0.0521854951709173,-0.10314997875605915,0.568,0.0,10.7712,0.6,0.0,1.0,0.0,0.0,0.0,0.2732,0.1082,0.0,0.3,0.3
81.5884,0.9931393699117538,0.000670983359456038,-0.05297768614101478,-0.1042454146893771,0.568,0.0,10.7383,0.6,0.0,1.0,0.0,0.0,0.0,0.3387,0.1352,0.0,0.3,0.3
81.6084,0.9928666521739062,0.0004270032909791492,-0.053711413962015446,-0.10644582039408562,0.5815,0.0,10.3691,0.6,0.0,1.0,0.0,0.0,0.0,0.2578,0.1487,0.0,0.3,0.3
81.6285,0.9926786791133293,0.000549001481685088,-0.05389414545343474,-0.1080932917300278,0.5815,0.0,10.3153,0.6,0.0,1.0,0.0,0.0,0.0,0.331,0.1487,0.0,0.3,0.3
81.6486,0.9925104649861397,0.0006100107342233603,-0.05340693979005372,-0.10986493326882135,0.5815,0.0,9.5904,0.6,0.0,1.0,0.0,0.0,0.0,0.2694,0.2164,0.0,0.3,0.3
81.6687,0.992356400469726,0.0011599829343510552,-0.052978220585331096,-0.11144836037364148,0.5815,0.0,10.5209,0.6,0.0,1.0,0.0,0.0,0.0,0.3079,0.2164,0.0,0.3,0.3
81.6887,0.9922612731516804,0.0021360264202352386,-0.05291765453164223,-0.1123063891032386,0.595,0.0,9.8343,0.6,0.0,1.0,0.0,0.0,0.0,0.2963,0.2028,0.0,0.3,0.3
81.7088,0.992174174858599,0.0032349549235301985,-0.0525502677546939,-0.11321842239322644,0.6356,0.0,10.1361,0.6,0.0,1.0,0.0,0.0,0.0,0.2848,0.2164,0.0,0.3,0.3
81.7289,0.9921324010411277,0.0042110271687106245,-0.0519413351151741,-0.11383173441973365,0.6356,0.0,9.6849,0.6,0.0,1.0,0.0,0.0,0.0,0.3233,0.2434,0.0,0.3,0.3
81.7489,0.9919468440563994,0.004028015609625946,-0.05145319939475748,-0.1156624482225807,0.6356,0.0,9.4335,0.6,0.0,1.0,0.0,0.0,0.0,0.2617,0.284,0.0,0.3,0.3
81.769,0.9919518854175629,0.004761042647080556,-0.050598453236080934,-0.11596803878470685,0.622,0.0,10.0958,0.6,0.0,1.0,0.0,0.0,0.0,0.3387,0.2975,0.0,0.3,0.3
81.7891,0.992059959131949,0.005248973328848019,-0.049254749726120914,-0.11560041260967013,0.6085,0.0,9.7422,0.6,0.0,1.0,0.0,0.0,0.0,0.2501,0.311,0.0,0.3,0.3
81.8092,0.9921826459185814,0.005919968054278031,-0.04724074507637635,-0.11535537751170533,0.622,0.0,9.8509,0.6,0.0,1.0,0.0,0.0,0.0,0.3348,0.311,0.0,0.3,0.3
81.8292,0.9923551083014757,0.006713892482888069,-0.04540927281023933,-0.11456116540320299,0.6356,0.0,9.3834,0.6,0.0,1.0,0.0,0.0,0.0,0.254,0.311,0.0,0.3,0.3
81.8493,0.9924653926109086,0.009154745342640075,-0.04345579119116433,-0.11419382347279822,0.6085,0.0,10.1671,0.6,0.0,1.0,0.0,0.0,0.0,0.3194,0.311,0.0,0.3,0.3
81.8694,0.992476665299423,0.010619825213356549,-0.041869310892960296,-0.11456111449319822,0.622,0.0,9.2079,0.6,0.0,1.0,0.0,0.0,0.0,0.2732,0.311,0.0,0.3,0.3
81.8894,0.9925501433278572,0.012450951620340208,-0.04077084158002492,-0.1141355565126615,0.6085,0.0,9.6546,0.6,0.0,1.0,0.0,0.0,0.0,0.2963,0.311,0.0,0.3,0.3
81.9095,0.9926993249383873,0.01434333701791047,-0.03955192933105884,-0.11303965603385241,0.5815,0.0,9.5024,0.6,0.0,1.0,0.0,0.0,0.0,0.304,0.311,0.0,0.3,0.3
81.9296,0.9926969928001672,0.016113340752661597,-0.038208808010779735,-0.11328339563099715,0.595,0.0,9.5077,0.6,0.0,1.0,0.0,0.0,0.0,0.2732,0.311,0.0,0.3,0.3
81.9496,0.9926797219300502,0.018066067736490346,-0.03704813890742246,-0.11352542564956636,0.595,0.0,9.7648,0.6,0.0,1.0,0.0,0.0,0.0,0.3348,0.311,0.0,0.3,0.3
81.9697,0.9925867874381802,0.020324422313465963,-0.036497962608570425,-0.11413275597391148,0.595,0.0,10.1727,0.6,0.0,1.0,0.0,0.0,0.0,0.254,0.311,0.0,0.3,0.3
81.9898,0.9924921125715143,0.0225829798076183,-0.036010967801095625,-0.11468489745546225,0.595,0.0,9.715,0.6,0.0,1.0,0.0,0.0,0.0,0.3425,0.2975,0.0,0.3,0.3
82.0098,0.9923544836265935,0.024047599760827678,-0.035338411840813745,-0.11578207296688592,0.595,0.0,9.3196,0.6,0.0,1.0,0.0,0.0,0.0,0.2501,0.2975,0.0,0.3,0.3
82.0299,0.9920800052729616,0.02533038312365029,-0.03424151790512867,-0.11816578726502219,0.595,0.0,9.5353,0.6,0.0,1.0,0.0,0.0,0.0,0.3271,0.2975,0.0,0.3,0.3
82.05,0.9918946023727611,0.025574324930869797,-0.03326442263628892,-0.11993552382337291,0.595,0.0,10.0693,0.6,0.0,1.0,0.0,0.0,0.0,0.2655,0.2975,0.0,0.3,0.3
82.0701,0.9918265156597893,0.02563514255993643,-0.03259318125437907,-0.12066767104660997,0.595,0.0,9.4492,0.6,0.0,1.0,0.0,0.0,0.0,0.3079,0.2975,0.0,0.3,0.3
82.0902,0.99188693037222,0.025330125908453155,-0.03234916079796885,-0.12030059797816472,0.595,0.0,8.8544,0.6,0.0,1.0,0.0,0.0,0.0,0.2925,0.2975,0.0,0.3,0.3
82.1102,0.9920075390462808,0.02526909014899181,-0.03186011366286275,-0.1194464261322758,0.595,0.0,9.1027,0.6,0.0,1.0,0.0,0.0,0.0,0.2848,0.2975,0.0,0.3,0.3
82.1303,0.9920890793150331,0.024841602938582393,-0.031006752574923933,-0.11908289029935953,0.595,0.0,8.628,0.6,0.0,1.0,0.0,0.0,0.0,0.3194,0.2975,0.0,0.3,0.3
82.1504,0.9921089817882628,0.024901572849105182,-0.030333479672506478,-0.11907795738781807,0.595,0.0,8.7997,0.6,0.0,1.0,0.0,0.0,0.0,0.2617,0.2975,0.0,0.3,0.3
82.1705,0.992107620501042,0.024962537551246024,-0.029845447091875525,-0.11919979173911906,0.595,0.0,8.6163,0.6,0.0,1.0,0.0,0.0,0.0,0.3387,0.2975,0.0,0.3,0.3
82.1905,0.9920592189767644,0.025268852750902272,-0.029479828212299605,-0.11962830289040678,0.595,0.0,8.9237,0.6,0.0,1.0,0.0,0.0,0.0,0.254,0.2975,0.0,0.3,0.3
82.2106,0.9919431653618992,0.02514600419196498,-0.028748004792436534,-0.1207890201361353,0.595,0.0,8.5454,0.6,0.0,1.0,0.0,0.0,0.0,0.3348,0.2975,0.0,0.3,0.3
82.2307,0.9918159811491007,0.024596875533311392,-0.028197857311392214,-0.12206938229667515,0.595,0.0,8.7759,0.6,0.0,1.0,0.0,0.0,0.0,0.2578,0.2975,0.0,0.3,0.3
82.2507,0.9917402715818798,0.02404752162922588,-0.027892445143213457,-0.12286155594865296,0.595,0.0,8.757,0.6,0.0,1.0,0.0,0.0,0.0,0.3194,0.2975,0.0,0.3,0.3
82.2708,0.9917238699904978,0.023438587782015807,-0.02789369950523793,-0.12311108732265569,0.595,0.0,8.9874,0.6,0.0,1.0,0.0,0.0,0.0,0.2732,0.2975,0.0,0.3,0.3
82.2909,0.9917124556746424,0.022888310551368127,-0.027954379288401977,-0.12329267284990936,0.595,0.0,8.7044,0.6,0.0,1.0,0.0,0.0,0.0,0.3002,0.2975,0.0,0.3,0.3
82.3109,0.9916754158054825,0.0220944745454237,-0.027770339561030158,-0.12377605633663719,0.595,0.0,8.685,0.6,0.0,1.0,0.0,0.0,0.0,0.2963,0.2975,0.0,0.3,0.3
82.331,0.9916900363377344,0.02203380084145053,-0.027831748435111686,-0.12365588230240761,0.595,0.0,8.8915,0.6,0.0,1.0,0.0,0.0,0.0,0.2771,0.2975,0.0,0.3,0.3
82.3511,0.9917144958212142,0.021973343339742747,-0.028076438702344567,-0.12341492839337692,0.595,0.0,8.6113,0.6,0.0,1.0,0.0,0.0,0.0,0.331,0.2975,0.0,0.3,0.3
82.3711,0.9917415576948898,0.0222775857287315,-0.028502469971542956,-0.12304471187553756,0.595,0.0,9.0409,0.6,0.0,1.0,0.0,0.0,0.0,0.254,0.2975,0.0,0.3,0.3
82.3912,0.9917415576948898,0.0222775857287315,-0.028502469971542956,-0.12304471187553756,0.595,0.0,9.0409,0.6,0.0,1.0,0.0,0.0,0.0,0.3425,0.2975,0.0,0.3,0.3
82.4113,0.9917823978151366,0.022644511389979388,-0.028870651997381414,-0.12256176786099987,0.595,0.0,8.9865,0.6,0.0,1.0,0.0,0.0,0.0,0.2501,0.2975,0.0,0.3,0.3
82.4313,0.991849818539842,0.02343723955766595,-0.029052057379847625,-0.12182204737401697,0.595,0.0,9.2962,0.6,0.0,1.0,0.0,0.0,0.0,0.331,0.2975,0.0,0.3,0.3
82.4514,0.9919098039041789,0.023865668970878825,-0.029175817817950533,-0.12121939786189173,0.595,0.0,8.9289,0.6,0.0,1.0,0.0,0.0,0.0,0.2578,0.2975,0.0,0.3,0.3
82.4715,0.9919663824701903,0.024536578372233685,-0.02948069491414447,-0.12054684151053696,0.595,0.0,9.4771,0.6,0.0,1.0,0.0,0.0,0.0,0.3156,0.2975,0.0,0.3,0.3
82.4916,0.9920196254479883,0.02478039031959665,-0.02948046435115855,-0.12005789104961634,0.595,0.0,9.3051,0.6,0.0,1.0,0.0,0.0,0.0,0.2809,0.2975,0.0,0.3,0.3
82.5118,0.9920561801582803,0.025023777526957214,-0.029296739538333817,-0.11974993536727357,0.595,0.0,9.4092,0.6,0.0,1.0,0.0,0.0,0.0,0.2963,0.2975,0.0,0.3,0.3
82.5319,0.9920806108713597,0.02526939762627287,-0.028992456210412076,-0.11956988149029224,0.595,0.0,8.978,0.6,0.0,1.0,0.0,0.0,0.0,0.3002,0.2975,0.0,0.3,0.3
82.552,0.9921685829344075,0.02667147803040001,-0.028502442197828853,-0.11864967798676597,0.595,0.0,9.6725,0.6,0.0,1.0,0.0,0.0,0.0,0.2809,0.2975,0.0,0.3,0.3
82.572,0.9922314571159492,0.027526513324811343,-0.027770509010910584,-0.11810091194827593,0.595,0.0,9.3947,0.6,0.0,1.0,0.0,0.0,0.0,0.331,0.2975,0.0,0.3,0.3
82.5921,0.9922827034740858,0.02856321425969081,-0.027221251175511236,-0.1175507663171717,0.595,0.0,9.5138,0.6,0.0,1.0,0.0,0.0,0.0,0.2578,0.2975,0.0,0.3,0.3
82.6122,0.9923429184884651,0.02929617097129659,-0.026610246978092406,-0.11700068909190653,0.595,0.0,9.3409,0.6,0.0,1.0,0.0,0.0,0.0,0.3387,0.2975,0.0,0.3,0.3
82.6323,0.9924101827961376,0.03008933851421134,-0.025878431087048025,-0.116391441243706,0.595,0.0,9.7688,0.6,0.0,1.0,0.0,0.0,0.0,0.2617,0.2975,0.0,0.3,0.3
82.6523,0.9924542365192488,0.03125070019026647,-0.02496355932318789,-0.11590859700009676,0.595,0.0,9.5054,0.6,0.0,1.0,0.0,0.0,0.0,0.3194,0.2975,0.0,0.3,0.3
82.6724,0.9924806702535065,0.03277559282355537,-0.024230698978141618,-0.11541556617391646,0.595,0.0,9.8585,0.6,0.0,1.0,0.0,0.0,0.0,0.2848,0.2975,0.0,0.3,0.3
82.6925,0.9925510053307408,0.034423896138150105,-0.023681928548212595,-0.11444065471607114,0.595,0.0,9.9128,0.6,0.0,1.0,0.0,0.0,0.0,0.2963,0.2975,0.0,0.3,0.3
82.7125,0.9926284579994671,0.035339479130622825,-0.02288831031839313,-0.11364854084037157,0.595,0.0,9.3766,0.6,0.0,1.0,0.0,0.0,0.0,0.3117,0.2975,0.0,0.3,0.3
82.7326,0.9926933521366219,0.036011629478089426,-0.022339390489323797,-0.11297797483870564,0.595,0.0,9.4555,0.6,0.0,1.0,0.0,0.0,0.0,0.2732,0.2975,0.0,0.3,0.3
82.7527,0.9927487533759427,0.03631642995838852,-0.02215626231297653,-0.11242833106431727,0.595,0.0,9.4871,0.6,0.0,1.0,0.0,0.0,0.0,0.3387,0.2975,0.0,0.3,0.3
82.7727,0.992813003616164,0.036743555276973476,-0.022278336675296377,-0.11169568797066853,0.595,0.0,9.9677,0.6,0.0,1.0,0.0,0.0,0.0,0.2578,0.2975,0.0,0.3,0.3
82.7928,0.9928463522793834,0.03692552961122226,-0.02233871543045805,-0.11132658182738858,0.595,0.0,9.3577,0.6,0.0,1.0,0.0,0.0,0.0,0.331,0.2975,0.0,0.3,0.3
82.8129,0.9928445373598118,0.03704746033435393,-0.022521671929667426,-0.11126537921136259,0.595,0.0,9.5372,0.6,0.0,1.0,0.0,0.0,0.0,0.2694,0.2975,0.0,0.3,0.3
82.833,0.992861698349576,0.03741510168488113,-0.022949062369807205,-0.11090130140197786,0.595,0.0,9.2831,0.6,0.0,1.0,0.0,0.0,0.0,0.3117,0.2975,0.0,0.3,0.3
82.853,0.9929353075294128,0.03729257491881205,-0.023193357559047723,-0.110230699365165,0.595,0.0,9.0546,0.6,0.0,1.0,0.0,0.0,0.0,0.2848,0.2975,0.0,0.3,0.3
82.8731,0.9930675499641495,0.03686594849908501,-0.0236826093138568,-0.10907280626055066,0.595,0.0,8.7755,0.6,0.0,1.0,0.0,0.0,0.0,0.2886,0.2975,0.0,0.3,0.3
82.8932,0.9930675499641495,0.03686594849908501,-0.0236826093138568,-0.10907280626055066,0.595,0.0,8.7755,0.6,0.0,1.0,0.0,0.0,0.0,0.3117,0.2975,0.0,0.3,0.3
82.9132,0.993158135187619,0.036376785187260126,-0.024291856551362755,-0.10827536061070943,0.595,0.0,8.6405,0.6,0.0,1.0,0.0,0.0,0.0,0.2694,0.2975,0.0,0.3,0.3
82.9333,0.9932574578941021,0.036256184787888626,-0.024719807799526098,-0.10730350648849668,0.595,0.0,8.7643,0.6,0.0,1.0,0.0,0.0,0.0,0.3348,0.2975,0.0,0.3,0.3
82.9534,0.993319358271647,0.036131994532051154,-0.02508430196320546,-0.10668603118008485,0.595,0.0,8.6166,0.6,0.0,1.0,0.0,0.0,0.0,0.254,0.2975,0.0,0.3,0.3
82.9734,0.9933626178895528,0.03625557001892163,-0.026001408800495954,-0.10601966686708127,0.595,0.0,8.9932,0.6,0.0,1.0,0.0,0.0,0.0,0.3425,0.2975,0.0,0.3,0.3
82.9935,0.9934215173272147,0.03613349166262428,-0.027588375390598024,-0.10510443013911941,0.595,0.0,9.3303,0.6,0.0,1.0,0.0,0.0,0.0,0.254,0.2975,0.0,0.3,0.3
83.0136,0.9934849908567697,0.036194582577886096,-0.029114468618350434,-0.1040666750281184,0.595,0.0,9.8663,0.6,0.0,1.0,0.0,0.0,0.0,0.3271,0.2975,0.0,0.3,0.3
83.0336,0.993622234031621,0.03619291576783471,-0.030883074834884422,-0.10223093746501671,0.595,0.0,9.7782,0.6,0.0,1.0,0.0,0.0,0.0,0.2617,0.2975,0.0,0.3,0.3
83.0537,0.9937790634812017,0.03631618503742635,-0.03167716140077524,-0.10040351157376128,0.595,0.0,10.4678,0.6,0.0,1.0,0.0,0.0,0.0,0.3117,0.2975,0.0,0.3,0.3
83.0738,0.9939260017071201,0.035707077819967514,-0.032166970961661205,-0.09900198838007512,0.595,0.0,10.2628,0.6,0.0,1.0,0.0,0.0,0.0,0.2848,0.2975,0.0,0.3,0.3
83.0939,0.994068540347993,0.03533859261564234,-0.0326536235680462,-0.09753287563807861,0.595,0.0,9.9318,0.6,0.0,1.0,0.0,0.0,0.0,0.2925,0.2975,0.0,0.3,0.3
83.1139,0.9942436829008714,0.03546031104380612,-0.03314135609863856,-0.09551814418387405,0.595,0.0,9.6839,0.6,0.0,1.0,0.0,0.0,0.0,0.3079,0.2975,0.0,0.3,0.3
83.134,0.9944239557700562,0.03643719226619576,-0.0334462585687318,-0.09313793533326399,0.595,0.0,10.2407,0.6,0.0,1.0,0.0,0.0,0.0,0.2694,0.2975,0.0,0.3,0.3
83.1541,0.994580187897507,0.03698745325585088,-0.033569411370093755,-0.09118811744778632,0.595,0.0,9.5659,0.6,0.0,1.0,0.0,0.0,0.0,0.3348,0.2975,0.0,0.3,0.3
83.1741,0.994665605792934,0.03735308391437459,-0.03393516773888247,-0.08996379363496881,0.595,0.0,9.4934,0.6,0.0,1.0,0.0,0.0,0.0,0.254,0.2975,0.0,0.3,0.3
83.1942,0.994734008855767,0.03808534946059944,-0.03448441096856512,-0.08868248520621225,0.595,0.0,9.4511,0.6,0.0,1.0,0.0,0.0,0.0,0.3425,0.2975,0.0,0.3,0.3
83.2143,0.9947789327395826,0.03961311231019659,-0.03503498375935138,-0.08728245083393811,0.595,0.0,10.0516,0.6,0.0,1.0,0.0,0.0,0.0,0.2501,0.2975,0.0,0.3,0.3
83.2343,0.9948554278690659,0.04168626369554481,-0.0352773768957092,-0.0853254928958609,0.595,0.0,9.4406,0.6,0.0,1.0,0.0,0.0,0.0,0.3233,0.2975,0.0,0.3,0.3
83.2544,0.9949443372278761,0.043457451512272996,-0.03558336970249233,-0.0832528649768679,0.595,0.0,9.4187,0.6,0.0,1.0,0.0,0.0,0.0,0.2655,0.2975,0.0,0.3,0.3
83.2745,0.9950393838297954,0.04534824272935131,-0.036193395606212715,-0.08080965055903339,0.595,0.0,9.8189,0.6,0.0,1.0,0.0,0.0,0.0,0.3079,0.2975,0.0,0.3,0.3
83.2946,0.9950884123051867,0.046629660385867355,-0.036985937438443854,-0.07909972755983957,0.595,0.0,9.8352,0.6,0.0,1.0,0.0,0.0,0.0,0.2963,0.2975,0.0,0.3,0.3
83.3146,0.9950898195320972,0.0478506929780618,-0.0378409663896141,-0.0779398711045744,0.595,0.0,10.9378,0.6,0.0,1.0,0.0,0.0,0.0,0.2809,0.2975,0.0,0.3,0.3
83.3347,0.9950708543131522,0.04882872891013432,-0.03820857037352362,-0.07739415533181838,0.595,0.0,14.0798,0.6,0.0,1.0,0.0,0.0,0.0,0.331,0.2975,0.0,0.3,0.3
83.3548,0.9950519817409407,0.04919380134360662,-0.033996862712497335,-0.0793456795830753,0.595,0.0,9.7319,0.6,0.0,1.0,0.0,0.0,0.0,0.2617,0.2975,0.0,0.3,0.3
83.3748,0.9950249143120273,0.04864646250152872,-0.028625860604507336,-0.08209446807843546,0.595,0.0,8.4621,0.6,0.0,1.0,0.0,0.0,0.0,0.3425,0.2975,0.0,0.3,0.3
83.3949,0.9953956416666981,0.05139063916262144,-0.026244305044034077,-0.0765359733076883,0.595,0.0,8.5479,0.6,0.0,1.0,0.0,0.0,0.0,0.2501,0.311,0.0,0.3,0.3
83.415,0.9955848893495233,0.05261093726774888,-0.027221450131199337,-0.07281352917872602,0.595,0.0,9.3569,0.6,0.0,1.0,0.0,0.0,0.0,0.3271,0.311,0.0,0.3,0.3
83.435,0.9955848893495233,0.05261093726774888,-0.027221450131199337,-0.07281352917872602,0.595,0.0,9.3569,0.6,0.0,1.0,0.0,0.0,0.0,0.2655,0.311,0.0,0.3,0.3
83.4551,0.9956681887424017,0.05249006266863185,-0.026672031844117892,-0.0719600859141693,0.595,0.0,9.5886,0.6,0.0,1.0,0.0,0.0,0.0,0.3079,0.2975,0.0,0.3,0.3
83.4752,0.9957027594775036,0.051145703484280734,-0.0244133811340886,-0.07324014340226576,0.595,0.0,8.6232,0.6,0.0,1.0,0.0,0.0,0.0,0.2886,0.2975,0.0,0.3,0.3
83.4952,0.9957036086261133,0.05132974259475181,-0.02264344531210301,-0.07366719540263718,0.595,0.0,9.3709,0.6,0.0,1.0,0.0,0.0,0.0,0.2848,0.2975,0.0,0.3,0.3
83.5153,0.9957017276522907,0.053221595707701186,-0.021483433143269857,-0.0726910819904914,0.595,0.0,9.7397,0.6,0.0,1.0,0.0,0.0,0.0,0.3194,0.2975,0.0,0.3,0.3
83.5354,0.995695038022484,0.05468954001626408,-0.02032557235281171,-0.07202302811423633,0.595,0.0,9.9387,0.6,0.0,1.0,0.0,0.0,0.0,0.2617,0.2975,0.0,0.3,0.3
83.5555,0.9957262091755767,0.05517590076554202,-0.01940896509276505,-0.07147187145706141,0.595,0.0,9.5961,0.6,0.0,1.0,0.0,0.0,0.0,0.3387,0.2975,0.0,0.3,0.3
83.5756,0.9957732786952608,0.05474813563444348,-0.019103698390115033,-0.0712268754674998,0.595,0.0,9.1549,0.6,0.0,1.0,0.0,0.0,0.0,0.254,0.2975,0.0,0.3,0.3
83.5957,0.9958073028166476,0.054260997310505835,-0.019165352256834575,-0.07110730694362005,0.595,0.0,9.3237,0.6,0.0,1.0,0.0,0.0,0.0,0.3348,0.2975,0.0,0.3,0.3
83.6157,0.9958535931473255,0.05340619269531162,-0.019165069149639485,-0.07110625655905378,0.595,0.0,9.1879,0.6,0.0,1.0,0.0,0.0,0.0,0.2578,0.2975,0.0,0.3,0.3
83.6358,0.995969114114951,0.05230684843751707,-0.019347943938078656,-0.07025079644376482,0.595,0.0,9.3407,0.6,0.0,1.0,0.0,0.0,0.0,0.3156,0.2975,0.0,0.3,0.3
83.6559,0.9960731378924198,0.05120692750402575,-0.01892060372019354,-0.06970054016727079,0.595,0.0,9.2481,0.6,0.0,1.0,0.0,0.0,0.0,0.2848,0.2975,0.0,0.3,0.3
83.6759,0.9961595780720505,0.050720233096068795,-0.01788308218566636,-0.06909231752905337,0.595,0.0,9.7795,0.6,0.0,1.0,0.0,0.0,0.0,0.2963,0.2975,0.0,0.3,0.3
83.696,0.9962232359876558,0.05011036397261381,-0.016724121474316362,-0.06890950051863588,0.595,0.0,9.5529,0.6,0.0,1.0,0.0,0.0,0.0,0.3156,0.2975,0.0,0.3,0.3
83.7161,0.9962615478870354,0.04943723322373121,-0.015929752927991377,-0.06902992933911961,0.595,0.0,9.6085,0.6,0.0,1.0,0.0,0.0,0.0,0.2655,0.2975,0.0,0.3,0.3
83.7361,0.9963043999617673,0.048097322753171225,-0.015747433079553116,-0.06939890858079306,0.595,0.0,9.551,0.6,0.0,1.0,0.0,0.0,0.0,0.3387,0.2975,0.0,0.3,0.3
83.7562,0.9963509516342582,0.04632660220267485,-0.015686203906038882,-0.06994690924466375,0.595,0.0,9.5212,0.6,0.0,1.0,0.0,0.0,0.0,0.2578,0.2975,0.0,0.3,0.3
83.7763,0.9964040889660326,0.04480022880962171,-0.015381078556267663,-0.07025135879698069,0.595,0.0,9.2184,0.6,0.0,1.0,0.0,0.0,0.0,0.3271,0.2975,0.0,0.3,0.3
83.7964,0.9964745439739684,0.043457634282838,-0.014648213796971963,-0.07025202535848425,0.595,0.0,9.2349,0.6,0.0,1.0,0.0,0.0,0.0,0.2732,0.2975,0.0,0.3,0.3
83.8164,0.9965468408568995,0.04229809680651414,-0.013672354529604018,-0.0701308185200849,0.595,0.0,9.5473,0.6,0.0,1.0,0.0,0.0,0.0,0.304,0.2975,0.0,0.3,0.3
83.8365,0.9966159380075896,0.04052589956447153,-0.012389663572527005,-0.07043308746819527,0.595,0.0,9.4903,0.6,0.0,1.0,0.0,0.0,0.0,0.3002,0.2975,0.0,0.3,0.3
83.8566,0.9966329300827104,0.03912360469752556,-0.01129188590748539,-0.07116628094031292,0.595,0.0,9.7269,0.6,0.0,1.0,0.0,0.0,0.0,0.2809,0.2975,0.0,0.3,0.3
83.8766,0.9966067151653585,0.03765993394062129,-0.010376257324089496,-0.07245079673023914,0.595,0.0,9.5395,0.6,0.0,1.0,0.0,0.0,0.0,0.331,0.2975,0.0,0.3,0.3
83.8967,0.9965426478595094,0.03680479950931429,-0.01013222010184687,-0.07379360301574067,0.595,0.0,9.9075,0.6,0.0,1.0,0.0,0.0,0.0,0.254,0.2975,0.0,0.3,0.3
83.9168,0.9964810397185105,0.03607276164093503,-0.010315217795693186,-0.07495258255016968,0.595,0.0,9.6496,0.6,0.0,1.0,0.0,0.0,0.0,0.3425,0.2975,0.0,0.3,0.3
83.9368,0.9964685073622822,0.03540030223052084,-0.010742091710741657,-0.07537864354610736,0.595,0.0,9.6669,0.6,0.0,1.0,0.0,0.0,0.0,0.254,0.2975,0.0,0.3,0.3
83.9569,0.9965358318820174,0.034729516894707275,-0.011353168974217844,-0.07470811191375781,0.595,0.0,9.5549,0.6,0.0,1.0,0.0,0.0,0.0,0.331,0.2975,0.0,0.3,0.3
83.977,0.9966474727172236,0.03387515202363931,-0.012085054234854046,-0.07348632978920017,0.595,0.0,9.8095,0.6,0.0,1.0,0.0,0.0,0.0,0.2578,0.2975,0.0,0.3,0.3
83.997,0.9968092336830994,0.033019444613418936,-0.012816784421871298,-0.07153179683621136,0.595,0.0,9.9842,0.6,0.0,1.0,0.0,0.0,0.0,0.3117,0.2975,0.0,0.3,0.3
84.0171,0.996944598867492,0.03228788984804984,-0.013549953773571452,-0.06982376179231392,0.5815,0.0,9.6259,0.6,0.0,1.0,0.0,0.0,0.0,0.2848,0.2975,0.0,0.3,0.3
84.0372,0.9970711902075814,0.03222703846953547,-0.01428201704849677,-0.06787108101796142,0.5815,0.0,9.699,0.6,0.0,1.0,0.0,0.0,0.0,0.2925,0.2975,0.0,0.3,0.3
84.0573,0.9971785514327465,0.03265355961388069,-0.01495379832381857,-0.0659171110010347,0.5815,0.0,9.5282,0.6,0.0,1.0,0.0,0.0,0.0,0.3117,0.2975,0.0,0.3,0.3
84.0773,0.9972403191438064,0.033751570816775434,-0.015807798988847648,-0.06420818353206731,0.5815,0.0,9.6832,0.6,0.0,1.0,0.0,0.0,0.0,0.2694,0.2975,0.0,0.3,0.3
84.0974,0.9972744785048107,0.03436374009891253,-0.01672436019597279,-0.06311135924227712,0.5815,0.0,9.5678,0.6,0.0,1.0,0.0,0.0,0.0,0.3387,0.2975,0.0,0.3,0.3
84.1175,0.9972854047778182,0.034362014735960955,-0.017882487254407053,-0.06262020448724931,0.5815,0.0,9.4784,0.6,0.0,1.0,0.0,0.0,0.0,0.2501,0.2975,0.0,0.3,0.3
84.1375,0.9972817158494506,0.03393697718539524,-0.018860543072741452,-0.06262380319730733,0.5815,0.0,9.2157,0.6,0.0,1.0,0.0,0.0,0.0,0.3348,0.2975,0.0,0.3,0.3
84.1576,0.9972346582061249,0.033751379222497324,-0.019835635169988645,-0.06316983813890664,0.5815,0.0,9.7222,0.6,0.0,1.0,0.0,0.0,0.0,0.254,0.2975,0.0,0.3,0.3
84.1777,0.9971600727992458,0.03424199834597357,-0.020569599719001495,-0.06384486143517981,0.5815,0.0,9.6179,0.6,0.0,1.0,0.0,0.0,0.0,0.3156,0.2975,0.0,0.3,0.3
84.1978,0.997099360494571,0.03460801906449458,-0.02117962365321844,-0.0643938961366467,0.5815,0.0,9.7442,0.6,0.0,1.0,0.0,0.0,0.0,0.2771,0.2975,0.0,0.3,0.3
84.2178,0.9970636607307756,0.035033777257406196,-0.02160586263125872,-0.06457458943874539,0.5815,0.0,9.8131,0.6,0.0,1.0,0.0,0.0,0.0,0.2963,0.2975,0.0,0.3,0.3
84.2379,0.9970454092261253,0.03521613144184105,-0.02178946259243309,-0.0646954043755229,0.5815,0.0,9.332,0.6,0.0,1.0,0.0,0.0,0.0,0.304,0.2975,0.0,0.3,0.3
84.258,0.9970408017207739,0.035340127212503035,-0.021606689169284366,-0.06476006559402558,0.5815,0.0,9.4845,0.6,0.0,1.0,0.0,0.0,0.0,0.2771,0.2975,0.0,0.3,0.3
84.278,0.9970453862498494,0.03521613063030774,-0.021239475667653013,-0.0648783983671059,0.5815,0.0,9.481,0.6,0.0,1.0,0.0,0.0,0.0,0.3348,0.2975,0.0,0.3,0.3
84.2981,0.9970482463226091,0.0352772303186025,-0.02081254591022943,-0.06493958314304564,0.5815,0.0,9.7882,0.6,0.0,1.0,0.0,0.0,0.0,0.254,0.2975,0.0,0.3,0.3
84.3182,0.9970665098914473,0.0348508780087926,-0.020263929068611315,-0.06506277225577672,0.5815,0.0,9.3058,0.6,0.0,1.0,0.0,0.0,0.0,0.3387,0.2975,0.0,0.3,0.3
84.3382,0.9970698338208774,0.03485099419147242,-0.019896996683817586,-0.06512498914578174,0.5815,0.0,9.5068,0.6,0.0,1.0,0.0,0.0,0.0,0.254,0.2975,0.0,0.3,0.3
84.3584,0.9970869029493991,0.03448558461112061,-0.019470330067522638,-0.06518710507352488,0.5815,0.0,9.3452,0.6,0.0,1.0,0.0,0.0,0.0,0.3233,0.2975,0.0,0.3,0.3
84.3786,0.9971049718307662,0.03424010620515987,-0.018981504511735768,-0.06518429844600188,0.5815,0.0,9.5887,0.6,0.0,1.0,0.0,0.0,0.0,0.304,0.2975,0.0,0.3,0.3
84.3987,0.9971327236476087,0.03387505855656152,-0.018372031757967467,-0.06512511257552978,0.5815,0.0,9.3216,0.6,0.0,1.0,0.0,0.0,0.0,0.2963,0.2975,0.0,0.3,0.3
84.4188,0.9971583199824312,0.03338691472929179,-0.017639483283711063,-0.06518778600442143,0.5815,0.0,9.5968,0.6,0.0,1.0,0.0,0.0,0.0,0.2771,0.2975,0.0,0.3,0.3
84.4389,0.9971794631491994,0.0328975864012972,-0.016906787442602333,-0.06530717893780531,0.5815,0.0,9.4621,0.6,0.0,1.0,0.0,0.0,0.0,0.331,0.2975,0.0,0.3,0.3
84.459,0.9971923982881967,0.03210401282265027,-0.016235006484417107,-0.06567402623083524,0.5815,0.0,9.4416,0.6,0.0,1.0,0.0,0.0,0.0,0.2578,0.2975,0.0,0.3,0.3
84.4791,0.9971864837147486,0.03155482544346414,-0.015685913227893464,-0.06616163400381786,0.5815,0.0,9.7769,0.6,0.0,1.0,0.0,0.0,0.0,0.3425,0.2975,0.0,0.3,0.3
84.4992,0.9971859345627038,0.03076181288961193,-0.01495390904204072,-0.06671059422920822,0.5815,0.0,9.7433,0.6,0.0,1.0,0.0,0.0,0.0,0.2501,0.2975,0.0,0.3,0.3
84.5193,0.9971942936357705,0.030457070053976232,-0.01446503327086601,-0.06683315372221149,0.5815,0.0,9.755,0.6,0.0,1.0,0.0,0.0,0.0,0.3271,0.2975,0.0,0.3,0.3
84.5394,0.9972217326949985,0.030028058487764,-0.014037559860509204,-0.06670890838113898,0.5815,0.0,9.4885,0.6,0.0,1.0,0.0,0.0,0.0,0.2617,0.2975,0.0,0.3,0.3
84.5595,0.9972666706441687,0.029724407465535098,-0.013489184911270446,-0.06628490864101483,0.5815,0.0,9.6808,0.6,0.0,1.0,0.0,0.0,0.0,0.3079,0.2975,0.0,0.3,0.3
84.5796,0.9973073716170457,0.02941880447442016,-0.012938914004368684,-0.06591756189349839,0.5815,0.0,9.4045,0.6,0.0,1.0,0.0,0.0,0.0,0.2886,0.2975,0.0,0.3,0.3
84.5997,0.9973330539881559,0.029358560893544335,-0.012634241376423426,-0.06561425355637723,0.5815,0.0,9.63,0.6,0.0,1.0,0.0,0.0,0.0,0.2925,0.2975,0.0,0.3,0.3
84.6198,0.997338700167721,0.029541731632820402,-0.012390306859302142,-0.06549262199536376,0.5815,0.0,9.4711,0.6,0.0,1.0,0.0,0.0,0.0,0.3079,0.2975,0.0,0.3,0.3
84.6399,0.9973405810320655,0.029663790596696882,-0.012268326974354487,-0.06543174388099243,0.5815,0.0,9.7703,0.6,0.0,1.0,0.0,0.0,0.0,0.2694,0.2975,0.0,0.3,0.3
84.66,0.997339873664717,0.02984677430518086,-0.012207316690455758,-0.0653706958907514,0.5815,0.0,9.7063,0.6,0.0,1.0,0.0,0.0,0.0,0.3348,0.2975,0.0,0.3,0.3
84.6801,0.9973557852387425,0.029662428532434455,-0.012023768353638936,-0.06524574299483371,0.5815,0.0,9.4509,0.6,0.0,1.0,0.0,0.0,0.0,0.2578,0.2975,0.0,0.3,0.3
84.7002,0.9973727083742688,0.029967931143812604,-0.011840972793442501,-0.06487985092800858,0.5815,0.0,9.6436,0.6,0.0,1.0,0.0,0.0,0.0,0.3387,0.2975,0.0,0.3,0.3
84.7203,0.9973775154256703,0.030273076349899803,-0.011658029402012741,-0.06469716316881263,0.5815,0.0,9.3984,0.6,0.0,1.0,0.0,0.0,0.0,0.2617,0.2975,0.0,0.3,0.3
84.7404,0.9973777041349898,0.03070108323814847,-0.011536031277003372,-0.06451417491371315,0.5815,0.0,9.6561,0.6,0.0,1.0,0.0,0.0,0.0,0.3194,0.2975,0.0,0.3,0.3
84.7604,0.997374685249544,0.030761990292163404,-0.011291996436483612,-0.06457497962149583,0.5815,0.0,9.5803,0.6,0.0,1.0,0.0,0.0,0.0,0.2771,0.2975,0.0,0.3,0.3
84.7805,0.9973808402035484,0.03088418084356074,-0.011108065043720777,-0.06445337740933876,0.5815,0.0,9.7708,0.6,0.0,1.0,0.0,0.0,0.0,0.3002,0.2975,0.0,0.3,0.3
84.8006,0.9973940397562194,0.03094559073593805,-0.0108032062278345,-0.06427122690575982,0.5815,0.0,9.2691,0.6,0.0,1.0,0.0,0.0,0.0,0.304,0.2975,0.0,0.3,0.3
84.8207,0.9973940397562194,0.03094559073593805,-0.0108032062278345,-0.06427122690575982,0.5815,0.0,9.2691,0.6,0.0,1.0,0.0,0.0,0.0,0.2732,0.2975,0.0,0.3,0.3
84.8408,0.9974074310093486,0.031005080828038125,-0.010497688787097467,-0.06408510014276203,0.5815,0.0,9.6779,0.6,0.0,1.0,0.0,0.0,0.0,0.331,0.2975,0.0,0.3,0.3
84.8609,0.9973954178003211,0.0305186247504,-0.009644197427513513,-0.0646373231983371,0.5815,0.0,9.859,0.6,0.0,1.0,0.0,0.0,0.0,0.2578,0.2975,0.0,0.3,0.3
84.881,0.9973954178003211,0.0305186247504,-0.009644197427513513,-0.0646373231983371,0.5815,0.0,9.859,0.6,0.0,1.0,0.0,0.0,0.0,0.3425,0.2975,0.0,0.3,0.3
84.9011,0.9973868267988567,0.030396360433516026,-0.009277110005978683,-0.06488076934223319,0.5815,0.0,9.6039,0.6,0.0,1.0,0.0,0.0,0.0,0.2501,0.2975,0.0,0.3,0.3
84.9212,0.9973784367675518,0.030090103684507465,-0.009033031126027111,-0.0651862246187539,0.5815,0.0,9.6223,0.6,0.0,1.0,0.0,0.0,0.0,0.3271,0.2975,0.0,0.3,0.3
84.9413,0.9973645691027379,0.02984568786007301,-0.008727908719517424,-0.06555131443421254,0.5815,0.0,9.6222,0.6,0.0,1.0,0.0,0.0,0.0,0.2655,0.2975,0.0,0.3,0.3
84.9614,0.9973555886580749,0.029235430996372967,-0.008605832506320483,-0.06597771588827779,0.5815,0.0,9.441,0.6,0.0,1.0,0.0,0.0,0.0,0.3079,0.2975,0.0,0.3,0.3
84.9815,0.9973471098557987,0.028991189280801424,-0.008544761051477926,-0.06622114816992658,0.5815,0.0,9.5819,0.6,0.0,1.0,0.0,0.0,0.0,0.2886,0.2975,0.0,0.3,0.3
85.0015,0.9973358625687897,0.0285646261642922,-0.008423184644371692,-0.066590459727421,0.5815,0.0,9.3044,0.6,0.0,1.0,0.0,0.0,0.0,0.2886,0.2975,0.0,0.3,0.3
85.0216,0.9973131293410317,0.028808974849631897,-0.008361992699941747,-0.0668329416545332,0.5815,0.0,9.7394,0.6,0.0,1.0,0.0,0.0,0.0,0.3117,0.2975,0.0,0.3,0.3
85.0417,0.9972950153616286,0.02886945043736498,-0.008361840822904252,-0.06707672311872416,0.5815,0.0,9.5752,0.6,0.0,1.0,0.0,0.0,0.0,0.2694,0.2975,0.0,0.3,0.3
85.0619,0.9972929509502144,0.028869390677291898,-0.008605818364003254,-0.06707658426918556,0.5815,0.0,9.8407,0.6,0.0,1.0,0.0,0.0,0.0,0.331,0.2975,0.0,0.3,0.3
85.0819,0.9972932283620823,0.028624403810499608,-0.008910814405427488,-0.06713760165705275,0.5815,0.0,9.3922,0.6,0.0,1.0,0.0,0.0,0.0,0.2578,0.2975,0.0,0.3,0.3
85.102,0.9972962983557394,0.02868649082528782,-0.00927683533956827,-0.06701581049389316,0.5815,0.0,9.6011,0.6,0.0,1.0,0.0,0.0,0.0,0.3387,0.2975,0.0,0.3,0.3
85.1221,0.997289260094931,0.02923527475613037,-0.009643760765772376,-0.06683134210481806,0.5815,0.0,9.3848,0.6,0.0,1.0,0.0,0.0,0.0,0.254,0.2975,0.0,0.3,0.3
85.1422,0.9972859201816604,0.029662164825068726,-0.009948719881489012,-0.0666481234396667,0.5815,0.0,9.696,0.6,0.0,1.0,0.0,0.0,0.0,0.331,0.2975,0.0,0.3,0.3
85.1623,0.997284893507781,0.02984512894798753,-0.010314698957933768,-0.06652605838811616,0.5815,0.0,9.4284,0.6,0.0,1.0,0.0,0.0,0.0,0.2617,0.2975,0.0,0.3,0.3
85.1824,0.9973033615300729,0.029479685533248853,-0.010741885413777442,-0.06634429228980304,0.5815,0.0,9.3007,0.6,0.0,1.0,0.0,0.0,0.0,0.3156,0.2975,0.0,0.3,0.3
85.2025,0.9973186095175338,0.029236135126805222,-0.01110805134042113,-0.06616230579626782,0.5815,0.0,9.4275,0.6,0.0,1.0,0.0,0.0,0.0,0.2771,0.2975,0.0,0.3,0.3
85.2226,0.9973143672286706,0.029358010810135338,-0.011169004112623525,-0.06616202436201957,0.5815,0.0,9.7575,0.6,0.0,1.0,0.0,0.0,0.0,0.2963,0.2975,0.0,0.3,0.3
85.2427,0.9972984715907958,0.029418541939378793,-0.010985828945443938,-0.06640496604325048,0.5815,0.0,9.4133,0.6,0.0,1.0,0.0,0.0,0.0,0.304,0.2975,0.0,0.3,0.3
85.2628,0.9972752057489824,0.029114648278998286,-0.010925243266059493,-0.0668964895453592,0.5815,0.0,9.4481,0.6,0.0,1.0,0.0,0.0,0.0,0.2771,0.2975,0.0,0.3,0.3
85.2829,0.9972444564817844,0.02880875319180161,-0.010802907450138241,-0.06750442168116098,0.5815,0.0,9.5375,0.6,0.0,1.0,0.0,0.0,0.0,0.3271,0.2975,0.0,0.3,0.3
85.303,0.9972183542016718,0.02850375328904589,-0.010559279057609216,-0.0680557985591948,0.5815,0.0,9.2386,0.6,0.0,1.0,0.0,0.0,0.0,0.2617,0.2975,0.0,0.3,0.3
85.3231,0.9971926514287772,0.028809018819857805,-0.010193006658711182,-0.06835904465641501,0.5815,0.0,9.5574,0.6,0.0,1.0,0.0,0.0,0.0,0.3387,0.2975,0.0,0.3,0.3
85.3432,0.997170565813221,0.0287473820748647,-0.009643792706622897,-0.06878552145483918,0.5815,0.0,9.3706,0.6,0.0,1.0,0.0,0.0,0.0,0.254,0.2975,0.0,0.3,0.3
85.3633,0.9971390397416284,0.028931233267008093,-0.009277074799282222,-0.06921455806376203,0.5815,0.0,9.5768,0.6,0.0,1.0,0.0,0.0,0.0,0.3348,0.2975,0.0,0.3,0.3
85.3834,0.9971148392192073,0.028563537055269005,-0.00891085557693257,-0.06976186933156187,0.5815,0.0,9.3519,0.6,0.0,1.0,0.0,0.0,0.0,0.2578,0.2975,0.0,0.3,0.3
85.4035,0.997092026479774,0.02838162697054617,-0.008667191464491155,-0.07019155058182003,0.5815,0.0,9.6843,0.6,0.0,1.0,0.0,0.0,0.0,0.3233,0.2975,0.0,0.3,0.3
85.4236,0.997065064102937,0.028075861012520752,-0.008300958906715152,-0.07073964980858094,0.5815,0.0,9.4591,0.6,0.0,1.0,0.0,0.0,0.0,0.2732,0.2975,0.0,0.3,0.3
85.4437,0.9970324360338294,0.027893655662377774,-0.008118190824478635,-0.07129067574356468,0.5815,0.0,9.7982,0.6,0.0,1.0,0.0,0.0,0.0,0.3079,0.2975,0.0,0.3,0.3
85.4638,0.9970012713209659,0.02783178425009716,-0.007873938961816073,-0.07177644359439578,0.5815,0.0,9.6012,0.6,0.0,1.0,0.0,0.0,0.0,0.2886,0.2975,0.0,0.3,0.3
85.4839,0.9969722801792223,0.027649673377824438,-0.007690187286175626,-0.0722677600029607,0.5815,0.0,9.896,0.6,0.0,1.0,0.0,0.0,0.0,0.2886,0.2975,0.0,0.3,0.3
85.504,0.9969402075998531,0.027709783411564028,-0.0076289403697878694,-0.07269243181294927,0.5815,0.0,9.673,0.6,0.0,1.0,0.0,0.0,0.0,0.3194,0.2975,0.0,0.3,0.3
85.524,0.9969191184064117,0.0275262025425331,-0.007567780754963865,-0.07305688348003503,0.5815,0.0,9.5107,0.6,0.0,1.0,0.0,0.0,0.0,0.2655,0.2975,0.0,0.3,0.3
85.5441,0.9968982094780817,0.027771312270513916,-0.007629085784154353,-0.07324282356836191,0.5815,0.0,9.6245,0.6,0.0,1.0,0.0,0.0,0.0,0.3425,0.2975,0.0,0.3,0.3
85.5642,0.9968886632009628,0.027649046129444375,-0.007568012626410901,-0.07342512250187899,0.5815,0.0,9.2597,0.6,0.0,1.0,0.0,0.0,0.0,0.2501,0.2975,0.0,0.3,0.3
85.5843,0.9968732680641286,0.0278316166192967,-0.007750893231394385,-0.07354598690354325,0.5815,0.0,9.6439,0.6,0.0,1.0,0.0,0.0,0.0,0.3348,0.2975,0.0,0.3,0.3
85.6044,0.9968504987907435,0.027649679523874045,-0.007812191993942053,-0.07391581656941038,0.5815,0.0,9.5052,0.6,0.0,1.0,0.0,0.0,0.0,0.2578,0.2975,0.0,0.3,0.3
85.6245,0.9968338651494096,0.027710218637244752,-0.007996063089982278,-0.0740975846396219,0.5815,0.0,9.8282,0.6,0.0,1.0,0.0,0.0,0.0,0.3194,0.2975,0.0,0.3,0.3
85.6446,0.9968348802463923,0.027527245224886237,-0.007935070689122397,-0.07415866063817757,0.5815,0.0,9.3104,0.6,0.0,1.0,0.0,0.0,0.0,0.2732,0.2975,0.0,0.3,0.3
85.6647,0.9968394008054958,0.02734436759838274,-0.007996107494026784,-0.07415899694122535,0.5815,0.0,9.783,0.6,0.0,1.0,0.0,0.0,0.0,0.3002,0.2975,0.0,0.3,0.3
85.6848,0.9968324771528875,0.027100176089752126,-0.007996051956223535,-0.07434148305122741,0.5815,0.0,9.3068,0.6,0.0,1.0,0.0,0.0,0.0,0.3002,0.2975,0.0,0.3,0.3
85.7049,0.9968146470121922,0.026732695534202496,-0.008056908237723766,-0.07470614915174746,0.5815,0.0,9.3148,0.6,0.0,1.0,0.0,0.0,0.0,0.2809,0.2975,0.0,0.3,0.6
85.725,0.9967885586847116,0.026672630396571546,-0.008057190428358457,-0.07507477436119576,0.5815,0.0,9.5971,0.6,0.0,1.0,0.0,0.0,0.0,0.3233,0.3245,0.0,0.3,0.6
85.7451,0.9967762353153697,0.026428297890590657,-0.008118091504306603,-0.0753178489566223,0.5544,0.0,9.017,0.6,0.0,1.0,0.0,0.0,0.0,0.2617,0.3516,0.0,0.3,0.6
85.7653,0.9968147949989472,0.02703869606328139,-0.00756791493054157,-0.07464516092827773,0.5544,0.0,10.5298,0.6,0.0,1.0,0.0,0.0,0.0,0.3387,0.3922,0.0,0.3,0.6
85.7854,0.9968416817877428,0.027283429208522843,-0.00732411521911891,-0.07422016759254313,0.5544,0.0,9.7368,0.6,0.0,1.0,0.0,0.0,0.0,0.254,0.4057,0.0,0.3,0.6
85.8055,0.9968066896366681,0.028075456115951122,-0.007262859302256477,-0.07440055869564738,0.568,0.0,10.0982,0.6,0.0,1.0,0.0,0.0,0.0,0.331,0.4462,0.0,0.3,0.6
85.8256,0.996699585641763,0.027770877003460807,-0.007934964856233531,-0.07586666398838948,0.5815,0.0,9.5977,0.6,0.0,1.0,0.0,0.0,0.0,0.2617,0.4598,0.0,0.3,0.6
85.8457,0.9966405652927941,0.027770932158000597,-0.008849978380263768,-0.07653781302470386,0.5815,0.0,9.3802,0.6,0.0,1.0,0.0,0.0,0.0,0.3156,0.4598,0.0,0.3,0.6
85.8658,0.996588621031406,0.027954185719099807,-0.009338062039241394,-0.07708751214596299,0.5815,0.0,9.4931,0.6,0.0,1.0,0.0,0.0,0.0,0.2809,0.5139,0.0,0.3,0.6
85.8859,0.996566213667633,0.0286865455842905,-0.009520849182836463,-0.07708577890529522,0.595,0.0,12.204,0.6,0.0,1.0,0.0,0.0,0.0,0.2963,0.5409,0.0,0.3,0.6
85.9059,0.9965369892483625,0.02911446713614347,-0.009766156696145393,-0.07727223981853892,0.595,0.0,11.878,0.6,0.0,1.0,0.0,0.0,0.0,0.3117,0.5139,0.0,0.3,0.6
85.926,0.9965380511560831,0.02948050442296884,-0.01001017127794837,-0.0770883190113093,0.622,0.0,8.7727,0.6,0.0,1.0,0.0,0.0,0.0,0.2655,0.5274,0.0,0.3,0.6
85.9461,0.9965310377698733,0.029236294488766437,-0.01001010082886003,-0.07727177833634807,0.622,0.0,7.8006,0.6,0.0,1.0,0.0,0.0,0.0,0.3387,0.568,0.0,0.3,0.6
85.9663,0.9965114479205235,0.028686725022850555,-0.010253901711029715,-0.07769725523147906,0.595,0.0,11.5803,0.6,0.0,1.0,0.0,0.0,0.0,0.254,0.622,0.0,0.3,0.6
85.9864,0.9965695401393444,0.028502643638548292,-0.010192872561054016,-0.07702503697515417,0.622,0.0,10.5414,0.6,0.0,1.0,0.0,0.0,0.0,0.3348,0.595,0.0,0.3,0.6
86.0064,0.9965070075165425,0.028197604062484852,-0.01019285687669012,-0.07794090559040334,0.6491,0.0,9.7373,0.6,0.0,1.0,0.0,0.0,0.0,0.2578,0.6085,0.0,0.3,0.6
86.0265,0.9965656090755987,0.028319534216974578,-0.010619825331365459,-0.07708573213926267,0.622,0.0,11.018,0.6,0.0,1.0,0.0,0.0,0.0,0.3156,0.6085,0.0,0.3,0.6
86.0466,0.9965825534657287,0.0288090159994804,-0.009888005491438858,-0.07678204264195582,0.6085,0.0,11.3428,0.6,0.0,1.0,0.0,0.0,0.0,0.2886,0.6085,0.0,0.3,0.6
86.0667,0.9965184759155699,0.027160931204001523,-0.009520975884293596,-0.07824680180845717,0.622,0.0,8.9266,0.6,0.0,1.0,0.0,0.0,0.0,0.2886,0.6356,0.0,0.3,0.6
86.0868,0.9965184759155699,0.027160931204001523,-0.009520975884293596,-0.07824680180845717,0.622,0.0,8.9266,0.6,0.0,1.0,0.0,0.0,0.0,0.3233,0.595,0.0,0.3,0.6
86.1069,0.9965492816677027,0.02673375869331675,-0.008972254628976838,-0.07806621548778948,0.6356,0.0,8.9317,0.6,0.0,1.0,0.0,0.0,0.0,0.2655,0.595,0.0,0.3,0.6
86.127,0.996562105008617,0.026610468758601204,-0.009520809930128217,-0.07787944524402018,0.568,0.0,9.8099,0.6,0.0,1.0,0.0,0.0,0.0,0.3348,0.6491,0.0,0.3,0.6
86.1471,0.9965472297293732,0.026611700436145698,-0.009033237760313551,-0.07812705635165468,0.6085,0.0,9.0221,0.6,0.0,1.0,0.0,0.0,0.0,0.2655,0.5815,0.0,0.3,0.6
86.1672,0.9965981810982505,0.026550431081595452,-0.008301134779974526,-0.07757725957008849,0.568,0.0,9.6252,0.6,0.0,1.0,0.0,0.0,0.0,0.3156,0.6085,0.0,0.3,0.6
86.1873,0.9966029770560847,0.026489557567002643,-0.008484178579729334,-0.07751663161335687,0.5815,0.0,10.246,0.6,0.0,1.0,0.0,0.0,0.0,0.2886,0.595,0.0,0.3,0.6
86.2074,0.996660336966156,0.02636745866352007,-0.008789152887840022,-0.07678333565071482,0.595,0.0,9.5698,0.6,0.0,1.0,0.0,0.0,0.0,0.2886,0.5815,0.0,0.3,0.6
86.2274,0.9965762557515151,0.026244848725141056,-0.009032947934242674,-0.0778805510978361,0.6085,0.0,10.5658,0.6,0.0,1.0,0.0,0.0,0.0,0.3271,0.595,0.0,0.3,0.6
86.2475,0.9965802740495308,0.02654995401885148,-0.00976598308655757,-0.07763686554280876,0.568,0.0,8.7814,0.6,0.0,1.0,0.0,0.0,0.0,0.2617,0.595,0.0,0.3,0.6
86.2676,0.9965869212356033,0.027771137136366038,-0.010498051840321578,-0.07702638036317494,0.595,0.0,9.7718,0.6,0.0,1.0,0.0,0.0,0.0,0.3348,0.595,0.0,0.3,0.6
86.2877,0.9964979867172211,0.02807535162337041,-0.010924747702141389,-0.07800119862792992,0.595,0.0,9.5543,0.6,0.0,1.0,0.0,0.0,0.0,0.2617,0.595,0.0,0.3,0.6
86.3078,0.9964794856164372,0.028381554985930302,-0.01135322200610502,-0.07806552652907456,0.595,0.0,9.8398,0.6,0.0,1.0,0.0,0.0,0.0,0.3194,0.595,0.0,0.3,0.6
86.3279,0.9964800822006851,0.028687578144723377,-0.011780237408751046,-0.0778825695781783,0.595,0.0,9.4616,0.6,0.0,1.0,0.0,0.0,0.0,0.2771,0.595,0.0,0.3,0.6
86.348,0.9964649949362988,0.028870144716105963,-0.012207061189799286,-0.07794239069839742,0.595,0.0,9.6141,0.6,0.0,1.0,0.0,0.0,0.0,0.3002,0.595,0.0,0.3,0.6
86.3681,0.9964541896407448,0.02911383023623692,-0.012511927042515497,-0.07794154552012017,0.595,0.0,9.4579,0.6,0.0,1.0,0.0,0.0,0.0,0.304,0.595,0.0,0.3,0.6
86.3882,0.996415205861079,0.02905347253046413,-0.012695206476929819,-0.07843127561918907,0.595,0.0,9.2411,0.6,0.0,1.0,0.0,0.0,0.0,0.2732,0.595,0.0,0.3,0.6
86.4083,0.9963773188098635,0.029235363837905464,-0.012999717125898579,-0.07879428543479257,0.595,0.0,9.6512,0.6,0.0,1.0,0.0,0.0,0.0,0.3348,0.595,0.0,0.3,0.6
86.4284,0.9963298676176773,0.02911376236359655,-0.0131838923885985,-0.07940635185842249,0.595,0.0,9.5476,0.6,0.0,1.0,0.0,0.0,0.0,0.254,0.595,0.0,0.3,0.6
86.4485,0.9962937501386895,0.02917549051147047,-0.013550227812525267,-0.07977434120210919,0.595,0.0,9.6631,0.6,0.0,1.0,0.0,0.0,0.0,0.3387,0.595,0.0,0.3,0.6
86.4686,0.99626596003408,0.028930679409186366,-0.013610849173496784,-0.08019911128605117,0.595,0.0,9.4943,0.6,0.0,1.0,0.0,0.0,0.0,0.254,0.595,0.0,0.3,0.6
86.4887,0.9962469893876624,0.028809896164355087,-0.013794429091294866,-0.08044650237930429,0.595,0.0,9.8108,0.6,0.0,1.0,0.0,0.0,0.0,0.3194,0.595,0.0,0.3,0.6
86.5088,0.9962303143434676,0.028503409551474634,-0.013855199078541937,-0.0807511602737107,0.595,0.0,9.5038,0.6,0.0,1.0,0.0,0.0,0.0,0.2732,0.595,0.0,0.3,0.6
86.5289,0.9962164995304741,0.028320014200437487,-0.014160007100218738,-0.08093304058206247,0.595,0.0,9.9202,0.6,0.0,1.0,0.0,0.0,0.0,0.3002,0.595,0.0,0.3,0.6
86.5489,0.9962014262988739,0.028319585705092173,-0.014525787498311045,-0.08105381424174601,0.595,0.0,9.6539,0.6,0.0,1.0,0.0,0.0,0.0,0.3002,0.595,0.0,0.3,0.6
86.5691,0.9962018752944453,0.028319598468945183,-0.014831789706617044,-0.08099285163819725,0.595,0.0,9.7233,0.6,0.0,1.0,0.0,0.0,0.0,0.2809,0.595,0.0,0.3,0.6
86.5891,0.9962280704346893,0.028687347579801903,-0.015015181925984781,-0.08050597542133897,0.595,0.0,9.6706,0.6,0.0,1.0,0.0,0.0,0.0,0.331,0.595,0.0,0.3,0.6
86.6092,0.9962742020565009,0.028930918750203635,-0.015075957660574119,-0.07983377579426076,0.595,0.0,9.3626,0.6,0.0,1.0,0.0,0.0,0.0,0.254,0.595,0.0,0.3,0.6
86.6293,0.996334280839525,0.02954088972846606,-0.01538094258534025,-0.07879570586791962,0.595,0.0,9.5783,0.6,0.0,1.0,0.0,0.0,0.0,0.3387,0.595,0.0,0.3,0.6
86.6494,0.9963748536526693,0.029540284114851083,-0.015563622828053961,-0.07824510379251731,0.595,0.0,9.3445,0.6,0.0,1.0,0.0,0.0,0.0,0.254,0.5815,0.0,0.3,0.6
86.6695,0.99639309738328,0.029174827168792015,-0.015990905270133776,-0.07806353755285617,0.595,0.0,9.53,0.6,0.0,1.0,0.0,0.0,0.0,0.3271,0.5815,0.0,0.3,0.6
86.6896,0.9963841469539397,0.02831957784154297,-0.016295757080006502,-0.07842883086554432,0.595,0.0,9.4443,0.6,0.0,1.0,0.0,0.0,0.0,0.2655,0.5815,0.0,0.3,0.6
86.7097,0.9963531147042144,0.02740541574091222,-0.016785254632775463,-0.07904219907233873,0.595,0.0,9.8034,0.6,0.0,1.0,0.0,0.0,0.0,0.3117,0.5815,0.0,0.3,0.6
86.7299,0.9963222522001384,0.026488581323335526,-0.017211727952631317,-0.07964974106176138,0.595,0.0,9.5473,0.6,0.0,1.0,0.0,0.0,0.0,0.2848,0.5815,0.0,0.3,0.6
86.75,0.9963017703366339,0.025391631293924757,-0.017761441589988474,-0.08014099248804052,0.595,0.0,9.6586,0.6,0.0,1.0,0.0,0.0,0.0,0.2963,0.5815,0.0,0.3,0.6
86.7701,0.9963094215361497,0.024352301470655396,-0.018249476526073206,-0.08025869783337869,0.595,0.0,9.4981,0.6,0.0,1.0,0.0,0.0,0.0,0.3002,0.5815,0.0,0.3,0.6
86.7902,0.9963218838377759,0.02319262484402837,-0.018798695918720697,-0.08032070075980025,0.595,0.0,9.3621,0.6,0.0,1.0,0.0,0.0,0.0,0.2771,0.5815,0.0,0.3,0.6
86.8102,0.9963173343217053,0.02233853665263453,-0.019286599956101973,-0.08050333019474198,0.5815,0.0,9.5927,0.6,0.0,1.0,0.0,0.0,0.0,0.331,0.5815,0.0,0.3,0.6
86.8303,0.9962771224011204,0.02124000260951502,-0.01977500242952728,-0.08117700997328625,0.5815,0.0,9.4542,0.6,0.0,1.0,0.0,0.0,0.0,0.2578,0.5815,0.0,0.3,0.6
86.8504,0.9962052517101246,0.020629777420539192,-0.020507778736811325,-0.08203011495803453,0.5815,0.0,9.6183,0.6,0.0,1.0,0.0,0.0,0.0,0.3425,0.5815,0.0,0.3,0.6
86.8704,0.996113778448815,0.02020340115089681,-0.02093541568549347,-0.0831316506298101,0.5815,0.0,9.5184,0.6,0.0,1.0,0.0,0.0,0.0,0.2501,0.5815,0.0,0.3,0.6
86.8905,0.996037288699279,0.020569088565595188,-0.021301091717426373,-0.08386236109134826,0.5815,0.0,9.6994,0.6,0.0,1.0,0.0,0.0,0.0,0.3271,0.5815,0.0,0.3,0.6
86.9106,0.9960080157934128,0.021300465691814922,-0.021239467221921448,-0.08404289183928382,0.5815,0.0,9.3904,0.6,0.0,1.0,0.0,0.0,0.0,0.2655,0.5815,0.0,0.3,0.6
86.9307,0.9960163411116265,0.022094630455879866,-0.021239644755957826,-0.083738599428621,0.5815,0.0,9.5189,0.6,0.0,1.0,0.0,0.0,0.0,0.3117,0.5815,0.0,0.3,0.6
86.9507,0.996039543939546,0.02270514917191237,-0.021179139146088176,-0.08331354736663882,0.5815,0.0,9.2295,0.6,0.0,1.0,0.0,0.0,0.0,0.2848,0.5815,0.0,0.3,0.6
86.9708,0.9960584556912915,0.02276658183239707,-0.02069152880146392,-0.0831931261187272,0.5815,0.0,9.3958,0.6,0.0,1.0,0.0,0.0,0.0,0.2925,0.5815,0.0,0.3,0.6
86.9909,0.996075454359806,0.022582579541496586,-0.020080626124642113,-0.0831894511197202,0.5815,0.0,9.2781,0.6,0.0,1.0,0.0,0.0,0.0,0.3117,0.5815,0.0,0.3,0.6
87.0109,0.9960663479753523,0.022582373085599735,-0.019774451036962966,-0.08337168549965869,0.5815,0.0,9.8344,0.6,0.0,1.0,0.0,0.0,0.0,0.2694,0.5815,0.0,0.3,0.6
87.031,0.9960313702061587,0.022521963147589596,-0.019530968041717972,-0.08386186277786861,0.5815,0.0,9.7396,0.6,0.0,1.0,0.0,0.0,0.0,0.3387,0.5815,0.0,0.3,0.6
87.0511,0.9959748345215214,0.022278063402857165,-0.01953105558493595,-0.08459524075611363,0.5815,0.0,9.7881,0.6,0.0,1.0,0.0,0.0,0.0,0.2578,0.5815,0.0,0.3,0.6
87.0711,0.9959163946820888,0.022278120676172446,-0.019592106126562994,-0.08526646187155568,0.5815,0.0,9.4532,0.6,0.0,1.0,0.0,0.0,0.0,0.331,0.5815,0.0,0.3,0.6
87.0912,0.995871976070199,0.02209548758474775,-0.019653433695544124,-0.08581689373546632,0.5815,0.0,9.3734,0.6,0.0,1.0,0.0,0.0,0.0,0.2694,0.5815,0.0,0.3,0.6
87.1113,0.9958339734533376,0.022643635582544938,-0.019896679790933427,-0.08605861500767605,0.5815,0.0,9.7176,0.6,0.0,1.0,0.0,0.0,0.0,0.3117,0.5815,0.0,0.3,0.6
87.1313,0.995818828639447,0.023131275939235522,-0.019835379108191064,-0.08611830430411983,0.5815,0.0,9.5613,0.6,0.0,1.0,0.0,0.0,0.0,0.2963,0.5815,0.0,0.3,0.6
87.1514,0.9958102636963672,0.024475522629762516,-0.019958426175477023,-0.0858168324605953,0.5815,0.0,9.5498,0.6,0.0,1.0,0.0,0.0,0.0,0.2886,0.5815,0.0,0.3,0.6
87.1715,0.9957994615636168,0.024963262256374158,-0.01989720903397334,-0.08581590155553215,0.5815,0.0,9.3001,0.6,0.0,1.0,0.0,0.0,0.0,0.3233,0.5815,0.0,0.3,0.6
87.1916,0.9957859763930813,0.025451922717721027,-0.0199579393996651,-0.08581473943192015,0.5815,0.0,9.6206,0.6,0.0,1.0,0.0,0.0,0.0,0.2617,0.5815,0.0,0.3,0.6
87.2116,0.9957741977776996,0.025390622567404916,-0.01983570514146917,-0.08599772164051261,0.5815,0.0,9.4059,0.6,0.0,1.0,0.0,0.0,0.0,0.3387,0.5815,0.0,0.3,0.6
87.2317,0.9957636487009998,0.02532935513607433,-0.019652499664005868,-0.08617980593514235,0.5815,0.0,9.5557,0.6,0.0,1.0,0.0,0.0,0.0,0.2617,0.5815,0.0,0.3,0.6
87.2518,0.995749328676194,0.02502453601866482,-0.019409415744336047,-0.08648885256738592,0.5815,0.0,9.3924,0.6,0.0,1.0,0.0,0.0,0.0,0.3194,0.5815,0.0,0.3,0.6
87.2719,0.9957303152583913,0.024658057334574716,-0.019226044704133888,-0.08685320194986686,0.5815,0.0,9.8355,0.6,0.0,1.0,0.0,0.0,0.0,0.2809,0.5815,0.0,0.3,0.6
87.2919,0.9957186042180506,0.024291770778430345,-0.018920821459685506,-0.08715717756901165,0.5815,0.0,9.653,0.6,0.0,1.0,0.0,0.0,0.0,0.2963,0.5815,0.0,0.3,0.6
87.312,0.9957014149862352,0.023742366083928733,-0.018554504598715302,-0.0875826615617612,0.5815,0.0,9.3945,0.6,0.0,1.0,0.0,0.0,0.0,0.3156,0.5815,0.0,0.3,0.6
87.3321,0.9956964706545288,0.02343869373917268,-0.018311541985578585,-0.08777159786643263,0.5815,0.0,9.6755,0.6,0.0,1.0,0.0,0.0,0.0,0.2655,0.5815,0.0,0.3,0.6
87.3521,0.9956854993502844,0.022949426389133797,-0.018066335663693017,-0.08807563640230809,0.5815,0.0,9.6235,0.6,0.0,1.0,0.0,0.0,0.0,0.3425,0.5815,0.0,0.3,0.6
87.3722,0.9956789579684929,0.02276627341983888,-0.018066216972801943,-0.08819705923465294,0.5815,0.0,9.8667,0.6,0.0,1.0,0.0,0.0,0.0,0.2578,0.5815,0.0,0.3,0.6
87.3923,0.9956730135147625,0.022461135657358418,-0.017883108007681777,-0.0883795337812955,0.5815,0.0,9.3665,0.6,0.0,1.0,0.0,0.0,0.0,0.3233,0.5815,0.0,0.3,0.6
87.4124,0.9956832655873036,0.022339364938232138,-0.01776129015031742,-0.08831944279577353,0.5815,0.0,9.5707,0.6,0.0,1.0,0.0,0.0,0.0,0.2771,0.5815,0.0,0.3,0.6
87.4324,0.9957006571758218,0.022399384893001317,-0.01763851563069866,-0.08813257980110145,0.5815,0.0,9.5101,0.6,0.0,1.0,0.0,0.0,0.0,0.3002,0.5815,0.0,0.3,0.6
87.4525,0.9957122082102577,0.022216647648561964,-0.017516722188407968,-0.08807260318672396,0.5815,0.0,9.3796,0.6,0.0,1.0,0.0,0.0,0.0,0.304,0.5815,0.0,0.3,0.6
87.4726,0.9957122082102577,0.022216647648561964,-0.017516722188407968,-0.08807260318672396,0.5815,0.0,9.3796,0.6,0.0,1.0,0.0,0.0,0.0,0.2771,0.5815,0.0,0.3,0.6
87.4927,0.9957276540787967,0.022338992239312582,-0.017394993956884472,-0.08789096946619906,0.5815,0.0,9.7014,0.6,0.0,1.0,0.0,0.0,0.0,0.3348,0.5815,0.0,0.3,0.6
87.5127,0.9957207308679059,0.02221683780881151,-0.01733387345626946,-0.08801235747701885,0.5815,0.0,9.308,0.6,0.0,1.0,0.0,0.0,0.0,0.2578,0.5815,0.0,0.3,0.6
87.5328,0.9957070183153587,0.02239952799385378,-0.017272636028474835,-0.08813314284546009,0.5815,0.0,9.7045,0.6,0.0,1.0,0.0,0.0,0.0,0.331,0.5815,0.0,0.3,0.6
87.5529,0.9957035004084076,0.022216453357316042,-0.017089579505627724,-0.08825482846273758,0.5815,0.0,9.5538,0.6,0.0,1.0,0.0,0.0,0.0,0.2578,0.5815,0.0,0.3,0.6
87.5729,0.9957125436885853,0.022338653240101022,-0.017028735665234798,-0.08813363191352809,0.5815,0.0,9.6847,0.6,0.0,1.0,0.0,0.0,0.0,0.3117,0.5815,0.0,0.3,0.6
87.593,0.9957025829782709,0.0221554344444131,-0.01690656843074978,-0.08831574558862965,0.5815,0.0,9.4031,0.6,0.0,1.0,0.0,0.0,0.0,0.2848,0.5815,0.0,0.3,0.6
87.6131,0.99569493976377,0.022095620015608133,-0.01709047956853328,-0.08838148003437118,0.5815,0.0,9.7949,0.6,0.0,1.0,0.0,0.0,0.0,0.2886,0.5815,0.0,0.3,0.6
87.6331,0.9957000437892713,0.021789388220646834,-0.01721151675327091,-0.08837651865775786,0.5815,0.0,9.5463,0.6,0.0,1.0,0.0,0.0,0.0,0.3117,0.5815,0.0,0.3,0.6
87.6532,0.9957157552543171,0.02136173730551187,-0.017455785338686223,-0.08825591467898891,0.5815,0.0,9.8762,0.6,0.0,1.0,0.0,0.0,0.0,0.2694,0.5815,0.0,0.3,0.6
87.6733,0.9957389162071675,0.021179232186251267,-0.017578192708339616,-0.08801396489015212,0.5815,0.0,9.6164,0.6,0.0,1.0,0.0,0.0,0.0,0.3387,0.5815,0.0,0.3,0.6
87.6934,0.9957535978511083,0.02124054603100198,-0.017883459730339377,-0.08777125633686506,0.5815,0.0,9.6779,0.6,0.0,1.0,0.0,0.0,0.0,0.254,0.5815,0.0,0.3,0.6
87.7134,0.9957537231432914,0.021729561336208864,-0.01818846985977112,-0.08758726262744965,0.5815,0.0,9.5909,0.6,0.0,1.0,0.0,0.0,0.0,0.3387,0.5815,0.0,0.3,0.6
87.7335,0.9957147555598861,0.022033706919968636,-0.018493754006440037,-0.08788983093868402,0.5815,0.0,9.2116,0.6,0.0,1.0,0.0,0.0,0.0,0.254,0.5815,0.0,0.3,0.6
87.7536,0.9956739202754151,0.022766158232612015,-0.01892113150835684,-0.08807461214877749,0.5815,0.0,9.5735,0.6,0.0,1.0,0.0,0.0,0.0,0.3194,0.5815,0.0,0.3,0.6
87.7736,0.9956276675508571,0.02343853362734919,-0.01910443495250784,-0.08838101217900379,0.5815,0.0,9.5919,0.6,0.0,1.0,0.0,0.0,0.0,0.2809,0.5815,0.0,0.3,0.6
87.7937,0.9956104134029133,0.02429213208288786,-0.019226104537526836,-0.08831848021144778,0.5815,0.0,9.6546,0.6,0.0,1.0,0.0,0.0,0.0,0.2963,0.5815,0.0,0.3,0.6
87.8138,0.9956138775949953,0.024902222045761705,-0.019104170346246542,-0.08813578588078093,0.5815,0.0,9.4539,0.6,0.0,1.0,0.0,0.0,0.0,0.3117,0.5815,0.0,0.3,0.6
87.8339,0.9956199579735765,0.02520837872509471,-0.01922628885150233,-0.08795332139120637,0.5815,0.0,9.6329,0.6,0.0,1.0,0.0,0.0,0.0,0.2694,0.5815,0.0,0.3,0.6
87.8539,0.995608161708079,0.025085079661559716,-0.01916506086162216,-0.0881352798872459,0.5815,0.0,9.3712,0.6,0.0,1.0,0.0,0.0,0.0,0.3387,0.5815,0.0,0.3,0.6
87.874,0.9955828617931064,0.0251454408552081,-0.019286571135544356,-0.08837703481040465,0.5815,0.0,9.4988,0.6,0.0,1.0,0.0,0.0,0.0,0.2617,0.5815,0.0,0.3,0.6
87.8941,0.9955550556345727,0.025208279937839324,-0.01922621350701756,-0.088684984846372,0.5815,0.0,9.4322,0.6,0.0,1.0,0.0,0.0,0.0,0.3156,0.568,0.0,0.3,0.6
87.9142,0.9955477628366796,0.025208095278146443,-0.01904307197642584,-0.08880633565816692,0.568,0.0,9.6764,0.6,0.0,1.0,0.0,0.0,0.0,0.2886,0.5815,0.0,0.3,0.6
87.9342,0.9954821870980397,0.025512979166326586,-0.01892098454929115,-0.08947792693311529,0.5815,0.0,9.9205,0.6,0.0,1.0,0.0,0.0,0.0,0.2963,0.568,0.0,0.3,0.6
87.9543,0.995465054994827,0.025634537892452593,-0.018798661121131897,-0.08965938373220955,0.568,0.0,8.8544,0.6,0.0,1.0,0.0,0.0,0.0,0.3117,0.595,0.0,0.3,0.6
87.9744,0.995402408682091,0.025756493065679297,-0.018737631209562393,-0.09033022213801851,0.5815,0.0,10.1219,0.6,0.0,1.0,0.0,0.0,0.0,0.2694,0.5815,0.0,0.3,0.6
87.9944,0.9953574206752717,0.025512908255083545,-0.018798932398671867,-0.09088067319132405,0.5815,0.0,9.5968,0.6,0.0,1.0,0.0,0.0,0.0,0.331,0.6085,0.0,0.3,0.6
88.0145,0.9953616509632488,0.025391016605641425,-0.018738012254598438,-0.09088105943591429,0.5815,0.0,9.2407,0.6,0.0,1.0,0.0,0.0,0.0,0.2578,0.6085,0.0,0.3,0.6
88.0346,0.9953190028132973,0.02490247544263713,-0.01867735659152411,-0.09149374681542671,0.568,0.0,9.511,0.6,0.0,1.0,0.0,0.0,0.0,0.3387,0.6085,0.0,0.3,0.6
88.0546,0.9953246542576542,0.024719612306435202,-0.018616461130976075,-0.09149426631904078,0.595,0.0,9.5769,0.6,0.0,1.0,0.0,0.0,0.0,0.2655,0.6085,0.0,0.3,0.6
88.0747,0.9953403679735522,0.024779486355588205,-0.018615614124117427,-0.09130710733020193,0.595,0.0,9.4552,0.6,0.0,1.0,0.0,0.0,0.0,0.3233,0.595,0.0,0.3,0.6
88.0948,0.9953094713876003,0.024658234648322567,-0.018616177151965806,-0.09167587238968977,0.595,0.0,9.3501,0.6,0.0,1.0,0.0,0.0,0.0,0.2809,0.595,0.0,0.3,0.6
88.1149,0.9953105998087703,0.02465826260432499,-0.018555197608210318,-0.09167597632620211,0.595,0.0,9.6025,0.6,0.0,1.0,0.0,0.0,0.0,0.2963,0.595,0.0,0.3,0.6
88.1349,0.9953046928756764,0.024536115688131813,-0.01843308691226498,-0.09179743282619152,0.595,0.0,9.536,0.6,0.0,1.0,0.0,0.0,0.0,0.304,0.595,0.0,0.3,0.6
88.155,0.995317288813452,0.024658428320669248,-0.018494321249187158,-0.09161559137682679,0.595,0.0,9.8264,0.6,0.0,1.0,0.0,0.0,0.0,0.2771,0.595,0.0,0.3,0.6
88.1751,0.995312115446763,0.024414297183278682,-0.0184942251211418,-0.09173711667097789,0.595,0.0,9.5364,0.6,0.0,1.0,0.0,0.0,0.0,0.3348,0.595,0.0,0.3,0.6
88.1952,0.9953172423957186,0.024475424000437278,-0.01873832461369534,-0.09161558710423129,0.595,0.0,9.7006,0.6,0.0,1.0,0.0,0.0,0.0,0.2578,0.5815,0.0,0.3,0.6
88.2152,0.9953201033674332,0.024719499281763882,-0.018860380939927448,-0.09149384798281242,0.595,0.0,9.2808,0.6,0.0,1.0,0.0,0.0,0.0,0.3271,0.5815,0.0,0.3,0.6
88.2353,0.9953198366985685,0.025085499953364405,-0.01898237831830827,-0.09137182103802687,0.595,0.0,9.312,0.6,0.0,1.0,0.0,0.0,0.0,0.2732,0.5815,0.0,0.3,0.6
88.2554,0.9953301566499329,0.025513773019802816,-0.019043576984913765,-0.09112776100143172,0.595,0.0,9.6245,0.6,0.0,1.0,0.0,0.0,0.0,0.304,0.5815,0.0,0.3,0.6
88.2755,0.9953390736075061,0.025573436641016033,-0.019103579165948625,-0.091000995332853,0.595,0.0,9.1991,0.6,0.0,1.0,0.0,0.0,0.0,0.304,0.5815,0.0,0.3,0.6
88.2955,0.9953470647802849,0.025817638543701633,-0.01922573083279911,-0.09081872850487967,0.595,0.0,9.4799,0.6,0.0,1.0,0.0,0.0,0.0,0.2771,0.5815,0.0,0.3,0.6
88.3156,0.9953442799709785,0.025756567335079934,-0.019164678067197533,-0.09087947338507586,0.595,0.0,9.3785,0.6,0.0,1.0,0.0,0.0,0.0,0.331,0.5815,0.0,0.3,0.6
88.3357,0.9953316716511412,0.025817239271670445,-0.019164435302562705,-0.09100031859322284,0.595,0.0,9.7081,0.6,0.0,1.0,0.0,0.0,0.0,0.2578,0.5815,0.0,0.3,0.6
88.3557,0.9953309108088793,0.025574794245982396,-0.01892158762525349,-0.09112783004868785,0.595,0.0,9.5031,0.6,0.0,1.0,0.0,0.0,0.0,0.3387,0.5815,0.0,0.3,0.6
88.3758,0.9953310739995768,0.025391792725734212,-0.01886058882310059,-0.0911898469253485,0.595,0.0,9.8242,0.6,0.0,1.0,0.0,0.0,0.0,0.254,0.5815,0.0,0.3,0.6
88.3959,0.9953291525224466,0.025208738347016816,-0.01861654526610857,-0.09131167445762295,0.595,0.0,9.3836,0.6,0.0,1.0,0.0,0.0,0.0,0.3194,0.5815,0.0,0.3,0.6
88.416,0.9953296311009027,0.024901215211038687,-0.01843241908220529,-0.09142811854310812,0.595,0.0,9.384,0.6,0.0,1.0,0.0,0.0,0.0,0.2848,0.5815,0.0,0.3,0.6
88.436,0.9953340959703989,0.024901326913406168,-0.018187508388925834,-0.09142852867318448,0.595,0.0,9.6124,0.6,0.0,1.0,0.0,0.0,0.0,0.2963,0.5815,0.0,0.3,0.6
88.4561,0.9953242610597892,0.024780604027993147,-0.01794443739621909,-0.09161623314852968,0.595,0.0,9.4986,0.6,0.0,1.0,0.0,0.0,0.0,0.3156,0.5815,0.0,0.3,0.6
88.4762,0.9953199437529852,0.025085502651505706,-0.017761355893697137,-0.09161583575503462,0.595,0.0,9.6344,0.6,0.0,1.0,0.0,0.0,0.0,0.2694,0.5815,0.0,0.3,0.6
88.4962,0.9953075236958582,0.025085189623139364,-0.017517132414930525,-0.09179769391410497,0.595,0.0,9.4031,0.6,0.0,1.0,0.0,0.0,0.0,0.3348,0.5815,0.0,0.3,0.6
88.5163,0.9952937802275523,0.025451840946801634,-0.017455890914952428,-0.09185742596618368,0.595,0.0,9.7766,0.6,0.0,1.0,0.0,0.0,0.0,0.2617,0.5815,0.0,0.3,0.6
88.5364,0.9952918570539775,0.025390792266108252,-0.01733385818363673,-0.09191824797402239,0.595,0.0,9.4123,0.6,0.0,1.0,0.0,0.0,0.0,0.3194,0.5815,0.0,0.3,0.6
88.5565,0.9952906823432484,0.025573760584995713,-0.017455836582923476,-0.09185714005695383,0.595,0.0,9.6661,0.6,0.0,1.0,0.0,0.0,0.0,0.2848,0.5815,0.0,0.3,0.6
88.5765,0.9952906823432484,0.025573760584995713,-0.017455836582923476,-0.09185714005695383,0.595,0.0,9.6661,0.6,0.0,1.0,0.0,0.0,0.0,0.2963,0.5815,0.0,0.3,0.6
88.5966,0.9952800105700288,0.02551248760139973,-0.01751664819165598,-0.09197815268987375,0.595,0.0,9.5156,0.6,0.0,1.0,0.0,0.0,0.0,0.3156,0.5815,0.0,0.3,0.6
88.6167,0.995266599210561,0.025452705815494775,-0.017700490842930124,-0.09210455410257347,0.595,0.0,9.8116,0.6,0.0,1.0,0.0,0.0,0.0,0.2655,0.5815,0.0,0.3,0.6
88.6368,0.9952434688965457,0.0255741148342863,-0.01788308029958324,-0.09228541438500465,0.595,0.0,9.348,0.6,0.0,1.0,0.0,0.0,0.0,0.3387,0.5815,0.0,0.3,0.6
88.6568,0.9952141360527913,0.025451364135464595,-0.018126547135139347,-0.09258768683414531,0.595,0.0,9.8248,0.6,0.0,1.0,0.0,0.0,0.0,0.2617,0.5815,0.0,0.3,0.6
88.6769,0.9952057037829675,0.025452708533231328,-0.018250508043826483,-0.0926535792201954,0.595,0.0,9.7284,0.6,0.0,1.0,0.0,0.0,0.0,0.3271,0.5815,0.0,0.3,0.6
88.697,0.995196842261086,0.02526947843209494,-0.01837234784734054,-0.09277475652304179,0.595,0.0,9.479,0.6,0.0,1.0,0.0,0.0,0.0,0.2771,0.5815,0.0,0.3,0.6
88.7171,0.9951817043538392,0.025330094285929496,-0.01849406884026767,-0.09289634578703937,0.595,0.0,9.643,0.6,0.0,1.0,0.0,0.0,0.0,0.304,0.5815,0.0,0.3,0.6
88.7371,0.9951565300354767,0.025207456162751087,-0.018493601010548966,-0.09319898928215499,0.595,0.0,9.4944,0.6,0.0,1.0,0.0,0.0,0.0,0.3079,0.5815,0.0,0.3,0.6
88.7572,0.9951300035034473,0.02569633577762674,-0.01861624326106395,-0.09332421948067639,0.595,0.0,9.7324,0.6,0.0,1.0,0.0,0.0,0.0,0.2732,0.5815,0.0,0.3,0.6
88.7773,0.9951146498653844,0.02593993873836753,-0.01849395632333727,-0.09344477931406131,0.595,0.0,9.3926,0.6,0.0,1.0,0.0,0.0,0.0,0.3387,0.5815,0.0,0.3,0.6
88.7974,0.9951040113030787,0.026305656642725217,-0.018554757812125226,-0.09344378031549677,0.595,0.0,9.6561,0.6,0.0,1.0,0.0,0.0,0.0,0.2578,0.5815,0.0,0.3,0.6
88.8174,0.9950786188533068,0.02642860074111929,-0.018494420391488575,-0.09369112966682014,0.595,0.0,9.3796,0.6,0.0,1.0,0.0,0.0,0.0,0.3348,0.5815,0.0,0.3,0.6
88.8375,0.9950526257021658,0.02654990996727069,-0.01849393728567623,-0.09393268146725559,0.595,0.0,9.8197,0.6,0.0,1.0,0.0,0.0,0.0,0.2694,0.5815,0.0,0.3,0.6
88.8576,0.9950274581477125,0.026977226172103876,-0.018310474773422562,-0.09411330040824861,0.595,0.0,9.6407,0.6,0.0,1.0,0.0,0.0,0.0,0.3117,0.5815,0.0,0.3,0.6
88.8776,0.9950075525641229,0.027222343424741384,-0.01806622791533971,-0.09430018964843456,0.595,0.0,9.4119,0.6,0.0,1.0,0.0,0.0,0.0,0.2925,0.5815,0.0,0.3,0.6
88.8977,0.9949923563277263,0.02764892653742512,-0.01794395232332295,-0.09435974928827207,0.595,0.0,9.6373,0.6,0.0,1.0,0.0,0.0,0.0,0.2886,0.5815,0.0,0.3,0.6
88.9178,0.9949679079986451,0.02764824716531695,-0.017699518059463626,-0.0946634224077505,0.595,0.0,9.5004,0.6,0.0,1.0,0.0,0.0,0.0,0.3271,0.5815,0.0,0.3,0.6
88.9378,0.9949449905310037,0.02783230744598024,-0.017700195522917864,-0.09485004774877051,0.595,0.0,9.7337,0.6,0.0,1.0,0.0,0.0,0.0,0.2655,0.5815,0.0,0.3,0.6
88.9579,0.9949187383337285,0.027892572138797842,-0.01745573223586043,-0.09515254039705912,0.595,0.0,9.4067,0.6,0.0,1.0,0.0,0.0,0.0,0.3387,0.5815,0.0,0.3,0.6
88.978,0.994892653909007,0.02801555344175673,-0.01739534364159765,-0.09539988460598636,0.595,0.0,9.8116,0.6,0.0,1.0,0.0,0.0,0.0,0.2617,0.5815,0.0,0.3,0.6
88.9981,0.9948595967956211,0.02819762010874044,-0.017333766471554952,-0.09570171066269911,0.595,0.0,9.4375,0.6,0.0,1.0,0.0,0.0,0.0,0.3156,0.5815,0.0,0.3,0.6
89.0181,0.9948291729461103,0.028015483609049027,-0.017334299228243998,-0.09607065839149498,0.595,0.0,9.3914,0.6,0.0,1.0,0.0,0.0,0.0,0.2925,0.5815,0.0,0.3,0.6
89.0382,0.9947971260189696,0.02807558022029147,-0.017394739917793486,-0.09637355904440059,0.595,0.0,9.6561,0.6,0.0,1.0,0.0,0.0,0.0,0.2886,0.5815,0.0,0.3,0.1
89.0583,0.994768750086254,0.027771495538728153,-0.017456311480466617,-0.09674272622203378,0.595,0.0,9.5635,0.6,0.0,1.0,0.0,0.0,0.0,0.3271,0.5815,0.0,0.3,0.1
89.0784,0.9947426559714541,0.027709767566927796,-0.01769985153138296,-0.09698418648424734,0.6491,0.0,8.4694,0.6,0.0,1.0,0.0,0.0,0.0,0.2655,0.5003,0.0,0.3,0.1
89.0984,0.9946155870079926,0.027831624673729047,-0.018249753891044655,-0.09814367647323709,0.6491,0.0,7.5755,0.6,0.0,1.0,0.0,0.0,0.0,0.3387,0.4057,0.0,0.3,0.1
89.1185,0.9945280036233926,0.027222574918664214,-0.01989742021734853,-0.09887908824600555,0.6626,0.0,11.251,0.6,0.0,1.0,0.0,0.0,0.0,0.2617,0.3922,0.0,0.3,0.1
89.1386,0.9944780037269618,0.02697721341785023,-0.020019416288285324,-0.09942310109285996,0.6356,0.0,7.5463,0.6,0.0,1.0,0.0,0.0,0.0,0.3117,0.3786,0.0,0.3,0.1
89.1587,0.9945385965017439,0.02612222769726661,-0.01965241897693146,-0.09911806957779595,0.595,0.0,10.8631,0.6,0.0,1.0,0.0,0.0,0.0,0.2963,0.3516,0.0,0.3,0.1
89.1787,0.9946434882123696,0.025024364510813926,-0.01879927383467035,-0.09851243495543444,0.5815,0.0,9.3526,0.6,0.0,1.0,0.0,0.0,0.0,0.2848,0.3381,0.0,0.3,0.1
89.1988,0.9947819466971728,0.024352264295079123,-0.017760463439613197,-0.0974700553375046,0.595,0.0,11.9671,0.6,0.0,1.0,0.0,0.0,0.0,0.331,0.284,0.0,0.3,0.1
89.2189,0.9948598862368764,0.024169681406918577,-0.016601781163329006,-0.09692272241142631,0.595,0.0,13.4274,0.6,0.0,1.0,0.0,0.0,0.0,0.2617,0.1893,0.0,0.3,0.1
89.2389,0.9949469502217516,0.02423131539461237,-0.016602216094315315,-0.0960092496556455,0.568,0.0,11.8332,0.6,0.0,1.0,0.0,0.0,0.0,0.3348,0.1758,0.0,0.3,0.1
89.259,0.9949995157483871,0.02514611412420057,-0.01666307562441557,-0.09521543212979228,0.568,0.0,8.7955,0.6,0.0,1.0,0.0,0.0,0.0,0.2694,0.1893,0.0,0.3,0.1
89.2791,0.9949254652311738,0.02490178638501317,-0.016906854967930988,-0.09600717642166669,0.5544,0.0,9.5854,0.6,0.0,1.0,0.0,0.0,0.0,0.3117,0.1352,0.0,0.3,0.1
89.2992,0.9949228963493408,0.02429172889670892,-0.016906811314698563,-0.09618992649033953,0.6491,0.0,11.4484,0.6,0.0,1.0,0.0,0.0,0.0,0.2963,0.0811,0.0,0.3,0.1
89.3192,0.9949310530434585,0.024474927505983967,-0.01818794612783805,-0.09582471617000671,0.5544,0.0,10.2822,0.6,0.0,1.0,0.0,0.0,0.0,0.2925,0.0676,0.0,0.3,0.1
89.3393,0.9949439554028103,0.0242922430680277,-0.01867718688381167,-0.09564295700281178,0.622,0.0,9.7005,0.6,0.0,1.0,0.0,0.0,0.0,0.3271,0.1352,0.0,0.3,0.1
89.3594,0.9949220541291703,0.025084698812011887,-0.018493777948150197,-0.09570185092310049,0.5409,0.0,9.873,0.6,0.0,1.0,0.0,0.0,0.0,0.2655,0.0541,0.0,0.3,0.1
89.3794,0.9948484843150343,0.024596393880120283,-0.018981532245088546,-0.09649462211854976,0.6085,0.0,9.1426,0.6,0.0,1.0,0.0,0.0,0.0,0.3233,0.1352,0.0,0.3,0.1
89.3995,0.9948408403819513,0.025940752020992733,-0.018494536155599057,-0.09631579218958641,0.568,0.0,10.0514,0.6,0.0,1.0,0.0,0.0,0.0,0.2963,0.0676,0.0,0.3,0.1
89.4196,0.9948408403819513,0.025940752020992733,-0.018494536155599057,-0.09631579218958641,0.568,0.0,10.0514,0.6,0.0,1.0,0.0,0.0,0.0,0.2848,0.1082,0.0,0.3,0.1
89.4396,0.9947811278536074,0.026793168497876545,-0.0189204128218378,-0.09661600160843226,0.622,0.0,13.1852,0.6,0.0,1.0,0.0,0.0,0.0,0.2809,0.1352,0.0,0.3,0.1
89.4597,0.9946201398006382,0.027160758048604197,-0.018676833624453455,-0.09820512517658497,0.568,0.0,13.3518,0.6,0.0,1.0,0.0,0.0,0.0,0.2963,0.0406,0.0,0.3,0.1
89.4798,0.9946305149397998,0.027710042205668504,-0.01794402733087389,-0.09808314939222601,0.6761,0.0,10.7352,0.6,0.0,1.0,0.0,0.0,0.0,0.3233,0.1487,0.0,0.3,0.1
89.4999,0.9945574254233964,0.027831704080951706,-0.01812680726772821,-0.09875395000410986,0.5409,0.0,10.811,0.6,0.0,1.0,0.0,0.0,0.0,0.3079,0.027,0.0,0.3,0.1
89.5199,0.9946830185542714,0.026793811940547457,-0.017760875340601,-0.09783831329593269,0.6356,0.0,11.0465,0.6,0.0,1.0,0.0,0.0,0.0,0.3117,0.1758,0.0,0.3,0.1
89.54,0.9946694343333862,0.026977442217621668,-0.017577636566882406,-0.09795897461192221,0.5274,0.0,11.0515,0.6,0.0,1.0,0.0,0.0,0.0,0.304,0.0406,0.0,0.3,0.1
89.5601,0.9947498343453665,0.025390970246688065,-0.016356980832778405,-0.09777788542320753,0.568,0.0,12.2459,0.6,0.0,1.0,0.0,0.0,0.0,0.3079,0.1352,0.0,0.3,0.1
89.5801,0.9947345944078412,0.025573578229512853,-0.015136750358181583,-0.09808138239951941,0.5274,0.0,10.1783,0.6,0.0,1.0,0.0,0.0,0.0,0.3079,0.0541,0.0,0.3,0.1
89.6002,0.9950630225681276,0.026733188667083813,-0.015198107259280277,-0.0943606659419455,0.5274,0.0,10.7729,0.6,0.0,1.0,0.0,0.0,0.0,0.3079,0.1217,0.0,0.3,0.1
89.6203,0.9949603852033453,0.025269670122544143,-0.015991424074146315,-0.09570553800062698,0.5544,0.0,7.8905,0.6,0.0,1.0,0.0,0.0,0.0,0.3079,0.0811,0.0,0.3,0.1
89.6403,0.9950596367321975,0.02539109279906581,-0.01580805777510268,-0.09466634598544221,0.5409,0.0,8.96,0.6,0.0,1.0,0.0,0.0,0.0,0.3079,0.0811,0.0,0.3,0.1
89.6604,0.9950289043343384,0.024474333538597765,-0.0169675379564015,-0.0950294122508691,0.5815,0.0,10.2085,0.6,0.0,1.0,0.0,0.0,0.0,0.3079,0.0811,0.0,0.3,0.1
89.6805,0.9949818062695368,0.024352677076851674,-0.01782176367854681,-0.09539673501324253,0.5815,0.0,9.1983,0.6,0.0,1.0,0.0,0.0,0.0,0.3079,0.0811,0.0,0.3,0.1
89.7005,0.9949171683535984,0.02380359729940786,-0.018554686098576398,-0.09606737476713212,0.5815,0.0,9.5326,0.6,0.0,1.0,0.0,0.0,0.0,0.3079,0.0947,0.0,0.3,0.1
89.7206,0.9948260086311436,0.024048338636407426,-0.019287271593495914,-0.09680336313545873,0.595,0.0,10.2733,0.6,0.0,1.0,0.0,0.0,0.0,0.3079,0.0947,0.0,0.3,0.1
89.7407,0.9948307108962585,0.02429245689546559,-0.019348363906367044,-0.09668181840332674,0.5815,0.0,9.9751,0.6,0.0,1.0,0.0,0.0,0.0,0.3079,0.1082,0.0,0.3,0.1
89.7607,0.9947605910652919,0.024292234215555524,-0.019592188899685642,-0.09735193862664854,0.5815,0.0,9.5181,0.6,0.0,1.0,0.0,0.0,0.0,0.3079,0.1082,0.0,0.3,0.1
89.7808,0.994776185957359,0.02423161350120057,-0.01977550068037808,-0.09717046018260324,0.5815,0.0,9.52,0.6,0.0,1.0,0.0,0.0,0.0,0.3079,0.1082,0.0,0.3,0.1
89.8009,0.9947521158891781,0.024048026976502622,-0.0200200224579833,-0.09741210927457888,0.595,0.0,9.536,0.6,0.0,1.0,0.0,0.0,0.0,0.3079,0.1082,0.0,0.3,0.1
89.821,0.9947274636986947,0.02398643245570056,-0.020141523430304772,-0.09765368941067643,0.595,0.0,9.6155,0.6,0.0,1.0,0.0,0.0,0.0,0.3079,0.1082,0.0,0.3,0.1
89.841,0.9947078037385109,0.023987429338060768,-0.02020336160907331,-0.09784075119883795,0.595,0.0,9.6222,0.6,0.0,1.0,0.0,0.0,0.0,0.3079,0.1082,0.0,0.3,0.1
89.8611,0.9947161832072766,0.02398763140937674,-0.02008152859180782,-0.09778057380856453,0.595,0.0,9.5189,0.6,0.0,1.0,0.0,0.0,0.0,0.3079,0.1082,0.0,0.3,0.1
89.8812,0.9947382660370775,0.02398669293866644,-0.019896745295395257,-0.0975937506711615,0.595,0.0,9.511,0.6,0.0,1.0,0.0,0.0,0.0,0.3079,0.1082,0.0,0.3,0.1
89.9012,0.9947368752817974,0.024047658536434414,-0.019591721808292696,-0.09765461335803556,0.595,0.0,9.5036,0.6,0.0,1.0,0.0,0.0,0.0,0.3079,0.1082,0.0,0.3,0.1
89.9213,0.9947238764117182,0.024291337637050343,-0.01934747244367075,-0.09777533391550754,0.595,0.0,9.5427,0.6,0.0,1.0,0.0,0.0,0.0,0.3079,0.1082,0.0,0.3,0.1
89.9414,0.9946915893806649,0.02465803940016331,-0.01898203033067969,-0.09808315672342512,0.595,0.0,9.5817,0.6,0.0,1.0,0.0,0.0,0.0,0.3079,0.1082,0.0,0.3,0.1
89.9614,0.9946915893806649,0.02465803940016331,-0.01898203033067969,-0.09808315672342512,0.595,0.0,9.5817,0.6,0.0,1.0,0.0,0.0,0.0,0.3079,0.1082,0.0,0.3,0.1
89.9815,0.9946673094675091,0.024718436118516682,-0.01892056838053538,-0.09832575697485768,0.595,0.0,9.5883,0.6,0.0,1.0,0.0,0.0,0.0,0.3079,0.1082,0.0,0.3,0.1
90.0016,0.9946322949825447,0.024658081686417338,-0.018921062681024513,-0.09869432695106135,0.595,0.0,9.5085,0.6,0.0,1.0,0.0,0.0,0.0,0.3079,0.1082,0.0,0.3,0.1
90.0216,0.9945959888436238,0.024597692201625845,-0.018982534185927616,-0.09906278771773214,0.595,0.0,9.482,0.6,0.0,1.0,0.0,0.0,0.0,0.3079,0.1082,0.0,0.3,0.1
90.0417,0.9945605897426348,0.024718815825411824,-0.01910385766125925,-0.09936425965824047,0.595,0.0,9.5635,0.6,0.0,1.0,0.0,0.0,0.0,0.3079,0.1082,0.0,0.3,0.1
90.0618,0.9945361482020715,0.024902729857635985,-0.019165561710769954,-0.09955091767199199,0.595,0.0,9.6348,0.6,0.0,1.0,0.0,0.0,0.0,0.3079,0.1082,0.0,0.3,0.1
90.0818,0.9945163525722243,0.02502423533144296,-0.019409182526693422,-0.09967093731957,0.595,0.0,9.6592,0.6,0.0,1.0,0.0,0.0,0.0,0.3079,0.1082,0.0,0.3,0.1
90.1019,0.9944887622189243,0.02520753772272558,-0.019652639593173822,-0.09985216882596944,0.595,0.0,9.5829,0.6,0.0,1.0,0.0,0.0,0.0,0.3079,0.1082,0.0,0.3,0.1
90.122,0.9944568407688533,0.02539127679528295,-0.020081218909301597,-0.10003809053482421,0.595,0.0,9.511,0.6,0.0,1.0,0.0,0.0,0.0,0.3079,0.1082,0.0,0.3,0.1
90.142,0.994422254575918,0.02569538642981398,-0.020507510309099662,-0.10021760694255749,0.595,0.0,9.5856,0.6,0.0,1.0,0.0,0.0,0.0,0.3079,0.1082,0.0,0.3,0.1
90.1621,0.9943911914677525,0.02606216227319657,-0.0209351303502943,-0.10034262477235396,0.595,0.0,9.6592,0.6,0.0,1.0,0.0,0.0,0.0,0.3079,0.1082,0.0,0.3,0.1
90.1822,0.9943800385675936,0.026427868138864094,-0.021300893719764787,-0.10028049965314939,0.595,0.0,9.6347,0.6,0.0,1.0,0.0,0.0,0.0,0.3079,0.1082,0.0,0.3,0.1
90.2022,0.9943683992600698,0.026671554724844594,-0.021544640317440633,-0.10027932586090804,0.595,0.0,9.4707,0.6,0.0,1.0,0.0,0.0,0.0,0.3079,0.1082,0.0,0.3,0.1
90.2223,0.9943582509738529,0.026854277598619074,-0.021789413847473817,-0.10027830243407623,0.595,0.0,9.4718,0.6,0.0,1.0,0.0,0.0,0.0,0.3079,0.1082,0.0,0.3,0.1
90.2424,0.9943513104033248,0.02703974266134128,-0.021851600166166208,-0.10028375434823644,0.595,0.0,9.5473,0.6,0.0,1.0,0.0,0.0,0.0,0.3079,0.1082,0.0,0.3,0.1
90.2624,0.9943435837196322,0.027100533748357712,-0.021851430366618605,-0.10034397628700031,0.595,0.0,9.5473,0.6,0.0,1.0,0.0,0.0,0.0,0.3079,0.1082,0.0,0.3,0.1
90.2825,0.9943343690260618,0.027039281968549173,-0.021790227230840134,-0.10046504766035452,0.595,0.0,9.5473,0.6,0.0,1.0,0.0,0.0,0.0,0.3079,0.1082,0.0,0.3,0.1
90.3026,0.9943264700367962,0.02697806701704142,-0.0216670538237911,-0.10058624986937977,0.595,0.0,9.5832,0.6,0.0,1.0,0.0,0.0,0.0,0.3079,0.1082,0.0,0.3,0.1
90.3226,0.9943201737191572,0.02685489665866254,-0.021544917092194533,-0.10070761246325033,0.595,0.0,9.5774,0.6,0.0,1.0,0.0,0.0,0.0,0.3079,0.1082,0.0,0.3,0.1
90.3427,0.9943469306548578,0.026733616504475716,-0.02130149123412401,-0.10052731826253776,0.595,0.0,9.5444,0.6,0.0,1.0,0.0,0.0,0.0,0.3079,0.1082,0.0,0.3,0.1
90.3628,0.9943803514040374,0.0266108755976939,-0.021056901561784237,-0.10028053120184661,0.595,0.0,9.5031,0.6,0.0,1.0,0.0,0.0,0.0,0.3079,0.1082,0.0,0.3,0.1
90.3829,0.9944142152155022,0.026489778251726884,-0.020752609697604146,-0.10003993910559106,0.595,0.0,9.4651,0.6,0.0,1.0,0.0,0.0,0.0,0.3079,0.1082,0.0,0.3,0.1
90.4029,0.9944119048189519,0.026489716706053712,-0.02056955653013774,-0.10010070832581691,0.595,0.0,9.5031,0.6,0.0,1.0,0.0,0.0,0.0,0.3079,0.1082,0.0,0.3,0.1
90.4239,0.9944091835144677,0.02655064569790285,-0.02032549430545669,-0.10016143587405851,0.595,0.0,9.5754,0.6,0.0,1.0,0.0,0.0,0.0,0.3079,0.1082,0.0,0.3,0.1
90.444,0.9944169108400454,0.026489850059325068,-0.020020642462444324,-0.10016221420559246,0.595,0.0,9.6208,0.6,0.0,1.0,0.0,0.0,0.0,0.3079,0.1082,0.0,0.3,0.1
90.4641,0.9944405824431772,0.026305856689805396,-0.019713892601795156,-0.10003645501703268,0.595,0.0,9.5842,0.6,0.0,1.0,0.0,0.0,0.0,0.3079,0.1082,0.0,0.3,0.1
90.4841,0.9944698790121227,0.026062625810565825,-0.019470467520977537,-0.09985639773187938,0.595,0.0,9.5494,0.6,0.0,1.0,0.0,0.0,0.0,0.3079,0.1082,0.0,0.3,0.1
90.5042,0.9944803722206486,0.025817308726829184,-0.01928648359339818,-0.09985132642376648,0.595,0.0,9.5101,0.6,0.0,1.0,0.0,0.0,0.0,0.3079,0.1082,0.0,0.3,0.1
90.5243,0.9944734280583135,0.025635707045203928,-0.019226530277007627,-0.09997875746250467,0.595,0.0,9.5038,0.6,0.0,1.0,0.0,0.0,0.0,0.3079,0.1082,0.0,0.3,0.1
90.5444,0.9944544240282779,0.025757218189520953,-0.019104161831448082,-0.10015984845456495,0.595,0.0,9.58,0.6,0.0,1.0,0.0,0.0,0.0,0.3079,0.1082,0.0,0.3,0.1
90.5645,0.9944371427235557,0.026000768415736175,-0.01904283038886442,-0.1002801068227544,0.595,0.0,9.6519,0.6,0.0,1.0,0.0,0.0,0.0,0.3079,0.1082,0.0,0.3,0.1
90.5845,0.9944235627157922,0.026244407844645132,-0.019103568964149373,-0.10033973602390474,0.595,0.0,9.658,0.6,0.0,1.0,0.0,0.0,0.0,0.3079,0.1082,0.0,0.3,0.1
90.6046,0.9944125521899151,0.026550735641267968,-0.019226532709567524,-0.1003447802529608,0.595,0.0,9.5397,0.6,0.0,1.0,0.0,0.0,0.0,0.3079,0.1082,0.0,0.3,0.1
90.6247,0.9944032849658462,0.026855493815532018,-0.019287354653515762,-0.10034384511033759,0.595,0.0,9.5356,0.6,0.0,1.0,0.0,0.0,0.0,0.3079,0.1082,0.0,0.3,0.1
90.6448,0.9943241426328255,0.02710000388741454,-0.019531002801663956,-0.10101301449001499,0.595,0.0,9.4675,0.6,0.0,1.0,0.0,0.0,0.0,0.3079,0.1082,0.0,0.3,0.1
90.6648,0.9942423347869179,0.026916440544865364,-0.019835587719580536,-0.1018048839971434,0.595,0.0,9.3903,0.6,0.0,1.0,0.0,0.0,0.0,0.3079,0.1082,0.0,0.3,0.1
90.6849,0.9941396756104918,0.02685496422390763,-0.02001997332945934,-0.10278286307301782,0.595,0.0,9.4588,0.6,0.0,1.0,0.0,0.0,0.0,0.3079,0.1082,0.0,0.3,0.1
90.705,0.9940504274178011,0.026793202913480363,-0.020141400801795977,-0.10363491690480259,0.595,0.0,9.5883,0.6,0.0,1.0,0.0,0.0,0.0,0.3079,0.1082,0.0,0.3,0.1
90.725,0.9939405072139869,0.026549532743366775,-0.020202644444980745,-0.10473415673857867,0.595,0.0,9.5439,0.6,0.0,1.0,0.0,0.0,0.0,0.3079,0.1082,0.0,0.3,0.1
90.7451,0.9937155045378773,0.025757064917518547,-0.02044705153428201,-0.10699526966843559,0.595,0.0,9.4481,0.6,0.0,1.0,0.0,0.0,0.0,0.3079,0.1082,0.0,0.3,0.1
90.7652,0.993415608232211,0.024841190250225846,-0.02093516033527144,-0.10986384140978867,0.595,0.0,9.4779,0.6,0.0,1.0,0.0,0.0,0.0,0.3079,0.1082,0.0,0.3,0.1
90.7852,0.9930671330288706,0.024109610177810246,-0.02172954994208133,-0.11297885932424778,0.595,0.0,9.6407,0.6,0.0,1.0,0.0,0.0,0.0,0.3079,0.1082,0.0,0.3,0.1
90.8053,0.9930671330288706,0.024109610177810246,-0.02172954994208133,-0.11297885932424778,0.595,0.0,9.6407,0.6,0.0,1.0,0.0,0.0,0.0,0.3079,0.1082,0.0,0.3,0.1
90.8254,0.992588453333129,0.023803363381715775,-0.022948386247983336,-0.1169398724562253,0.595,0.0,9.8115,0.6,0.0,1.0,0.0,0.0,0.0,0.3079,0.1082,0.0,0.3,0.1
90.8454,0.9923426345512708,0.023499772822323982,-0.023804782852998,-0.11889991018694551,0.595,0.0,9.6829,0.6,0.0,1.0,0.0,0.0,0.0,0.3079,0.1082,0.0,0.3,0.1
90.8655,0.9921183306622721,0.022887823071059615,-0.02484080797396853,-0.12066606721930934,0.595,0.0,9.6829,0.6,0.0,1.0,0.0,0.0,0.0,0.3079,0.1082,0.0,0.3,0.1
90.8856,0.9919478949406526,0.021912108129136035,-0.025940128006105723,-0.12200960207775464,0.595,0.0,9.7397,0.6,0.0,1.0,0.0,0.0,0.0,0.3079,0.1082,0.0,0.3,0.1
90.9057,0.9917530624115883,0.02062985568842369,-0.026916811709418332,-0.12359513541766427,0.595,0.0,9.7029,0.6,0.0,1.0,0.0,0.0,0.0,0.3079,0.1082,0.0,0.3,0.1
90.9258,0.9914222927163499,0.018860538232660637,-0.027893796019279053,-0.12628560387576082,0.595,0.0,9.5264,0.6,0.0,1.0,0.0,0.0,0.0,0.3079,0.1082,0.0,0.3,0.1
90.9458,0.9909427792033838,0.01696758527531494,-0.029052289898852238,-0.13000182247273212,0.595,0.0,9.5249,0.6,0.0,1.0,0.0,0.0,0.0,0.3079,0.1082,0.0,0.3,0.1
90.9659,0.9903948739164901,0.015624650934853868,-0.030700314134460695,-0.13390800840558176,0.595,0.0,9.5751,0.6,0.0,1.0,0.0,0.0,0.0,0.3079,0.1082,0.0,0.3,0.1
90.986,0.9897872612624132,0.014953701787235419,-0.032470352463108275,-0.1379972480031087,0.595,0.0,9.6326,0.6,0.0,1.0,0.0,0.0,0.0,0.3079,0.1082,0.0,0.3,0.1
91.0061,0.9891524029367401,0.014465239874476258,-0.033813560724207783,-0.14221435831517576,0.595,0.0,9.634,0.6,0.0,1.0,0.0,0.0,0.0,0.3079,0.1082,0.0,0.3,0.1
91.0261,0.9883930920380248,0.01354986417191696,-0.03497264942320676,-0.14721552426546855,0.595,0.0,9.4753,0.6,0.0,1.0,0.0,0.0,0.0,0.3079,0.1082,0.0,0.3,0.1
91.0462,0.9871803695222177,0.010985970726370985,-0.03710890111823236,-0.15484558739264898,0.595,0.0,9.2722,0.6,0.0,1.0,0.0,0.0,0.0,0.3079,0.1082,0.0,0.3,0.1
91.0663,0.9862354453701401,0.008483728562874226,-0.03875576000840596,-0.16051686425856848,0.595,0.0,9.1698,0.6,0.0,1.0,0.0,0.0,0.0,0.3079,0.1082,0.0,0.3,0.1
91.0863,0.9851033534447403,0.006103977404918144,-0.0403438506592427,-0.1670523816225083,0.595,0.0,9.2028,0.6,0.0,1.0,0.0,0.0,0.0,0.3079,0.1082,0.0,0.3,0.1
91.1064,0.9838534646712891,0.0042108564700324355,-0.041929570801455686,-0.17394407099552156,0.595,0.0,9.3136,0.6,0.0,1.0,0.0,0.0,0.0,0.3079,0.1082,0.0,0.3,0.1
91.1265,0.9826169749209386,0.002686032734046384,-0.0436405318368518,-0.1804221987627131,0.595,0.0,9.4954,0.6,0.0,1.0,0.0,0.0,0.0,0.3079,0.1082,0.0,0.3,0.1
91.1466,0.9814842837869726,0.0014039689359381623,-0.04534799663522732,-0.1860918825515283,0.595,0.0,9.7165,0.6,0.0,1.0,0.0,0.0,0.0,0.3079,0.1082,0.0,0.3,0.1
91.1667,0.9804145273932159,6.1000406127848655e-05,-0.04687531208594484,-0.19128527353702118,0.595,0.0,9.7964,0.6,0.0,1.0,0.0,0.0,0.0,0.3079,0.1082,0.0,0.3,0.1
91.1867,0.9795884171355307,-0.0014649617411588052,-0.048033745553968415,-0.19518490256436127,0.595,0.0,9.8806,0.6,0.0,1.0,0.0,0.0,0.0,0.3079,0.1082,0.0,0.3,0.1
91.2068,0.9790747338923919,-0.003418033981854307,-0.04913348848169928,-0.19745096304363746,0.595,0.0,9.9208,0.6,0.0,1.0,0.0,0.0,0.0,0.3079,0.1082,0.0,0.3,0.1
91.2269,0.9790336485104584,-0.005370828010550541,-0.05004739733756179,-0.19738167926765066,0.595,0.0,9.8124,0.6,0.0,1.0,0.0,0.0,0.0,0.3079,0.1082,0.0,0.3,0.1
91.2469,0.9795559251655362,-0.0069580207781526765,-0.050598151097006286,-0.19458058105963644,0.6085,0.0,9.6691,0.6,0.0,1.0,0.0,0.0,0.0,0.3079,0.1082,0.0,0.3,0.1
91.267,0.9808326338294574,-0.007323982331551113,-0.05096387705422876,-0.18792654664410274,0.622,0.0,9.6929,0.6,0.0,1.0,0.0,0.0,0.0,0.3079,0.1082,0.0,0.3,0.1
91.2871,0.9831376570920061,-0.005797903620205422,-0.051146149786589726,-0.17547308307333004,0.622,0.0,9.8337,0.6,0.0,1.0,0.0,0.0,0.0,0.3079,0.1082,0.0,0.3,0.1
91.3072,0.9857293966610744,-0.0034180395181862768,-0.04998857795058403,-0.1607078580484628,0.622,0.0,9.7916,0.6,0.0,1.0,0.0,0.0,0.0,0.3079,0.1082,0.0,0.3,0.1
91.3272,0.9883665571864292,-0.0017090424632683864,-0.046937166211799386,-0.14465659417154036,0.622,0.0,9.5598,0.6,0.0,1.0,0.0,0.0,0.0,0.3079,0.1082,0.0,0.3,0.1
91.3473,0.9905941062824735,-0.0012819910784000084,-0.04412769290767221,-0.12951609867483188,0.6356,0.0,9.0899,0.6,0.0,1.0,0.0,0.0,0.0,0.3079,0.1082,0.0,0.3,0.1
91.3674,0.9926638799334078,-0.0013429836026564133,-0.04174749027825786,-0.11346261466255259,0.6085,0.0,10.0375,0.6,0.0,1.0,0.0,0.0,0.0,0.3079,0.1352,0.0,0.3,0.1
91.3874,0.9941751845449746,-0.0018309506145650911,-0.0399159233651529,-0.10009530017298585,0.6356,0.0,10.6757,0.6,0.0,1.0,0.0,0.0,0.0,0.3079,0.0947,0.0,0.3,0.1
91.4075,0.9955209832858503,-0.0007929816660495886,-0.037902123692658066,-0.08660699762281143,0.6085,0.0,8.9559,0.6,0.0,1.0,0.0,0.0,0.0,0.3079,0.0947,0.0,0.3,0.1
91.4276,0.9964643216143498,0.0013430058245469736,-0.03607215644308134,-0.07586732903269167,0.6085,0.0,9.4153,0.6,0.0,1.0,0.0,0.0,0.0,0.3079,0.0947,0.0,0.3,0.1
91.4477,0.9972794050002317,0.004700124445352477,-0.03302087429479546,-0.06573674051388184,0.6085,0.0,9.3641,0.6,0.0,1.0,0.0,0.0,0.0,0.3079,0.0676,0.0,0.3,0.1
91.4677,0.9978306355915167,0.008057223150221894,-0.030579846929457002,-0.057740599164783524,0.568,0.0,9.1519,0.6,0.0,1.0,0.0,0.0,0.0,0.3079,0.0676,0.0,0.3,0.1
91.4879,0.9982489689345854,0.010986208762224496,-0.027832528879504104,-0.051025969606090016,0.5815,0.0,9.6399,0.6,0.0,1.0,0.0,0.0,0.0,0.3079,0.0676,0.0,0.3,0.1
91.5079,0.9985161800954678,0.013244750364648686,-0.025817513394828216,-0.04608113146876114,0.5544,0.0,10.4702,0.6,0.0,1.0,0.0,0.0,0.0,0.3079,0.0811,0.0,0.3,0.1
91.528,0.9986133263846161,0.015198263696623457,-0.024353422542694493,-0.044128765653678015,0.5409,0.0,11.32,0.6,0.0,1.0,0.0,0.0,0.0,0.3079,0.0811,0.0,0.3,0.1
91.5481,0.9986623364288689,0.01672408936645555,-0.023621126221301518,-0.04284722895745757,0.568,0.0,9.7627,0.6,0.0,1.0,0.0,0.0,0.0,0.3079,0.0676,0.0,0.3,0.1
91.5681,0.9986363811008633,0.018432619420714242,-0.023559513565454743,-0.04278511661339329,0.5815,0.0,8.9591,0.6,0.0,1.0,0.0,0.0,0.0,0.3079,0.0811,0.0,0.3,0.1
91.5882,0.9985393717856902,0.019470085243549193,-0.023438102616245803,-0.04461719534213838,0.5815,0.0,9.4331,0.6,0.0,1.0,0.0,0.0,0.0,0.3079,0.0811,0.0,0.3,0.1
91.6083,0.9984286394957189,0.020264317422490748,-0.023560369052204985,-0.04663173044454044,0.6085,0.0,9.1037,0.6,0.0,1.0,0.0,0.0,0.0,0.3079,0.0811,0.0,0.3,0.1
91.6283,0.9983000535992822,0.021118191521219416,-0.023682214774387627,-0.04888944337915019,0.6085,0.0,10.3659,0.6,0.0,1.0,0.0,0.0,0.0,0.3079,0.0811,0.0,0.3,0.1
91.6484,0.9981788380856351,0.02221721897368939,-0.023804234615371202,-0.05078150050424985,0.6085,0.0,9.5922,0.6,0.0,1.0,0.0,0.0,0.0,0.3079,0.0947,0.0,0.3,0.1
91.6685,0.9980083773996011,0.023315522781954555,-0.023743532378809645,-0.053590201602494614,0.6085,0.0,9.5195,0.6,0.0,1.0,0.0,0.0,0.0,0.3079,0.0947,0.0,0.3,0.1
91.6886,0.9977636283085911,0.023926518650023106,-0.023987519972335707,-0.057618248978449416,0.622,0.0,9.4523,0.6,0.0,1.0,0.0,0.0,0.0,0.3079,0.0947,0.0,0.3,0.1
91.7086,0.9974517002193307,0.023804350823180765,-0.0248413661064793,-0.06250092112455037,0.595,0.0,9.5213,0.6,0.0,1.0,0.0,0.0,0.0,0.3079,0.0947,0.0,0.3,0.1
91.7287,0.9970159040195555,0.023010159338070144,-0.025940179627533224,-0.0689704775987266,0.5815,0.0,9.8756,0.6,0.0,1.0,0.0,0.0,0.0,0.3079,0.1082,0.0,0.3,0.1
91.7488,0.9965014454782802,0.021300582014962904,-0.026305483802901933,-0.07641450050492488,0.5815,0.0,9.4359,0.6,0.0,1.0,0.0,0.0,0.0,0.3079,0.1217,0.0,0.3,0.1
91.7688,0.9958453944691845,0.019286910802959443,-0.026488877495701384,-0.0849606070788736,0.5815,0.0,9.6159,0.6,0.0,1.0,0.0,0.0,0.0,0.3079,0.1217,0.0,0.3,0.1
91.7889,0.9949156881294263,0.01672369219292589,-0.027404495607936733,-0.09545724306652187,0.5815,0.0,9.3247,0.6,0.0,1.0,0.0,0.0,0.0,0.3079,0.1082,0.0,0.3,0.1
91.8091,0.993612660579253,0.01385530204311991,-0.02905363336403916,-0.10815635778936061,0.5815,0.0,9.3316,0.6,0.0,1.0,0.0,0.0,0.0,0.3079,0.0811,0.0,0.3,0.1
91.8292,0.9910854184819466,0.010497962063168378,-0.032226883540648406,-0.12884453439025798,0.5815,0.0,9.3494,0.6,0.0,1.0,0.0,0.0,0.0,0.3079,0.0811,0.0,0.3,0.1
91.8493,0.9893295031586505,0.009216097842162263,-0.034058361578598324,-0.14135850072423284,0.595,0.0,9.1473,0.6,0.0,1.0,0.0,0.0,0.0,0.3079,0.0811,0.0,0.3,0.1
91.8694,0.9878107890919989,0.008118146196469153,-0.035889646322380044,-0.15124772376015966,0.5544,0.0,9.6084,0.6,0.0,1.0,0.0,0.0,0.0,0.3079,0.0811,0.0,0.3,0.1
91.8895,0.9863963409417771,0.007080052691045611,-0.03741527845133775,-0.15991319010317584,0.6356,0.0,10.7055,0.6,0.0,1.0,0.0,0.0,0.0,0.3079,0.0811,0.0,0.3,0.1
91.9096,0.9855288439896811,0.006041962259468878,-0.039489753331086674,-0.16473297101147716,0.568,0.0,10.9295,0.6,0.0,1.0,0.0,0.0,0.0,0.3079,0.0811,0.0,0.3,0.1
91.9297,0.9845623084900257,0.005005021902206461,-0.04144318135727112,-0.16998374385669496,0.595,0.0,9.2738,0.6,0.0,1.0,0.0,0.0,0.0,0.3079,0.1352,0.0,0.3,0.1
91.9497,0.9838460618100806,0.0038450784057950976,-0.04284787371992256,-0.17377054339136425,0.6356,0.0,8.4023,0.6,0.0,1.0,0.0,0.0,0.0,0.3079,0.1352,0.0,0.3,0.1
91.9698,0.9829963605706256,0.0023800614038034587,-0.044862157410095346,-0.17804459341729734,0.595,0.0,7.0184,0.6,0.0,1.0,0.0,0.0,0.0,0.3079,0.1082,0.0,0.3,0.1
91.9899,0.9829963605706256,0.0023800614038034587,-0.044862157410095346,-0.17804459341729734,0.595,0.0,7.0184,0.6,0.0,1.0,0.0,0.0,0.0,0.3079,0.1352,0.0,0.3,0.1
92.01,0.9823666203801225,0.0020140115226943735,-0.04644826574285414,-0.1810920360755941,0.6085,0.0,10.0295,0.6,0.0,1.0,0.0,0.0,0.0,0.3079,0.1217,0.0,0.3,0.1
92.0301,0.9824628569036621,0.0015259687135909666,-0.04705703520587382,-0.1804163009869471,0.6356,0.0,9.0511,0.6,0.0,1.0,0.0,0.0,0.0,0.3079,0.1352,0.0,0.3,0.1
92.0502,0.9827037020017062,0.0007319826461115383,-0.04717888148024883,-0.17907275453239757,0.622,0.0,9.6449,0.6,0.0,1.0,0.0,0.0,0.0,0.3079,0.1082,0.0,0.3,0.1
92.0703,0.9829796716991309,-0.00024400215255035787,-0.047180416218550694,-0.17755256634209177,0.6356,0.0,9.3443,0.6,0.0,1.0,0.0,0.0,0.0,0.3079,0.1082,0.0,0.3,0.1
92.0903,0.9835034961037818,-0.000853984801211797,-0.0467521679286361,-0.17474089005029816,0.6085,0.0,9.5461,0.6,0.0,1.0,0.0,0.0,0.0,0.3079,0.1082,0.0,0.3,0.1
92.1104,0.9837989313213864,-0.0014649596924515354,-0.04620272875770039,-0.1732132341345196,0.622,0.0,9.2261,0.6,0.0,1.0,0.0,0.0,0.0,0.3079,0.0947,0.0,0.3,0.1
92.1306,0.9837989313213864,-0.0014649596924515354,-0.04620272875770039,-0.1732132341345196,0.622,0.0,9.2261,0.6,0.0,1.0,0.0,0.0,0.0,0.3079,0.0947,0.0,0.3,0.1
92.1507,0.9844951560703576,-0.0018309965705988161,-0.04467791631961443,-0.16961668231308558,0.595,0.0,9.5754,0.6,0.0,1.0,0.0,0.0,0.0,0.3079,0.0811,0.0,0.3,0.1
92.1708,0.9844951560703576,-0.0018309965705988161,-0.04467791631961443,-0.16961668231308558,0.595,0.0,9.5754,0.6,0.0,1.0,0.0,0.0,0.0,0.3079,0.0811,0.0,0.3,0.1
92.1909,0.9849657230767768,-0.0012209761040794902,-0.04376114354359295,-0.16711072944892813,0.5815,0.0,9.8716,0.6,0.0,1.0,0.0,0.0,0.0,0.3079,0.0811,0.0,0.3,0.1
92.211,0.9852548667863273,-0.001038027252267447,-0.04278712332901264,-0.16565334904706253,0.5815,0.0,9.56,0.6,0.0,1.0,0.0,0.0,0.0,0.3079,0.0811,0.0,0.3,0.1
92.2311,0.985471427724851,-0.0008539977708970637,-0.042052890233647125,-0.16455057049049696,0.5815,0.0,9.5027,0.6,0.0,1.0,0.0,0.0,0.0,0.3079,0.0811,0.0,0.3,0.1
92.2511,0.9857403597065568,-0.0003050069185208115,-0.04144394007953475,-0.1630896993897885,0.5815,0.0,9.622,0.6,0.0,1.0,0.0,0.0,0.0,0.3079,0.0811,0.0,0.3,0.1
92.2712,0.9860799654122784,0.0006099975041695198,-0.04101583218199465,-0.16113234072023955,0.5815,0.0,9.7039,0.6,0.0,1.0,0.0,0.0,0.0,0.3079,0.0811,0.0,0.3,0.1
92.2913,0.9865820152034932,0.002014020445157416,-0.040527411410573144,-0.15814360538137184,0.5815,0.0,9.7034,0.6,0.0,1.0,0.0,0.0,0.0,0.3079,0.0811,0.0,0.3,0.1
92.3114,0.9871012586391991,0.0031129345897911655,-0.03985516254761207,-0.15502574253798054,0.5815,0.0,9.5897,0.6,0.0,1.0,0.0,0.0,0.0,0.3079,0.0811,0.0,0.3,0.1
92.3315,0.9877015181895654,0.004271868164346028,-0.03918379073499503,-0.15130133063542572,0.5815,0.0,9.6142,0.6,0.0,1.0,0.0,0.0,0.0,0.3079,0.0811,0.0,0.3,0.1
92.3516,0.9883877298364039,0.0056149132520150365,-0.038878399345519524,-0.14678773219292712,0.5815,0.0,9.8102,0.6,0.0,1.0,0.0,0.0,0.0,0.3079,0.0811,0.0,0.3,0.1
92.3717,0.9892085329982578,0.007141083256561196,-0.038757451865921035,-0.1411146452293964,0.5815,0.0,9.7405,0.6,0.0,1.0,0.0,0.0,0.0,0.3079,0.0811,0.0,0.3,0.1
92.3918,0.9900467794737318,0.008544963573192734,-0.03839083634153799,-0.1351314239406295,0.5815,0.0,9.5793,0.6,0.0,1.0,0.0,0.0,0.0,0.3079,0.0811,0.0,0.3,0.1
92.4119,0.9909191532037913,0.010193135301033851,-0.03790350312126811,-0.1286027070389732,0.5815,0.0,9.4791,0.6,0.0,1.0,0.0,0.0,0.0,0.3079,0.0811,0.0,0.3,0.1
92.4319,0.9916677519633941,0.01184135526371373,-0.03766012987722279,-0.12262367894912385,0.5815,0.0,9.5503,0.6,0.0,1.0,0.0,0.0,0.0,0.3079,0.0811,0.0,0.3,0.1
92.452,0.9923168899331269,0.013733095352714005,-0.037415259784591454,-0.11712681324415491,0.5815,0.0,9.5759,0.6,0.0,1.0,0.0,0.0,0.0,0.3079,0.0811,0.0,0.3,0.1
92.4721,0.9927756358928909,0.015136659018763833,-0.03729115994766073,-0.1130344536898994,0.5815,0.0,9.4566,0.6,0.0,1.0,0.0,0.0,0.0,0.3079,0.0811,0.0,0.3,0.1
92.4922,0.9931144406757301,0.016357188434767512,-0.03704842679777872,-0.10992526633877747,0.5815,0.0,9.4076,0.6,0.0,1.0,0.0,0.0,0.0,0.3079,0.0811,0.0,0.3,0.1
92.5123,0.9933435782163962,0.017577939449042297,-0.036803873221217004,-0.10772662891267376,0.5815,0.0,9.5376,0.6,0.0,1.0,0.0,0.0,0.0,0.3079,0.0811,0.0,0.3,0.1
92.5324,0.9935402264608402,0.019226197894312323,-0.03668237756991389,-0.10565308748204945,0.5815,0.0,9.6663,0.6,0.0,1.0,0.0,0.0,0.0,0.3079,0.0811,0.0,0.3,0.1
92.5525,0.9937220365170183,0.020874189821665053,-0.03625532969169619,-0.10376094356117493,0.5815,0.0,9.613,0.6,0.0,1.0,0.0,0.0,0.0,0.3079,0.0811,0.0,0.3,0.1
92.5726,0.9939233324350459,0.022217610974095303,-0.03546197518802688,-0.10180979972272236,0.5815,0.0,9.622,0.6,0.0,1.0,0.0,0.0,0.0,0.3079,0.0811,0.0,0.3,0.1
92.5927,0.9941101315046621,0.023070283635766013,-0.03472792164997259,-0.10003389380915968,0.5815,0.0,9.5907,0.6,0.0,1.0,0.0,0.0,0.0,0.3079,0.0811,0.0,0.3,0.1
92.6127,0.9942628530290702,0.023681996499351224,-0.03411899495656465,-0.09857198542918882,0.5815,0.0,9.4288,0.6,0.0,1.0,0.0,0.0,0.0,0.3079,0.0811,0.0,0.3,0.1
92.6328,0.9943261221900215,0.023926051065365477,-0.03350807151626959,-0.0980832093389718,0.5815,0.0,9.2816,0.6,0.0,1.0,0.0,0.0,0.0,0.3079,0.0811,0.0,0.3,0.1
92.6529,0.9942984528038686,0.02392538526856977,-0.03289715475070668,-0.09856946738666962,0.5815,0.0,9.309,0.6,0.0,1.0,0.0,0.0,0.0,0.3079,0.0811,0.0,0.3,0.1
92.673,0.9941791810674603,0.02380345365039482,-0.03234825752548402,-0.0999737053500197,0.5815,0.0,9.5324,0.6,0.0,1.0,0.0,0.0,0.0,0.3079,0.0811,0.0,0.3,0.1
92.6931,0.9940666691220369,0.023314687339630918,-0.03198157111284906,-0.10131664129859415,0.5815,0.0,9.517,0.6,0.0,1.0,0.0,0.0,0.0,0.3079,0.0811,0.0,0.3,0.1
92.7132,0.9939489638974783,0.022399796360916168,-0.03161571257797881,-0.10278206559660918,0.5815,0.0,9.4467,0.6,0.0,1.0,0.0,0.0,0.0,0.3079,0.0811,0.0,0.3,0.1
92.7333,0.9937959109186276,0.020874460233931896,-0.0312506890059582,-0.10467730789435764,0.5815,0.0,9.3387,0.6,0.0,1.0,0.0,0.0,0.0,0.3079,0.0811,0.0,0.3,0.1
92.7534,0.9935779166421982,0.01916474764007297,-0.031432586098117055,-0.10699359111659829,0.5815,0.0,9.3245,0.6,0.0,1.0,0.0,0.0,0.0,0.3079,0.0811,0.0,0.3,0.1
92.7734,0.9932657883488758,0.017211649765587013,-0.032103346739159024,-0.10998276199558948,0.5815,0.0,9.4819,0.6,0.0,1.0,0.0,0.0,0.0,0.3079,0.0811,0.0,0.3,0.1
92.7935,0.9928971198138148,0.01501465400435527,-0.03271424613736147,-0.11340038681690989,0.5815,0.0,9.7063,0.6,0.0,1.0,0.0,0.0,0.0,0.3079,0.0811,0.0,0.3,0.1
92.8136,0.9924558040749306,0.012512300107801378,-0.03356980517253712,-0.11725181228737237,0.5815,0.0,9.7302,0.6,0.0,1.0,0.0,0.0,0.0,0.3079,0.0811,0.0,0.3,0.1
92.8337,0.9920011214311943,0.009887971307284702,-0.03466789940139016,-0.12097164896691387,0.5815,0.0,9.5367,0.6,0.0,1.0,0.0,0.0,0.0,0.3079,0.0811,0.0,0.3,0.1
92.8538,0.9913944428450913,0.00653100291732782,-0.03607201611297641,-0.12567105613589089,0.5815,0.0,9.4827,0.6,0.0,1.0,0.0,0.0,0.0,0.3079,0.0811,0.0,0.3,0.1
92.8739,0.99065484655176,0.002440982373839766,-0.03753672894994803,-0.13110305331416955,0.5815,0.0,9.5668,0.6,0.0,1.0,0.0,0.0,0.0,0.3079,0.0811,0.0,0.3,0.1
92.894,0.9898008311152378,-0.0021969863073914124,-0.039550753501883466,-0.13684014715054565,0.5815,0.0,9.6784,0.6,0.0,1.0,0.0,0.0,0.0,0.3079,0.0811,0.0,0.3,0.1
92.9141,0.9889662003396742,-0.006104081474926883,-0.04187055887208205,-0.1419698949594398,0.5815,0.0,9.6388,0.6,0.0,1.0,0.0,0.0,0.0,0.3079,0.0811,0.0,0.3,0.1
92.9342,0.9881432235428946,-0.00909385480970074,-0.04388329936979412,-0.14684865544967726,0.5815,0.0,9.5184,0.6,0.0,1.0,0.0,0.0,0.0,0.3079,0.0811,0.0,0.3,0.1
92.9543,0.9873544996712992,-0.010985872040751743,-0.04540947108779692,-0.15148723553444776,0.5815,0.0,9.6785,0.6,0.0,1.0,0.0,0.0,0.0,0.3079,0.0811,0.0,0.3,0.1
92.9744,0.9865357689986192,-0.01269531874194759,-0.04699817998545186,-0.1561319200112481,0.5815,0.0,9.8125,0.6,0.0,1.0,0.0,0.0,0.0,0.3079,0.0811,0.0,0.3,0.1
92.9945,0.9857439982968955,-0.014587384731897772,-0.048646283011117265,-0.1604042305475015,0.5815,0.0,9.6312,0.6,0.0,1.0,0.0,0.0,0.0,0.3079,0.0811,0.0,0.3,0.1
93.0146,0.984888682786077,-0.016724436120469904,-0.05035531310751863,-0.16486029903588784,0.5815,0.0,9.3941,0.6,0.0,1.0,0.0,0.0,0.0,0.3079,0.0811,0.0,0.3,0.1
93.0347,0.9840041265668107,-0.018737907197605805,-0.051940742755408456,-0.1693721611580793,0.5815,0.0,9.3099,0.6,0.0,1.0,0.0,0.0,0.0,0.3079,0.0811,0.0,0.3,0.1
93.0548,0.9831388260511255,-0.02032468630498286,-0.05340517573450998,-0.1737033190304234,0.5815,0.0,9.3975,0.6,0.0,1.0,0.0,0.0,0.0,0.3079,0.0811,0.0,0.3,0.1
93.0749,0.9824146419909283,-0.02160583817835511,-0.05438159269718172,-0.17730567203043668,0.5815,0.0,9.74,0.6,0.0,1.0,0.0,0.0,0.0,0.3079,0.0811,0.0,0.3,0.1
93.095,0.9817244638155012,-0.02313139831625176,-0.05517456482351321,-0.18065930076981285,0.5815,0.0,9.7291,0.6,0.0,1.0,0.0,0.0,0.0,0.3079,0.0811,0.0,0.3,0.1
93.1151,0.9810857874707541,-0.02490217228133179,-0.05566438510433111,-0.18371727101586824,0.5815,0.0,9.654,0.6,0.0,1.0,0.0,0.0,0.0,0.3079,0.0811,0.0,0.3,0.1
93.1352,0.9804462759129157,-0.026854377588318795,-0.05608969999279055,-0.18670267273812086,0.5815,0.0,9.7346,0.6,0.0,1.0,0.0,0.0,0.0,0.3079,0.0811,0.0,0.3,0.1
93.1552,0.9799280697647527,-0.028748266080764945,-0.056213520286560466,-0.1890887501187423,0.5815,0.0,9.74,0.6,0.0,1.0,0.0,0.0,0.0,0.3079,0.0811,0.0,0.3,0.1
93.1753,0.9796105777300571,-0.0304568935988301,-0.055907804686062115,-0.19055133430883778,0.5815,0.0,9.7477,0.6,0.0,1.0,0.0,0.0,0.0,0.3079,0.0811,0.0,0.3,0.1
93.1955,0.9795129956952567,-0.031799681620792664,-0.055604191866440306,-0.190922092382732,0.5815,0.0,9.7133,0.6,0.0,1.0,0.0,0.0,0.0,0.3079,0.0811,0.0,0.3,0.1
93.2156,0.979580100339326,-0.03295991184456976,-0.05499452143779925,-0.19055727181669518,0.5815,0.0,9.6719,0.6,0.0,1.0,0.0,0.0,0.0,0.3079,0.0811,0.0,0.3,0.1
93.2357,0.979771241835687,-0.0343620966212386,-0.054136576750592656,-0.18957001620845987,0.5815,0.0,9.552,0.6,0.0,1.0,0.0,0.0,0.0,0.3079,0.0811,0.0,0.3,0.1
93.2558,0.9800907467787107,-0.03601054979144861,-0.05322233460748853,-0.18786365130433166,0.5815,0.0,9.5541,0.6,0.0,1.0,0.0,0.0,0.0,0.3079,0.0811,0.0,0.3,0.1
93.2759,0.9805411597083424,-0.03729242443152529,-0.05236859601603875,-0.18548811107223817,0.5815,0.0,9.6737,0.6,0.0,1.0,0.0,0.0,0.0,0.3079,0.0811,0.0,0.3,0.1
93.296,0.9812162144940186,-0.038025589615313334,-0.05139279688389699,-0.18200982219893044,0.5815,0.0,9.7347,0.6,0.0,1.0,0.0,0.0,0.0,0.3079,0.0811,0.0,0.3,0.1
93.3161,0.9820937670107238,-0.038024100479456896,-0.05023081171029794,-0.1775467998482065,0.5815,0.0,9.8451,0.6,0.0,1.0,0.0,0.0,0.0,0.3079,0.0811,0.0,0.3,0.1
93.3362,0.9831439684738592,-0.03735361886171701,-0.048644503654982726,-0.17223924255397022,0.5815,0.0,9.87,0.6,0.0,1.0,0.0,0.0,0.0,0.3079,0.0811,0.0,0.3,0.1
93.3563,0.9843031029302389,-0.03576660403337335,-0.0467524824103868,-0.16638015803060718,0.5815,0.0,9.734,0.6,0.0,1.0,0.0,0.0,0.0,0.3079,0.0811,0.0,0.3,0.1
93.3764,0.9855228941028058,-0.032775597393409225,-0.044738450444951665,-0.16021503196179665,0.5815,0.0,9.7656,0.6,0.0,1.0,0.0,0.0,0.0,0.3079,0.0811,0.0,0.3,0.1
93.3965,0.9866414588075056,-0.028625245413811253,-0.04284736734482345,-0.1545423249430849,0.5815,0.0,10.0237,0.6,0.0,1.0,0.0,0.0,0.0,0.3079,0.0811,0.0,0.3,0.1
93.4166,0.9881681527740094,-0.021545199559500065,-0.039795368599225125,-0.1465463573658361,0.5815,0.0,9.9394,0.6,0.0,1.0,0.0,0.0,0.0,0.3079,0.0811,0.0,0.3,0.1
93.4367,0.9890382755431399,-0.016968416482897097,-0.0380259333311034,-0.14166647714619596,0.5815,0.0,9.6251,0.6,0.0,1.0,0.0,0.0,0.0,0.3079,0.0811,0.0,0.3,0.1
93.4568,0.9898025200679217,-0.012511943369858801,-0.03686483314656689,-0.1370233798202951,0.5815,0.0,9.5935,0.6,0.0,1.0,0.0,0.0,0.0,0.3079,0.0811,0.0,0.3,0.1
93.4769,0.9905854492276812,-0.007689879279912762,-0.036071433730170806,-0.13183393039617433,0.5815,0.0,9.5605,0.6,0.0,1.0,0.0,0.0,0.0,0.3079,0.0811,0.0,0.3,0.1
93.497,0.9905854492276812,-0.007689879279912762,-0.036071433730170806,-0.13183393039617433,0.5815,0.0,9.5605,0.6,0.0,1.0,0.0,0.0,0.0,0.3079,0.0811,0.0,0.3,0.1
93.5171,0.9912755265502433,-0.0030520108577982014,-0.035522126373102175,-0.12689245143110417,0.5815,0.0,9.3933,0.6,0.0,1.0,0.0,0.0,0.0,0.3079,0.0811,0.0,0.3,0.1
93.5372,0.9919270062631744,0.0019529685105212531,-0.035155433157135194,-0.12182403572082018,0.5815,0.0,9.3754,0.6,0.0,1.0,0.0,0.0,0.0,0.3079,0.0811,0.0,0.3,0.1
93.5573,0.9924956017715768,0.00671401760042073,-0.03509509199981611,-0.11694330656032187,0.5815,0.0,9.7618,0.6,0.0,1.0,0.0,0.0,0.0,0.3079,0.0811,0.0,0.3,0.1
93.5774,0.9930226939432336,0.011291780468506872,-0.035338312962855487,-0.11193582377645422,0.5815,0.0,9.9831,0.6,0.0,1.0,0.0,0.0,0.0,0.3079,0.0811,0.0,0.3,0.1
93.5975,0.9934472305179101,0.014770676329085306,-0.0357662162522777,-0.10754164343207298,0.5815,0.0,9.7863,0.6,0.0,1.0,0.0,0.0,0.0,0.3079,0.0811,0.0,0.3,0.1
93.6175,0.9938105879256081,0.017638566724274957,-0.036254109450002174,-0.10351345728386224,0.5815,0.0,9.5858,0.6,0.0,1.0,0.0,0.0,0.0,0.3079,0.0811,0.0,0.3,0.1
93.6376,0.9941082242579851,0.020264575342390772,-0.03680504495170498,-0.09991783682071517,0.5815,0.0,9.5041,0.6,0.0,1.0,0.0,0.0,0.0,0.3079,0.0811,0.0,0.3,0.1
93.6577,0.9943992141796935,0.02325433240297732,-0.037415534826584496,-0.09607037325284368,0.5815,0.0,9.4723,0.6,0.0,1.0,0.0,0.0,0.0,0.3079,0.0811,0.0,0.3,0.1
93.6778,0.9946631459968027,0.02636628816063065,-0.03771898165961193,-0.0923435069018696,0.5815,0.0,9.3921,0.6,0.0,1.0,0.0,0.0,0.0,0.3079,0.0811,0.0,0.3,0.1
93.6979,0.9949167831214977,0.029967481417445825,-0.03784134516147172,-0.08837747064176599,0.5815,0.0,9.4611,0.6,0.0,1.0,0.0,0.0,0.0,0.3079,0.0811,0.0,0.3,0.1
93.718,0.9951070889245534,0.03320266930779189,-0.03796362188961874,-0.08496015381318883,0.5815,0.0,9.487,0.6,0.0,1.0,0.0,0.0,0.0,0.3079,0.0811,0.0,0.3,0.1
93.7381,0.995221677736738,0.03625436897704516,-0.0380853371082538,-0.08227356799300484,0.5815,0.0,9.4982,0.6,0.0,1.0,0.0,0.0,0.0,0.3079,0.0811,0.0,0.3,0.1
93.7582,0.9952463337136082,0.039978294589744404,-0.03839128289546443,-0.08007859007848189,0.5815,0.0,9.5129,0.6,0.0,1.0,0.0,0.0,0.0,0.3079,0.0811,0.0,0.3,0.1
93.7783,0.9951969572947911,0.04235880688388688,-0.03863573596390219,-0.0793475114738393,0.5815,0.0,9.4978,0.6,0.0,1.0,0.0,0.0,0.0,0.3079,0.0811,0.0,0.3,0.1
93.7984,0.9951119545464033,0.04486077254524463,-0.038756803493815245,-0.07897859955977071,0.5815,0.0,9.4963,0.6,0.0,1.0,0.0,0.0,0.0,0.3079,0.0811,0.0,0.3,0.1
93.8185,0.9950097880284443,0.04742470483516093,-0.03869657511600427,-0.07879717109883894,0.5815,0.0,9.696,0.6,0.0,1.0,0.0,0.0,0.0,0.3079,0.0811,0.0,0.3,0.1
93.8386,0.9948891093704044,0.04950080152324471,-0.03857462460520486,-0.07910328085033747,0.5815,0.0,9.6694,0.6,0.0,1.0,0.0,0.0,0.0,0.3079,0.0811,0.0,0.3,0.1
93.8587,0.9947329749179276,0.051146073206387574,-0.038573301031599,-0.08001555007635865,0.5815,0.0,9.6196,0.6,0.0,1.0,0.0,0.0,0.0,0.3079,0.0811,0.0,0.3,0.1
93.8787,0.9945138982080217,0.05230736281752365,-0.03881826925364927,-0.0818485677230328,0.5815,0.0,9.3155,0.6,0.0,1.0,0.0,0.0,0.0,0.3079,0.0811,0.0,0.3,0.1
93.8989,0.9942312551278297,0.05365157869085766,-0.03912515125258367,-0.08423147850050794,0.5815,0.0,9.0359,0.6,0.0,1.0,0.0,0.0,0.0,0.3079,0.0811,0.0,0.3,0.1
93.9189,0.9938889517412299,0.05535860741912911,-0.0393067212526185,-0.08703538278024031,0.5815,0.0,9.437,0.6,0.0,1.0,0.0,0.0,0.0,0.3079,0.0811,0.0,0.3,0.1
93.939,0.993618009762754,0.05725255631032028,-0.03906306186081867,-0.08899141907563346,0.5815,0.0,9.3484,0.6,0.0,1.0,0.0,0.0,0.0,0.3079,0.0811,0.0,0.3,0.1
93.9591,0.9934127651208962,0.05877728193804653,-0.03851318473688663,-0.09051543417701285,0.5815,0.0,9.4464,0.6,0.0,1.0,0.0,0.0,0.0,0.3079,0.0811,0.0,0.3,0.1
93.9792,0.9932201203915572,0.059752706439886956,-0.037475815884410874,-0.09240654601426934,0.5815,0.0,9.5719,0.6,0.0,1.0,0.0,0.0,0.0,0.3079,0.0811,0.0,0.3,0.1
93.9993,0.9931141053773461,0.059570666141707876,-0.03692641292510835,-0.09387304972392829,0.5815,0.0,9.5536,0.6,0.0,1.0,0.0,0.0,0.0,0.3079,0.0811,0.0,0.3,0.1
94.0194,0.9930088970071894,0.0589006547203083,-0.036439023696473505,-0.09558368527176671,0.5815,0.0,9.4095,0.6,0.0,1.0,0.0,0.0,0.0,0.3079,0.0811,0.0,0.3,0.1
94.0395,0.9928818282295926,0.05780132896178657,-0.03582882377236832,-0.09778024815269148,0.5815,0.0,9.3492,0.6,0.0,1.0,0.0,0.0,0.0,0.3079,0.0811,0.0,0.3,0.1
94.0596,0.9927715165970088,0.05633349723457592,-0.03533805731379565,-0.0999123347154105,0.5815,0.0,9.4336,0.6,0.0,1.0,0.0,0.0,0.0,0.3079,0.0811,0.0,0.3,0.1
94.0797,0.9927038727657618,0.05432252524742106,-0.03479097684795526,-0.10187086029167897,0.5815,0.0,9.4343,0.6,0.0,1.0,0.0,0.0,0.0,0.3079,0.0811,0.0,0.3,0.1
94.0998,0.9926572152527086,0.052062014794053424,-0.0343623497372041,-0.10363603882269762,0.5815,0.0,9.3974,0.6,0.0,1.0,0.0,0.0,0.0,0.3079,0.0811,0.0,0.3,0.1
94.1199,0.9926041502155055,0.04931546095115214,-0.03399662839557788,-0.10558984583691107,0.5815,0.0,9.3788,0.6,0.0,1.0,0.0,0.0,0.0,0.3079,0.0811,0.0,0.3,0.1
94.14,0.9925319753658035,0.04669096391106187,-0.033690252401430316,-0.10754161361370757,0.5815,0.0,9.445,0.6,0.0,1.0,0.0,0.0,0.0,0.3079,0.0811,0.0,0.3,0.1
94.1601,0.9924268139636766,0.04376177131801315,-0.033629824263625555,-0.10974042653923682,0.5815,0.0,9.4406,0.6,0.0,1.0,0.0,0.0,0.0,0.3079,0.0811,0.0,0.3,0.1
94.1802,0.9923040803849962,0.040648757508812486,-0.03350780010837385,-0.11206033150126778,0.5815,0.0,9.4926,0.6,0.0,1.0,0.0,0.0,0.0,0.3079,0.0811,0.0,0.3,0.1
94.2003,0.9921684355118965,0.03710826826509792,-0.03338534167718232,-0.11449974218896336,0.5815,0.0,9.6357,0.6,0.0,1.0,0.0,0.0,0.0,0.3079,0.0811,0.0,0.3,0.1
94.2204,0.9920507329001742,0.03362951635974745,-0.03338551986876385,-0.11657532348112631,0.5815,0.0,9.6353,0.6,0.0,1.0,0.0,0.0,0.0,0.3079,0.0811,0.0,0.3,0.1
94.2405,0.9919327242258578,0.030028688922426276,-0.03344665351454898,-0.11852877211945739,0.5815,0.0,9.5597,0.6,0.0,1.0,0.0,0.0,0.0,0.3079,0.0811,0.0,0.3,6.0
94.2606,0.9918235418372242,0.026917068982843247,-0.03344708571791648,-0.12017830799198038,0.5815,0.0,9.6522,0.6,0.0,1.0,0.0,0.0,0.0,0.3079,0.1623,0.0,0.3,6.0
94.2807,0.9917853585486149,0.02374360709044504,-0.03344785521434169,-0.12115809784116885,0.5003,0.0,9.6349,0.6,0.0,1.0,0.0,0.0,0.0,0.3079,0.2975,0.0,0.3,6.0
94.3008,0.9922281614722464,0.021605546245719934,-0.03063935651989533,-0.11864950815269648,0.5409,0.0,9.1006,0.6,0.0,1.0,0.0,0.0,0.0,0.3079,0.3381,0.0,0.3,6.0
94.3208,0.9924504705360855,0.021301396441155834,-0.029236544122512167,-0.11719018103122714,0.5274,0.0,10.3889,0.6,0.0,1.0,0.0,0.0,0.0,0.3079,0.5003,0.0,0.3,6.0
94.3409,0.9927277486672863,0.02136180092716457,-0.03063971446532732,-0.11443993352240606,0.5274,0.0,10.3243,0.6,0.0,1.0,0.0,0.0,0.0,0.3079,0.6626,0.0,0.3,6.0
94.361,0.9929809954586015,0.023375999893089867,-0.03131099985679914,-0.1116329994894465,0.5139,0.0,9.0782,0.6,0.0,1.0,0.0,0.0,0.0,0.3079,0.8655,0.0,0.3,6.0
94.3811,0.9929516695831817,0.02526825361079157,-0.03228704628537884,-0.11120271522583747,0.5139,0.0,8.6569,0.6,0.0,1.0,0.0,0.0,0.0,0.3079,1.0953,0.0,0.3,6.0
94.4012,0.992877776295059,0.028259534415583754,-0.03430264869681707,-0.11053709036507137,0.5139,0.0,10.0831,0.6,0.0,1.0,0.0,0.0,0.0,0.3079,1.3658,0.0,0.3,6.0
94.4213,0.9926916353628386,0.03167749893559292,-0.037354588352436706,-0.11029273716278304,0.5139,0.0,9.9605,0.6,0.0,1.0,0.0,0.0,0.0,0.3079,1.6903,0.0,0.3,6.0
94.4414,0.9924714199668262,0.03466724620466837,-0.04077011350555365,-0.11016560458855151,0.5139,0.0,9.8855,0.6,0.0,1.0,0.0,0.0,0.0,0.3079,2.0284,0.0,0.3,6.0
94.4615,0.9922389346552688,0.037047624186175444,-0.044188551748081055,-0.11016688245904173,0.5139,0.0,9.9147,0.6,0.0,1.0,0.0,0.0,0.0,0.3079,2.407,0.0,0.3,6.0
94.4816,0.9920255918361641,0.03759881835340997,-0.047181026914034835,-0.1106594085465527,0.5139,0.0,9.3821,0.6,0.0,1.0,0.0,0.0,0.0,0.3079,2.7857,0.0,0.3,6.0
94.5017,0.9917968664472204,0.03594912524414949,-0.04962079256926801,-0.11218027029942756,0.568,0.0038,8.3885,0.6,0.0,1.0,0.0,0.0,0.0,0.3079,3.0561,0.0,0.3,6.0
94.5218,0.9907961149022817,0.03350840972214495,-0.052368640334525665,-0.12024047023340645,0.6761,0.0038,4.8659,0.6,0.0,1.0,0.0,0.0,0.0,0.3079,3.1102,0.0,0.3,6.0
94.5419,0.987267171775525,0.03228875783726024,-0.058961383860408306,-0.14416838372177354,0.6626,0.0038,11.7775,0.6,0.0,1.0,0.0,0.0,0.0,0.3079,3.1102,0.0,0.3,6.0
94.5619,0.9814591848980275,0.03302047724053094,-0.06335491566010286,-0.17785857056607726,0.6085,0.0038,10.9776,0.6,0.0,1.0,0.0,0.0,0.0,0.3079,3.1102,0.0,0.3,6.0
94.582,0.9790705707413725,0.026855152801151673,-0.05523731429071735,-0.19403210400894655,0.568,0.0038,8.0815,0.6,0.0,1.0,0.0,0.0,0.0,0.3079,3.1102,0.0,0.3,6.0
94.6021,0.9790705707413725,0.026855152801151673,-0.05523731429071735,-0.19403210400894655,0.568,0.0038,8.0815,0.6,0.0,1.0,0.0,0.0,0.0,0.3079,3.1102,0.0,0.3,6.0
94.6222,0.9806084202970633,0.02069136757768177,-0.04907287176898166,-0.18860235048007357,0.5409,0.0,10.5285,0.6,0.0,1.0,0.0,0.0,0.0,0.3079,3.1102,0.0,0.3,6.0
94.6423,0.9824060524323569,0.016478732497880566,-0.0448602717754366,-0.18053906927801147,0.5409,0.0,10.4317,0.6,0.0,1.0,0.0,0.0,0.0,0.3079,3.1102,0.0,0.3,6.0
94.6624,0.9833943028819814,0.016540937813551444,-0.04199184212965673,-0.17578033914538932,0.5409,0.0,9.9415,0.6,0.0,1.0,0.0,0.0,0.0,0.3079,3.1102,0.0,0.3,6.0
94.6825,0.9833354434707084,0.017028973044706647,-0.04058793575304205,-0.1763917207881786,0.5409,0.0,9.4488,0.6,0.0,1.0,0.0,0.0,0.0,0.3079,3.1102,0.0,0.3,6.0
94.7026,0.9824288289115758,0.015930110730990765,-0.04064928255518162,-0.18145926133233647,0.5409,0.0,9.783,0.6,0.0,1.0,0.0,0.0,0.0,0.3079,3.1102,0.0,0.3,6.0
94.7227,0.9814427388792518,0.014342966955606391,-0.04101590550450753,-0.18676756971098746,0.5409,0.0,9.7454,0.6,0.0,1.0,0.0,0.0,0.0,0.3079,3.1102,0.0,0.3,6.0
94.7427,0.9807844620596272,0.013062139334263407,-0.041748445332018706,-0.19012702809116735,0.5409,0.0,9.6296,0.6,0.0,1.0,0.0,0.0,0.0,0.3079,3.1102,0.0,0.3,6.0
94.7628,0.9807021816490101,0.012877857941391572,-0.04290752667721925,-0.19030590069190462,0.5409,0.0,9.8042,0.6,0.0,1.0,0.0,0.0,0.0,0.3079,3.1102,0.0,0.3,6.0
94.7829,0.9809887235847465,0.013366601090048615,-0.04376069401531437,-0.18859337166021373,0.5409,0.0,9.5086,0.6,0.0,1.0,0.0,0.0,0.0,0.3079,3.1102,0.0,0.3,6.0
94.803,0.9814654704851957,0.014160295342143851,-0.04553294968350945,-0.185611871318124,0.5409,0.0,9.4406,0.6,0.0,1.0,0.0,0.0,0.0,0.3079,3.1102,0.0,0.3,6.0
94.8231,0.9814654704851957,0.014160295342143851,-0.04553294968350945,-0.185611871318124,0.5409,0.0,9.4406,0.6,0.0,1.0,0.0,0.0,0.0,0.3079,3.1102,0.0,0.3,6.0
94.8432,0.9815105003193896,0.01440406604401857,-0.047913219686688525,-0.18475384711403514,0.5409,0.0,9.4034,0.6,0.0,1.0,0.0,0.0,0.0,0.3079,3.1102,0.0,0.3,6.0
94.8633,0.9812740015220083,0.014465176917088263,-0.05053761810293045,-0.18530526638556538,0.5409,0.0,9.2911,0.6,0.0,1.0,0.0,0.0,0.0,0.3079,3.1102,0.0,0.3,6.0
94.8834,0.9807647906711705,0.014831860729622528,-0.05328349967079331,-0.18719324226548606,0.5409,0.0,9.4331,0.6,0.0,1.0,0.0,0.0,0.0,0.3079,3.1102,0.0,0.3,6.0
94.9035,0.9801171556020417,0.015564224790445693,-0.05584780659676303,-0.1897607406698401,0.5409,0.0,9.6191,0.6,0.0,1.0,0.0,0.0,0.0,0.3079,3.1102,0.0,0.3,6.0
94.9236,0.9794502690522991,0.016113317002667576,-0.05835114796162431,-0.19238678488948022,0.5409,0.0,9.8602,0.6,0.0,1.0,0.0,0.0,0.0,0.3079,3.1102,0.0,0.3,6.0
94.9437,0.9787553353977658,0.016173922917490986,-0.061034709117661776,-0.19506707033937976,0.5409,0.0,9.7764,0.6,0.0,1.0,0.0,0.0,0.0,0.3079,3.1102,0.0,0.3,6.0
94.9637,0.9780231392955084,0.016234935913285214,-0.06365974870586606,-0.1978752188960407,0.5409,0.0,9.4896,0.6,0.0,1.0,0.0,0.0,0.0,0.3079,3.1102,0.0,0.3,6.0
94.9838,0.9772691780978849,0.01672355812166136,-0.06628224865679268,-0.20067869756562345,0.5409,0.0,9.408,0.6,0.0,1.0,0.0,0.0,0.0,0.3079,3.1102,0.0,0.3,6.0
95.004,0.976722529836406,0.017943568824837247,-0.06823536033774066,-0.20257113231499252,0.5409,0.0,9.6023,0.6,0.0,1.0,0.0,0.0,0.0,0.3079,3.1102,0.0,0.3,6.0
95.024,0.9763978700837077,0.019653379825616,-0.06982534946032719,-0.20343393160968093,0.5409,0.0,9.713,0.6,0.0,1.0,0.0,0.0,0.0,0.3079,3.1102,0.0,0.3,6.0
95.0441,0.9762739765669961,0.0213623714733151,-0.07104623543309008,-0.2034335375347106,0.5409,0.0,9.7204,0.6,0.0,1.0,0.0,0.0,0.0,0.3079,3.1102,0.0,0.3,6.0
95.0642,0.97619902824925,0.02270507043298604,-0.0718382228480445,-0.2033696308692329,0.5409,0.0,9.4966,0.6,0.0,1.0,0.0,0.0,0.0,0.3079,3.1102,0.0,0.3,6.0
95.0843,0.9760396790437693,0.024048657345388413,-0.07251198204067336,-0.20374056903953364,0.5409,0.0,9.5016,0.6,0.0,1.0,0.0,0.0,0.0,0.3079,3.1102,0.0,0.3,6.0
95.1044,0.9758246501277439,0.0255738597935777,-0.07318059879384567,-0.20434487969728743,0.5409,0.0,9.59,0.6,0.0,1.0,0.0,0.0,0.0,0.3079,3.1102,0.0,0.3,6.0
95.1245,0.9756495999833017,0.027100072218279245,-0.07342519566889863,-0.20489554602082366,0.5409,0.0,9.5839,0.6,0.0,1.0,0.0,0.0,0.0,0.3079,3.1102,0.0,0.3,6.0
95.1446,0.9756457378571954,0.02893096257349894,-0.0731199054085321,-0.20477273509602512,0.5409,0.0,9.6271,0.6,0.0,1.0,0.0,0.0,0.0,0.3079,3.1102,0.0,0.3,6.0
95.1647,0.9758203652725019,0.029601707728596806,-0.07257028347989991,-0.20403898542837035,0.5409,0.0,9.6259,0.6,0.0,1.0,0.0,0.0,0.0,0.3079,3.1102,0.0,0.3,6.0
95.1848,0.9760332055537173,0.029907619138776882,-0.07196148972569576,-0.2031902063841748,0.5409,0.0,9.5893,0.6,0.0,1.0,0.0,0.0,0.0,0.3079,3.1102,0.0,0.3,6.0
95.2049,0.9762113405842485,0.029846469019620545,-0.07129012028210574,-0.20257918341213726,0.5409,0.0,9.5099,0.6,0.0,1.0,0.0,0.0,0.0,0.3079,3.1102,0.0,0.3,6.0
95.225,0.9763248165879566,0.02954120625331586,-0.07055749262432573,-0.20233341266869442,0.5409,0.0,9.468,0.6,0.0,1.0,0.0,0.0,0.0,0.3079,3.1102,0.0,0.3,6.0
95.245,0.9764445242646344,0.02887013376707222,-0.06970232295921258,-0.20214893663824435,0.5409,0.0,9.5431,0.6,0.0,1.0,0.0,0.0,0.0,0.3079,3.1102,0.0,0.3,6.0
95.2651,0.9766485768590738,0.027954703465733553,-0.06878873103303329,-0.20160407326280366,0.5409,0.0,9.6235,0.6,0.0,1.0,0.0,0.0,0.0,0.3079,3.1102,0.0,0.3,6.0
95.2852,0.9769113954015111,0.026916514946349716,-0.06780877804034526,-0.2008023814064234,0.5409,0.0,9.7099,0.6,0.0,1.0,0.0,0.0,0.0,0.3079,3.1102,0.0,0.3,6.0
95.3053,0.9771270044275144,0.025696394585031625,-0.06695702816918496,-0.20019807417303886,0.5409,0.0,9.6195,0.6,0.0,1.0,0.0,0.0,0.0,0.3079,3.1102,0.0,0.3,6.0
95.3254,0.9772959733071358,0.02398702388912076,-0.06622306595277624,-0.19982919901359542,0.5409,0.0,9.6228,0.6,0.0,1.0,0.0,0.0,0.0,0.3079,3.1102,0.0,0.3,6.0
95.3455,0.9774152470004847,0.022277960044358554,-0.06579588199473088,-0.1995846420438685,0.5409,0.0,9.5607,0.6,0.0,1.0,0.0,0.0,0.0,0.3079,3.1102,0.0,0.3,6.0
95.3657,0.9775210708590623,0.020507623860713135,-0.06573379434776562,-0.19927634498551347,0.5409,0.0,9.6098,0.6,0.0,1.0,0.0,0.0,0.0,0.3079,3.1102,0.0,0.3,6.0
95.3858,0.9775853754448828,0.017638736126710616,-0.06616101023955026,-0.19909402157830383,0.5409,0.0,9.6098,0.6,0.0,1.0,0.0,0.0,0.0,0.3079,3.1102,0.0,0.3,6.0
95.406,0.9775228058495951,0.015197748226211082,-0.06677089383870019,-0.19939869665764826,0.5409,0.0,9.5085,0.6,0.0,1.0,0.0,0.0,0.0,0.3079,3.1102,0.0,0.3,6.0
95.4279,0.9773570655132989,0.012390013507575322,-0.06793207405945166,-0.20001221805303895,0.5409,0.0,9.5426,0.6,0.0,1.0,0.0,0.0,0.0,0.3079,3.1102,0.0,0.3,6.0
95.448,0.9770552767087889,0.00921604033990877,-0.06933630349478234,-0.20117288056207966,0.5409,0.0,9.773,0.6,0.0,1.0,0.0,0.0,0.0,0.3079,3.1102,0.0,0.3,6.0
95.4681,0.9766825772373672,0.0057369857688106055,-0.07086182421988081,-0.2025754974904262,0.5409,0.0,9.9839,0.6,0.0,1.0,0.0,0.0,0.0,0.3079,3.1102,0.0,0.3,6.0
95.4883,0.9763714386168454,0.002135983458150567,-0.07202044224693877,-0.20373342221268897,0.5409,0.0,9.6841,0.6,0.0,1.0,0.0,0.0,0.0,0.3079,3.1102,0.0,0.3,6.0
95.5083,0.9761685033146078,-0.0009769724806681854,-0.07323993697963163,-0.204279245868273,0.5409,0.0,9.2149,0.6,0.0,1.0,0.0,0.0,0.0,0.3079,3.1102,0.0,0.3,6.0
95.5284,0.9759666425344519,-0.003601054027008041,-0.07495212451493485,-0.20459306953223472,0.5409,0.0,9.2593,0.6,0.0,1.0,0.0,0.0,0.0,0.3079,3.1102,0.0,0.3,6.0
95.5485,0.9755508859623326,-0.0066531765401269885,-0.07678403744236162,-0.2058164612806373,0.5409,0.0,9.0281,0.6,0.0,1.0,0.0,0.0,0.0,0.3079,3.1102,0.0,0.3,6.0
95.5686,0.9748242528334656,-0.010253687104483697,-0.07854960302627305,-0.20842863971358105,0.5409,0.0,8.9571,0.6,0.0,1.0,0.0,0.0,0.0,0.3079,3.1102,0.0,0.3,6.0
95.5886,0.9739130203858442,-0.013732647775278085,-0.08031993989702813,-0.21178656794740397,0.5409,0.0,9.2724,0.6,0.0,1.0,0.0,0.0,0.0,0.3079,3.1102,0.0,0.3,6.0
95.6088,0.9739130203858442,-0.013732647775278085,-0.08031993989702813,-0.21178656794740397,0.5409,0.0,9.2724,0.6,0.0,1.0,0.0,0.0,0.0,0.3079,3.1102,0.0,0.3,6.0
95.6289,0.97255695305746,-0.018127427820592963,-0.08294895765624354,-0.2166191123699414,0.5409,0.0,9.8354,0.6,0.0,1.0,0.0,0.0,0.0,0.3079,3.1102,0.0,0.3,6.0
95.649,0.9716420621718047,-0.02111850125300572,-0.08459700793152854,-0.21979321684797903,0.5409,0.0,10.1111,0.6,0.0,1.0,0.0,0.0,0.0,0.3079,3.1102,0.0,0.3,6.0
95.669,0.970529498827838,-0.024597240739673905,-0.08618284349418942,-0.22369618937352592,0.5409,0.0,9.9121,0.6,0.0,1.0,0.0,0.0,0.0,0.3079,3.1102,0.0,0.3,6.0
95.6891,0.9692497752282571,-0.027832338129698615,-0.08758606406617044,-0.22827377325396805,0.5409,0.0,9.6747,0.6,0.0,1.0,0.0,0.0,0.0,0.3079,3.1102,0.0,0.3,6.0
95.7093,0.9679060270197377,-0.03033431424824229,-0.08874591936309958,-0.23315641538322296,0.5409,0.0,9.9845,0.6,0.0,1.0,0.0,0.0,0.0,0.3079,3.1102,0.0,0.3,6.0
95.7294,0.9666757563510913,-0.031921024975801765,-0.08929406986589532,-0.2377931860552875,0.5409,0.0,10.3527,0.6,0.0,1.0,0.0,0.0,0.0,0.3079,3.1102,0.0,0.3,6.0
95.7495,0.9657105349476016,-0.033020428606013265,-0.08917315746987936,-0.24158013571637998,0.5409,0.0,10.502,0.6,0.0,1.0,0.0,0.0,0.0,0.3079,3.1102,0.0,0.3,6.0
95.7696,0.9652088758078816,-0.03393596047431778,-0.0886228967796872,-0.2436517162154785,0.5409,0.0,10.3667,0.6,0.0,1.0,0.0,0.0,0.0,0.3079,3.1102,0.0,0.3,6.0
95.7897,0.9651793361517931,-0.034727896691098936,-0.08764321556589766,-0.24401124773720162,0.5409,0.0,9.8519,0.6,0.0,1.0,0.0,0.0,0.0,0.3079,3.1102,0.0,0.3,6.0
95.8098,0.9655352720569611,-0.03466872789306299,-0.08624481076731952,-0.24310810421677906,0.5409,0.0,9.7348,0.6,0.0,1.0,0.0,0.0,0.0,0.3079,3.1102,0.0,0.3,6.0
95.8299,0.9661049904498141,-0.033629303484359926,-0.08422725552138428,-0.24169399413815978,0.5409,0.0,9.7452,0.6,0.0,1.0,0.0,0.0,0.0,0.3079,3.1102,0.0,0.3,6.0
95.8499,0.9666557504942108,-0.03210336070951057,-0.08178537136645721,-0.24053521010047585,0.5409,0.0,9.6984,0.6,0.0,1.0,0.0,0.0,0.0,0.3079,3.1102,0.0,0.3,6.0
95.87,0.9670120295900166,-0.030211094915286504,-0.07934362296929445,-0.2401658049480042,0.5409,0.0,9.8367,0.6,0.0,1.0,0.0,0.0,0.0,0.3079,3.1102,0.0,0.3,6.0
95.8901,0.9671736763588503,-0.028137310599877122,-0.07714885162452717,-0.24048165460951254,0.5409,0.0,9.9123,0.6,0.0,1.0,0.0,0.0,0.0,0.3079,3.1102,0.0,0.3,6.0
95.9102,0.9672914025162114,-0.025940171698383117,-0.07489049570130735,-0.24096859497472195,0.5409,0.0,9.9391,0.6,0.0,1.0,0.0,0.0,0.0,0.3079,3.1102,0.0,0.3,6.0
95.9303,0.9675943743850406,-0.023376105680737398,-0.07257132808678964,-0.24072408828645403,0.5409,0.0,10.1252,0.6,0.0,1.0,0.0,0.0,0.0,0.3079,3.1102,0.0,0.3,6.0
95.9504,0.9682477872695988,-0.020690696285091494,-0.06988397418605287,-0.23913248981835783,0.5409,0.0,10.0075,0.6,0.0,1.0,0.0,0.0,0.0,0.3079,3.1102,0.0,0.3,6.0
95.9705,0.9690705324548078,-0.018433295452517623,-0.06714007613446434,-0.23675879481694845,0.5409,0.0,9.7442,0.6,0.0,1.0,0.0,0.0,0.0,0.3079,3.1102,0.0,0.3,6.0
95.9906,0.9701884914949994,-0.015197584755689195,-0.06371925899574099,-0.23333062469655563,0.5409,0.0,9.5434,0.6,0.0,1.0,0.0,0.0,0.0,0.3079,3.1102,0.0,0.3,6.0
96.0107,0.970916059774101,-0.01251238738625703,-0.06158590671317564,-0.23102515258938056,0.5409,0.0,9.4712,0.6,0.0,1.0,0.0,0.0,0.0,0.3079,3.1102,0.0,0.3,6.0
96.0308,0.971701016420271,-0.009399203290521692,-0.05975429239478064,-0.22833793860354207,0.5409,0.0,9.4299,0.6,0.0,1.0,0.0,0.0,0.0,0.3079,3.1102,0.0,0.3,6.0
96.0509,0.9727821124927398,-0.005859024769366658,-0.057861244611763854,-0.22430494826216413,0.5409,0.0,9.3432,0.6,0.0,1.0,0.0,0.0,0.0,0.3079,3.1102,0.0,0.3,6.0
96.071,0.9739862059200556,-0.0026249655189996488,-0.056090263209984656,-0.21954011616675867,0.5409,0.0,9.1947,0.6,0.0,1.0,0.0,0.0,0.0,0.3079,3.1102,0.0,0.3,6.0
96.0911,0.9750515071943352,6.938893903907228e-18,-0.05462681275889813,-0.2151522011178591,0.5409,0.0,9.1538,0.6,0.0,1.0,0.0,0.0,0.0,0.3079,3.1102,0.0,0.3,6.0
96.1112,0.9759817745818935,0.002379923857064318,-0.05370928163310128,-0.21111424564171166,0.5409,0.0,9.0434,0.6,0.0,1.0,0.0,0.0,0.0,0.3079,3.1102,0.0,0.3,6.0
96.1313,0.9768702659875298,0.00482201118533095,-0.05328412359999462,-0.20703148023854226,0.5409,0.0,9.0393,0.6,0.0,1.0,0.0,0.0,0.0,0.3079,3.1102,0.0,0.3,6.0
96.1514,0.9777641356920699,0.007384857521644313,-0.053038976702506985,-0.20275508818294907,0.5409,0.0,9.0315,0.6,0.0,1.0,0.0,0.0,0.0,0.3079,3.1102,0.0,0.3,6.0
96.1714,0.978657936032835,0.00988820143044995,-0.05273507425499063,-0.1983680409132051,0.5409,0.0,9.0366,0.6,0.0,1.0,0.0,0.0,0.0,0.3079,3.1102,0.0,0.3,6.0
96.1915,0.9795626526309997,0.012329121491422724,-0.052673519045965504,-0.19372790899889342,0.5409,0.0,9.1996,0.6,0.0,1.0,0.0,0.0,0.0,0.3079,3.1102,0.0,0.3,6.0
96.2117,0.9804582344835612,0.014525840505011605,-0.05297841829237293,-0.18890192584047286,0.5409,0.0,9.2417,0.6,0.0,1.0,0.0,0.0,0.0,0.3079,3.1102,0.0,0.3,6.0
96.2317,0.9811353993977285,0.016173924159507167,-0.05352774900519966,-0.18505813225140566,0.5409,0.0,9.1164,0.6,0.0,1.0,0.0,0.0,0.0,0.3079,3.1102,0.0,0.3,6.0
96.2518,0.9815702177185797,0.017578057623226128,-0.05432117807209387,-0.18237359784506868,0.5409,0.0,9.0829,0.6,0.0,1.0,0.0,0.0,0.0,0.3079,3.1102,0.0,0.3,6.0
96.2719,0.981802641972589,0.018798820819507917,-0.055419471770686124,-0.1806622780219999,0.5409,0.0,9.1476,0.6,0.0,1.0,0.0,0.0,0.0,0.3079,3.1102,0.0,0.3,6.0
96.292,0.9819155461778271,0.019957624922466357,-0.056578936672669895,-0.17956162537341777,0.5409,0.0,9.1254,0.6,0.0,1.0,0.0,0.0,0.0,0.3079,3.1102,0.0,0.3,6.0
96.3121,0.9819486116307248,0.020935311522453884,-0.05755685645982112,-0.17895766293292253,0.5409,0.0,9.2217,0.6,0.0,1.0,0.0,0.0,0.0,0.3079,3.1102,0.0,0.3,6.0
96.3322,0.9819739089327926,0.021605535951203344,-0.05859274153127872,-0.17840216823615576,0.5409,0.0,9.3472,0.6,0.0,1.0,0.0,0.0,0.0,0.3079,3.1102,0.0,0.3,6.0
96.3523,0.9820007495929228,0.022034129009343702,-0.059631349140245704,-0.1778570413490892,0.5409,0.0,9.422,0.6,0.0,1.0,0.0,0.0,0.0,0.3079,3.1102,0.0,0.3,6.0
96.3724,0.9820172113377479,0.02221750251711134,-0.06054836948748884,-0.17743301319298493,0.5409,0.0,9.4604,0.6,0.0,1.0,0.0,0.0,0.0,0.3079,3.1102,0.0,0.3,6.0
96.3925,0.9820029500938574,0.022156179371870036,-0.06134049660004094,-0.1772474349587683,0.5409,0.0,9.6901,0.6,0.0,1.0,0.0,0.0,0.0,0.3079,3.1102,0.0,0.3,6.0
96.4126,0.9819961787668257,0.02191202630271915,-0.061890074291497246,-0.17712421261604722,0.5409,0.0,9.8035,0.6,0.0,1.0,0.0,0.0,0.0,0.3079,3.1102,0.0,0.3,6.0
96.4327,0.9820210972750975,0.0213625677116387,-0.06219665288013146,-0.17694570234365045,0.5409,0.0,9.7717,0.6,0.0,1.0,0.0,0.0,0.0,0.3079,3.1102,0.0,0.3,6.0
96.4528,0.9820476972460624,0.020507826615918295,-0.06225547365908956,-0.17687850457497692,0.5409,0.0,9.6448,0.6,0.0,1.0,0.0,0.0,0.0,0.3079,3.1102,0.0,0.3,6.0
96.4729,0.982055705907259,0.019591994132854975,-0.06207298141122429,-0.17700194699385435,0.5409,0.0,9.6429,0.6,0.0,1.0,0.0,0.0,0.0,0.3079,3.1102,0.0,0.3,6.0
96.493,0.9820197769803879,0.01861646970531104,-0.06170855694594045,-0.17743347675889715,0.5409,0.0,9.5675,0.6,0.0,1.0,0.0,0.0,0.0,0.3079,3.1102,0.0,0.3,6.0
96.5131,0.9819151754638654,0.017638661844897045,-0.061216826397239445,-0.17828058213932887,0.5409,0.0,9.5678,0.6,0.0,1.0,0.0,0.0,0.0,0.3079,3.1102,0.0,0.3,6.0
96.5332,0.9817217654248902,0.016234533090576108,-0.06042326221115252,-0.179743830520355,0.5409,0.0,9.4856,0.6,0.0,1.0,0.0,0.0,0.0,0.3079,3.1102,0.0,0.3,6.0
96.5533,0.9816817165131501,0.015441885430514217,-0.05981355621945193,-0.1802356627599786,0.5409,0.0,9.5647,0.6,0.0,1.0,0.0,0.0,0.0,0.3079,3.1102,0.0,0.3,6.0
96.5734,0.9817348211019634,0.014892769738397295,-0.05908108652950976,-0.18023421334449158,0.5409,0.0,9.5307,0.6,0.0,1.0,0.0,0.0,0.0,0.3079,3.1102,0.0,0.3,6.0
96.5935,0.9818540735410968,0.01458671882284571,-0.0582878764286593,-0.17986753282951112,0.5409,0.0,9.4486,0.6,0.0,1.0,0.0,0.0,0.0,0.3079,3.1102,0.0,0.3,6.0
96.6136,0.981990698080023,0.01452593636455422,-0.057494748126121736,-0.17938121416401373,0.5409,0.0,9.4486,0.6,0.0,1.0,0.0,0.0,0.0,0.3079,3.1102,0.0,0.3,6.0
96.6337,0.9820962399374371,0.014586691658903576,-0.056822798850040185,-0.17901221594640998,0.5409,0.0,9.4917,0.6,0.0,1.0,0.0,0.0,0.0,0.3079,3.1102,0.0,0.3,6.0
96.6538,0.9821850175022772,0.014648104657580766,-0.05621340163275444,-0.17871227686106733,0.5409,0.0,9.5276,0.6,0.0,1.0,0.0,0.0,0.0,0.3079,3.1102,0.0,0.3,6.0
96.6738,0.9822943422680661,0.01464791563223317,-0.05566367939327053,-0.17828297314152491,0.5409,0.0,9.4151,0.6,0.0,1.0,0.0,0.0,0.0,0.3079,3.1102,0.0,0.3,6.0
96.6939,0.9824466713175339,0.014648367851553865,-0.055299388684818734,-0.17755545879377643,0.5409,0.0,9.4543,0.6,0.0,1.0,0.0,0.0,0.0,0.3079,3.1102,0.0,0.3,6.0
96.7141,0.9826471434264303,0.01470871774606974,-0.05486994706945356,-0.17657161166716057,0.5409,0.0,9.4607,0.6,0.0,1.0,0.0,0.0,0.0,0.3079,3.1102,0.0,0.3,6.0
96.7341,0.9828076163664973,0.014771294827927831,-0.054505087895293354,-0.1757845085740966,0.5409,0.0,9.5364,0.6,0.0,1.0,0.0,0.0,0.0,0.3079,3.1102,0.0,0.3,6.0
96.7542,0.9829504030022197,0.014953686656569938,-0.05425886304570576,-0.1750453320546949,0.5409,0.0,9.5832,0.6,0.0,1.0,0.0,0.0,0.0,0.3079,3.1102,0.0,0.3,6.0
96.7743,0.9830482300631559,0.015076248907901418,-0.05419989483678353,-0.17450288103136075,0.5409,0.0,9.5443,0.6,0.0,1.0,0.0,0.0,0.0,0.3079,3.1102,0.0,0.3,6.0
96.7944,0.9831009105090628,0.015198122291499114,-0.05419943611507831,-0.17419540166109987,0.5409,0.0,9.5448,0.6,0.0,1.0,0.0,0.0,0.0,0.3079,3.1102,0.0,0.3,6.0
96.8145,0.9831208834167586,0.015259432790240939,-0.05420053724348042,-0.17407693719528278,0.5409,0.0,9.383,0.6,0.0,1.0,0.0,0.0,0.0,0.3079,3.1102,0.0,0.3,6.0
96.8346,0.9831509735130106,0.015258953027536923,-0.054259832969011934,-0.17388846470970354,0.5409,0.0,9.4607,0.6,0.0,1.0,0.0,0.0,0.0,0.3079,3.1102,0.0,0.3,6.0
96.8547,0.9831402780696821,0.015319786177981826,-0.05444224013628354,-0.17388657302239413,0.5409,0.0,9.5088,0.6,0.0,1.0,0.0,0.0,0.0,0.3079,3.1102,0.0,0.3,6.0
96.8748,0.9831003981247527,0.0153201152884531,-0.05456541062104717,-0.1740733099537602,0.5409,0.0,9.4651,0.6,0.0,1.0,0.0,0.0,0.0,0.3079,3.1102,0.0,0.3,6.0
96.8949,0.9830529248433573,0.015381327400344733,-0.054811166687009576,-0.1742587091962206,0.5409,0.0,9.4576,0.6,0.0,1.0,0.0,0.0,0.0,0.3079,3.1102,0.0,0.3,6.0
96.915,0.9830122331547132,0.015380690718260086,-0.055174890518868605,-0.1743734936205732,0.5409,0.0,9.5365,0.6,0.0,1.0,0.0,0.0,0.0,0.3079,3.1102,0.0,0.3,6.0
96.9351,0.9829691688451515,0.015380971347076654,-0.05554189653204154,-0.17449967492782484,0.5409,0.0,9.5814,0.6,0.0,1.0,0.0,0.0,0.0,0.3079,3.1102,0.0,0.3,6.0
96.9552,0.9829373051357975,0.01544147066994549,-0.05572308982532782,-0.1746160142032911,0.5409,0.0,9.6088,0.6,0.0,1.0,0.0,0.0,0.0,0.3079,3.1102,0.0,0.3,6.0
96.9753,0.9829338101982869,0.015564377025288324,-0.05590935432599711,-0.17456522859877616,0.5409,0.0,9.6022,0.6,0.0,1.0,0.0,0.0,0.0,0.3079,3.1102,0.0,0.3,6.0
96.9954,0.9829390323577604,0.015503457914399447,-0.056214660371678764,-0.17444315240095537,0.5409,0.0,9.6901,0.6,0.0,1.0,0.0,0.0,0.0,0.3079,3.1102,0.0,0.3,6.0
97.0155,0.9829176047331813,0.015320118530193352,-0.056458436813162906,-0.17450135009913437,0.5409,0.0,9.6583,0.6,0.0,1.0,0.0,0.0,0.0,0.3079,3.1102,0.0,0.3,6.0
97.0356,0.9828536271702836,0.015503072986817829,-0.05658026637387294,-0.17480582296721198,0.5409,0.0,9.6114,0.6,0.0,1.0,0.0,0.0,0.0,0.3079,3.1102,0.0,0.3,6.0
97.0557,0.9827971659481772,0.015869148001839292,-0.056702528829812276,-0.1750506325902051,0.5409,0.0,9.7243,0.6,0.0,1.0,0.0,0.0,0.0,0.3079,3.1102,0.0,0.3,6.0
97.0757,0.9827574646211586,0.01617349747125793,-0.056761236364598296,-0.17522655551400193,0.5409,0.0,9.7617,0.6,0.0,1.0,0.0,0.0,0.0,0.3079,3.1102,0.0,0.3,6.0
97.0958,0.9827684428873538,0.016356674501834024,-0.05670087165146374,-0.17516751416279058,0.5409,0.0,9.6821,0.6,0.0,1.0,0.0,0.0,0.0,0.3079,3.1102,0.0,0.3,6.0
97.116,0.9827817653269483,0.01660189467917598,-0.056579641064195677,-0.17510888912603934,0.5409,0.0,9.5716,0.6,0.0,1.0,0.0,0.0,0.0,0.3079,3.1102,0.0,0.3,6.0
97.136,0.9827987988505648,0.017029187114236514,-0.05633561900760547,-0.1750509234341409,0.5409,0.0,9.5341,0.6,0.0,1.0,0.0,0.0,0.0,0.3079,3.1102,0.0,0.3,6.0
97.1561,0.9828337728875756,0.017516728612097757,-0.05596813288180046,-0.17492428988573525,0.5409,0.0,9.5341,0.6,0.0,1.0,0.0,0.0,0.0,0.3079,3.1102,0.0,0.3,6.0
97.1762,0.9828591389588526,0.01800518573753868,-0.05554257296497486,-0.17486780389783035,0.5409,0.0,9.532,0.6,0.0,1.0,0.0,0.0,0.0,0.3079,3.1102,0.0,0.3,6.0
97.1963,0.9828570224311866,0.018433150457978865,-0.055054449374142445,-0.17498942832641481,0.5409,0.0,9.4511,0.6,0.0,1.0,0.0,0.0,0.0,0.3079,3.1102,0.0,0.3,6.0
97.2164,0.9828407758596609,0.018859842186046083,-0.0546255429085341,-0.17516953422968595,0.5409,0.0,9.3807,0.6,0.0,1.0,0.0,0.0,0.0,0.3079,3.1102,0.0,0.3,6.0
97.2365,0.982821988101988,0.01922547160677665,-0.05425850875812445,-0.17534918069981864,0.5409,0.0,9.4187,0.6,0.0,1.0,0.0,0.0,0.0,0.3079,3.1102,0.0,0.3,6.0
97.2566,0.9828563496749202,0.019714147419889916,-0.05383340255934531,-0.17523331037243312,0.5409,0.0,9.3467,0.6,0.0,1.0,0.0,0.0,0.0,0.3079,3.1102,0.0,0.3,6.0
97.2767,0.9828996295794981,0.02020278684355089,-0.05346643588398431,-0.17504715310482302,0.5409,0.0,9.266,0.6,0.0,1.0,0.0,0.0,0.0,0.3079,3.1102,0.0,0.3,6.0
97.2968,0.9829507224847279,0.020690573169433808,-0.053343899556495364,-0.17474039524042043,0.5409,0.0,9.3108,0.6,0.0,1.0,0.0,0.0,0.0,0.3079,3.1102,0.0,0.3,6.0
97.3169,0.9830133677450534,0.021117599732297678,-0.05322199121849032,-0.17437369488203758,0.5409,0.0,9.3113,0.6,0.0,1.0,0.0,0.0,0.0,0.3079,3.1102,0.0,0.3,6.0
97.337,0.9830795693063477,0.021544705659286827,-0.053222272884855995,-0.1739476235522368,0.5409,0.0,9.2719,0.6,0.0,1.0,0.0,0.0,0.0,0.3079,3.1102,0.0,0.3,6.0
97.3571,0.9831629999634699,0.021973201144680626,-0.05328448777104455,-0.1734025873430466,0.5409,0.0,9.2719,0.6,0.0,1.0,0.0,0.0,0.0,0.3079,3.1102,0.0,0.3,6.0
97.3772,0.9832461909758271,0.02227870673510828,-0.05359070002817654,-0.1727964815273406,0.5409,0.0,9.3467,0.6,0.0,1.0,0.0,0.0,0.0,0.3079,3.1102,0.0,0.3,6.0
97.3973,0.9832995076009808,0.022339534068052436,-0.05377328555026253,-0.17242812221450693,0.5409,0.0,9.3011,0.6,0.0,1.0,0.0,0.0,0.0,0.3079,3.1102,0.0,0.3,6.0
97.4174,0.9834882209386869,0.022522669182936068,-0.054139608570544,-0.17120908688373088,0.5409,0.0,9.3076,0.6,0.0,1.0,0.0,0.0,0.0,0.3079,3.1102,0.0,0.3,6.0
97.4375,0.9834882209386869,0.022522669182936068,-0.054139608570544,-0.17120908688373088,0.5409,0.0,9.3076,0.6,0.0,1.0,0.0,0.0,0.0,0.3079,3.1102,0.0,0.3,6.0
97.4576,0.9836517945139274,0.022705202999908226,-0.05456548785245505,-0.17010652086762318,0.5409,0.0,9.4022,0.6,0.0,1.0,0.0,0.0,0.0,0.3079,3.1102,0.0,0.3,6.0
97.4777,0.9837595579978551,0.022643874737669503,-0.054931696126552756,-0.16937206306055885,0.5409,0.0,9.5612,0.6,0.0,1.0,0.0,0.0,0.0,0.3079,3.1102,0.0,0.3,6.0
97.4977,0.9838068200677594,0.02246056211722596,-0.05529692195175463,-0.16900270518605104,0.5409,0.0,9.4687,0.6,0.0,1.0,0.0,0.0,0.0,0.3079,3.1102,0.0,0.3,6.0
97.5179,0.9838381944617296,0.022278276134416474,-0.05572569070788928,-0.16870309103834236,0.5409,0.0,9.5827,0.6,0.0,1.0,0.0,0.0,0.0,0.3079,3.1102,0.0,0.3,6.0
97.538,0.9838913963376517,0.0220950987278828,-0.05633525172370568,-0.16821375163219499,0.5409,0.0,9.6532,0.6,0.0,1.0,0.0,0.0,0.0,0.3079,3.1102,0.0,0.3,6.0
97.558,0.9839215342889261,0.021544420494025017,-0.056944468296716066,-0.16790348369973312,0.5409,0.0,9.6143,0.6,0.0,1.0,0.0,0.0,0.0,0.3079,3.1102,0.0,0.3,6.0
97.5781,0.9839175487716166,0.021056348327842467,-0.05755421875657978,-0.16778080735790352,0.5409,0.0,9.4556,0.6,0.0,1.0,0.0,0.0,0.0,0.3079,3.1102,0.0,0.3,6.0
97.5982,0.9839047254837088,0.02087437606122141,-0.05816804792340065,-0.16766702059636987,0.5409,0.0,9.4536,0.6,0.0,1.0,0.0,0.0,0.0,0.3079,3.1102,0.0,0.3,6.0
97.6183,0.9838648484663868,0.02093452866299058,-0.058836675303226144,-0.1676602251612922,0.5409,0.0,9.6033,0.6,0.0,1.0,0.0,0.0,0.0,0.3079,3.1102,0.0,0.3,6.0
97.6384,0.9838189991256234,0.02099585059313496,-0.05956957610178362,-0.1676628069083339,0.5409,0.0,9.6023,0.6,0.0,1.0,0.0,0.0,0.0,0.3079,3.1102,0.0,0.3,6.0
97.6585,0.9837898455111246,0.021057531805794838,-0.060182519903335646,-0.16760723290338758,0.5409,0.0,9.4051,0.6,0.0,1.0,0.0,0.0,0.0,0.3079,3.1102,0.0,0.3,6.0
97.6786,0.9838471360787957,0.021484461552669736,-0.06079230600671874,-0.1669955875816153,0.5409,0.0,9.5289,0.6,0.0,1.0,0.0,0.0,0.0,0.3079,3.1102,0.0,0.3,6.0
97.6987,0.9839650692784128,0.022034382240200247,-0.06152406728527909,-0.16595787894492292,0.5409,0.0,9.6583,0.6,0.0,1.0,0.0,0.0,0.0,0.3079,3.1102,0.0,0.3,6.0
97.7188,0.9840665090646934,0.022521920104418416,-0.06219477936658835,-0.16503841453303925,0.5409,0.0,9.541,0.6,0.0,1.0,0.0,0.0,0.0,0.3079,3.1102,0.0,0.3,6.0
97.739,0.9841484679036088,0.0230104084176416,-0.06280611476184181,-0.16424891529613028,0.5409,0.0,9.3746,0.6,0.0,1.0,0.0,0.0,0.0,0.3079,3.1102,0.0,0.3,6.0
97.759,0.9842671838819919,0.023804343034897476,-0.06335491298239344,-0.1632103519593155,0.5409,0.0,9.3393,0.6,0.0,1.0,0.0,0.0,0.0,0.3079,3.1102,0.0,0.3,6.0
97.7791,0.9843711667859137,0.024718903742761658,-0.06390375115406936,-0.1622303682629542,0.5409,0.0,9.465,0.6,0.0,1.0,0.0,0.0,0.0,0.3079,3.1102,0.0,0.3,6.0
97.7992,0.9844089364842284,0.02563429525817139,-0.06420723480522435,-0.16173855345981705,0.5409,0.0,9.5716,0.6,0.0,1.0,0.0,0.0,0.0,0.3079,3.1102,0.0,0.3,6.0
97.8194,0.9844200907825708,0.026488571918072402,-0.06445195839161613,-0.16143539104193338,0.5409,0.0,9.3851,0.6,0.0,1.0,0.0,0.0,0.0,0.3079,3.1102,0.0,0.3,6.0
97.8395,0.9844632466634197,0.027344756811783152,-0.06463778895868984,-0.1609544546831661,0.5409,0.0,9.497,0.6,0.0,1.0,0.0,0.0,0.0,0.3079,3.1102,0.0,0.3,6.0
97.8596,0.9845672914777378,0.02819826611036552,-0.06451460883197817,-0.1602185120010082,0.5409,0.0,9.5294,0.6,0.0,1.0,0.0,0.0,0.0,0.3079,3.1102,0.0,0.3,6.0
97.8797,0.9846874166000072,0.029114219286359655,-0.06408748270264926,-0.15948620123944032,0.5409,0.0,9.5023,0.6,0.0,1.0,0.0,0.0,0.0,0.3079,3.1102,0.0,0.3,6.0
97.8998,0.9849783606954603,0.031371788536615264,-0.06292657583971656,-0.15771393691993735,0.5409,0.0,9.6516,0.6,0.0,1.0,0.0,0.0,0.0,0.3079,3.1102,0.0,0.3,6.0
97.92,0.9851703040505322,0.032349075655858366,-0.06231714574317984,-0.15655536614123788,0.5409,0.0,9.7898,0.6,0.0,1.0,0.0,0.0,0.0,0.3079,3.1102,0.0,0.3,6.0
97.9401,0.9853147815736027,0.03326480287982367,-0.06152448495597014,-0.15576575956490774,0.5409,0.0,9.6768,0.6,0.0,1.0,0.0,0.0,0.0,0.3079,3.1102,0.0,0.3,6.0
97.9602,0.9854282965230703,0.03442453436225235,-0.060608940815343654,-0.15515340840221398,0.5409,0.0,9.6802,0.6,0.0,1.0,0.0,0.0,0.0,0.3079,3.1102,0.0,0.3,6.0
97.9802,0.9855375674198696,0.03564509285888502,-0.059998156300950574,-0.15441940227735068,0.5409,0.0,9.884,0.6,0.0,1.0,0.0,0.0,0.0,0.3079,3.1102,0.0,0.3,6.0
98.0003,0.985637100434726,0.03655926188511175,-0.05938580102765674,-0.15380589472886086,0.5409,0.0,9.8878,0.6,0.0,1.0,0.0,0.0,0.0,0.3079,3.1102,0.0,0.3,6.0
98.0204,0.9856946066386566,0.036986122213192814,-0.05895860074322999,-0.15349935701981063,0.5409,0.0,9.684,0.6,0.0,1.0,0.0,0.0,0.0,0.3079,3.1102,0.0,0.3,6.0
98.0405,0.985728793684406,0.03729240835013551,-0.05865564227655255,-0.15332167886524656,0.5409,0.0,9.5241,0.6,0.0,1.0,0.0,0.0,0.0,0.3079,3.1102,0.0,0.3,6.0
98.0606,0.9858090987023062,0.03759914797638145,-0.058534787182869676,-0.15277566454332053,0.5409,0.0,9.5673,0.6,0.0,1.0,0.0,0.0,0.0,0.3079,3.1102,0.0,0.3,6.0
98.0807,0.9858986617124106,0.037841910249123444,-0.05847186132040445,-0.15216063911571454,0.5409,0.0,9.6035,0.6,0.0,1.0,0.0,0.0,0.0,0.3079,3.1102,0.0,0.3,6.0
98.1008,0.9859968600177834,0.03790199517176988,-0.05853144825974739,-0.15148498394787346,0.5409,0.0,9.5162,0.6,0.0,1.0,0.0,0.0,0.0,0.3079,3.1102,0.0,0.3,6.0
98.1209,0.9860935152354733,0.03790336574568713,-0.058777567169729365,-0.1507584547324105,0.5409,0.0,9.4773,0.6,0.0,1.0,0.0,0.0,0.0,0.3079,3.1102,0.0,0.3,6.0
98.141,0.9861930245317048,0.03771950371964469,-0.05926422025304194,-0.14996102694350677,0.5409,0.0,9.7172,0.6,0.0,1.0,0.0,0.0,0.0,0.3079,3.1102,0.0,0.3,6.0
98.161,0.9861930245317048,0.03771950371964469,-0.05926422025304194,-0.14996102694350677,0.5409,0.0,9.7172,0.6,0.0,1.0,0.0,0.0,0.0,0.3079,3.1102,0.0,0.3,6.0
98.1811,0.9862745206569271,0.03717028343523405,-0.0599374570421744,-0.14929313840766636,0.5409,0.0,10.7765,0.6,0.0,1.0,0.0,0.0,0.0,0.3079,3.1102,0.0,0.3,6.0
98.2012,0.986286567331555,0.0367437289734558,-0.05969318427682886,-0.14941696434259383,0.5409,0.0,10.1505,0.6,0.0,1.0,0.0,0.0,0.0,0.3079,3.1102,0.0,0.3,6.0
98.2213,0.986301386812181,0.036620011888995246,-0.05908040584434111,-0.14959296356074436,0.5409,0.0,9.6072,0.6,0.0,1.0,0.0,0.0,0.0,0.3079,3.1102,0.0,0.3,6.0
98.2414,0.9864153275248979,0.03674398070056269,-0.05908357694664682,-0.14880797169982118,0.5409,0.0,9.4966,0.6,0.0,1.0,0.0,0.0,0.0,0.3079,3.1102,0.0,0.3,6.0
98.2615,0.9865563985463474,0.03643742377670541,-0.05908106568898701,-0.1479466603639001,0.5409,0.0,9.4971,0.6,0.0,1.0,0.0,0.0,0.0,0.3079,3.1102,0.0,0.3,6.0
98.2816,0.9865983539799751,0.03601196195024073,-0.05908357823843053,-0.14776994722554965,0.5409,0.0,9.9251,0.6,0.0,1.0,0.0,0.0,0.0,0.3079,3.1102,0.0,0.3,6.0
98.3016,0.9866401980504486,0.03582826138569405,-0.05926543237197604,-0.1474620758120975,0.5409,0.0,9.9322,0.6,0.0,1.0,0.0,0.0,0.0,0.3079,3.1102,0.0,0.3,6.0
98.3217,0.9867159873350064,0.036133805182129206,-0.0593273220113192,-0.14685427240475069,0.5409,0.0,9.6598,0.6,0.0,1.0,0.0,0.0,0.0,0.3079,3.1102,0.0,0.3,6.0
98.3418,0.986839213128343,0.03662186144526747,-0.05938839697578161,-0.1458774314318818,0.5409,0.0,9.466,0.6,0.0,1.0,0.0,0.0,0.0,0.3079,3.1102,0.0,0.3,6.0
98.3619,0.9870084384286908,0.03656031257239406,-0.05975351086264392,-0.14459323619987974,0.5409,0.0,9.2829,0.6,0.0,1.0,0.0,0.0,0.0,0.3079,3.1102,0.0,0.3,6.0
98.382,0.9871533486824858,0.0361319146986367,-0.06042318505701496,-0.14342869180443232,0.5409,0.0,9.3738,0.6,0.0,1.0,0.0,0.0,0.0,0.3079,3.1102,0.0,0.3,6.0
98.4021,0.9871798472586282,0.035644886161465314,-0.061278804294808024,-0.1430045432885494,0.5409,0.0,9.3131,0.6,0.0,1.0,0.0,0.0,0.0,0.3079,3.1102,0.0,0.3,6.0
98.4222,0.9870577337849713,0.03539988286031765,-0.06237779358929077,-0.14343252537581752,0.5409,0.0,9.3423,0.6,0.0,1.0,0.0,0.0,0.0,0.3079,3.1102,0.0,0.3,6.0
98.4422,0.9869137023998601,0.03527713148471563,-0.06359743424503739,-0.1439174567835976,0.5409,0.0,9.4517,0.6,0.0,1.0,0.0,0.0,0.0,0.3079,3.1102,0.0,0.3,6.0
98.4623,0.9868075433876834,0.03515569872735891,-0.06487944400475153,-0.14410276508724904,0.5409,0.0,9.5716,0.6,0.0,1.0,0.0,0.0,0.0,0.3079,3.1102,0.0,0.3,6.0
98.4824,0.9867525779669654,0.03503391400752434,-0.06603983790194971,-0.1439816465899232,0.5409,0.0,9.6549,0.6,0.0,1.0,0.0,0.0,0.0,0.3079,3.1102,0.0,0.3,6.0
98.5025,0.9867309090305176,0.034972146157378786,-0.06732035637797884,-0.14355149519979726,0.5409,0.0,9.6501,0.6,0.0,1.0,0.0,0.0,0.0,0.3079,3.1102,0.0,0.3,6.0
98.5226,0.9867289933447109,0.03491107986850897,-0.06854019352507278,-0.1430012309978266,0.5409,0.0,9.5429,0.6,0.0,1.0,0.0,0.0,0.0,0.3079,3.1102,0.0,0.3,6.0
98.5427,0.9866933583332905,0.03485097733570238,-0.06970195467140473,-0.14269990719935524,0.5409,0.0,9.5003,0.6,0.0,1.0,0.0,0.0,0.0,0.3079,3.1102,0.0,0.3,6.0
98.5628,0.9866175867113197,0.0347894565068134,-0.07067789584492852,-0.14275876977203747,0.5409,0.0,9.5796,0.6,0.0,1.0,0.0,0.0,0.0,0.3079,3.1102,0.0,0.3,6.0
98.5829,0.9865328122004495,0.03466876652502121,-0.07153458162669726,-0.14294716055591972,0.5409,0.0,9.7022,0.6,0.0,1.0,0.0,0.0,0.0,0.3079,3.1102,0.0,0.3,6.0
98.603,0.9864289035229133,0.03424026771303977,-0.07232545319590628,-0.143368933808999,0.5409,0.0,9.5554,0.6,0.0,1.0,0.0,0.0,0.0,0.3079,3.1102,0.0,0.3,6.0
98.6231,0.9863855393148209,0.03393588093762985,-0.07257074538910699,-0.14361549613209112,0.5409,0.0,9.4364,0.6,0.0,1.0,0.0,0.0,0.0,0.3079,3.1102,0.0,0.3,6.0
98.6432,0.9863980757138817,0.033691309989138565,-0.07251066716073837,-0.14361732140334582,0.5409,0.0,9.4051,0.6,0.0,1.0,0.0,0.0,0.0,0.3079,3.1102,0.0,0.3,6.0
98.6633,0.9864402207040486,0.03338566902369646,-0.07220428418666515,-0.14355357684948009,0.5409,0.0,9.4695,0.6,0.0,1.0,0.0,0.0,0.0,0.3079,3.1102,0.0,0.3,6.0
98.6833,0.9864838879509987,0.03289709587202977,-0.0718360256931994,-0.1435510547118133,0.5409,0.0,9.472,0.6,0.0,1.0,0.0,0.0,0.0,0.3079,3.1102,0.0,0.3,6.0
98.7034,0.986535613583352,0.03222780406802428,-0.07141278171414282,-0.14355858171673513,0.5409,0.0,9.5488,0.6,0.0,1.0,0.0,0.0,0.0,0.3079,3.1102,0.0,0.3,6.0
98.7235,0.9866177088966597,0.03149351189752564,-0.07086090176168351,-0.14343077703682588,0.5409,0.0,9.6171,0.6,0.0,1.0,0.0,0.0,0.0,0.3079,3.1102,0.0,0.3,6.0
98.7436,0.9867525096613341,0.030700922517861703,-0.07018982285686826,-0.14300463908885086,0.5409,0.0,9.6027,0.6,0.0,1.0,0.0,0.0,0.0,0.3079,3.1102,0.0,0.3,6.0
98.7637,0.9869297369663552,0.02978475062824909,-0.06957941744883568,-0.14227180883440932,0.5409,0.0,9.4624,0.6,0.0,1.0,0.0,0.0,0.0,0.3079,3.1102,0.0,0.3,6.0
98.7838,0.9871020652540865,0.02899141451193113,-0.06909060469986013,-0.1414761428578057,0.5409,0.0,9.3058,0.6,0.0,1.0,0.0,0.0,0.0,0.3079,3.1102,0.0,0.3,6.0
98.8048,0.9872618101316951,0.028381512000425074,-0.06854323651503241,-0.14074953911151217,0.5409,0.0,9.3073,0.6,0.0,1.0,0.0,0.0,0.0,0.3079,3.1102,0.0,0.3,6.0
98.8249,0.9874032508069349,0.02813632326030658,-0.06799136465998594,-0.14007263094895342,0.5409,0.0,9.4946,0.6,0.0,1.0,0.0,0.0,0.0,0.3079,3.1102,0.0,0.3,6.0
98.8451,0.9875360203083442,0.02783163419457855,-0.06756511195713183,-0.1394021677659179,0.5409,0.0,9.5697,0.6,0.0,1.0,0.0,0.0,0.0,0.3079,3.1102,0.0,0.3,6.0
98.8651,0.9876855448147996,0.027344402678033373,-0.06720098961248688,-0.13861304123774426,0.5409,0.0,9.4877,0.6,0.0,1.0,0.0,0.0,0.0,0.3079,3.1102,0.0,0.3,6.0
98.8852,0.987902546283616,0.026732663002181283,-0.06677115826811984,-0.13738826805333054,0.5409,0.0,9.4588,0.6,0.0,1.0,0.0,0.0,0.0,0.3079,3.1102,0.0,0.3,6.0
98.9053,0.9881989316331378,0.026183441769931894,-0.06622158815804305,-0.1356171086479591,0.5409,0.0,9.5418,0.6,0.0,1.0,0.0,0.0,0.0,0.3079,3.1102,0.0,0.3,6.0
98.9255,0.9885315338991968,0.02563516944083955,-0.06543043247568289,-0.13366788350492298,0.5409,0.0,9.536,0.6,0.0,1.0,0.0,0.0,0.0,0.3079,3.1102,0.0,0.3,6.0
98.9456,0.988870135219456,0.025023446709783948,-0.06451257357077211,-0.13171108775305634,0.5409,0.0,9.6024,0.6,0.0,1.0,0.0,0.0,0.0,0.3079,3.1102,0.0,0.3,6.0
98.9657,0.98924870170242,0.024474769953001886,-0.0633534045189982,-0.1295157826354625,0.5409,0.0,9.6402,0.6,0.0,1.0,0.0,0.0,0.0,0.3079,3.1102,0.0,0.3,6.0
98.9858,0.9896355708758524,0.024109281887106555,-0.0621347264827856,-0.12719848721200755,0.5409,0.0,9.7248,0.6,0.0,1.0,0.0,0.0,0.0,0.3079,3.1102,0.0,0.3,6.0
99.0059,0.9901005901920861,0.02355972850033689,-0.06060730156826898,-0.12438856656014019,0.5409,0.0,9.6384,0.6,0.0,1.0,0.0,0.0,0.0,0.3079,3.1102,0.0,0.3,6.0
99.026,0.9905605047978365,0.022888473795922317,-0.059144224297109096,-0.12152351556074253,0.5409,0.0,9.4477,0.6,0.0,1.0,0.0,0.0,0.0,0.3079,3.1102,0.0,0.3,6.0
99.0461,0.991063358448843,0.022460418886819922,-0.05755451090556105,-0.11822194127128294,0.5409,0.0,9.4909,0.6,0.0,1.0,0.0,0.0,0.0,0.3079,3.1102,0.0,0.3,6.0
99.0662,0.9915717738841678,0.02252188129758883,-0.05590770533636423,-0.11468439555163717,0.5409,0.0,9.5236,0.6,0.0,1.0,0.0,0.0,0.0,0.3079,3.1102,0.0,0.3,6.0
99.0863,0.9921299128430838,0.023010090749077606,-0.05426021399586921,-0.11047443569811377,0.5409,0.0,9.5297,0.6,0.0,1.0,0.0,0.0,0.0,0.3079,3.1102,0.0,0.3,6.0
99.1064,0.9926762627803024,0.023804006301373595,-0.052673013943549424,-0.10607902808113795,0.5409,0.0,9.4869,0.6,0.0,1.0,0.0,0.0,0.0,0.3079,3.1102,0.0,0.3,6.0
99.1265,0.9932715926970564,0.02484063968905994,-0.05102425989832465,-0.10095053572279605,0.5409,0.0,9.602,0.6,0.0,1.0,0.0,0.0,0.0,0.3079,3.1102,0.0,0.3,6.0
99.1466,0.9938898026125005,0.026061837491736555,-0.04937669211225061,-0.0952144062917541,0.5409,0.0,9.7223,0.6,0.0,1.0,0.0,0.0,0.0,0.3079,3.1102,0.0,0.3,6.0
99.1667,0.9944958360463331,0.027343693046756774,-0.04785146283182433,-0.08910999967413474,0.5409,0.0,9.7925,0.6,0.0,1.0,0.0,0.0,0.0,0.3079,3.1102,0.0,0.3,6.0
99.1868,0.9950799758786245,0.02862568971949883,-0.04632711622517039,-0.08276599419893806,0.5409,0.0,9.6873,0.6,0.0,1.0,0.0,0.0,0.0,0.3079,3.1102,0.0,0.3,6.0
99.2069,0.9956435390022532,0.02990629529846866,-0.044798944373270325,-0.07610920658915138,0.5409,0.0,9.9645,0.6,0.0,1.0,0.0,0.0,0.0,0.3079,3.1102,0.0,0.3,6.0
99.227,0.9961592186964048,0.030884130793119316,-0.043457184039521625,-0.06945829415323407,0.5409,0.0,9.9467,0.6,0.0,1.0,0.0,0.0,0.0,0.3079,3.1102,0.0,0.3,6.0
99.2471,0.9966121515430537,0.031494952849536656,-0.04193226862049664,-0.06335591677238661,0.5409,0.0,9.5884,0.6,0.0,1.0,0.0,0.0,0.0,0.3079,3.1102,0.0,0.3,6.0
99.2672,0.9970726335794018,0.032288085282890594,-0.03985610527238873,-0.056702149768039556,0.5409,0.0,9.6927,0.6,0.0,1.0,0.0,0.0,0.0,0.3079,3.1102,0.0,0.3,6.0
99.2872,0.9975692033999823,0.0337523452278574,-0.037537383942228116,-0.048035491319629364,0.5409,0.0,10.0731,0.6,0.0,1.0,0.0,0.0,0.0,0.3079,3.1102,0.0,0.3,6.0
99.3073,0.9980144614299443,0.03521800434893711,-0.03546201130754065,-0.038331093128169964,0.5409,0.0,10.2943,0.6,0.0,1.0,0.0,0.0,0.0,0.3079,3.1102,0.0,0.3,6.0
99.3274,0.9984026392347032,0.03594962693843889,-0.03308065671072312,-0.028380705483722735,0.5409,0.0,10.6181,0.6,0.0,1.0,0.0,0.0,0.0,0.3079,3.1102,0.0,0.3,6.0
99.3475,0.9987382232879962,0.03546171805856672,-0.03002960806465412,-0.019043385606420715,0.5409,0.0,10.8885,0.6,0.0,1.0,0.0,0.0,0.0,0.3079,3.1102,0.0,0.3,6.0
99.3676,0.998999554468864,0.03485018210070678,-0.026610375480815695,-0.008788793735706568,0.5409,0.0,10.8633,0.6,0.0,1.0,0.0,0.0,0.0,0.3079,3.1102,0.0,0.3,6.0
99.3877,0.9991174309087876,0.03497199999917232,-0.023131338574925053,0.0025019284590378494,0.5409,0.0,10.5423,0.6,0.0,1.0,0.0,0.0,0.0,0.3079,3.1102,0.0,0.3,6.0
99.4078,0.9990989723965797,0.0352175277663243,-0.01916528720906395,0.013916208546899678,0.5409,0.0,10.589,0.6,0.0,1.0,0.0,0.0,0.0,0.3079,3.1102,0.0,0.3,6.0
99.4279,0.9988745407971399,0.034118096245231135,-0.0119626831203054,0.0307001867822867,0.5409,0.0,10.0708,0.6,0.0,1.0,0.0,0.0,0.0,0.3079,3.1102,0.0,0.3,6.0
99.448,0.9985323150835186,0.03265391219810745,-0.0068359816189827345,0.042663885282662295,0.5409,0.0,9.6851,0.6,0.0,1.0,0.0,0.0,0.0,0.3079,3.1102,0.0,0.3,6.0
99.4681,0.9980106490281881,0.031921788409485494,-0.00219705426320101,0.05432234166196742,0.5409,0.0,9.8194,0.6,0.0,1.0,0.0,0.0,0.0,0.3079,3.1102,0.0,0.3,6.0
99.4882,0.9972411200454994,0.0320426182820387,0.002929965095851619,0.06689420310136317,0.5409,0.0,9.7977,0.6,0.0,1.0,0.0,0.0,0.0,0.3079,3.1102,0.0,0.3,6.0
99.5083,0.9963310553347122,0.03192077750456105,0.00823994256563338,0.07897844950135413,0.5409,0.0,9.6426,0.6,0.0,1.0,0.0,0.0,0.0,0.3079,3.1102,0.0,0.3,6.0
99.5284,0.9953472823904754,0.03100557268950569,0.013183818304148978,0.09026975592641324,0.5409,0.0,9.6834,0.6,0.0,1.0,0.0,0.0,0.0,0.3079,3.1102,0.0,0.3,6.0
99.5485,0.9943363731130767,0.029663369118771345,0.017944223290538155,0.1004652501482738,0.5409,0.0,9.6657,0.6,0.0,1.0,0.0,0.0,0.0,0.3079,3.1102,0.0,0.3,6.0
99.5686,0.9933323295454118,0.02813658445278362,0.022582666478203527,0.10949538287047118,0.5409,0.0,9.3176,0.6,0.0,1.0,0.0,0.0,0.0,0.3079,3.1102,0.0,0.3,6.0
99.5887,0.9923672075147036,0.027099896433539945,0.02667189806920213,0.11730955168334212,0.5409,0.0,9.4278,0.6,0.0,1.0,0.0,0.0,0.0,0.3079,3.1102,0.0,0.3,6.0
99.6087,0.9914350232321827,0.025634483481909918,0.030944376491035798,0.12426549613146023,0.5409,0.0,9.7591,0.6,0.0,1.0,0.0,0.0,0.0,0.3079,3.1102,0.0,0.3,6.0
99.6289,0.9906583856929969,0.02331491493812442,0.03485087285046427,0.12976052658314235,0.5409,0.0,9.5494,0.6,0.0,1.0,0.0,0.0,0.0,0.3079,3.1102,0.0,0.3,6.0
99.649,0.9899539171151112,0.020203508521799626,0.037903954041566684,0.13470839060679204,0.5409,0.0,9.4893,0.6,0.0,1.0,0.0,0.0,0.0,0.3079,3.1102,0.0,0.3,6.0
99.669,0.9893734280900328,0.016540890127187964,0.0400387340428317,0.13879307806740387,0.5409,0.0,9.3939,0.6,0.0,1.0,0.0,0.0,0.0,0.3079,3.1102,0.0,0.3,6.0
99.6891,0.988851414173525,0.012390255788511854,0.04235887447052345,0.14221493593186837,0.5409,0.0,9.494,0.6,0.0,1.0,0.0,0.0,0.0,0.3079,3.1102,0.0,0.3,6.0
99.7092,0.9883390332355222,0.009398971786467302,0.04467786588741211,0.14526356395248283,0.5409,0.0,9.2237,0.6,0.0,1.0,0.0,0.0,0.0,0.3079,3.1102,0.0,0.3,6.0
99.7293,0.987938802193431,0.006653160293135428,0.046571122027854704,0.14752555430090566,0.5409,0.0,9.1365,0.6,0.0,1.0,0.0,0.0,0.0,0.3079,3.1102,0.0,0.3,6.0
99.7494,0.9876632838736986,0.0036009718673821363,0.04882761853388928,0.14874183795335238,0.5409,0.0,9.202,0.6,0.0,1.0,0.0,0.0,0.0,0.3079,3.1102,0.0,0.3,6.0
99.7695,0.9874442463882123,0.0010990191951208879,0.05072088587491544,0.14959961285941886,0.5409,0.0,9.1535,0.6,0.0,1.0,0.0,0.0,0.0,0.3079,3.1102,0.0,0.3,6.0
99.7896,0.9871768215703318,-0.0012209923581923273,0.051940674919629504,0.15093905531986054,0.5409,0.0,9.1348,0.6,0.0,1.0,0.0,0.0,0.0,0.3079,3.1102,0.0,0.3,6.0
99.8097,0.9869525463300005,-0.003967058469013377,0.052490773642175824,0.15216324267797907,0.5409,0.0,8.911,0.6,0.0,1.0,0.0,0.0,0.0,0.3079,3.1102,0.0,0.3,6.0
99.8298,0.9868087631949009,-0.006774950315606418,0.05261161417043311,0.1529528783133967,0.5409,0.0,8.8334,0.6,0.0,1.0,0.0,0.0,0.0,0.3079,3.1102,0.0,0.3,6.0
99.8499,0.9867057179118882,-0.008972106550871361,0.05242962264329407,0.15356582371578334,0.5409,0.0,8.9244,0.6,0.0,1.0,0.0,0.0,0.0,0.3079,3.1102,0.0,0.3,6.0
99.87,0.9866419496891609,-0.010620096333387289,0.05224647392035326,0.15393239629893002,0.5409,0.0,9.2048,0.6,0.0,1.0,0.0,0.0,0.0,0.3079,3.1102,0.0,0.3,6.0
99.89,0.9866752718684559,-0.012206768302734431,0.05200101296623212,0.1536840829149132,0.5409,0.0,9.1835,0.6,0.0,1.0,0.0,0.0,0.0,0.3079,3.1102,0.0,0.3,6.0
99.9101,0.9868850306892119,-0.013977113737520606,0.051331417704848656,0.15240624019223203,0.5409,0.0,8.9101,0.6,0.0,1.0,0.0,0.0,0.0,0.3079,3.1102,0.0,0.3,6.0
99.9303,0.9875123249283327,-0.01617439841637657,0.0495012193403388,0.14868566250424745,0.5409,0.0,8.6972,0.6,0.0,1.0,0.0,0.0,0.0,0.3079,3.1102,0.0,0.3,6.0
99.9503,0.9875123249283327,-0.01617439841637657,0.0495012193403388,0.14868566250424745,0.5409,0.0,8.6972,0.6,0.0,1.0,0.0,0.0,0.0,0.3079,3.1102,0.0,0.3,6.0
99.9704,0.9880790492380906,-0.016906675740127403,0.048095077565337846,0.14526121397727962,0.5409,0.0,8.818,0.6,0.0,1.0,0.0,0.0,0.0,0.3079,3.1102,0.0,0.3,6.0
99.9905,0.9887446412320242,-0.01757754918087779,0.04632481188720809,0.1411703793412925,0.5409,0.0,9.0291,0.6,0.0,1.0,0.0,0.0,0.0,0.3079,3.1102,0.0,0.3,6.0
100.0106,0.9895087573947045,-0.018677127546847708,0.043945300104204214,0.1363539311664253,0.5409,0.0,9.1913,0.6,0.0,1.0,0.0,0.0,0.0,0.3079,3.1102,0.0,0.3,6.0
100.0307,0.9904816528907927,-0.02008105378478496,0.04071010903732858,0.12994434804093902,0.5409,0.0,9.1501,0.6,0.0,1.0,0.0,0.0,0.0,0.3079,3.1102,0.0,0.3,6.0
100.0508,0.9916634788847001,-0.02124054573494666,0.03680494563224937,0.12164612546309389,0.5409,0.0,8.9635,0.6,0.0,1.0,0.0,0.0,0.0,0.3079,3.1102,0.0,0.3,6.0
100.0709,0.992877678761497,-0.021484404180766862,0.03283761776595798,0.1124901162486549,0.5409,0.0,9.1417,0.6,0.0,1.0,0.0,0.0,0.0,0.3079,3.1102,0.0,0.3,6.0
100.091,0.9941004000124025,-0.02087442836578434,0.028748589952072814,0.10248010300224425,0.5409,0.0,9.2951,0.6,0.0,1.0,0.0,0.0,0.0,0.3079,3.1102,0.0,0.3,6.0
100.1111,0.9952384902300188,-0.019957989777340642,0.024657987369960187,0.09216295279331822,0.5409,0.0,9.42,0.6,0.0,1.0,0.0,0.0,0.0,0.3079,3.1102,0.0,0.3,6.0
100.1312,0.996228625830818,-0.018738237481447668,0.020447259140952096,0.08221504196284231,0.5409,0.0,9.5128,0.6,0.0,1.0,0.0,0.0,0.0,0.3079,3.1102,0.0,0.3,6.0
100.1513,0.997061706327157,-0.017333855815012927,0.016295864449143337,0.07281439432157422,0.5409,0.0,9.5496,0.6,0.0,1.0,0.0,0.0,0.0,0.3079,3.1102,0.0,0.3,6.0
100.1714,0.9977587089454882,-0.01574726371122455,0.01239020749235233,0.0638440691633777,0.5409,0.0,9.3967,0.6,0.0,1.0,0.0,0.0,0.0,0.3079,3.1102,0.0,0.3,6.0
100.1915,0.9982958314620304,-0.013489065283160247,0.008789042536414514,0.05609127146547127,0.5409,0.0,9.3663,0.6,0.0,1.0,0.0,0.0,0.0,0.3079,3.1102,0.0,0.3,6.0
100.2116,0.9987045188073932,-0.010436859116179704,0.005492925852752236,0.04949933182436478,0.5409,0.0,9.2473,0.6,0.0,1.0,0.0,0.0,0.0,0.3079,3.1102,0.0,0.3,6.0
100.2317,0.9989971608195569,-0.006835823190619728,0.0023189400203404245,0.04418785707581846,0.5409,0.0,9.2446,0.6,0.0,1.0,0.0,0.0,0.0,0.3079,3.1102,0.0,0.3,6.0
100.2518,0.9991773305041503,-0.002624922055763615,-0.0006099818872441166,0.04046479844134493,0.5409,0.0,9.2778,0.6,0.0,1.0,0.0,0.0,0.0,0.3079,3.1102,0.0,0.3,6.0
100.2719,0.9992228842278665,0.002258035895051299,-0.0028690456080169065,0.039246623887149445,0.5409,0.0,9.3697,0.6,0.0,1.0,0.0,0.0,0.0,0.3079,3.1102,0.0,0.3,6.0
100.292,0.9991093109001516,0.008362211843795988,-0.004822122161060062,0.04107804064908011,0.5409,0.0,9.3187,0.6,0.0,1.0,0.0,0.0,0.0,0.3079,3.1102,0.0,0.3,6.0
100.3121,0.9988294751031078,0.014770844356201202,-0.006103935681419816,0.045653518938325754,0.5409,0.0,9.7839,0.6,0.0,1.0,0.0,0.0,0.0,0.3079,3.1102,0.0,0.3,6.0
100.3322,0.9983846415296169,0.02148338977820029,-0.006591812763819413,0.052183517760909626,0.5409,0.0,9.8837,0.6,0.0,1.0,0.0,0.0,0.0,0.3079,3.1102,0.0,0.3,6.0
100.3523,0.9978760911178176,0.027466332805514554,-0.006958084310084111,0.05865571072261905,0.5409,0.0,9.6862,0.6,0.0,1.0,0.0,0.0,0.0,0.3079,3.1102,0.0,0.3,6.0
100.3723,0.9972137633159737,0.03399774197090747,-0.007446162505967491,0.065980439965247,0.5409,0.0,9.6537,0.6,0.0,1.0,0.0,0.0,0.0,0.3079,3.1102,0.0,0.3,6.0
100.3924,0.9962695469164686,0.04150368951127158,-0.007201946122305746,0.07531643655841463,0.5409,0.0,9.7398,0.6,0.0,1.0,0.0,0.0,0.0,0.3079,3.1102,0.0,0.3,6.0
100.4126,0.9950349539327873,0.04900996338618112,-0.005858876078423926,0.0864241720351368,0.5409,0.0,9.8431,0.6,0.0,1.0,0.0,0.0,0.0,0.3079,3.1102,0.0,0.3,6.0
100.4327,0.9934314494586951,0.05652033413457108,-0.0036620864417416937,0.09942834695702096,0.5409,0.0,9.778,0.6,0.0,1.0,0.0,0.0,0.0,0.3079,3.1102,0.0,0.3,6.0
100.4528,0.991567160599476,0.0630483743659205,-0.0009769903052467728,0.11321887652000062,0.5409,0.0,9.5861,0.6,0.0,1.0,0.0,0.0,0.0,0.3079,3.1102,0.0,0.3,6.0
100.4729,0.9896848041696027,0.06774898659440773,0.0015259996980481888,0.12622097502446894,0.5409,0.0,9.4848,0.6,0.0,1.0,0.0,0.0,0.0,0.3079,3.1102,0.0,0.3,6.0
100.493,0.9867865548696259,0.07342280910656322,0.0051268470179005885,0.14434369286910706,0.5409,0.0,9.5326,0.6,0.0,1.0,0.0,0.0,0.0,0.3079,3.1102,0.0,0.3,6.0
100.5131,0.9849999099875342,0.0758681484195437,0.007751117329008447,0.15478734302290947,0.5409,0.0,9.5526,0.6,0.0,1.0,0.0,0.0,0.0,0.3079,3.1102,0.0,0.3,6.0
100.5333,0.9833161367613474,0.07696336705100804,0.010497777266309148,0.16448651005288517,0.5409,0.0,9.5791,0.6,0.0,1.0,0.0,0.0,0.0,0.3079,3.1102,0.0,0.3,6.0
100.5534,0.9818824255671627,0.07678273707485377,0.013245127146420246,0.17273065812563376,0.5409,0.0,9.4742,0.6,0.0,1.0,0.0,0.0,0.0,0.3079,3.1102,0.0,0.3,6.0
100.5735,0.9807444617248231,0.07568642797758521,0.01593051104173846,0.17932675270028753,0.5409,0.0,9.5204,0.6,0.0,1.0,0.0,0.0,0.0,0.3079,3.1102,0.0,0.3,6.0
100.5936,0.979986297281841,0.07318147025590564,0.01843311844914813,0.18420518368181427,0.5409,0.0,9.4781,0.6,0.0,1.0,0.0,0.0,0.0,0.3079,3.1102,0.0,0.3,6.0
100.6136,0.9795185659234393,0.06927687888655168,0.020630559529838492,0.18793209698322622,0.5409,0.0,9.6598,0.6,0.0,1.0,0.0,0.0,0.0,0.3079,3.1102,0.0,0.3,6.0
100.6338,0.9792838914657729,0.06481733810362197,0.02221643037763881,0.1905471144312837,0.5409,0.0,9.5918,0.6,0.0,1.0,0.0,0.0,0.0,0.3079,3.1102,0.0,0.3,6.0
100.654,0.9790942365105785,0.05951077703779423,0.0236827071839393,0.19305976491378335,0.5409,0.0,9.3778,0.6,0.0,1.0,0.0,0.0,0.0,0.3079,3.1102,0.0,0.3,6.0
100.674,0.9788536713226211,0.05419743149022531,0.024901279340386193,0.19567333708326354,0.5409,0.0,9.3052,0.6,0.0,1.0,0.0,0.0,0.0,0.3079,3.1102,0.0,0.3,6.0
100.6941,0.978512970017263,0.04870584918147562,0.026366918354370474,0.19860738500871583,0.5409,0.0,9.4455,0.6,0.0,1.0,0.0,0.0,0.0,0.3079,3.1102,0.0,0.3,6.0
100.7142,0.9780424783977931,0.043091681964444024,0.028015443369471583,0.20196819632751478,0.5409,0.0,9.5919,0.6,0.0,1.0,0.0,0.0,0.0,0.3079,3.1102,0.0,0.3,6.0
100.7343,0.9774972842815728,0.037170733312408125,0.029297577989067014,0.20557005553130187,0.5409,0.0,9.4978,0.6,0.0,1.0,0.0,0.0,0.0,0.3079,3.1102,0.0,0.3,6.0
100.7544,0.9768229290900499,0.031128507613801978,0.030273493671055886,0.20959841792967193,0.5409,0.0,9.2839,0.6,0.0,1.0,0.0,0.0,0.0,0.3079,3.1102,0.0,0.3,6.0
100.7745,0.9759519984414047,0.025023999960036666,0.03155499994960667,0.21423299965786985,0.5409,0.0,9.1415,0.6,0.0,1.0,0.0,0.0,0.0,0.3079,3.1102,0.0,0.3,6.0
100.7946,0.9743009761398254,0.017516945634053968,0.03436289335063062,0.221923311234332,0.5409,0.0,9.6618,0.6,0.0,1.0,0.0,0.0,0.0,0.3079,3.1102,0.0,0.3,6.0
100.8147,0.9730357248352666,0.013306187686052367,0.03649951483189731,0.22735920694048734,0.5409,0.0,9.7792,0.6,0.0,1.0,0.0,0.0,0.0,0.3079,3.1102,0.0,0.3,6.0
100.8348,0.9716706670382662,0.008910914410071205,0.03839063125541956,0.2330297617335555,0.5409,0.0,9.7878,0.6,0.0,1.0,0.0,0.0,0.0,0.3079,3.1102,0.0,0.3,6.0
100.8549,0.9703665946164932,0.00433313215354383,0.03985721558080847,0.23828826740793418,0.5409,0.0,9.8762,0.6,0.0,1.0,0.0,0.0,0.0,0.3079,3.1102,0.0,0.3,6.0
100.875,0.9692120323261499,0.0001220044098691822,0.04126149140330088,0.24274577408538656,0.5409,0.0,9.7729,0.6,0.0,1.0,0.0,0.0,0.0,0.3079,3.1102,0.0,0.3,6.0
100.8951,0.9682323439714218,-0.003417895313142853,0.042845687677656986,0.24633045513428395,0.5409,0.0,9.654,0.6,0.0,1.0,0.0,0.0,0.0,0.3079,3.1102,0.0,0.3,6.0
100.9152,0.9674564777248494,-0.006530922217604097,0.04443347080340224,0.24902003420524002,0.5409,0.0,9.6616,0.6,0.0,1.0,0.0,0.0,0.0,0.3079,3.1102,0.0,0.3,6.0
100.9353,0.9674564777248494,-0.006530922217604097,0.04443347080340224,0.24902003420524002,0.5409,0.0,9.6616,0.6,0.0,1.0,0.0,0.0,0.0,0.3079,3.1102,0.0,0.3,6.0
100.9554,0.9668348484334738,-0.01122973109588783,0.04601989801993353,0.2509709903163525,0.5409,0.0,9.7831,0.6,0.0,1.0,0.0,0.0,0.0,0.3079,3.1102,0.0,0.3,6.0
100.9755,0.9667848115910995,-0.014770813782016435,0.04638641519913315,0.250912836702216,0.5409,0.0,9.6361,0.6,0.0,1.0,0.0,0.0,0.0,0.3079,3.1102,0.0,0.3,6.0
100.9955,0.9670335569787842,-0.018126860481980013,0.046264643912329935,0.2497540777038339,0.5409,0.0,9.5409,0.6,0.0,1.0,0.0,0.0,0.0,0.3079,3.1102,0.0,0.3,6.0
101.0156,0.967538579448552,-0.021240210296008956,0.04583745382948033,0.24762245167126817,0.5409,0.0,9.5897,0.6,0.0,1.0,0.0,0.0,0.0,0.3079,3.1102,0.0,0.3,6.0
101.0358,0.9682300394770578,-0.02404872127723922,0.04522835650389628,0.2447583408734853,0.5409,0.0,9.4019,0.6,0.0,1.0,0.0,0.0,0.0,0.3079,3.1102,0.0,0.3,6.0
101.0559,0.9690959459700254,-0.02642745312232575,0.0444330805220759,0.24120600859275435,0.5409,0.0,9.1213,0.6,0.0,1.0,0.0,0.0,0.0,0.3079,3.1102,0.0,0.3,6.0
101.076,0.9701291928069486,-0.027770289885360233,0.04339489034838833,0.237054938263418,0.5409,0.0,9.2338,0.6,0.0,1.0,0.0,0.0,0.0,0.3079,3.1102,0.0,0.3,6.0
101.096,0.9713544999330761,-0.028380401042440502,0.04229610735675647,0.23211210136246635,0.5409,0.0,9.4177,0.6,0.0,1.0,0.0,0.0,0.0,0.3079,3.1102,0.0,0.3,6.0
101.1161,0.9727257992546382,-0.02856425839160772,0.04071036826503117,0.22656404949304815,0.5409,0.0,9.3613,0.6,0.0,1.0,0.0,0.0,0.0,0.3079,3.1102,0.0,0.3,6.0
101.1363,0.9741557773570138,-0.028258239335495684,0.03857296168043491,0.2207580575625948,0.5409,0.0,9.3613,0.6,0.0,1.0,0.0,0.0,0.0,0.3079,3.1102,0.0,0.3,6.0
101.1563,0.9756051122201346,-0.027405536877725584,0.03619470905865351,0.21478720770693416,0.5409,0.0,9.4501,0.6,0.0,1.0,0.0,0.0,0.0,0.3079,3.1102,0.0,0.3,6.0
101.1764,0.9769993661265011,-0.0260622498490147,0.03381332415565705,0.20892500288564575,0.5409,0.0,9.6455,0.6,0.0,1.0,0.0,0.0,0.0,0.3079,3.1102,0.0,0.3,6.0
101.1965,0.9783110975213648,-0.024230457527283856,0.0314322962921511,0.20330344843205098,0.5409,0.0,9.5941,0.6,0.0,1.0,0.0,0.0,0.0,0.3079,3.1102,0.0,0.3,6.0
101.2166,0.9795707076261039,-0.02203439831416328,0.029114526301105084,0.19775757484882645,0.5409,0.0,9.4332,0.6,0.0,1.0,0.0,0.0,0.0,0.3079,3.1102,0.0,0.3,6.0
101.2367,0.9808432032409091,-0.019348161817538234,0.02691722512108106,0.19195760542936569,0.5409,0.0,9.5131,0.6,0.0,1.0,0.0,0.0,0.0,0.3079,3.1102,0.0,0.3,6.0
101.2568,0.9827026572305436,-0.015014628068951614,0.023803410359861745,0.18303946588432768,0.5409,0.0,9.4581,0.6,0.0,1.0,0.0,0.0,0.0,0.3079,3.1102,0.0,0.3,6.0
101.2769,0.984029816661469,-0.012085255657574123,0.021606457073855723,0.17627372898308574,0.5409,0.0,9.2027,0.6,0.0,1.0,0.0,0.0,0.0,0.3079,3.1102,0.0,0.3,6.0
101.297,0.9855176266250127,-0.008788845064261787,0.019042664302962472,0.168271033603776,0.5409,0.0,9.436,0.6,0.0,1.0,0.0,0.0,0.0,0.3079,3.1102,0.0,0.3,6.0
101.3171,0.9870180249693162,-0.0059201081132911415,0.016296297603748712,0.15967091591773136,0.5409,0.0,9.5917,0.6,0.0,1.0,0.0,0.0,0.0,0.3079,3.1102,0.0,0.3,6.0
101.3372,0.9886819004330455,-0.003539906552321802,0.013122653583649425,0.14941005582164107,0.5409,0.0,9.3255,0.6,0.0,1.0,0.0,0.0,0.0,0.3079,3.1102,0.0,0.3,6.0
101.3573,0.9903154081489207,-0.0010990226483579791,0.00970520000210571,0.13849185400222752,0.5409,0.0,9.1491,0.6,0.0,1.0,0.0,0.0,0.0,0.3079,3.1102,0.0,0.3,6.0
101.3774,0.991840755717124,0.001770035255977952,0.006165122798363889,0.1273215360202582,0.5409,0.0,9.2811,0.6,0.0,1.0,0.0,0.0,0.0,0.3079,3.1102,0.0,0.3,6.0
101.3974,0.9932825852756559,0.004394984890843631,0.002624990975759849,0.1156006025862149,0.5409,0.0,9.4548,0.6,0.0,1.0,0.0,0.0,0.0,0.3079,3.1102,0.0,0.3,6.0
101.4175,0.9947453822853197,0.006408963806084751,-0.0011599934490651126,0.10217242299252577,0.5409,0.0,9.2488,0.6,0.0,1.0,0.0,0.0,0.0,0.3079,3.1102,0.0,0.3,6.0
101.4376,0.9961881888193058,0.008056775074197912,-0.0057368398412155144,0.0866675804493896,0.5409,0.0,9.1148,0.6,0.0,1.0,0.0,0.0,0.0,0.3079,3.1102,0.0,0.3,6.0
101.4577,0.9974175789816639,0.010253800345162635,-0.010863788467900022,0.07024963214823687,0.5409,0.0,9.2446,0.6,0.0,1.0,0.0,0.0,0.0,0.3079,3.1102,0.0,0.3,6.0
101.4778,0.9983228172777324,0.01251163426304449,-0.01605153078567696,0.054197415714733695,0.5409,0.0,9.248,0.6,0.0,1.0,0.0,0.0,0.0,0.3079,3.1102,0.0,0.3,6.0
101.4979,0.9990771149347393,0.015624892322222462,-0.023375838907153418,0.03247077623007266,0.5409,0.0,9.0686,0.6,0.0,1.0,0.0,0.0,0.0,0.3079,3.1102,0.0,0.3,6.0
101.5185,0.9990771149347393,0.015624892322222462,-0.023375838907153418,0.03247077623007266,0.5409,0.0,9.0686,0.6,0.0,1.0,0.0,0.0,0.0,0.3079,3.1102,0.0,0.3,6.0
101.5386,0.9992779664254433,0.01788317836014583,-0.02819828123913169,0.018127180793734987,0.5409,0.0,9.4311,0.6,0.0,1.0,0.0,0.0,0.0,0.3079,3.1102,0.0,0.3,6.0
101.5587,0.998985291514695,0.021667505181627432,-0.03820889084689254,-0.009949231968062633,0.5409,0.0,9.5253,0.6,0.0,1.0,0.0,0.0,0.0,0.3079,3.1102,0.0,0.3,6.0
101.5788,0.998985291514695,0.021667505181627432,-0.03820889084689254,-0.009949231968062633,0.5409,0.0,9.5253,0.6,0.0,1.0,0.0,0.0,0.0,0.3079,3.1102,0.0,0.3,6.0
101.5989,0.9985117871294031,0.022948466506264358,-0.04369998408602807,-0.023192460834014106,0.5409,0.0,8.8635,0.6,0.0,1.0,0.0,0.0,0.0,0.3079,3.1102,0.0,0.3,6.0
101.619,0.997832201298151,0.023865698423416636,-0.04901243433606,-0.03686607887614724,0.5409,0.0,8.9374,0.6,0.0,1.0,0.0,0.0,0.0,0.3079,3.1102,0.0,0.3,6.0
101.6391,0.9969986787821279,0.024840742841465667,-0.05358844523695917,-0.05004848188368077,0.5409,0.0,9.5685,0.6,0.0,1.0,0.0,0.0,0.0,0.3079,3.1102,0.0,0.3,6.0
101.6592,0.9960345066781351,0.02557403868525103,-0.05792208761738912,-0.06250009454243327,0.5409,0.0,9.6606,0.6,0.0,1.0,0.0,0.0,0.0,0.3079,3.1102,0.0,0.3,6.0
101.6793,0.9950264905215281,0.025756236147878114,-0.06219315553897112,-0.07342282250098803,0.5409,0.0,9.5337,0.6,0.0,1.0,0.0,0.0,0.0,0.3079,3.1102,0.0,0.3,6.0
101.6994,0.9939952337611694,0.025207397295878224,-0.06646541082454525,-0.08318901096641557,0.5409,0.0,9.4566,0.6,0.0,1.0,0.0,0.0,0.0,0.3079,3.1102,0.0,0.3,6.0
101.7195,0.9924009192492234,0.02423173054666847,-0.07312220451373852,-0.09594989273084886,0.5409,0.0,9.707,0.6,0.0,1.0,0.0,0.0,0.0,0.3079,3.1102,0.0,0.3,6.0
101.7396,0.9913950594935609,0.02331502491652399,-0.07788108323070145,-0.10260010964766715,0.5409,0.0,9.8419,0.6,0.0,1.0,0.0,0.0,0.0,0.3079,3.1102,0.0,0.3,6.0
101.7597,0.99052887150333,0.02117876205864381,-0.08245707360270316,-0.1077257897111063,0.5409,0.0,9.6777,0.6,0.0,1.0,0.0,0.0,0.0,0.3079,3.1102,0.0,0.3,6.0
101.7798,0.9898493012853546,0.018493650646319887,-0.0874003489666729,-0.11053291198177612,0.5409,0.0,9.748,0.6,0.0,1.0,0.0,0.0,0.0,0.3079,3.1102,0.0,0.3,6.0
101.7999,0.9893126371276255,0.016540893615434527,-0.09277240332414641,-0.11126628437872872,0.5409,0.0,9.834,0.6,0.0,1.0,0.0,0.0,0.0,0.3079,3.1102,0.0,0.3,6.0
101.82,0.9888466643471727,0.01501523785679535,-0.0977185479622025,-0.11139076454416097,0.5409,0.0,9.8615,0.6,0.0,1.0,0.0,0.0,0.0,0.3079,3.1102,0.0,0.3,6.0
101.8401,0.988322903638366,0.013793733477670317,-0.10265901642388796,-0.11175284071313936,0.5409,0.0,9.9026,0.6,0.0,1.0,0.0,0.0,0.0,0.3079,3.1102,0.0,0.3,6.0
101.8602,0.9877394452395712,0.012817096610857589,-0.10748381017592307,-0.11248884790217274,0.5409,0.0,9.8482,0.6,0.0,1.0,0.0,0.0,0.0,0.3079,3.1102,0.0,0.3,6.0
101.8803,0.987074019653877,0.011963157795839716,-0.1127334869715457,-0.11328249421303327,0.5409,0.0,9.9238,0.6,0.0,1.0,0.0,0.0,0.0,0.3079,3.1102,0.0,0.3,6.0
101.9003,0.9864398057896396,0.010924887098435643,-0.11749178579922159,-0.11407382112165149,0.5409,0.0,9.9783,0.6,0.0,1.0,0.0,0.0,0.0,0.3079,3.1102,0.0,0.3,6.0
101.9204,0.9858571593830999,0.0096441678620168,-0.12164511729980365,-0.1148699993751704,0.5409,0.0,9.9581,0.6,0.0,1.0,0.0,0.0,0.0,0.3079,3.1102,0.0,0.3,6.0
101.9405,0.9852659286751441,0.008361787223857284,-0.12554580532983214,-0.11584205225397577,0.5409,0.0,9.9723,0.6,0.0,1.0,0.0,0.0,0.0,0.3079,3.1102,0.0,0.3,6.0
101.9606,0.9846481448215483,0.007019207763106827,-0.12933682826982346,-0.11700746333018186,0.5409,0.0,9.938,0.6,0.0,1.0,0.0,0.0,0.0,0.3079,3.1102,0.0,0.3,6.0
101.9807,0.9839642526171581,0.005188085694140171,-0.13366920787945874,-0.11798294878187154,0.5409,0.0,9.957,0.6,0.0,1.0,0.0,0.0,0.0,0.3079,3.1102,0.0,0.3,6.0
102.0008,0.9836700267555598,0.0038448672089115843,-0.13592030568824512,-0.11791592750971391,0.5409,0.0,9.8364,0.6,0.0,1.0,0.0,0.0,0.0,0.3079,3.1102,0.0,0.3,6.0
102.0209,0.983472697433508,0.0025630356969859464,-0.1375749160910826,-0.117677638969378,0.5409,0.0,9.7825,0.6,0.0,1.0,0.0,0.0,0.0,0.3079,3.1102,0.0,0.3,6.0
102.041,0.9832830607430556,0.001404010081892837,-0.13940500103717052,-0.11712684106252075,0.5409,0.0,9.7825,0.6,0.0,1.0,0.0,0.0,0.0,0.3079,3.1102,0.0,0.3,6.0
102.0611,0.9831477363950639,0.0001829988341199018,-0.14117310059038232,-0.11614926001652509,0.5409,0.0,9.5213,0.6,0.0,1.0,0.0,0.0,0.0,0.3079,3.1102,0.0,0.3,6.0
102.0811,0.9830559356616215,-0.0014040341857324138,-0.1423984671491229,-0.11541981026686557,0.5409,0.0,9.4321,0.6,0.0,1.0,0.0,0.0,0.0,0.3079,3.1102,0.0,0.3,6.0
102.1012,0.9829688203506439,-0.002868993638251771,-0.14361568154449933,-0.11462374583163926,0.5409,0.0,9.5458,0.6,0.0,1.0,0.0,0.0,0.0,0.3079,3.1102,0.0,0.3,6.0
102.1213,0.98296578662083,-0.0037229802543404943,-0.1447742321574397,-0.11315839983908633,0.5409,0.0,9.6352,0.6,0.0,1.0,0.0,0.0,0.0,0.3079,3.1102,0.0,0.3,6.0
102.1414,0.9830959689223586,-0.004272012901359562,-0.14538643906298387,-0.11120633584002709,0.5409,0.0,9.5367,0.6,0.0,1.0,0.0,0.0,0.0,0.3079,3.1102,0.0,0.3,6.0
102.1615,0.9830959689223586,-0.004272012901359562,-0.14538643906298387,-0.11120633584002709,0.5409,0.0,9.5367,0.6,0.0,1.0,0.0,0.0,0.0,0.3079,3.1102,0.0,0.3,6.0
102.1816,0.9833281862944248,-0.004882956233392674,-0.1456896941632635,-0.10870302567985252,0.5409,0.0,9.4177,0.6,0.0,1.0,0.0,0.0,0.0,0.3079,3.1102,0.0,0.3,6.0
102.2017,0.9837354907290032,-0.005736827911454745,-0.14629661151712442,-0.10406187843917364,0.5409,0.0,9.7612,0.6,0.0,1.0,0.0,0.0,0.0,0.3079,3.1102,0.0,0.3,6.0
102.2218,0.9839647881543873,-0.006714114554497331,-0.14642549827422777,-0.10162573391215947,0.5409,0.0,10.0269,0.6,0.0,1.0,0.0,0.0,0.0,0.3079,3.1102,0.0,0.3,6.0
102.2419,0.9841363819288714,-0.007568041387211344,-0.14624079974442245,-0.10015954774071123,0.5409,0.0,10.3704,0.6,0.0,1.0,0.0,0.0,0.0,0.3079,3.1102,0.0,0.3,6.0
102.262,0.9848799986667819,-0.00787413590469155,-0.14398448511929132,-0.09600965709139282,0.5409,0.0,9.3659,0.6,0.0,1.0,0.0,0.0,0.0,0.3079,3.1102,0.0,0.3,6.0
102.282,0.9858233800071982,-0.011352808603040762,-0.14220960248882542,-0.08831651107225891,0.5409,0.0,9.8349,0.6,0.0,1.0,0.0,0.0,0.0,0.3079,3.1102,0.0,0.3,6.0
102.3021,0.9862599370855109,-0.013061906459620881,-0.14147798683208604,-0.08428939637738836,0.5409,0.0,9.6383,0.6,0.0,1.0,0.0,0.0,0.0,0.3079,3.1102,0.0,0.3,6.0
102.3222,0.9866302570656355,-0.014770958935203346,-0.14068560887942733,-0.0809327749984981,0.5409,0.0,9.6641,0.6,0.0,1.0,0.0,0.0,0.0,0.3079,3.1102,0.0,0.3,6.0
102.3423,0.9868753622150813,-0.01647897265205522,-0.13995376773746832,-0.07885686913181135,0.5409,0.0,9.629,0.6,0.0,1.0,0.0,0.0,0.0,0.3079,3.1102,0.0,0.3,6.0
102.3624,0.9869692193256359,-0.01824943085379213,-0.1392776563385139,-0.07848855217232881,0.5409,0.0,9.4596,0.6,0.0,1.0,0.0,0.0,0.0,0.3079,3.1102,0.0,0.3,6.0
102.3825,0.9869322005379445,-0.019896883080906258,-0.1387931844163093,-0.07940653338722042,0.5409,0.0,9.1671,0.6,0.0,1.0,0.0,0.0,0.0,0.3079,3.1102,0.0,0.3,6.0
102.4026,0.9868131665990005,-0.020629940765996252,-0.13879360148694558,-0.08068776832412539,0.5409,0.0,9.4019,0.6,0.0,1.0,0.0,0.0,0.0,0.3079,3.1102,0.0,0.3,6.0
102.4227,0.9867004214050755,-0.020813135451015027,-0.13848990128648547,-0.08252053704020379,0.5409,0.0,9.5705,0.6,0.0,1.0,0.0,0.0,0.0,0.3079,3.1102,0.0,0.3,6.0
102.4428,0.9864962744876485,-0.0199577020897126,-0.1386699300623624,-0.08483773362005859,0.5409,0.0,9.6197,0.6,0.0,1.0,0.0,0.0,0.0,0.3079,3.1102,0.0,0.3,6.0
102.4629,0.9861623337398135,-0.018066317551012734,-0.13928444819772823,-0.08807554810073603,0.5409,0.0,9.3037,0.6,0.0,1.0,0.0,0.0,0.0,0.3079,3.1102,0.0,0.3,6.0
102.483,0.985813461708242,-0.014953597446223543,-0.13915625388634967,-0.09264850588404855,0.5409,0.0,10.8642,0.6,0.0,1.0,0.0,0.0,0.0,0.3079,3.1102,0.0,0.3,6.0
102.5031,0.9853918172642187,-0.009520795333705367,-0.1402559849501296,-0.09612793356045568,0.5409,0.0,10.8734,0.6,0.0,1.0,0.0,0.0,0.0,0.3079,3.1102,0.0,0.3,6.0
102.5232,0.9853972462342796,-0.005126918034816992,-0.1396457674519462,-0.09728844462792048,0.5409,0.0,10.4052,0.6,0.0,1.0,0.0,0.0,0.0,0.3079,3.1102,0.0,0.3,6.0
102.5433,0.985667440918044,-0.003906041375677197,-0.13519443207934725,-0.10083106807719767,0.5409,0.0,9.8371,0.6,0.0,1.0,0.0,0.0,0.0,0.3079,3.1102,0.0,0.3,6.0
102.5634,0.9864144454239431,-0.0033570865989869807,-0.13067937098874705,-0.09948956642044045,0.5409,0.0,9.7767,0.6,0.0,1.0,0.0,0.0,0.0,0.3079,3.1102,0.0,0.3,6.0
102.5834,0.9875750835030461,-0.0004270112780791549,-0.12524730799003947,-0.09491250679740859,0.5409,0.0,9.6093,0.6,0.0,1.0,0.0,0.0,0.0,0.3079,3.1102,0.0,0.3,6.0
102.6035,0.9892628034697003,0.0059810290415162615,-0.11743257020620895,-0.08679242142974047,0.5409,0.0,10.0948,0.6,0.0,1.0,0.0,0.0,0.0,0.3079,3.1102,0.0,0.3,6.0
102.6236,0.9892628034697003,0.0059810290415162615,-0.11743257020620895,-0.08679242142974047,0.5409,0.0,10.0948,0.6,0.0,1.0,0.0,0.0,0.0,0.3079,3.1102,0.0,0.3,6.0
102.6438,0.992102269380572,0.01678459852030177,-0.10217055612837603,-0.07079930651390426,0.5409,0.0,10.0131,0.6,0.0,1.0,0.0,0.0,0.0,0.3079,3.1102,0.0,0.3,6.0
102.6639,0.9939659006573272,0.023621187755847567,-0.09155372772579953,-0.05560344197063599,0.5409,0.0,9.2221,0.6,0.0,1.0,0.0,0.0,0.0,0.3079,3.1102,0.0,0.3,6.0
102.684,0.9953404326719816,0.030517369400934483,-0.08172431128058097,-0.041076151218369106,0.5409,0.0,9.2978,0.6,0.0,1.0,0.0,0.0,0.0,0.3079,3.1102,0.0,0.3,6.0
102.7041,0.9958554908879562,0.03411918812432214,-0.07659942234927607,-0.035217194178441664,0.5409,0.0,9.3196,0.6,0.0,1.0,0.0,0.0,0.0,0.3079,3.1102,0.0,0.3,6.0
102.7242,0.9968764934800494,0.045165523980671744,-0.0610343567320617,-0.02172877099092274,0.5409,0.0,9.3961,0.6,0.0,1.0,0.0,0.0,0.0,0.3079,3.1102,0.0,0.3,6.0
102.7443,0.9971935266261782,0.05212407979793551,-0.05194107951777621,-0.013794021117579769,0.5409,0.0,9.7398,0.6,0.0,1.0,0.0,0.0,0.0,0.3079,3.1102,0.0,0.3,6.0
102.7644,0.9973785876390698,0.057983208569571315,-0.04296915456299103,-0.0052490188810802585,0.5409,0.0,9.6697,0.6,0.0,1.0,0.0,0.0,0.0,0.3079,3.1102,0.0,0.3,6.0
102.7845,0.9973789096103107,0.06372124977995099,-0.03393613302572803,0.004822018901758097,0.5409,0.0,9.4832,0.6,0.0,1.0,0.0,0.0,0.0,0.3079,3.1102,0.0,0.3,6.0
102.8046,0.9970783638554372,0.0699465867373729,-0.025818216572577317,0.01660213926477372,0.5409,0.0,9.6869,0.6,0.0,1.0,0.0,0.0,0.0,0.3079,3.1102,0.0,0.3,6.0
102.8247,0.9961640012162072,0.07806470538314017,-0.015198137328512037,0.03649932980348475,0.5409,0.0,9.6787,0.6,0.0,1.0,0.0,0.0,0.0,0.3079,3.1102,0.0,0.3,6.0
102.8448,0.9952985373317433,0.08209187935962772,-0.00903298672532666,0.05059792564243104,0.5409,0.0,9.6567,0.6,0.0,1.0,0.0,0.0,0.0,0.3079,3.1102,0.0,0.3,6.0
102.8649,0.9942617538149725,0.08508289335904012,-0.004332994569123325,0.06469691891035595,0.5409,0.0,9.855,0.6,0.0,1.0,0.0,0.0,0.0,0.3079,3.1102,0.0,0.3,6.0
102.885,0.9930344409105883,0.08715733654859016,-0.0004269967496528943,0.07928439647829195,0.5274,0.0,9.8248,0.6,0.0,1.0,0.0,0.0,0.0,0.3079,3.1102,0.0,0.3,6.0
102.9051,0.9916745384739654,0.08837682001876637,0.0023189427988947672,0.09362569054545822,0.5274,0.0,9.7786,0.6,0.0,1.0,0.0,0.0,0.0,0.3079,3.1102,0.0,0.3,6.0
102.9252,0.9901826961827942,0.08868486843033987,0.003906038249164537,0.10797205729660614,0.5274,0.0,9.8903,0.6,0.0,1.0,0.0,0.0,0.0,0.3079,3.1102,0.0,0.3,6.0
102.9453,0.9886248730266285,0.0875830397543686,0.004455900269971655,0.12218926521283113,0.5274,0.0,9.7272,0.6,0.0,1.0,0.0,0.0,0.0,0.3079,3.1102,0.0,0.3,6.0
102.9654,0.987011783630935,0.08563302234638727,0.003906046633092658,0.1358656220579872,0.5274,0.0,9.5588,0.6,0.0,1.0,0.0,0.0,0.0,0.3079,3.1102,0.0,0.3,6.0
102.9855,0.985407975968381,0.08282457772485359,0.0022579884878082823,0.14868124195939253,0.5274,0.0,9.4283,0.6,0.0,1.0,0.0,0.0,0.0,0.3079,3.1102,0.0,0.3,6.0
103.0056,0.9839275819759269,0.07910035854482125,-0.0005489886076345193,0.16009167784927242,0.5274,0.0,9.3396,0.6,0.0,1.0,0.0,0.0,0.0,0.3079,3.1102,0.0,0.3,6.0
103.0256,0.982439178719642,0.07489130953329017,-0.004272074700577042,0.1708399872711803,0.5274,0.0,9.233,0.6,0.0,1.0,0.0,0.0,0.0,0.3079,3.1102,0.0,0.3,6.0
103.0457,0.9810097647980007,0.07080040565765688,-0.008849925708256417,0.18035748596784418,0.5274,0.0,9.1475,0.6,0.0,1.0,0.0,0.0,0.0,0.3079,3.1102,0.0,0.3,6.0
103.0658,0.9798192022149044,0.06714052137075993,-0.014038318101293246,0.18774825428189212,0.5274,0.0,9.3534,0.6,0.0,1.0,0.0,0.0,0.0,0.3079,3.1102,0.0,0.3,6.0
103.0859,0.9789401487298595,0.0634768151168406,-0.02001994168973247,0.19299243788843856,0.5274,0.0,9.287,0.6,0.0,1.0,0.0,0.0,0.0,0.3079,3.1102,0.0,0.3,6.0
103.106,0.9784740910821996,0.05999917064836893,-0.025940506127182395,0.1957438191725014,0.5274,0.0,9.4873,0.6,0.0,1.0,0.0,0.0,0.0,0.3079,3.1102,0.0,0.3,6.0
103.1261,0.9782017125668907,0.05419854082396716,-0.03631569232943765,0.19714232978837581,0.5274,0.0,9.333,0.6,0.0,1.0,0.0,0.0,0.0,0.3079,3.1102,0.0,0.3,6.0
103.1462,0.9782017125668907,0.05419854082396716,-0.03631569232943765,0.19714232978837581,0.5274,0.0,9.333,0.6,0.0,1.0,0.0,0.0,0.0,0.3079,3.1102,0.0,0.3,6.0
103.1663,0.9780913193184424,0.05029317067838725,-0.04351814768619998,0.1972666694578319,0.5274,0.0,9.5691,0.6,0.0,1.0,0.0,0.0,0.0,0.3079,3.1102,0.0,0.3,6.0
103.1864,0.9779611728557086,0.046813768930685874,-0.05010975266195303,0.19720402661545483,0.5274,0.0,9.6351,0.6,0.0,1.0,0.0,0.0,0.0,0.3079,3.1102,0.0,0.3,6.0
103.2065,0.9776738758820614,0.04370157554604508,-0.05578673470656668,0.19781760524109074,0.5274,0.0,9.7248,0.6,0.0,1.0,0.0,0.0,0.0,0.3079,3.1102,0.0,0.3,6.0
103.2266,0.9772352042447525,0.040771050242073864,-0.060303074311343345,0.19928024557260005,0.5274,0.0,9.1965,0.6,0.0,1.0,0.0,0.0,0.0,0.3079,3.1102,0.0,0.3,6.0
103.2467,0.9766053873238547,0.03814627298760127,-0.06439077280566283,0.20159515788993698,0.5274,0.0,9.2127,0.6,0.0,1.0,0.0,0.0,0.0,0.3079,3.1102,0.0,0.3,6.0
103.2668,0.9757144218007344,0.03595023661150305,-0.06805444790985335,0.20507934975838155,0.5274,0.0,9.9614,0.6,0.0,1.0,0.0,0.0,0.0,0.3079,3.1102,0.0,0.3,6.0
103.2869,0.9750092199445818,0.03362904183814184,-0.07061598800255424,0.20794107532310666,0.5274,0.0,9.8363,0.6,0.0,1.0,0.0,0.0,0.0,0.3079,3.1102,0.0,0.3,6.0
103.307,0.9746966614987718,0.030762841475602227,-0.07257298513509941,0.20917272163472111,0.5274,0.0,9.255,0.6,0.0,1.0,0.0,0.0,0.0,0.3079,3.1102,0.0,0.3,6.0
103.327,0.9745343525264534,0.028258604263766435,-0.07470595381058065,0.20953106570664337,0.5274,0.0,9.5191,0.6,0.0,1.0,0.0,0.0,0.0,0.3079,3.1102,0.0,0.3,6.0
103.3472,0.9742660358194579,0.025391600366122067,-0.0767838154980735,0.21039297459051187,0.5274,0.0,9.4264,0.6,0.0,1.0,0.0,0.0,0.0,0.3079,3.1102,0.0,0.3,6.0
103.3673,0.973688803591538,0.02203388240898677,-0.07824658241154518,0.21288986384367795,0.5274,0.0,9.1467,0.6,0.0,1.0,0.0,0.0,0.0,0.3079,3.1102,0.0,0.3,6.0
103.3874,0.9729589445947795,0.019957957838209982,-0.07867383379914475,0.21624754317051958,0.5274,0.0,9.2352,0.6,0.0,1.0,0.0,0.0,0.0,0.3079,3.1102,0.0,0.3,6.0
103.4075,0.9719735502156155,0.01971376777311445,-0.07751408688916332,0.22106639585242138,0.5274,0.0,9.1396,0.6,0.0,1.0,0.0,0.0,0.0,0.3079,3.1102,0.0,0.3,6.0
103.4276,0.9711640557319942,0.02069042595859178,-0.07562090195092482,0.22515275329421316,0.5274,0.0,9.3976,0.6,0.0,1.0,0.0,0.0,0.0,0.3079,3.1102,0.0,0.3,6.0
103.4477,0.9705226690904708,0.02203406059714323,-0.07373020276969089,0.22839462812126382,0.5274,0.0,9.5756,0.6,0.0,1.0,0.0,0.0,0.0,0.3079,3.1102,0.0,0.3,6.0
103.4678,0.9700285233008095,0.023192916873789392,-0.07226574099087069,0.2308341726624919,0.5274,0.0,9.4962,0.6,0.0,1.0,0.0,0.0,0.0,0.3079,3.1102,0.0,0.3,6.0
103.4879,0.9694691416893342,0.02410868024056988,-0.07183704720735237,0.23321190685239956,0.5274,0.0,9.3825,0.6,0.0,1.0,0.0,0.0,0.0,0.3079,3.1102,0.0,0.3,6.0
103.5079,0.9689812474932277,0.025268667445728643,-0.07165405697984428,0.2351649050566746,0.5274,0.0,9.5276,0.6,0.0,1.0,0.0,0.0,0.0,0.3079,3.1102,0.0,0.3,6.0
103.528,0.9686426427361845,0.026917406903919652,-0.07098507306415396,0.23657557625567782,0.5274,0.0,9.4976,0.6,0.0,1.0,0.0,0.0,0.0,0.3079,3.1102,0.0,0.3,6.0
103.5481,0.9681122310960621,0.030089136936476663,-0.06982199725664825,0.23870115320147783,0.5274,0.0,9.4876,0.6,0.0,1.0,0.0,0.0,0.0,0.3079,3.1102,0.0,0.3,6.0
103.5682,0.9676532274401412,0.03216607404305849,-0.0691531591835983,0.24047955355967982,0.5274,0.0,9.7962,0.6,0.0,1.0,0.0,0.0,0.0,0.3079,3.1102,0.0,0.3,6.0
103.5883,0.9670987450388138,0.03387488598740342,-0.06841976971979752,0.24267518322890363,0.5274,0.0,9.6804,0.6,0.0,1.0,0.0,0.0,0.0,0.3079,3.1102,0.0,0.3,6.0
103.6084,0.9664680208829685,0.03564411563093478,-0.06774731911573012,0.24511091853297354,0.5274,0.0,9.6784,0.6,0.0,1.0,0.0,0.0,0.0,0.3079,3.1102,0.0,0.3,6.0
103.6285,0.9661121281729277,0.037353502327102134,-0.06701610712254116,0.24645671637676264,0.5139,0.0,9.7648,0.6,0.0,1.0,0.0,0.0,0.0,0.3079,3.1102,0.0,0.3,6.0
103.6486,0.965618585452569,0.03900025625699476,-0.06597774179072989,0.24840826280271877,0.5139,0.0,9.7202,0.6,0.0,1.0,0.0,0.0,0.0,0.3079,3.1237,0.0,0.3,6.0
103.6687,0.964913635118303,0.04040536159202725,-0.06524758390780847,0.2511012471326926,0.5139,0.0,9.83,0.6,0.0,1.0,0.0,0.0,0.0,0.3079,3.1237,0.0,0.3,6.0
103.6888,0.9642371279190692,0.04113817611338201,-0.06488027775380971,0.2536630859369125,0.5139,0.0,9.7606,0.6,0.0,1.0,0.0,0.0,0.0,0.3079,3.1237,0.0,0.3,6.0
103.7089,0.9636501205609167,0.041444166387068465,-0.06427180883857078,0.2559882044236222,0.5139,0.0,9.7947,0.6,0.0,1.0,0.0,0.0,0.0,0.3079,3.1237,0.0,0.3,6.0
103.7289,0.9631687468102438,0.042112808403654715,-0.06329120915354793,0.2579277018472878,0.5139,0.0,9.6745,0.6,0.0,1.0,0.0,0.0,0.0,0.3079,3.1237,0.0,0.3,6.0
103.7491,0.9623790271757453,0.04272398014144165,-0.06237651101843994,0.26097977018594,0.5139,0.0,9.4125,0.6,0.0,1.0,0.0,0.0,0.0,0.3079,3.1237,0.0,0.3,6.0
103.7691,0.9613184563017265,0.04290864525997447,-0.0618299297981486,0.2649579844367315,0.5139,0.0,9.5259,0.6,0.0,1.0,0.0,0.0,0.0,0.3079,3.1237,0.0,0.3,6.0
103.7892,0.9602067035128656,0.04290807612367156,-0.06146210904057753,0.26904347731287787,0.5139,0.0,9.607,0.6,0.0,1.0,0.0,0.0,0.0,0.3079,3.1237,0.0,0.3,6.0
103.8093,0.9594705960734199,0.04315189188414915,-0.06097384723174149,0.27172831919234236,0.5139,0.0,9.6477,0.6,0.0,1.0,0.0,0.0,0.0,0.3079,3.1237,0.0,0.3,6.0
103.8294,0.959203999915225,0.04394385467523874,-0.0605454219825163,0.2726368941648832,0.5139,0.0,9.2166,0.6,0.0,1.0,0.0,0.0,0.0,0.3079,3.1237,0.0,0.3,6.0
103.8495,0.9591410475597314,0.045350657138821235,-0.06097622810607698,0.2725319584728623,0.5139,0.0,9.6156,0.6,0.0,1.0,0.0,0.0,0.0,0.3079,3.1237,0.0,0.3,6.0
103.8696,0.959023008859078,0.046263939132017005,-0.06139959205976386,0.2726987468063697,0.5139,0.0,9.4134,0.6,0.0,1.0,0.0,0.0,0.0,0.3079,3.1237,0.0,0.3,6.0
103.8897,0.9587489327039811,0.046631434467028963,-0.061829576068751106,0.2735015482253855,0.5139,0.0,9.3748,0.6,0.0,1.0,0.0,0.0,0.0,0.3079,3.1237,0.0,0.3,6.0
103.9098,0.9582130617749304,0.04718108629129394,-0.06292844885655473,0.2750303322631798,0.5139,0.0,9.5996,0.6,0.0,1.0,0.0,0.0,0.0,0.3079,3.1237,0.0,0.3,6.0
103.9299,0.9574325848793538,0.047853778580512416,-0.06408938200888781,0.27735430842250347,0.5139,0.0,9.5263,0.6,0.0,1.0,0.0,0.0,0.0,0.3079,3.1237,0.0,0.3,6.0
103.95,0.9564908856158684,0.04907245587365147,-0.06530860670436155,0.2800926020062569,0.5139,0.0,9.5273,0.6,0.0,1.0,0.0,0.0,0.0,0.3079,3.1237,0.0,0.3,6.0
103.9701,0.9562769350268479,0.049925848019380395,-0.06573348327666331,0.28057252611672495,0.5003,0.0,9.5306,0.6,0.0,1.0,0.0,0.0,0.0,0.3079,3.1373,0.0,0.3,6.0
103.9902,0.9560034412717929,0.05078150150651879,-0.06640665581697655,0.28119177698581194,0.5003,0.0,9.4289,0.6,0.0,1.0,0.0,0.0,0.0,0.3079,3.1373,0.0,0.3,6.0
104.0103,0.9550339716689014,0.051697918710732066,-0.06793320722396755,0.2839410458450281,0.5003,0.0,9.384,0.6,0.0,1.0,0.0,0.0,0.0,0.3079,3.1508,0.0,0.3,6.0
104.0304,0.953985298017557,0.052856348946901346,-0.06921445693981437,0.2869278942397952,0.5003,0.0,9.6106,0.6,0.0,1.0,0.0,0.0,0.0,0.3079,3.1643,0.0,0.3,6.0
104.0505,0.9535158053211887,0.05407840682749385,-0.0696428117290807,0.2881544962206087,0.5003,0.0,9.4637,0.6,0.0,1.0,0.0,0.0,0.0,0.3079,3.1643,0.0,0.3,6.0
104.0705,0.9533189195580962,0.05535963410337127,-0.06958079699619885,0.28857730543807253,0.5003,0.0,9.4267,0.6,0.0,1.0,0.0,0.0,0.0,0.3079,3.1778,0.0,0.3,6.0
104.0906,0.9529013581955261,0.05694721664489317,-0.06994749438843283,0.2895571862245892,0.5003,0.0,9.7256,0.6,0.0,1.0,0.0,0.0,0.0,0.3079,3.1914,0.0,0.3,6.0
104.1107,0.952341208687364,0.05816756245271388,-0.07025167930038682,0.29107981460361704,0.5003,0.0,9.851,0.6,0.0,1.0,0.0,0.0,0.0,0.3079,3.2184,0.0,0.3,6.0
104.1308,0.9521456369745556,0.05902085352264064,-0.07043482519556078,0.2915032765501065,0.5003,0.0,10.0461,0.6,0.0,1.0,0.0,0.0,0.0,0.3079,3.2454,0.0,0.3,6.0
104.1509,0.9525749386530256,0.059081934171654624,-0.07037392159026475,0.2900996767746014,0.5003,0.0,10.3531,0.6,0.0,1.0,0.0,0.0,0.0,0.3079,3.286,0.0,0.3,6.0
104.171,0.9520750540760081,0.05737228013564184,-0.06921313156551534,0.29235433175702796,0.5003,0.0,9.1427,0.6,0.0,1.0,0.0,0.0,0.0,0.3079,3.3536,0.0,0.3,6.0
104.1911,0.9512952234306565,0.05584707182315024,-0.06872608838644549,0.29528837976103256,0.5003,0.0,9.5691,0.6,0.0,1.0,0.0,0.0,0.0,0.3079,3.4618,0.0,0.3,6.0
104.2112,0.9513512044592277,0.05499278059906799,-0.06994572094234554,0.2949818231312144,0.5003,0.0,9.3988,0.6,0.0,1.0,0.0,0.0,0.0,0.3079,3.5835,0.0,0.3,6.0
104.2313,0.951987810152052,0.05249125771943425,-0.07086369793321677,0.293159024251621,0.5003,0.0,9.4124,0.6,0.0,1.0,0.0,0.0,0.0,0.3079,3.7323,0.0,0.3,6.0
104.2514,0.9531478607378143,0.04895117406753156,-0.07086369962764903,0.2899849551328839,0.5003,0.0,9.6801,0.6,0.0,1.0,0.0,0.0,0.0,0.3079,3.8945,0.0,0.3,6.0
104.2715,0.9543585877029719,0.04571560297506498,-0.06939791533764812,0.2868687837130486,0.5139,0.0,8.9821,0.6,0.0,1.0,0.0,0.0,0.0,0.3079,4.0839,0.0,0.3,6.0
104.2916,0.9554255652429995,0.04376115563671357,-0.06597772697213845,0.2844185121981769,0.4733,0.0,9.2347,0.6,0.0,1.0,0.0,0.0,0.0,0.3079,4.3543,0.0,0.3,6.0
104.3116,0.9568577572235057,0.04211442944721704,-0.06097462176745526,0.2809478648679391,0.4868,0.0,10.1144,0.6,0.0,1.0,0.0,0.0,0.0,0.3079,4.5842,0.0,0.3,6.0
104.3317,0.9576844325233458,0.039306237935137676,-0.05431994685105994,0.2799015733001903,0.5139,0.0,8.8413,0.6,0.0,1.0,0.0,0.0,0.0,0.3079,4.8276,0.0,0.3,6.0
104.3519,0.9586308038355669,0.03674349075995885,-0.04950066114955128,0.27789671169358093,0.5139,0.0,8.7997,0.6,0.0,1.0,0.0,0.0,0.0,0.3079,5.0169,0.0,0.3,6.0
104.3719,0.9608205558552372,0.03588920752599471,-0.046143266819136046,0.2709365666654232,0.5274,0.0,9.2497,0.6,0.0,1.0,0.0,0.0,0.0,0.3079,5.2062,0.0,0.3,6.0
104.392,0.9632743242616068,0.03662165863189608,-0.042969772801232674,0.262516721301338,0.5409,0.0,9.2265,0.6,0.0,1.0,0.0,0.0,0.0,0.3079,5.3415,0.0,0.3,6.0
104.4121,0.9651889878226729,0.038390164245604826,-0.03961113766499696,0.2556704340511906,0.5409,0.0,8.8595,0.6,0.0,1.0,0.0,0.0,0.0,0.3079,5.4496,0.0,0.3,6.0
104.4322,0.9660804324868236,0.04168770908457227,-0.03582860942457012,0.25232329187780816,0.5409,0.0038,9.4533,0.6,0.0,1.0,0.0,0.0,0.0,0.3079,5.5443,0.0,0.3,6.0
104.4523,0.9658381291247138,0.045227848942787925,-0.03228860606860362,0.2531177511100865,0.5409,0.0038,10.2189,0.6,0.0,1.0,0.0,0.0,0.0,0.3079,5.5984,0.0,0.3,6.0
104.4724,0.9656414780235458,0.04834022417084081,-0.02923613557837612,0.2536631763265168,0.5274,0.0038,9.5422,0.6,0.0,1.0,0.0,0.0,0.0,0.3079,5.6254,0.0,0.3,6.0
104.4925,0.9655651189795637,0.050963425689613755,-0.025512712495469644,0.2538421394352876,0.5274,0.0038,9.6976,0.6,0.0,1.0,0.0,0.0,0.0,0.3079,5.6525,0.0,0.3,6.0
104.5126,0.9654986084608602,0.05261110680656725,-0.022033625928987728,0.2540846863334196,0.5274,0.0038,9.6942,0.6,0.0,1.0,0.0,0.0,0.0,0.3079,5.6795,0.0,0.3,6.0
104.5327,0.9653708959442372,0.053831767416343525,-0.017089608699966754,0.2546941682786152,0.5274,0.0038,9.6897,0.6,0.0,1.0,0.0,0.0,0.0,0.3079,5.7066,0.0,0.3,6.0
104.5528,0.9653708959442372,0.053831767416343525,-0.017089608699966754,0.2546941682786152,0.5274,0.0038,9.6897,0.6,0.0,1.0,0.0,0.0,0.0,0.3079,5.7201,0.0,0.3,6.0
104.5728,0.9663278674850437,0.05371204872405119,-0.01452628362468707,0.2512259051684918,0.5274,0.0038,9.5173,0.6,0.0,1.0,0.0,0.0,0.0,0.3079,5.7471,0.0,0.3,6.0
104.5929,0.9674226966660437,0.053162862580237905,-0.012695205982771896,0.24719601081475806,0.5274,0.0038,9.2903,0.6,0.0,1.0,0.0,0.0,0.0,0.3079,5.7607,0.0,0.3,6.0
104.6131,0.9681977580615564,0.05242882444596665,-0.010985963214316295,0.24438418169767795,0.5274,0.0038,9.4416,0.6,0.0,1.0,0.0,0.0,0.0,0.3079,5.7742,0.0,0.3,6.0
104.6331,0.9683696100062043,0.051696231792853584,-0.008605872116550235,0.24395437483260107,0.5274,0.0038,9.6195,0.6,0.0,1.0,0.0,0.0,0.0,0.3079,5.7877,0.0,0.3,6.0
104.6533,0.968304031578954,0.05132999448012625,-0.005553891203027815,0.24438021275692368,0.5274,0.0038,9.4251,0.6,0.0,1.0,0.0,0.0,0.0,0.3079,5.7877,0.0,0.3,6.0
104.6733,0.9685639269975498,0.051574836366403795,-0.0025629918682907003,0.24334622792545363,0.5274,0.0038,9.6665,0.6,0.0,1.0,0.0,0.0,0.0,0.3079,5.8012,0.0,0.3,6.0
104.6934,0.9689945153128738,0.05267302801160276,0.0020140010710490847,0.2413941283737936,0.5274,0.0038,10.0509,0.6,0.0,1.0,0.0,0.0,0.0,0.3079,5.8012,0.0,0.3,6.0
104.7135,0.9691141417229922,0.05340589759415604,0.004271991808452894,0.24072253841437335,0.5274,0.0038,9.6255,0.6,0.0,1.0,0.0,0.0,0.0,0.3079,5.8148,0.0,0.3,6.0
104.7336,0.9694376822213542,0.05419993268014121,0.005981102923668796,0.23920111620678852,0.5274,0.0038,9.6928,0.6,0.0,1.0,0.0,0.0,0.0,0.3079,5.8148,0.0,0.3,6.0
104.7537,0.9698435881811944,0.055114692454811556,0.007262959472000303,0.23730367582307998,0.5274,0.0038,9.7585,0.6,0.0,1.0,0.0,0.0,0.0,0.3079,5.8148,0.0,0.3,6.0
104.7738,0.9701918870054258,0.056150662316217195,0.008483797889492575,0.23559038750269812,0.5274,0.0038,9.7604,0.6,0.0,1.0,0.0,0.0,0.0,0.3079,5.8148,0.0,0.3,6.0
104.7939,0.9703057329000284,0.05749676186269384,0.009705297397642306,0.23474819334569297,0.5274,0.0038,9.6538,0.6,0.0,1.0,0.0,0.0,0.0,0.3079,5.8148,0.0,0.3,6.0
104.814,0.9701511865942578,0.05895982901848308,0.010619969202447267,0.2349843185533964,0.5274,0.0038,9.8328,0.6,0.0,1.0,0.0,0.0,0.0,0.3079,5.8148,0.0,0.3,6.0
104.8341,0.9700213048130939,0.06048533310542826,0.011229876182487847,0.23510440780375502,0.5274,0.0038,9.8925,0.6,0.0,1.0,0.0,0.0,0.0,0.3079,5.8148,0.0,0.3,6.0
104.8542,0.9700261581388463,0.06195062691010157,0.011718929424213993,0.23467858667757802,0.5274,0.0038,9.7793,0.6,0.0,1.0,0.0,0.0,0.0,0.3079,5.8148,0.0,0.3,6.0
104.8743,0.9701531745814184,0.063353946097662,0.011962989821737088,0.23376480110995285,0.5274,0.0038,9.7367,0.6,0.0,1.0,0.0,0.0,0.0,0.3079,5.8148,0.0,0.3,6.0
104.8944,0.9703914322160233,0.06487956088344739,0.011840919858521908,0.23235942734954879,0.5274,0.0038,9.7939,0.6,0.0,1.0,0.0,0.0,0.0,0.3079,5.8148,0.0,0.3,6.0
104.9145,0.9708069855261385,0.06652676551704267,0.011596784807917631,0.23015972911352517,0.5274,0.0038,9.8223,0.6,0.0,1.0,0.0,0.0,0.0,0.3079,5.8148,0.0,0.3,6.0
104.9346,0.9712968773030395,0.06799187139311999,0.011474809527981591,0.22765722108495123,0.5274,0.0038,9.698,0.6,0.0,1.0,0.0,0.0,0.0,0.3079,5.8283,0.0,0.3,6.0
104.9547,0.9718274318209759,0.06915480971711926,0.011169292290001964,0.22504288916332432,0.5274,0.0038,9.7072,0.6,0.0,1.0,0.0,0.0,0.0,0.3079,5.8283,0.0,0.3,6.0
104.9748,0.972386129199729,0.07031012936521899,0.010558719080204636,0.22228408602506738,0.5274,0.0038,9.7022,0.6,0.0,1.0,0.0,0.0,0.0,0.3079,5.8283,0.0,0.3,6.0
104.9949,0.9730580264291133,0.07147016571550587,0.009704750927202051,0.21898837965499063,0.5274,0.0038,9.7,0.6,0.0,1.0,0.0,0.0,0.0,0.3079,5.8283,0.0,0.3,6.0
105.015,0.9739126976750536,0.07214212574216129,0.009032765328079175,0.21496041531228446,0.5274,0.0038,9.562,0.6,0.0,1.0,0.0,0.0,0.0,0.3079,5.8283,0.0,0.3,6.0
105.0351,0.9748501199745889,0.07269271067391916,0.00830096696111323,0.2105091621472044,0.5274,0.0038,9.5142,0.6,0.0,1.0,0.0,0.0,0.0,0.3079,5.8283,0.0,0.3,6.0
105.0552,0.9756755050441003,0.07342714522554067,0.007324213982047814,0.20642703091047093,0.5274,0.0038,9.6148,0.6,0.0,1.0,0.0,0.0,0.0,0.3079,5.8283,0.0,0.3,6.0
105.0753,0.9765201452913772,0.0738544479628839,0.006226122067037446,0.20227496572787151,0.5274,0.0038,9.5871,0.6,0.0,1.0,0.0,0.0,0.0,0.3079,5.8283,0.0,0.3,6.0
105.0953,0.9774408825300394,0.07397680752960063,0.005310129746295106,0.19775883198659877,0.5274,0.0038,9.4014,0.6,0.0,1.0,0.0,0.0,0.0,0.3079,5.8283,0.0,0.3,6.0
105.1154,0.9784543130445909,0.07403594802067479,0.004149997086360705,0.19268786471726967,0.5274,0.0038,9.4548,0.6,0.0,1.0,0.0,0.0,0.0,0.3079,5.8283,0.0,0.3,6.0
105.1355,0.9799452619799448,0.0738549792717611,0.0020140539755098344,0.18506395960966832,0.5274,0.0038,9.3846,0.6,0.0,1.0,0.0,0.0,0.0,0.3079,5.8283,0.0,0.3,6.0
105.1556,0.9809742439458781,0.07348729178812811,0.000488008578404156,0.17969115868090751,0.5274,0.0038,9.3502,0.6,0.0,1.0,0.0,0.0,0.0,0.3079,5.8283,0.0,0.3,6.0
105.1757,0.9820378472855684,0.07324064616568668,-0.0010989796856460676,0.17388578576643315,0.5274,0.0038,9.5406,0.6,0.0,1.0,0.0,0.0,0.0,0.3079,5.8283,0.0,0.3,6.0
105.1958,0.9831155960449998,0.07281667362702884,-0.0027470631388236896,0.1678508579039471,0.5274,0.0038,9.5371,0.6,0.0,1.0,0.0,0.0,0.0,0.3079,5.8283,0.0,0.3,6.0
105.2159,0.9842405443700412,0.0720200885809591,-0.004699940521938145,0.1614359570171599,0.5274,0.0038,9.6115,0.6,0.0,1.0,0.0,0.0,0.0,0.3079,5.8283,0.0,0.3,6.0
105.236,0.9854195026756635,0.07110646922382365,-0.006836045110314986,0.15442001900083854,0.5274,0.0038,9.6594,0.6,0.0,1.0,0.0,0.0,0.0,0.3079,5.8283,0.0,0.3,6.0
105.2561,0.9865293520504144,0.06988630006968316,-0.008728162366862621,0.14764674661927885,0.5274,0.0038,9.492,0.6,0.0,1.0,0.0,0.0,0.0,0.3079,5.8283,0.0,0.3,6.0
105.2762,0.987414725497179,0.06860314719772546,-0.010802865710119344,0.14208823370830875,0.5274,0.0038,9.4555,0.6,0.0,1.0,0.0,0.0,0.0,0.3079,5.8283,0.0,0.3,6.0
105.2963,0.988083116471358,0.06707698961708837,-0.01287780602118225,0.1379369222515809,0.5274,0.0038,9.49,0.6,0.0,1.0,0.0,0.0,0.0,0.3079,5.8283,0.0,0.3,6.0
105.3164,0.988083116471358,0.06707698961708837,-0.01287780602118225,0.1379369222515809,0.5274,0.0038,9.49,0.6,0.0,1.0,0.0,0.0,0.0,0.3079,5.8283,0.0,0.3,6.0
105.3365,0.9888966513357833,0.06463630402080275,-0.015808074354242984,0.13287462498391217,0.5274,0.0038,9.5321,0.6,0.0,1.0,0.0,0.0,0.0,0.3079,5.8283,0.0,0.3,6.0
105.3566,0.989335099449485,0.06280602204235934,-0.017944292007453157,0.13019011858372226,0.5274,0.0038,9.4843,0.6,0.0,1.0,0.0,0.0,0.0,0.3079,5.8283,0.0,0.3,6.0
105.3767,0.989625517133697,0.06048609272748923,-0.02032503115904867,0.12872319733757565,0.5274,0.0038,9.2023,0.6,0.0,1.0,0.0,0.0,0.0,0.3079,5.8283,0.0,0.3,6.0
105.3967,0.989775490742189,0.05774072040701679,-0.022766678341955074,0.1284218263778084,0.5274,0.0038,9.1073,0.6,0.0,1.0,0.0,0.0,0.0,0.3079,5.8283,0.0,0.3,6.0
105.4168,0.9897985775848643,0.055358528942026586,-0.024535791219522828,0.12896590260059504,0.5274,0.0038,9.385,0.6,0.0,1.0,0.0,0.0,0.0,0.3079,5.8283,0.0,0.3,6.0
105.4369,0.9897013079426084,0.05352888202968818,-0.025391418390670526,0.13031214723674842,0.5274,0.0038,9.4465,0.6,0.0,1.0,0.0,0.0,0.0,0.3079,5.8283,0.0,0.3,6.0
105.457,0.9895886240448897,0.051698338657820336,-0.02600167327779148,0.13177841222187503,0.5274,0.0038,9.5275,0.6,0.0,1.0,0.0,0.0,0.0,0.3079,5.8283,0.0,0.3,6.0
105.4771,0.9894593040681295,0.04913390893118379,-0.026855496801476402,0.13354747050281762,0.5274,0.0038,9.4463,0.6,0.0,1.0,0.0,0.0,0.0,0.3079,5.8283,0.0,0.3,6.0
105.4972,0.9893871409423006,0.04626533392194662,-0.02758819911895953,0.13494997400697656,0.5274,0.0038,9.4439,0.6,0.0,1.0,0.0,0.0,0.0,0.3079,5.8283,0.0,0.3,6.0
105.5173,0.9893738825950404,0.04357873054802934,-0.027953827158484858,0.1358631599434924,0.5274,0.0038,9.402,0.6,0.0,1.0,0.0,0.0,0.0,0.3079,5.8283,0.0,0.3,6.0
105.5374,0.989282915949098,0.04144404380422345,-0.028137708672621057,0.13714945422807293,0.5274,0.0038,9.3918,0.6,0.0,1.0,0.0,0.0,0.0,0.3079,5.8283,0.0,0.3,6.0
105.5575,0.9892364065517656,0.039489138015289464,-0.028136385827708263,0.13805898639318548,0.5274,0.0038,9.4483,0.6,0.0,1.0,0.0,0.0,0.0,0.3079,5.8283,0.0,0.3,6.0
105.5776,0.9892838919767667,0.037537982460725004,-0.028503746012682008,0.13818761670759036,0.5274,0.0038,9.3439,0.6,0.0,1.0,0.0,0.0,0.0,0.3079,5.8418,0.0,0.3,6.0
105.5977,0.9892679940398741,0.035461358246936574,-0.029053293509721887,0.13873440155867722,0.5274,0.0038,9.2635,0.6,0.0,1.0,0.0,0.0,0.0,0.3079,5.8418,0.0,0.3,6.0
105.6178,0.9893419940819222,0.03320377171519204,-0.029480685183985205,0.13867522306084118,0.5274,0.0038,9.5006,0.6,0.0,1.0,0.0,0.0,0.0,0.3079,5.8418,0.0,0.3,6.0
105.6379,0.9895185295755706,0.0312505220295023,-0.029419491442749697,0.1378803032442789,0.5274,0.0038,9.4393,0.6,0.0,1.0,0.0,0.0,0.0,0.3079,5.8553,0.0,0.3,6.0
105.658,0.989913502004843,0.0302115270110991,-0.029418539426040127,0.1352518825089102,0.5274,0.0038,9.886,0.6,0.0,1.0,0.0,0.0,0.0,0.3079,5.8553,0.0,0.3,6.0
105.6781,0.9903195519471912,0.02917572332290812,-0.030090746008099578,0.13232728065057386,0.5274,0.0038,9.8085,0.6,0.0,1.0,0.0,0.0,0.0,0.3079,5.8553,0.0,0.3,6.0
105.6982,0.9906128263225198,0.026978322077737604,-0.03100637016614767,0.1303725564384582,0.5274,0.0038,9.5572,0.6,0.0,1.0,0.0,0.0,0.0,0.3079,5.8553,0.0,0.3,6.0
105.7182,0.9908572125380435,0.025757317464732015,-0.031372386671723124,0.12866358580763865,0.5274,0.0038,9.5028,0.6,0.0,1.0,0.0,0.0,0.0,0.3079,5.8553,0.0,0.3,6.0
105.7383,0.9911828644461383,0.025329281007192908,-0.031615102578895014,0.1261564189446291,0.5274,0.0038,9.6329,0.6,0.0,1.0,0.0,0.0,0.0,0.3079,5.8553,0.0,0.3,6.0
105.7584,0.9914934355864078,0.02551241938820556,-0.03161528049925554,0.12365418587729132,0.5274,0.0038,9.6612,0.6,0.0,1.0,0.0,0.0,0.0,0.3079,5.8553,0.0,0.3,6.0
105.7785,0.991681191778133,0.02600053309262512,-0.031493434453257,0.12206780795418437,0.5274,0.0038,9.5663,0.6,0.0,1.0,0.0,0.0,0.0,0.3079,5.8553,0.0,0.3,6.0
105.7986,0.9918394823402162,0.02703950386510985,-0.03149458688293832,0.12054624630777035,0.5274,0.0038,9.6475,0.6,0.0,1.0,0.0,0.0,0.0,0.3079,5.8553,0.0,0.3,6.0
105.8188,0.9919872657157474,0.02856351814902421,-0.031310471809413834,0.11901699224823953,0.5274,0.0038,9.7077,0.6,0.0,1.0,0.0,0.0,0.0,0.3079,5.8553,0.0,0.3,6.0
105.8388,0.9921280120788221,0.03009006102395438,-0.030945062757935127,0.11755423840511581,0.5274,0.0038,9.5837,0.6,0.0,1.0,0.0,0.0,0.0,0.3079,5.8553,0.0,0.3,6.0
105.859,0.992263531991392,0.031860466605908154,-0.030579447845011452,0.11602969928908702,0.5274,0.0038,9.5351,0.6,0.0,1.0,0.0,0.0,0.0,0.3079,5.8553,0.0,0.3,6.0
105.8791,0.9922816218018502,0.03430101902736753,-0.0299061447160947,0.11535270103553752,0.5274,0.0038,9.5768,0.6,0.0,1.0,0.0,0.0,0.0,0.3079,5.8553,0.0,0.3,6.0
105.8991,0.9922224379967917,0.03704700824380285,-0.02856323535618615,0.11535291197830172,0.5274,0.0038,9.657,0.6,0.0,1.0,0.0,0.0,0.0,0.3079,5.8553,0.0,0.3,6.0
105.9192,0.9919616909846152,0.04205379239631312,-0.025269476138740057,0.11664019778663048,0.5274,0.0038,9.5962,0.6,0.0,1.0,0.0,0.0,0.0,0.3079,5.8553,0.0,0.3,6.0
105.9393,0.9919616909846152,0.04205379239631312,-0.025269476138740057,0.11664019778663048,0.5274,0.0038,9.5962,0.6,0.0,1.0,0.0,0.0,0.0,0.3079,5.8553,0.0,0.3,6.0
105.9594,0.9916769914638855,0.04546999087309188,-0.022765494759666806,0.11828337490740343,0.5274,0.0038,9.5388,0.6,0.0,1.0,0.0,0.0,0.0,0.3079,5.8553,0.0,0.3,6.0
105.9795,0.9913595136149049,0.04852429776789033,-0.020203540337668482,0.12018121421077682,0.5274,0.0038,9.5861,0.6,0.0,1.0,0.0,0.0,0.0,0.3079,5.8553,0.0,0.3,6.0
105.9996,0.9910245781917842,0.05139182255439017,-0.017699938885676867,0.12213057830771769,0.5274,0.0038,9.4846,0.6,0.0,1.0,0.0,0.0,0.0,0.3079,5.8553,0.0,0.3,6.0
106.0197,0.9906584761404506,0.053954808077990295,-0.015563944637676594,0.1242675579693392,0.5274,0.0038,9.3032,0.6,0.0,1.0,0.0,0.0,0.0,0.3079,5.8553,0.0,0.3,6.0
106.0398,0.9902605554673245,0.056275509120438424,-0.013855371554602019,0.12659039472987416,0.5274,0.0038,9.261,0.6,0.0,1.0,0.0,0.0,0.0,0.3079,5.8553,0.0,0.3,6.0
106.0599,0.989920348090905,0.05841048949201191,-0.012450891179145017,0.12841687763580806,0.5274,0.0038,9.2722,0.6,0.0,1.0,0.0,0.0,0.0,0.3079,5.8553,0.0,0.3,6.0
106.08,0.989626386488393,0.0608521467452201,-0.011414027524977676,0.12963931262577383,0.5274,0.0038,9.3667,0.6,0.0,1.0,0.0,0.0,0.0,0.3079,5.8553,0.0,0.3,6.0
106.1001,0.989348992093918,0.06323391693486392,-0.010620321954837017,0.13067996156029027,0.5274,0.0038,9.3184,0.6,0.0,1.0,0.0,0.0,0.0,0.3079,5.8553,0.0,0.3,6.0
106.1202,0.9890154158171308,0.0652470934039562,-0.009888014155107795,0.13226318934031384,0.5274,0.0038,9.3279,0.6,0.0,1.0,0.0,0.0,0.0,0.3079,5.8553,0.0,0.3,6.0
106.1403,0.9886060560554885,0.06677335464485344,-0.009277188208235561,0.13458573036854235,0.5274,0.0038,9.4179,0.6,0.0,1.0,0.0,0.0,0.0,0.3079,5.8553,0.0,0.3,6.0
106.1604,0.9881280833837766,0.0682958631545583,-0.008971719292258876,0.1373247033756822,0.5274,0.0038,9.4738,0.6,0.0,1.0,0.0,0.0,0.0,0.3079,5.8553,0.0,0.3,6.0
106.1805,0.9877369304246608,0.06951934701537664,-0.008667043262737793,0.13952669646668459,0.5274,0.0038,9.435,0.6,0.0,1.0,0.0,0.0,0.0,0.3079,5.8553,0.0,0.3,6.0
106.2006,0.9874644923224036,0.07037232470946161,-0.008178805294550343,0.14104864218204144,0.5274,0.0038,9.5264,0.6,0.0,1.0,0.0,0.0,0.0,0.3079,5.8553,0.0,0.3,6.0
106.2206,0.9872144146714394,0.07092525695007157,-0.00805725639421239,0.1425215352530681,0.5274,0.0038,9.7566,0.6,0.0,1.0,0.0,0.0,0.0,0.3079,5.8553,0.0,0.3,6.0
106.2407,0.9870021969755705,0.07104515813994874,-0.008118018069957114,0.14392132035554317,0.5274,0.0038,9.6662,0.6,0.0,1.0,0.0,0.0,0.0,0.3079,5.8553,0.0,0.3,6.0
106.2608,0.986800301252099,0.07031088144257652,-0.007506880575000305,0.14568868227685777,0.5274,0.0038,9.4624,0.6,0.0,1.0,0.0,0.0,0.0,0.3079,5.8553,0.0,0.3,6.0
106.2809,0.9866673255247722,0.06982211236456459,-0.006957811896090738,0.14684703000184285,0.5274,0.0038,9.4957,0.6,0.0,1.0,0.0,0.0,0.0,0.3079,5.8553,0.0,0.3,6.0
106.301,0.986573078235679,0.06951907597810009,-0.006470007071136048,0.14764416136179476,0.5274,0.0038,9.6551,0.6,0.0,1.0,0.0,0.0,0.0,0.3079,5.8553,0.0,0.3,6.0
106.3211,0.9865712073347491,0.06896994458577545,-0.005614995488605598,0.1479488811297795,0.5274,0.0038,9.5794,0.6,0.0,1.0,0.0,0.0,0.0,0.3079,5.8553,0.0,0.3,6.0
106.3412,0.9865441817981546,0.06823507593298886,-0.004882862314884648,0.1484948127991106,0.5274,0.0038,9.4234,0.6,0.0,1.0,0.0,0.0,0.0,0.3079,5.8553,0.0,0.3,6.0
106.3613,0.9864301762951678,0.06750364341913458,-0.004516909226342201,0.14959399369783394,0.5274,0.0038,9.4225,0.6,0.0,1.0,0.0,0.0,0.0,0.3079,5.8553,0.0,0.3,6.0
106.3814,0.9863192715085829,0.06683240856260102,-0.004149963274651642,0.15063366695834987,0.5274,0.0038,9.4939,0.6,0.0,1.0,0.0,0.0,0.0,0.3079,5.8553,0.0,0.3,6.0
106.4014,0.9862308920668312,0.06567565762690256,-0.0033570847314540186,0.15173682977590536,0.5274,0.0038,9.4433,0.6,0.0,1.0,0.0,0.0,0.0,0.3079,5.8553,0.0,0.3,6.0
106.4215,0.986153790622452,0.06500257943612818,-0.003235028837203068,0.15252835964515438,0.5274,0.0038,9.4166,0.6,0.0,1.0,0.0,0.0,0.0,0.3079,5.8553,0.0,0.3,6.0
106.4416,0.986153790622452,0.06500257943612818,-0.003235028837203068,0.15252835964515438,0.5274,0.0038,9.4166,0.6,0.0,1.0,0.0,0.0,0.0,0.3079,5.8553,0.0,0.3,6.0
106.4617,0.9860929422952153,0.06433158338518169,-0.003479031549284893,0.15319938927489177,0.5274,0.0038,9.2264,0.6,0.0,1.0,0.0,0.0,0.0,0.3079,5.8553,0.0,0.3,6.0
106.4818,0.9861006691584964,0.06360007510294377,-0.003906066028586893,0.1534445938449645,0.5274,0.0038,9.1698,0.6,0.0,1.0,0.0,0.0,0.0,0.3079,5.8553,0.0,0.3,6.0
106.5019,0.986149353094736,0.06311027858358435,-0.004395019400647318,0.15332067679345832,0.5274,0.0038,9.4012,0.6,0.0,1.0,0.0,0.0,0.0,0.3079,5.8553,0.0,0.3,6.0
106.522,0.9861944874368932,0.06280426684026874,-0.005065940861600202,0.15313521234166444,0.5274,0.0038,9.6109,0.6,0.0,1.0,0.0,0.0,0.0,0.3079,5.8553,0.0,0.3,6.0
106.5421,0.9862516405565892,0.06213303236785082,-0.005858908755966734,0.15301261704971011,0.5274,0.0038,9.5693,0.6,0.0,1.0,0.0,0.0,0.0,0.3079,5.8553,0.0,0.3,6.0
106.5622,0.9862917997620056,0.06109753626376985,-0.006592165756363271,0.15314085064202104,0.5274,0.0038,9.4917,0.6,0.0,1.0,0.0,0.0,0.0,0.3079,5.8553,0.0,0.3,6.0
106.5823,0.9863118810713828,0.06024101550346562,-0.007323880308545232,0.15331749438915293,0.5274,0.0038,9.6742,0.6,0.0,1.0,0.0,0.0,0.0,0.3079,5.8553,0.0,0.3,6.0
106.6024,0.9863366487327955,0.059448521276763124,-0.007812068500438586,0.15344334547418056,0.5274,0.0038,9.716,0.6,0.0,1.0,0.0,0.0,0.0,0.3079,5.8553,0.0,0.3,6.0
106.6225,0.9864157888025218,0.05840897424070566,-0.00817871634306434,0.15331468268964732,0.5274,0.0038,9.5947,0.6,0.0,1.0,0.0,0.0,0.0,0.3079,5.8553,0.0,0.3,6.0
106.6426,0.9864956533386835,0.05712811127254094,-0.00866686517178861,0.15325661582590888,0.5274,0.0038,9.56,0.6,0.0,1.0,0.0,0.0,0.0,0.3079,5.8553,0.0,0.3,6.0
106.6628,0.9865219685821692,0.05590862161647656,-0.009216102468652928,0.15350470673238195,0.5274,0.0038,9.5898,0.6,0.0,1.0,0.0,0.0,0.0,0.3079,5.8553,0.0,0.3,6.0
106.6829,0.9865114813570499,0.054871026773693043,-0.009460004615901577,0.15393107510891618,0.5274,0.0038,9.5979,0.6,0.0,1.0,0.0,0.0,0.0,0.3079,5.8553,0.0,0.3,6.0
106.703,0.9864602916868785,0.05340655718772309,-0.00921609615103276,0.1547866148803827,0.5274,0.0038,9.4652,0.6,0.0,1.0,0.0,0.0,0.0,0.3079,5.8553,0.0,0.3,6.0
106.723,0.9864585297277497,0.05291745756764492,-0.009155079162306795,0.15496933999173798,0.5274,0.0038,9.5413,0.6,0.0,1.0,0.0,0.0,0.0,0.3079,5.8553,0.0,0.3,6.0
106.7431,0.9865108765470502,0.05248999343135015,-0.009093998861967956,0.1547849806300539,0.5274,0.0038,9.6026,0.6,0.0,1.0,0.0,0.0,0.0,0.3079,5.8553,0.0,0.3,6.0
106.7632,0.9865531127097498,0.0523059986159235,-0.008727832908019578,0.15459904024354298,0.5274,0.0038,9.4652,0.6,0.0,1.0,0.0,0.0,0.0,0.3079,5.8553,0.0,0.3,6.0
106.7833,0.9865694944989611,0.05242886685116346,-0.00823997907367272,0.15447960768215543,0.5274,0.0038,9.428,0.6,0.0,1.0,0.0,0.0,0.0,0.3079,5.8553,0.0,0.3,6.0
106.8034,0.9865694944989611,0.05242886685116346,-0.00823997907367272,0.15447960768215543,0.5274,0.0038,9.428,0.6,0.0,1.0,0.0,0.0,0.0,0.3079,5.8553,0.0,0.3,6.0
106.8235,0.9866190407510351,0.05340524439213952,-0.007445894651235262,0.15386782299027268,0.5274,0.0038,9.5619,0.6,0.0,1.0,0.0,0.0,0.0,0.3079,5.8553,0.0,0.3,6.0
106.8436,0.9866816423653962,0.053893325016307655,-0.006957912856040902,0.15331807977697495,0.5274,0.0038,9.49,0.6,0.0,1.0,0.0,0.0,0.0,0.3079,5.8553,0.0,0.3,6.0
106.8637,0.9867012354716607,0.05444339923297762,-0.00653104789211793,0.1530161220659052,0.5274,0.0038,9.5214,0.6,0.0,1.0,0.0,0.0,0.0,0.3079,5.8553,0.0,0.3,6.0
106.8838,0.9866375729800447,0.05511525545445485,-0.006226028857106696,0.1531987100628064,0.5274,0.0038,9.5957,0.6,0.0,1.0,0.0,0.0,0.0,0.3079,5.8553,0.0,0.3,6.0
106.9039,0.9864975307668931,0.055968235832638706,-0.005797920837564339,0.1538068999836038,0.5274,0.0038,9.5588,0.6,0.0,1.0,0.0,0.0,0.0,0.3079,5.8553,0.0,0.3,6.0
106.9239,0.986323659537927,0.056884749670307426,-0.005309976632668224,0.15460131965419477,0.5274,0.0038,9.6007,0.6,0.0,1.0,0.0,0.0,0.0,0.3079,5.8553,0.0,0.3,6.0
106.944,0.986126860543696,0.057676939053018884,-0.00482191130263977,0.15557613823172825,0.5274,0.0038,9.6501,0.6,0.0,1.0,0.0,0.0,0.0,0.3079,5.8553,0.0,0.3,6.0
106.9642,0.9859466293829214,0.058471088452981136,-0.004455930533357564,0.15643056129369956,0.5274,0.0038,9.6852,0.6,0.0,1.0,0.0,0.0,0.0,0.3079,5.8553,0.0,0.3,6.0
106.9843,0.9857991918944387,0.059327215185482216,-0.0040890837557468335,0.15704621674095126,0.5274,0.0038,9.6116,0.6,0.0,1.0,0.0,0.0,0.0,0.3079,5.8553,0.0,0.3,6.0
107.0043,0.9856877887163028,0.060240153642164916,-0.0037838840241351747,0.15740517553887948,0.5274,0.0038,9.5343,0.6,0.0,1.0,0.0,0.0,0.0,0.3079,5.8553,0.0,0.3,6.0
107.0244,0.9856003303032072,0.06103526816267137,-0.003418015017285333,0.15765469266679427,0.5274,0.0038,9.5317,0.6,0.0,1.0,0.0,0.0,0.0,0.3079,5.8553,0.0,0.3,6.0
107.0445,0.9855011451726097,0.06121968626790441,-0.003174087428768142,0.15820735774839564,0.5274,0.0038,9.4993,0.6,0.0,1.0,0.0,0.0,0.0,0.3079,5.8553,0.0,0.3,6.0
107.0646,0.9853591519705911,0.06115744389524297,-0.0028080203812783783,0.15912015493185033,0.5274,0.0038,9.5069,0.6,0.0,1.0,0.0,0.0,0.0,0.3079,5.8553,0.0,0.3,6.0
107.0847,0.9852062007987501,0.06158257488359582,-0.0023799449243790197,0.15990829947365515,0.5274,0.0038,9.4739,0.6,0.0,1.0,0.0,0.0,0.0,0.3079,5.8553,0.0,0.3,6.0
107.1048,0.9850452118469255,0.06225595018785133,-0.0018309985349838599,0.16064487146503745,0.5274,0.0038,9.4894,0.6,0.0,1.0,0.0,0.0,0.0,0.3079,5.8553,0.0,0.3,6.0
107.1249,0.9849309309015977,0.06280544195823723,-0.0015260107384486854,0.1611341338915156,0.5274,0.0038,9.481,0.6,0.0,1.0,0.0,0.0,0.0,0.3079,5.8553,0.0,0.3,6.0
107.145,0.984856726574224,0.06335359644476783,-0.0011599926109784715,0.16137597205334,0.5274,0.0038,9.4344,0.6,0.0,1.0,0.0,0.0,0.0,0.3079,5.8553,0.0,0.3,6.0
107.1651,0.9847992448388851,0.06378182155835771,-0.0009159974373248725,0.1615595480067773,0.5274,0.0038,9.4051,0.6,0.0,1.0,0.0,0.0,0.0,0.3079,5.8553,0.0,0.3,6.0
107.1852,0.9847318334600911,0.06420840230541736,-0.0006709937539431249,0.16180249383459872,0.5274,0.0038,9.4551,0.6,0.0,1.0,0.0,0.0,0.0,0.3079,5.8553,0.0,0.3,6.0
107.2053,0.9846582672391933,0.06457357477248538,-0.0004269905757313258,0.16210542211061296,0.5274,0.0038,9.4943,0.6,0.0,1.0,0.0,0.0,0.0,0.3079,5.8553,0.0,0.3,6.0
107.2254,0.984603905427935,0.06494000443054168,-0.00024399625939008213,0.1622895120038415,0.5274,0.0038,9.5098,0.6,0.0,1.0,0.0,0.0,0.0,0.3079,5.8553,0.0,0.3,6.0
107.2454,0.9845863581136673,0.06518787754504815,-0.00018300527092846713,0.16229667447827678,0.5274,0.0038,9.5375,0.6,0.0,1.0,0.0,0.0,0.0,0.3079,5.8553,0.0,0.3,6.0
107.2656,0.9846018692171636,0.0651238669300184,-0.00024399575479345376,0.1622281774422082,0.5274,0.0038,9.6125,0.6,0.0,1.0,0.0,0.0,0.0,0.3079,5.8553,0.0,0.3,6.0
107.2857,0.9846193897232625,0.06469702560779948,-0.0004880001931558686,0.162292064236997,0.5274,0.0038,9.6115,0.6,0.0,1.0,0.0,0.0,0.0,0.3079,5.8553,0.0,0.3,6.0
107.3057,0.9846193897232625,0.06469702560779948,-0.0004880001931558686,0.162292064236997,0.5274,0.0038,9.6115,0.6,0.0,1.0,0.0,0.0,0.0,0.3079,5.8553,0.0,0.3,6.0
107.3258,0.9846560421482342,0.06414643924089546,-0.0005489866425025108,0.16228805133883212,0.5274,0.0038,9.6498,0.6,0.0,1.0,0.0,0.0,0.0,0.3079,5.8553,0.0,0.3,6.0
107.3459,0.9847178288956018,0.06365850207058912,-0.0005489870819471027,0.16210518555075615,0.5274,0.0038,9.7591,0.6,0.0,1.0,0.0,0.0,0.0,0.3079,5.8553,0.0,0.3,6.0
107.366,0.9848161543448131,0.06304990618955497,-0.0005490078906575102,0.16174532469693714,0.5274,0.0038,9.7479,0.6,0.0,1.0,0.0,0.0,0.0,0.3079,5.8553,0.0,0.3,6.0
107.3861,0.9849150628552783,0.06213343619959494,-0.0005489950184050136,0.1614975345671997,0.5274,0.0038,9.6345,0.6,0.0,1.0,0.0,0.0,0.0,0.3079,5.8553,0.0,0.3,6.0
107.4062,0.9850027861451006,0.06103610212578489,-0.0007930143194191316,0.16137991402888158,0.5274,0.0038,9.6363,0.6,0.0,1.0,0.0,0.0,0.0,0.3079,5.8553,0.0,0.3,6.0
107.4263,0.9850900315758203,0.060118964435678886,-0.0008539852898880458,0.1611912234405327,0.5274,0.0038,9.5211,0.6,0.0,1.0,0.0,0.0,0.0,0.3079,5.8553,0.0,0.3,6.0
107.4464,0.9851772635097027,0.05932655784087244,-0.0008540080301403172,0.16095151340876546,0.5274,0.0038,9.5159,0.6,0.0,1.0,0.0,0.0,0.0,0.3079,5.8553,0.0,0.3,6.0
107.4665,0.9852404641350796,0.05859468180040463,-0.0012820149173655739,0.1608298713963115,0.5274,0.0038,9.5023,0.6,0.0,1.0,0.0,0.0,0.0,0.3079,5.8553,0.0,0.3,6.0
107.4866,0.9853405463828255,0.057738328848571836,-0.0018919780076117956,0.1605201341109206,0.5274,0.0038,9.5036,0.6,0.0,1.0,0.0,0.0,0.0,0.3079,5.8553,0.0,0.3,6.0
107.5067,0.9854738820087265,0.0571289931599175,-0.0023799997150414504,0.15991198085365976,0.5274,0.0038,9.4162,0.6,0.0,1.0,0.0,0.0,0.0,0.3079,5.8553,0.0,0.3,6.0
107.5268,0.9855890248652859,0.05682359785241114,-0.0029299792641764725,0.15930087260813727,0.5274,0.0038,9.483,0.6,0.0,1.0,0.0,0.0,0.0,0.3079,5.8553,0.0,0.3,6.0
107.5469,0.9856441108600983,0.056701258525013565,-0.003356956101521463,0.1589949208440898,0.5274,0.0038,9.6308,0.6,0.0,1.0,0.0,0.0,0.0,0.3079,5.8553,0.0,0.3,6.0
107.567,0.9857126687943478,0.05651869431986403,-0.003600980524174704,0.1586291420577156,0.5274,0.0038,9.564,0.6,0.0,1.0,0.0,0.0,0.0,0.3079,5.8553,0.0,0.3,6.0
107.5871,0.9857940296378,0.05627485797915918,-0.0037840576925958318,0.15820541203534355,0.5274,0.0038,9.4786,0.6,0.0,1.0,0.0,0.0,0.0,0.3079,5.8553,0.0,0.3,6.0
107.6072,0.9858400713644725,0.056152004064815644,-0.0039060002827534107,0.1579590114345743,0.5274,0.0038,9.5211,0.6,0.0,1.0,0.0,0.0,0.0,0.3079,5.8553,0.0,0.3,6.0
107.6273,0.9858626709245089,0.05609228989980791,-0.0038450884217567996,0.15784062970736806,0.5274,0.0038,9.5211,0.6,0.0,1.0,0.0,0.0,0.0,0.3079,5.8553,0.0,0.3,6.0
107.6474,0.9858713936017212,0.056150313767329416,-0.00360089186273245,0.15777126202012687,0.5274,0.0038,9.5626,0.6,0.0,1.0,0.0,0.0,0.0,0.3079,5.8553,0.0,0.3,6.0
107.6675,0.9859004033948753,0.05633496590960989,-0.0032349980423819515,0.15753190467156586,0.5274,0.0038,9.4927,0.6,0.0,1.0,0.0,0.0,0.0,0.3079,5.8553,0.0,0.3,6.0
107.6877,0.9859136065507026,0.05645872191897519,-0.0028690366854217213,0.15741201277526456,0.5274,0.0038,9.4568,0.6,0.0,1.0,0.0,0.0,0.0,0.3079,5.8553,0.0,0.3,6.0
107.7078,0.9859043753548988,0.056641193917519934,-0.0025020085659086914,0.15741053891274537,0.5274,0.0038,9.5718,0.6,0.0,1.0,0.0,0.0,0.0,0.3079,5.8553,0.0,0.3,6.0
107.7278,0.9858643063557502,0.05700840553479495,-0.0020140496561312886,0.15753588402665136,0.5274,0.0038,9.4943,0.6,0.0,1.0,0.0,0.0,0.0,0.3079,5.8553,0.0,0.3,6.0
107.7479,0.985851415091252,0.05725166291222639,-0.0015260176696312196,0.15753382407100042,0.5274,0.0038,9.4711,0.6,0.0,1.0,0.0,0.0,0.0,0.3079,5.8553,0.0,0.3,6.0
107.768,0.9858156861161218,0.05755458048983557,-0.0011599713907882584,0.15765011176149377,0.5274,0.0038,9.577,0.6,0.0,1.0,0.0,0.0,0.0,0.3079,5.8553,0.0,0.3,6.0
107.7881,0.9857442661934745,0.05792354343377968,-0.0008540227563351953,0.15796320909596356,0.5274,0.0038,9.5956,0.6,0.0,1.0,0.0,0.0,0.0,0.3079,5.8553,0.0,0.3,6.0
107.8082,0.985642149391344,0.05834912085744324,-0.00048799264744528106,0.1584446127249239,0.5274,0.0038,9.4916,0.6,0.0,1.0,0.0,0.0,0.0,0.3079,5.8553,0.0,0.3,6.0
107.8283,0.9855209889619867,0.05889816265162785,-0.00024399653112950823,0.15899473959016058,0.5274,0.0038,9.4986,0.6,0.0,1.0,0.0,0.0,0.0,0.3079,5.8553,0.0,0.3,6.0
107.8484,0.9854101290694176,0.05975282591389085,-0.0002439992891233728,0.15936253570725137,0.5274,0.0038,9.612,0.6,0.0,1.0,0.0,0.0,0.0,0.3079,5.8553,0.0,0.3,6.0
107.8685,0.9854218324158691,0.06036454105228116,-0.0001830016402585427,0.15905942566254277,0.5274,0.0038,9.5587,0.6,0.0,1.0,0.0,0.0,0.0,0.3079,5.8553,0.0,0.3,6.0
107.8886,0.9854022335451446,0.060851335141396706,-0.00024399733409748855,0.15899526282581758,0.5274,0.0038,9.4476,0.6,0.0,1.0,0.0,0.0,0.0,0.3079,5.8553,0.0,0.3,6.0
107.9087,0.9853231363131059,0.06133820318165073,-0.0005489839182707193,0.15929733360357556,0.5274,0.0038,9.5254,0.6,0.0,1.0,0.0,0.0,0.0,0.3079,5.8553,0.0,0.3,6.0
107.9288,0.9852168018077705,0.06176723524587925,-0.0006709916922999666,0.15978802162833577,0.5274,0.0038,9.5758,0.6,0.0,1.0,0.0,0.0,0.0,0.3079,5.8553,0.0,0.3,6.0
107.9489,0.985133102141862,0.062135646349566566,-0.0007930210119291501,0.16016024361478712,0.5274,0.0038,9.533,0.6,0.0,1.0,0.0,0.0,0.0,0.3079,5.8553,0.0,0.3,6.0
107.969,0.9850775848302721,0.06238000010816014,-0.0010380332827642676,0.16040514311694637,0.5274,0.0038,9.483,0.6,0.0,1.0,0.0,0.0,0.0,0.3079,5.8553,0.0,0.3,6.0
107.9891,0.9850264936317307,0.06225476717588521,-0.0014649709893451435,0.16076381641232235,0.5274,0.0038,9.4689,0.6,0.0,1.0,0.0,0.0,0.0,0.3079,5.8553,0.0,0.3,6.0
108.0092,0.9849560752765578,0.06207502148454275,-0.001831059628795085,0.16126025146988132,0.5274,0.0038,9.4221,0.6,0.0,1.0,0.0,0.0,0.0,0.3079,5.8553,0.0,0.3,6.0
108.0293,0.9848509550520056,0.06201124158861178,-0.001952976114664235,0.16192401963293473,0.5274,0.0038,9.3936,0.6,0.0,1.0,0.0,0.0,0.0,0.3079,5.8553,0.0,0.3,6.0
108.0494,0.9847434966814521,0.061951157068622746,-0.002014005106232432,0.16259841224587046,0.5274,0.0038,9.5105,0.6,0.0,1.0,0.0,0.0,0.0,0.3079,5.8553,0.0,0.3,6.0
108.0695,0.9846509820733933,0.061827177936604624,-0.002135937053366333,0.16320319035852693,0.5274,0.0038,9.5397,0.6,0.0,1.0,0.0,0.0,0.0,0.3079,5.8553,0.0,0.3,6.0
108.0896,0.9845573899216638,0.0615229618774623,-0.002318998563038771,0.16387889845288184,0.5274,0.0038,9.418,0.6,0.0,1.0,0.0,0.0,0.0,0.3079,5.8553,0.0,0.3,6.0
108.1097,0.9844589991195589,0.061280431645172925,-0.002625061327185141,0.16455484436176912,0.5274,0.0038,9.3831,0.6,0.0,1.0,0.0,0.0,0.0,0.3079,5.8553,0.0,0.3,6.0
108.1298,0.9843985528371447,0.06109746182515626,-0.002747065726622096,0.1649819473777436,0.5274,0.0038,9.4581,0.6,0.0,1.0,0.0,0.0,0.0,0.3079,5.8553,0.0,0.3,6.0
108.1498,0.9843529642436015,0.061033633699157555,-0.0026249412379829307,0.16527930005239383,0.5274,0.0038,9.49,0.6,0.0,1.0,0.0,0.0,0.0,0.3079,5.8553,0.0,0.3,6.0
108.17,0.9843315232995796,0.06103608657866275,-0.0025020445419810526,0.1654079446308465,0.5274,0.0038,9.4191,0.6,0.0,1.0,0.0,0.0,0.0,0.3079,5.8553,0.0,0.3,6.0
108.19,0.9843732644274338,0.06103489238788919,-0.002440995696220801,0.16516070880111694,0.5274,0.0038,9.4143,0.6,0.0,1.0,0.0,0.0,0.0,0.3079,5.8553,0.0,0.3,6.0
108.2101,0.9844449099356859,0.06103555241572291,-0.0022580204367117565,0.16473549097487833,0.5274,0.0038,9.5172,0.6,0.0,1.0,0.0,0.0,0.0,0.3079,5.8553,0.0,0.3,6.0
108.2302,0.9844870793746704,0.06103438495966265,-0.0018919809346060637,0.1644883424594891,0.5274,0.0038,9.5235,0.6,0.0,1.0,0.0,0.0,0.0,0.3079,5.8553,0.0,0.3,6.0
108.2503,0.9844525869519961,0.06109702941828534,-0.0014650246840674892,0.16467577460713143,0.5274,0.0038,9.4322,0.6,0.0,1.0,0.0,0.0,0.0,0.3079,5.8553,0.0,0.3,6.0
108.2704,0.9843943917382241,0.061219205966659654,-0.0010380204481262381,0.16498124999130287,0.5274,0.0038,9.3968,0.6,0.0,1.0,0.0,0.0,0.0,0.3079,5.8553,0.0,0.3,6.0
108.2905,0.9844277541241012,0.06152248466835537,-0.0004879959123930376,0.16467162065881186,0.5274,0.0038,9.5437,0.6,0.0,1.0,0.0,0.0,0.0,0.3079,5.8553,0.0,0.3,6.0
108.3106,0.9845012599038343,0.061646266741322495,-0.00024400105578435347,0.16418571042604602,0.5274,0.0038,9.5496,0.6,0.0,1.0,0.0,0.0,0.0,0.3079,5.8553,0.0,0.3,6.0
108.3307,0.9845353240556471,0.0617665773842366,6.938893903907228e-18,0.16393622419977572,0.5274,0.0038,9.4107,0.6,0.0,1.0,0.0,0.0,0.0,0.3079,5.8553,0.0,0.3,6.0
108.3508,0.984522289503219,0.06195259138119662,0.00018300470085647408,0.16394421124813754,0.5274,0.0038,9.4104,0.6,0.0,1.0,0.0,0.0,0.0,0.3079,5.8553,0.0,0.3,6.0
108.3709,0.9845073044178411,0.06219565097533829,0.00042700446927358346,0.1639417159079823,0.5274,0.0038,9.568,0.6,0.0,1.0,0.0,0.0,0.0,0.3079,5.8553,0.0,0.3,6.0
108.391,0.9845531565213668,0.06243869283479249,0.000548997299224873,0.1635731953067528,0.5274,0.0038,9.6072,0.6,0.0,1.0,0.0,0.0,0.0,0.3079,5.8553,0.0,0.3,6.0
108.4111,0.9846296319005943,0.06250067487402453,0.0007320079041245806,0.16308776100008265,0.5274,0.0038,9.564,0.6,0.0,1.0,0.0,0.0,0.0,0.3079,5.8553,0.0,0.3,6.0
108.4311,0.9846682657737638,0.062377256654380965,0.0008539898230600848,0.16290105871891725,0.5274,0.0038,9.5252,0.6,0.0,1.0,0.0,0.0,0.0,0.3079,5.8553,0.0,0.3,6.0
108.4512,0.9846186864034292,0.06219498019118183,0.0010379996694018442,0.16326894799958308,0.5274,0.0038,9.5675,0.6,0.0,1.0,0.0,0.0,0.0,0.3079,5.8553,0.0,0.3,6.0
108.4713,0.9846186864034292,0.06219498019118183,0.0010379996694018442,0.16326894799958308,0.5274,0.0038,9.5675,0.6,0.0,1.0,0.0,0.0,0.0,0.3079,5.8553,0.0,0.3,6.0
108.4915,0.9845077654691411,0.062012678100870175,0.0014040153527320916,0.16400279335000978,0.5274,0.0038,9.4683,0.6,0.0,1.0,0.0,0.0,0.0,0.3079,5.8553,0.0,0.3,6.0
108.5115,0.9845126059514953,0.061768979127830734,0.0015260241896948232,0.16406460066167217,0.5274,0.0038,9.4608,0.6,0.0,1.0,0.0,0.0,0.0,0.3079,5.8553,0.0,0.3,6.0
108.5316,0.9845528298150549,0.0614616772461276,0.001464992306881935,0.16393913910595423,0.5274,0.0038,9.4608,0.6,0.0,1.0,0.0,0.0,0.0,0.3079,5.8553,0.0,0.3,6.0
108.5517,0.9845812539654997,0.061158444447933044,0.001343031719894281,0.16388287060651802,0.5274,0.0038,9.5603,0.6,0.0,1.0,0.0,0.0,0.0,0.3079,5.8553,0.0,0.3,6.0
108.5719,0.984579798599291,0.06085334729326669,0.001404031085251875,0.16400463106295643,0.5274,0.0038,9.5496,0.6,0.0,1.0,0.0,0.0,0.0,0.3079,5.8553,0.0,0.3,6.0
108.592,0.9845287417965889,0.060545200719061804,0.0014649564644561436,0.16442411364782095,0.5274,0.0038,9.5193,0.6,0.0,1.0,0.0,0.0,0.0,0.3079,5.8553,0.0,0.3,6.0
108.6121,0.9844541887664178,0.06024311305119534,0.0014040259407702045,0.16498104818830894,0.5274,0.0038,9.5533,0.6,0.0,1.0,0.0,0.0,0.0,0.3079,5.8553,0.0,0.3,6.0
108.6321,0.9844065315449274,0.05987320768059328,0.0013429597981634567,0.1654000487082844,0.5274,0.0038,9.5499,0.6,0.0,1.0,0.0,0.0,0.0,0.3079,5.8553,0.0,0.3,6.0
108.6522,0.9844062784884653,0.059510890896833105,0.0013430426737879586,0.165532259615858,0.5274,0.0038,9.5751,0.6,0.0,1.0,0.0,0.0,0.0,0.3079,5.8553,0.0,0.3,6.0
108.6723,0.9843879432907696,0.05914377765591972,0.0012820168566844666,0.16577317967975022,0.5274,0.0038,9.5332,0.6,0.0,1.0,0.0,0.0,0.0,0.3079,5.8553,0.0,0.3,6.0
108.6924,0.984304020997276,0.05883740349871862,0.0011599882398877317,0.16638031321465382,0.5274,0.0038,9.5449,0.6,0.0,1.0,0.0,0.0,0.0,0.3079,5.8553,0.0,0.3,6.0
108.7126,0.9842042041541583,0.058594726575920915,0.0011600143842043326,0.16705507148662532,0.5274,0.0038,9.5883,0.6,0.0,1.0,0.0,0.0,0.0,0.3079,5.8553,0.0,0.3,6.0
108.7326,0.9840900547502169,0.05841219038078075,0.0012210248832400412,0.16778941937699543,0.5274,0.0038,9.5023,0.6,0.0,1.0,0.0,0.0,0.0,0.3079,5.8553,0.0,0.3,6.0
108.7527,0.9840145761907314,0.05828933031261049,0.001099006227822736,0.16827495357656191,0.5274,0.0038,9.4698,0.6,0.0,1.0,0.0,0.0,0.0,0.3079,5.8553,0.0,0.3,6.0
108.7729,0.9839689416185978,0.058351241878071995,0.0008540181759018642,0.16852158661197833,0.5274,0.0038,9.5012,0.6,0.0,1.0,0.0,0.0,0.0,0.3079,5.8553,0.0,0.3,6.0
108.7929,0.9839519500977919,0.05847223473813463,0.0006710026937557894,0.16857967676699945,0.5274,0.0038,9.5677,0.6,0.0,1.0,0.0,0.0,0.0,0.3079,5.8553,0.0,0.3,6.0
108.813,0.9839415093951565,0.05865461308277764,0.0004879967809120478,0.16857788797002077,0.5274,0.0038,9.6023,0.6,0.0,1.0,0.0,0.0,0.0,0.3079,5.8553,0.0,0.3,6.0
108.8331,0.9838818798438098,0.05877669412399962,0.000487997460443923,0.16888312112624915,0.5274,0.0038,9.49,0.6,0.0,1.0,0.0,0.0,0.0,0.3079,5.8553,0.0,0.3,6.0
108.8532,0.9837488782370938,0.05889803477383987,0.0004269930024012325,0.16961422034727908,0.5274,0.0038,9.4193,0.6,0.0,1.0,0.0,0.0,0.0,0.3079,5.8553,0.0,0.3,6.0
108.8733,0.983708800758065,0.05920428893252491,0.0004880023815801715,0.1697398283750734,0.5274,0.0038,9.5419,0.6,0.0,1.0,0.0,0.0,0.0,0.3079,5.8553,0.0,0.3,6.0
108.8934,0.9837214277267918,0.05951005428725882,0.0006710118877270854,0.1695590039276489,0.5274,0.0038,9.5332,0.6,0.0,1.0,0.0,0.0,0.0,0.3079,5.8553,0.0,0.3,6.0
108.9135,0.9837466663970471,0.05962988870708179,0.0007929852215243192,0.1693698435374983,0.5274,0.0038,9.4943,0.6,0.0,1.0,0.0,0.0,0.0,0.3079,5.8553,0.0,0.3,6.0
108.9336,0.9837308493855996,0.05969362924368023,0.0009160250014610336,0.16943862456063985,0.5274,0.0038,9.4943,0.6,0.0,1.0,0.0,0.0,0.0,0.3079,5.8553,0.0,0.3,6.0
108.9537,0.9836995634374243,0.05987472996024798,0.0010989950434457316,0.16955523529252298,0.5274,0.0038,9.5751,0.6,0.0,1.0,0.0,0.0,0.0,0.3079,5.8553,0.0,0.3,6.0
108.9738,0.9836984203077128,0.060058659337830195,0.0014649916903365333,0.16949403860313234,0.5274,0.0038,9.5164,0.6,0.0,1.0,0.0,0.0,0.0,0.3079,5.8553,0.0,0.3,6.0
108.9939,0.9837315410434356,0.060182684904742684,0.0017700495551984004,0.16925473854086331,0.5274,0.0038,9.4883,0.6,0.0,1.0,0.0,0.0,0.0,0.3079,5.8553,0.0,0.3,6.0
109.014,0.9837868173383351,0.06030433736304262,0.0019530433124392323,0.1688877454060343,0.5274,0.0038,9.4771,0.6,0.0,1.0,0.0,0.0,0.0,0.3079,5.8553,0.0,0.3,6.0
109.0341,0.9838391663398477,0.06030380702257498,0.002075027769295784,0.16858125605788546,0.5274,0.0038,9.469,0.6,0.0,1.0,0.0,0.0,0.0,0.3079,5.8553,0.0,0.3,6.0
109.0542,0.9838713290763853,0.060302039520080314,0.0021359659787223255,0.16839331786185502,0.5274,0.0038,9.4763,0.6,0.0,1.0,0.0,0.0,0.0,0.3079,5.8553,0.0,0.3,6.0
109.0743,0.9838744042504299,0.060241228780189594,0.0023799695311718075,0.16839384418958217,0.5274,0.0038,9.4765,0.6,0.0,1.0,0.0,0.0,0.0,0.3079,5.8553,0.0,0.3,6.0
109.0944,0.9838600760279752,0.06030134981427236,0.0026249281671304157,0.16845239019058555,0.5274,0.0038,9.4493,0.6,0.0,1.0,0.0,0.0,0.0,0.3079,5.8553,0.0,0.3,6.0
109.1145,0.98384785100904,0.06030433934394715,0.002686059656697725,0.1685217428247896,0.5274,0.0038,9.5228,0.6,0.0,1.0,0.0,0.0,0.0,0.3079,5.8553,0.0,0.3,6.0
109.1346,0.9838451256909366,0.06018216992558262,0.00262505103030284,0.16858227719520774,0.5274,0.0038,9.5533,0.6,0.0,1.0,0.0,0.0,0.0,0.3079,5.8553,0.0,0.3,6.0
109.1547,0.983868171862483,0.05999685184925227,0.002562950953192336,0.1685147751580435,0.5274,0.0038,9.4479,0.6,0.0,1.0,0.0,0.0,0.0,0.3079,5.8553,0.0,0.3,6.0
109.1748,0.9838892805507514,0.059814138642814305,0.0025020057993834534,0.16845739046632174,0.5274,0.0038,9.4883,0.6,0.0,1.0,0.0,0.0,0.0,0.3079,5.8553,0.0,0.3,6.0
109.1949,0.9838964530834461,0.05969257351449614,0.0025020240389544667,0.16845861851724647,0.5274,0.0038,9.5586,0.6,0.0,1.0,0.0,0.0,0.0,0.3079,5.8553,0.0,0.3,6.0
109.2149,0.9838632894013094,0.059568564428268696,0.0024409411745745205,0.16869693449073966,0.5274,0.0038,9.5581,0.6,0.0,1.0,0.0,0.0,0.0,0.3079,5.8553,0.0,0.3,6.0
109.235,0.9838589094940751,0.059266982445235594,0.0024410816527262458,0.16882864721761598,0.5274,0.0038,9.5633,0.6,0.0,1.0,0.0,0.0,0.0,0.3079,5.8553,0.0,0.3,6.0
109.2552,0.9838649266737347,0.05901967587457757,0.0024409452366080595,0.16888021111811313,0.5274,0.0038,9.4818,0.6,0.0,1.0,0.0,0.0,0.0,0.3079,5.8553,0.0,0.3,6.0
109.2753,0.9838756811317786,0.05883732311376366,0.0023799726199183885,0.16888205711861143,0.5274,0.0038,9.5164,0.6,0.0,1.0,0.0,0.0,0.0,0.3079,5.8553,0.0,0.3,6.0
109.2954,0.9838928703385637,0.05871635032762818,0.0023800142002138314,0.16882400727844493,0.5274,0.0038,9.5813,0.6,0.0,1.0,0.0,0.0,0.0,0.3079,5.8553,0.0,0.3,6.0
109.3154,0.9839288485559519,0.058470861908112626,0.0025019513013767,0.1686977164242801,0.5274,0.0038,9.5499,0.6,0.0,1.0,0.0,0.0,0.0,0.3079,5.8553,0.0,0.3,6.0
109.3355,0.9839219190875423,0.058409451735073836,0.002624930420718173,0.1687575267280912,0.5274,0.0038,9.511,0.6,0.0,1.0,0.0,0.0,0.0,0.3079,5.8553,0.0,0.3,6.0
109.3556,0.9839217597149461,0.05840944227409346,0.002685928368769845,0.16875749939327445,0.5274,0.0038,9.5178,0.6,0.0,1.0,0.0,0.0,0.0,0.3079,5.8553,0.0,0.3,6.0
109.3758,0.9839453508227081,0.058349842898715185,0.0027469926039892264,0.16863954595440153,0.5274,0.0038,9.5093,0.6,0.0,1.0,0.0,0.0,0.0,0.3079,5.8553,0.0,0.3,6.0
109.3958,0.9840076200198252,0.05834991816960698,0.002868995976497049,0.16827376401152444,0.5274,0.0038,9.5061,0.6,0.0,1.0,0.0,0.0,0.0,0.3079,5.8553,0.0,0.3,6.0
109.4159,0.9840037640516736,0.058410689192906054,0.002990984084778256,0.16827310460781486,0.5274,0.0038,9.5494,0.6,0.0,1.0,0.0,0.0,0.0,0.3079,5.8553,0.0,0.3,6.0
109.436,0.9839639334973247,0.058533947850291784,0.003174051397960582,0.1684597278973673,0.5274,0.0038,9.5942,0.6,0.0,1.0,0.0,0.0,0.0,0.3079,5.8553,0.0,0.3,6.0
109.4561,0.9838973533357503,0.0585946165782808,0.003296034683449058,0.16882477650604336,0.5274,0.0038,9.5231,0.6,0.0,1.0,0.0,0.0,0.0,0.3079,5.8553,0.0,0.3,6.0
109.4762,0.9838476021509839,0.05871728924413175,0.00335707371061637,0.16907071225283776,0.5274,0.0038,9.495,0.6,0.0,1.0,0.0,0.0,0.0,0.3079,5.8553,0.0,0.3,6.0
109.4963,0.9838366036478458,0.05889963481169889,0.0034790374965602317,0.16906882219917987,0.5274,0.0038,9.4827,0.6,0.0,1.0,0.0,0.0,0.0,0.3079,5.8553,0.0,0.3,6.0
109.5164,0.9838460580585225,0.05908320455264816,0.0035400721728508673,0.16894844441872559,0.5274,0.0038,9.5211,0.6,0.0,1.0,0.0,0.0,0.0,0.3079,5.8553,0.0,0.3,6.0
109.5365,0.983831631085661,0.05932633956186146,0.0036010206109001706,0.1689459669837624,0.5274,0.0038,9.4818,0.6,0.0,1.0,0.0,0.0,0.0,0.3079,5.8553,0.0,0.3,6.0
109.5566,0.9837885404274536,0.05951042398570526,0.0036010861680170203,0.16913204704925905,0.5274,0.0038,9.4439,0.6,0.0,1.0,0.0,0.0,0.0,0.3079,5.8553,0.0,0.3,6.0
109.5768,0.9837144964131324,0.05969263693132558,0.003662039074624989,0.1694968085618681,0.5274,0.0038,9.4891,0.6,0.0,1.0,0.0,0.0,0.0,0.3079,5.8553,0.0,0.3,6.0
109.5969,0.9836436090246046,0.05999803714788619,0.0036620022673349057,0.16980010513202246,0.5274,0.0038,9.5228,0.6,0.0,1.0,0.0,0.0,0.0,0.3079,5.8553,0.0,0.3,6.0
109.617,0.9835966164423539,0.060242895221466315,0.0036620544188607704,0.16998552601889888,0.5274,0.0038,9.5617,0.6,0.0,1.0,0.0,0.0,0.0,0.3079,5.8553,0.0,0.3,6.0
109.637,0.9836031974374777,0.06030429960600359,0.003662078920736705,0.1699256620342493,0.5274,0.0038,9.5193,0.6,0.0,1.0,0.0,0.0,0.0,0.3079,5.8553,0.0,0.3,6.0
109.6571,0.9836155920415801,0.06030131973376866,0.003600899662724925,0.16985626703974396,0.5274,0.0038,9.4796,0.6,0.0,1.0,0.0,0.0,0.0,0.3079,5.8553,0.0,0.3,6.0
109.6772,0.9835934321653612,0.060303700901264745,0.0035400411453904053,0.16998497571098753,0.5274,0.0038,9.5529,0.6,0.0,1.0,0.0,0.0,0.0,0.3079,5.8553,0.0,0.3,6.0
109.6972,0.9835827993024934,0.06030304900490073,0.003662002975904133,0.17004413818531966,0.5274,0.0038,9.5533,0.6,0.0,1.0,0.0,0.0,0.0,0.3079,5.8553,0.0,0.3,6.0
109.7173,0.9835891201010201,0.06018143564725614,0.0039060282753391046,0.17004523094003132,0.5274,0.0038,9.5193,0.6,0.0,1.0,0.0,0.0,0.0,0.3079,5.8553,0.0,0.3,6.0
109.7374,0.9835999363542779,0.059999094108456615,0.003906071228834827,0.1700471008796692,0.5274,0.0038,9.4818,0.6,0.0,1.0,0.0,0.0,0.0,0.3079,5.8553,0.0,0.3,6.0
109.7574,0.9836168100510858,0.059751409048793655,0.0037838992492533613,0.1700394725000094,0.5274,0.0038,9.5164,0.6,0.0,1.0,0.0,0.0,0.0,0.3079,5.8553,0.0,0.3,6.0
109.7775,0.9836441421497142,0.05963106924008974,0.0038450044645930055,0.16992219730365965,0.5274,0.0038,9.5482,0.6,0.0,1.0,0.0,0.0,0.0,0.3079,5.8553,0.0,0.3,6.0
109.7976,0.9836576799678914,0.059570889027510274,0.0039060582934607358,0.16986353501933724,0.5274,0.0038,9.4406,0.6,0.0,1.0,0.0,0.0,0.0,0.3079,5.8553,0.0,0.3,6.0
109.8177,0.9836375208281934,0.05956966817812506,0.003844978582254347,0.16998205314625206,0.5274,0.0038,9.3725,0.6,0.0,1.0,0.0,0.0,0.0,0.3079,5.8553,0.0,0.3,6.0
109.8377,0.9836481724478389,0.05957031324649061,0.0037230195772483617,0.1699228935281212,0.5274,0.0038,9.4503,0.6,0.0,1.0,0.0,0.0,0.0,0.3079,5.8553,0.0,0.3,6.0
109.8578,0.9836945798075787,0.05969142837466758,0.0035399661000858375,0.1696153757057226,0.5274,0.0038,9.5586,0.6,0.0,1.0,0.0,0.0,0.0,0.3079,5.8553,0.0,0.3,6.0
109.8779,0.983735884843829,0.059693934799592,0.0033571088105982566,0.16937848989498258,0.5274,0.0038,9.5087,0.6,0.0,1.0,0.0,0.0,0.0,0.3079,5.8553,0.0,0.3,6.0
109.898,0.9837263066836884,0.05969335358864326,0.0031740719743073476,0.1694378421218619,0.5274,0.0038,9.3988,0.6,0.0,1.0,0.0,0.0,0.0,0.3079,5.8553,0.0,0.3,6.0
109.918,0.9836927597046212,0.05975231723224693,0.0029909658233335723,0.1696150618710697,0.5274,0.0038,9.4456,0.6,0.0,1.0,0.0,0.0,0.0,0.3079,5.8553,0.0,0.3,6.0
109.9381,0.98367342704438,0.059876852114316106,0.002991092520650024,0.169683248652241,0.5274,0.0038,9.5581,0.6,0.0,1.0,0.0,0.0,0.0,0.3079,5.8553,0.0,0.3,6.0
109.9582,0.9836885056327024,0.05999705496872117,0.0029909528886203837,0.16955332931558525,0.5274,0.0038,9.6389,0.6,0.0,1.0,0.0,0.0,0.0,0.3079,5.8553,0.0,0.3,6.0
109.9783,0.9837022762152533,0.05993689496994383,0.0029909947587483977,0.16949470298698016,0.5274,0.0038,9.5148,0.6,0.0,1.0,0.0,0.0,0.0,0.3079,5.8553,0.0,0.3,6.0
109.9983,0.9836991670722882,0.05981370613442849,0.0030519850055551606,0.16955516697310252,0.5274,0.0038,9.4765,0.6,0.0,1.0,0.0,0.0,0.0,0.3079,5.8553,0.0,0.3,6.0
110.0184,0.9836662795042476,0.05981541559515705,0.0031740751178491494,0.16974301714826565,0.5274,0.0038,9.5193,0.6,0.0,1.0,0.0,0.0,0.0,0.3079,5.8553,0.0,0.3,6.0
110.0385,0.9836519136368032,0.05987554257896776,0.0033570304206696528,0.16980153870411227,0.5274,0.0038,9.5581,0.6,0.0,1.0,0.0,0.0,0.0,0.3079,5.8553,0.0,0.3,6.0
110.0585,0.9836912068077016,0.05975222290483783,0.0034789547551743252,0.16961479410991703,0.5274,0.0038,9.5158,0.6,0.0,1.0,0.0,0.0,0.0,0.3079,5.8553,0.0,0.3,6.0
110.0786,0.983721871072601,0.059571082215579926,0.003601065419813733,0.1694980792366917,0.5274,0.0038,9.4816,0.6,0.0,1.0,0.0,0.0,0.0,0.3079,5.8553,0.0,0.3,6.0
110.0987,0.9836909027695869,0.059569206873189784,0.0037229504312386447,0.16967574087341103,0.5274,0.0038,9.481,0.6,0.0,1.0,0.0,0.0,0.0,0.3079,5.8553,0.0,0.3,6.0
110.1187,0.9836372882935467,0.05956965409568977,0.003905977319082842,0.16998201296202173,0.5274,0.0038,9.5259,0.6,0.0,1.0,0.0,0.0,0.0,0.3079,5.8553,0.0,0.3,6.0
110.1388,0.9835901843232228,0.05963149618575585,0.004089034024308773,0.1702284164480332,0.5274,0.0038,9.4861,0.6,0.0,1.0,0.0,0.0,0.0,0.3079,5.8553,0.0,0.3,6.0
110.1589,0.9835697504000949,0.05963025735130173,0.004088949075304341,0.17034687846148644,0.5274,0.0038,9.4861,0.6,0.0,1.0,0.0,0.0,0.0,0.3079,5.8553,0.0,0.3,6.0
110.1789,0.9835934765997385,0.059753697208025536,0.004028046999379566,0.17016798552542756,0.5274,0.0038,9.5164,0.6,0.0,1.0,0.0,0.0,0.0,0.3079,5.8553,0.0,0.3,6.0
110.199,0.9836030584719921,0.05993828325003486,0.004028086239403722,0.1700476406388197,0.5274,0.0038,9.5505,0.6,0.0,1.0,0.0,0.0,0.0,0.3079,5.8553,0.0,0.3,6.0
110.2191,0.9835657110228258,0.06005800537049265,0.003905935313227738,0.17022418089217017,0.5274,0.0038,9.5164,0.6,0.0,1.0,0.0,0.0,0.0,0.3079,5.8553,0.0,0.3,6.0
110.2391,0.9834903443844564,0.06006091417475062,0.003845122546194853,0.17065943901127043,0.5274,0.0038,9.5164,0.6,0.0,1.0,0.0,0.0,0.0,0.3079,5.8553,0.0,0.3,6.0
110.2592,0.9834194655123831,0.060182313624799644,0.0038450839282722984,0.17102473302914306,0.5274,0.0038,9.5254,0.6,0.0,1.0,0.0,0.0,0.0,0.3079,5.8553,0.0,0.3,6.0
110.2793,0.9833880927226724,0.06036339186078413,0.003844961263413881,0.17114127581389868,0.5274,0.0038,9.5633,0.6,0.0,1.0,0.0,0.0,0.0,0.3079,5.8553,0.0,0.3,6.0
110.2993,0.9833744311077667,0.06042355180678301,0.0037839093096709506,0.17119989678987968,0.5274,0.0038,9.5561,0.6,0.0,1.0,0.0,0.0,0.0,0.3079,5.8553,0.0,0.3,6.0
110.3194,0.9833746562539032,0.06042356564091252,0.0037229116240151856,0.17119993598654176,0.5274,0.0038,9.4891,0.6,0.0,1.0,0.0,0.0,0.0,0.3079,5.8553,0.0,0.3,6.0
110.3395,0.9833728662026927,0.060427203939542304,0.003662133567672393,0.17121024448929084,0.5274,0.0038,9.5164,0.6,0.0,1.0,0.0,0.0,0.0,0.3079,5.8553,0.0,0.3,6.0
110.3595,0.9833551156665765,0.06054811543577043,0.0037230685875001895,0.17126815515396684,0.5274,0.0038,9.6008,0.6,0.0,1.0,0.0,0.0,0.0,0.3079,5.8553,0.0,0.3,6.0
110.3796,0.9833514818319666,0.060608892588066794,0.0037230548294841133,0.17126752225935943,0.5274,0.0038,9.5193,0.6,0.0,1.0,0.0,0.0,0.0,0.3079,5.8553,0.0,0.3,6.0
110.3997,0.9833585207190908,0.06048732376002828,0.0037840828143363395,0.17126874820224905,0.5274,0.0038,9.5093,0.6,0.0,1.0,0.0,0.0,0.0,0.3079,5.8553,0.0,0.3,6.0
110.4198,0.9833657702880749,0.060365766118501946,0.003784110711556758,0.17127001083899734,0.5274,0.0038,9.4827,0.6,0.0,1.0,0.0,0.0,0.0,0.3079,5.8553,0.0,0.3,6.0
110.4398,0.9833949630799391,0.0604248133961075,0.0037839883142883127,0.1710814716662451,0.5274,0.0038,9.5193,0.6,0.0,1.0,0.0,0.0,0.0,0.3079,5.8553,0.0,0.3,6.0
110.4599,0.9833949630799391,0.0604248133961075,0.0037839883142883127,0.1710814716662451,0.5274,0.0038,9.5193,0.6,0.0,1.0,0.0,0.0,0.0,0.3079,5.8553,0.0,0.3,6.0
110.48,0.983427680424261,0.060423075684533846,0.003844877550799059,0.17089255752313548,0.5274,0.0038,9.5158,0.6,0.0,1.0,0.0,0.0,0.0,0.3079,5.8553,0.0,0.3,6.0
110.5,0.9834517994981373,0.06036355803841906,0.003844971848414979,0.17077474964497139,0.5274,0.0038,9.446,0.6,0.0,1.0,0.0,0.0,0.0,0.3079,5.8553,0.0,0.3,6.0
110.5201,0.9834658909872073,0.06030342253637576,0.003784026514064745,0.17071619618090955,0.5274,0.0038,9.4456,0.6,0.0,1.0,0.0,0.0,0.0,0.3079,5.8553,0.0,0.3,6.0
110.5402,0.9834950106925764,0.060362404895723316,0.0037839000087041587,0.1705274937326467,0.5274,0.0038,9.4838,0.6,0.0,1.0,0.0,0.0,0.0,0.3079,5.8553,0.0,0.3,6.0
110.5602,0.9835424964162812,0.060426320684513896,0.00378408270534053,0.17023072058192373,0.5274,0.0038,9.4838,0.6,0.0,1.0,0.0,0.0,0.0,0.3079,5.8553,0.0,0.3,6.0
110.5803,0.9835615034439347,0.06048473955126246,0.0037229224175735,0.17010145523538506,0.5274,0.0038,9.4411,0.6,0.0,1.0,0.0,0.0,0.0,0.3079,5.8553,0.0,0.3,6.0
110.6004,0.9835685158254377,0.06054616994585381,0.0036009506329796777,0.17004166882376942,0.5274,0.0038,9.4127,0.6,0.0,1.0,0.0,0.0,0.0,0.3079,5.8553,0.0,0.3,6.0
110.6205,0.9835891273009968,0.06054743873992554,0.0035400256517967334,0.16992323130073544,0.5274,0.0038,9.4866,0.6,0.0,1.0,0.0,0.0,0.0,0.3079,5.8553,0.0,0.3,6.0
110.6406,0.9835891273009968,0.06054743873992554,0.0035400256517967334,0.16992323130073544,0.5274,0.0038,9.4872,0.6,0.0,1.0,0.0,0.0,0.0,0.3079,5.8553,0.0,0.3,6.0
110.6606,0.9835497454511619,0.06048776782941999,0.0036011052467305148,0.17017097345602422,0.5274,0.0038,9.4107,0.6,0.0,1.0,0.0,0.0,0.0,0.3079,5.8553,0.0,0.3,6.0
110.6807,0.98349002196216,0.0604269060297008,0.0036011135889607512,0.17053737921484385,0.5274,0.0038,9.4503,0.6,0.0,1.0,0.0,0.0,0.0,0.3079,5.8553,0.0,0.3,6.0
110.7008,0.9834287879041367,0.06042314372953775,0.0035398912503527315,0.17089274997253695,0.5274,0.0038,9.5587,0.6,0.0,1.0,0.0,0.0,0.0,0.3079,5.8553,0.0,0.3,6.0
110.7209,0.9834167391102537,0.060426151426723536,0.003479066293977196,0.1709622577039508,0.5274,0.0038,9.5245,0.6,0.0,1.0,0.0,0.0,0.0,0.3079,5.8553,0.0,0.3,6.0
110.7409,0.9834392481573895,0.060423786421101695,0.003478930127579871,0.17083356890064957,0.5274,0.0038,9.4746,0.6,0.0,1.0,0.0,0.0,0.0,0.3079,5.8553,0.0,0.3,6.0
110.761,0.9834497014257371,0.06042442868350399,0.003417967682916294,0.17077438531823058,0.5274,0.0038,9.5093,0.6,0.0,1.0,0.0,0.0,0.0,0.3079,5.8553,0.0,0.3,6.0
110.7811,0.9834497014257371,0.06042442868350399,0.003417967682916294,0.17077438531823058,0.5274,0.0038,9.5931,0.6,0.0,1.0,0.0,0.0,0.0,0.3079,5.8553,0.0,0.3,6.0
110.8012,0.9834354110867977,0.06048454920336896,0.0035399150907635957,0.17083290236180187,0.5274,0.0038,9.5936,0.6,0.0,1.0,0.0,0.0,0.0,0.3079,5.8553,0.0,0.3,6.0
110.8213,0.983448630468555,0.0604243628825019,0.0037229607449161023,0.17077419934831847,0.5274,0.0038,9.5014,0.6,0.0,1.0,0.0,0.0,0.0,0.3079,5.8553,0.0,0.3,6.0
110.8413,0.98345818699168,0.06042495004771146,0.0039059967709782623,0.17071485887290122,0.5274,0.0038,9.5245,0.6,0.0,1.0,0.0,0.0,0.0,0.3079,5.8553,0.0,0.3,6.0
110.8614,0.9835009185934748,0.060423766250045204,0.003966919002299213,0.17046751934483176,0.5274,0.0038,9.5931,0.6,0.0,1.0,0.0,0.0,0.0,0.3079,5.8553,0.0,0.3,6.0
110.8815,0.9835488025818644,0.06030470467035698,0.004028113865184129,0.17023181204783938,0.5274,0.0038,9.5505,0.6,0.0,1.0,0.0,0.0,0.0,0.3079,5.8553,0.0,0.3,6.0
110.9016,0.9835572798106582,0.06017948748176078,0.0042108941656950755,0.17022272171545327,0.5274,0.0038,9.446,0.6,0.0,1.0,0.0,0.0,0.0,0.3079,5.8553,0.0,0.3,6.0
110.9217,0.9835138956464733,0.06018056528930283,0.004332968701060959,0.17046976862186974,0.5274,0.0038,9.4891,0.6,0.0,1.0,0.0,0.0,0.0,0.3079,5.8553,0.0,0.3,1.0
110.9417,0.9834929030973365,0.06017928076909472,0.004455872702465672,0.17058812655559352,0.5274,0.0038,9.5514,0.6,0.0,1.0,0.0,0.0,0.0,0.3079,5.7471,0.0,0.3,1.0
110.9618,0.9834992539320327,0.06024066802373667,0.004516900127207242,0.17052822946488927,0.568,0.0038,9.6768,0.6,0.0,1.0,0.0,0.0,0.0,0.3079,5.6931,0.0,0.3,1.0
110.9819,0.9839023849773252,0.059875936261498876,0.0036620572624569483,0.16833763224349751,0.5409,0.0038,11.5672,0.6,0.0,1.0,0.0,0.0,0.0,0.3079,5.5443,0.0,0.3,1.0
111.0019,0.9853336831653956,0.057371933485950447,-0.000731986392758191,0.16070301261557085,0.5274,0.0038,11.8768,0.6,0.0,1.0,0.0,0.0,0.0,0.3079,5.3685,0.0,0.3,1.0
111.022,0.9866392672423149,0.05200233032458357,-0.0055540352798495556,0.15429798011792378,0.5815,0.0038,9.9599,0.6,0.0,1.0,0.0,0.0,0.0,0.3079,5.1657,0.0,0.3,1.0
111.0421,0.987445104300985,0.04425081131599458,-0.012451228286902784,0.15112577081371864,0.5815,0.0038,7.9492,0.6,0.0,1.0,0.0,0.0,0.0,0.3079,4.9223,0.0,0.3,1.0
111.0621,0.9885124806299987,0.03564454856686104,-0.02130073022928059,0.1453231595028498,0.595,0.0038,9.3725,0.6,0.0,1.0,0.0,0.0,0.0,0.3079,4.6518,0.0,0.3,1.0
111.0822,0.9897281769919564,0.02801449551544504,-0.027892497712379373,0.1373875259277884,0.595,0.0038,9.4959,0.6,0.0,1.0,0.0,0.0,0.0,0.3079,4.3543,0.0,0.3,1.0
111.1023,0.9906093617996231,0.02276619217094494,-0.03241027357727864,0.13086010459886158,0.595,0.0038,8.6193,0.6,0.0,1.0,0.0,0.0,0.0,0.3079,4.0433,0.0,0.3,1.0
111.1224,0.9910476845947054,0.021362424309214374,-0.03643872376084416,0.12665051558437324,0.5815,0.0038,9.3188,0.6,0.0,1.0,0.0,0.0,0.0,0.3079,3.7187,0.0,0.3,1.0
111.1424,0.9909178351820702,0.022461268269668856,-0.03820845634867136,0.12695451630111165,0.5815,0.0038,9.3702,0.6,0.0,1.0,0.0,0.0,0.0,0.3079,3.3536,0.0,0.3,1.0
111.1625,0.9904679894866514,0.024718725214891518,-0.03674259155187341,0.13043055007195808,0.5815,0.0038,9.4037,0.6,0.0,1.0,0.0,0.0,0.0,0.3079,2.975,0.0,0.3,1.0
111.1826,0.9899238322007615,0.027221857890989288,-0.0328978282601486,0.13500929519735738,0.5815,0.0038,9.587,0.6,0.0,1.0,0.0,0.0,0.0,0.3079,2.6369,0.0,0.3,1.0
111.2026,0.9894795756196034,0.029418333298116748,-0.027404378939967,0.1389738504630467,0.568,0.0038,9.4107,0.6,0.0,1.0,0.0,0.0,0.0,0.3079,2.3529,0.0,0.3,1.0
111.2227,0.9888220440172678,0.03179871199194311,-0.019591822552474894,0.14434669261967364,0.5139,0.0038,9.522,0.6,0.0,1.0,0.0,0.0,0.0,0.3079,2.0825,0.0,0.3,1.0
111.2428,0.9872322583790274,0.03454558913294168,-0.007140915069713897,0.1553321525611174,0.5139,0.0038,8.7152,0.6,0.0,1.0,0.0,0.0,0.0,0.3079,1.8797,0.0,0.3,1.0
111.2628,0.9841633341221283,0.038819275385037946,0.00885029077122948,0.17273467509872276,0.5139,0.0038,8.9905,0.6,0.0,1.0,0.0,0.0,0.0,0.3079,1.7309,0.0,0.3,1.0
111.2829,0.9787829940839086,0.04864614282072391,0.026489622308112977,0.19727063438530001,0.5139,0.0038,10.1513,0.6,0.0,1.0,0.0,0.0,0.0,0.3079,1.5957,0.0,0.3,1.0
111.303,0.9780608847538022,0.05444149069270991,0.03222610658034941,0.19848049743095003,0.5139,0.0038,11.167,0.6,0.0,1.0,0.0,0.0,0.0,0.3079,1.4875,0.0,0.3,1.0
111.3231,0.9781630599141289,0.05816783609248194,0.033752485151261905,0.19665782671905085,0.5139,0.0038,10.1269,0.6,0.0,1.0,0.0,0.0,0.0,0.3079,1.4064,0.0,0.3,1.0
111.3431,0.9785758007766411,0.0593869272226124,0.03088396215237614,0.19470176139722634,0.5274,0.0038,9.7481,0.6,0.0,1.0,0.0,0.0,0.0,0.3079,1.3252,0.0,0.3,1.0
111.3632,0.9786820983207869,0.05901998073461927,0.025451560455728134,0.19506463126583268,0.5274,0.0038,10.5422,0.6,0.0,1.0,0.0,0.0,0.0,0.3079,1.2711,0.0,0.3,1.0
111.3833,0.9790522558096625,0.05676226113335057,0.019347748152988172,0.19457746721151728,0.5274,0.0038,10.8151,0.6,0.0,1.0,0.0,0.0,0.0,0.3079,1.2441,0.0,0.3,1.0
111.4033,0.9797335323124997,0.05444286287294681,0.013061967100388146,0.192321515593389,0.5409,0.0038,8.1993,0.6,0.0,1.0,0.0,0.0,0.0,0.3079,1.19,0.0,0.3,1.0
111.4234,0.9805405848451734,0.056091605503707814,0.007324079062757959,0.1879900293350274,0.5274,0.0038,9.1662,0.6,0.0,1.0,0.0,0.0,0.0,0.3079,1.163,0.0,0.3,1.0
111.4435,0.9802361933736492,0.0610356969701453,0.006958079454710763,0.18805114736690176,0.5409,0.0,10.6217,0.6,0.0,1.0,0.0,0.0,0.0,0.3079,1.1089,0.0,0.3,1.0
111.4635,0.978940710990643,0.06762684187145136,0.009520977737561758,0.19238255016125844,0.5544,0.0,8.9271,0.6,0.0,1.0,0.0,0.0,0.0,0.3079,1.1224,0.0,0.3,1.0
111.4836,0.9772763608417643,0.07433958215414752,0.013366745062004685,0.19805522258065267,0.5544,0.0,8.6955,0.6,0.0,1.0,0.0,0.0,0.0,0.3079,1.1359,0.0,0.3,1.0
111.5037,0.9760083165499294,0.07983361691232294,0.017150917700018177,0.2018420314456748,0.5274,0.0,12.0131,0.6,0.0,1.0,0.0,0.0,0.0,0.3079,1.1224,0.0,0.3,1.0
111.5237,0.9757887472259583,0.08288767741398914,0.019897402667593357,0.2014200761771111,0.5139,0.0,10.6894,0.6,0.0,1.0,0.0,0.0,0.0,0.3079,1.1089,0.0,0.3,1.0
111.5438,0.9757887472259583,0.08288767741398914,0.019897402667593357,0.2014200761771111,0.5139,0.0,10.6894,0.6,0.0,1.0,0.0,0.0,0.0,0.3079,1.0953,0.0,0.3,1.0
111.5639,0.975953442348019,0.08367912366821305,0.021423031660800555,0.20013429577569225,0.5139,0.0,10.908,0.6,0.0,1.0,0.0,0.0,0.0,0.3079,0.9872,0.0,0.3,1.0
111.5839,0.976260881817212,0.08337433151375943,0.020508081544416478,0.19885379068421336,0.5274,0.0,9.5367,0.6,0.0,1.0,0.0,0.0,0.0,0.3079,0.9736,0.0,0.3,1.0
111.604,0.976260881817212,0.08337433151375943,0.020508081544416478,0.19885379068421336,0.5274,0.0,9.5367,0.6,0.0,1.0,0.0,0.0,0.0,0.3079,0.9736,0.0,0.3,1.0
111.6241,0.9765943353946397,0.08428743972134022,0.01788245681025898,0.1970770136742306,0.5274,0.0,9.686,0.6,0.0,1.0,0.0,0.0,0.0,0.3079,0.9601,0.0,0.3,1.0
111.6442,0.9763388802500156,0.08459680921047247,0.019409415095053624,0.19806323583446978,0.5274,0.0,9.0314,0.6,0.0,1.0,0.0,0.0,0.0,0.3079,0.9601,0.0,0.3,1.0
111.6642,0.9758733415335481,0.08550845272118882,0.021300614564542686,0.19976438525560114,0.5274,0.0,9.1161,0.6,0.0,1.0,0.0,0.0,0.0,0.3079,0.9736,0.0,0.3,1.0
111.6843,0.9757592103418429,0.08642513290851023,0.021666782620145465,0.1998879945512011,0.5409,0.0,10.2128,0.6,0.0,1.0,0.0,0.0,0.0,0.3079,0.9736,0.0,0.3,1.0
111.7044,0.9761529965937992,0.08526757201367319,0.02020337247428331,0.19861166165284638,0.5409,0.0,10.0835,0.6,0.0,1.0,0.0,0.0,0.0,0.3079,0.9736,0.0,0.3,1.0
111.7244,0.9769427630853701,0.08166615050568335,0.017639248500211216,0.19647476791958146,0.5409,0.0,9.4969,0.6,0.0,1.0,0.0,0.0,0.0,0.3079,0.9736,0.0,0.3,1.0
111.7445,0.9778860022005755,0.07696350479787636,0.014708714247670552,0.1939052329221258,0.5409,0.0,9.3632,0.6,0.0,1.0,0.0,0.0,0.0,0.3079,0.9736,0.0,0.3,1.0
111.7646,0.9778860022005755,0.07696350479787636,0.014708714247670552,0.1939052329221258,0.5409,0.0,9.3632,0.6,0.0,1.0,0.0,0.0,0.0,0.3079,0.9736,0.0,0.3,1.0
111.7846,0.9790040913631136,0.0711670066414833,0.010315000962621735,0.19073501779986954,0.5409,0.0,9.4567,0.6,0.0,1.0,0.0,0.0,0.0,0.3079,0.9736,0.0,0.3,1.0
111.8047,0.9795195362886073,0.06799491147540895,0.008362235079454806,0.18933632262954503,0.5409,0.0,9.4511,0.6,0.0,1.0,0.0,0.0,0.0,0.3079,0.9736,0.0,0.3,1.0
111.8248,0.9799620283133584,0.06475681241404566,0.007140869042414851,0.18822854804534792,0.5409,0.0,9.5079,0.6,0.0,1.0,0.0,0.0,0.0,0.3079,0.9736,0.0,0.3,1.0
111.8449,0.9804923351711553,0.061341459892560256,0.005798137992452973,0.1866504421765047,0.5409,0.0,9.4981,0.6,0.0,1.0,0.0,0.0,0.0,0.3079,0.9736,0.0,0.3,1.0
111.8649,0.9811603430017288,0.05774019716307237,0.0036010746632990503,0.18432982182373236,0.5409,0.0,9.6362,0.6,0.0,1.0,0.0,0.0,0.0,0.3079,0.9736,0.0,0.3,1.0
111.885,0.9819793563612329,0.05364914533045499,0.0010989824924169736,0.18121011319231567,0.5409,0.0,9.5926,0.6,0.0,1.0,0.0,0.0,0.0,0.3079,0.9736,0.0,0.3,1.0
111.9051,0.9829051416426183,0.04913275714391631,-0.001647991854215568,0.17742812299855334,0.5409,0.0,9.4552,0.6,0.0,1.0,0.0,0.0,0.0,0.3079,0.9736,0.0,0.3,1.0
111.9251,0.9838418545237715,0.04480072195964019,-0.004639074758276122,0.1732817924206359,0.5409,0.0,9.5496,0.6,0.0,1.0,0.0,0.0,0.0,0.3079,0.9736,0.0,0.3,1.0
111.9452,0.9845934289662758,0.04083193954715472,-0.00756780345536372,0.16985658862731728,0.5409,0.0,9.5085,0.6,0.0,1.0,0.0,0.0,0.0,0.3079,0.9736,0.0,0.3,1.0
111.9653,0.9852116284539386,0.03704734677010271,-0.010009823503798535,0.1669890555990334,0.5409,0.0,9.5068,0.6,0.0,1.0,0.0,0.0,0.0,0.3079,0.9736,0.0,0.3,1.0
111.9853,0.9857957868261256,0.03381357580142384,-0.012085205795410255,0.16406479381105482,0.5544,0.0,9.529,0.6,0.0,1.0,0.0,0.0,0.0,0.3079,0.9736,0.0,0.3,1.0
112.0054,0.9863092292493142,0.030883412248395893,-0.01409873168275267,0.16137392884371787,0.5544,0.0,9.6124,0.6,0.0,1.0,0.0,0.0,0.0,0.3079,0.9736,0.0,0.3,1.0
112.0255,0.9867383393139334,0.028197523895976507,-0.015929731032800397,0.15905531441400925,0.5544,0.0,9.5335,0.6,0.0,1.0,0.0,0.0,0.0,0.3079,0.9736,0.0,0.3,1.0
112.0455,0.9872102646854444,0.025451130274556175,-0.017821391000830585,0.15636665658073617,0.5544,0.0,9.4936,0.6,0.0,1.0,0.0,0.0,0.0,0.3079,0.9736,0.0,0.3,1.0
112.0656,0.9877372095704182,0.02288812071761139,-0.019531103011869444,0.15319880800841618,0.5544,0.0,9.6316,0.6,0.0,1.0,0.0,0.0,0.0,0.3079,0.9736,0.0,0.3,1.0
112.0857,0.9882110922925142,0.020568814593273487,-0.021300807995105177,0.15020664604144207,0.5544,0.0,9.5955,0.6,0.0,1.0,0.0,0.0,0.0,0.3079,0.9736,0.0,0.3,1.0
112.1058,0.9885906787354317,0.01849408752757279,-0.023010108900694812,0.1477056990515918,0.5544,0.0,9.5216,0.6,0.0,1.0,0.0,0.0,0.0,0.3079,0.9736,0.0,0.3,1.0
112.1258,0.988906659793993,0.01654124521146136,-0.024475362828759843,0.14557115798242057,0.5544,0.0,9.5641,0.6,0.0,1.0,0.0,0.0,0.0,0.3079,0.9736,0.0,0.3,1.0
112.1459,0.9892034459248807,0.015015097842555215,-0.02569616744337653,0.1434949350529215,0.5544,0.0,9.4546,0.6,0.0,1.0,0.0,0.0,0.0,0.3079,0.9736,0.0,0.3,1.0
112.166,0.9896188061467788,0.013793927604816243,-0.027526855529779366,0.1403802632370384,0.5544,0.0,9.599,0.6,0.0,1.0,0.0,0.0,0.0,0.3079,0.9736,0.0,0.3,1.0
112.186,0.989862347724947,0.013061925414280754,-0.028686836193498072,0.13848820920979382,0.5544,0.0,9.5573,0.6,0.0,1.0,0.0,0.0,0.0,0.3079,0.9736,0.0,0.3,1.0
112.2061,0.9900953540523842,0.012511789645922318,-0.02966250130011137,0.1366557024802151,0.5544,0.0,9.4517,0.6,0.0,1.0,0.0,0.0,0.0,0.3079,0.9736,0.0,0.3,1.0
112.2262,0.9902806441065684,0.01257281773446487,-0.030700554940412447,0.13506904193206903,0.5544,0.0,9.4388,0.6,0.0,1.0,0.0,0.0,0.0,0.3079,0.9736,0.0,0.3,1.0
112.2462,0.9904044754880756,0.013244832507761447,-0.03149360173646197,0.13390930660225303,0.5544,0.0,9.5483,0.6,0.0,1.0,0.0,0.0,0.0,0.3079,0.9736,0.0,0.3,1.0
112.2663,0.9904866185725577,0.014160108915976438,-0.03186024506094698,0.13311902391786365,0.5544,0.0,9.5971,0.6,0.0,1.0,0.0,0.0,0.0,0.3079,0.9736,0.0,0.3,1.0
112.2864,0.9905601533598474,0.015015305492658662,-0.03222765568510893,0.1323876934828916,0.5544,0.0,9.5265,0.6,0.0,1.0,0.0,0.0,0.0,0.3079,0.9736,0.0,0.3,1.0
112.3065,0.9906740684422255,0.015808192576211366,-0.03283740002688843,0.1312885993644396,0.5544,0.0,9.4823,0.6,0.0,1.0,0.0,0.0,0.0,0.3079,0.9736,0.0,0.3,1.0
112.3265,0.9908112570496354,0.016602456730768815,-0.033630925181047766,0.12994757483574404,0.5544,0.0,9.5418,0.6,0.0,1.0,0.0,0.0,0.0,0.3079,0.9736,0.0,0.3,1.0
112.3466,0.9909480119185363,0.01745566552271667,-0.03411834624023659,0.12865953468628388,0.5544,0.0,9.4974,0.6,0.0,1.0,0.0,0.0,0.0,0.3079,0.9736,0.0,0.3,1.0
112.3667,0.9910494990338008,0.018433399879408105,-0.03430274413624784,0.12768876997787132,0.5544,0.0,9.4771,0.6,0.0,1.0,0.0,0.0,0.0,0.3079,0.9736,0.0,0.3,1.0
112.3868,0.991102630035413,0.019470267762824026,-0.034241470902252547,0.12713774844860776,0.5544,0.0,9.4771,0.6,0.0,1.0,0.0,0.0,0.0,0.3079,0.9736,0.0,0.3,1.0
112.4069,0.9911202891849209,0.020568383421525144,-0.03423997358823677,0.12682719810080473,0.5544,0.0,9.6178,0.6,0.0,1.0,0.0,0.0,0.0,0.3079,0.9736,0.0,0.3,1.0
112.4269,0.991076675272074,0.021239735869108486,-0.03417957495320753,0.12707341975362338,0.5544,0.0,9.5865,0.6,0.0,1.0,0.0,0.0,0.0,0.3079,0.9736,0.0,0.3,1.0
112.447,0.9910177025049977,0.021789773586199285,-0.0341796448451717,0.12743967579618284,0.5544,0.0,9.3316,0.6,0.0,1.0,0.0,0.0,0.0,0.3079,0.9736,0.0,0.3,1.0
112.4671,0.9910401045564943,0.022522275086901043,-0.034180417479365836,0.12713755285712863,0.5544,0.0,9.3637,0.6,0.0,1.0,0.0,0.0,0.0,0.3079,0.9736,0.0,0.3,1.0
112.4873,0.9911060908194419,0.023376403107082496,-0.03418058941649896,0.12646718082380162,0.5544,0.0,9.4681,0.6,0.0,1.0,0.0,0.0,0.0,0.3079,0.9736,0.0,0.3,1.0
112.5074,0.9911698412972159,0.02404848140394032,-0.03411968300985693,0.12585651940333936,0.5544,0.0,9.4684,0.6,0.0,1.0,0.0,0.0,0.0,0.3079,0.9736,0.0,0.3,1.0
112.5274,0.9911727197485145,0.02447556103096897,-0.03418078349493439,0.12573488210605888,0.5544,0.0,9.3899,0.6,0.0,1.0,0.0,0.0,0.0,0.3079,0.9736,0.0,0.3,1.0
112.5475,0.9911506277662632,0.024841015733583965,-0.03411902161000568,0.12585407971234958,0.5544,0.0,9.3979,0.6,0.0,1.0,0.0,0.0,0.0,0.3079,0.9736,0.0,0.3,1.0
112.5676,0.9911023204184738,0.025146337966865696,-0.033936456106082626,0.12622269643345868,0.5544,0.0,9.3147,0.6,0.0,1.0,0.0,0.0,0.0,0.3079,0.9736,0.0,0.3,1.0
112.5876,0.991023214811364,0.02539087739930188,-0.03356883791174686,0.12689138730070548,0.5544,0.0,9.3543,0.6,0.0,1.0,0.0,0.0,0.0,0.3079,0.9736,0.0,0.3,1.0
112.6077,0.9909329710425758,0.02569669940832938,-0.03320390373812113,0.12762847376977104,0.5544,0.0,9.2888,0.6,0.0,1.0,0.0,0.0,0.0,0.3079,0.9736,0.0,0.3,1.0
112.6278,0.9908505291372555,0.025940144751015966,-0.03289818357821601,0.12829671592044503,0.5544,0.0,9.3194,0.6,0.0,1.0,0.0,0.0,0.0,0.3079,0.9736,0.0,0.3,1.0
112.6479,0.9907488003154719,0.026184681881272882,-0.03265485037240623,0.12909236172363414,0.5544,0.0,9.3935,0.6,0.0,1.0,0.0,0.0,0.0,0.3079,0.9736,0.0,0.3,1.0
112.6679,0.9906088488577969,0.026428209397743246,-0.032349256311775244,0.1301890315223777,0.5544,0.0,9.4328,0.6,0.0,1.0,0.0,0.0,0.0,0.3079,0.9736,0.0,0.3,1.0
112.688,0.9904464461064941,0.02667279298573471,-0.03192194904385263,0.1314739087370479,0.5544,0.0,9.3635,0.6,0.0,1.0,0.0,0.0,0.0,0.3079,0.9736,0.0,0.3,1.0
112.7081,0.9903016085354243,0.02697818003228198,-0.031372209354761295,0.13262988507307907,0.5544,0.0,9.3989,0.6,0.0,1.0,0.0,0.0,0.0,0.3079,0.9736,0.0,0.3,1.0
112.7282,0.9901720512299722,0.027038974091605432,-0.031005970290481064,0.1336668719221356,0.5544,0.0,9.7064,0.6,0.0,1.0,0.0,0.0,0.0,0.3079,0.9736,0.0,0.3,1.0
112.7482,0.9900166214108544,0.026855722146676735,-0.030823828848520453,0.13489162721731268,0.5544,0.0,9.7764,0.6,0.0,1.0,0.0,0.0,0.0,0.3079,0.9736,0.0,0.3,1.0
112.7683,0.9896748122676726,0.025878733603798283,-0.03051768585033099,0.1376325832074335,0.5544,0.0,9.5747,0.6,0.0,1.0,0.0,0.0,0.0,0.3079,0.9736,0.0,0.3,1.0
112.7884,0.989376284068945,0.02526890509423899,-0.030150886758336284,0.13995347435826994,0.5544,0.0,9.3934,0.6,0.0,1.0,0.0,0.0,0.0,0.3079,0.9736,0.0,0.3,1.0
112.8084,0.9891216504904861,0.025145635204091014,-0.029479572330255416,0.14190494133885873,0.5544,0.0,9.6931,0.6,0.0,1.0,0.0,0.0,0.0,0.3079,0.9736,0.0,0.3,1.0
112.8285,0.9889055730303016,0.025391348503994764,-0.028503391217729216,0.14355697036315884,0.5544,0.0,9.7023,0.6,0.0,1.0,0.0,0.0,0.0,0.3079,0.9736,0.0,0.3,1.0
112.8486,0.9886917062448035,0.025451580554969454,-0.027526546359289798,0.14520060707697743,0.5544,0.0,9.6636,0.6,0.0,1.0,0.0,0.0,0.0,0.3079,0.9736,0.0,0.3,1.0
112.8686,0.9884797679685263,0.02526940309085278,-0.026855428390710003,0.1467923415927135,0.5544,0.0,9.6399,0.6,0.0,1.0,0.0,0.0,0.0,0.3079,0.9736,0.0,0.3,1.0
112.8887,0.9883095234326231,0.02514672575536386,-0.026184755713769464,0.14807527357522,0.5544,0.0,9.6045,0.6,0.0,1.0,0.0,0.0,0.0,0.3079,0.9736,0.0,0.3,1.0
112.9088,0.9881443962660514,0.025207627457802466,-0.025451623851792605,0.1492897936540084,0.5544,0.0,9.6684,0.6,0.0,1.0,0.0,0.0,0.0,0.3079,0.9736,0.0,0.3,1.0
112.9288,0.9879803401355387,0.025452111809527493,-0.024719108589490408,0.15045266092908338,0.5544,0.0,9.6775,0.6,0.0,1.0,0.0,0.0,0.0,0.3079,0.9736,0.0,0.3,1.0
112.9489,0.9877807641811043,0.025695681702945516,-0.023864704383592568,0.15185311896796358,0.5544,0.0,9.571,0.6,0.0,1.0,0.0,0.0,0.0,0.3079,0.9736,0.0,0.3,1.0
112.969,0.9875632253453394,0.026001374536558864,-0.023132333209479616,0.1533222085283337,0.5544,0.0,9.6564,0.6,0.0,1.0,0.0,0.0,0.0,0.3079,0.9736,0.0,0.3,1.0
112.9891,0.9873643700202551,0.02661095606959224,-0.02239996302126436,0.15460174477738903,0.5544,0.0,9.7337,0.6,0.0,1.0,0.0,0.0,0.0,0.3079,0.9736,0.0,0.3,1.0
113.0091,0.9872670249738855,0.027100632039082834,-0.02185150961940955,0.1552156199280489,0.5544,0.0,9.7074,0.6,0.0,1.0,0.0,0.0,0.0,0.3079,0.9736,0.0,0.3,1.0
113.0292,0.9872388102408842,0.027343856257649315,-0.021544886741919775,0.15539518311196862,0.5544,0.0,9.6379,0.6,0.0,1.0,0.0,0.0,0.0,0.3079,0.9736,0.0,0.3,1.0
113.0493,0.9872664213406036,0.027710629322992217,-0.02154548930941419,0.15515452364098026,0.5544,0.0,9.6181,0.6,0.0,1.0,0.0,0.0,0.0,0.3079,0.9736,0.0,0.3,1.0
113.0693,0.987296866330935,0.02825876719518882,-0.021666821501757173,0.15484472433936833,0.5544,0.0,9.6858,0.6,0.0,1.0,0.0,0.0,0.0,0.3079,0.9736,0.0,0.3,1.0
113.0894,0.9873160066552571,0.028809321167958535,-0.02179024291887314,0.15460372353114382,0.5544,0.0,9.5729,0.6,0.0,1.0,0.0,0.0,0.0,0.3079,0.9736,0.0,0.3,1.0
113.1095,0.9872891800784036,0.029235531541694018,-0.02203364694177336,0.15466052178249484,0.5544,0.0,9.5046,0.6,0.0,1.0,0.0,0.0,0.0,0.3079,0.9736,0.0,0.3,1.0
113.1295,0.987231692955687,0.02960163097965067,-0.02239972076022481,0.15490506891982792,0.5544,0.0,9.456,0.6,0.0,1.0,0.0,0.0,0.0,0.3079,0.9736,0.0,0.3,1.0
113.1496,0.9871959550797359,0.030029394078999933,-0.022949301166171675,0.15497003368858298,0.5544,0.0,9.4971,0.6,0.0,1.0,0.0,0.0,0.0,0.3079,0.9736,0.0,0.3,1.0
113.1697,0.9871734132412672,0.030456704225142933,-0.02337577299034511,0.15496649507049115,0.5544,0.0,9.4924,0.6,0.0,1.0,0.0,0.0,0.0,0.3079,0.9736,0.0,0.3,1.0
113.1898,0.9871287672099316,0.030579209634181488,-0.02386516360638808,0.15515206363690415,0.5544,0.0,9.4575,0.6,0.0,1.0,0.0,0.0,0.0,0.3079,0.9736,0.0,0.3,1.0
113.2098,0.9870732547079912,0.03064038040633037,-0.024475303865696327,0.15539792929576102,0.5544,0.0,9.5962,0.6,0.0,1.0,0.0,0.0,0.0,0.3079,0.9736,0.0,0.3,1.0
113.2299,0.9870417846130355,0.030517405897731366,-0.025145510475927415,0.15551497248847856,0.5544,0.0,9.5927,0.6,0.0,1.0,0.0,0.0,0.0,0.3079,0.9736,0.0,0.3,1.0
113.25,0.9870462416350275,0.030272547363351603,-0.025634616709923633,0.1554546756338833,0.5544,0.0,9.5515,0.6,0.0,1.0,0.0,0.0,0.0,0.3079,0.9736,0.0,0.3,1.0
113.27,0.987051147360883,0.029845702083389894,-0.025939741072275466,0.15545544826032115,0.5544,0.0,9.5519,0.6,0.0,1.0,0.0,0.0,0.0,0.3079,0.9736,0.0,0.3,1.0
113.2901,0.9870423516479385,0.029235447649921465,-0.02624450415830444,0.15557606067612287,0.5544,0.0,9.5903,0.6,0.0,1.0,0.0,0.0,0.0,0.3079,0.9736,0.0,0.3,1.0
113.3102,0.9870253518481834,0.02862573525496885,-0.026428678823347308,0.15576600086583256,0.5544,0.0,9.5823,0.6,0.0,1.0,0.0,0.0,0.0,0.3079,0.9736,0.0,0.3,1.0
113.3302,0.987026814271734,0.028015761096071568,-0.026306714666901963,0.15588823497055215,0.5544,0.0,9.551,0.6,0.0,1.0,0.0,0.0,0.0,0.3079,0.9736,0.0,0.3,1.0
113.3503,0.9870293739199695,0.027466817410421365,-0.026062775626243404,0.1560106428650039,0.5544,0.0,9.5824,0.6,0.0,1.0,0.0,0.0,0.0,0.3079,0.9736,0.0,0.3,1.0
113.3704,0.9870002283869443,0.026917006228461382,-0.02594000600238838,0.1563110361695964,0.5544,0.0,9.5926,0.6,0.0,1.0,0.0,0.0,0.0,0.3079,0.9736,0.0,0.3,1.0
113.3904,0.9869565051495135,0.026245492095399087,-0.025696481801614584,0.15674093884734852,0.5544,0.0,9.5228,0.6,0.0,1.0,0.0,0.0,0.0,0.3079,0.9736,0.0,0.3,1.0
113.4105,0.9869453085973925,0.025818191190700418,-0.02545218848035118,0.15692216205112314,0.5544,0.0,9.4885,0.6,0.0,1.0,0.0,0.0,0.0,0.3079,0.9736,0.0,0.3,1.0
113.4306,0.9869529611369317,0.025757390454115608,-0.025208382131744617,0.1569233787883012,0.5544,0.0,9.6067,0.6,0.0,1.0,0.0,0.0,0.0,0.3079,0.9736,0.0,0.3,1.0
113.4506,0.9869718375844899,0.025818885180990465,-0.02514686214118778,0.15680437591967328,0.5544,0.0,9.5922,0.6,0.0,1.0,0.0,0.0,0.0,0.3079,0.9736,0.0,0.3,1.0
113.4707,0.9869718375844899,0.025818885180990465,-0.02514686214118778,0.15680437591967328,0.5544,0.0,9.5922,0.6,0.0,1.0,0.0,0.0,0.0,0.3079,0.9736,0.0,0.3,1.0
113.4908,0.986971838529286,0.025939259869756526,-0.02508428426495151,0.15679452614949707,0.5544,0.0,9.4441,0.6,0.0,1.0,0.0,0.0,0.0,0.3079,0.9736,0.0,0.3,1.0
113.5109,0.9869356823752432,0.026122938655405388,-0.025145940949692747,0.1569816313594476,0.5544,0.0,9.4766,0.6,0.0,1.0,0.0,0.0,0.0,0.3079,0.9736,0.0,0.3,1.0
113.531,0.9868850663168366,0.026489216509926455,-0.02520820603957212,0.15722828510725967,0.5544,0.0,9.5138,0.6,0.0,1.0,0.0,0.0,0.0,0.3079,0.9736,0.0,0.3,1.0
113.551,0.9868026030826551,0.027038632921184816,-0.02520765777866144,0.15765185970474027,0.5544,0.0,9.513,0.6,0.0,1.0,0.0,0.0,0.0,0.3079,0.9736,0.0,0.3,1.0
113.5711,0.98673240040139,0.027526369550546045,-0.025145424082465603,0.15801638087613207,0.5544,0.0,9.6266,0.6,0.0,1.0,0.0,0.0,0.0,0.3079,0.9736,0.0,0.3,1.0
113.5912,0.986688869040791,0.028014854317729473,-0.025145869236966812,0.1582021773202839,0.5544,0.0,9.588,0.6,0.0,1.0,0.0,0.0,0.0,0.3079,0.9736,0.0,0.3,1.0
113.6112,0.9866294159616938,0.028380896903315456,-0.02514590865476094,0.15850742420459898,0.5544,0.0,9.4733,0.6,0.0,1.0,0.0,0.0,0.0,0.3079,0.9736,0.0,0.3,1.0
113.6313,0.9865486964772134,0.028808319511208554,-0.02514540603383839,0.15893224582017568,0.5544,0.0,9.5608,0.6,0.0,1.0,0.0,0.0,0.0,0.3079,0.9736,0.0,0.3,1.0
113.6514,0.9864914951512856,0.029235421959048595,-0.0249625064428694,0.15923785155906617,0.5544,0.0,9.5567,0.6,0.0,1.0,0.0,0.0,0.0,0.3079,0.9736,0.0,0.3,1.0
113.6715,0.9864771161268984,0.029602813717460028,-0.024658677813834507,0.15930637898854189,0.5544,0.0,9.5612,0.6,0.0,1.0,0.0,0.0,0.0,0.3079,0.9736,0.0,0.3,1.0
113.6915,0.9864548897106811,0.029907148245301177,-0.02441412101717935,0.15942479024505612,0.5544,0.0,9.6003,0.6,0.0,1.0,0.0,0.0,0.0,0.3079,0.9736,0.0,0.3,1.0
113.7116,0.9864375805345914,0.030089621165072588,-0.02410869646622582,0.15954399130617042,0.5544,0.0,9.6016,0.6,0.0,1.0,0.0,0.0,0.0,0.3079,0.9736,0.0,0.3,1.0
113.7317,0.9864251988331156,0.03015024194841834,-0.02374240305732136,0.15966398565288242,0.5544,0.0,9.5311,0.6,0.0,1.0,0.0,0.0,0.0,0.3079,0.9736,0.0,0.3,1.0
113.7517,0.9864488806785698,0.030333965580114287,-0.023314973544549495,0.15954581896370135,0.5544,0.0,9.5345,0.6,0.0,1.0,0.0,0.0,0.0,0.3079,0.9736,0.0,0.3,1.0
113.7718,0.9864917215505942,0.030517403615652576,-0.02294855152944527,0.15929888691200889,0.5544,0.0,9.6016,0.6,0.0,1.0,0.0,0.0,0.0,0.3079,0.9736,0.0,0.3,1.0
113.7919,0.9865081646503768,0.03051791228764829,-0.022643934918458213,0.1592405423224785,0.5544,0.0,9.6363,0.6,0.0,1.0,0.0,0.0,0.0,0.3079,0.9736,0.0,0.3,1.0
113.8119,0.9864948984334283,0.030456502889057425,-0.02246063339761364,0.15936039892007933,0.5544,0.0,9.529,0.6,0.0,1.0,0.0,0.0,0.0,0.3079,0.9736,0.0,0.3,1.0
113.832,0.9865034414188723,0.030395767107886322,-0.022155830242213743,0.1593617789713807,0.5544,0.0,9.4959,0.6,0.0,1.0,0.0,0.0,0.0,0.3079,0.9736,0.0,0.3,1.0
113.8521,0.9865146676745022,0.030518113460559947,-0.021912081464964595,0.15930259225683596,0.5544,0.0,9.5669,0.6,0.0,1.0,0.0,0.0,0.0,0.3079,0.9736,0.0,0.3,1.0
113.8722,0.9864962794949541,0.03057854370673637,-0.02178967485430476,0.15942162110934754,0.5544,0.0,9.5712,0.6,0.0,1.0,0.0,0.0,0.0,0.3079,0.9736,0.0,0.3,1.0
113.8922,0.9864772858261188,0.030518844147033805,-0.0217906027250759,0.15955041314249474,0.5544,0.0,9.4972,0.6,0.0,1.0,0.0,0.0,0.0,0.3079,0.9736,0.0,0.3,1.0
113.9123,0.986489320914109,0.03057832801076981,-0.02166652385654695,0.1594814952352145,0.5544,0.0,9.4913,0.6,0.0,1.0,0.0,0.0,0.0,0.3079,0.9736,0.0,0.3,1.0
113.9324,0.9865120077767889,0.030823031487438014,-0.021606022071751146,0.15930216273600398,0.5544,0.0,9.6064,0.6,0.0,1.0,0.0,0.0,0.0,0.3079,0.9736,0.0,0.3,1.0
113.9525,0.9865141435683349,0.031067098996602635,-0.021606068848636698,0.15924150742968407,0.5544,0.0,9.6426,0.6,0.0,1.0,0.0,0.0,0.0,0.3079,0.9736,0.0,0.3,1.0
113.9725,0.9864797554092882,0.031249010255881848,-0.021605315698834657,0.15941895075307871,0.5544,0.0,9.5678,0.6,0.0,1.0,0.0,0.0,0.0,0.3079,0.9736,0.0,0.3,1.0
113.9926,0.9864571483708564,0.03143322778117606,-0.021423155243092754,0.15954715615994386,0.5544,0.0,9.5745,0.6,0.0,1.0,0.0,0.0,0.0,0.3079,0.9736,0.0,0.3,1.0
114.0127,0.9864630028251952,0.0316774175482728,-0.0212402799736501,0.15948710224094104,0.5544,0.0,9.6417,0.6,0.0,1.0,0.0,0.0,0.0,0.3079,0.9736,0.0,0.3,1.0
114.0328,0.986447645259062,0.031981923656217055,-0.021056949735131083,0.15954561914998455,0.5544,0.0,9.6032,0.6,0.0,1.0,0.0,0.0,0.0,0.3079,0.9736,0.0,0.3,1.0
114.0529,0.9864392258075921,0.032103649354074656,-0.020812772676499988,0.15960525674233092,0.5544,0.0,9.5046,0.6,0.0,1.0,0.0,0.0,0.0,0.3079,0.9736,0.0,0.3,1.0
114.0729,0.9864205434671875,0.03216503948620362,-0.020690382142916085,0.15972423030814575,0.5544,0.0,9.5384,0.6,0.0,1.0,0.0,0.0,0.0,0.3079,0.9736,0.0,0.3,1.0
114.093,0.9864344692984693,0.03240948973588464,-0.02056867616098151,0.15960448714209627,0.5544,0.0,9.57,0.6,0.0,1.0,0.0,0.0,0.0,0.3079,0.9736,0.0,0.3,1.0
114.1131,0.9865071994123742,0.03277587372866595,-0.02026392193183081,0.15911838698534284,0.5544,0.0,9.6058,0.6,0.0,1.0,0.0,0.0,0.0,0.3079,0.9736,0.0,0.3,1.0
114.1332,0.9865071994123742,0.03277587372866595,-0.02026392193183081,0.15911838698534284,0.5544,0.0,9.6058,0.6,0.0,1.0,0.0,0.0,0.0,0.3079,0.9736,0.0,0.3,1.0
114.1532,0.986516910275042,0.03295919746029706,-0.019958119570151055,0.15905895293060862,0.5544,0.0,9.5755,0.6,0.0,1.0,0.0,0.0,0.0,0.3079,0.9736,0.0,0.3,1.0
114.1733,0.9864657896329413,0.0330815295117313,-0.019836317505356603,0.15936555084725482,0.5544,0.0,9.5681,0.6,0.0,1.0,0.0,0.0,0.0,0.3079,0.9736,0.0,0.3,1.0
114.1934,0.9864277903799953,0.03314125381800781,-0.019713556145320315,0.15960340649721724,0.5544,0.0,9.6085,0.6,0.0,1.0,0.0,0.0,0.0,0.3079,0.9736,0.0,0.3,1.0
114.2135,0.9864465368970998,0.03326388322098954,-0.019530931433055145,0.15948444010039442,0.5544,0.0,9.4275,0.6,0.0,1.0,0.0,0.0,0.0,0.3079,0.9736,0.0,0.3,1.0
114.2335,0.9864932771085471,0.03338540021301937,-0.019469650217081618,0.15917714029558572,0.5544,0.0,9.4186,0.6,0.0,1.0,0.0,0.0,0.0,0.3079,0.9736,0.0,0.3,1.0
114.2536,0.9865608550600858,0.033385622850674895,-0.019530779365498442,0.15875020663722347,0.5544,0.0,9.5564,0.6,0.0,1.0,0.0,0.0,0.0,0.3079,0.9736,0.0,0.3,1.0
114.2737,0.9865807854556724,0.03332529676020635,-0.01959217446739572,0.15863141260529717,0.5544,0.0,9.5567,0.6,0.0,1.0,0.0,0.0,0.0,0.3079,0.9736,0.0,0.3,1.0
114.2937,0.9865344014289716,0.033264789068883485,-0.019531463302800717,0.15893977018554797,0.5544,0.0,9.4533,0.6,0.0,1.0,0.0,0.0,0.0,0.3079,0.9736,0.0,0.3,1.0
114.3138,0.9864668969095415,0.033264569779308625,-0.019470333501777858,0.1593657297300373,0.5544,0.0,9.385,0.6,0.0,1.0,0.0,0.0,0.0,0.3079,0.9736,0.0,0.3,1.0
114.3339,0.9864544644302538,0.0333861510968305,-0.019409087840363718,0.1594247215138414,0.5544,0.0,9.568,0.6,0.0,1.0,0.0,0.0,0.0,0.3079,0.9736,0.0,0.3,1.0
114.3539,0.9864979801257643,0.03356855695967078,-0.019408743841944947,0.1591168999632357,0.5544,0.0,9.5618,0.6,0.0,1.0,0.0,0.0,0.0,0.3079,0.9736,0.0,0.3,1.0
114.374,0.9865258338982152,0.033630505685184435,-0.01934829093062588,0.15893838987750447,0.5544,0.0,9.5229,0.6,0.0,1.0,0.0,0.0,0.0,0.3079,0.9736,0.0,0.3,1.0
114.3941,0.9865310368214786,0.03350868057407784,-0.019287391734279544,0.15893922811631955,0.5544,0.0,9.4485,0.6,0.0,1.0,0.0,0.0,0.0,0.3079,0.9736,0.0,0.3,1.0
114.4142,0.9865416561594276,0.03362896564735422,-0.019103412421262414,0.15887011350649416,0.5544,0.0,9.6004,0.6,0.0,1.0,0.0,0.0,0.0,0.3079,0.9736,0.0,0.3,1.0
114.4343,0.9865831821229457,0.03387538395009669,-0.018494209616917726,0.15863179796321294,0.5544,0.0,9.6004,0.6,0.0,1.0,0.0,0.0,0.0,0.3079,0.9736,0.0,0.3,1.0
114.4543,0.986584508165898,0.03381342869513174,-0.01800522827480102,0.1586930119498166,0.5544,0.0,9.5384,0.6,0.0,1.0,0.0,0.0,0.0,0.3079,0.9736,0.0,0.3,1.0
114.4744,0.9865789834564698,0.03363023805017888,-0.01757812442599001,0.1588141241588778,0.5544,0.0,9.5384,0.6,0.0,1.0,0.0,0.0,0.0,0.3079,0.9736,0.0,0.3,1.0
114.4945,0.9865968431207246,0.03356984530953606,-0.01721243341975437,0.15875599757453207,0.5544,0.0,9.6418,0.6,0.0,1.0,0.0,0.0,0.0,0.3079,0.9736,0.0,0.3,1.0
114.5145,0.9866086545316134,0.03350717317994159,-0.016723587330229883,0.15874808274627206,0.5544,0.0,9.6071,0.6,0.0,1.0,0.0,0.0,0.0,0.3079,0.9736,0.0,0.3,1.0
114.5346,0.9866100959792865,0.03338522496649155,-0.016295621699333438,0.15880931326314685,0.5544,0.0,9.4972,0.6,0.0,1.0,0.0,0.0,0.0,0.3079,0.9736,0.0,0.3,1.0
114.5547,0.9866294812963189,0.03326388136808799,-0.015929943187639534,0.15875143383076912,0.5544,0.0,9.5806,0.6,0.0,1.0,0.0,0.0,0.0,0.3079,0.9736,0.0,0.3,1.0
114.5748,0.9866909695624252,0.03338589746143296,-0.01550295238556865,0.15838551354838917,0.5544,0.0,9.6806,0.6,0.0,1.0,0.0,0.0,0.0,0.3079,0.9736,0.0,0.3,1.0
114.5949,0.9867471770530135,0.03362973338295002,-0.015136879994579666,0.15801874722491108,0.5544,0.0,9.5806,0.6,0.0,1.0,0.0,0.0,0.0,0.3079,0.9736,0.0,0.3,1.0
114.615,0.986765752163126,0.03375236777823252,-0.014893162281382342,0.15789972053351972,0.5544,0.0,9.5887,0.6,0.0,1.0,0.0,0.0,0.0,0.3079,0.9736,0.0,0.3,1.0
114.635,0.9867590853405643,0.034058141006155465,-0.014648060645315781,0.15789865372570133,0.5544,0.0,9.6664,0.6,0.0,1.0,0.0,0.0,0.0,0.3079,0.9736,0.0,0.3,1.0
114.6551,0.9867590853405643,0.034058141006155465,-0.014648060645315781,0.15789865372570133,0.5544,0.0,9.6664,0.6,0.0,1.0,0.0,0.0,0.0,0.3079,0.9736,0.0,0.3,1.0
114.6752,0.9867748979485456,0.034485695391212205,-0.014526292917290075,0.15771818032840462,0.5544,0.0,9.6197,0.6,0.0,1.0,0.0,0.0,0.0,0.3079,0.9736,0.0,0.3,1.0
114.6953,0.9867924427050976,0.03485016803610334,-0.014525653234984276,0.15752823939236837,0.5544,0.0,9.5097,0.6,0.0,1.0,0.0,0.0,0.0,0.3079,0.9736,0.0,0.3,1.0
114.7154,0.986812452732375,0.03509487384542073,-0.014525947783974393,0.15734843438390383,0.5544,0.0,9.542,0.6,0.0,1.0,0.0,0.0,0.0,0.3079,0.9736,0.0,0.3,1.0
114.7355,0.9868229571905162,0.03558325086511583,-0.014587102840385693,0.15716710804223347,0.5544,0.0,9.6171,0.6,0.0,1.0,0.0,0.0,0.0,0.3079,0.9736,0.0,0.3,1.0
114.7556,0.9868144024671932,0.03607194160390244,-0.014647976286703331,0.157103745668094,0.5544,0.0,9.4993,0.6,0.0,1.0,0.0,0.0,0.0,0.3079,0.9736,0.0,0.3,1.0
114.7757,0.9867960742365809,0.03631526670825734,-0.014647704227958835,0.15716282650814986,0.5544,0.0,9.4663,0.6,0.0,1.0,0.0,0.0,0.0,0.3079,0.9736,0.0,0.3,1.0
114.7958,0.9867775524488468,0.0364998341906861,-0.014709336176629539,0.1572305934491083,0.5544,0.0,9.5396,0.6,0.0,1.0,0.0,0.0,0.0,0.3079,0.9736,0.0,0.3,1.0
114.8159,0.9867407439327212,0.03668147003961477,-0.014831785715816097,0.15740772583108226,0.5544,0.0,9.5091,0.6,0.0,1.0,0.0,0.0,0.0,0.3079,0.9736,0.0,0.3,1.0
114.8359,0.9867179691837311,0.0367438925763386,-0.014832360305153466,0.15753582683329537,0.5544,0.0,9.4375,0.6,0.0,1.0,0.0,0.0,0.0,0.3079,0.9736,0.0,0.3,1.0
114.856,0.9867135385478054,0.03686573000197108,-0.014832293703763318,0.15753511945396736,0.5544,0.0,9.47,0.6,0.0,1.0,0.0,0.0,0.0,0.3079,0.9736,0.0,0.3,1.0
114.8761,0.9867486002841046,0.036986760116450565,-0.014831903805315233,0.15728697989013096,0.5544,0.0,9.6159,0.6,0.0,1.0,0.0,0.0,0.0,0.3079,0.9736,0.0,0.3,1.0
114.8962,0.9867740189726546,0.037048714072793046,-0.014893287051557617,0.15710702806337945,0.5544,0.0,9.6171,0.6,0.0,1.0,0.0,0.0,0.0,0.3079,0.9736,0.0,0.3,1.0
114.9163,0.9867904230172752,0.03692504292627593,-0.014831615573918766,0.15703892965041308,0.5544,0.0,9.5091,0.6,0.0,1.0,0.0,0.0,0.0,0.3079,0.9736,0.0,0.3,1.0
114.9364,0.9868142186904331,0.03686493345468945,-0.014647973558776364,0.15692071674062993,0.5544,0.0,9.5091,0.6,0.0,1.0,0.0,0.0,0.0,0.3079,0.9736,0.0,0.3,1.0
114.9565,0.9868473876041698,0.03680517062287587,-0.014465460087487753,0.15674298535725242,0.5544,0.0,9.5423,0.6,0.0,1.0,0.0,0.0,0.0,0.3079,0.9736,0.0,0.3,1.0
114.9766,0.9868834286156134,0.03668223895022169,-0.014343093431738438,0.15655601981494896,0.5544,0.0,9.6074,0.6,0.0,1.0,0.0,0.0,0.0,0.3079,0.9736,0.0,0.3,1.0
114.9967,0.9869523790090197,0.03649953176536947,-0.014038204524021387,0.15619127556648918,0.5544,0.0,9.5407,0.6,0.0,1.0,0.0,0.0,0.0,0.3079,0.9736,0.0,0.3,1.0
115.0168,0.9870219206337416,0.0363168065549493,-0.013672303646306496,0.1558264607283804,0.5544,0.0,9.4427,0.6,0.0,1.0,0.0,0.0,0.0,0.3079,0.9736,0.0,0.3,1.0
115.0369,0.9870905236632271,0.03619284588274482,-0.013305575711880492,0.15545204294617515,0.5544,0.0,9.4504,0.6,0.0,1.0,0.0,0.0,0.0,0.3079,0.9736,0.0,0.3,1.0
115.057,0.9871610190123479,0.03625419273254571,-0.01287771325361256,0.15502554806602742,0.5544,0.0,9.3706,0.6,0.0,1.0,0.0,0.0,0.0,0.3079,0.9736,0.0,0.3,1.0
115.077,0.9872322058308958,0.036498563962527875,-0.01257284979590846,0.15453915376676136,0.5544,0.0,9.3515,0.6,0.0,1.0,0.0,0.0,0.0,0.3079,0.9736,0.0,0.3,1.0
115.0971,0.9874213439670113,0.036925788485959836,-0.012145930427083035,0.15325812212451173,0.5544,0.0,9.5624,0.6,0.0,1.0,0.0,0.0,0.0,0.3079,0.9736,0.0,0.3,1.0
115.1172,0.9875970646297129,0.036986515557213065,-0.011474849704464263,0.15215900704845212,0.5544,0.0,9.7015,0.6,0.0,1.0,0.0,0.0,0.0,0.3079,0.9736,0.0,0.3,1.0
115.1373,0.9876850687796552,0.03686552511976356,-0.010681152144424095,0.1516741604764623,0.5544,0.0,9.5755,0.6,0.0,1.0,0.0,0.0,0.0,0.3079,0.9736,0.0,0.3,1.0
115.1574,0.9876608272826586,0.03674262155803574,-0.00988789815654294,0.15191543530011475,0.5544,0.0,9.4691,0.6,0.0,1.0,0.0,0.0,0.0,0.3079,0.9736,0.0,0.3,1.0
115.1775,0.9876128793786836,0.03674310712428082,-0.0089720261578817,0.15228344398135302,0.5544,0.0,9.5964,0.6,0.0,1.0,0.0,0.0,0.0,0.3079,0.9736,0.0,0.3,1.0
115.1976,0.9876113797745517,0.03704805175918388,-0.0078120109140235455,0.1522832127522079,0.5544,0.0,9.6509,0.6,0.0,1.0,0.0,0.0,0.0,0.3079,0.9736,0.0,0.3,1.0
115.2177,0.9876282338052141,0.03729268850564903,-0.006775125083818832,0.15216380928102707,0.5544,0.0,9.5441,0.6,0.0,1.0,0.0,0.0,0.0,0.3079,0.9736,0.0,0.3,1.0
115.2378,0.9876210468421944,0.03735441782053982,-0.006104068275862691,0.15222370266847485,0.5544,0.0,9.5576,0.6,0.0,1.0,0.0,0.0,0.0,0.3079,0.9736,0.0,0.3,1.0
115.2579,0.9876302290717391,0.03765977136381023,-0.005737117510135132,0.1521031154421396,0.5544,0.0,9.6606,0.6,0.0,1.0,0.0,0.0,0.0,0.3079,0.9736,0.0,0.3,1.0
115.278,0.9877072150068698,0.038207041253075204,-0.005187869818387615,0.15148519871197416,0.5544,0.0,9.6746,0.6,0.0,1.0,0.0,0.0,0.0,0.3079,0.9736,0.0,0.3,1.0
115.2981,0.9878182009432539,0.03875798878303217,-0.004578116795642618,0.150638843056275,0.5544,0.0,9.6015,0.6,0.0,1.0,0.0,0.0,0.0,0.3079,0.9736,0.0,0.3,1.0
115.3182,0.9879224856128618,0.03924629737412872,-0.004028030520893601,0.14984213537269592,0.5544,0.0,9.7033,0.6,0.0,1.0,0.0,0.0,0.0,0.3079,0.9736,0.0,0.3,1.0
115.3383,0.9879822002316725,0.039429247444203716,-0.0034180214503103795,0.1494149376760317,0.5544,0.0,9.6704,0.6,0.0,1.0,0.0,0.0,0.0,0.3079,0.9736,0.0,0.3,1.0
115.3584,0.988022012345871,0.03942840189667527,-0.002624960181053852,0.14916773722202062,0.5544,0.0,9.4988,0.6,0.0,1.0,0.0,0.0,0.0,0.3079,0.9736,0.0,0.3,1.0
115.3785,0.9880834001114613,0.039550415604331146,-0.0017699738469233624,0.14874080221069075,0.5544,0.0,9.6482,0.6,0.0,1.0,0.0,0.0,0.0,0.3079,0.9736,0.0,0.3,1.0
115.3985,0.9881683659090983,0.03973437660440486,-0.0009770092601425334,0.14813340401579767,0.5544,0.0,9.6469,0.6,0.0,1.0,0.0,0.0,0.0,0.3079,0.9736,0.0,0.3,1.0
115.4187,0.9883010885039994,0.0396128051817453,-0.00030500619964738546,0.1472809936775999,0.5544,0.0,9.4771,0.6,0.0,1.0,0.0,0.0,0.0,0.3079,0.9736,0.0,0.3,0.0
115.4388,0.9885026637599934,0.03912311597273309,0.00042699035171141556,0.14605369976560356,0.5544,0.0,9.5062,0.6,0.0,1.0,0.0,0.0,0.0,0.3079,0.879,0.0,0.3,0.0
115.4589,0.9886809767655171,0.038694942366116654,0.0009769732967670095,0.14495403802738097,0.5815,0.0,10.5448,0.6,0.0,1.0,0.0,0.0,0.0,0.3079,0.8114,0.0,0.3,0.0
115.4789,0.9892098545243028,0.037109482228052,0.0007320095122728792,0.14172584169038352,0.5815,0.0,9.4509,0.6,0.0,1.0,0.0,0.0,0.0,0.3079,0.7302,0.0,0.3,0.0
115.499,0.9902472259332594,0.03338644591582171,-0.0012820171228683647,0.13525580650268226,0.5815,0.0,9.9743,0.6,0.0,1.0,0.0,0.0,0.0,0.3079,0.622,0.0,0.3,0.0
115.5191,0.9917406782469003,0.027831457768984158,-0.00237995363215659,0.12518056114884818,0.5815,0.0,8.8375,0.6,0.0,1.0,0.0,0.0,0.0,0.3079,0.5139,0.0,0.3,0.0
115.5392,0.9920293482401099,0.026001664392070092,-0.00048801246964847583,0.12329415040047353,0.5815,0.0,9.4369,0.6,0.0,1.0,0.0,0.0,0.0,0.3079,0.4327,0.0,0.3,0.0
115.5593,0.9916633073161634,0.026611679131891303,0.0030520778892387506,0.12604121658056133,0.568,0.0,7.6365,0.6,0.0,1.0,0.0,0.0,0.0,0.3079,0.3516,0.0,0.3,0.0
115.5794,0.9910806814452962,0.028686759220030902,0.0071409400631031765,0.12994290933481004,0.5815,0.0,8.7883,0.6,0.0,1.0,0.0,0.0,0.0,0.3079,0.2705,0.0,0.3,0.0
115.5995,0.9900010416991185,0.03155535194377284,0.012634140911349272,0.13690352691511293,0.568,0.0038,9.1118,0.6,0.0,1.0,0.0,0.0,0.0,0.3079,0.2164,0.0,0.3,0.0
115.6196,0.9892708632739046,0.03430244602724615,0.017456226979523325,0.14093183250597058,0.5544,0.0038,9.307,0.6,0.0,1.0,0.0,0.0,0.0,0.3079,0.1623,0.0,0.3,0.0
115.6396,0.989698273503117,0.037170498518327405,0.02056927586826679,0.13672083365421595,0.568,0.0038,9.6115,0.6,0.0,1.0,0.0,0.0,0.0,0.3079,0.1217,0.0,0.3,0.0
115.6597,0.9906753032473103,0.03881852127310232,0.022034295886741637,0.12872472857534006,0.5544,0.0038,10.756,0.6,0.0,1.0,0.0,0.0,0.0,0.3079,0.1217,0.0,0.3,0.0
115.6799,0.9911721353937109,0.03839185738778183,0.02288851115864527,0.12481978754319406,0.5815,0.0038,8.474,0.6,0.0,1.0,0.0,0.0,0.0,0.3079,0.0947,0.0,0.3,0.0
115.6999,0.9910317301845489,0.036377136921381975,0.022888086149396344,0.12652647623813884,0.595,0.0038,8.1973,0.6,0.0,1.0,0.0,0.0,0.0,0.3079,0.0676,0.0,0.3,0.0
115.72,0.990473458317494,0.03430180808195497,0.021666878774174062,0.13159126374907054,0.595,0.0038,11.0131,0.6,0.0,1.0,0.0,0.0,0.0,0.3079,0.0135,0.0,0.3,0.0
115.7401,0.9900768346797231,0.03436389667815023,0.0205085351417369,0.1347085150315813,0.6356,0.0038,8.764,0.6,0.0,1.0,0.0,0.0,0.0,0.3079,0.0135,0.0,0.3,0.0
115.7602,0.9905190268126951,0.03674222202251182,0.020751560607766527,0.13073423184163316,0.5815,0.0038,11.0447,0.6,0.0,1.0,0.0,0.0,0.0,0.3079,0.0135,0.0,0.3,0.0
115.7803,0.9912569789063999,0.03942840251848175,0.023437644835734503,0.12371612525759024,0.6085,0.0038,9.6809,0.6,0.0,1.0,0.0,0.0,0.0,0.3079,-0.027,0.0,0.3,0.0
115.8005,0.9914704688788395,0.04119964279502277,0.02642841233493197,0.12079088457409182,0.595,0.0038,7.7821,0.6,0.0,1.0,0.0,0.0,0.0,0.3079,0.0135,0.0,0.3,0.0
115.8205,0.9914958943714954,0.040587176970165145,0.025878475234327975,0.12090854820734304,0.6085,0.0038,9.2584,0.6,0.0,1.0,0.0,0.0,0.0,0.3079,-0.0135,0.0,0.3,0.0
115.8406,0.9913056498227042,0.04235683137269727,0.025756289382562074,0.12188363722375828,0.6085,0.0038,9.6185,0.6,0.0,1.0,0.0,0.0,0.0,0.3079,-0.027,0.0,0.3,0.0
115.8607,0.9909979752180051,0.04492063901599472,0.025695221498486284,0.12347025915722665,0.6085,0.0038,9.0351,0.6,0.0,1.0,0.0,0.0,0.0,0.3079,-0.027,0.0,0.3,0.0
115.8808,0.9908601014155582,0.04650970884117717,0.025513388842266088,0.12402489022789809,0.622,0.0038,9.6379,0.6,0.0,1.0,0.0,0.0,0.0,0.3079,-0.027,0.0,0.3,0.0
115.9009,0.9906091114269,0.04809639382878493,0.02575721090835026,0.1253670265456473,0.622,0.0038,9.7617,0.6,0.0,1.0,0.0,0.0,0.0,0.3079,-0.027,0.0,0.3,0.0
115.921,0.9900973662007562,0.05053625306600426,0.024169642768769883,0.12872109748135557,0.6085,0.0038,9.5958,0.6,0.0,1.0,0.0,0.0,0.0,0.3079,-0.027,0.0,0.3,0.0
115.9411,0.9900973662007562,0.05053625306600426,0.024169642768769883,0.12872109748135557,0.6085,0.0038,9.5958,0.6,0.0,1.0,0.0,0.0,0.0,0.3079,-0.027,0.0,0.3,0.0
115.9611,0.9898504479596937,0.05230607250807956,0.021544617970569425,0.13036868830081705,0.6085,0.0038,9.8069,0.6,0.0,1.0,0.0,0.0,0.0,0.3079,-0.027,0.0,0.3,0.0
115.9812,0.9897094169105372,0.053773326630304985,0.018616459282707692,0.1312902390335649,0.6085,0.0038,10.0038,0.6,0.0,1.0,0.0,0.0,0.0,0.3079,-0.027,0.0,0.3,0.0
116.0013,0.9895258730919562,0.05536033561174974,0.015198366672580305,0.1324491954412798,0.6085,0.0038,9.811,0.6,0.0,1.0,0.0,0.0,0.0,0.3079,-0.027,0.0,0.3,0.0
116.0214,0.9893501586114638,0.056761287931090705,0.012145633655920732,0.13347997389485602,0.6085,0.0038,9.7122,0.6,0.0,1.0,0.0,0.0,0.0,0.3079,-0.027,0.0,0.3,0.0
116.0415,0.9891669912954466,0.05785924470388186,0.009459713017381707,0.13457891723237644,0.6085,0.0038,9.6964,0.6,0.0,1.0,0.0,0.0,0.0,0.3079,-0.027,0.0,0.3,0.0
116.0616,0.9889523904583931,0.058898963697576016,0.006713995861823221,0.13586391626016509,0.6085,0.0038,9.865,0.6,0.0,1.0,0.0,0.0,0.0,0.3079,-0.027,0.0,0.3,0.0
116.0817,0.9886779958767002,0.059999881046126934,0.002258070792395664,0.13751631125062524,0.6085,0.0038,9.8094,0.6,0.0,1.0,0.0,0.0,0.0,0.3079,-0.027,0.0,0.3,0.0
116.1018,0.9885740247191119,0.05993627395045996,-0.0009769881650666286,0.1383043246240605,0.6085,0.0038,9.6349,0.6,0.0,1.0,0.0,0.0,0.0,0.3079,-0.027,0.0,0.3,0.0
116.1218,0.9885177630652114,0.059325565677759026,-0.003966970957820677,0.13891498300393718,0.6085,0.0038,9.5956,0.6,0.0,1.0,0.0,0.0,0.0,0.3079,-0.027,0.0,0.3,0.0
116.1419,0.9884711280728843,0.058716423416459745,-0.006592047536639112,0.13940500527876826,0.6085,0.0038,9.4349,0.6,0.0,1.0,0.0,0.0,0.0,0.3079,-0.027,0.0,0.3,0.0
116.162,0.9884389529060872,0.05822652453687301,-0.008971772654819401,0.13970545985646068,0.6085,0.0038,9.3934,0.6,0.0,1.0,0.0,0.0,0.0,0.3079,-0.027,0.0,0.3,0.0
116.1821,0.9883991039884756,0.05767777264926077,-0.010924956936668631,0.14007544785911186,0.6085,0.0038,9.4976,0.6,0.0,1.0,0.0,0.0,0.0,0.3079,-0.027,0.0,0.3,0.0
116.2022,0.9883516492585291,0.05706855715924826,-0.012756124537803502,0.14050437174153393,0.6085,0.0038,9.4341,0.6,0.0,1.0,0.0,0.0,0.0,0.3079,-0.027,0.0,0.3,0.0
116.2223,0.9883451268946901,0.05651917881356959,-0.014282045185077592,0.14062544490628326,0.6085,0.0038,9.2797,0.6,0.0,1.0,0.0,0.0,0.0,0.3079,-0.027,0.0,0.3,0.0
116.2424,0.9883412638352722,0.056212958129849944,-0.015136988725233273,0.14068589521029062,0.6085,0.0038,9.4841,0.6,0.0,1.0,0.0,0.0,0.0,0.3079,-0.027,0.0,0.3,0.0
116.2625,0.9883096827099115,0.05590962260829231,-0.015442448170516727,0.1409950919576043,0.6085,0.0038,9.4332,0.6,0.0,1.0,0.0,0.0,0.0,0.3079,-0.027,0.0,0.3,0.0
116.2825,0.9883171862716625,0.05541860860226068,-0.015685606180712026,0.14110945715789985,0.6085,0.0038,9.5661,0.6,0.0,1.0,0.0,0.0,0.0,0.3079,-0.027,0.0,0.3,0.0
116.3027,0.9883281772513084,0.05474823429170457,-0.015685780618818194,0.14129402386309675,0.6085,0.0038,9.352,0.6,0.0,1.0,0.0,0.0,0.0,0.3079,-0.027,0.0,0.3,0.0
116.3228,0.9884087669381834,0.05413831587368652,-0.015442090097925056,0.14099182262637955,0.6085,0.0038,9.3315,0.6,0.0,1.0,0.0,0.0,0.0,0.3079,-0.027,0.0,0.3,0.0
116.3428,0.988531144984232,0.053589333126182956,-0.015076093717186993,0.14038187265272156,0.6085,0.0038,9.6134,0.6,0.0,1.0,0.0,0.0,0.0,0.3079,-0.027,0.0,0.3,0.0
116.3629,0.9886859764974515,0.052854822630897386,-0.014342680509212974,0.1396448893363016,0.6085,0.0038,9.671,0.6,0.0,1.0,0.0,0.0,0.0,0.3079,-0.027,0.0,0.3,0.0
116.383,0.9888951177484473,0.05194116375799593,-0.01324504175843082,0.13861143700852074,0.6085,0.0038,9.4871,0.6,0.0,1.0,0.0,0.0,0.0,0.3079,-0.027,0.0,0.3,0.0
116.4031,0.9890365836511597,0.05139317351119438,-0.011719267597635558,0.1379421497696265,0.6085,0.0038,8.9856,0.6,0.0,1.0,0.0,0.0,0.0,0.3079,-0.027,0.0,0.3,0.0
116.4232,0.9891536447577394,0.051025910212310184,-0.010559188357310787,0.13733144975103082,0.6085,0.0038,9.5883,0.6,0.0,1.0,0.0,0.0,0.0,0.3079,-0.027,0.0,0.3,0.0
116.4434,0.989246178080725,0.05078039315235996,-0.009398887679231025,0.1368393647104644,0.6085,0.0038,9.506,0.6,0.0,1.0,0.0,0.0,0.0,0.3079,-0.027,0.0,0.3,0.0
116.4635,0.9892965347603029,0.050535852416845745,-0.007995818428579028,0.1366548967999942,0.6085,0.0038,9.3445,0.6,0.0,1.0,0.0,0.0,0.0,0.3079,-0.027,0.0,0.3,0.0
116.4837,0.9892841929001692,0.05059933969941386,-0.0068361809989563385,0.13678362156776608,0.6085,0.0038,9.4133,0.6,0.0,1.0,0.0,0.0,0.0,0.3079,-0.027,0.0,0.3,0.0
116.5038,0.9892271935638085,0.05102341103290883,-0.005919815645562369,0.13708073104255386,0.6085,0.0038,9.5471,0.6,0.0,1.0,0.0,0.0,0.0,0.3079,-0.027,0.0,0.3,0.0
116.5239,0.9891956876611654,0.05139193181973117,-0.005004993360012339,0.13720681797147138,0.6085,0.0038,9.5926,0.6,0.0,1.0,0.0,0.0,0.0,0.3079,-0.027,0.0,0.3,0.0
116.5439,0.9891757275388122,0.05169588826752808,-0.004149910755174211,0.13726504808223006,0.6085,0.0038,9.5648,0.6,0.0,1.0,0.0,0.0,0.0,0.3079,-0.027,0.0,0.3,0.0
116.564,0.9890833053105121,0.052185438199963685,-0.003723031262210689,0.1377571567437807,0.622,0.0038,9.5815,0.6,0.0,1.0,0.0,0.0,0.0,0.3079,-0.027,0.0,0.3,0.0
116.5841,0.9889492822717081,0.05279480153003714,-0.003600986462916251,0.13848847938428477,0.622,0.0038,9.5159,0.6,0.0,1.0,0.0,0.0,0.0,0.3079,-0.027,0.0,0.3,0.0
116.6041,0.9888223872966219,0.053405534834530255,-0.0036009686353432775,0.1391587879184592,0.622,0.0038,9.477,0.6,0.0,1.0,0.0,0.0,0.0,0.3079,-0.027,0.0,0.3,0.0
116.6242,0.988696024255637,0.054137344252450335,-0.003722954905092023,0.13976930702111703,0.622,0.0038,9.4215,0.6,0.0,1.0,0.0,0.0,0.0,0.3079,-0.027,0.0,0.3,0.0
116.6443,0.9884923890080886,0.05529617574403205,-0.0040888651057424535,0.14074235682023373,0.622,0.0038,9.3429,0.6,0.0,1.0,0.0,0.0,0.0,0.3079,-0.027,0.0,0.3,0.0
116.6643,0.9882315239945927,0.056763661934088626,-0.004578053385731154,0.1419696555407342,0.622,0.0038,9.5274,0.6,0.0,1.0,0.0,0.0,0.0,0.3079,-0.027,0.0,0.3,0.0
116.6844,0.9879327603632095,0.05853405228419423,-0.004883087784732024,0.14331357639109832,0.622,0.0038,9.668,0.6,0.0,1.0,0.0,0.0,0.0,0.3079,-0.027,0.0,0.3,0.0
116.7045,0.987605381356709,0.060119718843638016,-0.005126976023142573,0.14489632237669015,0.622,0.0038,9.6398,0.6,0.0,1.0,0.0,0.0,0.0,0.3079,-0.027,0.0,0.3,0.0
116.7245,0.9871751532972173,0.06133951243411941,-0.005675954883861446,0.1472768293490747,0.622,0.0038,9.4636,0.6,0.0,1.0,0.0,0.0,0.0,0.3079,-0.027,0.0,0.3,0.0
116.7446,0.9867276553226705,0.06225427477921891,-0.006469820705177737,0.14983684764830596,0.622,0.0038,9.4489,0.6,0.0,1.0,0.0,0.0,0.0,0.3079,-0.027,0.0,0.3,0.0
116.7647,0.9862795179218208,0.06317180178049084,-0.007263092183623886,0.15234593358419363,0.622,0.0038,9.478,0.6,0.0,1.0,0.0,0.0,0.0,0.3079,-0.027,0.0,0.3,0.0
116.7847,0.9858165583910066,0.06426847176802522,-0.007689817144797155,0.1548423180238312,0.622,0.0038,9.4165,0.6,0.0,1.0,0.0,0.0,0.0,0.3079,-0.027,0.0,0.3,0.0
116.8048,0.9853018593401288,0.0654307211337814,-0.007935087455243087,0.1575947369041114,0.622,0.0038,9.4804,0.6,0.0,1.0,0.0,0.0,0.0,0.3079,-0.027,0.0,0.3,0.0
116.8249,0.9847605719942634,0.06671232589920528,-0.008179162559841698,0.1604031879934722,0.622,0.0038,9.5687,0.6,0.0,1.0,0.0,0.0,0.0,0.3079,-0.027,0.0,0.3,0.0
116.845,0.9842770139635292,0.0677506529510351,-0.008362204017425419,0.16290697453368266,0.622,0.0038,9.3719,0.6,0.0,1.0,0.0,0.0,0.0,0.3079,-0.027,0.0,0.3,0.0
116.865,0.9838915970740136,0.06860432054256803,-0.008545039925314017,0.16485677026653828,0.622,0.0038,9.3304,0.6,0.0,1.0,0.0,0.0,0.0,0.3079,-0.027,0.0,0.3,0.0
116.8851,0.9835948974992105,0.06915390678841511,-0.008667113648506832,0.16638418173137942,0.622,0.0038,9.5879,0.6,0.0,1.0,0.0,0.0,0.0,0.3079,-0.027,0.0,0.3,0.0
116.9052,0.9833693129751369,0.06909427039974918,-0.008789288811199478,0.16773051153241947,0.622,0.0038,9.5508,0.6,0.0,1.0,0.0,0.0,0.0,0.3079,-0.027,0.0,0.3,0.0
116.9252,0.9831532445684412,0.06860394728635934,-0.008849993199875804,0.16918886999929805,0.622,0.0038,9.3616,0.6,0.0,1.0,0.0,0.0,0.0,0.3079,-0.027,0.0,0.3,0.0
116.9453,0.9829259613605322,0.06805510512094666,-0.008972145695258652,0.1707177722209189,0.622,0.0038,9.3641,0.6,0.0,1.0,0.0,0.0,0.0,0.3079,-0.027,0.0,0.3,0.0
116.9654,0.9826880111681856,0.06744551070783676,-0.009277207799605608,0.17230585946832463,0.622,0.0038,9.4033,0.6,0.0,1.0,0.0,0.0,0.0,0.3079,-0.027,0.0,0.3,0.0
116.9855,0.9824873769443457,0.06622329502229088,-0.009766043507356839,0.1738897746724119,0.622,0.0038,9.2819,0.6,0.0,1.0,0.0,0.0,0.0,0.3079,-0.027,0.0,0.3,0.0
117.0055,0.982109483575121,0.06341551465904761,-0.010497919655775852,0.17700064535260418,0.622,0.0038,9.1344,0.6,0.0,1.0,0.0,0.0,0.0,0.3079,-0.027,0.0,0.3,0.0
117.0256,0.981757236938225,0.06164645442148593,-0.011414084137930117,0.1795053232079034,0.622,0.0038,9.3192,0.6,0.0,1.0,0.0,0.0,0.0,0.3079,-0.027,0.0,0.3,0.0
117.0457,0.9814330786214823,0.05975227419454931,-0.012633846537812925,0.18182179142720425,0.622,0.0038,9.4861,0.6,0.0,1.0,0.0,0.0,0.0,0.3079,-0.027,0.0,0.3,0.0
117.0657,0.9811272087173605,0.057311252814082975,-0.014037816984298158,0.18414059929759347,0.622,0.0038,9.5543,0.6,0.0,1.0,0.0,0.0,0.0,0.3079,-0.027,0.0,0.3,0.0
117.0858,0.9807451817304348,0.05493380257304253,-0.015381504721764491,0.18677412872209284,0.622,0.0038,9.6071,0.6,0.0,1.0,0.0,0.0,0.0,0.3079,-0.027,0.0,0.3,0.0
117.1059,0.9801248152782327,0.05285717647670324,-0.017212383107253978,0.19043423861924091,0.622,0.0038,9.7265,0.6,0.0,1.0,0.0,0.0,0.0,0.3079,-0.027,0.0,0.3,0.0
117.1259,0.9793420195576602,0.050718550937811586,-0.019042455944573055,0.19481843390986192,0.622,0.0038,9.661,0.6,0.0,1.0,0.0,0.0,0.0,0.3079,-0.027,0.0,0.3,0.0
117.146,0.9784807647690663,0.04852427771219873,-0.020813548049873086,0.19946825227847192,0.622,0.0038,9.4891,0.6,0.0,1.0,0.0,0.0,0.0,0.3079,-0.027,0.0,0.3,0.0
117.1661,0.9775297813735953,0.046691559673727505,-0.02288778415600691,0.2042830735018295,0.622,0.0038,9.4851,0.6,0.0,1.0,0.0,0.0,0.0,0.3079,-0.027,0.0,0.3,0.0
117.1861,0.9764783218462858,0.045042953903010954,-0.02520741457213169,0.2093461380549962,0.5815,0.0038,9.3765,0.6,0.0,1.0,0.0,0.0,0.0,0.3079,-0.027,0.0,0.3,0.0
117.2062,0.975297005495443,0.04345771317990966,-0.027344448746840534,0.21484752583989933,0.5815,0.0038,9.377,0.6,0.0,1.0,0.0,0.0,0.0,0.3079,-0.0135,0.0,0.3,0.0
117.2263,0.975297005495443,0.04345771317990966,-0.027344448746840534,0.21484752583989933,0.5815,0.0038,9.377,0.6,0.0,1.0,0.0,0.0,0.0,0.3079,-0.0135,0.0,0.3,0.0
117.2463,0.9727839496708642,0.04229725869543569,-0.030945189264729344,0.2257093804673948,0.5815,0.0038,9.9455,0.6,0.0,1.0,0.0,0.0,0.0,0.3079,-0.0135,0.0,0.3,0.0
117.2664,0.9709420123968074,0.04156478648708251,-0.03314182975471883,0.23333580138425053,0.595,0.0038,9.7952,0.6,0.0,1.0,0.0,0.0,0.0,0.3079,-0.0135,0.0,0.3,0.0
117.2865,0.9691634123587893,0.04046543267587942,-0.03460651481772743,0.24059762682867747,0.595,0.0038,9.4015,0.6,0.0,1.0,0.0,0.0,0.0,0.3079,-0.0135,0.0,0.3,0.0
117.3066,0.9671094883553418,0.0402223114424627,-0.036621283559604846,0.24847592395590667,0.595,0.0038,9.5077,0.6,0.0,1.0,0.0,0.0,0.0,0.3079,-0.0135,0.0,0.3,0.0
117.3266,0.9648605266831884,0.04071069731611805,-0.03930767328431962,0.25659639512987864,0.595,0.0038,9.6193,0.6,0.0,1.0,0.0,0.0,0.0,0.3079,-0.0135,0.0,0.3,0.0
117.3467,0.9626031040802553,0.04101677141962087,-0.04205379092328155,0.26446997399770905,0.595,0.0038,9.8125,0.6,0.0,1.0,0.0,0.0,0.0,0.3079,-0.0135,0.0,0.3,0.0
117.3668,0.9601868428651634,0.04125921978808344,-0.044799152847943224,0.27263884439898745,0.595,0.0038,9.7979,0.6,0.0,1.0,0.0,0.0,0.0,0.3079,-0.0135,0.0,0.3,0.0
117.3868,0.9578746188422981,0.042174498896188,-0.04742343653000164,0.28008667210037447,0.595,0.0038,9.7607,0.6,0.0,1.0,0.0,0.0,0.0,0.3079,-0.0135,0.0,0.3,0.0
117.4069,0.9555860802843398,0.043762919615602996,-0.050050051730755295,0.2871150333146601,0.595,0.0038,9.7501,0.6,0.0,1.0,0.0,0.0,0.0,0.3079,-0.0135,0.0,0.3,0.0
117.427,0.9535282926402023,0.04498188162557914,-0.05248869498536443,0.2932667085756862,0.595,0.0038,9.5079,0.6,0.0,1.0,0.0,0.0,0.0,0.3079,-0.0135,0.0,0.3,0.0
117.447,0.9515968896330714,0.045287899564525134,-0.05548087695944662,0.2988883371520348,0.595,0.0038,9.2796,0.6,0.0,1.0,0.0,0.0,0.0,0.3079,-0.0135,0.0,0.3,0.0
117.4671,0.9495754816635549,0.04504354849334517,-0.05932540533514329,0.30456194713781354,0.595,0.0038,9.3582,0.6,0.0,1.0,0.0,0.0,0.0,0.3079,-0.0135,0.0,0.3,0.0
117.4873,0.9472751512914777,0.044556430443975704,-0.06396561794929762,0.3107940024713539,0.595,0.0038,9.5152,0.6,0.0,1.0,0.0,0.0,0.0,0.3079,-0.0135,0.0,0.3,0.0
117.5074,0.9449561940449115,0.0437014714448833,-0.06872674141372162,0.31689841865234863,0.595,0.0038,9.3914,0.6,0.0,1.0,0.0,0.0,0.0,0.3079,-0.0135,0.0,0.3,0.0
117.5275,0.9429253702725968,0.04247970132435841,-0.07342448375096551,0.3220187358797367,0.595,0.0038,9.28,0.6,0.0,1.0,0.0,0.0,0.0,0.3079,-0.0135,0.0,0.3,0.0
117.5475,0.9410823518121624,0.04107618604739365,-0.07806245313931728,0.32647053076405125,0.595,0.0038,9.4312,0.6,0.0,1.0,0.0,0.0,0.0,0.3079,-0.0135,0.0,0.3,0.0
117.5676,0.9392669413437076,0.039672870808105144,-0.08276373048577151,0.33068692314144804,0.595,0.0038,9.3178,0.6,0.0,1.0,0.0,0.0,0.0,0.3079,-0.0135,0.0,0.3,0.0
117.5877,0.9374944302177615,0.038085773727225256,-0.0875234800110713,0.33465401177488546,0.595,0.0038,9.3202,0.6,0.0,1.0,0.0,0.0,0.0,0.3079,-0.0135,0.0,0.3,0.0
117.6077,0.9358905424907116,0.036010135905402564,-0.09209978998526522,0.338126886350651,0.595,0.0038,9.314,0.6,0.0,1.0,0.0,0.0,0.0,0.3079,-0.0135,0.0,0.3,0.0
117.6278,0.9344136998279505,0.033630960967151714,-0.09613274688588443,0.3413187528021881,0.595,0.0038,9.3259,0.6,0.0,1.0,0.0,0.0,0.0,0.3079,-0.0135,0.0,0.3,0.0
117.6479,0.9327917660777414,0.031005726306825118,-0.10009711642458169,0.3448459559821431,0.595,0.0038,9.299,0.6,0.0,1.0,0.0,0.0,0.0,0.3079,-0.0135,0.0,0.3,0.0
117.668,0.9310315010283511,0.028076045264784157,-0.10394316757933678,0.3486945621726259,0.595,0.0038,9.2138,0.6,0.0,1.0,0.0,0.0,0.0,0.3079,-0.0135,0.0,0.3,0.0
117.688,0.9293249097780223,0.025024105279322487,-0.10717845091221317,0.35247948292219566,0.595,0.0038,9.2657,0.6,0.0,1.0,0.0,0.0,0.0,0.3079,-0.0135,0.0,0.3,0.0
117.7081,0.9275372250920575,0.022338668247170762,-0.10992236753668458,0.35650070558779945,0.595,0.0038,9.5573,0.6,0.0,1.0,0.0,0.0,0.0,0.3079,-0.0135,0.0,0.3,0.0
117.7282,0.9254774385160491,0.01953103035806112,-0.11242717475120247,0.361206561441494,0.595,0.0038,9.7464,0.6,0.0,1.0,0.0,0.0,0.0,0.3079,-0.0135,0.0,0.3,0.0
117.7482,0.9234818373163179,0.016235348751578765,-0.11432145573955849,0.36585285888643865,0.595,0.0038,9.8775,0.6,0.0,1.0,0.0,0.0,0.0,0.3079,-0.0135,0.0,0.3,0.0
117.7683,0.9218040855055921,0.012938860835653265,-0.1153547592980613,0.36986902186147086,0.595,0.0038,12.8672,0.6,0.0,1.0,0.0,0.0,0.0,0.3079,-0.0135,0.0,0.3,0.0
117.7884,0.9202320378875777,0.010986060144108939,-0.11608963554245963,0.3735980452938757,0.595,0.0038,9.5303,0.6,0.0,1.0,0.0,0.0,0.0,0.3079,0.0,0.0,0.3,0.0
117.8084,0.9173389851588519,0.012694736860191597,-0.11822254945223705,0.3799361245851618,0.6085,0.0038,8.64,0.6,0.0,1.0,0.0,0.0,0.0,0.3079,0.0,0.0,0.3,0.0
117.8285,0.913631806228359,0.016540942178028747,-0.12200857349610716,0.3874496455969659,0.622,0.0038,9.3884,0.6,0.0,1.0,0.0,0.0,0.0,0.3079,0.0,0.0,0.3,0.0
117.8486,0.911063111620079,0.018798816597750647,-0.12676876323723857,0.3918421771669874,0.622,0.0038,9.4489,0.6,0.0,1.0,0.0,0.0,0.0,0.3079,0.0,0.0,0.3,0.0
117.8687,0.910409923424834,0.017029185617312738,-0.12957941240942786,0.392521278463253,0.6085,0.0038,10.3355,0.6,0.0,1.0,0.0,0.0,0.0,0.3079,0.0,0.0,0.3,0.0
117.8888,0.910224254798847,0.014099112374751248,-0.13159304884163872,0.39239812754738007,0.6085,0.0038,9.5038,0.6,0.0,1.0,0.0,0.0,0.0,0.3079,0.0,0.0,0.3,0.0
117.9088,0.9092428313051031,0.012390024954737254,-0.13415527020199938,0.3938607932746411,0.6085,0.0038,9.4222,0.6,0.0,1.0,0.0,0.0,0.0,0.3079,0.0,0.0,0.3,0.0
117.9289,0.9072576216872075,0.011230379046861874,-0.13806666001494577,0.39710840317129187,0.6085,0.0038,9.3374,0.6,0.0,1.0,0.0,0.0,0.0,0.3079,-0.0135,0.0,0.3,0.0
117.949,0.9049757898995161,0.009827084590109891,-0.14166421942492458,0.40106545231287705,0.6085,0.0038,9.3091,0.6,0.0,1.0,0.0,0.0,0.0,0.3079,-0.0135,0.0,0.3,0.0
117.969,0.9024053751015666,0.006470002689376891,-0.14721706119350772,0.4049071683071903,0.622,0.0038,9.4817,0.6,0.0,1.0,0.0,0.0,0.0,0.3079,-0.0135,0.0,0.3,0.0
117.9891,0.9011098672785904,0.003417950186998031,-0.15118179668552062,0.4063660776450444,0.622,0.0038,9.7174,0.6,0.0,1.0,0.0,0.0,0.0,0.3079,-0.0135,0.0,0.3,0.0
118.0092,0.8996852855594255,1.3877787807814457e-17,-0.1556447203764864,0.40784936921218895,0.622,0.0038,9.3469,0.6,0.0,1.0,0.0,0.0,0.0,0.3079,-0.0135,0.0,0.3,0.0
118.0292,0.8977400405531561,-0.0032959046941665876,-0.16088434779726202,0.4100831418550564,0.622,0.0038,9.2732,0.6,0.0,1.0,0.0,0.0,0.0,0.3079,-0.027,0.0,0.3,0.0
118.0493,0.8954534563443298,-0.006226044890652122,-0.16638319964607878,0.4128449766698708,0.622,0.0038,9.3671,0.6,0.0,1.0,0.0,0.0,0.0,0.3079,-0.027,0.0,0.3,0.0
118.0694,0.8932632175220139,-0.00927713727282585,-0.17169454054608407,0.41535014589248626,0.622,0.0038,9.6042,0.6,0.0,1.0,0.0,0.0,0.0,0.3079,-0.027,0.0,0.3,0.0
118.0895,0.891050326608167,-0.012694976158844434,-0.1766966681637921,0.4179072151705689,0.622,0.0038,9.519,0.6,0.0,1.0,0.0,0.0,0.0,0.3079,-0.027,0.0,0.3,0.0
118.1095,0.8887216446974567,-0.015807798021877623,-0.18188267606333614,0.420526626881089,0.622,0.0038,9.3538,0.6,0.0,1.0,0.0,0.0,0.0,0.3079,-0.027,0.0,0.3,0.0
118.1296,0.886332656829398,-0.01806558535739132,-0.1873127007854798,0.4230862892931948,0.622,0.0038,9.3604,0.6,0.0,1.0,0.0,0.0,0.0,0.3079,-0.027,0.0,0.3,0.0
118.1497,0.8835424334379799,-0.019835942379477823,-0.1934194381447171,0.4260847622858543,0.622,0.0038,9.604,0.6,0.0,1.0,0.0,0.0,0.0,0.3079,-0.027,0.0,0.3,0.0
118.1697,0.8808367079649393,-0.021544454757350034,-0.19890896605261224,0.4290661412819444,0.622,0.0038,9.1129,0.6,0.0,1.0,0.0,0.0,0.0,0.3079,-0.027,0.0,0.3,0.0
118.1898,0.8787744044519123,-0.0227657514153105,-0.20373277539305493,0.43096429419770527,0.622,0.0038,9.1573,0.6,0.0,1.0,0.0,0.0,0.0,0.3079,-0.027,0.0,0.3,0.0
118.2099,0.877941935456358,-0.02258330701583372,-0.20880383864912122,0.4302428490710387,0.622,0.0038,9.8617,0.6,0.0,1.0,0.0,0.0,0.0,0.3079,-0.027,0.0,0.3,0.0
118.2299,0.877337884006739,-0.021790469022677977,-0.21423761129579522,0.4288422304911462,0.595,0.0038,9.8483,0.6,0.0,1.0,0.0,0.0,0.0,0.3079,-0.027,0.0,0.3,0.0
118.25,0.8762163374904681,-0.02160588503108124,-0.219297833075585,0.42858671941063065,0.5815,0.0038,9.6735,0.6,0.0,1.0,0.0,0.0,0.0,0.3079,-0.027,0.0,0.3,0.0
118.2701,0.8748298568866827,-0.02233932830865379,-0.22339228307184153,0.42926630868761984,0.6085,0.0038,9.3841,0.6,0.0,1.0,0.0,0.0,0.0,0.3079,-0.0406,0.0,0.3,0.0
118.2902,0.8730191370615498,-0.023499891982012674,-0.22736463004649068,0.4308023519027759,0.5815,0.0038,10.8947,0.6,0.0,1.0,0.0,0.0,0.0,0.3079,-0.027,0.0,0.3,0.0
118.3102,0.8699663526005822,-0.02453691248693332,-0.23194262556017287,0.4344641569988272,0.622,0.0038,9.7303,0.6,0.0,1.0,0.0,0.0,0.0,0.3079,-0.027,0.0,0.3,0.0
118.3303,0.8667913774982932,-0.02545292138548909,-0.23713058403150847,0.4379428533546714,0.5815,0.0038,11.1775,0.6,0.0,1.0,0.0,0.0,0.0,0.3079,-0.027,0.0,0.3,0.0
118.3504,0.8622256375089103,-0.02746541507951311,-0.24230483972609151,0.4439605451413183,0.622,0.0038,8.6532,0.6,0.0,1.0,0.0,0.0,0.0,0.3079,-0.0135,0.0,0.3,0.0
118.3704,0.858401311268414,-0.030640118193733176,-0.247559954958303,0.44824372909253807,0.595,0.0038,8.8968,0.6,0.0,1.0,0.0,0.0,0.0,0.3079,-0.0135,0.0,0.3,0.0
118.3905,0.8549445715856193,-0.03552306250283868,-0.2526935581215108,0.45161250783231405,0.622,0.0038,12.0204,0.6,0.0,1.0,0.0,0.0,0.0,0.3079,-0.0135,0.0,0.3,0.0
118.4106,0.8526537825319993,-0.039794663149670124,-0.2578098177143552,0.4526941680746169,0.6085,0.0038,11.0929,0.6,0.0,1.0,0.0,0.0,0.0,0.3079,0.0,0.0,0.3,0.0
118.4306,0.849645397656162,-0.044615708106941446,-0.26262639538647764,0.45512582137044727,0.5409,0.0038,9.8889,0.6,0.0,1.0,0.0,0.0,0.0,0.3079,0.0135,0.0,0.3,0.0
118.4507,0.8467919127847896,-0.04937641181477431,-0.26733081548273263,0.45720855360755486,0.6626,0.0038,8.0588,0.6,0.0,1.0,0.0,0.0,0.0,0.3079,-0.0676,0.0,0.3,0.0
118.4708,0.8430234198499741,-0.05340634335270145,-0.27087574147698146,0.4616119677320372,0.6085,0.0038,10.9277,0.6,0.0,1.0,0.0,0.0,0.0,0.3079,0.0406,0.0,0.3,0.0
118.4908,0.8394099080121966,-0.0573725152723661,-0.27685266093338196,0.46416807834704,0.6356,0.0038,11.7535,0.6,0.0,1.0,0.0,0.0,0.0,0.3079,-0.0135,0.0,0.3,0.0
118.511,0.8384875039034704,-0.06188900384923304,-0.28319844170486924,0.4614185731157896,0.5815,0.0038,10.6171,0.6,0.0,1.0,0.0,0.0,0.0,0.3079,0.0,0.0,0.3,0.0
118.531,0.8390115389600091,-0.06445473149301058,-0.28754472451717983,0.45740928770900613,0.5815,0.0038,10.061,0.6,0.0,1.0,0.0,0.0,0.0,0.3079,0.0,0.0,0.3,0.0
118.5511,0.8382847002171404,-0.06830025690859752,-0.2905976024855127,0.45625307639264284,0.5815,0.0038,9.0821,0.6,0.0,1.0,0.0,0.0,0.0,0.3079,0.0,0.0,0.3,0.0
118.5712,0.8361894054796081,-0.07098462865568077,-0.29406960434591023,0.45746205138581136,0.5815,0.0038,9.413,0.6,0.0,1.0,0.0,0.0,0.0,0.3079,0.0,0.0,0.3,0.0
118.5913,0.8331125885778892,-0.07256948335276121,-0.29802877142440093,0.4602563809902306,0.5815,0.0038,9.457,0.6,0.0,1.0,0.0,0.0,0.0,0.3079,-0.0135,0.0,0.3,0.0
118.6113,0.8300286534442222,-0.07360903345681145,-0.3018842383972157,0.4631415024184924,0.5815,0.0038,9.3868,0.6,0.0,1.0,0.0,0.0,0.0,0.3079,-0.027,0.0,0.3,0.0
118.6314,0.8272631100744481,-0.07482828633393508,-0.30541708712010684,0.4655715596654798,0.568,0.0038,9.2866,0.6,0.0,1.0,0.0,0.0,0.0,0.3079,-0.027,0.0,0.3,0.0
118.6515,0.8241718345713975,-0.07672228786246346,-0.3084161770825489,0.4687578685826535,0.5409,0.0038,9.3732,0.6,0.0,1.0,0.0,0.0,0.0,0.3079,-0.027,0.0,0.3,0.0
118.6715,0.8206321262610243,-0.07946936797597794,-0.3120173710288524,0.47211512693203583,0.5274,0.0038,8.7422,0.6,0.0,1.0,0.0,0.0,0.0,0.3079,-0.027,0.0,0.3,0.0
118.6916,0.8167951831510195,-0.08282735089410893,-0.31598796870714957,0.4755384972402194,0.5409,0.0038,8.3597,0.6,0.0,1.0,0.0,0.0,0.0,0.3079,-0.027,0.0,0.3,0.0
118.7117,0.813249639750842,-0.08703788789097609,-0.32092996111535144,0.4775493582605915,0.5409,0.0038,9.2259,0.6,0.0,1.0,0.0,0.0,0.0,0.3079,-0.0406,0.0,0.3,0.0
118.7317,0.8101645412062535,-0.09130714506141437,-0.32634837011157625,0.47832328268474683,0.5409,0.0038,9.313,0.6,0.0,1.0,0.0,0.0,0.0,0.3079,-0.0406,0.0,0.3,0.0
118.7518,0.8073715962105008,-0.09551983391818525,-0.3320914225875,0.4782701684242505,0.5409,0.0038,9.7879,0.6,0.0,1.0,0.0,0.0,0.0,0.3079,-0.0406,0.0,0.3,0.0
118.7719,0.805168109528873,-0.09936402625430514,-0.33819268578574957,0.47692432624605774,0.5409,0.0038,9.8237,0.6,0.0,1.0,0.0,0.0,0.0,0.3079,-0.0541,0.0,0.3,0.0
