Time,F_Q0,F_Q1,F_Q2,F_Q3,F_M1,F_M2,F_ACC,Cmd_F1,Cmd_F2,B_Q0,B_Q1,B_Q2,B_Q3,B_M1,B_M2,B_ACC,Cmd_B1,Cmd_B2
0.0009,0.9999988480769905,0.0011599986637693092,-0.0009769988745712199,6.099992973274127e-05,0.0,0.0,9.836,0.0,0.0,1.0,0.0,0.0,0.0,0.0,0.0,0.0,0.0,0.0
0.021,0.9999988331930423,0.0012209985753287046,-0.0009159989312048266,6.099992882468985e-05,0.0,0.0,9.7657,0.0,0.0,1.0,0.0,0.0,0.0,0.0,0.0,0.0,0.0,0.0
0.041,0.9999988331930423,0.0012209985753287046,-0.0009159989312048266,6.099992882468985e-05,0.0,0.0,9.7969,0.0,0.0,1.0,0.0,0.0,0.0,0.0,0.0,0.0,0.0,0.0
0.0611,0.9999988331930423,0.0012209985753287046,-0.0009159989312048266,6.099992882468985e-05,0.0,0.0,9.8361,0.0,0.0,1.0,0.0,0.0,0.0,0.0,0.0,0.0,0.0,0.0
0.0812,0.9999987568518183,0.001281998406284031,-0.0009159988612762653,6.099992416791489e-05,0.0,0.0,9.766,0.0,0.0,1.0,0.0,0.0,0.0,0.0,0.0,0.0,0.0,0.0
0.1013,0.9999986190533606,0.0013429981453886635,-0.000976998650815133,6.0999915762305346e-05,0.0,0.0,9.8482,0.0,0.0,1.0,0.0,0.0,0.0,0.0,0.0,0.0,0.0,0.0
0.1214,0.9999986190533606,0.0013429981453886635,-0.000976998650815133,6.0999915762305346e-05,0.0,0.0,9.7617,0.0,0.0,1.0,0.0,0.0,0.0,0.0,0.0,0.0,0.0,0.0
0.1415,0.9999986991155385,0.0012819983322661203,-0.000976998729035881,6.099992064606541e-05,0.0,0.0,9.8361,0.0,0.0,1.0,0.0,0.0,0.0,0.0,0.0,0.0,0.0,0.0
0.1616,0.9999985575961208,0.0013429980628515904,-0.0010379985027847733,6.099991201335975e-05,0.0,0.0,9.797,0.0,0.0,1.0,0.0,0.0,0.0,0.0,0.0,0.0,0.0,0.0
0.1817,0.9999983397356349,0.0014039976689888317,-0.0011599980740933363,6.099989872387912e-05,0.0,0.0,9.7624,0.0,0.0,1.0,0.0,0.0,0.0,0.0,0.0,0.0,0.0,0.0
0.2018,0.9999981740300014,0.001464997324953952,-0.0012209977704906315,0.00012199977723165167,0.0,0.0,9.7308,0.0,0.0,1.0,0.0,0.0,0.0,0.0,0.0,0.0,0.0,0.0
0.2219,0.9999980828050135,0.0015259970743604508,-0.0012209976591049212,0.00012199976610227647,0.0,0.0,9.8053,0.0,0.0,1.0,0.0,0.0,0.0,0.0,0.0,0.0,0.0,0.0
0.242,0.9999980828050135,0.0015259970743604508,-0.0012209976591049212,0.00012199976610227647,0.0,0.0,9.8087,0.0,0.0,1.0,0.0,0.0,0.0,0.0,0.0,0.0,0.0,0.0
0.2621,0.9999980828050135,0.0015259970743604508,-0.0012209976591049212,0.00012199976610227647,0.0,0.0,9.8086,0.0,0.0,1.0,0.0,0.0,0.0,0.0,0.0,0.0,0.0,0.0
0.2822,0.9999981740300014,0.001464997324953952,-0.0012209977704906315,0.00012199977723165167,0.0,0.0,9.7972,0.0,0.0,1.0,0.0,0.0,0.0,0.0,0.0,0.0,0.0,0.0
0.3022,0.9999980976889282,0.0014649972131142801,-0.0012819975612372058,0.00012199976791799072,0.0,0.0,9.7658,0.0,0.0,1.0,0.0,0.0,0.0,0.0,0.0,0.0,0.0,0.0
0.3223,0.9999981051308858,0.001403997339603764,-0.0013429974551907797,0.00012199976882598663,0.0,0.0,9.7658,0.0,0.0,1.0,0.0,0.0,0.0,0.0,0.0,0.0,0.0,0.0
0.3424,0.9999979338439036,0.0014039970991168407,-0.001464996973081318,0.00012199974792898027,0.0,0.0,9.7624,0.0,0.0,1.0,0.0,0.0,0.0,0.0,0.0,0.0,0.0,0.0
0.3624,0.9999980176268948,0.0013429973376729199,-0.0014649970958234006,0.0001219997581504706,0.0,0.0,9.809,0.0,0.0,1.0,0.0,0.0,0.0,0.0,0.0,0.0,0.0,0.0
0.3825,0.9999979264019497,0.0013429972151578191,-0.0015259968356893753,0.0001219997470210399,0.0,0.0,9.7972,0.0,0.0,1.0,0.0,0.0,0.0,0.0,0.0,0.0,0.0,0.0
0.4026,0.9999980176268948,0.0013429973376729199,-0.0014649970958234006,0.0001219997581504706,0.0,0.0,9.7892,0.0,0.0,1.0,0.0,0.0,0.0,0.0,0.0,0.0,0.0,0.0
0.4226,0.9999980176268948,0.0013429973376729199,-0.0014649970958234006,0.0001219997581504706,0.0,0.0,9.8087,0.0,0.0,1.0,0.0,0.0,0.0,0.0,0.0,0.0,0.0,0.0
0.4427,0.9999980176268948,0.0013429973376729199,-0.0014649970958234006,0.0001219997581504706,0.0,0.0,9.7698,0.0,0.0,1.0,0.0,0.0,0.0,0.0,0.0,0.0,0.0,0.0
0.4628,0.9999981851929404,0.00128199767341735,-0.0014039974520108887,0.00012199977859350676,0.0,0.0,9.8087,0.0,0.0,1.0,0.0,0.0,0.0,0.0,0.0,0.0,0.0,0.0
0.4828,0.9999981032703964,0.0012819975683926483,-0.0014649972212911304,6.099988429952852e-05,0.0,0.0,9.8086,0.0,0.0,1.0,0.0,0.0,0.0,0.0,0.0,0.0,0.0,0.0
0.5029,0.9999981796114707,0.0012209977773056063,-0.0014649973331308046,6.099988895630348e-05,0.0,0.0,9.8087,0.0,0.0,1.0,0.0,0.0,0.0,0.0,0.0,0.0,0.0,0.0
0.523,0.9999982522315821,0.0011599979725886356,-0.0014649974395192673,6.099989338614886e-05,0.0,0.0,9.8049,0.0,0.0,1.0,0.0,0.0,0.0,0.0,0.0,0.0,0.0,0.0
0.5431,0.9999982299056999,0.0010989980546663649,-0.0015259972988360983,6.0999892024238285e-05,0.0,0.0,9.7892,0.0,0.0,1.0,0.0,0.0,0.0,0.0,0.0,0.0,0.0,0.0
0.5632,0.9999982950838602,0.0010379982302970473,-0.0015259973982979704,6.099989600000244e-05,0.0,0.0,9.8325,0.0,0.0,1.0,0.0,0.0,0.0,0.0,0.0,0.0,0.0,0.0
0.5833,0.9999982001378593,0.0010379981317430982,-0.0015869971436187826,6.099989020852403e-05,0.0,0.0,9.7309,0.0,0.0,1.0,0.0,0.0,0.0,0.0,0.0,0.0,0.0,0.0
0.6033,0.9999982001378593,0.0010379981317430982,-0.0015869971436187826,6.099989020852403e-05,0.0,0.0,9.8049,0.0,0.0,1.0,0.0,0.0,0.0,0.0,0.0,0.0,0.0,0.0
0.6234,0.9999982001378593,0.0010379981317430982,-0.0015869971436187826,6.099989020852403e-05,0.0,0.0,9.8087,0.0,0.0,1.0,0.0,0.0,0.0,0.0,0.0,0.0,0.0,0.0
0.6435,0.9999982001378593,0.0010379981317430982,-0.0015869971436187826,6.099989020852403e-05,0.0,0.0,9.7617,0.0,0.0,1.0,0.0,0.0,0.0,0.0,0.0,0.0,0.0,0.0
0.6635,0.9999982001378593,0.0010379981317430982,-0.0015869971436187826,6.099989020852403e-05,0.0,0.0,9.7618,0.0,0.0,1.0,0.0,0.0,0.0,0.0,0.0,0.0,0.0,0.0
0.6836,0.9999981629280623,0.000976998205180717,-0.0016479969725054465,6.0999887938562036e-05,0.0,0.0,9.7972,0.0,0.0,1.0,0.0,0.0,0.0,0.0,0.0,0.0,0.0,0.0
0.7037,0.9999981629280623,0.000976998205180717,-0.0016479969725054465,6.0999887938562036e-05,0.0,0.0,9.7308,0.0,0.0,1.0,0.0,0.0,0.0,0.0,0.0,0.0,0.0,0.0
0.7237,0.9999981647885521,0.0009769982069984156,-0.0016479969755715336,0.0,0.0,0.0,9.797,0.0,0.0,1.0,0.0,0.0,0.0,0.0,0.0,0.0,0.0,0.0
0.7438,0.9999981647885521,0.0009769982069984156,-0.0016479969755715336,0.0,0.0,0.0,9.8438,0.0,0.0,1.0,0.0,0.0,0.0,0.0,0.0,0.0,0.0,0.0
0.7639,0.9999980624006315,0.0009769981069654172,-0.001708996688642679,0.0,0.0,0.0,9.762,0.0,0.0,1.0,0.0,0.0,0.0,0.0,0.0,0.0,0.0,0.0
0.7839,0.9999980624006315,0.0009769981069654172,-0.001708996688642679,0.0,0.0,0.0,9.7972,0.0,0.0,1.0,0.0,0.0,0.0,0.0,0.0,0.0,0.0,0.0
0.804,0.9999982225247391,0.0009159983718326611,-0.0016479970707207695,0.0,0.0,0.0,9.7657,0.0,0.0,1.0,0.0,0.0,0.0,0.0,0.0,0.0,0.0,0.0
0.8241,0.9999982225247391,0.0009159983718326611,-0.0016479970707207695,0.0,0.0,0.0,9.7969,0.0,0.0,1.0,0.0,0.0,0.0,0.0,0.0,0.0,0.0,0.0
0.8441,0.9999982225247391,0.0009159983718326611,-0.0016479970707207695,0.0,0.0,0.0,9.797,0.0,0.0,1.0,0.0,0.0,0.0,0.0,0.0,0.0,0.0,0.0
0.8642,0.9999981201368009,0.00091599827804531,-0.0017089967873137927,0.0,0.0,0.0,9.797,0.0,0.0,1.0,0.0,0.0,0.0,0.0,0.0,0.0,0.0,0.0
0.8842,0.9999981201368009,0.00091599827804531,-0.0017089967873137927,0.0,0.0,0.0,9.7658,0.0,0.0,1.0,0.0,0.0,0.0,0.0,0.0,0.0,0.0,0.0
0.9043,0.9999981201368009,0.00091599827804531,-0.0017089967873137927,0.0,0.0,0.0,9.797,0.0,0.0,1.0,0.0,0.0,0.0,0.0,0.0,0.0,0.0,0.0
0.9244,0.9999981182763114,0.0009159982763411015,-0.001708996784134216,6.099988521496291e-05,0.0,0.0,9.8087,0.0,0.0,1.0,0.0,0.0,0.0,0.0,0.0,0.0,0.0,0.0
0.9444,0.9999981182763114,0.0009159982763411015,-0.001708996784134216,6.099988521496291e-05,0.0,0.0,9.797,0.0,0.0,1.0,0.0,0.0,0.0,0.0,0.0,0.0,0.0,0.0
0.9645,0.9999980670371046,0.0008539983492496873,-0.001769996578655675,6.09998820891855e-05,0.0,0.0,9.797,0.0,0.0,1.0,0.0,0.0,0.0,0.0,0.0,0.0,0.0,0.0
0.9846,0.9999980670371046,0.0008539983492496873,-0.001769996578655675,6.09998820891855e-05,0.0,0.0,9.8086,0.0,0.0,1.0,0.0,0.0,0.0,0.0,0.0,0.0,0.0,0.0
1.0047,0.9999980670371046,0.0008539983492496873,-0.001769996578655675,6.09998820891855e-05,0.0,0.0,9.797,0.0,0.0,1.0,0.0,0.0,0.0,0.0,0.0,0.0,0.0,0.0
1.0247,0.9999980670371046,0.0008539983492496873,-0.001769996578655675,6.09998820891855e-05,0.0,0.0,9.7699,0.0,0.0,1.0,0.0,0.0,0.0,0.0,0.0,0.0,0.0,0.0
1.0448,0.9999980670371046,0.0008539983492496873,-0.001769996578655675,6.09998820891855e-05,0.0,0.0,9.8087,0.0,0.0,1.0,0.0,0.0,0.0,0.0,0.0,0.0,0.0,0.0
1.0649,0.9999980670371046,0.0008539983492496873,-0.001769996578655675,6.09998820891855e-05,0.0,0.0,9.8087,0.0,0.0,1.0,0.0,0.0,0.0,0.0,0.0,0.0,0.0,0.0
1.085,0.9999979572072596,0.0008539982554550002,-0.0018309962596464921,6.0999875389655685e-05,0.0,0.0,9.797,0.0,0.0,1.0,0.0,0.0,0.0,0.0,0.0,0.0,0.0,0.0
1.1051,0.9999979572072596,0.0008539982554550002,-0.0018309962596464921,6.0999875389655685e-05,0.0,0.0,9.8087,0.0,0.0,1.0,0.0,0.0,0.0,0.0,0.0,0.0,0.0,0.0
1.1252,0.9999978436564748,0.0008539981584826299,-0.0018919959201980502,6.0999868463029745e-05,0.0,0.0,9.8053,0.0,0.0,1.0,0.0,0.0,0.0,0.0,0.0,0.0,0.0,0.0
1.1453,0.9999978883081889,0.0007929983254283939,-0.0018919960046790932,0.00012199974237353528,0.0,0.0,9.8322,0.0,0.0,1.0,0.0,0.0,0.0,0.0,0.0,0.0,0.0,0.0
1.1654,0.9999980018589889,0.0007929984154741784,-0.0018309963414038085,0.00012199975622678716,0.0,0.0,9.7892,0.0,0.0,1.0,0.0,0.0,0.0,0.0,0.0,0.0,0.0,0.0
1.1854,0.9999979516257937,0.0008539982506884282,-0.0018309962494268282,0.00012199975009846709,0.0,0.0,9.7699,0.0,0.0,1.0,0.0,0.0,0.0,0.0,0.0,0.0,0.0,0.0
1.2055,0.999997838075011,0.0008539981537160596,-0.0018919959096379208,0.00012199973624510421,0.0,0.0,9.766,0.0,0.0,1.0,0.0,0.0,0.0,0.0,0.0,0.0,0.0,0.0
1.2256,0.9999978938896537,0.0007929983298544957,-0.0018919960152392248,6.099987152735631e-05,0.0,0.0,9.7972,0.0,0.0,1.0,0.0,0.0,0.0,0.0,0.0,0.0,0.0,0.0
1.2457,0.9999978938896537,0.0007929983298544957,-0.0018919960152392248,6.099987152735631e-05,0.0,0.0,9.8325,0.0,0.0,1.0,0.0,0.0,0.0,0.0,0.0,0.0,0.0,0.0
1.2658,0.9999977766179152,0.000792998236858007,-0.0019529956577347884,6.0999864373634256e-05,0.0,0.0,9.805,0.0,0.0,1.0,0.0,0.0,0.0,0.0,0.0,0.0,0.0,0.0
1.2859,0.9999977766179152,0.000792998236858007,-0.0019529956577347884,6.0999864373634256e-05,0.0,0.0,9.8086,0.0,0.0,1.0,0.0,0.0,0.0,0.0,0.0,0.0,0.0,0.0
1.3059,0.9999978938896537,0.0007929983298544957,-0.0018919960152392248,6.099987152735631e-05,0.0,0.0,9.8359,0.0,0.0,1.0,0.0,0.0,0.0,0.0,0.0,0.0,0.0,0.0
1.326,0.9999978231301082,0.0007319984065312396,-0.0019529957485731014,6.0999867211031233e-05,0.0,0.0,9.836,0.0,0.0,1.0,0.0,0.0,0.0,0.0,0.0,0.0,0.0,0.0
1.3461,0.9999978249905961,0.0007319984078931168,-0.0019529957522066341,0.0,0.0,0.0,9.766,0.0,0.0,1.0,0.0,0.0,0.0,0.0,0.0,0.0,0.0,0.0
1.3662,0.9999977039979075,0.0007319983193264686,-0.0020139953758517857,0.0,0.0,0.0,9.8087,0.0,0.0,1.0,0.0,0.0,0.0,0.0,0.0,0.0,0.0,0.0
1.3892,0.9999978231301082,0.0007319984065312396,-0.0019529957485731014,-6.0999867211031233e-05,0.0,0.0,9.8087,0.0,0.0,1.0,0.0,0.0,0.0,0.0,0.0,0.0,0.0,0.0
1.4093,0.9999978231301082,0.0007319984065312396,-0.0019529957485731014,-6.0999867211031233e-05,0.0,0.0,9.7969,0.0,0.0,1.0,0.0,0.0,0.0,0.0,0.0,0.0,0.0,0.0
1.4294,0.9999978231301082,0.0007319984065312396,-0.0019529957485731014,-6.0999867211031233e-05,0.0,0.0,9.7969,0.0,0.0,1.0,0.0,0.0,0.0,0.0,0.0,0.0,0.0,0.0
1.4495,0.9999978249905961,0.0007319984078931168,-0.0019529957522066341,0.0,0.0,0.0,9.797,0.0,0.0,1.0,0.0,0.0,0.0,0.0,0.0,0.0,0.0,0.0
1.4696,0.9999978231301082,0.0007319984065312396,-0.0019529957485731014,-6.0999867211031233e-05,0.0,0.0,9.766,0.0,0.0,1.0,0.0,0.0,0.0,0.0,0.0,0.0,0.0,0.0
1.4896,0.9999978231301082,0.0007319984065312396,-0.0019529957485731014,-6.0999867211031233e-05,0.0,0.0,9.766,0.0,0.0,1.0,0.0,0.0,0.0,0.0,0.0,0.0,0.0,0.0
1.5097,0.9999978231301082,0.0007319984065312396,-0.0019529957485731014,-6.0999867211031233e-05,0.0,0.0,9.7969,0.0,0.0,1.0,0.0,0.0,0.0,0.0,0.0,0.0,0.0,0.0
1.5298,0.9999978231301082,0.0007319984065312396,-0.0019529957485731014,-6.0999867211031233e-05,0.0,0.0,9.7969,0.0,0.0,1.0,0.0,0.0,0.0,0.0,0.0,0.0,0.0,0.0
1.5499,0.9999978659213316,0.0006709985680332137,-0.0019529958321443603,-6.0999869821221075e-05,0.0,0.0,9.7618,0.0,0.0,1.0,0.0,0.0,0.0,0.0,0.0,0.0,0.0,0.0
1.57,0.9999978659213316,0.0006709985680332137,-0.0019529958321443603,-6.0999869821221075e-05,0.0,0.0,9.809,0.0,0.0,1.0,0.0,0.0,0.0,0.0,0.0,0.0,0.0,0.0
1.59,0.9999978659213316,0.0006709985680332137,-0.0019529958321443603,-6.0999869821221075e-05,0.0,0.0,9.8086,0.0,0.0,1.0,0.0,0.0,0.0,0.0,0.0,0.0,0.0,0.0
1.6101,0.9999980222633672,0.0006099987935806545,-0.001891996258122291,-6.0999879358036864e-05,0.0,0.0,9.797,0.0,0.0,1.0,0.0,0.0,0.0,0.0,0.0,0.0,0.0,0.0
1.6302,0.9999979049915837,0.0006099987220448663,-0.001952995908448563,-6.099987220453684e-05,0.0,0.0,9.805,0.0,0.0,1.0,0.0,0.0,0.0,0.0,0.0,0.0,0.0,0.0
1.6503,0.9999980222633672,0.0006099987935806545,-0.001891996258122291,-6.0999879358036864e-05,0.0,0.0,9.766,0.0,0.0,1.0,0.0,0.0,0.0,0.0,0.0,0.0,0.0,0.0
1.6704,0.9999980222633672,0.0006099987935806545,-0.001891996258122291,-6.0999879358036864e-05,0.0,0.0,9.8087,0.0,0.0,1.0,0.0,0.0,0.0,0.0,0.0,0.0,0.0,0.0
1.6905,0.9999980576126594,0.0005489989336293505,-0.0018919963250031515,-6.099988151436753e-05,0.0,0.0,9.797,0.0,0.0,1.0,0.0,0.0,0.0,0.0,0.0,0.0,0.0,0.0
1.7106,0.999998052031192,0.0005489989305651246,-0.001891996314443015,-0.00012199976234783527,0.0,0.0,9.797,0.0,0.0,1.0,0.0,0.0,0.0,0.0,0.0,0.0,0.0,0.0
1.7307,0.999998052031192,0.0005489989305651246,-0.001891996314443015,-0.00012199976234783527,0.0,0.0,9.7698,0.0,0.0,1.0,0.0,0.0,0.0,0.0,0.0,0.0,0.0,0.0
1.7508,0.999998052031192,0.0005489989305651246,-0.001891996314443015,-0.00012199976234783527,0.0,0.0,9.797,0.0,0.0,1.0,0.0,0.0,0.0,0.0,0.0,0.0,0.0,0.0
1.7709,0.999998052031192,0.0005489989305651246,-0.001891996314443015,-0.00012199976234783527,0.0,0.0,9.809,0.0,0.0,1.0,0.0,0.0,0.0,0.0,0.0,0.0,0.0,0.0
1.791,0.9999979347593979,0.0005489988661829096,-0.0019529959665851042,-0.00012199974804066871,0.0,0.0,9.8087,0.0,0.0,1.0,0.0,0.0,0.0,0.0,0.0,0.0,0.0,0.0
1.811,0.9999979347593979,0.0005489988661829096,-0.0019529959665851042,-0.00012199974804066871,0.0,0.0,9.797,0.0,0.0,1.0,0.0,0.0,0.0,0.0,0.0,0.0,0.0,0.0
1.8311,0.999998052031192,0.0005489989305651246,-0.001891996314443015,-0.00012199976234783527,0.0,0.0,9.8086,0.0,0.0,1.0,0.0,0.0,0.0,0.0,0.0,0.0,0.0,0.0
1.8512,0.999998052031192,0.0005489989305651246,-0.001891996314443015,-0.00012199976234783527,0.0,0.0,9.836,0.0,0.0,1.0,0.0,0.0,0.0,0.0,0.0,0.0,0.0,0.0
1.8713,0.9999979347593979,0.0005489988661829096,-0.0019529959665851042,-0.00012199974804066871,0.0,0.0,9.7972,0.0,0.0,1.0,0.0,0.0,0.0,0.0,0.0,0.0,0.0,0.0
1.8914,0.9999979347593979,0.0005489988661829096,-0.0019529959665851042,-0.00012199974804066871,0.0,0.0,9.8086,0.0,0.0,1.0,0.0,0.0,0.0,0.0,0.0,0.0,0.0,0.0
1.9115,0.9999979347593979,0.0005489988661829096,-0.0019529959665851042,-0.00012199974804066871,0.0,0.0,9.8086,0.0,0.0,1.0,0.0,0.0,0.0,0.0,0.0,0.0,0.0,0.0
1.9316,0.9999979663877034,0.0004879990075971997,-0.001952996028355185,-0.00012199975189935985,0.0,0.0,9.797,0.0,0.0,1.0,0.0,0.0,0.0,0.0,0.0,0.0,0.0,0.0
1.9516,0.9999979663877034,0.0004879990075971997,-0.001952996028355185,-0.00012199975189935985,0.0,0.0,9.8087,0.0,0.0,1.0,0.0,0.0,0.0,0.0,0.0,0.0,0.0,0.0
1.9717,0.9999979663877034,0.0004879990075971997,-0.001952996028355185,-0.00012199975189935985,0.0,0.0,9.7618,0.0,0.0,1.0,0.0,0.0,0.0,0.0,0.0,0.0,0.0,0.0
1.9918,0.9999979663877034,0.0004879990075971997,-0.001952996028355185,-0.00012199975189935985,0.0,0.0,9.797,0.0,0.0,1.0,0.0,0.0,0.0,0.0,0.0,0.0,0.0,0.0
2.0119,0.9999979663877034,0.0004879990075971997,-0.001952996028355185,-0.00012199975189935985,0.0,0.0,9.7972,0.0,0.0,1.0,0.0,0.0,0.0,0.0,0.0,0.0,0.0,0.0
2.032,0.9999979347593979,0.0005489988661829096,-0.0019529959665851042,-0.00012199974804066871,0.0,0.0,9.8087,0.0,0.0,1.0,0.0,0.0,0.0,0.0,0.0,0.0,0.0,0.0
2.0521,0.9999979347593979,0.0005489988661829096,-0.0019529959665851042,-0.00012199974804066871,0.0,0.0,9.797,0.0,0.0,1.0,0.0,0.0,0.0,0.0,0.0,0.0,0.0,0.0
2.0722,0.9999979347593979,0.0005489988661829096,-0.0019529959665851042,-0.00012199974804066871,0.0,0.0,9.8087,0.0,0.0,1.0,0.0,0.0,0.0,0.0,0.0,0.0,0.0,0.0
2.0923,0.9999979347593979,0.0005489988661829096,-0.0019529959665851042,-0.00012199974804066871,0.0,0.0,9.797,0.0,0.0,1.0,0.0,0.0,0.0,0.0,0.0,0.0,0.0,0.0
2.1123,0.9999979663877034,0.0004879990075971997,-0.001952996028355185,-0.00012199975189935985,0.0,0.0,9.797,0.0,0.0,1.0,0.0,0.0,0.0,0.0,0.0,0.0,0.0,0.0
2.1325,0.9999979663877034,0.0004879990075971997,-0.001952996028355185,-0.00012199975189935985,0.0,0.0,9.797,0.0,0.0,1.0,0.0,0.0,0.0,0.0,0.0,0.0,0.0,0.0
2.1526,0.9999979663877034,0.0004879990075971997,-0.001952996028355185,-0.00012199975189935985,0.0,0.0,9.8441,0.0,0.0,1.0,0.0,0.0,0.0,0.0,0.0,0.0,0.0,0.0
2.1726,0.9999979663877034,0.0004879990075971997,-0.001952996028355185,-0.00012199975189935985,0.0,0.0,9.8087,0.0,0.0,1.0,0.0,0.0,0.0,0.0,0.0,0.0,0.0,0.0
2.193,0.9999979663877034,0.0004879990075971997,-0.001952996028355185,-0.00012199975189935985,0.0,0.0,9.8086,0.0,0.0,1.0,0.0,0.0,0.0,0.0,0.0,0.0,0.0,0.0
2.2131,0.9999979663877034,0.0004879990075971997,-0.001952996028355185,-0.00012199975189935985,0.0,0.0,9.836,0.0,0.0,1.0,0.0,0.0,0.0,0.0,0.0,0.0,0.0,0.0
2.2332,0.9999979663877034,0.0004879990075971997,-0.001952996028355185,-0.00012199975189935985,0.0,0.0,9.797,0.0,0.0,1.0,0.0,0.0,0.0,0.0,0.0,0.0,0.0,0.0
2.2532,0.9999979663877034,0.0004879990075971997,-0.001952996028355185,-0.00012199975189935985,0.0,0.0,9.797,0.0,0.0,1.0,0.0,0.0,0.0,0.0,0.0,0.0,0.0,0.0
2.2733,0.9999979663877034,0.0004879990075971997,-0.001952996028355185,-0.00012199975189935985,0.0,0.0,9.797,0.0,0.0,1.0,0.0,0.0,0.0,0.0,0.0,0.0,0.0,0.0
2.2934,0.9999979663877034,0.0004879990075971997,-0.001952996028355185,-0.00012199975189935985,0.0,0.0,9.797,0.0,0.0,1.0,0.0,0.0,0.0,0.0,0.0,0.0,0.0,0.0
2.3135,0.9999979663877034,0.0004879990075971997,-0.001952996028355185,-0.00012199975189935985,0.0,0.0,9.797,0.0,0.0,1.0,0.0,0.0,0.0,0.0,0.0,0.0,0.0,0.0
2.3336,0.9999979663877034,0.0004879990075971997,-0.001952996028355185,-0.00012199975189935985,0.0,0.0,9.797,0.0,0.0,1.0,0.0,0.0,0.0,0.0,0.0,0.0,0.0,0.0
2.3537,0.9999979663877034,0.0004879990075971997,-0.001952996028355185,-0.00012199975189935985,0.0,0.0,9.797,0.0,0.0,1.0,0.0,0.0,0.0,0.0,0.0,0.0,0.0,0.0
2.3738,0.9999979663877034,0.0004879990075971997,-0.001952996028355185,-0.00012199975189935985,0.0,0.0,9.797,0.0,0.0,1.0,0.0,0.0,0.0,0.0,0.0,0.0,0.0,0.0
2.3938,0.9999979663877034,0.0004879990075971997,-0.001952996028355185,-0.00012199975189935985,0.0,0.0,9.797,0.0,0.0,1.0,0.0,0.0,0.0,0.0,0.0,0.0,0.0,0.0
2.4139,0.9999979663877034,0.0004879990075971997,-0.001952996028355185,-0.00012199975189935985,0.0,0.0,9.797,0.0,0.0,1.0,0.0,0.0,0.0,0.0,0.0,0.0,0.0,0.0
2.434,0.9999979663877034,0.0004879990075971997,-0.001952996028355185,-0.00012199975189935985,0.0,0.0,9.797,0.0,0.0,1.0,0.0,0.0,0.0,0.0,0.0,0.0,0.0,0.0
2.4541,0.9999979663877034,0.0004879990075971997,-0.001952996028355185,-0.00012199975189935985,0.0,0.0,9.8437,0.0,0.0,1.0,0.0,0.0,0.0,0.0,0.0,0.0,0.0,0.0
2.4743,0.9999979663877034,0.0004879990075971997,-0.001952996028355185,-0.00012199975189935985,0.0,0.0,9.7668,0.0,0.0,1.0,0.0,0.0,0.0,0.0,0.0,0.0,0.0,0.0
2.4944,0.9999979663877034,0.0004879990075971997,-0.001952996028355185,-0.00012199975189935985,0.0,0.0,9.8049,0.0,0.0,1.0,0.0,0.0,0.0,0.0,0.0,0.0,0.0,0.0
2.5144,0.9999979663877034,0.0004879990075971997,-0.001952996028355185,-0.00012199975189935985,0.0,0.0,9.805,0.0,0.0,1.0,0.0,0.0,0.0,0.0,0.0,0.0,0.0,0.0
2.5346,0.9999979663877034,0.0004879990075971997,-0.001952996028355185,-0.00012199975189935985,0.0,0.0,9.8049,0.0,0.0,1.0,0.0,0.0,0.0,0.0,0.0,0.0,0.0,0.0
2.5546,0.9982990494165189,0.05828946999566205,0.0011600093533079732,0.0,0.0,0.0,9.8049,0.0,0.0,1.0,0.0,0.0,0.0,0.0,0.0,0.0,0.0,0.0
2.5747,0.9982954979398123,0.058350262904091135,0.0011600052265423497,0.0,0.0,0.0,9.8095,0.0,0.0,1.0,0.0,0.0,0.0,0.0,0.0,0.0,0.0,0.0
2.5948,0.9982990475591536,0.058289469887212744,0.0011600093511497378,6.100049174145861e-05,0.0,0.0,9.7622,0.0,0.0,1.0,0.0,0.0,0.0,0.0,0.0,0.0,0.0,0.0
2.6149,0.9982989769183815,0.05828946576258381,0.0012210097564912018,0.0,0.0,0.0,9.8096,0.0,0.0,1.0,0.0,0.0,0.0,0.0,0.0,0.0,0.0,0.0
2.635,0.9982990494165189,0.05828946999566205,0.0011600093533079732,0.0,0.0,0.0,9.8095,0.0,0.0,1.0,0.0,0.0,0.0,0.0,0.0,0.0,0.0,0.0
2.6551,0.9982990475591536,0.058289469887212744,0.0011600093511497378,6.100049174145861e-05,0.0,0.0,9.7668,0.0,0.0,1.0,0.0,0.0,0.0,0.0,0.0,0.0,0.0,0.0
2.6752,0.9982990475591536,0.058289469887212744,0.0011600093511497378,6.100049174145861e-05,0.0,0.0,9.8049,0.0,0.0,1.0,0.0,0.0,0.0,0.0,0.0,0.0,0.0,0.0
2.6953,0.9982990475591536,0.058289469887212744,0.0011600093511497378,6.100049174145861e-05,0.0,0.0,9.8061,0.0,0.0,1.0,0.0,0.0,0.0,0.0,0.0,0.0,0.0,0.0
2.7154,0.9982989750610166,0.05828946565413451,0.0012210097542194737,6.1000487311502205e-05,0.0,0.0,9.8095,0.0,0.0,1.0,0.0,0.0,0.0,0.0,0.0,0.0,0.0,0.0
2.7356,0.9982990475591536,0.058289469887212744,0.0011600093511497378,6.100049174145861e-05,0.0,0.0,9.8095,0.0,0.0,1.0,0.0,0.0,0.0,0.0,0.0,0.0,0.0,0.0
2.7557,0.9982990475591536,0.058289469887212744,0.0011600093511497378,6.100049174145861e-05,0.0,0.0,9.8095,0.0,0.0,1.0,0.0,0.0,0.0,0.0,0.0,0.0,0.0,0.0
2.7758,0.9982990475591536,0.058289469887212744,0.0011600093511497378,6.100049174145861e-05,0.0,0.0,9.805,0.0,0.0,1.0,0.0,0.0,0.0,0.0,0.0,0.0,0.0,0.0
2.7958,0.9982990475591536,0.058289469887212744,0.0011600093511497378,6.100049174145861e-05,0.0,0.0,9.8049,0.0,0.0,1.0,0.0,0.0,0.0,0.0,0.0,0.0,0.0,0.0
2.8159,0.9982954905104304,0.05835026246984458,0.001160005217909519,0.00012200054878008793,0.0,0.0,9.7668,0.0,0.0,1.0,0.0,0.0,0.0,0.0,0.0,0.0,0.0,0.0
2.836,0.9982954905104304,0.05835026246984458,0.001160005217909519,0.00012200054878008793,0.0,0.0,9.8095,0.0,0.0,1.0,0.0,0.0,0.0,0.0,0.0,0.0,0.0,0.0
2.8562,0.9982919409290321,0.05841105505469416,0.0011600010933462135,6.100005749487547e-05,0.0,0.0,9.8095,0.0,0.0,1.0,0.0,0.0,0.0,0.0,0.0,0.0,0.0,0.0
2.8763,0.9982919409290321,0.05841105505469416,0.0011600010933462135,6.100005749487547e-05,0.0,0.0,9.8049,0.0,0.0,1.0,0.0,0.0,0.0,0.0,0.0,0.0,0.0,0.0
2.8963,0.9982919409290321,0.05841105505469416,0.0011600010933462135,6.100005749487547e-05,0.0,0.0,9.8049,0.0,0.0,1.0,0.0,0.0,0.0,0.0,0.0,0.0,0.0,0.0
2.9164,0.9982883820989674,0.058471846664039664,0.0011599969580360983,6.099984003471448e-05,0.0,0.0,9.767,0.0,0.0,1.0,0.0,0.0,0.0,0.0,0.0,0.0,0.0,0.0
2.9366,0.9982848883728719,0.058532641655718934,0.0010989932718233376,6.09996265525381e-05,0.0,0.0,9.7622,0.0,0.0,1.0,0.0,0.0,0.0,0.0,0.0,0.0,0.0,0.0
2.9567,0.9982848883728719,0.058532641655718934,0.0010989932718233376,6.09996265525381e-05,0.0,0.0,9.8095,0.0,0.0,1.0,0.0,0.0,0.0,0.0,0.0,0.0,0.0,0.0
2.9768,0.9982813221891662,0.058593431967584604,0.001098989345878005,6.099940864284781e-05,0.0,0.0,9.8049,0.0,0.0,1.0,0.0,0.0,0.0,0.0,0.0,0.0,0.0,0.0
2.9969,0.9982813221891662,0.058593431967584604,0.001098989345878005,6.099940864284781e-05,0.0,0.0,9.7622,0.0,0.0,1.0,0.0,0.0,0.0,0.0,0.0,0.0,0.0,0.0
3.017,0.9982777523291859,0.05865422162763001,0.0010989854158855346,6.099919050867042e-05,0.0,0.0,9.8049,0.0,0.0,1.0,0.0,0.0,0.0,0.0,0.0,0.0,0.0,0.0
3.0372,0.9982777523291859,0.05865422162763001,0.0010989854158855346,6.099919050867042e-05,0.0,0.0,9.7668,0.0,0.0,1.0,0.0,0.0,0.0,0.0,0.0,0.0,0.0,0.0
3.0573,0.9982741787930497,0.05871501063518823,0.0010989814818460515,6.099897214978389e-05,0.0,0.0,9.8095,0.0,0.0,1.0,0.0,0.0,0.0,0.0,0.0,0.0,0.0,0.0
3.0774,0.9982777541864323,0.058654221736753276,0.001098985417930135,0.0,0.0,0.0,9.8049,0.0,0.0,1.0,0.0,0.0,0.0,0.0,0.0,0.0,0.0,0.0
3.0975,0.9982777523291859,0.05865422162763001,0.0010989854158855346,6.099919050867042e-05,0.0,0.0,9.8049,0.0,0.0,1.0,0.0,0.0,0.0,0.0,0.0,0.0,0.0,0.0
3.1176,0.9982741787930497,0.05871501063518823,0.0010989814818460515,6.099897214978389e-05,0.0,0.0,9.7622,0.0,0.0,1.0,0.0,0.0,0.0,0.0,0.0,0.0,0.0,0.0
3.1377,0.9982741787930497,0.05871501063518823,0.0010989814818460515,6.099897214978389e-05,0.0,0.0,9.8095,0.0,0.0,1.0,0.0,0.0,0.0,0.0,0.0,0.0,0.0,0.0
3.1578,0.9982706015808767,0.058775798989592405,0.0010989775437596772,6.0998753566243735e-05,0.0,0.0,9.8483,0.0,0.0,1.0,0.0,0.0,0.0,0.0,0.0,0.0,0.0,0.0
3.1779,0.998270596009257,0.05877579866154868,0.0010989775376259898,0.00012199750645169871,0.0,0.0,9.8049,0.0,0.0,1.0,0.0,0.0,0.0,0.0,0.0,0.0,0.0,0.0
3.198,0.998270596009257,0.05877579866154868,0.0010989775376259898,0.00012199750645169871,0.0,0.0,9.805,0.0,0.0,1.0,0.0,0.0,0.0,0.0,0.0,0.0,0.0,0.0
3.2181,0.9982670151212264,0.05883658636179502,0.0010989735954929324,0.00012199706883547767,0.0,0.0,9.8095,0.0,0.0,1.0,0.0,0.0,0.0,0.0,0.0,0.0,0.0,0.0
3.2382,0.9982670151212264,0.05883658636179502,0.0010989735954929324,0.00012199706883547767,0.0,0.0,9.8095,0.0,0.0,1.0,0.0,0.0,0.0,0.0,0.0,0.0,0.0,0.0
3.2583,0.998267020692786,0.05883658669017565,0.0010989736016265607,6.099853475816097e-05,0.0,0.0,9.7622,0.0,0.0,1.0,0.0,0.0,0.0,0.0,0.0,0.0,0.0,0.0
3.2783,0.998267020692786,0.05883658669017565,0.0010989736016265607,6.099853475816097e-05,0.0,0.0,9.8049,0.0,0.0,1.0,0.0,0.0,0.0,0.0,0.0,0.0,0.0,0.0
3.2984,0.998267020692786,0.05883658669017565,0.0010989736016265607,6.099853475816097e-05,0.0,0.0,9.8095,0.0,0.0,1.0,0.0,0.0,0.0,0.0,0.0,0.0,0.0,0.0
3.3185,0.9982670151212264,0.05883658636179502,0.0010989735954929324,0.00012199706883547767,0.0,0.0,9.7668,0.0,0.0,1.0,0.0,0.0,0.0,0.0,0.0,0.0,0.0,0.0
3.3385,0.998267020692786,0.05883658669017565,0.0010989736016265607,6.099853475816097e-05,0.0,0.0,9.8049,0.0,0.0,1.0,0.0,0.0,0.0,0.0,0.0,0.0,0.0,0.0
3.3586,0.998267020692786,0.05883658669017565,0.0010989736016265607,6.099853475816097e-05,0.0,0.0,9.8437,0.0,0.0,1.0,0.0,0.0,0.0,0.0,0.0,0.0,0.0,0.0
3.3787,0.9982634361288968,0.058897373736271165,0.0010989696554468272,6.0998315725424586e-05,0.0,0.0,9.8049,0.0,0.0,1.0,0.0,0.0,0.0,0.0,0.0,0.0,0.0,0.0
3.3987,0.9982634361288968,0.058897373736271165,0.0010989696554468272,6.0998315725424586e-05,0.0,0.0,9.7668,0.0,0.0,1.0,0.0,0.0,0.0,0.0,0.0,0.0,0.0,0.0
3.4188,0.9982634361288968,0.058897373736271165,0.0010989696554468272,6.0998315725424586e-05,0.0,0.0,9.7624,0.0,0.0,1.0,0.0,0.0,0.0,0.0,0.0,0.0,0.0,0.0
3.4389,0.9982634361288968,0.058897373736271165,0.0010989696554468272,6.0998315725424586e-05,0.0,0.0,9.8049,0.0,0.0,1.0,0.0,0.0,0.0,0.0,0.0,0.0,0.0,0.0
3.4589,0.9982634361288968,0.058897373736271165,0.0010989696554468272,6.0998315725424586e-05,0.0,0.0,9.7755,0.0,0.0,1.0,0.0,0.0,0.0,0.0,0.0,0.0,0.0,0.0
3.479,0.9982634361288968,0.058897373736271165,0.0010989696554468272,6.0998315725424586e-05,0.0,0.0,9.801,0.0,0.0,1.0,0.0,0.0,0.0,0.0,0.0,0.0,0.0,0.0
3.499,0.9982633673528504,0.058897369678496084,0.0011599678912554735,6.099831152284185e-05,0.0,0.0,9.8398,0.0,0.0,1.0,0.0,0.0,0.0,0.0,0.0,0.0,0.0,0.0
3.5191,0.9982595669790643,0.0589617463601431,0.001160034358510285,6.100180678375589e-05,0.0,0.0,9.7668,0.0,0.0,1.0,0.0,0.0,0.0,0.0,0.0,0.0,0.0,0.0
3.5392,0.9982595669790643,0.0589617463601431,0.001160034358510285,6.100180678375589e-05,0.0,0.0,9.8049,0.0,0.0,1.0,0.0,0.0,0.0,0.0,0.0,0.0,0.0,0.0
3.5592,0.9982595669790643,0.0589617463601431,0.001160034358510285,6.100180678375589e-05,0.0,0.0,9.8095,0.0,0.0,1.0,0.0,0.0,0.0,0.0,0.0,0.0,0.0,0.0
3.5793,0.9982595669790643,0.0589617463601431,0.001160034358510285,6.100180678375589e-05,0.0,0.0,9.7622,0.0,0.0,1.0,0.0,0.0,0.0,0.0,0.0,0.0,0.0,0.0
3.5994,0.9982559746279671,0.05902253576682452,0.001160030183994118,6.1001587261688694e-05,0.0,0.0,9.805,0.0,0.0,1.0,0.0,0.0,0.0,0.0,0.0,0.0,0.0,0.0
3.6194,0.9982559746279671,0.05902253576682452,0.001160030183994118,6.1001587261688694e-05,0.0,0.0,9.8096,0.0,0.0,1.0,0.0,0.0,0.0,0.0,0.0,0.0,0.0,0.0
3.6395,0.9982559746279671,0.05902253576682452,0.001160030183994118,6.1001587261688694e-05,0.0,0.0,9.8095,0.0,0.0,1.0,0.0,0.0,0.0,0.0,0.0,0.0,0.0,0.0
3.6596,0.9982559746279671,0.05902253576682452,0.001160030183994118,6.1001587261688694e-05,0.0,0.0,9.7668,0.0,0.0,1.0,0.0,0.0,0.0,0.0,0.0,0.0,0.0,0.0
3.6796,0.9982559746279671,0.05902253576682452,0.001160030183994118,6.1001587261688694e-05,0.0,0.0,9.7668,0.0,0.0,1.0,0.0,0.0,0.0,0.0,0.0,0.0,0.0,0.0
3.6997,0.9982559746279671,0.05902253576682452,0.001160030183994118,6.1001587261688694e-05,0.0,0.0,9.8049,0.0,0.0,1.0,0.0,0.0,0.0,0.0,0.0,0.0,0.0,0.0
3.7198,0.9982559746279671,0.05902253576682452,0.001160030183994118,6.1001587261688694e-05,0.0,0.0,9.8437,0.0,0.0,1.0,0.0,0.0,0.0,0.0,0.0,0.0,0.0,0.0
3.7398,0.9982559746279671,0.05902253576682452,0.001160030183994118,6.1001587261688694e-05,0.0,0.0,9.8008,0.0,0.0,1.0,0.0,0.0,0.0,0.0,0.0,0.0,0.0,0.0
3.7599,0.9982523786009886,0.059083324516898524,0.0011600260052063752,6.1001367515189926e-05,0.0,0.0,9.8095,0.0,0.0,1.0,0.0,0.0,0.0,0.0,0.0,0.0,0.0,0.0
3.78,0.9982523786009886,0.059083324516898524,0.0011600260052063752,6.1001367515189926e-05,0.0,0.0,9.8049,0.0,0.0,1.0,0.0,0.0,0.0,0.0,0.0,0.0,0.0,0.0
3.8,0.9982523786009886,0.059083324516898524,0.0011600260052063752,6.1001367515189926e-05,0.0,0.0,9.8096,0.0,0.0,1.0,0.0,0.0,0.0,0.0,0.0,0.0,0.0,0.0
3.8201,0.9982523786009886,0.059083324516898524,0.0011600260052063752,6.1001367515189926e-05,0.0,0.0,9.8049,0.0,0.0,1.0,0.0,0.0,0.0,0.0,0.0,0.0,0.0,0.0
3.8402,0.9982523786009886,0.059083324516898524,0.0011600260052063752,6.1001367515189926e-05,0.0,0.0,9.8438,0.0,0.0,1.0,0.0,0.0,0.0,0.0,0.0,0.0,0.0,0.0
3.8603,0.9982523786009886,0.059083324516898524,0.0011600260052063752,6.1001367515189926e-05,0.0,0.0,9.8049,0.0,0.0,1.0,0.0,0.0,0.0,0.0,0.0,0.0,0.0,0.0
3.8803,0.9982523786009886,0.059083324516898524,0.0011600260052063752,6.1001367515189926e-05,0.0,0.0,9.8095,0.0,0.0,1.0,0.0,0.0,0.0,0.0,0.0,0.0,0.0,0.0
3.9004,0.9982523786009886,0.059083324516898524,0.0011600260052063752,6.1001367515189926e-05,0.0,0.0,9.8095,0.0,0.0,1.0,0.0,0.0,0.0,0.0,0.0,0.0,0.0,0.0
3.9205,0.9982523786009886,0.059083324516898524,0.0011600260052063752,6.1001367515189926e-05,0.0,0.0,9.805,0.0,0.0,1.0,0.0,0.0,0.0,0.0,0.0,0.0,0.0,0.0
3.9406,0.9982523804583203,0.05908332462682798,0.0011600260073646937,0.0,0.0,0.0,9.8095,0.0,0.0,1.0,0.0,0.0,0.0,0.0,0.0,0.0,0.0,0.0
3.9606,0.9982523804583203,0.05908332462682798,0.0011600260073646937,0.0,0.0,0.0,9.8095,0.0,0.0,1.0,0.0,0.0,0.0,0.0,0.0,0.0,0.0,0.0
3.9807,0.9982523804583203,0.05908332462682798,0.0011600260073646937,0.0,0.0,0.0,9.8437,0.0,0.0,1.0,0.0,0.0,0.0,0.0,0.0,0.0,0.0,0.0
4.0008,0.9982523804583203,0.05908332462682798,0.0011600260073646937,0.0,0.0,0.0,9.8397,0.0,0.0,1.0,0.0,0.0,0.0,0.0,0.0,0.0,0.0,0.0
4.0209,0.9982523804583203,0.05908332462682798,0.0011600260073646937,0.0,0.0,0.0,9.8095,0.0,0.0,1.0,0.0,0.0,0.0,0.0,0.0,0.0,0.0,0.0
4.0409,0.9982523804583203,0.05908332462682798,0.0011600260073646937,0.0,0.0,0.0,9.8437,0.0,0.0,1.0,0.0,0.0,0.0,0.0,0.0,0.0,0.0,0.0
4.061,0.9982523804583203,0.05908332462682798,0.0011600260073646937,0.0,0.0,0.0,9.8096,0.0,0.0,1.0,0.0,0.0,0.0,0.0,0.0,0.0,0.0,0.0
4.0811,0.9982523804583203,0.05908332462682798,0.0011600260073646937,0.0,0.0,0.0,9.8049,0.0,0.0,1.0,0.0,0.0,0.0,0.0,0.0,0.0,0.0,0.0
4.1011,0.9982523804583203,0.05908332462682798,0.0011600260073646937,0.0,0.0,0.0,9.8049,0.0,0.0,1.0,0.0,0.0,0.0,0.0,0.0,0.0,0.0,0.0
4.1212,0.9982523804583203,0.05908332462682798,0.0011600260073646937,0.0,0.0,0.0,9.8095,0.0,0.0,1.0,0.0,0.0,0.0,0.0,0.0,0.0,0.0,0.0
4.1413,0.9982523804583203,0.05908332462682798,0.0011600260073646937,0.0,0.0,0.0,9.8049,0.0,0.0,1.0,0.0,0.0,0.0,0.0,0.0,0.0,0.0,0.0
4.1613,0.9982523804583203,0.05908332462682798,0.0011600260073646937,0.0,0.0,0.0,9.8049,0.0,0.0,1.0,0.0,0.0,0.0,0.0,0.0,0.0,0.0,0.0
4.1814,0.9982523804583203,0.05908332462682798,0.0011600260073646937,0.0,0.0,0.0,9.8049,0.0,0.0,1.0,0.0,0.0,0.0,0.0,0.0,0.0,0.0,0.0
4.2015,0.9982523804583203,0.05908332462682798,0.0011600260073646937,0.0,0.0,0.0,9.7668,0.0,0.0,1.0,0.0,0.0,0.0,0.0,0.0,0.0,0.0,0.0
4.2216,0.9982523804583203,0.05908332462682798,0.0011600260073646937,0.0,0.0,0.0,9.8096,0.0,0.0,1.0,0.0,0.0,0.0,0.0,0.0,0.0,0.0,0.0
4.2417,0.9982524492405014,0.05908332869782246,0.0010990247154616904,0.0,0.0,0.0,9.8049,0.0,0.0,1.0,0.0,0.0,0.0,0.0,0.0,0.0,0.0,0.0
4.2619,0.9982524492405014,0.05908332869782246,0.0010990247154616904,0.0,0.0,0.0,9.7622,0.0,0.0,1.0,0.0,0.0,0.0,0.0,0.0,0.0,0.0,0.0
4.282,0.9982524492405014,0.05908332869782246,0.0010990247154616904,0.0,0.0,0.0,9.8095,0.0,0.0,1.0,0.0,0.0,0.0,0.0,0.0,0.0,0.0,0.0
4.3021,0.9982524492405014,0.05908332869782246,0.0010990247154616904,0.0,0.0,0.0,9.8437,0.0,0.0,1.0,0.0,0.0,0.0,0.0,0.0,0.0,0.0,0.0
4.3222,0.9982524492405014,0.05908332869782246,0.0010990247154616904,0.0,0.0,0.0,9.7622,0.0,0.0,1.0,0.0,0.0,0.0,0.0,0.0,0.0,0.0,0.0
4.3423,0.9982524492405014,0.05908332869782246,0.0010990247154616904,0.0,0.0,0.0,9.7668,0.0,0.0,1.0,0.0,0.0,0.0,0.0,0.0,0.0,0.0,0.0
4.3624,0.9982523804583203,0.05908332462682798,0.0011600260073646937,0.0,0.0,0.0,9.8096,0.0,0.0,1.0,0.0,0.0,0.0,0.0,0.0,0.0,0.0,0.0
4.3825,0.9982523804583203,0.05908332462682798,0.0011600260073646937,0.0,0.0,0.0,9.8049,0.0,0.0,1.0,0.0,0.0,0.0,0.0,0.0,0.0,0.0,0.0
4.4025,0.9982523804583203,0.05908332462682798,0.0011600260073646937,0.0,0.0,0.0,9.8049,0.0,0.0,1.0,0.0,0.0,0.0,0.0,0.0,0.0,0.0,0.0
4.4226,0.9982523804583203,0.05908332462682798,0.0011600260073646937,0.0,0.0,0.0,9.8437,0.0,0.0,1.0,0.0,0.0,0.0,0.0,0.0,0.0,0.0,0.0
4.4427,0.9982523804583203,0.05908332462682798,0.0011600260073646937,0.0,0.0,0.0,9.8095,0.0,0.0,1.0,0.0,0.0,0.0,0.0,0.0,0.0,0.0,0.0
4.4627,0.9982523804583203,0.05908332462682798,0.0011600260073646937,0.0,0.0,0.0,9.8096,0.0,0.0,1.0,0.0,0.0,0.0,0.0,0.0,0.0,0.0,0.0
4.4828,0.9982523804583203,0.05908332462682798,0.0011600260073646937,0.0,0.0,0.0,9.8095,0.0,0.0,1.0,0.0,0.0,0.0,0.0,0.0,0.0,0.0,0.0
4.5029,0.9982524492405014,0.05908332869782246,0.0010990247154616904,0.0,0.0,0.0,9.8049,0.0,0.0,1.0,0.0,0.0,0.0,0.0,0.0,0.0,0.0,0.0
4.5229,0.9982524492405014,0.05908332869782246,0.0010990247154616904,0.0,0.0,0.0,9.801,0.0,0.0,1.0,0.0,0.0,0.0,0.0,0.0,0.0,0.0,0.0
4.543,0.9982524492405014,0.05908332869782246,0.0010990247154616904,0.0,0.0,0.0,9.8049,0.0,0.0,1.0,0.0,0.0,0.0,0.0,0.0,0.0,0.0,0.0
4.5631,0.9982524492405014,0.05908332869782246,0.0010990247154616904,0.0,0.0,0.0,9.805,0.0,0.0,1.0,0.0,0.0,0.0,0.0,0.0,0.0,0.0,0.0
4.5831,0.9982524492405014,0.05908332869782246,0.0010990247154616904,0.0,0.0,0.0,9.8095,0.0,0.0,1.0,0.0,0.0,0.0,0.0,0.0,0.0,0.0,0.0
4.6032,0.9982524492405014,0.05908332869782246,0.0010990247154616904,0.0,0.0,0.0,9.7755,0.0,0.0,1.0,0.0,0.0,0.0,0.0,0.0,0.0,0.0,0.0
4.6233,0.9982524492405014,0.05908332869782246,0.0010990247154616904,0.0,0.0,0.0,9.7624,0.0,0.0,1.0,0.0,0.0,0.0,0.0,0.0,0.0,0.0,0.0
4.6433,0.9982524492405014,0.05908332869782246,0.0010990247154616904,0.0,0.0,0.0,9.8095,0.0,0.0,1.0,0.0,0.0,0.0,0.0,0.0,0.0,0.0,0.0
4.6634,0.9982524492405014,0.05908332869782246,0.0010990247154616904,0.0,0.0,0.0,9.8049,0.0,0.0,1.0,0.0,0.0,0.0,0.0,0.0,0.0,0.0,0.0
4.6835,0.9982524492405014,0.05908332869782246,0.0010990247154616904,0.0,0.0,0.0,9.7622,0.0,0.0,1.0,0.0,0.0,0.0,0.0,0.0,0.0,0.0,0.0
4.7036,0.9982524492405014,0.05908332869782246,0.0010990247154616904,0.0,0.0,0.0,9.8438,0.0,0.0,1.0,0.0,0.0,0.0,0.0,0.0,0.0,0.0,0.0
4.7236,0.9982524492405014,0.05908332869782246,0.0010990247154616904,0.0,0.0,0.0,9.7625,0.0,0.0,1.0,0.0,0.0,0.0,0.0,0.0,0.0,0.0,0.0
4.7437,0.9982525143080316,0.059083332548958784,0.001038023411289727,0.0,0.0,0.0,9.8153,0.0,0.0,1.0,0.0,0.0,0.0,0.0,0.0,0.0,0.0,0.0
4.7638,0.9982524492405014,0.05908332869782246,0.0010990247154616904,0.0,0.0,0.0,9.805,0.0,0.0,1.0,0.0,0.0,0.0,0.0,0.0,0.0,0.0,0.0
4.7838,0.9982524492405014,0.05908332869782246,0.0010990247154616904,0.0,0.0,0.0,9.805,0.0,0.0,1.0,0.0,0.0,0.0,0.0,0.0,0.0,0.0,0.0
4.8039,0.9982525143080316,0.059083332548958784,0.001038023411289727,0.0,0.0,0.0,9.8096,0.0,0.0,1.0,0.0,0.0,0.0,0.0,0.0,0.0,0.0,0.0
4.824,0.9982525143080316,0.059083332548958784,0.001038023411289727,0.0,0.0,0.0,9.8008,0.0,0.0,1.0,0.0,0.0,0.0,0.0,0.0,0.0,0.0,0.0
4.844,0.9982525143080316,0.059083332548958784,0.001038023411289727,0.0,0.0,0.0,9.8095,0.0,0.0,1.0,0.0,0.0,0.0,0.0,0.0,0.0,0.0,0.0
4.8641,0.9982525143080316,0.059083332548958784,0.001038023411289727,0.0,0.0,0.0,9.8096,0.0,0.0,1.0,0.0,0.0,0.0,0.0,0.0,0.0,0.0,0.0
4.8842,0.9982525143080316,0.059083332548958784,0.001038023411289727,0.0,0.0,0.0,9.8095,0.0,0.0,1.0,0.0,0.0,0.0,0.0,0.0,0.0,0.0,0.0
4.9042,0.9982524492405014,0.05908332869782246,0.0010990247154616904,0.0,0.0,0.0,9.7668,0.0,0.0,1.0,0.0,0.0,0.0,0.0,0.0,0.0,0.0,0.0
4.9243,0.9982524492405014,0.05908332869782246,0.0010990247154616904,0.0,0.0,0.0,9.8096,0.0,0.0,1.0,0.0,0.0,0.0,0.0,0.0,0.0,0.0,0.0
4.9444,0.9982524492405014,0.05908332869782246,0.0010990247154616904,0.0,0.0,0.0,9.8049,0.0,0.0,1.0,0.0,0.0,0.0,0.0,0.0,0.0,0.0,0.0
4.9644,0.9982524492405014,0.05908332869782246,0.0010990247154616904,0.0,0.0,0.0,9.8049,0.0,0.0,1.0,0.0,0.0,0.0,0.0,0.0,0.0,0.0,0.0
4.9845,0.9982524492405014,0.05908332869782246,0.0010990247154616904,0.0,0.0,0.0,9.805,0.0,0.0,1.0,0.0,0.0,0.0,0.0,0.0,0.0,0.0,0.0
5.0046,0.9982524492405014,0.05908332869782246,0.0010990247154616904,0.0,0.0,0.0,9.8049,0.0,0.0,1.0,0.0,0.0,0.0,0.0,0.0,0.0,0.0,0.0
5.0246,0.9982524492405014,0.05908332869782246,0.0010990247154616904,0.0,0.0,0.0,9.8096,0.0,0.0,1.0,0.0,0.0,0.0,0.0,0.0,0.0,0.0,0.0
5.0447,0.9982524492405014,0.05908332869782246,0.0010990247154616904,0.0,0.0,0.0,9.805,0.0,0.0,1.0,0.0,0.0,0.0,0.0,0.0,0.0,0.0,0.0
5.0648,0.9982524492405014,0.05908332869782246,0.0010990247154616904,0.0,0.0,0.0,9.8438,0.0,0.0,1.0,0.0,0.0,0.0,0.0,0.0,0.0,0.0,0.0
5.0848,0.9982524492405014,0.05908332869782246,0.0010990247154616904,0.0,0.0,0.0,9.8095,0.0,0.0,1.0,0.0,0.0,0.0,0.0,0.0,0.0,0.0,0.0
5.1049,0.9982524492405014,0.05908332869782246,0.0010990247154616904,0.0,0.0,0.0,9.8096,0.0,0.0,1.0,0.0,0.0,0.0,0.0,0.0,0.0,0.0,0.0
5.125,0.9982524492405014,0.05908332869782246,0.0010990247154616904,0.0,0.0,0.0,9.8049,0.0,0.0,1.0,0.0,0.0,0.0,0.0,0.0,0.0,0.0,0.0
5.145,0.9982524492405014,0.05908332869782246,0.0010990247154616904,0.0,0.0,0.0,9.801,0.0,0.0,1.0,0.0,0.0,0.0,0.0,0.0,0.0,0.0,0.0
5.1651,0.9982524492405014,0.05908332869782246,0.0010990247154616904,0.0,0.0,0.0,9.7757,0.0,0.0,1.0,0.0,0.0,0.0,0.0,0.0,0.0,0.0,0.0
5.1852,0.9982524473831693,0.05908332858789298,0.001099024713416861,6.1001371718327764e-05,0.0,0.0,9.7624,0.0,0.0,1.0,0.0,0.0,0.0,0.0,0.0,0.0,0.0,0.0
5.2053,0.9982524492405014,0.05908332869782246,0.0010990247154616904,0.0,0.0,0.0,9.8095,0.0,0.0,1.0,0.0,0.0,0.0,0.0,0.0,0.0,0.0,0.0
5.2253,0.9982525143080316,0.059083332548958784,0.001038023411289727,0.0,0.0,0.0,9.767,0.0,0.0,1.0,0.0,0.0,0.0,0.0,0.0,0.0,0.0,0.0
5.2454,0.9982561103364768,0.0590225437906787,0.0010380271505858049,0.0,0.0,0.0,9.7622,0.0,0.0,1.0,0.0,0.0,0.0,0.0,0.0,0.0,0.0,0.0
5.2655,0.9982561103364768,0.0590225437906787,0.0010380271505858049,0.0,0.0,0.0,9.8095,0.0,0.0,1.0,0.0,0.0,0.0,0.0,0.0,0.0,0.0,0.0
5.2855,0.9982560452682435,0.05902253994347697,0.0010990286745036772,0.0,0.0,0.0,9.805,0.0,0.0,1.0,0.0,0.0,0.0,0.0,0.0,0.0,0.0,0.0
5.3056,0.998255976485319,0.05902253587664167,0.0011600301861524646,0.0,0.0,0.0,9.767,0.0,0.0,1.0,0.0,0.0,0.0,0.0,0.0,0.0,0.0,0.0
5.3257,0.9982561716900169,0.05902254741824678,0.0009770256150798441,0.0,0.0,0.0,9.8095,0.0,0.0,1.0,0.0,0.0,0.0,0.0,0.0,0.0,0.0,0.0
5.3457,0.9982452387286818,0.059204903793407204,0.0010990167770582246,-0.00012200186242133926,0.0,0.0,9.6806,0.0,0.0,1.0,0.0,0.0,0.0,0.0,0.0,0.0,0.0,0.0
5.3658,0.9982379521649017,0.05932647260664874,0.0011600092408676282,-0.00012200097188436178,0.0,0.0,9.7665,0.0,0.0,1.0,0.0,0.0,0.0,0.0,0.0,0.0,0.0,0.0
5.3859,0.9982451699479911,0.059204899714094816,0.0011600176283418431,-0.00012200185401523012,0.0,0.0,9.8353,0.0,0.0,1.0,0.0,0.0,0.0,0.0,0.0,0.0,0.0,0.0
5.4059,0.9982414903996744,0.05926568218600592,0.001221014054654749,-0.00012200140431439799,0.0,0.0,9.8104,0.0,0.0,1.0,0.0,0.0,0.0,0.0,0.0,0.0,0.0,0.0
5.426,0.9982485446943661,0.059144098733617395,0.0013430249496854847,-0.00012200226646436052,0.0,0.0,9.7931,0.0,0.0,1.0,0.0,0.0,0.0,0.0,0.0,0.0,0.0,0.0
5.4461,0.9982448576795717,0.05920488119377435,0.001404020897170122,-0.00012200181585098059,0.0,0.0,9.8095,0.0,0.0,1.0,0.0,0.0,0.0,0.0,0.0,0.0,0.0,0.0
5.4661,0.9982413249808038,0.05926567236507352,0.0013430152364176905,-0.00018300207614629915,0.0,0.0,9.8095,0.0,0.0,1.0,0.0,0.0,0.0,0.0,0.0,0.0,0.0,0.0
5.4862,0.9982377142541399,0.05932645846732827,0.0013430103786134656,-0.0001830014142116254,0.0,0.0,9.8105,0.0,0.0,1.0,0.0,0.0,0.0,0.0,0.0,0.0,0.0,0.0
5.5063,0.9982377142541399,0.05932645846732827,0.0013430103786134656,-0.0001830014142116254,0.0,0.0,9.7582,0.0,0.0,1.0,0.0,0.0,0.0,0.0,0.0,0.0,0.0,0.0
5.5263,0.9982377142541399,0.05932645846732827,0.0013430103786134656,-0.0001830014142116254,0.0,0.0,9.8104,0.0,0.0,1.0,0.0,0.0,0.0,0.0,0.0,0.0,0.0,0.0
5.5464,0.9982376306170082,0.05932645349667374,0.0014040107323826032,-0.00018300139887883482,0.0,0.0,9.767,0.0,0.0,1.0,0.0,0.0,0.0,0.0,0.0,0.0,0.0,0.0
5.5665,0.9982375302646566,0.059326447532613735,0.0014650110513987104,-0.00024400184064254926,0.0,0.0,9.8437,0.0,0.0,1.0,0.0,0.0,0.0,0.0,0.0,0.0,0.0,0.0
5.5865,0.9982375302646566,0.059326447532613735,0.0014650110513987104,-0.00024400184064254926,0.0,0.0,9.8095,0.0,0.0,1.0,0.0,0.0,0.0,0.0,0.0,0.0,0.0,0.0
5.6066,0.9982410629231369,0.059265656806687536,0.0015260169119548743,-0.00018300202810467292,0.0,0.0,9.767,0.0,0.0,1.0,0.0,0.0,0.0,0.0,0.0,0.0,0.0,0.0
5.6267,0.9982410629231369,0.059265656806687536,0.0015260169119548743,-0.00018300202810467292,0.0,0.0,9.8438,0.0,0.0,1.0,0.0,0.0,0.0,0.0,0.0,0.0,0.0,0.0
5.6467,0.9982375432653995,0.05932644830526341,0.0014650110704785698,-0.00018300138286514447,0.0,0.0,9.8484,0.0,0.0,1.0,0.0,0.0,0.0,0.0,0.0,0.0,0.0,0.0
5.6668,0.998237617616262,0.05932645272402387,0.0014040107140971883,-0.00024400186199408092,0.0,0.0,9.7622,0.0,0.0,1.0,0.0,0.0,0.0,0.0,0.0,0.0,0.0,0.0
5.6869,0.9982376306170082,0.05932645349667374,0.0014040107323826032,-0.00018300139887883482,0.0,0.0,9.8096,0.0,0.0,1.0,0.0,0.0,0.0,0.0,0.0,0.0,0.0,0.0
5.7069,0.9982376306170082,0.05932645349667374,0.0014040107323826032,-0.00018300139887883482,0.0,0.0,9.8484,0.0,0.0,1.0,0.0,0.0,0.0,0.0,0.0,0.0,0.0,0.0
5.727,0.998237617616262,0.05932645272402387,0.0014040107140971883,-0.00024400186199408092,0.0,0.0,9.7622,0.0,0.0,1.0,0.0,0.0,0.0,0.0,0.0,0.0,0.0,0.0
5.7471,0.9982340032153687,0.05938723816049518,0.0014040056304803344,-0.00024400097851662306,0.0,0.0,9.8104,0.0,0.0,1.0,0.0,0.0,0.0,0.0,0.0,0.0,0.0,0.0
5.7671,0.9982340032153687,0.05938723816049518,0.0014040056304803344,-0.00024400097851662306,0.0,0.0,9.8049,0.0,0.0,1.0,0.0,0.0,0.0,0.0,0.0,0.0,0.0,0.0
5.7872,0.9982340032153687,0.05938723816049518,0.0014040056304803344,-0.00024400097851662306,0.0,0.0,9.8049,0.0,0.0,1.0,0.0,0.0,0.0,0.0,0.0,0.0,0.0,0.0
5.8073,0.9982340868515888,0.05938724313620639,0.0013430054983738157,-0.00024400099895999228,0.0,0.0,9.8095,0.0,0.0,1.0,0.0,0.0,0.0,0.0,0.0,0.0,0.0,0.0
5.8274,0.9982340868515888,0.05938724313620639,0.0013430054983738157,-0.00024400099895999228,0.0,0.0,9.8061,0.0,0.0,1.0,0.0,0.0,0.0,0.0,0.0,0.0,0.0,0.0
5.8474,0.9982340868515888,0.05938724313620639,0.0013430054983738157,-0.00024400099895999228,0.0,0.0,9.8008,0.0,0.0,1.0,0.0,0.0,0.0,0.0,0.0,0.0,0.0,0.0
5.8675,0.9982341667733692,0.05938724789093704,0.0012820053512752304,-0.0002440010184953656,0.0,0.0,9.8095,0.0,0.0,1.0,0.0,0.0,0.0,0.0,0.0,0.0,0.0,0.0
5.8876,0.9982305486955401,0.0594480326766902,0.001282000704674966,-0.0002440001341191267,0.0,0.0,9.8105,0.0,0.0,1.0,0.0,0.0,0.0,0.0,0.0,0.0,0.0,0.0
5.9076,0.9982341667733692,0.05938724789093704,0.0012820053512752304,-0.0002440010184953656,0.0,0.0,9.8049,0.0,0.0,1.0,0.0,0.0,0.0,0.0,0.0,0.0,0.0,0.0
5.9277,0.9982342429807078,0.05938725242468701,0.0012210051898655164,-0.00024400103712296506,0.0,0.0,9.8008,0.0,0.0,1.0,0.0,0.0,0.0,0.0,0.0,0.0,0.0,0.0
5.9478,0.9982342429807078,0.05938725242468701,0.0012210051898655164,-0.00024400103712296506,0.0,0.0,9.8493,0.0,0.0,1.0,0.0,0.0,0.0,0.0,0.0,0.0,0.0,0.0
5.9678,0.9982306249020501,0.059448037215047704,0.001221000764358323,-0.00024400015274639308,0.0,0.0,9.8095,0.0,0.0,1.0,0.0,0.0,0.0,0.0,0.0,0.0,0.0,0.0
5.9879,0.9982306973941557,0.05944804153219977,0.0011600008104116592,-0.0002440001704658301,0.0,0.0,9.7622,0.0,0.0,1.0,0.0,0.0,0.0,0.0,0.0,0.0,0.0,0.0
6.008,0.9982343972526688,0.059387261602680985,0.0010990048411495257,-0.00018300080612404512,0.0,0.0,9.8015,0.0,0.0,1.0,0.0,0.0,0.0,0.0,0.0,0.0,0.0,0.0
6.028,0.9982345813013126,0.059387272552158366,0.0009160042039129332,-0.00018300083986472204,0.0,0.0,9.7626,0.0,0.0,1.0,0.0,0.0,0.0,0.0,0.0,0.0,0.0,0.0
6.0481,0.9982346360749512,0.059387275810768206,0.0008540039662282423,-0.00018300084990607868,0.0,0.0,9.8096,0.0,0.0,1.0,0.0,0.0,0.0,0.0,0.0,0.0,0.0,0.0
6.0682,0.9982417580903897,0.05926569807882647,0.000977011508023519,-0.0001220014370305611,0.0,0.0,9.7111,0.0,0.0,1.0,0.0,0.0,0.0,0.0,0.0,0.0,0.0,0.0
6.0882,0.9982416316740924,0.05926569057348015,0.0010990128058762406,-0.00012200142158036442,0.0,0.0,9.8492,0.0,0.0,1.0,0.0,0.0,0.0,0.0,0.0,0.0,0.0,0.0
6.1083,0.9982308535216846,0.05944805083012643,0.0010380008875264385,-0.00012200010431423491,0.0,0.0,9.8256,0.0,0.0,1.0,0.0,0.0,0.0,0.0,0.0,0.0,0.0,0.0
6.1284,0.9982380116578422,0.05932647614238516,0.0010990088204241265,-0.00018300146873306833,0.0,0.0,9.7965,0.0,0.0,1.0,0.0,0.0,0.0,0.0,0.0,0.0,0.0,0.0
6.1485,0.998237870384961,0.05932646774636927,0.001221009626779443,-0.0001830014428342297,0.0,0.0,9.8153,0.0,0.0,1.0,0.0,0.0,0.0,0.0,0.0,0.0,0.0,0.0
6.1685,0.9982377235403899,0.05932645901922119,0.0013430103911070137,-0.00012200094394271278,0.0,0.0,9.7967,0.0,0.0,1.0,0.0,0.0,0.0,0.0,0.0,0.0,0.0,0.0
6.1886,0.9982375432653995,0.05932644830526341,0.0014650110704785698,-0.00018300138286514447,0.0,0.0,9.8049,0.0,0.0,1.0,0.0,0.0,0.0,0.0,0.0,0.0,0.0,0.0
6.2087,0.9982337430206959,0.05938722268091529,0.001587005950706603,-0.00018300068618737345,0.0,0.0,9.8096,0.0,0.0,1.0,0.0,0.0,0.0,0.0,0.0,0.0,0.0,0.0
6.2287,0.9982335423183679,0.05938721074067192,0.0017090060645563697,-0.0001830006493936387,0.0,0.0,9.7624,0.0,0.0,1.0,0.0,0.0,0.0,0.0,0.0,0.0,0.0,0.0
6.2488,0.9982299242473286,0.059447995488670136,0.0017089998703091365,-0.0001829999861127085,0.0,0.0,9.8095,0.0,0.0,1.0,0.0,0.0,0.0,0.0,0.0,0.0,0.0,0.0
6.2689,0.9982299112468834,0.05944799471444931,0.001708999848051989,-0.00024399997830582,0.0,0.0,9.7622,0.0,0.0,1.0,0.0,0.0,0.0,0.0,0.0,0.0,0.0,0.0
6.2889,0.9982335293177813,0.05938720996723709,0.0017090060422989654,-0.00024400086268050458,0.0,0.0,9.8049,0.0,0.0,1.0,0.0,0.0,0.0,0.0,0.0,0.0,0.0,0.0
6.309,0.9982299112468834,0.05944799471444931,0.001708999848051989,-0.00024399997830582,0.0,0.0,9.8049,0.0,0.0,1.0,0.0,0.0,0.0,0.0,0.0,0.0,0.0,0.0
6.3291,0.9982298053252424,0.05944798840645444,0.0017699996548147141,-0.000243999952415197,0.0,0.0,9.8096,0.0,0.0,1.0,0.0,0.0,0.0,0.0,0.0,0.0,0.0,0.0
6.3491,0.9982262895009537,0.05950877880038895,0.0017089936475132433,-0.00024399909303290945,0.0,0.0,9.8096,0.0,0.0,1.0,0.0,0.0,0.0,0.0,0.0,0.0,0.0,0.0
6.3692,0.9982262895009537,0.05950877880038895,0.0017089936475132433,-0.00024399909303290945,0.0,0.0,9.8095,0.0,0.0,1.0,0.0,0.0,0.0,0.0,0.0,0.0,0.0,0.0
6.3893,0.9982263025012573,0.05950877957539579,0.0017089936697701551,-0.0001829993221579285,0.0,0.0,9.8095,0.0,0.0,1.0,0.0,0.0,0.0,0.0,0.0,0.0,0.0,0.0
6.4096,0.9982263025012573,0.05950877957539579,0.0017089936697701551,-0.0001829993221579285,0.0,0.0,9.8096,0.0,0.0,1.0,0.0,0.0,0.0,0.0,0.0,0.0,0.0,0.0
6.4297,0.9982263025012573,0.05950877957539579,0.0017089936697701551,-0.0001829993221579285,0.0,0.0,9.805,0.0,0.0,1.0,0.0,0.0,0.0,0.0,0.0,0.0,0.0,0.0
6.45,0.9982264047074096,0.059508785668366246,0.001647994064451902,-0.00018299934089477388,0.0,0.0,9.8049,0.0,0.0,1.0,0.0,0.0,0.0,0.0,0.0,0.0,0.0,0.0
6.47,0.9982264047074096,0.059508785668366246,0.001647994064451902,-0.00018299934089477388,0.0,0.0,9.8104,0.0,0.0,1.0,0.0,0.0,0.0,0.0,0.0,0.0,0.0,0.0
6.4901,0.9982264047074096,0.059508785668366246,0.001647994064451902,-0.00018299934089477388,0.0,0.0,9.8096,0.0,0.0,1.0,0.0,0.0,0.0,0.0,0.0,0.0,0.0,0.0
6.5102,0.9982264047074096,0.059508785668366246,0.001647994064451902,-0.00018299934089477388,0.0,0.0,9.8096,0.0,0.0,1.0,0.0,0.0,0.0,0.0,0.0,0.0,0.0,0.0
6.5302,0.9982264047074096,0.059508785668366246,0.001647994064451902,-0.00018299934089477388,0.0,0.0,9.8096,0.0,0.0,1.0,0.0,0.0,0.0,0.0,0.0,0.0,0.0,0.0
6.5503,0.9982263025012573,0.05950877957539579,0.0017089936697701551,-0.0001829993221579285,0.0,0.0,9.8049,0.0,0.0,1.0,0.0,0.0,0.0,0.0,0.0,0.0,0.0,0.0
6.5704,0.9982263025012573,0.05950877957539579,0.0017089936697701551,-0.0001829993221579285,0.0,0.0,9.8049,0.0,0.0,1.0,0.0,0.0,0.0,0.0,0.0,0.0,0.0,0.0
6.5904,0.9982263117871889,0.05950878012897211,0.0017089936856679521,-0.00012199954924024815,0.0,0.0,9.805,0.0,0.0,1.0,0.0,0.0,0.0,0.0,0.0,0.0,0.0,0.0
6.6105,0.9982263117871889,0.05950878012897211,0.0017089936856679521,-0.00012199954924024815,0.0,0.0,9.8095,0.0,0.0,1.0,0.0,0.0,0.0,0.0,0.0,0.0,0.0,0.0
6.6306,0.9982263025012573,0.05950877957539579,0.0017089936697701551,-0.0001829993221579285,0.0,0.0,9.8095,0.0,0.0,1.0,0.0,0.0,0.0,0.0,0.0,0.0,0.0,0.0
6.6507,0.9982298276117131,0.059447989733689754,0.0017699996943317117,-0.00012199997893141969,0.0,0.0,9.805,0.0,0.0,1.0,0.0,0.0,0.0,0.0,0.0,0.0,0.0,0.0
6.6707,0.9982298276117131,0.059447989733689754,0.0017699996943317117,-0.00012199997893141969,0.0,0.0,9.805,0.0,0.0,1.0,0.0,0.0,0.0,0.0,0.0,0.0,0.0,0.0
6.6908,0.9982298276117131,0.059447989733689754,0.0017699996943317117,-0.00012199997893141969,0.0,0.0,9.8096,0.0,0.0,1.0,0.0,0.0,0.0,0.0,0.0,0.0,0.0,0.0
6.7109,0.9982298276117131,0.059447989733689754,0.0017699996943317117,-0.00012199997893141969,0.0,0.0,9.805,0.0,0.0,1.0,0.0,0.0,0.0,0.0,0.0,0.0,0.0,0.0
6.7309,0.9982298276117131,0.059447989733689754,0.0017699996943317117,-0.00012199997893141969,0.0,0.0,9.8049,0.0,0.0,1.0,0.0,0.0,0.0,0.0,0.0,0.0,0.0,0.0
6.751,0.9982298276117131,0.059447989733689754,0.0017699996943317117,-0.00012199997893141969,0.0,0.0,9.7668,0.0,0.0,1.0,0.0,0.0,0.0,0.0,0.0,0.0,0.0,0.0
6.7711,0.9982297235473041,0.05944798353629939,0.0018309994929175885,-6.099998310643562e-05,0.0,0.0,9.805,0.0,0.0,1.0,0.0,0.0,0.0,0.0,0.0,0.0,0.0,0.0
6.7911,0.9982297235473041,0.05944798353629939,0.0018309994929175885,-6.099998310643562e-05,0.0,0.0,9.8096,0.0,0.0,1.0,0.0,0.0,0.0,0.0,0.0,0.0,0.0,0.0
6.8112,0.998229833183331,0.05944799006549862,0.001769999704210962,-6.0999989806187496e-05,0.0,0.0,9.8095,0.0,0.0,1.0,0.0,0.0,0.0,0.0,0.0,0.0,0.0,0.0
6.8313,0.9982299391049809,0.05944799637349398,0.00170899989574589,-6.099999627889874e-05,0.0,0.0,9.8095,0.0,0.0,1.0,0.0,0.0,0.0,0.0,0.0,0.0,0.0,0.0
6.8513,0.998229833183331,0.05944799006549862,0.001769999704210962,-6.0999989806187496e-05,0.0,0.0,9.8096,0.0,0.0,1.0,0.0,0.0,0.0,0.0,0.0,0.0,0.0,0.0
6.8714,0.998229833183331,0.05944799006549862,0.001769999704210962,-6.0999989806187496e-05,0.0,0.0,9.7622,0.0,0.0,1.0,0.0,0.0,0.0,0.0,0.0,0.0,0.0,0.0
6.8915,0.998229833183331,0.05944799006549862,0.001769999704210962,-6.0999989806187496e-05,0.0,0.0,9.805,0.0,0.0,1.0,0.0,0.0,0.0,0.0,0.0,0.0,0.0,0.0
6.9115,0.9982298276117131,0.059447989733689754,0.0017699996943317117,-0.00012199997893141969,0.0,0.0,9.8437,0.0,0.0,1.0,0.0,0.0,0.0,0.0,0.0,0.0,0.0,0.0
6.9316,0.9982262058666937,0.05950877381457287,0.001769993272476341,-0.00012199953629499216,0.0,0.0,9.8095,0.0,0.0,1.0,0.0,0.0,0.0,0.0,0.0,0.0,0.0,0.0
6.9517,0.9982262058666937,0.05950877381457287,0.001769993272476341,-0.00012199953629499216,0.0,0.0,9.8438,0.0,0.0,1.0,0.0,0.0,0.0,0.0,0.0,0.0,0.0,0.0
6.9717,0.998226317358748,0.059508780461117905,0.0017089936952066238,-6.0999774960546205e-05,0.0,0.0,9.8484,0.0,0.0,1.0,0.0,0.0,0.0,0.0,0.0,0.0,0.0,0.0
6.9918,0.9982264195649049,0.05950878655408866,0.0016479940889804652,-6.099978120621685e-05,0.0,0.0,9.7668,0.0,0.0,1.0,0.0,0.0,0.0,0.0,0.0,0.0,0.0,0.0
7.0119,0.9982301398051355,0.05944800832587249,0.001587000222264167,-6.1000008543199424e-05,0.0,0.0,9.7974,0.0,0.0,1.0,0.0,0.0,0.0,0.0,0.0,0.0,0.0,0.0
7.0319,0.9982268748804712,0.05950881369750655,0.0013429957955225502,-6.0999809029627095e-05,0.0,0.0,9.428,0.0,0.0,1.0,0.0,0.0,0.0,0.0,0.0,0.0,0.0,0.0
7.052,0.9982344790317559,0.05938726646790708,0.001038004657478709,0.0,0.0,0.0,9.5975,0.0,0.0,1.0,0.0,0.0,0.0,0.0,0.0,0.0,0.0,0.0
7.0721,0.9982307271095301,0.059448043301851626,0.0011600008449426137,0.0,0.0,0.0,9.8594,0.0,0.0,1.0,0.0,0.0,0.0,0.0,0.0,0.0,0.0,0.0
7.0921,0.9982306546174178,0.05944803898469918,0.0012210008007051236,0.0,0.0,0.0,9.7622,0.0,0.0,1.0,0.0,0.0,0.0,0.0,0.0,0.0,0.0,0.0
7.1122,0.9982344139677524,0.05938726259709978,0.0010990048595519789,0.0,0.0,0.0,9.8104,0.0,0.0,1.0,0.0,0.0,0.0,0.0,0.0,0.0,0.0,0.0
7.1323,0.9982307271095301,0.059448043301851626,0.0011600008449426137,0.0,0.0,0.0,9.8147,0.0,0.0,1.0,0.0,0.0,0.0,0.0,0.0,0.0,0.0,0.0
7.1524,0.998230794030024,0.0594480472871952,0.001099000874186313,6.1000048521608896e-05,0.0,0.0,9.7668,0.0,0.0,1.0,0.0,0.0,0.0,0.0,0.0,0.0,0.0,0.0
7.1724,0.998230794030024,0.0594480472871952,0.001099000874186313,6.1000048521608896e-05,0.0,0.0,9.8095,0.0,0.0,1.0,0.0,0.0,0.0,0.0,0.0,0.0,0.0,0.0
7.1925,0.9982308590933197,0.0594480511619363,0.0010380008933200506,6.10000524975951e-05,0.0,0.0,9.8398,0.0,0.0,1.0,0.0,0.0,0.0,0.0,0.0,0.0,0.0,0.0
7.2126,0.998234477174524,0.05938726635741608,0.0010380046555474864,6.100027359190463e-05,0.0,0.0,9.8401,0.0,0.0,1.0,0.0,0.0,0.0,0.0,0.0,0.0,0.0,0.0
7.2326,0.998234477174524,0.05938726635741608,0.0010380046555474864,6.100027359190463e-05,0.0,0.0,9.8403,0.0,0.0,1.0,0.0,0.0,0.0,0.0,0.0,0.0,0.0,0.0
7.2527,0.9982307271095301,0.059448043301851626,0.0011600008449426137,0.0,0.0,0.0,9.8105,0.0,0.0,1.0,0.0,0.0,0.0,0.0,0.0,0.0,0.0,0.0
7.2728,0.998230794030024,0.0594480472871952,0.001099000874186313,6.1000048521608896e-05,0.0,0.0,9.7624,0.0,0.0,1.0,0.0,0.0,0.0,0.0,0.0,0.0,0.0,0.0
7.2928,0.9982308609505314,0.0594480512725396,0.0010380008952512525,0.0,0.0,0.0,9.7319,0.0,0.0,1.0,0.0,0.0,0.0,0.0,0.0,0.0,0.0,0.0
7.3129,0.9982308590933197,0.0594480511619363,0.0010380008933200506,-6.10000524975951e-05,0.0,0.0,9.8025,0.0,0.0,1.0,0.0,0.0,0.0,0.0,0.0,0.0,0.0,0.0
7.333,0.998230794030024,0.0594480472871952,0.001099000874186313,-6.1000048521608896e-05,0.0,0.0,9.7561,0.0,0.0,1.0,0.0,0.0,0.0,0.0,0.0,0.0,0.0,0.0
7.353,0.9982273581763252,0.05950884250895577,0.0009159975757986882,0.0,0.0,0.0,9.8158,0.0,0.0,1.0,0.0,0.0,0.0,0.0,0.0,0.0,0.0,0.0
7.3731,0.9982310848516796,0.05944806460661635,0.0007930008618128002,0.0,0.0,0.0,9.8096,0.0,0.0,1.0,0.0,0.0,0.0,0.0,0.0,0.0,0.0,0.0
7.3932,0.9982310848516796,0.05944806460661635,0.0007930008618128002,0.0,0.0,0.0,9.8096,0.0,0.0,1.0,0.0,0.0,0.0,0.0,0.0,0.0,0.0,0.0
7.4132,0.9982345961591728,0.05938727343608667,0.0009160042175468709,-6.100028086286624e-05,0.0,0.0,9.8273,0.0,0.0,1.0,0.0,0.0,0.0,0.0,0.0,0.0,0.0,0.0
7.4333,0.9982382105665069,0.05932648796376444,0.0009160075342144886,-6.100050173257765e-05,0.0,0.0,9.8449,0.0,0.0,1.0,0.0,0.0,0.0,0.0,0.0,0.0,0.0,0.0
7.4534,0.9982345961591728,0.05938727343608667,0.0009160042175468709,-6.100028086286624e-05,0.0,0.0,9.7721,0.0,0.0,1.0,0.0,0.0,0.0,0.0,0.0,0.0,0.0,0.0
7.4735,0.9982346509328139,0.059387276694696636,0.0008540039789393557,-6.1000284209966615e-05,0.0,0.0,9.7755,0.0,0.0,1.0,0.0,0.0,0.0,0.0,0.0,0.0,0.0,0.0
7.4935,0.9982346509328139,0.059387276694696636,0.0008540039789393557,-6.1000284209966615e-05,0.0,0.0,9.8437,0.0,0.0,1.0,0.0,0.0,0.0,0.0,0.0,0.0,0.0,0.0
7.5136,0.9982346509328139,0.059387276694696636,0.0008540039789393557,-6.1000284209966615e-05,0.0,0.0,9.8008,0.0,0.0,1.0,0.0,0.0,0.0,0.0,0.0,0.0,0.0,0.0
7.5337,0.9982347010781054,0.05938727967795543,0.0007930037345651245,-6.1000287274293186e-05,0.0,0.0,9.8095,0.0,0.0,1.0,0.0,0.0,0.0,0.0,0.0,0.0,0.0,0.0
7.5537,0.9982347010781054,0.05938727967795543,0.0007930037345651245,-6.1000287274293186e-05,0.0,0.0,9.8095,0.0,0.0,1.0,0.0,0.0,0.0,0.0,0.0,0.0,0.0,0.0
7.5738,0.9982347010781054,0.05938727967795543,0.0007930037345651245,-6.1000287274293186e-05,0.0,0.0,9.8049,0.0,0.0,1.0,0.0,0.0,0.0,0.0,0.0,0.0,0.0,0.0
7.5939,0.9982347029353384,0.05938727978844649,0.0007930037360405207,-1.1102230246251565e-16,0.0,0.0,9.8049,0.0,0.0,1.0,0.0,0.0,0.0,0.0,0.0,0.0,0.0,0.0
7.6139,0.9982310829944665,0.05944806449601299,0.0007930008603374214,-6.1000066179872636e-05,0.0,0.0,9.8096,0.0,0.0,1.0,0.0,0.0,0.0,0.0,0.0,0.0,0.0,0.0
7.634,0.998231034706933,0.059448061620325746,0.0008540008852065475,0.0,0.0,0.0,9.8095,0.0,0.0,1.0,0.0,0.0,0.0,0.0,0.0,0.0,0.0,0.0
7.6541,0.9982310848516796,0.05944806460661635,0.0007930008618128002,0.0,0.0,0.0,9.8049,0.0,0.0,1.0,0.0,0.0,0.0,0.0,0.0,0.0,0.0,0.0
7.6741,0.9982310848516796,0.05944806460661635,0.0007930008618128002,0.0,0.0,0.0,9.8049,0.0,0.0,1.0,0.0,0.0,0.0,0.0,0.0,0.0,0.0,0.0
7.6942,0.998231034706933,0.059448061620325746,0.0008540008852065475,0.0,0.0,0.0,9.8787,0.0,0.0,1.0,0.0,0.0,0.0,0.0,0.0,0.0,0.0,0.0
7.7143,0.9982310848516796,0.05944806460661635,0.0007930008618128002,0.0,0.0,0.0,9.8096,0.0,0.0,1.0,0.0,0.0,0.0,0.0,0.0,0.0,0.0,0.0
7.7346,0.9982310848516796,0.05944806460661635,0.0007930008618128002,0.0,0.0,0.0,9.7622,0.0,0.0,1.0,0.0,0.0,0.0,0.0,0.0,0.0,0.0,0.0
7.7546,0.998231034706933,0.059448061620325746,0.0008540008852065475,0.0,0.0,0.0,9.805,0.0,0.0,1.0,0.0,0.0,0.0,0.0,0.0,0.0,0.0,0.0
7.7747,0.998231034706933,0.059448061620325746,0.0008540008852065475,0.0,0.0,0.0,9.8049,0.0,0.0,1.0,0.0,0.0,0.0,0.0,0.0,0.0,0.0,0.0
7.7948,0.998231034706933,0.059448061620325746,0.0008540008852065475,0.0,0.0,0.0,9.8049,0.0,0.0,1.0,0.0,0.0,0.0,0.0,0.0,0.0,0.0,0.0
7.8149,0.9982310328497204,0.059448061509722386,0.0008540008836176727,-6.1000063115490555e-05,0.0,0.0,9.8096,0.0,0.0,1.0,0.0,0.0,0.0,0.0,0.0,0.0,0.0,0.0
7.8349,0.9982310328497204,0.059448061509722386,0.0008540008836176727,-6.1000063115490555e-05,0.0,0.0,9.8438,0.0,0.0,1.0,0.0,0.0,0.0,0.0,0.0,0.0,0.0,0.0
7.855,0.9982310829944665,0.05944806449601299,0.0007930008603374214,-6.1000066179872636e-05,0.0,0.0,9.7622,0.0,0.0,1.0,0.0,0.0,0.0,0.0,0.0,0.0,0.0,0.0
7.8751,0.9982310829944665,0.05944806449601299,0.0007930008603374214,-6.1000066179872636e-05,0.0,0.0,9.8095,0.0,0.0,1.0,0.0,0.0,0.0,0.0,0.0,0.0,0.0,0.0
7.8952,0.9982310829944665,0.05944806449601299,0.0007930008603374214,-6.1000066179872636e-05,0.0,0.0,9.8095,0.0,0.0,1.0,0.0,0.0,0.0,0.0,0.0,0.0,0.0,0.0
7.9152,0.9982347010781054,0.05938727967795543,0.0007930037345651245,-6.1000287274293186e-05,0.0,0.0,9.8483,0.0,0.0,1.0,0.0,0.0,0.0,0.0,0.0,0.0,0.0,0.0
7.9353,0.9982347010781054,0.05938727967795543,0.0007930037345651245,-6.1000287274293186e-05,0.0,0.0,9.8049,0.0,0.0,1.0,0.0,0.0,0.0,0.0,0.0,0.0,0.0,0.0
7.9554,0.9982347029353384,0.05938727978844649,0.0007930037360405207,-1.1102230246251565e-16,0.0,0.0,9.7622,0.0,0.0,1.0,0.0,0.0,0.0,0.0,0.0,0.0,0.0,0.0
7.9755,0.9982347029353384,0.05938727978844649,0.0007930037360405207,-1.1102230246251565e-16,0.0,0.0,9.805,0.0,0.0,1.0,0.0,0.0,0.0,0.0,0.0,0.0,0.0,0.0
7.9955,0.9982346509328139,0.059387276694696636,0.0008540039789393557,-6.1000284209966615e-05,0.0,0.0,9.8049,0.0,0.0,1.0,0.0,0.0,0.0,0.0,0.0,0.0,0.0,0.0
8.0156,0.9982347010781054,0.05938727967795543,0.0007930037345651245,-6.1000287274293186e-05,0.0,0.0,9.8095,0.0,0.0,1.0,0.0,0.0,0.0,0.0,0.0,0.0,0.0,0.0
8.0357,0.9982347010781054,0.05938727967795543,0.0007930037345651245,-6.1000287274293186e-05,0.0,0.0,9.8095,0.0,0.0,1.0,0.0,0.0,0.0,0.0,0.0,0.0,0.0,0.0
8.0558,0.9982347010781054,0.05938727967795543,0.0007930037345651245,-6.1000287274293186e-05,0.0,0.0,9.8049,0.0,0.0,1.0,0.0,0.0,0.0,0.0,0.0,0.0,0.0,0.0
8.0758,0.9982347010781054,0.05938727967795543,0.0007930037345651245,-6.1000287274293186e-05,0.0,0.0,9.7622,0.0,0.0,1.0,0.0,0.0,0.0,0.0,0.0,0.0,0.0,0.0
8.0959,0.9982347010781054,0.05938727967795543,0.0007930037345651245,-6.1000287274293186e-05,0.0,0.0,9.8095,0.0,0.0,1.0,0.0,0.0,0.0,0.0,0.0,0.0,0.0,0.0
8.116,0.9982346509328139,0.059387276694696636,0.0008540039789393557,-6.1000284209966615e-05,0.0,0.0,9.8049,0.0,0.0,1.0,0.0,0.0,0.0,0.0,0.0,0.0,0.0,0.0
8.1361,0.9982382653407429,0.05932649121906265,0.0008540070711168836,-6.1000505079733536e-05,0.0,0.0,9.7624,0.0,0.0,1.0,0.0,0.0,0.0,0.0,0.0,0.0,0.0,0.0
8.1562,0.9982383154865789,0.05932649419928953,0.0007930066058732602,-6.1000508144060106e-05,0.0,0.0,9.8096,0.0,0.0,1.0,0.0,0.0,0.0,0.0,0.0,0.0,0.0,0.0
8.1763,0.9982383154865789,0.05932649419928953,0.0007930066058732602,-6.1000508144060106e-05,0.0,0.0,9.7622,0.0,0.0,1.0,0.0,0.0,0.0,0.0,0.0,0.0,0.0,0.0
8.1963,0.9982383154865789,0.05932649419928953,0.0007930066058732602,-6.1000508144060106e-05,0.0,0.0,9.7668,0.0,0.0,1.0,0.0,0.0,0.0,0.0,0.0,0.0,0.0,0.0
8.2164,0.9982383154865789,0.05932649419928953,0.0007930066058732602,-6.1000508144060106e-05,0.0,0.0,9.767,0.0,0.0,1.0,0.0,0.0,0.0,0.0,0.0,0.0,0.0,0.0
8.2365,0.9982383154865789,0.05932649419928953,0.0007930066058732602,-6.1000508144060106e-05,0.0,0.0,9.8438,0.0,0.0,1.0,0.0,0.0,0.0,0.0,0.0,0.0,0.0,0.0
8.2565,0.9982383154865789,0.05932649419928953,0.0007930066058732602,-6.1000508144060106e-05,0.0,0.0,9.8049,0.0,0.0,1.0,0.0,0.0,0.0,0.0,0.0,0.0,0.0,0.0
8.2766,0.9982383619179155,0.05932649695875926,0.0007320061317771695,-6.1000510981401586e-05,0.0,0.0,9.7622,0.0,0.0,1.0,0.0,0.0,0.0,0.0,0.0,0.0,0.0,0.0
8.2967,0.9982383154865789,0.05932649419928953,0.0007930066058732602,-6.1000508144060106e-05,0.0,0.0,9.7755,0.0,0.0,1.0,0.0,0.0,0.0,0.0,0.0,0.0,0.0,0.0
8.3168,0.9982383154865789,0.05932649419928953,0.0007930066058732602,-6.1000508144060106e-05,0.0,0.0,9.8049,0.0,0.0,1.0,0.0,0.0,0.0,0.0,0.0,0.0,0.0,0.0
8.337,0.9982418760733869,0.05926570508348705,0.0008540101601501489,-6.100072572495785e-05,0.0,0.0,9.7624,0.0,0.0,1.0,0.0,0.0,0.0,0.0,0.0,0.0,0.0,0.0
8.3571,0.9982418760733869,0.05926570508348705,0.0008540101601501489,-6.100072572495785e-05,0.0,0.0,9.8095,0.0,0.0,1.0,0.0,0.0,0.0,0.0,0.0,0.0,0.0,0.0
8.3772,0.9982382671979959,0.05932649132944143,0.0008540070727057862,0.0,0.0,0.0,9.8095,0.0,0.0,1.0,0.0,0.0,0.0,0.0,0.0,0.0,0.0,0.0
8.3973,0.9982383173438323,0.059326494309668326,0.0007930066073486737,0.0,0.0,0.0,9.7622,0.0,0.0,1.0,0.0,0.0,0.0,0.0,0.0,0.0,0.0,0.0
8.4174,0.9982382671979959,0.05932649132944143,0.0008540070727057862,0.0,0.0,0.0,9.8049,0.0,0.0,1.0,0.0,0.0,0.0,0.0,0.0,0.0,0.0,0.0
8.4375,0.9982382671979959,0.05932649132944143,0.0008540070727057862,0.0,0.0,0.0,9.8096,0.0,0.0,1.0,0.0,0.0,0.0,0.0,0.0,0.0,0.0,0.0
8.4576,0.9982418760733869,0.05926570508348705,0.0008540101601501489,-6.100072572495785e-05,0.0,0.0,9.8096,0.0,0.0,1.0,0.0,0.0,0.0,0.0,0.0,0.0,0.0,0.0
8.4777,0.9982382124237595,0.05932648807414318,0.0009160075359187469,0.0,0.0,0.0,9.7668,0.0,0.0,1.0,0.0,0.0,0.0,0.0,0.0,0.0,0.0,0.0
8.4978,0.9982382124237595,0.05932648807414318,0.0009160075359187469,0.0,0.0,0.0,9.8483,0.0,0.0,1.0,0.0,0.0,0.0,0.0,0.0,0.0,0.0,0.0
8.5186,0.9982382124237595,0.05932648807414318,0.0009160075359187469,0.0,0.0,0.0,9.7624,0.0,0.0,1.0,0.0,0.0,0.0,0.0,0.0,0.0,0.0,0.0
8.5387,0.9982382124237595,0.05932648807414318,0.0009160075359187469,0.0,0.0,0.0,9.8049,0.0,0.0,1.0,0.0,0.0,0.0,0.0,0.0,0.0,0.0,0.0
8.5588,0.9982418231558292,0.05926570194176714,0.0009160108492138538,0.0,0.0,0.0,9.8049,0.0,0.0,1.0,0.0,0.0,0.0,0.0,0.0,0.0,0.0,0.0
8.5788,0.9982418779306601,0.059265705193753515,0.0008540101617390689,0.0,0.0,0.0,9.8008,0.0,0.0,1.0,0.0,0.0,0.0,0.0,0.0,0.0,0.0,0.0
8.5989,0.9982418779306601,0.059265705193753515,0.0008540101617390689,0.0,0.0,0.0,9.7622,0.0,0.0,1.0,0.0,0.0,0.0,0.0,0.0,0.0,0.0,0.0
8.619,0.9982418779306601,0.059265705193753515,0.0008540101617390689,0.0,0.0,0.0,9.8095,0.0,0.0,1.0,0.0,0.0,0.0,0.0,0.0,0.0,0.0,0.0
8.639,0.9982382124237595,0.05932648807414318,0.0009160075359187469,0.0,0.0,0.0,9.8049,0.0,0.0,1.0,0.0,0.0,0.0,0.0,0.0,0.0,0.0,0.0
8.6591,0.9982382105665069,0.05932648796376444,0.0009160075342144886,-6.100050173257765e-05,0.0,0.0,9.805,0.0,0.0,1.0,0.0,0.0,0.0,0.0,0.0,0.0,0.0,0.0
8.6792,0.9982382105665069,0.05932648796376444,0.0009160075342144886,-6.100050173257765e-05,0.0,0.0,9.8096,0.0,0.0,1.0,0.0,0.0,0.0,0.0,0.0,0.0,0.0,0.0
8.6993,0.9982382105665069,0.05932648796376444,0.0009160075342144886,-6.100050173257765e-05,0.0,0.0,9.8104,0.0,0.0,1.0,0.0,0.0,0.0,0.0,0.0,0.0,0.0,0.0
8.7193,0.9982382105665069,0.05932648796376444,0.0009160075342144886,-6.100050173257765e-05,0.0,0.0,9.805,0.0,0.0,1.0,0.0,0.0,0.0,0.0,0.0,0.0,0.0,0.0
8.7394,0.9982382105665069,0.05932648796376444,0.0009160075342144886,-6.100050173257765e-05,0.0,0.0,9.805,0.0,0.0,1.0,0.0,0.0,0.0,0.0,0.0,0.0,0.0,0.0
8.7595,0.9982417636622074,0.059265698409625756,0.0009770115134768442,-6.100071885584146e-05,0.0,0.0,9.8483,0.0,0.0,1.0,0.0,0.0,0.0,0.0,0.0,0.0,0.0,0.0
8.7795,0.9982381529307832,0.05932648453840462,0.000977007979537162,-6.1000498210617156e-05,0.0,0.0,9.8095,0.0,0.0,1.0,0.0,0.0,0.0,0.0,0.0,0.0,0.0,0.0
8.7996,0.9982417636622074,0.059265698409625756,0.0009770115134768442,-6.100071885584146e-05,0.0,0.0,9.7668,0.0,0.0,1.0,0.0,0.0,0.0,0.0,0.0,0.0,0.0,0.0
8.8197,0.9982381529307832,0.05932648453840462,0.000977007979537162,-6.1000498210617156e-05,0.0,0.0,9.8049,0.0,0.0,1.0,0.0,0.0,0.0,0.0,0.0,0.0,0.0,0.0
8.8398,0.9982381529307832,0.05932648453840462,0.000977007979537162,-6.1000498210617156e-05,0.0,0.0,9.8049,0.0,0.0,1.0,0.0,0.0,0.0,0.0,0.0,0.0,0.0,0.0
8.8599,0.9982380915805654,0.05932648089228799,0.0010380084139533336,-6.100049446167156e-05,0.0,0.0,9.8049,0.0,0.0,1.0,0.0,0.0,0.0,0.0,0.0,0.0,0.0,0.0
8.8799,0.9982345385240753,0.05938727000724209,0.000977004442000367,-6.100027734079472e-05,0.0,0.0,9.8483,0.0,0.0,1.0,0.0,0.0,0.0,0.0,0.0,0.0,0.0,0.0
8.9,0.9982380915805654,0.05932648089228799,0.0010380084139533336,-6.100049446167156e-05,0.0,0.0,9.8362,0.0,0.0,1.0,0.0,0.0,0.0,0.0,0.0,0.0,0.0,0.0
8.9201,0.9982381529307832,0.05932648453840462,0.000977007979537162,-6.1000498210617156e-05,0.0,0.0,9.7668,0.0,0.0,1.0,0.0,0.0,0.0,0.0,0.0,0.0,0.0,0.0
8.9401,0.9982381529307832,0.05932648453840462,0.000977007979537162,-6.1000498210617156e-05,0.0,0.0,9.7668,0.0,0.0,1.0,0.0,0.0,0.0,0.0,0.0,0.0,0.0,0.0
8.9602,0.9982345961591728,0.05938727343608667,0.0009160042175468709,-6.100028086286624e-05,0.0,0.0,9.8095,0.0,0.0,1.0,0.0,0.0,0.0,0.0,0.0,0.0,0.0,0.0
8.9803,0.9982345961591728,0.05938727343608667,0.0009160042175468709,-6.100028086286624e-05,0.0,0.0,9.8095,0.0,0.0,1.0,0.0,0.0,0.0,0.0,0.0,0.0,0.0,0.0
9.0004,0.9982345961591728,0.05938727343608667,0.0009160042175468709,-6.100028086286624e-05,0.0,0.0,9.8049,0.0,0.0,1.0,0.0,0.0,0.0,0.0,0.0,0.0,0.0,0.0
9.0205,0.9982345961591728,0.05938727343608667,0.0009160042175468709,-6.100028086286624e-05,0.0,0.0,9.7622,0.0,0.0,1.0,0.0,0.0,0.0,0.0,0.0,0.0,0.0,0.0
9.0405,0.9982345961591728,0.05938727343608667,0.0009160042175468709,-6.100028086286624e-05,0.0,0.0,9.8104,0.0,0.0,1.0,0.0,0.0,0.0,0.0,0.0,0.0,0.0,0.0
9.0606,0.9982345961591728,0.05938727343608667,0.0009160042175468709,-6.100028086286624e-05,0.0,0.0,9.8049,0.0,0.0,1.0,0.0,0.0,0.0,0.0,0.0,0.0,0.0,0.0
9.0807,0.9982345961591728,0.05938727343608667,0.0009160042175468709,-6.100028086286624e-05,0.0,0.0,9.8049,0.0,0.0,1.0,0.0,0.0,0.0,0.0,0.0,0.0,0.0,0.0
9.1007,0.9982345961591728,0.05938727343608667,0.0009160042175468709,-6.100028086286624e-05,0.0,0.0,9.8095,0.0,0.0,1.0,0.0,0.0,0.0,0.0,0.0,0.0,0.0,0.0
9.1208,0.9982345385240753,0.05938727000724209,0.000977004442000367,-6.100027734079472e-05,0.0,0.0,9.8095,0.0,0.0,1.0,0.0,0.0,0.0,0.0,0.0,0.0,0.0,0.0
9.1409,0.9982345385240753,0.05938727000724209,0.000977004442000367,-6.100027734079472e-05,0.0,0.0,9.7622,0.0,0.0,1.0,0.0,0.0,0.0,0.0,0.0,0.0,0.0,0.0
9.1609,0.9982345385240753,0.05938727000724209,0.000977004442000367,-6.100027734079472e-05,0.0,0.0,9.8095,0.0,0.0,1.0,0.0,0.0,0.0,0.0,0.0,0.0,0.0,0.0
9.181,0.9982345385240753,0.05938727000724209,0.000977004442000367,-6.100027734079472e-05,0.0,0.0,9.8095,0.0,0.0,1.0,0.0,0.0,0.0,0.0,0.0,0.0,0.0,0.0
9.2011,0.9982345385240753,0.05938727000724209,0.000977004442000367,-6.100027734079472e-05,0.0,0.0,9.8049,0.0,0.0,1.0,0.0,0.0,0.0,0.0,0.0,0.0,0.0,0.0
9.2212,0.9982345385240753,0.05938727000724209,0.000977004442000367,-6.100027734079472e-05,0.0,0.0,9.8049,3.14,0.0,1.0,0.0,0.0,0.0,0.0,0.0,0.0,0.0,0.0
9.2412,0.9982345961591728,0.05938727343608667,0.0009160042175468709,-6.100028086286624e-05,0.0,0.0,9.8095,3.14,0.0,1.0,0.0,0.0,0.0,0.0,0.0,0.0,0.0,0.0
9.2613,0.9982345961591728,0.05938727343608667,0.0009160042175468709,-6.100028086286624e-05,0.6491,0.0,9.8483,3.14,0.0,1.0,0.0,0.0,0.0,0.0,0.0,0.0,0.0,0.0
9.2814,0.9982381529307832,0.05932648453840462,0.000977007979537162,-6.1000498210617156e-05,1.5145,0.0,9.7819,3.14,0.0,1.0,0.0,0.0,0.0,0.0,0.0,0.0,0.0,0.0
9.3014,0.9982635625380285,0.05889738119438856,0.000976973147709094,-6.099832344963474e-05,1.2982,0.0,9.476,3.14,0.0,1.0,0.0,0.0,0.0,0.0,0.0,0.0,0.0,0.0
9.3215,0.9982345961591728,0.05938727343608667,0.0009160042175468709,-6.100028086286624e-05,1.8391,0.0,10.1811,3.14,0.0,1.0,0.0,0.0,0.0,0.0,0.0,0.0,0.0,0.0
9.3416,0.998230920442204,0.05944805481547154,0.000977000900866571,-6.10000562465407e-05,2.2042,0.0,10.0312,3.14,0.0,1.0,0.0,0.0,0.0,0.0,0.0,0.0,0.0,0.0
9.3617,0.9982671471032795,0.05883659414064912,0.0009769766558247184,-6.099854248237113e-05,1.8661,0.0,9.4644,3.14,0.0,1.0,0.0,0.0,0.0,0.0,0.0,0.0,0.0,0.0
9.3817,0.9982164689974529,0.059691190875245145,0.0009159875836246938,-6.0999173145337426e-05,2.3394,0.0,10.3361,3.14,0.0,1.0,0.0,0.0,0.0,0.0,0.0,0.0,0.0,0.0
9.4018,0.9982417636622074,0.059265698409625756,0.0009770115134768442,-6.100071885584146e-05,2.1636,0.0,9.6216,3.14,0.0,1.0,0.0,0.0,0.0,0.0,0.0,0.0,0.0,0.0
9.4219,0.9982526314417971,0.05908333948172692,0.0009160207671585693,-6.1001382965830686e-05,2.4611,0.0,9.8102,3.14,0.0,1.0,0.0,0.0,0.0,0.0,0.0,0.0,0.0,0.0
9.442,0.998209192409995,0.05981275320798958,0.0009159809064519867,-6.099872848636112e-05,2.4747,0.0,9.9487,3.14,0.0,1.0,0.0,0.0,0.0,0.0,0.0,0.0,0.0,0.0
9.462,0.9982672065941688,0.05883659764696638,0.0009159781679292587,0.0,2.5152,0.0,9.3446,3.14,0.0,1.0,0.0,0.0,0.0,0.0,0.0,0.0,0.0,0.0
9.4821,0.9982056052306585,0.05987353677327438,0.0008539791299269628,0.0,2.9615,0.0,10.4614,3.14,0.0,1.0,0.0,0.0,0.0,0.0,0.0,0.0,0.0,0.0
9.5022,0.9982490335936347,0.05914412769985709,0.0009160174656860434,0.0,2.5828,0.0,9.7028,3.14,0.0,1.0,0.0,0.0,0.0,0.0,0.0,0.0,0.0,0.0
9.5222,0.9982309799338871,0.059448058358404096,0.000916000899211053,0.0,3.0291,0.0,10.6284,3.14,0.0,1.0,0.0,0.0,0.0,0.0,0.0,0.0,0.0,0.0
9.5423,0.9982128343980547,0.05975197248508556,0.0009159842484283455,0.0,2.8127,0.0,10.0276,3.14,0.0,1.0,0.0,0.0,0.0,0.0,0.0,0.0,0.0,0.0
9.5624,0.9982562822487102,0.059022553955101656,0.000854022484838575,6.1001606059929436e-05,3.0967,0.0,9.759,3.14,0.0,1.0,0.0,0.0,0.0,0.0,0.0,0.0,0.0,0.0
9.5824,0.9981943717492122,0.0600605265970852,0.0008540217072197585,0.0,3.2319,0.0,10.0233,3.14,0.0,1.0,0.0,0.0,0.0,0.0,0.0,0.0,0.0,0.0
9.6025,0.9982490317363215,0.05914412758981523,0.0009160174639817227,6.100116299445624e-05,2.8127,0.0,9.2483,3.14,0.0,1.0,0.0,0.0,0.0,0.0,0.0,0.0,0.0,0.0
9.6226,0.9982128873110024,0.05975197565239908,0.0008539853598505398,6.099895427508217e-05,3.1508,0.0,10.1881,3.14,0.0,1.0,0.0,0.0,0.0,0.0,0.0,0.0,0.0,0.0
9.6426,0.9982128343980547,0.05975197248508556,0.0009159842484283455,0.0,3.0426,0.0,9.8623,3.14,0.0,1.0,0.0,0.0,0.0,0.0,0.0,0.0,0.0,0.0
9.6627,0.9982454831306256,0.05920491828863644,0.0008540132460390509,6.100094614569507e-05,3.1102,0.0,9.6248,3.14,0.0,1.0,0.0,0.0,0.0,0.0,0.0,0.0,0.0,0.0
9.6828,0.9981943717492122,0.0600605265970852,0.0008540217072197585,0.0,3.0832,0.0,9.9514,3.14,0.0,1.0,0.0,0.0,0.0,0.0,0.0,0.0,0.0,0.0
9.7028,0.9982382671979959,0.05932649132944143,0.0008540070727057862,0.0,3.1508,0.0,9.4434,3.14,0.0,1.0,0.0,0.0,0.0,0.0,0.0,0.0,0.0,0.0
9.7229,0.9982092991780089,0.05981275960553524,0.0007929835551407707,0.0,3.1237,0.0,10.1352,3.14,0.0,1.0,0.0,0.0,0.0,0.0,0.0,0.0,0.0,0.0
9.7433,0.9982165757678017,0.05969119725988161,0.0007929893357080768,0.0,3.1102,0.0,9.6542,3.14,0.0,1.0,0.0,0.0,0.0,0.0,0.0,0.0,0.0,0.0
9.7634,0.9982165256252418,0.059691194261464714,0.0008539884724802597,0.0,3.1778,0.0,9.9286,3.14,0.0,1.0,0.0,0.0,0.0,0.0,0.0,0.0,0.0,0.0
9.7835,0.9982092991780089,0.05981275960553524,0.0007929835551407707,0.0,2.975,0.0,9.7081,3.14,0.0,1.0,0.0,0.0,0.0,0.0,0.0,0.0,0.0,0.0
9.8035,0.9982092991780089,0.05981275960553524,0.0007929835551407707,0.0,3.4077,0.0,9.9881,3.14,0.0,1.0,0.0,0.0,0.0,0.0,0.0,0.0,0.0,0.0
9.8236,0.9982056553715728,0.05987353978078491,0.000792980660478719,0.0,3.0967,0.0,9.8484,3.14,0.0,1.0,0.0,0.0,0.0,0.0,0.0,0.0,0.0,0.0
9.8437,0.9982274612357829,0.059508848652795654,0.0007929979831902308,6.0999844860687435e-05,2.7451,0.0,9.686,3.14,0.0,1.0,0.0,0.0,0.0,0.0,0.0,0.0,0.0,0.0
9.8637,0.9981833837060936,0.06024286809270022,0.0008540123062176982,0.0,3.1778,0.0,10.0463,3.14,0.0,1.0,0.0,0.0,0.0,0.0,0.0,0.0,0.0,0.0
9.8838,0.9982092471794546,0.05981275648977881,0.0008539822456660913,6.099873183329496e-05,3.0156,0.0,9.5422,3.14,0.0,1.0,0.0,0.0,0.0,0.0,0.0,0.0,0.0,0.0
9.9039,0.9982165739106698,0.05969119714882913,0.0007929893342327569,6.099917955632028e-05,3.1237,0.0,9.8528,3.14,0.0,1.0,0.0,0.0,0.0,0.0,0.0,0.0,0.0,0.0
9.9239,0.9981723625978123,0.06042520355768693,0.0008540028769261944,0.0,3.3266,0.0,10.0631,3.14,0.0,1.0,0.0,0.0,0.0,0.0,0.0,0.0,0.0,0.0
9.944,0.9982201584078085,0.05963041209542494,0.0008539915803775497,0.0,2.9074,0.0,9.5052,3.14,0.0,1.0,0.0,0.0,0.0,0.0,0.0,0.0,0.0,0.0
9.9641,0.9981871002054493,0.06018209128660993,0.0007930143797923278,0.0,3.3536,0.0,10.2133,3.14,0.0,1.0,0.0,0.0,0.0,0.0,0.0,0.0,0.0,0.0
9.9841,0.9981796570486323,0.06030364383085797,0.0009160097797633014,-6.100065127245813e-05,3.1237,0.0,9.6024,3.14,0.0,1.0,0.0,0.0,0.0,0.0,0.0,0.0,0.0,0.0
10.0042,0.9982273581763252,0.05950884250895577,0.0009159975757986882,0.0,2.8668,0.0,9.624,3.14,0.0,1.0,0.0,0.0,0.0,0.0,0.0,0.0,0.0,0.0
10.0243,0.9981612518023574,0.060607529535817356,0.0009159928896318865,-6.0999526492910856e-05,3.4212,0.0,10.1929,3.14,0.0,1.0,0.0,0.0,0.0,0.0,0.0,0.0,0.0,0.0
10.0444,0.9982017223269725,0.05993530211585681,0.0010379705957298468,-6.0998272003287564e-05,3.3942,0.0,9.3172,3.14,0.0,1.0,0.0,0.0,0.0,0.0,0.0,0.0,0.0,0.0
10.0644,0.9982236119059048,0.05956961878648684,0.0010379933574009327,-6.099960963529272e-05,2.8533,0.0,9.668,3.14,0.0,1.0,0.0,0.0,0.0,0.0,0.0,0.0,0.0,0.0
10.0845,0.9981759257144672,0.06036441883070714,0.000977006778835086,-6.1000423243584574e-05,3.2184,0.0,9.7313,3.14,0.0,1.0,0.0,0.0,0.0,0.0,0.0,0.0,0.0,0.0
10.1046,0.998194257483108,0.06006051972178858,0.0009770247218266713,-6.100154353261278e-05,3.2049,0.0,9.629,3.14,0.0,1.0,0.0,0.0,0.0,0.0,0.0,0.0,0.0,0.0
10.1246,0.9982128343980547,0.05975197248508556,0.0009159842484283455,0.0,3.002,0.0,9.7592,3.14,0.0,1.0,0.0,0.0,0.0,0.0,0.0,0.0,0.0,0.0
10.1447,0.9981686267783321,0.06048597738390411,0.0009159996575018486,0.0,3.3131,0.0,10.1237,3.14,0.0,1.0,0.0,0.0,0.0,0.0,0.0,0.0,0.0,0.0
10.1648,0.998201783670485,0.059935305799122304,0.000976972383765342,-6.099827575190009e-05,2.8262,0.0,9.5042,3.14,0.0,1.0,0.0,0.0,0.0,0.0,0.0,0.0,0.0,0.0
10.1848,0.9982018431569588,0.059935309370885106,0.0009159741625995831,0.0,2.9885,0.0,10.1084,3.14,0.0,1.0,0.0,0.0,0.0,0.0,0.0,0.0,0.0,0.0
10.2049,0.9981613065706195,0.06060753286130115,0.0008539934177592308,-6.09995298399002e-05,3.2049,0.0,9.6178,3.14,0.0,1.0,0.0,0.0,0.0,0.0,0.0,0.0,0.0,0.0
10.225,0.998212937453014,0.05975197865384726,0.0007929864454086222,-6.099895733907568e-05,2.9074,0.0,9.3156,3.14,0.0,1.0,0.0,0.0,0.0,0.0,0.0,0.0,0.0,0.0
10.2452,0.9981798083919051,0.06030365297405256,0.00073200792625586,-6.100066052128206e-05,3.2725,0.0,10.0463,3.14,0.0,1.0,0.0,0.0,0.0,0.0,0.0,0.0,0.0,0.0
10.2653,0.9981650451082382,0.060546760103918774,0.0007929968580178762,-6.09997583090327e-05,3.3536,0.0,9.8244,3.14,0.0,1.0,0.0,0.0,0.0,0.0,0.0,0.0,0.0,0.0
10.2853,0.9981908093174571,0.06012131358133294,0.000732015993704864,0.0,2.8533,0.0,9.5172,3.14,0.0,1.0,0.0,0.0,0.0,0.0,0.0,0.0,0.0,0.0
10.3054,0.9981429079102335,0.0609114077371027,0.0007319808655551277,0.0,3.4077,0.0,10.0726,3.14,0.0,1.0,0.0,0.0,0.0,0.0,0.0,0.0,0.0,0.0
10.3255,0.9981429079102335,0.0609114077371027,0.0007319808655551277,0.0,3.4077,0.0,10.0726,3.14,0.0,1.0,0.0,0.0,0.0,0.0,0.0,0.0,0.0,0.0
10.3455,0.998187189350795,0.06018209666130704,0.0006710122274428375,0.0,3.1237,0.0,9.5435,3.14,0.0,1.0,0.0,0.0,0.0,0.0,0.0,0.0,0.0,0.0
10.3656,0.9981762535446073,0.060364438656146074,0.0005490039895007792,0.0,2.9615,0.0,9.8274,3.14,0.0,1.0,0.0,0.0,0.0,0.0,0.0,0.0,0.0,0.0
10.3857,0.998131654862151,0.06109744795699261,0.0005490130111363983,0.0,3.4077,0.0,10.1981,3.14,0.0,1.0,0.0,0.0,0.0,0.0,0.0,0.0,0.0,0.0
10.4057,0.9981836567107407,0.06024288456921467,0.00042700626989567933,0.0,2.975,0.0,9.4613,3.14,0.0,1.0,0.0,0.0,0.0,0.0,0.0,0.0,0.0,0.0
10.4258,0.9981579487662969,0.06066832830282493,0.0002439972985526333,6.0999324638211234e-05,3.2184,0.0,10.3478,3.14,0.0,1.0,0.0,0.0,0.0,0.0,0.0,0.0,0.0,0.0
10.4459,0.9981317384322002,0.0610974530724668,0.0003660087047355591,0.0,3.1914,0.0,9.94,3.14,0.0,1.0,0.0,0.0,0.0,0.0,0.0,0.0,0.0,0.0
10.4659,0.9981836994257738,0.06024288714717395,0.0003050044915488964,6.100089830973765e-05,3.1643,0.0,9.6669,3.14,0.0,1.0,0.0,0.0,0.0,0.0,0.0,0.0,0.0,0.0
10.486,0.9981243280881159,0.06121900146767513,0.00024400399160563055,0.0,3.2319,0.0,10.6028,3.14,0.0,1.0,0.0,0.0,0.0,0.0,0.0,0.0,0.0,0.0
10.5061,0.9981431585982803,0.06091142303527464,0.00018299526234885274,0.0,3.1778,0.0,10.5224,3.14,0.0,1.0,0.0,0.0,0.0,0.0,0.0,0.0,0.0,0.0
10.5261,0.9981431585982803,0.06091142303527464,0.00018299526234885274,0.0,3.1778,0.0,10.5224,3.14,0.0,1.0,0.0,0.0,0.0,0.0,0.0,0.0,0.0,0.0
10.5462,0.9981468505077382,0.06085064968667319,0.0002439945856101515,-6.0998646402521395e-05,3.3807,0.0,9.919,3.14,0.0,1.0,0.0,0.0,0.0,0.0,0.0,0.0,0.0,0.0
10.5663,0.9981468505077382,0.06085064968667319,0.0002439945856101515,-6.0998646402521395e-05,3.3807,0.0,9.919,3.14,0.0,1.0,0.0,0.0,0.0,0.0,0.0,0.0,0.0,0.0
10.5863,0.9981542827318455,0.060729104580792406,6.099910059985392e-05,0.0,3.0156,0.0,9.7548,3.14,0.0,1.0,0.0,0.0,0.0,0.0,0.0,0.0,0.0,0.0
10.6064,0.9981542827318455,0.060729104580792406,6.099910059985392e-05,0.0,3.0156,0.0,9.7548,3.14,0.0,1.0,0.0,0.0,0.0,0.0,0.0,0.0,0.0,0.0
10.6265,0.9981542827318455,0.060729104580792406,6.099910059985392e-05,0.0,2.9615,0.0,9.278,3.14,0.0,1.0,0.0,0.0,0.0,0.0,0.0,0.0,0.0,0.0
10.6465,0.9981542827318455,0.060729104580792406,6.099910059985392e-05,0.0,2.9615,0.0,9.278,3.14,0.0,1.0,0.0,0.0,0.0,0.0,0.0,0.0,0.0,0.0
10.6666,0.998128081523916,0.06115823045377668,6.100122729501417e-05,0.0,3.1373,0.0,10.5194,3.14,0.0,1.0,0.0,0.0,0.0,0.0,0.0,0.0,0.0,0.0
10.6867,0.998128081523916,0.06115823045377668,-6.1001227294996824e-05,0.0,3.002,0.0,9.5794,3.14,0.0,1.0,0.0,0.0,0.0,0.0,0.0,0.0,0.0,0.0
10.7067,0.9981431604552296,0.060911423148594476,-0.00012199684179284992,0.00012199684179292625,3.286,0.0,10.1744,3.14,0.0,1.0,0.0,0.0,0.0,0.0,0.0,0.0,0.0,0.0
10.7268,0.9981206192638656,0.061279774761719585,-0.00012200154246853542,6.1000771234276385e-05,2.8939,0.0,9.7757,3.14,0.0,1.0,0.0,0.0,0.0,0.0,0.0,0.0,0.0,0.0
10.7469,0.998105643250785,0.06152285473086885,-0.00024399942386313378,6.099985596580426e-05,3.4077,0.0,10.2948,3.14,0.0,1.0,0.0,0.0,0.0,0.0,0.0,0.0,0.0,0.0
10.767,0.998105643250785,0.06152285473086885,-0.00024399942386313378,6.099985596580426e-05,3.4077,0.0,10.2948,3.14,0.0,1.0,0.0,0.0,0.0,0.0,0.0,0.0,0.0,0.0
10.787,0.9981242649477056,0.061218997595018414,-0.0004270069582977612,6.100099404249271e-05,3.3266,0.0,10.2539,3.14,0.0,1.0,0.0,0.0,0.0,0.0,0.0,0.0,0.0,0.0
10.8071,0.9981055838278533,0.0615228510680618,-0.0004269989663387951,0.0,2.975,0.0,9.742,3.14,0.0,1.0,0.0,0.0,0.0,0.0,0.0,0.0,0.0,0.0
10.8272,0.998146763230169,0.06085064436591625,-0.0004879891285506921,0.0,3.1914,0.0,9.788,3.14,0.0,1.0,0.0,0.0,0.0,0.0,0.0,0.0,0.0,0.0
10.8472,0.998146763230169,0.06085064436591625,-0.0004879891285506921,0.0,3.1914,0.0,9.788,3.14,0.0,1.0,0.0,0.0,0.0,0.0,0.0,0.0,0.0,0.0
10.8673,0.9980904799963654,0.06176691577305813,-0.0004879914340313978,-6.099892925393036e-05,3.5429,0.0,10.101,3.14,0.0,1.0,0.0,0.0,0.0,0.0,0.0,0.0,0.0,0.0
10.8874,0.9981541323139657,0.06072909542915793,-0.0005489918226676584,-6.099909140755422e-05,2.8668,0.0,9.3187,3.14,0.0,1.0,0.0,0.0,0.0,0.0,0.0,0.0,0.0,0.0
10.9074,0.9980866117984913,0.06182767508214435,-0.0006709856213123027,-6.09986928465367e-05,3.1102,0.0,10.4119,3.14,0.0,1.0,0.0,0.0,0.0,0.0,0.0,0.0,0.0,0.0
10.9275,0.9981054872656121,0.06152284511600173,-0.0006099984643265256,-6.099984643270773e-05,3.4348,0.0,9.8199,3.14,0.0,1.0,0.0,0.0,0.0,0.0,0.0,0.0,0.0,0.0
10.9476,0.9981391510520783,0.060972176651698684,-0.0007929762863646238,0.0,2.8803,0.0,9.6399,3.14,0.0,1.0,0.0,0.0,0.0,0.0,0.0,0.0,0.0,0.0
10.9676,0.9980864725339786,0.06182766645523668,-0.0008539815806946871,-6.099868433540046e-05,3.1237,0.0,10.1897,3.14,0.0,1.0,0.0,0.0,0.0,0.0,0.0,0.0,0.0,0.0
10.9877,0.998101657949966,0.06158360869083377,-0.0007319953488193337,-6.099961240163543e-05,3.286,0.0,9.6448,3.14,0.0,1.0,0.0,0.0,0.0,0.0,0.0,0.0,0.0,0.0
11.0078,0.9981352096674458,0.06103666389013268,-0.0007930216181678445,0.0,2.8668,0.0,9.6283,3.14,0.0,1.0,0.0,0.0,0.0,0.0,0.0,0.0,0.0,0.0
11.0279,0.9980825959807674,0.06188842476490491,-0.0009769751332252624,0.0,3.3672,0.0,10.039,3.14,0.0,1.0,0.0,0.0,0.0,0.0,0.0,0.0,0.0,0.0
11.0479,0.9981051371206762,0.06152282353320017,-0.0010379970226981965,0.0,3.2995,0.0,9.5738,3.14,0.0,1.0,0.0,0.0,0.0,0.0,0.0,0.0,0.0,0.0
11.068,0.9981349857760824,0.06103665019901973,-0.0010380280643332816,0.0,2.9885,0.0,9.8712,3.14,0.0,1.0,0.0,0.0,0.0,0.0,0.0,0.0,0.0,0.0
11.0881,0.9980789368126448,0.06194919609348905,-0.0008539751329896053,-6.099822378502484e-05,3.3942,0.0,10.1453,3.14,0.0,1.0,0.0,0.0,0.0,0.0,0.0,0.0,0.0,0.0
11.1081,0.9981239938154911,0.061218980965383245,-0.000854013684609703,0.0,2.9615,0.0,9.4688,3.14,0.0,1.0,0.0,0.0,0.0,0.0,0.0,0.0,0.0,0.0
11.1282,0.9981201521698613,0.061279746084408615,-0.0009770118951756104,0.0,3.259,0.0,10.1488,3.14,0.0,1.0,0.0,0.0,0.0,0.0,0.0,0.0,0.0,0.0
11.1483,0.9980826517467963,0.06188842822280677,-0.0009159767369864326,-6.0998450825522355e-05,3.1778,0.0,9.5942,3.14,0.0,1.0,0.0,0.0,0.0,0.0,0.0,0.0,0.0,0.0
11.1683,0.9981502193419894,0.06078985621074074,-0.000853983931897357,-6.09988522783933e-05,2.9479,0.0,9.0977,3.14,0.0,1.0,0.0,0.0,0.0,0.0,0.0,0.0,0.0,0.0
11.1884,0.998090180124755,0.061766897215477554,-0.000915983646052599,-6.09989109270348e-05,3.5024,0.0,10.4713,3.14,0.0,1.0,0.0,0.0,0.0,0.0,0.0,0.0,0.0,0.0
11.2085,0.9981165242190118,0.06134052386675006,-0.0008540072934822942,-0.0001220010419260564,3.3266,0.0,9.5408,3.14,0.0,1.0,0.0,0.0,0.0,0.0,0.0,0.0,0.0,0.0
11.2285,0.9981501069480353,0.06078984936566655,-0.0009769815076286876,-6.099884540972101e-05,2.9074,0.0,10.0087,3.14,0.0,1.0,0.0,0.0,0.0,0.0,0.0,0.0,0.0,0.0
11.2486,0.9981089423964433,0.061462058031365535,-0.0009770009224666192,0.0,3.3131,0.0,10.1096,3.14,0.0,1.0,0.0,0.0,0.0,0.0,0.0,0.0,0.0,0.0
11.2687,0.998164375162313,0.06054671946629535,-0.001403993494816888,6.0999717367338224e-05,2.8939,0.0,9.4657,3.14,0.0,1.0,0.0,0.0,0.0,0.0,0.0,0.0,0.0,0.0
11.2888,0.9981162222233559,0.06134050530722193,-0.0011600095558587722,-6.100050250634759e-05,3.2319,0.0,10.3112,3.14,0.0,1.0,0.0,0.0,0.0,0.0,0.0,0.0,0.0,0.0
11.3088,0.9981165650736196,0.061340526377522096,-0.0007930068049783885,-0.0001830015703795929,3.1643,0.0,9.4728,3.14,0.0,1.0,0.0,0.0,0.0,0.0,0.0,0.0,0.0,0.0
11.3289,0.9981538491347162,0.06072907820013576,-0.0009159860963498037,-0.00018299722230574744,2.8127,0.0,9.3292,3.14,0.0,1.0,0.0,0.0,0.0,0.0,0.0,0.0,0.0,0.0
11.349,0.9980941179832309,0.061706141758598496,-0.0006709906675096654,-0.00018299745477534657,3.3536,0.0,10.218,3.14,0.0,1.0,0.0,0.0,0.0,0.0,0.0,0.0,0.0,0.0
11.3691,0.9981428540587518,0.06091140445083022,-0.0007929792282354783,-0.00012199680434388238,3.0697,0.0,9.3582,3.14,0.0,1.0,0.0,0.0,0.0,0.0,0.0,0.0,0.0,0.0
11.3892,0.9981611272582449,0.060607521973601385,-0.0010379918131038397,-0.00012199903776360932,3.0697,0.0,10.3432,3.14,0.0,1.0,0.0,0.0,0.0,0.0,0.0,0.0,0.0,0.0
11.4092,0.9981054816947144,0.0615228447726137,-0.000609998460921829,-0.00012199969218429363,3.4753,0.0,10.1929,3.14,0.0,1.0,0.0,0.0,0.0,0.0,0.0,0.0,0.0,0.0
11.4293,0.9981724053113954,0.060425206143389615,-0.0007930027053654545,-0.00012200041621013291,2.9615,0.0,9.4825,3.14,0.0,1.0,0.0,0.0,0.0,0.0,0.0,0.0,0.0,0.0
11.4494,0.9981390356549735,0.06097589595517354,-0.0006100189676362944,-0.00018300569029089386,3.1102,0.0,10.6092,3.14,0.0,1.0,0.0,0.0,0.0,0.0,0.0,0.0,0.0,0.0
11.4695,0.9981131126029757,0.061401314513995796,-0.00018300093737985343,-0.00024400124983992022,3.5565,0.0,10.0941,3.14,0.0,1.0,0.0,0.0,0.0,0.0,0.0,0.0,0.0,0.0
11.4895,0.9981835062795809,0.06024287549031728,-0.0006710097515687102,-0.0001830026595188161,3.1102,0.0,9.4119,3.14,0.0,1.0,0.0,0.0,0.0,0.0,0.0,0.0,0.0,0.0
11.5096,0.9981504050409016,0.06078986752027106,-0.0005489897726411522,-0.000243995454507262,2.9344,0.0,10.6405,3.14,0.0,1.0,0.0,0.0,0.0,0.0,0.0,0.0,0.0,0.0
11.5297,0.998135493808734,0.06103668126557054,1.0408340855860843e-17,-0.00024400672120589162,3.4348,0.0,9.901,3.14,0.0,1.0,0.0,0.0,0.0,0.0,0.0,0.0,0.0,0.0
11.5497,0.9981872469238433,0.06018210013246636,-0.0005490100359369815,-0.00018300334531229365,3.0967,0.0,9.6517,3.14,0.0,1.0,0.0,0.0,0.0,0.0,0.0,0.0,0.0,0.0
11.5698,0.9981762461160717,0.06036443820690741,-0.0005490039854150058,-0.00012200088564784384,2.9615,0.0,9.9337,3.14,0.0,1.0,0.0,0.0,0.0,0.0,0.0,0.0,0.0,0.0
11.5899,0.9981468653634971,0.06085065059233409,1.0408340855860843e-17,-0.0001829959419311633,3.3536,0.0,10.2596,3.14,0.0,1.0,0.0,0.0,0.0,0.0,0.0,0.0,0.0,0.0
11.6099,0.9981946726214248,0.06006054470031644,-0.0003050078445128272,-0.0001830047067077345,3.0561,0.0,9.4348,3.14,0.0,1.0,0.0,0.0,0.0,0.0,0.0,0.0,0.0,0.0
11.63,0.9981726801641488,0.060425222781832225,-0.00024400089960722668,-0.0001830006747054469,3.3942,0.0,10.5469,3.14,0.0,1.0,0.0,0.0,0.0,0.0,0.0,0.0,0.0,0.0
11.6501,0.9981690269670339,0.06048600163412008,-6.1000001647996266e-05,-0.0001830000049440339,2.9885,0.0,9.6027,3.14,0.0,1.0,0.0,0.0,0.0,0.0,0.0,0.0,0.0,0.0
11.6702,0.998202228480285,0.05993533250696016,-0.00018299490880045385,-0.0001829949088004157,3.1237,0.0,10.1761,3.14,0.0,1.0,0.0,0.0,0.0,0.0,0.0,0.0,0.0,0.0
11.6902,0.9981355049515346,0.06103668194696056,6.10016809824733e-05,-0.00018300504294743725,3.4212,0.0,10.4791,3.14,0.0,1.0,0.0,0.0,0.0,0.0,0.0,0.0,0.0,0.0
11.7103,0.9982095795989249,0.059812776408372924,-0.00018299625644048817,-0.0001829962564404153,2.8939,0.0,9.4395,3.14,0.0,1.0,0.0,0.0,0.0,0.0,0.0,0.0,0.0,0.0
11.7304,0.9982095795989249,0.059812776408372924,-0.00018299625644048817,-0.0001829962564404153,2.8939,0.0,9.4395,3.14,0.0,1.0,0.0,0.0,0.0,0.0,0.0,0.0,0.0,0.0
11.7505,0.9981392213703417,0.06097590730044766,6.938893903907228e-18,-0.00018300572434115647,3.3536,0.0,10.2537,3.14,0.0,1.0,0.0,0.0,0.0,0.0,0.0,0.0,0.0,0.0
11.7705,0.9981873973566944,0.060182109202272585,1.0408340855860843e-17,-0.00018300337289206547,3.0156,0.0,9.3207,3.14,0.0,1.0,0.0,0.0,0.0,0.0,0.0,0.0,0.0,0.0
11.7906,0.9981947023372136,0.06006054648829079,-0.0001830047121556544,-0.0001830047121556544,2.9344,0.0,9.7426,3.14,0.0,1.0,0.0,0.0,0.0,0.0,0.0,0.0,0.0,0.0
11.8107,0.9981394277342905,0.060972193553066295,-0.00012199638556554052,-0.0002439927711311296,3.4483,0.0,10.1766,3.14,0.0,1.0,0.0,0.0,0.0,0.0,0.0,0.0,0.0,0.0
11.8308,0.9982095665992745,0.0598127756294331,-0.00024399500540978405,-0.00018299625405737707,3.0697,0.0,9.3963,3.14,0.0,1.0,0.0,0.0,0.0,0.0,0.0,0.0,0.0,0.0
11.8508,0.9981873304976412,0.0601821051712471,-0.0003660067212687759,-0.0001830033606343151,3.0832,0.0,10.4712,3.14,0.0,1.0,0.0,0.0,0.0,0.0,0.0,0.0,0.0,0.0
11.8709,0.9981505387441824,0.060789875663136796,-0.00024399548719061456,-0.00018299661539294965,3.6241,0.0,10.0219,3.14,0.0,1.0,0.0,0.0,0.0,0.0,0.0,0.0,0.0,0.0
11.891,0.9982058707918829,0.05987355270194644,-0.00042698967855917674,-0.00012199705101684222,3.2995,0.0,9.7017,3.14,0.0,1.0,0.0,0.0,0.0,0.0,0.0,0.0,0.0,0.0
11.911,0.99818725620982,0.06018210069233082,-0.0005490100410443371,-0.00012200223134312127,3.1102,0.0,9.901,3.14,0.0,1.0,0.0,0.0,0.0,0.0,0.0,0.0,0.0,0.0
11.9311,0.9981578540576915,0.060668322546408554,-0.0004879945508026694,-0.00012199863770062658,3.3401,0.0,9.8747,3.14,0.0,1.0,0.0,0.0,0.0,0.0,0.0,0.0,0.0,0.0
11.9512,0.9982020687738588,0.05993532291766305,-0.0006099829317412243,-0.00012199658634826083,2.9479,0.0,9.5825,3.14,0.0,1.0,0.0,0.0,0.0,0.0,0.0,0.0,0.0,0.0
11.9712,0.9981688783995811,0.06048599263138513,-0.0005489999331189065,-0.00018299997770637733,3.3401,0.0,10.3654,3.14,0.0,1.0,0.0,0.0,0.0,0.0,0.0,0.0,0.0,0.0
11.9913,0.9981616092699861,0.06060755124095751,-0.000304997741692372,-0.00018299864501536423,3.0832,0.0,9.7691,3.14,0.0,1.0,0.0,0.0,0.0,0.0,0.0,0.0,0.0,0.0
12.0114,0.9982058113655765,0.05987354913748724,-0.0005489866968931938,-0.00012199704375404075,3.1508,0.0,9.8723,3.14,0.0,1.0,0.0,0.0,0.0,0.0,0.0,0.0,0.0,0.0
12.0315,0.9981466499550603,0.060850637460255076,-0.000670984975610179,-0.00012199726829281722,3.3807,0.0,10.4609,3.14,0.0,1.0,0.0,0.0,0.0,0.0,0.0,0.0,0.0,0.0
12.0515,0.9981982332372867,0.0599997571531181,-0.0005490160784869733,-0.00012200357299707587,2.8939,0.0,9.1701,3.14,0.0,1.0,0.0,0.0,0.0,0.0,0.0,0.0,0.0,0.0
12.0716,0.9981798455349823,0.0603036552180002,-0.000671007290703237,-0.0001220013255824326,3.2184,0.0,10.2961,3.14,0.0,1.0,0.0,0.0,0.0,0.0,0.0,0.0,0.0,0.0
12.0917,0.9981503920419743,0.06078986672860373,-0.0006099886283240513,-0.00012199772566484635,3.3401,0.0,9.629,3.14,0.0,1.0,0.0,0.0,0.0,0.0,0.0,0.0,0.0,0.0
12.1117,0.998216702052801,0.05969120481145208,-0.0006099918738689432,-6.099918738688981e-05,2.8533,0.0,9.3964,3.14,0.0,1.0,0.0,0.0,0.0,0.0,0.0,0.0,0.0,0.0
12.1318,0.9981613975661057,0.06060753838647216,-0.000731994424810211,-0.0001219990708016816,3.2049,0.0,10.1226,3.14,0.0,1.0,0.0,0.0,0.0,0.0,0.0,0.0,0.0,0.0
12.1519,0.9981688134013413,0.06048598869268985,-0.0006709998745626189,-0.0001219999771931435,3.0156,0.0,9.7424,3.14,0.0,1.0,0.0,0.0,0.0,0.0,0.0,0.0,0.0,0.0
12.1719,0.9982129838808094,0.05975198143296635,-0.000731987522114886,-6.0998960176250616e-05,3.1643,0.0,9.9723,3.14,0.0,1.0,0.0,0.0,0.0,0.0,0.0,0.0,0.0,0.0
12.192,0.9981650395370242,0.06054675976597972,-0.0007929968535917744,-0.00012199951593722115,3.3131,0.0,9.6758,3.14,0.0,1.0,0.0,0.0,0.0,0.0,0.0,0.0,0.0,0.0
12.2121,0.9982202531225733,0.05963041775337565,-0.0007319928526348768,-6.099940438625274e-05,3.1508,0.0,9.7549,3.14,0.0,1.0,0.0,0.0,0.0,0.0,0.0,0.0,0.0,0.0
12.2322,0.9981576590694712,0.060668310694968246,-0.0007929909901450392,-0.00012199861386852362,3.1237,0.0,10.64,3.14,0.0,1.0,0.0,0.0,0.0,0.0,0.0,0.0,0.0,0.0
12.2522,0.9982056535145016,0.05987353966939561,-0.0007929806590034304,-6.099851223106967e-05,3.0832,0.0,9.4475,3.14,0.0,1.0,0.0,0.0,0.0,0.0,0.0,0.0,0.0,0.0
12.2723,0.9981723551693635,0.06042520310799954,-0.0008540028705706429,-0.0001220004100815908,3.5565,0.0,10.4274,3.14,0.0,1.0,0.0,0.0,0.0,0.0,0.0,0.0,0.0,0.0
12.2924,0.9981797563916042,0.06030364983252627,-0.0007930085454652819,-0.00012200131468692588,3.1373,0.0,9.6575,3.14,0.0,1.0,0.0,0.0,0.0,0.0,0.0,0.0,0.0,0.0
12.3124,0.9981797062484644,0.060303646803197816,-0.0008540091599079717,-0.00012200130855821724,2.8939,0.0,10.1664,3.14,0.0,1.0,0.0,0.0,0.0,0.0,0.0,0.0,0.0,0.0
12.3325,0.9981613009994681,0.060607532523025434,-0.0008539934129927242,-0.00012199905899901164,3.5159,0.0,9.9088,3.14,0.0,1.0,0.0,0.0,0.0,0.0,0.0,0.0,0.0,0.0
12.3526,0.9982165181967151,0.059691193817254865,-0.0008539884661250274,-0.00012199835230353173,3.2319,0.0,9.461,3.14,0.0,1.0,0.0,0.0,0.0,0.0,0.0,0.0,0.0,0.0
12.3726,0.9981833215055038,0.060242864338738794,-0.0009160131425630658,-0.00012200175042870187,2.9209,0.0,10.1596,3.14,0.0,1.0,0.0,0.0,0.0,0.0,0.0,0.0,0.0,0.0
12.3927,0.9981650451082382,0.060546760103918774,-0.0007929968580178554,-6.09997583090327e-05,3.3942,0.0,9.8243,0.0,0.0,1.0,0.0,0.0,0.0,0.0,0.0,0.0,0.0,0.0
12.4128,0.9982018960681587,0.05993531254784692,-0.0008539759566855293,-6.099828262040585e-05,3.1237,0.0,9.7451,0.0,0.0,1.0,0.0,0.0,0.0,0.0,0.0,0.0,0.0,0.0
12.4329,0.998194257483108,0.06006051972178858,-0.0009770247218266505,-6.100154353261278e-05,2.1636,0.0,9.9243,0.0,0.0,1.0,0.0,0.0,0.0,0.0,0.0,0.0,0.0,0.0
12.4529,0.9981869934315092,0.060182084849060284,-0.0009160165122171251,-6.1001099612656435e-05,1.5957,0.0,9.7746,0.0,0.0,1.0,0.0,0.0,0.0,0.0,0.0,0.0,0.0,0.0
12.473,0.9981796570486323,0.06030364383085797,-0.0009160097797632875,-6.100065127245813e-05,1.9067,0.0,9.803,0.0,0.0,1.0,0.0,0.0,0.0,0.0,0.0,0.0,0.0,0.0
12.4931,0.9981979128145091,0.059999737893127236,-0.0009770282996364038,-6.100176691692383e-05,1.501,0.0,9.6484,0.0,0.0,1.0,0.0,0.0,0.0,0.0,0.0,0.0,0.0,0.0
12.5132,0.9982017855275342,0.059935305910625625,-0.000976972385582867,0.0,1.0818,0.0,9.5212,0.0,0.0,1.0,0.0,0.0,0.0,0.0,0.0,0.0,0.0,0.0
12.5333,0.9981685691476174,0.06048597389165841,-0.000976999578285051,0.0,1.3387,0.0,10.1751,0.0,0.0,1.0,0.0,0.0,0.0,0.0,0.0,0.0,0.0,0.0
12.5534,0.9982054314875355,0.05987352635195915,-0.001037974452665267,0.0,0.8655,0.0,9.5001,0.0,0.0,1.0,0.0,0.0,0.0,0.0,0.0,0.0,0.0,0.0
12.5735,0.9981794748650263,0.060303632824487335,-0.0010990115329935664,0.0,1.0818,0.0,10.356,0.0,0.0,1.0,0.0,0.0,0.0,0.0,0.0,0.0,0.0,0.0
12.5936,0.9981722501963778,0.06042519675337156,-0.0009770031812667524,0.0,0.7573,0.0,9.7755,0.0,0.0,1.0,0.0,0.0,0.0,0.0,0.0,0.0,0.0,0.0
12.6137,0.9982090102324838,0.059812742291902456,-0.0010989768913431677,0.0,0.8384,0.0,9.7014,0.0,0.0,1.0,0.0,0.0,0.0,0.0,0.0,0.0,0.0,0.0
12.6338,0.9981610696288291,0.060607518474390686,-0.001098991268534768,0.0,0.595,0.0,10.1164,0.0,0.0,1.0,0.0,0.0,0.0,0.0,0.0,0.0,0.0,0.0
12.6539,0.998212579730375,0.05975195724094557,-0.0011599797566565102,6.099893547933943e-05,0.4868,0.0,9.5799,0.0,0.0,1.0,0.0,0.0,0.0,0.0,0.0,0.0,0.0,0.0
12.674,0.99816805987885,0.06048594303152283,-0.0014039986776486733,6.0999942547490527e-05,0.5815,0.0,10.5466,0.0,0.0,1.0,0.0,0.0,0.0,0.0,0.0,0.0,0.0,0.0
12.6941,0.9982009696568339,0.0599389196802562,-0.001465046921460444,6.1001953726325116e-05,0.1082,0.0,9.4013,0.0,0.0,1.0,0.0,0.0,0.0,0.0,0.0,0.0,0.0,0.0
12.7141,0.9981865119924074,0.06018205582242593,-0.0013430235617473522,6.100107019102463e-05,0.4192,0.0,10.0866,0.0,0.0,1.0,0.0,0.0,0.0,0.0,0.0,0.0,0.0,0.0
12.7342,0.9981754201486983,0.06036438825675415,-0.001404009030423467,0.0,0.0947,0.0,9.5117,0.0,0.0,1.0,0.0,0.0,0.0,0.0,0.0,0.0,0.0,0.0
12.7543,0.9981754201486983,0.06036438825675415,-0.001404009030423467,0.0,0.0947,0.0,9.5117,0.0,0.0,1.0,0.0,0.0,0.0,0.0,0.0,0.0,0.0,0.0
12.7743,0.9981863410090808,0.06018204551360289,-0.0014650254511794014,6.10010597419386e-05,0.1758,0.0,10.4003,0.0,0.0,1.0,0.0,0.0,0.0,0.0,0.0,0.0,0.0,0.0
12.7944,0.9981936626814873,0.0600604839330689,-0.001465036197105276,6.100150718324482e-05,-0.0135,0.0,9.8951,0.0,0.0,1.0,0.0,0.0,0.0,0.0,0.0,0.0,0.0,0.0
12.8145,0.998197318006354,0.05999970214036425,-0.0014650415619792863,6.100173056705627e-05,0.0135,0.0,9.7771,0.0,0.0,1.0,0.0,0.0,0.0,0.0,0.0,0.0,0.0,0.0
12.8345,0.998182762009665,0.06024283057176314,-0.0014040193573047893,6.1000841022562646e-05,0.1352,0.0,10.0312,0.0,0.0,1.0,0.0,0.0,0.0,0.0,0.0,0.0,0.0,0.0
12.8546,0.998204896225654,0.05987349424632704,-0.0014649631577598086,6.099846595447601e-05,0.0,0.0,9.4644,0.0,0.0,1.0,0.0,0.0,0.0,0.0,0.0,0.0,0.0,0.0
12.8747,0.9981900036823557,0.06012126505770388,-0.0014650308268385794,6.100128357489076e-05,0.0406,0.0,9.8757,0.0,0.0,1.0,0.0,0.0,0.0,0.0,0.0,0.0,0.0,0.0
12.8947,0.9982010978719702,0.05993526462153239,-0.0015259558171489692,6.099823384408954e-05,0.0135,0.0,9.6569,0.0,0.0,1.0,0.0,0.0,0.0,0.0,0.0,0.0,0.0,0.0
12.9148,0.9982047048260536,0.05987348276595569,-0.0015869597853790558,0.00012199690851683043,0.0541,0.0,9.8127,0.0,0.0,1.0,0.0,0.0,0.0,0.0,0.0,0.0,0.0,0.0
12.9349,0.998193571616284,0.06006047845375122,-0.00152603756506808,6.100150161802986e-05,-0.1623,0.0,9.7383,0.0,0.0,1.0,0.0,0.0,0.0,0.0,0.0,0.0,0.0,0.0
12.955,0.9982192579638214,0.05963035830584198,-0.0015869829221608,0.00012199868714785068,-0.2164,0.0,9.5413,0.0,0.0,1.0,0.0,0.0,0.0,0.0,0.0,0.0,0.0,0.0
12.975,0.9981863410090808,0.06018204551360289,-0.0014650254511794014,6.10010597419386e-05,0.1758,0.0,10.2595,0.0,0.0,1.0,0.0,0.0,0.0,0.0,0.0,0.0,0.0,0.0
12.9951,0.9982302345836337,0.05944801397025521,-0.001526000358609357,6.100001433495539e-05,-0.3381,0.0,9.3519,0.0,0.0,1.0,0.0,0.0,0.0,0.0,0.0,0.0,0.0,0.0
13.0152,0.998193571616284,0.06006047845375122,-0.00152603756506808,6.100150161802986e-05,0.1623,0.0,10.0853,0.0,0.0,1.0,0.0,0.0,0.0,0.0,0.0,0.0,0.0,0.0
13.0353,0.9981972269401501,0.05999969666655158,-0.001526043153324396,6.100172500184131e-05,0.3651,0.0,9.607,0.0,0.0,1.0,0.0,0.0,0.0,0.0,0.0,0.0,0.0,0.0
13.0553,0.9982409829996999,0.059265652061626296,-0.0015870174609263557,6.100067115094587e-05,-0.2164,0.0,9.7422,0.0,0.0,1.0,0.0,0.0,0.0,0.0,0.0,0.0,0.0,0.0
13.0754,0.998193571616284,0.06006047845375122,-0.00152603756506808,6.100150161802986e-05,0.0947,0.0,10.2448,0.0,0.0,1.0,0.0,0.0,0.0,0.0,0.0,0.0,0.0,0.0
13.0955,0.998204807025572,0.05987348889600204,-0.0015259614873536324,0.0,0.0811,0.0,9.561,0.0,0.0,1.0,0.0,0.0,0.0,0.0,0.0,0.0,0.0,0.0
13.1155,0.9982409829996999,0.059265652061626296,-0.0015870174609263557,6.100067115094587e-05,-0.2028,0.0,9.5469,0.0,0.0,1.0,0.0,0.0,0.0,0.0,0.0,0.0,0.0,0.0
13.1356,0.9981898178395574,0.0601212538643398,-0.00158703309851475,6.100127221764229e-05,0.2975,0.0,10.1233,0.0,0.0,1.0,0.0,0.0,0.0,0.0,0.0,0.0,0.0,0.0
13.1557,0.9982193601678099,0.05963036441117446,-0.0015259837348267117,0.0,0.0676,0.0,9.5108,0.0,0.0,1.0,0.0,0.0,0.0,0.0,0.0,0.0,0.0,0.0
13.1757,0.9982372756389681,0.059326432399905246,-0.0016480120115133913,0.0,0.0406,0.0,10.1276,0.0,0.0,1.0,0.0,0.0,0.0,0.0,0.0,0.0,0.0,0.0
13.1958,0.9981861570255174,0.06018203442097748,-0.0015870272781457787,0.0,0.1487,0.0,10.0508,0.0,0.0,1.0,0.0,0.0,0.0,0.0,0.0,0.0,0.0,0.0
13.2159,0.9982409848569682,0.05926565217189246,-0.0015870174638790667,0.0,-0.0676,0.0,9.4315,0.0,0.0,1.0,0.0,0.0,0.0,0.0,0.0,0.0,0.0,0.0
13.2359,0.998208155363409,0.05981269106809749,-0.0017089626013203907,0.0,0.311,0.0,10.2872,0.0,0.0,1.0,0.0,0.0,0.0,0.0,0.0,0.0,0.0,0.0
13.256,0.9982373741339949,0.059326438253582234,-0.0015870117235012374,0.0,0.0,0.0,9.6289,0.0,0.0,1.0,0.0,0.0,0.0,0.0,0.0,0.0,0.0,0.0
13.2761,0.9982373741339949,0.059326438253582234,-0.0015870117235012374,0.0,0.0,0.0,9.6289,0.0,0.0,1.0,0.0,0.0,0.0,0.0,0.0,0.0,0.0,0.0
13.2961,0.9982226937947695,0.05956956399763023,-0.0017089874915553022,0.0,-0.2164,0.0,10.2055,0.0,0.0,1.0,0.0,0.0,0.0,0.0,0.0,0.0,0.0,0.0
13.3162,0.9981859563273626,0.06018202232060604,-0.001709029031520173,0.0,0.3245,0.0,10.1708,0.0,0.0,1.0,0.0,0.0,0.0,0.0,0.0,0.0,0.0,0.0
13.3363,0.998244391195674,0.05920485352709164,-0.0017090246381629426,0.0,-0.1082,0.0,9.4611,0.0,0.0,1.0,0.0,0.0,0.0,0.0,0.0,0.0,0.0,0.0
13.3563,0.998211689567138,0.05975190395670858,-0.0017699675330673514,0.0,-0.1352,0.0,10.4135,0.0,0.0,1.0,0.0,0.0,0.0,0.0,0.0,0.0,0.0,0.0
13.3764,0.9981932779913043,0.06006046078657998,-0.001709041567196666,0.0,0.1758,0.0,10.0632,0.0,0.0,1.0,0.0,0.0,0.0,0.0,0.0,0.0,0.0,0.0
13.3966,0.9982407841502721,0.05926564025591885,-0.0017090184627919502,0.0,-0.1758,0.0,9.4397,0.0,0.0,1.0,0.0,0.0,0.0,0.0,0.0,0.0,0.0,0.0
13.4167,0.9982044056559427,0.05987346482138341,-0.0017699546176843171,0.0,0.0947,0.0,10.1382,0.0,0.0,1.0,0.0,0.0,0.0,0.0,0.0,0.0,0.0,0.0
13.4371,0.9982117954830124,0.059751910296721646,-0.0017089688333154324,0.0,-0.1893,0.0,9.6596,0.0,0.0,1.0,0.0,0.0,0.0,0.0,0.0,0.0,0.0,0.0
13.4572,0.99823345125338,0.0593872053230062,-0.0017700061195500758,6.100021089966434e-05,0.0541,0.0,9.8042,0.0,0.0,1.0,0.0,0.0,0.0,0.0,0.0,0.0,0.0,0.0
13.4773,0.9981930624310322,0.06006044781649737,-0.0018310441391299614,0.0,-0.0811,0.0,9.8755,0.0,0.0,1.0,0.0,0.0,0.0,0.0,0.0,0.0,0.0,0.0
13.4974,0.9982442834121369,0.059204847134560326,-0.0017700253264673234,6.1000872833061326e-05,-0.1082,0.0,9.2176,0.0,0.0,1.0,0.0,0.0,0.0,0.0,0.0,0.0,0.0,0.0
13.5175,0.9982006983638585,0.05993524063375634,-0.0017699480441421556,0.0,0.0947,0.0,10.3588,0.0,0.0,1.0,0.0,0.0,0.0,0.0,0.0,0.0,0.0,0.0
13.5376,0.998229835040537,0.05944799017610154,-0.001769999707504022,0.0,-0.2299,0.0,9.5825,0.0,0.0,1.0,0.0,0.0,0.0,0.0,0.0,0.0,0.0,0.0
13.5577,0.9982297254045094,0.0594479836469023,-0.0018309994963241483,0.0,0.2569,0.0,10.4348,0.0,0.0,1.0,0.0,0.0,0.0,0.0,0.0,0.0,0.0,0.0
13.5778,0.9982080494486933,0.059812684721681525,-0.0017699610786333572,0.0,0.0406,0.0,9.7635,0.0,0.0,1.0,0.0,0.0,0.0,0.0,0.0,0.0,0.0,0.0
13.5979,0.9982586748327508,0.05896169366592768,-0.0017700508444486384,6.100175226636529e-05,0.0541,0.0,9.8589,0.0,0.0,1.0,0.0,0.0,0.0,0.0,0.0,0.0,0.0,0.0
13.618,0.9982003693931968,0.059938883636258024,-0.0018310575427196581,0.0,-0.0676,0.0,10.3696,0.0,0.0,1.0,0.0,0.0,0.0,0.0,0.0,0.0,0.0,0.0
13.638,0.9982406763679033,0.05926563385687045,-0.0017700189306784839,6.10006524132678e-05,0.0541,0.0,9.462,0.0,0.0,1.0,0.0,0.0,0.0,0.0,0.0,0.0,0.0,0.0
13.6581,0.9982153260111557,0.059691122527130935,-0.0017699739809860816,0.0,0.1487,0.0,10.5464,0.0,0.0,1.0,0.0,0.0,0.0,0.0,0.0,0.0,0.0,0.0
13.6782,0.9982334531106062,0.05938720543349687,-0.0017700061228431987,0.0,-0.1758,0.0,9.3609,0.0,0.0,1.0,0.0,0.0,0.0,0.0,0.0,0.0,0.0,0.0
13.6983,0.9982297235473041,0.05944798353629939,-0.0018309994929175712,6.099998310643562e-05,0.2569,0.0,10.0181,0.0,0.0,1.0,0.0,0.0,0.0,0.0,0.0,0.0,0.0,0.0
13.7184,0.998211689567138,0.05975190395670858,-0.0017699675330673514,0.0,0.0947,0.0,9.7144,0.0,0.0,1.0,0.0,0.0,0.0,0.0,0.0,0.0,0.0,0.0
13.7385,0.9982586748327508,0.05896169366592768,-0.0017700508444486384,6.100175226636529e-05,-0.3381,0.0,9.2747,0.0,0.0,1.0,0.0,0.0,0.0,0.0,0.0,0.0,0.0,0.0
13.7586,0.99820793796276,0.05981267804143787,-0.0018309595327828318,6.099865182940256e-05,0.2028,0.0,10.0217,0.0,0.0,1.0,0.0,0.0,0.0,0.0,0.0,0.0,0.0,0.0
13.7787,0.9982262132954367,0.059508774257433804,-0.0017699932856485162,0.0,0.1623,0.0,9.414,0.0,0.0,1.0,0.0,0.0,0.0,0.0,0.0,0.0,0.0,0.0
13.7988,0.9982585651872204,0.0589616871897644,-0.0018310523955979985,6.100174556611382e-05,-0.1217,0.0,9.958,0.0,0.0,1.0,0.0,0.0,0.0,0.0,0.0,0.0,0.0,0.0
13.8189,0.9982079398198438,0.059812678152714446,-0.0018309595361891765,0.0,0.2434,0.0,10.1682,0.0,0.0,1.0,0.0,0.0,0.0,0.0,0.0,0.0,0.0,0.0
13.839,0.9982370675055239,0.059326420030286306,-0.001770012531665817,0.0,0.027,0.0,9.5049,0.0,0.0,1.0,0.0,0.0,0.0,0.0,0.0,0.0,0.0,0.0
13.8591,0.998251376830786,0.059083265225365396,-0.0018310392103795296,6.100130629888013e-05,-0.1758,0.0,9.6226,0.0,0.0,1.0,0.0,0.0,0.0,0.0,0.0,0.0,0.0,0.0
13.8792,0.99820793796276,0.05981267804143787,-0.0018309595327828318,6.099865182940256e-05,0.2299,0.0,10.1607,0.0,0.0,1.0,0.0,0.0,0.0,0.0,0.0,0.0,0.0,0.0
13.8993,0.9982478867808583,0.059144059753644264,-0.0017700317157389666,6.1001093028312254e-05,-0.2028,0.0,9.4616,0.0,0.0,1.0,0.0,0.0,0.0,0.0,0.0,0.0,0.0,0.0
13.9194,0.9982441737713486,0.059204840631877344,-0.0018310259981921262,6.100086613314293e-05,0.027,0.0,10.3142,0.0,0.0,1.0,0.0,0.0,0.0,0.0,0.0,0.0,0.0,0.0
13.9395,0.9982044037988786,0.05987346470999456,-0.0017699546143914793,6.0998435863213185e-05,0.3381,0.0,10.081,0.0,0.0,1.0,0.0,0.0,0.0,0.0,0.0,0.0,0.0,0.0
13.9596,0.9982624753053736,0.058897317047845975,-0.0017699494248575795,6.0998257014888146e-05,-0.0811,0.0,9.3164,0.0,0.0,1.0,0.0,0.0,0.0,0.0,0.0,0.0,0.0,0.0
13.9797,0.9982259828826971,0.05950876052148947,-0.0018919923861375164,0.00012199950904273615,0.2569,0.0,10.4887,0.0,0.0,1.0,0.0,0.0,0.0,0.0,0.0,0.0,0.0,0.0
13.9998,0.9982550824912851,0.059022483018661163,-0.0017700444747298372,6.1001532744964226e-05,-0.0406,0.0,9.9234,0.0,0.0,1.0,0.0,0.0,0.0,0.0,0.0,0.0,0.0,0.0
14.0198,0.9982297235473041,0.05944798353629939,-0.0018309994929175712,6.099998310643562e-05,0.1082,0.0,10.3456,0.0,0.0,1.0,0.0,0.0,0.0,0.0,0.0,0.0,0.0,0.0
14.0399,0.9982044056559427,0.05987346482138341,-0.0017699546176843171,0.0,0.1758,0.0,9.6484,0.0,0.0,1.0,0.0,0.0,0.0,0.0,0.0,0.0,0.0,0.0
14.06,0.9982624753053736,0.058897317047845975,-0.0017699494248575795,6.0998257014888146e-05,-0.1893,0.0,9.2025,0.0,0.0,1.0,0.0,0.0,0.0,0.0,0.0,0.0,0.0,0.0
14.0801,0.9982041808294924,0.05987345133603063,-0.0018919510635117993,6.0998422237945604e-05,0.2975,0.0,10.0603,0.0,0.0,1.0,0.0,0.0,0.0,0.0,0.0,0.0,0.0,0.0
14.1002,0.9982262132954367,0.059508774257433804,-0.0017699932856485162,0.0,0.0541,0.0,9.5889,0.0,0.0,1.0,0.0,0.0,0.0,0.0,0.0,0.0,0.0,0.0
14.1203,0.9982515942598181,0.05908327809428548,-0.0017090369700269658,0.0,0.0406,0.0,10.057,0.0,0.0,1.0,0.0,0.0,0.0,0.0,0.0,0.0,0.0,0.0
14.1404,0.9981970355215676,0.05999968516075236,-0.0016480462872915695,0.0,0.1623,0.0,9.9788,0.0,0.0,1.0,0.0,0.0,0.0,0.0,0.0,0.0,0.0,0.0
14.1605,0.9982516964737393,0.05908328414399635,-0.0016480358191886743,0.0,-0.2028,0.0,9.237,0.0,0.0,1.0,0.0,0.0,0.0,0.0,0.0,0.0,0.0,0.0
14.1806,0.9982225878754258,0.0595695576768271,-0.0017699868572768791,0.0,0.2705,0.0,10.3738,0.0,0.0,1.0,0.0,0.0,0.0,0.0,0.0,0.0,0.0,0.0
14.2006,0.9982117954830124,0.059751910296721646,-0.0017089688333154324,0.0,0.311,0.0,9.5092,0.0,0.0,1.0,0.0,0.0,0.0,0.0,0.0,0.0,0.0,0.0
14.2207,0.9982660617160937,0.05883653016931087,-0.001769955783671777,0.0,-0.1217,0.0,9.5519,0.0,0.0,1.0,0.0,0.0,0.0,0.0,0.0,0.0,0.0,0.0
14.2408,0.9982151011773264,0.05969110908255308,-0.0018919717614452464,6.099908956042066e-05,0.2299,0.0,10.1813,0.0,0.0,1.0,0.0,0.0,0.0,0.0,0.0,0.0,0.0,0.0
14.2609,0.9982333434733865,0.059387198910926364,-0.0018310061327547374,0.0,-0.1082,0.0,9.4685,0.0,0.0,1.0,0.0,0.0,0.0,0.0,0.0,0.0,0.0,0.0
14.281,0.9982548594879366,0.0590224698334427,-0.0018920471175492316,6.1001519117698244e-05,0.0,0.0,10.2505,0.0,0.0,1.0,0.0,0.0,0.0,0.0,0.0,0.0,0.0,0.0
14.3011,0.9982114647357658,0.05975189049853863,-0.0018919648690983691,6.0998867344064234e-05,0.2569,0.0,10.064,0.0,0.0,1.0,0.0,0.0,0.0,0.0,0.0,0.0,0.0,0.0
14.3212,0.9982618899956579,0.05889728251467183,-0.002074939493335093,6.099822124977505e-05,-0.2299,0.0,9.3957,0.0,0.0,1.0,0.0,0.0,0.0,0.0,0.0,0.0,0.0,0.0
14.3413,0.9982403363056245,0.059265613667344036,-0.0019530202225988766,6.1000631632668334e-05,-0.0676,0.0,10.3599,0.0,0.0,1.0,0.0,0.0,0.0,0.0,0.0,0.0,0.0,0.0
14.3614,0.9982225860182603,0.059569557565999576,-0.001769986853983864,6.0999546945272876e-05,0.0,0.0,9.5407,0.0,0.0,1.0,0.0,0.0,0.0,0.0,0.0,0.0,0.0,0.0
14.3815,0.9982660598589125,0.05883653005985098,-0.0017699557803789352,6.0998476046902894e-05,-0.0541,0.0,9.3255,0.0,0.0,1.0,0.0,0.0,0.0,0.0,0.0,0.0,0.0,0.0
14.4015,0.9982193583106623,0.05963036430023452,-0.0015259837319876804,6.099934970599241e-05,0.0135,0.0,10.0658,0.0,0.0,1.0,0.0,0.0,0.0,0.0,0.0,0.0,0.0,0.0
14.4216,0.998248466626442,0.059144094108259285,-0.0014040259731159278,6.100112846152417e-05,-0.1352,0.0,9.4457,0.0,0.0,1.0,0.0,0.0,0.0,0.0,0.0,0.0,0.0,0.0
14.4417,0.9982197002695419,0.05963038472774116,-0.001281986772332572,6.099937060233263e-05,0.1623,0.0,10.5504,0.0,0.0,1.0,0.0,0.0,0.0,0.0,0.0,0.0,0.0,0.0
14.4618,0.9982593383397009,0.05896173285566329,-0.0013430394712543245,6.100179281193219e-05,-0.1487,0.0,9.3724,0.0,0.0,1.0,0.0,0.0,0.0,0.0,0.0,0.0,0.0,0.0
14.4819,0.9982197783307172,0.05963038939086083,-0.0012209874972118585,0.0,0.2569,0.0,10.5037,0.0,0.0,1.0,0.0,0.0,0.0,0.0,0.0,0.0,0.0,0.0
14.5021,0.9982376473322541,0.059326454490080754,-0.0014040107558924014,0.0,-0.2028,0.0,9.7423,0.0,0.0,1.0,0.0,0.0,0.0,0.0,0.0,0.0,0.0,0.0
14.5222,0.9982486320488628,0.059144103909185154,-0.001282023928640328,0.0,-0.0406,0.0,10.2979,0.0,0.0,1.0,0.0,0.0,0.0,0.0,0.0,0.0,0.0,0.0
14.5422,0.9982052251701903,0.059873513976804085,-0.0012209696962952321,0.0,0.3786,0.0,10.0772,0.0,0.0,1.0,0.0,0.0,0.0,0.0,0.0,0.0,0.0,0.0
14.5623,0.9982701350570066,0.0587757715217764,-0.0014649693805298335,0.0,-0.1082,0.0,9.3605,0.0,0.0,1.0,0.0,0.0,0.0,0.0,0.0,0.0,0.0,0.0
14.5824,0.9982343451892992,0.05938725850531132,-0.0011600050493569339,0.0,-0.0135,0.0,10.4005,0.0,0.0,1.0,0.0,0.0,0.0,0.0,0.0,0.0,0.0,0.0
14.6025,0.9982162180412513,0.05969117586860581,-0.0011599839845805524,0.0,0.2975,0.0,9.7893,0.0,0.0,1.0,0.0,0.0,0.0,0.0,0.0,0.0,0.0,0.0
14.6226,0.9982665541739362,0.05883655919414886,-0.0014649641255553812,0.0,-0.2028,0.0,9.509,0.0,0.0,1.0,0.0,0.0,0.0,0.0,0.0,0.0,0.0,0.0
14.6426,0.9982341964890533,0.059387249658791476,-0.0012820053894382621,0.0,-0.0811,0.0,10.2772,0.0,0.0,1.0,0.0,0.0,0.0,0.0,0.0,0.0,0.0,0.0
14.6627,0.9982232513104214,0.05956959726772569,-0.001342990920439064,0.0,0.3516,0.0,9.8441,0.0,0.0,1.0,0.0,0.0,0.0,0.0,0.0,0.0,0.0,0.0
14.6828,0.9982626834292742,0.05889732932712087,-0.001647953254403211,6.099826973215983e-05,-0.1758,0.0,9.68,0.0,0.0,1.0,0.0,0.0,0.0,0.0,0.0,0.0,0.0,0.0
14.7029,0.9982413416962354,0.05926567335747011,-0.0013430152589063024,0.0,-0.3381,0.0,10.0697,0.0,0.0,1.0,0.0,0.0,0.0,0.0,0.0,0.0,0.0,0.0
14.723,0.9982196222083849,0.05963038006462258,-0.0013429860379129551,0.0,0.1623,0.0,9.9779,0.0,0.0,1.0,0.0,0.0,0.0,0.0,0.0,0.0,0.0,0.0
14.7431,0.9982587807635821,0.058961699922683956,-0.0017090492735391122,6.100175873952063e-05,-0.0947,0.0,9.5957,0.0,0.0,1.0,0.0,0.0,0.0,0.0,0.0,0.0,0.0,0.0
14.7632,0.9982519789704057,0.059083300864058906,-0.0014650322562852621,6.100134309444672e-05,-0.0135,0.0,10.266,0.0,0.0,1.0,0.0,0.0,0.0,0.0,0.0,0.0,0.0,0.0
14.7832,0.9982269548005196,0.05950881846190169,-0.0012819960891320217,6.099981391344267e-05,0.1487,0.0,10.0039,0.0,0.0,1.0,0.0,0.0,0.0,0.0,0.0,0.0,0.0,0.0
14.8033,0.9982699473576766,0.058775760470486216,-0.0015869665322602589,6.0998713590387776e-05,-0.284,0.0,9.4637,0.0,0.0,1.0,0.0,0.0,0.0,0.0,0.0,0.0,0.0,0.0
14.8234,0.9982412562009222,0.05926566828160609,-0.0014040158317282433,6.100068784570256e-05,0.0135,0.0,10.3957,0.0,0.0,1.0,0.0,0.0,0.0,0.0,0.0,0.0,0.0,0.0
14.8435,0.998233943723145,0.05938723462116589,-0.0014650057877988005,6.100024099364721e-05,0.3651,0.0,9.6628,0.0,0.0,1.0,0.0,0.0,0.0,0.0,0.0,0.0,0.0,0.0
14.8636,0.9982769940254524,0.058654177073180984,-0.0016479768786395249,0.00012199828834591477,-0.1893,0.0,9.4827,0.0,0.0,1.0,0.0,0.0,0.0,0.0,0.0,0.0,0.0,0.0
14.8837,0.998230229012009,0.059448013638445964,-0.0015260003500919828,0.0001220000279890665,-0.0947,0.0,10.4426,0.0,0.0,1.0,0.0,0.0,0.0,0.0,0.0,0.0,0.0,0.0
14.9038,0.998230229012009,0.059448013638445964,-0.0015260003500919828,0.0001220000279890665,-0.0947,0.0,10.4426,0.0,0.0,1.0,0.0,0.0,0.0,0.0,0.0,0.0,0.0,0.0
14.9239,0.9982478812089381,0.05914405942351986,-0.001770031705859182,0.00012200218537555818,0.3245,0.0,9.652,0.0,0.0,1.0,0.0,0.0,0.0,0.0,0.0,0.0,0.0,0.0
14.944,0.9982728723128739,0.05871493379257421,-0.0019529645360190848,0.00012199778463611866,-0.2164,0.0,9.4851,0.0,0.0,1.0,0.0,0.0,0.0,0.0,0.0,0.0,0.0,0.0
14.9641,0.9982335571761818,0.05938721162459744,-0.0017090060899933694,6.100021737254213e-05,0.1352,0.0,10.1875,0.0,0.0,1.0,0.0,0.0,0.0,0.0,0.0,0.0,0.0,0.0
14.9842,0.9982378108920459,0.059326464210634346,-0.001282010031319024,0.0,0.0135,0.0,9.6434,0.0,0.0,1.0,0.0,0.0,0.0,0.0,0.0,0.0,0.0,0.0
15.0043,0.9982701350570066,0.0587757715217764,-0.0014649693805298335,0.0,-0.3786,0.0,9.4686,0.0,0.0,1.0,0.0,0.0,0.0,0.0,0.0,0.0,0.0,0.0
15.0243,0.9982192653924093,0.059630358749601556,-0.001586982933970877,0.0,0.1893,0.0,10.039,0.0,0.0,1.0,0.0,0.0,0.0,0.0,0.0,0.0,0.0,0.0
15.0444,0.9982447777552232,0.05920487645354301,-0.001465021687798794,0.0,0.3651,0.0,9.6848,0.0,0.0,1.0,0.0,0.0,0.0,0.0,0.0,0.0,0.0,0.0
15.0645,0.9982700439931336,0.05877576616015211,-0.0015259679663880699,0.0,-0.2164,0.0,9.8095,0.0,0.0,1.0,0.0,0.0,0.0,0.0,0.0,0.0,0.0,0.0
15.0846,0.9982302364408417,0.05944801408085827,-0.0015260003614484814,0.0,0.0406,0.0,10.1528,0.0,0.0,1.0,0.0,0.0,0.0,0.0,0.0,0.0,0.0,0.0
15.1047,0.9982376473322541,0.059326454490080754,-0.0014040107558924014,0.0,0.3922,0.0,9.7625,0.0,0.0,1.0,0.0,0.0,0.0,0.0,0.0,0.0,0.0,0.0
15.1248,0.9982629696150724,0.058897346212034504,-0.0014649588651866711,0.0,-0.0947,0.0,9.764,0.0,0.0,1.0,0.0,0.0,0.0,0.0,0.0,0.0,0.0,0.0
15.1448,0.9982447777552232,0.05920487645354301,-0.001465021687798794,0.0,-0.2299,0.0,10.0549,0.0,0.0,1.0,0.0,0.0,0.0,0.0,0.0,0.0,0.0,0.0
15.1649,0.9982267931032531,0.05950880882239715,-0.0014039954895334363,0.0,0.2975,0.0,9.8457,0.0,0.0,1.0,0.0,0.0,0.0,0.0,0.0,0.0,0.0,0.0
15.185,0.9982556642067582,0.059022517412968024,-0.001404036096436967,0.0,0.0135,0.0,9.6669,0.0,0.0,1.0,0.0,0.0,0.0,0.0,0.0,0.0,0.0,0.0
15.2051,0.9982555768504152,0.059022512247967264,-0.0014650375365255002,0.0,-0.1217,0.0,9.7673,0.0,0.0,1.0,0.0,0.0,0.0,0.0,0.0,0.0,0.0,0.0
15.2252,0.998223167676925,0.05956959227684445,-0.0014039903904094141,0.0,0.2434,0.0,10.1875,0.0,0.0,1.0,0.0,0.0,0.0,0.0,0.0,0.0,0.0,0.0
15.2453,0.9982629696150724,0.058897346212034504,-0.0014649588651866711,0.0,-0.1082,0.0,9.5801,0.0,0.0,1.0,0.0,0.0,0.0,0.0,0.0,0.0,0.0,0.0
15.2654,0.9982518897577012,0.059083295583847915,-0.001526033462999753,0.0,0.2028,0.0,10.333,0.0,0.0,1.0,0.0,0.0,0.0,0.0,0.0,0.0,0.0,0.0
15.2854,0.9982340329310382,0.05938723992834874,-0.0014040056722750965,0.0,-0.1217,0.0,9.7622,0.0,0.0,1.0,0.0,0.0,0.0,0.0,0.0,0.0,0.0,0.0
15.3055,0.9982772857952904,0.05865419421623831,-0.0014649798742952594,0.0,-0.0135,0.0,9.8755,0.0,0.0,1.0,0.0,0.0,0.0,0.0,0.0,0.0,0.0,0.0
15.3256,0.9982194512289413,0.05963036985086903,-0.0014649845186483971,0.0,0.2164,0.0,10.3997,0.0,0.0,1.0,0.0,0.0,0.0,0.0,0.0,0.0,0.0,0.0
15.3457,0.9982809411453047,0.05859340960247863,-0.001403985853191101,6.099938535952809e-05,-0.3651,0.0,9.2485,0.0,0.0,1.0,0.0,0.0,0.0,0.0,0.0,0.0,0.0,0.0
15.3658,0.9982158165969675,0.059691151863103864,-0.0014649791844710647,6.099913327833882e-05,0.0541,0.0,10.2043,0.0,0.0,1.0,0.0,0.0,0.0,0.0,0.0,0.0,0.0,0.0
15.3859,0.9982520681831343,0.0590833061442713,-0.0014040310386675555,0.0,-0.1217,0.0,9.5855,0.0,0.0,1.0,0.0,0.0,0.0,0.0,0.0,0.0,0.0,0.0
15.406,0.9982593383397009,0.05896173285566329,-0.0013430394712543245,6.100179281193219e-05,0.0541,0.0,10.079,0.0,0.0,1.0,0.0,0.0,0.0,0.0,0.0,0.0,0.0,0.0
15.426,0.9982196222083849,0.05963038006462258,-0.0013429860379129551,0.0,-0.1352,0.0,9.7496,0.0,0.0,1.0,0.0,0.0,0.0,0.0,0.0,0.0,0.0,0.0
15.4461,0.9982703859623102,0.058775786294483975,-0.0012819735275622739,0.0,0.0541,0.0,9.3906,0.0,0.0,1.0,0.0,0.0,0.0,0.0,0.0,0.0,0.0,0.0
15.4662,0.9982196222083849,0.05963038006462258,-0.0013429860379129551,0.0,0.0541,0.0,10.1014,0.0,0.0,1.0,0.0,0.0,0.0,0.0,0.0,0.0,0.0,0.0
15.4863,0.9982668812820399,0.05883657847348385,-0.0012209705006309413,0.0,-0.3516,0.0,9.4077,0.0,0.0,1.0,0.0,0.0,0.0,0.0,0.0,0.0,0.0,0.0
15.5064,0.9982341147100356,0.059387244793569514,-0.0013430055358540326,-6.1000251442289155e-05,0.1893,0.0,10.2093,0.0,0.0,1.0,0.0,0.0,0.0,0.0,0.0,0.0,0.0,0.0
15.5265,0.9982270310062065,0.05950882300486696,-0.0012209963684306872,-6.099981857032866e-05,0.2164,0.0,9.8967,0.0,0.0,1.0,0.0,0.0,0.0,0.0,0.0,0.0,0.0,0.0
15.5465,0.9982776835501804,0.05865421758649115,-0.0011599845264739436,-6.099918630597667e-05,-0.4327,0.0,9.4984,0.0,0.0,1.0,0.0,0.0,0.0,0.0,0.0,0.0,0.0,0.0
15.5666,0.9982159039428727,0.05969115708620055,-0.001403980174043841,-6.099913861584705e-05,-0.2299,0.0,10.3674,0.0,0.0,1.0,0.0,0.0,0.0,0.0,0.0,0.0,0.0,0.0
15.5867,0.9982268748804712,0.05950881369750655,-0.0013429957955225363,-6.0999809029627095e-05,0.0406,0.0,9.3706,0.0,0.0,1.0,0.0,0.0,0.0,0.0,0.0,0.0,0.0,0.0
15.6068,0.9982594182675468,0.058961737576565074,-0.001282037781091521,-6.100179769619185e-05,-0.2028,0.0,9.668,0.0,0.0,1.0,0.0,0.0,0.0,0.0,0.0,0.0,0.0,0.0
15.6269,0.9982304966327726,0.0594480295761749,-0.0013430006681604406,-6.1000030348312695e-05,-0.1217,0.0,10.2039,0.0,0.0,1.0,0.0,0.0,0.0,0.0,0.0,0.0,0.0,0.0
15.647,0.9982269548005196,0.05950881846190169,-0.0012819960891320217,-6.099981391344267e-05,0.2299,0.0,9.9117,0.0,0.0,1.0,0.0,0.0,0.0,0.0,0.0,0.0,0.0,0.0
15.6671,0.9982485502662973,0.05914409906374246,-0.0013430249571818426,-6.1001133572713424e-05,-0.284,0.0,9.7173,0.0,0.0,1.0,0.0,0.0,0.0,0.0,0.0,0.0,0.0,0.0
15.6872,0.9982413398389651,0.05926567324720382,-0.0013430152564075579,-6.1000692956669766e-05,-0.0811,0.0,10.1037,0.0,0.0,1.0,0.0,0.0,0.0,0.0,0.0,0.0,0.0,0.0
15.7072,0.9982197002695419,0.05963038472774117,-0.0012819867723325752,-6.0999370602388137e-05,-0.0406,0.0,9.7255,0.0,0.0,1.0,0.0,0.0,0.0,0.0,0.0,0.0,0.0,0.0
15.7273,0.9982630551055162,0.05889735125595622,-0.001403960698201357,-6.0998292443270596e-05,-0.1352,0.0,9.5465,0.0,0.0,1.0,0.0,0.0,0.0,0.0,0.0,0.0,0.0,0.0
15.7474,0.9982233293724297,0.05956960192612488,-0.001281991433092017,-6.099959237021447e-05,0.1893,0.0,10.0742,0.0,0.0,1.0,0.0,0.0,0.0,0.0,0.0,0.0,0.0,0.0
15.7675,0.9982665541739362,0.05883655919414886,-0.0014649641255553812,0.0,-0.2164,0.0,9.4005,0.0,0.0,1.0,0.0,0.0,0.0,0.0,0.0,0.0,0.0,0.0
15.7876,0.9982341165672656,0.059387244904060395,-0.0013430055383527077,0.0,0.1758,0.0,10.2034,0.0,0.0,1.0,0.0,0.0,0.0,0.0,0.0,0.0,0.0,0.0
15.8077,0.9982378090347954,0.059326464100255716,-0.0012820100289338103,-6.100047719581614e-05,-0.027,0.0,9.8273,0.0,0.0,1.0,0.0,0.0,0.0,0.0,0.0,0.0,0.0,0.0
15.8278,0.9982772857952904,0.05865419421623831,-0.0014649798742952594,0.0,-0.4057,0.0,9.6168,0.0,0.0,1.0,0.0,0.0,0.0,0.0,0.0,0.0,0.0,0.0
15.8479,0.9982197783307172,0.05963038939086083,-0.0012209874972118585,0.0,-0.0135,0.0,10.1349,0.0,0.0,1.0,0.0,0.0,0.0,0.0,0.0,0.0,0.0,0.0
15.8679,0.9982628785531604,0.058897340839397114,-0.0015259570132076794,0.0,0.0135,0.0,9.5815,0.0,0.0,1.0,0.0,0.0,0.0,0.0,0.0,0.0,0.0,0.0
15.888,0.9982698488650456,0.05877575467147434,-0.0016479650832568716,6.099870757192428e-05,-0.1623,0.0,9.7604,0.0,0.0,1.0,0.0,0.0,0.0,0.0,0.0,0.0,0.0,0.0
15.9081,0.9982340329310382,0.05938723992834874,-0.0014040056722750965,0.0,0.2705,0.0,9.9288,0.0,0.0,1.0,0.0,0.0,0.0,0.0,0.0,0.0,0.0,0.0
15.9282,0.9982698488650456,0.05877575467147434,-0.0016479650832568716,6.099870757192428e-05,0.0,0.0,9.5114,0.0,0.0,1.0,0.0,0.0,0.0,0.0,0.0,0.0,0.0,0.0
15.9483,0.9982731083015843,0.058714947672608306,-0.0018309671842180186,6.0998906738052305e-05,-0.3516,0.0,9.8076,0.0,0.0,1.0,0.0,0.0,0.0,0.0,0.0,0.0,0.0,0.0
15.9684,0.9982337597357466,0.05938722367533213,-0.0015870059772804086,0.0,0.0811,0.0,10.1707,0.0,0.0,1.0,0.0,0.0,0.0,0.0,0.0,0.0,0.0,0.0
15.9885,0.9982597066244416,0.058958151783975885,-0.0012209617253771052,-6.0998087836217074e-05,-0.1623,0.0,9.4416,0.0,0.0,1.0,0.0,0.0,0.0,0.0,0.0,0.0,0.0,0.0
16.0086,0.9982628766959969,0.0588973407298248,-0.0015259570103688044,-6.099828154165765e-05,0.1352,0.0,9.9001,0.0,0.0,1.0,0.0,0.0,0.0,0.0,0.0,0.0,0.0,0.0
16.0286,0.9982303256477412,0.0594480193934333,-0.001465000477919854,-6.100001989983728e-05,0.0541,0.0,9.8305,0.0,0.0,1.0,0.0,0.0,0.0,0.0,0.0,0.0,0.0,0.0
16.0487,0.9982845073249267,0.05853261931365697,-0.0014039908686787617,-6.0999603268829805e-05,-0.2164,0.0,9.2485,0.0,0.0,1.0,0.0,0.0,0.0,0.0,0.0,0.0,0.0,0.0
16.0688,0.9982338526580473,0.059387229203493645,-0.0015260058895807292,-6.1000235428931855e-05,0.2299,0.0,10.4001,0.0,0.0,1.0,0.0,0.0,0.0,0.0,0.0,0.0,0.0,0.0
16.0889,0.9982556567773576,0.059022516973699875,-0.0014040360859876,-0.00012200313567700684,-0.1623,0.0,9.6268,0.0,0.0,1.0,0.0,0.0,0.0,0.0,0.0,0.0,0.0,0.0
16.109,0.9982809411453047,0.05859340960247863,-0.001403985853191101,-6.099938535952809e-05,-0.1082,0.0,10.2365,0.0,0.0,1.0,0.0,0.0,0.0,0.0,0.0,0.0,0.0,0.0
16.1291,0.9982231602482499,0.0595695918335336,-0.0014039903799610669,-0.00012199916407068523,0.3381,0.0,10.2227,0.0,0.0,1.0,0.0,0.0,0.0,0.0,0.0,0.0,0.0,0.0
16.1492,0.9982951782329518,0.05835024421726003,-0.0014040058762816168,-0.00012200051061711516,-0.2434,0.0,9.5053,0.0,0.0,1.0,0.0,0.0,0.0,0.0,0.0,0.0,0.0,0.0
16.1693,0.9982951782329518,0.05835024421726003,-0.0014040058762816168,-0.00012200051061711516,-0.2434,0.0,9.5053,0.0,0.0,1.0,0.0,0.0,0.0,0.0,0.0,0.0,0.0,0.0
16.1894,0.9982339381514582,0.059387234289693405,-0.0014650057796218065,-0.00012200048130633911,-0.0541,0.0,10.3183,0.0,0.0,1.0,0.0,0.0,0.0,0.0,0.0,0.0,0.0,0.0
16.2095,0.9982557404190203,0.059022521919067754,-0.0013430346306790438,-0.00012200314589944085,0.4462,0.0,9.5356,0.0,0.0,1.0,0.0,0.0,0.0,0.0,0.0,0.0,0.0,0.0
16.2296,0.9982845017530744,0.05853261898696141,-0.0014039908608424918,-0.0001219992058565933,-0.0541,0.0,9.6782,0.0,0.0,1.0,0.0,0.0,0.0,0.0,0.0,0.0,0.0,0.0
16.2496,0.9982520607538139,0.059083305704553904,-0.0014040310282182958,-0.00012200269618423132,-0.2299,0.0,10.2046,0.0,0.0,1.0,0.0,0.0,0.0,0.0,0.0,0.0,0.0,0.0
16.2697,0.9982521443945728,0.05908331065497947,-0.0013430297926548993,-0.00012200270640649881,0.2569,0.0,9.8273,0.0,0.0,1.0,0.0,0.0,0.0,0.0,0.0,0.0,0.0,0.0
16.2898,0.9982773657176792,0.05865419891211127,-0.0014039808246970288,-0.00012199833376996817,-0.1893,0.0,9.6791,0.0,0.0,1.0,0.0,0.0,0.0,0.0,0.0,0.0,0.0,0.0
16.3099,0.9982447703260657,0.05920487601292729,-0.0014650216768957794,-0.00012200180517502046,0.1082,0.0,10.0456,0.0,0.0,1.0,0.0,0.0,0.0,0.0,0.0,0.0,0.0,0.0
16.33,0.9982630495340229,0.058897350927239064,-0.0014039606903655973,-0.0001219965842055859,0.2028,0.0,9.5607,0.0,0.0,1.0,0.0,0.0,0.0,0.0,0.0,0.0,0.0,0.0
16.3501,0.998284323332056,0.05853260852556542,-0.0015259897939625885,-0.00012199918405214616,-0.0811,0.0,9.3998,0.0,0.0,1.0,0.0,0.0,0.0,0.0,0.0,0.0,0.0,0.0
16.3702,0.998241153990208,0.059265662213347295,-0.0014650163695697806,-0.00018300204479948512,0.1487,0.0,10.2192,0.0,0.0,1.0,0.0,0.0,0.0,0.0,0.0,0.0,0.0,0.0
16.3903,0.9982845017530744,0.05853261898696141,-0.0014039908608424918,-0.0001219992058565933,-0.0947,0.0,9.4635,0.0,0.0,1.0,0.0,0.0,0.0,0.0,0.0,0.0,0.0,0.0
16.4104,0.9982592828910309,0.058958126757884415,-0.0015259515168339728,-0.00012199612388841265,0.2028,0.0,10.4505,0.0,0.0,1.0,0.0,0.0,0.0,0.0,0.0,0.0,0.0,0.0
16.4305,0.9982628618386897,0.05889733985324619,-0.0015259569876577318,-0.0001829948419012628,-0.1623,0.0,9.7846,0.0,0.0,1.0,0.0,0.0,0.0,0.0,0.0,0.0,0.0,0.0
16.4507,0.9982844143998368,0.05853261386516122,-0.0014649903355792551,-0.00012199919518141036,-0.0811,0.0,9.9627,0.0,0.0,1.0,0.0,0.0,0.0,0.0,0.0,0.0,0.0,0.0
16.4708,0.9982374614855594,0.05932644344498993,-0.0015260114064163076,-0.00012200091191533202,0.2299,0.0,10.4311,0.0,0.0,1.0,0.0,0.0,0.0,0.0,0.0,0.0,0.0,0.0
16.4908,0.9982949105928733,0.058350228573726654,-0.0015870062167352775,-6.1000238954556085e-05,-0.1893,0.0,9.1694,0.0,0.0,1.0,0.0,0.0,0.0,0.0,0.0,0.0,0.0,0.0
16.5109,0.9982517931157062,0.05908328986392129,-0.001587034646999802,-6.100133173719824e-05,0.1623,0.0,10.3656,0.0,0.0,1.0,0.0,0.0,0.0,0.0,0.0,0.0,0.0,0.0
16.531,0.9982554783500003,0.059022506424065965,-0.0015260389489016452,-0.00012200311387033924,0.2028,0.0,9.6671,0.0,0.0,1.0,0.0,0.0,0.0,0.0,0.0,0.0,0.0,0.0
16.551,0.9982984620633112,0.058289435700821055,-0.001587011862567593,-6.100045596502124e-05,-0.0676,0.0,9.2819,0.0,0.0,1.0,0.0,0.0,0.0,0.0,0.0,0.0,0.0,0.0
16.5711,0.9982445844753925,0.059204864990314,-0.001587023186602723,-0.00012200178246096761,0.1758,0.0,10.27,0.0,0.0,1.0,0.0,0.0,0.0,0.0,0.0,0.0,0.0,0.0
16.5912,0.998284323332056,0.05853260852556542,-0.0015259897939625885,-0.00012199918405214616,-0.1352,0.0,9.5853,0.0,0.0,1.0,0.0,0.0,0.0,0.0,0.0,0.0,0.0,0.0
16.6113,0.9982734204974597,0.05871496603488245,-0.0016479709793835694,-0.0001219978516291409,0.1893,0.0,10.1855,0.0,0.0,1.0,0.0,0.0,0.0,0.0,0.0,0.0,0.0,0.0
16.6314,0.9982481878473742,0.05914407759119367,-0.001587028915293838,-0.000122002222851747,0.2164,0.0,10.0572,0.0,0.0,1.0,0.0,0.0,0.0,0.0,0.0,0.0,0.0,0.0
16.6515,0.9983019113547675,0.058228636434031165,-0.001648018012696345,-6.100066673203619e-05,-0.2028,0.0,9.3194,0.0,0.0,1.0,0.0,0.0,0.0,0.0,0.0,0.0,0.0,0.0
16.6716,0.9982407822930048,0.05926564014565274,-0.0017090184596122507,-6.100065888614559e-05,0.1893,0.0,10.2609,0.0,0.0,1.0,0.0,0.0,0.0,0.0,0.0,0.0,0.0,0.0
16.6917,0.9982735189911481,0.058714971827938195,-0.00158697221014608,-0.00012199786366590137,-0.0811,0.0,9.5048,0.0,0.0,1.0,0.0,0.0,0.0,0.0,0.0,0.0,0.0,0.0
16.7118,0.9982912569467257,0.058411015034208646,-0.0016480004241730996,-6.100001570058522e-05,-0.1217,0.0,9.7141,0.0,0.0,1.0,0.0,0.0,0.0,0.0,0.0,0.0,0.0,0.0
16.7318,0.9982372682099783,0.05932643195839153,-0.0016480119992487094,-0.0001220008882939494,0.3651,0.0,10.2175,0.0,0.0,1.0,0.0,0.0,0.0,0.0,0.0,0.0,0.0,0.0
16.752,0.9982983635622398,0.05828942994946301,-0.0016480121559250445,-6.100044994628018e-05,0.0,0.0,9.4719,0.0,0.0,1.0,0.0,0.0,0.0,0.0,0.0,0.0,0.0,0.0
16.7721,0.9982766818262243,0.05865415872978639,-0.0018309737385429799,-6.099912509616168e-05,0.0406,0.0,10.2777,0.0,0.0,1.0,0.0,0.0,0.0,0.0,0.0,0.0,0.0,0.0
16.7922,0.9982514809019672,0.05908327138500149,-0.0017700380886133233,-0.0001220026253168638,0.0947,0.0,10.0911,0.0,0.0,1.0,0.0,0.0,0.0,0.0,0.0,0.0,0.0,0.0
16.8122,0.9983018035657714,0.05822863014694887,-0.0017090184949016748,-0.00012200132029138722,-0.1623,0.0,9.4339,0.0,0.0,1.0,0.0,0.0,0.0,0.0,0.0,0.0,0.0,0.0
16.8323,0.9982514809019672,0.05908327138500149,-0.0017700380886133233,-0.0001220026253168638,0.1893,0.0,10.2589,0.0,0.0,1.0,0.0,0.0,0.0,0.0,0.0,0.0,0.0,0.0
16.8524,0.9982768918162521,0.0586541710678372,-0.0017089758478379194,-0.00012199827585507306,-0.1623,0.0,9.5823,0.0,0.0,1.0,0.0,0.0,0.0,0.0,0.0,0.0,0.0,0.0
16.8725,0.9982911547331444,0.05841100905359028,-0.0017090002648916351,-6.100000945497008e-05,-0.1352,0.0,9.6882,0.0,0.0,1.0,0.0,0.0,0.0,0.0,0.0,0.0,0.0,0.0
16.8925,0.9982407674348684,0.05926563926352393,-0.0017090184341746718,-0.0001830019739345046,0.1893,0.0,9.9234,0.0,0.0,1.0,0.0,0.0,0.0,0.0,0.0,0.0,0.0,0.0
16.9126,0.9982949050208466,0.0583502282480423,-0.0015870062078773388,-0.00012200047722821239,-0.0947,0.0,9.4339,0.0,0.0,1.0,0.0,0.0,0.0,0.0,0.0,0.0,0.0,0.0
16.9327,0.9982697466580399,0.0587757486537689,-0.001708963615858091,-6.0998701326753224e-05,0.2299,0.0,10.2354,0.0,0.0,1.0,0.0,0.0,0.0,0.0,0.0,0.0,0.0,0.0
16.9527,0.9982552850639539,0.05902249499590237,-0.0016480417436716827,-0.00012200309024745781,-0.0406,0.0,9.7081,0.0,0.0,1.0,0.0,0.0,0.0,0.0,0.0,0.0,0.0,0.0
16.9728,0.9983019113547675,0.058228636434031165,-0.001648018012696345,-6.100066673203619e-05,-0.1217,0.0,9.8102,0.0,0.0,1.0,0.0,0.0,0.0,0.0,0.0,0.0,0.0,0.0
16.9929,0.9982372682099783,0.05932643195839153,-0.0016480119992487094,-0.0001220008882939494,0.311,0.0,10.4131,0.0,0.0,1.0,0.0,0.0,0.0,0.0,0.0,0.0,0.0,0.0
17.013,0.9982842341215826,0.05853260329486953,-0.0015869892441692272,-6.099958657485028e-05,-0.0947,0.0,9.4376,0.0,0.0,1.0,0.0,0.0,0.0,0.0,0.0,0.0,0.0,0.0
17.033,0.9982841356247227,0.058532597519683024,-0.0016479886681433908,-6.0999580556220234e-05,-0.027,0.0,10.1876,0.0,0.0,1.0,0.0,0.0,0.0,0.0,0.0,0.0,0.0,0.0
17.0531,0.9982408845036049,0.05926564621390476,-0.0016480179694678895,-6.100066513198277e-05,0.2028,0.0,9.9576,0.0,0.0,1.0,0.0,0.0,0.0,0.0,0.0,0.0,0.0,0.0
17.0732,0.9983020098568891,0.05822864217943158,-0.0015870175025547405,-6.1000672750999296e-05,-0.2164,0.0,9.3985,0.0,0.0,1.0,0.0,0.0,0.0,0.0,0.0,0.0,0.0,0.0
17.0932,0.9982661657791492,0.05883653630265483,-0.0017089574856595478,-6.099848251911455e-05,0.1758,0.0,10.3327,0.0,0.0,1.0,0.0,0.0,0.0,0.0,0.0,0.0,0.0,0.0
17.1133,0.9982554783500003,0.059022506424065965,-0.0015260389489016452,-0.00012200311387033924,0.0135,0.0,9.7239,0.0,0.0,1.0,0.0,0.0,0.0,0.0,0.0,0.0,0.0,0.0
17.1334,0.9983057398355015,0.058167858839768785,-0.0014650216308260862,-6.100090066923913e-05,-0.2705,0.0,9.6928,0.0,0.0,1.0,0.0,0.0,0.0,0.0,0.0,0.0,0.0,0.0
17.1534,0.9982445844753925,0.059204864990314,-0.001587023186602723,-0.00012200178246096761,0.1217,0.0,10.1034,0.0,0.0,1.0,0.0,0.0,0.0,0.0,0.0,0.0,0.0,0.0
17.1735,0.9982771928722171,0.058654188756504765,-0.0015259788942532694,-6.099915632334918e-05,-0.2434,0.0,9.4654,0.0,0.0,1.0,0.0,0.0,0.0,0.0,0.0,0.0,0.0,0.0
17.1936,0.9982875977687894,0.05847180072417426,-0.0017089941756330033,0.0,-0.0947,0.0,10.0944,0.0,0.0,1.0,0.0,0.0,0.0,0.0,0.0,0.0,0.0,0.0
17.2136,0.9982407822930048,0.05926564014565274,-0.0017090184596122507,-6.100065888614559e-05,-0.0947,0.0,9.8261,0.0,0.0,1.0,0.0,0.0,0.0,0.0,0.0,0.0,0.0,0.0
17.2337,0.9983019132121488,0.05822863654236791,-0.0016480180157625488,0.0,-0.0676,0.0,9.3346,0.0,0.0,1.0,0.0,0.0,0.0,0.0,0.0,0.0,0.0,0.0
17.2538,0.998255290635998,0.05902249532535313,-0.0016480417528707027,-6.100154546428982e-05,-0.0947,0.0,10.1851,0.0,0.0,1.0,0.0,0.0,0.0,0.0,0.0,0.0,0.0,0.0
17.2738,0.9982736193420889,0.058714977730231044,-0.0015259734317108094,-6.099893796479572e-05,-0.027,0.0,9.5106,0.0,0.0,1.0,0.0,0.0,0.0,0.0,0.0,0.0,0.0,0.0
17.2939,0.9982627819197845,0.05889733513804431,-0.0015869551412430703,-6.099827575040129e-05,-0.1623,0.0,10.1281,0.0,0.0,1.0,0.0,0.0,0.0,0.0,0.0,0.0,0.0,0.0
17.314,0.9982770014544214,0.05865417750967312,-0.00164797689090343,0.0,0.0947,0.0,9.6069,0.0,0.0,1.0,0.0,0.0,0.0,0.0,0.0,0.0,0.0,0.0
17.334,0.9982697485152416,0.058775748763116524,-0.001708963619037475,0.0,-0.0135,0.0,9.8549,0.0,0.0,1.0,0.0,0.0,0.0,0.0,0.0,0.0,0.0,0.0
17.3541,0.9982840352706103,0.05853259163559988,-0.0017089880769008867,0.0,-0.1758,0.0,9.5071,0.0,0.0,1.0,0.0,0.0,0.0,0.0,0.0,0.0,0.0,0.0
17.3742,0.9982552924933462,0.059022495435170054,-0.0016480417559370313,0.0,0.2164,0.0,10.2175,0.0,0.0,1.0,0.0,0.0,0.0,0.0,0.0,0.0,0.0,0.0
17.3942,0.9982806698021512,0.05859339367617985,-0.0015869835779106572,0.0,-0.1217,0.0,9.5882,0.0,0.0,1.0,0.0,0.0,0.0,0.0,0.0,0.0,0.0,0.0
17.4143,0.9982805713063463,0.05859338789503667,-0.0016479827840908574,0.0,0.2164,0.0,10.2266,0.0,0.0,1.0,0.0,0.0,0.0,0.0,0.0,0.0,0.0,0.0
17.4344,0.9982553891363575,0.05902250114925113,-0.0015870403640036723,-6.100155148336395e-05,-0.027,0.0,9.8821,0.0,0.0,1.0,0.0,0.0,0.0,0.0,0.0,0.0,0.0,0.0
17.4544,0.9983020117142709,0.05822864228776837,-0.0015870175055074515,0.0,-0.1082,0.0,9.7489,0.0,0.0,1.0,0.0,0.0,0.0,0.0,0.0,0.0,0.0,0.0
17.4745,0.9982443893383868,0.05920485341693783,-0.0017090246349832118,-6.100087930610565e-05,0.3786,0.0,10.3848,0.0,0.0,1.0,0.0,0.0,0.0,0.0,0.0,0.0,0.0,0.0
17.4946,0.998280569449084,0.05859338778602595,-0.0016479827810248517,-6.0999362647140565e-05,0.0406,0.0,9.4305,0.0,0.0,1.0,0.0,0.0,0.0,0.0,0.0,0.0,0.0,0.0
17.5147,0.9982874899844296,0.05847179441101799,-0.0017699937766367003,-6.099978552254193e-05,0.027,0.0,9.8734,0.0,0.0,1.0,0.0,0.0,0.0,0.0,0.0,0.0,0.0,0.0
17.5347,0.9982407767212036,0.05926563981485444,-0.0017090184500731555,-0.00012200131709122486,0.284,0.0,10.0961,0.0,0.0,1.0,0.0,0.0,0.0,0.0,0.0,0.0,0.0,0.0
17.5548,0.9983019113547675,0.058228636434031165,-0.001648018012696345,-6.100066673203619e-05,-0.027,0.0,9.5036,0.0,0.0,1.0,0.0,0.0,0.0,0.0,0.0,0.0,0.0,0.0
17.5749,0.9982697466580399,0.0587757486537689,-0.001708963615858091,-6.0998701326753224e-05,0.0676,0.0,10.167,0.0,0.0,1.0,0.0,0.0,0.0,0.0,0.0,0.0,0.0,0.0
17.5949,0.9982587807635821,0.058961699922683956,-0.0017090492735391122,-6.100175873952063e-05,0.1217,0.0,9.8008,0.0,0.0,1.0,0.0,0.0,0.0,0.0,0.0,0.0,0.0,0.0
17.615,0.9982982632038364,0.058289424089657635,-0.0017090124340651616,0.0,-0.1352,0.0,9.8562,0.0,0.0,1.0,0.0,0.0,0.0,0.0,0.0,0.0,0.0,0.0
17.6351,0.998255084348632,0.05902248312847801,-0.001770044478023171,0.0,0.2164,0.0,10.1356,0.0,0.0,1.0,0.0,0.0,0.0,0.0,0.0,0.0,0.0,0.0
17.6551,0.9982697466580399,0.0587757486537689,-0.001708963615858091,-6.0998701326753224e-05,-0.0406,0.0,9.5118,0.0,0.0,1.0,0.0,0.0,0.0,0.0,0.0,0.0,0.0,0.0
17.6752,0.9982947117355208,0.05835021695053609,-0.00170900635421535,0.0,-0.2164,0.0,9.5531,0.0,0.0,1.0,0.0,0.0,0.0,0.0,0.0,0.0,0.0,0.0
17.6953,0.9982443893383868,0.05920485341693783,-0.0017090246349832118,-6.100087930610565e-05,0.3381,0.0,10.1148,0.0,0.0,1.0,0.0,0.0,0.0,0.0,0.0,0.0,0.0,0.0
17.7154,0.9982841356247227,0.058532597519683024,-0.0016479886681433908,-6.0999580556220234e-05,0.2164,0.0,9.3972,0.0,0.0,1.0,0.0,0.0,0.0,0.0,0.0,0.0,0.0,0.0
17.7354,0.9982911547331444,0.05841100905359028,-0.0017090002648916351,-6.100000945497008e-05,-0.1893,0.0,10.0999,0.0,0.0,1.0,0.0,0.0,0.0,0.0,0.0,0.0,0.0,0.0
17.7555,0.9982515924024906,0.05908327798435626,-0.0017090369668471654,-6.10013194721204e-05,0.1352,0.0,10.0256,0.0,0.0,1.0,0.0,0.0,0.0,0.0,0.0,0.0,0.0,0.0
17.7756,0.9982734260691266,0.0587149663625885,-0.0016479709885813996,-6.0998926155020346e-05,0.1352,0.0,9.5462,0.0,0.0,1.0,0.0,0.0,0.0,0.0,0.0,0.0,0.0,0.0
17.7956,0.9982840334133288,0.05853259152670152,-0.0017089880737213607,-6.099957431071613e-05,-0.1487,0.0,9.5255,0.0,0.0,1.0,0.0,0.0,0.0,0.0,0.0,0.0,0.0,0.0
17.8157,0.9982516946164113,0.059083284034067124,-0.0016480358161223736,-6.10013257180686e-05,0.311,0.0,10.1081,0.0,0.0,1.0,0.0,0.0,0.0,0.0,0.0,0.0,0.0,0.0
17.8358,0.9982735189911481,0.058714971827938195,-0.00158697221014608,-0.00012199786366590137,0.0541,0.0,9.5219,0.0,0.0,1.0,0.0,0.0,0.0,0.0,0.0,0.0,0.0,0.0
17.8558,0.9982875903395838,0.058471800289030096,-0.0017089941629147634,-0.00012199958330938454,0.0541,0.0,10.0698,0.0,0.0,1.0,0.0,0.0,0.0,0.0,0.0,0.0,0.0,0.0
17.8759,0.9982408696454639,0.05926564533177565,-0.0016480179449382573,-0.0001830019926721271,0.1623,0.0,10.2513,0.0,0.0,1.0,0.0,0.0,0.0,0.0,0.0,0.0,0.0,0.0
17.896,0.998287791049983,0.05847181204505962,-0.001586994898678154,-0.00012199960783781938,0.1623,0.0,9.4301,0.0,0.0,1.0,0.0,0.0,0.0,0.0,0.0,0.0,0.0,0.0
17.916,0.998262575652984,0.058897322968337995,-0.0017089513396303657,-0.00012199652629302227,0.0541,0.0,10.4882,0.0,0.0,1.0,0.0,0.0,0.0,0.0,0.0,0.0,0.0,0.0
17.9361,0.9982698432934385,0.058775754343431366,-0.0016479650740591455,-0.0001219974144631153,0.0135,0.0,9.6299,0.0,0.0,1.0,0.0,0.0,0.0,0.0,0.0,0.0,0.0,0.0
17.9562,0.9982734204974597,0.05871496603488245,-0.0016479709793835694,-0.0001219978516291409,0.0406,0.0,10.0118,0.0,0.0,1.0,0.0,0.0,0.0,0.0,0.0,0.0,0.0,0.0
17.9763,0.9982588681207663,0.05896170508239622,-0.0016480476590194776,-0.00018300529223336248,0.0406,0.0,9.8355,0.0,0.0,1.0,0.0,0.0,0.0,0.0,0.0,0.0,0.0,0.0
17.9963,0.9982769940254524,0.05865417707318098,-0.0016479768786395246,-0.00012199828834591475,0.0,0.0,9.8127,0.0,0.0,1.0,0.0,0.0,0.0,0.0,0.0,0.0,0.0,0.0
18.0164,0.9982626778577871,0.058897328998404073,-0.0016479532452056758,-0.00012199653878341987,0.0,0.0,9.8692,0.0,0.0,1.0,0.0,0.0,0.0,0.0,0.0,0.0,0.0,0.0
18.0365,0.9982662531275963,0.058836541450861035,-0.0016479591473370706,-0.00018299546356970176,0.0,0.0,9.7417,0.0,0.0,1.0,0.0,0.0,0.0,0.0,0.0,0.0,0.0,0.0
18.0565,0.9982662531275963,0.058836541450861035,-0.0016479591473370706,-0.00018299546356970176,0.0,0.0,9.8632,0.0,0.0,1.0,0.0,0.0,0.0,0.0,0.0,0.0,0.0,0.0
18.0766,0.9982627670624815,0.05889733426146594,-0.0015869551176241718,-0.00018299482452760474,0.0,0.0,9.8015,0.0,0.0,1.0,0.0,0.0,0.0,0.0,0.0,0.0,0.0,0.0
18.0967,0.9982663516191632,0.05883654725582854,-0.0015869608160542438,-0.00018299548162442616,0.0,0.0,9.7582,0.0,0.0,1.0,0.0,0.0,0.0,0.0,0.0,0.0,0.0,0.0
18.1167,0.9982663516191632,0.05883654725582854,-0.0015869608160542438,-0.00018299548162442616,0.0,0.0,9.7582,0.0,0.0,1.0,0.0,0.0,0.0,0.0,0.0,0.0,0.0,0.0
18.1368,0.9982589759090277,0.058961711448860754,-0.0015870460663049805,-0.00012200354132907432,0.0,0.0,9.7755,0.0,0.0,1.0,0.0,0.0,0.0,0.0,0.0,0.0,0.0,0.0
18.1569,0.9982626778577871,0.058897328998404073,-0.0016479532452056758,-0.00012199653878341987,0.0,0.0,9.7622,0.0,0.0,1.0,0.0,0.0,0.0,0.0,0.0,0.0,0.0,0.0
18.1769,0.998262575652984,0.058897322968337995,-0.0017089513396303657,-0.00012199652629302227,0.0,0.0,9.8049,0.0,0.0,1.0,0.0,0.0,0.0,0.0,0.0,0.0,0.0,0.0
18.197,0.9982587751914795,0.058961699593570255,-0.001709049263999507,-0.00012200351679808596,0.0,0.0,9.8049,0.0,0.0,1.0,0.0,0.0,0.0,0.0,0.0,0.0,0.0,0.0
18.2171,0.9982588774076065,0.05896170563091921,-0.001648047674351335,-0.00012200352929053748,0.0,0.0,9.7755,0.0,0.0,1.0,0.0,0.0,0.0,0.0,0.0,0.0,0.0,0.0
18.2372,0.9982588774076065,0.05896170563091921,-0.001648047674351335,-0.00012200352929053748,0.0,0.0,9.805,0.0,0.0,1.0,0.0,0.0,0.0,0.0,0.0,0.0,0.0,0.0
18.2572,0.9982587751914795,0.058961699593570255,-0.001709049263999507,-0.00012200351679808596,0.0,0.0,9.8008,0.0,0.0,1.0,0.0,0.0,0.0,0.0,0.0,0.0,0.0,0.0
18.2773,0.9982551828489303,0.059022488952372415,-0.0017090431138002404,-0.00012200307775517283,0.0,0.0,9.8095,0.0,0.0,1.0,0.0,0.0,0.0,0.0,0.0,0.0,0.0,0.0
18.2974,0.9982550769192444,0.05902248268921063,-0.0017700444648498306,-0.00012200306480880663,0.0,0.0,9.8049,0.0,0.0,1.0,0.0,0.0,0.0,0.0,0.0,0.0,0.0,0.0
18.3174,0.9982586692606499,0.05896169333681408,-0.0017700508345685276,-0.00012200350385155323,0.0,0.0,9.8096,0.0,0.0,1.0,0.0,0.0,0.0,0.0,0.0,0.0,0.0,0.0
18.3375,0.9982550769192444,0.05902248268921063,-0.0017700444648498306,-0.00012200306480880663,0.0,0.0,9.805,0.0,0.0,1.0,0.0,0.0,0.0,0.0,0.0,0.0,0.0,0.0
18.3576,0.9982550769192444,0.05902248268921063,-0.0017700444648498306,-0.00012200306480880663,0.0,0.0,9.7622,0.0,0.0,1.0,0.0,0.0,0.0,0.0,0.0,0.0,0.0,0.0
18.3776,0.9982515868305084,0.05908327765456869,-0.0017090369573077651,-0.00012200263826306347,0.0,0.0,9.8095,0.0,0.0,1.0,0.0,0.0,0.0,0.0,0.0,0.0,0.0,0.0
18.3977,0.9982517875437206,0.059083289534133526,-0.0015870346381413915,-0.00012200266279344119,0.0,0.0,9.8049,0.0,0.0,1.0,0.0,0.0,0.0,0.0,0.0,0.0,0.0,0.0
18.4178,0.9982518823283849,0.05908329514413076,-0.0015260334516425077,-0.00012200267437773027,0.0,0.0,9.7622,0.0,0.0,1.0,0.0,0.0,0.0,0.0,0.0,0.0,0.0,0.0
18.4378,0.9982483737000601,0.05914408860256922,-0.001465026965198981,-0.0001220022455660219,0.0,0.0,9.767,0.0,0.0,1.0,0.0,0.0,0.0,0.0,0.0,0.0,0.0,0.0
18.4579,0.998248535407814,0.05914409818340898,-0.0013430249371915136,-0.00018300339799404153,0.0,0.0,9.8096,0.0,0.0,1.0,0.0,0.0,0.0,0.0,0.0,0.0,0.0,0.0
18.478,0.9982450212429077,0.05920489089454846,-0.0012820192913791419,-0.00012200183584110125,0.0,0.0,9.7622,0.0,0.0,1.0,0.0,0.0,0.0,0.0,0.0,0.0,0.0,0.0
18.498,0.9982450881662764,0.05920489486370499,-0.0012210184553169308,-0.00018300276603028243,0.0,0.0,9.7622,0.0,0.0,1.0,0.0,0.0,0.0,0.0,0.0,0.0,0.0,0.0
18.5181,0.9982451699479911,0.059204899714094816,-0.0011600176283418258,-0.00012200185401523012,0.0,0.0,9.8049,0.0,0.0,1.0,0.0,0.0,0.0,0.0,0.0,0.0,0.0,0.0
18.5382,0.9982451699479911,0.059204899714094816,-0.0011600176283418258,-0.00012200185401523012,0.0,0.0,9.805,0.0,0.0,1.0,0.0,0.0,0.0,0.0,0.0,0.0,0.0,0.0
18.5582,0.9982416223877333,0.05926569002214822,-0.0010990127956524154,-0.00018300213066818616,0.0,0.0,9.8095,0.0,0.0,1.0,0.0,0.0,0.0,0.0,0.0,0.0,0.0,0.0
18.5783,0.9982416874531463,0.05926569388508732,-0.001038012153087322,-0.0001830021425963113,0.0,0.0,9.8095,0.0,0.0,1.0,0.0,0.0,0.0,0.0,0.0,0.0,0.0,0.0
18.5984,0.9982416874531463,0.05926569388508732,-0.001038012153087322,-0.0001830021425963113,0.0,0.0,9.8049,0.0,0.0,1.0,0.0,0.0,0.0,0.0,0.0,0.0,0.0,0.0
18.6184,0.9982418064403735,0.05926570094936913,-0.0009160108338753354,-0.00018300216440964026,0.0,0.0,9.805,0.0,0.0,1.0,0.0,0.0,0.0,0.0,0.0,0.0,0.0,0.0
18.6385,0.9982418612152015,0.05926570420135532,-0.0008540101474387406,-0.0001830021744511079,0.0,0.0,9.8049,0.0,0.0,1.0,0.0,0.0,0.0,0.0,0.0,0.0,0.0,0.0
18.6586,0.9982419113615796,0.059265707178550044,-0.0007930094624582704,-0.00018300218364419862,0.0,0.0,9.8049,0.0,0.0,1.0,0.0,0.0,0.0,0.0,0.0,0.0,0.0,0.0
18.6787,0.9982419577934178,0.059265709935212234,-0.0007320087686252391,-0.00018300219215627855,0.0,0.0,9.805,0.0,0.0,1.0,0.0,0.0,0.0,0.0,0.0,0.0,0.0,0.0
18.6987,0.9982420005107147,0.05926571247134178,-0.0006710080666206021,-0.0001830021999874587,0.0,0.0,9.8095,0.0,0.0,1.0,0.0,0.0,0.0,0.0,0.0,0.0,0.0,0.0
18.7188,0.9982420005107147,0.05926571247134178,-0.0006710080666206021,-0.0001830021999874587,0.0,0.0,9.8049,0.0,0.0,1.0,0.0,0.0,0.0,0.0,0.0,0.0,0.0,0.0
18.7389,0.9982420395134688,0.05926571478693862,-0.0006100073571253251,-0.00018300220713768356,0.0,0.0,9.8049,0.0,0.0,1.0,0.0,0.0,0.0,0.0,0.0,0.0,0.0,0.0
18.7589,0.9982420265125502,0.05926571401507297,-0.000610007349180694,-0.00024400293967230535,0.0,0.0,9.8095,0.0,0.0,1.0,0.0,0.0,0.0,0.0,0.0,0.0,0.0,0.0
18.779,0.9982457004340168,0.05920493117667826,-0.0004880076753972472,-0.00024400383769862533,0.0,0.0,9.8049,0.0,0.0,1.0,0.0,0.0,0.0,0.0,0.0,0.0,0.0,0.0
18.7991,0.9982457282934362,0.05920493282899191,-0.0004270067278896554,-0.0002440038445084003,0.0,0.0,9.8095,0.0,0.0,1.0,0.0,0.0,0.0,0.0,0.0,0.0,0.0,0.0
18.8191,0.99824212123354,0.059265719638666184,-0.00042700518494406467,-0.00024400296282517386,0.0,0.0,9.8049,0.0,0.0,1.0,0.0,0.0,0.0,0.0,0.0,0.0,0.0,0.0
18.8392,0.9982457524382682,0.0592049342609972,-0.0003660057756152378,-0.00024400385041023487,0.0,0.0,9.8049,0.0,0.0,1.0,0.0,0.0,0.0,0.0,0.0,0.0,0.0,0.0
18.8593,0.9982421453781102,0.05926572107213138,-0.0003660044530903427,-0.00024400296872684193,0.0,0.0,9.8096,0.0,0.0,1.0,0.0,0.0,0.0,0.0,0.0,0.0,0.0,0.0
18.8793,0.9982421658081325,0.05926572228506354,-0.0003050037171508265,-0.0002440029737206806,0.0,0.0,9.8437,0.0,0.0,1.0,0.0,0.0,0.0,0.0,0.0,0.0,0.0,0.0
18.8994,0.9982457728685121,0.059204935472694065,-0.00030500481925496356,-0.000244003855403907,0.0,0.0,9.8095,0.0,0.0,1.0,0.0,0.0,0.0,0.0,0.0,0.0,0.0,0.0
18.9195,0.9982421658081325,0.05926572228506354,-0.0003050037171508265,-0.0002440029737206806,0.0,0.0,9.8049,0.0,0.0,1.0,0.0,0.0,0.0,0.0,0.0,0.0,0.0,0.0
18.9396,0.9982421825236063,0.05926572327746264,-0.00024400297780647132,-0.00024400297780652336,0.0,0.0,9.8008,0.0,0.0,1.0,0.0,0.0,0.0,0.0,0.0,0.0,0.0,0.0
18.9596,0.9982458025852328,0.05920493723516235,-0.0001830028970007773,-0.0002440038626677632,0.0,0.0,9.8049,0.0,0.0,1.0,0.0,0.0,0.0,0.0,0.0,0.0,0.0,0.0
18.9797,0.9982458025852328,0.05920493723516235,-0.0001830028970007773,-0.0002440038626677632,0.0,0.0,9.8095,0.0,0.0,1.0,0.0,0.0,0.0,0.0,0.0,0.0,0.0,0.0
18.9998,0.9982458118717084,0.05920493778593373,-0.00012200193246880361,-0.00024400386493766968,0.0,0.0,9.8095,0.0,0.0,1.0,0.0,0.0,0.0,0.0,0.0,0.0,0.0,0.0
19.0198,0.9982457951560523,0.059204936794545276,-0.00012200193042587876,-0.00030500482606476975,0.0,0.0,9.8049,0.0,0.0,1.0,0.0,0.0,0.0,0.0,0.0,0.0,0.0,0.0
19.0399,0.9982458007279376,0.05920493712500807,-6.10009655534309e-05,-0.0003050048277671302,0.0,0.0,9.8437,0.0,0.0,1.0,0.0,0.0,0.0,0.0,0.0,0.0,0.0,0.0
19.06,0.9982458007279376,0.05920493712500807,-6.10009655534309e-05,-0.0003050048277671302,0.0,0.0,9.8049,0.0,0.0,1.0,0.0,0.0,0.0,0.0,0.0,0.0,0.0,0.0
19.08,0.9982494059704056,0.05914414976238713,1.0408340855860843e-17,-0.0003050059293158158,0.0,0.0,9.7622,0.0,0.0,1.0,0.0,0.0,0.0,0.0,0.0,0.0,0.0,0.0
19.1001,0.9982494059704056,0.05914414976238713,1.0408340855860843e-17,-0.0003050059293158158,0.0,0.0,9.8049,0.0,0.0,1.0,0.0,0.0,0.0,0.0,0.0,0.0,0.0,0.0
19.1202,0.9982458007279376,0.05920493712500807,6.100096555344825e-05,-0.0003050048277671302,0.0,0.0,9.8095,0.0,0.0,1.0,0.0,0.0,0.0,0.0,0.0,0.0,0.0,0.0
19.1402,0.9982458007279376,0.05920493712500807,6.100096555344825e-05,-0.0003050048277671302,0.0,0.0,9.805,0.0,0.0,1.0,0.0,0.0,0.0,0.0,0.0,0.0,0.0,0.0
19.1603,0.9982457951560523,0.059204936794545276,0.0001220019304258961,-0.00030500482606476975,0.0,0.0,9.8095,0.0,0.0,1.0,0.0,0.0,0.0,0.0,0.0,0.0,0.0,0.0
19.1804,0.9982457951560523,0.059204936794545276,0.0001220019304258961,-0.00030500482606476975,0.0,0.0,9.8049,0.0,0.0,1.0,0.0,0.0,0.0,0.0,0.0,0.0,0.0,0.0
19.2005,0.9982457951560523,0.059204936794545276,0.0001220019304258961,-0.00030500482606476975,0.0,0.0,9.8049,0.0,0.0,1.0,0.0,0.0,0.0,0.0,0.0,0.0,0.0,0.0
19.2205,0.9982457654393323,0.05920493503207701,0.0001830028901910405,-0.00036600578038215037,0.0,0.0,9.8049,0.0,0.0,1.0,0.0,0.0,0.0,0.0,0.0,0.0,0.0,0.0
19.2406,0.9982457524382682,0.0592049342609972,0.00024400385041016895,-0.00036600577561518577,0.0,0.0,9.805,0.0,0.0,1.0,0.0,0.0,0.0,0.0,0.0,0.0,0.0,0.0
19.2607,0.9982457524382682,0.0592049342609972,0.00024400385041016895,-0.00036600577561518577,0.0,0.0,9.7622,0.0,0.0,1.0,0.0,0.0,0.0,0.0,0.0,0.0,0.0,0.0
19.2807,0.9982457524382682,0.0592049342609972,0.00024400385041016895,-0.00036600577561518577,0.0,0.0,9.8049,0.0,0.0,1.0,0.0,0.0,0.0,0.0,0.0,0.0,0.0,0.0
19.3008,0.9982457357226151,0.05920493326960892,0.00030500480790539996,-0.00036600576948647717,0.0,0.0,9.805,0.0,0.0,1.0,0.0,0.0,0.0,0.0,0.0,0.0,0.0,0.0
19.3209,0.9982457357226151,0.05920493326960892,0.00036600576948647717,-0.0003050048079053514,0.0,0.0,9.7622,0.0,0.0,1.0,0.0,0.0,0.0,0.0,0.0,0.0,0.0,0.0
19.341,0.9982457152923735,0.0592049320579122,0.00036600576199575385,-0.0003660057619957469,0.0,0.0,9.8049,0.0,0.0,1.0,0.0,0.0,0.0,0.0,0.0,0.0,0.0,0.0
19.3611,0.9982456911475442,0.05920493062590707,0.0004270067120002511,-0.00036600575314310607,0.0,0.0,9.8049,0.0,0.0,1.0,0.0,0.0,0.0,0.0,0.0,0.0,0.0,0.0
19.3811,0.9982456911475442,0.05920493062590707,0.0004270067120002511,-0.00036600575314310607,0.0,0.0,9.8049,0.0,0.0,1.0,0.0,0.0,0.0,0.0,0.0,0.0,0.0,0.0
19.4012,0.9982456632881279,0.059204928973593585,0.0004880076572379294,-0.00036600574292838806,0.0,0.0,9.805,0.0,0.0,1.0,0.0,0.0,0.0,0.0,0.0,0.0,0.0,0.0
19.4213,0.9982456632881279,0.059204928973593585,0.0004880076572379294,-0.00036600574292838806,0.0,0.0,9.8049,0.0,0.0,1.0,0.0,0.0,0.0,0.0,0.0,0.0,0.0,0.0
19.4414,0.9982456632881279,0.059204928973593585,0.0004880076572379294,-0.00036600574292838806,0.0,0.0,9.8095,0.0,0.0,1.0,0.0,0.0,0.0,0.0,0.0,0.0,0.0,0.0
19.4614,0.9982492666717924,0.059144141509241174,0.0004880094188071289,-0.00036600706410527817,0.0,0.0,9.8049,0.0,0.0,1.0,0.0,0.0,0.0,0.0,0.0,0.0,0.0,0.0
19.4815,0.9982492350974481,0.05914413963852857,0.0005490105787929744,-0.00036600705252870513,0.0,0.0,9.8049,0.0,0.0,1.0,0.0,0.0,0.0,0.0,0.0,0.0,0.0,0.0
19.5016,0.9982492555279058,0.05914414084898965,0.0005490105900291808,-0.000305005883349585,0.0,0.0,9.805,0.0,0.0,1.0,0.0,0.0,0.0,0.0,0.0,0.0,0.0,0.0
19.5216,0.9982492555279058,0.05914414084898965,0.0005490105900291808,-0.000305005883349585,0.0,0.0,9.7622,0.0,0.0,1.0,0.0,0.0,0.0,0.0,0.0,0.0,0.0,0.0
19.5417,0.9982492555279058,0.05914414084898965,0.0005490105900291808,-0.000305005883349585,0.0,0.0,9.7622,0.0,0.0,1.0,0.0,0.0,0.0,0.0,0.0,0.0,0.0,0.0
19.5618,0.9982492202389341,0.0591441387581933,0.000610011745134649,-0.00030500587256732103,0.0,0.0,9.8096,0.0,0.0,1.0,0.0,0.0,0.0,0.0,0.0,0.0,0.0,0.0
19.5818,0.9982456168557727,0.059204926219738094,0.0006100095431734523,-0.00030500477158673656,0.0,0.0,9.8049,0.0,0.0,1.0,0.0,0.0,0.0,0.0,0.0,0.0,0.0,0.0
19.6019,0.9982492202389341,0.0591441387581933,0.000610011745134649,-0.00030500587256732103,0.0,0.0,9.8049,0.0,0.0,1.0,0.0,0.0,0.0,0.0,0.0,0.0,0.0,0.0
19.622,0.9982492202389341,0.0591441387581933,0.000610011745134649,-0.00030500587256732103,0.0,0.0,9.8049,0.0,0.0,1.0,0.0,0.0,0.0,0.0,0.0,0.0,0.0,0.0
19.6421,0.9982491812353385,0.05914413644731337,0.0006710128934302937,-0.00030500586065013163,0.0,0.0,9.7668,0.0,0.0,1.0,0.0,0.0,0.0,0.0,0.0,0.0,0.0,0.0
19.6621,0.9982491812353385,0.05914413644731337,0.0006710128934302937,-0.00030500586065013163,0.0,0.0,9.8049,0.0,0.0,1.0,0.0,0.0,0.0,0.0,0.0,0.0,0.0,0.0
19.6822,0.9982527976584383,0.059083349319551476,0.000671015324352927,-0.00024400557249204535,0.0,0.0,9.7668,0.0,0.0,1.0,0.0,0.0,0.0,0.0,0.0,0.0,0.0,0.0
19.7023,0.9982491812353385,0.05914413644731337,0.0006710128934302937,-0.00030500586065013163,0.0,0.0,9.8095,0.0,0.0,1.0,0.0,0.0,0.0,0.0,0.0,0.0,0.0,0.0
19.7223,0.9982491979511646,0.05914413743769044,0.0006710129046665035,-0.00024400469260599245,0.0,0.0,9.8437,0.0,0.0,1.0,0.0,0.0,0.0,0.0,0.0,0.0,0.0,0.0
19.7424,0.9982491979511646,0.05914413743769044,0.0006710129046665035,-0.00024400469260599245,0.0,0.0,9.7622,0.0,0.0,1.0,0.0,0.0,0.0,0.0,0.0,0.0,0.0,0.0
19.7625,0.9982491552329437,0.05914413490672689,0.0007320140464928161,-0.00024400468216423388,0.0,0.0,9.8437,0.0,0.0,1.0,0.0,0.0,0.0,0.0,0.0,0.0,0.0,0.0
19.7825,0.9982527976584383,0.059083349319551476,0.000671015324352927,-0.00024400557249204535,0.0,0.0,9.8049,0.0,0.0,1.0,0.0,0.0,0.0,0.0,0.0,0.0,0.0,0.0
19.8026,0.9982491552329437,0.05914413490672689,0.0007320140464928161,-0.00024400468216423388,0.0,0.0,9.8095,0.0,0.0,1.0,0.0,0.0,0.0,0.0,0.0,0.0,0.0,0.0
19.8227,0.9982491552329437,0.05914413490672689,0.0007320140464928161,-0.00024400468216423388,0.0,0.0,9.7668,0.0,0.0,1.0,0.0,0.0,0.0,0.0,0.0,0.0,0.0,0.0
19.8428,0.9982491552329437,0.05914413490672689,0.0007320140464928161,-0.00024400468216423388,0.0,0.0,9.8049,0.0,0.0,1.0,0.0,0.0,0.0,0.0,0.0,0.0,0.0,0.0
19.8628,0.9982491552329437,0.05914413490672689,0.0007320140464928161,-0.00024400468216423388,0.0,0.0,9.8049,0.0,0.0,1.0,0.0,0.0,0.0,0.0,0.0,0.0,0.0,0.0
19.8829,0.9982491552329437,0.05914413490672689,0.0007320140464928161,-0.00024400468216423388,0.0,0.0,9.8049,0.0,0.0,1.0,0.0,0.0,0.0,0.0,0.0,0.0,0.0,0.0
19.903,0.9982491552329437,0.05914413490672689,0.0007320140464928161,-0.00024400468216423388,0.0,0.0,9.8049,0.0,0.0,1.0,0.0,0.0,0.0,0.0,0.0,0.0,0.0,0.0
19.9231,0.9982491088001012,0.05914413215567994,0.000793015180147353,-0.00024400467081464594,0.0,0.0,9.8095,0.0,0.0,1.0,0.0,0.0,0.0,0.0,0.0,0.0,0.0,0.0
19.9431,0.9982491088001012,0.05914413215567994,0.000793015180147353,-0.00024400467081464594,0.0,0.0,9.805,0.0,0.0,1.0,0.0,0.0,0.0,0.0,0.0,0.0,0.0,0.0
19.9632,0.9982490586526385,0.059144129184549664,0.0008540163049491242,-0.0002440046585568956,0.0,0.0,9.7622,0.0,0.0,1.0,0.0,0.0,0.0,0.0,0.0,0.0,0.0,0.0
19.9833,0.9982490586526385,0.059144129184549664,0.0008540163049491242,-0.0002440046585568956,0.0,0.0,9.8095,0.0,0.0,1.0,0.0,0.0,0.0,0.0,0.0,0.0,0.0,0.0
20.0033,0.9982490419368193,0.059144128194172994,0.0008540162906484975,-0.0003050058180887328,0.0,0.0,9.8095,0.0,0.0,1.0,0.0,0.0,0.0,0.0,0.0,0.0,0.0,0.0
20.0234,0.9982489871608091,0.05914412494881113,0.0009160174230781575,-0.0003050058013524537,0.0,0.0,9.7622,0.0,0.0,1.0,0.0,0.0,0.0,0.0,0.0,0.0,0.0,0.0
20.0435,0.9982489871608091,0.05914412494881113,0.0009160174230781575,-0.0003050058013524537,0.0,0.0,9.805,0.0,0.0,1.0,0.0,0.0,0.0,0.0,0.0,0.0,0.0,0.0
20.0636,0.9982489871608091,0.05914412494881113,0.0009160174230781575,-0.0003050058013524537,0.0,0.0,9.805,0.0,0.0,1.0,0.0,0.0,0.0,0.0,0.0,0.0,0.0,0.0
20.0836,0.9982489871608091,0.05914412494881113,0.0009160174230781575,-0.0003050058013524537,0.0,0.0,9.8049,0.0,0.0,1.0,0.0,0.0,0.0,0.0,0.0,0.0,0.0,0.0
20.1037,0.9982489871608091,0.05914412494881113,0.0009160174230781575,-0.0003050058013524537,0.0,0.0,9.8095,0.0,0.0,1.0,0.0,0.0,0.0,0.0,0.0,0.0,0.0,0.0
20.1238,0.9982489871608091,0.05914412494881113,0.0009160174230781575,-0.0003050058013524537,0.0,0.0,9.8049,0.0,0.0,1.0,0.0,0.0,0.0,0.0,0.0,0.0,0.0,0.0
20.1438,0.9982489871608091,0.05914412494881113,0.0009160174230781575,-0.0003050058013524537,0.0,0.0,9.8483,0.0,0.0,1.0,0.0,0.0,0.0,0.0,0.0,0.0,0.0,0.0
20.1639,0.9982489871608091,0.05914412494881113,0.0009160174230781575,-0.0003050058013524537,0.0,0.0,9.8049,0.0,0.0,1.0,0.0,0.0,0.0,0.0,0.0,0.0,0.0,0.0
20.1839,0.9982489871608091,0.05914412494881113,0.0009160174230781575,-0.0003050058013524537,0.0,0.0,9.8095,0.0,0.0,1.0,0.0,0.0,0.0,0.0,0.0,0.0,0.0,0.0
20.204,0.9982489295232189,0.059144121533906746,0.0009770185269368688,-0.00030500578374187404,0.0,0.0,9.805,0.0,0.0,1.0,0.0,0.0,0.0,0.0,0.0,0.0,0.0,0.0
20.2241,0.9982489295232189,0.059144121533906746,0.0009770185269368688,-0.00030500578374187404,0.0,0.0,9.7668,0.0,0.0,1.0,0.0,0.0,0.0,0.0,0.0,0.0,0.0,0.0
20.2441,0.9982489295232189,0.059144121533906746,0.0009770185269368688,-0.00030500578374187404,0.0,0.0,9.8049,0.0,0.0,1.0,0.0,0.0,0.0,0.0,0.0,0.0,0.0,0.0
20.2642,0.9982489295232189,0.059144121533906746,0.0009770185269368688,-0.00030500578374187404,0.0,0.0,9.8049,0.0,0.0,1.0,0.0,0.0,0.0,0.0,0.0,0.0,0.0,0.0
20.2843,0.9982489295232189,0.059144121533906746,0.0009770185269368688,-0.00030500578374187404,0.0,0.0,9.805,0.0,0.0,1.0,0.0,0.0,0.0,0.0,0.0,0.0,0.0,0.0
20.3043,0.9982489295232189,0.059144121533906746,0.0009770185269368688,-0.00030500578374187404,0.0,0.0,9.8437,0.0,0.0,1.0,0.0,0.0,0.0,0.0,0.0,0.0,0.0,0.0
20.3244,0.9982489295232189,0.059144121533906746,0.0009770185269368688,-0.00030500578374187404,0.0,0.0,9.8095,0.0,0.0,1.0,0.0,0.0,0.0,0.0,0.0,0.0,0.0,0.0
20.3445,0.9982525292275888,0.05908333343199904,0.0009770220500840109,-0.0003050068835983577,0.0,0.0,9.7668,0.0,0.0,1.0,0.0,0.0,0.0,0.0,0.0,0.0,0.0,0.0
20.3646,0.9982525292275888,0.05908333343199904,0.0009770220500840109,-0.0003050068835983577,0.0,0.0,9.8049,0.0,0.0,1.0,0.0,0.0,0.0,0.0,0.0,0.0,0.0,0.0
20.3847,0.9982525292275888,0.05908333343199904,0.0009770220500840109,-0.0003050068835983577,0.0,0.0,9.8049,0.0,0.0,1.0,0.0,0.0,0.0,0.0,0.0,0.0,0.0,0.0
20.4048,0.9982525292275888,0.05908333343199904,0.0009770220500840109,-0.0003050068835983577,0.0,0.0,9.8438,0.0,0.0,1.0,0.0,0.0,0.0,0.0,0.0,0.0,0.0,0.0
20.4248,0.9982525292275888,0.05908333343199904,0.0009770220500840109,-0.0003050068835983577,0.0,0.0,9.7622,0.0,0.0,1.0,0.0,0.0,0.0,0.0,0.0,0.0,0.0,0.0
20.4449,0.9982525292275888,0.05908333343199904,0.0009770220500840109,-0.0003050068835983577,0.0,0.0,9.8095,0.0,0.0,1.0,0.0,0.0,0.0,0.0,0.0,0.0,0.0,0.0
20.465,0.9982524678747203,0.05908332980072153,0.0010380233630064922,-0.00030500686485257505,0.0,0.0,9.8049,0.0,0.0,1.0,0.0,0.0,0.0,0.0,0.0,0.0,0.0,0.0
20.485,0.9982524678747203,0.05908332980072153,0.0010380233630064922,-0.00030500686485257505,0.0,0.0,9.801,0.0,0.0,1.0,0.0,0.0,0.0,0.0,0.0,0.0,0.0,0.0
20.5051,0.9982524678747203,0.05908332980072153,0.0010380233630064922,-0.00030500686485257505,0.0,0.0,9.8095,0.0,0.0,1.0,0.0,0.0,0.0,0.0,0.0,0.0,0.0,0.0
20.5252,0.9982524678747203,0.05908332980072153,0.0010380233630064922,-0.00030500686485257505,0.0,0.0,9.8095,0.0,0.0,1.0,0.0,0.0,0.0,0.0,0.0,0.0,0.0,0.0
20.5452,0.9982524678747203,0.05908332980072153,0.0010380233630064922,-0.00030500686485257505,0.0,0.0,9.8049,0.0,0.0,1.0,0.0,0.0,0.0,0.0,0.0,0.0,0.0,0.0
20.5653,0.9982524678747203,0.05908332980072153,0.0010380233630064922,-0.00030500686485257505,0.0,0.0,9.8096,0.0,0.0,1.0,0.0,0.0,0.0,0.0,0.0,0.0,0.0,0.0
20.5854,0.9982524678747203,0.05908332980072153,0.0010380233630064922,-0.00030500686485257505,0.0,0.0,9.8096,0.0,0.0,1.0,0.0,0.0,0.0,0.0,0.0,0.0,0.0,0.0
20.6054,0.9982524678747203,0.05908332980072153,0.0010380233630064922,-0.00030500686485257505,0.0,0.0,9.8049,0.0,0.0,1.0,0.0,0.0,0.0,0.0,0.0,0.0,0.0,0.0
20.6255,0.9982524678747203,0.05908332980072153,0.0010380233630064922,-0.00030500686485257505,0.0,0.0,9.8008,0.0,0.0,1.0,0.0,0.0,0.0,0.0,0.0,0.0,0.0,0.0
20.6456,0.9982524678747203,0.05908332980072153,0.0010380233630064922,-0.00030500686485257505,0.0,0.0,9.7622,0.0,0.0,1.0,0.0,0.0,0.0,0.0,0.0,0.0,0.0,0.0
20.6657,0.9982524678747203,0.05908332980072153,0.0010380233630064922,-0.00030500686485257505,0.0,0.0,9.8049,0.0,0.0,1.0,0.0,0.0,0.0,0.0,0.0,0.0,0.0,0.0
20.6857,0.9982524678747203,0.05908332980072153,0.0010380233630064922,-0.00030500686485257505,0.0,0.0,9.7622,0.0,0.0,1.0,0.0,0.0,0.0,0.0,0.0,0.0,0.0,0.0
20.7058,0.9982524678747203,0.05908332980072153,0.0010380233630064922,-0.00030500686485257505,0.0,0.0,9.8096,0.0,0.0,1.0,0.0,0.0,0.0,0.0,0.0,0.0,0.0,0.0
20.7259,0.9982524678747203,0.05908332980072153,0.0010380233630064922,-0.00030500686485257505,0.0,0.0,9.8049,0.0,0.0,1.0,0.0,0.0,0.0,0.0,0.0,0.0,0.0,0.0
20.746,0.9982524678747203,0.05908332980072153,0.0010380233630064922,-0.00030500686485257505,0.0,0.0,9.8049,0.0,0.0,1.0,0.0,0.0,0.0,0.0,0.0,0.0,0.0,0.0
20.7661,0.9982524678747203,0.05908332980072153,0.0010380233630064922,-0.00030500686485257505,0.0,0.0,9.7668,0.0,0.0,1.0,0.0,0.0,0.0,0.0,0.0,0.0,0.0,0.0
20.7862,0.9982524678747203,0.05908332980072153,0.0010380233630064922,-0.00030500686485257505,0.0,0.0,9.8096,0.0,0.0,1.0,0.0,0.0,0.0,0.0,0.0,0.0,0.0,0.0
20.8063,0.9982524028071993,0.05908332594958571,0.0010990246643410063,-0.0003050068449717558,0.0,0.0,9.8095,0.0,0.0,1.0,0.0,0.0,0.0,0.0,0.0,0.0,0.0,0.0
20.8264,0.9982524028071993,0.05908332594958571,0.0010990246643410063,-0.0003050068449717558,0.0,0.0,9.7622,0.0,0.0,1.0,0.0,0.0,0.0,0.0,0.0,0.0,0.0,0.0
20.8464,0.9982524028071993,0.05908332594958571,0.0010990246643410063,-0.0003050068449717558,0.0,0.0,9.8095,0.0,0.0,1.0,0.0,0.0,0.0,0.0,0.0,0.0,0.0,0.0
20.8665,0.9982524028071993,0.05908332594958571,0.0010990246643410063,-0.0003050068449717558,0.0,0.0,9.7622,0.0,0.0,1.0,0.0,0.0,0.0,0.0,0.0,0.0,0.0,0.0
20.8866,0.9982524028071993,0.05908332594958571,0.0010990246643410063,-0.0003050068449717558,0.0,0.0,9.7622,0.0,0.0,1.0,0.0,0.0,0.0,0.0,0.0,0.0,0.0,0.0
20.9068,0.9982524028071993,0.05908332594958571,0.0010990246643410063,-0.0003050068449717558,0.0,0.0,9.8095,0.0,0.0,1.0,0.0,0.0,0.0,0.0,0.0,0.0,0.0,0.0
20.9269,0.9982524028071993,0.05908332594958571,0.0010990246643410063,-0.0003050068449717558,0.0,0.0,9.8095,0.0,0.0,1.0,0.0,0.0,0.0,0.0,0.0,0.0,0.0,0.0
20.947,0.9982524028071993,0.05908332594958571,0.0010990246643410063,-0.0003050068449717558,0.0,0.0,9.8049,0.0,0.0,1.0,0.0,0.0,0.0,0.0,0.0,0.0,0.0,0.0
20.967,0.9982524028071993,0.05908332594958571,0.0010990246643410063,-0.0003050068449717558,0.0,0.0,9.8049,0.0,0.0,1.0,0.0,0.0,0.0,0.0,0.0,0.0,0.0,0.0
20.9871,0.9982524028071993,0.05908332594958571,0.0010990246643410063,-0.0003050068449717558,0.0,0.0,9.8049,0.0,0.0,1.0,0.0,0.0,0.0,0.0,0.0,0.0,0.0,0.0
21.0072,0.9982524028071993,0.05908332594958571,0.0010990246643410063,-0.0003050068449717558,0.0,0.0,9.8049,0.0,0.0,1.0,0.0,0.0,0.0,0.0,0.0,0.0,0.0,0.0
21.0273,0.9982524028071993,0.05908332594958571,0.0010990246643410063,-0.0003050068449717558,0.0,0.0,9.805,0.0,0.0,1.0,0.0,0.0,0.0,0.0,0.0,0.0,0.0,0.0
21.0473,0.9982524028071993,0.05908332594958571,0.0010990246643410063,-0.0003050068449717558,0.0,0.0,9.805,0.0,0.0,1.0,0.0,0.0,0.0,0.0,0.0,0.0,0.0,0.0
21.0674,0.9982524028071993,0.05908332594958571,0.0010990246643410063,-0.0003050068449717558,0.0,0.0,9.8049,0.0,0.0,1.0,0.0,0.0,0.0,0.0,0.0,0.0,0.0,0.0
21.0875,0.9982524028071993,0.05908332594958571,0.0010990246643410063,-0.0003050068449717558,0.0,0.0,9.8096,0.0,0.0,1.0,0.0,0.0,0.0,0.0,0.0,0.0,0.0,0.0
21.1075,0.9982524028071993,0.05908332594958571,0.0010990246643410063,-0.0003050068449717558,0.0,0.0,9.8095,0.0,0.0,1.0,0.0,0.0,0.0,0.0,0.0,0.0,0.0,0.0
21.1276,0.9982524028071993,0.05908332594958571,0.0010990246643410063,-0.0003050068449717558,0.0,0.0,9.8049,0.0,0.0,1.0,0.0,0.0,0.0,0.0,0.0,0.0,0.0,0.0
21.1477,0.9982523340250278,0.059083321878591805,0.0011600259534065745,-0.0003050068239560666,0.0,0.0,9.8049,0.0,0.0,1.0,0.0,0.0,0.0,0.0,0.0,0.0,0.0,0.0
21.1677,0.9982523340250278,0.059083321878591805,0.0011600259534065745,-0.0003050068239560666,0.0,0.0,9.8095,0.0,0.0,1.0,0.0,0.0,0.0,0.0,0.0,0.0,0.0,0.0
21.1878,0.9982523340250278,0.059083321878591805,0.0011600259534065745,-0.0003050068239560666,0.0,0.0,9.7622,0.0,0.0,1.0,0.0,0.0,0.0,0.0,0.0,0.0,0.0,0.0
21.2079,0.9982523340250278,0.059083321878591805,0.0011600259534065745,-0.0003050068239560666,0.0,0.0,9.805,0.0,0.0,1.0,0.0,0.0,0.0,0.0,0.0,0.0,0.0,0.0
21.228,0.9982523340250278,0.059083321878591805,0.0011600259534065745,-0.0003050068239560666,0.0,0.0,9.7668,0.0,0.0,1.0,0.0,0.0,0.0,0.0,0.0,0.0,0.0,0.0
21.248,0.9982523340250278,0.059083321878591805,0.0011600259534065745,-0.0003050068239560666,0.0,0.0,9.8095,0.0,0.0,1.0,0.0,0.0,0.0,0.0,0.0,0.0,0.0,0.0
21.2681,0.9982522615282081,0.059083317587739895,0.0012210272295222098,-0.0003050068018053409,0.0,0.0,9.8095,0.0,0.0,1.0,0.0,0.0,0.0,0.0,0.0,0.0,0.0,0.0
21.2882,0.9982522615282081,0.059083317587739895,0.0012210272295222098,-0.0003050068018053409,0.0,0.0,9.8095,0.0,0.0,1.0,0.0,0.0,0.0,0.0,0.0,0.0,0.0,0.0
21.3083,0.9982522615282081,0.059083317587739895,0.0012210272295222098,-0.0003050068018053409,0.0,0.0,9.7622,0.0,0.0,1.0,0.0,0.0,0.0,0.0,0.0,0.0,0.0,0.0
21.3283,0.9982522615282081,0.059083317587739895,0.0012210272295222098,-0.0003050068018053409,0.0,0.0,9.8049,0.0,0.0,1.0,0.0,0.0,0.0,0.0,0.0,0.0,0.0,0.0
21.3484,0.9982522615282081,0.059083317587739895,0.0012210272295222098,-0.0003050068018053409,0.0,0.0,9.8049,0.0,0.0,1.0,0.0,0.0,0.0,0.0,0.0,0.0,0.0,0.0
21.3685,0.9982522615282081,0.059083317587739895,0.0012210272295222098,-0.0003050068018053409,0.0,0.0,9.8095,0.0,0.0,1.0,0.0,0.0,0.0,0.0,0.0,0.0,0.0,0.0
21.3886,0.9982522615282081,0.059083317587739895,0.0012210272295222098,-0.0003050068018053409,0.0,0.0,9.8095,0.0,0.0,1.0,0.0,0.0,0.0,0.0,0.0,0.0,0.0,0.0
21.4087,0.9982522615282081,0.059083317587739895,0.0012210272295222098,-0.0003050068018053409,0.0,0.0,9.8049,0.0,0.0,1.0,0.0,0.0,0.0,0.0,0.0,0.0,0.0,0.0
21.4287,0.9982522615282081,0.059083317587739895,0.0012210272295222098,-0.0003050068018053409,0.0,0.0,9.8095,0.0,0.0,1.0,0.0,0.0,0.0,0.0,0.0,0.0,0.0,0.0
21.4488,0.9982522615282081,0.059083317587739895,0.0012210272295222098,-0.0003050068018053409,0.0,0.0,9.8095,0.0,0.0,1.0,0.0,0.0,0.0,0.0,0.0,0.0,0.0,0.0
21.4689,0.9982522615282081,0.059083317587739895,0.0012210272295222098,-0.0003050068018053409,0.0,0.0,9.8095,0.0,0.0,1.0,0.0,0.0,0.0,0.0,0.0,0.0,0.0,0.0
21.489,0.9982522615282081,0.059083317587739895,0.0012210272295222098,-0.0003050068018053409,0.0,0.0,9.8049,0.0,0.0,1.0,0.0,0.0,0.0,0.0,0.0,0.0,0.0,0.0
21.5091,0.9982522615282081,0.059083317587739895,0.0012210272295222098,-0.0003050068018053409,0.0,0.0,9.8049,0.0,0.0,1.0,0.0,0.0,0.0,0.0,0.0,0.0,0.0,0.0
21.5292,0.9982522615282081,0.059083317587739895,0.0012210272295222098,-0.0003050068018053409,0.0,0.0,9.8095,0.0,0.0,1.0,0.0,0.0,0.0,0.0,0.0,0.0,0.0,0.0
21.5493,0.9982522615282081,0.059083317587739895,0.0012210272295222098,-0.0003050068018053409,0.0,0.0,9.805,0.0,0.0,1.0,0.0,0.0,0.0,0.0,0.0,0.0,0.0,0.0
21.5694,0.9982522615282081,0.059083317587739895,0.0012210272295222098,-0.0003050068018053409,0.0,0.0,9.8049,0.0,0.0,1.0,0.0,0.0,0.0,0.0,0.0,0.0,0.0,0.0
21.5894,0.9982522615282081,0.059083317587739895,0.0012210272295222098,-0.0003050068018053409,0.0,0.0,9.7668,0.0,0.0,1.0,0.0,0.0,0.0,0.0,0.0,0.0,0.0,0.0
21.6095,0.9982522615282081,0.059083317587739895,0.0012210272295222098,-0.0003050068018053409,0.0,0.0,9.8397,0.0,0.0,1.0,0.0,0.0,0.0,0.0,0.0,0.0,0.0,0.0
21.6296,0.9982522615282081,0.059083317587739895,0.0012210272295222098,-0.0003050068018053409,0.0,0.0,9.805,0.0,0.0,1.0,0.0,0.0,0.0,0.0,0.0,0.0,0.0,0.0
21.6497,0.9982522615282081,0.059083317587739895,0.0012210272295222098,-0.0003050068018053409,0.0,0.0,9.8095,0.0,0.0,1.0,0.0,0.0,0.0,0.0,0.0,0.0,0.0,0.0
21.6698,0.9982522615282081,0.059083317587739895,0.0012210272295222098,-0.0003050068018053409,0.0,0.0,9.8049,0.0,0.0,1.0,0.0,0.0,0.0,0.0,0.0,0.0,0.0,0.0
21.6899,0.9982522615282081,0.059083317587739895,0.0012210272295222098,-0.0003050068018053409,0.0,0.0,9.805,0.0,3.14,1.0,0.0,0.0,0.0,0.0,0.0,0.0,0.0,0.0
21.71,0.9982522615282081,0.059083317587739895,0.0012210272295222098,-0.0003050068018053409,0.0,0.0,9.8095,0.0,3.14,1.0,0.0,0.0,0.0,0.0,0.0,0.0,0.0,0.0
21.7301,0.9982522615282081,0.059083317587739895,0.0012210272295222098,-0.0003050068018053409,0.0,0.0,9.8049,0.0,3.14,1.0,0.0,0.0,0.0,0.0,0.0,0.0,0.0,0.0
21.7502,0.9982522615282081,0.059083317587739895,0.0012210272295222098,-0.0003050068018053409,0.0,0.0,9.8049,0.0,3.14,1.0,0.0,0.0,0.0,0.0,0.0,0.0,0.0,0.0
21.7703,0.9982522615282081,0.059083317587739895,0.0012210272295222098,-0.0003050068018053409,0.0,0.0,9.8437,0.0,3.14,1.0,0.0,0.0,0.0,0.0,0.0,0.0,0.0,0.0
21.7904,0.9982522615282081,0.059083317587739895,0.0012210272295222098,-0.0003050068018053409,0.0,0.0,9.805,0.0,3.14,1.0,0.0,0.0,0.0,0.0,0.0,0.0,0.0,0.0
21.8105,0.9982522615282081,0.059083317587739895,0.0012210272295222098,-0.0003050068018053409,0.0,0.0,9.8049,0.0,3.14,1.0,0.0,0.0,0.0,0.0,0.0,0.0,0.0,0.0
21.8305,0.9982522615282081,0.059083317587739895,0.0012210272295222098,-0.0003050068018053409,0.0,0.0,9.7668,0.0,3.14,1.0,0.0,0.0,0.0,0.0,0.0,0.0,0.0,0.0
21.8506,0.9982522615282081,0.059083317587739895,0.0012210272295222098,-0.0003050068018053409,0.0,0.0,9.7668,0.0,3.14,1.0,0.0,0.0,0.0,0.0,0.0,0.0,0.0,0.0
21.8707,0.9982522615282081,0.059083317587739895,0.0012210272295222098,-0.0003050068018053409,0.0,0.0,9.8049,0.0,3.14,1.0,0.0,0.0,0.0,0.0,0.0,0.0,0.0,0.0
21.8908,0.9982522615282081,0.059083317587739895,0.0012210272295222098,-0.0003050068018053409,0.0,0.0,9.8049,0.0,3.14,1.0,0.0,0.0,0.0,0.0,0.0,0.0,0.0,0.0
21.9109,0.9982522615282081,0.059083317587739895,0.0012210272295222098,-0.0003050068018053409,0.0,0.0,9.8095,0.0,3.14,1.0,0.0,0.0,0.0,0.0,0.0,0.0,0.0,0.0
21.931,0.9982522615282081,0.059083317587739895,0.0012210272295222098,-0.0003050068018053409,0.0,0.0,9.8095,0.0,3.14,1.0,0.0,0.0,0.0,0.0,0.0,0.0,0.0,0.0
21.9511,0.9982522615282081,0.059083317587739895,0.0012210272295222098,-0.0003050068018053409,0.0,0.0,9.8049,0.0,3.14,1.0,0.0,0.0,0.0,0.0,0.0,0.0,0.0,0.0
21.9712,0.9982522615282081,0.059083317587739895,0.0012210272295222098,-0.0003050068018053409,0.0,0.0,9.8049,0.0,3.14,1.0,0.0,0.0,0.0,0.0,0.0,0.0,0.0,0.0
21.9913,0.9982522615282081,0.059083317587739895,0.0012210272295222098,-0.0003050068018053409,0.0,0.0,9.8049,0.0,3.14,1.0,0.0,0.0,0.0,0.0,0.0,0.0,0.0,0.0
22.0113,0.9982522615282081,0.059083317587739895,0.0012210272295222098,-0.0003050068018053409,0.0,0.0,9.8049,0.0,3.14,1.0,0.0,0.0,0.0,0.0,0.0,0.0,0.0,0.0
22.0314,0.9982522615282081,0.059083317587739895,0.0012210272295222098,-0.0003050068018053409,0.0,0.0,9.8049,0.0,3.14,1.0,0.0,0.0,0.0,0.0,0.0,0.0,0.0,0.0
22.0515,0.9982522615282081,0.059083317587739895,0.0012210272295222098,-0.0003050068018053409,0.0,0.0,9.7622,0.0,3.14,1.0,0.0,0.0,0.0,0.0,0.0,0.0,0.0,0.0
22.0716,0.9982522615282081,0.059083317587739895,0.0012210272295222098,-0.0003050068018053409,0.0,0.0,9.8049,0.0,3.14,1.0,0.0,0.0,0.0,0.0,0.0,0.0,0.0,0.0
22.0917,0.9982522615282081,0.059083317587739895,0.0012210272295222098,-0.0003050068018053409,0.0,0.0,9.8049,0.0,3.14,1.0,0.0,0.0,0.0,0.0,0.0,0.0,0.0,0.0
22.1118,0.9982522615282081,0.059083317587739895,0.0012210272295222098,-0.0003050068018053409,0.0,0.0,9.8049,0.0,3.14,1.0,0.0,0.0,0.0,0.0,0.0,0.0,0.0,0.0
22.1318,0.9982522615282081,0.059083317587739895,0.0012210272295222098,-0.0003050068018053409,0.0,0.0,9.8096,0.0,3.14,1.0,0.0,0.0,0.0,0.0,0.0,0.0,0.0,0.0
22.1519,0.9982522615282081,0.059083317587739895,0.0012210272295222098,-0.0003050068018053409,0.0,0.0,9.767,0.0,3.14,1.0,0.0,0.0,0.0,0.0,0.0,0.0,0.0,0.0
22.172,0.9982558575539215,0.0590225288447452,0.0012210316280550082,-0.00030500790053777926,0.0,0.0,9.8095,0.0,3.14,1.0,0.0,0.0,0.0,0.0,0.0,0.0,0.0,0.0
22.1921,0.9982558575539215,0.0590225288447452,0.0012210316280550082,-0.00030500790053777926,0.0,0.0,9.8049,0.0,3.14,1.0,0.0,0.0,0.0,0.0,0.0,0.0,0.0,0.0
22.2122,0.9982558575539215,0.0590225288447452,0.0012210316280550082,-0.00030500790053777926,0.0,0.0,9.7622,0.0,3.14,1.0,0.0,0.0,0.0,0.0,0.0,0.0,0.0,0.0
22.2323,0.9982558575539215,0.0590225288447452,0.0012210316280550082,-0.00030500790053777926,0.0,0.0,9.8095,0.0,3.14,1.0,0.0,0.0,0.0,0.0,0.0,0.0,0.0,0.0
22.2524,0.9982558575539215,0.0590225288447452,0.0012210316280550082,-0.00030500790053777926,0.0,0.0,9.8049,0.0,3.14,1.0,0.0,0.0,0.0,0.0,0.0,0.0,0.0,0.0
22.2725,0.9982558575539215,0.0590225288447452,0.0012210316280550082,-0.00030500790053777926,0.0,0.0,9.7622,0.0,3.14,1.0,0.0,0.0,0.0,0.0,0.0,0.0,0.0,0.0
22.2926,0.9982558575539215,0.0590225288447452,0.0012210316280550082,-0.00030500790053777926,0.0,0.0,9.8095,0.0,3.14,1.0,0.0,0.0,0.0,0.0,0.0,0.0,0.0,0.0
22.3127,0.9982558575539215,0.0590225288447452,0.0012210316280550082,-0.00030500790053777926,0.0,0.0,9.8049,0.0,3.14,1.0,0.0,0.0,0.0,0.0,0.0,0.0,0.0,0.0
22.3328,0.9982558575539215,0.0590225288447452,0.0012210316280550082,-0.00030500790053777926,0.0,0.0,9.8095,0.0,3.14,1.0,0.0,0.0,0.0,0.0,0.0,0.0,0.0,0.0
22.3529,0.9982558575539215,0.0590225288447452,0.0012210316280550082,-0.00030500790053777926,0.0,0.0,9.7622,0.0,3.14,1.0,0.0,0.0,0.0,0.0,0.0,0.0,0.0,0.0
22.373,0.9982558575539215,0.0590225288447452,0.0012210316280550082,-0.00030500790053777926,0.0,0.0,9.8049,0.0,3.14,1.0,0.0,0.0,0.0,0.0,0.0,0.0,0.0,0.0
22.3931,0.9982558575539215,0.0590225288447452,0.0012210316280550082,-0.00030500790053777926,0.0,0.0,9.8049,0.0,3.14,1.0,0.0,0.0,0.0,0.0,0.0,0.0,0.0,0.0
22.4131,0.9982558575539215,0.0590225288447452,0.0012210316280550082,-0.00030500790053777926,0.0,0.0,9.8049,0.0,3.14,1.0,0.0,0.0,0.0,0.0,0.0,0.0,0.0,0.0
22.4332,0.9982558575539215,0.0590225288447452,0.0012210316280550082,-0.00030500790053777926,0.0,0.0,9.7622,0.0,3.14,1.0,0.0,0.0,0.0,0.0,0.0,0.0,0.0,0.0
22.4533,0.9982558575539215,0.0590225288447452,0.0012210316280550082,-0.00030500790053777926,0.0,0.0,9.805,0.0,3.14,1.0,0.0,0.0,0.0,0.0,0.0,0.0,0.0,0.0
22.4734,0.9982558575539215,0.0590225288447452,0.0012210316280550082,-0.00030500790053777926,0.0,0.0,9.8049,0.0,3.14,1.0,0.0,0.0,0.0,0.0,0.0,0.0,0.0,0.0
22.4935,0.9982558575539215,0.0590225288447452,0.0012210316280550082,-0.00030500790053777926,0.0,0.0,9.8095,0.0,3.14,1.0,0.0,0.0,0.0,0.0,0.0,0.0,0.0,0.0
22.5136,0.9982522615282081,0.059083317587739895,0.0012210272295222098,-0.0003050068018053409,0.0,0.0,9.8095,0.0,3.14,1.0,0.0,0.0,0.0,0.0,0.0,0.0,0.0,0.0
22.5337,0.9982522615282081,0.059083317587739895,0.0012210272295222098,-0.0003050068018053409,0.0,0.0,9.8049,0.0,3.14,1.0,0.0,0.0,0.0,0.0,0.0,0.0,0.0,0.0
22.5538,0.9982522615282081,0.059083317587739895,0.0012210272295222098,-0.0003050068018053409,0.0,0.0,9.8049,0.0,3.14,1.0,0.0,0.0,0.0,0.0,0.0,0.0,0.0,0.0
22.5739,0.9982522615282081,0.059083317587739895,0.0012210272295222098,-0.0003050068018053409,0.0,0.0,9.8049,0.0,3.14,1.0,0.0,0.0,0.0,0.0,0.0,0.0,0.0,0.0
22.594,0.9982522615282081,0.059083317587739895,0.0012210272295222098,-0.0003050068018053409,0.0,0.0,9.7622,0.0,3.14,1.0,0.0,0.0,0.0,0.0,0.0,0.0,0.0,0.0
22.6141,0.9982522615282081,0.059083317587739895,0.0012210272295222098,-0.0003050068018053409,0.0,0.0,9.7622,0.0,3.14,1.0,0.0,0.0,0.0,0.0,0.0,0.0,0.0,0.0
22.6341,0.9982522615282081,0.059083317587739895,0.0012210272295222098,-0.0003050068018053409,0.0,0.0,9.8095,0.0,3.14,1.0,0.0,0.0,0.0,0.0,0.0,0.0,0.0,0.0
22.6542,0.9982522615282081,0.059083317587739895,0.0012210272295222098,-0.0003050068018053409,0.0,0.0,9.8049,0.0,3.14,1.0,0.0,0.0,0.0,0.0,0.0,0.0,0.0,0.0
22.6743,0.9982522615282081,0.059083317587739895,0.0012210272295222098,-0.0003050068018053409,0.0,0.0,9.8096,0.0,3.14,1.0,0.0,0.0,0.0,0.0,0.0,0.0,0.0,0.0
22.6972,0.9982523340250278,0.059083321878591805,0.0011600259534065745,-0.0003050068239560666,0.0,0.0,9.8095,0.0,3.14,1.0,0.0,0.0,0.0,0.0,0.0,0.0,0.0,0.0
22.7173,0.9982523340250278,0.059083321878591805,0.0011600259534065745,-0.0003050068239560666,0.0,0.0,9.8049,0.0,3.14,1.0,0.0,0.0,0.0,0.0,0.0,0.0,0.0,0.0
22.7374,0.9982523340250278,0.059083321878591805,0.0011600259534065745,-0.0003050068239560666,0.0,0.0,9.8049,0.0,3.14,1.0,0.0,0.0,0.0,0.0,0.0,0.0,0.0,0.0
22.7575,0.9982523340250278,0.059083321878591805,0.0011600259534065745,-0.0003050068239560666,0.0,0.0,9.8049,0.0,3.14,1.0,0.0,0.0,0.0,0.0,0.0,0.0,0.0,0.0
22.7776,0.9982523340250278,0.059083321878591805,0.0011600259534065745,-0.0003050068239560666,0.0,0.0,9.8096,0.0,3.14,1.0,0.0,0.0,0.0,0.0,0.0,0.0,0.0,0.0
22.7976,0.9982523340250278,0.059083321878591805,0.0011600259534065745,-0.0003050068239560666,0.0,0.0,9.8049,0.0,3.14,1.0,0.0,0.0,0.0,0.0,0.0,0.0,0.0,0.0
22.8177,0.9982523340250278,0.059083321878591805,0.0011600259534065745,-0.0003050068239560666,0.0,0.0,9.8095,0.0,3.14,1.0,0.0,0.0,0.0,0.0,0.0,0.0,0.0,0.0
22.8378,0.9982523340250278,0.059083321878591805,0.0011600259534065745,-0.0003050068239560666,0.0,0.0,9.8008,0.0,3.14,1.0,0.0,0.0,0.0,0.0,0.0,0.0,0.0,0.0
22.8578,0.9982523340250278,0.059083321878591805,0.0011600259534065745,-0.0003050068239560666,0.0,0.0,9.8437,0.0,3.14,1.0,0.0,0.0,0.0,0.0,0.0,0.0,0.0,0.0
22.8779,0.9982523340250278,0.059083321878591805,0.0011600259534065745,-0.0003050068239560666,0.0,0.0,9.8095,0.0,3.14,1.0,0.0,0.0,0.0,0.0,0.0,0.0,0.0,0.0
22.898,0.9982523340250278,0.059083321878591805,0.0011600259534065745,-0.0003050068239560666,0.0,0.0,9.8049,0.0,3.14,1.0,0.0,0.0,0.0,0.0,0.0,0.0,0.0,0.0
22.918,0.9982523340250278,0.059083321878591805,0.0011600259534065745,-0.0003050068239560666,0.0,0.0,9.8095,0.0,3.14,1.0,0.0,0.0,0.0,0.0,0.0,0.0,0.0,0.0
22.9381,0.9982523340250278,0.059083321878591805,0.0011600259534065745,-0.0003050068239560666,0.0,0.0,9.805,0.0,3.14,1.0,0.0,0.0,0.0,0.0,0.0,0.0,0.0,0.0
22.9582,0.9982523340250278,0.059083321878591805,0.0011600259534065745,-0.0003050068239560666,0.0,0.0,9.7668,0.0,3.14,1.0,0.0,0.0,0.0,0.0,0.0,0.0,0.0,0.0
22.9783,0.9982559300515246,0.05902253313121328,0.0011600301321937519,-0.00030500792268883803,0.0,0.0,9.7668,0.0,3.14,1.0,0.0,0.0,0.0,0.0,0.0,0.0,0.0,0.0
22.9983,0.9982559300515246,0.05902253313121328,0.0011600301321937519,-0.00030500792268883803,0.0,0.0,9.8437,0.0,3.14,1.0,0.0,0.0,0.0,0.0,0.0,0.0,0.0,0.0
23.0184,0.9982559300515246,0.05902253313121328,0.0011600301321937519,-0.00030500792268883803,0.0,0.0,9.8049,0.0,3.14,1.0,0.0,0.0,0.0,0.0,0.0,0.0,0.0,0.0
23.0385,0.9982559300515246,0.05902253313121328,0.0011600301321937519,-0.00030500792268883803,0.0,0.0,9.8095,0.0,3.14,1.0,0.0,0.0,0.0,0.0,0.0,0.0,0.0,0.0
23.0586,0.9982559300515246,0.05902253313121328,0.0011600301321937519,-0.00030500792268883803,0.0,0.0,9.8095,0.0,3.14,1.0,0.0,0.0,0.0,0.0,0.0,0.0,0.0,0.0
23.0786,0.9982559300515246,0.05902253313121328,0.0011600301321937519,-0.00030500792268883803,0.0,0.0,9.805,0.0,3.14,1.0,0.0,0.0,0.0,0.0,0.0,0.0,0.0,0.0
23.0987,0.9982559300515246,0.05902253313121328,0.0011600301321937519,-0.00030500792268883803,0.0,0.0,9.8049,0.0,3.14,1.0,0.0,0.0,0.0,0.0,0.0,0.0,0.0,0.0
23.1188,0.9982595224021404,0.05896174372722739,0.001160034306709367,-0.00030500902029856336,0.0,0.0,9.8095,0.0,3.14,1.0,0.0,0.0,0.0,0.0,0.0,0.0,0.0,0.0
23.1388,0.9982595224021404,0.05896174372722739,0.001160034306709367,-0.00030500902029856336,0.0,0.0,9.8095,0.0,3.14,1.0,0.0,0.0,0.0,0.0,0.0,0.0,0.0,0.0
23.1589,0.9982595224021404,0.05896174372722739,0.001160034306709367,-0.00030500902029856336,0.0,0.0,9.8095,0.0,3.14,1.0,0.0,0.0,0.0,0.0,0.0,0.0,0.0,0.0
23.179,0.9982595224021404,0.05896174372722739,0.001160034306709367,-0.00030500902029856336,0.0,0.0,9.8049,0.0,3.14,1.0,0.0,0.0,0.0,0.0,0.0,0.0,0.0,0.0
23.199,0.9982595224021404,0.05896174372722739,0.001160034306709367,-0.00030500902029856336,0.0,0.0,9.8049,0.0,3.14,1.0,0.0,0.0,0.0,0.0,0.0,0.0,0.0,0.0
23.2191,0.9982559300515246,0.05902253313121328,0.0011600301321937519,-0.00030500792268883803,0.0,0.0,9.7668,0.0,3.14,1.0,0.0,0.0,0.0,0.0,0.0,0.0,0.0,0.0
23.2392,0.9982559300515246,0.05902253313121328,0.0011600301321937519,-0.00030500792268883803,0.0,0.0,9.8049,0.0,3.14,1.0,0.0,0.0,0.0,0.0,0.0,0.0,0.0,0.0
23.2592,0.9982559300515246,0.05902253313121328,0.0011600301321937519,-0.00030500792268883803,0.0,0.0,9.8049,0.0,3.14,1.0,0.0,0.0,0.0,0.0,0.0,0.0,0.0,0.0
23.2793,0.9982559300515246,0.05902253313121328,0.0011600301321937519,-0.00030500792268883803,0.0,0.0,9.8095,0.0,3.14,1.0,0.0,0.0,0.0,0.0,0.0,0.0,0.0,0.0
23.2994,0.9982559300515246,0.05902253313121328,0.0011600301321937519,-0.00030500792268883803,0.0,0.0,9.8096,0.0,3.14,1.0,0.0,0.0,0.0,0.0,0.0,0.0,0.0,0.0
23.3194,0.9982559300515246,0.05902253313121328,0.0011600301321937519,-0.00030500792268883803,0.0,0.0,9.805,0.0,3.14,1.0,0.0,0.0,0.0,0.0,0.0,0.0,0.0,0.0
23.3395,0.9982559300515246,0.05902253313121328,0.0011600301321937519,-0.00030500792268883803,0.0,0.0,9.8049,0.0,3.14,1.0,0.0,0.0,0.0,0.0,0.0,0.0,0.0,0.0
23.3596,0.9982559300515246,0.05902253313121328,0.0011600301321937519,-0.00030500792268883803,0.0,0.0,9.8095,0.0,3.14,1.0,0.0,0.0,0.0,0.0,0.0,0.0,0.0,0.0
23.3796,0.9982559300515246,0.05902253313121328,0.0011600301321937519,-0.00030500792268883803,0.0,0.0,9.8095,0.0,3.14,1.0,0.0,0.0,0.0,0.0,0.0,0.0,0.0,0.0
23.3997,0.9982559300515246,0.05902253313121328,0.0011600301321937519,-0.00030500792268883803,0.0,0.0,9.805,0.0,3.14,1.0,0.0,0.0,0.0,0.0,0.0,0.0,0.0,0.0
23.4198,0.9982559300515246,0.05902253313121328,0.0011600301321937519,-0.00030500792268883803,0.0,0.0,9.7668,0.0,3.14,1.0,0.0,0.0,0.0,0.0,0.0,0.0,0.0,0.0
23.4398,0.9982559300515246,0.05902253313121328,0.0011600301321937519,-0.00030500792268883803,0.0,0.0,9.8095,0.0,3.14,1.0,0.0,0.0,0.0,0.0,0.0,0.0,0.0,0.0
23.4599,0.9982559300515246,0.05902253313121328,0.0011600301321937519,-0.00030500792268883803,0.0,0.0,9.8484,0.0,3.14,1.0,0.0,0.0,0.0,0.0,0.0,0.0,0.0,0.0
23.4799,0.9982559300515246,0.05902253313121328,0.0011600301321937519,-0.00030500792268883803,0.0,0.0,9.8049,0.0,3.14,1.0,0.0,0.0,0.0,0.0,0.0,0.0,0.0,0.0
23.5,0.9982559300515246,0.05902253313121328,0.0011600301321937519,-0.00030500792268883803,0.0,0.0,9.8095,0.0,3.14,1.0,0.0,0.0,0.0,0.0,0.0,0.0,0.0,0.0
23.5201,0.9982559300515246,0.05902253313121328,0.0011600301321937519,-0.00030500792268883803,0.0,0.0,9.8049,0.0,3.14,1.0,0.0,0.0,0.0,0.0,0.0,0.0,0.0,0.0
23.5402,0.9982559300515246,0.05902253313121328,0.0011600301321937519,-0.00030500792268883803,0.0,0.0,9.8049,0.0,3.14,1.0,0.0,0.0,0.0,0.0,0.0,0.0,0.0,0.0
23.5602,0.9982559300515246,0.05902253313121328,0.0011600301321937519,-0.00030500792268883803,0.0,0.0,9.8049,0.0,3.14,1.0,0.0,0.0,0.0,0.0,0.0,0.0,0.0,0.0
23.5803,0.9982559300515246,0.05902253313121328,0.0011600301321937519,-0.00030500792268883803,0.0,0.0,9.8437,0.0,3.14,1.0,0.0,0.0,0.0,0.0,0.0,0.0,0.0,0.0
23.6004,0.9982559300515246,0.05902253313121328,0.0011600301321937519,-0.00030500792268883803,0.0,0.0,9.8484,0.0,3.14,1.0,0.0,0.0,0.0,0.0,0.0,0.0,0.0,0.0
23.6204,0.9982559300515246,0.05902253313121328,0.0011600301321937519,-0.00030500792268883803,0.0,0.0,9.8049,0.0,3.14,1.0,0.0,0.0,0.0,0.0,0.0,0.0,0.0,0.0
23.6405,0.9982559300515246,0.05902253313121328,0.0011600301321937519,-0.00030500792268883803,0.0,0.0,9.8095,0.0,3.14,1.0,0.0,0.0,0.0,0.0,0.0,0.0,0.0,0.0
23.6606,0.9982559300515246,0.05902253313121328,0.0011600301321937519,-0.00030500792268883803,0.0,0.0,9.8483,0.0,3.14,1.0,0.0,0.0,0.0,0.0,0.0,0.0,0.0,0.0
23.6806,0.9982559300515246,0.05902253313121328,0.0011600301321937519,-0.00030500792268883803,0.0,0.0,9.8049,0.0,3.14,1.0,0.0,0.0,0.0,0.0,0.0,0.0,0.0,0.0
23.7007,0.9982559300515246,0.05902253313121328,0.0011600301321937519,-0.00030500792268883803,0.0,0.0,9.8049,0.0,3.14,1.0,0.0,0.0,0.0,0.0,0.0,0.0,0.0,0.0
23.7208,0.9982559300515246,0.05902253313121328,0.0011600301321937519,-0.00030500792268883803,0.0,0.0,9.8049,0.0,3.14,1.0,0.0,0.0,0.0,0.0,0.0,0.0,0.0,0.0
23.7408,0.9982559300515246,0.05902253313121328,0.0011600301321937519,-0.00030500792268883803,0.0,0.0,9.767,0.0,3.14,1.0,0.0,0.0,0.0,0.0,0.0,0.0,0.0,0.0
23.7609,0.9982559300515246,0.05902253313121328,0.0011600301321937519,-0.00030500792268883803,0.0,0.0,9.8049,0.0,3.14,1.0,0.0,0.0,0.0,0.0,0.0,0.0,0.0,0.0
23.781,0.9982559300515246,0.05902253313121328,0.0011600301321937519,-0.00030500792268883803,0.0,0.0,9.805,0.0,3.14,1.0,0.0,0.0,0.0,0.0,0.0,0.0,0.0,0.0
23.801,0.9982559300515246,0.05902253313121328,0.0011600301321937519,-0.00030500792268883803,0.0,0.0,9.805,0.0,3.14,1.0,0.0,0.0,0.0,0.0,0.0,0.0,0.0,0.0
23.8211,0.9982559300515246,0.05902253313121328,0.0011600301321937519,-0.00030500792268883803,0.0,0.0,9.9134,0.0,3.14,1.0,0.0,0.0,0.0,0.0,0.0,0.0,0.0,0.0
23.8412,0.9982559300515246,0.05902253313121328,0.0011600301321937519,-0.00030500792268883803,0.0,0.0,9.7321,0.0,3.14,1.0,0.0,0.0,0.0,0.0,0.0,0.0,0.0,0.0
23.8613,0.9982559300515246,0.05902253313121328,0.0011600301321937519,-0.00030500792268883803,0.0,0.0,9.7755,0.0,3.14,1.0,0.0,0.0,0.0,0.0,0.0,0.0,0.0,0.0
23.8813,0.9982559300515246,0.05902253313121328,0.0011600301321937519,-0.00030500792268883803,0.0,0.0,9.8105,0.0,3.14,1.0,0.0,0.0,0.0,0.0,0.0,0.0,0.0,0.0
23.9017,0.9982559300515246,0.05902253313121328,0.0011600301321937519,-0.00030500792268883803,0.0,0.0,9.7668,0.0,3.14,1.0,0.0,0.0,0.0,0.0,0.0,0.0,0.0,0.0
23.9218,0.9982559300515246,0.05902253313121328,0.0011600301321937519,-0.00030500792268883803,0.0,0.0,9.8096,0.0,3.14,1.0,0.0,0.0,0.0,0.0,0.0,0.0,0.0,0.0
23.9418,0.9982559300515246,0.05902253313121328,0.0011600301321937519,-0.00030500792268883803,0.0,0.0,9.7622,0.0,3.14,1.0,0.0,0.0,0.0,0.0,0.0,0.0,0.0,0.0
23.9619,0.9982559300515246,0.05902253313121328,0.0011600301321937519,-0.00030500792268883803,0.0,0.0,9.7622,0.0,3.14,1.0,0.0,0.0,0.0,0.0,0.0,0.0,0.0,0.0
23.982,0.9982559300515246,0.05902253313121328,0.0011600301321937519,-0.00030500792268883803,0.0,0.0,9.7668,0.0,3.14,1.0,0.0,0.0,0.0,0.0,0.0,0.0,0.0,0.0
24.0021,0.9982559300515246,0.05902253313121328,0.0011600301321937519,-0.00030500792268883803,0.0,0.0,9.805,0.0,3.14,1.0,0.0,0.0,0.0,0.0,0.0,0.0,0.0,0.0
24.0221,0.9982559300515246,0.05902253313121328,0.0011600301321937519,-0.00030500792268883803,0.0,0.0,9.8049,0.0,3.14,1.0,0.0,0.0,0.0,0.0,0.0,0.0,0.0,0.0
24.0422,0.9982559300515246,0.05902253313121328,0.0011600301321937519,-0.00030500792268883803,0.0,0.0,9.7622,0.0,3.14,1.0,0.0,0.0,0.0,0.0,0.0,0.0,0.0,0.0
24.0623,0.9982559300515246,0.05902253313121328,0.0011600301321937519,-0.00030500792268883803,0.0,0.0,9.8049,0.0,3.14,1.0,0.0,0.0,0.0,0.0,0.0,0.0,0.0,0.0
24.0824,0.9982559300515246,0.05902253313121328,0.0011600301321937519,-0.00030500792268883803,0.0,0.0,9.8049,0.0,3.14,1.0,0.0,0.0,0.0,0.0,0.0,0.0,0.0,0.0
24.1024,0.9982559300515246,0.05902253313121328,0.0011600301321937519,-0.00030500792268883803,0.0,0.0,9.8095,0.0,3.14,1.0,0.0,0.0,0.0,0.0,0.0,0.0,0.0,0.0
24.1225,0.9982559988344395,0.05902253719804801,0.0010990286233824482,-0.0003050079437048603,0.0,0.0,9.805,0.0,3.14,1.0,0.0,0.0,0.0,0.0,0.0,0.0,0.0,0.0
24.1426,0.9982559988344395,0.05902253719804801,0.0010990286233824482,-0.0003050079437048603,0.0,0.0,9.8407,0.0,3.14,1.0,0.0,0.0,0.0,0.0,0.0,0.0,0.0,0.0
24.1626,0.9982559988344395,0.05902253719804801,0.0010990286233824482,-0.0003050079437048603,0.0,0.0,9.8095,0.0,3.14,1.0,0.0,0.0,0.0,0.0,0.0,0.0,0.0,0.0
24.1827,0.9982559988344395,0.05902253719804801,0.0010990286233824482,-0.0003050079437048603,0.0,0.0,9.7757,0.0,3.14,1.0,0.0,0.0,0.0,0.0,0.0,0.0,0.0,0.0
24.2028,0.9982559988344395,0.05902253719804801,0.0010990286233824482,-0.0003050079437048603,0.0,0.0,9.805,0.0,3.14,1.0,0.0,0.0,0.0,0.0,0.0,0.0,0.0,0.0
24.2228,0.9982559988344395,0.05902253719804801,0.0010990286233824482,-0.0003050079437048603,0.0,0.0,9.7974,0.0,3.14,1.0,0.0,0.0,0.0,0.0,0.0,0.0,0.0,0.0
24.2429,0.9982559988344395,0.05902253719804801,0.0010990286233824482,-0.0003050079437048603,0.0,0.0,9.7624,0.0,3.14,1.0,0.0,0.0,0.0,0.0,0.0,0.0,0.0,0.0
24.2629,0.9982559988344395,0.05902253719804801,0.0010990286233824482,-0.0003050079437048603,0.0,0.0,9.7755,0.0,3.14,1.0,0.0,0.0,0.0,0.0,0.0,0.0,0.0,0.0
24.283,0.9982524028071993,0.05908332594958571,0.0010990246643410063,-0.0003050068449717558,0.0,0.0,9.8483,0.0,3.14,1.0,0.0,0.0,0.0,0.0,0.0,0.0,0.0,0.0
24.3031,0.9982524028071993,0.05908332594958571,0.0010990246643410063,-0.0003050068449717558,0.0,0.0,9.8437,0.0,3.14,1.0,0.0,0.0,0.0,0.0,0.0,0.0,0.0,0.0
24.3231,0.9982524028071993,0.05908332594958571,0.0010990246643410063,-0.0003050068449717558,0.0,0.0,9.8071,0.0,3.14,1.0,0.0,0.0,0.0,0.0,0.0,0.0,0.0,0.0
24.3432,0.9982524028071993,0.05908332594958571,0.0010990246643410063,-0.0003050068449717558,0.0,0.0,9.8096,0.0,3.14,1.0,0.0,0.0,0.0,0.0,0.0,0.0,0.0,0.0
24.3633,0.9982524028071993,0.05908332594958571,0.0010990246643410063,-0.0003050068449717558,0.0,0.0,9.8095,0.0,3.14,1.0,0.0,0.0,0.0,0.0,0.0,0.0,0.0,0.0
24.3833,0.9982524028071993,0.05908332594958571,0.0010990246643410063,-0.0003050068449717558,0.0,0.0,9.8438,0.0,3.14,1.0,0.0,0.0,0.0,0.0,0.0,0.0,0.0,0.0
24.4034,0.9982523340250278,0.059083321878591805,0.0011600259534065745,-0.0003050068239560666,0.0,0.0,9.8397,0.0,3.14,1.0,0.0,0.0,0.0,0.0,0.0,0.0,0.0,0.0
24.4235,0.9982523340250278,0.059083321878591805,0.0011600259534065745,-0.0003050068239560666,0.0,0.0,9.8071,0.0,3.14,1.0,0.0,0.0,0.0,0.0,0.0,0.0,0.0,0.0
24.4436,0.9982523340250278,0.059083321878591805,0.0011600259534065745,-0.0003050068239560666,0.0,0.0,9.7721,0.0,3.14,1.0,0.0,0.0,0.0,0.0,0.0,0.0,0.0,0.0
24.4636,0.9982523340250278,0.059083321878591805,0.0011600259534065745,-0.0003050068239560666,0.0,0.0,9.7805,0.0,3.14,1.0,0.0,0.0,0.0,0.0,0.0,0.0,0.0,0.0
24.4837,0.9982523340250278,0.059083321878591805,0.0011600259534065745,-0.0003050068239560666,0.0,0.0,9.8095,0.0,3.14,1.0,0.0,0.0,0.0,0.0,0.0,0.0,0.0,0.0
24.5038,0.9982559300515246,0.05902253313121328,0.0011600301321937519,-0.00030500792268883803,0.0,0.0,9.8353,0.0,3.14,1.0,0.0,0.0,0.0,0.0,0.0,0.0,0.0,0.0
24.5238,0.9982522615282081,0.059083317587739895,0.0012210272295222098,-0.0003050068018053409,0.0,0.0,9.805,0.0,3.14,1.0,0.0,0.0,0.0,0.0,0.0,0.0,0.0,0.0
24.5439,0.9982485856160933,0.059144101158142524,0.001282023869007984,-0.0003050056786642053,0.0,0.0,9.8061,0.0,3.14,1.0,0.0,0.0,0.0,0.0,0.0,0.0,0.0,0.0
24.564,0.9982485856160933,0.059144101158142524,0.001282023869007984,-0.0003050056786642053,0.0,0.0,9.8095,0.0,3.14,1.0,0.0,0.0,0.0,0.0,0.0,0.0,0.0,0.0
24.584,0.9982449822398041,0.059204888581314286,0.0012820192412885192,-0.0003050045776856747,0.0,0.0,9.8095,0.0,3.14,1.0,0.0,0.0,0.0,0.0,0.0,0.0,0.0,0.0
24.6041,0.9982449023154257,0.059204883841081184,0.0013430200492968796,-0.00030500455326559767,0.0,0.0,9.805,0.0,3.14,1.0,0.0,0.0,0.0,0.0,0.0,0.0,0.0,0.0
24.6242,0.9982449023154257,0.059204883841081184,0.0013430200492968796,-0.00030500455326559767,0.0,0.0,9.8049,0.0,0.0,1.0,0.0,0.0,0.0,0.0,0.0,0.0,0.0,0.0
24.6442,0.9982448186764873,0.05920487888054133,0.001404020842312691,-0.0003050045277104286,0.0,0.0,9.8096,0.0,0.0,1.0,0.0,0.0,0.0,0.0,0.0,0.0,0.0,0.0
24.6643,0.9982411242739025,0.05926566044908772,0.0014650163259582218,-0.00030500339891958994,0.0,0.0,9.8049,0.0,0.0,1.0,0.0,0.0,0.0,0.0,0.0,0.0,0.0,0.0
24.6844,0.9982375302646566,0.059326447532613735,0.0014650110513987104,-0.00024400184064254926,0.0,0.0,9.7668,0.0,0.0,1.0,0.0,0.0,0.0,0.0,0.0,0.0,0.0,0.0
24.7045,0.9982338247996222,0.05938722754613183,0.0015260058469934135,-0.00024400093490589694,0.0,0.0,9.8105,0.0,0.0,1.0,0.0,0.0,0.0,0.0,0.0,0.0,0.0,0.0
24.7245,0.9982338247996222,0.05938722754613183,0.0015260058469934135,-0.00024400093490589694,0.0,0.0,9.8096,0.0,0.0,1.0,0.0,0.0,0.0,0.0,0.0,0.0,0.0,0.0
24.7446,0.9982337300201015,0.05938722190748002,0.0015870059300380735,-0.00024400091173870655,0.0,0.0,9.8049,0.0,0.0,1.0,0.0,0.0,0.0,0.0,0.0,0.0,0.0,0.0
24.7647,0.9982301119470214,0.059448006666826814,0.0015870001779749524,-0.00024400002736352233,0.0,0.0,9.8483,0.0,0.0,1.0,0.0,0.0,0.0,0.0,0.0,0.0,0.0,0.0
24.7847,0.9982300134541442,0.059448000801240165,0.001648000022211757,-0.0002440000032886691,0.0,0.0,9.7712,0.0,0.0,1.0,0.0,0.0,0.0,0.0,0.0,0.0,0.0,0.0
24.8048,0.9982263917071021,0.05950878489335919,0.001647994042989407,-0.0002439991180154255,0.0,0.0,9.805,0.0,0.0,1.0,0.0,0.0,0.0,0.0,0.0,0.0,0.0,0.0
24.8249,0.9982263917071021,0.05950878489335919,0.001647994042989407,-0.0002439991180154255,0.0,0.0,9.7805,0.0,0.0,1.0,0.0,0.0,0.0,0.0,0.0,0.0,0.0,0.0
24.8449,0.9982227662851473,0.05956956832353888,0.0016479880577000591,-0.00024399823184395592,0.0,0.0,9.8104,0.0,0.0,1.0,0.0,0.0,0.0,0.0,0.0,0.0,0.0,0.0
24.865,0.9982227662851473,0.05956956832353888,0.0016479880577000591,-0.00024399823184395592,0.0,0.0,9.8049,0.0,0.0,1.0,0.0,0.0,0.0,0.0,0.0,0.0,0.0,0.0
24.8851,0.9982263917071021,0.05950878489335919,0.001647994042989407,-0.0002439991180154255,0.0,0.0,9.8008,0.0,0.0,1.0,0.0,0.0,0.0,0.0,0.0,0.0,0.0,0.0
24.9052,0.9982263917071021,0.05950878489335919,0.001647994042989407,-0.0002439991180154255,0.0,0.0,9.767,0.0,0.0,1.0,0.0,0.0,0.0,0.0,0.0,0.0,0.0,0.0
24.9253,0.9982227662851473,0.05956956832353888,0.0016479880577000591,-0.00024399823184395592,0.0,0.0,9.8105,0.0,0.0,1.0,0.0,0.0,0.0,0.0,0.0,0.0,0.0,0.0
24.9453,0.9982227662851473,0.05956956832353888,0.0016479880577000591,-0.00024399823184395592,0.0,0.0,9.7582,0.0,0.0,1.0,0.0,0.0,0.0,0.0,0.0,0.0,0.0,0.0
24.9654,0.9982227662851473,0.05956956832353888,0.0016479880577000591,-0.00024399823184395592,0.0,0.0,9.7622,0.0,0.0,1.0,0.0,0.0,0.0,0.0,0.0,0.0,0.0,0.0
24.9855,0.9982226640801126,0.059569562224389486,0.0017089874406829332,-0.00024399820686177298,0.0,0.0,9.8105,0.0,0.0,1.0,0.0,0.0,0.0,0.0,0.0,0.0,0.0,0.0
25.0056,0.9982226640801126,0.059569562224389486,0.0017089874406829332,-0.00024399820686177298,0.0,0.0,9.805,0.0,0.0,1.0,0.0,0.0,0.0,0.0,0.0,0.0,0.0,0.0
25.0258,0.9982227662851473,0.05956956832353888,0.0016479880577000591,-0.00024399823184395592,0.0,0.0,9.7755,0.0,0.0,1.0,0.0,0.0,0.0,0.0,0.0,0.0,0.0,0.0
25.0459,0.9982226640801126,0.059569562224389486,0.0017089874406829332,-0.00024399820686177298,0.0,0.0,9.8096,0.0,0.0,1.0,0.0,0.0,0.0,0.0,0.0,0.0,0.0,0.0
25.066,0.9982263917071021,0.05950878489335919,0.001647994042989407,-0.0002439991180154255,0.0,0.0,9.8049,0.0,0.0,1.0,0.0,0.0,0.0,0.0,0.0,0.0,0.0,0.0
25.086,0.9982226640801126,0.059569562224389486,0.0017089874406829332,-0.00024399820686177298,0.0,0.0,9.7721,0.0,0.0,1.0,0.0,0.0,0.0,0.0,0.0,0.0,0.0,0.0
25.1061,0.9982226640801126,0.059569562224389486,0.0017089874406829332,-0.00024399820686177298,0.0,0.0,9.8484,0.0,0.0,1.0,0.0,0.0,0.0,0.0,0.0,0.0,0.0,0.0
25.1262,0.9982227662851473,0.05956956832353888,0.0016479880577000591,-0.00024399823184395592,0.0,0.0,9.7624,0.0,0.0,1.0,0.0,0.0,0.0,0.0,0.0,0.0,0.0,0.0
25.1462,0.9982227662851473,0.05956956832353888,0.0016479880577000591,-0.00024399823184395592,0.0,0.0,9.767,0.0,0.0,1.0,0.0,0.0,0.0,0.0,0.0,0.0,0.0,0.0
25.1663,0.9982190349844808,0.05963034498578442,0.0017089812275612667,-0.00024399731979229955,0.0,0.0,9.8147,0.0,0.0,1.0,0.0,0.0,0.0,0.0,0.0,0.0,0.0,0.0
25.1864,0.9982190349844808,0.05963034498578442,0.0017089812275612667,-0.00024399731979229955,0.0,0.0,9.8918,0.0,0.0,1.0,0.0,0.0,0.0,0.0,0.0,0.0,0.0,0.0
25.2065,0.9982190349844808,0.05963034498578442,0.0017089812275612667,-0.00024399731979229955,0.0,0.0,9.767,0.0,0.0,1.0,0.0,0.0,0.0,0.0,0.0,0.0,0.0,0.0
25.2266,0.9982190349844808,0.05963034498578442,0.0017089812275612667,-0.00024399731979229955,0.0,0.0,9.767,0.0,0.0,1.0,0.0,0.0,0.0,0.0,0.0,0.0,0.0,0.0
25.2467,0.9982226640801126,0.059569562224389486,0.0017089874406829332,-0.00024399820686177298,0.0,0.0,9.8353,0.0,0.0,1.0,0.0,0.0,0.0,0.0,0.0,0.0,0.0,0.0
25.2668,0.9982190182701698,0.05963034398732607,0.0017089811989458616,-0.00030499664463340403,0.0,0.0,9.8105,0.0,0.0,1.0,0.0,0.0,0.0,0.0,0.0,0.0,0.0,0.0
25.2868,0.9982189123519962,0.05963033766012031,0.0017699803400649562,-0.000304996612271069,0.0,0.0,9.8493,0.0,0.0,1.0,0.0,0.0,0.0,0.0,0.0,0.0,0.0,0.0
25.3069,0.9982189123519962,0.05963033766012031,0.0017699803400649562,-0.000304996612271069,0.0,0.0,9.8008,0.0,0.0,1.0,0.0,0.0,0.0,0.0,0.0,0.0,0.0,0.0
25.327,0.9982189123519962,0.05963033766012031,0.0017699803400649562,-0.000304996612271069,0.0,0.0,9.8019,0.0,0.0,1.0,0.0,0.0,0.0,0.0,0.0,0.0,0.0,0.0
25.3471,0.9982151699518018,0.05969111319511833,0.0018309727980342812,-0.00030499546881518347,0.0,0.0,9.7757,0.0,0.0,1.0,0.0,0.0,0.0,0.0,0.0,0.0,0.0,0.0
25.3672,0.9982153855000507,0.059691126084438495,0.0017089749795333664,-0.0003049955346739464,0.0,0.0,9.7624,0.0,0.0,1.0,0.0,0.0,0.0,0.0,0.0,0.0,0.0,0.0
25.3873,0.9982189123519962,0.05963033766012031,0.0017699803400649562,-0.000304996612271069,0.0,0.0,9.8095,0.0,0.0,1.0,0.0,0.0,0.0,0.0,0.0,0.0,0.0,0.0
25.4074,0.9982188027195676,0.05963033111103707,0.0018309794614262583,-0.000304996578773975,0.0,0.0,9.7622,0.0,0.0,1.0,0.0,0.0,0.0,0.0,0.0,0.0,0.0,0.0
25.4275,0.9982188027195676,0.05963033111103707,0.0018309794614262583,-0.000304996578773975,0.0,0.0,9.7582,0.0,0.0,1.0,0.0,0.0,0.0,0.0,0.0,0.0,0.0,0.0
25.4475,0.9982188027195676,0.05963033111103707,0.0018309794614262583,-0.000304996578773975,0.0,0.0,9.8147,0.0,0.0,1.0,0.0,0.0,0.0,0.0,0.0,0.0,0.0,0.0
25.4676,0.9982151699518018,0.05969111319511833,0.0018309727980342812,-0.00030499546881518347,0.0,0.0,9.8105,0.0,0.0,1.0,0.0,0.0,0.0,0.0,0.0,0.0,0.0,0.0
25.4877,0.9982152795830336,0.05969111975082942,0.001769973898662611,-0.00030499550231199995,0.0,0.0,9.801,0.0,0.0,1.0,0.0,0.0,0.0,0.0,0.0,0.0,0.0,0.0
25.5077,0.9982152795830336,0.05969111975082942,0.001769973898662611,-0.00030499550231199995,0.0,0.0,9.805,0.0,0.0,1.0,0.0,0.0,0.0,0.0,0.0,0.0,0.0,0.0
25.5278,0.9982151699518018,0.05969111319511833,0.0018309727980342812,-0.00030499546881518347,0.0,0.0,9.7757,0.0,0.0,1.0,0.0,0.0,0.0,0.0,0.0,0.0,0.0,0.0
25.5479,0.9982152795830336,0.05969111975082942,0.001769973898662611,-0.00030499550231199995,0.0,0.0,9.8437,0.0,0.0,1.0,0.0,0.0,0.0,0.0,0.0,0.0,0.0,0.0
25.5679,0.9982152962971568,0.059691120750297914,0.0017699739282990674,-0.00024399640593508745,0.0,0.0,9.8061,0.0,0.0,1.0,0.0,0.0,0.0,0.0,0.0,0.0,0.0,0.0
25.588,0.9982151699518018,0.05969111319511833,0.0018309727980342812,-0.00030499546881518347,0.0,0.0,9.8147,0.0,0.0,1.0,0.0,0.0,0.0,0.0,0.0,0.0,0.0,0.0
25.6081,0.9982152962971568,0.059691120750297914,0.0017699739282990674,-0.00024399640593508745,0.0,0.0,9.801,0.0,0.0,1.0,0.0,0.0,0.0,0.0,0.0,0.0,0.0,0.0
25.6282,0.9982190182701698,0.05963034398732607,0.0017089811989458616,-0.00030499664463340403,0.0,0.0,9.8049,0.0,0.0,1.0,0.0,0.0,0.0,0.0,0.0,0.0,0.0,0.0
25.6482,0.9982152795830336,0.05969111975082942,0.001769973898662611,-0.00030499550231199995,0.0,0.0,9.8065,0.0,0.0,1.0,0.0,0.0,0.0,0.0,0.0,0.0,0.0,0.0
25.6683,0.9982151699518018,0.05969111319511833,0.0018309727980342812,-0.00030499546881518347,0.0,0.0,9.7665,0.0,0.0,1.0,0.0,0.0,0.0,0.0,0.0,0.0,0.0,0.0
25.6884,0.9982189123519962,0.05963033766012031,0.0017699803400649562,-0.000304996612271069,0.0,0.0,9.7668,0.0,0.0,1.0,0.0,0.0,0.0,0.0,0.0,0.0,0.0,0.0
25.7084,0.9982152795830336,0.05969111975082942,0.001769973898662611,-0.00030499550231199995,0.0,0.0,9.8438,0.0,0.0,1.0,0.0,0.0,0.0,0.0,0.0,0.0,0.0,0.0
25.7285,0.9982152795830336,0.05969111975082942,0.001769973898662611,-0.00030499550231199995,0.0,0.0,9.8096,0.0,0.0,1.0,0.0,0.0,0.0,0.0,0.0,0.0,0.0,0.0
25.7486,0.9982190182701698,0.05963034398732607,0.0017089811989458616,-0.00030499664463340403,0.0,0.0,9.8095,0.0,0.0,1.0,0.0,0.0,0.0,0.0,0.0,0.0,0.0,0.0
25.7686,0.9982153855000507,0.059691126084438495,0.0017089749795333664,-0.0003049955346739464,0.0,0.0,9.767,0.0,0.0,1.0,0.0,0.0,0.0,0.0,0.0,0.0,0.0,0.0
25.7887,0.9982152795830336,0.05969111975082942,0.001769973898662611,-0.00030499550231199995,0.0,0.0,9.8061,0.0,0.0,1.0,0.0,0.0,0.0,0.0,0.0,0.0,0.0,0.0
25.8088,0.9982152795830336,0.05969111975082942,0.001769973898662611,-0.00030499550231199995,0.0,0.0,9.8049,0.0,0.0,1.0,0.0,0.0,0.0,0.0,0.0,0.0,0.0,0.0
25.8289,0.9982153855000507,0.059691126084438495,0.0017089749795333664,-0.0003049955346739464,0.0,0.0,9.8049,0.0,0.0,1.0,0.0,0.0,0.0,0.0,0.0,0.0,0.0,0.0
25.8489,0.9982153855000507,0.059691126084438495,0.0017089749795333664,-0.0003049955346739464,0.0,0.0,9.8492,0.0,0.0,1.0,0.0,0.0,0.0,0.0,0.0,0.0,0.0,0.0
25.869,0.9982117490553829,0.059751907517612474,0.0017089687538299411,-0.0003049944235916091,0.0,0.0,9.7624,0.0,0.0,1.0,0.0,0.0,0.0,0.0,0.0,0.0,0.0,0.0
25.8891,0.9982116227113749,0.05975189995479277,0.0017699674145228508,-0.0003659932619861639,0.0,0.0,9.8095,0.0,0.0,1.0,0.0,0.0,0.0,0.0,0.0,0.0,0.0,0.0
25.9091,0.9982116227113749,0.05975189995479277,0.0017699674145228508,-0.0003659932619861639,0.0,0.0,9.8104,0.0,0.0,1.0,0.0,0.0,0.0,0.0,0.0,0.0,0.0,0.0
25.9292,0.9982116227113749,0.05975189995479277,0.0017699674145228508,-0.0003659932619861639,0.0,0.0,9.8096,0.0,0.0,1.0,0.0,0.0,0.0,0.0,0.0,0.0,0.0,0.0
25.9493,0.9982152591546619,0.059691118529256876,0.0017699738624402837,-0.0003659945952843025,0.0,0.0,9.8438,0.0,0.0,1.0,0.0,0.0,0.0,0.0,0.0,0.0,0.0,0.0
25.9693,0.9982116227113749,0.05975189995479277,0.0017699674145228508,-0.0003659932619861639,0.0,0.0,9.8105,0.0,0.0,1.0,0.0,0.0,0.0,0.0,0.0,0.0,0.0,0.0
25.9894,0.9982152591546619,0.059691118529256876,0.0017699738624402837,-0.0003659945952843025,0.0,0.0,9.8008,0.0,0.0,1.0,0.0,0.0,0.0,0.0,0.0,0.0,0.0,0.0
26.0095,0.9982152591546619,0.059691118529256876,0.0017699738624402837,-0.0003659945952843025,0.0,0.0,9.7582,0.0,0.0,1.0,0.0,0.0,0.0,0.0,0.0,0.0,0.0,0.0
26.0296,0.9982152591546619,0.059691118529256876,0.0017699738624402837,-0.0003659945952843025,0.0,0.0,9.8096,0.0,0.0,1.0,0.0,0.0,0.0,0.0,0.0,0.0,0.0,0.0
26.0496,0.9982116227113749,0.05975189995479277,0.0017699674145228508,-0.0003659932619861639,0.0,0.0,9.8104,0.0,0.0,1.0,0.0,0.0,0.0,0.0,0.0,0.0,0.0,0.0
26.0697,0.9982152591546619,0.059691118529256876,0.0017699738624402837,-0.0003659945952843025,0.0,0.0,9.805,0.0,0.0,1.0,0.0,0.0,0.0,0.0,0.0,0.0,0.0,0.0
26.0898,0.9982151495234368,0.059691111973546165,0.0018309727605636227,-0.0003659945550880672,0.0,0.0,9.8096,0.0,0.0,1.0,0.0,0.0,0.0,0.0,0.0,0.0,0.0,0.0
26.1098,0.9982187581481045,0.059630328448483434,0.001830979379671211,-0.00042699519121780494,0.0,0.0,9.767,0.0,0.0,1.0,0.0,0.0,0.0,0.0,0.0,0.0,0.0,0.0
26.1299,0.9982187581481045,0.059630328448483434,0.001830979379671211,-0.00042699519121780494,0.0,0.0,9.8095,0.0,0.0,1.0,0.0,0.0,0.0,0.0,0.0,0.0,0.0,0.0
26.15,0.9982188919234016,0.059630336439782786,0.001769980303842237,-0.00036599592723518537,0.0,0.0,9.8438,0.0,0.0,1.0,0.0,0.0,0.0,0.0,0.0,0.0,0.0,0.0
26.17,0.9982188677805185,0.0596303349975658,0.0017699802610335567,-0.0004269952381137365,0.0,0.0,9.7668,0.0,0.0,1.0,0.0,0.0,0.0,0.0,0.0,0.0,0.0,0.0
26.1901,0.9982187581481045,0.059630328448483434,0.001830979379671211,-0.00042699519121780494,0.0,0.0,9.8104,0.0,0.0,1.0,0.0,0.0,0.0,0.0,0.0,0.0,0.0,0.0
26.2102,0.9982187581481045,0.059630328448483434,0.001830979379671211,-0.00042699519121780494,0.0,0.0,9.8453,0.0,0.0,1.0,0.0,0.0,0.0,0.0,0.0,0.0,0.0,0.0
26.2302,0.9982186448014395,0.05963032167752387,0.001891978477870166,-0.00042699514273281114,0.0,0.0,9.8484,0.0,0.0,1.0,0.0,0.0,0.0,0.0,0.0,0.0,0.0,0.0
26.2503,0.9982223872407169,0.05956954570382528,0.0018309860363220527,-0.0004269967435879818,0.0,0.0,9.8049,0.0,0.0,1.0,0.0,0.0,0.0,0.0,0.0,0.0,0.0,0.0
26.2704,0.9982223872407169,0.05956954570382528,0.0018309860363220527,-0.0004269967435879818,0.0,0.0,9.767,0.0,0.0,1.0,0.0,0.0,0.0,0.0,0.0,0.0,0.0,0.0
26.2904,0.9982223872407169,0.05956954570382528,0.0018309860363220527,-0.0004269967435879818,0.0,0.0,9.805,0.0,0.0,1.0,0.0,0.0,0.0,0.0,0.0,0.0,0.0,0.0
26.3105,0.998226122293346,0.05950876883238805,0.0017699931242892188,-0.00042699834128323566,0.0,0.0,9.7624,0.0,0.0,1.0,0.0,0.0,0.0,0.0,0.0,0.0,0.0,0.0
26.3306,0.9982222738928157,0.05956953893971833,0.0018919853562858434,-0.0004269966951025439,0.0,0.0,9.8152,0.0,0.0,1.0,0.0,0.0,0.0,0.0,0.0,0.0,0.0,0.0
26.3506,0.9982222738928157,0.05956953893971833,0.0018919853562858434,-0.0004269966951025439,0.0,0.0,9.805,0.0,0.0,1.0,0.0,0.0,0.0,0.0,0.0,0.0,0.0,0.0
26.3707,0.9982260126585416,0.05950876229656208,0.001830992686232432,-0.00042699829438619386,0.0,0.0,9.8049,0.0,0.0,1.0,0.0,0.0,0.0,0.0,0.0,0.0,0.0,0.0
26.3908,0.9982260126585416,0.05950876229656208,0.001830992686232432,-0.00042699829438619386,0.0,0.0,9.8096,0.0,0.0,1.0,0.0,0.0,0.0,0.0,0.0,0.0,0.0,0.0
26.4109,0.9982258993094053,0.059508755539307984,0.0018919922277365014,-0.00042699824590031177,0.0,0.0,9.7665,0.0,0.0,1.0,0.0,0.0,0.0,0.0,0.0,0.0,0.0,0.0
26.431,0.9982260126585416,0.05950876229656208,0.001830992686232432,-0.00042699829438619386,0.0,0.0,9.8049,0.0,0.0,1.0,0.0,0.0,0.0,0.0,0.0,0.0,0.0,0.0
26.4511,0.9982223872407169,0.05956954570382528,0.0018309860363220527,-0.0004269967435879818,0.0,0.0,9.8095,0.0,0.0,1.0,0.0,0.0,0.0,0.0,0.0,0.0,0.0,0.0
26.4712,0.9982222738928157,0.05956953893971833,0.0018919853562858434,-0.0004269966951025439,0.0,0.0,9.7668,0.0,0.0,1.0,0.0,0.0,0.0,0.0,0.0,0.0,0.0,0.0
26.4912,0.9982222738928157,0.05956953893971833,0.0018919853562858434,-0.0004269966951025439,0.0,0.0,9.8049,0.0,0.0,1.0,0.0,0.0,0.0,0.0,0.0,0.0,0.0,0.0
26.5113,0.9982258993094053,0.059508755539307984,0.0018919922277365014,-0.00042699824590031177,0.0,0.0,9.8437,0.0,0.0,1.0,0.0,0.0,0.0,0.0,0.0,0.0,0.0,0.0
26.5314,0.9982222738928157,0.05956953893971833,0.0018919853562858434,-0.0004269966951025439,0.0,0.0,9.8096,0.0,0.0,1.0,0.0,0.0,0.0,0.0,0.0,0.0,0.0,0.0
26.5515,0.9982222738928157,0.05956953893971833,0.0018919853562858434,-0.0004269966951025439,0.0,0.0,9.8095,0.0,0.0,1.0,0.0,0.0,0.0,0.0,0.0,0.0,0.0,0.0
26.5715,0.9982258993094053,0.059508755539307984,0.0018919922277365014,-0.00042699824590031177,0.0,0.0,9.7668,0.0,0.0,1.0,0.0,0.0,0.0,0.0,0.0,0.0,0.0,0.0
26.5916,0.9982222738928157,0.05956953893971833,0.0018919853562858434,-0.0004269966951025439,0.0,0.0,9.8019,0.0,0.0,1.0,0.0,0.0,0.0,0.0,0.0,0.0,0.0,0.0
26.6116,0.9982222738928157,0.05956953893971833,0.0018919853562858434,-0.0004269966951025439,0.0,0.0,9.8096,0.0,0.0,1.0,0.0,0.0,0.0,0.0,0.0,0.0,0.0,0.0
26.6317,0.9982224113838554,0.05956954714458218,0.0018309860806065212,-0.00036599721764180027,0.0,0.0,9.7668,0.0,0.0,1.0,0.0,0.0,0.0,0.0,0.0,0.0,0.0,0.0
26.6518,0.9982224113838554,0.05956954714458218,0.0018309860806065212,-0.00036599721764180027,0.0,0.0,9.7668,0.0,0.0,1.0,0.0,0.0,0.0,0.0,0.0,0.0,0.0,0.0
26.6718,0.9982222980359458,0.05956954038047474,0.0018919854020456386,-0.0003659971760828218,0.0,0.0,9.805,0.0,0.0,1.0,0.0,0.0,0.0,0.0,0.0,0.0,0.0,0.0
26.6919,0.9982259234527986,0.059508756978604735,0.0018919922734968002,-0.0003659985053381942,0.0,0.0,9.8438,0.0,0.0,1.0,0.0,0.0,0.0,0.0,0.0,0.0,0.0,0.0
26.712,0.9982260368019431,0.05950876373585931,0.0018309927305173793,-0.0003659985468976168,0.0,0.0,9.8483,0.0,0.0,1.0,0.0,0.0,0.0,0.0,0.0,0.0,0.0,0.0
26.7321,0.9982259234527986,0.059508756978604735,0.0018919922734968002,-0.0003659985053381942,0.0,0.0,9.8492,0.0,0.0,1.0,0.0,0.0,0.0,0.0,0.0,0.0,0.0,0.0
26.7521,0.9982259234527986,0.059508756978604735,0.0018919922734968002,-0.0003659985053381942,0.0,0.0,9.8403,0.0,0.0,1.0,0.0,0.0,0.0,0.0,0.0,0.0,0.0,0.0
26.7722,0.9982259234527986,0.059508756978604735,0.0018919922734968002,-0.0003659985053381942,0.0,0.0,9.8019,0.0,0.0,1.0,0.0,0.0,0.0,0.0,0.0,0.0,0.0,0.0
26.7923,0.9982259234527986,0.059508756978604735,0.0018919922734968002,-0.0003659985053381942,0.0,0.0,9.7622,0.0,0.0,1.0,0.0,0.0,0.0,0.0,0.0,0.0,0.0,0.0
26.8123,0.9982224113838554,0.05956954714458218,0.0018309860806065212,-0.00036599721764180027,0.0,0.0,9.8493,0.0,0.0,1.0,0.0,0.0,0.0,0.0,0.0,0.0,0.0,0.0
26.8324,0.9982260368019431,0.05950876373585931,0.0018309927305173793,-0.0003659985468976168,0.0,0.0,9.8398,0.0,0.0,1.0,0.0,0.0,0.0,0.0,0.0,0.0,0.0,0.0
26.8525,0.9982260126585416,0.05950876229656208,0.001830992686232432,-0.00042699829438619386,0.0,0.0,9.8095,0.0,0.0,1.0,0.0,0.0,0.0,0.0,0.0,0.0,0.0,0.0
26.8726,0.998226122293346,0.05950876883238805,0.0017699931242892188,-0.00042699834128323566,0.0,0.0,9.8104,0.0,0.0,1.0,0.0,0.0,0.0,0.0,0.0,0.0,0.0,0.0
26.8926,0.9982222738928157,0.05956953893971833,0.0018919853562858434,-0.0004269966951025439,0.0,0.0,9.8065,0.0,0.0,1.0,0.0,0.0,0.0,0.0,0.0,0.0,0.0,0.0
26.9127,0.9982260126585416,0.05950876229656208,0.001830992686232432,-0.00042699829438619386,0.0,0.0,9.805,0.0,0.0,1.0,0.0,0.0,0.0,0.0,0.0,0.0,0.0,0.0
26.9328,0.9982260126585416,0.05950876229656208,0.001830992686232432,-0.00042699829438619386,0.0,0.0,9.8095,0.0,0.0,1.0,0.0,0.0,0.0,0.0,0.0,0.0,0.0,0.0
26.9528,0.9982260126585416,0.05950876229656208,0.001830992686232432,-0.00042699829438619386,0.0,0.0,9.8049,0.0,0.0,1.0,0.0,0.0,0.0,0.0,0.0,0.0,0.0,0.0
26.9729,0.9982260126585416,0.05950876229656208,0.001830992686232432,-0.00042699829438619386,0.0,0.0,9.8398,0.0,0.0,1.0,0.0,0.0,0.0,0.0,0.0,0.0,0.0,0.0
26.993,0.9982260126585416,0.05950876229656208,0.001830992686232432,-0.00042699829438619386,0.0,0.0,9.8061,0.0,0.0,1.0,0.0,0.0,0.0,0.0,0.0,0.0,0.0,0.0
27.013,0.998225782245941,0.05950874856062602,0.0019529917481205077,-0.00042699819582570075,0.0,0.0,9.8207,0.0,0.0,1.0,0.0,0.0,0.0,0.0,0.0,0.0,0.0,0.0
27.0331,0.9982259234527986,0.059508756978604735,0.0018919922734968002,-0.0003659985053381942,0.0,0.0,9.8049,0.0,0.0,1.0,0.0,0.0,0.0,0.0,0.0,0.0,0.0,0.0
27.0532,0.9982259234527986,0.059508756978604735,0.0018919922734968002,-0.0003659985053381942,0.0,0.0,9.8049,0.0,0.0,1.0,0.0,0.0,0.0,0.0,0.0,0.0,0.0,0.0
27.0732,0.9982296585451224,0.05944797966519784,0.0018309993736875564,-0.00036599987480590013,0.0,0.0,9.8017,0.0,0.0,1.0,0.0,0.0,0.0,0.0,0.0,0.0,0.0,0.0
27.0933,0.9982296585451224,0.05944797966519784,0.0018309993736875564,-0.00036599987480590013,0.0,0.0,9.8105,0.0,0.0,1.0,0.0,0.0,0.0,0.0,0.0,0.0,0.0,0.0
27.1134,0.9982258063893258,0.05950874999992224,0.0019529917953561467,-0.0003659984624170276,0.0,0.0,9.7771,0.0,0.0,1.0,0.0,0.0,0.0,0.0,0.0,0.0,0.0,0.0
27.1335,0.9982255369760435,0.05950873393897936,0.002074990722804662,-0.00042699809090973595,0.0,0.0,9.8117,0.0,0.0,1.0,0.0,0.0,0.0,0.0,0.0,0.0,0.0,0.0
27.1535,0.9982291587137824,0.059447949898537356,0.002074998251235794,-0.0004269996401338183,0.0,0.0,9.8096,0.0,0.0,1.0,0.0,0.0,0.0,0.0,0.0,0.0,0.0,0.0
27.1736,0.9982292832072462,0.0594479573125476,0.0020139985538196637,-0.00042699969338672045,0.0,0.0,9.8049,0.0,0.0,1.0,0.0,0.0,0.0,0.0,0.0,0.0,0.0,0.0
27.1937,0.9982256856115284,0.05950874279981211,0.0020139912954145085,-0.0003659984181339504,0.0,0.0,9.8483,0.0,0.0,1.0,0.0,0.0,0.0,0.0,0.0,0.0,0.0,0.0
27.2137,0.9982256856115284,0.05950874279981211,0.0020139912954145085,-0.0003659984181339504,0.0,0.0,9.7538,0.0,0.0,1.0,0.0,0.0,0.0,0.0,0.0,0.0,0.0,0.0
27.2338,0.9982292832072462,0.0594479573125476,0.0020139985538196637,-0.00042699969338672045,0.0,0.0,9.8105,0.0,0.0,1.0,0.0,0.0,0.0,0.0,0.0,0.0,0.0,0.0
27.2539,0.9982256614681524,0.0595087413605164,0.0020139912467035358,-0.0004269981441620829,0.0,0.0,9.8535,0.0,0.0,1.0,0.0,0.0,0.0,0.0,0.0,0.0,0.0,0.0
27.2739,0.9982255369760435,0.05950873393897936,0.002074990722804662,-0.00042699809090973595,0.0,0.0,9.7625,0.0,0.0,1.0,0.0,0.0,0.0,0.0,0.0,0.0,0.0,0.0
27.294,0.9982291587137824,0.059447949898537356,0.002074998251235794,-0.0004269996401338183,0.0,0.0,9.8703,0.0,0.0,1.0,0.0,0.0,0.0,0.0,0.0,0.0,0.0,0.0
27.314,0.9982292832072462,0.0594479573125476,0.0020139985538196637,-0.00042699969338672045,0.0,0.0,9.7722,0.0,0.0,1.0,0.0,0.0,0.0,0.0,0.0,0.0,0.0,0.0
27.3341,0.998225782245941,0.05950874856062602,0.0019529917481205077,-0.00042699819582570075,0.0,0.0,9.767,0.0,0.0,1.0,0.0,0.0,0.0,0.0,0.0,0.0,0.0,0.0
27.3542,0.9982255369760435,0.05950873393897936,0.002074990722804662,-0.00042699809090973595,0.0,0.0,9.7726,0.0,0.0,1.0,0.0,0.0,0.0,0.0,0.0,0.0,0.0,0.0
27.3742,0.9982291587137824,0.059447949898537356,0.002074998251235794,-0.0004269996401338183,0.0,0.0,9.8065,0.0,0.0,1.0,0.0,0.0,0.0,0.0,0.0,0.0,0.0,0.0
27.3943,0.9982291828574121,0.05944795133637283,0.002074998301422659,-0.0003659997003955251,0.0,0.0,9.8453,0.0,0.0,1.0,0.0,0.0,0.0,0.0,0.0,0.0,0.0,0.0
27.4144,0.9982291828574121,0.05944795133637283,0.002074998301422659,-0.0003659997003955251,0.0,0.0,9.8049,0.0,0.0,1.0,0.0,0.0,0.0,0.0,0.0,0.0,0.0,0.0
27.4345,0.9982330666251054,0.05938718244058497,0.0019530059997383727,-0.00030500093697916064,0.0,0.0,9.8287,0.0,0.0,1.0,0.0,0.0,0.0,0.0,0.0,0.0,0.0,0.0
27.4545,0.9982330461956417,0.059387181225189156,0.0019530059597688866,-0.00036600111688445125,0.0,0.0,9.7691,0.0,0.0,1.0,0.0,0.0,0.0,0.0,0.0,0.0,0.0,0.0
27.4746,0.9982256614681524,0.0595087413605164,0.0020139912467035358,-0.0004269981441620829,0.0,0.0,9.8147,0.0,0.0,1.0,0.0,0.0,0.0,0.0,0.0,0.0,0.0,0.0
27.4947,0.9982290305059621,0.059447942263324526,0.0021359979254888563,-0.00042699958529202053,0.0,0.0,9.8127,0.0,0.0,1.0,0.0,0.0,0.0,0.0,0.0,0.0,0.0,0.0
27.5147,0.9982254087696187,0.05950872629601519,0.00213599017574298,-0.0004269980360684378,0.0,0.0,9.8147,0.0,0.0,1.0,0.0,0.0,0.0,0.0,0.0,0.0,0.0,0.0
27.5348,0.9982292832072462,0.0594479573125476,0.0020139985538196637,-0.00042699969338672045,0.0,0.0,9.8095,0.0,0.0,1.0,0.0,0.0,0.0,0.0,0.0,0.0,0.0,0.0
27.5549,0.9982292832072462,0.0594479573125476,0.0020139985538196637,-0.00042699969338672045,0.0,0.0,9.8095,0.0,0.0,1.0,0.0,0.0,0.0,0.0,0.0,0.0,0.0,0.0
27.5749,0.9982329012713151,0.05938717260330745,0.002014005853521166,-0.0004270012410395041,0.0,0.0,9.7582,0.0,0.0,1.0,0.0,0.0,0.0,0.0,0.0,0.0,0.0,0.0
27.595,0.9982294039863495,0.059447964505354986,0.0019529988339213947,-0.00042699974505100435,0.0,0.0,9.7668,0.0,0.0,1.0,0.0,0.0,0.0,0.0,0.0,0.0,0.0,0.0
27.6151,0.9982295210510881,0.05944797147695931,0.0018919990922218986,-0.0004269997951262816,0.0,0.0,9.8483,0.0,0.0,1.0,0.0,0.0,0.0,0.0,0.0,0.0,0.0,0.0
27.6351,0.9982328734129697,0.05938717094595038,0.002014005797314977,-0.0004880014047118908,0.0,0.0,9.8015,0.0,0.0,1.0,0.0,0.0,0.0,0.0,0.0,0.0,0.0,0.0
27.6552,0.9982327489181626,0.05938716353946778,0.0020750057141191887,-0.00048800134385068583,0.0,0.0,9.801,0.0,0.0,1.0,0.0,0.0,0.0,0.0,0.0,0.0,0.0,0.0
27.6753,0.9982256336104129,0.05950873969979068,0.002013991190498564,-0.00048799786542375035,0.0,0.0,9.7757,0.0,0.0,1.0,0.0,0.0,0.0,0.0,0.0,0.0,0.0,0.0
27.6953,0.9982256336104129,0.05950873969979068,0.002013991190498564,-0.00048799786542375035,0.0,0.0,9.7721,0.0,0.0,1.0,0.0,0.0,0.0,0.0,0.0,0.0,0.0,0.0
27.7154,0.9982291308557503,0.05944794823949655,0.002074998193327883,-0.000487999575105591,0.0,0.0,9.8438,0.0,0.0,1.0,0.0,0.0,0.0,0.0,0.0,0.0,0.0,0.0
27.7355,0.9982292553492038,0.05944795565350616,0.0020139984976140814,-0.00048799963596612983,0.0,0.0,9.8008,0.0,0.0,1.0,0.0,0.0,0.0,0.0,0.0,0.0,0.0,0.0
27.7555,0.9982292553492038,0.05944795565350616,0.0020139984976140814,-0.00048799963596612983,0.0,0.0,9.8201,0.0,0.0,1.0,0.0,0.0,0.0,0.0,0.0,0.0,0.0,0.0
27.7756,0.9982292553492038,0.05944795565350616,0.0020139984976140814,-0.00048799963596612983,0.0,0.0,9.7622,0.0,0.0,1.0,0.0,0.0,0.0,0.0,0.0,0.0,0.0,0.0
27.7957,0.9982292832072462,0.0594479573125476,0.0020139985538196637,-0.00042699969338672045,0.0,0.0,9.7941,0.0,0.0,1.0,0.0,0.0,0.0,0.0,0.0,0.0,0.0,0.0
27.8158,0.9982256336104129,0.05950873969979068,0.002013991190498564,-0.00048799786542375035,0.0,0.0,9.7805,0.0,0.0,1.0,0.0,0.0,0.0,0.0,0.0,0.0,0.0,0.0
27.8359,0.9982256336104129,0.05950873969979068,0.002013991190498564,-0.00048799786542375035,0.0,0.0,9.7805,0.0,0.0,1.0,0.0,0.0,0.0,0.0,0.0,0.0,0.0,0.0
27.856,0.9982290026479407,0.05944794060428437,0.0021359978658786194,-0.0004879995124291714,0.0,0.0,9.8031,0.0,0.0,1.0,0.0,0.0,0.0,0.0,0.0,0.0,0.0,0.0
27.8761,0.9982252489911749,0.059508716770900326,0.002196989543525662,-0.00048799767739671207,0.0,0.0,9.8152,0.0,0.0,1.0,0.0,0.0,0.0,0.0,0.0,0.0,0.0,0.0
27.8961,0.9982253809119006,0.05950872463529075,0.0021359901161333884,-0.0004879977418882353,0.0,0.0,9.8095,0.0,0.0,1.0,0.0,0.0,0.0,0.0,0.0,0.0,0.0,0.0
27.9162,0.9982255369760435,0.05950873393897936,0.002074990722804662,-0.00042699809090973595,0.0,0.0,9.8096,0.0,0.0,1.0,0.0,0.0,0.0,0.0,0.0,0.0,0.0,0.0
27.9363,0.9982255091183146,0.059508732278254296,0.0020749906648973755,-0.00048799780456382225,0.0,0.0,9.8008,0.0,0.0,1.0,0.0,0.0,0.0,0.0,0.0,0.0,0.0,0.0
27.9564,0.9982255091183146,0.059508732278254296,0.0020749906648973755,-0.00048799780456382225,0.0,0.0,9.8061,0.0,0.0,1.0,0.0,0.0,0.0,0.0,0.0,0.0,0.0,0.0
27.9765,0.9982220081967182,0.059569523084137425,0.00201398387596867,-0.00048799609308486375,0.0,0.0,9.8492,0.0,0.0,1.0,0.0,0.0,0.0,0.0,0.0,0.0,0.0,0.0
27.9966,0.9982256336104129,0.05950873969979068,0.002013991190498564,-0.00048799786542375035,0.0,0.0,9.8437,0.0,0.0,1.0,0.0,0.0,0.0,0.0,0.0,0.0,0.0,0.0
28.0167,0.9982255091183146,0.059508732278254296,0.0020749906648973755,-0.00048799780456382225,0.0,0.0,9.8015,0.0,0.0,1.0,0.0,0.0,0.0,0.0,0.0,0.0,0.0,0.0
28.0367,0.9982218837059763,0.059569515655074484,0.00207498312882793,-0.0004879960322255461,0.0,0.0,9.738,0.0,0.0,1.0,0.0,0.0,0.0,0.0,0.0,0.0,0.0,0.0
28.0568,0.9982220081967182,0.059569523084137425,0.00201398387596867,-0.00048799609308486375,0.0,0.0,9.767,0.0,0.0,1.0,0.0,0.0,0.0,0.0,0.0,0.0,0.0,0.0
28.0769,0.9982218837059763,0.059569515655074484,0.00207498312882793,-0.0004879960322255461,0.0,0.0,9.8096,0.0,0.0,1.0,0.0,0.0,0.0,0.0,0.0,0.0,0.0,0.0
28.097,0.9982220081967182,0.059569523084137425,0.00201398387596867,-0.00048799609308486375,0.0,0.0,9.7622,0.0,0.0,1.0,0.0,0.0,0.0,0.0,0.0,0.0,0.0,0.0
28.1171,0.9982220081967182,0.059569523084137425,0.00201398387596867,-0.00048799609308486375,0.0,0.0,9.8484,0.0,0.0,1.0,0.0,0.0,0.0,0.0,0.0,0.0,0.0,0.0
28.1372,0.998222036054154,0.05956952474654735,0.0020139839321730198,-0.0004269965933654807,0.0,0.0,9.9091,0.0,0.0,1.0,0.0,0.0,0.0,0.0,0.0,0.0,0.0,0.0
28.1573,0.9982184998833853,0.05963031302059261,0.0019529775004480528,-0.00048799437799212925,0.0,0.0,9.7757,0.0,0.0,1.0,0.0,0.0,0.0,0.0,0.0,0.0,0.0,0.0
28.1773,0.9982182546188557,0.05963029836929063,0.0020749755851197926,-0.0004879942580907626,0.0,0.0,9.8117,0.0,0.0,1.0,0.0,0.0,0.0,0.0,0.0,0.0,0.0,0.0
28.1974,0.9982182546188557,0.05963029836929063,0.0020749755851197926,-0.0004879942580907626,0.0,0.0,9.805,0.0,0.0,1.0,0.0,0.0,0.0,0.0,0.0,0.0,0.0,0.0
28.2175,0.9982184998833853,0.05963031302059261,0.0019529775004480528,-0.00048799437799212925,0.0,0.0,9.7668,0.0,0.0,1.0,0.0,0.0,0.0,0.0,0.0,0.0,0.0,0.0
28.2376,0.9982182546188557,0.05963029836929063,0.0020749755851197926,-0.0004879942580907626,0.0,0.0,9.8449,0.0,0.0,1.0,0.0,0.0,0.0,0.0,0.0,0.0,0.0,0.0
28.2577,0.99821837910824,0.05963030580587987,0.002013976554024629,-0.00048799431894941403,0.0,0.0,9.8008,0.0,0.0,1.0,0.0,0.0,0.0,0.0,0.0,0.0,0.0,0.0
28.2778,0.9982184069653719,0.059630307469973956,0.002013976610228372,-0.00042699504099680263,0.0,0.0,9.7755,0.0,0.0,1.0,0.0,0.0,0.0,0.0,0.0,0.0,0.0,0.0
28.2978,0.9982184069653719,0.059630307469973956,0.002013976610228372,-0.00042699504099680263,0.0,0.0,9.8095,0.0,0.0,1.0,0.0,0.0,0.0,0.0,0.0,0.0,0.0,0.0
28.3179,0.9982184069653719,0.059630307469973956,0.002013976610228372,-0.00042699504099680263,0.0,0.0,9.8397,0.0,0.0,1.0,0.0,0.0,0.0,0.0,0.0,0.0,0.0,0.0
28.338,0.99821837910824,0.05963030580587987,0.002013976554024629,-0.00048799431894941403,0.0,0.0,9.805,0.0,0.0,1.0,0.0,0.0,0.0,0.0,0.0,0.0,0.0,0.0
28.3581,0.99821837910824,0.05963030580587987,0.002013976554024629,-0.00048799431894941403,0.0,0.0,9.7806,0.0,0.0,1.0,0.0,0.0,0.0,0.0,0.0,0.0,0.0,0.0
28.3782,0.99821837910824,0.05963030580587987,0.002013976554024629,-0.00048799431894941403,0.0,0.0,9.8153,0.0,0.0,1.0,0.0,0.0,0.0,0.0,0.0,0.0,0.0,0.0
28.3983,0.99821837910824,0.05963030580587987,0.002013976554024629,-0.00048799431894941403,0.0,0.0,9.8049,0.0,0.0,1.0,0.0,0.0,0.0,0.0,0.0,0.0,0.0,0.0
28.4184,0.9982220081967182,0.059569523084137425,0.00201398387596867,-0.00048799609308486375,0.0,0.0,9.7974,0.0,0.0,1.0,0.0,0.0,0.0,0.0,0.0,0.0,0.0,0.0
28.4384,0.99821837910824,0.05963030580587987,0.002013976554024629,-0.00048799431894941403,0.0,0.0,9.7757,0.0,0.0,1.0,0.0,0.0,0.0,0.0,0.0,0.0,0.0,0.0
28.4585,0.99821837910824,0.05963030580587987,0.002013976554024629,-0.00048799431894941403,0.0,0.0,9.767,0.0,0.0,1.0,0.0,0.0,0.0,0.0,0.0,0.0,0.0,0.0
28.4786,0.99821837910824,0.05963030580587987,0.002013976554024629,-0.00048799431894941403,0.0,0.0,9.767,0.0,0.0,1.0,0.0,0.0,0.0,0.0,0.0,0.0,0.0,0.0
28.4987,0.9982184998833853,0.05963031302059261,0.0019529775004480528,-0.00048799437799212925,0.0,0.0,9.801,0.0,0.0,1.0,0.0,0.0,0.0,0.0,0.0,0.0,0.0,0.0
28.5188,0.9982185853728517,0.059630318127454125,0.0018919783652319097,-0.0005489937222580843,0.0,0.0,9.8104,0.0,0.0,1.0,0.0,0.0,0.0,0.0,0.0,0.0,0.0,0.0
28.5389,0.9982182230474541,0.05963029648331822,0.002074975519492983,-0.0005489935229887055,0.0,0.0,9.77,0.0,0.0,1.0,0.0,0.0,0.0,0.0,0.0,0.0,0.0,0.0
28.5589,0.99821446208381,0.05969107086613985,0.0021359667521623563,-0.0005489914545586116,0.0,0.0,9.8535,0.0,0.0,1.0,0.0,0.0,0.0,0.0,0.0,0.0,0.0,0.0
28.579,0.9982184998833853,0.05963031302059261,0.0019529775004480528,-0.00048799437799212925,0.0,0.0,9.7673,0.0,0.0,1.0,0.0,0.0,0.0,0.0,0.0,0.0,0.0,0.0
28.5991,0.9982184998833853,0.05963031302059261,0.0019529775004480528,-0.00048799437799212925,0.0,0.0,9.8095,0.0,0.0,1.0,0.0,0.0,0.0,0.0,0.0,0.0,0.0,0.0
28.6192,0.9982184998833853,0.05963031302059261,0.0019529775004480528,-0.00048799437799212925,0.0,0.0,9.805,0.0,0.0,1.0,0.0,0.0,0.0,0.0,0.0,0.0,0.0,0.0
28.6393,0.9982184998833853,0.05963031302059261,0.0019529775004480528,-0.00048799437799212925,0.0,0.0,9.8095,0.0,0.0,1.0,0.0,0.0,0.0,0.0,0.0,0.0,0.0,0.0
28.6594,0.998214746345099,0.05969108786435155,0.0020139692246666993,-0.000487992543017568,0.0,0.0,9.8147,0.0,0.0,1.0,0.0,0.0,0.0,0.0,0.0,0.0,0.0,0.0
28.6795,0.998214621857074,0.059691080420236284,0.00207496803377321,-0.0004879924821596382,0.0,0.0,9.8065,0.0,0.0,1.0,0.0,0.0,0.0,0.0,0.0,0.0,0.0,0.0
28.6995,0.998214621857074,0.059691080420236284,0.00207496803377321,-0.0004879924821596382,0.0,0.0,9.805,0.0,0.0,1.0,0.0,0.0,0.0,0.0,0.0,0.0,0.0,0.0
28.7196,0.9982148671189258,0.05969109508636579,0.001952970393079019,-0.00048799260205961703,0.0,0.0,9.7586,0.0,0.0,1.0,0.0,0.0,0.0,0.0,0.0,0.0,0.0,0.0
28.7397,0.9982112306799232,0.05975187648820158,0.0019529632785208787,-0.0004879908243308751,0.0,0.0,9.8437,0.0,0.0,1.0,0.0,0.0,0.0,0.0,0.0,0.0,0.0,0.0
28.7598,0.9982112306799232,0.05975187648820158,0.0019529632785208787,-0.0004879908243308751,0.0,0.0,9.7721,0.0,0.0,1.0,0.0,0.0,0.0,0.0,0.0,0.0,0.0,0.0
28.7799,0.9982111099074165,0.059751869258886085,0.00201396188789512,-0.0004879907652893256,0.0,0.0,9.8105,0.0,0.0,1.0,0.0,0.0,0.0,0.0,0.0,0.0,0.0,0.0
28.8,0.9982111377639399,0.05975187092634834,0.002013961944097635,-0.0004269919315441073,0.0,0.0,9.805,0.0,0.0,1.0,0.0,0.0,0.0,0.0,0.0,0.0,0.0,0.0
28.8201,0.998214746345099,0.05969108786435155,0.0020139692246666993,-0.000487992543017568,0.0,0.0,9.8152,0.0,0.0,1.0,0.0,0.0,0.0,0.0,0.0,0.0,0.0,0.0
28.8401,0.9982111377639399,0.05975187092634834,0.002013961944097635,-0.0004269919315441073,0.0,0.0,9.8096,0.0,0.0,1.0,0.0,0.0,0.0,0.0,0.0,0.0,0.0,0.0
28.8602,0.9982148949757637,0.059691096752144596,0.0019529704475798916,-0.0004269935387182233,0.0,0.0,9.805,0.0,0.0,1.0,0.0,0.0,0.0,0.0,0.0,0.0,0.0,0.0
28.8803,0.9982150120353979,0.05969110375205812,0.001891971592489685,-0.00042699358879128013,0.0,0.0,9.805,0.0,0.0,1.0,0.0,0.0,0.0,0.0,0.0,0.0,0.0,0.0
28.9004,0.9982148671189258,0.05969109508636579,0.001952970393079019,-0.00048799260205961703,0.0,0.0,9.8096,0.0,0.0,1.0,0.0,0.0,0.0,0.0,0.0,0.0,0.0,0.0
28.9205,0.9982147742019268,0.05969108953012975,0.0020139692808698283,-0.00042699348705638185,0.0,0.0,9.8589,0.0,0.0,1.0,0.0,0.0,0.0,0.0,0.0,0.0,0.0,0.0
28.9406,0.9982146497138914,0.059691082086013855,0.002074968091678609,-0.0004269934338057557,0.0,0.0,9.8019,0.0,0.0,1.0,0.0,0.0,0.0,0.0,0.0,0.0,0.0,0.0
28.9606,0.9982146497138914,0.059691082086013855,0.002074968091678609,-0.0004269934338057557,0.0,0.0,9.8019,0.0,0.0,1.0,0.0,0.0,0.0,0.0,0.0,0.0,0.0,0.0
28.9807,0.9982185277405273,0.05963031468468729,0.0019529775549495256,-0.00042699509265914376,0.0,0.0,9.767,0.0,0.0,1.0,0.0,0.0,0.0,0.0,0.0,0.0,0.0,0.0
29.0008,0.9982186448014395,0.05963032167752387,0.001891978477870166,-0.00042699514273281114,0.0,0.0,9.8105,0.0,0.0,1.0,0.0,0.0,0.0,0.0,0.0,0.0,0.0,0.0
29.021,0.9982222738928157,0.05956953893971833,0.0018919853562858434,-0.0004269966951025439,0.0,0.0,9.8095,0.0,0.0,1.0,0.0,0.0,0.0,0.0,0.0,0.0,0.0,0.0
29.0411,0.9982221568306268,0.05956953195395894,0.0019529846551298025,-0.0004269966450284324,0.0,0.0,9.8459,0.0,0.0,1.0,0.0,0.0,0.0,0.0,0.0,0.0,0.0,0.0
29.0612,0.9982258993094053,0.059508755539307984,0.0018919922277365014,-0.00042699824590031177,0.0,0.0,9.767,0.0,0.0,1.0,0.0,0.0,0.0,0.0,0.0,0.0,0.0,0.0
29.0813,0.9982261464367553,0.05950877027168576,0.0017699931670988323,-0.00036599858709507327,0.0,0.0,9.6554,0.0,0.0,1.0,0.0,0.0,0.0,0.0,0.0,0.0,0.0,0.0
29.1014,0.9982263749924214,0.05950878389692155,0.0016479940153947682,-0.0003049988924122559,0.0,0.0,10.0012,0.0,0.0,1.0,0.0,0.0,0.0,0.0,0.0,0.0,0.0,0.0
29.1215,0.9982263749924214,0.05950878389692155,0.0016479940153947682,-0.0003049988924122559,0.0,0.0,9.7755,0.0,0.0,1.0,0.0,0.0,0.0,0.0,0.0,0.0,0.0,0.0
29.1416,0.998229894532026,0.05944799371902256,0.0017089998194356401,-0.0003049999677751658,0.0,0.0,9.8449,0.0,0.0,1.0,0.0,0.0,0.0,0.0,0.0,0.0,0.0,0.0
