Time,F_Q0,F_Q1,F_Q2,F_Q3,F_M1,F_M2,F_ACC,Cmd_F1,Cmd_F2,B_Q0,B_Q1,B_Q2,B_Q3,B_M1,B_M2,B_ACC,Cmd_B1,Cmd_B2
0.0007,0.999999996279,6.099999977301902e-05,-6.0999999773018994e-05,0.0,0.0,0.0,9.766,0.0,0.0,1.0,0.0,0.0,0.0,0.0,0.0,0.0,0.0,0.0
0.0207,0.999999996279,6.099999977301902e-05,-6.0999999773018994e-05,0.0,0.0,0.0,9.7774,0.0,0.0,1.0,0.0,0.0,0.0,0.0,0.0,0.0,0.0,0.0
0.0408,0.9999999906975001,0.00012199999886509503,-6.0999999432547494e-05,0.0,0.0,0.0,9.8518,0.0,0.0,1.0,0.0,0.0,0.0,0.0,0.0,0.0,0.0,0.0
0.0609,0.9999999906975001,6.099999943254752e-05,-0.000121999998865095,0.0,0.0,0.0,9.8089,0.0,0.0,1.0,0.0,0.0,0.0,0.0,0.0,0.0,0.0,0.0
0.081,0.9999999906975001,6.099999943254752e-05,-0.000121999998865095,0.0,0.0,0.0,9.8089,0.0,0.0,1.0,0.0,0.0,0.0,0.0,0.0,0.0,0.0,0.0
0.101,0.9999999981395,1.0164395367051604e-20,-6.0999999886509496e-05,0.0,0.0,0.0,9.8092,0.0,0.0,1.0,0.0,0.0,0.0,0.0,0.0,0.0,0.0,0.0
0.1211,0.9999999981395,6.0999999886509496e-05,1.0164395367051604e-20,0.0,0.0,0.0,9.7859,0.0,0.0,1.0,0.0,0.0,0.0,0.0,0.0,0.0,0.0,0.0
0.1412,0.9999999906975001,6.099999943254752e-05,-0.000121999998865095,0.0,0.0,0.0,9.844,0.0,0.0,1.0,0.0,0.0,0.0,0.0,0.0,0.0,0.0,0.0
0.1613,0.9999999925580001,2.0328790734103208e-20,-0.00012199999909207602,0.0,0.0,0.0,9.7658,0.0,0.0,1.0,0.0,0.0,0.0,0.0,0.0,0.0,0.0,0.0
0.1814,0.9999999925580001,2.0328790734103208e-20,-0.00012199999909207602,0.0,0.0,0.0,9.7775,0.0,0.0,1.0,0.0,0.0,0.0,0.0,0.0,0.0,0.0,0.0
0.2014,0.9999999906975001,6.099999943254752e-05,-0.000121999998865095,0.0,0.0,0.0,9.7775,0.0,0.0,1.0,0.0,0.0,0.0,0.0,0.0,0.0,0.0,0.0
0.2215,0.9999999906975001,6.099999943254752e-05,-0.000121999998865095,0.0,0.0,0.0,9.8165,0.0,0.0,1.0,0.0,0.0,0.0,0.0,0.0,0.0,0.0,0.0
0.2416,0.9999999906975001,6.099999943254752e-05,-0.000121999998865095,0.0,0.0,0.0,9.8088,0.0,0.0,1.0,0.0,0.0,0.0,0.0,0.0,0.0,0.0,0.0
0.2616,0.9999999813950006,6.099999886509507e-05,-0.00018299999659528512,0.0,0.0,0.0,9.8165,0.0,0.0,1.0,0.0,0.0,0.0,0.0,0.0,0.0,0.0,0.0
0.2817,0.9999999888370001,6.0999999319057026e-05,-0.000121999998638114,-6.099999931902243e-05,0.0,0.0,9.8248,0.0,0.0,1.0,0.0,0.0,0.0,0.0,0.0,0.0,0.0,0.0
0.3018,0.9999999944185001,6.099999965952851e-05,-6.0999999659528485e-05,-6.099999965963887e-05,0.0,0.0,9.8087,0.0,0.0,1.0,0.0,0.0,0.0,0.0,0.0,0.0,0.0,0.0
0.3218,0.9999999906975001,6.099999943254752e-05,-0.000121999998865095,0.0,0.0,0.0,9.8051,0.0,0.0,1.0,0.0,0.0,0.0,0.0,0.0,0.0,0.0,0.0
0.3419,0.9999999906975001,6.099999943254752e-05,-0.000121999998865095,0.0,0.0,0.0,9.7774,0.0,0.0,1.0,0.0,0.0,0.0,0.0,0.0,0.0,0.0,0.0
0.362,0.9999999851160004,0.00012199999818415206,-0.00012199999818415202,0.0,0.0,0.0,9.8127,0.0,0.0,1.0,0.0,0.0,0.0,0.0,0.0,0.0,0.0,0.0
0.382,0.9999999851160004,0.00012199999818415206,-0.00012199999818415202,0.0,0.0,0.0,9.8127,0.0,0.0,1.0,0.0,0.0,0.0,0.0,0.0,0.0,0.0,0.0
0.4021,0.9999999906975001,6.099999943254752e-05,-0.000121999998865095,0.0,0.0,0.0,9.8478,0.0,0.0,1.0,0.0,0.0,0.0,0.0,0.0,0.0,0.0,0.0
0.4222,0.9999999906975001,6.099999943254752e-05,-0.000121999998865095,0.0,0.0,0.0,9.7697,0.0,0.0,1.0,0.0,0.0,0.0,0.0,0.0,0.0,0.0,0.0
0.4422,0.9999999906975001,6.099999943254752e-05,-0.000121999998865095,0.0,0.0,0.0,9.891,0.0,0.0,1.0,0.0,0.0,0.0,0.0,0.0,0.0,0.0,0.0
0.4623,0.9999999832555004,2.710505431213761e-20,-0.00018299999693575654,0.0,0.0,0.0,9.8089,0.0,0.0,1.0,0.0,0.0,0.0,0.0,0.0,0.0,0.0,0.0
0.4824,0.9999999906975002,2.0328790734103208e-20,-0.00012199999886509502,-6.099999943254275e-05,0.0,0.0,9.8479,0.0,0.0,1.0,0.0,0.0,0.0,0.0,0.0,0.0,0.0,0.0
0.5025,0.9999999888370001,6.0999999319057026e-05,-0.000121999998638114,-6.099999931902243e-05,0.0,0.0,9.8127,0.0,0.0,1.0,0.0,0.0,0.0,0.0,0.0,0.0,0.0,0.0
0.5225,0.9999999832555004,0.00012199999795717107,-0.00012199999795717101,-6.099999897857254e-05,0.0,0.0,9.8215,0.0,0.0,1.0,0.0,0.0,0.0,0.0,0.0,0.0,0.0,0.0
0.5426,0.9999999813950006,6.099999886509507e-05,-0.00018299999659528512,0.0,0.0,0.0,9.8056,0.0,0.0,1.0,0.0,0.0,0.0,0.0,0.0,0.0,0.0,0.0
0.5627,0.9999999813950006,2.7105054312137617e-20,-0.00018299999659528512,-6.099999886516328e-05,0.0,0.0,9.7735,0.0,0.0,1.0,0.0,0.0,0.0,0.0,0.0,0.0,0.0,0.0
0.5828,0.9999999944185001,6.099999965952851e-05,-6.0999999659528485e-05,-6.099999965963887e-05,0.0,0.0,9.6177,0.0,0.0,1.0,0.0,0.0,0.0,0.0,0.0,0.0,0.0,0.0
0.6028,0.9999999813950006,0.00018299999659528512,2.7105054312137617e-20,-6.099999886516328e-05,0.0,0.0,9.9212,0.0,0.0,1.0,0.0,0.0,0.0,0.0,0.0,0.0,0.0,0.0
0.6229,0.9999999888370001,0.00012199999863811398,-6.0999999319056965e-05,-6.099999931902243e-05,0.0,0.0,9.848,0.0,0.0,1.0,0.0,0.0,0.0,0.0,0.0,0.0,0.0,0.0
0.643,0.9999999906975001,6.099999943254752e-05,-0.000121999998865095,0.0,0.0,0.0,9.8444,0.0,0.0,1.0,0.0,0.0,0.0,0.0,0.0,0.0,0.0,0.0
0.6631,0.9999999944185001,6.099999965952851e-05,-6.0999999659528485e-05,-6.099999965963887e-05,0.0,0.0,9.9345,0.0,0.0,1.0,0.0,0.0,0.0,0.0,0.0,0.0,0.0,0.0
0.6831,0.9999999906975002,0.00012199999886509502,2.0328790734103208e-20,-6.099999943254275e-05,0.0,0.0,9.7274,0.0,0.0,1.0,0.0,0.0,0.0,0.0,0.0,0.0,0.0,0.0
0.7032,0.9999999906975002,0.00012199999886509502,2.0328790734103208e-20,-6.099999943254275e-05,0.0,0.0,9.7345,0.0,0.0,1.0,0.0,0.0,0.0,0.0,0.0,0.0,0.0,0.0
0.7233,0.9999999795345006,0.00018299999625481363,-6.0999998751604515e-05,-6.099999875164297e-05,0.0,0.0,9.8558,0.0,0.0,1.0,0.0,0.0,0.0,0.0,0.0,0.0,0.0,0.0
0.7433,0.999999973953001,0.0001829999952333992,-0.0001219999968222661,-6.099999841108206e-05,0.0,0.0,9.8091,0.0,0.0,1.0,0.0,0.0,0.0,0.0,0.0,0.0,0.0,0.0
0.7634,0.9999999888370001,0.00012199999863811398,-6.0999999319056965e-05,-6.099999931902243e-05,0.0,0.0,9.805,0.0,0.0,1.0,0.0,0.0,0.0,0.0,0.0,0.0,0.0,0.0
0.7835,0.9999999906975002,0.00012199999886509502,2.0328790734103208e-20,-6.099999943254275e-05,0.0,0.0,9.7775,0.0,0.0,1.0,0.0,0.0,0.0,0.0,0.0,0.0,0.0,0.0
0.8035,0.9999999888370001,0.00012199999863811398,-6.0999999319056965e-05,-6.099999931902243e-05,0.0,0.0,9.8165,0.0,0.0,1.0,0.0,0.0,0.0,0.0,0.0,0.0,0.0,0.0
0.8236,0.999999996279,6.099999977301902e-05,-6.0999999773018994e-05,0.0,0.0,0.0,9.7698,0.0,0.0,1.0,0.0,0.0,0.0,0.0,0.0,0.0,0.0,0.0
0.8437,0.999999996279,6.099999977301902e-05,-6.0999999773018994e-05,0.0,0.0,0.0,9.8556,0.0,0.0,1.0,0.0,0.0,0.0,0.0,0.0,0.0,0.0,0.0
0.8637,0.9999999906975001,0.00012199999886509503,-6.0999999432547494e-05,0.0,0.0,0.0,9.8127,0.0,0.0,1.0,0.0,0.0,0.0,0.0,0.0,0.0,0.0,0.0
0.8838,0.999999975813501,0.00018299999557387073,-0.00012199999704924709,0.0,0.0,0.0,9.8129,0.0,0.0,1.0,0.0,0.0,0.0,0.0,0.0,0.0,0.0,0.0
0.9039,0.9999999851160004,0.00012199999818415206,-0.00012199999818415202,0.0,0.0,0.0,9.8125,0.0,0.0,1.0,0.0,0.0,0.0,0.0,0.0,0.0,0.0,0.0
0.9239,0.9999999851160004,0.00012199999818415206,-0.00012199999818415202,0.0,0.0,0.0,9.7774,0.0,0.0,1.0,0.0,0.0,0.0,0.0,0.0,0.0,0.0,0.0
0.944,0.9999999851160004,0.00012199999818415206,-0.00012199999818415202,0.0,0.0,0.0,9.8127,0.0,0.0,1.0,0.0,0.0,0.0,0.0,0.0,0.0,0.0,0.0
0.9641,0.9999999851160004,0.00012199999818415206,-0.00012199999818415202,0.0,0.0,0.0,9.8051,0.0,0.0,1.0,0.0,0.0,0.0,0.0,0.0,0.0,0.0,0.0
0.9842,0.9999999851160004,0.00012199999818415206,-0.00012199999818415202,0.0,0.0,0.0,9.8087,0.0,0.0,1.0,0.0,0.0,0.0,0.0,0.0,0.0,0.0,0.0
1.0042,0.999999973953001,0.0001829999952333992,-0.0001219999968222661,-6.099999841108206e-05,0.0,0.0,9.8165,0.0,0.0,1.0,0.0,0.0,0.0,0.0,0.0,0.0,0.0,0.0
1.0243,0.9999999534875033,0.00024399998865095088,-0.0001829999914882131,0.0,0.0,0.0,9.8165,0.0,0.0,1.0,0.0,0.0,0.0,0.0,0.0,0.0,0.0,0.0
1.0444,0.9999999627900021,0.00024399999092076055,-0.00012199999546038023,0.0,0.0,0.0,9.8127,0.0,0.0,1.0,0.0,0.0,0.0,0.0,0.0,0.0,0.0,0.0
1.0644,0.9999999627900021,0.00024399999092076055,-0.00012199999546038023,0.0,0.0,0.0,9.8088,0.0,0.0,1.0,0.0,0.0,0.0,0.0,0.0,0.0,0.0,0.0
1.0845,0.999999975813501,0.00018299999557387073,-0.00012199999704924709,0.0,0.0,0.0,9.7699,0.0,0.0,1.0,0.0,0.0,0.0,0.0,0.0,0.0,0.0,0.0
1.1046,0.999999975813501,0.00018299999557387073,-0.00012199999704924709,0.0,0.0,0.0,9.8092,0.0,0.0,1.0,0.0,0.0,0.0,0.0,0.0,0.0,0.0,0.0
1.1246,0.9999999534875033,0.00024399998865095088,-0.0001829999914882131,0.0,0.0,0.0,9.7775,0.0,0.0,1.0,0.0,0.0,0.0,0.0,0.0,0.0,0.0,0.0
1.1447,0.9999999534875033,0.00024399998865095088,-0.0001829999914882131,0.0,0.0,0.0,9.8558,0.0,0.0,1.0,0.0,0.0,0.0,0.0,0.0,0.0,0.0,0.0
1.1648,0.9999999534875033,0.00024399998865095088,-0.0001829999914882131,0.0,0.0,0.0,9.8127,0.0,0.0,1.0,0.0,0.0,0.0,0.0,0.0,0.0,0.0,0.0
1.1849,0.9999999665110018,0.00018299999387151334,-0.00018299999387151326,0.0,0.0,0.0,9.7697,0.0,0.0,1.0,0.0,0.0,0.0,0.0,0.0,0.0,0.0,0.0
1.2049,0.9999999534875033,0.00024399998865095088,-0.0001829999914882131,0.0,0.0,0.0,9.8127,0.0,0.0,1.0,0.0,0.0,0.0,0.0,0.0,0.0,0.0,0.0
1.225,0.9999999534875033,0.00024399998865095088,-0.0001829999914882131,0.0,0.0,0.0,9.8164,0.0,0.0,1.0,0.0,0.0,0.0,0.0,0.0,0.0,0.0,0.0
1.2451,0.9999999534875033,0.00024399998865095088,-0.0001829999914882131,0.0,0.0,0.0,9.7735,0.0,0.0,1.0,0.0,0.0,0.0,0.0,0.0,0.0,0.0,0.0
1.2652,0.9999999534875033,0.00024399998865095088,-0.0001829999914882131,0.0,0.0,0.0,9.844,0.0,0.0,1.0,0.0,0.0,0.0,0.0,0.0,0.0,0.0,0.0
1.2853,0.9999999534875033,0.00024399998865095088,-0.0001829999914882131,0.0,0.0,0.0,9.8048,0.0,0.0,1.0,0.0,0.0,0.0,0.0,0.0,0.0,0.0,0.0
1.3054,0.999999975813501,0.00018299999557387073,-0.00012199999704924709,0.0,0.0,0.0,9.8126,0.0,0.0,1.0,0.0,0.0,0.0,0.0,0.0,0.0,0.0,0.0
1.3255,0.999999975813501,0.00018299999557387073,-0.00012199999704924709,0.0,0.0,0.0,9.8127,0.0,0.0,1.0,0.0,0.0,0.0,0.0,0.0,0.0,0.0,0.0
1.3456,0.9999999665110018,0.00018299999387151334,-0.00018299999387151326,0.0,0.0,0.0,9.8126,0.0,0.0,1.0,0.0,0.0,0.0,0.0,0.0,0.0,0.0,0.0
1.3657,0.9999999646505019,0.00018299999353104188,-0.00018299999353104185,6.0999997843647076e-05,0.0,0.0,9.8518,0.0,0.0,1.0,0.0,0.0,0.0,0.0,0.0,0.0,0.0,0.0
1.3857,0.9999999646505019,0.00018299999353104188,-0.00018299999353104185,6.0999997843647076e-05,0.0,0.0,9.7735,0.0,0.0,1.0,0.0,0.0,0.0,0.0,0.0,0.0,0.0,0.0
1.4058,0.9999999739530011,0.0001829999952333992,-0.0001219999968222661,6.099999841108206e-05,0.0,0.0,9.8164,0.0,0.0,1.0,0.0,0.0,0.0,0.0,0.0,0.0,0.0,0.0
1.4259,0.9999999739530011,0.0001829999952333992,-0.0001219999968222661,6.099999841108206e-05,0.0,0.0,9.7774,0.0,0.0,1.0,0.0,0.0,0.0,0.0,0.0,0.0,0.0,0.0
1.446,0.9999999739530011,0.0001829999952333992,-0.0001219999968222661,6.099999841108206e-05,0.0,0.0,9.8516,0.0,0.0,1.0,0.0,0.0,0.0,0.0,0.0,0.0,0.0,0.0
1.4661,0.9999999739530011,0.0001829999952333992,-0.0001219999968222661,6.099999841108206e-05,0.0,0.0,9.8166,0.0,0.0,1.0,0.0,0.0,0.0,0.0,0.0,0.0,0.0,0.0
1.4862,0.9999999739530011,0.0001829999952333992,-0.0001219999968222661,6.099999841108206e-05,0.0,0.0,9.8166,0.0,0.0,1.0,0.0,0.0,0.0,0.0,0.0,0.0,0.0,0.0
1.5063,0.9999999832555005,0.00012199999795717109,-0.00012199999795717104,6.0999998978572556e-05,0.0,0.0,9.8165,0.0,0.0,1.0,0.0,0.0,0.0,0.0,0.0,0.0,0.0,0.0
1.5264,0.9999999832555005,0.00012199999795717109,-0.00012199999795717104,6.0999998978572556e-05,0.0,0.0,9.8164,0.0,0.0,1.0,0.0,0.0,0.0,0.0,0.0,0.0,0.0,0.0
1.5465,0.9999999888370003,0.00012199999863811401,-6.099999931905698e-05,6.0999999319022447e-05,0.0,0.0,9.7698,0.0,0.0,1.0,0.0,0.0,0.0,0.0,0.0,0.0,0.0,0.0
1.5666,0.9999999832555005,0.00012199999795717109,-0.00012199999795717104,6.0999998978572556e-05,0.0,0.0,9.8165,0.0,0.0,1.0,0.0,0.0,0.0,0.0,0.0,0.0,0.0,0.0
1.5866,0.9999999739530011,0.0001829999952333992,-0.0001219999968222661,6.099999841108206e-05,0.0,0.0,9.8164,0.0,0.0,1.0,0.0,0.0,0.0,0.0,0.0,0.0,0.0,0.0
1.6067,0.9999999739530011,0.0001829999952333992,-0.0001219999968222661,6.099999841108206e-05,0.0,0.0,9.8126,0.0,0.0,1.0,0.0,0.0,0.0,0.0,0.0,0.0,0.0,0.0
1.6268,0.9999999683715015,0.0001829999942119848,-0.00012199999614132312,0.00012199999614126433,0.0,0.0,9.7774,0.0,0.0,1.0,0.0,0.0,0.0,0.0,0.0,0.0,0.0,0.0
1.6469,0.9999999683715015,0.0001829999942119848,-0.00012199999614132312,0.00012199999614126433,0.0,0.0,9.8126,0.0,0.0,1.0,0.0,0.0,0.0,0.0,0.0,0.0,0.0,0.0
1.667,0.9999999776740008,0.00012199999727622813,-0.00012199999727622809,0.00012199999727618983,0.0,0.0,9.8165,0.0,0.0,1.0,0.0,0.0,0.0,0.0,0.0,0.0,0.0,0.0
1.6871,0.9999999683715015,0.00012199999614132319,-0.00018299999421198478,0.00012199999614126433,0.0,0.0,9.7735,0.0,0.0,1.0,0.0,0.0,0.0,0.0,0.0,0.0,0.0,0.0
1.7072,0.9999999776740008,0.00012199999727622813,-0.00012199999727622809,0.00012199999727618983,0.0,0.0,9.8164,0.0,0.0,1.0,0.0,0.0,0.0,0.0,0.0,0.0,0.0,0.0
1.7273,0.9999999683715015,0.00012199999614132319,-0.00018299999421198478,0.00012199999614126433,0.0,0.0,9.8125,0.0,0.0,1.0,0.0,0.0,0.0,0.0,0.0,0.0,0.0,0.0
1.7473,0.9999999683715015,0.00012199999614132319,-0.00018299999421198478,0.00012199999614126433,0.0,0.0,9.8164,0.0,0.0,1.0,0.0,0.0,0.0,0.0,0.0,0.0,0.0,0.0
1.7674,0.9999999590690025,0.0001829999925096275,-0.00018299999250962742,0.00012199999500644987,0.0,0.0,9.8166,0.0,0.0,1.0,0.0,0.0,0.0,0.0,0.0,0.0,0.0,0.0
1.7875,0.9999999590690025,0.0001829999925096275,-0.00018299999250962742,0.00012199999500644987,0.0,0.0,9.8165,0.0,0.0,1.0,0.0,0.0,0.0,0.0,0.0,0.0,0.0,0.0
1.8076,0.9999999460455045,0.00018299999012632738,-0.0002439999868351031,0.00012199999341749868,0.0,0.0,9.8052,0.0,0.0,1.0,0.0,0.0,0.0,0.0,0.0,0.0,0.0,0.0
1.8277,0.999999936743006,0.00018299998842397018,-0.0002439999845652935,0.00018299998842402632,0.0,0.0,9.7774,0.0,0.0,1.0,0.0,0.0,0.0,0.0,0.0,0.0,0.0,0.0
1.8478,0.9999998697650255,0.0003049999602783329,-0.00036599995233399936,0.0001829999761670531,0.0,0.0,9.7776,0.0,0.0,1.0,0.0,0.0,0.0,0.0,0.0,0.0,0.0,0.0
1.8679,0.9999998697650255,0.0003049999602783329,-0.00036599995233399936,0.0001829999761670531,0.0,0.0,9.8088,0.0,0.0,1.0,0.0,0.0,0.0,0.0,0.0,0.0,0.0,0.0
1.888,0.9999998455785358,0.00030499995290145357,-0.00042699993406203487,0.00018299997174081597,0.0,0.0,9.8164,0.0,0.0,1.0,0.0,0.0,0.0,0.0,0.0,0.0,0.0,0.0
1.908,0.9999998455785358,0.00030499995290145357,-0.00042699993406203487,0.00018299997174081597,0.0,0.0,9.7774,0.0,0.0,1.0,0.0,0.0,0.0,0.0,0.0,0.0,0.0,0.0
1.9281,0.999999826973545,0.0003049999472269313,-0.0004879999155630899,0.00012199997889073001,0.0,0.0,9.8127,0.0,0.0,1.0,0.0,0.0,0.0,0.0,0.0,0.0,0.0,0.0
1.9482,0.9999998065080562,0.00036599992918194866,-0.0004879999055759314,0.00012199997639394944,0.0,0.0,9.8165,0.0,0.0,1.0,0.0,0.0,0.0,0.0,0.0,0.0,0.0,0.0
1.9683,0.999999774879576,0.000365999917605925,-0.0005489998764088873,0.00012199997253525831,0.0,0.0,9.7774,0.0,0.0,1.0,0.0,0.0,0.0,0.0,0.0,0.0,0.0,0.0
1.9884,0.999999774879576,0.000365999917605925,-0.0005489998764088873,0.00012199997253525831,0.0,0.0,9.8165,0.0,0.0,1.0,0.0,0.0,0.0,0.0,0.0,0.0,0.0,0.0
2.0085,0.999999774879576,0.000365999917605925,-0.0005489998764088873,0.00012199997253525831,0.0,0.0,9.7735,0.0,0.0,1.0,0.0,0.0,0.0,0.0,0.0,0.0,0.0,0.0
2.0286,0.999999774879576,0.000365999917605925,-0.0005489998764088873,0.00012199997253525831,0.0,0.0,9.8126,0.0,0.0,1.0,0.0,0.0,0.0,0.0,0.0,0.0,0.0,0.0
2.0487,0.999999774879576,0.000365999917605925,-0.0005489998764088873,0.00012199997253525831,0.0,0.0,9.7735,0.0,0.0,1.0,0.0,0.0,0.0,0.0,0.0,0.0,0.0,0.0
2.0688,0.9999997395301018,0.0003659999046680174,-0.0006099998411133622,0.00012199996822270799,0.0,0.0,9.8164,0.0,0.0,1.0,0.0,0.0,0.0,0.0,0.0,0.0,0.0,0.0
2.0889,0.9999997395301018,0.0003659999046680174,-0.0006099998411133622,0.00012199996822270799,0.0,0.0,9.8165,0.0,0.0,1.0,0.0,0.0,0.0,0.0,0.0,0.0,0.0,0.0
2.109,0.9999997004596346,0.0003659998903682264,-0.0006709997990084149,0.00012199996345607644,0.0,0.0,9.8125,0.0,0.0,1.0,0.0,0.0,0.0,0.0,0.0,0.0,0.0,0.0
2.1291,0.9999997599955864,0.00030499992679865396,-0.0006099998535973077,0.00012199997071954406,0.0,0.0,9.8126,0.0,0.0,1.0,0.0,0.0,0.0,0.0,0.0,0.0,0.0,0.0
2.1492,0.9999997395301018,0.0003659999046680174,-0.0006099998411133622,0.00012199996822270799,0.0,0.0,9.7737,0.0,0.0,1.0,0.0,0.0,0.0,0.0,0.0,0.0,0.0,0.0
2.1692,0.9999997506930933,0.00030499992396139353,-0.0006099998479227867,0.00018299995437681682,0.0,0.0,9.8125,0.0,0.0,1.0,0.0,0.0,0.0,0.0,0.0,0.0,0.0,0.0
2.1893,0.9999997116226248,0.00030499991204490073,-0.0006709998064987813,0.00018299994722692506,0.0,0.0,9.8164,0.0,0.0,1.0,0.0,0.0,0.0,0.0,0.0,0.0,0.0,0.0
2.2094,0.9999997116226248,0.00030499991204490073,-0.0006709998064987813,0.00018299994722692506,0.0,0.0,9.8125,0.0,0.0,1.0,0.0,0.0,0.0,0.0,0.0,0.0,0.0,0.0
2.2295,0.9999996911571432,0.00036599988696351456,-0.000670999792766443,0.0001829999434817542,0.0,0.0,9.7774,0.0,0.0,1.0,0.0,0.0,0.0,0.0,0.0,0.0,0.0,0.0
2.2496,0.9999997004596346,0.0003659998903682264,-0.0006709997990084149,0.00012199996345607644,0.0,0.0,9.7735,0.0,0.0,1.0,0.0,0.0,0.0,0.0,0.0,0.0,0.0,0.0
2.2697,0.9999997004596346,0.0003659998903682264,-0.0006709997990084149,0.00012199996345607644,0.0,0.0,9.8165,0.0,0.0,1.0,0.0,0.0,0.0,0.0,0.0,0.0,0.0,0.0
2.2898,0.9999997004596346,0.0003659998903682264,-0.0006709997990084149,0.00012199996345607644,0.0,0.0,9.8555,0.0,0.0,1.0,0.0,0.0,0.0,0.0,0.0,0.0,0.0,0.0
2.3099,0.9999997004596346,0.0003659998903682264,-0.0006709997990084149,0.00012199996345607644,0.0,0.0,9.8165,0.0,0.0,1.0,0.0,0.0,0.0,0.0,0.0,0.0,0.0,0.0
2.3301,0.9999997209251168,0.0003049999148821607,-0.0006709998127407534,0.000121999965952857,0.0,0.0,9.8477,0.0,0.0,1.0,0.0,0.0,0.0,0.0,0.0,0.0,0.0,0.0
2.3502,0.9999997599955864,0.00030499992679865396,-0.0006099998535973077,0.00012199997071954406,0.0,0.0,9.8087,0.0,0.0,1.0,0.0,0.0,0.0,0.0,0.0,0.0,0.0,0.0
2.3703,0.999999812089553,0.00024399995414985104,-0.0005489998968371646,0.00012199997707484923,0.0,0.0,9.7774,0.0,0.0,1.0,0.0,0.0,0.0,0.0,0.0,0.0,0.0,0.0
2.3904,0.999999812089553,0.00024399995414985104,-0.0005489998968371646,0.00012199997707484923,0.0,0.0,9.8165,0.0,0.0,1.0,0.0,0.0,0.0,0.0,0.0,0.0,0.0,0.0
2.4104,0.999999812089553,0.00024399995414985104,-0.0005489998968371646,0.00012199997707484923,0.0,0.0,9.8087,0.0,0.0,1.0,0.0,0.0,0.0,0.0,0.0,0.0,0.0,0.0
2.4305,0.9999998474390349,0.00018299997208134352,-0.0004879999255502491,0.0001829999720813769,0.0,0.0,9.8125,0.0,0.0,1.0,0.0,0.0,0.0,0.0,0.0,0.0,0.0,0.0
2.4506,0.9999998474390349,0.00018299997208134352,-0.0004879999255502491,0.0001829999720813769,0.0,0.0,9.8947,0.0,0.0,1.0,0.0,0.0,0.0,0.0,0.0,0.0,0.0,0.0
2.4707,0.9999998474390349,0.00018299997208134352,-0.0004879999255502491,0.0001829999720813769,0.0,0.0,9.844,0.0,0.0,1.0,0.0,0.0,0.0,0.0,0.0,0.0,0.0,0.0
2.4908,0.999999825113046,0.00012199997866379168,-0.0005489999039870622,0.0001829999679956451,0.0,0.0,9.6565,0.0,0.0,1.0,0.0,0.0,0.0,0.0,0.0,0.0,0.0,0.0
2.5109,0.9999998567415308,0.00012199998252246682,-0.00048799993008986697,0.00018299997378362634,0.0,0.0,9.8642,0.0,0.0,1.0,0.0,0.0,0.0,0.0,0.0,0.0,0.0,0.0
2.531,0.99999988464902,0.00012199998592718052,-0.00042699995074513156,0.00018299997889065223,0.0,0.0,9.8599,0.0,0.0,1.0,0.0,0.0,0.0,0.0,0.0,0.0,0.0,0.0
2.5511,0.9999998641835277,5.421010862427522e-20,-0.0004879999337215615,0.0001829999751455369,0.0,0.0,9.8026,0.0,0.0,1.0,0.0,0.0,0.0,0.0,0.0,0.0,0.0,0.0
2.5711,0.9999998716255247,-6.0999992169156894e-05,-0.000487999937353256,0.00012199998433826131,0.0,0.0,9.8834,0.0,0.0,1.0,0.0,0.0,0.0,0.0,0.0,0.0,0.0,0.0
2.5912,0.9999998995330153,0.00012199998774302794,-0.00042699995710059757,6.099999387143562e-05,0.0,0.0,9.8166,0.0,0.0,1.0,0.0,0.0,0.0,0.0,0.0,0.0,0.0,0.0
2.6113,0.9999998902305182,0.0001829999799121849,-0.0004269999531284313,6.099999330400063e-05,0.0,0.0,9.7435,0.0,0.0,1.0,0.0,0.0,0.0,0.0,0.0,0.0,0.0,0.0
2.6314,0.9999998716255247,0.00024399996867662804,-0.0004269999451840991,0.00012199998433826131,0.0,0.0,9.7908,0.0,0.0,1.0,0.0,0.0,0.0,0.0,0.0,0.0,0.0,0.0
2.6515,0.9999998995330153,0.00012199998774302794,-0.00042699995710059757,6.099999387143562e-05,0.0,0.0,9.8053,0.0,0.0,1.0,0.0,0.0,0.0,0.0,0.0,0.0,0.0,0.0
2.6716,0.9999998995330152,6.0999993871514035e-05,-0.0004269999571005975,0.00012199998774303777,0.0,0.0,9.7977,0.0,0.0,1.0,0.0,0.0,0.0,0.0,0.0,0.0,0.0,0.0
2.6917,0.9999999237195087,6.099999534689006e-05,-0.0003659999720813402,0.00012199999069378853,0.0,0.0,9.8129,0.0,0.0,1.0,0.0,0.0,0.0,0.0,0.0,0.0,0.0,0.0
2.7118,0.9999999237195087,6.099999534689006e-05,-0.0003659999720813402,0.00012199999069378853,0.0,0.0,9.7306,0.0,0.0,1.0,0.0,0.0,0.0,0.0,0.0,0.0,0.0,0.0
2.7319,0.9999998995330152,6.0999993871514035e-05,-0.0004269999571005975,0.00012199998774303777,0.0,0.0,9.8518,0.0,0.0,1.0,0.0,0.0,0.0,0.0,0.0,0.0,0.0,0.0
2.7519,0.9999999051145135,6.099999421198542e-05,-0.0004269999594838973,6.099999421194102e-05,0.0,0.0,9.8129,0.0,0.0,1.0,0.0,0.0,0.0,0.0,0.0,0.0,0.0,0.0
2.772,0.9999998716255247,6.099999216915706e-05,-0.000487999937353256,0.00012199998433826131,0.0,0.0,9.7735,0.0,0.0,1.0,0.0,0.0,0.0,0.0,0.0,0.0,0.0,0.0
2.7921,0.9999999051145135,6.099999421198542e-05,-0.0004269999594838973,6.099999421194102e-05,0.0,0.0,9.7384,0.0,0.0,1.0,0.0,0.0,0.0,0.0,0.0,0.0,0.0,0.0
2.8122,0.9999999293010076,6.099999568736153e-05,-0.0003659999741241688,6.099999568737191e-05,0.0,0.0,9.7662,0.0,0.0,1.0,0.0,0.0,0.0,0.0,0.0,0.0,0.0,0.0
2.8323,0.9999999293010076,6.099999568736153e-05,-0.0003659999741241688,6.099999568737191e-05,0.0,0.0,9.7662,0.0,0.0,1.0,0.0,0.0,0.0,0.0,0.0,0.0,0.0,0.0
2.8524,0.9999999051145135,6.099999421198542e-05,-0.0004269999594838973,6.099999421194102e-05,0.0,0.0,9.7658,0.0,0.0,1.0,0.0,0.0,0.0,0.0,0.0,0.0,0.0,0.0
2.8725,0.9999999051145135,6.099999421198542e-05,-0.0004269999594838973,6.099999421194102e-05,0.0,0.0,9.7739,0.0,0.0,1.0,0.0,0.0,0.0,0.0,0.0,0.0,0.0,0.0
2.8925,0.9999999051145135,6.099999421198542e-05,-0.0004269999594838973,6.099999421194102e-05,0.0,0.0,9.8165,0.0,0.0,1.0,0.0,0.0,0.0,0.0,0.0,0.0,0.0,0.0
2.9126,0.999999906975013,6.099999432547588e-05,-0.00042699996027833055,0.0,0.0,0.0,9.7735,0.0,0.0,1.0,0.0,0.0,0.0,0.0,0.0,0.0,0.0,0.0
2.9327,0.9999999330220067,8.131516293641284e-20,-0.0003659999754860546,0.0,0.0,0.0,9.8166,0.0,0.0,1.0,0.0,0.0,0.0,0.0,0.0,0.0,0.0,0.0
2.9528,0.9999999330220067,8.131516293641284e-20,-0.0003659999754860546,0.0,0.0,0.0,9.8164,0.0,0.0,1.0,0.0,0.0,0.0,0.0,0.0,0.0,0.0,0.0
2.973,0.9999999534875033,2.710505431213761e-20,-0.0003049999858136885,0.0,0.0,0.0,9.8125,0.0,0.0,1.0,0.0,0.0,0.0,0.0,0.0,0.0,0.0,0.0
2.9931,0.9999999330220067,8.131516293641284e-20,-0.0003659999754860546,0.0,0.0,0.0,9.7735,0.0,0.0,1.0,0.0,0.0,0.0,0.0,0.0,0.0,0.0,0.0
3.0131,0.9999999534875033,2.710505431213761e-20,-0.0003049999858136885,0.0,0.0,0.0,9.8125,0.0,0.0,1.0,0.0,0.0,0.0,0.0,0.0,0.0,0.0,0.0
3.0332,0.9999999534875033,2.710505431213761e-20,-0.0003049999858136885,0.0,0.0,0.0,9.7774,0.0,0.0,1.0,0.0,0.0,0.0,0.0,0.0,0.0,0.0,0.0
3.0533,0.9999999516270035,-6.099999704924715e-05,-0.0003049999852462361,0.0,0.0,0.0,9.8164,0.0,0.0,1.0,0.0,0.0,0.0,0.0,0.0,0.0,0.0,0.0
3.0734,0.9999999311615071,-6.099999580085188e-05,-0.0003659999748051116,0.0,0.0,0.0,9.8125,0.0,0.0,1.0,0.0,0.0,0.0,0.0,0.0,0.0,0.0,0.0
3.0935,0.9999999311615071,-6.099999580085188e-05,-0.0003659999748051116,0.0,0.0,0.0,9.8126,0.0,0.0,1.0,0.0,0.0,0.0,0.0,0.0,0.0,0.0,0.0
3.1136,0.9999999293010076,-6.0999995687361394e-05,-0.0003659999741241688,-6.099999568737191e-05,0.0,0.0,9.8439,0.0,0.0,1.0,0.0,0.0,0.0,0.0,0.0,0.0,0.0,0.0
3.1337,0.9999999441850047,-0.00012199999319057051,-0.0003049999829764264,-6.099999659525679e-05,0.0,0.0,9.8087,0.0,0.0,1.0,0.0,0.0,0.0,0.0,0.0,0.0,0.0,0.0
3.1538,0.9999999497665037,-6.0999996935756675e-05,-0.00030499998467878363,-6.09999969358177e-05,0.0,0.0,9.7775,0.0,0.0,1.0,0.0,0.0,0.0,0.0,0.0,0.0,0.0,0.0
3.1739,0.9999999293010076,-6.0999995687361394e-05,-0.0003659999741241688,-6.099999568737191e-05,0.0,0.0,9.8209,0.0,0.0,1.0,0.0,0.0,0.0,0.0,0.0,0.0,0.0,0.0
3.194,0.9999999293010076,-6.0999995687361394e-05,-0.0003659999741241688,-6.099999568737191e-05,0.0,0.0,9.8125,0.0,0.0,1.0,0.0,0.0,0.0,0.0,0.0,0.0,0.0,0.0
3.2141,0.9999999293010076,-6.0999995687361394e-05,-0.0003659999741241688,-6.099999568737191e-05,0.0,0.0,9.8125,0.0,0.0,1.0,0.0,0.0,0.0,0.0,0.0,0.0,0.0,0.0
3.2342,0.9999999516270035,-6.099999704924715e-05,-0.0003049999852462361,0.0,0.0,0.0,9.8126,0.0,0.0,1.0,0.0,0.0,0.0,0.0,0.0,0.0,0.0,0.0
3.2543,0.9999999516270035,-6.099999704924715e-05,-0.0003049999852462361,0.0,0.0,0.0,9.8164,0.0,0.0,1.0,0.0,0.0,0.0,0.0,0.0,0.0,0.0,0.0
3.2743,0.9999999516270035,-6.099999704924715e-05,-0.0003049999852462361,0.0,0.0,0.0,9.8088,0.0,0.0,1.0,0.0,0.0,0.0,0.0,0.0,0.0,0.0,0.0
3.2944,0.9999999311615071,-6.099999580085188e-05,-0.0003659999748051116,0.0,0.0,0.0,9.8165,0.0,0.0,1.0,0.0,0.0,0.0,0.0,0.0,0.0,0.0,0.0
3.3145,0.9999999311615071,-6.099999580085188e-05,-0.0003659999748051116,0.0,0.0,0.0,9.8164,0.0,0.0,1.0,0.0,0.0,0.0,0.0,0.0,0.0,0.0,0.0
3.3346,0.9999999460455045,-0.00012199999341755148,-0.0003049999835438789,0.0,0.0,0.0,9.8051,0.0,0.0,1.0,0.0,0.0,0.0,0.0,0.0,0.0,0.0,0.0
3.3547,0.9999999516270035,-6.099999704924715e-05,-0.0003049999852462361,0.0,0.0,0.0,9.8518,0.0,0.0,1.0,0.0,0.0,0.0,0.0,0.0,0.0,0.0,0.0
3.3748,0.9999999516270035,-6.099999704924715e-05,-0.0003049999852462361,0.0,0.0,0.0,9.8518,0.0,0.0,1.0,0.0,0.0,0.0,0.0,0.0,0.0,0.0,0.0
3.3949,0.9999999497665037,-6.0999996935756675e-05,-0.00030499998467878363,-6.09999969358177e-05,0.0,0.0,9.8125,0.0,0.0,1.0,0.0,0.0,0.0,0.0,0.0,0.0,0.0,0.0
3.4157,0.9999999441850047,-0.00012199999319057051,-0.0003049999829764264,-6.099999659525679e-05,0.0,0.0,9.8164,0.0,0.0,1.0,0.0,0.0,0.0,0.0,0.0,0.0,0.0,0.0
3.4358,0.9999999441850047,-0.00012199999319057051,-0.0003049999829764264,-6.099999659525679e-05,0.0,0.0,9.7774,0.0,0.0,1.0,0.0,0.0,0.0,0.0,0.0,0.0,0.0,0.0
3.4559,0.9999999237195087,-0.00012199999069378005,-0.0003659999720813402,-6.099999534686651e-05,0.0,0.0,9.8048,0.0,0.0,1.0,0.0,0.0,0.0,0.0,0.0,0.0,0.0,0.0
3.476,0.9999999255800083,-0.00012199999092076094,-0.00036599997276228315,0.0,0.0,0.0,9.8165,0.0,0.0,1.0,0.0,0.0,0.0,0.0,0.0,0.0,0.0,0.0
3.4961,0.9999999293010076,-6.0999995687361394e-05,-0.0003659999741241688,-6.099999568737191e-05,0.0,0.0,9.8125,0.0,0.0,1.0,0.0,0.0,0.0,0.0,0.0,0.0,0.0,0.0
3.5162,0.9999999293010076,-6.0999995687361394e-05,-0.0003659999741241688,-6.099999568737191e-05,0.0,0.0,9.8126,0.0,0.0,1.0,0.0,0.0,0.0,0.0,0.0,0.0,0.0,0.0
3.5363,0.9999999293010076,-6.0999995687361394e-05,-0.0003659999741241688,-6.099999568737191e-05,0.0,0.0,9.8165,0.0,0.0,1.0,0.0,0.0,0.0,0.0,0.0,0.0,0.0,0.0
3.5564,0.9999999237195087,-0.00012199999069378005,-0.0003659999720813402,-6.099999534686651e-05,0.0,0.0,9.8048,0.0,0.0,1.0,0.0,0.0,0.0,0.0,0.0,0.0,0.0,0.0
3.5765,0.9999999237195087,-0.00012199999069378005,-0.0003659999720813402,-6.099999534686651e-05,0.0,0.0,9.8164,0.0,0.0,1.0,0.0,0.0,0.0,0.0,0.0,0.0,0.0,0.0
3.5966,0.9999999441850047,-0.00012199999319057051,-0.0003049999829764264,-6.099999659525679e-05,0.0,0.0,9.8166,0.0,0.0,1.0,0.0,0.0,0.0,0.0,0.0,0.0,0.0,0.0
3.6166,0.9999999441850047,-0.00012199999319057051,-0.0003049999829764264,-6.099999659525679e-05,0.0,0.0,9.7658,0.0,0.0,1.0,0.0,0.0,0.0,0.0,0.0,0.0,0.0,0.0
3.6367,0.9999999293010076,-6.0999995687361394e-05,-0.0003659999741241688,-6.099999568737191e-05,0.0,0.0,9.7739,0.0,0.0,1.0,0.0,0.0,0.0,0.0,0.0,0.0,0.0,0.0
3.6568,0.9999999497665037,-6.0999996935756675e-05,-0.00030499998467878363,-6.09999969358177e-05,0.0,0.0,9.8127,0.0,0.0,1.0,0.0,0.0,0.0,0.0,0.0,0.0,0.0,0.0
3.6769,0.9999999665110018,-6.099999795717106e-05,-0.00024399999182868446,-6.099999795711186e-05,0.0,0.0,9.8164,0.0,0.0,1.0,0.0,0.0,0.0,0.0,0.0,0.0,0.0,0.0
3.697,0.999999973953001,-0.0001219999968222661,-0.0001829999952333992,-6.099999841108206e-05,0.0,0.0,9.8092,0.0,0.0,1.0,0.0,0.0,0.0,0.0,0.0,0.0,0.0,0.0
3.717,0.9999999795345006,-6.0999998751604515e-05,-0.00018299999625481363,-6.099999875164297e-05,0.0,0.0,9.8166,0.0,0.0,1.0,0.0,0.0,0.0,0.0,0.0,0.0,0.0,0.0
3.7371,0.9999999609295023,-6.0999997616699594e-05,-0.00024399999046679854,-0.00012199999523332394,0.0,0.0,9.7774,0.0,0.0,1.0,0.0,0.0,0.0,0.0,0.0,0.0,0.0,0.0
3.7572,0.9999999460455045,5.421010862427522e-20,-0.00030499998354387885,-0.00012199999341749868,0.0,0.0,9.8131,0.0,0.0,1.0,0.0,0.0,0.0,0.0,0.0,0.0,0.0,0.0
3.7772,0.999999936743006,5.421010862427522e-20,-0.00030499998070661685,-0.00018299998842402632,0.0,0.0,9.8131,0.0,0.0,1.0,0.0,0.0,0.0,0.0,0.0,0.0,0.0,0.0
3.7973,0.9999999609295023,-6.0999997616699594e-05,-0.00024399999046679854,-0.00012199999523332394,0.0,0.0,9.8127,0.0,1.5,1.0,0.0,0.0,0.0,0.0,0.0,0.0,0.0,0.0
3.8174,0.9999999516270035,-6.099999704924715e-05,-0.00024399998819698887,-0.00018299999114779197,0.0,0.0,9.7774,0.0,1.5,1.0,0.0,0.0,0.0,0.0,0.0,0.0,0.0,0.0
3.8375,0.9999999590690025,-0.00012199999500641829,-0.00018299999250962753,-0.00018299999250964705,0.0,0.0,9.7697,0.0,1.5,1.0,0.0,0.0,0.0,0.0,0.0,0.0,0.0,0.0
3.8576,0.9999999590690025,-0.00012199999500641829,-0.00018299999250962753,-0.00018299999250964705,0.0,0.0,9.8166,0.0,1.5,1.0,0.0,0.0,0.0,0.0,0.0,0.0,0.0,0.0
3.8776,0.999999973953001,-6.0999998411133055e-05,-0.00012199999682226616,-0.0001829999952333572,0.0,0.0,9.7774,0.0,1.5,1.0,0.0,0.0,0.0,0.0,0.0,0.0,0.0,0.0
3.8977,0.9999999646505019,-6.0999997843680605e-05,-0.00018299999353104185,-0.00018299999353105223,0.0,0.0,9.8165,0.0,1.5,1.0,0.0,0.0,0.0,0.0,0.0,0.0,0.0,0.0
3.9178,0.9999999646505019,-6.0999997843680605e-05,-0.00018299999353104185,-0.00018299999353105223,0.0,0.0,9.7735,0.0,1.5,1.0,0.0,0.0,0.0,0.0,0.0,0.0,0.0,0.0
3.9378,0.9999999646505019,-6.0999997843680605e-05,-0.00018299999353104185,-0.00018299999353105223,0.0,0.0,9.8165,0.0,1.5,1.0,0.0,0.0,0.0,0.0,0.0,0.0,0.0,0.0
3.9579,0.9999999646505019,-6.0999997843680605e-05,-0.00018299999353104185,-0.00018299999353105223,0.0,0.0,9.8164,0.0,1.5,1.0,0.0,0.0,0.0,0.0,0.0,0.0,0.0,0.0
3.978,0.9999999665110018,2.710505431213761e-20,-0.00018299999387151331,-0.00018299999387161314,0.0,0.0,9.7698,0.0,1.5,1.0,0.0,0.0,0.0,0.0,0.0,0.0,0.0,0.0
3.9981,0.9999999665110018,2.710505431213761e-20,-0.00018299999387151331,-0.00018299999387161314,0.0,0.0,9.7774,0.0,1.5,1.0,0.0,0.0,0.0,0.0,0.0,0.0,0.0,0.0
4.0181,0.9999999665110018,2.710505431213761e-20,-0.00018299999387151331,-0.00018299999387161314,0.0,0.0,9.8164,0.0,1.5,1.0,0.0,0.0,0.0,0.0,0.0,0.0,0.0,0.0
4.0382,0.9999999665110018,2.710505431213761e-20,-0.00018299999387151331,-0.00018299999387161314,0.0,0.0,9.8126,0.0,1.5,1.0,0.0,0.0,0.0,0.0,0.0,0.0,0.0,0.0
4.0583,0.9999999665110018,2.710505431213761e-20,-0.00018299999387151331,-0.00018299999387161314,0.0,0.0,9.8127,0.0,1.5,1.0,0.0,0.0,0.0,0.0,0.0,0.0,0.0,0.0
4.0783,0.9999999665110018,2.710505431213761e-20,-0.00018299999387151331,-0.00018299999387161314,0.0,0.0,9.9029,0.0,1.5,1.0,0.0,0.0,0.0,0.0,0.0,0.0,0.0,0.0
4.0984,0.9999999665110018,2.710505431213761e-20,-0.00018299999387151331,-0.00018299999387161314,0.0,0.0,9.7662,0.0,1.5,1.0,0.0,0.0,0.0,0.0,0.0,0.0,0.0,0.0
4.1185,0.9999999665110018,2.710505431213761e-20,-0.00018299999387151331,-0.00018299999387161314,0.0,0.0,9.8375,0.0,1.5,1.0,0.0,0.0,0.0,0.0,0.0,0.0,0.0,0.0
4.1386,0.999999975813501,1.3552527156068805e-20,-0.00012199999704924711,-0.0001829999955738626,0.0,0.0,9.763,0.0,1.5,1.0,0.0,0.0,0.0,0.0,0.0,0.0,0.0,0.0
4.1586,0.999999973953001,6.0999998411133096e-05,-0.00012199999682226614,-0.0001829999952333572,0.0,0.0,9.8017,0.0,1.5,1.0,0.0,0.0,0.0,0.0,0.0,0.0,0.0,0.0
4.1787,0.999999973953001,6.0999998411133096e-05,-0.00012199999682226614,-0.0001829999952333572,0.0,0.0,9.8017,0.0,1.5,1.0,0.0,0.0,0.0,0.0,0.0,0.0,0.0,0.0
4.1988,0.999999955348003,0.00012199999455245642,-0.00024399998910491273,-0.00012199999455236865,0.0,0.0,9.8917,0.0,1.5,1.0,0.0,0.0,0.0,0.0,0.0,0.0,0.0,0.0
4.2188,0.999999914417011,0.00018299998433831305,-0.000365999968676626,-6.099999477943152e-05,0.0,0.0,9.8951,0.0,1.5,1.0,0.0,0.0,0.0,0.0,0.0,0.0,0.0,0.0
4.2389,0.9999999367430061,0.00018299998842397018,-0.0003049999807066168,0.0,0.0,0.0,9.7144,0.0,1.5,1.0,0.0,0.0,0.0,0.0,0.0,0.0,0.0,0.0
4.2589,0.9999999813950006,0.00018299999659528512,-6.0999998865095e-05,0.0,0.0,0.0,9.7063,0.0,1.5,1.0,0.0,0.0,0.0,0.0,0.0,0.0,0.0,0.0
4.279,0.9999999888370001,6.0999999319056965e-05,0.00012199999863811398,-6.099999931902243e-05,0.0,0.0,9.7688,0.0,1.5,1.0,0.0,0.0,0.0,0.0,0.0,0.0,0.0,0.0
4.2991,0.9999999906975002,1.0164395367051604e-20,-6.099999943254751e-05,-0.0001219999988650855,0.0,0.0,9.8444,0.0,1.5,1.0,0.0,0.0,0.0,0.0,0.0,0.0,0.0,0.0
4.3192,0.9999999627900021,4.065758146820642e-20,-0.00024399999092076055,-0.00012199999546036457,0.0,0.0,9.8135,0.0,1.5,1.0,0.0,0.0,0.0,0.0,0.0,0.0,0.0,0.0
4.3393,0.9999999665110018,-6.099999795717106e-05,-0.00024399999182868446,-6.099999795711186e-05,0.0,0.0,9.7315,0.0,1.5,1.0,0.0,0.0,0.0,0.0,0.0,0.0,0.0,0.0
4.3594,0.9999999497665037,-6.0999996935756675e-05,-0.00030499998467878363,-6.09999969358177e-05,0.0,0.0,9.8097,0.0,1.5,1.0,0.0,0.0,0.0,0.0,0.0,0.0,0.0,0.0
4.3794,0.9999999609295023,-6.0999997616699594e-05,-0.00024399999046679854,-0.00012199999523332394,0.0,0.0,9.7784,0.0,1.5,1.0,0.0,0.0,0.0,0.0,0.0,0.0,0.0,0.0
4.3995,0.9999999832555004,-6.0999998978585485e-05,-0.00012199999795717102,-0.00012199999795714511,0.0,0.0,9.7388,0.0,1.5,1.0,0.0,0.0,0.0,0.0,0.0,0.0,0.0,0.0
4.4196,0.999999955348003,-0.00012199999455245634,-0.00024399998910491275,-0.00012199999455236865,0.0,0.0,9.8164,0.0,1.5,1.0,0.0,0.0,0.0,0.0,0.0,0.0,0.0,0.0
4.4396,0.9999999386035057,-0.00012199999250962767,-0.0003049999812740692,-0.00012199999250972482,0.0,0.0,9.8165,0.0,1.5,1.0,0.0,0.0,0.0,0.0,0.0,0.0,0.0,0.0
4.4597,0.9999999088355125,-0.0001829999833168988,-0.0003659999666337977,-0.00012199998887790775,0.0,0.0,9.8088,0.0,1.5,1.0,0.0,0.0,0.0,0.0,0.0,0.0,0.0,0.0
4.4798,0.9999998716255247,-0.00024399996867662796,-0.00042699994518409913,-0.00012199998433826131,0.0,0.0,9.7706,0.0,1.5,1.0,0.0,0.0,0.0,0.0,0.0,0.0,0.0,0.0
4.4999,0.9999998455785358,-0.0003049999529014534,-0.000426999934062035,-0.00018299997174081597,0.0,0.0,9.8087,0.0,1.5,1.0,0.0,0.0,0.0,0.0,0.0,0.0,0.0,0.0
4.5199,0.9999998865095194,-0.00024399997230832267,-0.00036599995846248423,-0.00018299997923126865,0.0,0.0,9.8164,0.0,1.5,1.0,0.0,0.0,0.0,0.0,0.0,0.0,0.0,0.0
4.54,0.9999998716255247,-0.00024399996867662796,-0.00042699994518409913,-0.00012199998433826131,0.0,0.0,9.7735,0.0,1.5,1.0,0.0,0.0,0.0,0.0,0.0,0.0,0.0,0.0
4.5601,0.9999998716255247,-0.00024399996867662796,-0.00042699994518409913,-0.00012199998433826131,0.0,0.0,9.8125,0.0,1.5,1.0,0.0,0.0,0.0,0.0,0.0,0.0,0.0,0.0
4.5801,0.9999998548810317,-0.0003049999557387146,-0.0004269999380342006,-0.00012199998229545095,0.0,0.0,9.8048,0.0,1.5,1.0,0.0,0.0,0.0,0.0,0.0,0.0,0.0,0.0
4.6002,0.999999879067522,-0.00030499996311559414,-0.00036599995573871304,-0.00012199998524631273,0.0,0.0,9.805,0.0,1.5,1.0,0.0,0.0,0.0,0.0,0.0,0.0,0.0,0.0
4.6203,0.999999879067522,-0.00030499996311559414,-0.00036599995573871304,-0.00012199998524631273,0.0,0.0,9.7775,0.0,1.5,1.0,0.0,0.0,0.0,0.0,0.0,0.0,0.0,0.0
4.6403,0.9999998455785358,-0.0003049999529014534,-0.000426999934062035,-0.00018299997174081597,0.0,0.0,9.8164,0.0,1.5,1.0,0.0,0.0,0.0,0.0,0.0,0.0,0.0,0.0
4.6604,0.9999998344155412,-0.00024399995959739195,-0.00048799991919478406,-0.00018299996969800558,0.0,0.0,9.7346,0.0,1.5,1.0,0.0,0.0,0.0,0.0,0.0,0.0,0.0,0.0
4.6805,0.9999998344155412,-0.00024399995959739195,-0.00048799991919478406,-0.00018299996969800558,0.0,0.0,9.848,0.0,1.5,1.0,0.0,0.0,0.0,0.0,0.0,0.0,0.0,0.0
4.7006,0.9999998455785358,-0.0003049999529014534,-0.000426999934062035,-0.00018299997174081597,0.0,0.0,9.7774,0.0,1.5,1.0,0.0,0.0,0.0,0.0,0.0,0.0,0.0,0.0
4.7207,0.9999998455785358,-0.0003049999529014534,-0.000426999934062035,-0.00018299997174081597,0.0,0.0,9.8518,0.0,1.5,1.0,0.0,0.0,0.0,0.0,0.0,0.0,0.0,0.0
4.7407,0.9999998455785358,-0.0003049999529014534,-0.000426999934062035,-0.00018299997174081597,0.0,0.0,9.8048,0.0,1.5,1.0,0.0,0.0,0.0,0.0,0.0,0.0,0.0,0.0
4.7608,0.9999997972055618,-0.00036599992577723557,-0.0004879999010363142,-0.0001829999628886747,0.0,0.0,9.8048,0.0,1.5,1.0,0.0,0.0,0.0,0.0,0.0,0.0,0.0,0.0
4.7809,0.9999998065080562,-0.0003659999291819485,-0.0004879999055759315,-0.00012199997639394944,0.0,0.0,9.8125,0.0,1.5,1.0,0.0,0.0,0.0,0.0,0.0,0.0,0.0,0.0
4.8011,0.999999826973545,-0.0003049999472269312,-0.00048799991556309,-0.00012199997889073001,0.0,0.0,9.8088,0.0,1.5,1.0,0.0,0.0,0.0,0.0,0.0,0.0,0.0,0.0
4.8212,0.999999826973545,-0.0003049999472269312,-0.00048799991556309,-0.00012199997889073001,0.0,0.0,9.7776,0.0,1.5,1.0,0.0,0.0,0.0,0.0,0.0,0.0,0.0,0.0
4.8413,0.9999998548810317,-0.0003049999557387146,-0.0004269999380342006,-0.00012199998229545095,0.0,0.0,9.7774,0.0,1.5,1.0,0.0,0.0,0.0,0.0,0.0,0.0,0.0,0.0
4.8614,0.9999998697650254,-0.00030499996027833273,-0.0003659999523339994,-0.0001829999761670531,0.0,0.0,9.7697,0.0,1.5,1.0,0.0,0.0,0.0,0.0,0.0,0.0,0.0,0.0
4.8815,0.9999998548810317,-0.0003049999557387146,-0.0004269999380342006,-0.00012199998229545095,0.0,0.0,9.7073,0.0,1.5,1.0,0.0,0.0,0.0,0.0,0.0,0.0,0.0,0.0
4.9015,0.9999998455785358,-0.0003049999529014534,-0.000426999934062035,-0.00018299997174081597,0.0,0.0,9.6992,0.0,1.5,1.0,0.0,0.0,0.0,0.0,0.0,0.0,0.0,0.0
4.9216,0.9999998455785358,-0.0003049999529014534,-0.000426999934062035,-0.00018299997174081597,0.0,0.0,9.8164,0.0,1.5,1.0,0.0,0.0,0.0,0.0,0.0,0.0,0.0,0.0
4.9417,0.99999981767105,-0.00030499994438967017,-0.00048799991102347246,-0.00018299996663384557,0.0,0.0,9.7735,0.0,1.5,1.0,0.0,0.0,0.0,0.0,0.0,0.0,0.0,0.0
4.9617,0.9999998716255247,-0.00024399996867662796,-0.00042699994518409913,-0.00012199998433826131,0.0,0.0,9.8516,0.0,1.5,1.0,0.0,0.0,0.0,0.0,0.0,0.0,0.0,0.0
4.9818,0.9999998716255247,-0.00024399996867662796,-0.00042699994518409913,-0.00012199998433826131,0.0,0.0,9.8125,0.0,1.5,1.0,0.0,0.0,0.0,0.0,0.0,0.0,0.0,0.0
5.0019,0.99999981767105,-0.00030499994438967017,-0.00048799991102347246,-0.00018299996663384557,0.0,0.0,9.8088,0.0,1.5,1.0,0.0,0.0,0.0,0.0,0.0,0.0,0.0,0.0
5.0219,0.99999981767105,-0.00030499994438967017,-0.00048799991102347246,-0.00018299996663384557,0.0,0.0,9.8516,0.0,1.5,1.0,0.0,0.0,0.0,0.0,0.0,0.0,0.0,0.0
5.042,0.9999998455785358,-0.0003049999529014534,-0.000426999934062035,-0.00018299997174081597,0.0,0.0,9.8164,0.0,1.5,1.0,0.0,0.0,0.0,0.0,0.0,0.0,0.0,0.0
5.0621,0.9999998455785358,-0.0003049999529014534,-0.000426999934062035,-0.00018299997174081597,0.0,0.0,9.8125,0.0,1.5,1.0,0.0,0.0,0.0,0.0,0.0,0.0,0.0,0.0
5.0821,0.9999998623230284,-0.00024399996640681886,-0.00042699994121193316,-0.00018299997480514252,0.0,0.0,9.8125,0.0,1.5,1.0,0.0,0.0,0.0,0.0,0.0,0.0,0.0,0.0
5.1022,0.9999998716255247,-0.00024399996867662796,-0.00042699994518409913,-0.00012199998433826131,0.0,0.0,9.7774,0.0,1.5,1.0,0.0,0.0,0.0,0.0,0.0,0.0,0.0,0.0
5.1223,0.9999998958120163,-0.00024399997457813188,-0.000365999961867198,-0.00012199998728917862,0.0,0.0,9.844,0.0,1.5,1.0,0.0,0.0,0.0,0.0,0.0,0.0,0.0,0.0
5.1423,0.9999998716255247,-0.00024399996867662796,-0.00042699994518409913,-0.00012199998433826131,0.0,0.0,9.767,0.0,1.5,1.0,0.0,0.0,0.0,0.0,0.0,0.0,0.0,0.0
5.1624,0.9999999013935147,-0.0002439999759400175,-0.00036599996391002644,-6.0999993984955925e-05,0.0,0.0,10.0358,0.0,1.5,1.0,0.0,0.0,0.0,0.0,0.0,0.0,0.0,0.0
5.1825,0.9999999348825064,-0.00018299998808349863,-0.0003049999801391645,-6.099999602782181e-05,0.0,0.0,9.8126,0.0,1.5,1.0,0.0,0.0,0.0,0.0,0.0,0.0,0.0,0.0
5.2025,0.9999999795345006,-6.0999998751604515e-05,-0.00018299999625481363,-6.099999875164297e-05,0.0,0.0,9.8664,0.0,1.5,1.0,0.0,0.0,0.0,0.0,0.0,0.0,0.0,0.0
5.2226,0.9999999906975002,2.0328790734103208e-20,-0.00012199999886509502,-6.099999943254275e-05,0.0,0.0,9.7078,0.0,1.5,1.0,0.0,0.0,0.0,0.0,0.0,0.0,0.0,0.0
5.2427,0.999999973953001,-0.0001219999968222661,-0.0001829999952333992,-6.099999841108206e-05,0.0,0.0,9.7697,0.0,1.5,1.0,0.0,0.0,0.0,0.0,0.0,0.0,0.0,0.0
5.2628,0.9999999516270035,-0.00018299999114774159,-0.00024399998819698887,-6.0999997049338006e-05,0.0,0.0,9.8253,0.0,1.5,1.0,0.0,0.0,0.0,0.0,0.0,0.0,0.0,0.0
5.2828,0.9999999516270035,-0.00018299999114774159,-0.00024399998819698887,-6.0999997049338006e-05,0.0,0.0,9.8555,0.0,1.5,1.0,0.0,0.0,0.0,0.0,0.0,0.0,0.0,0.0
5.3029,0.9999999348825064,-0.00030499998013916446,-0.0001829999880834987,-6.099999602782181e-05,0.0,0.0,9.7168,0.0,1.5,1.0,0.0,0.0,0.0,0.0,0.0,0.0,0.0,0.0
5.323,0.9999999386035057,-0.00024399998501925532,-0.0002439999850192554,-6.099999625486241e-05,0.0,0.0,9.8248,0.0,1.5,1.0,0.0,0.0,0.0,0.0,0.0,0.0,0.0,0.0
5.343,0.999999973953001,-0.0001219999968222661,-0.0001829999952333992,-6.099999841108206e-05,0.0,0.0,9.7346,0.0,1.5,1.0,0.0,0.0,0.0,0.0,0.0,0.0,0.0,0.0
5.3631,0.9999999609295023,-0.00012199999523339928,-0.00024399999046679862,-6.099999761671749e-05,0.0,0.0,9.8447,0.0,1.5,1.0,0.0,0.0,0.0,0.0,0.0,0.0,0.0,0.0
5.3832,0.9999999348825064,-0.00018299998808349863,-0.0003049999801391645,-6.099999602782181e-05,0.0,0.0,9.8416,0.0,1.5,1.0,0.0,0.0,0.0,0.0,0.0,0.0,0.0,0.0
5.4032,0.9999999534875033,-0.0001829999914882131,-0.00024399998865095088,0.0,0.0,0.0,9.7977,0.0,1.5,1.0,0.0,0.0,0.0,0.0,0.0,0.0,0.0,0.0
5.4233,0.9999999906975001,-6.0999999432547494e-05,-0.00012199999886509503,0.0,0.0,0.0,9.7082,0.0,1.5,1.0,0.0,0.0,0.0,0.0,0.0,0.0,0.0,0.0
5.4434,0.999999996279,6.099999977301902e-05,-6.0999999773018994e-05,0.0,0.0,0.0,9.7487,0.0,1.5,1.0,0.0,0.0,0.0,0.0,0.0,0.0,0.0,0.0
5.4634,0.9999999981395,6.0999999886509496e-05,1.0164395367051604e-20,0.0,0.0,0.0,9.7169,0.0,1.5,1.0,0.0,0.0,0.0,0.0,0.0,0.0,0.0,0.0
5.4835,0.999999996279,6.099999977301902e-05,-6.0999999773018994e-05,0.0,0.0,0.0,9.8215,0.0,1.5,1.0,0.0,0.0,0.0,0.0,0.0,0.0,0.0,0.0
5.5036,0.9999999906975001,-6.0999999432547494e-05,-0.00012199999886509503,0.0,0.0,0.0,9.88,0.0,1.5,1.0,0.0,0.0,0.0,0.0,0.0,0.0,0.0,0.0
5.5236,0.9999999646505019,-0.00018299999353104182,-0.00018299999353104185,-6.099999784364707e-05,0.0,0.0,9.7635,0.0,1.5,1.0,0.0,0.0,0.0,0.0,0.0,0.0,0.0,0.0
5.5437,0.9999999348825064,-0.00018299998808349863,-0.0003049999801391645,-6.099999602782181e-05,0.0,0.0,9.7711,0.0,1.5,1.0,0.0,0.0,0.0,0.0,0.0,0.0,0.0,0.0
5.5638,0.9999999348825064,-0.00018299998808349863,-0.0003049999801391645,-6.099999602782181e-05,0.0,0.0,9.8089,0.0,1.5,1.0,0.0,0.0,0.0,0.0,0.0,0.0,0.0,0.0
5.5838,0.9999999646505019,-0.00018299999353104182,-0.00018299999353104185,-6.099999784364707e-05,0.0,0.0,9.8376,0.0,1.5,1.0,0.0,0.0,0.0,0.0,0.0,0.0,0.0,0.0
5.6039,0.9999999813950006,-6.0999998865095e-05,-0.00018299999659528512,0.0,0.0,0.0,9.7742,0.0,1.5,1.0,0.0,0.0,0.0,0.0,0.0,0.0,0.0,0.0
5.624,0.9999999813950006,6.099999886509507e-05,-0.00018299999659528512,0.0,0.0,0.0,9.9434,0.0,1.5,1.0,0.0,0.0,0.0,0.0,0.0,0.0,0.0,0.0
5.644,0.9999999906975001,6.099999943254752e-05,-0.000121999998865095,0.0,0.0,0.0,9.7344,0.0,1.5,1.0,0.0,0.0,0.0,0.0,0.0,0.0,0.0,0.0
5.6641,0.999999996279,6.099999977301902e-05,-6.0999999773018994e-05,0.0,0.0,0.0,9.7528,0.0,1.5,1.0,0.0,0.0,0.0,0.0,0.0,0.0,0.0,0.0
5.6842,0.999999996279,6.0999999773019e-05,1.0164395367051604e-20,-6.099999977293713e-05,0.0,0.0,9.8188,0.0,1.5,1.0,0.0,0.0,0.0,0.0,0.0,0.0,0.0,0.0
5.7042,0.9999999906975002,-6.099999943254751e-05,-1.0164395367051604e-20,-0.0001219999988650855,0.0,0.0,9.7959,0.0,1.5,1.0,0.0,0.0,0.0,0.0,0.0,0.0,0.0,0.0
5.7243,0.9999999832555004,-0.00012199999795717102,-6.099999897858553e-05,-0.00012199999795714511,0.0,0.0,9.7913,0.0,1.5,1.0,0.0,0.0,0.0,0.0,0.0,0.0,0.0,0.0
5.7444,0.9999999851160004,2.032879073410321e-20,-0.00012199999818415204,-0.00012199999818418573,0.0,0.0,9.7859,0.0,1.5,1.0,0.0,0.0,0.0,0.0,0.0,0.0,0.0,0.0
5.7644,0.9999999683715015,0.00012199999614132319,-0.00018299999421198478,-0.00012199999614126433,0.0,0.0,9.8403,0.0,1.5,1.0,0.0,0.0,0.0,0.0,0.0,0.0,0.0,0.0
5.7845,0.9999999590690025,0.00012199999500641839,-0.0001829999925096275,-0.00018299999250964705,0.0,0.0,9.7735,0.0,1.5,1.0,0.0,0.0,0.0,0.0,0.0,0.0,0.0,0.0
5.8046,0.9999999665110018,2.710505431213761e-20,-0.00018299999387151331,-0.00018299999387161314,0.0,0.0,9.8478,0.0,1.5,1.0,0.0,0.0,0.0,0.0,0.0,0.0,0.0,0.0
5.8246,0.9999999646505019,-6.0999997843680605e-05,-0.00018299999353104185,-0.00018299999353105223,0.0,0.0,9.883,0.0,1.5,1.0,0.0,0.0,0.0,0.0,0.0,0.0,0.0,0.0
5.8448,0.9999999497665037,-0.00018299999080727012,-0.00018299999080727023,-0.00018299999080717555,0.0,0.0,9.8352,0.0,1.5,1.0,0.0,0.0,0.0,0.0,0.0,0.0,0.0,0.0
5.8648,0.999999936743006,-0.0002439999845652935,-0.00018299998842397018,-0.00018299998842402632,0.0,0.0,9.8016,0.0,1.5,1.0,0.0,0.0,0.0,0.0,0.0,0.0,0.0,0.0
5.8849,0.9999999683715015,-0.00012199999614132314,-0.00012199999614132319,-0.00018299999421200752,0.0,0.0,9.8127,0.0,1.5,1.0,0.0,0.0,0.0,0.0,0.0,0.0,0.0,0.0
5.905,0.9999999832555004,-6.0999998978585485e-05,-0.00012199999795717102,-0.00012199999795714511,0.0,0.0,9.7386,0.0,1.5,1.0,0.0,0.0,0.0,0.0,0.0,0.0,0.0,0.0
5.9251,0.9999999851160004,2.032879073410321e-20,-0.00012199999818415204,-0.00012199999818418573,0.0,0.0,9.7823,0.0,1.5,1.0,0.0,0.0,0.0,0.0,0.0,0.0,0.0,0.0
5.9451,0.9999999906975002,1.0164395367051604e-20,-6.099999943254751e-05,-0.0001219999988650855,0.0,0.0,9.8129,0.0,1.5,1.0,0.0,0.0,0.0,0.0,0.0,0.0,0.0,0.0
5.9652,0.9999999832555004,-6.0999998978585485e-05,-0.00012199999795717102,-0.00012199999795714511,0.0,0.0,9.8127,0.0,1.5,1.0,0.0,0.0,0.0,0.0,0.0,0.0,0.0,0.0
5.9853,0.9999999776740008,-0.00012199999727622809,-0.00012199999727622815,-0.00012199999727618982,0.0,0.0,9.8407,0.0,1.5,1.0,0.0,0.0,0.0,0.0,0.0,0.0,0.0,0.0
6.0054,0.9999999683715015,-0.00018299999421198478,-0.00012199999614132319,-0.00012199999614126433,0.0,0.0,9.7308,0.0,1.5,1.0,0.0,0.0,0.0,0.0,0.0,0.0,0.0,0.0
6.0254,0.9999999683715015,-0.00018299999421198478,-0.00012199999614132319,-0.00012199999614126433,0.0,0.0,9.7774,0.0,1.5,1.0,0.0,0.0,0.0,0.0,0.0,0.0,0.0,0.0
6.0455,0.9999999683715015,-0.00018299999421198478,-0.00012199999614132319,-0.00012199999614126433,0.0,0.0,9.7774,0.0,1.5,1.0,0.0,0.0,0.0,0.0,0.0,0.0,0.0,0.0
6.0656,0.9999999497665037,-0.00018299999080727012,-0.00018299999080727023,-0.00018299999080717555,0.0,0.0,9.8439,0.0,1.5,1.0,0.0,0.0,0.0,0.0,0.0,0.0,0.0,0.0
6.0857,0.9999999590690025,-0.00018299999250962742,-0.0001829999925096275,-0.00012199999500644987,0.0,0.0,9.7658,0.0,1.5,1.0,0.0,0.0,0.0,0.0,0.0,0.0,0.0,0.0
6.1057,0.9999999590690025,-0.00018299999250962742,-0.0001829999925096275,-0.00012199999500644987,0.0,0.0,9.8125,0.0,1.5,1.0,0.0,0.0,0.0,0.0,0.0,0.0,0.0,0.0
6.1258,0.9999999683715015,-0.00012199999614132312,-0.0001829999942119848,-0.00012199999614126433,0.0,0.0,9.7775,0.0,1.5,1.0,0.0,0.0,0.0,0.0,0.0,0.0,0.0,0.0
6.1459,0.9999999590690025,-0.00018299999250962742,-0.0001829999925096275,-0.00012199999500644987,0.0,0.0,9.8556,0.0,1.5,1.0,0.0,0.0,0.0,0.0,0.0,0.0,0.0,0.0
6.1659,0.9999999590690025,-0.00018299999250962742,-0.0001829999925096275,-0.00012199999500644987,0.0,0.0,9.7776,0.0,1.5,1.0,0.0,0.0,0.0,0.0,0.0,0.0,0.0,0.0
6.186,0.9999999460455045,-0.00018299999012632727,-0.00024399998683510312,-0.00012199999341749868,0.0,0.0,9.8129,0.0,1.5,1.0,0.0,0.0,0.0,0.0,0.0,0.0,0.0,0.0
6.2061,0.9999999460455045,-0.00018299999012632727,-0.00024399998683510312,-0.00012199999341749868,0.0,0.0,9.8166,0.0,1.5,1.0,0.0,0.0,0.0,0.0,0.0,0.0,0.0,0.0
6.2262,0.9999999590690025,-0.00018299999250962742,-0.0001829999925096275,-0.00012199999500644987,0.0,0.0,9.813,0.0,1.5,1.0,0.0,0.0,0.0,0.0,0.0,0.0,0.0,0.0
6.2462,0.9999999590690025,-0.00018299999250962742,-0.0001829999925096275,-0.00012199999500644987,0.0,0.0,9.805,0.0,1.5,1.0,0.0,0.0,0.0,0.0,0.0,0.0,0.0,0.0
6.2663,0.9999999460455045,-0.00018299999012632727,-0.00024399998683510312,-0.00012199999341749868,0.0,0.0,9.8165,0.0,1.5,1.0,0.0,0.0,0.0,0.0,0.0,0.0,0.0,0.0
6.2864,0.999999955348003,-0.00012199999455245634,-0.00024399998910491275,-0.00012199999455236865,0.0,0.0,9.8127,0.0,1.5,1.0,0.0,0.0,0.0,0.0,0.0,0.0,0.0,0.0
6.3064,0.9999999460455045,-0.00018299999012632727,-0.00024399998683510312,-0.00012199999341749868,0.0,0.0,9.7776,0.0,1.5,1.0,0.0,0.0,0.0,0.0,0.0,0.0,0.0,0.0
6.3265,0.999999936743006,-0.0001829999884239701,-0.00024399998456529356,-0.00018299998842402632,0.0,0.0,9.8479,0.0,1.5,1.0,0.0,0.0,0.0,0.0,0.0,0.0,0.0,0.0
6.3466,0.9999999590690025,-0.00018299999250962742,-0.0001829999925096275,-0.00012199999500644987,0.0,0.0,9.8166,0.0,1.5,1.0,0.0,0.0,0.0,0.0,0.0,0.0,0.0,0.0
6.3666,0.9999999590690025,-0.00018299999250962742,-0.0001829999925096275,-0.00012199999500644987,0.0,0.0,9.8165,0.0,1.5,1.0,0.0,0.0,0.0,0.0,0.0,0.0,0.0,0.0
6.3867,0.9999999460455045,-0.00018299999012632727,-0.00024399998683510312,-0.00012199999341749868,0.0,0.0,9.8125,0.0,1.5,1.0,0.0,0.0,0.0,0.0,0.0,0.0,0.0,0.0
6.4068,0.9999999590690025,-0.00018299999250962742,-0.0001829999925096275,-0.00012199999500644987,0.0,0.0,9.7774,0.0,1.5,1.0,0.0,0.0,0.0,0.0,0.0,0.0,0.0,0.0
6.4268,0.9999999590690025,-0.00018299999250962742,-0.0001829999925096275,-0.00012199999500644987,0.0,0.0,9.8087,0.0,1.5,1.0,0.0,0.0,0.0,0.0,0.0,0.0,0.0,0.0
6.4469,0.9999999590690025,-0.00018299999250962742,-0.0001829999925096275,-0.00012199999500644987,0.0,0.0,9.8048,0.0,1.5,1.0,0.0,0.0,0.0,0.0,0.0,0.0,0.0,0.0
6.467,0.9999999590690025,-0.00018299999250962742,-0.0001829999925096275,-0.00012199999500644987,0.0,0.0,9.8166,0.0,1.5,1.0,0.0,0.0,0.0,0.0,0.0,0.0,0.0,0.0
6.487,0.9999999776740008,-0.00012199999727622809,-0.00012199999727622815,-0.00012199999727618982,0.0,0.0,9.7738,0.0,1.5,1.0,0.0,0.0,0.0,0.0,0.0,0.0,0.0,0.0
6.5071,0.9999999776740008,-0.00012199999727622809,-0.00012199999727622815,-0.00012199999727618982,0.0,0.0,9.8126,0.0,1.5,1.0,0.0,0.0,0.0,0.0,0.0,0.0,0.0,0.0
6.5272,0.9999999683715015,-0.00012199999614132312,-0.0001829999942119848,-0.00012199999614126433,0.0,0.0,9.8477,0.0,1.5,1.0,0.0,0.0,0.0,0.0,0.0,0.0,0.0,0.0
6.5473,0.9999999590690025,-0.00018299999250962742,-0.0001829999925096275,-0.00012199999500644987,0.0,0.0,9.8087,0.0,0.0,1.0,0.0,0.0,0.0,0.0,0.0,0.0,0.0,0.0
6.5673,0.9999999590690025,-0.00018299999250962742,-0.0001829999925096275,-0.00012199999500644987,0.0,0.0,9.7774,0.0,0.0,1.0,0.0,0.0,0.0,0.0,0.0,0.0,0.0,0.0
6.5874,0.9999999683715015,-0.00012199999614132312,-0.0001829999942119848,-0.00012199999614126433,0.0,0.0,9.8126,0.0,0.0,1.0,0.0,0.0,0.0,0.0,0.0,0.0,0.0,0.0
6.6075,0.999999955348003,-0.00012199999455245634,-0.00024399998910491275,-0.00012199999455236865,0.0,0.0,9.7735,0.0,0.0,1.0,0.0,0.0,0.0,0.0,0.0,0.0,0.0,0.0
6.6275,0.999999955348003,-0.00012199999455245634,-0.00024399998910491275,-0.00012199999455236865,0.0,0.0,9.8555,0.0,0.0,1.0,0.0,0.0,0.0,0.0,0.0,0.0,0.0,0.0
6.6476,0.9999999609295023,-0.00012199999523339928,-0.00024399999046679862,-6.099999761671749e-05,0.0,0.0,9.805,0.0,0.0,1.0,0.0,0.0,0.0,0.0,0.0,0.0,0.0,0.0
6.6677,0.999999973953001,-0.0001219999968222661,-0.0001829999952333992,-6.099999841108206e-05,0.0,0.0,9.8164,0.0,0.0,1.0,0.0,0.0,0.0,0.0,0.0,0.0,0.0,0.0
6.6877,0.999999973953001,-0.0001219999968222661,-0.0001829999952333992,-6.099999841108206e-05,0.0,0.0,9.7774,0.0,0.0,1.0,0.0,0.0,0.0,0.0,0.0,0.0,0.0,0.0
6.7078,0.9999999795345006,-6.0999998751604515e-05,-0.00018299999625481363,-6.099999875164297e-05,0.0,0.0,9.8165,0.0,0.0,1.0,0.0,0.0,0.0,0.0,0.0,0.0,0.0,0.0
6.7279,0.9999999795345006,-6.0999998751604515e-05,-0.00018299999625481363,-6.099999875164297e-05,0.0,0.0,9.8129,0.0,0.0,1.0,0.0,0.0,0.0,0.0,0.0,0.0,0.0,0.0
6.7479,0.999999973953001,-0.0001219999968222661,-0.0001829999952333992,-6.099999841108206e-05,0.0,0.0,9.8165,0.0,0.0,1.0,0.0,0.0,0.0,0.0,0.0,0.0,0.0,0.0
6.768,0.9999999776740008,-0.00012199999727622809,-0.00012199999727622815,-0.00012199999727618982,0.0,0.0,9.8092,0.0,0.0,1.0,0.0,0.0,0.0,0.0,0.0,0.0,0.0,0.0
6.7881,0.9999999739530011,-0.00018299999523339918,-6.0999998411133096e-05,-0.00012199999682221963,0.0,0.0,9.7704,0.0,0.0,1.0,0.0,0.0,0.0,0.0,0.0,0.0,0.0,0.0
6.8081,0.9999999739530011,-0.00018299999523339918,-6.0999998411133096e-05,-0.00012199999682221963,0.0,0.0,9.7735,0.0,0.0,1.0,0.0,0.0,0.0,0.0,0.0,0.0,0.0,0.0
6.8282,0.9999999776740008,-0.00012199999727622809,-0.00012199999727622815,-0.00012199999727618982,0.0,0.0,9.7735,0.0,0.0,1.0,0.0,0.0,0.0,0.0,0.0,0.0,0.0,0.0
6.8483,0.9999999683715015,-0.00018299999421198478,-0.00012199999614132319,-0.00012199999614126433,0.0,0.0,9.7739,0.0,0.0,1.0,0.0,0.0,0.0,0.0,0.0,0.0,0.0,0.0
6.8683,0.9999999832555004,-0.00012199999795717102,-6.099999897858553e-05,-0.00012199999795714511,0.0,0.0,9.8127,0.0,0.0,1.0,0.0,0.0,0.0,0.0,0.0,0.0,0.0,0.0
6.8884,0.9999999739530011,-0.00018299999523339918,-6.0999998411133096e-05,-0.00012199999682221963,0.0,0.0,9.805,0.0,0.0,1.0,0.0,0.0,0.0,0.0,0.0,0.0,0.0,0.0
6.9085,0.9999999739530011,-0.00018299999523339918,-6.0999998411133096e-05,-0.00012199999682221963,0.0,0.0,9.766,0.0,0.0,1.0,0.0,0.0,0.0,0.0,0.0,0.0,0.0,0.0
6.9285,0.9999999739530011,-0.00018299999523339918,-6.0999998411133096e-05,-0.00012199999682221963,0.0,0.0,9.8556,0.0,0.0,1.0,0.0,0.0,0.0,0.0,0.0,0.0,0.0,0.0
6.9486,0.9999999683715015,-0.00018299999421198478,-0.00012199999614132319,-0.00012199999614126433,0.0,0.0,9.7774,0.0,0.0,1.0,0.0,0.0,0.0,0.0,0.0,0.0,0.0,0.0
6.9687,0.9999999590690025,-0.00018299999250962742,-0.0001829999925096275,-0.00012199999500644987,0.0,0.0,9.844,0.0,0.0,1.0,0.0,0.0,0.0,0.0,0.0,0.0,0.0,0.0
6.9887,0.9999999646505019,-0.00018299999353104182,-0.00018299999353104185,-6.099999784364707e-05,0.0,0.0,9.7658,0.0,0.0,1.0,0.0,0.0,0.0,0.0,0.0,0.0,0.0,0.0
7.0088,0.9999999590690025,-0.00018299999250962742,-0.0001829999925096275,-0.00012199999500644987,0.0,0.0,9.8171,0.0,0.0,1.0,0.0,0.0,0.0,0.0,0.0,0.0,0.0,0.0
7.0289,0.9999999590690025,-0.00018299999250962742,-0.0001829999925096275,-0.00012199999500644987,0.0,0.0,9.8518,0.0,0.0,1.0,0.0,0.0,0.0,0.0,0.0,0.0,0.0,0.0
7.0489,0.9999999460455045,-0.00018299999012632727,-0.00024399998683510312,-0.00012199999341749868,0.0,0.0,9.8053,0.0,0.0,1.0,0.0,0.0,0.0,0.0,0.0,0.0,0.0,0.0
7.069,0.9999999590690025,-0.00018299999250962742,-0.0001829999925096275,-0.00012199999500644987,0.0,0.0,9.7698,0.0,0.0,1.0,0.0,0.0,0.0,0.0,0.0,0.0,0.0,0.0
7.0891,0.9999999683715015,-0.00018299999421198478,-0.00012199999614132319,-0.00012199999614126433,0.0,0.0,9.8171,0.0,0.0,1.0,0.0,0.0,0.0,0.0,0.0,0.0,0.0,0.0
7.1092,0.9999999683715015,-0.00018299999421198478,-0.00012199999614132319,-0.00012199999614126433,0.0,0.0,9.7774,0.0,0.0,1.0,0.0,0.0,0.0,0.0,0.0,0.0,0.0,0.0
7.1293,0.9999999516270035,-0.00024399998819698882,-0.00018299999114774164,-6.0999997049338006e-05,0.0,0.0,9.8872,0.0,0.0,1.0,0.0,0.0,0.0,0.0,0.0,0.0,0.0,0.0
7.1493,0.9999999646505019,-0.00018299999353104182,-0.00018299999353104185,-6.099999784364707e-05,0.0,0.0,9.7383,0.0,0.0,1.0,0.0,0.0,0.0,0.0,0.0,0.0,0.0,0.0
7.1694,0.999999973953001,-0.0001219999968222661,-0.0001829999952333992,-6.099999841108206e-05,0.0,0.0,9.8127,0.0,0.0,1.0,0.0,0.0,0.0,0.0,0.0,0.0,0.0,0.0
7.1895,0.9999999832555004,-0.00012199999795717101,-0.00012199999795717107,-6.099999897857254e-05,0.0,0.0,9.8126,0.0,0.0,1.0,0.0,0.0,0.0,0.0,0.0,0.0,0.0,0.0
7.2095,0.999999973953001,-0.00018299999523339915,-0.00012199999682226616,-6.099999841108206e-05,0.0,0.0,9.8164,0.0,0.0,1.0,0.0,0.0,0.0,0.0,0.0,0.0,0.0,0.0
7.2296,0.9999999646505019,-0.00018299999353104182,-0.00018299999353104185,-6.099999784364707e-05,0.0,0.0,9.7774,0.0,0.0,1.0,0.0,0.0,0.0,0.0,0.0,0.0,0.0,0.0
7.2497,0.9999999646505019,-0.00018299999353104182,-0.00018299999353104185,-6.099999784364707e-05,0.0,0.0,9.8127,0.0,0.0,1.0,0.0,0.0,0.0,0.0,0.0,0.0,0.0,0.0
7.2697,0.999999973953001,-0.0001219999968222661,-0.0001829999952333992,-6.099999841108206e-05,0.0,0.0,9.8129,0.0,0.0,1.0,0.0,0.0,0.0,0.0,0.0,0.0,0.0,0.0
7.2898,0.9999999832555004,-0.00012199999795717101,-0.00012199999795717107,-6.099999897857254e-05,0.0,0.0,9.8127,0.0,0.0,1.0,0.0,0.0,0.0,0.0,0.0,0.0,0.0,0.0
7.3099,0.9999999646505019,-0.00018299999353104182,-0.00018299999353104185,-6.099999784364707e-05,0.0,0.0,9.8048,0.0,0.0,1.0,0.0,0.0,0.0,0.0,0.0,0.0,0.0,0.0
7.3299,0.9999999646505019,-0.00018299999353104182,-0.00018299999353104185,-6.099999784364707e-05,0.0,0.0,9.8048,0.0,0.0,1.0,0.0,0.0,0.0,0.0,0.0,0.0,0.0,0.0
7.35,0.9999999646505019,-0.00018299999353104182,-0.00018299999353104185,-6.099999784364707e-05,0.0,0.0,9.7735,0.0,0.0,1.0,0.0,0.0,0.0,0.0,0.0,0.0,0.0,0.0
7.3701,0.9999999683715015,-0.00012199999614132312,-0.0001829999942119848,-0.00012199999614126433,0.0,0.0,9.8127,0.0,0.0,1.0,0.0,0.0,0.0,0.0,0.0,0.0,0.0,0.0
7.3901,0.9999999683715015,-0.00012199999614132312,-0.0001829999942119848,-0.00012199999614126433,0.0,0.0,9.8088,0.0,0.0,1.0,0.0,0.0,0.0,0.0,0.0,0.0,0.0,0.0
7.4102,0.9999999590690025,-0.00018299999250962742,-0.0001829999925096275,-0.00012199999500644987,0.0,0.0,9.8048,0.0,0.0,1.0,0.0,0.0,0.0,0.0,0.0,0.0,0.0,0.0
7.4303,0.999999973953001,-0.00018299999523339915,-0.00012199999682226616,-6.099999841108206e-05,0.0,0.0,9.813,0.0,0.0,1.0,0.0,0.0,0.0,0.0,0.0,0.0,0.0,0.0
7.4504,0.9999999590690025,-0.00018299999250962742,-0.0001829999925096275,-0.00012199999500644987,0.0,0.0,9.7774,0.0,0.0,1.0,0.0,0.0,0.0,0.0,0.0,0.0,0.0,0.0
7.4704,0.9999999590690025,-0.00018299999250962742,-0.0001829999925096275,-0.00012199999500644987,0.0,0.0,9.7658,0.0,0.0,1.0,0.0,0.0,0.0,0.0,0.0,0.0,0.0,0.0
7.4905,0.9999999590690025,-0.00018299999250962742,-0.0001829999925096275,-0.00012199999500644987,0.0,0.0,9.8165,0.0,0.0,1.0,0.0,0.0,0.0,0.0,0.0,0.0,0.0,0.0
7.5106,0.9999999590690025,-0.00018299999250962742,-0.0001829999925096275,-0.00012199999500644987,0.0,0.0,9.8165,0.0,0.0,1.0,0.0,0.0,0.0,0.0,0.0,0.0,0.0,0.0
7.5307,0.9999999460455045,-0.00018299999012632727,-0.00024399998683510312,-0.00012199999341749868,0.0,0.0,9.8125,0.0,0.0,1.0,0.0,0.0,0.0,0.0,0.0,0.0,0.0,0.0
7.5508,0.9999999516270035,-0.00024399998819698882,-0.00018299999114774164,-6.0999997049338006e-05,0.0,0.0,9.8087,0.0,0.0,1.0,0.0,0.0,0.0,0.0,0.0,0.0,0.0,0.0
7.5709,0.9999999386035057,-0.00024399998501925532,-0.0002439999850192554,-6.099999625486241e-05,0.0,0.0,9.7774,0.0,0.0,1.0,0.0,0.0,0.0,0.0,0.0,0.0,0.0,0.0
7.591,0.9999999386035057,-0.00024399998501925532,-0.0002439999850192554,-6.099999625486241e-05,0.0,0.0,9.8087,0.0,0.0,1.0,0.0,0.0,0.0,0.0,0.0,0.0,0.0,0.0
7.6111,0.9999999330220067,-0.00024399998365736957,-0.00024399998365736968,-0.00012199999182876953,0.0,0.0,9.8087,0.0,0.0,1.0,0.0,0.0,0.0,0.0,0.0,0.0,0.0,0.0
7.6312,0.9999999460455045,-0.00018299999012632727,-0.00024399998683510312,-0.00012199999341749868,0.0,0.0,9.6953,0.0,0.0,1.0,0.0,0.0,0.0,0.0,0.0,0.0,0.0,0.0
7.6513,0.9999999293010076,-0.00018299998706208434,-0.0003049999784368073,-0.00012199999137468831,0.0,0.0,9.8946,0.0,0.0,1.0,0.0,0.0,0.0,0.0,0.0,0.0,0.0,0.0
7.6714,0.9999999348825064,-0.00018299998808349863,-0.0003049999801391645,-6.099999602782181e-05,0.0,0.0,9.8165,0.0,0.0,1.0,0.0,0.0,0.0,0.0,0.0,0.0,0.0,0.0
7.6915,0.9999999516270035,-0.00018299999114774159,-0.00024399998819698887,-6.0999997049338006e-05,0.0,0.0,9.7774,0.0,0.0,1.0,0.0,0.0,0.0,0.0,0.0,0.0,0.0,0.0
7.7116,0.9999999386035057,-0.00024399998501925532,-0.0002439999850192554,-6.099999625486241e-05,0.0,0.0,9.8164,0.0,0.0,1.0,0.0,0.0,0.0,0.0,0.0,0.0,0.0,0.0
7.7317,0.9999999386035057,-0.00024399998501925532,-0.0002439999850192554,-6.099999625486241e-05,0.0,0.0,9.8164,0.0,0.0,1.0,0.0,0.0,0.0,0.0,0.0,0.0,0.0,0.0
7.7517,0.9999999386035057,-0.00024399998501925532,-0.0002439999850192554,-6.099999625486241e-05,0.0,0.0,9.8164,0.0,0.0,1.0,0.0,0.0,0.0,0.0,0.0,0.0,0.0,0.0
7.7718,0.9999999386035057,-0.00024399998501925532,-0.0002439999850192554,-6.099999625486241e-05,0.0,0.0,9.8166,0.0,0.0,1.0,0.0,0.0,0.0,0.0,0.0,0.0,0.0,0.0
7.7919,0.9999999386035057,-0.00024399998501925532,-0.0002439999850192554,-6.099999625486241e-05,0.0,0.0,9.8088,0.0,0.0,1.0,0.0,0.0,0.0,0.0,0.0,0.0,0.0,0.0
7.812,0.9999999386035057,-0.00024399998501925532,-0.0002439999850192554,-6.099999625486241e-05,0.0,0.0,9.7783,0.0,0.0,1.0,0.0,0.0,0.0,0.0,0.0,0.0,0.0,0.0
7.832,0.9999999386035057,-0.00024399998501925532,-0.0002439999850192554,-6.099999625486241e-05,0.0,0.0,9.7774,0.0,0.0,1.0,0.0,0.0,0.0,0.0,0.0,0.0,0.0,0.0
7.8521,0.9999999386035057,-0.00024399998501925532,-0.0002439999850192554,-6.099999625486241e-05,0.0,0.0,9.813,0.0,0.0,1.0,0.0,0.0,0.0,0.0,0.0,0.0,0.0,0.0
7.8722,0.9999999386035057,-0.00024399998501925532,-0.0002439999850192554,-6.099999625486241e-05,0.0,0.0,9.7775,0.0,0.0,1.0,0.0,0.0,0.0,0.0,0.0,0.0,0.0,0.0
7.8922,0.9999999386035057,-0.00024399998501925532,-0.0002439999850192554,-6.099999625486241e-05,0.0,0.0,9.7735,0.0,0.0,1.0,0.0,0.0,0.0,0.0,0.0,0.0,0.0,0.0
7.9123,0.9999999386035057,-0.00024399998501925532,-0.0002439999850192554,-6.099999625486241e-05,0.0,0.0,9.8125,0.0,0.0,1.0,0.0,0.0,0.0,0.0,0.0,0.0,0.0,0.0
7.9324,0.9999999516270035,-0.00018299999114774159,-0.00024399998819698887,-6.0999997049338006e-05,0.0,0.0,9.7735,0.0,0.0,1.0,0.0,0.0,0.0,0.0,0.0,0.0,0.0,0.0
7.9524,0.9999999516270035,-0.00018299999114774159,-0.00024399998819698887,-6.0999997049338006e-05,0.0,0.0,9.7735,0.0,0.0,1.0,0.0,0.0,0.0,0.0,0.0,0.0,0.0,0.0
7.9725,0.9999999516270035,-0.00018299999114774159,-0.00024399998819698887,-6.0999997049338006e-05,0.0,0.0,9.7774,0.0,0.0,1.0,0.0,0.0,0.0,0.0,0.0,0.0,0.0,0.0
7.9926,0.9999999516270035,-0.00018299999114774159,-0.00024399998819698887,-6.0999997049338006e-05,0.0,0.0,9.8166,0.0,0.0,1.0,0.0,0.0,0.0,0.0,0.0,0.0,0.0,0.0
8.0126,0.9999999348825064,-0.00018299998808349863,-0.0003049999801391645,-6.099999602782181e-05,0.0,0.0,9.7698,0.0,0.0,1.0,0.0,0.0,0.0,0.0,0.0,0.0,0.0,0.0
8.0327,0.9999999348825064,-0.00018299998808349863,-0.0003049999801391645,-6.099999602782181e-05,0.0,0.0,9.8516,0.0,0.0,1.0,0.0,0.0,0.0,0.0,0.0,0.0,0.0,0.0
8.0528,0.9999999348825064,-0.00018299998808349863,-0.0003049999801391645,-6.099999602782181e-05,0.0,0.0,9.7776,0.0,0.0,1.0,0.0,0.0,0.0,0.0,0.0,0.0,0.0,0.0
8.0728,0.9999999348825064,-0.00018299998808349863,-0.0003049999801391645,-6.099999602782181e-05,0.0,0.0,9.7735,0.0,0.0,1.0,0.0,0.0,0.0,0.0,0.0,0.0,0.0,0.0
8.0929,0.9999999348825064,-0.00018299998808349863,-0.0003049999801391645,-6.099999602782181e-05,0.0,0.0,9.7735,0.0,0.0,1.0,0.0,0.0,0.0,0.0,0.0,0.0,0.0,0.0
8.113,0.9999999348825064,-0.00018299998808349863,-0.0003049999801391645,-6.099999602782181e-05,0.0,0.0,9.8164,0.0,0.0,1.0,0.0,0.0,0.0,0.0,0.0,0.0,0.0,0.0
8.1331,0.9999999348825064,-0.00018299998808349863,-0.0003049999801391645,-6.099999602782181e-05,0.0,0.0,9.8087,0.0,0.0,1.0,0.0,0.0,0.0,0.0,0.0,0.0,0.0,0.0
8.1531,0.9999999348825064,-0.00018299998808349863,-0.0003049999801391645,-6.099999602782181e-05,0.0,0.0,9.7306,0.0,0.0,1.0,0.0,0.0,0.0,0.0,0.0,0.0,0.0,0.0
8.1732,0.9999999348825064,-0.00018299998808349863,-0.0003049999801391645,-6.099999602782181e-05,0.0,0.0,9.7774,0.0,0.0,1.0,0.0,0.0,0.0,0.0,0.0,0.0,0.0,0.0
8.1933,0.9999999348825064,-0.00018299998808349863,-0.0003049999801391645,-6.099999602782181e-05,0.0,0.0,9.8127,0.0,0.0,1.0,0.0,0.0,0.0,0.0,0.0,0.0,0.0,0.0
8.2133,0.9999999348825064,-0.00018299998808349863,-0.0003049999801391645,-6.099999602782181e-05,0.0,0.0,9.7735,0.0,0.0,1.0,0.0,0.0,0.0,0.0,0.0,0.0,0.0,0.0
8.2334,0.9999999348825064,-0.00018299998808349863,-0.0003049999801391645,-6.099999602782181e-05,0.0,0.0,9.7739,0.0,0.0,1.0,0.0,0.0,0.0,0.0,0.0,0.0,0.0,0.0
8.2535,0.9999999348825064,-0.00018299998808349863,-0.0003049999801391645,-6.099999602782181e-05,0.0,0.0,9.8869,0.0,0.0,1.0,0.0,0.0,0.0,0.0,0.0,0.0,0.0,0.0
8.2735,0.9999999348825064,-0.00018299998808349863,-0.0003049999801391645,-6.099999602782181e-05,0.0,0.0,9.8051,0.0,0.0,1.0,0.0,0.0,0.0,0.0,0.0,0.0,0.0,0.0
8.2936,0.9999999348825064,-0.00018299998808349863,-0.0003049999801391645,-6.099999602782181e-05,0.0,0.0,9.7698,0.0,0.0,1.0,0.0,0.0,0.0,0.0,0.0,0.0,0.0,0.0
8.3137,0.9999999348825064,-0.00018299998808349863,-0.0003049999801391645,-6.099999602782181e-05,0.0,0.0,9.7775,0.0,0.0,1.0,0.0,0.0,0.0,0.0,0.0,0.0,0.0,0.0
8.3337,0.9999999348825064,-0.00018299998808349863,-0.0003049999801391645,-6.099999602782181e-05,0.0,0.0,9.8088,0.0,0.0,1.0,0.0,0.0,0.0,0.0,0.0,0.0,0.0,0.0
8.3538,0.9999999348825064,-0.00018299998808349863,-0.0003049999801391645,-6.099999602782181e-05,0.0,0.0,9.8127,0.0,0.0,1.0,0.0,0.0,0.0,0.0,0.0,0.0,0.0,0.0
8.3739,0.9999999348825064,-0.00018299998808349863,-0.0003049999801391645,-6.099999602782181e-05,0.0,0.0,9.8126,0.0,0.0,1.0,0.0,0.0,0.0,0.0,0.0,0.0,0.0,0.0
8.3939,0.9999999348825064,-0.00018299998808349863,-0.0003049999801391645,-6.099999602782181e-05,0.0,0.0,9.8516,0.0,0.0,1.0,0.0,0.0,0.0,0.0,0.0,0.0,0.0,0.0
8.414,0.9999999348825064,-0.00018299998808349863,-0.0003049999801391645,-6.099999602782181e-05,0.0,0.0,9.8087,0.0,0.0,1.0,0.0,0.0,0.0,0.0,0.0,0.0,0.0,0.0
8.4341,0.9999999348825064,-0.00018299998808349863,-0.0003049999801391645,-6.099999602782181e-05,0.0,0.0,9.7658,0.0,0.0,1.0,0.0,0.0,0.0,0.0,0.0,0.0,0.0,0.0
8.4541,0.9999999348825064,-0.00018299998808349863,-0.0003049999801391645,-6.099999602782181e-05,0.0,0.0,9.8209,0.0,0.0,1.0,0.0,0.0,0.0,0.0,0.0,0.0,0.0,0.0
8.4742,0.9999999348825064,-0.00018299998808349863,-0.0003049999801391645,-6.099999602782181e-05,0.0,0.0,9.8127,0.0,0.0,1.0,0.0,0.0,0.0,0.0,0.0,0.0,0.0,0.0
8.4943,0.9999999348825064,-0.00018299998808349863,-0.0003049999801391645,-6.099999602782181e-05,0.0,0.0,9.8439,0.0,0.0,1.0,0.0,0.0,0.0,0.0,0.0,0.0,0.0,0.0
8.5144,0.9999999348825064,-0.00018299998808349863,-0.0003049999801391645,-6.099999602782181e-05,0.0,0.0,9.8166,0.0,0.0,1.0,0.0,0.0,0.0,0.0,0.0,0.0,0.0,0.0
8.5345,0.9999999348825064,-0.00018299998808349863,-0.0003049999801391645,-6.099999602782181e-05,0.0,0.0,9.7662,0.0,0.0,1.0,0.0,0.0,0.0,0.0,0.0,0.0,0.0,0.0
8.5545,0.9999999348825064,-0.00018299998808349863,-0.0003049999801391645,-6.099999602782181e-05,0.0,0.0,9.8087,0.0,0.0,1.0,0.0,0.0,0.0,0.0,0.0,0.0,0.0,0.0
8.5746,0.9999999348825064,-0.00018299998808349863,-0.0003049999801391645,-6.099999602782181e-05,0.0,0.0,9.8127,0.0,0.0,1.0,0.0,0.0,0.0,0.0,0.0,0.0,0.0,0.0
8.5948,0.9999999348825064,-0.00018299998808349863,-0.0003049999801391645,-6.099999602782181e-05,0.0,0.0,9.7735,0.0,0.0,1.0,0.0,0.0,0.0,0.0,0.0,0.0,0.0,0.0
8.6149,0.9999999348825064,-0.00018299998808349863,-0.0003049999801391645,-6.099999602782181e-05,0.0,0.0,9.8166,0.0,0.0,1.0,0.0,0.0,0.0,0.0,0.0,0.0,0.0,0.0
8.6349,0.9999999348825064,-0.00018299998808349863,-0.0003049999801391645,-6.099999602782181e-05,0.0,0.0,9.887,0.0,0.0,1.0,0.0,0.0,0.0,0.0,0.0,0.0,0.0,0.0
8.655,0.9999999348825064,-0.00018299998808349863,-0.0003049999801391645,-6.099999602782181e-05,0.0,0.0,9.7384,0.0,0.0,1.0,0.0,0.0,0.0,0.0,0.0,0.0,0.0,0.0
8.6751,0.9999999348825064,-0.00018299998808349863,-0.0003049999801391645,-6.099999602782181e-05,0.0,0.0,9.8477,0.0,0.0,1.0,0.0,0.0,0.0,0.0,0.0,0.0,0.0,0.0
8.6952,0.9999999348825064,-0.00018299998808349863,-0.0003049999801391645,-6.099999602782181e-05,0.0,0.0,9.8164,0.0,0.0,1.0,0.0,0.0,0.0,0.0,0.0,0.0,0.0,0.0
8.7153,0.9999999348825064,-0.00018299998808349863,-0.0003049999801391645,-6.099999602782181e-05,0.0,0.0,9.7698,0.0,0.0,1.0,0.0,0.0,0.0,0.0,0.0,0.0,0.0,0.0
8.7354,0.9999999348825064,-0.00018299998808349863,-0.0003049999801391645,-6.099999602782181e-05,0.0,0.0,9.8092,0.0,0.0,1.0,0.0,0.0,0.0,0.0,0.0,0.0,0.0,0.0
8.7554,0.9999999348825064,-0.00018299998808349863,-0.0003049999801391645,-6.099999602782181e-05,0.0,0.0,9.8129,0.0,0.0,1.0,0.0,0.0,0.0,0.0,0.0,0.0,0.0,0.0
8.7755,0.9999999348825064,-0.00018299998808349863,-0.0003049999801391645,-6.099999602782181e-05,0.0,0.0,9.6995,0.0,0.0,1.0,0.0,0.0,0.0,0.0,0.0,0.0,0.0,0.0
8.7956,0.9999999348825064,-0.00018299998808349863,-0.0003049999801391645,-6.099999602782181e-05,0.0,0.0,9.8886,0.0,0.0,1.0,0.0,0.0,0.0,0.0,0.0,0.0,0.0,0.0
8.8157,0.9999999348825064,-0.00018299998808349863,-0.0003049999801391645,-6.099999602782181e-05,0.0,0.0,9.7241,0.0,0.0,1.0,0.0,0.0,0.0,0.0,0.0,0.0,0.0,0.0
8.8358,0.9999999348825064,-0.00018299998808349863,-0.0003049999801391645,-6.099999602782181e-05,0.0,0.0,9.8711,0.0,0.0,1.0,0.0,0.0,0.0,0.0,0.0,0.0,0.0,0.0
8.8559,0.9999999646505019,-0.00018299999353104182,-0.00018299999353104185,-6.099999784364707e-05,0.0,0.0,9.7863,0.0,0.0,1.0,0.0,0.0,0.0,0.0,0.0,0.0,0.0,0.0
8.876,0.9999999665110018,-0.0002439999918286844,-6.099999795717114e-05,-6.099999795711186e-05,0.0,0.0,9.8098,0.0,0.0,1.0,0.0,0.0,0.0,0.0,0.0,0.0,0.0,0.0
8.896,0.9999999293010076,-0.0003659999741241688,-6.099999568736153e-05,-6.099999568737191e-05,0.0,0.0,9.7704,0.0,0.0,1.0,0.0,0.0,0.0,0.0,0.0,0.0,0.0,0.0
8.9161,0.9999999237195087,-0.0003659999720813402,-6.099999534689006e-05,-0.00012199999069378853,0.0,0.0,9.8134,0.0,0.0,1.0,0.0,0.0,0.0,0.0,0.0,0.0,0.0,0.0
8.9362,0.9999999181380101,-0.00036599997003851164,-0.00012199999001283732,-0.00012199999001277773,0.0,0.0,9.8048,0.0,0.0,1.0,0.0,0.0,0.0,0.0,0.0,0.0,0.0,0.0
8.9563,0.9999998958120163,-0.0003659999618671979,-0.00024399997457813202,-0.00012199998728917862,0.0,0.0,9.8845,0.0,0.0,1.0,0.0,0.0,0.0,0.0,0.0,0.0,0.0,0.0
8.9764,0.9999998958120163,-0.0003659999618671979,-0.00024399997457813202,-0.00012199998728917862,0.0,0.0,9.8158,0.0,0.0,1.0,0.0,0.0,0.0,0.0,0.0,0.0,0.0,0.0
8.9965,0.999999914417011,-0.000365999968676626,-0.00018299998433831305,-6.099999477943152e-05,0.0,0.0,9.7775,0.0,0.0,1.0,0.0,0.0,0.0,0.0,0.0,0.0,0.0,0.0
9.0166,0.9999999311615071,-0.0003659999748051116,-2.710505431213761e-20,-6.099999580078119e-05,0.0,0.0,9.7743,0.0,0.0,1.0,0.0,0.0,0.0,0.0,0.0,0.0,0.0,0.0
9.0367,0.9999999013935146,-0.0004269999578950307,-8.131516293641283e-20,-0.00012199998797007838,0.0,0.0,9.7662,0.0,0.0,1.0,0.0,0.0,0.0,0.0,0.0,0.0,0.0,0.0
9.0568,0.9999999255800084,-0.00036599997276228315,-8.131516293641283e-20,-0.00012199999092071812,0.0,0.0,9.8127,0.0,0.0,1.0,0.0,0.0,0.0,0.0,0.0,0.0,0.0,0.0
9.0768,0.9999999237195087,-0.0003659999720813402,-6.099999534689006e-05,-0.00012199999069378853,0.0,0.0,9.8492,0.0,0.0,1.0,0.0,0.0,0.0,0.0,0.0,0.0,0.0,0.0
9.0969,0.9999999237195087,-0.0003659999720813402,-6.099999534689006e-05,-0.00012199999069378853,0.0,0.0,9.8492,0.0,0.0,1.0,0.0,0.0,0.0,0.0,0.0,0.0,0.0,0.0
9.117,0.9999999293010076,-0.0003659999741241688,-6.099999568736153e-05,-6.099999568737191e-05,0.0,0.0,9.8165,0.0,0.0,1.0,0.0,0.0,0.0,0.0,0.0,0.0,0.0,0.0
9.1371,0.9999999237195087,-0.0003659999720813402,6.099999534689001e-05,-0.00012199999069378853,0.0,0.0,9.813,0.0,0.0,1.0,0.0,0.0,0.0,0.0,0.0,0.0,0.0,0.0
9.1572,0.9999999051145136,-0.00042699995948389735,6.099999421198526e-05,-6.099999421194102e-05,0.0,0.0,9.7775,0.0,0.0,1.0,0.0,0.0,0.0,0.0,0.0,0.0,0.0,0.0
9.1773,0.9999999051145136,-0.00042699995948389735,6.099999421198526e-05,-6.099999421194102e-05,0.0,0.0,9.8087,0.0,0.0,1.0,0.0,0.0,0.0,0.0,0.0,0.0,0.0,0.0
9.1974,0.999999873486024,-0.0004879999382611797,-8.131516293641283e-20,-0.00012199998456535743,0.0,0.0,9.8048,0.0,0.0,1.0,0.0,0.0,0.0,0.0,0.0,0.0,0.0,0.0
9.2175,0.9999998995330152,-0.00042699995710059757,-6.099999387151404e-05,-0.00012199998774303779,0.0,0.0,9.7776,0.0,0.0,1.0,0.0,0.0,0.0,0.0,0.0,0.0,0.0,0.0
9.2376,0.9999999293010076,-0.0003659999741241688,-6.099999568736153e-05,-6.099999568737191e-05,0.0,0.0,9.8166,0.0,0.0,1.0,0.0,0.0,0.0,0.0,0.0,0.0,0.0,0.0
9.2576,0.9999999293010076,-0.0003659999741241688,-6.099999568736153e-05,-6.099999568737191e-05,0.0,0.0,9.8127,0.0,0.0,1.0,0.0,0.0,0.0,0.0,0.0,0.0,0.0,0.0
9.2777,0.9999999051145136,-0.0004269999594838973,-6.099999421198542e-05,-6.099999421194102e-05,0.0,0.0,9.8165,0.0,0.0,1.0,0.0,0.0,0.0,0.0,0.0,0.0,0.0,0.0
9.2978,0.9999999013935146,-0.0004269999578950307,-8.131516293641283e-20,-0.00012199998797007838,0.0,0.0,9.8094,0.0,0.0,1.0,0.0,0.0,0.0,0.0,0.0,0.0,0.0,0.0
9.3179,0.9999998716255247,-0.000487999937353256,-6.099999216915706e-05,-0.00012199998433826131,0.0,0.0,9.8048,0.0,0.0,1.0,0.0,0.0,0.0,0.0,0.0,0.0,0.0,0.0
9.338,0.9999998995330152,-0.00042699995710059757,-6.099999387151404e-05,-0.00012199998774303779,0.0,0.0,9.8165,0.0,0.0,1.0,0.0,0.0,0.0,0.0,0.0,0.0,0.0,0.0
9.3581,0.9999998995330152,-0.00042699995710059757,-6.099999387151404e-05,-0.00012199998774303779,0.0,0.0,9.7774,0.0,0.0,1.0,0.0,0.0,0.0,0.0,0.0,0.0,0.0,0.0
9.3782,0.9999998995330152,-0.00042699995710059757,-6.099999387151404e-05,-0.00012199998774303779,0.0,0.0,9.7774,0.0,0.0,1.0,0.0,0.0,0.0,0.0,0.0,0.0,0.0,0.0
9.3982,0.9999998939515169,-0.00042699995471729763,-0.00012199998706208511,-0.000121999987062138,0.0,0.0,9.7739,0.0,0.0,1.0,0.0,0.0,0.0,0.0,0.0,0.0,0.0,0.0
9.4183,0.9999998567415309,-0.000487999930089867,-0.00018299997378370026,-0.00012199998252254707,0.0,0.0,9.8759,0.0,0.0,1.0,0.0,0.0,0.0,0.0,0.0,0.0,0.0,0.0
9.4384,0.9999998437180366,-0.0004879999237344018,-0.00024399996186720102,-0.00012199998093359588,0.0,0.0,9.7992,0.0,0.0,1.0,0.0,0.0,0.0,0.0,0.0,0.0,0.0,0.0
9.4585,0.9999998437180366,-0.0004879999237344018,-0.00024399996186720102,-0.00012199998093359588,0.0,0.0,9.8248,0.0,0.0,1.0,0.0,0.0,0.0,0.0,0.0,0.0,0.0,0.0
9.4786,0.9999999181380101,-0.00036599997003851164,-0.00012199999001283732,-0.00012199999001277773,0.0,0.0,9.7046,0.0,0.0,1.0,0.0,0.0,0.0,0.0,0.0,0.0,0.0,0.0
9.4987,0.9999998939515169,-0.00042699995471729763,-0.00012199998706208511,-0.000121999987062138,0.0,0.0,9.7662,0.0,0.0,1.0,0.0,0.0,0.0,0.0,0.0,0.0,0.0,0.0
9.5188,0.999999812089553,-0.0005489998968371645,-0.00024399995414985101,-0.00012199997707484922,0.0,0.0,9.8805,0.0,0.0,1.0,0.0,0.0,0.0,0.0,0.0,0.0,0.0,0.0
9.5388,0.9999998325550421,-0.0004879999182868604,-0.0003049999489292878,-6.09999897858704e-05,0.0,0.0,9.8249,0.0,0.0,1.0,0.0,0.0,0.0,0.0,0.0,0.0,0.0,0.0
9.5589,0.99999988464902,-0.0003659999577815413,-0.00030499996481795114,-6.099999296360626e-05,0.0,0.0,9.7952,0.0,0.0,1.0,0.0,0.0,0.0,0.0,0.0,0.0,0.0,0.0
9.579,0.9999999013935147,-0.0003659999639100264,-0.00024399997594001766,-6.0999993984955925e-05,0.0,0.0,9.7348,0.0,0.0,1.0,0.0,0.0,0.0,0.0,0.0,0.0,0.0,0.0
9.5991,0.999999914417011,-0.000365999968676626,-0.00018299998433831305,-6.099999477943152e-05,0.0,0.0,9.8134,0.0,0.0,1.0,0.0,0.0,0.0,0.0,0.0,0.0,0.0,0.0
9.6192,0.9999999013935147,-0.0003659999639100264,-0.00024399997594001766,-6.0999993984955925e-05,0.0,0.0,9.8439,0.0,0.0,1.0,0.0,0.0,0.0,0.0,0.0,0.0,0.0,0.0
9.6393,0.99999988464902,-0.0003659999577815413,-0.00030499996481795114,-6.099999296360626e-05,0.0,0.0,9.8091,0.0,0.0,1.0,0.0,0.0,0.0,0.0,0.0,0.0,0.0,0.0
9.6594,0.9999999218590092,-0.00030499997616699774,-0.00024399998093359827,-6.0999995233290694e-05,0.0,0.0,9.7775,0.0,0.0,1.0,0.0,0.0,0.0,0.0,0.0,0.0,0.0,0.0
9.6795,0.9999999218590092,-0.00030499997616699774,-0.00024399998093359827,-6.0999995233290694e-05,0.0,0.0,9.7774,0.0,0.0,1.0,0.0,0.0,0.0,0.0,0.0,0.0,0.0,0.0
9.6995,0.9999999013935147,-0.0003659999639100264,-0.00024399997594001766,-6.0999993984955925e-05,0.0,0.0,9.7735,0.0,0.0,1.0,0.0,0.0,0.0,0.0,0.0,0.0,0.0,0.0
9.7196,0.9999998772070227,-0.0004269999475673987,-0.00024399997003851363,-6.0999992509691576e-05,0.0,0.0,9.8087,0.0,0.0,1.0,0.0,0.0,0.0,0.0,0.0,0.0,0.0,0.0
9.7397,0.9999998772070227,-0.0004269999475673987,-0.00024399997003851363,-6.0999992509691576e-05,0.0,0.0,9.7774,0.0,0.0,1.0,0.0,0.0,0.0,0.0,0.0,0.0,0.0,0.0
9.7598,0.9999998716255247,-0.0004269999451840991,-0.00024399996867662804,-0.00012199998433826131,0.0,0.0,9.7774,0.0,0.0,1.0,0.0,0.0,0.0,0.0,0.0,0.0,0.0,0.0
9.7799,0.9999998958120163,-0.0003659999618671979,-0.00024399997457813202,-0.00012199998728917862,0.0,0.0,9.7735,0.0,0.0,1.0,0.0,0.0,0.0,0.0,0.0,0.0,0.0,0.0
9.8,0.99999988464902,-0.00042699995074513156,-0.00018299997889077073,-0.00012199998592726802,0.0,0.0,9.7735,0.0,0.0,1.0,0.0,0.0,0.0,0.0,0.0,0.0,0.0,0.0
9.8201,0.9999998753465233,-0.0004269999467729655,-0.0001829999771884139,-0.00018299997718834726,0.0,0.0,9.805,0.0,0.0,1.0,0.0,0.0,0.0,0.0,0.0,0.0,0.0,0.0
9.8402,0.9999998753465233,-0.0004269999467729655,-0.0001829999771884139,-0.00018299997718834726,0.0,0.0,9.805,0.0,0.0,1.0,0.0,0.0,0.0,0.0,0.0,0.0,0.0,0.0
9.8603,0.9999998753465233,-0.0004269999467729655,-0.0001829999771884139,-0.00018299997718834726,0.0,0.0,9.7735,0.0,0.0,1.0,0.0,0.0,0.0,0.0,0.0,0.0,0.0,0.0
9.8804,0.9999999088355125,-0.0003659999666337976,-0.00018299998331689887,-0.00012199998887790775,0.0,0.0,9.8125,0.0,0.0,1.0,0.0,0.0,0.0,0.0,0.0,0.0,0.0,0.0
9.9005,0.9999998958120163,-0.0003659999618671979,-0.00024399997457813202,-0.00012199998728917862,0.0,0.0,9.7735,0.0,0.0,1.0,0.0,0.0,0.0,0.0,0.0,0.0,0.0,0.0
9.9206,0.9999998958120163,-0.0003659999618671979,-0.00024399997457813202,-0.00012199998728917862,0.0,0.0,9.8126,0.0,0.0,1.0,0.0,0.0,0.0,0.0,0.0,0.0,0.0,0.0
9.9406,0.9999998958120163,-0.0003659999618671979,-0.00024399997457813202,-0.00012199998728917862,0.0,0.0,9.8127,0.0,0.0,1.0,0.0,0.0,0.0,0.0,0.0,0.0,0.0,0.0
9.9607,0.9999998716255247,-0.0004269999451840991,-0.00024399996867662804,-0.00012199998433826131,0.0,0.0,9.8088,0.0,0.0,1.0,0.0,0.0,0.0,0.0,0.0,0.0,0.0,0.0
9.9808,0.9999998474390349,-0.0004879999255502491,-0.00018299997208134352,-0.0001829999720813769,0.0,0.0,9.7698,0.0,0.0,1.0,0.0,0.0,0.0,0.0,0.0,0.0,0.0,0.0
10.0009,0.9999998474390349,-0.0004879999255502491,-0.00018299997208134352,-0.0001829999720813769,0.0,0.0,9.8166,0.0,0.0,1.0,0.0,0.0,0.0,0.0,0.0,0.0,0.0,0.0
10.0211,0.9999998474390349,-0.0004879999255502491,-0.00018299997208134352,-0.0001829999720813769,0.0,0.0,9.7658,0.0,0.0,1.0,0.0,0.0,0.0,0.0,0.0,0.0,0.0,0.0
10.0412,0.9999998753465233,-0.0004269999467729655,-0.0001829999771884139,-0.00018299997718834726,0.0,0.0,9.8869,0.0,0.0,1.0,0.0,0.0,0.0,0.0,0.0,0.0,0.0,0.0
10.0612,0.9999998716255247,-0.0004269999451840991,-0.00024399996867662804,-0.00012199998433826131,0.0,0.0,9.7776,0.0,0.0,1.0,0.0,0.0,0.0,0.0,0.0,0.0,0.0,0.0
10.0813,0.9999998548810317,-0.0004269999380342004,-0.0003049999557387146,-0.00012199998229545095,0.0,0.0,9.8132,0.0,0.0,1.0,0.0,0.0,0.0,0.0,0.0,0.0,0.0,0.0
10.1015,0.9999998716255247,-0.0004269999451840991,-0.00024399996867662804,-0.00012199998433826131,0.0,0.0,9.805,0.0,0.0,1.0,0.0,0.0,0.0,0.0,0.0,0.0,0.0,0.0
10.1215,0.9999998623230284,-0.0004879999328136378,-0.00018299997480511427,-6.099999160169567e-05,0.0,0.0,9.7981,0.0,0.0,1.0,0.0,0.0,0.0,0.0,0.0,0.0,0.0,0.0
10.1416,0.9999998623230284,-0.0004879999328136378,-0.00018299997480511427,-6.099999160169567e-05,0.0,0.0,9.7739,0.0,0.0,1.0,0.0,0.0,0.0,0.0,0.0,0.0,0.0,0.0
10.1617,0.9999998920910176,-0.0004269999539228645,-0.00018299998025265624,0.0,0.0,0.0,9.8555,0.0,0.0,1.0,0.0,0.0,0.0,0.0,0.0,0.0,0.0,0.0
10.1818,0.9999998623230284,-0.0004879999328136378,-0.00018299997480511427,-6.099999160169567e-05,0.0,0.0,9.8408,0.0,0.0,1.0,0.0,0.0,0.0,0.0,0.0,0.0,0.0,0.0
10.2019,0.9999998623230284,-0.0004879999328136378,-0.00018299997480511427,-6.099999160169567e-05,0.0,0.0,9.7774,0.0,0.0,1.0,0.0,0.0,0.0,0.0,0.0,0.0,0.0,0.0
10.222,0.999999890230518,-0.0004269999531284313,-0.0001829999799121849,-6.099999330400063e-05,0.0,0.0,9.7818,0.0,0.0,1.0,0.0,0.0,0.0,0.0,0.0,0.0,0.0,0.0
10.2421,0.999999890230518,-0.0004269999531284313,-0.0001829999799121849,-6.099999330400063e-05,0.0,0.0,9.8165,0.0,0.0,1.0,0.0,0.0,0.0,0.0,0.0,0.0,0.0,0.0
10.2622,0.9999998641835277,-0.00048799993372156147,-0.00018299997514558566,0.0,0.0,0.0,9.7658,0.0,0.0,1.0,0.0,0.0,0.0,0.0,0.0,0.0,0.0,0.0
10.2823,0.9999998641835277,-0.00048799993372156147,-0.00018299997514558566,0.0,0.0,0.0,9.8164,0.0,0.0,1.0,0.0,0.0,0.0,0.0,0.0,0.0,0.0,0.0
10.3024,0.999999873486024,-0.00048799993826117966,-0.00012199998456529501,0.0,0.0,0.0,9.8479,0.0,0.0,1.0,0.0,0.0,0.0,0.0,0.0,0.0,0.0,0.0
10.3225,0.999999873486024,-0.00048799993826117966,-0.00012199998456529501,0.0,0.0,0.0,9.8126,0.0,0.0,1.0,0.0,0.0,0.0,0.0,0.0,0.0,0.0,0.0
10.3426,0.999999873486024,-0.00048799993826117966,-0.00012199998456529501,0.0,0.0,0.0,9.8125,0.0,0.0,1.0,0.0,0.0,0.0,0.0,0.0,0.0,0.0,0.0
10.3626,0.999999830694543,-0.0005489999070513042,-0.0001829999690171015,6.099998967240561e-05,0.0,0.0,9.7735,0.0,0.0,1.0,0.0,0.0,0.0,0.0,0.0,0.0,0.0,0.0
10.3827,0.9999998046475573,-0.0006099998808350099,-0.00012199997616700213,6.0999988083454415e-05,0.0,0.0,9.8125,0.0,0.0,1.0,0.0,0.0,0.0,0.0,0.0,0.0,0.0,0.0
10.4028,0.9999998046475573,-0.0006099998808350099,-0.00012199997616700213,6.0999988083454415e-05,0.0,0.0,9.7735,0.0,0.0,1.0,0.0,0.0,0.0,0.0,0.0,0.0,0.0,0.0
10.4229,0.9999997711585785,-0.0006709998464474063,-6.099998604067332e-05,6.099998604064405e-05,0.0,0.0,9.8129,0.0,0.0,1.0,0.0,0.0,0.0,0.0,0.0,0.0,0.0,0.0
10.443,0.9999997302276091,-0.0007319998025266098,-1.0842021724855044e-19,6.099998354386349e-05,0.0,0.0,9.8352,0.0,0.0,1.0,0.0,0.0,0.0,0.0,0.0,0.0,0.0,0.0
10.4631,0.9999996762731573,-0.0007929997432846137,0.00012199996050532509,6.099998025260733e-05,0.0,0.0,9.8223,0.0,0.0,1.0,0.0,0.0,0.0,0.0,0.0,0.0,0.0,0.0
10.4832,0.999999412905517,-0.0010379993905959266,0.0003049998209361824,6.0999964187291575e-05,0.0,0.0,9.8125,0.0,0.0,1.0,0.0,0.0,0.0,0.0,0.0,0.0,0.0,0.0
10.5033,0.999999051725349,-0.0012819987843118972,0.00048799953724196996,0.00012199988431049746,0.0,0.0,9.8166,0.0,0.0,1.0,0.0,0.0,0.0,0.0,0.0,0.0,0.0,0.0
10.5234,0.9999986943275573,-0.0014649980871898713,0.0006709991238937907,0.00012199984070793146,0.0,0.0,9.7366,0.0,0.0,1.0,0.0,0.0,0.0,0.0,0.0,0.0,0.0,0.0
10.5435,0.9999982755339607,-0.0016479971580799675,0.0008539985273060023,6.099989480756741e-05,0.0,0.0,9.8325,0.0,0.0,1.0,0.0,0.0,0.0,0.0,0.0,0.0,0.0,0.0
10.5636,0.9999980670371046,-0.0017699965786556755,0.0008539983492496872,6.09998820891855e-05,0.0,0.0,9.529,0.0,0.0,1.0,0.0,0.0,0.0,0.0,0.0,0.0,0.0,0.0
10.5836,0.9999980539526807,-0.0018309964367873581,0.0007319985754933619,6.0999881291101676e-05,0.0,0.0,9.7176,0.0,0.0,1.0,0.0,0.0,0.0,0.0,0.0,0.0,0.0,0.0
10.6038,0.9999982809934326,-0.0017699969573583758,0.0005489990562653942,6.0999895140634315e-05,0.0,0.0,9.9126,0.0,0.0,1.0,0.0,0.0,0.0,0.0,0.0,0.0,0.0,0.0
10.6238,0.9999985211187807,-0.0016479975628037507,0.0004879992783059647,6.099990978825076e-05,0.0,0.0,9.8693,0.0,0.0,1.0,0.0,0.0,0.0,0.0,0.0,0.0,0.0,0.0
10.6439,0.9999986831036014,-0.0015259979904160958,0.000548999277023877,6.099991966929119e-05,0.0,0.0,9.8215,0.0,0.0,1.0,0.0,0.0,0.0,0.0,0.0,0.0,0.0,0.0
10.664,0.9999985528081416,-0.0015869977033065212,0.0006099991172129661,6.099991172120456e-05,0.0,0.0,9.7738,0.0,0.0,1.0,0.0,0.0,0.0,0.0,0.0,0.0,0.0,0.0
10.6841,0.9999983741399652,-0.0016479973205826624,0.0007319988098704541,0.0,0.0,0.0,9.7714,0.0,0.0,1.0,0.0,0.0,0.0,0.0,0.0,0.0,0.0,0.0
10.7042,0.9999981191308066,-0.0017699966708615278,0.0007929985084707293,0.0,0.0,0.0,9.7912,0.0,0.0,1.0,0.0,0.0,0.0,0.0,0.0,0.0,0.0,0.0
10.7243,0.9999981656430474,-0.0017699967531881941,0.0007319986572507105,0.0,0.0,0.0,9.8048,0.0,0.0,1.0,0.0,0.0,0.0,0.0,0.0,0.0,0.0,0.0
10.7444,0.9999982717519804,-0.0017089970464241344,0.0007319987349224495,0.0,0.0,0.0,9.7346,0.0,0.0,1.0,0.0,0.0,0.0,0.0,0.0,0.0,0.0,0.0
10.7645,0.9999983741399652,-0.0016479973205826624,0.0007319988098704541,0.0,0.0,0.0,9.7774,0.0,0.0,1.0,0.0,0.0,0.0,0.0,0.0,0.0,0.0,0.0
10.7846,0.9999983722794743,-0.0016479973175165738,0.0007319988085085751,6.099990070912443e-05,0.0,0.0,9.8127,0.0,0.0,1.0,0.0,0.0,0.0,0.0,0.0,0.0,0.0,0.0
10.8047,0.9999983722794743,-0.0016479973175165738,0.0007319988085085751,6.099990070912443e-05,0.0,0.0,9.8048,0.0,0.0,1.0,0.0,0.0,0.0,0.0,0.0,0.0,0.0,0.0
10.8248,0.9999982252397247,-0.0017089969669346896,0.0007929985926151014,0.0,0.0,0.0,9.8092,0.0,0.0,1.0,0.0,0.0,0.0,0.0,0.0,0.0,0.0,0.0
10.8449,0.999998175006496,-0.001708996881086102,0.0008539984414555475,0.0,0.0,0.0,9.8102,0.0,0.0,1.0,0.0,0.0,0.0,0.0,0.0,0.0,0.0,0.0
10.865,0.9999982773944511,-0.0016479971611460555,0.0008539985288948612,0.0,0.0,0.0,9.8051,0.0,0.0,1.0,0.0,0.0,0.0,0.0,0.0,0.0,0.0,0.0
10.8851,0.9999983276276954,-0.0016479972439304418,0.000792998673808762,0.0,0.0,0.0,9.8097,0.0,0.0,1.0,0.0,0.0,0.0,0.0,0.0,0.0,0.0,0.0
10.9052,0.9999983722794743,-0.0016479973175165736,0.000731998808508575,-6.099990070912442e-05,0.0,0.0,9.8131,0.0,0.0,1.0,0.0,0.0,0.0,0.0,0.0,0.0,0.0,0.0
10.9253,0.9999983276276954,-0.0016479972439304418,0.000792998673808762,0.0,0.0,0.0,9.8127,0.0,0.0,1.0,0.0,0.0,0.0,0.0,0.0,0.0,0.0,0.0
10.9454,0.9999982755339607,-0.0016479971580799673,0.0008539985273060022,-6.09998948075674e-05,0.0,0.0,9.8092,0.0,0.0,1.0,0.0,0.0,0.0,0.0,0.0,0.0,0.0,0.0
10.9655,0.9999980670371046,-0.0017699965786556757,0.0008539983492496873,-6.0999882089185504e-05,0.0,0.0,9.8763,0.0,0.0,1.0,0.0,0.0,0.0,0.0,0.0,0.0,0.0,0.0
10.9855,0.9999980670371046,-0.0017699965786556757,0.0008539983492496873,-6.0999882089185504e-05,0.0,0.0,9.6995,0.0,0.0,1.0,0.0,0.0,0.0,0.0,0.0,0.0,0.0,0.0
11.0056,0.9999982233792346,-0.001708996963755112,0.0007929985911397327,-6.09998916261123e-05,0.0,0.0,9.7658,0.0,0.0,1.0,0.0,0.0,0.0,0.0,0.0,0.0,0.0,0.0
11.0257,0.9999982233792346,-0.001708996963755112,0.0007929985911397327,-6.09998916261123e-05,0.0,0.0,9.7735,0.0,0.0,1.0,0.0,0.0,0.0,0.0,0.0,0.0,0.0,0.0
11.0458,0.9999982233792346,-0.001708996963755112,0.0007929985911397327,-6.09998916261123e-05,0.0,0.0,9.7735,0.0,0.0,1.0,0.0,0.0,0.0,0.0,0.0,0.0,0.0,0.0
11.0659,0.9999983257672047,-0.0016479972408643534,0.000792998672333393,-6.099989787178295e-05,0.0,0.0,9.7054,0.0,0.0,1.0,0.0,0.0,0.0,0.0,0.0,0.0,0.0,0.0
11.086,0.9999984244342237,-0.0015869974995771131,0.0007929987505763389,-6.099990389057952e-05,0.0,0.0,9.477,0.0,0.0,1.0,0.0,0.0,0.0,0.0,0.0,0.0,0.0,0.0
11.1061,0.9999985472266659,-0.0015869976944487192,0.000609999113808266,-0.00012199982276167587,0.0,0.0,9.8892,0.0,0.0,1.0,0.0,0.0,0.0,0.0,0.0,0.0,0.0,0.0
11.1262,0.9999983871024022,-0.0017089972435580052,0.0005489991145192188,-6.0999901613345564e-05,0.0,0.0,9.7588,0.0,0.0,1.0,0.0,0.0,0.0,0.0,0.0,0.0,0.0,0.0
11.1463,0.9999984894904225,-0.0016479975106802164,0.0005489991707302419,-6.09999078589607e-05,0.0,0.0,9.8555,0.0,0.0,1.0,0.0,0.0,0.0,0.0,0.0,0.0,0.0,0.0
11.1664,0.9999984541410846,-0.0016479974524245078,0.0006099990570260616,-6.0999905702574526e-05,0.0,0.0,9.7588,0.0,0.0,1.0,0.0,0.0,0.0,0.0,0.0,0.0,0.0,0.0
11.1865,0.999998684964094,-0.0015259979932552075,0.0005489992780452875,0.0,0.0,0.0,9.8127,0.0,0.0,1.0,0.0,0.0,0.0,0.0,0.0,0.0,0.0,0.0
11.2066,0.999998807817632,-0.001464998253452831,0.0004879994182150041,0.0,0.0,0.0,9.7779,0.0,0.0,1.0,0.0,0.0,0.0,0.0,0.0,0.0,0.0,0.0
11.2267,0.999998714731978,-0.0015259980386809987,0.0004879993727892049,6.0999921598747786e-05,0.0,0.0,9.8125,0.0,0.0,1.0,0.0,0.0,0.0,0.0,0.0,0.0,0.0,0.0
11.2468,0.999998714731978,-0.0015259980386809987,0.0004879993727892049,6.0999921598747786e-05,0.0,0.0,9.813,0.0,0.0,1.0,0.0,0.0,0.0,0.0,0.0,0.0,0.0,0.0
11.2669,0.9999987444998645,-0.0015259980841067936,0.0004269994639014419,0.0,0.0,0.0,9.8051,0.0,0.0,1.0,0.0,0.0,0.0,0.0,0.0,0.0,0.0,0.0
11.287,0.9999987891516993,-0.0015259981522454929,0.0003049996306912679,0.0,0.0,0.0,9.8165,0.0,0.0,1.0,0.0,0.0,0.0,0.0,0.0,0.0,0.0,0.0
11.3072,0.9999988803768803,-0.0014649983597521301,0.00030499965851494816,0.0,0.0,0.0,9.8129,0.0,0.0,1.0,0.0,0.0,0.0,0.0,0.0,0.0,0.0,0.0
11.3274,0.9999988803768803,-0.0014649983597521301,0.00030499965851494816,0.0,0.0,0.0,9.7698,0.0,0.0,1.0,0.0,0.0,0.0,0.0,0.0,0.0,0.0,0.0
11.3475,0.9999988785163866,-0.0014649983570265064,0.00030499965794749783,-6.099993158947825e-05,0.0,0.0,9.799,0.0,0.0,1.0,0.0,0.0,0.0,0.0,0.0,0.0,0.0,0.0
11.3676,0.9999988729349054,-0.0014649983488496366,0.00030499965624514603,-0.00012199986249805672,0.0,0.0,9.8407,0.0,0.0,1.0,0.0,0.0,0.0,0.0,0.0,0.0,0.0,0.0
11.3876,0.99999916335505,-0.001281998927421174,0.000121999897929316,-0.00012199989792938126,0.0,0.0,9.8037,0.0,0.0,1.0,0.0,0.0,0.0,0.0,0.0,0.0,0.0,0.0
11.4078,0.9999992527198377,-0.001220999087570922,6.0999954415909975e-05,0.0,0.0,0.0,9.8075,0.0,0.0,1.0,0.0,0.0,0.0,0.0,0.0,0.0,0.0,0.0
11.4279,0.9999989101447817,-0.001464998403362105,0.00018299980055649478,0.0,0.0,0.0,9.799,0.0,0.0,1.0,0.0,0.0,0.0,0.0,0.0,0.0,0.0,0.0
11.448,0.9999986104223965,-0.0016479977099761096,0.00024399966094306445,-6.0999915235782076e-05,0.0,0.0,9.8303,0.0,0.0,1.0,0.0,0.0,0.0,0.0,0.0,0.0,0.0,0.0
11.4681,0.9999986234458423,-0.0016479977314387481,0.00018299974809058892,-6.099991603020216e-05,0.0,0.0,9.753,0.0,0.0,1.0,0.0,0.0,0.0,0.0,0.0,0.0,0.0,0.0
11.4881,0.9999989120052757,-0.001464998406087729,0.0001219998672646436,-0.00012199986726468827,0.0,0.0,9.8248,0.0,0.0,1.0,0.0,0.0,0.0,0.0,0.0,0.0,0.0,0.0
11.5083,0.9999990050909848,-0.0014039986031477427,6.0999939310549755e-05,-0.00012199987862110406,0.0,0.0,9.7949,0.0,0.0,1.0,0.0,0.0,0.0,0.0,0.0,0.0,0.0,0.0
11.5284,0.9999990944557301,-0.0013429987838540457,-6.099994476179978e-05,-6.0999944761774845e-05,0.0,0.0,9.8218,0.0,0.0,1.0,0.0,0.0,0.0,0.0,0.0,0.0,0.0,0.0
11.5485,0.9999989250287334,-0.0014649984251670946,-2.168404344971009e-19,-6.0999934426819724e-05,0.0,0.0,9.8048,0.0,0.0,1.0,0.0,0.0,0.0,0.0,0.0,0.0,0.0,0.0
11.5685,0.9999987369968928,-0.001586997995614069,6.099992295681032e-05,-6.099992295677259e-05,0.0,0.0,9.7911,0.0,0.0,1.0,0.0,0.0,0.0,0.0,0.0,0.0,0.0,0.0
11.5886,0.9999987388573857,-0.001586997998566671,-3.252606517456513e-19,-6.099992307034839e-05,0.0,0.0,9.8017,0.0,0.0,1.0,0.0,0.0,0.0,0.0,0.0,0.0,0.0,0.0
11.6087,0.9999989250287334,-0.0014649984251670946,-2.168404344971009e-19,-6.0999934426819724e-05,0.0,0.0,9.8127,0.0,0.0,1.0,0.0,0.0,0.0,0.0,0.0,0.0,0.0,0.0
11.6288,0.9999990106724682,-0.0014039986109841455,-6.0999939651020686e-05,-6.099993965097417e-05,0.0,0.0,9.8209,0.0,0.0,1.0,0.0,0.0,0.0,0.0,0.0,0.0,0.0,0.0
11.6489,0.9999990888742454,-0.0013429987763581112,-0.00012199988884265803,-6.099994442138046e-05,0.0,0.0,9.8091,0.0,0.0,1.0,0.0,0.0,0.0,0.0,0.0,0.0,0.0,0.0
11.6691,0.9999990050909848,-0.0014039986031477427,-0.00012199987862110038,-6.09999393106353e-05,0.0,0.0,9.8087,0.0,0.0,1.0,0.0,0.0,0.0,0.0,0.0,0.0,0.0,0.0
11.6892,0.9999990888742454,-0.0013429987763581112,-0.00012199988884265803,-6.099994442138046e-05,0.0,0.0,9.7698,0.0,0.0,1.0,0.0,0.0,0.0,0.0,0.0,0.0,0.0,0.0
11.7093,0.9999990795717708,-0.0013429987638648884,-0.00018299983156163432,-6.099994385400098e-05,0.0,0.0,9.8087,0.0,0.0,1.0,0.0,0.0,0.0,0.0,0.0,0.0,0.0,0.0
11.7294,0.9999991596340594,-0.001281998922650864,-0.00018299984621303312,-6.099994873765002e-05,0.0,0.0,9.7774,0.0,0.0,1.0,0.0,0.0,0.0,0.0,0.0,0.0,0.0,0.0
11.7494,0.9999991466105925,-0.0012819989059547796,-0.0002439997917729848,-6.099994794322994e-05,0.0,0.0,9.7774,0.0,0.0,1.0,0.0,0.0,0.0,0.0,0.0,0.0,0.0,0.0
11.7695,0.9999990498038543,-0.0013429987238865765,-0.00030499971019017574,-6.0999942037953676e-05,0.0,0.0,9.8088,0.0,0.0,1.0,0.0,0.0,0.0,0.0,0.0,0.0,0.0,0.0
11.7896,0.9999990237569296,-0.0013429986889055563,-0.0003659996426950365,-0.00012199988089839353,0.0,0.0,10.344,0.0,0.0,1.0,0.0,0.0,0.0,0.0,0.0,0.0,0.0,0.0
11.8097,0.9999989604391211,-0.0014039985404565264,-0.0003049996829339322,-0.00012199987317351724,0.0,0.0,10.029,0.0,0.0,1.0,0.0,0.0,0.0,0.0,0.0,0.0,0.0,0.0
11.8298,0.9999989213687452,-0.0014039984856017186,-0.0004269995394244546,-6.099993420355389e-05,0.0,0.0,9.7197,0.0,0.0,1.0,0.0,0.0,0.0,0.0,0.0,0.0,0.0,0.0
11.8499,0.9999990051519847,-0.0013429986639191152,-0.00042699957519989754,-6.0999939314299034e-05,0.0,0.0,9.7774,0.0,0.0,1.0,0.0,0.0,0.0,0.0,0.0,0.0,0.0,0.0
11.87,0.9999991615555545,-0.001220998976259332,-0.00042699964198422203,-6.0999948854889574e-05,0.0,0.0,9.813,0.0,0.0,1.0,0.0,0.0,0.0,0.0,0.0,0.0,0.0,0.0
11.8901,0.9999992006869584,-0.0011599990727968717,-0.0004879996099352358,-0.00012199990248368264,0.0,0.0,9.7566,0.0,0.0,1.0,0.0,0.0,0.0,0.0,0.0,0.0,0.0,0.0
11.9101,0.999999237957871,-0.0010989991625157,-0.0005489995816388714,-0.00012199990703082308,0.0,0.0,9.8601,0.0,0.0,1.0,0.0,0.0,0.0,0.0,0.0,0.0,0.0,0.0
11.9302,0.9999990610888224,-0.0012209988535894524,-0.0006099994272641819,-0.00012199988545280595,0.0,0.0,9.8807,0.0,0.0,1.0,0.0,0.0,0.0,0.0,0.0,0.0,0.0,0.0
11.9503,0.9999989456771674,-0.0012819986483581284,-0.0006709992925493795,-0.00012199987137262447,0.0,0.0,9.8021,0.0,0.0,1.0,0.0,0.0,0.0,0.0,0.0,0.0,0.0,0.0
11.9703,0.9999989754450747,-0.0012819986865205857,-0.0006099993750214958,-0.00018299981250646802,0.0,0.0,9.8092,0.0,0.0,1.0,0.0,0.0,0.0,0.0,0.0,0.0,0.0,0.0
11.9904,0.99999908713575,-0.001220998885392751,-0.0005489994988375269,-0.00018299983294589595,0.0,0.0,9.8249,0.0,0.0,1.0,0.0,0.0,0.0,0.0,0.0,0.0,0.0,0.0
12.0105,0.9999991244066501,-0.0011599989843117141,-0.0006099994658880567,-0.0001829998397663846,0.0,0.0,9.7697,0.0,0.0,1.0,0.0,0.0,0.0,0.0,0.0,0.0,0.0,0.0
12.0306,0.9999990127159621,-0.00122099879452619,-0.0006709993375324108,-0.00018299981932706769,0.0,0.0,9.7625,0.0,0.0,1.0,0.0,0.0,0.0,0.0,0.0,0.0,0.0,0.0
12.0506,0.9999990127159621,-0.00122099879452619,-0.0006709993375324108,-0.00018299981932706769,0.0,0.0,9.8867,0.0,0.0,1.0,0.0,0.0,0.0,0.0,0.0,0.0,0.0,0.0
12.0707,0.9999990649318117,-0.0010989989723600609,-0.000792999258490927,-0.00018299982888247968,0.0,0.0,9.9034,0.0,0.0,1.0,0.0,0.0,0.0,0.0,0.0,0.0,0.0,0.0
12.0908,0.9999990425448751,-0.001159998889352055,-0.0007319992991428487,-0.0001829998247856457,0.0,0.0,9.7385,0.0,0.0,1.0,0.0,0.0,0.0,0.0,0.0,0.0,0.0,0.0
12.1108,0.999998996032512,-0.0011599988353977137,-0.0007929992038537823,-0.00018299981627400985,0.0,0.0,9.848,0.0,0.0,1.0,0.0,0.0,0.0,0.0,0.0,0.0,0.0,0.0
12.1309,0.9999989234122386,-0.001220998685486343,-0.0007929991462659054,-0.00018299980298447371,0.0,0.0,9.7977,0.0,0.0,1.0,0.0,0.0,0.0,0.0,0.0,0.0,0.0,0.0
12.151,0.9999989234122386,-0.001220998685486343,-0.0007929991462659054,-0.00018299980298447371,0.0,0.0,9.8164,0.0,0.0,1.0,0.0,0.0,0.0,0.0,0.0,0.0,0.0,0.0
12.171,0.999998945799167,-0.0011599987771270337,-0.000853999099712489,-0.0001829998070813077,0.0,0.0,9.8053,0.0,0.0,1.0,0.0,0.0,0.0,0.0,0.0,0.0,0.0,0.0
12.1911,0.999998996032512,-0.0011599988353977137,-0.0007929992038537823,-0.00018299981627400985,0.0,0.0,9.7625,0.0,0.0,1.0,0.0,0.0,0.0,0.0,0.0,0.0,0.0,0.0
12.2112,0.9999990649318117,-0.0010989989723600609,-0.000792999258490927,-0.00018299982888247968,0.0,0.0,9.8558,0.0,0.0,1.0,0.0,0.0,0.0,0.0,0.0,0.0,0.0,0.0
12.2312,0.999999176622517,-0.0010379991453341726,-0.0007319993972876828,-0.00018299984932201863,0.0,0.0,9.8126,0.0,0.0,1.0,0.0,0.0,0.0,0.0,0.0,0.0,0.0,0.0
12.2513,0.9999991114441844,-0.0010989990234771586,-0.000731999349577143,-0.00018299983739422654,0.0,0.0,9.7658,0.0,0.0,1.0,0.0,0.0,0.0,0.0,0.0,0.0,0.0,0.0
12.2714,0.9999991114441844,-0.0010989990234771586,-0.000731999349577143,-0.00018299983739422654,0.0,0.0,9.7774,0.0,0.0,1.0,0.0,0.0,0.0,0.0,0.0,0.0,0.0,0.0
12.2914,0.999999219413914,-0.001037999189751643,-0.0006709994762267367,-0.00018299985715281022,0.0,0.0,9.8087,0.0,0.0,1.0,0.0,0.0,0.0,0.0,0.0,0.0,0.0,0.0
12.3115,0.9999992287163924,-0.0010379991994076154,-0.0006709994824686996,-0.0001219999059033916,0.0,0.0,9.7735,0.0,0.0,1.0,0.0,0.0,0.0,0.0,0.0,0.0,0.0,0.0
12.3316,0.9999992287163924,-0.0010379991994076154,-0.0006709994824686996,-0.0001219999059033916,0.0,0.0,9.8125,0.0,0.0,1.0,0.0,0.0,0.0,0.0,0.0,0.0,0.0,0.0
12.3516,0.9999992287163924,-0.0010379991994076154,-0.0006709994824686996,-0.0001219999059033916,0.0,0.0,9.8048,0.0,0.0,1.0,0.0,0.0,0.0,0.0,0.0,0.0,0.0,0.0
12.3717,0.9999992287163924,-0.0010379991994076154,-0.0006709994824686996,-0.0001219999059033916,0.0,0.0,9.805,0.0,0.0,1.0,0.0,0.0,0.0,0.0,0.0,0.0,0.0,0.0
12.3918,0.9999992677868044,-0.0010379992399627029,-0.0006099995533499507,-0.00012199991067002314,0.0,0.0,9.8087,0.0,0.0,1.0,0.0,0.0,0.0,0.0,0.0,0.0,0.0,0.0
12.4119,0.9999992677868044,-0.0010379992399627029,-0.0006099995533499507,-0.00012199991067002314,0.0,0.0,9.809,0.0,0.0,1.0,0.0,0.0,0.0,0.0,0.0,0.0,0.0,0.0
12.4319,0.999999329244175,-0.000976999344671559,-0.0006099995908389471,-0.00012199991816780331,0.0,0.0,9.7386,0.0,0.0,1.0,0.0,0.0,0.0,0.0,0.0,0.0,0.0,0.0
12.452,0.9999993869805637,-0.0009159994384741964,-0.0006099996260581441,-0.00012199992521155778,0.0,0.0,9.8165,0.0,0.0,1.0,0.0,0.0,0.0,0.0,0.0,0.0,0.0,0.0
12.4721,0.999999329244175,-0.000976999344671559,-0.0006099995908389471,-0.00012199991816780331,0.0,0.0,9.7697,0.0,0.0,1.0,0.0,0.0,0.0,0.0,0.0,0.0,0.0,0.0
12.4921,0.999999329244175,-0.000976999344671559,-0.0006099995908389471,-0.00012199991816780331,0.0,0.0,9.8016,0.0,0.0,1.0,0.0,0.0,0.0,0.0,0.0,0.0,0.0,0.0
12.5122,0.9999992026084538,-0.0010989991236666904,-0.000609999513591157,-0.00012199990271832828,0.0,0.0,9.8016,0.0,0.0,1.0,0.0,0.0,0.0,0.0,0.0,0.0,0.0,0.0
12.5323,0.9999993347646638,-0.0010379993094857209,-0.0004879996753651561,-0.0001219999188412646,0.0,0.0,9.8555,0.0,0.0,1.0,0.0,0.0,0.0,0.0,0.0,0.0,0.0,0.0
12.5524,0.9999993347646638,-0.0010379993094857209,-0.0004879996753651561,-0.0001219999188412646,0.0,0.0,9.8555,0.0,0.0,1.0,0.0,0.0,0.0,0.0,0.0,0.0,0.0,0.0
12.5724,0.9999994241294975,-0.0009769994373745193,-0.00042699975410329566,-0.00012199992974382125,0.0,0.0,9.8577,0.0,0.0,1.0,0.0,0.0,0.0,0.0,0.0,0.0,0.0,0.0
12.5925,0.9999993645936057,-0.0009769993792079525,-0.0005489996511618896,-0.00012199992248046465,0.0,0.0,9.7702,0.0,0.0,1.0,0.0,0.0,0.0,0.0,0.0,0.0,0.0,0.0
12.6126,0.9999993051187244,-0.0009159993634887513,-0.0007319994913469064,-0.00012199991522454656,0.0,0.0,9.8171,0.0,0.0,1.0,0.0,0.0,0.0,0.0,0.0,0.0,0.0,0.0
12.6326,0.9999993051187244,-0.0009159993634887513,-0.0007319994913469064,-0.00012199991522454656,0.0,0.0,9.7697,0.0,0.0,1.0,0.0,0.0,0.0,0.0,0.0,0.0,0.0,0.0
12.6527,0.9999993479101379,-0.0009159994026856861,-0.0006709995624477027,-0.00012199992044498176,0.0,0.0,9.8164,0.0,0.0,1.0,0.0,0.0,0.0,0.0,0.0,0.0,0.0,0.0
12.6728,0.9999993869805637,-0.0009159994384741964,-0.0006099996260581441,-0.00012199992521155778,0.0,0.0,9.8164,0.0,0.0,1.0,0.0,0.0,0.0,0.0,0.0,0.0,0.0,0.0
12.6928,0.9999994771999101,-0.0008539995535287231,-0.0005489997129827506,-0.00012199993621836436,0.0,0.0,9.7698,0.0,0.0,1.0,0.0,0.0,0.0,0.0,0.0,0.0,0.0,0.0
12.7129,0.9999995497593042,-0.000792999642959128,-0.00048799978028254054,-0.0001829999176059527,0.0,0.0,9.8555,0.0,0.0,1.0,0.0,0.0,0.0,0.0,0.0,0.0,0.0,0.0
12.733,0.9999995776667676,-0.0007929996650897465,-0.0004269998196637098,-0.0001829999227129786,0.0,0.0,9.805,0.0,0.0,1.0,0.0,0.0,0.0,0.0,0.0,0.0,0.0,0.0
12.753,0.999999586969256,-0.0007929996724666197,-0.00042699982363587246,-0.00012199994961020755,0.0,0.0,9.8257,0.0,0.0,1.0,0.0,0.0,0.0,0.0,0.0,0.0,0.0,0.0
12.7731,0.9999994418504674,-0.0008539995233402991,-0.0006099996595287852,-0.00012199993190575853,0.0,0.0,9.7016,0.0,0.0,1.0,0.0,0.0,0.0,0.0,0.0,0.0,0.0,0.0
12.7932,0.9999994771999101,-0.0008539995535287231,-0.0005489997129827506,-0.00012199993621836436,0.0,0.0,9.8557,0.0,0.0,1.0,0.0,0.0,0.0,0.0,0.0,0.0,0.0,0.0
12.8132,0.9999994539584474,-0.0009159994998259377,-0.00048799973353172237,-0.00012199993338302129,0.0,0.0,9.7697,0.0,0.0,1.0,0.0,0.0,0.0,0.0,0.0,0.0,0.0,0.0
12.8333,0.9999994241294975,-0.0009769994373745193,-0.00042699975410329566,-0.00012199992974382125,0.0,0.0,9.7195,0.0,0.0,1.0,0.0,0.0,0.0,0.0,0.0,0.0,0.0,0.0
12.8534,0.9999994241294975,-0.0009769994373745193,-0.00042699975410329566,-0.00012199992974382125,0.0,0.0,9.8479,0.0,0.0,1.0,0.0,0.0,0.0,0.0,0.0,0.0,0.0,0.0
12.8734,0.9999995060523661,-0.0009159995475439673,-0.0003659998192151661,-0.00012199993973843748,0.0,0.0,9.8447,0.0,0.0,1.0,0.0,0.0,0.0,0.0,0.0,0.0,0.0,0.0
12.8935,0.999999536735822,-0.000853999604372392,-0.0004269998021861962,-0.00012199994348177645,0.0,0.0,9.7776,0.0,0.0,1.0,0.0,0.0,0.0,0.0,0.0,0.0,0.0,0.0
12.9136,0.9999995088283619,-0.0008539995805394209,-0.00048799976030824066,-0.0001219999400770555,0.0,0.0,9.8089,0.0,0.0,1.0,0.0,0.0,0.0,0.0,0.0,0.0,0.0,0.0
12.9337,0.9999994771999101,-0.0008539995535287231,-0.0005489997129827506,-0.00012199993621836436,0.0,0.0,9.7702,0.0,0.0,1.0,0.0,0.0,0.0,0.0,0.0,0.0,0.0,0.0
12.9537,0.999999527433335,-0.0007929996252546346,-0.0005489997405609009,-0.00012199994234679545,0.0,0.0,9.8643,0.0,0.0,1.0,0.0,0.0,0.0,0.0,0.0,0.0,0.0,0.0
12.9738,0.9999995590617917,-0.0007929996503360006,-0.00048799978482215423,-0.00012199994620554211,0.0,0.0,9.7384,0.0,0.0,1.0,0.0,0.0,0.0,0.0,0.0,0.0,0.0,0.0
12.9939,0.9999995088283619,-0.0008539995805394209,-0.00048799976030824066,-0.0001219999400770555,0.0,0.0,9.7344,0.0,0.0,1.0,0.0,0.0,0.0,0.0,0.0,0.0,0.0,0.0
13.0139,0.999999527433335,-0.0008539995964280682,-0.00042699979821403427,-0.00018299991352038747,0.0,0.0,9.8867,0.0,0.0,1.0,0.0,0.0,0.0,0.0,0.0,0.0,0.0,0.0
13.034,0.99999949674988,-0.00091599953902289,-0.00036599981581045623,-0.0001829999079053235,0.0,0.0,9.8022,0.0,0.0,1.0,0.0,0.0,0.0,0.0,0.0,0.0,0.0,0.0
13.0541,0.9999995060523661,-0.0009159995475439673,-0.0003659998192151661,-0.00012199993973843748,0.0,0.0,9.8481,0.0,0.0,1.0,0.0,0.0,0.0,0.0,0.0,0.0,0.0,0.0
13.0742,0.9999996111557269,-0.0007929996916464913,-0.0003659998576829961,-0.00012199995256106932,0.0,0.0,9.8125,0.0,0.0,1.0,0.0,0.0,0.0,0.0,0.0,0.0,0.0,0.0
13.0942,0.9999996316212036,-0.0007929997078756144,-0.00030499988764446723,-0.00012199995505784988,0.0,0.0,9.8127,0.0,0.0,1.0,0.0,0.0,0.0,0.0,0.0,0.0,0.0,0.0
13.1143,0.9999996837151501,-0.0007319997684794899,-0.00030499990353312096,-6.099998070668855e-05,0.0,0.0,9.7818,0.0,0.0,1.0,0.0,0.0,0.0,0.0,0.0,0.0,0.0,0.0
13.1344,0.9999996539471796,-0.0007929997255801133,-0.00024399991556311193,-6.099997889069675e-05,0.0,0.0,9.7658,0.0,0.0,1.0,0.0,0.0,0.0,0.0,0.0,0.0,0.0,0.0
13.1544,0.9999996167372204,-0.0008539996726935863,-0.0001829999298629115,-6.0999976621012315e-05,0.0,0.0,9.8442,0.0,0.0,1.0,0.0,0.0,0.0,0.0,0.0,0.0,0.0,0.0
13.1745,0.9999996167372204,-0.0008539996726935863,-0.0001829999298629115,-6.0999976621012315e-05,0.0,0.0,9.731,0.0,0.0,1.0,0.0,0.0,0.0,0.0,0.0,0.0,0.0,0.0
13.1946,0.9999996613891721,-0.0007929997314816134,-0.00018299993803421865,-0.0001219999586893894,0.0,0.0,9.7428,0.0,0.0,1.0,0.0,0.0,0.0,0.0,0.0,0.0,0.0,0.0
13.2146,0.999999707901628,-0.0007319997861839916,-0.00018299994654599804,-0.00012199996436412786,0.0,0.0,9.8215,0.0,0.0,1.0,0.0,0.0,0.0,0.0,0.0,0.0,0.0,0.0
13.2347,0.9999995981322424,-0.0008539996568049349,-0.00024399990194426727,-0.00012199995097217364,0.0,0.0,9.792,0.0,0.0,1.0,0.0,0.0,0.0,0.0,0.0,0.0,0.0,0.0
13.2547,0.9999994911073884,-0.0009769995028119183,-0.00024399987583020286,-6.099996895747582e-05,0.0,0.0,9.8444,0.0,0.0,1.0,0.0,0.0,0.0,0.0,0.0,0.0,0.0,0.0
13.2748,0.999999620458216,-0.0008539996758713162,-0.00012199995369590246,-0.00012199995369593927,0.0,0.0,9.7672,0.0,0.0,1.0,0.0,0.0,0.0,0.0,0.0,0.0,0.0,0.0
13.2949,0.9999996762731572,-0.0007929997432846137,-6.0999980252662736e-05,-0.0001219999605053812,0.0,0.0,9.6962,0.0,0.0,1.0,0.0,0.0,0.0,0.0,0.0,0.0,0.0,0.0
13.3149,0.9999997599955865,-0.0006709998389570386,-0.00012199997071946165,-0.00012199997071943303,0.0,0.0,9.8727,0.0,0.0,1.0,0.0,0.0,0.0,0.0,0.0,0.0,0.0,0.0
13.335,0.9999997506930933,-0.0006709998327150657,-0.00018299995437683623,-0.00012199996958456305,0.0,0.0,9.7779,0.0,0.0,1.0,0.0,0.0,0.0,0.0,0.0,0.0,0.0,0.0
13.3551,0.9999996483656854,-0.0007929997211539884,-0.00024399991420122748,-0.00012199995710071573,0.0,0.0,9.7739,0.0,0.0,1.0,0.0,0.0,0.0,0.0,0.0,0.0,0.0,0.0
13.3751,0.9999996111557269,-0.0008539996679269908,-0.00018299992884149811,-0.00012199995256106932,0.0,0.0,9.805,0.0,0.0,1.0,0.0,0.0,0.0,0.0,0.0,0.0,0.0,0.0
13.3952,0.9999995078518633,-0.0009769995191712705,-0.00012199993995792754,-0.00012199993995792857,0.0,0.0,9.8407,0.0,0.0,1.0,0.0,0.0,0.0,0.0,0.0,0.0,0.0,0.0
13.4153,0.9999994985493772,-0.0009769995100827411,-0.00018299990823453615,-0.00012199993882300306,0.0,0.0,9.8439,0.0,0.0,1.0,0.0,0.0,0.0,0.0,0.0,0.0,0.0,0.0
13.4354,0.9999995469833078,-0.0009159995850367101,-0.0001829999170979455,-0.00018299991709797017,0.0,0.0,9.805,0.0,0.0,1.0,0.0,0.0,0.0,0.0,0.0,0.0,0.0,0.0
13.4554,0.9999995469833078,-0.0009159995850367101,-0.0001829999170979455,-0.00018299991709797017,0.0,0.0,9.7774,0.0,0.0,1.0,0.0,0.0,0.0,0.0,0.0,0.0,0.0,0.0
13.4755,0.9999995339598259,-0.0009159995731072006,-0.00024399988628619768,-0.00018299991471454338,0.0,0.0,9.8125,0.0,0.0,1.0,0.0,0.0,0.0,0.0,0.0,0.0,0.0,0.0
13.4956,0.9999995339598259,-0.0009159995731072006,-0.00024399988628619768,-0.00018299991471454338,0.0,0.0,9.8048,0.0,0.0,1.0,0.0,0.0,0.0,0.0,0.0,0.0,0.0,0.0
13.5156,0.9999995339598259,-0.0009159995731072006,-0.00024399988628619768,-0.00018299991471454338,0.0,0.0,9.8048,0.0,0.0,1.0,0.0,0.0,0.0,0.0,0.0,0.0,0.0,0.0
13.5357,0.999999543262313,-0.0009159995816282787,-0.0002439998885560046,-0.0001219999442780284,0.0,0.0,9.8125,0.0,0.0,1.0,0.0,0.0,0.0,0.0,0.0,0.0,0.0,0.0
13.5558,0.999999543262313,-0.0009159995816282787,-0.0002439998885560046,-0.0001219999442780284,0.0,0.0,9.8439,0.0,0.0,1.0,0.0,0.0,0.0,0.0,0.0,0.0,0.0,0.0
13.5758,0.9999994855258971,-0.0009769994973588016,-0.000243999874468319,-0.0001219999372341074,0.0,0.0,9.8125,0.0,0.0,1.0,0.0,0.0,0.0,0.0,0.0,0.0,0.0,0.0
13.5959,0.9999994855258971,-0.0009769994973588016,-0.000243999874468319,-0.0001219999372341074,0.0,0.0,9.8094,0.0,0.0,1.0,0.0,0.0,0.0,0.0,0.0,0.0,0.0,0.0
13.616,0.9999994855258971,-0.0009769994973588016,-0.000243999874468319,-0.0001219999372341074,0.0,0.0,9.8052,0.0,0.0,1.0,0.0,0.0,0.0,0.0,0.0,0.0,0.0,0.0
13.636,0.9999995320993285,-0.000915999571402985,-0.0003049998572902954,-6.099997145808667e-05,0.0,0.0,9.7776,0.0,0.0,1.0,0.0,0.0,0.0,0.0,0.0,0.0,0.0,0.0
13.6561,0.999999586969256,-0.0008539996472717445,-0.00030499987402562317,-6.099997480513153e-05,0.0,0.0,9.7739,0.0,0.0,1.0,0.0,0.0,0.0,0.0,0.0,0.0,0.0,0.0
13.6762,0.9999996483656854,-0.0007929997211539884,-0.00024399991420122748,-0.00012199995710071573,0.0,0.0,9.8164,0.0,0.0,1.0,0.0,0.0,0.0,0.0,0.0,0.0,0.0,0.0
13.6962,0.9999995562857954,-0.0009159995935577887,-0.0001829999188003007,-0.00012199994586675755,0.0,0.0,9.8087,0.0,0.0,1.0,0.0,0.0,0.0,0.0,0.0,0.0,0.0,0.0
13.7163,0.9999995618672879,-0.0009159995986704355,-0.00018299991982171387,-6.099997327385641e-05,0.0,0.0,9.8051,0.0,0.0,1.0,0.0,0.0,0.0,0.0,0.0,0.0,0.0,0.0
13.7364,0.9999996167372204,-0.0008539996726935863,-0.0001829999298629115,-6.0999976621012315e-05,0.0,0.0,9.8088,0.0,0.0,1.0,0.0,0.0,0.0,0.0,0.0,0.0,0.0,0.0
13.7565,0.9999996037137356,-0.0008539996615715302,-0.00024399990330615162,-6.09999758264812e-05,0.0,0.0,9.8126,0.0,0.0,1.0,0.0,0.0,0.0,0.0,0.0,0.0,0.0,0.0
13.7765,0.9999996167372204,-0.0008539996726935863,-0.0001829999298629115,-6.0999976621012315e-05,0.0,0.0,9.7698,0.0,0.0,1.0,0.0,0.0,0.0,0.0,0.0,0.0,0.0,0.0
13.7966,0.9999996167372204,-0.0008539996726935863,-0.0001829999298629115,-6.0999976621012315e-05,0.0,0.0,9.7776,0.0,0.0,1.0,0.0,0.0,0.0,0.0,0.0,0.0,0.0,0.0
13.8167,0.9999996669706663,-0.0007929997359077384,-0.00018299993905563207,-6.0999979685172345e-05,0.0,0.0,9.8166,0.0,0.0,1.0,0.0,0.0,0.0,0.0,0.0,0.0,0.0,0.0
13.8367,0.9999996762731572,-0.0007929997432846137,-0.00012199996050532536,-6.099998025260733e-05,0.0,0.0,9.8048,0.0,0.0,1.0,0.0,0.0,0.0,0.0,0.0,0.0,0.0,0.0
13.8568,0.9999995711697759,-0.0009159996071915148,-0.00012199994768271276,-6.099997384134692e-05,0.0,0.0,9.8478,0.0,0.0,1.0,0.0,0.0,0.0,0.0,0.0,0.0,0.0,0.0
13.8769,0.9999995134333551,-0.0009769995246243879,-0.00012199994063886939,-6.099997031944193e-05,0.0,0.0,9.766,0.0,0.0,1.0,0.0,0.0,0.0,0.0,0.0,0.0,0.0,0.0
13.8969,0.9999995190148471,-0.0009769995300775056,-6.099997065990576e-05,-6.099997065978081e-05,0.0,0.0,9.8051,0.0,0.0,1.0,0.0,0.0,0.0,0.0,0.0,0.0,0.0,0.0
13.917,0.9999995767512687,-0.000915999612304162,-6.099997418182755e-05,-6.099997418179681e-05,0.0,0.0,9.7346,0.0,0.0,1.0,0.0,0.0,0.0,0.0,0.0,0.0,0.0,0.0
13.9371,0.9999995767512687,-0.000915999612304162,-6.099997418182755e-05,-6.099997418179681e-05,0.0,0.0,9.7775,0.0,0.0,1.0,0.0,0.0,0.0,0.0,0.0,0.0,0.0,0.0
13.9572,0.9999995767512687,-0.000915999612304162,-6.099997418182755e-05,-6.099997418179681e-05,0.0,0.0,9.8127,0.0,0.0,1.0,0.0,0.0,0.0,0.0,0.0,0.0,0.0,0.0
13.9772,0.9999995078518633,-0.0009769995191712705,-0.00012199993995792754,-0.00012199993995792857,0.0,0.0,9.8477,0.0,0.0,1.0,0.0,0.0,0.0,0.0,0.0,0.0,0.0,0.0
13.9973,0.9999994463944597,-0.001037999425357449,-0.00012199993246012422,-0.0001219999324601484,0.0,0.0,9.7699,0.0,0.0,1.0,0.0,0.0,0.0,0.0,0.0,0.0,0.0,0.0
14.0174,0.9999995134333551,-0.000976999524624388,-6.099997031943483e-05,-0.00012199994063888386,0.0,0.0,9.8164,0.0,0.0,1.0,0.0,0.0,0.0,0.0,0.0,0.0,0.0,0.0
14.0375,0.9999994538364474,-0.0010379994330822324,-1.0842021724855042e-19,-0.00012199993336803325,0.0,0.0,9.8166,0.0,0.0,1.0,0.0,0.0,0.0,0.0,0.0,0.0,0.0,0.0
14.0575,0.9999994519759505,-0.001037999431151037,-6.0999966570533196e-05,-0.00012199993314104818,0.0,0.0,9.8164,0.0,0.0,1.0,0.0,0.0,0.0,0.0,0.0,0.0,0.0,0.0
14.0776,0.9999994575574415,-0.0010379994369446243,-6.099996691100402e-05,-6.0999966911112764e-05,0.0,0.0,9.8127,0.0,0.0,1.0,0.0,0.0,0.0,0.0,0.0,0.0,0.0,0.0
14.0977,0.9999994575574415,-0.0010379994369446243,-6.099996691100402e-05,-6.0999966911112764e-05,0.0,0.0,9.8126,0.0,0.0,1.0,0.0,0.0,0.0,0.0,0.0,0.0,0.0,0.0
14.1178,0.9999995134333551,-0.000976999524624388,-6.099997031943483e-05,-0.00012199994063888386,0.0,0.0,9.8516,0.0,0.0,1.0,0.0,0.0,0.0,0.0,0.0,0.0,0.0,0.0
14.1378,0.9999994575574415,-0.0010379994369446243,-6.099996691100402e-05,-6.0999966911112764e-05,0.0,0.0,9.8092,0.0,0.0,1.0,0.0,0.0,0.0,0.0,0.0,0.0,0.0,0.0
14.1579,0.9999993812160745,-0.0010989993199564656,-0.00012199992450836138,-0.000121999924508287,0.0,0.0,9.8555,0.0,0.0,1.0,0.0,0.0,0.0,0.0,0.0,0.0,0.0,0.0
14.178,0.9999993812160745,-0.0010989993199564656,-0.00012199992450836138,-0.000121999924508287,0.0,0.0,9.8555,0.0,0.0,1.0,0.0,0.0,0.0,0.0,0.0,0.0,0.0,0.0
14.198,0.9999994575574415,-0.0010379994369446243,-6.099996691100402e-05,-6.0999966911112764e-05,0.0,0.0,9.7662,0.0,0.0,1.0,0.0,0.0,0.0,0.0,0.0,0.0,0.0,0.0
14.2181,0.9999994575574415,-0.0010379994369446243,-6.099996691100402e-05,-6.0999966911112764e-05,0.0,0.0,9.7776,0.0,0.0,1.0,0.0,0.0,0.0,0.0,0.0,0.0,0.0,0.0
14.2382,0.9999995134333551,-0.0009769995246243879,-0.00012199994063886939,-6.099997031944193e-05,0.0,0.0,9.7776,0.0,0.0,1.0,0.0,0.0,0.0,0.0,0.0,0.0,0.0,0.0
14.2582,0.9999995190148471,-0.0009769995300775056,-6.099997065990576e-05,-6.099997065978081e-05,0.0,0.0,9.7698,0.0,0.0,1.0,0.0,0.0,0.0,0.0,0.0,0.0,0.0,0.0
14.2783,0.9999995041308689,-0.0009769995155358589,-0.00018299990925594906,-6.099996975195143e-05,0.0,0.0,9.8088,0.0,0.0,1.0,0.0,0.0,0.0,0.0,0.0,0.0,0.0,0.0
14.2984,0.9999995041308689,-0.0009769995155358589,-0.00018299990925594906,-6.099996975195143e-05,0.0,0.0,9.8165,0.0,0.0,1.0,0.0,0.0,0.0,0.0,0.0,0.0,0.0,0.0
14.3184,0.999999442673466,-0.0010379994214950576,-0.00018299989800924437,-6.099996600311686e-05,0.0,0.0,9.7775,0.0,0.0,1.0,0.0,0.0,0.0,0.0,0.0,0.0,0.0,0.0
14.3385,0.9999994538364474,-0.0010379994330822321,-0.00012199993336804675,0.0,0.0,0.0,9.8048,0.0,0.0,1.0,0.0,0.0,0.0,0.0,0.0,0.0,0.0,0.0
14.3586,0.9999994445339628,-0.0010379994234262536,-0.0001829998983497153,0.0,0.0,0.0,9.7697,0.0,0.0,1.0,0.0,0.0,0.0,0.0,0.0,0.0,0.0,0.0
14.3786,0.9999995134333551,-0.0009769995246243879,-0.00012199994063886939,-6.099997031944193e-05,0.0,0.0,9.8126,0.0,0.0,1.0,0.0,0.0,0.0,0.0,0.0,0.0,0.0,0.0
14.3987,0.9999995618672879,-0.0009159995986704355,-0.00018299991982171387,-6.099997327385641e-05,0.0,0.0,9.8125,0.0,0.0,1.0,0.0,0.0,0.0,0.0,0.0,0.0,0.0,0.0
14.4188,0.9999995507043029,-0.0009159995884451415,-0.00024399989037185004,0.0,0.0,0.0,9.7306,0.0,0.0,1.0,0.0,0.0,0.0,0.0,0.0,0.0,0.0,0.0
14.4388,0.9999995488438054,-0.0009159995867409258,-0.00024399988991788863,-6.099997247943634e-05,0.0,0.0,9.8829,0.0,0.0,1.0,0.0,0.0,0.0,0.0,0.0,0.0,0.0,0.0
14.4589,0.9999995488438054,-0.0009159995867409258,-0.00024399988991788863,-6.099997247943634e-05,0.0,0.0,9.8442,0.0,0.0,1.0,0.0,0.0,0.0,0.0,0.0,0.0,0.0,0.0
14.4791,0.9999995618672879,-0.0009159995986704355,-0.00018299991982171387,-6.099997327385641e-05,0.0,0.0,9.7735,0.0,0.0,1.0,0.0,0.0,0.0,0.0,0.0,0.0,0.0,0.0
14.4992,0.9999995618672879,-0.0009159995986704355,-0.00018299991982171387,-6.099997327385641e-05,0.0,0.0,9.766,0.0,0.0,1.0,0.0,0.0,0.0,0.0,0.0,0.0,0.0,0.0
14.5193,0.9999995059913661,-0.000976999517353565,-0.00018299990959642017,0.0,0.0,0.0,9.8051,0.0,0.0,1.0,0.0,0.0,0.0,0.0,0.0,0.0,0.0,0.0
14.5393,0.9999995618672879,-0.0009159995986704355,-0.00018299991982171387,-6.099997327385641e-05,0.0,0.0,9.8126,0.0,0.0,1.0,0.0,0.0,0.0,0.0,0.0,0.0,0.0,0.0
14.5594,0.9999995041308689,-0.0009769995155358589,-0.00018299990925594906,-6.099996975195143e-05,0.0,0.0,9.7697,0.0,0.0,1.0,0.0,0.0,0.0,0.0,0.0,0.0,0.0,0.0
14.5795,0.9999995041308689,-0.0009769995155358589,-0.00018299990925594906,-6.099996975195143e-05,0.0,0.0,9.7658,0.0,0.0,1.0,0.0,0.0,0.0,0.0,0.0,0.0,0.0,0.0
14.5995,0.9999995618672879,-0.0009159995986704355,-0.00018299991982171387,-6.099997327385641e-05,0.0,0.0,9.8126,0.0,0.0,1.0,0.0,0.0,0.0,0.0,0.0,0.0,0.0,0.0
14.6196,0.9999995618672879,-0.0009159995986704355,-0.00018299991982171387,-6.099997327385641e-05,0.0,0.0,9.8165,0.0,0.0,1.0,0.0,0.0,0.0,0.0,0.0,0.0,0.0,0.0
14.6397,0.9999995041308689,-0.0009769995155358589,-0.00018299990925594906,-6.099996975195143e-05,0.0,0.0,9.7735,0.0,0.0,1.0,0.0,0.0,0.0,0.0,0.0,0.0,0.0,0.0
14.6597,0.9999995041308689,-0.0009769995155358589,-0.00018299990925594906,-6.099996975195143e-05,0.0,0.0,9.7662,0.0,0.0,1.0,0.0,0.0,0.0,0.0,0.0,0.0,0.0,0.0
14.6798,0.9999995134333551,-0.0009769995246243879,-0.00012199994063886939,-6.099997031944193e-05,0.0,0.0,9.7708,0.0,0.0,1.0,0.0,0.0,0.0,0.0,0.0,0.0,0.0,0.0
14.6999,0.9999995134333551,-0.0009769995246243879,-0.00012199994063886939,-6.099997031944193e-05,0.0,0.0,9.7735,0.0,0.0,1.0,0.0,0.0,0.0,0.0,0.0,0.0,0.0,0.0
14.7199,0.9999995730302735,-0.0009159996088957306,-0.00012199994790969352,0.0,0.0,0.0,9.8088,0.0,0.0,1.0,0.0,0.0,0.0,0.0,0.0,0.0,0.0,0.0
14.74,0.9999995152938524,-0.0009769995264420938,-0.00012199994086585016,0.0,0.0,0.0,9.8164,0.0,0.0,1.0,0.0,0.0,0.0,0.0,0.0,0.0,0.0,0.0
14.7601,0.9999995208753443,-0.0009769995318952111,-6.0999970773396175e-05,0.0,0.0,0.0,9.8051,0.0,0.0,1.0,0.0,0.0,0.0,0.0,0.0,0.0,0.0,0.0
14.7801,0.9999995208753443,-0.0009769995318952111,-6.0999970773396175e-05,0.0,0.0,0.0,9.8126,0.0,0.0,1.0,0.0,0.0,0.0,0.0,0.0,0.0,0.0,0.0
14.8002,0.9999995227358418,-0.0009769995337129175,-1.0842021724855044e-19,0.0,0.0,0.0,9.8478,0.0,0.0,1.0,0.0,0.0,0.0,0.0,0.0,0.0,0.0,0.0
14.8203,0.9999995227358418,-0.0009769995337129175,-1.0842021724855044e-19,0.0,0.0,0.0,9.8087,0.0,0.0,1.0,0.0,0.0,0.0,0.0,0.0,0.0,0.0,0.0
14.8404,0.9999995227358418,-0.0009769995337129175,-1.0842021724855044e-19,0.0,0.0,0.0,9.8477,0.0,0.0,1.0,0.0,0.0,0.0,0.0,0.0,0.0,0.0,0.0
14.8604,0.9999995227358418,-0.0009769995337129175,-1.0842021724855044e-19,0.0,0.0,0.0,9.8127,0.0,0.0,1.0,0.0,0.0,0.0,0.0,0.0,0.0,0.0,0.0
14.8805,0.9999994612784353,-0.001037999440807016,-1.0842021724855044e-19,0.0,0.0,0.0,9.7774,0.0,0.0,1.0,0.0,0.0,0.0,0.0,0.0,0.0,0.0,0.0
14.9006,0.9999994612784353,-0.001037999440807016,-1.0842021724855044e-19,0.0,0.0,0.0,9.8048,0.0,0.0,1.0,0.0,0.0,0.0,0.0,0.0,0.0,0.0,0.0
14.9207,0.9999994612784353,-0.001037999440807016,-1.0842021724855044e-19,0.0,0.0,0.0,9.8478,0.0,0.0,1.0,0.0,0.0,0.0,0.0,0.0,0.0,0.0,0.0
14.9407,0.9999994612784353,-0.001037999440807016,-1.0842021724855044e-19,0.0,0.0,0.0,9.8164,0.0,0.0,1.0,0.0,0.0,0.0,0.0,0.0,0.0,0.0,0.0
14.9608,0.9999994594179384,-0.0010379994388758202,-6.09999670244945e-05,0.0,0.0,0.0,9.7735,0.0,0.0,1.0,0.0,0.0,0.0,0.0,0.0,0.0,0.0,0.0
14.9809,0.9999993942395504,-0.001098999334269266,-6.09999630486127e-05,0.0,0.0,0.0,9.8125,0.0,0.0,1.0,0.0,0.0,0.0,0.0,0.0,0.0,0.0,0.0
15.0009,0.9999993961000471,-0.0010989993363139518,-2.168404344971009e-19,0.0,0.0,0.0,9.8087,0.0,0.0,1.0,0.0,0.0,0.0,0.0,0.0,0.0,0.0,0.0
15.021,0.9999993942395504,-0.001098999334269266,-1.0842021724855044e-19,-6.0999963048646855e-05,0.0,0.0,9.805,0.0,0.0,1.0,0.0,0.0,0.0,0.0,0.0,0.0,0.0,0.0
15.0411,0.9999993942395504,-0.001098999334269266,-1.0842021724855044e-19,-6.0999963048646855e-05,0.0,0.0,9.8087,0.0,0.0,1.0,0.0,0.0,0.0,0.0,0.0,0.0,0.0,0.0
15.0611,0.9999993942395504,-0.001098999334269266,-1.0842021724855044e-19,-6.0999963048646855e-05,0.0,0.0,9.8555,0.0,0.0,1.0,0.0,0.0,0.0,0.0,0.0,0.0,0.0,0.0
15.0812,0.9999993942395504,-0.001098999334269266,-1.0842021724855044e-19,-6.0999963048646855e-05,0.0,0.0,9.8125,0.0,0.0,1.0,0.0,0.0,0.0,0.0,0.0,0.0,0.0,0.0
15.1013,0.9999993253401829,-0.0011599992173946122,-2.168404344971009e-19,-6.099995884578657e-05,0.0,0.0,9.809,0.0,0.0,1.0,0.0,0.0,0.0,0.0,0.0,0.0,0.0,0.0
15.1213,0.9999993253401829,-0.001159999217394612,6.09999588457509e-05,0.0,0.0,0.0,9.7774,0.0,0.0,1.0,0.0,0.0,0.0,0.0,0.0,0.0,0.0,0.0
15.1414,0.9999993923790539,-0.0010989993322245803,6.099996293512201e-05,-6.0999962935126564e-05,0.0,0.0,9.8164,0.0,0.0,1.0,0.0,0.0,0.0,0.0,0.0,0.0,0.0,0.0
15.1615,0.9999993234796866,-0.0011599992152364366,6.099995873226064e-05,-6.0999958732321786e-05,0.0,0.0,9.8048,0.0,0.0,1.0,0.0,0.0,0.0,0.0,0.0,0.0,0.0,0.0
15.1815,0.9999993234796866,-0.0011599992152364366,6.099995873226064e-05,-6.0999958732321786e-05,0.0,0.0,9.8477,0.0,0.0,1.0,0.0,0.0,0.0,0.0,0.0,0.0,0.0,0.0
15.2016,0.9999993234796866,-0.0011599992152364366,6.099995873226064e-05,-6.0999958732321786e-05,0.0,0.0,9.8164,0.0,0.0,1.0,0.0,0.0,0.0,0.0,0.0,0.0,0.0,0.0
15.2217,0.9999993234796866,-0.0011599992152364366,6.099995873226064e-05,-6.0999958732321786e-05,0.0,0.0,9.8164,0.0,0.0,1.0,0.0,0.0,0.0,0.0,0.0,0.0,0.0,0.0
15.2417,0.9999993234796866,-0.0011599992152364366,6.099995873226064e-05,-6.0999958732321786e-05,0.0,0.0,9.8125,0.0,0.0,1.0,0.0,0.0,0.0,0.0,0.0,0.0,0.0,0.0
15.2618,0.9999993253401829,-0.001159999217394612,6.09999588457509e-05,0.0,0.0,0.0,9.8126,0.0,0.0,1.0,0.0,0.0,0.0,0.0,0.0,0.0,0.0,0.0
15.2819,0.9999993253401829,-0.001159999217394612,6.09999588457509e-05,0.0,0.0,0.0,9.8164,0.0,0.0,1.0,0.0,0.0,0.0,0.0,0.0,0.0,0.0,0.0
15.302,0.9999993253401829,-0.001159999217394612,6.09999588457509e-05,0.0,0.0,0.0,9.8164,0.0,0.0,1.0,0.0,0.0,0.0,0.0,0.0,0.0,0.0,0.0
15.322,0.9999993234796866,-0.0011599992152364366,6.099995873226064e-05,-6.0999958732321786e-05,0.0,0.0,9.7735,0.0,0.0,1.0,0.0,0.0,0.0,0.0,0.0,0.0,0.0,0.0
15.3421,0.9999993253401829,-0.001159999217394612,6.09999588457509e-05,0.0,0.0,0.0,9.8164,0.0,0.0,1.0,0.0,0.0,0.0,0.0,0.0,0.0,0.0,0.0
15.3622,0.9999993197586942,-0.001159999210920085,0.00012199991701056051,0.0,0.0,0.0,9.8087,0.0,0.0,1.0,0.0,0.0,0.0,0.0,0.0,0.0,0.0,0.0
15.3822,0.9999993197586942,-0.001159999210920085,0.00012199991701056051,0.0,0.0,0.0,9.8087,0.0,0.0,1.0,0.0,0.0,0.0,0.0,0.0,0.0,0.0,0.0
15.4023,0.9999993197586942,-0.001159999210920085,0.00012199991701056051,0.0,0.0,0.0,9.8125,0.0,0.0,1.0,0.0,0.0,0.0,0.0,0.0,0.0,0.0,0.0
15.4224,0.9999993886580607,-0.001098999328135209,0.00012199992541628334,0.0,0.0,0.0,9.7735,0.0,0.0,1.0,0.0,0.0,0.0,0.0,0.0,0.0,0.0,0.0
15.4424,0.9999993867975641,-0.0010989993260905229,0.00012199992518930269,-6.099996259462115e-05,0.0,0.0,9.7735,0.0,0.0,1.0,0.0,0.0,0.0,0.0,0.0,0.0,0.0,0.0
15.4625,0.9999993867975641,-0.0010989993260905229,0.00012199992518930269,-6.099996259462115e-05,0.0,0.0,9.7735,0.0,0.0,1.0,0.0,0.0,0.0,0.0,0.0,0.0,0.0,0.0
15.4826,0.9999993867975641,-0.0010989993260905229,0.00012199992518930269,-6.099996259462115e-05,0.0,0.0,9.8087,0.0,0.0,1.0,0.0,0.0,0.0,0.0,0.0,0.0,0.0,0.0
15.5026,0.9999993867975641,-0.0010989993260905229,0.00012199992518930269,-6.099996259462115e-05,0.0,0.0,9.8164,0.0,0.0,1.0,0.0,0.0,0.0,0.0,0.0,0.0,0.0,0.0
15.5227,0.9999993886580607,-0.001098999328135209,0.00012199992541628334,0.0,0.0,0.0,9.8477,0.0,0.0,1.0,0.0,0.0,0.0,0.0,0.0,0.0,0.0,0.0
15.5428,0.9999993886580607,-0.001098999328135209,0.00012199992541628334,0.0,0.0,0.0,9.7658,0.0,0.0,1.0,0.0,0.0,0.0,0.0,0.0,0.0,0.0,0.0
15.5628,0.9999993886580607,-0.001098999328135209,0.00012199992541628334,0.0,0.0,0.0,9.7774,0.0,0.0,1.0,0.0,0.0,0.0,0.0,0.0,0.0,0.0,0.0
15.5829,0.9999993942395504,-0.001098999334269266,6.0999963048612485e-05,0.0,0.0,0.0,9.8165,0.0,0.0,1.0,0.0,0.0,0.0,0.0,0.0,0.0,0.0,0.0
15.603,0.9999993942395504,-0.001098999334269266,6.0999963048612485e-05,0.0,0.0,0.0,9.8483,0.0,0.0,1.0,0.0,0.0,0.0,0.0,0.0,0.0,0.0,0.0
15.623,0.9999993942395504,-0.001098999334269266,6.0999963048612485e-05,0.0,0.0,0.0,9.8477,0.0,0.0,1.0,0.0,0.0,0.0,0.0,0.0,0.0,0.0,0.0
15.6431,0.9999994594179384,-0.0010379994388758202,6.099996702449407e-05,0.0,0.0,0.0,9.8169,0.0,0.0,1.0,0.0,0.0,0.0,0.0,0.0,0.0,0.0,0.0
15.6632,0.9999994594179384,-0.0010379994388758202,6.099996702449407e-05,0.0,0.0,0.0,9.7697,0.0,0.0,1.0,0.0,0.0,0.0,0.0,0.0,0.0,0.0,0.0
15.6832,0.9999994594179384,-0.0010379994388758202,6.099996702449407e-05,0.0,0.0,0.0,9.8048,0.0,0.0,1.0,0.0,0.0,0.0,0.0,0.0,0.0,0.0,0.0
15.7033,0.9999994612784353,-0.001037999440807016,-1.0842021724855044e-19,0.0,0.0,0.0,9.8556,0.0,0.0,1.0,0.0,0.0,0.0,0.0,0.0,0.0,0.0,0.0
15.7234,0.9999994612784353,-0.001037999440807016,-1.0842021724855044e-19,0.0,0.0,0.0,9.8125,0.0,0.0,1.0,0.0,0.0,0.0,0.0,0.0,0.0,0.0,0.0
15.7434,0.9999994612784353,-0.001037999440807016,-1.0842021724855044e-19,0.0,0.0,0.0,9.8048,0.0,0.0,1.0,0.0,0.0,0.0,0.0,0.0,0.0,0.0,0.0
15.7635,0.9999994612784353,-0.001037999440807016,-1.0842021724855044e-19,0.0,0.0,0.0,9.8165,0.0,0.0,1.0,0.0,0.0,0.0,0.0,0.0,0.0,0.0,0.0
15.7836,0.9999994612784353,-0.001037999440807016,-1.0842021724855044e-19,0.0,0.0,0.0,9.7774,0.0,0.0,1.0,0.0,0.0,0.0,0.0,0.0,0.0,0.0,0.0
15.8037,0.9999994612784353,-0.001037999440807016,-1.0842021724855044e-19,0.0,0.0,0.0,9.7775,0.0,0.0,1.0,0.0,0.0,0.0,0.0,0.0,0.0,0.0,0.0
15.8238,0.9999994612784353,-0.001037999440807016,-1.0842021724855044e-19,0.0,0.0,0.0,9.8555,0.0,0.0,1.0,0.0,0.0,0.0,0.0,0.0,0.0,0.0,0.0
15.8439,0.9999994612784353,-0.001037999440807016,-1.0842021724855044e-19,0.0,0.0,0.0,9.8048,0.0,0.0,1.0,0.0,0.0,0.0,0.0,0.0,0.0,0.0,0.0
15.864,0.9999994612784353,-0.001037999440807016,-1.0842021724855044e-19,0.0,0.0,0.0,9.8089,0.0,0.0,1.0,0.0,0.0,0.0,0.0,0.0,0.0,0.0,0.0
15.8841,0.9999994612784353,-0.001037999440807016,-1.0842021724855044e-19,0.0,0.0,0.0,9.8048,0.0,0.0,1.0,0.0,0.0,0.0,0.0,0.0,0.0,0.0,0.0
15.9042,0.9999994612784353,-0.001037999440807016,-1.0842021724855044e-19,0.0,0.0,0.0,9.8125,0.0,0.0,1.0,0.0,0.0,0.0,0.0,0.0,0.0,0.0,0.0
15.9243,0.9999994612784353,-0.001037999440807016,-1.0842021724855044e-19,0.0,0.0,0.0,9.8166,0.0,0.0,1.0,0.0,0.0,0.0,0.0,0.0,0.0,0.0,0.0
15.9443,0.9999994612784353,-0.001037999440807016,-1.0842021724855044e-19,0.0,0.0,0.0,9.8048,0.0,0.0,1.0,0.0,0.0,0.0,0.0,0.0,0.0,0.0,0.0
15.9644,0.9999994612784353,-0.001037999440807016,-1.0842021724855044e-19,0.0,0.0,0.0,9.7735,0.0,0.0,1.0,0.0,0.0,0.0,0.0,0.0,0.0,0.0,0.0
15.9845,0.9999994612784353,-0.001037999440807016,-1.0842021724855044e-19,0.0,0.0,0.0,9.8477,0.0,0.0,1.0,0.0,0.0,0.0,0.0,0.0,0.0,0.0,0.0
16.0046,0.9999994594179384,-0.0010379994388758202,-2.168404344971009e-19,-6.099996702441102e-05,0.0,0.0,9.8089,0.0,0.0,1.0,0.0,0.0,0.0,0.0,0.0,0.0,0.0,0.0
16.0246,0.9999994594179384,-0.0010379994388758202,-2.168404344971009e-19,-6.099996702441102e-05,0.0,0.0,9.8478,0.0,0.0,1.0,0.0,0.0,0.0,0.0,0.0,0.0,0.0,0.0
16.0447,0.9999994594179384,-0.0010379994388758202,-2.168404344971009e-19,-6.099996702441102e-05,0.0,0.0,9.7775,0.0,0.0,1.0,0.0,0.0,0.0,0.0,0.0,0.0,0.0,0.0
16.0648,0.9999994594179384,-0.0010379994388758202,-2.168404344971009e-19,-6.099996702441102e-05,0.0,0.0,9.8165,0.0,0.0,1.0,0.0,0.0,0.0,0.0,0.0,0.0,0.0,0.0
16.0848,0.9999994575574415,-0.0010379994369446243,-6.099996691100402e-05,-6.0999966911112764e-05,0.0,0.0,9.844,0.0,0.0,1.0,0.0,0.0,0.0,0.0,0.0,0.0,0.0,0.0
16.1049,0.9999994575574415,-0.0010379994369446243,-6.099996691100402e-05,-6.0999966911112764e-05,0.0,0.0,9.8048,0.0,0.0,1.0,0.0,0.0,0.0,0.0,0.0,0.0,0.0,0.0
16.125,0.9999994575574415,-0.0010379994369446243,-6.099996691100402e-05,-6.0999966911112764e-05,0.0,0.0,9.8087,0.0,0.0,1.0,0.0,0.0,0.0,0.0,0.0,0.0,0.0,0.0
16.145,0.9999994594179384,-0.0010379994388758202,-6.09999670244945e-05,0.0,0.0,0.0,9.7735,0.0,0.0,1.0,0.0,0.0,0.0,0.0,0.0,0.0,0.0,0.0
16.1651,0.9999994594179384,-0.0010379994388758202,-6.09999670244945e-05,0.0,0.0,0.0,9.8477,0.0,0.0,1.0,0.0,0.0,0.0,0.0,0.0,0.0,0.0,0.0
16.1852,0.9999994594179384,-0.0010379994388758202,-6.09999670244945e-05,0.0,0.0,0.0,9.7697,0.0,0.0,1.0,0.0,0.0,0.0,0.0,0.0,0.0,0.0,0.0
16.2052,0.9999994594179384,-0.0010379994388758202,-6.09999670244945e-05,0.0,0.0,0.0,9.7698,0.0,0.0,1.0,0.0,0.0,0.0,0.0,0.0,0.0,0.0,0.0
16.2253,0.9999994594179384,-0.0010379994388758202,-6.09999670244945e-05,0.0,0.0,0.0,9.8165,0.0,0.0,1.0,0.0,0.0,0.0,0.0,0.0,0.0,0.0,0.0
16.2454,0.9999994594179384,-0.0010379994388758202,-6.09999670244945e-05,0.0,0.0,0.0,9.8089,0.0,0.0,1.0,0.0,0.0,0.0,0.0,0.0,0.0,0.0,0.0
16.2655,0.9999994538364474,-0.0010379994330822321,-0.00012199993336804675,0.0,0.0,0.0,9.8092,0.0,0.0,1.0,0.0,0.0,0.0,0.0,0.0,0.0,0.0,0.0
16.2855,0.9999994538364474,-0.0010379994330822321,-0.00012199993336804675,0.0,0.0,0.0,9.7697,0.0,0.0,1.0,0.0,0.0,0.0,0.0,0.0,0.0,0.0,0.0
16.3056,0.9999994538364474,-0.0010379994330822321,-0.00012199993336804675,0.0,0.0,0.0,9.7698,0.0,0.0,1.0,0.0,0.0,0.0,0.0,0.0,0.0,0.0,0.0
16.3257,0.9999994538364474,-0.0010379994330822321,-0.00012199993336804675,0.0,0.0,0.0,9.8165,0.0,0.0,1.0,0.0,0.0,0.0,0.0,0.0,0.0,0.0,0.0
16.3457,0.9999995152938524,-0.0009769995264420938,-0.00012199994086585016,0.0,0.0,0.0,9.8091,0.0,0.0,1.0,0.0,0.0,0.0,0.0,0.0,0.0,0.0,0.0
16.3658,0.9999995152938524,-0.0009769995264420938,-0.00012199994086585016,0.0,0.0,0.0,9.8125,0.0,0.0,1.0,0.0,0.0,0.0,0.0,0.0,0.0,0.0,0.0
16.3859,0.9999995152938524,-0.0009769995264420938,-0.00012199994086585016,0.0,0.0,0.0,9.7775,0.0,0.0,1.0,0.0,0.0,0.0,0.0,0.0,0.0,0.0,0.0
16.4059,0.9999995059913661,-0.000976999517353565,-0.00018299990959642017,0.0,0.0,0.0,9.805,0.0,0.0,1.0,0.0,0.0,0.0,0.0,0.0,0.0,0.0,0.0
16.426,0.9999995059913661,-0.000976999517353565,-0.00018299990959642017,0.0,0.0,0.0,9.7697,0.0,0.0,1.0,0.0,0.0,0.0,0.0,0.0,0.0,0.0,0.0
16.4461,0.9999995059913661,-0.000976999517353565,-0.00018299990959642017,0.0,0.0,0.0,9.8048,0.0,0.0,1.0,0.0,0.0,0.0,0.0,0.0,0.0,0.0,0.0
16.4661,0.9999995059913661,-0.000976999517353565,-0.00018299990959642017,0.0,0.0,0.0,9.8439,0.0,0.0,1.0,0.0,0.0,0.0,0.0,0.0,0.0,0.0,0.0
16.4862,0.9999994315104849,-0.0010379994099078834,-0.0002439998612885585,0.0,0.0,0.0,9.792,0.0,0.0,1.0,0.0,0.0,0.0,0.0,0.0,0.0,0.0,0.0
16.5063,0.9999994315104849,-0.0010379994099078834,-0.0002439998612885585,0.0,0.0,0.0,10.1736,0.0,0.0,1.0,0.0,0.0,0.0,0.0,0.0,0.0,0.0,0.0
16.5263,0.9999995059913661,-0.000976999517353565,-0.00018299990959642017,0.0,0.0,0.0,10.0635,0.0,0.0,1.0,0.0,0.0,0.0,0.0,0.0,0.0,0.0,0.0
16.5464,0.9999994315104849,-0.0010379994099078834,0.00024399986128855822,0.0,0.0,0.0,9.7073,0.0,0.0,1.0,0.0,0.0,0.0,0.0,0.0,0.0,0.0,0.0
16.5665,0.9999995059913661,-0.000976999517353565,0.00018299990959641985,0.0,0.0,0.0,9.926,0.0,0.0,1.0,0.0,0.0,0.0,0.0,0.0,0.0,0.0,0.0
16.5865,0.9999995730302735,-0.0009159996088957307,0.00012199994790969336,0.0,0.0,0.0,9.8478,0.0,0.0,1.0,0.0,0.0,0.0,0.0,0.0,0.0,0.0,0.0
16.6066,0.9999995786117664,-0.000915999614008378,-6.0999974295317984e-05,0.0,0.0,0.0,9.8092,0.0,0.0,1.0,0.0,0.0,0.0,0.0,0.0,0.0,0.0,0.0
16.6267,0.9999993943005504,-0.0010379993712839716,-0.00036599977831400156,0.0,0.0,0.0,9.6563,0.0,0.0,1.0,0.0,0.0,0.0,0.0,0.0,0.0,0.0,0.0
16.6468,0.9999992976157401,-0.0009769993137705778,-0.0006709995287001618,0.0,0.0,0.0,9.7828,0.0,0.0,1.0,0.0,0.0,0.0,0.0,0.0,0.0,0.0,0.0
16.6668,0.9999992660483081,-0.0009159993277002502,-0.0007929994179763086,0.0,0.0,0.0,9.7739,0.0,0.0,1.0,0.0,0.0,0.0,0.0,0.0,0.0,0.0,0.0
16.6869,0.9999993209181918,-0.0008539994200641356,-0.000792999461488126,0.0,0.0,0.0,9.8477,0.0,0.0,1.0,0.0,0.0,0.0,0.0,0.0,0.0,0.0,0.0
16.707,0.9999993209181918,-0.0008539994200641356,-0.000792999461488126,0.0,0.0,0.0,9.1619,0.0,0.0,1.0,0.0,0.0,0.0,0.0,0.0,0.0,0.0,0.0
16.7271,0.999999696738638,-0.0005489998335095123,-0.0005489998335095123,6.09999815009421e-05,0.0,0.0,10.1471,0.0,0.0,1.0,0.0,0.0,0.0,0.0,0.0,0.0,0.0,0.0
16.7472,0.9999996948781397,-0.00048799985110053204,-0.0006099998138756653,0.0,0.0,0.0,9.8989,0.0,0.0,1.0,0.0,0.0,0.0,0.0,0.0,0.0,0.0,0.0
16.7672,0.9999996855756483,-0.0003049999041005726,-0.0007319997698413747,0.0,0.0,0.0,9.7825,0.0,0.0,1.0,0.0,0.0,0.0,0.0,0.0,0.0,0.0,0.0
16.7874,0.9999996185977182,-0.00036599986040676476,-0.0007929996975479908,0.0,0.0,0.0,9.8129,0.0,0.0,1.0,0.0,0.0,0.0,0.0,0.0,0.0,0.0,0.0
16.8075,0.9999994893078913,-0.00042699978193446944,-0.0009159995322060286,0.0,0.0,0.0,9.847,0.0,0.0,1.0,0.0,0.0,0.0,0.0,0.0,0.0,0.0,0.0
16.8275,0.9999994595399382,-0.0004879997362554897,-0.0009159995049385835,-6.099996703190502e-05,0.0,0.0,9.8813,0.0,0.0,1.0,0.0,0.0,0.0,0.0,0.0,0.0,0.0,0.0
16.8476,0.9999995590617917,-0.00048799978482215423,-0.0007929996503360007,-0.00012199994620554211,0.0,0.0,9.7721,0.0,0.0,1.0,0.0,0.0,0.0,0.0,0.0,0.0,0.0,0.0
16.8677,0.9999996762731572,-0.00042699986176863807,-0.0006709997827792887,-0.0001219999605053812,0.0,0.0,9.818,0.0,0.0,1.0,0.0,0.0,0.0,0.0,0.0,0.0,0.0,0.0
16.8878,0.9999996390631954,-0.00042699984587998445,-0.0007319997357942593,-6.09999779829229e-05,0.0,0.0,9.8131,0.0,0.0,1.0,0.0,0.0,0.0,0.0,0.0,0.0,0.0,0.0
16.9079,0.9999995925507491,-0.00042699982601916963,-0.000792999676892744,-6.099997514563693e-05,0.0,0.0,9.8048,0.0,0.0,1.0,0.0,0.0,0.0,0.0,0.0,0.0,0.0,0.0
16.928,0.9999996334817015,-0.0004269998434966864,-0.0007319997317086057,-0.00012199995528477947,0.0,0.0,9.8557,0.0,0.0,1.0,0.0,0.0,0.0,0.0,0.0,0.0,0.0,0.0
16.9481,0.999999586969256,-0.00042699982363587213,-0.0007929996724666198,-0.00012199994961020755,0.0,0.0,9.7735,0.0,0.0,1.0,0.0,0.0,0.0,0.0,0.0,0.0,0.0,0.0
16.9681,0.999999536735822,-0.0004269998021861959,-0.0008539996043723921,-0.00012199994348177645,0.0,0.0,9.8562,0.0,0.0,1.0,0.0,0.0,0.0,0.0,0.0,0.0,0.0,0.0
16.9882,0.9999994771999101,-0.0005489997129827506,-0.0008539995535287234,-0.00012199993621836436,0.0,0.0,9.731,0.0,0.0,1.0,0.0,0.0,0.0,0.0,0.0,0.0,0.0,0.0
17.0083,0.9999994418504674,-0.000609999659528785,-0.0008539995233402993,-0.00012199993190575853,0.0,0.0,9.7735,0.0,0.0,1.0,0.0,0.0,0.0,0.0,0.0,0.0,0.0,0.0
17.0284,0.999999527433335,-0.0005489997405609007,-0.0007929996252546348,-0.00012199994234679545,0.0,0.0,9.969,0.0,0.0,1.0,0.0,0.0,0.0,0.0,0.0,0.0,0.0,0.0
17.0485,0.9999994920838869,-0.0006099996901711709,-0.0007929995972225225,-0.00012199993803424514,0.0,0.0,10.1135,0.0,0.0,1.0,0.0,0.0,0.0,0.0,0.0,0.0,0.0,0.0
17.0686,0.9999994827814013,-0.0005489997160469892,-0.0008539995582953168,-6.0999968449604314e-05,0.0,0.0,9.6696,0.0,0.0,1.0,0.0,0.0,0.0,0.0,0.0,0.0,0.0,0.0
17.0887,0.9999993925620535,-0.0006099996294628527,-0.0009159994435868414,-6.09999629462843e-05,0.0,0.0,9.6532,0.0,0.0,1.0,0.0,0.0,0.0,0.0,0.0,0.0,0.0,0.0
17.1088,0.9999994083615251,-0.0006709996030105833,-0.0008539994947407427,-6.09999639100689e-05,0.0,0.0,9.926,0.0,0.0,1.0,0.0,0.0,0.0,0.0,0.0,0.0,0.0,0.0
17.1289,0.9999994976653785,-0.0006099996935758807,-0.0007929996016486453,-6.09999693575447e-05,0.0,0.0,9.8165,0.0,0.0,1.0,0.0,0.0,0.0,0.0,0.0,0.0,0.0,0.0
17.149,0.9999995051073675,-0.0006709996679270437,-0.0007319996377385932,-6.0999969811514905e-05,0.0,0.0,9.7658,0.0,0.0,1.0,0.0,0.0,0.0,0.0,0.0,0.0,0.0,0.0
17.1691,0.9999995069678647,-0.000731999639100477,-0.0006709996691754375,0.0,0.0,0.0,9.8087,0.0,0.0,1.0,0.0,0.0,0.0,0.0,0.0,0.0,0.0,0.0
17.1892,0.9999995441778117,-0.0007319996663381581,-0.0006099997219484653,-6.099997219488618e-05,0.0,0.0,9.7697,0.0,0.0,1.0,0.0,0.0,0.0,0.0,0.0,0.0,0.0,0.0
17.2093,0.999999622318714,-0.000670999746575857,-0.0005489997926529742,-6.099997696135118e-05,0.0,0.0,9.778,0.0,0.0,1.0,0.0,0.0,0.0,0.0,0.0,0.0,0.0,0.0
17.2294,0.9999996930176414,-0.000609999812740761,-0.00048799985019260905,-6.099998127412354e-05,0.0,0.0,9.7912,0.0,0.0,1.0,0.0,0.0,0.0,0.0,0.0,0.0,0.0,0.0
17.2495,0.9999996948781397,-0.0006099998138756651,-0.0004879998511005322,0.0,0.0,0.0,9.7776,0.0,0.0,1.0,0.0,0.0,0.0,0.0,0.0,0.0,0.0,0.0
17.2696,0.9999995348753246,-0.000792999631156132,-0.0005489997446465531,0.0,0.0,0.0,9.8803,0.0,0.0,1.0,0.0,0.0,0.0,0.0,0.0,0.0,0.0,0.0
17.2896,0.9999994827814013,-0.0008539995582953167,-0.0005489997160469895,-6.0999968449604314e-05,0.0,0.0,9.8833,0.0,0.0,1.0,0.0,0.0,0.0,0.0,0.0,0.0,0.0,0.0
17.3097,0.9999995423173142,-0.0008539996091389864,-0.0004269998045694933,-6.099997208136587e-05,0.0,0.0,9.7666,0.0,0.0,1.0,0.0,0.0,0.0,0.0,0.0,0.0,0.0,0.0
17.3298,0.9999995646432844,-0.0007929996547621244,-0.00048799978754592287,-6.0999973443276456e-05,0.0,0.0,9.8917,0.0,0.0,1.0,0.0,0.0,0.0,0.0,0.0,0.0,0.0,0.0
17.3499,0.9999995646432844,-0.0007929996547621244,-0.00048799978754592287,-6.0999973443276456e-05,0.0,0.0,9.7783,0.0,0.0,1.0,0.0,0.0,0.0,0.0,0.0,0.0,0.0,0.0
17.37,0.9999995925507491,-0.0007929996768927439,-0.0004269998260191699,-6.099997514563693e-05,0.0,0.0,9.852,0.0,0.0,1.0,0.0,0.0,0.0,0.0,0.0,0.0,0.0,0.0
17.3901,0.9999996111557269,-0.0007929996916464913,-0.0003659998576829961,-0.00012199995256106932,0.0,0.0,9.7284,0.0,0.0,1.0,0.0,0.0,0.0,0.0,0.0,0.0,0.0,0.0
17.4102,0.9999995925507491,-0.0007929996768927439,-0.0004269998260191699,-6.099997514563693e-05,0.0,0.0,9.891,0.0,0.0,1.0,0.0,0.0,0.0,0.0,0.0,0.0,0.0,0.0
17.4303,0.9999996111557269,-0.000731999715365992,-0.00048799981024399476,-6.099997628050691e-05,0.0,0.0,9.7742,0.0,0.0,1.0,0.0,0.0,0.0,0.0,0.0,0.0,0.0,0.0
17.4504,0.999999527433335,-0.0007929996252546346,-0.0005489997405609009,-0.00012199994234679545,0.0,0.0,9.8869,0.0,0.0,1.0,0.0,0.0,0.0,0.0,0.0,0.0,0.0,0.0
17.4704,0.999999527433335,-0.0007929996252546346,-0.0005489997405609009,-0.00012199994234679545,0.0,0.0,9.8869,0.0,0.0,1.0,0.0,0.0,0.0,0.0,0.0,0.0,0.0,0.0
17.4905,0.9999995739457723,-0.0007319996881283053,-0.0005489997660962291,-0.0001219999480214784,0.0,0.0,9.8209,0.0,0.0,1.0,0.0,0.0,0.0,0.0,0.0,0.0,0.0,0.0
17.5106,0.9999995590617917,-0.0007929996503360006,-0.00048799978482215423,-0.00012199994620554211,0.0,0.0,9.7306,0.0,0.0,1.0,0.0,0.0,0.0,0.0,0.0,0.0,0.0,0.0
17.5307,0.999999536735822,-0.000853999604372392,-0.0004269998021861962,-0.00012199994348177645,0.0,0.0,9.8051,0.0,0.0,1.0,0.0,0.0,0.0,0.0,0.0,0.0,0.0,0.0
17.5508,0.9999994818659027,-0.0009159995253891668,-0.00042699977875674063,-0.00012199993678757572,0.0,0.0,9.8098,0.0,0.0,1.0,0.0,0.0,0.0,0.0,0.0,0.0,0.0,0.0
17.5709,0.9999995609222893,-0.0008539996250276352,-0.0003659998392975581,-0.00012199994643247171,0.0,0.0,9.8164,0.0,0.0,1.0,0.0,0.0,0.0,0.0,0.0,0.0,0.0,0.0
17.591,0.999999536735822,-0.000853999604372392,-0.0004269998021861962,-0.00012199994348177645,0.0,0.0,9.7779,0.0,0.0,1.0,0.0,0.0,0.0,0.0,0.0,0.0,0.0,0.0
17.6111,0.999999536735822,-0.000853999604372392,-0.0004269998021861962,-0.00012199994348177645,0.0,0.0,9.8129,0.0,0.0,1.0,0.0,0.0,0.0,0.0,0.0,0.0,0.0,0.0
17.6312,0.999999536735822,-0.000853999604372392,-0.0004269998021861962,-0.00012199994348177645,0.0,0.0,9.8164,0.0,0.0,1.0,0.0,0.0,0.0,0.0,0.0,0.0,0.0,0.0
17.6513,0.9999995609222893,-0.0008539996250276352,-0.0003659998392975581,-0.00012199994643247171,0.0,0.0,9.7698,0.0,0.0,1.0,0.0,0.0,0.0,0.0,0.0,0.0,0.0,0.0
17.6714,0.9999995060523661,-0.0009159995475439673,-0.0003659998192151661,-0.00012199993973843748,0.0,0.0,9.8052,0.0,0.0,1.0,0.0,0.0,0.0,0.0,0.0,0.0,0.0,0.0
17.6915,0.9999995060523661,-0.0009159995475439673,-0.0003659998192151661,-0.00012199993973843748,0.0,0.0,9.8087,0.0,0.0,1.0,0.0,0.0,0.0,0.0,0.0,0.0,0.0,0.0
17.7116,0.9999994818659027,-0.0009159995253891668,-0.00042699977875674063,-0.00012199993678757572,0.0,0.0,9.8125,0.0,0.0,1.0,0.0,0.0,0.0,0.0,0.0,0.0,0.0,0.0
17.7316,0.999999536735822,-0.000853999604372392,-0.0004269998021861962,-0.00012199994348177645,0.0,0.0,9.7739,0.0,0.0,1.0,0.0,0.0,0.0,0.0,0.0,0.0,0.0,0.0
17.7517,0.9999995423173142,-0.0008539996091389864,-0.0004269998045694933,-6.099997208136587e-05,0.0,0.0,9.7776,0.0,0.0,1.0,0.0,0.0,0.0,0.0,0.0,0.0,0.0,0.0
17.7718,0.9999994874473941,-0.000915999530501813,-0.00042699978114003743,-6.09999687342655e-05,0.0,0.0,9.8442,0.0,0.0,1.0,0.0,0.0,0.0,0.0,0.0,0.0,0.0,0.0
17.7919,0.9999994874473941,-0.000915999530501813,-0.00042699978114003743,-6.09999687342655e-05,0.0,0.0,9.8048,0.0,0.0,1.0,0.0,0.0,0.0,0.0,0.0,0.0,0.0,0.0
17.812,0.9999994874473941,-0.000915999530501813,-0.00042699978114003743,-6.09999687342655e-05,0.0,0.0,9.7735,0.0,0.0,1.0,0.0,0.0,0.0,0.0,0.0,0.0,0.0,0.0
17.8321,0.9999995116338578,-0.0009159995526566139,-0.00036599982125799216,-6.0999970209696386e-05,0.0,0.0,9.7345,0.0,0.0,1.0,0.0,0.0,0.0,0.0,0.0,0.0,0.0,0.0
17.8522,0.9999995116338578,-0.0009159995526566139,-0.00036599982125799216,-6.0999970209696386e-05,0.0,0.0,9.7698,0.0,0.0,1.0,0.0,0.0,0.0,0.0,0.0,0.0,0.0,0.0
17.8723,0.9999994538974475,-0.0009769994664578063,-0.0003659998001264659,-6.0999966687791396e-05,0.0,0.0,9.8125,0.0,0.0,1.0,0.0,0.0,0.0,0.0,0.0,0.0,0.0,0.0
17.8924,0.9999994818659027,-0.0009159995253891668,-0.00042699977875674063,-0.00012199993678757572,0.0,0.0,9.848,0.0,0.0,1.0,0.0,0.0,0.0,0.0,0.0,0.0,0.0,0.0
17.9125,0.9999995060523661,-0.0009159995475439673,-0.0003659998192151661,-0.00012199993973843748,0.0,0.0,9.7658,0.0,0.0,1.0,0.0,0.0,0.0,0.0,0.0,0.0,0.0,0.0
17.9326,0.9999995609222893,-0.0008539996250276352,-0.0003659998392975581,-0.00012199994643247171,0.0,0.0,9.8127,0.0,0.0,1.0,0.0,0.0,0.0,0.0,0.0,0.0,0.0,0.0
17.9527,0.9999995265178363,-0.0009159995662903381,-0.0003049998555879402,-0.00012199994223516253,0.0,0.0,9.8087,0.0,0.0,1.0,0.0,0.0,0.0,0.0,0.0,0.0,0.0,0.0
17.9728,0.9999995060523661,-0.0009159995475439673,-0.0003659998192151661,-0.00012199993973843748,0.0,0.0,9.6994,0.0,0.0,1.0,0.0,0.0,0.0,0.0,0.0,0.0,0.0,0.0
17.9929,0.9999995265178363,-0.0009159995662903381,-0.0003049998555879402,-0.00012199994223516253,0.0,0.0,9.8127,0.0,0.0,1.0,0.0,0.0,0.0,0.0,0.0,0.0,0.0,0.0
18.013,0.9999995060523661,-0.0009159995475439673,-0.0003659998192151661,-0.00012199993973843748,0.0,0.0,9.8125,0.0,0.0,1.0,0.0,0.0,0.0,0.0,0.0,0.0,0.0,0.0
18.0331,0.9999994241294975,-0.0009769994373745193,-0.00042699975410329566,-0.00012199992974382125,0.0,0.0,9.809,0.0,0.0,1.0,0.0,0.0,0.0,0.0,0.0,0.0,0.0,0.0
18.0532,0.9999994725634174,-0.0009159995168680902,-0.0004269997747845794,-0.00018299990347914186,0.0,0.0,9.8125,0.0,0.0,1.0,0.0,0.0,0.0,0.0,0.0,0.0,0.0,0.0
18.0733,0.9999994818659027,-0.0009159995253891668,-0.00042699977875674063,-0.00012199993678757572,0.0,0.0,9.7735,0.0,0.0,1.0,0.0,0.0,0.0,0.0,0.0,0.0,0.0,0.0
18.0934,0.9999994818659027,-0.0009159995253891668,-0.00042699977875674063,-0.00012199993678757572,0.0,0.0,9.7735,0.0,0.0,1.0,0.0,0.0,0.0,0.0,0.0,0.0,0.0,0.0
18.1135,0.99999949674988,-0.00091599953902289,-0.00036599981581045623,-0.0001829999079053235,0.0,0.0,9.8479,0.0,0.0,1.0,0.0,0.0,0.0,0.0,0.0,0.0,0.0,0.0
18.1336,0.99999949674988,-0.00091599953902289,-0.00036599981581045623,-0.0001829999079053235,0.0,0.0,9.8051,0.0,0.0,1.0,0.0,0.0,0.0,0.0,0.0,0.0,0.0,0.0
18.1537,0.9999995060523661,-0.0009159995475439673,-0.0003659998192151661,-0.00012199993973843748,0.0,0.0,9.7774,0.0,0.0,1.0,0.0,0.0,0.0,0.0,0.0,0.0,0.0,0.0
18.1738,0.9999995609222893,-0.0008539996250276352,-0.0003659998392975581,-0.00012199994643247171,0.0,0.0,9.8518,0.0,0.0,1.0,0.0,0.0,0.0,0.0,0.0,0.0,0.0,0.0
18.1938,0.9999995813877629,-0.0008539996425051496,-0.0003049998723232679,-0.00012199994892930777,0.0,0.0,9.7735,0.0,0.0,1.0,0.0,0.0,0.0,0.0,0.0,0.0,0.0,0.0
18.2139,0.9999995720852747,-0.0008539996345608245,-0.0003049998694860089,-0.00018299992169162893,0.0,0.0,9.8087,0.0,0.0,1.0,0.0,0.0,0.0,0.0,0.0,0.0,0.0,0.0
18.234,0.9999995172153496,-0.0009159995577692604,-0.0003049998527506817,-0.00018299991165038334,0.0,0.0,9.8478,0.0,0.0,1.0,0.0,0.0,0.0,0.0,0.0,0.0,0.0,0.0
18.2541,0.9999995172153496,-0.0009159995577692604,-0.0003049998527506817,-0.00018299991165038334,0.0,0.0,9.7662,0.0,0.0,1.0,0.0,0.0,0.0,0.0,0.0,0.0,0.0,0.0
18.2742,0.9999995720852747,-0.0008539996345608245,-0.0003049998694860089,-0.00018299992169162893,0.0,0.0,9.7774,0.0,0.0,1.0,0.0,0.0,0.0,0.0,0.0,0.0,0.0,0.0
18.2942,0.999999622318714,-0.0007929997004987401,-0.0003049998848072079,-0.0001829999308843866,0.0,0.0,9.7776,0.0,0.0,1.0,0.0,0.0,0.0,0.0,0.0,0.0,0.0,0.0
18.3143,0.999999622318714,-0.0007929997004987401,-0.0003049998848072079,-0.0001829999308843866,0.0,0.0,9.8127,0.0,0.0,1.0,0.0,0.0,0.0,0.0,0.0,0.0,0.0,0.0
18.3344,0.999999609295229,-0.0007929996901711166,-0.000304999880835045,-0.00024399990466800192,0.0,0.0,9.809,0.0,0.0,1.0,0.0,0.0,0.0,0.0,0.0,0.0,0.0,0.0
18.3545,0.99999957580627,-0.0008539996377385546,-0.00024399989649673002,-0.000243999896496816,0.0,0.0,9.7698,0.0,0.0,1.0,0.0,0.0,0.0,0.0,0.0,0.0,0.0,0.0
18.3746,0.999999609295229,-0.0007929996901711166,-0.000304999880835045,-0.00024399990466800192,0.0,0.0,9.7775,0.0,0.0,1.0,0.0,0.0,0.0,0.0,0.0,0.0,0.0,0.0
18.3947,0.999999609295229,-0.0007929996901711166,-0.000304999880835045,-0.00024399990466800192,0.0,0.0,9.8165,0.0,0.0,1.0,0.0,0.0,0.0,0.0,0.0,0.0,0.0,0.0
18.4147,0.999999622318714,-0.0007929997004987401,-0.0003049998848072079,-0.0001829999308843866,0.0,0.0,9.8477,0.0,0.0,1.0,0.0,0.0,0.0,0.0,0.0,0.0,0.0,0.0
18.4348,0.9999995888297537,-0.0007929996739419946,-0.00036599984951169,-0.0002439998996744408,0.0,0.0,9.8164,0.0,0.0,1.0,0.0,0.0,0.0,0.0,0.0,0.0,0.0,0.0
18.4549,0.9999996018532378,-0.0007929996842696174,-0.00036599985427828515,-0.00018299992713921576,0.0,0.0,9.8164,0.0,0.0,1.0,0.0,0.0,0.0,0.0,0.0,0.0,0.0,0.0
18.475,0.9999996018532378,-0.0007929996842696174,-0.00036599985427828515,-0.00018299992713921576,0.0,0.0,9.8125,0.0,0.0,1.0,0.0,0.0,0.0,0.0,0.0,0.0,0.0,0.0
18.4951,0.9999996018532378,-0.0007929996842696174,-0.00036599985427828515,-0.00018299992713921576,0.0,0.0,9.7774,0.0,0.0,1.0,0.0,0.0,0.0,0.0,0.0,0.0,0.0,0.0
18.5152,0.999999622318714,-0.0007929997004987401,-0.0003049998848072079,-0.0001829999308843866,0.0,0.0,9.8164,0.0,0.0,1.0,0.0,0.0,0.0,0.0,0.0,0.0,0.0,0.0
18.5353,0.999999622318714,-0.0007929997004987401,-0.0003049998848072079,-0.0001829999308843866,0.0,0.0,9.8087,0.0,0.0,1.0,0.0,0.0,0.0,0.0,0.0,0.0,0.0,0.0
18.5554,0.9999996390631954,-0.000792999713777114,-0.00024399991193141995,-0.00018299993394854666,0.0,0.0,9.8477,0.0,0.0,1.0,0.0,0.0,0.0,0.0,0.0,0.0,0.0,0.0
18.5755,0.9999996390631954,-0.000792999713777114,-0.00024399991193141995,-0.00018299993394854666,0.0,0.0,9.7774,0.0,0.0,1.0,0.0,0.0,0.0,0.0,0.0,0.0,0.0,0.0
18.5955,0.9999996390631954,-0.000792999713777114,-0.00024399991193141995,-0.00018299993394854666,0.0,0.0,9.7735,0.0,0.0,1.0,0.0,0.0,0.0,0.0,0.0,0.0,0.0,0.0
18.6156,0.999999622318714,-0.0007929997004987401,-0.0003049998848072079,-0.0001829999308843866,0.0,0.0,9.8089,0.0,0.0,1.0,0.0,0.0,0.0,0.0,0.0,0.0,0.0,0.0
18.6357,0.9999996390631954,-0.000792999713777114,-0.00024399991193141995,-0.00018299993394854666,0.0,0.0,9.7306,0.0,0.0,1.0,0.0,0.0,0.0,0.0,0.0,0.0,0.0,0.0
18.6558,0.9999996390631954,-0.000792999713777114,-0.00024399991193141995,-0.00018299993394854666,0.0,0.0,9.8126,0.0,0.0,1.0,0.0,0.0,0.0,0.0,0.0,0.0,0.0,0.0
18.6759,0.9999996390631954,-0.000792999713777114,-0.00024399991193141995,-0.00018299993394854666,0.0,0.0,9.8125,0.0,0.0,1.0,0.0,0.0,0.0,0.0,0.0,0.0,0.0,0.0
18.696,0.9999996520866816,-0.0007929997241047385,-0.00018299993633186283,-0.0001829999363318624,0.0,0.0,9.7735,0.0,0.0,1.0,0.0,0.0,0.0,0.0,0.0,0.0,0.0,0.0
18.7161,0.9999996520866816,-0.0007929997241047385,-0.00018299993633186283,-0.0001829999363318624,0.0,0.0,9.7774,0.0,0.0,1.0,0.0,0.0,0.0,0.0,0.0,0.0,0.0,0.0
18.7362,0.9999996613891721,-0.0007929997314816134,-0.00018299993803421865,-0.0001219999586893894,0.0,0.0,9.8126,0.0,0.0,1.0,0.0,0.0,0.0,0.0,0.0,0.0,0.0,0.0
18.7563,0.9999996483656854,-0.0007929997211539884,-0.00024399991420122748,-0.00012199995710071573,0.0,0.0,9.7658,0.0,0.0,1.0,0.0,0.0,0.0,0.0,0.0,0.0,0.0,0.0
18.7764,0.9999996613891721,-0.0007929997314816134,-0.00018299993803421865,-0.0001219999586893894,0.0,0.0,9.8087,0.0,0.0,1.0,0.0,0.0,0.0,0.0,0.0,0.0,0.0,0.0
18.7965,0.9999996613891721,-0.0007929997314816134,-0.00018299993803421865,-0.0001219999586893894,0.0,0.0,9.8555,0.0,0.0,1.0,0.0,0.0,0.0,0.0,0.0,0.0,0.0,0.0
18.8165,0.999999707901628,-0.0007319997861839916,-0.00018299994654599804,-0.00012199996436412786,0.0,0.0,9.7774,0.0,0.0,1.0,0.0,0.0,0.0,0.0,0.0,0.0,0.0,0.0
18.8367,0.999999707901628,-0.0007319997861839916,-0.00018299994654599804,-0.00012199996436412786,0.0,0.0,9.7735,0.0,0.0,1.0,0.0,0.0,0.0,0.0,0.0,0.0,0.0,0.0
18.8568,0.999999707901628,-0.0007319997861839916,-0.00018299994654599804,-0.00012199996436412786,0.0,0.0,9.7735,0.0,0.0,1.0,0.0,0.0,0.0,0.0,0.0,0.0,0.0,0.0
18.8768,0.999999707901628,-0.0007319997861839916,-0.00018299994654599804,-0.00012199996436412786,0.0,0.0,9.7774,0.0,0.0,1.0,0.0,0.0,0.0,0.0,0.0,0.0,0.0,0.0
18.8969,0.999999707901628,-0.0007319997861839916,-0.00018299994654599804,-0.00012199996436412786,0.0,0.0,9.7697,0.0,0.0,1.0,0.0,0.0,0.0,0.0,0.0,0.0,0.0,0.0
18.9171,0.999999707901628,-0.0007319997861839916,-0.00018299994654599804,-0.00012199996436412786,0.0,0.0,9.8048,0.0,0.0,1.0,0.0,0.0,0.0,0.0,0.0,0.0,0.0,0.0
18.9372,0.9999997506930933,-0.0006709998327150657,-0.00018299995437683623,-0.00012199996958456305,0.0,0.0,9.8125,0.0,0.0,1.0,0.0,0.0,0.0,0.0,0.0,0.0,0.0,0.0
18.9573,0.9999997506930933,-0.0006709998327150657,-0.00018299995437683623,-0.00012199996958456305,0.0,0.0,9.8126,0.0,0.0,1.0,0.0,0.0,0.0,0.0,0.0,0.0,0.0,0.0
18.9774,0.9999997506930933,-0.0006709998327150657,-0.00018299995437683623,-0.00012199996958456305,0.0,0.0,9.8125,0.0,0.0,1.0,0.0,0.0,0.0,0.0,0.0,0.0,0.0,0.0
18.9975,0.9999997506930933,-0.0006709998327150657,-0.00018299995437683623,-0.00012199996958456305,0.0,0.0,9.8164,0.0,0.0,1.0,0.0,0.0,0.0,0.0,0.0,0.0,0.0,0.0
19.0176,0.9999997506930933,-0.0006709998327150657,-0.00018299995437683623,-0.00012199996958456305,0.0,0.0,9.8164,0.0,0.0,1.0,0.0,0.0,0.0,0.0,0.0,0.0,0.0,0.0
19.0377,0.9999997599955865,-0.0006709998389570386,-0.00012199997071946165,-0.00012199997071943303,0.0,0.0,9.8125,0.0,0.0,1.0,0.0,0.0,0.0,0.0,0.0,0.0,0.0,0.0
19.0578,0.9999997599955865,-0.0006709998389570386,-0.00012199997071946165,-0.00012199997071943303,0.0,0.0,9.7774,0.0,0.0,1.0,0.0,0.0,0.0,0.0,0.0,0.0,0.0,0.0
19.0779,0.9999997990660606,-0.0006099998774302969,-0.00012199997548605945,-0.0001219999754861756,0.0,0.0,9.8555,0.0,0.0,1.0,0.0,0.0,0.0,0.0,0.0,0.0,0.0,0.0
19.0979,0.9999997990660606,-0.0006099998774302969,-0.00012199997548605945,-0.0001219999754861756,0.0,0.0,9.8164,0.0,0.0,1.0,0.0,0.0,0.0,0.0,0.0,0.0,0.0,0.0
19.118,0.9999997599955865,-0.0006709998389570386,-0.00012199997071946165,-0.00012199997071943303,0.0,0.0,9.8125,0.0,0.0,1.0,0.0,0.0,0.0,0.0,0.0,0.0,0.0,0.0
19.1381,0.9999997655770825,-0.0006709998427022223,-0.00012199997140040415,-6.099998570019416e-05,0.0,0.0,9.7697,0.0,0.0,1.0,0.0,0.0,0.0,0.0,0.0,0.0,0.0,0.0
19.1582,0.9999997655770825,-0.0006709998427022223,-0.00012199997140040415,-6.099998570019416e-05,0.0,0.0,9.8907,0.0,0.0,1.0,0.0,0.0,0.0,0.0,0.0,0.0,0.0,0.0
19.1783,0.9999997655770825,-0.0006709998427022223,-0.00012199997140040415,-6.099998570019416e-05,0.0,0.0,9.8477,0.0,0.0,1.0,0.0,0.0,0.0,0.0,0.0,0.0,0.0,0.0
19.1984,0.9999997655770825,-0.0006709998427022223,-0.00012199997140040415,-6.099998570019416e-05,0.0,0.0,9.7774,0.0,0.0,1.0,0.0,0.0,0.0,0.0,0.0,0.0,0.0,0.0
19.2185,0.9999997655770825,-0.0006709998427022223,-0.00012199997140040415,-6.099998570019416e-05,0.0,0.0,9.7774,0.0,0.0,1.0,0.0,0.0,0.0,0.0,0.0,0.0,0.0,0.0
19.2386,0.9999997655770825,-0.0006709998427022223,-0.00012199997140040415,-6.099998570019416e-05,0.0,0.0,9.8164,0.0,0.0,1.0,0.0,0.0,0.0,0.0,0.0,0.0,0.0,0.0
19.2587,0.9999997711585785,-0.0006709998464474063,-6.099998604067332e-05,-6.099998604064405e-05,0.0,0.0,9.8165,0.0,0.0,1.0,0.0,0.0,0.0,0.0,0.0,0.0,0.0,0.0
19.2788,0.9999997711585785,-0.0006709998464474063,-6.099998604067332e-05,-6.099998604064405e-05,0.0,0.0,9.8165,0.0,0.0,1.0,0.0,0.0,0.0,0.0,0.0,0.0,0.0,0.0
19.2989,0.9999997711585785,-0.0006709998464474063,-6.099998604067332e-05,-6.099998604064405e-05,0.0,0.0,9.7775,0.0,0.0,1.0,0.0,0.0,0.0,0.0,0.0,0.0,0.0,0.0
19.319,0.9999997711585785,-0.0006709998464474063,-6.099998604067332e-05,-6.099998604064405e-05,0.0,0.0,9.8556,0.0,0.0,1.0,0.0,0.0,0.0,0.0,0.0,0.0,0.0,0.0
19.3391,0.9999997711585785,-0.0006709998464474063,-6.099998604067332e-05,-6.099998604064405e-05,0.0,0.0,9.9219,0.0,0.0,1.0,0.0,0.0,0.0,0.0,0.0,0.0,0.0,0.0
19.3591,0.9999998102290542,-0.0006099998842397229,-6.099998842397234e-05,-6.099998842401533e-05,0.0,0.0,9.7385,0.0,0.0,1.0,0.0,0.0,0.0,0.0,0.0,0.0,0.0,0.0
19.3792,0.9999998102290542,-0.0006099998842397229,-6.099998842397234e-05,-6.099998842401533e-05,0.0,0.0,9.8125,0.0,0.0,1.0,0.0,0.0,0.0,0.0,0.0,0.0,0.0,0.0
19.3993,0.9999998102290542,-0.0006099998842397229,-6.099998842397234e-05,-6.099998842401533e-05,0.0,0.0,9.7774,0.0,0.0,1.0,0.0,0.0,0.0,0.0,0.0,0.0,0.0,0.0
19.4194,0.9999998102290542,-0.0006099998842397229,-6.099998842397234e-05,-6.099998842401533e-05,0.0,0.0,9.7775,0.0,0.0,1.0,0.0,0.0,0.0,0.0,0.0,0.0,0.0,0.0
19.4395,0.9999998102290542,-0.0006099998842397229,-6.099998842397234e-05,-6.099998842401533e-05,0.0,0.0,9.844,0.0,0.0,1.0,0.0,0.0,0.0,0.0,0.0,0.0,0.0,0.0
19.4596,0.9999997655770825,-0.0006709998427022223,-0.00012199997140040415,-6.099998570019416e-05,0.0,0.0,9.8088,0.0,0.0,1.0,0.0,0.0,0.0,0.0,0.0,0.0,0.0,0.0
19.4797,0.9999997655770825,-0.0006709998427022223,-0.00012199997140040415,-6.099998570019416e-05,0.0,0.0,9.8164,0.0,0.0,1.0,0.0,0.0,0.0,0.0,0.0,0.0,0.0,0.0
19.4998,0.9999997655770825,-0.0006709998427022223,-0.00012199997140040415,-6.099998570019416e-05,0.0,0.0,9.7735,0.0,0.0,1.0,0.0,0.0,0.0,0.0,0.0,0.0,0.0,0.0
19.5199,0.9999997655770825,-0.0006709998427022223,-0.00012199997140040415,-6.099998570019416e-05,0.0,0.0,9.8048,0.0,0.0,1.0,0.0,0.0,0.0,0.0,0.0,0.0,0.0,0.0
19.54,0.9999998046475572,-0.0006099998808350099,-0.00012199997616700213,-6.0999988083454415e-05,0.0,0.0,9.7739,0.0,0.0,1.0,0.0,0.0,0.0,0.0,0.0,0.0,0.0,0.0
19.5601,0.9999998046475572,-0.0006099998808350099,-0.00012199997616700213,-6.0999988083454415e-05,0.0,0.0,9.8555,0.0,0.0,1.0,0.0,0.0,0.0,0.0,0.0,0.0,0.0,0.0
19.5801,0.9999997972055618,-0.0006099998762953928,-0.00018299996288861787,0.0,0.0,0.0,9.8518,0.0,0.0,1.0,0.0,0.0,0.0,0.0,0.0,0.0,0.0,0.0
19.6002,0.9999997972055618,-0.0006099998762953928,-0.00018299996288861787,0.0,0.0,0.0,9.8125,0.0,0.0,1.0,0.0,0.0,0.0,0.0,0.0,0.0,0.0,0.0
19.6203,0.9999997972055618,-0.0006099998762953928,-0.00018299996288861787,0.0,0.0,0.0,9.8126,0.0,0.0,1.0,0.0,0.0,0.0,0.0,0.0,0.0,0.0,0.0
19.6404,0.9999997841820699,-0.0006099998683510626,-0.00024399994734042508,0.0,0.0,0.0,9.7697,0.0,0.0,1.0,0.0,0.0,0.0,0.0,0.0,0.0,0.0,0.0
19.6605,0.9999997451115976,-0.0006709998289698819,-0.00024399993780722994,0.0,0.0,0.0,9.805,0.0,0.0,1.0,0.0,0.0,0.0,0.0,0.0,0.0,0.0,0.0
19.6806,0.9999997841820699,-0.0006099998683510626,-0.00024399994734042508,0.0,0.0,0.0,9.8516,0.0,0.0,1.0,0.0,0.0,0.0,0.0,0.0,0.0,0.0,0.0
19.7007,0.9999997841820699,-0.0006099998683510626,-0.00024399994734042508,0.0,0.0,0.0,9.7776,0.0,0.0,1.0,0.0,0.0,0.0,0.0,0.0,0.0,0.0,0.0
19.7208,0.9999997841820699,-0.0006099998683510626,-0.00024399994734042508,0.0,0.0,0.0,9.8165,0.0,0.0,1.0,0.0,0.0,0.0,0.0,0.0,0.0,0.0,0.0
19.7409,0.9999997841820699,-0.0006099998683510626,-0.00024399994734042508,0.0,0.0,0.0,9.805,0.0,0.0,1.0,0.0,0.0,0.0,0.0,0.0,0.0,0.0,0.0
19.761,0.9999997451115976,-0.0006709998289698819,-0.00024399993780722994,0.0,0.0,0.0,9.8087,0.0,0.0,1.0,0.0,0.0,0.0,0.0,0.0,0.0,0.0,0.0
19.7811,0.9999997451115976,-0.0006709998289698819,-0.00024399993780722994,0.0,0.0,0.0,9.8125,0.0,0.0,1.0,0.0,0.0,0.0,0.0,0.0,0.0,0.0,0.0
19.8012,0.999999743251099,-0.0006709998277214873,-0.0002439999373532682,-6.0999984338283575e-05,0.0,0.0,9.8125,0.0,0.0,1.0,0.0,0.0,0.0,0.0,0.0,0.0,0.0,0.0
19.8213,0.9999997823215712,-0.0006099998672161583,-0.0002439999468864635,-6.099998672154383e-05,0.0,0.0,9.8165,0.0,0.0,1.0,0.0,0.0,0.0,0.0,0.0,0.0,0.0,0.0
19.8414,0.9999997841820699,-0.0006099998683510626,-0.00024399994734042508,0.0,0.0,0.0,9.7697,0.0,0.0,1.0,0.0,0.0,0.0,0.0,0.0,0.0,0.0,0.0
19.8615,0.9999997451115976,-0.0006709998289698819,-0.00024399993780722994,0.0,0.0,0.0,9.8164,0.0,0.0,1.0,0.0,0.0,0.0,0.0,0.0,0.0,0.0,0.0
19.8816,0.999999743251099,-0.0006709998277214873,-0.0002439999373532682,-6.0999984338283575e-05,0.0,0.0,9.8048,0.0,0.0,1.0,0.0,0.0,0.0,0.0,0.0,0.0,0.0,0.0
19.9017,0.999999743251099,-0.0006709998277214873,-0.0002439999373532682,-6.0999984338283575e-05,0.0,0.0,9.8125,0.0,0.0,1.0,0.0,0.0,0.0,0.0,0.0,0.0,0.0,0.0
19.9218,0.999999743251099,-0.0006709998277214873,-0.0002439999373532682,-6.0999984338283575e-05,0.0,0.0,9.7774,0.0,0.0,1.0,0.0,0.0,0.0,0.0,0.0,0.0,0.0,0.0
19.9419,0.9999997451115976,-0.0006709998289698819,-0.00024399993780722994,0.0,0.0,0.0,9.8125,0.0,0.0,1.0,0.0,0.0,0.0,0.0,0.0,0.0,0.0,0.0
19.962,0.9999997451115976,-0.0006709998289698819,-0.00024399993780722994,0.0,0.0,0.0,9.8477,0.0,0.0,1.0,0.0,0.0,0.0,0.0,0.0,0.0,0.0,0.0
19.9821,0.9999997451115976,-0.0006709998289698819,-0.00024399993780722994,0.0,0.0,0.0,9.8048,0.0,0.0,1.0,0.0,0.0,0.0,0.0,0.0,0.0,0.0,0.0
20.0022,0.9999997451115976,-0.0006709998289698819,-0.00024399993780722994,0.0,0.0,0.0,9.8164,0.0,0.0,1.0,0.0,0.0,0.0,0.0,0.0,0.0,0.0,0.0
20.0223,0.9999997451115976,-0.0006709998289698819,-0.00024399993780722994,0.0,0.0,0.0,9.8164,0.0,0.0,1.0,0.0,0.0,0.0,0.0,0.0,0.0,0.0,0.0
20.0424,0.999999743251099,-0.0006709998277214873,-0.0002439999373532682,-6.0999984338283575e-05,0.0,0.0,9.8164,0.0,0.0,1.0,0.0,0.0,0.0,0.0,0.0,0.0,0.0,0.0
20.0625,0.9999997451115976,-0.0006709998289698819,-0.00024399993780722994,0.0,0.0,0.0,9.8164,0.0,0.0,1.0,0.0,0.0,0.0,0.0,0.0,0.0,0.0,0.0
20.0825,0.9999997451115976,-0.0006709998289698819,-0.00024399993780722994,0.0,0.0,0.0,9.7735,0.0,0.0,1.0,0.0,0.0,0.0,0.0,0.0,0.0,0.0,0.0
20.1026,0.999999743251099,-0.0006709998277214873,-0.0002439999373532682,-6.0999984338283575e-05,0.0,0.0,9.8125,0.0,0.0,1.0,0.0,0.0,0.0,0.0,0.0,0.0,0.0,0.0
20.1227,0.9999997451115976,-0.0006709998289698819,-0.00024399993780722994,0.0,0.0,0.0,9.8125,0.0,0.0,1.0,0.0,0.0,0.0,0.0,0.0,0.0,0.0,0.0
20.1427,0.9999997451115976,-0.0006709998289698819,-0.00024399993780722994,0.0,0.0,0.0,9.8166,0.0,0.0,1.0,0.0,0.0,0.0,0.0,0.0,0.0,0.0,0.0
20.1628,0.999999743251099,-0.0006709998277214873,-0.0002439999373532682,-6.0999984338283575e-05,0.0,0.0,9.7697,0.0,0.0,1.0,0.0,0.0,0.0,0.0,0.0,0.0,0.0,0.0
20.1829,0.9999997004596346,-0.0007319997807364526,-0.00024399992691215102,-6.099998172803822e-05,0.0,0.0,9.8164,0.0,0.0,1.0,0.0,0.0,0.0,0.0,0.0,0.0,0.0,0.0
20.2029,0.9999997451115976,-0.0006709998289698819,-0.00024399993780722994,0.0,0.0,0.0,9.8126,0.0,0.0,1.0,0.0,0.0,0.0,0.0,0.0,0.0,0.0,0.0
20.223,0.999999743251099,-0.0006709998277214873,-0.0002439999373532682,-6.0999984338283575e-05,0.0,0.0,9.8164,0.0,0.0,1.0,0.0,0.0,0.0,0.0,0.0,0.0,0.0,0.0
20.2431,0.9999997004596346,-0.0007319997807364526,-0.00024399992691215102,-6.099998172803822e-05,0.0,0.0,9.8125,0.0,0.0,1.0,0.0,0.0,0.0,0.0,0.0,0.0,0.0,0.0
20.2631,0.9999997004596346,-0.0007319997807364526,-0.00024399992691215102,-6.099998172803822e-05,0.0,0.0,9.8087,0.0,0.0,1.0,0.0,0.0,0.0,0.0,0.0,0.0,0.0,0.0
20.2832,0.999999702320133,-0.0007319997820983374,-0.0002439999273661126,0.0,0.0,0.0,9.8125,0.0,0.0,1.0,0.0,0.0,0.0,0.0,0.0,0.0,0.0,0.0
20.3033,0.9999997153436215,-0.0007319997916315308,-0.00018299994790788282,0.0,0.0,0.0,9.805,0.0,0.0,1.0,0.0,0.0,0.0,0.0,0.0,0.0,0.0,0.0
20.3233,0.9999997153436215,-0.0007319997916315308,-0.00018299994790788282,0.0,0.0,0.0,9.8166,0.0,0.0,1.0,0.0,0.0,0.0,0.0,0.0,0.0,0.0,0.0
20.3434,0.9999997153436215,-0.0007319997916315308,-0.00018299994790788282,0.0,0.0,0.0,9.8555,0.0,0.0,1.0,0.0,0.0,0.0,0.0,0.0,0.0,0.0,0.0
20.3635,0.9999996558076777,-0.0007929997270554883,-0.00024399991601707334,0.0,0.0,0.0,9.844,0.0,0.0,1.0,0.0,0.0,0.0,0.0,0.0,0.0,0.0,0.0
20.3835,0.9999996558076777,-0.0007929997270554883,-0.00024399991601707334,0.0,0.0,0.0,9.8048,0.0,0.0,1.0,0.0,0.0,0.0,0.0,0.0,0.0,0.0,0.0
20.4036,0.9999996669706663,-0.0007929997359077384,-0.00018299993905563207,-6.0999979685172345e-05,0.0,0.0,9.8164,0.0,0.0,1.0,0.0,0.0,0.0,0.0,0.0,0.0,0.0,0.0
20.4237,0.9999996688311645,-0.0007929997373831133,-0.00018299993939610316,0.0,0.0,0.0,9.8164,0.0,0.0,1.0,0.0,0.0,0.0,0.0,0.0,0.0,0.0,0.0
20.4438,0.9999996558076777,-0.0007929997270554883,-0.00024399991601707334,0.0,0.0,0.0,9.8126,0.0,0.0,1.0,0.0,0.0,0.0,0.0,0.0,0.0,0.0,0.0
20.4638,0.9999996558076777,-0.0007929997270554883,-0.00024399991601707334,0.0,0.0,0.0,9.8164,0.0,0.0,1.0,0.0,0.0,0.0,0.0,0.0,0.0,0.0,0.0
20.4839,0.9999996037137356,-0.0008539996615715302,-0.00024399990330615162,-6.09999758264812e-05,0.0,0.0,9.8087,0.0,0.0,1.0,0.0,0.0,0.0,0.0,0.0,0.0,0.0,0.0
20.504,0.9999996037137356,-0.0008539996615715302,-0.00024399990330615162,-6.09999758264812e-05,0.0,0.0,9.8087,0.0,0.0,1.0,0.0,0.0,0.0,0.0,0.0,0.0,0.0,0.0
20.524,0.9999996167372204,-0.0008539996726935863,-0.0001829999298629115,-6.0999976621012315e-05,0.0,0.0,9.8164,0.0,0.0,1.0,0.0,0.0,0.0,0.0,0.0,0.0,0.0,0.0
20.5441,0.9999996037137356,-0.0008539996615715302,-0.00024399990330615162,-6.09999758264812e-05,0.0,0.0,9.8165,0.0,0.0,1.0,0.0,0.0,0.0,0.0,0.0,0.0,0.0,0.0
20.5642,0.9999996167372204,-0.0008539996726935863,-0.0001829999298629115,-6.0999976621012315e-05,0.0,0.0,9.7774,0.0,0.0,1.0,0.0,0.0,0.0,0.0,0.0,0.0,0.0,0.0
20.5842,0.9999996167372204,-0.0008539996726935863,-0.0001829999298629115,-6.0999976621012315e-05,0.0,0.0,9.8087,0.0,0.0,1.0,0.0,0.0,0.0,0.0,0.0,0.0,0.0,0.0
20.6043,0.9999996167372204,-0.0008539996726935863,-0.0001829999298629115,-6.0999976621012315e-05,0.0,0.0,9.809,0.0,0.0,1.0,0.0,0.0,0.0,0.0,0.0,0.0,0.0,0.0
20.6244,0.9999996167372204,-0.0008539996726935863,-0.0001829999298629115,-6.0999976621012315e-05,0.0,0.0,9.8164,0.0,0.0,1.0,0.0,0.0,0.0,0.0,0.0,0.0,0.0,0.0
20.6444,0.9999996167372204,-0.0008539996726935863,-0.0001829999298629115,-6.0999976621012315e-05,0.0,0.0,9.8164,0.0,0.0,1.0,0.0,0.0,0.0,0.0,0.0,0.0,0.0,0.0
20.6645,0.9999996167372204,-0.0008539996726935863,-0.0001829999298629115,-6.0999976621012315e-05,0.0,0.0,9.7775,0.0,0.0,1.0,0.0,0.0,0.0,0.0,0.0,0.0,0.0,0.0
20.6846,0.9999996167372204,-0.0008539996726935863,-0.0001829999298629115,-6.0999976621012315e-05,0.0,0.0,9.8125,0.0,0.0,1.0,0.0,0.0,0.0,0.0,0.0,0.0,0.0,0.0
20.7046,0.9999995637277856,-0.0009159996003746517,-0.000182999920162185,0.0,0.0,0.0,9.8127,0.0,0.0,1.0,0.0,0.0,0.0,0.0,0.0,0.0,0.0,0.0
20.7247,0.9999995637277856,-0.0009159996003746517,-0.000182999920162185,0.0,0.0,0.0,9.8164,0.0,0.0,1.0,0.0,0.0,0.0,0.0,0.0,0.0,0.0,0.0
20.7448,0.9999996185977182,-0.0008539996742824514,-0.00018299993020338257,0.0,0.0,0.0,9.8164,0.0,0.0,1.0,0.0,0.0,0.0,0.0,0.0,0.0,0.0,0.0
20.7648,0.9999995730302735,-0.0009159996088957306,-0.00012199994790969352,0.0,0.0,0.0,9.7735,0.0,0.0,1.0,0.0,0.0,0.0,0.0,0.0,0.0,0.0,0.0
20.7849,0.9999995152938524,-0.0009769995264420938,-0.00012199994086585016,0.0,0.0,0.0,9.7774,0.0,0.0,1.0,0.0,0.0,0.0,0.0,0.0,0.0,0.0,0.0
20.805,0.9999995730302735,-0.0009159996088957306,-0.00012199994790969352,0.0,0.0,0.0,9.8164,0.0,0.0,1.0,0.0,0.0,0.0,0.0,0.0,0.0,0.0,0.0
20.825,0.9999995152938524,-0.0009769995264420938,-0.00012199994086585016,0.0,0.0,0.0,9.766,0.0,0.0,1.0,0.0,0.0,0.0,0.0,0.0,0.0,0.0,0.0
20.8451,0.9999995059913661,-0.000976999517353565,-0.00018299990959642017,0.0,0.0,0.0,9.8125,0.0,0.0,1.0,0.0,0.0,0.0,0.0,0.0,0.0,0.0,0.0
20.8652,0.9999995059913661,-0.000976999517353565,-0.00018299990959642017,0.0,0.0,0.0,9.8166,0.0,0.0,1.0,0.0,0.0,0.0,0.0,0.0,0.0,0.0,0.0
20.8852,0.9999995059913661,-0.000976999517353565,-0.00018299990959642017,0.0,0.0,0.0,9.8048,0.0,0.0,1.0,0.0,0.0,0.0,0.0,0.0,0.0,0.0,0.0
20.9053,0.9999994445339628,-0.0010379994234262536,-0.0001829998983497153,0.0,0.0,0.0,9.7658,0.0,0.0,1.0,0.0,0.0,0.0,0.0,0.0,0.0,0.0,0.0
20.9254,0.9999994538364474,-0.0010379994330822321,-0.00012199993336804675,0.0,0.0,0.0,9.7697,0.0,0.0,1.0,0.0,0.0,0.0,0.0,0.0,0.0,0.0,0.0
20.9454,0.9999994538364474,-0.0010379994330822321,-0.00012199993336804675,0.0,0.0,0.0,9.8127,0.0,0.0,1.0,0.0,0.0,0.0,0.0,0.0,0.0,0.0,0.0
20.9655,0.9999994445339628,-0.0010379994234262536,-0.0001829998983497153,0.0,0.0,0.0,9.8125,0.0,0.0,1.0,0.0,0.0,0.0,0.0,0.0,0.0,0.0,0.0
20.9856,0.9999995041308689,-0.0009769995155358589,-0.00018299990925594906,6.099996975195143e-05,0.0,0.0,9.8127,0.0,0.0,1.0,0.0,0.0,0.0,0.0,0.0,0.0,0.0,0.0
21.0056,0.9999995134333552,-0.0009769995246243879,-0.00012199994063886939,6.099997031944193e-05,0.0,0.0,9.8164,0.0,0.0,1.0,0.0,0.0,0.0,0.0,0.0,0.0,0.0,0.0
21.0257,0.9999994519759505,-0.001037999431151037,-0.00012199993314106618,6.0999966570496333e-05,0.0,0.0,9.8087,0.0,0.0,1.0,0.0,0.0,0.0,0.0,0.0,0.0,0.0,0.0
21.0458,0.9999994519759505,-0.001037999431151037,-0.00012199993314106618,6.0999966570496333e-05,0.0,0.0,9.8048,0.0,0.0,1.0,0.0,0.0,0.0,0.0,0.0,0.0,0.0,0.0
21.0658,0.9999994519759505,-0.001037999431151037,-0.00012199993314106618,6.0999966570496333e-05,0.0,0.0,9.7774,0.0,0.0,1.0,0.0,0.0,0.0,0.0,0.0,0.0,0.0,0.0
21.0859,0.9999995134333552,-0.0009769995246243879,-0.00012199994063886939,6.099997031944193e-05,0.0,0.0,9.8129,0.0,0.0,1.0,0.0,0.0,0.0,0.0,0.0,0.0,0.0,0.0
21.106,0.9999995041308689,-0.0009769995155358589,-0.00018299990925594906,6.099996975195143e-05,0.0,0.0,9.7735,0.0,0.0,1.0,0.0,0.0,0.0,0.0,0.0,0.0,0.0,0.0
21.1261,0.999999442673466,-0.0010379994214950576,-0.00018299989800924437,6.099996600311686e-05,0.0,0.0,9.8088,0.0,0.0,1.0,0.0,0.0,0.0,0.0,0.0,0.0,0.0,0.0
21.1461,0.999999442673466,-0.0010379994214950576,-0.00018299989800924437,6.099996600311686e-05,0.0,0.0,9.8092,0.0,0.0,1.0,0.0,0.0,0.0,0.0,0.0,0.0,0.0,0.0
21.1662,0.999999442673466,-0.0010379994214950576,-0.00018299989800924437,6.099996600311686e-05,0.0,0.0,9.8127,0.0,0.0,1.0,0.0,0.0,0.0,0.0,0.0,0.0,0.0,0.0
21.1863,0.999999429649988,-0.0010379994079766878,-0.00024399986083459727,6.0999965208585756e-05,0.0,0.0,9.7735,0.0,0.0,1.0,0.0,0.0,0.0,0.0,0.0,0.0,0.0,0.0
21.2063,0.9999993477271383,-0.0010989992831521248,-0.00030499980105677725,6.099996021130538e-05,0.0,0.0,9.8483,0.0,0.0,1.0,0.0,0.0,0.0,0.0,0.0,0.0,0.0,0.0
21.2264,0.9999993291221752,-0.0010989992627052703,-0.00036599975445871647,0.0,0.0,0.0,9.848,0.0,0.0,1.0,0.0,0.0,0.0,0.0,0.0,0.0,0.0,0.0
21.2465,0.9999994147660137,-0.0010379993925271223,-0.0003049998215036343,0.0,0.0,0.0,9.8516,0.0,0.0,1.0,0.0,0.0,0.0,0.0,0.0,0.0,0.0,0.0
21.2665,0.9999994147660137,-0.0010379993925271223,-0.0003049998215036343,0.0,0.0,0.0,9.8126,0.0,0.0,1.0,0.0,0.0,0.0,0.0,0.0,0.0,0.0,0.0
21.2866,0.9999993943005504,-0.0010379993712839716,-0.00036599977831400156,0.0,0.0,0.0,9.8048,0.0,0.0,1.0,0.0,0.0,0.0,0.0,0.0,0.0,0.0,0.0
21.3067,0.9999993943005504,-0.0010379993712839716,-0.00036599977831400156,0.0,0.0,0.0,9.8087,0.0,0.0,1.0,0.0,0.0,0.0,0.0,0.0,0.0,0.0,0.0
21.3268,0.9999993924400538,-0.0010379993693527762,-0.0003659997776330599,6.0999962938845804e-05,0.0,0.0,9.8164,0.0,0.0,1.0,0.0,0.0,0.0,0.0,0.0,0.0,0.0,0.0
21.3468,0.9999994315714847,-0.000976999444645341,-0.0004269997572810243,0.0,0.0,0.0,9.7774,0.0,0.0,1.0,0.0,0.0,0.0,0.0,0.0,0.0,0.0,0.0
21.3669,0.999999429710988,-0.0009769994428276351,-0.0004269997564865921,6.099996521241602e-05,0.0,0.0,9.8125,0.0,0.0,1.0,0.0,0.0,0.0,0.0,0.0,0.0,0.0,0.0
21.387,0.9999993701140951,-0.001037999346178431,-0.0004269997310387189,0.0,0.0,0.0,9.8089,0.0,0.0,1.0,0.0,0.0,0.0,0.0,0.0,0.0,0.0,0.0
21.407,0.9999993422066491,-0.0010379993172105017,-0.0004879996789968449,0.0,0.0,0.0,9.8164,0.0,0.0,1.0,0.0,0.0,0.0,0.0,0.0,0.0,0.0,0.0
21.4271,0.9999994315714847,-0.000976999444645341,-0.0004269997572810243,0.0,0.0,0.0,9.8518,0.0,0.0,1.0,0.0,0.0,0.0,0.0,0.0,0.0,0.0,0.0
21.4472,0.999999429710988,-0.0009769994428276351,-0.0004269997564865921,6.099996521241602e-05,0.0,0.0,9.8125,0.0,0.0,1.0,0.0,0.0,0.0,0.0,0.0,0.0,0.0,0.0
21.4672,0.9999994036640335,-0.000976999417379761,-0.00048799970898804864,0.0,0.0,0.0,9.8048,0.0,0.0,1.0,0.0,0.0,0.0,0.0,0.0,0.0,0.0,0.0
21.4873,0.9999994036640335,-0.000976999417379761,-0.00048799970898804864,0.0,0.0,0.0,9.8089,0.0,0.0,1.0,0.0,0.0,0.0,0.0,0.0,0.0,0.0,0.0
21.5074,0.9999994036640335,-0.000976999417379761,-0.00048799970898804864,0.0,0.0,0.0,9.8088,0.0,0.0,1.0,0.0,0.0,0.0,0.0,0.0,0.0,0.0,0.0
21.5275,0.9999994893078913,-0.0009159995322060286,-0.0004269997819344698,0.0,0.0,0.0,9.8516,0.0,0.0,1.0,0.0,0.0,0.0,0.0,0.0,0.0,0.0,0.0
21.5475,0.9999994315714847,-0.000976999444645341,-0.0004269997572810243,0.0,0.0,0.0,9.8125,0.0,0.0,1.0,0.0,0.0,0.0,0.0,0.0,0.0,0.0,0.0
21.5676,0.9999993701140951,-0.001037999346178431,-0.0004269997310387189,0.0,0.0,0.0,9.8051,0.0,0.0,1.0,0.0,0.0,0.0,0.0,0.0,0.0,0.0,0.0
21.5877,0.9999994315714847,-0.000976999444645341,-0.0004269997572810243,0.0,0.0,0.0,9.7775,0.0,0.0,1.0,0.0,0.0,0.0,0.0,0.0,0.0,0.0,0.0
21.6077,0.9999994893078913,-0.0009159995322060286,-0.0004269997819344698,0.0,0.0,0.0,9.8129,0.0,0.0,1.0,0.0,0.0,0.0,0.0,0.0,0.0,0.0,0.0
21.6278,0.9999994614004353,-0.0009159995066427985,-0.00048799973716341237,0.0,0.0,0.0,9.7779,0.0,0.0,1.0,0.0,0.0,0.0,0.0,0.0,0.0,0.0,0.0
21.6479,0.9999994315714847,-0.000976999444645341,-0.0004269997572810243,0.0,0.0,0.0,9.8048,0.0,0.0,1.0,0.0,0.0,0.0,0.0,0.0,0.0,0.0,0.0
21.6679,0.9999994538974474,-0.0009769994664578063,-0.0003659998001264659,6.0999966687791396e-05,0.0,0.0,9.805,0.0,0.0,1.0,0.0,0.0,0.0,0.0,0.0,0.0,0.0,0.0
21.688,0.9999994743629145,-0.0009769994864525673,-0.0003049998396806891,6.099996793618168e-05,0.0,0.0,9.8048,0.0,0.0,1.0,0.0,0.0,0.0,0.0,0.0,0.0,0.0,0.0
21.7081,0.9999994743629145,-0.0009769994864525673,-0.0003049998396806891,6.099996793618168e-05,0.0,0.0,9.8091,0.0,0.0,1.0,0.0,0.0,0.0,0.0,0.0,0.0,0.0,0.0
21.7281,0.9999994743629145,-0.0009769994864525673,-0.0003049998396806891,6.099996793618168e-05,0.0,0.0,9.8518,0.0,0.0,1.0,0.0,0.0,0.0,0.0,0.0,0.0,0.0,0.0
21.7482,0.9999994762234116,-0.000976999488270273,-0.00030499984024814073,0.0,0.0,0.0,9.7775,0.0,0.0,1.0,0.0,0.0,0.0,0.0,0.0,0.0,0.0,0.0
21.7683,0.9999994762234116,-0.000976999488270273,-0.00030499984024814073,0.0,0.0,0.0,9.7775,0.0,0.0,1.0,0.0,0.0,0.0,0.0,0.0,0.0,0.0,0.0
21.7883,0.9999994762234116,-0.000976999488270273,-0.00030499984024814073,0.0,0.0,0.0,9.7662,0.0,0.0,1.0,0.0,0.0,0.0,0.0,0.0,0.0,0.0,0.0
21.8084,0.9999994762234116,-0.000976999488270273,-0.00030499984024814073,0.0,0.0,0.0,9.8087,0.0,0.0,1.0,0.0,0.0,0.0,0.0,0.0,0.0,0.0,0.0
21.8285,0.9999994762234116,-0.000976999488270273,-0.00030499984024814073,0.0,0.0,0.0,9.8132,0.0,0.0,1.0,0.0,0.0,0.0,0.0,0.0,0.0,0.0,0.0
21.8485,0.9999994762234116,-0.000976999488270273,-0.00030499984024814073,0.0,0.0,0.0,9.8558,0.0,0.0,1.0,0.0,0.0,0.0,0.0,0.0,0.0,0.0,0.0
21.8686,0.9999994762234116,-0.000976999488270273,-0.00030499984024814073,0.0,0.0,0.0,9.8052,0.0,0.0,1.0,0.0,0.0,0.0,0.0,0.0,0.0,0.0,0.0
21.8887,0.9999994762234116,-0.000976999488270273,-0.00030499984024814073,0.0,0.0,0.0,9.8051,0.0,0.0,1.0,0.0,0.0,0.0,0.0,0.0,0.0,0.0,0.0
21.9087,0.9999994762234116,-0.000976999488270273,-0.00030499984024814073,0.0,0.0,0.0,9.7774,0.0,0.0,1.0,0.0,0.0,0.0,0.0,0.0,0.0,0.0,0.0
21.9288,0.9999994762234116,-0.000976999488270273,-0.00030499984024814073,0.0,0.0,0.0,9.8127,0.0,0.0,1.0,0.0,0.0,0.0,0.0,0.0,0.0,0.0,0.0
21.9489,0.9999994762234116,-0.000976999488270273,-0.00030499984024814073,0.0,0.0,0.0,9.844,0.0,0.0,1.0,0.0,0.0,0.0,0.0,0.0,0.0,0.0,0.0
21.9689,0.9999994762234116,-0.000976999488270273,-0.00030499984024814073,0.0,0.0,0.0,9.7735,0.0,0.0,1.0,0.0,0.0,0.0,0.0,0.0,0.0,0.0,0.0
21.989,0.9999994762234116,-0.000976999488270273,-0.00030499984024814073,0.0,0.0,0.0,9.8165,0.0,0.0,1.0,0.0,0.0,0.0,0.0,0.0,0.0,0.0,0.0
22.0091,0.9999994762234116,-0.000976999488270273,-0.00030499984024814073,0.0,0.0,0.0,9.7588,0.0,0.0,1.0,0.0,0.0,0.0,0.0,0.0,0.0,0.0,0.0
22.0291,0.9999994762234116,-0.000976999488270273,-0.00030499984024814073,0.0,0.0,0.0,9.8127,0.0,0.0,1.0,0.0,0.0,0.0,0.0,0.0,0.0,0.0,0.0
22.0492,0.9999994762234116,-0.000976999488270273,-0.00030499984024814073,0.0,0.0,0.0,9.8166,0.0,0.0,1.0,0.0,0.0,0.0,0.0,0.0,0.0,0.0,0.0
22.0693,0.9999994762234116,-0.000976999488270273,-0.00030499984024814073,0.0,0.0,0.0,9.7776,0.0,0.0,1.0,0.0,0.0,0.0,0.0,0.0,0.0,0.0,0.0
22.0893,0.9999995339598259,-0.0009159995731072005,-0.00030499985785774705,0.0,0.0,0.0,9.8126,0.0,0.0,1.0,0.0,0.0,0.0,0.0,0.0,0.0,0.0,0.0
22.1094,0.9999995339598259,-0.0009159995731072005,-0.00030499985785774705,0.0,0.0,0.0,9.8052,0.0,0.0,1.0,0.0,0.0,0.0,0.0,0.0,0.0,0.0,0.0
22.1295,0.9999995339598259,-0.0009159995731072005,-0.00030499985785774705,0.0,0.0,0.0,9.8164,0.0,0.0,1.0,0.0,0.0,0.0,0.0,0.0,0.0,0.0,0.0
22.1495,0.9999995339598259,-0.0009159995731072005,-0.00030499985785774705,0.0,0.0,0.0,9.7735,0.0,0.0,1.0,0.0,0.0,0.0,0.0,0.0,0.0,0.0,0.0
22.1696,0.9999995339598259,-0.0009159995731072005,-0.00030499985785774705,0.0,0.0,0.0,9.805,0.0,0.0,1.0,0.0,0.0,0.0,0.0,0.0,0.0,0.0,0.0
22.1897,0.9999995339598259,-0.0009159995731072005,-0.00030499985785774705,0.0,0.0,0.0,9.7737,0.0,0.0,1.0,0.0,0.0,0.0,0.0,0.0,0.0,0.0,0.0
22.2097,0.9999995339598259,-0.0009159995731072005,-0.00030499985785774705,0.0,0.0,0.0,9.7776,0.0,0.0,1.0,0.0,0.0,0.0,0.0,0.0,0.0,0.0,0.0
22.2298,0.9999995888297537,-0.0008539996488606097,-0.0003049998745930749,0.0,0.0,0.0,9.8125,0.0,0.0,1.0,0.0,0.0,0.0,0.0,0.0,0.0,0.0,0.0
22.2499,0.9999995888297537,-0.0008539996488606097,-0.0003049998745930749,0.0,0.0,0.0,9.8798,0.0,0.0,1.0,0.0,0.0,0.0,0.0,0.0,0.0,0.0,0.0
22.2699,0.9999996055742335,-0.0008539996631603953,-0.00024399990376011309,0.0,0.0,0.0,9.7568,0.0,0.0,1.0,0.0,0.0,0.0,0.0,0.0,0.0,0.0,0.0
22.29,0.9999996055742335,-0.0008539996631603953,-0.00024399990376011309,0.0,0.0,0.0,9.8209,0.0,0.0,1.0,0.0,0.0,0.0,0.0,0.0,0.0,0.0,0.0
22.3101,0.9999995888297537,-0.0008539996488606097,-0.0003049998745930749,0.0,0.0,0.0,9.7346,0.0,0.0,1.0,0.0,0.0,0.0,0.0,0.0,0.0,0.0,0.0
22.3301,0.999999513494355,-0.0009159995543608293,-0.0003659998219389342,0.0,0.0,0.0,9.7776,0.0,0.0,1.0,0.0,0.0,0.0,0.0,0.0,0.0,0.0,0.0
22.3502,0.9999994315714847,-0.000976999444645341,-0.0004269997572810243,0.0,0.0,0.0,9.8182,0.0,0.0,1.0,0.0,0.0,0.0,0.0,0.0,0.0,0.0,0.0
22.3703,0.9999992435393584,-0.0010989991686497548,-0.000548999584703108,-6.0999953855889195e-05,0.0,0.0,9.877,0.0,0.0,1.0,0.0,0.0,0.0,0.0,0.0,0.0,0.0,0.0
22.3903,0.9999991020197097,-0.0012209989035660656,-0.0005489995070088209,-6.099994522323904e-05,0.0,0.0,9.8696,0.0,0.0,1.0,0.0,0.0,0.0,0.0,0.0,0.0,0.0,0.0
22.4104,0.9999990517253489,-0.001281998784311897,-0.00048799953724197034,-0.00012199988431049746,0.0,0.0,9.7699,0.0,0.0,1.0,0.0,0.0,0.0,0.0,0.0,0.0,0.0,0.0
22.4305,0.9999991559740686,-0.0012209989694443378,-0.00042699963960092746,-0.00012199989702876834,0.0,0.0,9.7739,0.0,0.0,1.0,0.0,0.0,0.0,0.0,0.0,0.0,0.0,0.0
22.4505,0.9999990796327707,-0.0012819988200892117,-0.0004269996070031932,-0.00012199988771510739,0.0,0.0,9.8052,0.0,0.0,1.0,0.0,0.0,0.0,0.0,0.0,0.0,0.0,0.0
22.4706,0.999998930732215,-0.0013429985639733645,-0.0005489994129719862,-0.00018299980432406882,0.0,0.0,9.7699,0.0,0.0,1.0,0.0,0.0,0.0,0.0,0.0,0.0,0.0,0.0
22.4907,0.9999988953828303,-0.001342998516499141,-0.0006099993261835267,-0.0001829997978550768,0.0,0.0,9.848,0.0,0.0,1.0,0.0,0.0,0.0,0.0,0.0,0.0,0.0,0.0
22.5107,0.9999988656149303,-0.0013429984765208514,-0.0006709992388276184,-0.00012199986160493781,0.0,0.0,9.8963,0.0,0.0,1.0,0.0,0.0,0.0,0.0,0.0,0.0,0.0,0.0
22.5308,0.999998781831726,-0.001403998289691743,-0.0006709991826090883,-0.000121999851383503,0.0,0.0,9.8092,0.0,0.0,1.0,0.0,0.0,0.0,0.0,0.0,0.0,0.0,0.0
22.5509,0.9999986775221235,-0.0015259979818987605,-0.0005489992739596462,-0.00012199983865779362,0.0,0.0,9.7985,0.0,0.0,1.0,0.0,0.0,0.0,0.0,0.0,0.0,0.0,0.0
22.5709,0.9999987091504995,-0.0015259980301636621,-0.00048799937006544403,-0.00012199984251642926,0.0,0.0,9.8479,0.0,0.0,1.0,0.0,0.0,0.0,0.0,0.0,0.0,0.0,0.0
22.591,0.9999986775221235,-0.0015259979818987605,-0.0005489992739596462,-0.00012199983865779362,0.0,0.0,9.7658,0.0,0.0,1.0,0.0,0.0,0.0,0.0,0.0,0.0,0.0,0.0
22.6111,0.9999986477542429,-0.0015259979364729745,-0.0006099991751300883,-6.099991751296052e-05,0.0,0.0,9.8127,0.0,0.0,1.0,0.0,0.0,0.0,0.0,0.0,0.0,0.0,0.0
22.6311,0.9999986086839037,-0.0015259978768516367,-0.0006709990664268996,-6.099991512975578e-05,0.0,0.0,9.8439,0.0,0.0,1.0,0.0,0.0,0.0,0.0,0.0,0.0,0.0,0.0
22.6512,0.9999985081563385,-0.0015869976324441094,-0.0006709989989729038,-0.00012199981799498885,0.0,0.0,9.8051,0.0,0.0,1.0,0.0,0.0,0.0,0.0,0.0,0.0,0.0,0.0
22.6713,0.9999984653650327,-0.0015869975645343068,-0.0007319988766472042,-0.0001219998127743871,0.0,0.0,9.7735,0.0,0.0,1.0,0.0,0.0,0.0,0.0,0.0,0.0,0.0,0.0
22.6913,0.9999984653650327,-0.0015869975645343068,-0.0007319988766472042,-0.0001219998127743871,0.0,0.0,9.8125,0.0,0.0,1.0,0.0,0.0,0.0,0.0,0.0,0.0,0.0,0.0
22.7114,0.9999983666980016,-0.0016479973083183069,-0.0007319988044229374,-0.00012199980073723805,0.0,0.0,9.7697,0.0,0.0,1.0,0.0,0.0,0.0,0.0,0.0,0.0,0.0,0.0
22.7315,0.9999983666980016,-0.0016479973083183069,-0.0007319988044229374,-0.00012199980073723805,0.0,0.0,9.8048,0.0,0.0,1.0,0.0,0.0,0.0,0.0,0.0,0.0,0.0,0.0
22.7515,0.999998264310019,-0.0017089970337058227,-0.0007319987294749343,-0.00012199978824584125,0.0,0.0,9.8087,0.0,0.0,1.0,0.0,0.0,0.0,0.0,0.0,0.0,0.0,0.0
22.7716,0.9999983201857328,-0.0016479972316660874,-0.0007929986679072864,-0.00012199979506272165,0.0,0.0,9.8127,0.0,0.0,1.0,0.0,0.0,0.0,0.0,0.0,0.0,0.0,0.0
22.7917,0.9999982606500382,-0.0016479971335512625,-0.0008539985145951328,-0.00018299968169893654,0.0,0.0,9.7138,0.0,0.0,1.0,0.0,0.0,0.0,0.0,0.0,0.0,0.0,0.0
22.8118,0.9999981675645367,-0.001708996868367793,-0.0008539984351001147,-0.00012199977644289373,0.0,0.0,9.5259,0.0,0.0,1.0,0.0,0.0,0.0,0.0,0.0,0.0,0.0,0.0
22.8318,0.9999981200758012,-0.0015869970165602967,-0.001098997933963306,-0.00018299965597384782,0.0,0.0,10.3055,0.0,0.0,1.0,0.0,0.0,0.0,0.0,0.0,0.0,0.0,0.0
22.8519,0.9999978222146142,-0.001769996145319867,-0.0010989976066138614,-0.00012199973431015199,0.0,0.0,9.5196,0.0,0.0,1.0,0.0,0.0,0.0,0.0,0.0,0.0,0.0,0.0
22.872,0.9999978967561355,-0.0018309961489604836,-0.0009159980734286203,-0.00012199974340426634,0.0,0.0,9.7291,0.0,0.0,1.0,0.0,0.0,0.0,0.0,0.0,0.0,0.0,0.0
22.892,0.9999979925565449,-0.0018309963243710336,-0.0007929984080973405,-0.00018299963263790356,0.0,0.0,9.8763,0.0,0.0,1.0,0.0,0.0,0.0,0.0,0.0,0.0,0.0,0.0
22.9121,0.9999979423233512,-0.001830996232394056,-0.0008539982427441423,-0.00018299962344514586,0.0,0.0,9.7467,0.0,0.0,1.0,0.0,0.0,0.0,0.0,0.0,0.0,0.0,0.0
22.9322,0.9999982057803289,-0.0016479970431259822,-0.0009159983564947816,-0.00018299967165785747,0.0,0.0,9.8711,0.0,0.0,1.0,0.0,0.0,0.0,0.0,0.0,0.0,0.0,0.0
22.9522,0.9999981033923957,-0.0017089967586976043,-0.0009159982627074349,-0.00018299965292079,0.0,0.0,9.8805,0.0,0.0,1.0,0.0,0.0,0.0,0.0,0.0,0.0,0.0,0.0
22.9723,0.9999978874536943,-0.001830996131927714,-0.0009159980649075844,-0.00018299961340395576,0.0,0.0,9.8053,0.0,0.0,1.0,0.0,0.0,0.0,0.0,0.0,0.0,0.0,0.0
22.9924,0.9999981023864015,-0.0017699966412239312,-0.000792998495192417,-0.00018299965273665955,0.0,0.0,9.852,0.0,0.0,1.0,0.0,0.0,0.0,0.0,0.0,0.0,0.0,0.0
23.0125,0.9999981116888487,-0.001769996657689262,-0.0007929985025692572,-0.00012199976962595783,0.0,0.0,9.7385,0.0,0.0,1.0,0.0,0.0,0.0,0.0,0.0,0.0,0.0,0.0
23.0325,0.9999980614556371,-0.0017699965687764775,-0.0008539983444831145,-0.00012199976349752673,0.0,0.0,9.8477,0.0,0.0,1.0,0.0,0.0,0.0,0.0,0.0,0.0,0.0,0.0
23.0526,0.9999981116888487,-0.001769996657689262,-0.0007929985025692572,-0.00012199976962595783,0.0,0.0,9.766,0.0,0.0,1.0,0.0,0.0,0.0,0.0,0.0,0.0,0.0,0.0
23.0727,0.9999980018589889,-0.0018309963414038088,-0.0007929984154741786,-0.00012199975622678717,0.0,0.0,9.7658,0.0,0.0,1.0,0.0,0.0,0.0,0.0,0.0,0.0,0.0,0.0
23.0928,0.9999979925565449,-0.0018309963243710336,-0.0007929984080973405,-0.00018299963263790356,0.0,0.0,9.8048,0.0,0.0,1.0,0.0,0.0,0.0,0.0,0.0,0.0,0.0,0.0
23.1128,0.9999980483712134,-0.0018309964265676914,-0.0007319985714077285,-0.00012199976190124806,0.0,0.0,9.7662,0.0,0.0,1.0,0.0,0.0,0.0,0.0,0.0,0.0,0.0,0.0
23.1329,0.9999980018589889,-0.0018309963414038088,-0.0007929984154741786,-0.00012199975622678717,0.0,0.0,9.8483,0.0,0.0,1.0,0.0,0.0,0.0,0.0,0.0,0.0,0.0,0.0
23.153,0.9999980018589889,-0.0018309963414038088,-0.0007929984154741786,-0.00012199975622678717,0.0,0.0,9.8165,0.0,0.0,1.0,0.0,0.0,0.0,0.0,0.0,0.0,0.0,0.0
23.173,0.9999981582010885,-0.0017699967400159264,-0.000731998651803197,-0.00012199977530058526,0.0,0.0,9.7737,0.0,0.0,1.0,0.0,0.0,0.0,0.0,0.0,0.0,0.0,0.0
23.1931,0.9999980967439336,-0.0018309965151381419,-0.0006709987229151797,-6.099988390134703e-05,0.0,0.0,9.7699,0.0,0.0,1.0,0.0,0.0,0.0,0.0,0.0,0.0,0.0,0.0
23.2132,0.9999979831931013,-0.0018919961842013475,-0.0006709986467225713,-6.09998769747766e-05,0.0,0.0,9.848,0.0,0.0,1.0,0.0,0.0,0.0,0.0,0.0,0.0,0.0,0.0
23.2332,0.9999979831931013,-0.0018919961842013475,-0.0006709986467225713,-6.09998769747766e-05,0.0,0.0,9.8481,0.0,0.0,1.0,0.0,0.0,0.0,0.0,0.0,0.0,0.0,0.0
23.2533,0.9999981376747025,-0.00183099659008238,-0.0006099988639815686,0.0,0.0,0.0,9.7698,0.0,0.0,1.0,0.0,0.0,0.0,0.0,0.0,0.0,0.0,0.0
23.2734,0.999998247504607,-0.001769996898083154,-0.0006099989309778104,0.0,0.0,0.0,9.8555,0.0,0.0,1.0,0.0,0.0,0.0,0.0,0.0,0.0,0.0,0.0
23.2934,0.999998247504607,-0.001769996898083154,-0.0006099989309778104,0.0,0.0,0.0,9.7739,0.0,0.0,1.0,0.0,0.0,0.0,0.0,0.0,0.0,0.0,0.0
23.3135,0.999998247504607,-0.001769996898083154,-0.0006099989309778104,0.0,0.0,0.0,9.8126,0.0,0.0,1.0,0.0,0.0,0.0,0.0,0.0,0.0,0.0,0.0
23.3336,0.999998247504607,-0.001769996898083154,-0.0006099989309778104,0.0,0.0,0.0,9.8164,0.0,0.0,1.0,0.0,0.0,0.0,0.0,0.0,0.0,0.0,0.0
23.3537,0.9999981730240068,-0.0018309966548069562,-0.0005489989969901801,0.0,0.0,0.0,9.8051,0.0,0.0,1.0,0.0,0.0,0.0,0.0,0.0,0.0,0.0,0.0
23.3737,0.9999981730240068,-0.0018309966548069562,-0.0005489989969901801,0.0,0.0,0.0,9.8164,0.0,0.0,1.0,0.0,0.0,0.0,0.0,0.0,0.0,0.0,0.0
23.3938,0.999998247504607,-0.001769996898083154,-0.0006099989309778104,0.0,0.0,0.0,9.8477,0.0,0.0,1.0,0.0,0.0,0.0,0.0,0.0,0.0,0.0,0.0
23.4139,0.999998247504607,-0.001769996898083154,-0.0006099989309778104,0.0,0.0,0.0,9.8477,0.0,0.0,1.0,0.0,0.0,0.0,0.0,0.0,0.0,0.0,0.0
23.4339,0.9999981376747025,-0.00183099659008238,-0.0006099988639815686,0.0,0.0,0.0,9.8089,0.0,0.0,1.0,0.0,0.0,0.0,0.0,0.0,0.0,0.0,0.0
23.454,0.9999981376747025,-0.00183099659008238,-0.0006099988639815686,0.0,0.0,0.0,9.7735,0.0,0.0,1.0,0.0,0.0,0.0,0.0,0.0,0.0,0.0,0.0
23.4741,0.999998247504607,-0.001769996898083154,-0.0006099989309778104,0.0,0.0,0.0,9.8125,0.0,0.0,1.0,0.0,0.0,0.0,0.0,0.0,0.0,0.0,0.0
23.4941,0.999998247504607,-0.001769996898083154,-0.0006099989309778104,0.0,0.0,0.0,9.7775,0.0,0.0,1.0,0.0,0.0,0.0,0.0,0.0,0.0,0.0,0.0
23.5142,0.9999982456441167,-0.0017699968947900865,-0.0006099989298429114,-6.099989298424813e-05,0.0,0.0,9.8127,0.0,0.0,1.0,0.0,0.0,0.0,0.0,0.0,0.0,0.0,0.0
23.5343,0.9999980967439336,-0.0018309965151381419,-0.0006709987229151797,-6.099988390134703e-05,0.0,0.0,9.844,0.0,0.0,1.0,0.0,0.0,0.0,0.0,0.0,0.0,0.0,0.0
23.5543,0.9999980539526807,-0.0018309964367873581,-0.0007319985754933626,-6.099988129110168e-05,0.0,0.0,9.7662,0.0,0.0,1.0,0.0,0.0,0.0,0.0,0.0,0.0,0.0,0.0
23.5744,0.9999980483712134,-0.0018309964265676914,-0.0007319985714077285,-0.00012199976190124806,0.0,0.0,9.7662,0.0,0.0,1.0,0.0,0.0,0.0,0.0,0.0,0.0,0.0,0.0
23.5945,0.9999980911624656,-0.0018309965049184739,-0.0006709987191700146,-0.00012199976712179428,0.0,0.0,9.7774,0.0,0.0,1.0,0.0,0.0,0.0,0.0,0.0,0.0,0.0,0.0
23.6145,0.9999980483712134,-0.0018309964265676914,-0.0007319985714077285,-0.00012199976190124806,0.0,0.0,9.8164,0.0,0.0,1.0,0.0,0.0,0.0,0.0,0.0,0.0,0.0,0.0
23.6346,0.9999980483712134,-0.0018309964265676914,-0.0007319985714077285,-0.00012199976190124806,0.0,0.0,9.8088,0.0,0.0,1.0,0.0,0.0,0.0,0.0,0.0,0.0,0.0,0.0
23.6547,0.9999980074404555,-0.0018309963516234737,-0.0007929984199002815,-6.099987845381572e-05,0.0,0.0,9.8088,0.0,0.0,1.0,0.0,0.0,0.0,0.0,0.0,0.0,0.0,0.0
23.6747,0.9999981172703171,-0.001769996667568461,-0.0007929985069953617,-6.099988515356758e-05,0.0,0.0,9.8164,0.0,0.0,1.0,0.0,0.0,0.0,0.0,0.0,0.0,0.0,0.0
23.6948,0.9999981172703171,-0.001769996667568461,-0.0007929985069953617,-6.099988515356758e-05,0.0,0.0,9.8164,0.0,0.0,1.0,0.0,0.0,0.0,0.0,0.0,0.0,0.0,0.0
23.7149,0.9999981191308066,-0.0017699966708615278,-0.0007929985084707301,0.0,0.0,0.0,9.7702,0.0,0.0,1.0,0.0,0.0,0.0,0.0,0.0,0.0,0.0,0.0
23.7349,0.9999981191308066,-0.0017699966708615278,-0.0007929985084707301,0.0,0.0,0.0,9.8164,0.0,0.0,1.0,0.0,0.0,0.0,0.0,0.0,0.0,0.0,0.0
23.755,0.9999981656430474,-0.001769996753188194,-0.0007319986572507111,0.0,0.0,0.0,9.8127,0.0,0.0,1.0,0.0,0.0,0.0,0.0,0.0,0.0,0.0,0.0
23.7751,0.9999981191308066,-0.0017699966708615278,-0.0007929985084707301,0.0,0.0,0.0,9.8092,0.0,0.0,1.0,0.0,0.0,0.0,0.0,0.0,0.0,0.0,0.0
23.7951,0.9999982252397247,-0.0017089969669346896,-0.0007929985926151021,0.0,0.0,0.0,9.7662,0.0,0.0,1.0,0.0,0.0,0.0,0.0,0.0,0.0,0.0,0.0
23.8152,0.9999982252397247,-0.0017089969669346896,-0.0007929985926151021,0.0,0.0,0.0,9.8164,0.0,0.0,1.0,0.0,0.0,0.0,0.0,0.0,0.0,0.0,0.0
23.8353,0.9999982252397247,-0.0017089969669346896,-0.0007929985926151021,0.0,0.0,0.0,9.7774,0.0,0.0,1.0,0.0,0.0,0.0,0.0,0.0,0.0,0.0,0.0
23.8554,0.9999982233792346,-0.0017089969637551117,-0.0007929985911397334,-6.09998916261123e-05,0.0,0.0,9.809,0.0,0.0,1.0,0.0,0.0,0.0,0.0,0.0,0.0,0.0,0.0
23.8754,0.9999982233792346,-0.0017089969637551117,-0.0007929985911397334,-6.09998916261123e-05,0.0,0.0,9.7658,0.0,0.0,1.0,0.0,0.0,0.0,0.0,0.0,0.0,0.0,0.0
23.8955,0.9999982755339607,-0.001647997158079967,-0.0008539985273060028,-6.09998948075674e-05,0.0,0.0,9.8087,0.0,0.0,1.0,0.0,0.0,0.0,0.0,0.0,0.0,0.0,0.0
23.9156,0.9999982755339607,-0.001647997158079967,-0.0008539985273060028,-6.09998948075674e-05,0.0,0.0,9.8125,0.0,0.0,1.0,0.0,0.0,0.0,0.0,0.0,0.0,0.0,0.0
23.9356,0.9999982206642491,-0.0016479970676546824,-0.0009159983701284525,-6.0999891460578055e-05,0.0,0.0,9.8088,0.0,0.0,1.0,0.0,0.0,0.0,0.0,0.0,0.0,0.0,0.0
23.9557,0.9999982206642491,-0.0016479970676546824,-0.0009159983701284525,-6.0999891460578055e-05,0.0,0.0,9.8125,0.0,0.0,1.0,0.0,0.0,0.0,0.0,0.0,0.0,0.0,0.0
23.9758,0.9999982206642491,-0.0016479970676546824,-0.0009159983701284525,-6.0999891460578055e-05,0.0,0.0,9.8164,0.0,0.0,1.0,0.0,0.0,0.0,0.0,0.0,0.0,0.0,0.0
23.9959,0.9999982206642491,-0.0016479970676546824,-0.0009159983701284525,-6.0999891460578055e-05,0.0,0.0,9.809,0.0,0.0,1.0,0.0,0.0,0.0,0.0,0.0,0.0,0.0,0.0
24.016,0.9999982206642491,-0.0016479970676546824,-0.0009159983701284525,-6.0999891460578055e-05,0.0,0.0,9.8088,0.0,0.0,1.0,0.0,0.0,0.0,0.0,0.0,0.0,0.0,0.0
24.036,0.9999982206642491,-0.0016479970676546824,-0.0009159983701284525,-6.0999891460578055e-05,0.0,0.0,9.8477,0.0,0.0,1.0,0.0,0.0,0.0,0.0,0.0,0.0,0.0,0.0
24.0561,0.9999982206642491,-0.0016479970676546824,-0.0009159983701284525,-6.0999891460578055e-05,0.0,0.0,9.8439,0.0,0.0,1.0,0.0,0.0,0.0,0.0,0.0,0.0,0.0,0.0
24.0762,0.9999982225247391,-0.0016479970707207695,-0.0009159983718326611,0.0,0.0,0.0,9.7735,0.0,0.0,1.0,0.0,0.0,0.0,0.0,0.0,0.0,0.0,0.0
24.0964,0.9999983211917276,-0.0015869973357312715,-0.0009159984622116228,0.0,0.0,0.0,9.7735,0.0,0.0,1.0,0.0,0.0,0.0,0.0,0.0,0.0,0.0,0.0
24.1165,0.9999983211917276,-0.0015869973357312715,-0.0009159984622116228,0.0,0.0,0.0,9.8477,0.0,0.0,1.0,0.0,0.0,0.0,0.0,0.0,0.0,0.0,0.0
24.1366,0.9999983211917276,-0.0015869973357312715,-0.0009159984622116228,0.0,0.0,0.0,9.8092,0.0,0.0,1.0,0.0,0.0,0.0,0.0,0.0,0.0,0.0,0.0
24.1566,0.9999982634555235,-0.0015869972441039154,-0.0009769983033960468,0.0,0.0,0.0,9.8089,0.0,0.0,1.0,0.0,0.0,0.0,0.0,0.0,0.0,0.0,0.0
24.1767,0.999998416137763,-0.0015259975830262263,-0.0009159985491821913,0.0,0.0,0.0,9.8125,0.0,0.0,1.0,0.0,0.0,0.0,0.0,0.0,0.0,0.0,0.0
24.1968,0.9999983584015424,-0.0015259974949207535,-0.0009769983961583073,0.0,0.0,0.0,9.8048,0.0,0.0,1.0,0.0,0.0,0.0,0.0,0.0,0.0,0.0,0.0
24.2168,0.9999982634555235,-0.0015869972441039154,-0.0009769983033960468,0.0,0.0,0.0,9.7697,0.0,0.0,1.0,0.0,0.0,0.0,0.0,0.0,0.0,0.0,0.0
24.2369,0.9999983584015424,-0.0015259974949207535,-0.0009769983961583073,0.0,0.0,0.0,9.8164,0.0,0.0,1.0,0.0,0.0,0.0,0.0,0.0,0.0,0.0,0.0
24.257,0.9999982969443506,-0.0015259974011370787,-0.001037998232228236,0.0,0.0,0.0,9.844,0.0,0.0,1.0,0.0,0.0,0.0,0.0,0.0,0.0,0.0,0.0
24.277,0.9999982969443506,-0.0015259974011370787,-0.001037998232228236,0.0,0.0,0.0,9.7735,0.0,0.0,1.0,0.0,0.0,0.0,0.0,0.0,0.0,0.0,0.0
24.2971,0.9999982969443506,-0.0015259974011370787,-0.001037998232228236,0.0,0.0,0.0,9.8164,0.0,0.0,1.0,0.0,0.0,0.0,0.0,0.0,0.0,0.0,0.0
24.3172,0.9999982969443506,-0.0015259974011370787,-0.001037998232228236,0.0,0.0,0.0,9.8087,0.0,0.0,1.0,0.0,0.0,0.0,0.0,0.0,0.0,0.0,0.0
24.3372,0.9999982317661901,-0.001525997301675206,-0.001098998056711043,0.0,0.0,0.0,9.8048,0.0,0.0,1.0,0.0,0.0,0.0,0.0,0.0,0.0,0.0,0.0
24.3573,0.9999982317661901,-0.001525997301675206,-0.001098998056711043,0.0,0.0,0.0,9.8164,0.0,0.0,1.0,0.0,0.0,0.0,0.0,0.0,0.0,0.0,0.0
24.3774,0.9999982317661901,-0.001525997301675206,-0.001098998056711043,0.0,0.0,0.0,9.8127,0.0,0.0,1.0,0.0,0.0,0.0,0.0,0.0,0.0,0.0,0.0
24.3974,0.9999982317661901,-0.001525997301675206,-0.001098998056711043,0.0,0.0,0.0,9.8089,0.0,0.0,1.0,0.0,0.0,0.0,0.0,0.0,0.0,0.0,0.0
24.4175,0.9999982317661901,-0.001525997301675206,-0.001098998056711043,0.0,0.0,0.0,9.8048,0.0,0.0,1.0,0.0,0.0,0.0,0.0,0.0,0.0,0.0,0.0
24.4376,0.9999983229912186,-0.0014649975431821347,-0.0010989981569673494,0.0,0.0,0.0,9.7774,0.0,0.0,1.0,0.0,0.0,0.0,0.0,0.0,0.0,0.0,0.0
24.4576,0.9999983229912186,-0.0014649975431821347,-0.0010989981569673494,0.0,0.0,0.0,9.8477,0.0,0.0,1.0,0.0,0.0,0.0,0.0,0.0,0.0,0.0,0.0
24.4777,0.9999983229912186,-0.0014649975431821347,-0.0010989981569673494,0.0,0.0,0.0,9.8089,0.0,0.0,1.0,0.0,0.0,0.0,0.0,0.0,0.0,0.0,0.0
24.4978,0.9999983229912186,-0.0014649975431821347,-0.0010989981569673494,0.0,0.0,0.0,9.7775,0.0,0.0,1.0,0.0,0.0,0.0,0.0,0.0,0.0,0.0,0.0
24.5179,0.9999983229912186,-0.0014649975431821347,-0.0010989981569673494,0.0,0.0,0.0,9.8166,0.0,0.0,1.0,0.0,0.0,0.0,0.0,0.0,0.0,0.0,0.0
24.5379,0.9999983229912186,-0.0014649975431821347,-0.0010989981569673494,0.0,0.0,0.0,9.7658,0.0,0.0,1.0,0.0,0.0,0.0,0.0,0.0,0.0,0.0,0.0
24.558,0.9999983229912186,-0.0014649975431821347,-0.0010989981569673494,0.0,0.0,0.0,9.8091,0.0,0.0,1.0,0.0,0.0,0.0,0.0,0.0,0.0,0.0,0.0
24.5781,0.9999983229912186,-0.0014649975431821347,-0.0010989981569673494,0.0,0.0,0.0,9.8477,0.0,0.0,1.0,0.0,0.0,0.0,0.0,0.0,0.0,0.0,0.0
24.5981,0.9999983229912186,-0.0014649975431821347,-0.0010989981569673494,0.0,0.0,0.0,9.8087,0.0,0.0,1.0,0.0,0.0,0.0,0.0,0.0,0.0,0.0,0.0
24.6182,0.9999983229912186,-0.0014649975431821347,-0.0010989981569673494,0.0,0.0,0.0,9.8087,0.0,0.0,1.0,0.0,0.0,0.0,0.0,0.0,0.0,0.0,0.0
24.6383,0.9999983229912186,-0.0014649975431821347,-0.0010989981569673494,0.0,0.0,0.0,9.8477,0.0,0.0,1.0,0.0,0.0,0.0,0.0,0.0,0.0,0.0,0.0
24.6583,0.9999983229912186,-0.0014649975431821347,-0.0010989981569673494,0.0,0.0,0.0,9.848,0.0,0.0,1.0,0.0,0.0,0.0,0.0,0.0,0.0,0.0,0.0
24.6784,0.9999983229912186,-0.0014649975431821347,-0.0010989981569673494,0.0,0.0,0.0,9.7658,0.0,0.0,1.0,0.0,0.0,0.0,0.0,0.0,0.0,0.0,0.0
24.6985,0.999998321130728,-0.0014649975404565161,-0.00109899815492267,-6.099989758895363e-05,0.0,0.0,9.8126,0.0,0.0,1.0,0.0,0.0,0.0,0.0,0.0,0.0,0.0,0.0
24.7186,0.999998321130728,-0.0014649975404565161,-0.00109899815492267,-6.099989758895363e-05,0.0,0.0,9.8164,0.0,0.0,1.0,0.0,0.0,0.0,0.0,0.0,0.0,0.0,0.0
24.7386,0.999998321130728,-0.0014649975404565161,-0.00109899815492267,-6.099989758895363e-05,0.0,0.0,9.8089,0.0,0.0,1.0,0.0,0.0,0.0,0.0,0.0,0.0,0.0,0.0
24.7587,0.999998321130728,-0.0014649975404565161,-0.00109899815492267,-6.099989758895363e-05,0.0,0.0,9.8125,0.0,0.0,1.0,0.0,0.0,0.0,0.0,0.0,0.0,0.0,0.0
24.7788,0.999998321130728,-0.0014649975404565161,-0.00109899815492267,-6.099989758895363e-05,0.0,0.0,9.7735,0.0,0.0,1.0,0.0,0.0,0.0,0.0,0.0,0.0,0.0,0.0
24.7988,0.999998321130728,-0.0014649975404565161,-0.00109899815492267,-6.099989758895363e-05,0.0,0.0,9.7735,0.0,0.0,1.0,0.0,0.0,0.0,0.0,0.0,0.0,0.0,0.0
24.8189,0.999998321130728,-0.0014649975404565161,-0.00109899815492267,-6.099989758895363e-05,0.0,0.0,9.8087,0.0,0.0,1.0,0.0,0.0,0.0,0.0,0.0,0.0,0.0,0.0
24.839,0.999998321130728,-0.0014649975404565161,-0.00109899815492267,-6.099989758895363e-05,0.0,0.0,9.8051,0.0,0.0,1.0,0.0,0.0,0.0,0.0,0.0,0.0,0.0,0.0
24.859,0.999998321130728,-0.0014649975404565161,-0.00109899815492267,-6.099989758895363e-05,0.0,0.0,9.7699,0.0,0.0,1.0,0.0,0.0,0.0,0.0,0.0,0.0,0.0,0.0
24.8791,0.999998321130728,-0.0014649975404565161,-0.00109899815492267,-6.099989758895363e-05,0.0,0.0,9.7735,0.0,0.0,1.0,0.0,0.0,0.0,0.0,0.0,0.0,0.0,0.0
24.8992,0.999998321130728,-0.0014649975404565161,-0.00109899815492267,-6.099989758895363e-05,0.0,0.0,9.8127,0.0,0.0,1.0,0.0,0.0,0.0,0.0,0.0,0.0,0.0,0.0
24.9192,0.999998321130728,-0.0014649975404565161,-0.00109899815492267,-6.099989758895363e-05,0.0,0.0,9.7698,0.0,0.0,1.0,0.0,0.0,0.0,0.0,0.0,0.0,0.0,0.0
24.9393,0.999998321130728,-0.0014649975404565161,-0.00109899815492267,-6.099989758895363e-05,0.0,0.0,9.7698,0.0,0.0,1.0,0.0,0.0,0.0,0.0,0.0,0.0,0.0,0.0
24.9594,0.9999984738129939,-0.0014039978572334432,-0.0010379984158178878,-6.099990690261459e-05,0.0,0.0,9.7658,0.0,0.0,1.0,0.0,0.0,0.0,0.0,0.0,0.0,0.0,0.0
24.9795,0.9999984738129939,-0.0014039978572334432,-0.0010379984158178878,-6.099990690261459e-05,0.0,0.0,9.8088,0.0,0.0,1.0,0.0,0.0,0.0,0.0,0.0,0.0,0.0,0.0
24.9996,0.9999984738129939,-0.0014039978572334432,-0.0010379984158178878,-6.099990690261459e-05,0.0,0.0,9.8165,0.0,0.0,1.0,0.0,0.0,0.0,0.0,0.0,0.0,0.0,0.0
25.0197,0.9999984086347987,-0.001403997765723257,-0.001098998251089644,-6.099990292662838e-05,0.0,0.0,9.7774,0.0,0.0,1.0,0.0,0.0,0.0,0.0,0.0,0.0,0.0,0.0
25.0398,0.9999984086347987,-0.001403997765723257,-0.001098998251089644,-6.099990292662838e-05,0.0,0.0,9.8164,0.0,0.0,1.0,0.0,0.0,0.0,0.0,0.0,0.0,0.0,0.0
25.0598,0.9999984086347987,-0.001403997765723257,-0.001098998251089644,-6.099990292662838e-05,0.0,0.0,9.8164,0.0,0.0,1.0,0.0,0.0,0.0,0.0,0.0,0.0,0.0,0.0
25.0799,0.9999984086347987,-0.001403997765723257,-0.001098998251089644,-6.099990292662838e-05,0.0,0.0,9.8087,0.0,0.0,1.0,0.0,0.0,0.0,0.0,0.0,0.0,0.0,0.0
25.1,0.9999984086347987,-0.001403997765723257,-0.001098998251089644,-6.099990292662838e-05,0.0,0.0,9.766,0.0,0.0,1.0,0.0,0.0,0.0,0.0,0.0,0.0,0.0,0.0
25.1201,0.9999984086347987,-0.001403997765723257,-0.001098998251089644,-6.099990292662838e-05,0.0,0.0,9.8164,0.0,0.0,1.0,0.0,0.0,0.0,0.0,0.0,0.0,0.0,0.0
25.1402,0.9999984086347987,-0.001403997765723257,-0.001098998251089644,-6.099990292662838e-05,0.0,0.0,9.8127,0.0,0.0,1.0,0.0,0.0,0.0,0.0,0.0,0.0,0.0,0.0
25.1603,0.9999984086347987,-0.001403997765723257,-0.001098998251089644,-6.099990292662838e-05,0.0,0.0,9.844,0.0,0.0,1.0,0.0,0.0,0.0,0.0,0.0,0.0,0.0,0.0
25.1804,0.9999984738129939,-0.0014039978572334432,-0.0010379984158178878,-6.099990690261459e-05,0.0,0.0,9.8125,0.0,0.0,1.0,0.0,0.0,0.0,0.0,0.0,0.0,0.0,0.0
25.2004,0.9999984738129939,-0.0014039978572334432,-0.0010379984158178878,-6.099990690261459e-05,0.0,0.0,9.844,0.0,0.0,1.0,0.0,0.0,0.0,0.0,0.0,0.0,0.0,0.0
25.2205,0.9999984738129939,-0.0014039978572334432,-0.0010379984158178878,-6.099990690261459e-05,0.0,0.0,9.8048,0.0,0.0,1.0,0.0,0.0,0.0,0.0,0.0,0.0,0.0,0.0
25.2406,0.9999984738129939,-0.0014039978572334432,-0.0010379984158178878,-6.099990690261459e-05,0.0,0.0,9.8087,0.0,0.0,1.0,0.0,0.0,0.0,0.0,0.0,0.0,0.0,0.0
25.2607,0.9999984738129939,-0.0014039978572334432,-0.0010379984158178878,-6.099990690261459e-05,0.0,0.0,9.7774,0.0,0.0,1.0,0.0,0.0,0.0,0.0,0.0,0.0,0.0,0.0
25.2808,0.9999984738129939,-0.0014039978572334432,-0.0010379984158178878,-6.099990690261459e-05,0.0,0.0,9.8088,0.0,0.0,1.0,0.0,0.0,0.0,0.0,0.0,0.0,0.0,0.0
25.3009,0.9999984738129939,-0.0014039978572334432,-0.0010379984158178878,-6.099990690261459e-05,0.0,0.0,9.7662,0.0,0.0,1.0,0.0,0.0,0.0,0.0,0.0,0.0,0.0,0.0
25.321,0.9999984738129939,-0.0014039978572334432,-0.0010379984158178878,-6.099990690261459e-05,0.0,0.0,9.8164,0.0,0.0,1.0,0.0,0.0,0.0,0.0,0.0,0.0,0.0,0.0
25.341,0.9999984738129939,-0.0014039978572334432,-0.0010379984158178878,-6.099990690261459e-05,0.0,0.0,9.8478,0.0,0.0,1.0,0.0,0.0,0.0,0.0,0.0,0.0,0.0,0.0
25.3611,0.9999984738129939,-0.0014039978572334432,-0.0010379984158178878,-6.099990690261459e-05,0.0,0.0,9.8048,0.0,0.0,1.0,0.0,0.0,0.0,0.0,0.0,0.0,0.0,0.0
25.3812,0.9999984086347987,-0.001403997765723257,-0.001098998251089644,-6.099990292662838e-05,0.0,0.0,9.809,0.0,0.0,1.0,0.0,0.0,0.0,0.0,0.0,0.0,0.0,0.0
25.4013,0.9999984086347987,-0.001403997765723257,-0.001098998251089644,-6.099990292662838e-05,0.0,0.0,9.8477,0.0,0.0,1.0,0.0,0.0,0.0,0.0,0.0,0.0,0.0,0.0
25.4214,0.9999984086347987,-0.001403997765723257,-0.001098998251089644,-6.099990292662838e-05,0.0,0.0,9.8127,0.0,0.0,1.0,0.0,0.0,0.0,0.0,0.0,0.0,0.0,0.0
25.4415,0.9999984086347987,-0.001403997765723257,-0.001098998251089644,-6.099990292662838e-05,0.0,0.0,9.8091,0.0,0.0,1.0,0.0,0.0,0.0,0.0,0.0,0.0,0.0,0.0
25.4616,0.9999984086347987,-0.001403997765723257,-0.001098998251089644,-6.099990292662838e-05,0.0,0.0,9.7735,0.0,0.0,1.0,0.0,0.0,0.0,0.0,0.0,0.0,0.0,0.0
25.4816,0.9999984086347987,-0.001403997765723257,-0.001098998251089644,-6.099990292662838e-05,0.0,0.0,9.8087,0.0,0.0,1.0,0.0,0.0,0.0,0.0,0.0,0.0,0.0,0.0
25.5017,0.9999984086347987,-0.001403997765723257,-0.001098998251089644,-6.099990292662838e-05,0.0,0.0,9.7699,0.0,0.0,1.0,0.0,0.0,0.0,0.0,0.0,0.0,0.0,0.0
25.5218,0.9999984086347987,-0.001403997765723257,-0.001098998251089644,-6.099990292662838e-05,0.0,0.0,9.8125,0.0,0.0,1.0,0.0,0.0,0.0,0.0,0.0,0.0,0.0,0.0
25.5419,0.9999984086347987,-0.001403997765723257,-0.001098998251089644,-6.099990292662838e-05,0.0,0.0,9.8164,0.0,0.0,1.0,0.0,0.0,0.0,0.0,0.0,0.0,0.0,0.0
25.562,0.9999984086347987,-0.001403997765723257,-0.001098998251089644,-6.099990292662838e-05,0.0,0.0,9.8091,0.0,0.0,1.0,0.0,0.0,0.0,0.0,0.0,0.0,0.0,0.0
25.5821,0.9999984086347987,-0.001403997765723257,-0.001098998251089644,-6.099990292662838e-05,0.0,0.0,9.8051,0.0,0.0,1.0,0.0,0.0,0.0,0.0,0.0,0.0,0.0,0.0
25.6021,0.9999984086347987,-0.001403997765723257,-0.001098998251089644,-6.099990292662838e-05,0.0,0.0,9.7775,0.0,0.0,1.0,0.0,0.0,0.0,0.0,0.0,0.0,0.0,0.0
25.6222,0.9999984086347987,-0.001403997765723257,-0.001098998251089644,-6.099990292662838e-05,0.0,0.0,9.7735,0.0,0.0,1.0,0.0,0.0,0.0,0.0,0.0,0.0,0.0,0.0
25.6423,0.9999984086347987,-0.001403997765723257,-0.001098998251089644,-6.099990292662838e-05,0.0,0.0,9.7776,0.0,0.0,1.0,0.0,0.0,0.0,0.0,0.0,0.0,0.0,0.0
25.6624,0.9999984086347987,-0.001403997765723257,-0.001098998251089644,-6.099990292662838e-05,0.0,0.0,9.8518,0.0,0.0,1.0,0.0,0.0,0.0,0.0,0.0,0.0,0.0,0.0
25.6825,0.9999984086347987,-0.001403997765723257,-0.001098998251089644,-6.099990292662838e-05,0.0,0.0,9.809,0.0,0.0,1.0,0.0,0.0,0.0,0.0,0.0,0.0,0.0,0.0
25.7026,0.9999984086347987,-0.001403997765723257,-0.001098998251089644,-6.099990292662838e-05,0.0,0.0,9.7662,0.0,0.0,1.0,0.0,0.0,0.0,0.0,0.0,0.0,0.0,0.0
25.7227,0.9999984086347987,-0.001403997765723257,-0.001098998251089644,-6.099990292662838e-05,0.0,0.0,9.7697,0.0,0.0,1.0,0.0,0.0,0.0,0.0,0.0,0.0,0.0,0.0
25.7427,0.9999984086347987,-0.001403997765723257,-0.001098998251089644,-6.099990292662838e-05,0.0,0.0,9.8164,0.0,0.0,1.0,0.0,0.0,0.0,0.0,0.0,0.0,0.0,0.0
25.7628,0.9999984086347987,-0.001403997765723257,-0.001098998251089644,-6.099990292662838e-05,0.0,0.0,9.8091,0.0,0.0,1.0,0.0,0.0,0.0,0.0,0.0,0.0,0.0,0.0
25.7829,0.9999984086347987,-0.001403997765723257,-0.001098998251089644,-6.099990292662838e-05,0.0,0.0,9.7658,0.0,0.0,1.0,0.0,0.0,0.0,0.0,0.0,0.0,0.0,0.0
25.803,0.9999984086347987,-0.001403997765723257,-0.001098998251089644,-6.099990292662838e-05,0.0,0.0,9.8126,0.0,0.0,1.0,0.0,0.0,0.0,0.0,0.0,0.0,0.0,0.0
25.8231,0.9999984086347987,-0.001403997765723257,-0.001098998251089644,-6.099990292662838e-05,0.0,0.0,9.8125,0.0,0.0,1.0,0.0,0.0,0.0,0.0,0.0,0.0,0.0,0.0
25.8432,0.9999984086347987,-0.001403997765723257,-0.001098998251089644,-6.099990292662838e-05,0.0,0.0,9.7699,0.0,0.0,1.0,0.0,0.0,0.0,0.0,0.0,0.0,0.0,0.0
25.8633,0.9999984086347987,-0.001403997765723257,-0.001098998251089644,-6.099990292662838e-05,0.0,0.0,9.8164,0.0,0.0,1.0,0.0,0.0,0.0,0.0,0.0,0.0,0.0,0.0
25.8833,0.9999984086347987,-0.001403997765723257,-0.001098998251089644,-6.099990292662838e-05,0.0,0.0,9.8164,0.0,0.0,1.0,0.0,0.0,0.0,0.0,0.0,0.0,0.0,0.0
25.9034,0.9999984086347987,-0.001403997765723257,-0.001098998251089644,-6.099990292662838e-05,0.0,0.0,9.8089,0.0,0.0,1.0,0.0,0.0,0.0,0.0,0.0,0.0,0.0,0.0
25.9235,0.9999984086347987,-0.001403997765723257,-0.001098998251089644,-6.099990292662838e-05,0.0,0.0,9.8088,0.0,0.0,1.0,0.0,0.0,0.0,0.0,0.0,0.0,0.0,0.0
25.9436,0.9999984086347987,-0.001403997765723257,-0.001098998251089644,-6.099990292662838e-05,0.0,0.0,9.8164,0.0,0.0,1.0,0.0,0.0,0.0,0.0,0.0,0.0,0.0,0.0
25.9637,0.9999984738129939,-0.0014039978572334432,-0.0010379984158178878,-6.099990690261459e-05,0.0,0.0,9.7697,0.0,0.0,1.0,0.0,0.0,0.0,0.0,0.0,0.0,0.0,0.0
25.9838,0.9999984738129939,-0.0014039978572334432,-0.0010379984158178878,-6.099990690261459e-05,0.0,0.0,9.7699,0.0,0.0,1.0,0.0,0.0,0.0,0.0,0.0,0.0,0.0,0.0
26.0038,0.9999984738129939,-0.0014039978572334432,-0.0010379984158178878,-6.099990690261459e-05,0.0,0.0,9.8088,0.0,0.0,1.0,0.0,0.0,0.0,0.0,0.0,0.0,0.0,0.0
26.0239,0.9999984738129939,-0.0014039978572334432,-0.0010379984158178878,-6.099990690261459e-05,0.0,0.0,9.7697,0.0,0.0,1.0,0.0,0.0,0.0,0.0,0.0,0.0,0.0,0.0
26.044,0.9999984738129939,-0.0014039978572334432,-0.0010379984158178878,-6.099990690261459e-05,0.0,0.0,9.7742,0.0,0.0,1.0,0.0,0.0,0.0,0.0,0.0,0.0,0.0,0.0
26.0641,0.9999984738129939,-0.0014039978572334432,-0.0010379984158178878,-6.099990690261459e-05,0.0,0.0,9.8521,0.0,0.0,1.0,0.0,0.0,0.0,0.0,0.0,0.0,0.0,0.0
26.0842,0.9999984738129939,-0.0014039978572334432,-0.0010379984158178878,-6.099990690261459e-05,0.0,0.0,9.8016,0.0,0.0,1.0,0.0,0.0,0.0,0.0,0.0,0.0,0.0,0.0
26.1043,0.9999984738129939,-0.0014039978572334432,-0.0010379984158178878,-6.099990690261459e-05,0.0,0.0,9.8479,0.0,0.0,1.0,0.0,0.0,0.0,0.0,0.0,0.0,0.0,0.0
26.1244,0.9999984738129939,-0.0014039978572334432,-0.0010379984158178878,-6.099990690261459e-05,0.0,0.0,9.8087,0.0,0.0,1.0,0.0,0.0,0.0,0.0,0.0,0.0,0.0,0.0
26.1444,0.9999984738129939,-0.0014039978572334432,-0.0010379984158178878,-6.099990690261459e-05,0.0,0.0,9.8088,0.0,0.0,1.0,0.0,0.0,0.0,0.0,0.0,0.0,0.0,0.0
26.1645,0.9999984738129939,-0.0014039978572334432,-0.0010379984158178878,-6.099990690261459e-05,0.0,0.0,9.8088,0.0,0.0,1.0,0.0,0.0,0.0,0.0,0.0,0.0,0.0,0.0
26.1846,0.9999984738129939,-0.0014039978572334432,-0.0010379984158178878,-6.099990690261459e-05,0.0,0.0,9.7735,0.0,0.0,1.0,0.0,0.0,0.0,0.0,0.0,0.0,0.0,0.0
26.2047,0.9999984738129939,-0.0014039978572334432,-0.0010379984158178878,-6.099990690261459e-05,0.0,0.0,9.8165,0.0,0.0,1.0,0.0,0.0,0.0,0.0,0.0,0.0,0.0,0.0
26.2248,0.9999984738129939,-0.0014039978572334432,-0.0010379984158178878,-6.099990690261459e-05,0.0,0.0,9.8439,0.0,0.0,1.0,0.0,0.0,0.0,0.0,0.0,0.0,0.0,0.0
26.2449,0.9999984738129939,-0.0014039978572334432,-0.0010379984158178878,-6.099990690261459e-05,0.0,0.0,9.809,0.0,0.0,1.0,0.0,0.0,0.0,0.0,0.0,0.0,0.0,0.0
26.265,0.9999984738129939,-0.0014039978572334432,-0.0010379984158178878,-6.099990690261459e-05,0.0,0.0,9.8439,0.0,0.0,1.0,0.0,0.0,0.0,0.0,0.0,0.0,0.0,0.0
26.2851,0.9999984738129939,-0.0014039978572334432,-0.0010379984158178878,-6.099990690261459e-05,0.0,0.0,9.7735,0.0,0.0,1.0,0.0,0.0,0.0,0.0,0.0,0.0,0.0,0.0
26.3052,0.9999984738129939,-0.0014039978572334432,-0.0010379984158178878,-6.099990690261459e-05,0.0,0.0,9.8125,0.0,0.0,1.0,0.0,0.0,0.0,0.0,0.0,0.0,0.0,0.0
26.3253,0.9999984738129939,-0.0014039978572334432,-0.0010379984158178878,-6.099990690261459e-05,0.0,0.0,9.8048,0.0,0.0,1.0,0.0,0.0,0.0,0.0,0.0,0.0,0.0,0.0
26.3454,0.9999984738129939,-0.0014039978572334432,-0.0010379984158178878,-6.099990690261459e-05,0.0,0.0,9.8088,0.0,0.0,1.0,0.0,0.0,0.0,0.0,0.0,0.0,0.0,0.0
26.3655,0.9999984738129939,-0.0014039978572334432,-0.0010379984158178878,-6.099990690261459e-05,0.0,0.0,9.7697,0.0,0.0,1.0,0.0,0.0,0.0,0.0,0.0,0.0,0.0,0.0
26.3856,0.9999984738129939,-0.0014039978572334432,-0.0010379984158178878,-6.099990690261459e-05,0.0,0.0,9.8166,0.0,0.0,1.0,0.0,0.0,0.0,0.0,0.0,0.0,0.0,0.0
26.4056,0.9999984738129939,-0.0014039978572334432,-0.0010379984158178878,-6.099990690261459e-05,0.0,0.0,9.8125,0.0,0.0,1.0,0.0,0.0,0.0,0.0,0.0,0.0,0.0,0.0
26.4257,0.9999984738129939,-0.0014039978572334432,-0.0010379984158178878,-6.099990690261459e-05,0.0,0.0,9.8088,0.0,0.0,1.0,0.0,0.0,0.0,0.0,0.0,0.0,0.0,0.0
26.4458,0.9999984738129939,-0.0014039978572334432,-0.0010379984158178878,-6.099990690261459e-05,0.0,0.0,9.7658,0.0,0.0,1.0,0.0,0.0,0.0,0.0,0.0,0.0,0.0,0.0
26.4659,0.9999984738129939,-0.0014039978572334432,-0.0010379984158178878,-6.099990690261459e-05,0.0,0.0,9.8165,0.0,0.0,1.0,0.0,0.0,0.0,0.0,0.0,0.0,0.0,0.0
26.486,0.9999984086347987,-0.001403997765723257,-0.001098998251089644,-6.099990292662838e-05,0.0,0.0,9.7737,0.0,0.0,1.0,0.0,0.0,0.0,0.0,0.0,0.0,0.0,0.0
26.5061,0.9999984086347987,-0.001403997765723257,-0.001098998251089644,-6.099990292662838e-05,0.0,0.0,9.8053,0.0,0.0,1.0,0.0,0.0,0.0,0.0,0.0,0.0,0.0,0.0
26.5262,0.9999984086347987,-0.001403997765723257,-0.001098998251089644,-6.099990292662838e-05,0.0,0.0,9.809,0.0,0.0,1.0,0.0,0.0,0.0,0.0,0.0,0.0,0.0,0.0
26.5463,0.9999984086347987,-0.001403997765723257,-0.001098998251089644,-6.099990292662838e-05,0.0,0.0,9.8477,0.0,0.0,1.0,0.0,0.0,0.0,0.0,0.0,0.0,0.0,0.0
26.5664,0.9999984086347987,-0.001403997765723257,-0.001098998251089644,-6.099990292662838e-05,0.0,0.0,9.7735,0.0,0.0,1.0,0.0,0.0,0.0,0.0,0.0,0.0,0.0,0.0
26.5865,0.9999984086347987,-0.001403997765723257,-0.001098998251089644,-6.099990292662838e-05,0.0,0.0,9.7735,0.0,0.0,1.0,0.0,0.0,0.0,0.0,0.0,0.0,0.0,0.0
26.6066,0.9999984086347987,-0.001403997765723257,-0.001098998251089644,-6.099990292662838e-05,0.0,0.0,9.7779,0.0,0.0,1.0,0.0,0.0,0.0,0.0,0.0,0.0,0.0,0.0
26.6266,0.9999984924179093,-0.001342997975317252,-0.0010989983431672825,-6.099990803742905e-05,0.0,0.0,9.848,0.0,0.0,1.0,0.0,0.0,0.0,0.0,0.0,0.0,0.0,0.0
26.6467,0.9999984924179093,-0.001342997975317252,-0.0010989983431672825,-6.099990803742905e-05,0.0,0.0,9.7981,0.0,0.0,1.0,0.0,0.0,0.0,0.0,0.0,0.0,0.0,0.0
26.6668,0.9999984924179093,-0.001342997975317252,-0.0010989983431672825,-6.099990803742905e-05,0.0,0.0,9.805,0.0,0.0,1.0,0.0,0.0,0.0,0.0,0.0,0.0,0.0,0.0
26.6869,0.9999984924179093,-0.001342997975317252,-0.0010989983431672825,-6.099990803742905e-05,0.0,0.0,9.7658,0.0,0.0,1.0,0.0,0.0,0.0,0.0,0.0,0.0,0.0,0.0
26.707,0.9999984924179093,-0.001342997975317252,-0.0010989983431672825,-6.099990803742905e-05,0.0,0.0,9.8518,0.0,0.0,1.0,0.0,0.0,0.0,0.0,0.0,0.0,0.0,0.0
26.7271,0.9999984924179093,-0.001342997975317252,-0.0010989983431672825,-6.099990803742905e-05,0.0,0.0,9.8088,0.0,0.0,1.0,0.0,0.0,0.0,0.0,0.0,0.0,0.0,0.0
26.7472,0.9999984924179093,-0.001342997975317252,-0.0010989983431672825,-6.099990803742905e-05,0.0,0.0,9.8164,0.0,0.0,1.0,0.0,0.0,0.0,0.0,0.0,0.0,0.0,0.0
26.7673,0.9999984924179093,-0.001342997975317252,-0.0010989983431672825,-6.099990803742905e-05,0.0,0.0,9.8555,0.0,0.0,1.0,0.0,0.0,0.0,0.0,0.0,0.0,0.0,0.0
26.7874,0.9999984924179093,-0.001342997975317252,-0.0010989983431672825,-6.099990803742905e-05,0.0,0.0,9.766,0.0,0.0,1.0,0.0,0.0,0.0,0.0,0.0,0.0,0.0,0.0
26.8075,0.9999984924179093,-0.001342997975317252,-0.0010989983431672825,-6.099990803742905e-05,0.0,0.0,9.805,0.0,0.0,1.0,0.0,0.0,0.0,0.0,0.0,0.0,0.0,0.0
26.8276,0.9999985724800569,-0.0012819981699194324,-0.0010989984311555825,-6.0999912921244626e-05,0.0,0.0,9.8555,0.0,0.0,1.0,0.0,0.0,0.0,0.0,0.0,0.0,0.0,0.0
26.8476,0.999998579922025,-0.0012209982660847925,-0.0011599983527095493,-6.099991337527033e-05,0.0,0.0,9.8091,0.0,0.0,1.0,0.0,0.0,0.0,0.0,0.0,0.0,0.0,0.0
26.8677,0.999998579922025,-0.0012209982660847925,-0.0011599983527095493,-6.099991337527033e-05,0.0,0.0,9.8088,0.0,0.0,1.0,0.0,0.0,0.0,0.0,0.0,0.0,0.0,0.0
26.8878,0.9999986488212387,-0.001220998350210732,-0.0010989985150545412,-6.0999917578130614e-05,0.0,0.0,9.8127,0.0,0.0,1.0,0.0,0.0,0.0,0.0,0.0,0.0,0.0,0.0
26.9079,0.9999985724800569,-0.0012819981699194324,-0.0010989984311555825,-6.0999912921244626e-05,0.0,0.0,9.8125,0.0,0.0,1.0,0.0,0.0,0.0,0.0,0.0,0.0,0.0,0.0
26.928,0.9999984924179093,-0.001342997975317252,-0.0010989983431672825,-6.099990803742905e-05,0.0,0.0,9.8021,0.0,0.0,1.0,0.0,0.0,0.0,0.0,0.0,0.0,0.0,0.0
26.9481,0.9999984924179093,-0.001342997975317252,-0.0010989983431672825,-6.099990803742905e-05,0.0,0.0,9.8021,0.0,0.0,1.0,0.0,0.0,0.0,0.0,0.0,0.0,0.0,0.0
26.9682,0.9999986320768068,-0.0012819982463224662,-0.0010379985800957256,-0.00012199983311345086,0.0,0.0,9.7749,0.0,0.0,1.0,0.0,0.0,0.0,0.0,0.0,0.0,0.0,0.0
26.9883,0.9999985724800569,-0.0012819981699194324,-0.0010989984311555825,-6.0999912921244626e-05,0.0,0.0,9.8566,0.0,0.0,1.0,0.0,0.0,0.0,0.0,0.0,0.0,0.0,0.0
27.0084,0.999998423518728,-0.0013429978827856515,-0.0011599981712817247,-6.099990383462428e-05,0.0,0.0,9.8487,0.0,0.0,1.0,0.0,0.0,0.0,0.0,0.0,0.0,0.0,0.0
27.0285,0.9999984924179093,-0.001342997975317252,-0.0010989983431672825,-6.099990803742905e-05,0.0,0.0,9.8443,0.0,0.0,1.0,0.0,0.0,0.0,0.0,0.0,0.0,0.0,0.0
27.0485,0.9999985575961208,-0.00134299806285159,-0.0010379985027847737,-6.099991201335975e-05,0.0,0.0,9.7774,0.0,0.0,1.0,0.0,0.0,0.0,0.0,0.0,0.0,0.0,0.0
27.0687,0.999998552014645,-0.001342998055355668,-0.0010379984969912017,-0.0001219998233457642,0.0,0.0,9.7384,0.0,0.0,1.0,0.0,0.0,0.0,0.0,0.0,0.0,0.0,0.0
27.0887,0.9999986134718837,-0.0013429981378927395,-0.0009769986453620305,-0.00012199983084348887,0.0,0.0,9.7735,0.0,0.0,1.0,0.0,0.0,0.0,0.0,0.0,0.0,0.0,0.0
27.1088,0.9999986134718837,-0.0013429981378927395,-0.0009769986453620305,-0.00012199983084348887,0.0,0.0,9.8053,0.0,0.0,1.0,0.0,0.0,0.0,0.0,0.0,0.0,0.0,0.0
27.1289,0.9999986190533605,-0.0013429981453886631,-0.0009769986508151333,-6.099991576230533e-05,0.0,0.0,9.8481,0.0,0.0,1.0,0.0,0.0,0.0,0.0,0.0,0.0,0.0,0.0
27.149,0.9999986190533605,-0.0013429981453886631,-0.0009769986508151333,-6.099991576230533e-05,0.0,0.0,9.7774,0.0,0.0,1.0,0.0,0.0,0.0,0.0,0.0,0.0,0.0,0.0
27.1691,0.9999986935340603,-0.001281998325110665,-0.0009769987235827772,-0.0001219998406110645,0.0,0.0,9.7775,0.0,0.0,1.0,0.0,0.0,0.0,0.0,0.0,0.0,0.0,0.0
27.1892,0.9999987754567493,-0.001220998504832691,-0.0009769988036212444,-6.099992530284038e-05,0.0,0.0,9.8127,0.0,0.0,1.0,0.0,0.0,0.0,0.0,0.0,0.0,0.0,0.0
27.2093,0.9999987754567493,-0.001220998504832691,-0.0009769988036212444,-6.099992530284038e-05,0.0,0.0,9.8443,0.0,0.0,1.0,0.0,0.0,0.0,0.0,0.0,0.0,0.0,0.0
27.2293,0.9999986991155385,-0.0012819983322661201,-0.0009769987290358813,-6.099992064606541e-05,0.0,0.0,9.7625,0.0,0.0,1.0,0.0,0.0,0.0,0.0,0.0,0.0,0.0,0.0
27.2494,0.9999987568518182,-0.0012819984062840306,-0.0009159988612762656,-6.0999924168025916e-05,0.0,0.0,9.7698,0.0,0.0,1.0,0.0,0.0,0.0,0.0,0.0,0.0,0.0,0.0
27.2695,0.9999987754567493,-0.001220998504832691,-0.0009769988036212444,-6.099992530284038e-05,0.0,0.0,9.8126,0.0,0.0,1.0,0.0,0.0,0.0,0.0,0.0,0.0,0.0,0.0
27.2896,0.9999987009760313,-0.001281998334651272,-0.0009769987308535827,0.0,0.0,0.0,9.7306,0.0,0.0,1.0,0.0,0.0,0.0,0.0,0.0,0.0,0.0,0.0
27.3097,0.9999986209138528,-0.0013429981478873042,-0.0009769986526328345,0.0,0.0,0.0,9.8947,0.0,0.0,1.0,0.0,0.0,0.0,0.0,0.0,0.0,0.0,0.0
27.3298,0.9999985594566128,-0.001342998065350231,-0.0010379985047159646,0.0,0.0,0.0,9.7774,0.0,0.0,1.0,0.0,0.0,0.0,0.0,0.0,0.0,0.0,0.0
27.3499,0.9999984756734854,-0.0014039978598455734,-0.0010379984177490782,0.0,0.0,0.0,9.8048,0.0,0.0,1.0,0.0,0.0,0.0,0.0,0.0,0.0,0.0,0.0
27.3699,0.9999984756734854,-0.0014039978598455734,-0.0010379984177490782,0.0,0.0,0.0,9.8097,0.0,0.0,1.0,0.0,0.0,0.0,0.0,0.0,0.0,0.0,0.0
27.39,0.9999984086347987,-0.0014039977657232577,-0.0010989982510896444,6.099990292662839e-05,0.0,0.0,9.8051,0.0,0.0,1.0,0.0,0.0,0.0,0.0,0.0,0.0,0.0,0.0
27.4101,0.9999985594566128,-0.001342998065350231,-0.0010379985047159646,0.0,0.0,0.0,9.8164,0.0,0.0,1.0,0.0,0.0,0.0,0.0,0.0,0.0,0.0,0.0
27.4302,0.9999986395187763,-0.0012819982558630709,-0.00103799858782049,0.0,0.0,0.0,9.7662,0.0,0.0,1.0,0.0,0.0,0.0,0.0,0.0,0.0,0.0,0.0
27.4503,0.9999986395187763,-0.0012819982558630709,-0.00103799858782049,0.0,0.0,0.0,9.8129,0.0,0.0,1.0,0.0,0.0,0.0,0.0,0.0,0.0,0.0,0.0
27.4704,0.9999987158599736,-0.001220998432065028,-0.0010379986670626528,0.0,0.0,0.0,9.8127,0.0,0.0,1.0,0.0,0.0,0.0,0.0,0.0,0.0,0.0,0.0
27.4905,0.9999987773172425,-0.0012209985071043531,-0.0009769988054389462,0.0,0.0,0.0,9.7735,0.0,0.0,1.0,0.0,0.0,0.0,0.0,0.0,0.0,0.0,0.0
27.5105,0.9999987009760313,-0.001281998334651272,-0.0009769987308535827,0.0,0.0,0.0,9.8444,0.0,0.0,1.0,0.0,0.0,0.0,0.0,0.0,0.0,0.0,0.0
27.5306,0.9999986991155385,-0.0012819983322661201,-0.0009769987290358813,-6.099992064606541e-05,0.0,0.0,9.8051,0.0,0.0,1.0,0.0,0.0,0.0,0.0,0.0,0.0,0.0,0.0
27.5507,0.9999986935340603,-0.001281998325110665,-0.0009769987235827772,-0.0001219998406110645,0.0,0.0,9.8052,0.0,0.0,1.0,0.0,0.0,0.0,0.0,0.0,0.0,0.0,0.0
27.5708,0.9999987698752698,-0.0012209984980177044,-0.0009769987981681392,-0.00012199984992472546,0.0,0.0,9.8166,0.0,0.0,1.0,0.0,0.0,0.0,0.0,0.0,0.0,0.0,0.0
27.5909,0.9999987084180023,-0.0012209984229783809,-0.001037998659337887,-0.00012199984242705632,0.0,0.0,9.7779,0.0,0.0,1.0,0.0,0.0,0.0,0.0,0.0,0.0,0.0,0.0
27.611,0.9999987084180023,-0.0012209984229783809,-0.001037998659337887,-0.00012199984242705632,0.0,0.0,9.8087,0.0,0.0,1.0,0.0,0.0,0.0,0.0,0.0,0.0,0.0,0.0
27.631,0.9999986320768068,-0.0012819982463224662,-0.0010379985800957256,-0.00012199983311345086,0.0,0.0,9.8017,0.0,0.0,1.0,0.0,0.0,0.0,0.0,0.0,0.0,0.0,0.0
27.6511,0.9999986320768068,-0.0012819982463224662,-0.0010379985800957256,-0.00012199983311345086,0.0,0.0,9.809,0.0,0.0,1.0,0.0,0.0,0.0,0.0,0.0,0.0,0.0,0.0
27.6712,0.9999986320768068,-0.0012819982463224662,-0.0010379985800957256,-0.00012199983311345086,0.0,0.0,9.7697,0.0,0.0,1.0,0.0,0.0,0.0,0.0,0.0,0.0,0.0,0.0
27.6913,0.9999986488212387,-0.001220998350210732,-0.0010989985150545412,-6.0999917578130614e-05,0.0,0.0,9.8166,0.0,0.0,1.0,0.0,0.0,0.0,0.0,0.0,0.0,0.0,0.0
27.7114,0.9999986488212387,-0.001220998350210732,-0.0010989985150545412,-6.0999917578130614e-05,0.0,0.0,9.8088,0.0,0.0,1.0,0.0,0.0,0.0,0.0,0.0,0.0,0.0,0.0
27.7315,0.9999985724800569,-0.0012819981699194324,-0.0010989984311555825,-6.0999912921244626e-05,0.0,0.0,9.8412,0.0,0.0,1.0,0.0,0.0,0.0,0.0,0.0,0.0,0.0,0.0
27.7516,0.9999986488212387,-0.001220998350210732,-0.0010989985150545412,-6.0999917578130614e-05,0.0,0.0,9.8166,0.0,0.0,1.0,0.0,0.0,0.0,0.0,0.0,0.0,0.0,0.0
27.7717,0.9999987214414521,-0.0010989985948641557,-0.0011599985168720846,-6.0999922008031504e-05,0.0,0.0,9.8562,0.0,0.0,1.0,0.0,0.0,0.0,0.0,0.0,0.0,0.0,0.0
27.7917,0.9999987214414521,-0.0010989985948641557,-0.0011599985168720846,-6.0999922008031504e-05,0.0,0.0,9.8873,0.0,0.0,1.0,0.0,0.0,0.0,0.0,0.0,0.0,0.0,0.0
27.8118,0.9999987903406949,-0.0010989986705844234,-0.0010989986705844236,-6.099992621078077e-05,0.0,0.0,9.7818,0.0,0.0,1.0,0.0,0.0,0.0,0.0,0.0,0.0,0.0,0.0
27.8319,0.9999988555189648,-0.0010989987422153423,-0.0010379988120286857,-6.099993018665595e-05,0.0,0.0,9.8087,0.0,0.0,1.0,0.0,0.0,0.0,0.0,0.0,0.0,0.0,0.0
27.852,0.9999987139994808,-0.0012209984297933659,-0.0010379986651314615,-6.09999215540058e-05,0.0,0.0,9.763,0.0,0.0,1.0,0.0,0.0,0.0,0.0,0.0,0.0,0.0,0.0
27.8721,0.9999987139994808,-0.0012209984297933659,-0.0010379986651314615,-6.09999215540058e-05,0.0,0.0,9.805,0.0,0.0,1.0,0.0,0.0,0.0,0.0,0.0,0.0,0.0,0.0
27.8922,0.9999987754567493,-0.001220998504832691,-0.0009769988036212444,-6.099992530284038e-05,0.0,0.0,9.8556,0.0,0.0,1.0,0.0,0.0,0.0,0.0,0.0,0.0,0.0,0.0
27.9123,0.9999987884802017,-0.0011599985946370338,-0.0010379987424424498,0.0,0.0,0.0,9.8521,0.0,0.0,1.0,0.0,0.0,0.0,0.0,0.0,0.0,0.0,0.0
27.9323,0.999998723301945,-0.0011599985190302562,-0.0010989985969088378,0.0,0.0,0.0,9.8092,0.0,0.0,1.0,0.0,0.0,0.0,0.0,0.0,0.0,0.0,0.0
27.9524,0.9999987922011881,-0.0010989986726291057,-0.001098998672629106,0.0,0.0,0.0,9.8165,0.0,0.0,1.0,0.0,0.0,0.0,0.0,0.0,0.0,0.0,0.0
27.9725,0.999998723301945,-0.0011599985190302562,-0.0010989985969088378,0.0,0.0,0.0,9.731,0.0,0.0,1.0,0.0,0.0,0.0,0.0,0.0,0.0,0.0,0.0
27.9926,0.9999987158599736,-0.001220998432065028,-0.0010379986670626528,0.0,0.0,0.0,9.7586,0.0,0.0,1.0,0.0,0.0,0.0,0.0,0.0,0.0,0.0,0.0
28.0127,0.9999986395187763,-0.0012819982558630709,-0.00103799858782049,0.0,0.0,0.0,9.7708,0.0,0.0,1.0,0.0,0.0,0.0,0.0,0.0,0.0,0.0,0.0
28.0328,0.9999987773172425,-0.0012209985071043531,-0.0009769988054389462,0.0,0.0,0.0,9.8126,0.0,0.0,1.0,0.0,0.0,0.0,0.0,0.0,0.0,0.0,0.0
28.0529,0.9999986506817311,-0.0012209983524823936,-0.0010989985170992227,0.0,0.0,0.0,9.8063,0.0,0.0,1.0,0.0,0.0,0.0,0.0,0.0,0.0,0.0,0.0
28.073,0.9999985054413506,-0.0012819980839758115,-0.0011599982663119672,0.0,0.0,0.0,9.7197,0.0,0.0,1.0,0.0,0.0,0.0,0.0,0.0,0.0,0.0,0.0
28.0931,0.9999985054413506,-0.0012819980839758115,-0.0011599982663119672,0.0,0.0,0.0,9.7704,0.0,0.0,1.0,0.0,0.0,0.0,0.0,0.0,0.0,0.0,0.0
28.1132,0.999998579922025,-0.0012209982660847925,-0.0011599983527095493,-6.099991337527033e-05,0.0,0.0,9.7776,0.0,0.0,1.0,0.0,0.0,0.0,0.0,0.0,0.0,0.0,0.0
28.1333,0.999998509162334,-0.00122099817968721,-0.00122099817968721,0.0,0.0,0.0,9.8088,0.0,0.0,1.0,0.0,0.0,0.0,0.0,0.0,0.0,0.0,0.0
28.1534,0.9999983527590701,-0.0013429977877554313,-0.0012209979887188248,0.0,0.0,0.0,9.8048,0.0,0.0,1.0,0.0,0.0,0.0,0.0,0.0,0.0,0.0,0.0
28.1735,0.9999984253792191,-0.001342997885284291,-0.0011599981734398944,0.0,0.0,0.0,9.805,0.0,0.0,1.0,0.0,0.0,0.0,0.0,0.0,0.0,0.0,0.0
28.1936,0.9999985054413506,-0.0012819980839758115,-0.0011599982663119672,0.0,0.0,0.0,9.8164,0.0,0.0,1.0,0.0,0.0,0.0,0.0,0.0,0.0,0.0,0.0
28.2137,0.9999984328211842,-0.0012819979908767578,-0.0012209980864746662,0.0,0.0,0.0,9.8131,0.0,0.0,1.0,0.0,0.0,0.0,0.0,0.0,0.0,0.0,0.0
28.2338,0.9999984328211842,-0.0012819979908767578,-0.0012209980864746662,0.0,0.0,0.0,9.8125,0.0,0.0,1.0,0.0,0.0,0.0,0.0,0.0,0.0,0.0,0.0
28.2539,0.9999984328211842,-0.0012819979908767578,-0.0012209980864746662,0.0,0.0,0.0,9.8125,0.0,0.0,1.0,0.0,0.0,0.0,0.0,0.0,0.0,0.0,0.0
28.274,0.9999984328211842,-0.0012819979908767578,-0.0012209980864746662,0.0,0.0,0.0,9.8125,0.0,0.0,1.0,0.0,0.0,0.0,0.0,0.0,0.0,0.0,0.0
28.294,0.9999984328211842,-0.0012819979908767578,-0.0012209980864746662,0.0,0.0,0.0,9.8088,0.0,0.0,1.0,0.0,0.0,0.0,0.0,0.0,0.0,0.0,0.0
28.3141,0.9999984309606929,-0.001281997988491608,-0.0012209980842030064,-6.0999904288594475e-05,0.0,0.0,9.8087,0.0,0.0,1.0,0.0,0.0,0.0,0.0,0.0,0.0,0.0,0.0
28.3342,0.9999984309606929,-0.001281997988491608,-0.0012209980842030064,-6.0999904288594475e-05,0.0,0.0,9.8125,0.0,0.0,1.0,0.0,0.0,0.0,0.0,0.0,0.0,0.0,0.0
28.3542,0.9999983508985794,-0.0013429977852567924,-0.0012209979864471658,-6.099989940477891e-05,0.0,0.0,9.8125,0.0,0.0,1.0,0.0,0.0,0.0,0.0,0.0,0.0,0.0,0.0
28.3743,0.9999983527590701,-0.0013429977877554313,-0.0012209979887188248,0.0,0.0,0.0,9.8555,0.0,0.0,1.0,0.0,0.0,0.0,0.0,0.0,0.0,0.0,0.0
28.3944,0.9999983527590701,-0.0013429977877554313,-0.0012209979887188248,0.0,0.0,0.0,9.8087,0.0,0.0,1.0,0.0,0.0,0.0,0.0,0.0,0.0,0.0,0.0
28.4144,0.9999983508985794,-0.0013429977852567924,-0.0012209979864471658,-6.099989940477891e-05,0.0,0.0,9.7699,0.0,0.0,1.0,0.0,0.0,0.0,0.0,0.0,0.0,0.0,0.0
28.4345,0.9999983508985794,-0.0013429977852567924,-0.0012209979864471658,-6.099989940477891e-05,0.0,0.0,9.8165,0.0,0.0,1.0,0.0,0.0,0.0,0.0,0.0,0.0,0.0,0.0
28.4546,0.999998423518728,-0.0013429978827856515,-0.0011599981712817247,-6.099990383462428e-05,0.0,0.0,9.7735,0.0,0.0,1.0,0.0,0.0,0.0,0.0,0.0,0.0,0.0,0.0
28.4746,0.9999983508985794,-0.0013429977852567924,-0.0012209979864471658,-6.099989940477891e-05,0.0,0.0,9.8125,0.0,0.0,1.0,0.0,0.0,0.0,0.0,0.0,0.0,0.0,0.0
28.4947,0.9999983508985794,-0.0013429977852567924,-0.0012209979864471658,-6.099989940477891e-05,0.0,0.0,9.8088,0.0,0.0,1.0,0.0,0.0,0.0,0.0,0.0,0.0,0.0,0.0
28.5148,0.9999983508985794,-0.0013429977852567924,-0.0012209979864471658,-6.099989940477891e-05,0.0,0.0,9.7697,0.0,0.0,1.0,0.0,0.0,0.0,0.0,0.0,0.0,0.0,0.0
28.5348,0.9999983508985794,-0.0013429977852567924,-0.0012209979864471658,-6.099989940477891e-05,0.0,0.0,9.8165,0.0,0.0,1.0,0.0,0.0,0.0,0.0,0.0,0.0,0.0,0.0
28.5549,0.9999981851929404,-0.0014039974520108887,-0.00128199767341735,-0.00012199977859350676,0.0,0.0,9.8048,0.0,0.0,1.0,0.0,0.0,0.0,0.0,0.0,0.0,0.0,0.0
28.575,0.9999981851929404,-0.0014039974520108887,-0.00128199767341735,-0.00012199977859350676,0.0,0.0,9.809,0.0,0.0,1.0,0.0,0.0,0.0,0.0,0.0,0.0,0.0,0.0
28.595,0.9999981851929404,-0.0014039974520108887,-0.00128199767341735,-0.00012199977859350676,0.0,0.0,9.7774,0.0,0.0,1.0,0.0,0.0,0.0,0.0,0.0,0.0,0.0,0.0
28.6151,0.9999981851929404,-0.0014039974520108887,-0.00128199767341735,-0.00012199977859350676,0.0,0.0,9.8125,0.0,0.0,1.0,0.0,0.0,0.0,0.0,0.0,0.0,0.0,0.0
28.6352,0.9999981851929404,-0.0014039974520108887,-0.00128199767341735,-0.00012199977859350676,0.0,0.0,9.8091,0.0,0.0,1.0,0.0,0.0,0.0,0.0,0.0,0.0,0.0,0.0
28.6552,0.9999981851929404,-0.0014039974520108887,-0.00128199767341735,-0.00012199977859350676,0.0,0.0,9.8125,0.0,0.0,1.0,0.0,0.0,0.0,0.0,0.0,0.0,0.0,0.0
28.6753,0.9999980976889282,-0.0014649972131142797,-0.0012819975612372062,-0.00012199976791799072,0.0,0.0,9.766,0.0,0.0,1.0,0.0,0.0,0.0,0.0,0.0,0.0,0.0,0.0
28.6954,0.9999980976889282,-0.0014649972131142797,-0.0012819975612372062,-0.00012199976791799072,0.0,0.0,9.7699,0.0,0.0,1.0,0.0,0.0,0.0,0.0,0.0,0.0,0.0,0.0
28.7154,0.9999981851929404,-0.0014039974520108887,-0.00128199767341735,-0.00012199977859350676,0.0,0.0,9.8164,0.0,0.0,1.0,0.0,0.0,0.0,0.0,0.0,0.0,0.0,0.0
28.7355,0.9999981851929404,-0.0014039974520108887,-0.00128199767341735,-0.00012199977859350676,0.0,0.0,9.8125,0.0,0.0,1.0,0.0,0.0,0.0,0.0,0.0,0.0,0.0,0.0
28.7556,0.99999819077441,-0.0014039974598472715,-0.001281997680572794,-6.0999889637258775e-05,0.0,0.0,9.8088,0.0,0.0,1.0,0.0,0.0,0.0,0.0,0.0,0.0,0.0,0.0
28.7756,0.99999819077441,-0.0014039974598472715,-0.001281997680572794,-6.0999889637258775e-05,0.0,0.0,9.8125,0.0,0.0,1.0,0.0,0.0,0.0,0.0,0.0,0.0,0.0,0.0
28.7957,0.99999819077441,-0.0014039974598472715,-0.001281997680572794,-6.0999889637258775e-05,0.0,0.0,9.8164,0.0,0.0,1.0,0.0,0.0,0.0,0.0,0.0,0.0,0.0,0.0
28.8158,0.99999819077441,-0.0014039974598472715,-0.001281997680572794,-6.0999889637258775e-05,0.0,0.0,9.8125,0.0,0.0,1.0,0.0,0.0,0.0,0.0,0.0,0.0,0.0,0.0
28.8358,0.99999819077441,-0.0014039974598472715,-0.001281997680572794,-6.0999889637258775e-05,0.0,0.0,9.8164,0.0,0.0,1.0,0.0,0.0,0.0,0.0,0.0,0.0,0.0,0.0
28.8559,0.9999981851929404,-0.0014039974520108887,-0.00128199767341735,-0.00012199977859350676,0.0,0.0,9.7658,0.0,0.0,1.0,0.0,0.0,0.0,0.0,0.0,0.0,0.0,0.0
28.876,0.9999980176268948,-0.0014649970958234006,-0.0013429973376729199,-0.0001219997581504706,0.0,0.0,9.8048,0.0,0.0,1.0,0.0,0.0,0.0,0.0,0.0,0.0,0.0,0.0
28.8961,0.9999980232083616,-0.0014649971040002492,-0.0013429973451688296,-6.099987941565743e-05,0.0,0.0,9.8555,0.0,0.0,1.0,0.0,0.0,0.0,0.0,0.0,0.0,0.0,0.0
28.9161,0.9999981107123542,-0.0014039973474401454,-0.001342997462686692,-6.099988475344321e-05,0.0,0.0,9.8088,0.0,0.0,1.0,0.0,0.0,0.0,0.0,0.0,0.0,0.0,0.0
28.9362,0.9999981107123542,-0.0014039973474401454,-0.001342997462686692,-6.099988475344321e-05,0.0,0.0,9.8477,0.0,0.0,1.0,0.0,0.0,0.0,0.0,0.0,0.0,0.0,0.0
28.9563,0.9999981944953898,-0.0013429975752073085,-0.0013429975752073092,-6.099988986429939e-05,0.0,0.0,9.8125,0.0,0.0,1.0,0.0,0.0,0.0,0.0,0.0,0.0,0.0,0.0
28.9763,0.9999981944953898,-0.0013429975752073085,-0.0013429975752073092,-6.099988986429939e-05,0.0,0.0,9.7735,0.0,0.0,1.0,0.0,0.0,0.0,0.0,0.0,0.0,0.0,0.0
28.9964,0.9999981944953898,-0.0013429975752073085,-0.0013429975752073092,-6.099988986429939e-05,0.0,0.0,9.8164,0.0,0.0,1.0,0.0,0.0,0.0,0.0,0.0,0.0,0.0,0.0
29.0165,0.9999981944953898,-0.0013429975752073085,-0.0013429975752073092,-6.099988986429939e-05,0.0,0.0,9.809,0.0,0.0,1.0,0.0,0.0,0.0,0.0,0.0,0.0,0.0,0.0
29.0366,0.9999981944953898,-0.0013429975752073085,-0.0013429975752073092,-6.099988986429939e-05,0.0,0.0,9.8048,0.0,0.0,1.0,0.0,0.0,0.0,0.0,0.0,0.0,0.0,0.0
29.0566,0.9999982745574658,-0.0013429976827306763,-0.0012819977879826713,-6.099989474805945e-05,0.0,0.0,9.8555,0.0,0.0,1.0,0.0,0.0,0.0,0.0,0.0,0.0,0.0,0.0
29.0767,0.9999982745574658,-0.0013429976827306763,-0.0012819977879826713,-6.099989474805945e-05,0.0,0.0,9.7774,0.0,0.0,1.0,0.0,0.0,0.0,0.0,0.0,0.0,0.0,0.0
29.0968,0.9999981107123542,-0.0014039973474401454,-0.001342997462686692,-6.099988475344321e-05,0.0,0.0,9.7698,0.0,0.0,1.0,0.0,0.0,0.0,0.0,0.0,0.0,0.0,0.0
29.1168,0.9999981107123542,-0.0014039973474401454,-0.001342997462686692,-6.099988475344321e-05,0.0,0.0,9.7658,0.0,0.0,1.0,0.0,0.0,0.0,0.0,0.0,0.0,0.0,0.0
29.1369,0.9999981107123542,-0.0014039973474401454,-0.001342997462686692,-6.099988475344321e-05,0.0,0.0,9.8164,0.0,0.0,1.0,0.0,0.0,0.0,0.0,0.0,0.0,0.0,0.0
29.157,0.99999819077441,-0.0014039974598472715,-0.001281997680572794,-6.0999889637258775e-05,0.0,0.0,9.844,0.0,0.0,1.0,0.0,0.0,0.0,0.0,0.0,0.0,0.0,0.0
29.177,0.99999819077441,-0.0014039974598472715,-0.001281997680572794,-6.0999889637258775e-05,0.0,0.0,9.8051,0.0,0.0,1.0,0.0,0.0,0.0,0.0,0.0,0.0,0.0,0.0
29.1971,0.99999819077441,-0.0014039974598472715,-0.001281997680572794,-6.0999889637258775e-05,0.0,0.0,9.7271,0.0,0.0,1.0,0.0,0.0,0.0,0.0,0.0,0.0,0.0,0.0
29.2172,0.9999982745574658,-0.0013429976827306763,-0.0012819977879826713,-6.099989474805945e-05,0.0,0.0,9.8165,0.0,0.0,1.0,0.0,0.0,0.0,0.0,0.0,0.0,0.0,0.0
29.2372,0.9999981107123542,-0.0014039973474401454,-0.001342997462686692,-6.099988475344321e-05,0.0,0.0,9.8053,0.0,0.0,1.0,0.0,0.0,0.0,0.0,0.0,0.0,0.0,0.0
29.2573,0.99999819077441,-0.0014039974598472715,-0.001281997680572794,-6.0999889637258775e-05,0.0,0.0,9.8165,0.0,0.0,1.0,0.0,0.0,0.0,0.0,0.0,0.0,0.0,0.0
29.2774,0.99999819077441,-0.0014039974598472715,-0.001281997680572794,-6.0999889637258775e-05,0.0,0.0,9.8477,0.0,0.0,1.0,0.0,0.0,0.0,0.0,0.0,0.0,0.0,0.0
29.2974,0.9999982671155044,-0.0014039975670301682,-0.0012209978841480312,-6.099989429397823e-05,0.0,0.0,9.766,0.0,0.0,1.0,0.0,0.0,0.0,0.0,0.0,0.0,0.0,0.0
29.3175,0.9999982671155044,-0.0014039975670301682,-0.0012209978841480312,-6.099989429397823e-05,0.0,0.0,9.8126,0.0,0.0,1.0,0.0,0.0,0.0,0.0,0.0,0.0,0.0,0.0
29.3376,0.9999982671155044,-0.0014039975670301682,-0.0012209978841480312,-6.099989429397823e-05,0.0,0.0,9.8477,0.0,0.0,1.0,0.0,0.0,0.0,0.0,0.0,0.0,0.0,0.0
29.3576,0.9999982671155044,-0.0014039975670301682,-0.0012209978841480312,-6.099989429397823e-05,0.0,0.0,9.8089,0.0,0.0,1.0,0.0,0.0,0.0,0.0,0.0,0.0,0.0,0.0
29.3777,0.9999981796114707,-0.0014649973331308046,-0.0012209977773056063,-6.099988895630348e-05,0.0,0.0,9.7662,0.0,0.0,1.0,0.0,0.0,0.0,0.0,0.0,0.0,0.0,0.0
29.3978,0.9999983397356348,-0.001403997668988831,-0.0011599980740933365,-6.099989872387912e-05,0.0,0.0,9.8555,0.0,0.0,1.0,0.0,0.0,0.0,0.0,0.0,0.0,0.0,0.0
29.4178,0.9999983508985794,-0.0013429977852567924,-0.0012209979864471658,-6.099989940477891e-05,0.0,0.0,9.8127,0.0,0.0,1.0,0.0,0.0,0.0,0.0,0.0,0.0,0.0,0.0
29.4379,0.9999983527590701,-0.0013429977877554313,-0.0012209979887188248,0.0,0.0,0.0,9.8089,0.0,0.0,1.0,0.0,0.0,0.0,0.0,0.0,0.0,0.0,0.0
29.458,0.9999984253792191,-0.001342997885284291,-0.0011599981734398944,0.0,0.0,0.0,9.7735,0.0,0.0,1.0,0.0,0.0,0.0,0.0,0.0,0.0,0.0,0.0
29.4781,0.9999983415961254,-0.00140399767160096,-0.0011599980762515057,0.0,0.0,0.0,9.8164,0.0,0.0,1.0,0.0,0.0,0.0,0.0,0.0,0.0,0.0,0.0
29.4981,0.9999983415961254,-0.00140399767160096,-0.0011599980762515057,0.0,0.0,0.0,9.7699,0.0,0.0,1.0,0.0,0.0,0.0,0.0,0.0,0.0,0.0,0.0
29.5182,0.9999983415961254,-0.00140399767160096,-0.0011599980762515057,0.0,0.0,0.0,9.8088,0.0,0.0,1.0,0.0,0.0,0.0,0.0,0.0,0.0,0.0,0.0
29.5383,0.9999984104952898,-0.001403997768335387,-0.0010989982531343242,0.0,0.0,0.0,9.7774,0.0,0.0,1.0,0.0,0.0,0.0,0.0,0.0,0.0,0.0,0.0
29.5583,0.9999983415961254,-0.00140399767160096,-0.0011599980762515057,0.0,0.0,0.0,9.8125,0.0,0.0,1.0,0.0,0.0,0.0,0.0,0.0,0.0,0.0,0.0
29.5784,0.9999983415961254,-0.00140399767160096,-0.0011599980762515057,0.0,0.0,0.0,9.7658,0.0,0.0,1.0,0.0,0.0,0.0,0.0,0.0,0.0,0.0,0.0
29.5985,0.9999984104952898,-0.001403997768335387,-0.0010989982531343242,0.0,0.0,0.0,9.8555,0.0,0.0,1.0,0.0,0.0,0.0,0.0,0.0,0.0,0.0,0.0
29.6185,0.9999983415961254,-0.00140399767160096,-0.0011599980762515057,0.0,0.0,0.0,9.8443,0.0,0.0,1.0,0.0,0.0,0.0,0.0,0.0,0.0,0.0,0.0
29.6386,0.9999983415961254,-0.00140399767160096,-0.0011599980762515057,0.0,0.0,0.0,9.8089,0.0,0.0,1.0,0.0,0.0,0.0,0.0,0.0,0.0,0.0,0.0
29.6587,0.9999984086347987,-0.001403997765723257,-0.001098998251089644,-6.099990292662838e-05,0.0,0.0,9.7697,0.0,0.0,1.0,0.0,0.0,0.0,0.0,0.0,0.0,0.0,0.0
29.6787,0.9999984086347987,-0.001403997765723257,-0.001098998251089644,-6.099990292662838e-05,0.0,0.0,9.8087,0.0,0.0,1.0,0.0,0.0,0.0,0.0,0.0,0.0,0.0,0.0
29.6988,0.9999984086347987,-0.001403997765723257,-0.001098998251089644,-6.099990292662838e-05,0.0,0.0,9.8125,0.0,0.0,1.0,0.0,0.0,0.0,0.0,0.0,0.0,0.0,0.0
29.7189,0.9999984086347987,-0.001403997765723257,-0.001098998251089644,-6.099990292662838e-05,0.0,0.0,9.8048,0.0,0.0,1.0,0.0,0.0,0.0,0.0,0.0,0.0,0.0,0.0
29.7389,0.9999984086347987,-0.001403997765723257,-0.001098998251089644,-6.099990292662838e-05,0.0,0.0,9.8478,0.0,0.0,1.0,0.0,0.0,0.0,0.0,0.0,0.0,0.0,0.0
29.759,0.9999984738129939,-0.0014039978572334432,-0.0010379984158178878,-6.099990690261459e-05,0.0,0.0,9.7735,0.0,0.0,1.0,0.0,0.0,0.0,0.0,0.0,0.0,0.0,0.0
29.7791,0.9999984104952898,-0.001403997768335387,-0.0010989982531343242,0.0,0.0,0.0,9.8048,0.0,0.0,1.0,0.0,0.0,0.0,0.0,0.0,0.0,0.0,0.0
29.7991,0.9999984104952898,-0.001403997768335387,-0.0010989982531343242,0.0,0.0,0.0,9.8088,0.0,0.0,1.0,0.0,0.0,0.0,0.0,0.0,0.0,0.0,0.0
29.8192,0.9999983415961254,-0.00140399767160096,-0.0011599980762515057,0.0,0.0,0.0,9.8125,0.0,0.0,1.0,0.0,0.0,0.0,0.0,0.0,0.0,0.0,0.0
29.8393,0.9999984086347987,-0.001403997765723257,-0.001098998251089644,-6.099990292662838e-05,0.0,0.0,9.8048,0.0,0.0,1.0,0.0,0.0,0.0,0.0,0.0,0.0,0.0,0.0
29.8593,0.9999984086347987,-0.001403997765723257,-0.001098998251089644,-6.099990292662838e-05,0.0,0.0,9.8125,0.0,0.0,1.0,0.0,0.0,0.0,0.0,0.0,0.0,0.0,0.0
29.8794,0.9999984086347987,-0.001403997765723257,-0.001098998251089644,-6.099990292662838e-05,0.0,0.0,9.8164,0.0,0.0,1.0,0.0,0.0,0.0,0.0,0.0,0.0,0.0,0.0
29.8995,0.9999984086347987,-0.001403997765723257,-0.001098998251089644,-6.099990292662838e-05,0.0,0.0,9.7658,0.0,0.0,1.0,0.0,0.0,0.0,0.0,0.0,0.0,0.0,0.0
29.9196,0.9999984086347987,-0.001403997765723257,-0.001098998251089644,-6.099990292662838e-05,0.0,0.0,9.8048,0.0,0.0,1.0,0.0,0.0,0.0,0.0,0.0,0.0,0.0,0.0
29.9396,0.9999984086347987,-0.001403997765723257,-0.001098998251089644,-6.099990292662838e-05,0.0,0.0,9.8126,0.0,0.0,1.0,0.0,0.0,0.0,0.0,0.0,0.0,0.0,0.0
29.9597,0.9999984086347987,-0.001403997765723257,-0.001098998251089644,-6.099990292662838e-05,0.0,0.0,9.8164,0.0,0.0,1.0,0.0,0.0,0.0,0.0,0.0,0.0,0.0,0.0
29.9798,0.9999984086347987,-0.001403997765723257,-0.001098998251089644,-6.099990292662838e-05,0.0,0.0,9.8048,0.0,0.0,1.0,0.0,0.0,0.0,0.0,0.0,0.0,0.0,0.0
29.9999,0.9999984086347987,-0.001403997765723257,-0.001098998251089644,-6.099990292662838e-05,0.0,0.0,9.809,0.0,0.0,1.0,0.0,0.0,0.0,0.0,0.0,0.0,0.0,0.0
30.0199,0.9999984086347987,-0.001403997765723257,-0.001098998251089644,-6.099990292662838e-05,0.0,0.0,9.8164,0.0,0.0,1.0,0.0,0.0,0.0,0.0,0.0,0.0,0.0,0.0
30.04,0.9999984086347987,-0.001403997765723257,-0.001098998251089644,-6.099990292662838e-05,0.0,0.0,9.7735,0.0,0.0,1.0,0.0,0.0,0.0,0.0,0.0,0.0,0.0,0.0
30.0601,0.9999984086347987,-0.001403997765723257,-0.001098998251089644,-6.099990292662838e-05,0.0,0.0,9.8089,0.0,0.0,1.0,0.0,0.0,0.0,0.0,0.0,0.0,0.0,0.0
30.0801,0.9999984086347987,-0.001403997765723257,-0.001098998251089644,-6.099990292662838e-05,0.0,0.0,9.8048,0.0,0.0,1.0,0.0,0.0,0.0,0.0,0.0,0.0,0.0,0.0
30.1002,0.9999984086347987,-0.001403997765723257,-0.001098998251089644,-6.099990292662838e-05,0.0,0.0,9.8048,0.0,0.0,1.0,0.0,0.0,0.0,0.0,0.0,0.0,0.0,0.0
30.1203,0.9999984086347987,-0.001403997765723257,-0.001098998251089644,-6.099990292662838e-05,0.0,0.0,9.8164,0.0,0.0,1.0,0.0,0.0,0.0,0.0,0.0,0.0,0.0,0.0
30.1403,0.9999984738129939,-0.0014039978572334432,-0.0010379984158178878,-6.099990690261459e-05,0.0,0.0,9.8088,0.0,0.0,1.0,0.0,0.0,0.0,0.0,0.0,0.0,0.0,0.0
30.1604,0.9999984738129939,-0.0014039978572334432,-0.0010379984158178878,-6.099990690261459e-05,0.0,0.0,9.8125,0.0,0.0,1.0,0.0,0.0,0.0,0.0,0.0,0.0,0.0,0.0
30.1805,0.9999984738129939,-0.0014039978572334432,-0.0010379984158178878,-6.099990690261459e-05,0.0,0.0,9.7697,0.0,0.0,1.0,0.0,0.0,0.0,0.0,0.0,0.0,0.0,0.0
30.2005,0.9999984738129939,-0.0014039978572334432,-0.0010379984158178878,-6.099990690261459e-05,0.0,0.0,9.8048,0.0,0.0,1.0,0.0,0.0,0.0,0.0,0.0,0.0,0.0,0.0
30.2206,0.9999984738129939,-0.0014039978572334432,-0.0010379984158178878,-6.099990690261459e-05,0.0,0.0,9.8048,0.0,0.0,1.0,0.0,0.0,0.0,0.0,0.0,0.0,0.0,0.0
30.2407,0.9999984738129939,-0.0014039978572334432,-0.0010379984158178878,-6.099990690261459e-05,0.0,0.0,9.8125,0.0,0.0,1.0,0.0,0.0,0.0,0.0,0.0,0.0,0.0,0.0
30.2607,0.9999984738129939,-0.0014039978572334432,-0.0010379984158178878,-6.099990690261459e-05,0.0,0.0,9.8088,0.0,0.0,1.0,0.0,0.0,0.0,0.0,0.0,0.0,0.0,0.0
30.2808,0.9999984738129939,-0.0014039978572334432,-0.0010379984158178878,-6.099990690261459e-05,0.0,0.0,9.8091,0.0,0.0,1.0,0.0,0.0,0.0,0.0,0.0,0.0,0.0,0.0
30.3009,0.9999984738129939,-0.0014039978572334432,-0.0010379984158178878,-6.099990690261459e-05,0.0,0.0,9.8164,0.0,0.0,1.0,0.0,0.0,0.0,0.0,0.0,0.0,0.0,0.0
30.3209,0.9999984738129939,-0.0014039978572334432,-0.0010379984158178878,-6.099990690261459e-05,0.0,0.0,9.8087,0.0,0.0,1.0,0.0,0.0,0.0,0.0,0.0,0.0,0.0,0.0
30.341,0.9999984738129939,-0.0014039978572334432,-0.0010379984158178878,-6.099990690261459e-05,0.0,0.0,9.8051,0.0,0.0,1.0,0.0,0.0,0.0,0.0,0.0,0.0,0.0,0.0
30.3611,0.9999984738129939,-0.0014039978572334432,-0.0010379984158178878,-6.099990690261459e-05,0.0,0.0,9.8087,0.0,0.0,1.0,0.0,0.0,0.0,0.0,0.0,0.0,0.0,0.0
30.3811,0.9999984738129939,-0.0014039978572334432,-0.0010379984158178878,-6.099990690261459e-05,0.0,0.0,9.8164,0.0,0.0,1.0,0.0,0.0,0.0,0.0,0.0,0.0,0.0,0.0
30.4012,0.9999984738129939,-0.0014039978572334432,-0.0010379984158178878,-6.099990690261459e-05,0.0,0.0,9.7658,0.0,0.0,1.0,0.0,0.0,0.0,0.0,0.0,0.0,0.0,0.0
30.4213,0.9999984738129939,-0.0014039978572334432,-0.0010379984158178878,-6.099990690261459e-05,0.0,0.0,9.8088,0.0,0.0,1.0,0.0,0.0,0.0,0.0,0.0,0.0,0.0,0.0
30.4413,0.9999984738129939,-0.0014039978572334432,-0.0010379984158178878,-6.099990690261459e-05,0.0,0.0,9.8087,0.0,0.0,1.0,0.0,0.0,0.0,0.0,0.0,0.0,0.0,0.0
30.4614,0.9999984738129939,-0.0014039978572334432,-0.0010379984158178878,-6.099990690261459e-05,0.0,0.0,9.8477,0.0,0.0,1.0,0.0,0.0,0.0,0.0,0.0,0.0,0.0,0.0
30.4815,0.9999984738129939,-0.0014039978572334432,-0.0010379984158178878,-6.099990690261459e-05,0.0,0.0,9.7658,0.0,0.0,1.0,0.0,0.0,0.0,0.0,0.0,0.0,0.0,0.0
30.5015,0.9999984738129939,-0.0014039978572334432,-0.0010379984158178878,-6.099990690261459e-05,0.0,0.0,9.8087,0.0,0.0,1.0,0.0,0.0,0.0,0.0,0.0,0.0,0.0,0.0
30.5216,0.9999984086347987,-0.001403997765723257,-0.001098998251089644,-6.099990292662838e-05,0.0,0.0,9.8164,0.0,0.0,1.0,0.0,0.0,0.0,0.0,0.0,0.0,0.0,0.0
30.5417,0.9999984738129939,-0.0014039978572334432,-0.0010379984158178878,-6.099990690261459e-05,0.0,0.0,9.8088,0.0,0.0,1.0,0.0,0.0,0.0,0.0,0.0,0.0,0.0,0.0
30.5617,0.9999984738129939,-0.0014039978572334432,-0.0010379984158178878,-6.099990690261459e-05,0.0,0.0,9.8125,0.0,0.0,1.0,0.0,0.0,0.0,0.0,0.0,0.0,0.0,0.0
30.5818,0.9999984738129939,-0.0014039978572334432,-0.0010379984158178878,-6.099990690261459e-05,0.0,0.0,9.7697,0.0,0.0,1.0,0.0,0.0,0.0,0.0,0.0,0.0,0.0,0.0
30.6019,0.9999984738129939,-0.0014039978572334432,-0.0010379984158178878,-6.099990690261459e-05,0.0,0.0,9.8087,0.0,0.0,1.0,0.0,0.0,0.0,0.0,0.0,0.0,0.0,0.0
30.6219,0.9999984738129939,-0.0014039978572334432,-0.0010379984158178878,-6.099990690261459e-05,0.0,0.0,9.809,0.0,0.0,1.0,0.0,0.0,0.0,0.0,0.0,0.0,0.0,0.0
30.642,0.9999984738129939,-0.0014039978572334432,-0.0010379984158178878,-6.099990690261459e-05,0.0,0.0,9.8555,0.0,0.0,1.0,0.0,0.0,0.0,0.0,0.0,0.0,0.0,0.0
30.6621,0.9999984738129939,-0.0014039978572334432,-0.0010379984158178878,-6.099990690261459e-05,0.0,0.0,9.8164,0.0,0.0,1.0,0.0,0.0,0.0,0.0,0.0,0.0,0.0,0.0
30.6821,0.9999984738129939,-0.0014039978572334432,-0.0010379984158178878,-6.099990690261459e-05,0.0,0.0,9.8088,0.0,0.0,1.0,0.0,0.0,0.0,0.0,0.0,0.0,0.0,0.0
30.7022,0.9999985352702182,-0.0014039979435193862,-0.0009769985689590036,-6.099991065150468e-05,0.0,0.0,9.8127,0.0,0.0,1.0,0.0,0.0,0.0,0.0,0.0,0.0,0.0,0.0
30.7223,0.9999985352702182,-0.0014039979435193862,-0.0009769985689590036,-6.099991065150468e-05,0.0,0.0,9.8516,0.0,0.0,1.0,0.0,0.0,0.0,0.0,0.0,0.0,0.0,0.0
30.7424,0.9999984477661142,-0.0014649977259773572,-0.0009769984834674939,-6.0999905313663394e-05,0.0,0.0,9.8089,0.0,0.0,1.0,0.0,0.0,0.0,0.0,0.0,0.0,0.0,0.0
30.7624,0.9999984477661142,-0.0014649977259773572,-0.0009769984834674939,-6.0999905313663394e-05,0.0,0.0,9.8125,0.0,0.0,1.0,0.0,0.0,0.0,0.0,0.0,0.0,0.0,0.0
30.7825,0.9999984477661142,-0.0014649977259773572,-0.0009769984834674939,-6.0999905313663394e-05,0.0,0.0,9.805,0.0,0.0,1.0,0.0,0.0,0.0,0.0,0.0,0.0,0.0,0.0
30.8026,0.9999984477661142,-0.0014649977259773572,-0.0009769984834674939,-6.0999905313663394e-05,0.0,0.0,9.8439,0.0,0.0,1.0,0.0,0.0,0.0,0.0,0.0,0.0,0.0,0.0
30.8226,0.9999984477661142,-0.0014649977259773572,-0.0009769984834674939,-6.0999905313663394e-05,0.0,0.0,9.7658,0.0,0.0,1.0,0.0,0.0,0.0,0.0,0.0,0.0,0.0,0.0
30.8427,0.9999984477661142,-0.0014649977259773572,-0.0009769984834674939,-6.0999905313663394e-05,0.0,0.0,9.8477,0.0,0.0,1.0,0.0,0.0,0.0,0.0,0.0,0.0,0.0,0.0
30.8628,0.9999984477661142,-0.0014649977259773572,-0.0009769984834674939,-6.0999905313663394e-05,0.0,0.0,9.8127,0.0,0.0,1.0,0.0,0.0,0.0,0.0,0.0,0.0,0.0,0.0
30.8828,0.9999984477661142,-0.0014649977259773572,-0.0009769984834674939,-6.0999905313663394e-05,0.0,0.0,9.8164,0.0,0.0,1.0,0.0,0.0,0.0,0.0,0.0,0.0,0.0,0.0
30.9029,0.9999985055023504,-0.0014649978105609432,-0.0009159986310401531,-6.0999908835679406e-05,0.0,0.0,9.7698,0.0,0.0,1.0,0.0,0.0,0.0,0.0,0.0,0.0,0.0,0.0
30.923,0.9999985055023504,-0.0014649978105609432,-0.0009159986310401531,-6.0999908835679406e-05,0.0,0.0,9.8126,0.0,0.0,1.0,0.0,0.0,0.0,0.0,0.0,0.0,0.0,0.0
30.943,0.9999985055023504,-0.0014649978105609432,-0.0009159986310401531,-6.0999908835679406e-05,0.0,0.0,9.8164,0.0,0.0,1.0,0.0,0.0,0.0,0.0,0.0,0.0,0.0,0.0
30.9631,0.9999985055023504,-0.0014649978105609432,-0.0009159986310401531,-6.0999908835679406e-05,0.0,0.0,9.7658,0.0,0.0,1.0,0.0,0.0,0.0,0.0,0.0,0.0,0.0,0.0
30.9832,0.9999985055023504,-0.0014649978105609432,-0.0009159986310401531,-6.0999908835679406e-05,0.0,0.0,9.8556,0.0,0.0,1.0,0.0,0.0,0.0,0.0,0.0,0.0,0.0,0.0
31.0032,0.9999985930064694,-0.0014039980245810829,-0.000915998711193926,-6.0999914173409664e-05,0.0,0.0,9.7698,0.0,0.0,1.0,0.0,0.0,0.0,0.0,0.0,0.0,0.0,0.0
31.0233,0.9999985930064694,-0.0014039980245810829,-0.000915998711193926,-6.0999914173409664e-05,0.0,0.0,9.7698,0.0,0.0,1.0,0.0,0.0,0.0,0.0,0.0,0.0,0.0,0.0
31.0434,0.9999985930064694,-0.0014039980245810829,-0.000915998711193926,-6.0999914173409664e-05,0.0,0.0,9.8048,0.0,0.0,1.0,0.0,0.0,0.0,0.0,0.0,0.0,0.0,0.0
31.0635,0.9999985930064694,-0.0014039980245810829,-0.000915998711193926,-6.0999914173409664e-05,0.0,0.0,9.8555,0.0,0.0,1.0,0.0,0.0,0.0,0.0,0.0,0.0,0.0,0.0
31.0835,0.9999985930064694,-0.0014039980245810829,-0.000915998711193926,-6.0999914173409664e-05,0.0,0.0,9.8088,0.0,0.0,1.0,0.0,0.0,0.0,0.0,0.0,0.0,0.0,0.0
31.1036,0.9999985930064694,-0.0014039980245810829,-0.000915998711193926,-6.0999914173409664e-05,0.0,0.0,9.7735,0.0,0.0,1.0,0.0,0.0,0.0,0.0,0.0,0.0,0.0,0.0
31.1237,0.9999985930064694,-0.0014039980245810829,-0.000915998711193926,-6.0999914173409664e-05,0.0,0.0,9.7737,0.0,0.0,1.0,0.0,0.0,0.0,0.0,0.0,0.0,0.0,0.0
31.1437,0.9999985930064694,-0.0014039980245810829,-0.000915998711193926,-6.0999914173409664e-05,0.0,0.0,9.8089,0.0,0.0,1.0,0.0,0.0,0.0,0.0,0.0,0.0,0.0,0.0
31.1638,0.9999985930064694,-0.0014039980245810829,-0.000915998711193926,-6.0999914173409664e-05,0.0,0.0,9.8048,0.0,0.0,1.0,0.0,0.0,0.0,0.0,0.0,0.0,0.0,0.0
31.1839,0.9999985930064694,-0.0014039980245810829,-0.000915998711193926,-6.0999914173409664e-05,0.0,0.0,9.8443,0.0,0.0,1.0,0.0,0.0,0.0,0.0,0.0,0.0,0.0,0.0
31.2039,0.9999985930064694,-0.0014039980245810829,-0.000915998711193926,-6.0999914173409664e-05,0.0,0.0,9.8051,0.0,0.0,1.0,0.0,0.0,0.0,0.0,0.0,0.0,0.0,0.0
31.224,0.9999985930064694,-0.0014039980245810829,-0.000915998711193926,-6.0999914173409664e-05,0.0,0.0,9.8164,0.0,0.0,1.0,0.0,0.0,0.0,0.0,0.0,0.0,0.0,0.0
31.2441,0.9999985930064694,-0.0014039980245810829,-0.000915998711193926,-6.0999914173409664e-05,0.0,0.0,9.8126,0.0,0.0,1.0,0.0,0.0,0.0,0.0,0.0,0.0,0.0,0.0
31.2641,0.9999985930064694,-0.0014039980245810829,-0.000915998711193926,-6.0999914173409664e-05,0.0,0.0,9.8477,0.0,0.0,1.0,0.0,0.0,0.0,0.0,0.0,0.0,0.0,0.0
31.2842,0.9999985930064694,-0.0014039980245810829,-0.000915998711193926,-6.0999914173409664e-05,0.0,0.0,9.8125,0.0,0.0,1.0,0.0,0.0,0.0,0.0,0.0,0.0,0.0,0.0
31.3043,0.9999985055023504,-0.0014649978105609432,-0.0009159986310401531,-6.0999908835679406e-05,0.0,0.0,9.8125,0.0,0.0,1.0,0.0,0.0,0.0,0.0,0.0,0.0,0.0,0.0
31.3244,0.9999985055023504,-0.0014649978105609432,-0.0009159986310401531,-6.0999908835679406e-05,0.0,0.0,9.8164,0.0,0.0,1.0,0.0,0.0,0.0,0.0,0.0,0.0,0.0,0.0
31.3444,0.9999985055023504,-0.0014649978105609432,-0.0009159986310401531,-6.0999908835679406e-05,0.0,0.0,9.8125,0.0,0.0,1.0,0.0,0.0,0.0,0.0,0.0,0.0,0.0,0.0
31.3651,0.9999985055023504,-0.0014649978105609432,-0.0009159986310401531,-6.0999908835679406e-05,0.0,0.0,9.8053,0.0,0.0,1.0,0.0,0.0,0.0,0.0,0.0,0.0,0.0,0.0
31.3851,0.9999985055023504,-0.0014649978105609432,-0.0009159986310401531,-6.0999908835679406e-05,0.0,0.0,9.8052,0.0,0.0,1.0,0.0,0.0,0.0,0.0,0.0,0.0,0.0,0.0
31.4052,0.9999985055023504,-0.0014649978105609432,-0.0009159986310401531,-6.0999908835679406e-05,0.0,0.0,9.8164,0.0,0.0,1.0,0.0,0.0,0.0,0.0,0.0,0.0,0.0,0.0
31.4253,0.9999985055023504,-0.0014649978105609432,-0.0009159986310401531,-6.0999908835679406e-05,0.0,0.0,9.8088,0.0,0.0,1.0,0.0,0.0,0.0,0.0,0.0,0.0,0.0,0.0
31.4453,0.9999985603721089,-0.0014649978909451393,-0.0008539987705577813,-6.099991218266876e-05,0.0,0.0,9.844,0.0,0.0,1.0,0.0,0.0,0.0,0.0,0.0,0.0,0.0,0.0
31.4654,0.9999985603721089,-0.0014649978909451393,-0.0008539987705577813,-6.099991218266876e-05,0.0,0.0,9.8165,0.0,0.0,1.0,0.0,0.0,0.0,0.0,0.0,0.0,0.0,0.0
31.4855,0.9999985603721089,-0.0014649978909451393,-0.0008539987705577813,-6.099991218266876e-05,0.0,0.0,9.8165,0.0,0.0,1.0,0.0,0.0,0.0,0.0,0.0,0.0,0.0,0.0
31.5056,0.9999985603721089,-0.0014649978909451393,-0.0008539987705577813,-6.099991218266876e-05,0.0,0.0,9.8088,0.0,0.0,1.0,0.0,0.0,0.0,0.0,0.0,0.0,0.0,0.0
31.5256,0.9999985603721089,-0.0014649978909451393,-0.0008539987705577813,-6.099991218266876e-05,0.0,0.0,9.8087,0.0,0.0,1.0,0.0,0.0,0.0,0.0,0.0,0.0,0.0,0.0
31.5457,0.9999985603721089,-0.0014649978909451393,-0.0008539987705577813,-6.099991218266876e-05,0.0,0.0,9.8051,0.0,0.0,1.0,0.0,0.0,0.0,0.0,0.0,0.0,0.0,0.0
31.5658,0.9999985603721089,-0.0014649978909451393,-0.0008539987705577813,-6.099991218266876e-05,0.0,0.0,9.809,0.0,0.0,1.0,0.0,0.0,0.0,0.0,0.0,0.0,0.0,0.0
31.5858,0.9999985603721089,-0.0014649978909451393,-0.0008539987705577813,-6.099991218266876e-05,0.0,0.0,9.7658,0.0,0.0,1.0,0.0,0.0,0.0,0.0,0.0,0.0,0.0,0.0
31.6059,0.9999985603721089,-0.0014649978909451393,-0.0008539987705577813,-6.099991218266876e-05,0.0,0.0,9.8166,0.0,0.0,1.0,0.0,0.0,0.0,0.0,0.0,0.0,0.0,0.0
31.626,0.9999985603721089,-0.0014649978909451393,-0.0008539987705577813,-6.099991218266876e-05,0.0,0.0,9.7735,0.0,0.0,1.0,0.0,0.0,0.0,0.0,0.0,0.0,0.0,0.0
31.646,0.9999985603721089,-0.0014649978909451393,-0.0008539987705577813,-6.099991218266876e-05,0.0,0.0,9.7662,0.0,0.0,1.0,0.0,0.0,0.0,0.0,0.0,0.0,0.0,0.0
31.6661,0.9999985603721089,-0.0014649978909451393,-0.0008539987705577813,-6.099991218266876e-05,0.0,0.0,9.844,0.0,0.0,1.0,0.0,0.0,0.0,0.0,0.0,0.0,0.0,0.0
31.6862,0.9999985603721089,-0.0014649978909451393,-0.0008539987705577813,-6.099991218266876e-05,0.0,0.0,9.8479,0.0,0.0,1.0,0.0,0.0,0.0,0.0,0.0,0.0,0.0,0.0
31.7062,0.9999985603721089,-0.0014649978909451393,-0.0008539987705577813,-6.099991218266876e-05,0.0,0.0,9.8051,0.0,0.0,1.0,0.0,0.0,0.0,0.0,0.0,0.0,0.0,0.0
31.7263,0.9999985603721089,-0.0014649978909451393,-0.0008539987705577813,-6.099991218266876e-05,0.0,0.0,9.8087,0.0,0.0,1.0,0.0,0.0,0.0,0.0,0.0,0.0,0.0,0.0
31.7464,0.9999985603721089,-0.0014649978909451393,-0.0008539987705577813,-6.099991218266876e-05,0.0,0.0,9.8442,0.0,0.0,1.0,0.0,0.0,0.0,0.0,0.0,0.0,0.0,0.0
31.7665,0.9999985603721089,-0.0014649978909451393,-0.0008539987705577813,-6.099991218266876e-05,0.0,0.0,9.8088,0.0,0.0,1.0,0.0,0.0,0.0,0.0,0.0,0.0,0.0,0.0
31.7865,0.9999985603721089,-0.0014649978909451393,-0.0008539987705577813,-6.099991218266876e-05,0.0,0.0,9.8127,0.0,0.0,1.0,0.0,0.0,0.0,0.0,0.0,0.0,0.0,0.0
31.8066,0.9999985603721089,-0.0014649978909451393,-0.0008539987705577813,-6.099991218266876e-05,0.0,0.0,9.7775,0.0,0.0,1.0,0.0,0.0,0.0,0.0,0.0,0.0,0.0,0.0
31.8267,0.9999985603721089,-0.0014649978909451393,-0.0008539987705577813,-6.099991218266876e-05,0.0,0.0,9.805,0.0,0.0,1.0,0.0,0.0,0.0,0.0,0.0,0.0,0.0,0.0
31.8467,0.9999985603721089,-0.0014649978909451393,-0.0008539987705577813,-6.099991218266876e-05,0.0,0.0,9.809,0.0,0.0,1.0,0.0,0.0,0.0,0.0,0.0,0.0,0.0,0.0
31.8668,0.9999985603721089,-0.0014649978909451393,-0.0008539987705577813,-6.099991218266876e-05,0.0,0.0,9.8127,0.0,0.0,1.0,0.0,0.0,0.0,0.0,0.0,0.0,0.0,0.0
31.8869,0.9999985603721089,-0.0014649978909451393,-0.0008539987705577813,-6.099991218266876e-05,0.0,0.0,9.8127,0.0,0.0,1.0,0.0,0.0,0.0,0.0,0.0,0.0,0.0,0.0
31.9069,0.9999985603721089,-0.0014649978909451393,-0.0008539987705577813,-6.099991218266876e-05,0.0,0.0,9.8127,0.0,0.0,1.0,0.0,0.0,0.0,0.0,0.0,0.0,0.0,0.0
31.927,0.9999985603721089,-0.0014649978909451393,-0.0008539987705577813,-6.099991218266876e-05,0.0,0.0,9.8048,0.0,0.0,1.0,0.0,0.0,0.0,0.0,0.0,0.0,0.0,0.0
31.9471,0.9999985603721089,-0.0014649978909451393,-0.0008539987705577813,-6.099991218266876e-05,0.0,0.0,9.7658,0.0,0.0,1.0,0.0,0.0,0.0,0.0,0.0,0.0,0.0,0.0
31.9672,0.9999985055023504,-0.0014649978105609432,-0.0009159986310401531,-6.0999908835679406e-05,0.0,0.0,9.8087,0.0,0.0,1.0,0.0,0.0,0.0,0.0,0.0,0.0,0.0,0.0
31.9872,0.9999985055023504,-0.0014649978105609432,-0.0009159986310401531,-6.0999908835679406e-05,0.0,0.0,9.7735,0.0,0.0,1.0,0.0,0.0,0.0,0.0,0.0,0.0,0.0,0.0
32.0073,0.9999985055023504,-0.0014649978105609432,-0.0009159986310401531,-6.0999908835679406e-05,0.0,0.0,9.8051,0.0,0.0,1.0,0.0,0.0,0.0,0.0,0.0,0.0,0.0,0.0
32.0274,0.9999985055023504,-0.0014649978105609432,-0.0009159986310401531,-6.0999908835679406e-05,0.0,0.0,9.8048,0.0,0.0,1.0,0.0,0.0,0.0,0.0,0.0,0.0,0.0,0.0
32.0474,0.9999985055023504,-0.0014649978105609432,-0.0009159986310401531,-6.0999908835679406e-05,0.0,0.0,9.8091,0.0,0.0,1.0,0.0,0.0,0.0,0.0,0.0,0.0,0.0,0.0
32.0675,0.9999985055023504,-0.0014649978105609432,-0.0009159986310401531,-6.0999908835679406e-05,0.0,0.0,9.7658,0.0,0.0,1.0,0.0,0.0,0.0,0.0,0.0,0.0,0.0,0.0
32.0876,0.9999985055023504,-0.0014649978105609432,-0.0009159986310401531,-6.0999908835679406e-05,0.0,0.0,9.8164,0.0,0.0,1.0,0.0,0.0,0.0,0.0,0.0,0.0,0.0,0.0
32.1076,0.9999985055023504,-0.0014649978105609432,-0.0009159986310401531,-6.0999908835679406e-05,0.0,0.0,9.8439,0.0,0.0,1.0,0.0,0.0,0.0,0.0,0.0,0.0,0.0,0.0
32.1277,0.9999985055023504,-0.0014649978105609432,-0.0009159986310401531,-6.0999908835679406e-05,0.0,0.0,9.7658,0.0,0.0,1.0,0.0,0.0,0.0,0.0,0.0,0.0,0.0,0.0
32.1478,0.9999985055023504,-0.0014649978105609432,-0.0009159986310401531,-6.0999908835679406e-05,0.0,0.0,9.8048,0.0,0.0,1.0,0.0,0.0,0.0,0.0,0.0,0.0,0.0,0.0
32.1678,0.9999985055023504,-0.0014649978105609432,-0.0009159986310401531,-6.0999908835679406e-05,0.0,0.0,9.7698,0.0,0.0,1.0,0.0,0.0,0.0,0.0,0.0,0.0,0.0,0.0
32.1879,0.9999985930064694,-0.0014039980245810829,-0.000915998711193926,-6.0999914173409664e-05,0.0,0.0,9.8164,0.0,0.0,1.0,0.0,0.0,0.0,0.0,0.0,0.0,0.0,0.0
32.2081,0.9999985055023504,-0.0014649978105609432,-0.0009159986310401531,-6.0999908835679406e-05,0.0,0.0,9.8125,0.0,0.0,1.0,0.0,0.0,0.0,0.0,0.0,0.0,0.0,0.0
32.2281,0.9999984477661142,-0.0014649977259773572,-0.0009769984834674939,-6.0999905313663394e-05,0.0,0.0,9.8164,0.0,0.0,1.0,0.0,0.0,0.0,0.0,0.0,0.0,0.0,0.0
32.2482,0.9999984477661142,-0.0014649977259773572,-0.0009769984834674939,-6.0999905313663394e-05,0.0,0.0,9.8125,0.0,0.0,1.0,0.0,0.0,0.0,0.0,0.0,0.0,0.0,0.0
32.2683,0.9999984477661142,-0.0014649977259773572,-0.0009769984834674939,-6.0999905313663394e-05,0.0,0.0,9.8048,0.0,0.0,1.0,0.0,0.0,0.0,0.0,0.0,0.0,0.0,0.0
32.2884,0.9999984477661142,-0.0014649977259773572,-0.0009769984834674939,-6.0999905313663394e-05,0.0,0.0,9.7658,0.0,0.0,1.0,0.0,0.0,0.0,0.0,0.0,0.0,0.0,0.0
32.3086,0.9999984477661142,-0.0014649977259773572,-0.0009769984834674939,-6.0999905313663394e-05,0.0,0.0,9.8555,0.0,0.0,1.0,0.0,0.0,0.0,0.0,0.0,0.0,0.0,0.0
32.3287,0.9999984477661142,-0.0014649977259773572,-0.0009769984834674939,-6.0999905313663394e-05,0.0,0.0,9.848,0.0,0.0,1.0,0.0,0.0,0.0,0.0,0.0,0.0,0.0,0.0
32.3487,0.9999985352702182,-0.0014039979435193862,-0.0009769985689590036,-6.099991065150468e-05,0.0,0.0,9.8048,0.0,0.0,1.0,0.0,0.0,0.0,0.0,0.0,0.0,0.0,0.0
32.3688,0.9999985352702182,-0.0014039979435193862,-0.0009769985689590036,-6.099991065150468e-05,0.0,0.0,9.8164,0.0,0.0,1.0,0.0,0.0,0.0,0.0,0.0,0.0,0.0,0.0
32.3889,0.9999985352702182,-0.0014039979435193862,-0.0009769985689590036,-6.099991065150468e-05,0.0,0.0,9.8125,0.0,0.0,1.0,0.0,0.0,0.0,0.0,0.0,0.0,0.0,0.0
32.409,0.9999985352702182,-0.0014039979435193862,-0.0009769985689590036,-6.099991065150468e-05,0.0,0.0,9.8048,0.0,0.0,1.0,0.0,0.0,0.0,0.0,0.0,0.0,0.0,0.0
32.429,0.9999985352702182,-0.0014039979435193862,-0.0009769985689590036,-6.099991065150468e-05,0.0,0.0,9.8048,0.0,0.0,1.0,0.0,0.0,0.0,0.0,0.0,0.0,0.0,0.0
32.4491,0.9999985352702182,-0.0014039979435193862,-0.0009769985689590036,-6.099991065150468e-05,0.0,0.0,9.8125,0.0,0.0,1.0,0.0,0.0,0.0,0.0,0.0,0.0,0.0,0.0
32.4692,0.9999985352702182,-0.0014039979435193862,-0.0009769985689590036,-6.099991065150468e-05,0.0,0.0,9.8125,0.0,0.0,1.0,0.0,0.0,0.0,0.0,0.0,0.0,0.0,0.0
32.4892,0.9999984477661142,-0.0014649977259773572,-0.0009769984834674939,-6.0999905313663394e-05,0.0,0.0,9.8125,0.0,0.0,1.0,0.0,0.0,0.0,0.0,0.0,0.0,0.0,0.0
32.5093,0.9999984477661142,-0.0014649977259773572,-0.0009769984834674939,-6.0999905313663394e-05,0.0,0.0,9.8087,0.0,0.0,1.0,0.0,0.0,0.0,0.0,0.0,0.0,0.0,0.0
32.5294,0.9999984477661142,-0.0014649977259773572,-0.0009769984834674939,-6.0999905313663394e-05,0.0,0.0,9.8048,0.0,0.0,1.0,0.0,0.0,0.0,0.0,0.0,0.0,0.0,0.0
32.5494,0.9999984477661142,-0.0014649977259773572,-0.0009769984834674939,-6.0999905313663394e-05,0.0,0.0,9.8125,0.0,0.0,1.0,0.0,0.0,0.0,0.0,0.0,0.0,0.0,0.0
32.5695,0.9999985352702182,-0.0014039979435193862,-0.0009769985689590036,-6.099991065150468e-05,0.0,0.0,9.8164,0.0,0.0,1.0,0.0,0.0,0.0,0.0,0.0,0.0,0.0,0.0
32.5896,0.9999984477661142,-0.0014649977259773572,-0.0009769984834674939,-6.0999905313663394e-05,0.0,0.0,9.8048,0.0,0.0,1.0,0.0,0.0,0.0,0.0,0.0,0.0,0.0,0.0
32.6096,0.9999984477661142,-0.0014649977259773572,-0.0009769984834674939,-6.0999905313663394e-05,0.0,0.0,9.8125,0.0,0.0,1.0,0.0,0.0,0.0,0.0,0.0,0.0,0.0,0.0
32.6297,0.9999984477661142,-0.0014649977259773572,-0.0009769984834674939,-6.0999905313663394e-05,0.0,0.0,9.8087,0.0,0.0,1.0,0.0,0.0,0.0,0.0,0.0,0.0,0.0,0.0
32.6498,0.9999984477661142,-0.0014649977259773572,-0.0009769984834674939,-6.0999905313663394e-05,0.0,0.0,9.8087,0.0,0.0,1.0,0.0,0.0,0.0,0.0,0.0,0.0,0.0,0.0
32.6698,0.9999984477661142,-0.0014649977259773572,-0.0009769984834674939,-6.0999905313663394e-05,0.0,0.0,9.8164,0.0,0.0,1.0,0.0,0.0,0.0,0.0,0.0,0.0,0.0,0.0
32.6899,0.9999985055023504,-0.0014649978105609432,-0.0009159986310401531,-6.0999908835679406e-05,0.0,0.0,9.7735,0.0,0.0,1.0,0.0,0.0,0.0,0.0,0.0,0.0,0.0,0.0
32.71,0.9999985055023504,-0.0014649978105609432,-0.0009159986310401531,-6.0999908835679406e-05,0.0,0.0,9.8125,0.0,0.0,1.0,0.0,0.0,0.0,0.0,0.0,0.0,0.0,0.0
32.73,0.9999984142772718,-0.001525997580187117,-0.0009159985474779813,-6.099990327096405e-05,0.0,0.0,9.8088,0.0,0.0,1.0,0.0,0.0,0.0,0.0,0.0,0.0,0.0,0.0
32.7501,0.9999984142772718,-0.001525997580187117,-0.0009159985474779813,-6.099990327096405e-05,0.0,0.0,9.7735,0.0,0.0,1.0,0.0,0.0,0.0,0.0,0.0,0.0,0.0,0.0
32.7702,0.9999984142772718,-0.001525997580187117,-0.0009159985474779813,-6.099990327096405e-05,0.0,0.0,9.8087,0.0,0.0,1.0,0.0,0.0,0.0,0.0,0.0,0.0,0.0,0.0
32.7902,0.9999984142772718,-0.001525997580187117,-0.0009159985474779813,-6.099990327096405e-05,0.0,0.0,9.8087,0.0,0.0,1.0,0.0,0.0,0.0,0.0,0.0,0.0,0.0,0.0
32.8103,0.9999984142772718,-0.001525997580187117,-0.0009159985474779813,-6.099990327096405e-05,0.0,0.0,9.8478,0.0,0.0,1.0,0.0,0.0,0.0,0.0,0.0,0.0,0.0,0.0
32.8304,0.9999984142772718,-0.001525997580187117,-0.0009159985474779813,-6.099990327096405e-05,0.0,0.0,9.8125,0.0,0.0,1.0,0.0,0.0,0.0,0.0,0.0,0.0,0.0,0.0
32.8504,0.9999984142772718,-0.001525997580187117,-0.0009159985474779813,-6.099990327096405e-05,0.0,0.0,9.8087,0.0,0.0,1.0,0.0,0.0,0.0,0.0,0.0,0.0,0.0,0.0
32.8705,0.9999984142772718,-0.001525997580187117,-0.0009159985474779813,-6.099990327096405e-05,0.0,0.0,9.8087,0.0,0.0,1.0,0.0,0.0,0.0,0.0,0.0,0.0,0.0,0.0
32.8906,0.9999984142772718,-0.001525997580187117,-0.0009159985474779813,-6.099990327096405e-05,0.0,0.0,9.8477,0.0,0.0,1.0,0.0,0.0,0.0,0.0,0.0,0.0,0.0,0.0
32.9106,0.9999984142772718,-0.001525997580187117,-0.0009159985474779813,-6.099990327096405e-05,0.0,0.0,9.8088,0.0,0.0,1.0,0.0,0.0,0.0,0.0,0.0,0.0,0.0,0.0
32.9307,0.9999984142772718,-0.001525997580187117,-0.0009159985474779813,-6.099990327096405e-05,0.0,0.0,9.8087,0.0,0.0,1.0,0.0,0.0,0.0,0.0,0.0,0.0,0.0,0.0
32.9508,0.9999983193312371,-0.0015869973327786733,-0.0009159984605074135,-6.0999897479208094e-05,0.0,0.0,9.8555,0.0,0.0,1.0,0.0,0.0,0.0,0.0,0.0,0.0,0.0,0.0
32.9709,0.9999983742009648,-0.001586997419856931,-0.0008539986115676244,-6.099990082625295e-05,0.0,0.0,9.8088,0.0,0.0,1.0,0.0,0.0,0.0,0.0,0.0,0.0,0.0,0.0
32.9909,0.9999983742009648,-0.001586997419856931,-0.0008539986115676244,-6.099990082625295e-05,0.0,0.0,9.7735,0.0,0.0,1.0,0.0,0.0,0.0,0.0,0.0,0.0,0.0,0.0
33.011,0.9999983742009648,-0.001586997419856931,-0.0008539986115676244,-6.099990082625295e-05,0.0,0.0,9.8164,0.0,0.0,1.0,0.0,0.0,0.0,0.0,0.0,0.0,0.0,0.0
33.0311,0.9999983742009648,-0.001586997419856931,-0.0008539986115676244,-6.099990082625295e-05,0.0,0.0,9.8125,0.0,0.0,1.0,0.0,0.0,0.0,0.0,0.0,0.0,0.0,0.0
33.0512,0.9999983742009648,-0.001586997419856931,-0.0008539986115676244,-6.099990082625295e-05,0.0,0.0,9.8048,0.0,0.0,1.0,0.0,0.0,0.0,0.0,0.0,0.0,0.0,0.0
33.0712,0.9999983742009648,-0.001586997419856931,-0.0008539986115676244,-6.099990082625295e-05,0.0,0.0,9.8087,0.0,0.0,1.0,0.0,0.0,0.0,0.0,0.0,0.0,0.0,0.0
33.0913,0.9999983742009648,-0.001586997419856931,-0.0008539986115676244,-6.099990082625295e-05,0.0,0.0,9.8088,0.0,0.0,1.0,0.0,0.0,0.0,0.0,0.0,0.0,0.0,0.0
33.1114,0.9999983742009648,-0.001586997419856931,-0.0008539986115676244,-6.099990082625295e-05,0.0,0.0,9.8048,0.0,0.0,1.0,0.0,0.0,0.0,0.0,0.0,0.0,0.0,0.0
33.1314,0.9999983742009648,-0.001586997419856931,-0.0008539986115676244,-6.099990082625295e-05,0.0,0.0,9.8125,0.0,0.0,1.0,0.0,0.0,0.0,0.0,0.0,0.0,0.0,0.0
33.1515,0.9999983742009648,-0.001586997419856931,-0.0008539986115676244,-6.099990082625295e-05,0.0,0.0,9.8125,0.0,0.0,1.0,0.0,0.0,0.0,0.0,0.0,0.0,0.0,0.0
33.1716,0.9999983742009648,-0.001586997419856931,-0.0008539986115676244,-6.099990082625295e-05,0.0,0.0,9.8087,0.0,0.0,1.0,0.0,0.0,0.0,0.0,0.0,0.0,0.0,0.0
33.1916,0.9999983742009648,-0.001586997419856931,-0.0008539986115676244,-6.099990082625295e-05,0.0,0.0,9.8087,0.0,0.0,1.0,0.0,0.0,0.0,0.0,0.0,0.0,0.0,0.0
33.2117,0.9999983742009648,-0.001586997419856931,-0.0008539986115676244,-6.099990082625295e-05,0.0,0.0,9.8048,0.0,0.0,1.0,0.0,0.0,0.0,0.0,0.0,0.0,0.0,0.0
33.2318,0.9999983742009648,-0.001586997419856931,-0.0008539986115676244,-6.099990082625295e-05,0.0,0.0,9.8048,0.0,0.0,1.0,0.0,0.0,0.0,0.0,0.0,0.0,0.0,0.0
33.2519,0.9999983742009648,-0.001586997419856931,-0.0008539986115676244,-6.099990082625295e-05,0.0,0.0,9.8125,0.0,0.0,1.0,0.0,0.0,0.0,0.0,0.0,0.0,0.0,0.0
33.272,0.9999983742009648,-0.001586997419856931,-0.0008539986115676244,-6.099990082625295e-05,0.0,0.0,9.8125,0.0,0.0,1.0,0.0,0.0,0.0,0.0,0.0,0.0,0.0,0.0
33.2921,0.9999983742009648,-0.001586997419856931,-0.0008539986115676244,-6.099990082625295e-05,0.0,0.0,9.8048,0.0,0.0,1.0,0.0,0.0,0.0,0.0,0.0,0.0,0.0,0.0
33.3122,0.9999982755339607,-0.001647997158079967,-0.0008539985273060028,-6.09998948075674e-05,0.0,0.0,9.8089,0.0,0.0,1.0,0.0,0.0,0.0,0.0,0.0,0.0,0.0,0.0
33.3323,0.9999982755339607,-0.001647997158079967,-0.0008539985273060028,-6.09998948075674e-05,0.0,0.0,9.8087,0.0,0.0,1.0,0.0,0.0,0.0,0.0,0.0,0.0,0.0,0.0
33.3524,0.9999982755339607,-0.001647997158079967,-0.0008539985273060028,-6.09998948075674e-05,0.0,0.0,9.7774,0.0,0.0,1.0,0.0,0.0,0.0,0.0,0.0,0.0,0.0,0.0
33.3724,0.9999982755339607,-0.001647997158079967,-0.0008539985273060028,-6.09998948075674e-05,0.0,0.0,9.7735,0.0,0.0,1.0,0.0,0.0,0.0,0.0,0.0,0.0,0.0,0.0
33.3925,0.9999983257672047,-0.001647997240864353,-0.0007929986723333934,-6.099989787178295e-05,0.0,0.0,9.8048,0.0,0.0,1.0,0.0,0.0,0.0,0.0,0.0,0.0,0.0,0.0
33.4126,0.9999983257672047,-0.001647997240864353,-0.0007929986723333934,-6.099989787178295e-05,0.0,0.0,9.7658,0.0,0.0,1.0,0.0,0.0,0.0,0.0,0.0,0.0,0.0,0.0
33.4327,0.9999983257672047,-0.001647997240864353,-0.0007929986723333934,-6.099989787178295e-05,0.0,0.0,9.8439,0.0,0.0,1.0,0.0,0.0,0.0,0.0,0.0,0.0,0.0,0.0
33.4528,0.9999983257672047,-0.001647997240864353,-0.0007929986723333934,-6.099989787178295e-05,0.0,0.0,9.7774,0.0,0.0,1.0,0.0,0.0,0.0,0.0,0.0,0.0,0.0,0.0
33.4729,0.9999983257672047,-0.001647997240864353,-0.0007929986723333934,-6.099989787178295e-05,0.0,0.0,9.8087,0.0,0.0,1.0,0.0,0.0,0.0,0.0,0.0,0.0,0.0,0.0
33.493,0.9999983257672047,-0.001647997240864353,-0.0007929986723333934,-6.099989787178295e-05,0.0,0.0,9.8125,0.0,0.0,1.0,0.0,0.0,0.0,0.0,0.0,0.0,0.0,0.0
33.5131,0.9999983257672047,-0.001647997240864353,-0.0007929986723333934,-6.099989787178295e-05,0.0,0.0,9.7658,0.0,0.0,1.0,0.0,0.0,0.0,0.0,0.0,0.0,0.0,0.0
33.5331,0.9999983257672047,-0.001647997240864353,-0.0007929986723333934,-6.099989787178295e-05,0.0,0.0,9.8087,0.0,0.0,1.0,0.0,0.0,0.0,0.0,0.0,0.0,0.0,0.0
33.5532,0.9999983257672047,-0.001647997240864353,-0.0007929986723333934,-6.099989787178295e-05,0.0,0.0,9.7735,0.0,0.0,1.0,0.0,0.0,0.0,0.0,0.0,0.0,0.0,0.0
33.5733,0.9999983257672047,-0.001647997240864353,-0.0007929986723333934,-6.099989787178295e-05,0.0,0.0,9.7698,0.0,0.0,1.0,0.0,0.0,0.0,0.0,0.0,0.0,0.0,0.0
33.5934,0.9999983257672047,-0.001647997240864353,-0.0007929986723333934,-6.099989787178295e-05,0.0,0.0,9.8088,0.0,0.0,1.0,0.0,0.0,0.0,0.0,0.0,0.0,0.0,0.0
33.6135,0.9999983257672047,-0.001647997240864353,-0.0007929986723333934,-6.099989787178295e-05,0.0,0.0,9.8125,0.0,0.0,1.0,0.0,0.0,0.0,0.0,0.0,0.0,0.0,0.0
33.6336,0.9999983257672047,-0.001647997240864353,-0.0007929986723333934,-6.099989787178295e-05,0.0,0.0,9.8018,0.0,0.0,1.0,0.0,0.0,0.0,0.0,0.0,0.0,0.0,0.0
33.6536,0.9999983257672047,-0.001647997240864353,-0.0007929986723333934,-6.099989787178295e-05,0.0,0.0,9.8087,0.0,0.0,1.0,0.0,0.0,0.0,0.0,0.0,0.0,0.0,0.0
33.6737,0.9999983257672047,-0.001647997240864353,-0.0007929986723333934,-6.099989787178295e-05,0.0,0.0,9.8165,0.0,0.0,1.0,0.0,0.0,0.0,0.0,0.0,0.0,0.0,0.0
33.6938,0.9999983257672047,-0.001647997240864353,-0.0007929986723333934,-6.099989787178295e-05,0.0,0.0,9.8091,0.0,0.0,1.0,0.0,0.0,0.0,0.0,0.0,0.0,0.0,0.0
33.7139,0.9999983257672047,-0.001647997240864353,-0.0007929986723333934,-6.099989787178295e-05,0.0,0.0,9.7658,0.0,0.0,1.0,0.0,0.0,0.0,0.0,0.0,0.0,0.0,0.0
33.734,0.9999983257672047,-0.001647997240864353,-0.0007929986723333934,-6.099989787178295e-05,0.0,0.0,9.8087,0.0,0.0,1.0,0.0,0.0,0.0,0.0,0.0,0.0,0.0,0.0
33.7541,0.9999984244342237,-0.001586997499577113,-0.0007929987505763396,-6.099990389057952e-05,0.0,0.0,9.8048,0.0,0.0,1.0,0.0,0.0,0.0,0.0,0.0,0.0,0.0,0.0
33.7741,0.9999984244342237,-0.001586997499577113,-0.0007929987505763396,-6.099990389057952e-05,0.0,0.0,9.8087,0.0,0.0,1.0,0.0,0.0,0.0,0.0,0.0,0.0,0.0,0.0
33.7942,0.9999983742009648,-0.001586997419856931,-0.0008539986115676244,-6.099990082625295e-05,0.0,0.0,9.8125,0.0,0.0,1.0,0.0,0.0,0.0,0.0,0.0,0.0,0.0,0.0
33.8143,0.9999982755339607,-0.001647997158079967,-0.0008539985273060028,-6.09998948075674e-05,0.0,0.0,9.8477,0.0,0.0,1.0,0.0,0.0,0.0,0.0,0.0,0.0,0.0,0.0
33.8344,0.9999982755339607,-0.001647997158079967,-0.0008539985273060028,-6.09998948075674e-05,0.0,0.0,9.7735,0.0,0.0,1.0,0.0,0.0,0.0,0.0,0.0,0.0,0.0,0.0
33.8545,0.9999982755339607,-0.001647997158079967,-0.0008539985273060028,-6.09998948075674e-05,0.0,0.0,9.8048,0.0,0.0,1.0,0.0,0.0,0.0,0.0,0.0,0.0,0.0,0.0
33.8746,0.9999982755339607,-0.001647997158079967,-0.0008539985273060028,-6.09998948075674e-05,0.0,0.0,9.8048,0.0,0.0,1.0,0.0,0.0,0.0,0.0,0.0,0.0,0.0,0.0
33.8947,0.9999982755339607,-0.001647997158079967,-0.0008539985273060028,-6.09998948075674e-05,0.0,0.0,9.8477,0.0,0.0,1.0,0.0,0.0,0.0,0.0,0.0,0.0,0.0,0.0
33.9147,0.9999982755339607,-0.001647997158079967,-0.0008539985273060028,-6.09998948075674e-05,0.0,0.0,9.7735,0.0,0.0,1.0,0.0,0.0,0.0,0.0,0.0,0.0,0.0,0.0
33.9348,0.9999982699524896,-0.001647997148881703,-0.0008539985225394266,-0.000121999788934124,0.0,0.0,9.8125,0.0,0.0,1.0,0.0,0.0,0.0,0.0,0.0,0.0,0.0,0.0
33.9549,0.9999983137497652,-0.0015869973239208777,-0.0009159984553947854,-0.00012199979427746088,0.0,0.0,9.809,0.0,0.0,1.0,0.0,0.0,0.0,0.0,0.0,0.0,0.0,0.0
33.975,0.9999983137497652,-0.0015869973239208777,-0.0009159984553947854,-0.00012199979427746088,0.0,0.0,9.8442,0.0,0.0,1.0,0.0,0.0,0.0,0.0,0.0,0.0,0.0,0.0
33.9951,0.9999983137497652,-0.0015869973239208777,-0.0009159984553947854,-0.00012199979427746088,0.0,0.0,9.8048,0.0,0.0,1.0,0.0,0.0,0.0,0.0,0.0,0.0,0.0,0.0
34.0152,0.9999983137497652,-0.0015869973239208777,-0.0009159984553947854,-0.00012199979427746088,0.0,0.0,9.8166,0.0,0.0,1.0,0.0,0.0,0.0,0.0,0.0,0.0,0.0,0.0
34.0353,0.9999983137497652,-0.0015869973239208777,-0.0009159984553947854,-0.00012199979427746088,0.0,0.0,9.7776,0.0,0.0,1.0,0.0,0.0,0.0,0.0,0.0,0.0,0.0,0.0
34.0554,0.9999982206642491,-0.0016479970676546824,-0.0009159983701284525,-6.0999891460578055e-05,0.0,0.0,9.8089,0.0,0.0,1.0,0.0,0.0,0.0,0.0,0.0,0.0,0.0,0.0
34.0755,0.9999982206642491,-0.0016479970676546824,-0.0009159983701284525,-6.0999891460578055e-05,0.0,0.0,9.8439,0.0,0.0,1.0,0.0,0.0,0.0,0.0,0.0,0.0,0.0,0.0
34.0955,0.9999982206642491,-0.0016479970676546824,-0.0009159983701284525,-6.0999891460578055e-05,0.0,0.0,9.805,0.0,0.0,1.0,0.0,0.0,0.0,0.0,0.0,0.0,0.0,0.0
34.1156,0.9999983193312371,-0.0015869973327786733,-0.0009159984605074135,-6.0999897479208094e-05,0.0,0.0,9.8048,0.0,0.0,1.0,0.0,0.0,0.0,0.0,0.0,0.0,0.0,0.0
34.1357,0.9999982615950331,-0.0015869972411513176,-0.0009769983015783476,-6.099989395741412e-05,0.0,0.0,9.8439,0.0,0.0,1.0,0.0,0.0,0.0,0.0,0.0,0.0,0.0,0.0
34.1558,0.9999982615950331,-0.0015869972411513176,-0.0009769983015783476,-6.099989395741412e-05,0.0,0.0,9.7774,0.0,0.0,1.0,0.0,0.0,0.0,0.0,0.0,0.0,0.0,0.0
34.1759,0.9999982001378593,-0.0015869971436187826,-0.0010379981317430982,-6.099989020852403e-05,0.0,0.0,9.8521,0.0,0.0,1.0,0.0,0.0,0.0,0.0,0.0,0.0,0.0,0.0
34.196,0.9999982019983492,-0.0015869971465713797,-0.0010379981336742867,0.0,0.0,0.0,9.8089,0.0,0.0,1.0,0.0,0.0,0.0,0.0,0.0,0.0,0.0,0.0
34.216,0.9999982615950331,-0.0015869972411513176,-0.0009769983015783476,-6.099989395741412e-05,0.0,0.0,9.8052,0.0,0.0,1.0,0.0,0.0,0.0,0.0,0.0,0.0,0.0,0.0
34.2361,0.9999982615950331,-0.0015869972411513176,-0.0009769983015783476,-6.099989395741412e-05,0.0,0.0,9.7774,0.0,0.0,1.0,0.0,0.0,0.0,0.0,0.0,0.0,0.0,0.0
34.2562,0.9999982001378593,-0.0015869971436187826,-0.0010379981317430982,-6.099989020852403e-05,0.0,0.0,9.844,0.0,0.0,1.0,0.0,0.0,0.0,0.0,0.0,0.0,0.0,0.0
34.2763,0.9999982001378593,-0.0015869971436187826,-0.0010379981317430982,-6.099989020852403e-05,0.0,0.0,9.8088,0.0,0.0,1.0,0.0,0.0,0.0,0.0,0.0,0.0,0.0,0.0
34.2964,0.9999982001378593,-0.0015869971436187826,-0.0010379981317430982,-6.099989020852403e-05,0.0,0.0,9.8048,0.0,0.0,1.0,0.0,0.0,0.0,0.0,0.0,0.0,0.0,0.0
34.3165,0.9999981368202073,-0.0015869970431336687,-0.001098997952365408,0.0,0.0,0.0,9.8165,0.0,0.0,1.0,0.0,0.0,0.0,0.0,0.0,0.0,0.0,0.0
34.3366,0.9999980660606103,-0.0015869969308381887,-0.0011599977566303082,-6.099988202962203e-05,0.0,0.0,9.8088,0.0,0.0,1.0,0.0,0.0,0.0,0.0,0.0,0.0,0.0,0.0
34.3566,0.9999980660606103,-0.0015869969308381887,-0.0011599977566303082,-6.099988202962203e-05,0.0,0.0,9.8048,0.0,0.0,1.0,0.0,0.0,0.0,0.0,0.0,0.0,0.0,0.0
34.3767,0.9999980660606103,-0.0015869969308381887,-0.0011599977566303082,-6.099988202962203e-05,0.0,0.0,9.8478,0.0,0.0,1.0,0.0,0.0,0.0,0.0,0.0,0.0,0.0,0.0
34.3968,0.9999980660606103,-0.0015869969308381887,-0.0011599977566303082,-6.099988202962203e-05,0.0,0.0,9.7774,0.0,0.0,1.0,0.0,0.0,0.0,0.0,0.0,0.0,0.0,0.0
34.4169,0.999998161006573,-0.0015259971936960302,-0.001159997866767625,-6.099988782148902e-05,0.0,0.0,9.8165,0.0,0.0,1.0,0.0,0.0,0.0,0.0,0.0,0.0,0.0,0.0
34.437,0.9999980660606103,-0.0015869969308381887,-0.0011599977566303082,-6.099988202962203e-05,0.0,0.0,9.8048,0.0,0.0,1.0,0.0,0.0,0.0,0.0,0.0,0.0,0.0,0.0
34.4571,0.9999980660606103,-0.0015869969308381887,-0.0011599977566303082,-6.099988202962203e-05,0.0,0.0,9.8125,0.0,0.0,1.0,0.0,0.0,0.0,0.0,0.0,0.0,0.0,0.0
34.4772,0.9999980660606103,-0.0015869969308381887,-0.0011599977566303082,-6.099988202962203e-05,0.0,0.0,9.8164,0.0,0.0,1.0,0.0,0.0,0.0,0.0,0.0,0.0,0.0,0.0
34.4973,0.9999980660606103,-0.0015869969308381887,-0.0011599977566303082,-6.099988202962203e-05,0.0,0.0,9.8125,0.0,0.0,1.0,0.0,0.0,0.0,0.0,0.0,0.0,0.0,0.0
34.5173,0.9999980660606103,-0.0015869969308381887,-0.0011599977566303082,-6.099988202962203e-05,0.0,0.0,9.8088,0.0,0.0,1.0,0.0,0.0,0.0,0.0,0.0,0.0,0.0,0.0
34.5374,0.9999980660606103,-0.0015869969308381887,-0.0011599977566303082,-6.099988202962203e-05,0.0,0.0,9.8088,0.0,0.0,1.0,0.0,0.0,0.0,0.0,0.0,0.0,0.0,0.0
34.5575,0.9999979673936973,-0.0016479966502648128,-0.0011599976421766893,-6.0999876010991994e-05,0.0,0.0,9.8087,0.0,0.0,1.0,0.0,0.0,0.0,0.0,0.0,0.0,0.0,0.0
34.5776,0.9999979673936973,-0.0016479966502648128,-0.0011599976421766893,-6.0999876010991994e-05,0.0,0.0,9.8165,0.0,0.0,1.0,0.0,0.0,0.0,0.0,0.0,0.0,0.0,0.0
34.5977,0.9999979673936973,-0.0016479966502648128,-0.0011599976421766893,-6.0999876010991994e-05,0.0,0.0,9.8088,0.0,0.0,1.0,0.0,0.0,0.0,0.0,0.0,0.0,0.0,0.0
34.6178,0.9999979934405395,-0.0015869968155901358,-0.0012209975499908989,-6.099987759977665e-05,0.0,0.0,9.7735,0.0,0.0,1.0,0.0,0.0,0.0,0.0,0.0,0.0,0.0,0.0
34.6378,0.9999980660606103,-0.0015869969308381887,-0.0011599977566303082,-6.099988202962203e-05,0.0,0.0,9.8126,0.0,0.0,1.0,0.0,0.0,0.0,0.0,0.0,0.0,0.0,0.0
34.6579,0.9999980660606103,-0.0015869969308381887,-0.0011599977566303082,-6.099988202962203e-05,0.0,0.0,9.8048,0.0,0.0,1.0,0.0,0.0,0.0,0.0,0.0,0.0,0.0,0.0
34.678,0.9999980660606103,-0.0015869969308381887,-0.0011599977566303082,-6.099988202962203e-05,0.0,0.0,9.8125,0.0,0.0,1.0,0.0,0.0,0.0,0.0,0.0,0.0,0.0,0.0
34.6981,0.9999980660606103,-0.0015869969308381887,-0.0011599977566303082,-6.099988202962203e-05,0.0,0.0,9.7735,0.0,0.0,1.0,0.0,0.0,0.0,0.0,0.0,0.0,0.0,0.0
34.7182,0.999998161006573,-0.0015259971936960302,-0.001159997866767625,-6.099988782148902e-05,0.0,0.0,9.8164,0.0,0.0,1.0,0.0,0.0,0.0,0.0,0.0,0.0,0.0,0.0
34.7383,0.999998161006573,-0.0015259971936960302,-0.001159997866767625,-6.099988782148902e-05,0.0,0.0,9.8125,0.0,0.0,1.0,0.0,0.0,0.0,0.0,0.0,0.0,0.0,0.0
34.7584,0.9999980660606103,-0.0015869969308381887,-0.0011599977566303082,-6.099988202962203e-05,0.0,0.0,9.7658,0.0,0.0,1.0,0.0,0.0,0.0,0.0,0.0,0.0,0.0,0.0
34.7784,0.9999982299056999,-0.001525997298836098,-0.0010989980546663647,-6.099989202423828e-05,0.0,0.0,9.8048,0.0,0.0,1.0,0.0,0.0,0.0,0.0,0.0,0.0,0.0,0.0
34.7986,0.9999982299056999,-0.001525997298836098,-0.0010989980546663647,-6.099989202423828e-05,0.0,0.0,9.8048,0.0,0.0,1.0,0.0,0.0,0.0,0.0,0.0,0.0,0.0,0.0
34.8187,0.9999982299056999,-0.001525997298836098,-0.0010989980546663647,-6.099989202423828e-05,0.0,0.0,9.8125,0.0,0.0,1.0,0.0,0.0,0.0,0.0,0.0,0.0,0.0,0.0
34.8387,0.9999982299056999,-0.001525997298836098,-0.0010989980546663647,-6.099989202423828e-05,0.0,0.0,9.8555,0.0,0.0,1.0,0.0,0.0,0.0,0.0,0.0,0.0,0.0,0.0
34.8588,0.9999982299056999,-0.001525997298836098,-0.0010989980546663647,-6.099989202423828e-05,0.0,0.0,9.731,0.0,0.0,1.0,0.0,0.0,0.0,0.0,0.0,0.0,0.0,0.0
34.8789,0.999998161006573,-0.0015259971936960302,-0.001159997866767625,-6.099988782148902e-05,0.0,0.0,9.8555,0.0,0.0,1.0,0.0,0.0,0.0,0.0,0.0,0.0,0.0,0.0
34.899,0.999998321130728,-0.0014649975404565161,-0.00109899815492267,-6.099989758895363e-05,0.0,0.0,9.8125,0.0,0.0,1.0,0.0,0.0,0.0,0.0,0.0,0.0,0.0,0.0
34.9191,0.9999982299056999,-0.001525997298836098,-0.0010989980546663647,-6.099989202423828e-05,0.0,0.0,9.766,0.0,0.0,1.0,0.0,0.0,0.0,0.0,0.0,0.0,0.0,0.0
34.9392,0.9999982299056999,-0.001525997298836098,-0.0010989980546663647,-6.099989202423828e-05,0.0,0.0,9.805,0.0,0.0,1.0,0.0,0.0,0.0,0.0,0.0,0.0,0.0,0.0
34.9593,0.9999982299056999,-0.001525997298836098,-0.0010989980546663647,-6.099989202423828e-05,0.0,0.0,9.8048,0.0,0.0,1.0,0.0,0.0,0.0,0.0,0.0,0.0,0.0,0.0
34.9793,0.999998321130728,-0.0014649975404565161,-0.00109899815492267,-6.099989758895363e-05,0.0,0.0,9.7698,0.0,0.0,1.0,0.0,0.0,0.0,0.0,0.0,0.0,0.0,0.0
34.9994,0.999998321130728,-0.0014649975404565161,-0.00109899815492267,-6.099989758895363e-05,0.0,0.0,9.7735,0.0,0.0,1.0,0.0,0.0,0.0,0.0,0.0,0.0,0.0,0.0
35.0195,0.9999984086347987,-0.001403997765723257,-0.001098998251089644,-6.099990292662838e-05,0.0,0.0,9.8127,0.0,0.0,1.0,0.0,0.0,0.0,0.0,0.0,0.0,0.0,0.0
35.0396,0.999998321130728,-0.0014649975404565161,-0.00109899815492267,-6.099989758895363e-05,0.0,0.0,9.8053,0.0,0.0,1.0,0.0,0.0,0.0,0.0,0.0,0.0,0.0,0.0
35.0597,0.9999982299056999,-0.001525997298836098,-0.0010989980546663647,-6.099989202423828e-05,0.0,0.0,9.8442,0.0,0.0,1.0,0.0,0.0,0.0,0.0,0.0,0.0,0.0,0.0
35.0798,0.9999982299056999,-0.001525997298836098,-0.0010989980546663647,-6.099989202423828e-05,0.0,0.0,9.7774,0.0,0.0,1.0,0.0,0.0,0.0,0.0,0.0,0.0,0.0,0.0
35.0999,0.999998321130728,-0.0014649975404565161,-0.00109899815492267,-6.099989758895363e-05,0.0,0.0,9.7697,0.0,0.0,1.0,0.0,0.0,0.0,0.0,0.0,0.0,0.0,0.0
35.1199,0.999998321130728,-0.0014649975404565161,-0.00109899815492267,-6.099989758895363e-05,0.0,0.0,9.7735,0.0,0.0,1.0,0.0,0.0,0.0,0.0,0.0,0.0,0.0,0.0
35.14,0.999998321130728,-0.0014649975404565161,-0.00109899815492267,-6.099989758895363e-05,0.0,0.0,9.7735,0.0,0.0,1.0,0.0,0.0,0.0,0.0,0.0,0.0,0.0,0.0
35.1601,0.999998321130728,-0.0014649975404565161,-0.00109899815492267,-6.099989758895363e-05,0.0,0.0,9.8477,0.0,0.0,1.0,0.0,0.0,0.0,0.0,0.0,0.0,0.0,0.0
35.1802,0.999998321130728,-0.0014649975404565161,-0.00109899815492267,-6.099989758895363e-05,0.0,0.0,9.9924,0.0,0.0,1.0,0.0,0.0,0.0,0.0,0.0,0.0,0.0,0.0
35.2003,0.999998321130728,-0.0014649975404565161,-0.00109899815492267,-6.099989758895363e-05,0.0,0.0,9.9924,0.0,0.0,1.0,0.0,0.0,0.0,0.0,0.0,0.0,0.0,0.0
35.2204,0.999998321130728,-0.0014649975404565161,-0.00109899815492267,-6.099989758895363e-05,0.0,0.0,9.8442,0.0,0.0,1.0,0.0,0.0,0.0,0.0,0.0,0.0,0.0,0.0
35.2405,0.9999984030533253,-0.0014039977578868689,-0.0010989982449556047,-0.000121999805172468,0.0,0.0,9.7346,0.0,0.0,1.0,0.0,0.0,0.0,0.0,0.0,0.0,0.0,0.0
35.2606,0.9999983341541626,-0.0014039976611524446,-0.0011599980676188291,-0.00012199979676669194,0.0,0.0,9.7779,0.0,0.0,1.0,0.0,0.0,0.0,0.0,0.0,0.0,0.0,0.0
35.2807,0.9999981740300012,-0.0014649973249539516,-0.001220997770490632,-0.00012199977723165167,0.0,0.0,9.7698,0.0,0.0,1.0,0.0,0.0,0.0,0.0,0.0,0.0,0.0,0.0
35.3007,0.9999981740300012,-0.0014649973249539516,-0.001220997770490632,-0.00012199977723165167,0.0,0.0,9.8829,0.0,0.0,1.0,0.0,0.0,0.0,0.0,0.0,0.0,0.0,0.0
35.3208,0.9999983341541626,-0.0014039976611524446,-0.0011599980676188291,-0.00012199979676669194,0.0,0.0,9.8087,0.0,0.0,1.0,0.0,0.0,0.0,0.0,0.0,0.0,0.0,0.0
35.3409,0.9999983341541626,-0.0014039976611524446,-0.0011599980676188291,-0.00012199979676669194,0.0,0.0,9.7774,0.0,0.0,1.0,0.0,0.0,0.0,0.0,0.0,0.0,0.0,0.0
35.361,0.9999983341541626,-0.0014039976611524446,-0.0011599980676188291,-0.00012199979676669194,0.0,0.0,9.8439,0.0,0.0,1.0,0.0,0.0,0.0,0.0,0.0,0.0,0.0,0.0
35.3811,0.9999982615340335,-0.0014039975591937828,-0.0012209978773330553,-0.00012199978790722321,0.0,0.0,9.8131,0.0,0.0,1.0,0.0,0.0,0.0,0.0,0.0,0.0,0.0,0.0
35.4012,0.9999983453171071,-0.0013429977777608747,-0.0012209979796321882,-0.00012199979812860252,0.0,0.0,9.8125,0.0,0.0,1.0,0.0,0.0,0.0,0.0,0.0,0.0,0.0,0.0
35.4212,0.9999983453171071,-0.0013429977777608747,-0.0012209979796321882,-0.00012199979812860252,0.0,0.0,9.8516,0.0,0.0,1.0,0.0,0.0,0.0,0.0,0.0,0.0,0.0,0.0
35.4413,0.9999982615340335,-0.0014039975591937828,-0.0012209978773330553,-0.00012199978790722321,0.0,0.0,9.8048,0.0,0.0,1.0,0.0,0.0,0.0,0.0,0.0,0.0,0.0,0.0
35.4614,0.9999983341541626,-0.0014039976611524446,-0.0011599980676188291,-0.00012199979676669194,0.0,0.0,9.7697,0.0,0.0,1.0,0.0,0.0,0.0,0.0,0.0,0.0,0.0,0.0
35.4815,0.9999983341541626,-0.0014039976611524446,-0.0011599980676188291,-0.00012199979676669194,0.0,0.0,9.8164,0.0,0.0,1.0,0.0,0.0,0.0,0.0,0.0,0.0,0.0,0.0
35.5016,0.9999983341541626,-0.0014039976611524446,-0.0011599980676188291,-0.00012199979676669194,0.0,0.0,9.844,0.0,0.0,1.0,0.0,0.0,0.0,0.0,0.0,0.0,0.0,0.0
35.5217,0.9999983341541626,-0.0014039976611524446,-0.0011599980676188291,-0.00012199979676669194,0.0,0.0,9.7706,0.0,0.0,1.0,0.0,0.0,0.0,0.0,0.0,0.0,0.0,0.0
35.5418,0.9999983062468032,-0.0014649975186515664,-0.0010989981385652369,-0.00018299969004315075,0.0,0.0,9.8016,0.0,0.0,1.0,0.0,0.0,0.0,0.0,0.0,0.0,0.0,0.0
35.5619,0.9999983714249785,-0.0014649976141375932,-0.001037998309539128,-0.0001829997019707763,0.0,0.0,9.7743,0.0,0.0,1.0,0.0,0.0,0.0,0.0,0.0,0.0,0.0,0.0
35.582,0.9999983937508701,-0.0014039977448262215,-0.0010989982347322062,-0.00018299970605639704,0.0,0.0,9.8132,0.0,0.0,1.0,0.0,0.0,0.0,0.0,0.0,0.0,0.0,0.0
35.6021,0.9999983341541626,-0.0014039976611524446,-0.0011599980676188291,-0.00012199979676669194,0.0,0.0,9.8447,0.0,0.0,1.0,0.0,0.0,0.0,0.0,0.0,0.0,0.0,0.0
35.6221,0.9999983248517093,-0.0014039976480917996,-0.0011599980568279828,-0.00018299969344792721,0.0,0.0,9.8164,0.0,0.0,1.0,0.0,0.0,0.0,0.0,0.0,0.0,0.0,0.0
35.6422,0.9999983937508701,-0.0014039977448262215,-0.0010989982347322062,-0.00018299970605639704,0.0,0.0,9.7735,0.0,0.0,1.0,0.0,0.0,0.0,0.0,0.0,0.0,0.0,0.0
35.6623,0.9999983062468032,-0.0014649975186515664,-0.0010989981385652369,-0.00018299969004315075,0.0,0.0,9.809,0.0,0.0,1.0,0.0,0.0,0.0,0.0,0.0,0.0,0.0,0.0
35.6824,0.9999983062468032,-0.0014649975186515664,-0.0010989981385652369,-0.00018299969004315075,0.0,0.0,9.805,0.0,0.0,1.0,0.0,0.0,0.0,0.0,0.0,0.0,0.0,0.0
35.7025,0.9999983937508701,-0.0014039977448262215,-0.0010989982347322062,-0.00018299970605639704,0.0,0.0,9.8165,0.0,0.0,1.0,0.0,0.0,0.0,0.0,0.0,0.0,0.0,0.0
35.7226,0.9999983937508701,-0.0014039977448262215,-0.0010989982347322062,-0.00018299970605639704,0.0,0.0,9.7702,0.0,0.0,1.0,0.0,0.0,0.0,0.0,0.0,0.0,0.0,0.0
35.7427,0.9999983937508701,-0.0014039977448262215,-0.0010989982347322062,-0.00018299970605639704,0.0,0.0,9.7698,0.0,0.0,1.0,0.0,0.0,0.0,0.0,0.0,0.0,0.0,0.0
35.7628,0.9999984589290624,-0.001403997836336404,-0.0010379984003683672,-0.00018299971798402262,0.0,0.0,9.8164,0.0,0.0,1.0,0.0,0.0,0.0,0.0,0.0,0.0,0.0,0.0
35.7828,0.9999984589290624,-0.001403997836336404,-0.0010379984003683672,-0.00018299971798402262,0.0,0.0,9.8048,0.0,0.0,1.0,0.0,0.0,0.0,0.0,0.0,0.0,0.0,0.0
35.8029,0.999998520386284,-0.0014039979226223424,-0.0009769985544173993,-0.00018299972923058183,0.0,0.0,9.8555,0.0,0.0,1.0,0.0,0.0,0.0,0.0,0.0,0.0,0.0,0.0
35.823,0.9999986041694225,-0.0013429981253995343,-0.0009769986362735258,-0.00018299974456298385,0.0,0.0,9.7774,0.0,0.0,1.0,0.0,0.0,0.0,0.0,0.0,0.0,0.0,0.0
35.8431,0.9999985427121856,-0.0013429980428624649,-0.001037998487335249,-0.0001829997333163136,0.0,0.0,9.8089,0.0,0.0,1.0,0.0,0.0,0.0,0.0,0.0,0.0,0.0,0.0
35.8632,0.9999984645105365,-0.0013429979378376503,-0.00109899831249708,-0.00024399962534060732,0.0,0.0,9.8048,0.0,0.0,1.0,0.0,0.0,0.0,0.0,0.0,0.0,0.0,0.0
35.8833,0.9999984775339769,-0.001342997955328131,-0.0010989983268098408,-0.00018299972138879908,0.0,0.0,9.8088,0.0,0.0,1.0,0.0,0.0,0.0,0.0,0.0,0.0,0.0,0.0
35.9033,0.9999984775339769,-0.001342997955328131,-0.0010989983268098408,-0.00018299972138879908,0.0,0.0,9.8125,0.0,0.0,1.0,0.0,0.0,0.0,0.0,0.0,0.0,0.0,0.0
35.9234,0.9999985427121856,-0.0013429980428624649,-0.001037998487335249,-0.0001829997333163136,0.0,0.0,9.8087,0.0,0.0,1.0,0.0,0.0,0.0,0.0,0.0,0.0,0.0,0.0
35.9435,0.9999984589290624,-0.001403997836336404,-0.0010379984003683672,-0.00018299971798402262,0.0,0.0,9.8087,0.0,0.0,1.0,0.0,0.0,0.0,0.0,0.0,0.0,0.0,0.0
35.9636,0.9999983937508701,-0.0014039977448262215,-0.0010989982347322062,-0.00018299970605639704,0.0,0.0,9.7735,0.0,0.0,1.0,0.0,0.0,0.0,0.0,0.0,0.0,0.0,0.0
35.9837,0.9999983937508701,-0.0014039977448262215,-0.0010989982347322062,-0.00018299970605639704,0.0,0.0,9.8088,0.0,0.0,1.0,0.0,0.0,0.0,0.0,0.0,0.0,0.0,0.0
36.0038,0.9999983248517093,-0.0014039976480917996,-0.0011599980568279828,-0.00018299969344792721,0.0,0.0,9.8087,0.0,0.0,1.0,0.0,0.0,0.0,0.0,0.0,0.0,0.0,0.0
36.0239,0.9999983248517093,-0.0014039976480917996,-0.0011599980568279828,-0.00018299969344792721,0.0,0.0,9.8164,0.0,0.0,1.0,0.0,0.0,0.0,0.0,0.0,0.0,0.0,0.0
36.044,0.9999983248517093,-0.0014039976480917996,-0.0011599980568279828,-0.00018299969344792721,0.0,0.0,9.8088,0.0,0.0,1.0,0.0,0.0,0.0,0.0,0.0,0.0,0.0,0.0
36.0641,0.9999982373476606,-0.0014649974177143221,-0.001159997955323286,-0.00018299967743462542,0.0,0.0,9.7735,0.0,0.0,1.0,0.0,0.0,0.0,0.0,0.0,0.0,0.0,0.0
36.0842,0.9999983248517093,-0.0014039976480917996,-0.0011599980568279828,-0.00018299969344792721,0.0,0.0,9.8088,0.0,0.0,1.0,0.0,0.0,0.0,0.0,0.0,0.0,0.0,0.0
36.1043,0.9999982373476606,-0.0014649974177143221,-0.001159997955323286,-0.00018299967743462542,0.0,0.0,9.8048,0.0,0.0,1.0,0.0,0.0,0.0,0.0,0.0,0.0,0.0,0.0
36.1244,0.9999983062468032,-0.0014649975186515664,-0.0010989981385652369,-0.00018299969004315075,0.0,0.0,9.7697,0.0,0.0,1.0,0.0,0.0,0.0,0.0,0.0,0.0,0.0,0.0
36.1444,0.9999983062468032,-0.0014649975186515664,-0.0010989981385652369,-0.00018299969004315075,0.0,0.0,9.8052,0.0,0.0,1.0,0.0,0.0,0.0,0.0,0.0,0.0,0.0,0.0
36.1646,0.9999983062468032,-0.0014649975186515664,-0.0010989981385652369,-0.00018299969004315075,0.0,0.0,9.8164,0.0,0.0,1.0,0.0,0.0,0.0,0.0,0.0,0.0,0.0,0.0
36.1847,0.9999983062468032,-0.0014649975186515664,-0.0010989981385652369,-0.00018299969004315075,0.0,0.0,9.8092,0.0,0.0,1.0,0.0,0.0,0.0,0.0,0.0,0.0,0.0,0.0
36.2049,0.9999983807274331,-0.0014039977265413158,-0.001098998220419449,-0.0002439996048975157,0.0,0.0,9.8088,0.0,0.0,1.0,0.0,0.0,0.0,0.0,0.0,0.0,0.0,0.0
36.225,0.9999984459056228,-0.0014039978180514943,-0.0010379983868500366,-0.00024399962080096094,0.0,0.0,9.8164,0.0,0.0,1.0,0.0,0.0,0.0,0.0,0.0,0.0,0.0,0.0
36.2451,0.9999984589290624,-0.001403997836336404,-0.0010379984003683672,-0.00018299971798402262,0.0,0.0,9.8088,0.0,0.0,1.0,0.0,0.0,0.0,0.0,0.0,0.0,0.0,0.0
36.2652,0.9999984589290624,-0.001403997836336404,-0.0010379984003683672,-0.00018299971798402262,0.0,0.0,9.8048,0.0,0.0,1.0,0.0,0.0,0.0,0.0,0.0,0.0,0.0,0.0
36.2853,0.9999984589290624,-0.001403997836336404,-0.0010379984003683672,-0.00018299971798402262,0.0,0.0,9.8087,0.0,0.0,1.0,0.0,0.0,0.0,0.0,0.0,0.0,0.0,0.0
36.3054,0.9999983714249785,-0.0014649976141375932,-0.001037998309539128,-0.0001829997019707763,0.0,0.0,9.8166,0.0,0.0,1.0,0.0,0.0,0.0,0.0,0.0,0.0,0.0,0.0
36.3255,0.9999983584015423,-0.0014649975950582594,-0.0010379982960208014,-0.00024399959944987337,0.0,0.0,9.8048,0.0,0.0,1.0,0.0,0.0,0.0,0.0,0.0,0.0,0.0,0.0
36.3456,0.9999982019983492,-0.0015259972562494805,-0.0010989980239961856,-0.00024399956128756672,0.0,0.0,9.8053,0.0,0.0,1.0,0.0,0.0,0.0,0.0,0.0,0.0,0.0,0.0
36.3657,0.9999983584015423,-0.0014649975950582594,-0.0010379982960208014,-0.00024399959944987337,0.0,0.0,9.8125,0.0,0.0,1.0,0.0,0.0,0.0,0.0,0.0,0.0,0.0,0.0
36.3857,0.9999983584015423,-0.0014649975950582594,-0.0010379982960208014,-0.00024399959944987337,0.0,0.0,9.8125,0.0,0.0,1.0,0.0,0.0,0.0,0.0,0.0,0.0,0.0,0.0
36.4075,0.9999984198587453,-0.0014649976850930615,-0.0009769984562019943,-0.00024399961444560025,0.0,0.0,9.8125,0.0,0.0,1.0,0.0,0.0,0.0,0.0,0.0,0.0,0.0,0.0
36.4276,0.9999984775949766,-0.0014649977696766406,-0.0009159986054769988,-0.00024399962853322021,0.0,0.0,9.8125,0.0,0.0,1.0,0.0,0.0,0.0,0.0,0.0,0.0,0.0,0.0
36.4477,0.9999984775949766,-0.0014649977696766406,-0.0009159986054769988,-0.00024399962853322021,0.0,0.0,9.8048,0.0,0.0,1.0,0.0,0.0,0.0,0.0,0.0,0.0,0.0,0.0
36.4677,0.9999983863699058,-0.001525997537600476,-0.0009159985219148337,-0.0002439996062743588,0.0,0.0,9.8048,0.0,0.0,1.0,0.0,0.0,0.0,0.0,0.0,0.0,0.0,0.0
36.4878,0.9999985454881735,-0.0014649978691401743,-0.0008539987578469007,-0.00018299973382440718,0.0,0.0,9.8125,0.0,0.0,1.0,0.0,0.0,0.0,0.0,0.0,0.0,0.0,0.0
36.5079,0.9999985454881735,-0.0014649978691401743,-0.0008539987578469007,-0.00018299973382440718,0.0,0.0,9.8125,0.0,0.0,1.0,0.0,0.0,0.0,0.0,0.0,0.0,0.0,0.0
36.5279,0.9999985454881735,-0.0014649978691401743,-0.0008539987578469007,-0.00018299973382440718,0.0,0.0,9.8088,0.0,0.0,1.0,0.0,0.0,0.0,0.0,0.0,0.0,0.0,0.0
36.548,0.9999985454881735,-0.0014649978691401743,-0.0008539987578469007,-0.00018299973382440718,0.0,0.0,9.7658,0.0,0.0,1.0,0.0,0.0,0.0,0.0,0.0,0.0,0.0,0.0
36.5681,0.9999984906184174,-0.001464997788755981,-0.0009159986174064707,-0.00018299972378321705,0.0,0.0,9.8048,0.0,0.0,1.0,0.0,0.0,0.0,0.0,0.0,0.0,0.0,0.0
36.5881,0.9999985454881735,-0.0014649978691401743,-0.0008539987578469007,-0.00018299973382440718,0.0,0.0,9.8439,0.0,0.0,1.0,0.0,0.0,0.0,0.0,0.0,0.0,0.0,0.0
36.6082,0.9999985454881735,-0.0014649978691401743,-0.0008539987578469007,-0.00018299973382440718,0.0,0.0,9.8477,0.0,0.0,1.0,0.0,0.0,0.0,0.0,0.0,0.0,0.0,0.0
36.6282,0.9999985324647306,-0.0014649978500608303,-0.0008539987467248803,-0.00024399964192134418,0.0,0.0,9.8087,0.0,0.0,1.0,0.0,0.0,0.0,0.0,0.0,0.0,0.0,0.0
36.6483,0.9999985324647306,-0.0014649978500608303,-0.0008539987467248803,-0.00024399964192134418,0.0,0.0,9.8048,0.0,0.0,1.0,0.0,0.0,0.0,0.0,0.0,0.0,0.0,0.0
36.6684,0.9999984775949766,-0.0014649977696766406,-0.0009159986054769988,-0.00024399962853322021,0.0,0.0,9.844,0.0,0.0,1.0,0.0,0.0,0.0,0.0,0.0,0.0,0.0,0.0
36.6885,0.9999985650990885,-0.0014039979853991203,-0.0009159986856307653,-0.00024399964988419678,0.0,0.0,9.8477,0.0,0.0,1.0,0.0,0.0,0.0,0.0,0.0,0.0,0.0,0.0
36.7085,0.9999985650990885,-0.0014039979853991203,-0.0009159986856307653,-0.00024399964988419678,0.0,0.0,9.8126,0.0,0.0,1.0,0.0,0.0,0.0,0.0,0.0,0.0,0.0,0.0
36.7286,0.9999984775949766,-0.0014649977696766406,-0.0009159986054769988,-0.00024399962853322021,0.0,0.0,9.8048,0.0,0.0,1.0,0.0,0.0,0.0,0.0,0.0,0.0,0.0,0.0
36.7487,0.9999984775949766,-0.0014649977696766406,-0.0009159986054769988,-0.00024399962853322021,0.0,0.0,9.8048,0.0,0.0,1.0,0.0,0.0,0.0,0.0,0.0,0.0,0.0,0.0
36.7687,0.999998399393343,-0.0015259975574742413,-0.0009159985338443024,-0.00018299970708901547,0.0,0.0,9.8439,0.0,0.0,1.0,0.0,0.0,0.0,0.0,0.0,0.0,0.0,0.0
36.7888,0.999998399393343,-0.0015259975574742413,-0.0009159985338443024,-0.00018299970708901547,0.0,0.0,9.8125,0.0,0.0,1.0,0.0,0.0,0.0,0.0,0.0,0.0,0.0,0.0
36.8089,0.999998454263084,-0.001525997641205466,-0.000853998679940674,-0.00018299971713009455,0.0,0.0,9.8164,0.0,0.0,1.0,0.0,0.0,0.0,0.0,0.0,0.0,0.0,0.0
36.8289,0.9999985454881735,-0.0014649978691401743,-0.0008539987578469007,-0.00018299973382440718,0.0,0.0,9.8125,0.0,0.0,1.0,0.0,0.0,0.0,0.0,0.0,0.0,0.0,0.0
36.849,0.9999985454881735,-0.0014649978691401743,-0.0008539987578469007,-0.00018299973382440718,0.0,0.0,9.8088,0.0,0.0,1.0,0.0,0.0,0.0,0.0,0.0,0.0,0.0,0.0
36.8691,0.9999984412396447,-0.0015259976213316975,-0.0008539986688186567,-0.00024399961966248274,0.0,0.0,9.8089,0.0,0.0,1.0,0.0,0.0,0.0,0.0,0.0,0.0,0.0,0.0
36.8891,0.9999984412396447,-0.0015259976213316975,-0.0008539986688186567,-0.00024399961966248274,0.0,0.0,9.8164,0.0,0.0,1.0,0.0,0.0,0.0,0.0,0.0,0.0,0.0,0.0
36.9092,0.9999984412396447,-0.0015259976213316975,-0.0008539986688186567,-0.00024399961966248274,0.0,0.0,9.8478,0.0,0.0,1.0,0.0,0.0,0.0,0.0,0.0,0.0,0.0,0.0
36.9293,0.9999983863699058,-0.001525997537600476,-0.0009159985219148337,-0.0002439996062743588,0.0,0.0,9.8164,0.0,0.0,1.0,0.0,0.0,0.0,0.0,0.0,0.0,0.0,0.0
36.9493,0.9999984775949766,-0.0014649977696766406,-0.0009159986054769988,-0.00024399962853322021,0.0,0.0,9.8089,0.0,0.0,1.0,0.0,0.0,0.0,0.0,0.0,0.0,0.0,0.0
36.9694,0.9999984775949766,-0.0014649977696766406,-0.0009159986054769988,-0.00024399962853322021,0.0,0.0,9.8089,0.0,0.0,1.0,0.0,0.0,0.0,0.0,0.0,0.0,0.0,0.0
36.9895,0.9999984775949766,-0.0014649977696766406,-0.0009159986054769988,-0.00024399962853322021,0.0,0.0,9.8048,0.0,0.0,1.0,0.0,0.0,0.0,0.0,0.0,0.0,0.0,0.0
37.0095,0.9999984775949766,-0.0014649977696766406,-0.0009159986054769988,-0.00024399962853322021,0.0,0.0,9.8164,0.0,0.0,1.0,0.0,0.0,0.0,0.0,0.0,0.0,0.0,0.0
37.0296,0.9999984775949766,-0.0014649977696766406,-0.0009159986054769988,-0.00024399962853322021,0.0,0.0,9.7658,0.0,0.0,1.0,0.0,0.0,0.0,0.0,0.0,0.0,0.0,0.0
37.0497,0.9999984775949766,-0.0014649977696766406,-0.0009159986054769988,-0.00024399962853322021,0.0,0.0,9.8125,0.0,0.0,1.0,0.0,0.0,0.0,0.0,0.0,0.0,0.0,0.0
37.0698,0.9999985324647306,-0.0014649978500608303,-0.0008539987467248803,-0.00024399964192134418,0.0,0.0,9.8087,0.0,0.0,1.0,0.0,0.0,0.0,0.0,0.0,0.0,0.0,0.0
37.0898,0.9999984775949766,-0.0014649977696766406,-0.0009159986054769988,-0.00024399962853322021,0.0,0.0,9.8048,0.0,0.0,1.0,0.0,0.0,0.0,0.0,0.0,0.0,0.0,0.0
37.1099,0.9999984198587453,-0.0014649976850930615,-0.0009769984562019943,-0.00024399961444560025,0.0,0.0,9.8125,0.0,0.0,1.0,0.0,0.0,0.0,0.0,0.0,0.0,0.0,0.0
37.13,0.9999984775949766,-0.0014649977696766406,-0.0009159986054769988,-0.00024399962853322021,0.0,0.0,9.8125,0.0,0.0,1.0,0.0,0.0,0.0,0.0,0.0,0.0,0.0,0.0
37.15,0.9999984775949766,-0.0014649977696766406,-0.0009159986054769988,-0.00024399962853322021,0.0,0.0,9.8125,0.0,0.0,1.0,0.0,0.0,0.0,0.0,0.0,0.0,0.0,0.0
37.1701,0.9999984775949766,-0.0014649977696766406,-0.0009159986054769988,-0.00024399962853322021,0.0,0.0,9.8125,0.0,0.0,1.0,0.0,0.0,0.0,0.0,0.0,0.0,0.0,0.0
37.1902,0.9999984198587453,-0.0014649976850930615,-0.0009769984562019943,-0.00024399961444560025,0.0,0.0,9.8125,0.0,0.0,1.0,0.0,0.0,0.0,0.0,0.0,0.0,0.0,0.0
37.2102,0.9999984198587453,-0.0014649976850930615,-0.0009769984562019943,-0.00024399961444560025,0.0,0.0,9.8125,0.0,0.0,1.0,0.0,0.0,0.0,0.0,0.0,0.0,0.0,0.0
37.2303,0.9999984775949766,-0.0014649977696766406,-0.0009159986054769988,-0.00024399962853322021,0.0,0.0,9.8125,0.0,0.0,1.0,0.0,0.0,0.0,0.0,0.0,0.0,0.0,0.0
37.2504,0.9999984198587453,-0.0014649976850930615,-0.0009769984562019943,-0.00024399961444560025,0.0,0.0,9.8125,0.0,0.0,1.0,0.0,0.0,0.0,0.0,0.0,0.0,0.0,0.0
37.2704,0.9999984775949766,-0.0014649977696766406,-0.0009159986054769988,-0.00024399962853322021,0.0,0.0,9.805,0.0,0.0,1.0,0.0,0.0,0.0,0.0,0.0,0.0,0.0,0.0
37.2905,0.9999983863699058,-0.001525997537600476,-0.0009159985219148337,-0.0002439996062743588,0.0,0.0,9.8051,0.0,0.0,1.0,0.0,0.0,0.0,0.0,0.0,0.0,0.0,0.0
37.3106,0.9999984775949766,-0.0014649977696766406,-0.0009159986054769988,-0.00024399962853322021,0.0,0.0,9.7774,0.0,0.0,1.0,0.0,0.0,0.0,0.0,0.0,0.0,0.0,0.0
37.3306,0.9999985650990885,-0.0014039979853991203,-0.0009159986856307653,-0.00024399964988419678,0.0,0.0,9.8087,0.0,0.0,1.0,0.0,0.0,0.0,0.0,0.0,0.0,0.0,0.0
37.3507,0.9999986199688569,-0.001403998062436275,-0.0008539988214534041,-0.0002439996632723762,0.0,0.0,9.7658,0.0,0.0,1.0,0.0,0.0,0.0,0.0,0.0,0.0,0.0,0.0
37.3708,0.9999986329923032,-0.0014039980807211932,-0.0008539988325754271,-0.00018299974983759792,0.0,0.0,9.8048,0.0,0.0,1.0,0.0,0.0,0.0,0.0,0.0,0.0,0.0,0.0
37.3908,0.9999986329923032,-0.0014039980807211932,-0.0008539988325754271,-0.00018299974983759792,0.0,0.0,9.805,0.0,0.0,1.0,0.0,0.0,0.0,0.0,0.0,0.0,0.0,0.0
37.4109,0.9999986329923032,-0.0014039980807211932,-0.0008539988325754271,-0.00018299974983759792,0.0,0.0,9.8478,0.0,0.0,1.0,0.0,0.0,0.0,0.0,0.0,0.0,0.0,0.0
37.431,0.9999985874249931,-0.00140399801674469,-0.000915998706081294,-0.00012199982766591955,0.0,0.0,9.8096,0.0,0.0,1.0,0.0,0.0,0.0,0.0,0.0,0.0,0.0,0.0
37.451,0.9999985874249931,-0.00140399801674469,-0.000915998706081294,-0.00012199982766591955,0.0,0.0,9.7779,0.0,0.0,1.0,0.0,0.0,0.0,0.0,0.0,0.0,0.0,0.0
37.4711,0.9999986422947651,-0.00140399809378185,-0.0008539988405197295,-0.00012199983435995376,0.0,0.0,9.7775,0.0,0.0,1.0,0.0,0.0,0.0,0.0,0.0,0.0,0.0,0.0
37.4912,0.9999986515362276,-0.0014649980245005731,-0.0007319990129245188,-0.00012199983548738524,0.0,0.0,9.8479,0.0,0.0,1.0,0.0,0.0,0.0,0.0,0.0,0.0,0.0,0.0
37.5112,0.9999986050239189,-0.0014649979563600409,-0.0007929988937839679,-0.00012199982981292434,0.0,0.0,9.8555,0.0,0.0,1.0,0.0,0.0,0.0,0.0,0.0,0.0,0.0,0.0
37.5313,0.9999986050239189,-0.0014649979563600409,-0.0007929988937839679,-0.00012199982981292434,0.0,0.0,9.8048,0.0,0.0,1.0,0.0,0.0,0.0,0.0,0.0,0.0,0.0,0.0
37.5514,0.9999986050239189,-0.0014649979563600409,-0.0007929988937839679,-0.00012199982981292434,0.0,0.0,9.8477,0.0,0.0,1.0,0.0,0.0,0.0,0.0,0.0,0.0,0.0,0.0
37.5714,0.9999985547906329,-0.0014649978827682773,-0.000853998765791201,-0.00012199982368443774,0.0,0.0,9.6953,0.0,0.0,1.0,0.0,0.0,0.0,0.0,0.0,0.0,0.0,0.0
37.5915,0.9999986050239189,-0.0014649979563600409,-0.0007929988937839679,-0.00012199982981292434,0.0,0.0,9.7698,0.0,0.0,1.0,0.0,0.0,0.0,0.0,0.0,0.0,0.0,0.0
37.6116,0.9999986050239189,-0.0014649979563600409,-0.0007929988937839679,-0.00012199982981292434,0.0,0.0,9.8166,0.0,0.0,1.0,0.0,0.0,0.0,0.0,0.0,0.0,0.0,0.0
37.6316,0.9999986050239189,-0.0014649979563600409,-0.0007929988937839679,-0.00012199982981292434,0.0,0.0,9.8555,0.0,0.0,1.0,0.0,0.0,0.0,0.0,0.0,0.0,0.0,0.0
37.6517,0.9999985547906329,-0.0014649978827682773,-0.000853998765791201,-0.00012199982368443774,0.0,0.0,9.8053,0.0,0.0,1.0,0.0,0.0,0.0,0.0,0.0,0.0,0.0,0.0
37.6718,0.9999985547906329,-0.0014649978827682773,-0.000853998765791201,-0.00012199982368443774,0.0,0.0,9.8477,0.0,0.0,1.0,0.0,0.0,0.0,0.0,0.0,0.0,0.0,0.0
37.6919,0.9999986422947651,-0.00140399809378185,-0.0008539988405197295,-0.00012199983435995376,0.0,0.0,9.8555,0.0,0.0,1.0,0.0,0.0,0.0,0.0,0.0,0.0,0.0,0.0
37.7119,0.9999985547906329,-0.0014649978827682773,-0.000853998765791201,-0.00012199982368443774,0.0,0.0,9.8053,0.0,0.0,1.0,0.0,0.0,0.0,0.0,0.0,0.0,0.0,0.0
37.732,0.9999986422947651,-0.00140399809378185,-0.0008539988405197295,-0.00012199983435995376,0.0,0.0,9.7735,0.0,0.0,1.0,0.0,0.0,0.0,0.0,0.0,0.0,0.0,0.0
37.7521,0.9999986422947651,-0.00140399809378185,-0.0008539988405197295,-0.00012199983435995376,0.0,0.0,9.7775,0.0,0.0,1.0,0.0,0.0,0.0,0.0,0.0,0.0,0.0,0.0
37.7721,0.9999986422947651,-0.00140399809378185,-0.0008539988405197295,-0.00012199983435995376,0.0,0.0,9.8088,0.0,0.0,1.0,0.0,0.0,0.0,0.0,0.0,0.0,0.0,0.0
37.7922,0.9999985874249931,-0.00140399801674469,-0.000915998706081294,-0.00012199982766591955,0.0,0.0,9.8089,0.0,0.0,1.0,0.0,0.0,0.0,0.0,0.0,0.0,0.0,0.0
37.8123,0.9999985454881735,-0.0014649978691401743,-0.0008539987578469007,-0.00018299973382440718,0.0,0.0,9.8555,0.0,0.0,1.0,0.0,0.0,0.0,0.0,0.0,0.0,0.0,0.0
37.8323,0.9999985454881735,-0.0014649978691401743,-0.0008539987578469007,-0.00018299973382440718,0.0,0.0,9.8164,0.0,0.0,1.0,0.0,0.0,0.0,0.0,0.0,0.0,0.0,0.0
37.8524,0.9999984906184174,-0.001464997788755981,-0.0009159986174064707,-0.00018299972378321705,0.0,0.0,9.8125,0.0,0.0,1.0,0.0,0.0,0.0,0.0,0.0,0.0,0.0,0.0
37.8725,0.9999984906184174,-0.001464997788755981,-0.0009159986174064707,-0.00018299972378321705,0.0,0.0,9.7735,0.0,0.0,1.0,0.0,0.0,0.0,0.0,0.0,0.0,0.0,0.0
37.8926,0.9999984906184174,-0.001464997788755981,-0.0009159986174064707,-0.00018299972378321705,0.0,0.0,9.8164,0.0,0.0,1.0,0.0,0.0,0.0,0.0,0.0,0.0,0.0,0.0
37.9126,0.9999985454881735,-0.0014649978691401743,-0.0008539987578469007,-0.00018299973382440718,0.0,0.0,9.8087,0.0,0.0,1.0,0.0,0.0,0.0,0.0,0.0,0.0,0.0,0.0
37.9327,0.9999985454881735,-0.0014649978691401743,-0.0008539987578469007,-0.00018299973382440718,0.0,0.0,9.8088,0.0,0.0,1.0,0.0,0.0,0.0,0.0,0.0,0.0,0.0,0.0
37.9528,0.9999985781225327,-0.0014039980036840358,-0.0009159986975602402,-0.00018299973979640782,0.0,0.0,9.8048,0.0,0.0,1.0,0.0,0.0,0.0,0.0,0.0,0.0,0.0,0.0
37.9728,0.9999986422947651,-0.00140399809378185,-0.0008539988405197295,-0.00012199983435995376,0.0,0.0,9.8048,0.0,0.0,1.0,0.0,0.0,0.0,0.0,0.0,0.0,0.0,0.0
37.9929,0.9999986422947651,-0.00140399809378185,-0.0008539988405197295,-0.00012199983435995376,0.0,0.0,9.8088,0.0,0.0,1.0,0.0,0.0,0.0,0.0,0.0,0.0,0.0,0.0
38.013,0.9999986422947651,-0.00140399809378185,-0.0008539988405197295,-0.00012199983435995376,0.0,0.0,9.8088,0.0,0.0,1.0,0.0,0.0,0.0,0.0,0.0,0.0,0.0,0.0
38.033,0.9999986925280643,-0.001403998164309402,-0.0007929989631747552,-0.00012199984048855139,0.0,0.0,9.7344,0.0,0.0,1.0,0.0,0.0,0.0,0.0,0.0,0.0,0.0,0.0
38.0531,0.9999986925280643,-0.001403998164309402,-0.0007929989631747552,-0.00012199984048855139,0.0,0.0,9.766,0.0,0.0,1.0,0.0,0.0,0.0,0.0,0.0,0.0,0.0,0.0
38.0732,0.9999986422947651,-0.00140399809378185,-0.0008539988405197295,-0.00012199983435995376,0.0,0.0,9.8125,0.0,0.0,1.0,0.0,0.0,0.0,0.0,0.0,0.0,0.0,0.0
38.0933,0.9999986422947651,-0.00140399809378185,-0.0008539988405197295,-0.00012199983435995376,0.0,0.0,9.8088,0.0,0.0,1.0,0.0,0.0,0.0,0.0,0.0,0.0,0.0,0.0
38.1133,0.9999986422947651,-0.00140399809378185,-0.0008539988405197295,-0.00012199983435995376,0.0,0.0,9.8048,0.0,0.0,1.0,0.0,0.0,0.0,0.0,0.0,0.0,0.0,0.0
38.1334,0.9999986925280643,-0.001403998164309402,-0.0007929989631747552,-0.00012199984048855139,0.0,0.0,9.7697,0.0,0.0,1.0,0.0,0.0,0.0,0.0,0.0,0.0,0.0,0.0
38.1535,0.9999986925280643,-0.001403998164309402,-0.0007929989631747552,-0.00012199984048855139,0.0,0.0,9.7697,0.0,0.0,1.0,0.0,0.0,0.0,0.0,0.0,0.0,0.0,0.0
38.1735,0.9999986422947651,-0.00140399809378185,-0.0008539988405197295,-0.00012199983435995376,0.0,0.0,9.8125,0.0,0.0,1.0,0.0,0.0,0.0,0.0,0.0,0.0,0.0,0.0
38.1936,0.9999985874249931,-0.00140399801674469,-0.000915998706081294,-0.00012199982766591955,0.0,0.0,9.7698,0.0,0.0,1.0,0.0,0.0,0.0,0.0,0.0,0.0,0.0,0.0
38.2137,0.9999985874249931,-0.00140399801674469,-0.000915998706081294,-0.00012199982766591955,0.0,0.0,9.844,0.0,0.0,1.0,0.0,0.0,0.0,0.0,0.0,0.0,0.0,0.0
38.2337,0.9999985296887428,-0.0014039979356829948,-0.0009769985635059014,-0.00012199982062210957,0.0,0.0,9.8088,0.0,0.0,1.0,0.0,0.0,0.0,0.0,0.0,0.0,0.0,0.0
38.2538,0.9999985296887428,-0.0014039979356829948,-0.0009769985635059014,-0.00012199982062210957,0.0,0.0,9.8088,0.0,0.0,1.0,0.0,0.0,0.0,0.0,0.0,0.0,0.0,0.0
38.2739,0.9999985874249931,-0.00140399801674469,-0.000915998706081294,-0.00012199982766591955,0.0,0.0,9.8087,0.0,0.0,1.0,0.0,0.0,0.0,0.0,0.0,0.0,0.0,0.0
38.2939,0.9999985874249931,-0.00140399801674469,-0.000915998706081294,-0.00012199982766591955,0.0,0.0,9.8092,0.0,0.0,1.0,0.0,0.0,0.0,0.0,0.0,0.0,0.0,0.0
38.314,0.9999985874249931,-0.00140399801674469,-0.000915998706081294,-0.00012199982766591955,0.0,0.0,9.8165,0.0,0.0,1.0,0.0,0.0,0.0,0.0,0.0,0.0,0.0,0.0
38.3341,0.9999986134718837,-0.0013429981378927395,-0.0009769986453620305,-0.00012199983084348887,0.0,0.0,9.7658,0.0,0.0,1.0,0.0,0.0,0.0,0.0,0.0,0.0,0.0,0.0
38.3541,0.9999986134718837,-0.0013429981378927395,-0.0009769986453620305,-0.00012199983084348887,0.0,0.0,9.8127,0.0,0.0,1.0,0.0,0.0,0.0,0.0,0.0,0.0,0.0,0.0
38.3742,0.9999986134718837,-0.0013429981378927395,-0.0009769986453620305,-0.00012199983084348887,0.0,0.0,9.8125,0.0,0.0,1.0,0.0,0.0,0.0,0.0,0.0,0.0,0.0,0.0
38.3943,0.9999985296887428,-0.0014039979356829948,-0.0009769985635059014,-0.00012199982062210957,0.0,0.0,9.7697,0.0,0.0,1.0,0.0,0.0,0.0,0.0,0.0,0.0,0.0,0.0
38.4143,0.9999984421846402,-0.0014649977178004974,-0.0009769984780143937,-0.00012199980994653803,0.0,0.0,9.7697,0.0,0.0,1.0,0.0,0.0,0.0,0.0,0.0,0.0,0.0,0.0
38.4344,0.9999984421846402,-0.0014649977178004974,-0.0009769984780143937,-0.00012199980994653803,0.0,0.0,9.8125,0.0,0.0,1.0,0.0,0.0,0.0,0.0,0.0,0.0,0.0,0.0
38.4545,0.9999984682315195,-0.0014039978493970535,-0.0010379984100243175,-0.00012199981312421837,0.0,0.0,9.8127,0.0,0.0,1.0,0.0,0.0,0.0,0.0,0.0,0.0,0.0,0.0
38.4746,0.9999983807274331,-0.0014649976277656893,-0.001037998319195076,-0.00012199980244875785,0.0,0.0,9.8048,0.0,0.0,1.0,0.0,0.0,0.0,0.0,0.0,0.0,0.0,0.0
38.4946,0.9999984682315195,-0.0014039978493970535,-0.0010379984100243175,-0.00012199981312421837,0.0,0.0,9.7697,0.0,0.0,1.0,0.0,0.0,0.0,0.0,0.0,0.0,0.0,0.0
38.5147,0.9999984682315195,-0.0014039978493970535,-0.0010379984100243175,-0.00012199981312421837,0.0,0.0,9.8048,0.0,0.0,1.0,0.0,0.0,0.0,0.0,0.0,0.0,0.0,0.0
38.5347,0.9999984682315195,-0.0014039978493970535,-0.0010379984100243175,-0.00012199981312421837,0.0,0.0,9.7344,0.0,0.0,1.0,0.0,0.0,0.0,0.0,0.0,0.0,0.0,0.0
38.5548,0.9999985296887428,-0.0014039979356829948,-0.0009769985635059014,-0.00012199982062210957,0.0,0.0,9.8087,0.0,0.0,1.0,0.0,0.0,0.0,0.0,0.0,0.0,0.0,0.0
38.5749,0.9999985296887428,-0.0014039979356829948,-0.0009769985635059014,-0.00012199982062210957,0.0,0.0,9.8087,0.0,0.0,1.0,0.0,0.0,0.0,0.0,0.0,0.0,0.0,0.0
38.5949,0.9999983807274331,-0.0014649976277656893,-0.001037998319195076,-0.00012199980244875785,0.0,0.0,9.809,0.0,0.0,1.0,0.0,0.0,0.0,0.0,0.0,0.0,0.0,0.0
38.615,0.9999985296887428,-0.0014039979356829948,-0.0009769985635059014,-0.00012199982062210957,0.0,0.0,9.8087,0.0,0.0,1.0,0.0,0.0,0.0,0.0,0.0,0.0,0.0,0.0
38.6351,0.9999985296887428,-0.0014039979356829948,-0.0009769985635059014,-0.00012199982062210957,0.0,0.0,9.8165,0.0,0.0,1.0,0.0,0.0,0.0,0.0,0.0,0.0,0.0,0.0
38.6551,0.9999984682315195,-0.0014039978493970535,-0.0010379984100243175,-0.00012199981312421837,0.0,0.0,9.8088,0.0,0.0,1.0,0.0,0.0,0.0,0.0,0.0,0.0,0.0,0.0
38.6752,0.9999984682315195,-0.0014039978493970535,-0.0010379984100243175,-0.00012199981312421837,0.0,0.0,9.8125,0.0,0.0,1.0,0.0,0.0,0.0,0.0,0.0,0.0,0.0,0.0
38.6953,0.9999985352702182,-0.0014039979435193862,-0.0009769985689590036,-6.099991065150468e-05,0.0,0.0,9.7658,0.0,0.0,1.0,0.0,0.0,0.0,0.0,0.0,0.0,0.0,0.0
38.7156,0.9999985352702182,-0.0014039979435193862,-0.0009769985689590036,-6.099991065150468e-05,0.0,0.0,9.8477,0.0,0.0,1.0,0.0,0.0,0.0,0.0,0.0,0.0,0.0,0.0
38.7356,0.9999984421846402,-0.0014649977178004974,-0.0009769984780143937,-0.00012199980994653803,0.0,0.0,9.8051,0.0,0.0,1.0,0.0,0.0,0.0,0.0,0.0,0.0,0.0,0.0
38.7557,0.9999984421846402,-0.0014649977178004974,-0.0009769984780143937,-0.00012199980994653803,0.0,0.0,9.8051,0.0,0.0,1.0,0.0,0.0,0.0,0.0,0.0,0.0,0.0,0.0
38.7758,0.9999985352702182,-0.0014039979435193862,-0.0009769985689590036,-6.099991065150468e-05,0.0,0.0,9.8125,0.0,0.0,1.0,0.0,0.0,0.0,0.0,0.0,0.0,0.0,0.0
38.7958,0.9999985352702182,-0.0014039979435193862,-0.0009769985689590036,-6.099991065150468e-05,0.0,0.0,9.8165,0.0,0.0,1.0,0.0,0.0,0.0,0.0,0.0,0.0,0.0,0.0
38.8159,0.9999985352702182,-0.0014039979435193862,-0.0009769985689590036,-6.099991065150468e-05,0.0,0.0,9.8125,0.0,0.0,1.0,0.0,0.0,0.0,0.0,0.0,0.0,0.0,0.0
38.836,0.9999985352702182,-0.0014039979435193862,-0.0009769985689590036,-6.099991065150468e-05,0.0,0.0,9.8048,0.0,0.0,1.0,0.0,0.0,0.0,0.0,0.0,0.0,0.0,0.0
38.856,0.9999984421846402,-0.0014649977178004974,-0.0009769984780143937,-0.00012199980994653803,0.0,0.0,9.8125,0.0,0.0,1.0,0.0,0.0,0.0,0.0,0.0,0.0,0.0,0.0
38.8761,0.9999984477661142,-0.0014649977259773572,-0.0009769984834674939,-6.0999905313663394e-05,0.0,0.0,9.8048,0.0,0.0,1.0,0.0,0.0,0.0,0.0,0.0,0.0,0.0,0.0
38.8962,0.9999984477661142,-0.0014649977259773572,-0.0009769984834674939,-6.0999905313663394e-05,0.0,0.0,9.8125,0.0,0.0,1.0,0.0,0.0,0.0,0.0,0.0,0.0,0.0,0.0
38.9162,0.9999984477661142,-0.0014649977259773572,-0.0009769984834674939,-6.0999905313663394e-05,0.0,0.0,9.8125,0.0,0.0,1.0,0.0,0.0,0.0,0.0,0.0,0.0,0.0,0.0
38.9363,0.9999984477661142,-0.0014649977259773572,-0.0009769984834674939,-6.0999905313663394e-05,0.0,0.0,9.8125,0.0,0.0,1.0,0.0,0.0,0.0,0.0,0.0,0.0,0.0,0.0
38.9564,0.9999984477661142,-0.0014649977259773572,-0.0009769984834674939,-6.0999905313663394e-05,0.0,0.0,9.8125,0.0,0.0,1.0,0.0,0.0,0.0,0.0,0.0,0.0,0.0,0.0
38.9765,0.9999984477661142,-0.0014649977259773572,-0.0009769984834674939,-6.0999905313663394e-05,0.0,0.0,9.8088,0.0,0.0,1.0,0.0,0.0,0.0,0.0,0.0,0.0,0.0,0.0
38.9965,0.9999985055023504,-0.0014649978105609432,-0.0009159986310401531,-6.0999908835679406e-05,0.0,0.0,9.8087,0.0,0.0,1.0,0.0,0.0,0.0,0.0,0.0,0.0,0.0,0.0
39.0166,0.9999985603721089,-0.0014649978909451393,-0.0008539987705577813,-6.099991218266876e-05,0.0,0.0,9.8087,0.0,0.0,1.0,0.0,0.0,0.0,0.0,0.0,0.0,0.0,0.0
39.0367,0.9999985055023504,-0.0014649978105609432,-0.0009159986310401531,-6.0999908835679406e-05,0.0,0.0,9.8164,0.0,0.0,1.0,0.0,0.0,0.0,0.0,0.0,0.0,0.0,0.0
39.0568,0.9999985055023504,-0.0014649978105609432,-0.0009159986310401531,-6.0999908835679406e-05,0.0,0.0,9.8125,0.0,0.0,1.0,0.0,0.0,0.0,0.0,0.0,0.0,0.0,0.0
39.0769,0.9999984496266056,-0.001464997728702977,-0.0009769984852851942,0.0,0.0,0.0,9.8048,0.0,0.0,1.0,0.0,0.0,0.0,0.0,0.0,0.0,0.0,0.0
39.0969,0.9999985371307101,-0.001403997946131517,-0.000976998570776704,0.0,0.0,0.0,9.8127,0.0,0.0,1.0,0.0,0.0,0.0,0.0,0.0,0.0,0.0,0.0
39.117,0.9999985352702182,-0.0014039979435193862,-0.0009769985689590036,-6.099991065150468e-05,0.0,0.0,9.8088,0.0,0.0,1.0,0.0,0.0,0.0,0.0,0.0,0.0,0.0,0.0
39.1371,0.9999985352702182,-0.0014039979435193862,-0.0009769985689590036,-6.099991065150468e-05,0.0,0.0,9.7697,0.0,0.0,1.0,0.0,0.0,0.0,0.0,0.0,0.0,0.0,0.0
39.1572,0.9999985352702182,-0.0014039979435193862,-0.0009769985689590036,-6.099991065150468e-05,0.0,0.0,9.7697,0.0,0.0,1.0,0.0,0.0,0.0,0.0,0.0,0.0,0.0,0.0
39.1772,0.9999985352702182,-0.0014039979435193862,-0.0009769985689590036,-6.099991065150468e-05,0.0,0.0,9.8048,0.0,0.0,1.0,0.0,0.0,0.0,0.0,0.0,0.0,0.0,0.0
39.1973,0.9999985352702182,-0.0014039979435193862,-0.0009769985689590036,-6.099991065150468e-05,0.0,0.0,9.8125,0.0,0.0,1.0,0.0,0.0,0.0,0.0,0.0,0.0,0.0,0.0
39.2174,0.9999985352702182,-0.0014039979435193862,-0.0009769985689590036,-6.099991065150468e-05,0.0,0.0,9.8048,0.0,0.0,1.0,0.0,0.0,0.0,0.0,0.0,0.0,0.0,0.0
39.2374,0.9999985352702182,-0.0014039979435193862,-0.0009769985689590036,-6.099991065150468e-05,0.0,0.0,9.8048,0.0,0.0,1.0,0.0,0.0,0.0,0.0,0.0,0.0,0.0,0.0
39.2575,0.9999985296887428,-0.0014039979356829948,-0.0009769985635059014,-0.00012199982062210957,0.0,0.0,9.8164,0.0,0.0,1.0,0.0,0.0,0.0,0.0,0.0,0.0,0.0,0.0
39.2776,0.9999985296887428,-0.0014039979356829948,-0.0009769985635059014,-0.00012199982062210957,0.0,0.0,9.8048,0.0,0.0,1.0,0.0,0.0,0.0,0.0,0.0,0.0,0.0,0.0
39.2976,0.9999985296887428,-0.0014039979356829948,-0.0009769985635059014,-0.00012199982062210957,0.0,0.0,9.8088,0.0,0.0,1.0,0.0,0.0,0.0,0.0,0.0,0.0,0.0,0.0
39.3177,0.9999985296887428,-0.0014039979356829948,-0.0009769985635059014,-0.00012199982062210957,0.0,0.0,9.8829,0.0,0.0,1.0,0.0,0.0,0.0,0.0,0.0,0.0,0.0,0.0
39.3378,0.9999985296887428,-0.0014039979356829948,-0.0009769985635059014,-0.00012199982062210957,0.0,0.0,9.7735,0.0,0.0,1.0,0.0,0.0,0.0,0.0,0.0,0.0,0.0,0.0
39.3578,0.999998520386284,-0.0014039979226223424,-0.0009769985544173993,-0.00018299972923058183,0.0,0.0,9.1955,0.0,0.0,1.0,0.0,0.0,0.0,0.0,0.0,0.0,0.0,0.0
39.3779,0.9999984682315195,-0.0014039978493970535,-0.0010379984100243175,-0.00012199981312421837,0.0,0.0,9.8501,0.0,0.0,1.0,0.0,0.0,0.0,0.0,0.0,0.0,0.0,0.0
39.398,0.9999983807274331,-0.0014649976277656893,-0.001037998319195076,-0.00012199980244875785,0.0,0.0,9.6213,0.0,0.0,1.0,0.0,0.0,0.0,0.0,0.0,0.0,0.0,0.0
39.418,0.9999984682315195,-0.0014039978493970535,-0.0010379984100243175,-0.00012199981312421837,0.0,0.0,9.8555,0.0,0.0,1.0,0.0,0.0,0.0,0.0,0.0,0.0,0.0,0.0
39.4381,0.9999984682315195,-0.0014039978493970535,-0.0010379984100243175,-0.00012199981312421837,0.0,0.0,9.9261,0.0,0.0,1.0,0.0,0.0,0.0,0.0,0.0,0.0,0.0,0.0
39.4582,0.9999983807274331,-0.0014649976277656893,-0.001037998319195076,-0.00012199980244875785,0.0,0.0,9.8088,0.0,0.0,1.0,0.0,0.0,0.0,0.0,0.0,0.0,0.0,0.0
39.4782,0.9999984682315195,-0.0014039978493970535,-0.0010379984100243175,-0.00012199981312421837,0.0,0.0,9.8166,0.0,0.0,1.0,0.0,0.0,0.0,0.0,0.0,0.0,0.0,0.0
39.4983,0.9999983807274331,-0.0014649976277656893,-0.001037998319195076,-0.00012199980244875785,0.0,0.0,9.8048,0.0,0.0,1.0,0.0,0.0,0.0,0.0,0.0,0.0,0.0,0.0
39.5184,0.9999983807274331,-0.0014649976277656893,-0.001037998319195076,-0.00012199980244875785,0.0,0.0,9.7662,0.0,0.0,1.0,0.0,0.0,0.0,0.0,0.0,0.0,0.0,0.0
39.5384,0.9999983807274331,-0.0014649976277656893,-0.001037998319195076,-0.00012199980244875785,0.0,0.0,9.8087,0.0,0.0,1.0,0.0,0.0,0.0,0.0,0.0,0.0,0.0,0.0
39.5585,0.9999983807274331,-0.0014649976277656893,-0.001037998319195076,-0.00012199980244875785,0.0,0.0,9.8164,0.0,0.0,1.0,0.0,0.0,0.0,0.0,0.0,0.0,0.0,0.0
39.5786,0.9999983807274331,-0.0014649976277656893,-0.001037998319195076,-0.00012199980244875785,0.0,0.0,9.7735,0.0,0.0,1.0,0.0,0.0,0.0,0.0,0.0,0.0,0.0,0.0
39.5986,0.9999983807274331,-0.0014649976277656893,-0.001037998319195076,-0.00012199980244875785,0.0,0.0,9.7698,0.0,0.0,1.0,0.0,0.0,0.0,0.0,0.0,0.0,0.0,0.0
39.6187,0.9999983807274331,-0.0014649976277656893,-0.001037998319195076,-0.00012199980244875785,0.0,0.0,9.7774,0.0,0.0,1.0,0.0,0.0,0.0,0.0,0.0,0.0,0.0,0.0
39.6388,0.9999983807274331,-0.0014649976277656893,-0.001037998319195076,-0.00012199980244875785,0.0,0.0,9.8125,0.0,0.0,1.0,0.0,0.0,0.0,0.0,0.0,0.0,0.0,0.0
39.6588,0.9999983714249785,-0.0014649976141375932,-0.001037998309539128,-0.0001829997019707763,0.0,0.0,9.8089,0.0,0.0,1.0,0.0,0.0,0.0,0.0,0.0,0.0,0.0,0.0
39.6789,0.9999983714249785,-0.0014649976141375932,-0.001037998309539128,-0.0001829997019707763,0.0,0.0,9.8048,0.0,0.0,1.0,0.0,0.0,0.0,0.0,0.0,0.0,0.0,0.0
39.699,0.9999982801999366,-0.001525997375585103,-0.0010379982148475346,-0.00018299968527663024,0.0,0.0,9.8164,0.0,0.0,1.0,0.0,0.0,0.0,0.0,0.0,0.0,0.0,0.0
39.719,0.9999982801999366,-0.001525997375585103,-0.0010379982148475346,-0.00018299968527663024,0.0,0.0,9.8164,0.0,0.0,1.0,0.0,0.0,0.0,0.0,0.0,0.0,0.0,0.0
39.7391,0.9999982150217793,-0.0015259972761232352,-0.001098998038308936,-0.00018299967334900471,0.0,0.0,9.7658,0.0,0.0,1.0,0.0,0.0,0.0,0.0,0.0,0.0,0.0,0.0
39.7592,0.9999983062468032,-0.0014649975186515664,-0.0010989981385652369,-0.00018299969004315075,0.0,0.0,9.8164,0.0,0.0,1.0,0.0,0.0,0.0,0.0,0.0,0.0,0.0,0.0
39.7792,0.9999983062468032,-0.0014649975186515664,-0.0010989981385652369,-0.00018299969004315075,0.0,0.0,9.8125,0.0,0.0,1.0,0.0,0.0,0.0,0.0,0.0,0.0,0.0,0.0
39.7994,0.9999983062468032,-0.0014649975186515664,-0.0010989981385652369,-0.00018299969004315075,0.0,0.0,9.8088,0.0,0.0,1.0,0.0,0.0,0.0,0.0,0.0,0.0,0.0,0.0
39.8194,0.9999983062468032,-0.0014649975186515664,-0.0010989981385652369,-0.00018299969004315075,0.0,0.0,9.7735,0.0,0.0,1.0,0.0,0.0,0.0,0.0,0.0,0.0,0.0,0.0
39.8395,0.9999983714249785,-0.0014649976141375932,-0.001037998309539128,-0.0001829997019707763,0.0,0.0,9.8164,0.0,0.0,1.0,0.0,0.0,0.0,0.0,0.0,0.0,0.0,0.0
39.8596,0.9999983062468032,-0.0014649975186515664,-0.0010989981385652369,-0.00018299969004315075,0.0,0.0,9.8125,0.0,0.0,1.0,0.0,0.0,0.0,0.0,0.0,0.0,0.0,0.0
39.8796,0.9999983714249785,-0.0014649976141375932,-0.001037998309539128,-0.0001829997019707763,0.0,0.0,9.8087,0.0,0.0,1.0,0.0,0.0,0.0,0.0,0.0,0.0,0.0,0.0
39.8997,0.9999983714249785,-0.0014649976141375932,-0.001037998309539128,-0.0001829997019707763,0.0,0.0,9.8125,0.0,0.0,1.0,0.0,0.0,0.0,0.0,0.0,0.0,0.0,0.0
39.9198,0.9999983062468032,-0.0014649975186515664,-0.0010989981385652369,-0.00018299969004315075,0.0,0.0,9.8477,0.0,0.0,1.0,0.0,0.0,0.0,0.0,0.0,0.0,0.0,0.0
39.9398,0.9999983062468032,-0.0014649975186515664,-0.0010989981385652369,-0.00018299969004315075,0.0,0.0,9.8048,0.0,0.0,1.0,0.0,0.0,0.0,0.0,0.0,0.0,0.0,0.0
39.9599,0.9999983062468032,-0.0014649975186515664,-0.0010989981385652369,-0.00018299969004315075,0.0,0.0,9.8087,0.0,0.0,1.0,0.0,0.0,0.0,0.0,0.0,0.0,0.0,0.0
39.98,0.9999983937508701,-0.0014039977448262215,-0.0010989982347322062,-0.00018299970605639704,0.0,0.0,9.8125,0.0,0.0,1.0,0.0,0.0,0.0,0.0,0.0,0.0,0.0,0.0
40.0,0.9999983937508701,-0.0014039977448262215,-0.0010989982347322062,-0.00018299970605639704,0.0,0.0,9.848,0.0,0.0,1.0,0.0,0.0,0.0,0.0,0.0,0.0,0.0,0.0
40.0201,0.9999983062468032,-0.0014649975186515664,-0.0010989981385652369,-0.00018299969004315075,0.0,0.0,9.8087,0.0,0.0,1.0,0.0,0.0,0.0,0.0,0.0,0.0,0.0,0.0
40.0402,0.9999983937508701,-0.0014039977448262215,-0.0010989982347322062,-0.00018299970605639704,0.0,0.0,9.8164,0.0,0.0,1.0,0.0,0.0,0.0,0.0,0.0,0.0,0.0,0.0
40.0602,0.9999983248517093,-0.0014039976480917996,-0.0011599980568279828,-0.00018299969344792721,0.0,0.0,9.8125,0.0,0.0,1.0,0.0,0.0,0.0,0.0,0.0,0.0,0.0,0.0
40.0803,0.9999983248517093,-0.0014039976480917996,-0.0011599980568279828,-0.00018299969344792721,0.0,0.0,9.7774,0.0,0.0,1.0,0.0,0.0,0.0,0.0,0.0,0.0,0.0,0.0
40.1004,0.9999983248517093,-0.0014039976480917996,-0.0011599980568279828,-0.00018299969344792721,0.0,0.0,9.8125,0.0,0.0,1.0,0.0,0.0,0.0,0.0,0.0,0.0,0.0,0.0
40.1205,0.9999983248517093,-0.0014039976480917996,-0.0011599980568279828,-0.00018299969344792721,0.0,0.0,9.8125,0.0,0.0,1.0,0.0,0.0,0.0,0.0,0.0,0.0,0.0,0.0
40.1405,0.9999983341541626,-0.0014039976611524446,-0.0011599980676188291,-0.00012199979676669194,0.0,0.0,9.7658,0.0,0.0,1.0,0.0,0.0,0.0,0.0,0.0,0.0,0.0,0.0
40.1606,0.9999983341541626,-0.0014039976611524446,-0.0011599980676188291,-0.00012199979676669194,0.0,0.0,9.7774,0.0,0.0,1.0,0.0,0.0,0.0,0.0,0.0,0.0,0.0,0.0
40.1807,0.9999981740300012,-0.0014649973249539516,-0.001220997770490632,-0.00012199977723165167,0.0,0.0,9.8125,0.0,0.0,1.0,0.0,0.0,0.0,0.0,0.0,0.0,0.0,0.0
40.2007,0.9999981740300012,-0.0014649973249539516,-0.001220997770490632,-0.00012199977723165167,0.0,0.0,10.3612,0.0,0.0,1.0,0.0,0.0,0.0,0.0,0.0,0.0,0.0,0.0
40.2208,0.9999980735025672,-0.0015259970601649174,-0.0012209976477466351,-0.00018299964745094324,0.0,0.0,9.6565,0.0,0.0,1.0,0.0,0.0,0.0,0.0,0.0,0.0,0.0,0.0
40.2409,0.9999978798897424,-0.0016479965060582952,-0.001220997411345376,-0.0001829996120197852,0.0,0.0,9.6302,0.0,0.0,1.0,0.0,0.0,0.0,0.0,0.0,0.0,0.0,0.0
40.2609,0.9999979022156011,-0.001586996670816159,-0.0012819973106404008,-0.00018299961610540594,0.0,0.0,9.7195,0.0,0.0,1.0,0.0,0.0,0.0,0.0,0.0,0.0,0.0,0.0
40.281,0.9999984086347987,-0.0013429978627965346,-0.001159998154016367,-0.0001829997087802182,0.0,0.0,9.8042,0.0,0.0,1.0,0.0,0.0,0.0,0.0,0.0,0.0,0.0,0.0
40.3011,0.9999984160767633,-0.001220998066029728,-0.0012819979694104109,-0.0001829997101420733,0.0,0.0,9.8713,0.0,0.0,1.0,0.0,0.0,0.0,0.0,0.0,0.0,0.0,0.0
40.3211,0.9999983397356348,-0.0012819978715410839,-0.001281997871541084,-0.0001829996961716929,0.0,0.0,9.7662,0.0,0.0,1.0,0.0,0.0,0.0,0.0,0.0,0.0,0.0,0.0
40.3412,0.9999981647275524,-0.0014649973113258642,-0.0012209977591323418,-0.0001829996641451448,0.0,0.0,9.7586,0.0,0.0,1.0,0.0,0.0,0.0,0.0,0.0,0.0,0.0,0.0
40.3613,0.9999981647275524,-0.0014649973113258642,-0.0012209977591323418,-0.0001829996641451448,0.0,0.0,9.8165,0.0,0.0,1.0,0.0,0.0,0.0,0.0,0.0,0.0,0.0,0.0
40.3814,0.9999982373476606,-0.0014649974177143221,-0.001159997955323286,-0.00018299967743462542,0.0,0.0,9.731,0.0,0.0,1.0,0.0,0.0,0.0,0.0,0.0,0.0,0.0,0.0
40.4015,0.9999981461226554,-0.001525997170983172,-0.0011599978495022807,-0.0001829996607405349,0.0,0.0,9.763,0.0,0.0,1.0,0.0,0.0,0.0,0.0,0.0,0.0,0.0,0.0
40.4216,0.9999981647275524,-0.0014649973113258642,-0.0012209977591323418,-0.0001829996641451448,0.0,0.0,9.7698,0.0,0.0,1.0,0.0,0.0,0.0,0.0,0.0,0.0,0.0,0.0
40.4416,0.9999982522315822,-0.0014039975461331412,-0.001220997865974762,-0.00018299968015828005,0.0,0.0,9.8166,0.0,0.0,1.0,0.0,0.0,0.0,0.0,0.0,0.0,0.0,0.0
40.4618,0.9999981796114707,-0.001342997555218205,-0.0013429975552182052,-0.00018299966686885494,0.0,0.0,9.8135,0.0,0.0,1.0,0.0,0.0,0.0,0.0,0.0,0.0,0.0,0.0
40.4819,0.9999981889139201,-0.0013429975677113945,-0.0013429975677113947,-0.00012199977904747694,0.0,0.0,9.8518,0.0,0.0,1.0,0.0,0.0,0.0,0.0,0.0,0.0,0.0,0.0
40.502,0.9999981758904912,-0.0014039974389502496,-0.00128199766149161,-0.00018299966618795516,0.0,0.0,9.7775,0.0,0.0,1.0,0.0,0.0,0.0,0.0,0.0,0.0,0.0,0.0
40.5221,0.9999980083244503,-0.0014649970821953196,-0.0013429973251797374,-0.0001829996355234842,0.0,0.0,9.7662,0.0,0.0,1.0,0.0,0.0,0.0,0.0,0.0,0.0,0.0,0.0
40.5421,0.9999979245414614,-0.0014649969594532405,-0.001403997086056212,-0.0001829996201911377,0.0,0.0,9.8164,0.0,0.0,1.0,0.0,0.0,0.0,0.0,0.0,0.0,0.0,0.0
40.5622,0.9999979245414614,-0.0014649969594532405,-0.001403997086056212,-0.0001829996201911377,0.0,0.0,9.8267,0.0,0.0,1.0,0.0,0.0,0.0,0.0,0.0,0.0,0.0,0.0
40.5823,0.9999979115180427,-0.0014649969403739322,-0.0014039970677713325,-0.00024399949041037372,0.0,0.0,9.7823,0.0,0.0,1.0,0.0,0.0,0.0,0.0,0.0,0.0,0.0,0.0
40.6023,0.9999973362616433,-0.0016479956101591881,-0.0015869957726472286,-0.0003049991875598291,0.0,0.0,9.8053,0.0,0.0,1.0,0.0,0.0,0.0,0.0,0.0,0.0,0.0,0.0
40.6224,0.9999967107732286,-0.001830993977425781,-0.001769994178068615,-0.0003049989967858769,0.0,0.0,9.8748,0.0,0.0,1.0,0.0,0.0,0.0,0.0,0.0,0.0,0.0,0.0
40.6425,0.9999965972228685,-0.0018919935619456669,-0.0017699939770844774,-0.00030499896215302474,0.0,0.0,9.8327,0.0,0.0,1.0,0.0,0.0,0.0,0.0,0.0,0.0,0.0,0.0
40.6625,0.9999966139671979,-0.0018919935936259381,-0.0017699940067219411,-0.00024399917380801828,0.0,0.0,9.8803,0.0,0.0,1.0,0.0,0.0,0.0,0.0,0.0,0.0,0.0,0.0
40.6826,0.9999971519516672,-0.0017089951326853992,-0.0016479953064163476,-0.0002439993050762368,0.0,0.0,9.8908,0.0,0.0,1.0,0.0,0.0,0.0,0.0,0.0,0.0,0.0,0.0
40.7027,0.9999973530060099,-0.0016479956377539043,-0.0015869957992205382,-0.00024399935413343954,0.0,0.0,9.7071,0.0,0.0,1.0,0.0,0.0,0.0,0.0,0.0,0.0,0.0,0.0
40.7227,0.9999973530060099,-0.0016479956377539043,-0.0015869957992205382,-0.00024399935413343954,0.0,0.0,9.7776,0.0,0.0,1.0,0.0,0.0,0.0,0.0,0.0,0.0,0.0,0.0
40.7428,0.9999972338739772,-0.0017089952726906273,-0.0015869956101580026,-0.00030499915633147584,0.0,0.0,9.848,0.0,0.0,1.0,0.0,0.0,0.0,0.0,0.0,0.0,0.0,0.0
40.7629,0.9999971277653747,-0.0017699949161447133,-0.0015869954417636499,-0.0003049991239683636,0.0,0.0,9.8444,0.0,0.0,1.0,0.0,0.0,0.0,0.0,0.0,0.0,0.0,0.0
40.7829,0.99999722271107,-0.0017699950841985937,-0.0015259957618570933,-0.00030499915292686586,0.0,0.0,9.8164,0.0,0.0,1.0,0.0,0.0,0.0,0.0,0.0,0.0,0.0,0.0
40.803,0.9999973139358225,-0.0017699952456664057,-0.0014649960649159802,-0.0003049991807503871,0.0,0.0,9.8051,0.0,0.0,1.0,0.0,0.0,0.0,0.0,0.0,0.0,0.0,0.0
40.8231,0.9999973139358225,-0.0017699952456664057,-0.0014649960649159802,-0.0003049991807503871,0.0,0.0,9.8439,0.0,0.0,1.0,0.0,0.0,0.0,0.0,0.0,0.0,0.0,0.0
40.8432,0.9999975242926937,-0.0017089957690162138,-0.0014039965241069425,-0.00024399939592745223,0.0,0.0,9.8048,0.0,0.0,1.0,0.0,0.0,0.0,0.0,0.0,0.0,0.0,0.0
40.8632,0.999997608075582,-0.0017089959122011695,-0.001342996787645507,-0.00024399941637043288,0.0,0.0,9.848,0.0,0.0,1.0,0.0,0.0,0.0,0.0,0.0,0.0,0.0,0.0
40.8833,0.999997710463363,-0.0016479962268436219,-0.0013429969251522967,-0.00024399944135305995,0.0,0.0,9.7658,0.0,0.0,1.0,0.0,0.0,0.0,0.0,0.0,0.0,0.0,0.0
40.9034,0.9999978035487367,-0.0016479963802483177,-0.0012819971841494806,-0.0001829995980493493,0.0,0.0,9.8125,0.0,0.0,1.0,0.0,0.0,0.0,0.0,0.0,0.0,0.0,0.0
40.9234,0.9999978798897424,-0.0016479965060582952,-0.001220997411345376,-0.0001829996120197852,0.0,0.0,9.8125,0.0,0.0,1.0,0.0,0.0,0.0,0.0,0.0,0.0,0.0,0.0
40.9435,0.9999979190209958,-0.0017089964436068816,-0.0010989977130040746,-0.00018299961918083474,0.0,0.0,9.8087,0.0,0.0,1.0,0.0,0.0,0.0,0.0,0.0,0.0,0.0,0.0
40.9636,0.9999979841990952,-0.0017089965549962538,-0.0010379979075986613,-0.00018299963110840478,0.0,0.0,9.8087,0.0,0.0,1.0,0.0,0.0,0.0,0.0,0.0,0.0,0.0,0.0
40.9836,0.9999980549586749,-0.0017089966759243752,-0.0009769980996946256,-0.00012199976270493851,0.0,0.0,9.8051,0.0,0.0,1.0,0.0,0.0,0.0,0.0,0.0,0.0,0.0,0.0
41.0037,0.9999980549586749,-0.0017089966759243752,-0.0009769980996946256,-0.00012199976270493851,0.0,0.0,9.7658,0.0,0.0,1.0,0.0,0.0,0.0,0.0,0.0,0.0,0.0,0.0
41.0238,0.999998215082779,-0.00164799705845642,-0.0009159983650158261,-0.0001219997822400898,0.0,0.0,9.8125,0.0,0.0,1.0,0.0,0.0,0.0,0.0,0.0,0.0,0.0,0.0
41.0438,0.9999982206642491,-0.0016479970676546824,-0.0009159983701284525,-6.0999891460578055e-05,0.0,0.0,9.8125,0.0,0.0,1.0,0.0,0.0,0.0,0.0,0.0,0.0,0.0,0.0
41.0639,0.9999983257672047,-0.001647997240864353,-0.0007929986723333934,-6.099989787178295e-05,0.0,0.0,9.7774,0.0,0.0,1.0,0.0,0.0,0.0,0.0,0.0,0.0,0.0,0.0
41.084,0.9999983257672047,-0.001647997240864353,-0.0007929986723333934,-6.099989787178295e-05,0.0,0.0,9.7774,0.0,0.0,1.0,0.0,0.0,0.0,0.0,0.0,0.0,0.0,0.0
41.104,0.9999983722794743,-0.0016479973175165734,-0.0007319988085085756,-6.099990070912442e-05,0.0,0.0,9.7775,0.0,0.0,1.0,0.0,0.0,0.0,0.0,0.0,0.0,0.0,0.0
41.1241,0.9999983071012989,-0.0017089971068361199,-0.0006709988640649719,-0.00012199979346644298,0.0,0.0,9.8048,0.0,0.0,1.0,0.0,0.0,0.0,0.0,0.0,0.0,0.0,0.0
41.1442,0.9999983071012989,-0.0017089971068361199,-0.0006709988640649719,-0.00012199979346644298,0.0,0.0,9.7977,0.0,0.0,1.0,0.0,0.0,0.0,0.0,0.0,0.0,0.0,0.0
41.1642,0.9999983461716029,-0.001708997173607269,-0.0006099989911646779,-0.00012199979823290796,0.0,0.0,9.8051,0.0,0.0,1.0,0.0,0.0,0.0,0.0,0.0,0.0,0.0,0.0
41.1843,0.9999983461716029,-0.001708997173607269,-0.0006099989911646779,-0.00012199979823290796,0.0,0.0,9.8125,0.0,0.0,1.0,0.0,0.0,0.0,0.0,0.0,0.0,0.0,0.0
41.2044,0.9999983071012989,-0.0017089971068361199,-0.0006709988640649719,-0.00012199979346644298,0.0,0.0,9.8089,0.0,0.0,1.0,0.0,0.0,0.0,0.0,0.0,0.0,0.0,0.0
41.2244,0.9999984485596105,-0.0016479974432262378,-0.0006099990536213627,-0.00012199981072419375,0.0,0.0,9.8125,0.0,0.0,1.0,0.0,0.0,0.0,0.0,0.0,0.0,0.0,0.0
41.2445,0.9999984839089479,-0.0016479975014819465,-0.0005489991676660128,-0.00012199981503702163,0.0,0.0,9.7774,0.0,0.0,1.0,0.0,0.0,0.0,0.0,0.0,0.0,0.0,0.0
41.2646,0.9999984839089479,-0.0016479975014819465,-0.0005489991676660128,-0.00012199981503702163,0.0,0.0,9.7697,0.0,0.0,1.0,0.0,0.0,0.0,0.0,0.0,0.0,0.0,0.0
41.2847,0.9999983815209292,-0.001708997234019268,-0.0005489991114549903,-0.00012199980254562481,0.0,0.0,9.9298,0.0,0.0,1.0,0.0,0.0,0.0,0.0,0.0,0.0,0.0,0.0
41.3047,0.9999986831036014,-0.0015259979904160958,-0.0005489992770238775,-6.099991966929119e-05,0.0,0.0,9.185,0.0,0.0,1.0,0.0,0.0,0.0,0.0,0.0,0.0,0.0,0.0
41.3248,0.9999992527808375,-0.0011599991332257714,-0.0003659997265177866,-0.00012199990883937636,0.0,0.0,9.9146,0.0,0.0,1.0,0.0,0.0,0.0,0.0,0.0,0.0,0.0,0.0
41.3449,0.9999986718796459,-0.001586997892272998,-0.0003659995139079506,-6.0999918984672163e-05,0.0,0.0,9.7437,0.0,0.0,1.0,0.0,0.0,0.0,0.0,0.0,0.0,0.0,0.0
41.365,0.9999986197858575,-0.0015869978096001553,-0.0004879993264554986,-6.0999915806880787e-05,0.0,0.0,9.8869,0.0,0.0,1.0,0.0,0.0,0.0,0.0,0.0,0.0,0.0,0.0
41.3851,0.999998692345065,-0.0015869979247516183,-0.0003049996011652449,-6.099992023300693e-05,0.0,0.0,9.7958,0.0,0.0,1.0,0.0,0.0,0.0,0.0,0.0,0.0,0.0,0.0
41.4053,0.9999988040356456,-0.0015259981749583952,-0.0002439997081846978,-6.0999927046057056e-05,0.0,0.0,9.8165,0.0,0.0,1.0,0.0,0.0,0.0,0.0,0.0,0.0,0.0,0.0
41.4253,0.9999989827650522,-0.0014039985718021337,-0.00024399975179467294,-6.099993794866921e-05,0.0,0.0,9.7467,0.0,0.0,1.0,0.0,0.0,0.0,0.0,0.0,0.0,0.0,0.0
41.4454,0.9999989957885127,-0.001403998590087072,-0.00018299981622929792,-6.0999938743144806e-05,0.0,0.0,9.813,0.0,0.0,1.0,0.0,0.0,0.0,0.0,0.0,0.0,0.0,0.0
41.4655,0.9999989846255466,-0.0014039985744142675,-0.00024399975224863378,0.0,0.0,0.0,9.7666,0.0,0.0,1.0,0.0,0.0,0.0,0.0,0.0,0.0,0.0,0.0
41.4856,0.9999988971213245,-0.0014649983842827405,-0.00024399973089760357,0.0,0.0,0.0,9.8481,0.0,0.0,1.0,0.0,0.0,0.0,0.0,0.0,0.0,0.0,0.0
41.5057,0.9999989101447817,-0.001464998403362105,-0.00018299980055649543,0.0,0.0,0.0,9.809,0.0,0.0,1.0,0.0,0.0,0.0,0.0,0.0,0.0,0.0,0.0
41.5258,0.9999989101447817,-0.001464998403362105,-0.00018299980055649543,0.0,0.0,0.0,9.809,0.0,0.0,1.0,0.0,0.0,0.0,0.0,0.0,0.0,0.0,0.0
41.5459,0.9999990125329626,-0.0014039986135962797,-6.099993976451096e-05,0.0,0.0,0.0,9.7697,0.0,0.0,1.0,0.0,0.0,0.0,0.0,0.0,0.0,0.0,0.0
41.566,0.9999990143934572,-0.001403998616208414,-2.168404344971009e-19,0.0,0.0,0.0,9.8169,0.0,0.0,1.0,0.0,0.0,0.0,0.0,0.0,0.0,0.0,0.0
41.5861,0.999999096316225,-0.0013429987863526904,6.09999448752894e-05,0.0,0.0,0.0,9.7774,0.0,0.0,1.0,0.0,0.0,0.0,0.0,0.0,0.0,0.0,0.0
41.6062,0.9999990125329626,-0.00140399861359628,6.099993976451063e-05,0.0,0.0,0.0,9.8048,0.0,0.0,1.0,0.0,0.0,0.0,0.0,0.0,0.0,0.0,0.0
41.6263,0.9999990125329626,-0.00140399861359628,6.099993976451063e-05,0.0,0.0,0.0,9.8048,0.0,0.0,1.0,0.0,0.0,0.0,0.0,0.0,0.0,0.0,0.0
41.6463,0.9999989231682394,-0.0014649984224414706,6.099993431326234e-05,6.099993431329942e-05,0.0,0.0,9.8048,0.0,0.0,1.0,0.0,0.0,0.0,0.0,0.0,0.0,0.0,0.0
41.6664,0.9999989231682394,-0.0014649984224414706,6.099993431326234e-05,6.099993431329942e-05,0.0,0.0,9.8087,0.0,0.0,1.0,0.0,0.0,0.0,0.0,0.0,0.0,0.0,0.0
41.6865,0.9999990050909848,-0.0014039986031477427,0.00012199987862109983,6.09999393106353e-05,0.0,0.0,9.8164,0.0,0.0,1.0,0.0,0.0,0.0,0.0,0.0,0.0,0.0,0.0
41.7066,0.9999990050909848,-0.0014039986031477427,0.00012199987862109983,6.09999393106353e-05,0.0,0.0,9.7774,0.0,0.0,1.0,0.0,0.0,0.0,0.0,0.0,0.0,0.0,0.0
41.7267,0.9999990050909848,-0.0014039986031477427,0.00012199987862109983,6.09999393106353e-05,0.0,0.0,9.7774,0.0,0.0,1.0,0.0,0.0,0.0,0.0,0.0,0.0,0.0,0.0
41.7468,0.9999989957885127,-0.0014039985900870717,0.0001829998162292978,6.09999387431448e-05,0.0,0.0,9.7774,0.0,0.0,1.0,0.0,0.0,0.0,0.0,0.0,0.0,0.0,0.0
41.7669,0.9999989082842877,-0.001464998400636481,0.00018299980021602426,6.0999933405247994e-05,0.0,0.0,9.8048,0.0,0.0,1.0,0.0,0.0,0.0,0.0,0.0,0.0,0.0,0.0
41.787,0.9999989082842877,-0.001464998400636481,0.00018299980021602426,6.0999933405247994e-05,0.0,0.0,9.8125,0.0,0.0,1.0,0.0,0.0,0.0,0.0,0.0,0.0,0.0,0.0
41.8071,0.9999989827650522,-0.0014039985718021335,0.0002439997517946727,6.09999379486692e-05,0.0,0.0,9.8164,0.0,0.0,1.0,0.0,0.0,0.0,0.0,0.0,0.0,0.0,0.0
41.8272,0.9999989827650522,-0.0014039985718021335,0.0002439997517946727,6.09999379486692e-05,0.0,0.0,9.8166,0.0,0.0,1.0,0.0,0.0,0.0,0.0,0.0,0.0,0.0,0.0
41.8473,0.9999989660206038,-0.0014039985482929278,0.0003049996846362839,6.099993692737504e-05,0.0,0.0,9.8127,0.0,0.0,1.0,0.0,0.0,0.0,0.0,0.0,0.0,0.0,0.0
41.8674,0.9999989827650522,-0.0014039985718021335,0.0002439997517946727,6.09999379486692e-05,0.0,0.0,9.8089,0.0,0.0,1.0,0.0,0.0,0.0,0.0,0.0,0.0,0.0,0.0
41.8874,0.9999989827650522,-0.0014039985718021335,0.0002439997517946727,6.09999379486692e-05,0.0,0.0,9.844,0.0,0.0,1.0,0.0,0.0,0.0,0.0,0.0,0.0,0.0,0.0
41.9076,0.9999989827650522,-0.0014039985718021335,0.0002439997517946727,6.09999379486692e-05,0.0,0.0,9.8166,0.0,0.0,1.0,0.0,0.0,0.0,0.0,0.0,0.0,0.0,0.0
41.9277,0.9999989827650522,-0.0014039985718021335,0.0002439997517946727,6.09999379486692e-05,0.0,0.0,9.805,0.0,0.0,1.0,0.0,0.0,0.0,0.0,0.0,0.0,0.0,0.0
41.9478,0.9999989827650522,-0.0014039985718021335,0.0002439997517946727,6.09999379486692e-05,0.0,0.0,9.8048,0.0,0.0,1.0,0.0,0.0,0.0,0.0,0.0,0.0,0.0,0.0
41.9678,0.9999989957885127,-0.0014039985900870717,0.0001829998162292978,6.09999387431448e-05,0.0,0.0,9.8166,0.0,0.0,1.0,0.0,0.0,0.0,0.0,0.0,0.0,0.0,0.0
41.9879,0.9999990795717708,-0.0013429987638648882,0.00018299983156163388,6.099994385400098e-05,0.0,0.0,9.8164,0.0,0.0,1.0,0.0,0.0,0.0,0.0,0.0,0.0,0.0,0.0
42.0081,0.9999990795717708,-0.0013429987638648882,0.00018299983156163388,6.099994385400098e-05,0.0,0.0,9.8048,0.0,0.0,1.0,0.0,0.0,0.0,0.0,0.0,0.0,0.0,0.0
42.0282,0.9999990888742453,-0.0013429987763581115,0.0001219998888426577,6.099994442138046e-05,0.0,0.0,9.844,0.0,0.0,1.0,0.0,0.0,0.0,0.0,0.0,0.0,0.0,0.0
42.0483,0.9999990888742453,-0.0013429987763581115,0.0001219998888426577,6.099994442138046e-05,0.0,0.0,9.8164,0.0,0.0,1.0,0.0,0.0,0.0,0.0,0.0,0.0,0.0,0.0
42.0683,0.9999990795717708,-0.0013429987638648882,0.00018299983156163388,6.099994385400098e-05,0.0,0.0,9.805,0.0,0.0,1.0,0.0,0.0,0.0,0.0,0.0,0.0,0.0,0.0
42.0884,0.9999990795717708,-0.0013429987638648882,0.00018299983156163388,6.099994385400098e-05,0.0,0.0,9.8164,0.0,0.0,1.0,0.0,0.0,0.0,0.0,0.0,0.0,0.0,0.0
42.1086,0.9999990888742453,-0.0013429987763581115,0.0001219998888426577,6.099994442138046e-05,0.0,0.0,9.8087,0.0,0.0,1.0,0.0,0.0,0.0,0.0,0.0,0.0,0.0,0.0
42.1286,0.9999990888742453,-0.0013429987763581115,0.0001219998888426577,6.099994442138046e-05,0.0,0.0,9.8087,0.0,0.0,1.0,0.0,0.0,0.0,0.0,0.0,0.0,0.0,0.0
42.1487,0.9999990888742453,-0.0013429987763581115,0.0001219998888426577,6.099994442138046e-05,0.0,0.0,9.8048,0.0,0.0,1.0,0.0,0.0,0.0,0.0,0.0,0.0,0.0,0.0
42.1688,0.9999991689365361,-0.0012819989345766393,0.0001219998986102571,6.099994930519604e-05,0.0,0.0,9.8164,0.0,0.0,1.0,0.0,0.0,0.0,0.0,0.0,0.0,0.0,0.0
42.1889,0.9999991707970314,-0.001281998936961794,0.00012199989883723763,0.0,0.0,0.0,9.7735,0.0,0.0,1.0,0.0,0.0,0.0,0.0,0.0,0.0,0.0,0.0
42.209,0.9999990907347401,-0.001342998778856756,0.00012199988906963803,0.0,0.0,0.0,9.8048,0.0,0.0,1.0,0.0,0.0,0.0,0.0,0.0,0.0,0.0,0.0
42.2291,0.999999096316225,-0.0013429987863526904,6.09999448752894e-05,0.0,0.0,0.0,9.7697,0.0,0.0,1.0,0.0,0.0,0.0,0.0,0.0,0.0,0.0,0.0
42.2492,0.9999990907347401,-0.001342998778856756,0.00012199988906963803,0.0,0.0,0.0,9.8166,0.0,0.0,1.0,0.0,0.0,0.0,0.0,0.0,0.0,0.0,0.0
42.2693,0.999999096316225,-0.0013429987863526904,6.09999448752894e-05,0.0,0.0,0.0,9.8048,0.0,0.0,1.0,0.0,0.0,0.0,0.0,0.0,0.0,0.0,0.0
42.2894,0.999999096316225,-0.0013429987863526904,6.09999448752894e-05,0.0,0.0,0.0,9.8048,0.0,0.0,1.0,0.0,0.0,0.0,0.0,0.0,0.0,0.0,0.0
42.3094,0.9999990907347401,-0.001342998778856756,0.00012199988906963803,0.0,0.0,0.0,9.7775,0.0,0.0,1.0,0.0,0.0,0.0,0.0,0.0,0.0,0.0,0.0
42.3295,0.999999096316225,-0.0013429987863526904,6.09999448752894e-05,0.0,0.0,0.0,9.8164,0.0,0.0,1.0,0.0,0.0,0.0,0.0,0.0,0.0,0.0,0.0
42.3496,0.9999990944557301,-0.0013429987838540455,6.099994476179934e-05,6.099994476177484e-05,0.0,0.0,9.8125,0.0,0.0,1.0,0.0,0.0,0.0,0.0,0.0,0.0,0.0,0.0
42.3697,0.9999990944557301,-0.0013429987838540455,6.099994476179934e-05,6.099994476177484e-05,0.0,0.0,9.7697,0.0,0.0,1.0,0.0,0.0,0.0,0.0,0.0,0.0,0.0,0.0
42.3898,0.999999096316225,-0.0013429987863526904,-2.1684043449710093e-19,6.099994487523964e-05,0.0,0.0,9.7697,0.0,0.0,1.0,0.0,0.0,0.0,0.0,0.0,0.0,0.0,0.0
42.4099,0.999999096316225,-0.0013429987863526904,-2.1684043449710093e-19,6.099994487523964e-05,0.0,0.0,9.8516,0.0,0.0,1.0,0.0,0.0,0.0,0.0,0.0,0.0,0.0,0.0
42.43,0.9999991763785177,-0.0012819989441172595,-2.168404344971009e-19,6.0999949759055205e-05,0.0,0.0,9.7774,0.0,0.0,1.0,0.0,0.0,0.0,0.0,0.0,0.0,0.0,0.0
42.4501,0.999999178239013,-0.0012819989465024145,-2.168404344971009e-19,0.0,0.0,0.0,9.8164,0.0,0.0,1.0,0.0,0.0,0.0,0.0,0.0,0.0,0.0,0.0
42.4702,0.99999909817672,-0.001342998788851335,-2.168404344971009e-19,0.0,0.0,0.0,9.8051,0.0,0.0,1.0,0.0,0.0,0.0,0.0,0.0,0.0,0.0,0.0
42.4902,0.999999096316225,-0.0013429987863526904,-2.1684043449710093e-19,6.099994487523964e-05,0.0,0.0,9.8087,0.0,0.0,1.0,0.0,0.0,0.0,0.0,0.0,0.0,0.0,0.0
42.5103,0.9999990944557301,-0.0013429987838540455,6.099994476179934e-05,6.099994476177484e-05,0.0,0.0,9.8126,0.0,0.0,1.0,0.0,0.0,0.0,0.0,0.0,0.0,0.0,0.0
42.5304,0.999999096316225,-0.0013429987863526904,6.09999448752894e-05,0.0,0.0,0.0,9.8165,0.0,0.0,1.0,0.0,0.0,0.0,0.0,0.0,0.0,0.0,0.0
42.5505,0.999999096316225,-0.0013429987863526904,-2.1684043449710093e-19,6.099994487523964e-05,0.0,0.0,9.8125,0.0,0.0,1.0,0.0,0.0,0.0,0.0,0.0,0.0,0.0,0.0
42.5706,0.9999990944557301,-0.0013429987838540455,6.099994476179934e-05,6.099994476177484e-05,0.0,0.0,9.7697,0.0,0.0,1.0,0.0,0.0,0.0,0.0,0.0,0.0,0.0,0.0
42.5907,0.999999096316225,-0.0013429987863526904,-2.1684043449710093e-19,6.099994487523964e-05,0.0,0.0,9.805,0.0,0.0,1.0,0.0,0.0,0.0,0.0,0.0,0.0,0.0,0.0
42.6108,0.999999178239013,-0.0012819989465024145,-2.168404344971009e-19,0.0,0.0,0.0,9.8126,0.0,0.0,1.0,0.0,0.0,0.0,0.0,0.0,0.0,0.0,0.0
42.6309,0.999999178239013,-0.0012819989465024145,-2.168404344971009e-19,0.0,0.0,0.0,9.8048,0.0,0.0,1.0,0.0,0.0,0.0,0.0,0.0,0.0,0.0,0.0
42.651,0.999999178239013,-0.0012819989465024145,-2.168404344971009e-19,0.0,0.0,0.0,9.8125,0.0,0.0,1.0,0.0,0.0,0.0,0.0,0.0,0.0,0.0,0.0
42.6711,0.9999992545803336,-0.0012209990898425873,-1.0842021724855044e-19,0.0,0.0,0.0,9.8166,0.0,0.0,1.0,0.0,0.0,0.0,0.0,0.0,0.0,0.0,0.0
42.6912,0.9999992527198377,-0.001220999087570922,6.0999954415909975e-05,0.0,0.0,0.0,9.7775,0.0,0.0,1.0,0.0,0.0,0.0,0.0,0.0,0.0,0.0,0.0
42.7113,0.9999993253401829,-0.001159999217394612,6.09999588457509e-05,0.0,0.0,0.0,9.8164,0.0,0.0,1.0,0.0,0.0,0.0,0.0,0.0,0.0,0.0,0.0
42.7314,0.9999993272006791,-0.001159999219552788,-3.2526065174565133e-19,0.0,0.0,0.0,9.8439,0.0,0.0,1.0,0.0,0.0,0.0,0.0,0.0,0.0,0.0,0.0
42.7515,0.9999992527198377,-0.001220999087570922,-2.1684043449710093e-19,-6.099995441588569e-05,0.0,0.0,9.7697,0.0,0.0,1.0,0.0,0.0,0.0,0.0,0.0,0.0,0.0,0.0
42.7715,0.9999993234796866,-0.0011599992152364366,6.099995873226064e-05,-6.0999958732321786e-05,0.0,0.0,9.8126,0.0,0.0,1.0,0.0,0.0,0.0,0.0,0.0,0.0,0.0,0.0
42.7916,0.9999993234796866,-0.0011599992152364366,6.099995873226064e-05,-6.0999958732321786e-05,0.0,0.0,9.8125,0.0,0.0,1.0,0.0,0.0,0.0,0.0,0.0,0.0,0.0,0.0
42.8117,0.9999993253401829,-0.001159999217394612,6.09999588457509e-05,0.0,0.0,0.0,9.8477,0.0,0.0,1.0,0.0,0.0,0.0,0.0,0.0,0.0,0.0,0.0
42.8318,0.9999993923790539,-0.0010989993322245803,6.099996293512201e-05,-6.0999962935126564e-05,0.0,0.0,9.7775,0.0,0.0,1.0,0.0,0.0,0.0,0.0,0.0,0.0,0.0,0.0
42.8519,0.9999993923790539,-0.0010989993322245803,6.099996293512201e-05,-6.0999962935126564e-05,0.0,0.0,9.8087,0.0,0.0,1.0,0.0,0.0,0.0,0.0,0.0,0.0,0.0,0.0
42.872,0.9999993923790539,-0.0010989993322245803,6.099996293512201e-05,-6.0999962935126564e-05,0.0,0.0,9.8087,0.0,0.0,1.0,0.0,0.0,0.0,0.0,0.0,0.0,0.0,0.0
42.8921,0.9999993234796866,-0.0011599992152364366,6.099995873226064e-05,-6.0999958732321786e-05,0.0,0.0,9.8048,0.0,0.0,1.0,0.0,0.0,0.0,0.0,0.0,0.0,0.0,0.0
42.9122,0.9999993234796866,-0.0011599992152364366,6.099995873226064e-05,-6.0999958732321786e-05,0.0,0.0,9.8048,0.0,0.0,1.0,0.0,0.0,0.0,0.0,0.0,0.0,0.0,0.0
42.9323,0.9999993923790539,-0.0010989993322245803,6.099996293512201e-05,-6.0999962935126564e-05,0.0,0.0,9.8477,0.0,0.0,1.0,0.0,0.0,0.0,0.0,0.0,0.0,0.0,0.0
42.9524,0.9999993942395504,-0.001098999334269266,-1.0842021724855044e-19,-6.0999963048646855e-05,0.0,0.0,9.8125,0.0,0.0,1.0,0.0,0.0,0.0,0.0,0.0,0.0,0.0,0.0
42.9725,0.9999994575574415,-0.0010379994369446243,6.0999966911003693e-05,-6.0999966911112764e-05,0.0,0.0,9.8164,0.0,0.0,1.0,0.0,0.0,0.0,0.0,0.0,0.0,0.0,0.0
42.9926,0.9999994575574415,-0.0010379994369446243,6.0999966911003693e-05,-6.0999966911112764e-05,0.0,0.0,9.8166,0.0,0.0,1.0,0.0,0.0,0.0,0.0,0.0,0.0,0.0,0.0
43.0126,0.9999993923790539,-0.0010989993322245803,6.099996293512201e-05,-6.0999962935126564e-05,0.0,0.0,9.809,0.0,0.0,1.0,0.0,0.0,0.0,0.0,0.0,0.0,0.0,0.0
43.0327,0.9999993867975641,-0.0010989993260905229,6.099996259465118e-05,-0.00012199992518929781,0.0,0.0,9.809,0.0,0.0,1.0,0.0,0.0,0.0,0.0,0.0,0.0,0.0,0.0
43.0528,0.9999994519759505,-0.001037999431151037,6.099996657053287e-05,-0.00012199993314104818,0.0,0.0,9.8048,0.0,0.0,1.0,0.0,0.0,0.0,0.0,0.0,0.0,0.0,0.0
43.0729,0.9999995134333551,-0.000976999524624388,6.099997031943445e-05,-0.00012199994063888386,0.0,0.0,9.8125,0.0,0.0,1.0,0.0,0.0,0.0,0.0,0.0,0.0,0.0,0.0
43.093,0.9999995786117664,-0.000915999614008378,-1.6263032587282567e-19,-6.0999974295317116e-05,0.0,0.0,9.8127,0.0,0.0,1.0,0.0,0.0,0.0,0.0,0.0,0.0,0.0,0.0
43.1131,0.9999996334817015,-0.0008539996869933732,-1.0842021724855047e-19,-6.099997764236199e-05,0.0,0.0,9.8126,0.0,0.0,1.0,0.0,0.0,0.0,0.0,0.0,0.0,0.0,0.0
43.1332,0.9999995767512687,-0.000915999612304162,6.099997418182733e-05,-6.099997418179681e-05,0.0,0.0,9.7774,0.0,0.0,1.0,0.0,0.0,0.0,0.0,0.0,0.0,0.0,0.0
43.1533,0.9999995767512687,-0.000915999612304162,6.099997418182733e-05,-6.099997418179681e-05,0.0,0.0,9.8087,0.0,0.0,1.0,0.0,0.0,0.0,0.0,0.0,0.0,0.0,0.0
43.1734,0.9999996260397098,-0.0008539996806379122,0.00012199995437684452,-6.0999977188502814e-05,0.0,0.0,9.7775,0.0,0.0,1.0,0.0,0.0,0.0,0.0,0.0,0.0,0.0,0.0
43.1935,0.9999996260397098,-0.0008539996806379122,0.00012199995437684452,-6.0999977188502814e-05,0.0,0.0,9.8126,0.0,0.0,1.0,0.0,0.0,0.0,0.0,0.0,0.0,0.0,0.0
43.2136,0.9999996260397098,-0.0008539996806379122,0.00012199995437684452,-6.0999977188502814e-05,0.0,0.0,9.8439,0.0,0.0,1.0,0.0,0.0,0.0,0.0,0.0,0.0,0.0,0.0
43.2337,0.9999996762731572,-0.0007929997432846137,0.00012199996050532509,-6.099998025260733e-05,0.0,0.0,9.8125,0.0,0.0,1.0,0.0,0.0,0.0,0.0,0.0,0.0,0.0,0.0
43.2537,0.9999997153436215,-0.0007319997916315309,0.0001829999479078826,0.0,0.0,0.0,9.8126,0.0,0.0,1.0,0.0,0.0,0.0,0.0,0.0,0.0,0.0,0.0
43.2738,0.999999702320133,-0.0007319997820983374,0.00024399992736611232,0.0,0.0,0.0,9.7775,0.0,0.0,1.0,0.0,0.0,0.0,0.0,0.0,0.0,0.0,0.0
43.2939,0.999999702320133,-0.0007319997820983374,0.00024399992736611232,0.0,0.0,0.0,9.8164,0.0,0.0,1.0,0.0,0.0,0.0,0.0,0.0,0.0,0.0,0.0
43.314,0.9999996855756483,-0.0007319997698413747,0.0003049999041005726,0.0,0.0,0.0,9.8555,0.0,0.0,1.0,0.0,0.0,0.0,0.0,0.0,0.0,0.0,0.0
43.3341,0.9999996855756483,-0.0007319997698413747,0.0003049999041005726,0.0,0.0,0.0,9.8164,0.0,0.0,1.0,0.0,0.0,0.0,0.0,0.0,0.0,0.0,0.0
43.3542,0.9999996855756483,-0.0007319997698413747,0.0003049999041005726,0.0,0.0,0.0,9.8166,0.0,0.0,1.0,0.0,0.0,0.0,0.0,0.0,0.0,0.0,0.0
43.3743,0.9999996651101682,-0.0007319997548606433,0.0003659998774303215,0.0,0.0,0.0,9.8555,0.0,0.0,1.0,0.0,0.0,0.0,0.0,0.0,0.0,0.0,0.0
43.3944,0.9999997283671108,-0.0006709998177343313,0.0003049999171519686,0.0,0.0,0.0,9.8125,0.0,0.0,1.0,0.0,0.0,0.0,0.0,0.0,0.0,0.0,0.0
43.4145,0.9999997079016281,-0.0006709998040019926,0.00036599989309199575,0.0,0.0,0.0,9.8125,0.0,0.0,1.0,0.0,0.0,0.0,0.0,0.0,0.0,0.0,0.0
43.4345,0.9999996651101682,-0.0007319997548606433,0.0003659998774303215,0.0,0.0,0.0,9.8164,0.0,0.0,1.0,0.0,0.0,0.0,0.0,0.0,0.0,0.0,0.0
43.4546,0.9999996651101682,-0.0007319997548606433,0.0003659998774303215,0.0,0.0,0.0,9.7774,0.0,0.0,1.0,0.0,0.0,0.0,0.0,0.0,0.0,0.0,0.0
43.4747,0.9999996651101682,-0.0007319997548606433,0.0003659998774303215,0.0,0.0,0.0,9.7774,0.0,0.0,1.0,0.0,0.0,0.0,0.0,0.0,0.0,0.0,0.0
43.4948,0.9999996651101682,-0.0007319997548606433,0.0003659998774303215,0.0,0.0,0.0,9.805,0.0,0.0,1.0,0.0,0.0,0.0,0.0,0.0,0.0,0.0,0.0
43.5149,0.9999997283671108,-0.0006709998177343313,0.0003049999171519686,0.0,0.0,0.0,9.8164,0.0,0.0,1.0,0.0,0.0,0.0,0.0,0.0,0.0,0.0,0.0
43.535,0.9999997283671108,-0.0006709998177343313,0.0003049999171519686,0.0,0.0,0.0,9.7735,0.0,0.0,1.0,0.0,0.0,0.0,0.0,0.0,0.0,0.0,0.0
43.5551,0.9999997283671108,-0.0006709998177343313,0.0003049999171519686,0.0,0.0,0.0,9.8164,0.0,0.0,1.0,0.0,0.0,0.0,0.0,0.0,0.0,0.0,0.0
43.5752,0.9999997079016281,-0.0006709998040019926,0.00036599989309199575,0.0,0.0,0.0,9.8087,0.0,0.0,1.0,0.0,0.0,0.0,0.0,0.0,0.0,0.0,0.0
43.5952,0.9999997079016281,-0.0006709998040019926,0.00036599989309199575,0.0,0.0,0.0,9.7735,0.0,0.0,1.0,0.0,0.0,0.0,0.0,0.0,0.0,0.0,0.0
43.6154,0.9999997079016281,-0.0006709998040019926,0.00036599989309199575,0.0,0.0,0.0,9.8164,0.0,0.0,1.0,0.0,0.0,0.0,0.0,0.0,0.0,0.0,0.0
43.6354,0.9999997079016281,-0.0006709998040019926,0.00036599989309199575,0.0,0.0,0.0,9.8478,0.0,0.0,1.0,0.0,0.0,0.0,0.0,0.0,0.0,0.0,0.0
43.6555,0.9999997079016281,-0.0006709998040019926,0.00036599989309199575,0.0,0.0,0.0,9.8164,0.0,0.0,1.0,0.0,0.0,0.0,0.0,0.0,0.0,0.0,0.0
43.6756,0.9999997079016281,-0.0006709998040019926,0.00036599989309199575,0.0,0.0,0.0,9.8164,0.0,0.0,1.0,0.0,0.0,0.0,0.0,0.0,0.0,0.0,0.0
43.6957,0.9999997079016281,-0.0006709998040019926,0.00036599989309199575,0.0,0.0,0.0,9.8164,0.0,0.0,1.0,0.0,0.0,0.0,0.0,0.0,0.0,0.0,0.0
43.7158,0.9999997079016281,-0.0006709998040019926,0.00036599989309199575,0.0,0.0,0.0,9.8164,0.0,0.0,1.0,0.0,0.0,0.0,0.0,0.0,0.0,0.0,0.0
43.7359,0.9999997079016281,-0.0006709998040019926,0.00036599989309199575,0.0,0.0,0.0,9.8087,0.0,0.0,1.0,0.0,0.0,0.0,0.0,0.0,0.0,0.0,0.0
43.756,0.9999997079016281,-0.0006709998040019926,0.00036599989309199575,0.0,0.0,0.0,9.8087,0.0,0.0,1.0,0.0,0.0,0.0,0.0,0.0,0.0,0.0,0.0
43.7761,0.9999997079016281,-0.0006709998040019926,0.00036599989309199575,0.0,0.0,0.0,9.8126,0.0,0.0,1.0,0.0,0.0,0.0,0.0,0.0,0.0,0.0,0.0
43.7962,0.9999997079016281,-0.0006709998040019926,0.00036599989309199575,0.0,0.0,0.0,9.8164,0.0,0.0,1.0,0.0,0.0,0.0,0.0,0.0,0.0,0.0,0.0
43.8163,0.9999997079016281,-0.0006709998040019926,0.00036599989309199575,0.0,0.0,0.0,9.8048,0.0,0.0,1.0,0.0,0.0,0.0,0.0,0.0,0.0,0.0,0.0
43.8363,0.9999997079016281,-0.0006709998040019926,0.00036599989309199575,0.0,0.0,0.0,9.8164,0.0,0.0,1.0,0.0,0.0,0.0,0.0,0.0,0.0,0.0,0.0
43.8565,0.9999997079016281,-0.0006709998040019926,0.00036599989309199575,0.0,0.0,0.0,9.8164,0.0,0.0,1.0,0.0,0.0,0.0,0.0,0.0,0.0,0.0,0.0
43.8765,0.9999997079016281,-0.0006709998040019926,0.00036599989309199575,0.0,0.0,0.0,9.8164,0.0,0.0,1.0,0.0,0.0,0.0,0.0,0.0,0.0,0.0,0.0
43.8967,0.9999997079016281,-0.0006709998040019926,0.00036599989309199575,0.0,0.0,0.0,9.8478,0.0,0.0,1.0,0.0,0.0,0.0,0.0,0.0,0.0,0.0,0.0
43.9168,0.9999997079016281,-0.0006709998040019926,0.00036599989309199575,0.0,0.0,0.0,9.8164,0.0,0.0,1.0,0.0,0.0,0.0,0.0,0.0,0.0,0.0,0.0
43.9369,0.9999996837151501,-0.000670999787772866,0.00042699986494636904,0.0,0.0,0.0,9.7774,0.0,0.0,1.0,0.0,0.0,0.0,0.0,0.0,0.0,0.0,0.0
43.9569,0.9999996837151501,-0.000670999787772866,0.00042699986494636904,0.0,0.0,0.0,9.8164,0.0,0.0,1.0,0.0,0.0,0.0,0.0,0.0,0.0,0.0,0.0
43.9771,0.9999996837151501,-0.000670999787772866,0.00042699986494636904,0.0,0.0,0.0,9.8477,0.0,0.0,1.0,0.0,0.0,0.0,0.0,0.0,0.0,0.0,0.0
43.9972,0.9999996837151501,-0.000670999787772866,0.00042699986494636904,0.0,0.0,0.0,9.7735,0.0,0.0,1.0,0.0,0.0,0.0,0.0,0.0,0.0,0.0,0.0
44.0173,0.9999996837151501,-0.000670999787772866,0.00042699986494636904,0.0,0.0,0.0,9.8125,0.0,0.0,1.0,0.0,0.0,0.0,0.0,0.0,0.0,0.0,0.0
44.0374,0.9999996837151501,-0.000670999787772866,0.00042699986494636904,0.0,0.0,0.0,9.8166,0.0,0.0,1.0,0.0,0.0,0.0,0.0,0.0,0.0,0.0,0.0
44.0575,0.9999996651101682,-0.0007319997548606433,0.0003659998774303215,0.0,0.0,0.0,9.805,0.0,0.0,1.0,0.0,0.0,0.0,0.0,0.0,0.0,0.0,0.0
44.0776,0.9999996651101682,-0.0007319997548606433,0.0003659998774303215,0.0,0.0,0.0,9.8125,0.0,0.0,1.0,0.0,0.0,0.0,0.0,0.0,0.0,0.0,0.0
44.0976,0.9999996651101682,-0.0007319997548606433,0.0003659998774303215,0.0,0.0,0.0,9.7735,0.0,0.0,1.0,0.0,0.0,0.0,0.0,0.0,0.0,0.0,0.0
44.1178,0.9999996651101682,-0.0007319997548606433,0.0003659998774303215,0.0,0.0,0.0,9.8477,0.0,0.0,1.0,0.0,0.0,0.0,0.0,0.0,0.0,0.0,0.0
44.1378,0.9999996651101682,-0.0007319997548606433,0.0003659998774303215,0.0,0.0,0.0,9.8164,0.0,0.0,1.0,0.0,0.0,0.0,0.0,0.0,0.0,0.0,0.0
44.1579,0.9999996651101682,-0.0007319997548606433,0.0003659998774303215,0.0,0.0,0.0,9.8164,0.0,0.0,1.0,0.0,0.0,0.0,0.0,0.0,0.0,0.0,0.0
44.178,0.9999996651101682,-0.0007319997548606433,0.0003659998774303215,0.0,0.0,0.0,9.8555,0.0,0.0,1.0,0.0,0.0,0.0,0.0,0.0,0.0,0.0,0.0
44.1981,0.9999996651101682,-0.0007319997548606433,0.0003659998774303215,0.0,0.0,0.0,9.8164,0.0,0.0,1.0,0.0,0.0,0.0,0.0,0.0,0.0,0.0,0.0
44.2182,0.9999996651101682,-0.0007319997548606433,0.0003659998774303215,0.0,0.0,0.0,9.8125,0.0,0.0,1.0,0.0,0.0,0.0,0.0,0.0,0.0,0.0,0.0
44.2383,0.9999996651101682,-0.0007319997548606433,0.0003659998774303215,0.0,0.0,0.0,9.8164,0.0,0.0,1.0,0.0,0.0,0.0,0.0,0.0,0.0,0.0,0.0
44.2584,0.9999996390631954,-0.0007929997137771141,0.0003049998899142745,0.0,0.0,0.0,9.8126,0.0,0.0,1.0,0.0,0.0,0.0,0.0,0.0,0.0,0.0,0.0
44.2785,0.9999996390631954,-0.0007929997137771141,0.0003049998899142745,0.0,0.0,0.0,9.8164,0.0,0.0,1.0,0.0,0.0,0.0,0.0,0.0,0.0,0.0,0.0
44.2986,0.9999996390631954,-0.0007929997137771141,0.0003049998899142745,0.0,0.0,0.0,9.8125,0.0,0.0,1.0,0.0,0.0,0.0,0.0,0.0,0.0,0.0,0.0
44.3187,0.9999996855756483,-0.0007319997698413747,0.0003049999041005726,0.0,0.0,0.0,9.7774,0.0,0.0,1.0,0.0,0.0,0.0,0.0,0.0,0.0,0.0,0.0
44.3388,0.9999996855756483,-0.0007319997698413747,0.0003049999041005726,0.0,0.0,0.0,9.8087,0.0,0.0,1.0,0.0,0.0,0.0,0.0,0.0,0.0,0.0,0.0
44.3588,0.9999996855756483,-0.0007319997698413747,0.0003049999041005726,0.0,0.0,0.0,9.7774,0.0,0.0,1.0,0.0,0.0,0.0,0.0,0.0,0.0,0.0,0.0
44.3789,0.9999996855756483,-0.0007319997698413747,0.0003049999041005726,0.0,0.0,0.0,9.8164,0.0,0.0,1.0,0.0,0.0,0.0,0.0,0.0,0.0,0.0,0.0
44.399,0.9999996855756483,-0.0007319997698413747,0.0003049999041005726,0.0,0.0,0.0,9.7735,0.0,0.0,1.0,0.0,0.0,0.0,0.0,0.0,0.0,0.0,0.0
44.4192,0.9999996855756483,-0.0007319997698413747,0.0003049999041005726,0.0,0.0,0.0,9.8125,0.0,0.0,1.0,0.0,0.0,0.0,0.0,0.0,0.0,0.0,0.0
44.4393,0.999999702320133,-0.0007319997820983374,0.00024399992736611232,0.0,0.0,0.0,9.8164,0.0,0.0,1.0,0.0,0.0,0.0,0.0,0.0,0.0,0.0,0.0
44.4594,0.999999702320133,-0.0007319997820983374,0.00024399992736611232,0.0,0.0,0.0,9.8164,0.0,0.0,1.0,0.0,0.0,0.0,0.0,0.0,0.0,0.0,0.0
44.4795,0.999999702320133,-0.0007319997820983374,0.00024399992736611232,0.0,0.0,0.0,9.8087,0.0,0.0,1.0,0.0,0.0,0.0,0.0,0.0,0.0,0.0,0.0
44.4996,0.999999702320133,-0.0007319997820983374,0.00024399992736611232,0.0,0.0,0.0,9.8439,0.0,0.0,1.0,0.0,0.0,0.0,0.0,0.0,0.0,0.0,0.0
44.5197,0.999999702320133,-0.0007319997820983374,0.00024399992736611232,0.0,0.0,0.0,9.8126,0.0,0.0,1.0,0.0,0.0,0.0,0.0,0.0,0.0,0.0,0.0
44.5398,0.999999702320133,-0.0007319997820983374,0.00024399992736611232,0.0,0.0,0.0,9.8166,0.0,0.0,1.0,0.0,0.0,0.0,0.0,0.0,0.0,0.0,0.0
44.5599,0.999999702320133,-0.0007319997820983374,0.00024399992736611232,0.0,0.0,0.0,9.8125,0.0,0.0,1.0,0.0,0.0,0.0,0.0,0.0,0.0,0.0,0.0
44.58,0.999999702320133,-0.0007319997820983374,0.00024399992736611232,0.0,0.0,0.0,9.8125,0.0,0.0,1.0,0.0,0.0,0.0,0.0,0.0,0.0,0.0,0.0
44.6001,0.999999702320133,-0.0007319997820983374,0.00024399992736611232,0.0,0.0,0.0,9.8164,0.0,0.0,1.0,0.0,0.0,0.0,0.0,0.0,0.0,0.0,0.0
44.6203,0.999999702320133,-0.0007319997820983374,0.00024399992736611232,0.0,0.0,0.0,9.8555,0.0,0.0,1.0,0.0,0.0,0.0,0.0,0.0,0.0,0.0,0.0
44.6404,0.999999702320133,-0.0007319997820983374,0.00024399992736611232,0.0,0.0,0.0,9.8087,0.0,0.0,1.0,0.0,0.0,0.0,0.0,0.0,0.0,0.0,0.0
44.6605,0.999999702320133,-0.0007319997820983374,0.00024399992736611232,0.0,0.0,0.0,9.8166,0.0,0.0,1.0,0.0,0.0,0.0,0.0,0.0,0.0,0.0,0.0
44.6806,0.999999702320133,-0.0007319997820983374,0.00024399992736611232,0.0,0.0,0.0,9.8164,0.0,0.0,1.0,0.0,0.0,0.0,0.0,0.0,0.0,0.0,0.0
44.7006,0.9999997153436215,-0.0007319997916315309,0.0001829999479078826,0.0,0.0,0.0,9.7735,0.0,0.0,1.0,0.0,0.0,0.0,0.0,0.0,0.0,0.0,0.0
44.7207,0.9999997153436215,-0.0007319997916315309,0.0001829999479078826,0.0,0.0,0.0,9.7735,0.0,0.0,1.0,0.0,0.0,0.0,0.0,0.0,0.0,0.0,0.0
44.7408,0.9999997153436215,-0.0007319997916315309,0.0001829999479078826,0.0,0.0,0.0,9.8164,0.0,0.0,1.0,0.0,0.0,0.0,0.0,0.0,0.0,0.0,0.0
44.7608,0.9999996688311645,-0.0007929997373831133,0.00018299993939610294,0.0,0.0,0.0,9.8087,0.0,0.0,1.0,0.0,0.0,0.0,0.0,0.0,0.0,0.0,0.0
44.7809,0.9999996688311645,-0.0007929997373831133,0.00018299993939610294,0.0,0.0,0.0,9.8555,0.0,0.0,1.0,0.0,0.0,0.0,0.0,0.0,0.0,0.0,0.0
44.801,0.9999996688311645,-0.0007929997373831133,0.00018299993939610294,0.0,0.0,0.0,9.8125,0.0,0.0,1.0,0.0,0.0,0.0,0.0,0.0,0.0,0.0,0.0
44.821,0.9999996688311645,-0.0007929997373831133,0.00018299993939610294,0.0,0.0,0.0,9.8048,0.0,0.0,1.0,0.0,0.0,0.0,0.0,0.0,0.0,0.0,0.0
44.8411,0.9999996688311645,-0.0007929997373831133,0.00018299993939610294,0.0,0.0,0.0,9.8164,0.0,0.0,1.0,0.0,0.0,0.0,0.0,0.0,0.0,0.0,0.0
44.8612,0.9999996688311645,-0.0007929997373831133,0.00018299993939610294,0.0,0.0,0.0,9.7774,0.0,0.0,1.0,0.0,0.0,0.0,0.0,0.0,0.0,0.0,0.0
44.8813,0.9999996688311645,-0.0007929997373831133,0.00018299993939610294,0.0,0.0,0.0,9.7735,0.0,0.0,1.0,0.0,0.0,0.0,0.0,0.0,0.0,0.0,0.0
44.9013,0.9999996688311645,-0.0007929997373831133,0.00018299993939610294,0.0,0.0,0.0,9.8477,0.0,0.0,1.0,0.0,0.0,0.0,0.0,0.0,0.0,0.0,0.0
44.9214,0.9999996688311645,-0.0007929997373831133,0.00018299993939610294,0.0,0.0,0.0,9.7735,0.0,0.0,1.0,0.0,0.0,0.0,0.0,0.0,0.0,0.0,0.0
44.9415,0.9999996688311645,-0.0007929997373831133,0.00018299993939610294,0.0,0.0,0.0,9.8164,0.0,0.0,1.0,0.0,0.0,0.0,0.0,0.0,0.0,0.0,0.0
44.9615,0.9999996688311645,-0.0007929997373831133,0.00018299993939610294,0.0,0.0,0.0,9.7774,0.0,0.0,1.0,0.0,0.0,0.0,0.0,0.0,0.0,0.0,0.0
44.9816,0.9999996688311645,-0.0007929997373831133,0.00018299993939610294,0.0,0.0,0.0,9.7774,0.0,0.0,1.0,0.0,0.0,0.0,0.0,0.0,0.0,0.0,0.0
45.0017,0.9999996688311645,-0.0007929997373831133,0.00018299993939610294,0.0,0.0,0.0,9.8164,0.0,0.0,1.0,0.0,0.0,0.0,0.0,0.0,0.0,0.0,0.0
45.0217,0.9999996688311645,-0.0007929997373831133,0.00018299993939610294,0.0,0.0,0.0,9.8164,0.0,0.0,1.0,0.0,0.0,0.0,0.0,0.0,0.0,0.0,0.0
45.0418,0.9999996185977182,-0.0008539996742824515,0.0001829999302033823,0.0,0.0,0.0,9.8164,0.0,0.0,1.0,0.0,0.0,0.0,0.0,0.0,0.0,0.0,0.0
45.0619,0.9999996185977182,-0.0008539996742824515,0.0001829999302033823,0.0,0.0,0.0,9.7735,0.0,0.0,1.0,0.0,0.0,0.0,0.0,0.0,0.0,0.0,0.0
45.0819,0.9999996185977182,-0.0008539996742824515,0.0001829999302033823,0.0,0.0,0.0,9.8164,0.0,0.0,1.0,0.0,0.0,0.0,0.0,0.0,0.0,0.0,0.0
45.102,0.9999996279002077,-0.0008539996822267776,0.0001219999546038251,0.0,0.0,0.0,9.8048,0.0,0.0,1.0,0.0,0.0,0.0,0.0,0.0,0.0,0.0,0.0
45.1221,0.9999996279002077,-0.0008539996822267776,0.0001219999546038251,0.0,0.0,0.0,9.7697,0.0,0.0,1.0,0.0,0.0,0.0,0.0,0.0,0.0,0.0,0.0
45.1422,0.9999996279002077,-0.0008539996822267776,0.0001219999546038251,0.0,0.0,0.0,9.8126,0.0,0.0,1.0,0.0,0.0,0.0,0.0,0.0,0.0,0.0,0.0
45.1622,0.9999996279002077,-0.0008539996822267776,0.0001219999546038251,0.0,0.0,0.0,9.8164,0.0,0.0,1.0,0.0,0.0,0.0,0.0,0.0,0.0,0.0,0.0
45.1823,0.9999996279002077,-0.0008539996822267776,0.0001219999546038251,0.0,0.0,0.0,9.7774,0.0,0.0,1.0,0.0,0.0,0.0,0.0,0.0,0.0,0.0,0.0
45.2024,0.9999996279002077,-0.0008539996822267776,0.0001219999546038251,0.0,0.0,0.0,9.8165,0.0,0.0,1.0,0.0,0.0,0.0,0.0,0.0,0.0,0.0,0.0
45.2224,0.9999996279002077,-0.0008539996822267776,0.0001219999546038251,0.0,0.0,0.0,9.7697,0.0,0.0,1.0,0.0,0.0,0.0,0.0,0.0,0.0,0.0,0.0
45.2425,0.9999996279002077,-0.0008539996822267776,0.0001219999546038251,0.0,0.0,0.0,9.8052,0.0,0.0,1.0,0.0,0.0,0.0,0.0,0.0,0.0,0.0,0.0
45.2626,0.9999996279002077,-0.0008539996822267776,0.0001219999546038251,0.0,0.0,0.0,9.7774,0.0,0.0,1.0,0.0,0.0,0.0,0.0,0.0,0.0,0.0,0.0
45.2826,0.9999996762731572,-0.0007929997432846137,0.00012199996050532509,-6.099998025260733e-05,0.0,0.0,9.8127,0.0,0.0,1.0,0.0,0.0,0.0,0.0,0.0,0.0,0.0,0.0
45.3027,0.9999996818546519,-0.0007929997477107389,6.099998059313366e-05,-6.0999980593168246e-05,0.0,0.0,9.8052,0.0,0.0,1.0,0.0,0.0,0.0,0.0,0.0,0.0,0.0,0.0
45.3228,0.9999996837151501,-0.0007929997491861141,-1.0842021724855044e-19,-6.099998070668855e-05,0.0,0.0,9.7588,0.0,0.0,1.0,0.0,0.0,0.0,0.0,0.0,0.0,0.0,0.0
45.3428,0.9999997730190773,-0.0006709998476958011,-5.421010862427522e-20,-6.0999986154164354e-05,0.0,0.0,9.8127,0.0,0.0,1.0,0.0,0.0,0.0,0.0,0.0,0.0,0.0,0.0
45.3629,0.9999998455785358,-0.0005489999152226163,-6.099999058029074e-05,-6.099999058023498e-05,0.0,0.0,9.7346,0.0,0.0,1.0,0.0,0.0,0.0,0.0,0.0,0.0,0.0,0.0
45.383,0.9999998399970385,-0.0005489999121583739,-0.00012199998047963875,-6.0999990239785085e-05,0.0,0.0,9.8127,0.0,0.0,1.0,0.0,0.0,0.0,0.0,0.0,0.0,0.0,0.0
45.403,0.9999998716255247,-0.0004879999373532561,-0.00012199998433831414,-6.099999216918617e-05,0.0,0.0,9.8164,0.0,0.0,1.0,0.0,0.0,0.0,0.0,0.0,0.0,0.0,0.0
45.4231,0.9999998474390349,-0.0005489999162440303,-6.0999990693781226e-05,0.0,0.0,0.0,9.7775,0.0,0.0,1.0,0.0,0.0,0.0,0.0,0.0,0.0,0.0,0.0
45.4432,0.999999879067522,-0.0004879999409849507,-6.099999262311896e-05,0.0,0.0,0.0,9.7774,0.0,0.0,1.0,0.0,0.0,0.0,0.0,0.0,0.0,0.0,0.0
45.4632,0.999999906975013,-0.00042699996027833055,-6.099999432547588e-05,0.0,0.0,0.0,9.8125,0.0,0.0,1.0,0.0,0.0,0.0,0.0,0.0,0.0,0.0,0.0
45.4833,0.9999999237195089,-0.0003659999720813402,-0.00012199999069378009,6.099999534686651e-05,0.0,0.0,9.8129,0.0,0.0,1.0,0.0,0.0,0.0,0.0,0.0,0.0,0.0,0.0
45.5034,0.9999999441850047,-0.00030499998297642636,-0.0001219999931905706,6.099999659525679e-05,0.0,0.0,9.8555,0.0,0.0,1.0,0.0,0.0,0.0,0.0,0.0,0.0,0.0,0.0
45.5234,0.9999999441850047,-0.00030499998297642636,-0.0001219999931905706,6.099999659525679e-05,0.0,0.0,9.7658,0.0,0.0,1.0,0.0,0.0,0.0,0.0,0.0,0.0,0.0,0.0
45.5435,0.9999999683715015,-0.00024399999228264633,-6.0999998070661616e-05,0.0,0.0,0.0,9.8477,0.0,0.0,1.0,0.0,0.0,0.0,0.0,0.0,0.0,0.0,0.0
45.5636,0.9999999813950006,-0.00018299999659528512,-6.099999886509507e-05,0.0,0.0,0.0,9.8169,0.0,0.0,1.0,0.0,0.0,0.0,0.0,0.0,0.0,0.0,0.0
45.5836,0.9999999981395,-6.0999999886509496e-05,-1.0164395367051604e-20,0.0,0.0,0.0,9.7775,0.0,0.0,1.0,0.0,0.0,0.0,0.0,0.0,0.0,0.0,0.0
45.6037,0.999999996279,-6.0999999773018994e-05,-6.099999977301902e-05,0.0,0.0,0.0,9.7735,0.0,0.0,1.0,0.0,0.0,0.0,0.0,0.0,0.0,0.0,0.0
45.6238,0.999999996279,-6.0999999773018994e-05,-6.099999977301902e-05,0.0,0.0,0.0,9.8125,0.0,0.0,1.0,0.0,0.0,0.0,0.0,0.0,0.0,0.0,0.0
45.6438,0.9999999981395,1.0164395367051604e-20,-6.0999999886509496e-05,0.0,0.0,0.0,9.7735,0.0,0.0,1.0,0.0,0.0,0.0,0.0,0.0,0.0,0.0,0.0
45.6639,0.9999999944185001,6.099999965952851e-05,-6.0999999659528485e-05,6.099999965963887e-05,0.0,0.0,9.8164,0.0,0.0,1.0,0.0,0.0,0.0,0.0,0.0,0.0,0.0,0.0
45.684,0.9999999906975001,0.00012199999886509503,-6.0999999432547494e-05,0.0,0.0,0.0,9.8126,0.0,0.0,1.0,0.0,0.0,0.0,0.0,0.0,0.0,0.0,0.0
45.704,0.9999999888370003,0.00012199999863811401,-6.099999931905698e-05,6.0999999319022447e-05,0.0,0.0,9.8126,0.0,0.0,1.0,0.0,0.0,0.0,0.0,0.0,0.0,0.0,0.0
45.7241,0.9999999795345007,0.00018299999625481363,-6.0999998751604515e-05,6.099999875164297e-05,0.0,0.0,9.8131,0.0,0.0,1.0,0.0,0.0,0.0,0.0,0.0,0.0,0.0,0.0
45.7442,0.9999999627900021,0.00024399999092076055,-0.00012199999546038023,0.0,0.0,0.0,9.8137,0.0,0.0,1.0,0.0,0.0,0.0,0.0,0.0,0.0,0.0,0.0
45.7642,0.9999999832555004,0.00018299999693575654,2.710505431213761e-20,0.0,0.0,0.0,9.8502,0.0,0.0,1.0,0.0,0.0,0.0,0.0,0.0,0.0,0.0,0.0
45.7843,0.9999999683715015,0.00024399999228264633,6.0999998070661616e-05,0.0,0.0,0.0,9.7472,0.0,0.0,1.0,0.0,0.0,0.0,0.0,0.0,0.0,0.0,0.0
45.8044,0.9999999702320015,0.00024399999273660834,2.710505431213761e-20,0.0,0.0,0.0,9.8088,0.0,0.0,1.0,0.0,0.0,0.0,0.0,0.0,0.0,0.0,0.0
45.8244,0.9999999683715015,0.00024399999228264638,-6.0999998070661535e-05,0.0,0.0,0.0,9.8051,0.0,0.0,1.0,0.0,0.0,0.0,0.0,0.0,0.0,0.0,0.0
45.8445,0.9999999534875033,0.0003049999858136885,2.710505431213761e-20,0.0,0.0,0.0,9.7859,0.0,0.0,1.0,0.0,0.0,0.0,0.0,0.0,0.0,0.0,0.0
45.8646,0.9999999516270035,0.0003049999852462361,-6.099999704924715e-05,0.0,0.0,0.0,9.8127,0.0,0.0,1.0,0.0,0.0,0.0,0.0,0.0,0.0,0.0,0.0
45.8846,0.9999999609295023,0.00024399999046679856,-0.00012199999523339925,6.099999761677298e-05,0.0,0.0,9.8092,0.0,0.0,1.0,0.0,0.0,0.0,0.0,0.0,0.0,0.0,0.0
45.9047,0.9999999683715015,0.00024399999228264638,-6.0999998070661535e-05,0.0,0.0,0.0,9.805,0.0,0.0,1.0,0.0,0.0,0.0,0.0,0.0,0.0,0.0,0.0
45.9248,0.9999999683715015,0.00024399999228264638,-6.0999998070661535e-05,0.0,0.0,0.0,9.8169,0.0,0.0,1.0,0.0,0.0,0.0,0.0,0.0,0.0,0.0,0.0
45.9449,0.9999999665110018,0.00024399999182868446,-6.099999795717106e-05,6.099999795711186e-05,0.0,0.0,9.8088,0.0,0.0,1.0,0.0,0.0,0.0,0.0,0.0,0.0,0.0,0.0
45.9649,0.9999999609295023,0.00024399999046679856,-0.00012199999523339925,6.099999761677298e-05,0.0,0.0,9.8125,0.0,0.0,1.0,0.0,0.0,0.0,0.0,0.0,0.0,0.0,0.0
45.985,0.9999999627900021,0.00024399999092076055,-0.00012199999546038023,0.0,0.0,0.0,9.8126,0.0,0.0,1.0,0.0,0.0,0.0,0.0,0.0,0.0,0.0,0.0
46.0051,0.9999999627900021,0.00024399999092076055,-0.00012199999546038023,0.0,0.0,0.0,9.8165,0.0,0.0,1.0,0.0,0.0,0.0,0.0,0.0,0.0,0.0,0.0
46.0251,0.9999999627900021,0.00024399999092076055,-0.00012199999546038023,0.0,0.0,0.0,9.8165,0.0,0.0,1.0,0.0,0.0,0.0,0.0,0.0,0.0,0.0,0.0
46.0452,0.9999999813950006,0.00018299999659528512,-6.0999998865095e-05,0.0,0.0,0.0,9.8407,0.0,0.0,1.0,0.0,0.0,0.0,0.0,0.0,0.0,0.0,0.0
46.0653,0.999999996279,6.0999999773018994e-05,6.099999977301902e-05,0.0,0.0,0.0,9.8134,0.0,0.0,1.0,0.0,0.0,0.0,0.0,0.0,0.0,0.0,0.0
46.0853,0.9999999906975001,0.000121999998865095,6.099999943254752e-05,0.0,0.0,0.0,9.8518,0.0,0.0,1.0,0.0,0.0,0.0,0.0,0.0,0.0,0.0,0.0
46.1054,0.999999996279,6.0999999773018994e-05,6.099999977301902e-05,0.0,0.0,0.0,9.8051,0.0,0.0,1.0,0.0,0.0,0.0,0.0,0.0,0.0,0.0,0.0
46.1255,0.999999996279,6.0999999773018994e-05,6.099999977301902e-05,0.0,0.0,0.0,9.8165,0.0,0.0,1.0,0.0,0.0,0.0,0.0,0.0,0.0,0.0,0.0
46.1455,0.9999999925580001,0.00012199999909207602,2.0328790734103208e-20,0.0,0.0,0.0,9.8164,0.0,0.0,1.0,0.0,0.0,0.0,0.0,0.0,0.0,0.0,0.0
46.1656,0.9999999906975001,0.000121999998865095,6.099999943254752e-05,0.0,0.0,0.0,9.891,0.0,0.0,1.0,0.0,0.0,0.0,0.0,0.0,0.0,0.0,0.0
46.1857,0.999999975813501,0.00012199999704924709,0.00018299999557387073,0.0,0.0,0.0,9.6181,0.0,0.0,1.0,0.0,0.0,0.0,0.0,0.0,0.0,0.0,0.0
46.2057,0.9999999851160004,0.00012199999818415202,0.00012199999818415206,0.0,0.0,0.0,9.844,0.0,0.0,1.0,0.0,0.0,0.0,0.0,0.0,0.0,0.0,0.0
46.2258,0.9999999813950006,6.0999998865095e-05,0.00018299999659528512,0.0,0.0,0.0,9.8555,0.0,0.0,1.0,0.0,0.0,0.0,0.0,0.0,0.0,0.0,0.0
46.2459,0.9999999330220067,-8.131516293641284e-20,0.0003659999754860546,0.0,0.0,0.0,9.7473,0.0,0.0,1.0,0.0,0.0,0.0,0.0,0.0,0.0,0.0,0.0
46.2659,0.9999998139500519,-0.0003659999319057191,0.00048799990920762523,0.0,0.0,0.0,9.8088,0.0,0.0,1.0,0.0,0.0,0.0,0.0,0.0,0.0,0.0,0.0
46.286,0.9999998139500519,-0.0003659999319057191,0.00048799990920762523,0.0,0.0,0.0,9.8088,0.0,0.0,1.0,0.0,0.0,0.0,0.0,0.0,0.0,0.0,0.0
46.3061,0.999999160945056,-0.0009159992314256716,0.0009159992314256713,0.0,0.0,0.0,9.8408,0.0,0.0,1.0,0.0,0.0,0.0,0.0,0.0,0.0,0.0,0.0
46.3262,0.9999989765730711,-0.0009159990625409333,0.0010989988752538053,0.0,0.0,0.0,9.7775,0.0,0.0,1.0,0.0,0.0,0.0,0.0,0.0,0.0,0.0,0.0
46.3462,0.9999989076737898,-0.0009159989994291915,0.001159998732901596,0.0,0.0,0.0,9.7704,0.0,0.0,1.0,0.0,0.0,0.0,0.0,0.0,0.0,0.0,0.0
46.3663,0.9999988350535357,-0.0009159989329090391,0.0012209985776003673,0.0,0.0,0.0,9.7599,0.0,0.0,1.0,0.0,0.0,0.0,0.0,0.0,0.0,0.0,0.0
46.3864,0.9999991933669761,-0.0007319994095446267,0.0010379991627149211,0.0,0.0,0.0,9.8643,0.0,0.0,1.0,0.0,0.0,0.0,0.0,0.0,0.0,0.0,0.0
46.4064,0.9999993674306003,-0.0007319995369591996,0.0008539994597857326,0.0,0.0,0.0,9.7658,0.0,0.0,1.0,0.0,0.0,0.0,0.0,0.0,0.0,0.0,0.0
46.4265,0.9999995069678647,-0.0006709996691754375,0.000731999639100477,0.0,0.0,0.0,9.8127,0.0,0.0,1.0,0.0,0.0,0.0,0.0,0.0,0.0,0.0,0.0
46.4466,0.9999996279002077,-0.0006099997730191269,0.0006099997730191267,0.0,0.0,0.0,9.8516,0.0,0.0,1.0,0.0,0.0,0.0,0.0,0.0,0.0,0.0,0.0
46.4666,0.9999995460383092,-0.0007319996677000426,0.0006099997230833685,0.0,0.0,0.0,9.7197,0.0,0.0,1.0,0.0,0.0,0.0,0.0,0.0,0.0,0.0,0.0
46.4867,0.9999996390631954,-0.0007319997357942593,0.00042699984587998445,-6.09999779829229e-05,0.0,0.0,9.8213,0.0,0.0,1.0,0.0,0.0,0.0,0.0,0.0,0.0,0.0,0.0
46.5068,0.9999996762731572,-0.0007929997432846137,0.00012199996050532509,-6.099998025260733e-05,0.0,0.0,9.6757,0.0,0.0,1.0,0.0,0.0,0.0,0.0,0.0,0.0,0.0,0.0
46.5269,0.9999997562745891,-0.0006709998364602495,-0.00018299995539824992,-6.099998513281469e-05,0.0,0.0,9.8688,0.0,0.0,1.0,0.0,0.0,0.0,0.0,0.0,0.0,0.0,0.0
46.5469,0.9999998027870584,-0.0005489998917300951,-0.00030499993985005295,0.0,0.0,0.0,9.8126,0.0,0.0,1.0,0.0,0.0,0.0,0.0,0.0,0.0,0.0,0.0
46.567,0.9999994297719877,-0.0009159994776711407,-0.0005489996869448213,0.0,0.0,0.0,10.0666,0.0,0.0,1.0,0.0,0.0,0.0,0.0,0.0,0.0,0.0,0.0
46.5871,0.9999980883864815,-0.0015259970828777705,-0.0012209976659198942,-6.099988339153262e-05,0.0,0.0,9.9033,0.0,0.0,1.0,0.0,0.0,0.0,0.0,0.0,0.0,0.0,0.0
46.6071,0.9999941096455449,-0.002685984178507933,-0.0021359874182028844,-6.099964068839725e-05,0.0,0.0,9.8018,0.0,0.0,1.0,0.0,0.0,0.0,0.0,0.0,0.0,0.0,0.0
46.6272,0.9999877125959742,-0.003905952005399875,-0.003051962498842914,-6.099925046837429e-05,0.0,0.0,9.8025,0.0,0.0,1.0,0.0,0.0,0.0,0.0,0.0,0.0,0.0,0.0
46.6473,0.9999789871928257,-0.005126892267337616,-0.0039669166421939395,-6.0998718218796544e-05,0.0,0.0,9.752,0.0,0.0,1.0,0.0,0.0,0.0,0.0,0.0,0.0,0.0,0.0
46.6673,0.9999659166278365,-0.006470174161205934,-0.005127138009969526,-0.00012200328402894867,0.0,0.0,9.6373,0.0,0.0,1.0,0.0,0.0,0.0,0.0,0.0,0.0,0.0,0.0
46.6874,0.9999601680458627,-0.006836144713589046,-0.005737121448487473,-0.0001220025826592086,0.0,0.0,9.6027,0.0,0.0,1.0,0.0,0.0,0.0,0.0,0.0,0.0,0.0,0.0
46.7075,0.9999606427798903,-0.006714145318488611,-0.005798125492492846,-0.00012200264058026546,0.0,0.0,9.8384,0.0,0.0,1.0,0.0,0.0,0.0,0.0,0.0,0.0,0.0,0.0
46.7275,0.9999640774465834,-0.006348159201342193,-0.005615140818452493,-0.00012200305963511182,0.0,0.0,10.0084,0.0,0.0,1.0,0.0,0.0,0.0,0.0,0.0,0.0,0.0,0.0
46.7476,0.9999640290118976,-0.006409160420722915,-0.0055541390196122776,-0.00012200305372572773,0.0,0.0,9.9618,0.0,0.0,1.0,0.0,0.0,0.0,0.0,0.0,0.0,0.0,0.0
46.7677,0.999958682573451,-0.006897135758990389,-0.005920116527943034,-0.00012200240142046237,0.0,0.0,9.8443,0.0,0.0,1.0,0.0,0.0,0.0,0.0,0.0,0.0,0.0,0.0
46.7878,0.9999498845207321,-0.00769008370707056,-0.006409069763148925,-0.00012200132799250475,0.0,0.0,9.7131,0.0,0.0,1.0,0.0,0.0,0.0,0.0,0.0,0.0,0.0,0.0
46.8078,0.9999423858391492,-0.008423028520662915,-0.006653022527362031,-0.00012200041309756715,0.0,0.0,9.6027,0.0,0.0,1.0,0.0,0.0,0.0,0.0,0.0,0.0,0.0,0.0
46.8279,0.9999411051507263,-0.008667018246454376,-0.006531013749578119,-0.00012200025684405702,0.0,0.0,9.6708,0.0,0.0,1.0,0.0,0.0,0.0,0.0,0.0,0.0,0.0,0.0
46.848,0.9999477941765417,-0.00824007246843528,-0.006042053137656064,-6.100053647750681e-05,0.0,0.0,9.6757,0.0,0.0,1.0,0.0,0.0,0.0,0.0,0.0,0.0,0.0,0.0
46.868,0.999958533550775,-0.007263141880834009,-0.005493107304339973,-6.100119161933647e-05,0.0,0.0,9.7249,0.0,0.0,1.0,0.0,0.0,0.0,0.0,0.0,0.0,0.0,0.0
46.8881,0.9999702356954235,-0.006164816503062285,-0.00463886192339107,-6.099818437743654e-05,0.0,0.0,9.6653,0.0,0.0,1.0,0.0,0.0,0.0,0.0,0.0,0.0,0.0,0.0
46.9082,0.9999828144185265,-0.004577921324408013,-0.003661937066400645,-6.0998951679547275e-05,0.0,0.0,9.7662,0.0,0.0,1.0,0.0,0.0,0.0,0.0,0.0,0.0,0.0,0.0
46.9282,0.9999924373322919,-0.002868978302706345,-0.002624980147997267,-6.099953867733099e-05,0.0,0.0,10.0384,0.0,0.0,1.0,0.0,0.0,0.0,0.0,0.0,0.0,0.0,0.0
46.9483,0.999996414773781,-0.0018309934354507923,-0.0019529929980531947,-6.099978130114092e-05,0.0,0.0,10.2074,0.0,0.0,1.0,0.0,0.0,0.0,0.0,0.0,0.0,0.0,0.0
46.9684,0.9999958098133367,-0.0019529918165654464,-0.002135991049761288,-6.0999744398659857e-05,0.0,0.0,9.8696,0.0,0.0,1.0,0.0,0.0,0.0,0.0,0.0,0.0,0.0,0.0
46.9884,0.9999926104769084,-0.002807979250219158,-0.002624980602501885,-6.099954923916018e-05,0.0,0.0,9.756,0.0,0.0,1.0,0.0,0.0,0.0,0.0,0.0,0.0,0.0,0.0
47.0085,0.9999878614305209,-0.003661955548558567,-0.003295959991274997,-6.099925954722307e-05,0.0,0.0,9.6481,0.0,0.0,1.0,0.0,0.0,0.0,0.0,0.0,0.0,0.0,0.0
47.0286,0.9999837346818494,-0.004210931506745267,-0.003844937459851711,-0.00012199801563117504,0.0,0.0,9.6756,0.0,0.0,1.0,0.0,0.0,0.0,0.0,0.0,0.0,0.0,0.0
47.0486,0.9999817051315656,-0.004455918478066256,-0.004088925192282973,-0.000121997768026072,0.0,0.0,9.7241,0.0,0.0,1.0,0.0,0.0,0.0,0.0,0.0,0.0,0.0,0.0
47.0687,0.999980925198786,-0.004516913839122917,-0.0042109196760120905,-0.00012199767287424114,0.0,0.0,9.6399,0.0,0.0,1.0,0.0,0.0,0.0,0.0,0.0,0.0,0.0,0.0
47.0888,0.9999809308409633,-0.00445591502782733,-0.0042719185365525944,-0.0001829965103438136,0.0,0.0,9.7141,0.0,0.0,1.0,0.0,0.0,0.0,0.0,0.0,0.0,0.0,0.0
47.1089,0.9999837588671702,-0.004027934580716963,-0.004027934580716964,-0.00018299702787277774,0.0,0.0,9.6915,0.0,0.0,1.0,0.0,0.0,0.0,0.0,0.0,0.0,0.0,0.0
47.1289,0.9999886991140678,-0.0032349634416340084,-0.0034789606842178422,-0.00018299793193793376,0.0,0.0,9.767,0.0,0.0,1.0,0.0,0.0,0.0,0.0,0.0,0.0,0.0,0.0
47.149,0.9999936703315976,-0.002257985707608747,-0.002746982612400899,-0.00012199922778044493,0.0,0.0,9.8907,0.0,0.0,1.0,0.0,0.0,0.0,0.0,0.0,0.0,0.0,0.0
47.1691,0.9999970998581164,-0.0014039959282007954,-0.0019529943360229013,-0.00012199964618270222,0.0,0.0,10.2388,0.0,0.0,1.0,0.0,0.0,0.0,0.0,0.0,0.0,0.0,0.0
47.1891,0.9999977327892104,-0.0013429969551359093,-0.0016479962636366194,-0.00012199972340026788,0.0,0.0,9.8089,0.0,0.0,1.0,0.0,0.0,0.0,0.0,0.0,0.0,0.0,0.0
47.2092,0.9999966400139344,-0.0018309938478655134,-0.001830993847865514,-0.00012199959008168948,0.0,0.0,9.7639,0.0,0.0,1.0,0.0,0.0,0.0,0.0,0.0,0.0,0.0,0.0
47.2293,0.9999962882001663,-0.0020139925244351342,-0.0018309932036945046,-0.00012199954716030079,0.0,0.0,9.8087,0.0,0.0,1.0,0.0,0.0,0.0,0.0,0.0,0.0,0.0,0.0
47.2493,0.9999964036109013,-0.0020139927568723548,-0.0017699936343912952,-6.099978062018563e-05,0.0,0.0,9.8253,0.0,0.0,1.0,0.0,0.0,0.0,0.0,0.0,0.0,0.0,0.0
47.2694,0.9999964036109013,-0.0020139927568723548,-0.0017699936343912952,-6.099978062018563e-05,0.0,0.0,9.8253,0.0,0.0,1.0,0.0,0.0,0.0,0.0,0.0,0.0,0.0,0.0
47.2895,0.9999960183087809,-0.0021969912522243917,-0.0017699929524065431,-6.099975711687522e-05,0.0,0.0,9.7985,0.0,0.0,1.0,0.0,0.0,0.0,0.0,0.0,0.0,0.0,0.0
47.3095,0.9999923616345179,-0.0030519766877085486,-0.002440981354749859,-6.0999534059691385e-05,0.0,0.0,10.0821,0.0,0.0,1.0,0.0,0.0,0.0,0.0,0.0,0.0,0.0,0.0
47.3296,0.9999877609671945,-0.0038449529409188637,-0.003112961899890878,-6.099925341895851e-05,0.0,0.0,9.7564,0.0,0.0,1.0,0.0,0.0,0.0,0.0,0.0,0.0,0.0,0.0
47.3497,0.9999877609671945,-0.0038449529409188637,-0.003112961899890878,-6.099925341895851e-05,0.0,0.0,9.7564,0.0,0.0,1.0,0.0,0.0,0.0,0.0,0.0,0.0,0.0,0.0
47.3697,0.9999725572207006,-0.005675844234784695,-0.004760869344927756,-6.0998325990491153e-05,0.0,0.0,9.7178,0.0,0.0,1.0,0.0,0.0,0.0,0.0,0.0,0.0,0.0,0.0
47.3898,0.9999626215420396,-0.006775160045710105,-0.005371126879041916,-6.100144100190663e-05,0.0,0.0,9.9301,0.0,0.0,1.0,0.0,0.0,0.0,0.0,0.0,0.0,0.0,0.0
47.4099,0.9999503664334197,-0.007874089504756536,-0.006104069384942075,-6.100069339470826e-05,0.0,0.0,10.1452,0.0,0.0,1.0,0.0,0.0,0.0,0.0,0.0,0.0,0.0,0.0
47.4299,0.9999245736292868,-0.00994885646328203,-0.007201896094939914,0.0,0.0,0.0,10.048,0.0,0.0,1.0,0.0,0.0,0.0,0.0,0.0,0.0,0.0,0.0
47.45,0.9998789820056276,-0.012878012647811505,-0.008728008571990905,0.0,0.0,0.0,9.9972,0.0,0.0,1.0,0.0,0.0,0.0,0.0,0.0,0.0,0.0,0.0
47.4701,0.9998097404583205,-0.01647888034811637,-0.010436924218295443,0.0,0.0,0.0,9.5939,0.0,0.0,1.0,0.0,0.0,0.0,0.0,0.0,0.0,0.0,0.0
47.4902,0.9997319270319517,-0.019896520903255138,-0.011840714882416652,0.0,0.0,0.0,9.4728,0.0,0.0,1.0,0.0,0.0,0.0,0.0,0.0,0.0,0.0,0.0
47.5102,0.9996675261000514,-0.0223383860733014,-0.012877646083171827,0.0,0.0,0.0,9.6692,0.0,0.0,1.0,0.0,0.0,0.0,0.0,0.0,0.0,0.0,0.0
47.5303,0.9996219096801051,-0.023925710621093506,-0.01354983611618395,0.0,0.0,0.0,9.6323,0.0,0.0,1.0,0.0,0.0,0.0,0.0,0.0,0.0,0.0,0.0
47.5504,0.999593865261306,-0.024902519808695355,-0.01385528921168879,0.0,0.0,0.0,9.5904,0.0,0.0,1.0,0.0,0.0,0.0,0.0,0.0,0.0,0.0,0.0
47.5704,0.9995824162876392,-0.02539123919109404,-0.013794129943757682,0.0,0.0,0.0,9.694,0.0,0.0,1.0,0.0,0.0,0.0,0.0,0.0,0.0,0.0,0.0
47.5905,0.9995856355749919,-0.02533032019583817,-0.013672172827378586,6.100077109938429e-05,0.0,0.0,9.5134,0.0,0.0,1.0,0.0,0.0,0.0,0.0,0.0,0.0,0.0,0.0
47.6105,0.9996057804755597,-0.024657303908196756,-0.013427620929486015,0.0,0.0,0.0,9.8664,0.0,0.0,1.0,0.0,0.0,0.0,0.0,0.0,0.0,0.0,0.0
47.6306,0.9996057804755597,-0.024657303908196756,-0.013427620929486015,0.0,0.0,0.0,9.8664,0.0,0.0,1.0,0.0,0.0,0.0,0.0,0.0,0.0,0.0,0.0
47.6507,0.9996711955560936,-0.022582462260232635,-0.01214571078301314,0.000121997094971682,0.0,0.0,9.7774,0.0,0.0,1.0,0.0,0.0,0.0,0.0,0.0,0.0,0.0,0.0
47.6708,0.9997156542712966,-0.020935432529090966,-0.011414235819777614,0.00018300378088481617,0.0,0.0,9.9452,0.0,0.0,1.0,0.0,0.0,0.0,0.0,0.0,0.0,0.0,0.0
47.6908,0.9997490187844749,-0.019591863190643946,-0.010863924137564103,0.00018299872212573787,0.0,0.0,9.9972,0.0,0.0,1.0,0.0,0.0,0.0,0.0,0.0,0.0,0.0,0.0
47.7109,0.999766342059935,-0.01886019509885449,-0.010559109228462602,0.00024400252407857925,0.0,0.0,10.0046,0.0,0.0,1.0,0.0,0.0,0.0,0.0,0.0,0.0,0.0,0.0
47.731,0.9997668445932648,-0.018799203917264598,-0.010620115197688709,0.0002440026467265266,0.0,0.0,9.7469,0.0,0.0,1.0,0.0,0.0,0.0,0.0,0.0,0.0,0.0,0.0
47.751,0.9997606041771196,-0.018921087136896685,-0.010986050593834732,0.00018300084277006468,0.0,0.0,9.6675,0.0,0.0,1.0,0.0,0.0,0.0,0.0,0.0,0.0,0.0,0.0
47.7711,0.99976430985703,-0.01861615473405358,-0.011169092835445022,0.00012200101404996612,0.0,0.0,9.8259,0.0,0.0,1.0,0.0,0.0,0.0,0.0,0.0,0.0,0.0,0.0
47.7912,0.9997721842806515,-0.018188294431537785,-0.011169180806347347,0.00012200197496414766,0.0,0.0,9.9664,0.0,0.0,1.0,0.0,0.0,0.0,0.0,0.0,0.0,0.0,0.0
47.8112,0.9997696738513591,-0.018250249608691822,-0.011292154442813597,0.00012200166861697778,0.0,0.0,10.0156,0.0,0.0,1.0,0.0,0.0,0.0,0.0,0.0,0.0,0.0,0.0
47.8313,0.9997546113847986,-0.019164973380694554,-0.011107984571497791,0.00018299974582147716,0.0,0.0,9.877,0.0,0.0,1.0,0.0,0.0,0.0,0.0,0.0,0.0,0.0,0.0
47.8514,0.9997376091970438,-0.02032462611570214,-0.010558805764118032,0.00036599326732333903,0.0,0.0,9.5084,0.0,0.0,1.0,0.0,0.0,0.0,0.0,0.0,0.0,0.0,0.0
47.8714,0.9997299772659021,-0.02093445508110145,-0.010070737861083008,0.0005489857100323127,0.0,0.0,9.4669,0.0,0.0,1.0,0.0,0.0,0.0,0.0,0.0,0.0,0.0,0.0
47.8915,0.9997445643047521,-0.020568764721776562,-0.00933789318741551,0.000731991627028139,0.0,0.0,9.7353,0.0,0.0,1.0,0.0,0.0,0.0,0.0,0.0,0.0,0.0,0.0
47.9116,0.999774475056215,-0.019470359797135003,-0.008423155653377925,0.0009770180545351503,0.0,0.0,9.6189,0.0,0.0,1.0,0.0,0.0,0.0,0.0,0.0,0.0,0.0,0.0
47.9316,0.9998065543031435,-0.01806581125349998,-0.007689919657888569,0.001159987880773872,0.0,0.0,10.0261,0.0,0.0,1.0,0.0,0.0,0.0,0.0,0.0,0.0,0.0,0.0
47.9517,0.9998361107106155,-0.016479314983042132,-0.007385141158429895,0.00128202450441528,0.0,0.0,9.9732,0.0,0.0,1.0,0.0,0.0,0.0,0.0,0.0,0.0,0.0,0.0
47.9718,0.9998540198817386,-0.015563626727900183,-0.006896834588944207,0.0014649648648402127,0.0,0.0,9.7483,0.0,0.0,1.0,0.0,0.0,0.0,0.0,0.0,0.0,0.0,0.0
47.9919,0.9998691056164427,-0.014770868605030288,-0.006408942988940435,0.001586985882891079,0.0,0.0,9.6969,0.0,0.0,1.0,0.0,0.0,0.0,0.0,0.0,0.0,0.0,0.0
48.0119,0.9998943440820613,-0.013306217500891015,-0.00561509178321833,0.0016480269383337687,0.0,0.0,9.3116,0.0,0.0,1.0,0.0,0.0,0.0,0.0,0.0,0.0,0.0,0.0
48.032,0.9999350499753732,-0.010436958771078005,-0.004271983124465388,0.0016479934899623068,0.0,0.0,9.2228,0.0,0.0,1.0,0.0,0.0,0.0,0.0,0.0,0.0,0.0,0.0
48.0521,0.9999830580410547,-0.005248911071657495,-0.00195296691235418,0.0015869731131111786,0.0,0.0,11.8922,0.0,0.0,1.0,0.0,0.0,0.0,0.0,0.0,0.0,0.0,0.0
48.0721,0.9999976092645735,-0.0009159978100863496,0.0014039966434074612,0.0014039966434074569,0.0,0.0,9.0249,0.0,0.0,1.0,0.0,0.0,0.0,0.0,0.0,0.0,0.0,0.0
48.0922,0.9999962054845977,-0.0019529925893114195,0.0013429949039658147,0.001403994672500464,0.0,0.0,9.35,0.0,0.0,1.0,0.0,0.0,0.0,0.0,0.0,0.0,0.0,0.0
48.1123,0.9999956341350914,-0.0023189898755592775,0.0010989952019144651,0.001464993604007925,0.0,0.0,9.8347,0.0,0.0,1.0,0.0,0.0,0.0,0.0,0.0,0.0,0.0,0.0
48.1323,0.9999951241211615,-0.002501987800551146,0.0011599943439805466,0.0014649928568374881,0.0,0.0,9.8291,0.0,0.0,1.0,0.0,0.0,0.0,0.0,0.0,0.0,0.0,0.0
48.1524,0.9999941786048334,-0.002929982943312162,0.0008539950285285272,0.0015259911165508844,0.0,0.0,9.6422,0.0,0.0,1.0,0.0,0.0,0.0,0.0,0.0,0.0,0.0,0.0
48.1725,0.9999946010532234,-0.002868984510421698,0.00048799736531397227,0.0015259917612071574,0.0,0.0,9.6594,0.0,0.0,1.0,0.0,0.0,0.0,0.0,0.0,0.0,0.0,0.0
48.1925,0.9999939884712082,-0.0031129812861108714,-6.099963329674443e-05,0.0015259908264070867,0.0,0.0,9.8451,0.0,0.0,1.0,0.0,0.0,0.0,0.0,0.0,0.0,0.0,0.0
48.2126,0.9999929200161901,-0.00335697623249435,-0.0006099956812098764,0.0015869887640656555,0.0,0.0,10.0556,0.0,0.0,1.0,0.0,0.0,0.0,0.0,0.0,0.0,0.0,0.0
48.2327,0.9999912642404716,-0.0036619680096486073,-0.0011599898665189477,0.0016479856034682938,0.0,0.0,9.7339,0.0,0.0,1.0,0.0,0.0,0.0,0.0,0.0,0.0,0.0,0.0
48.2527,0.9999888703668058,-0.004149953812022243,-0.0015869823372721213,0.0015869823372721688,0.0,0.0,9.6819,0.0,0.0,1.0,0.0,0.0,0.0,0.0,0.0,0.0,0.0,0.0
48.2728,0.9999873526469374,-0.004455943643394753,-0.0017089783856736164,0.0015869799286507558,0.0,0.0,9.7632,0.0,0.0,1.0,0.0,0.0,0.0,0.0,0.0,0.0,0.0,0.0
48.2929,0.9999869989215465,-0.0045779404810628406,-0.0015259801603542812,0.0016479785742227195,0.0,0.0,9.6366,0.0,0.0,1.0,0.0,0.0,0.0,0.0,0.0,0.0,0.0,0.0
48.3129,0.9999885819990593,-0.004332950525801923,-0.0011599867551189095,0.0016479811831343616,0.0,0.0,9.5462,0.0,0.0,1.0,0.0,0.0,0.0,0.0,0.0,0.0,0.0,0.0
48.333,0.99999311914652,-0.00329597732070693,-0.0004269970618755645,0.0016479886603534832,0.0,0.0,10.1288,0.0,0.0,1.0,0.0,0.0,0.0,0.0,0.0,0.0,0.0,0.0
48.3531,0.9999951260111339,-0.0026859869084659054,0.00012199940537335773,0.001586992264979603,0.0,0.0,9.9118,0.0,0.0,1.0,0.0,0.0,0.0,0.0,0.0,0.0,0.0,0.0
48.3731,0.9999955344629117,-0.0025629885548284427,0.00018299918280671254,0.0015259931855903237,0.0,0.0,9.9821,0.0,0.0,1.0,0.0,0.0,0.0,0.0,0.0,0.0,0.0,0.0
48.3932,0.9999958490053462,-0.00244098986742205,0.00012199949357865169,0.0015259936655822588,0.0,0.0,9.7749,0.0,0.0,1.0,0.0,0.0,0.0,0.0,0.0,0.0,0.0,0.0
48.4133,0.999995504695312,-0.0025629884785340843,-0.0003049986289320706,0.0015259931401650495,0.0,0.0,9.7776,0.0,0.0,1.0,0.0,0.0,0.0,0.0,0.0,0.0,0.0,0.0
48.4333,0.9999951883537281,-0.0025629876677506058,-0.0007319964778749295,0.001586992363917461,0.0,0.0,9.8097,0.0,0.0,1.0,0.0,0.0,0.0,0.0,0.0,0.0,0.0,0.0
48.4534,0.9999943350061387,-0.0028079840926972374,-0.000853995162095243,0.0016479906640901598,0.0,0.0,9.8022,0.0,0.0,1.0,0.0,0.0,0.0,0.0,0.0,0.0,0.0,0.0
48.4735,0.9999943303697174,-0.0027469844255256135,-0.001037994114923767,0.001647990656449272,0.0,0.0,9.7912,0.0,0.0,1.0,0.0,0.0,0.0,0.0,0.0,0.0,0.0,0.0
48.4935,0.99999468840482,-0.002440987034396165,-0.0014649922185130616,0.0015869915704983528,0.0,0.0,9.7173,0.0,0.0,1.0,0.0,0.0,0.0,0.0,0.0,0.0,0.0,0.0
48.5136,0.9999954756897043,-0.001952991164021992,-0.0016479925439366325,0.00158699281991953,0.0,0.0,9.9128,0.0,0.0,1.0,0.0,0.0,0.0,0.0,0.0,0.0,0.0,0.0
48.5337,0.9999952225432364,-0.0017089918353263907,-0.002074990086777216,0.0015259927096009098,0.0,0.0,9.7787,0.0,0.0,1.0,0.0,0.0,0.0,0.0,0.0,0.0,0.0,0.0
48.5538,0.9999938990783324,-0.002074987340587539,-0.0023189858519626527,0.0015869903178373224,0.0,0.0,10.1256,0.0,0.0,1.0,0.0,0.0,0.0,0.0,0.0,0.0,0.0,0.0
48.5738,0.9999907777770757,-0.0028079741039980285,-0.0028689735414424307,0.0015259859268879075,0.0,0.0,9.3899,0.0,0.0,1.0,0.0,0.0,0.0,0.0,0.0,0.0,0.0,0.0
48.5939,0.9999870769080138,-0.003234958193797424,-0.003661952675637147,0.0014039818559788977,0.0,0.0,9.8248,0.0,0.0,1.0,0.0,0.0,0.0,0.0,0.0,0.0,0.0,0.0
48.614,0.9999856007380141,-0.003600948148257588,-0.003722946391547627,0.0014039797834362044,0.0,0.0,9.5975,0.0,0.0,1.0,0.0,0.0,0.0,0.0,0.0,0.0,0.0,0.0
48.6341,0.9999866971369541,-0.003539952907864816,-0.0034789537193394638,0.0014039813227803566,0.0,0.0,9.7625,0.0,0.0,1.0,0.0,0.0,0.0,0.0,0.0,0.0,0.0,0.0
48.6542,0.9999884618621961,-0.003234962674124203,-0.0032349626741242045,0.0014649830966280697,0.0,0.0,9.7658,0.0,0.0,1.0,0.0,0.0,0.0,0.0,0.0,0.0,0.0,0.0
48.6743,0.999990518991836,-0.0028689727989875775,-0.0029299722206460794,0.00146498611032303,0.0,0.0,9.8165,0.0,0.0,1.0,0.0,0.0,0.0,0.0,0.0,0.0,0.0,0.0
48.697,0.9999921227025788,-0.0025629798104867094,-0.002685978841579128,0.0014039889402743813,0.0,0.0,9.9193,0.0,0.0,1.0,0.0,0.0,0.0,0.0,0.0,0.0,0.0,0.0
48.7171,0.9999916341944812,-0.0026859775294463765,-0.00274697701913224,0.001403988254409183,0.0,0.0,9.8867,0.0,0.0,1.0,0.0,0.0,0.0,0.0,0.0,0.0,0.0,0.0
48.7371,0.9999897799071776,-0.002990969431702368,-0.0031129681848510444,0.00134298627441537,0.0,0.0,9.6051,0.0,0.0,1.0,0.0,0.0,0.0,0.0,0.0,0.0,0.0,0.0
48.7572,0.9999892083856909,-0.0030519670639931286,-0.0032349650891277102,0.0013429855068620156,0.0,0.0,9.7178,0.0,0.0,1.0,0.0,0.0,0.0,0.0,0.0,0.0,0.0,0.0
48.7773,0.9999902043934328,-0.0027469730914687594,-0.003173968908744756,0.0014039862469683584,0.0,0.0,9.9987,0.0,0.0,1.0,0.0,0.0,0.0,0.0,0.0,0.0,0.0,0.0
48.7973,0.9999887001810318,-0.0029909662022414665,-0.0034179613772187677,0.001403984135054104,0.0,0.0,9.9821,0.0,0.0,1.0,0.0,0.0,0.0,0.0,0.0,0.0,0.0,0.0
48.8174,0.9999812786757452,-0.004149922306504341,-0.004271920022502784,0.0014039737152608533,0.0,0.0,9.8052,0.0,0.0,1.0,0.0,0.0,0.0,0.0,0.0,0.0,0.0,0.0
48.8375,0.9999685020549297,-0.0055541638644088075,-0.005493162064673675,0.0014040414234118836,0.0,0.0,9.8872,0.0,0.0,1.0,0.0,0.0,0.0,0.0,0.0,0.0,0.0,0.0
48.8576,0.9999497419673035,-0.007080076057768031,-0.006958074747168075,0.0014040150826420963,0.0,0.0,9.56,0.0,0.0,1.0,0.0,0.0,0.0,0.0,0.0,0.0,0.0,0.0
48.8776,0.9999341665119093,-0.008178960464489241,-0.00793496164393228,0.0013429935082294733,0.0,0.0,9.5649,0.0,0.0,1.0,0.0,0.0,0.0,0.0,0.0,0.0,0.0,0.0
48.8977,0.9999282153968863,-0.00854490783994463,-0.00830091047154832,0.0012819861732953908,0.0,0.0,9.7141,0.0,0.0,1.0,0.0,0.0,0.0,0.0,0.0,0.0,0.0,0.0
48.9178,0.9999312756172272,-0.008178936818419226,-0.00830093587598704,0.0012819900967371847,0.0,0.0,9.7239,0.0,0.0,1.0,0.0,0.0,0.0,0.0,0.0,0.0,0.0,0.0
48.9379,0.9999376180196712,-0.007628989456228902,-0.00805698886470524,0.0012819982281932487,0.0,0.0,9.4867,0.0,0.0,1.0,0.0,0.0,0.0,0.0,0.0,0.0,0.0,0.0
48.9579,0.9999574694060258,-0.006165113870834269,-0.006714124011156739,0.0014040259326280613,0.0,0.0,9.7552,0.0,0.0,1.0,0.0,0.0,0.0,0.0,0.0,0.0,0.0,0.0
48.978,0.999978554546881,-0.004088912309542195,-0.0048828952818524216,0.001525967274238649,0.0,0.0,9.9345,0.0,0.0,1.0,0.0,0.0,0.0,0.0,0.0,0.0,0.0,0.0
48.9981,0.9999912474964109,-0.0022579802368468955,-0.003112972753456328,0.0016479855758740893,0.0,0.0,11.3763,0.0,0.0,1.0,0.0,0.0,0.0,0.0,0.0,0.0,0.0,0.0
49.0182,0.9999936794214251,-0.0021969861136888714,-0.0022579857281335787,0.0016479895836865046,0.0,0.0,9.509,0.0,0.0,1.0,0.0,0.0,0.0,0.0,0.0,0.0,0.0,0.0
49.0383,0.9999938730318101,-0.0024409850440706483,-0.0018919884077761853,0.0016479899027563305,0.0,0.0,10.0284,0.0,0.0,1.0,0.0,0.0,0.0,0.0,0.0,0.0,0.0,0.0
49.0583,0.9999938972788653,-0.002562984358725732,-0.0017089895704495814,0.0016479899427155888,0.0,0.0,9.7516,0.0,0.0,1.0,0.0,0.0,0.0,0.0,0.0,0.0,0.0,0.0
49.0784,0.9999947367770526,-0.0023799874735293855,-0.0014649922893783826,0.0016479913262085757,0.0,0.0,9.8548,0.0,0.0,1.0,0.0,0.0,0.0,0.0,0.0,0.0,0.0,0.0
49.0985,0.9999949693969608,-0.002196988947765123,-0.0015869920164329771,0.001647991709566199,0.0,0.0,9.9301,0.0,0.0,1.0,0.0,0.0,0.0,0.0,0.0,0.0,0.0,0.0
49.1185,0.9999945524075148,-0.0021969880316393096,-0.0018309900254581599,0.0016479910223675676,0.0,0.0,9.6915,0.0,0.0,1.0,0.0,0.0,0.0,0.0,0.0,0.0,0.0,0.0
49.1386,0.9999947832278224,-0.002135988856974628,-0.0018309904480901427,0.0015869917209824225,0.0,0.0,9.8833,0.0,0.0,1.0,0.0,0.0,0.0,0.0,0.0,0.0,0.0,0.0
49.1587,0.9999955929606332,-0.0018309919307109188,-0.0017699921995403213,0.001525993274857973,0.0,0.0,9.8306,0.0,0.0,1.0,0.0,0.0,0.0,0.0,0.0,0.0,0.0,0.0
49.1788,0.9999959913466041,-0.0015869936382670608,-0.0018309926601556327,0.0014649941273228717,0.0,0.0,9.7467,0.0,0.0,1.0,0.0,0.0,0.0,0.0,0.0,0.0,0.0,0.0
49.1988,0.9999956618592294,-0.0016479928507440098,-0.0019529915276110755,0.00146499364462388,0.0,0.0,9.7776,0.0,0.0,1.0,0.0,0.0,0.0,0.0,0.0,0.0,0.0,0.0
49.2189,0.9999951089933832,-0.0018919907462154805,-0.002013990149512674,0.0014649928346752716,0.0,0.0,9.6829,0.0,0.0,1.0,0.0,0.0,0.0,0.0,0.0,0.0,0.0,0.0
49.239,0.9999954608059067,-0.0018919914118447748,-0.0018309916887356155,0.0014649933500806012,0.0,0.0,10.0661,0.0,0.0,1.0,0.0,0.0,0.0,0.0,0.0,0.0,0.0,0.0
49.259,0.9999955148206755,-0.0020749906932529018,-0.0015869928820204124,0.001464993429212358,0.0,0.0,9.7635,0.0,0.0,1.0,0.0,0.0,0.0,0.0,0.0,0.0,0.0,0.0
49.2791,0.9999950737054029,-0.002318988575922829,-0.001525992482474445,0.0014649927829784026,0.0,0.0,9.9043,0.0,0.0,1.0,0.0,0.0,0.0,0.0,0.0,0.0,0.0,0.0
49.2992,0.9999944781107373,-0.0025629858473978197,-0.0014649919104322304,0.0015259915735969523,0.0,0.0,9.7117,0.0,0.0,1.0,0.0,0.0,0.0,0.0,0.0,0.0,0.0,0.0
49.3192,0.9999944781107373,-0.0025629858473978197,-0.0014649919104322304,0.0015259915735969523,0.0,0.0,9.7117,0.0,0.0,1.0,0.0,0.0,0.0,0.0,0.0,0.0,0.0,0.0
49.3393,0.9999948951000903,-0.002501987227540425,-0.0013429931441194217,0.0014649925213215949,0.0,0.0,9.8526,0.0,0.0,1.0,0.0,0.0,0.0,0.0,0.0,0.0,0.0,0.0
49.3594,0.9999952729590176,-0.0023799887496424622,-0.0012819939399334609,0.0014649930748849571,0.0,0.0,9.8051,0.0,0.0,1.0,0.0,0.0,0.0,0.0,0.0,0.0,0.0,0.0
49.3795,0.9999951928976626,-0.0023799885590964375,-0.0013429935440615619,0.0014649929575950573,0.0,0.0,9.9124,0.0,0.0,1.0,0.0,0.0,0.0,0.0,0.0,0.0,0.0,0.0
49.3995,0.9999943340296552,-0.0026859847812036536,-0.0014039920449776364,0.0014649916993533796,0.0,0.0,9.8129,0.0,0.0,1.0,0.0,0.0,0.0,0.0,0.0,0.0,0.0,0.0
49.4196,0.9999921428016043,-0.00323497458196319,-0.0017089865720479429,0.0015259880099152134,0.0,0.0,10.0209,0.0,0.0,1.0,0.0,0.0,0.0,0.0,0.0,0.0,0.0,0.0
49.4397,0.9999891774611936,-0.003966957066988556,-0.0018919795237565791,0.0015259834848058154,0.0,0.0,9.6708,0.0,0.0,1.0,0.0,0.0,0.0,0.0,0.0,0.0,0.0,0.0
49.4597,0.9999875928254109,-0.00439494547046768,-0.0018309772824633278,0.0014649818234891976,0.0,0.0,9.8056,0.0,0.0,1.0,0.0,0.0,0.0,0.0,0.0,0.0,0.0,0.0
49.4798,0.9999878348034916,-0.004455945791884358,-0.0014649821779871158,0.001525981435910151,0.0,0.0,9.693,0.0,0.0,1.0,0.0,0.0,0.0,0.0,0.0,0.0,0.0,0.0
49.4999,0.9999878124783071,-0.004516944948964514,-0.0012819843755971908,0.0015259814018417919,0.0,0.0,9.7599,0.0,0.0,1.0,0.0,0.0,0.0,0.0,0.0,0.0,0.0,0.0
49.52,0.9999887252526828,-0.004271951834279461,-0.0014039841702547674,0.0015259827947355364,0.0,0.0,9.7619,0.0,0.0,1.0,0.0,0.0,0.0,0.0,0.0,0.0,0.0,0.0
49.5401,0.9999905494009724,-0.003844963662446739,-0.0014039867313589663,0.0014649861548723941,0.0,0.0,9.8182,0.0,0.0,1.0,0.0,0.0,0.0,0.0,0.0,0.0,0.0,0.0
49.5602,0.999992336533094,-0.003478973338798634,-0.0010379920453213523,0.001464988773020981,0.0,0.0,9.7384,0.0,0.0,1.0,0.0,0.0,0.0,0.0,0.0,0.0,0.0,0.0
49.5803,0.9999930756234212,-0.0032959771772547958,-0.0009159936572710545,0.0014649898557883014,0.0,0.0,9.7081,0.0,0.0,1.0,0.0,0.0,0.0,0.0,0.0,0.0,0.0,0.0
49.6004,0.9999950163042561,-0.0027469863097877908,-0.0006709966559401567,0.0014039930028912906,0.0,0.0,9.8921,0.0,0.0,1.0,0.0,0.0,0.0,0.0,0.0,0.0,0.0,0.0
49.6205,0.9999971204454379,-0.0019529943762299402,-0.0005489984191245457,0.001281996308410971,0.0,0.0,9.9577,0.0,0.0,1.0,0.0,0.0,0.0,0.0,0.0,0.0,0.0,0.0
49.6406,0.9999978651278366,-0.0015259967421850788,-0.0006709985675007788,0.0012209973933209886,0.0,0.0,9.7473,0.0,0.0,1.0,0.0,0.0,0.0,0.0,0.0,0.0,0.0,0.0
49.6606,0.9999976808785676,-0.001586996319554287,-0.0007929981609367042,0.001220997168352722,0.0,0.0,9.5591,0.0,0.0,1.0,0.0,0.0,0.0,0.0,0.0,0.0,0.0,0.0
49.6807,0.9999980383362723,-0.0013429973654856134,-0.0007929984444006641,0.0012209976048085935,0.0,0.0,9.9118,0.0,0.0,1.0,0.0,0.0,0.0,0.0,0.0,0.0,0.0,0.0
49.7008,0.9999981947393886,-0.0012209977957767933,-0.0007929985684283353,0.0012209977957767237,0.0,0.0,9.8213,0.0,0.0,1.0,0.0,0.0,0.0,0.0,0.0,0.0,0.0,0.0
49.721,0.9999981276397586,-0.0013429974854201956,-0.0006709987436462784,0.0012209977138481487,0.0,0.0,9.7735,0.0,0.0,1.0,0.0,0.0,0.0,0.0,0.0,0.0,0.0,0.0
49.7411,0.9999980232693613,-0.001525996983509045,-0.0003659992765165863,0.001220997586411976,0.0,0.0,9.8443,0.0,0.0,1.0,0.0,0.0,0.0,0.0,0.0,0.0,0.0,0.0
49.7611,0.9999978891921832,-0.0016479965213887183,-0.00012199974248144657,0.0012209974227036513,0.0,0.0,9.8502,0.0,0.0,1.0,0.0,0.0,0.0,0.0,0.0,0.0,0.0,0.0
49.7812,0.9999976881375171,-0.0017089960490270168,-0.00024399943590555455,0.0012819970361924171,0.0,0.0,9.8166,0.0,0.0,1.0,0.0,0.0,0.0,0.0,0.0,0.0,0.0,0.0
49.8013,0.9999974927254297,-0.0017699955621240104,-0.00048799877645001,0.0012819967856740888,0.0,0.0,9.7658,0.0,0.0,1.0,0.0,0.0,0.0,0.0,0.0,0.0,0.0,0.0
49.8215,0.9999974927864292,-0.0017089957151720074,-0.0006709983176596945,0.0012819967857522485,0.0,0.0,9.7776,0.0,0.0,1.0,0.0,0.0,0.0,0.0,0.0,0.0,0.0,0.0
49.8416,0.999997505870831,-0.0016479958896751293,-0.0007929980221555691,0.001281996802526275,0.0,0.0,9.8165,0.0,0.0,1.0,0.0,0.0,0.0,0.0,0.0,0.0,0.0,0.0
49.8617,0.999997403483113,-0.0017089955625526397,-0.0007929979409621087,0.0012819966712653286,0.0,0.0,9.8127,0.0,0.0,1.0,0.0,0.0,0.0,0.0,0.0,0.0,0.0,0.0
49.8817,0.9999973866777443,-0.0017699953744196076,-0.0006709982464607668,0.0012819966497208959,0.0,0.0,9.8126,0.0,0.0,1.0,0.0,0.0,0.0,0.0,0.0,0.0,0.0,0.0
49.9018,0.9999972712056696,-0.0018309950035775807,-0.0005489985018919128,0.001342996335229274,0.0,0.0,9.8164,0.0,0.0,1.0,0.0,0.0,0.0,0.0,0.0,0.0,0.0,0.0
49.922,0.9999970720118598,-0.0019529942816391625,-0.00048799857114178796,0.0013429960677118769,0.0,0.0,9.8087,0.0,0.0,1.0,0.0,0.0,0.0,0.0,0.0,0.0,0.0,0.0
49.942,0.9999969789266904,-0.0020139939155583548,-0.00042699871000169713,0.0013429959426984883,0.0,0.0,9.813,0.0,0.0,1.0,0.0,0.0,0.0,0.0,0.0,0.0,0.0,0.0
49.9621,0.9999969789266904,-0.0020139939155583548,-0.00042699871000169713,0.0013429959426984883,0.0,0.0,9.8555,0.0,0.0,1.0,0.0,0.0,0.0,0.0,0.0,0.0,0.0,0.0
49.9822,0.9999968542133442,-0.002074993472492689,-0.0004269986567490984,0.001342995775208522,0.0,0.0,9.8051,0.0,0.0,1.0,0.0,0.0,0.0,0.0,0.0,0.0,0.0,0.0
50.0023,0.9999968542133442,-0.002074993472492689,-0.0004269986567490984,0.001342995775208522,0.0,0.0,9.778,0.0,0.0,1.0,0.0,0.0,0.0,0.0,0.0,0.0,0.0,0.0
50.0224,0.9999968263061085,-0.002074993414585175,-0.00048799845123738124,0.0013429957377292245,0.0,0.0,9.7315,0.0,0.0,1.0,0.0,0.0,0.0,0.0,0.0,0.0,0.0,0.0
50.0425,0.9999968840420639,-0.0020139937244607166,-0.0006099980992656591,0.0013429958152685328,0.0,0.0,9.8087,0.0,0.0,1.0,0.0,0.0,0.0,0.0,0.0,0.0,0.0,0.0
50.0626,0.9999970720118598,-0.0019529942816391625,-0.00048799857114178796,0.0013429960677118769,0.0,0.0,9.8169,0.0,0.0,1.0,0.0,0.0,0.0,0.0,0.0,0.0,0.0,0.0
50.0827,0.9999972171906162,-0.0018919947349246456,-0.0004269988117403935,0.001342996262686913,0.0,0.0,9.8518,0.0,0.0,1.0,0.0,0.0,0.0,0.0,0.0,0.0,0.0,0.0
50.1028,0.9999973512675238,-0.0018309951501708358,-0.0005489985458458709,0.0012819966043249311,0.0,0.0,9.766,0.0,0.0,1.0,0.0,0.0,0.0,0.0,0.0,0.0,0.0,0.0
50.123,0.9999974257479403,-0.0017699954435738542,-0.0006099984297062436,0.0012819966998088295,0.0,0.0,9.8132,0.0,0.0,1.0,0.0,0.0,0.0,0.0,0.0,0.0,0.0,0.0
50.143,0.9999976695936462,-0.001647996159490329,-0.000548998720606912,0.0012819970124191005,0.0,0.0,9.7774,0.0,0.0,1.0,0.0,0.0,0.0,0.0,0.0,0.0,0.0,0.0
50.1631,0.999997768260471,-0.0015869964582293677,-0.000548998774774999,0.0012819971389100295,0.0,0.0,9.7348,0.0,0.0,1.0,0.0,0.0,0.0,0.0,0.0,0.0,0.0,0.0
50.1832,0.9999978092521992,-0.00158699652328324,-0.0006099986636438416,0.0012209973250968953,0.0,0.0,9.887,0.0,0.0,1.0,0.0,0.0,0.0,0.0,0.0,0.0,0.0,0.0
50.2033,0.9999978223366134,-0.0015259966768856718,-0.0007319984059504012,0.0012209973410730603,0.0,0.0,9.8555,0.0,0.0,1.0,0.0,0.0,0.0,0.0,0.0,0.0,0.0,0.0
50.2234,0.9999980848485017,-0.0013429974279515378,-0.0007319985981091035,0.001220997661600054,0.0,0.0,9.805,0.0,0.0,1.0,0.0,0.0,0.0,0.0,0.0,0.0,0.0,0.0
50.2435,0.9999981183983107,-0.001281997587786634,-0.0007929985078898606,0.0012209977025644525,0.0,0.0,9.7735,0.0,0.0,1.0,0.0,0.0,0.0,0.0,0.0,0.0,0.0,0.0
50.2636,0.9999981947393886,-0.0012209977957767933,-0.0007929985684283353,0.0012209977957767237,0.0,0.0,9.805,0.0,0.0,1.0,0.0,0.0,0.0,0.0,0.0,0.0,0.0,0.0
50.2837,0.9999982673595031,-0.0011599979901370234,-0.0007929986260160861,0.0012209978844459624,0.0,0.0,9.8166,0.0,0.0,1.0,0.0,0.0,0.0,0.0,0.0,0.0,0.0,0.0
50.3038,0.9999982673595031,-0.0011599979901370234,-0.0007929986260160861,0.0012209978844459624,0.0,0.0,9.8087,0.0,0.0,1.0,0.0,0.0,0.0,0.0,0.0,0.0,0.0,0.0
50.3239,0.9999983138717645,-0.001159998044091247,-0.0007319987657541317,0.0012209979412374228,0.0,0.0,9.8126,0.0,0.0,1.0,0.0,0.0,0.0,0.0,0.0,0.0,0.0,0.0
50.344,0.9999983827709231,-0.0010989982226652442,-0.0007319988161883159,0.001220998025363351,0.0,0.0,9.7774,0.0,0.0,1.0,0.0,0.0,0.0,0.0,0.0,0.0,0.0,0.0
50.3641,0.9999983827709231,-0.0010989982226652442,-0.0007319988161883159,0.001220998025363351,0.0,0.0,9.8164,0.0,0.0,1.0,0.0,0.0,0.0,0.0,0.0,0.0,0.0,0.0
50.3841,0.9999984479491133,-0.0010379983889711797,-0.0007319988638987511,0.0012209981049458585,0.0,0.0,9.8164,0.0,0.0,1.0,0.0,0.0,0.0,0.0,0.0,0.0,0.0,0.0
50.4042,0.9999985094063328,-0.0009769985436899875,-0.000731998908885436,0.0012209981799851113,0.0,0.0,9.8164,0.0,0.0,1.0,0.0,0.0,0.0,0.0,0.0,0.0,0.0,0.0
50.4243,0.9999985671425796,-0.0009159986875026029,-0.0007319989511483685,0.0012209982504811092,0.0,0.0,9.8125,0.0,0.0,1.0,0.0,0.0,0.0,0.0,0.0,0.0,0.0,0.0
50.4444,0.9999985671425796,-0.0009159986875026029,-0.0007319989511483685,0.0012209982504811092,0.0,0.0,9.8125,0.0,0.0,1.0,0.0,0.0,0.0,0.0,0.0,0.0,0.0,0.0
50.4645,0.9999986220123483,-0.0008539988231985455,-0.0007319989913130393,0.001220998317477129,0.0,0.0,9.8164,0.0,0.0,1.0,0.0,0.0,0.0,0.0,0.0,0.0,0.0,0.0
50.4846,0.9999986648036742,-0.0008539988597423377,-0.0006709991040832655,0.0012209983697252236,0.0,0.0,9.7775,0.0,0.0,1.0,0.0,0.0,0.0,0.0,0.0,0.0,0.0,0.0
50.5047,0.9999986648036742,-0.0008539988597423377,-0.0006709991040832655,0.0012209983697252236,0.0,0.0,9.7775,0.0,0.0,1.0,0.0,0.0,0.0,0.0,0.0,0.0,0.0,0.0
50.5248,0.9999986648036742,-0.0008539988597423377,-0.0006709991040832655,0.0012209983697252236,0.0,0.0,9.7735,0.0,0.0,1.0,0.0,0.0,0.0,0.0,0.0,0.0,0.0,0.0
50.5449,0.9999987876572047,-0.0007929990386121629,-0.0006709991865179845,0.001159998593682321,0.0,0.0,9.8516,0.0,0.0,1.0,0.0,0.0,0.0,0.0,0.0,0.0,0.0,0.0
50.565,0.9999987150369767,-0.0007929989810243224,-0.0006709991377898115,0.0012209984310601605,0.0,0.0,9.8165,0.0,0.0,1.0,0.0,0.0,0.0,0.0,0.0,0.0,0.0,0.0
50.5851,0.9999987150369767,-0.0007929989810243224,-0.0006709991377898115,0.0012209984310601605,0.0,0.0,9.8088,0.0,0.0,1.0,0.0,0.0,0.0,0.0,0.0,0.0,0.0,0.0
50.6051,0.9999987541073284,-0.0007929990120071114,-0.0006099992400054704,0.001220998478765001,0.0,0.0,9.8555,0.0,0.0,1.0,0.0,0.0,0.0,0.0,0.0,0.0,0.0,0.0
50.6252,0.9999988359690326,-0.0007319991479293316,-0.0005489993609469991,0.0012209985787182132,0.0,0.0,9.8126,0.0,0.0,1.0,0.0,0.0,0.0,0.0,0.0,0.0,0.0,0.0
50.6453,0.9999988359690326,-0.0007319991479293316,-0.0005489993609469991,0.0012209985787182132,0.0,0.0,9.7308,0.0,0.0,1.0,0.0,0.0,0.0,0.0,0.0,0.0,0.0,0.0
50.6654,0.9999988675974236,-0.000731999171081314,-0.00048799944738754284,0.0012209986173363774,0.0,0.0,9.8051,0.0,0.0,1.0,0.0,0.0,0.0,0.0,0.0,0.0,0.0,0.0
50.6855,0.9999988675974236,-0.000731999171081314,-0.00048799944738754284,0.0012209986173363774,0.0,0.0,9.7774,0.0,0.0,1.0,0.0,0.0,0.0,0.0,0.0,0.0,0.0,0.0
50.7056,0.9999988675974236,-0.000731999171081314,-0.00048799944738754284,0.0012209986173363774,0.0,0.0,9.7735,0.0,0.0,1.0,0.0,0.0,0.0,0.0,0.0,0.0,0.0,0.0
50.7257,0.9999988955048299,-0.0007319991915095354,-0.00042699952838056257,0.0012209986514113425,0.0,0.0,9.7348,0.0,0.0,1.0,0.0,0.0,0.0,0.0,0.0,0.0,0.0,0.0
50.7458,0.9999988955048299,-0.0007319991915095354,-0.00042699952838056257,0.0012209986514113425,0.0,0.0,9.6748,0.0,0.0,1.0,0.0,0.0,0.0,0.0,0.0,0.0,0.0,0.0
50.7659,0.9999988210850849,-0.000792999065120472,-0.0004879994246895214,0.0012209985605448614,0.0,0.0,9.6935,0.0,0.0,1.0,0.0,0.0,0.0,0.0,0.0,0.0,0.0,0.0
50.786,0.999998710339495,-0.0009769987400016864,-0.0003659995279842552,0.001220998425324471,0.0,0.0,10.64,0.0,0.0,1.0,0.0,0.0,0.0,0.0,0.0,0.0,0.0,0.0
50.8061,0.9999975969736619,-0.0017699957466433811,0.0004269989739077531,0.001220997065904783,0.0,0.0,9.9943,0.0,0.0,1.0,0.0,0.0,0.0,0.0,0.0,0.0,0.0,0.0
50.8262,0.9999975969736619,-0.0017699957466433811,0.0004269989739077531,0.001220997065904783,0.0,0.0,9.9943,0.0,0.0,1.0,0.0,0.0,0.0,0.0,0.0,0.0,0.0,0.0
50.8463,0.9999985743405488,-0.0012209982592698103,0.00012199982606954688,0.0011599983462349805,0.0,0.0,9.4531,0.0,0.0,1.0,0.0,0.0,0.0,0.0,0.0,0.0,0.0,0.0
50.8664,0.9999987438893667,-0.00091599884940266,-0.00042699946364075985,0.0012209984662889808,0.0,0.0,9.5469,0.0,0.0,1.0,0.0,0.0,0.0,0.0,0.0,0.0,0.0,0.0
50.8865,0.9999986852080931,-0.0007319990375723239,-0.0006709991177746306,0.0012819983144368163,0.0,0.0,10.0231,0.0,0.0,1.0,0.0,0.0,0.0,0.0,0.0,0.0,0.0,0.0
50.9065,0.9999986648036742,-0.0008539988597423377,-0.0006709991040832655,0.0012209983697252236,0.0,0.0,9.9214,0.0,0.0,1.0,0.0,0.0,0.0,0.0,0.0,0.0,0.0,0.0
50.9267,0.9999983658435058,-0.0012819979050113746,-0.0003659994018987234,0.0012209980046949955,0.0,0.0,9.6714,0.0,0.0,1.0,0.0,0.0,0.0,0.0,0.0,0.0,0.0,0.0
50.9468,0.999998423518728,-0.0013429978827856517,-6.099990383464271e-05,0.001159998171281762,0.0,0.0,9.7679,0.0,0.0,1.0,0.0,0.0,0.0,0.0,0.0,0.0,0.0,0.0
50.9668,0.999998503580859,-0.0012819980815906608,-6.099990871843259e-05,0.0011599982641538609,0.0,0.0,9.7608,0.0,0.0,1.0,0.0,0.0,0.0,0.0,0.0,0.0,0.0,0.0
50.9869,0.999998587424993,-0.0011599983614129917,-0.0003659994829975477,0.001159998361413117,0.0,0.0,9.8913,0.0,0.0,1.0,0.0,0.0,0.0,0.0,0.0,0.0,0.0,0.0
51.007,0.9999986843535964,-0.0009159987948678943,-0.0005489992777101246,0.0012209983935957403,0.0,0.0,9.8321,0.0,0.0,1.0,0.0,0.0,0.0,0.0,0.0,0.0,0.0,0.0
51.0271,0.9999986490042378,-0.0009159987624878818,-0.0006099991758925853,0.0012209983504342103,0.0,0.0,9.8132,0.0,0.0,1.0,0.0,0.0,0.0,0.0,0.0,0.0,0.0,0.0
51.0472,0.9999987374238912,-0.000853998921760003,-0.0006709991528114311,0.0011599985354115994,0.0,0.0,9.8224,0.0,0.0,1.0,0.0,0.0,0.0,0.0,0.0,0.0,0.0,0.0
51.0673,0.9999987764942455,-0.0008539989551260858,-0.00060999925366149,0.0011599985807333457,0.0,0.0,10.0432,0.0,0.0,1.0,0.0,0.0,0.0,0.0,0.0,0.0,0.0,0.0
51.0874,0.999998857501458,-0.0009159989534713356,-0.00048799944246071165,0.0010989987443941198,0.0,0.0,9.1356,0.0,0.0,1.0,0.0,0.0,0.0,0.0,0.0,0.0,0.0,0.0
51.1075,0.9999989644651086,-0.0008539991156532028,-0.0003659996209942299,0.0010989988619470314,0.0,0.0,9.641,0.0,0.0,1.0,0.0,0.0,0.0,0.0,0.0,0.0,0.0,0.0
51.1276,0.9999989551016378,-0.000609999362611999,-0.0006099993626119991,0.001159998787917893,0.0,0.0,9.8253,0.0,0.0,1.0,0.0,0.0,0.0,0.0,0.0,0.0,0.0,0.0
51.1477,0.9999988341695388,-0.0006709992177277604,-0.0007319991466121024,0.0011599986476366622,0.0,0.0,9.7267,0.0,0.0,1.0,0.0,0.0,0.0,0.0,0.0,0.0,0.0,0.0
51.1678,0.9999988267275649,-0.0006099992843038144,-0.000792999069594959,0.0011599986390039563,0.0,0.0,9.9393,0.0,0.0,1.0,0.0,0.0,0.0,0.0,0.0,0.0,0.0,0.0
51.1879,0.9999987764942455,-0.0006099992536614897,-0.000853998955126086,0.0011599985807333457,0.0,0.0,9.88,0.0,0.0,1.0,0.0,0.0,0.0,0.0,0.0,0.0,0.0,0.0
51.208,0.9999986220123483,-0.000731998991313039,-0.0008539988231985458,0.001220998317477129,0.0,0.0,9.7911,0.0,0.0,1.0,0.0,0.0,0.0,0.0,0.0,0.0,0.0,0.0
51.2281,0.9999987615493007,-0.000670999168999581,-0.0007319990934540883,0.0012209984878516211,0.0,0.0,9.773,0.0,0.0,1.0,0.0,0.0,0.0,0.0,0.0,0.0,0.0,0.0
51.2482,0.9999987541073284,-0.0006099992400054702,-0.0007929990120071116,0.001220998478765001,0.0,0.0,9.8129,0.0,0.0,1.0,0.0,0.0,0.0,0.0,0.0,0.0,0.0,0.0
51.2683,0.999998639640776,-0.0004879993361446984,-0.0009159987539109508,0.0012819982560194343,0.0,0.0,9.8447,0.0,0.0,1.0,0.0,0.0,0.0,0.0,0.0,0.0,0.0,0.0
51.2884,0.9999984702140103,-0.0005489991601474914,-0.000976998505399088,0.0013429979454974148,0.0,0.0,9.7698,0.0,0.0,1.0,0.0,0.0,0.0,0.0,0.0,0.0,0.0,0.0
51.3085,0.9999984180592538,-0.0004879992280129157,-0.0009769984544438911,0.0014039977789552238,0.0,0.0,9.8443,0.0,0.0,1.0,0.0,0.0,0.0,0.0,0.0,0.0,0.0,0.0
51.3289,0.999998291423879,-0.00048799916621485284,-0.0010989981222748431,0.0014039976011592237,0.0,0.0,9.8091,0.0,0.0,1.0,0.0,0.0,0.0,0.0,0.0,0.0,0.0,0.0
51.3491,0.999997986059584,-0.0004879990171970767,-0.0012819974181283867,0.0014649970495773101,0.0,0.0,9.848,0.0,0.0,1.0,0.0,0.0,0.0,0.0,0.0,0.0,0.0,0.0
51.3692,0.9999980903079704,-0.0004269991845615032,-0.001220997668266032,0.0014649972023012547,0.0,0.0,9.8016,0.0,0.0,1.0,0.0,0.0,0.0,0.0,0.0,0.0,0.0,0.0
51.3893,0.9999981144943327,-0.00036599930990492555,-0.0012209976977975805,0.0014649972377342448,0.0,0.0,9.8605,0.0,0.0,1.0,0.0,0.0,0.0,0.0,0.0,0.0,0.0,0.0
51.4094,0.9999981144943327,-0.00036599930990492555,-0.0012209976977975805,0.0014649972377342448,0.0,0.0,9.6567,0.0,0.0,1.0,0.0,0.0,0.0,0.0,0.0,0.0,0.0,0.0
51.4295,0.9999979227419726,-0.000426999113010822,-0.0012819973369552085,0.001525996830104348,0.0,0.0,9.7586,0.0,0.0,1.0,0.0,0.0,0.0,0.0,0.0,0.0,0.0,0.0
51.4496,0.9999977588970339,-0.0004269990430490332,-0.001403996853491436,0.001525996580076794,0.0,0.0,9.8343,0.0,0.0,1.0,0.0,0.0,0.0,0.0,0.0,0.0,0.0,0.0
51.4697,0.9999977588970339,-0.0004269990430490332,-0.001403996853491436,0.001525996580076794,0.0,0.0,9.8129,0.0,0.0,1.0,0.0,0.0,0.0,0.0,0.0,0.0,0.0,0.0
51.4897,0.9999978202931268,-0.00024399946815152295,-0.00140399693969155,0.0015259966737671828,0.0,0.0,9.8394,0.0,0.0,1.0,0.0,0.0,0.0,0.0,0.0,0.0,0.0,0.0
51.5098,0.9999978202931268,-0.00024399946815152295,-0.00140399693969155,0.0015259966737671828,0.0,0.0,9.8097,0.0,0.0,1.0,0.0,0.0,0.0,0.0,0.0,0.0,0.0,0.0
51.5299,0.9999978668663254,-0.00036599921927307473,-0.0013429971352014749,0.0015259967448379985,0.0,0.0,9.8021,0.0,0.0,1.0,0.0,0.0,0.0,0.0,0.0,0.0,0.0,0.0
51.5499,0.9999980717030775,-0.00042699917661721386,-0.0011599977631755701,0.0015259970574189041,0.0,0.0,9.8112,0.0,0.0,1.0,0.0,0.0,0.0,0.0,0.0,0.0,0.0,0.0
51.57,0.9999981647885521,-0.00036599932831260984,-0.0010989979831026186,0.0015259971994672772,0.0,0.0,9.8092,0.0,0.0,1.0,0.0,0.0,0.0,0.0,0.0,0.0,0.0,0.0
51.5901,0.9999980958894386,-0.00036599930309553434,-0.0011599977912317488,0.0015259970943273249,0.0,0.0,9.8089,0.0,0.0,1.0,0.0,0.0,0.0,0.0,0.0,0.0,0.0,0.0
51.6101,0.9999980958894386,-0.00036599930309553434,-0.0011599977912317488,0.0015259970943273249,0.0,0.0,9.8477,0.0,0.0,1.0,0.0,0.0,0.0,0.0,0.0,0.0,0.0,0.0
51.6302,0.9999981163548222,-0.0003049994254882206,-0.001159997814971594,0.001525997125557399,0.0,0.0,9.8165,0.0,0.0,1.0,0.0,0.0,0.0,0.0,0.0,0.0,0.0,0.0
51.6503,0.9999982560135623,-0.00036599936170096366,-0.0010989980833589052,0.0014649974450600123,0.0,0.0,9.8125,0.0,0.0,1.0,0.0,0.0,0.0,0.0,0.0,0.0,0.0,0.0
51.6703,0.9999982970053503,-0.00042699927282128445,-0.0010379982322915537,0.0014649975051128639,0.0,0.0,9.8052,0.0,0.0,1.0,0.0,0.0,0.0,0.0,0.0,0.0,0.0,0.0
51.6904,0.999998358462542,-0.00042699929906350536,-0.0009769983962179037,0.0014649975951475658,0.0,0.0,9.805,0.0,0.0,1.0,0.0,0.0,0.0,0.0,0.0,0.0,0.0,0.0
51.7105,0.9999985037028584,-0.0004269993610811206,-0.0009159986293918185,0.0014039978991988722,0.0,0.0,9.8164,0.0,0.0,1.0,0.0,0.0,0.0,0.0,0.0,0.0,0.0,0.0
51.7305,0.999998582759013,-0.0003659994812897986,-0.0008539987896761971,0.0014039980101936966,0.0,0.0,9.8478,0.0,0.0,1.0,0.0,0.0,0.0,0.0,0.0,0.0,0.0,0.0
51.7506,0.9999986088059032,-0.0004269994059601206,-0.0007929988967830813,0.0014039980467634994,0.0,0.0,9.8087,0.0,0.0,1.0,0.0,0.0,0.0,0.0,0.0,0.0,0.0,0.0
51.7707,0.9999986088059032,-0.0004269994059601206,-0.0007929988967830813,0.0014039980467634994,0.0,0.0,9.8125,0.0,0.0,1.0,0.0,0.0,0.0,0.0,0.0,0.0,0.0,0.0
51.7907,0.9999986553182123,-0.00042699942582087656,-0.0007319990156929312,0.0014039981120668177,0.0,0.0,9.8164,0.0,0.0,1.0,0.0,0.0,0.0,0.0,0.0,0.0,0.0,0.0
51.8108,0.999998627410826,-0.000487999330176483,-0.0007319989952647248,0.0014039980728848822,0.0,0.0,9.8087,0.0,0.0,1.0,0.0,0.0,0.0,0.0,0.0,0.0,0.0,0.0
51.8309,0.9999986385737802,-0.0005489992525770051,-0.0006709990864830066,0.001403998088557623,0.0,0.0,9.8087,0.0,0.0,1.0,0.0,0.0,0.0,0.0,0.0,0.0,0.0,0.0
51.851,0.9999986385737802,-0.0005489992525770051,-0.0006709990864830066,0.001403998088557623,0.0,0.0,9.7774,0.0,0.0,1.0,0.0,0.0,0.0,0.0,0.0,0.0,0.0,0.0
51.871,0.9999985510696492,-0.0005489992045372374,-0.0006709990277677348,0.0014649978773170758,0.0,0.0,9.8164,0.0,0.0,1.0,0.0,0.0,0.0,0.0,0.0,0.0,0.0,0.0
51.8911,0.9999985510696492,-0.0005489992045372374,-0.0006709990277677348,0.0014649978773170758,0.0,0.0,9.8125,0.0,0.0,1.0,0.0,0.0,0.0,0.0,0.0,0.0,0.0,0.0
51.9112,0.9999985901399816,-0.0005489992259868497,-0.0006099991399853889,0.0014649979345550679,0.0,0.0,9.8164,0.0,0.0,1.0,0.0,0.0,0.0,0.0,0.0,0.0,0.0,0.0
51.9312,0.9999985901399816,-0.0005489992259868497,-0.0006099991399853889,0.0014649979345550679,0.0,0.0,9.8087,0.0,0.0,1.0,0.0,0.0,0.0,0.0,0.0,0.0,0.0,0.0
51.9513,0.999998625489334,-0.0005489992453936443,-0.0005489992453936444,0.0014649979863419205,0.0,0.0,9.8087,0.0,0.0,1.0,0.0,0.0,0.0,0.0,0.0,0.0,0.0,0.0
51.9714,0.999998625489334,-0.0005489992453936443,-0.0005489992453936444,0.0014649979863419205,0.0,0.0,9.8164,0.0,0.0,1.0,0.0,0.0,0.0,0.0,0.0,0.0,0.0,0.0
51.9914,0.999998625489334,-0.0005489992453936443,-0.0005489992453936444,0.0014649979863419205,0.0,0.0,9.8087,0.0,0.0,1.0,0.0,0.0,0.0,0.0,0.0,0.0,0.0,0.0
52.0115,0.9999986217683493,-0.0006099991592786931,-0.0004879993274229545,0.0014649979808906146,0.0,0.0,9.7697,0.0,0.0,1.0,0.0,0.0,0.0,0.0,0.0,0.0,0.0,0.0
52.0316,0.9999986217683493,-0.0006099991592786931,-0.0004879993274229545,0.0014649979808906146,0.0,0.0,9.8164,0.0,0.0,1.0,0.0,0.0,0.0,0.0,0.0,0.0,0.0,0.0
52.0516,0.9999986217683493,-0.0006099991592786931,-0.0004879993274229545,0.0014649979808906146,0.0,0.0,9.8164,0.0,0.0,1.0,0.0,0.0,0.0,0.0,0.0,0.0,0.0,0.0
52.0717,0.9999985584506171,-0.0006099991206548763,-0.00042699938445841363,0.0015259978001956886,0.0,0.0,9.7697,0.0,0.0,1.0,0.0,0.0,0.0,0.0,0.0,0.0,0.0,0.0
52.0918,0.9999985584506171,-0.0006099991206548763,-0.00042699938445841363,0.0015259978001956886,0.0,0.0,9.7697,0.0,0.0,1.0,0.0,0.0,0.0,0.0,0.0,0.0,0.0,0.0
52.1119,0.9999985826370135,-0.0006099991354085781,-0.0003659994812451469,0.001525997837104054,0.0,0.0,9.8087,0.0,0.0,1.0,0.0,0.0,0.0,0.0,0.0,0.0,0.0,0.0
52.1319,0.9999985826370135,-0.0006099991354085781,-0.0003659994812451469,0.001525997837104054,0.0,0.0,9.8164,0.0,0.0,1.0,0.0,0.0,0.0,0.0,0.0,0.0,0.0,0.0
52.152,0.9999985435666818,-0.0006709990227332435,-0.0003659994669454056,0.0015259977774826905,0.0,0.0,9.8164,0.0,0.0,1.0,0.0,0.0,0.0,0.0,0.0,0.0,0.0,0.0
52.1721,0.9999985435666818,-0.0006709990227332435,-0.0003659994669454056,0.0015259977774826905,0.0,0.0,9.8048,0.0,0.0,1.0,0.0,0.0,0.0,0.0,0.0,0.0,0.0,0.0
52.1921,0.9999985007753716,-0.0007319989025675721,-0.00036599945128378616,0.001525997712183258,0.0,0.0,9.8087,0.0,0.0,1.0,0.0,0.0,0.0,0.0,0.0,0.0,0.0,0.0
52.2122,0.9999985212407801,-0.000731998917548251,-0.00030499954897843804,0.0015259977434134986,0.0,0.0,9.8555,0.0,0.0,1.0,0.0,0.0,0.0,0.0,0.0,0.0,0.0,0.0
52.2323,0.9999985212407801,-0.000731998917548251,-0.00030499954897843804,0.0015259977434134986,0.0,0.0,9.8125,0.0,0.0,1.0,0.0,0.0,0.0,0.0,0.0,0.0,0.0,0.0
52.2523,0.9999986292103187,-0.0007319989965819532,-0.00024399966552731791,0.0014649979917931715,0.0,0.0,9.8164,0.0,0.0,1.0,0.0,0.0,0.0,0.0,0.0,0.0,0.0,0.0
52.2724,0.9999986422337653,-0.0007319990061151161,-0.0001829997515287792,0.0014649980108724647,0.0,0.0,9.8555,0.0,0.0,1.0,0.0,0.0,0.0,0.0,0.0,0.0,0.0,0.0
52.2925,0.9999985957214581,-0.0007929988864071162,-0.00018299974301702707,0.0014649979427319715,0.0,0.0,9.7697,0.0,0.0,1.0,0.0,0.0,0.0,0.0,0.0,0.0,0.0,0.0
52.3125,0.9999985957214581,-0.0007929988864071162,-0.00018299974301702707,0.0014649979427319715,0.0,0.0,9.8048,0.0,0.0,1.0,0.0,0.0,0.0,0.0,0.0,0.0,0.0,0.0
52.3326,0.9999985454881735,-0.0008539987578469002,-0.0001829997338243358,0.0014649978691401722,0.0,0.0,9.8164,0.0,0.0,1.0,0.0,0.0,0.0,0.0,0.0,0.0,0.0,0.0
52.3527,0.999998554790633,-0.0008539987657912007,-0.00012199982368445736,0.0014649978827682708,0.0,0.0,9.8164,0.0,0.0,1.0,0.0,0.0,0.0,0.0,0.0,0.0,0.0,0.0
52.3727,0.999998554790633,-0.0008539987657912007,-0.00012199982368445736,0.0014649978827682708,0.0,0.0,9.7735,0.0,0.0,1.0,0.0,0.0,0.0,0.0,0.0,0.0,0.0,0.0
52.3928,0.999998554790633,-0.0008539987657912007,-0.00012199982368445736,0.0014649978827682708,0.0,0.0,9.8478,0.0,0.0,1.0,0.0,0.0,0.0,0.0,0.0,0.0,0.0,0.0
52.4129,0.9999985055023504,-0.000915998631040153,-6.099990883564352e-05,0.0014649978105609751,0.0,0.0,9.8087,0.0,0.0,1.0,0.0,0.0,0.0,0.0,0.0,0.0,0.0,0.0
52.4329,0.9999985055023504,-0.000915998631040153,-6.099990883564352e-05,0.0014649978105609751,0.0,0.0,9.805,0.0,0.0,1.0,0.0,0.0,0.0,0.0,0.0,0.0,0.0,0.0
52.453,0.9999985055023504,-0.000915998631040153,-6.099990883564352e-05,0.0014649978105609751,0.0,0.0,9.8087,0.0,0.0,1.0,0.0,0.0,0.0,0.0,0.0,0.0,0.0,0.0
52.4731,0.9999984142772718,-0.000915998547477981,-6.0999903270913744e-05,0.0015259975801870662,0.0,0.0,9.8087,0.0,0.0,1.0,0.0,0.0,0.0,0.0,0.0,0.0,0.0,0.0
52.4932,0.999998416137763,-0.000915998549182191,-1.626303258728257e-19,0.0015259975830261288,0.0,0.0,9.8164,0.0,0.0,1.0,0.0,0.0,0.0,0.0,0.0,0.0,0.0,0.0
52.5132,0.999998416137763,-0.000915998549182191,-1.626303258728257e-19,0.0015259975830261288,0.0,0.0,9.7774,0.0,0.0,1.0,0.0,0.0,0.0,0.0,0.0,0.0,0.0,0.0
52.5333,0.9999983584015424,-0.000976998396158307,-2.168404344971009e-19,0.0015259974949207167,0.0,0.0,9.8164,0.0,0.0,1.0,0.0,0.0,0.0,0.0,0.0,0.0,0.0,0.0
52.5534,0.9999983584015424,-0.000976998396158307,-2.168404344971009e-19,0.0015259974949207167,0.0,0.0,9.8481,0.0,0.0,1.0,0.0,0.0,0.0,0.0,0.0,0.0,0.0,0.0
52.5734,0.9999982969443506,-0.0010379982322282356,-2.168404344971009e-19,0.0015259974011370137,0.0,0.0,9.7977,0.0,0.0,1.0,0.0,0.0,0.0,0.0,0.0,0.0,0.0,0.0
52.5935,0.9999982969443506,-0.0010379982322282356,-2.168404344971009e-19,0.0015259974011370137,0.0,0.0,9.8125,0.0,0.0,1.0,0.0,0.0,0.0,0.0,0.0,0.0,0.0,0.0
52.6136,0.9999982615950331,-0.0009769983015783473,6.099989395729681e-05,0.0015869972411513555,0.0,0.0,9.7774,0.0,0.0,1.0,0.0,0.0,0.0,0.0,0.0,0.0,0.0,0.0
52.6337,0.9999982615950331,-0.0009769983015783473,6.099989395729681e-05,0.0015869972411513555,0.0,0.0,9.7735,0.0,0.0,1.0,0.0,0.0,0.0,0.0,0.0,0.0,0.0,0.0
52.6537,0.9999982001378593,-0.001037998131743098,6.099989020840933e-05,0.0015869971436188182,0.0,0.0,9.766,0.0,0.0,1.0,0.0,0.0,0.0,0.0,0.0,0.0,0.0,0.0
52.6738,0.999998129378249,-0.0010989979441866956,0.00012199977178414616,0.0015869970313233117,0.0,0.0,9.8164,0.0,0.0,1.0,0.0,0.0,0.0,0.0,0.0,0.0,0.0,0.0
52.6939,0.999998129378249,-0.0010989979441866956,0.00012199977178414616,0.0015869970313233117,0.0,0.0,9.8166,0.0,0.0,1.0,0.0,0.0,0.0,0.0,0.0,0.0,0.0,0.0
52.714,0.9999981349597177,-0.0010989979503207299,6.09998862325426e-05,0.0015869970401811153,0.0,0.0,9.8125,0.0,0.0,1.0,0.0,0.0,0.0,0.0,0.0,0.0,0.0,0.0
52.7341,0.9999981349597177,-0.0010989979503207299,6.09998862325426e-05,0.0015869970401811153,0.0,0.0,9.8125,0.0,0.0,1.0,0.0,0.0,0.0,0.0,0.0,0.0,0.0,0.0
52.7566,0.9999980660606103,-0.0011599977566303082,6.0999882029697066e-05,0.0015869969308381917,0.0,0.0,9.8048,0.0,0.0,1.0,0.0,0.0,0.0,0.0,0.0,0.0,0.0,0.0
52.7767,0.9999980660606103,-0.0011599977566303082,6.0999882029697066e-05,0.0015869969308381917,0.0,0.0,9.8125,0.0,0.0,1.0,0.0,0.0,0.0,0.0,0.0,0.0,0.0,0.0
52.7968,0.9999980660606103,-0.0011599977566303082,6.0999882029697066e-05,0.0015869969308381917,0.0,0.0,9.8125,0.0,0.0,1.0,0.0,0.0,0.0,0.0,0.0,0.0,0.0,0.0
52.8168,0.9999980660606103,-0.0011599977566303082,6.0999882029697066e-05,0.0015869969308381917,0.0,0.0,9.8166,0.0,0.0,1.0,0.0,0.0,0.0,0.0,0.0,0.0,0.0,0.0
52.8369,0.9999980604791427,-0.0011599977501558054,0.0001219997633784552,0.0015869969219804436,0.0,0.0,9.7698,0.0,0.0,1.0,0.0,0.0,0.0,0.0,0.0,0.0,0.0,0.0
52.857,0.9999980604791427,-0.0011599977501558054,0.0001219997633784552,0.0015869969219804436,0.0,0.0,9.7775,0.0,0.0,1.0,0.0,0.0,0.0,0.0,0.0,0.0,0.0,0.0
52.877,0.9999980660606103,-0.0011599977566303082,6.0999882029697066e-05,0.0015869969308381917,0.0,0.0,9.8555,0.0,0.0,1.0,0.0,0.0,0.0,0.0,0.0,0.0,0.0,0.0
52.8971,0.9999981610065729,-0.0011599978667676245,6.0999887821400764e-05,0.0015259971936959493,0.0,0.0,9.848,0.0,0.0,1.0,0.0,0.0,0.0,0.0,0.0,0.0,0.0,0.0
52.9172,0.9999981610065729,-0.0011599978667676245,6.0999887821400764e-05,0.0015259971936959493,0.0,0.0,9.8048,0.0,0.0,1.0,0.0,0.0,0.0,0.0,0.0,0.0,0.0,0.0
52.9372,0.9999980604791427,-0.0011599977501558054,0.0001219997633784552,0.0015869969219804436,0.0,0.0,9.7774,0.0,0.0,1.0,0.0,0.0,0.0,0.0,0.0,0.0,0.0,0.0
52.9573,0.9999979785566294,-0.0012209975318176445,0.0001829996300758631,0.0015869967919693861,0.0,0.0,9.7697,0.0,0.0,1.0,0.0,0.0,0.0,0.0,0.0,0.0,0.0,0.0
52.9774,0.9999979655332087,-0.0012209975159160479,0.00024399950359010284,0.0015869967713011968,0.0,0.0,9.7662,0.0,0.0,1.0,0.0,0.0,0.0,0.0,0.0,0.0,0.0,0.0
52.9975,0.9999979655332087,-0.0012209975159160479,0.00024399950359010284,0.0015869967713011968,0.0,0.0,9.8443,0.0,0.0,1.0,0.0,0.0,0.0,0.0,0.0,0.0,0.0,0.0
53.0175,0.9999980735025672,-0.001220997647746635,0.00018299964745096948,0.00152599706016493,0.0,0.0,9.8051,0.0,0.0,1.0,0.0,0.0,0.0,0.0,0.0,0.0,0.0,0.0
53.0376,0.9999979785566294,-0.0012209975318176445,0.0001829996300758631,0.0015869967919693861,0.0,0.0,9.8125,0.0,0.0,1.0,0.0,0.0,0.0,0.0,0.0,0.0,0.0,0.0
53.0577,0.9999980511766969,-0.0011599977393649686,0.0001829996433653354,0.0015869969072174197,0.0,0.0,9.8166,0.0,0.0,1.0,0.0,0.0,0.0,0.0,0.0,0.0,0.0,0.0
53.0777,0.9999979785566294,-0.0012209975318176445,0.0001829996300758631,0.0015869967919693861,0.0,0.0,9.7735,0.0,0.0,1.0,0.0,0.0,0.0,0.0,0.0,0.0,0.0,0.0
53.0978,0.9999978891921834,-0.0012819972939443793,0.0002439994849628926,0.0015869966501479982,0.0,0.0,9.8134,0.0,0.0,1.0,0.0,0.0,0.0,0.0,0.0,0.0,0.0,0.0
53.1179,0.9999978724477897,-0.0012819972724780664,0.00030499935109657567,0.001586996623574699,0.0,0.0,9.7281,0.0,0.0,1.0,0.0,0.0,0.0,0.0,0.0,0.0,0.0,0.0
53.138,0.9999976266804491,-0.0014039966678593505,0.00024399942091002933,0.0016479960887694212,0.0,0.0,9.763,0.0,0.0,1.0,0.0,0.0,0.0,0.0,0.0,0.0,0.0,0.0
53.158,0.999997649006291,-0.0014039966992048325,0.00012199971317876737,0.0016479961255623232,0.0,0.0,9.8874,0.0,0.0,1.0,0.0,0.0,0.0,0.0,0.0,0.0,0.0,0.0
53.1781,0.9999977383706725,-0.0013429969626318134,6.099986204061083e-05,0.0016479962728347954,0.0,0.0,9.8091,0.0,0.0,1.0,0.0,0.0,0.0,0.0,0.0,0.0,0.0,0.0
53.1982,0.9999975521999876,-0.0014039965632887828,6.0999850684199146e-05,0.0017089958167097465,0.0,0.0,9.8439,0.0,0.0,1.0,0.0,0.0,0.0,0.0,0.0,0.0,0.0,0.0
53.2182,0.9999975466185287,-0.0014039965554524146,0.00012199970068746033,0.0017089958071709876,0.0,0.0,9.8127,0.0,0.0,1.0,0.0,0.0,0.0,0.0,0.0,0.0,0.0,0.0
53.2383,0.9999974405098265,-0.0014039964064757968,0.00012199968774219873,0.0017699954697024125,0.0,0.0,9.752,0.0,0.0,1.0,0.0,0.0,0.0,0.0,0.0,0.0,0.0,0.0
53.2584,0.9999971575331196,-0.0015869954890050607,0.00018299947982856055,0.0017699949688336214,0.0,0.0,9.7435,0.0,0.0,1.0,0.0,0.0,0.0,0.0,0.0,0.0,0.0,0.0
53.2784,0.9999967498433454,-0.0018309940489631656,0.00012199960348088791,0.001769994247222795,0.0,0.0,9.8443,0.0,0.0,1.0,0.0,0.0,0.0,0.0,0.0,0.0,0.0,0.0
53.2985,0.999996379424663,-0.0020749924873061758,0.00012199955828980862,0.0017089938124366102,0.0,0.0,9.8303,0.0,0.0,1.0,0.0,0.0,0.0,0.0,0.0,0.0,0.0,0.0
53.3186,0.9999961188355954,-0.0021969914730818035,0.00012199952649794228,0.0017089933670899617,0.0,0.0,9.9071,0.0,0.0,1.0,0.0,0.0,0.0,0.0,0.0,0.0,0.0,0.0
53.3386,0.9999961188355954,-0.0021969914730818035,0.00012199952649794228,0.0017089933670899617,0.0,0.0,9.792,0.0,0.0,1.0,0.0,0.0,0.0,0.0,0.0,0.0,0.0,0.0
53.3587,0.9999962733163323,-0.00207499226713139,0.0001219995453445922,0.0017699934037698206,0.0,0.0,9.7346,0.0,0.0,1.0,0.0,0.0,0.0,0.0,0.0,0.0,0.0,0.0
53.3788,0.9999966269905659,-0.001891993618266151,0.00018299938273927312,0.0017699940297732366,0.0,0.0,9.7518,0.0,0.0,1.0,0.0,0.0,0.0,0.0,0.0,0.0,0.0,0.0
53.3988,0.9999966139671979,-0.0018919935936259386,0.00024399917380799583,0.0017699940067218978,0.0,0.0,9.8126,0.0,0.0,1.0,0.0,0.0,0.0,0.0,0.0,0.0,0.0,0.0
53.4189,0.9999963757037035,-0.002013992700667259,0.00024399911567170331,0.001769993584995633,0.0,0.0,9.8833,0.0,0.0,1.0,0.0,0.0,0.0,0.0,0.0,0.0,0.0,0.0
53.439,0.9999962509905828,-0.0020749922208054597,0.00024399908524170202,0.0017699933642532641,0.0,0.0,9.7625,0.0,0.0,1.0,0.0,0.0,0.0,0.0,0.0,0.0,0.0,0.0
53.459,0.9999962342462715,-0.0020749921860610133,0.00030499885144511267,0.0017699933346159158,0.0,0.0,9.8052,0.0,0.0,1.0,0.0,0.0,0.0,0.0,0.0,0.0,0.0,0.0
53.4791,0.9999961914552578,-0.00213599186494843,0.0003659986060726238,0.0017089934911970195,0.0,0.0,9.8478,0.0,0.0,1.0,0.0,0.0,0.0,0.0,0.0,0.0,0.0,0.0
53.4992,0.999996189594779,-0.002074992093409167,0.0004269983729569703,0.0017699932555827471,0.0,0.0,9.8127,0.0,0.0,1.0,0.0,0.0,0.0,0.0,0.0,0.0,0.0,0.0
53.5192,0.9999961616875991,-0.0020749920355017685,0.00048799812690354807,0.0017699932061870929,0.0,0.0,9.8126,0.0,0.0,1.0,0.0,0.0,0.0,0.0,0.0,0.0,0.0,0.0
53.5393,0.9999959662764065,-0.002135991383966405,0.0006099975394286077,0.0017699928603092108,0.0,0.0,9.8052,0.0,0.0,1.0,0.0,0.0,0.0,0.0,0.0,0.0,0.0,0.0
53.5594,0.9999957950515226,-0.0021969907617281955,0.0006709971784795713,0.0017699925572411956,0.0,0.0,9.7662,0.0,0.0,1.0,0.0,0.0,0.0,0.0,0.0,0.0,0.0,0.0
53.5794,0.9999957522605651,-0.0021969906677164618,0.0007319968906547336,0.0017699924815011703,0.0,0.0,9.813,0.0,0.0,1.0,0.0,0.0,0.0,0.0,0.0,0.0,0.0,0.0
53.5995,0.9999958118568111,-0.002196990798649414,0.0007929966788024507,0.001708992842463175,0.0,0.0,9.8166,0.0,0.0,1.0,0.0,0.0,0.0,0.0,0.0,0.0,0.0,0.0
53.6196,0.9999958118568111,-0.002196990798649414,0.0007929966788024507,0.001708992842463175,0.0,0.0,9.8087,0.0,0.0,1.0,0.0,0.0,0.0,0.0,0.0,0.0,0.0,0.0
53.6396,0.999995675981046,-0.002257990236365202,0.000792996571052969,0.0017089926102515918,0.0,0.0,9.8051,0.0,0.0,1.0,0.0,0.0,0.0,0.0,0.0,0.0,0.0,0.0
53.6597,0.999995675981046,-0.002257990236365202,0.000792996571052969,0.0017089926102515918,0.0,0.0,9.8087,0.0,0.0,1.0,0.0,0.0,0.0,0.0,0.0,0.0,0.0,0.0
53.6798,0.9999956257482013,-0.002257990122939439,0.0008539962643889636,0.0017089925244035966,0.0,0.0,9.8126,0.0,0.0,1.0,0.0,0.0,0.0,0.0,0.0,0.0,0.0,0.0
53.6998,0.99999543128231,-0.0023189894051436773,0.0009159958150545956,0.0017089921920615536,0.0,0.0,9.7698,0.0,0.0,1.0,0.0,0.0,0.0,0.0,0.0,0.0,0.0,0.0
53.7199,0.9999953903518735,-0.0023799890290374585,0.0009159957775623155,0.001647992403299936,0.0,0.0,9.7981,0.0,0.0,1.0,0.0,0.0,0.0,0.0,0.0,0.0,0.0,0.0
53.74,0.9999953903518735,-0.0023799890290374585,0.0009159957775623155,0.001647992403299936,0.0,0.0,9.8087,0.0,0.0,1.0,0.0,0.0,0.0,0.0,0.0,0.0,0.0,0.0
53.76,0.9999953903518735,-0.0023799890290374585,0.0009159957775623155,0.001647992403299936,0.0,0.0,9.8477,0.0,0.0,1.0,0.0,0.0,0.0,0.0,0.0,0.0,0.0,0.0
53.7801,0.9999953903518735,-0.0023799890290374585,0.0009159957775623155,0.001647992403299936,0.0,0.0,9.8127,0.0,0.0,1.0,0.0,0.0,0.0,0.0,0.0,0.0,0.0,0.0
53.8002,0.999995332616177,-0.0023799888916265013,0.0009769954399660044,0.0016479923081515468,0.0,0.0,9.8164,0.0,0.0,1.0,0.0,0.0,0.0,0.0,0.0,0.0,0.0,0.0
53.8202,0.9999949081843902,-0.002501987260277344,0.0010989944040946443,0.0016479916086878377,0.0,0.0,9.8741,0.0,0.0,1.0,0.0,0.0,0.0,0.0,0.0,0.0,0.0,0.0
53.8403,0.9999949081843902,-0.002501987260277344,0.0010989944040946443,0.0016479916086878377,0.0,0.0,9.7071,0.0,0.0,1.0,0.0,0.0,0.0,0.0,0.0,0.0,0.0,0.0
53.8604,0.9999949379519368,-0.002501987334755746,0.001159994128024246,0.001586991966529672,0.0,0.0,9.7243,0.0,0.0,1.0,0.0,0.0,0.0,0.0,0.0,0.0,0.0,0.0
53.8804,0.9999947834718186,-0.002562986630038271,0.001159993948827309,0.0015869917213698348,0.0,0.0,9.8417,0.0,0.0,1.0,0.0,0.0,0.0,0.0,0.0,0.0,0.0,0.0
53.9005,0.9999946848058773,-0.0025629863771574643,0.0011599938343748175,0.0016479912405600874,0.0,0.0,9.8558,0.0,0.0,1.0,0.0,0.0,0.0,0.0,0.0,0.0,0.0,0.0
53.9206,0.9999946848058773,-0.0025629863771574643,0.0011599938343748175,0.0016479912405600874,0.0,0.0,9.8048,0.0,0.0,1.0,0.0,0.0,0.0,0.0,0.0,0.0,0.0,0.0
53.9406,0.9999944513611816,-0.0026249854348231023,0.001220993225112002,0.0016479908558431622,0.0,0.0,9.8447,0.0,0.0,1.0,0.0,0.0,0.0,0.0,0.0,0.0,0.0,0.0
53.9607,0.9999944513611816,-0.0026249854348231023,0.001220993225112002,0.0016479908558431622,0.0,0.0,9.8447,0.0,0.0,1.0,0.0,0.0,0.0,0.0,0.0,0.0,0.0,0.0
53.9808,0.9999943880442415,-0.002685984926286832,0.0012209931478020185,0.0015869910938262066,0.0,0.0,9.8408,0.0,0.0,1.0,0.0,0.0,0.0,0.0,0.0,0.0,0.0,0.0
54.0008,0.9999943880442415,-0.002685984926286832,0.0012209931478020185,0.0015869910938262066,0.0,0.0,9.8125,0.0,0.0,1.0,0.0,0.0,0.0,0.0,0.0,0.0,0.0,0.0
54.0209,0.9999945500270536,-0.002624985693821016,0.0012209933455830319,0.001586991350893019,0.0,0.0,9.8164,0.0,0.0,1.0,0.0,0.0,0.0,0.0,0.0,0.0,0.0,0.0
54.0411,0.9999943880442415,-0.002685984926286832,0.0012209931478020185,0.0015869910938262066,0.0,0.0,9.8087,0.0,0.0,1.0,0.0,0.0,0.0,0.0,0.0,0.0,0.0,0.0
54.0612,0.9999943117040355,-0.00268598472123704,0.0012819927076045733,0.0015869909726743405,0.0,0.0,9.8051,0.0,0.0,1.0,0.0,0.0,0.0,0.0,0.0,0.0,0.0,0.0
54.0812,0.9999943117040355,-0.00268598472123704,0.0012819927076045733,0.0015869909726743405,0.0,0.0,9.8479,0.0,0.0,1.0,0.0,0.0,0.0,0.0,0.0,0.0,0.0,0.0
54.1013,0.9999942316429113,-0.0026859845061928604,0.0013429922530964295,0.0015869908456173643,0.0,0.0,9.805,0.0,0.0,1.0,0.0,0.0,0.0,0.0,0.0,0.0,0.0,0.0
54.1214,0.9999942316429113,-0.0026859845061928604,0.0013429922530964295,0.0015869908456173643,0.0,0.0,9.8051,0.0,0.0,1.0,0.0,0.0,0.0,0.0,0.0,0.0,0.0,0.0
54.1415,0.9999942316429113,-0.0026859845061928604,0.0013429922530964295,0.0015869908456173643,0.0,0.0,9.7658,0.0,0.0,1.0,0.0,0.0,0.0,0.0,0.0,0.0,0.0,0.0
54.1615,0.9999942316429113,-0.0026859845061928604,0.0013429922530964295,0.0015869908456173643,0.0,0.0,9.8166,0.0,0.0,1.0,0.0,0.0,0.0,0.0,0.0,0.0,0.0,0.0
54.1816,0.9999941478608717,-0.002685984281154302,0.0014039917835966637,0.0015869907126550566,0.0,0.0,9.805,0.0,0.0,1.0,0.0,0.0,0.0,0.0,0.0,0.0,0.0,0.0
54.2017,0.9999939821573222,-0.002746983468986164,0.0014039915509488799,0.0015869904496835785,0.0,0.0,9.8443,0.0,0.0,1.0,0.0,0.0,0.0,0.0,0.0,0.0,0.0,0.0
54.2217,0.9999939821573222,-0.002746983468986164,0.0014039915509488799,0.0015869904496835785,0.0,0.0,9.8087,0.0,0.0,1.0,0.0,0.0,0.0,0.0,0.0,0.0,0.0,0.0
54.2418,0.9999940603579195,-0.002685984046121373,0.001464991298424352,0.0015869905737880277,0.0,0.0,9.805,0.0,0.0,1.0,0.0,0.0,0.0,0.0,0.0,0.0,0.0,0.0
54.2619,0.9999940603579195,-0.002685984046121373,0.001464991298424352,0.0015869905737880277,0.0,0.0,9.8087,0.0,0.0,1.0,0.0,0.0,0.0,0.0,0.0,0.0,0.0,0.0
54.2819,0.9999938946544134,-0.0027469832286156734,0.0014649910556687154,0.0015869903108165495,0.0,0.0,9.8478,0.0,0.0,1.0,0.0,0.0,0.0,0.0,0.0,0.0,0.0,0.0
54.302,0.9999938946544134,-0.0027469832286156734,0.0014649910556687154,0.0015869903108165495,0.0,0.0,9.7698,0.0,0.0,1.0,0.0,0.0,0.0,0.0,0.0,0.0,0.0,0.0
54.3221,0.9999938946544134,-0.0027469832286156734,0.0014649910556687154,0.0015869903108165495,0.0,0.0,9.805,0.0,0.0,1.0,0.0,0.0,0.0,0.0,0.0,0.0,0.0,0.0
54.3421,0.9999939821573222,-0.002746983468986164,0.0014039915509488799,0.0015869904496835785,0.0,0.0,9.805,0.0,0.0,1.0,0.0,0.0,0.0,0.0,0.0,0.0,0.0,0.0
54.3622,0.9999939821573222,-0.002746983468986164,0.0014039915509488799,0.0015869904496835785,0.0,0.0,9.8087,0.0,0.0,1.0,0.0,0.0,0.0,0.0,0.0,0.0,0.0,0.0
54.3823,0.9999939821573222,-0.002746983468986164,0.0014039915509488799,0.0015869904496835785,0.0,0.0,9.8164,0.0,0.0,1.0,0.0,0.0,0.0,0.0,0.0,0.0,0.0,0.0
54.4023,0.999993907677675,-0.002807982892758911,0.0014039914463794556,0.0015259907031162645,0.0,0.0,9.7697,0.0,0.0,1.0,0.0,0.0,0.0,0.0,0.0,0.0,0.0,0.0
54.4224,0.9999938201747859,-0.0028079826470507993,0.001464990946556061,0.0015259905695867437,0.0,0.0,9.805,0.0,0.0,1.0,0.0,0.0,0.0,0.0,0.0,0.0,0.0,0.0
54.4425,0.9999938201747859,-0.0028079826470507993,0.001464990946556061,0.0015259905695867437,0.0,0.0,9.8092,0.0,0.0,1.0,0.0,0.0,0.0,0.0,0.0,0.0,0.0,0.0
54.4626,0.9999937345323847,-0.0028689820243734117,0.0014039912032834682,0.001525990438896452,0.0,0.0,9.8092,0.0,0.0,1.0,0.0,0.0,0.0,0.0,0.0,0.0,0.0,0.0
54.4826,0.9999937345323847,-0.0028689820243734117,0.0014039912032834682,0.001525990438896452,0.0,0.0,9.8447,0.0,0.0,1.0,0.0,0.0,0.0,0.0,0.0,0.0,0.0,0.0
54.5027,0.9999935576662561,-0.002929981123962131,0.0014039909549634232,0.0015259901689987367,0.0,0.0,9.7981,0.0,0.0,1.0,0.0,0.0,0.0,0.0,0.0,0.0,0.0,0.0
54.5228,0.9999937233695947,-0.002868981992347367,0.0013429915704853647,0.0015869900389874902,0.0,0.0,9.8021,0.0,0.0,1.0,0.0,0.0,0.0,0.0,0.0,0.0,0.0,0.0
54.5428,0.9999939765759229,-0.002807983086225192,0.0012819922779703325,0.0015869904408259972,0.0,0.0,9.7662,0.0,0.0,1.0,0.0,0.0,0.0,0.0,0.0,0.0,0.0,0.0
54.5629,0.9999943117040355,-0.00268598472123704,0.0012819927076045733,0.0015869909726743405,0.0,0.0,9.8166,0.0,0.0,1.0,0.0,0.0,0.0,0.0,0.0,0.0,0.0,0.0
54.583,0.9999945500270536,-0.002624985693821016,0.0012209933455830319,0.001586991350893019,0.0,0.0,9.8909,0.0,0.0,1.0,0.0,0.0,0.0,0.0,0.0,0.0,0.0,0.0
54.6031,0.9999946226463743,-0.0026249858844467327,0.0011599937622697935,0.001586991466139831,0.0,0.0,9.8087,0.0,0.0,1.0,0.0,0.0,0.0,0.0,0.0,0.0,0.0,0.0
54.6231,0.9999946226463743,-0.0026249858844467327,0.0011599937622697935,0.001586991466139831,0.0,0.0,9.8125,0.0,0.0,1.0,0.0,0.0,0.0,0.0,0.0,0.0,0.0,0.0
54.6432,0.9999947864897714,-0.0026249863145356503,0.0010989942703522582,0.0015259920441834107,0.0,0.0,9.8477,0.0,0.0,1.0,0.0,0.0,0.0,0.0,0.0,0.0,0.0,0.0
54.6633,0.9999948523702475,-0.002562986806624944,0.0010989943427549016,0.0015869918307115372,0.0,0.0,9.8478,0.0,0.0,1.0,0.0,0.0,0.0,0.0,0.0,0.0,0.0,0.0
54.6833,0.9999947864897714,-0.0026249863145356503,0.0010989942703522582,0.0015259920441834107,0.0,0.0,9.7662,0.0,0.0,1.0,0.0,0.0,0.0,0.0,0.0,0.0,0.0,0.0
54.7034,0.9999949473152947,-0.0025629870499691005,0.0010989944470995083,0.0015259922896031508,0.0,0.0,9.8946,0.0,0.0,1.0,0.0,0.0,0.0,0.0,0.0,0.0,0.0,0.0
54.7235,0.9999949175477473,-0.0025629869736748774,0.0010379947244145617,0.001586991934148241,0.0,0.0,9.8048,0.0,0.0,1.0,0.0,0.0,0.0,0.0,0.0,0.0,0.0,0.0
54.7435,0.9999946915447698,-0.002624986065305021,0.0010989941660077013,0.0015869915754814778,0.0,0.0,9.8485,0.0,0.0,1.0,0.0,0.0,0.0,0.0,0.0,0.0,0.0,0.0
54.7636,0.9999946245068443,-0.0026859855614253837,0.0010989940923330213,0.0015259917969974168,0.0,0.0,9.8022,0.0,0.0,1.0,0.0,0.0,0.0,0.0,0.0,0.0,0.0,0.0
54.7837,0.9999947864897714,-0.0026249863145356503,0.0010989942703522582,0.0015259920441834107,0.0,0.0,9.8087,0.0,0.0,1.0,0.0,0.0,0.0,0.0,0.0,0.0,0.0,0.0
54.8038,0.9999949473152947,-0.0025629870499691005,0.0010989944470995083,0.0015259922896031508,0.0,0.0,9.8165,0.0,0.0,1.0,0.0,0.0,0.0,0.0,0.0,0.0,0.0,0.0
54.8238,0.9999950385394244,-0.002562987283776545,0.001098994547354827,0.001464992731460224,0.0,0.0,9.7697,0.0,0.0,1.0,0.0,0.0,0.0,0.0,0.0,0.0,0.0,0.0
54.8439,0.999994877713857,-0.0026249865539988747,0.001098994370607528,0.0014649924958507476,0.0,0.0,9.8051,0.0,0.0,1.0,0.0,0.0,0.0,0.0,0.0,0.0,0.0,0.0
54.864,0.9999947864897714,-0.0026249863145356503,0.0010989942703522582,0.0015259920441834107,0.0,0.0,9.8087,0.0,0.0,1.0,0.0,0.0,0.0,0.0,0.0,0.0,0.0,0.0
54.884,0.9999947864897714,-0.0026249863145356503,0.0010989942703522582,0.0015259920441834107,0.0,0.0,9.7698,0.0,0.0,1.0,0.0,0.0,0.0,0.0,0.0,0.0,0.0,0.0
54.9041,0.9999947864897714,-0.0026249863145356503,0.0010989942703522582,0.0015259920441834107,0.0,0.0,9.8443,0.0,0.0,1.0,0.0,0.0,0.0,0.0,0.0,0.0,0.0,0.0
54.9242,0.9999947864897714,-0.0026249863145356503,0.0010989942703522582,0.0015259920441834107,0.0,0.0,9.7697,0.0,0.0,1.0,0.0,0.0,0.0,0.0,0.0,0.0,0.0,0.0
54.9443,0.9999947864897714,-0.0026249863145356503,0.0010989942703522582,0.0015259920441834107,0.0,0.0,9.8126,0.0,0.0,1.0,0.0,0.0,0.0,0.0,0.0,0.0,0.0,0.0
54.9643,0.9999948516672583,-0.0026249864856265535,0.0010379946560306137,0.0015259921436443502,0.0,0.0,9.8164,0.0,0.0,1.0,0.0,0.0,0.0,0.0,0.0,0.0,0.0,0.0
54.9844,0.9999946896842995,-0.002685985736492029,0.0010379944878923025,0.0015259918964581898,0.0,0.0,9.8408,0.0,0.0,1.0,0.0,0.0,0.0,0.0,0.0,0.0,0.0,0.0
55.0045,0.9999946896842995,-0.002685985736492029,0.0010379944878923025,0.0015259918964581898,0.0,0.0,9.8052,0.0,0.0,1.0,0.0,0.0,0.0,0.0,0.0,0.0,0.0,0.0
55.0245,0.9999949131238147,-0.002624986646950014,0.0009769950301219668,0.0015259922374268322,0.0,0.0,9.7735,0.0,0.0,1.0,0.0,0.0,0.0,0.0,0.0,0.0,0.0,0.0
55.0446,0.999994751140826,-0.002685985901564259,0.0009769948718645867,0.0015259919902409487,0.0,0.0,9.8164,0.0,0.0,1.0,0.0,0.0,0.0,0.0,0.0,0.0,0.0,0.0
55.0647,0.9999946561958346,-0.0026859856465420127,0.00097699477910333,0.0015869915193827406,0.0,0.0,9.7698,0.0,0.0,1.0,0.0,0.0,0.0,0.0,0.0,0.0,0.0,0.0
55.0847,0.9999947139314141,-0.0026859858016197785,0.0009159951579611748,0.0015869916110091142,0.0,0.0,9.7774,0.0,0.0,1.0,0.0,0.0,0.0,0.0,0.0,0.0,0.0,0.0
55.1048,0.9999947139314141,-0.0026859858016197785,0.0009159951579611748,0.0015869916110091142,0.0,0.0,9.8087,0.0,0.0,1.0,0.0,0.0,0.0,0.0,0.0,0.0,0.0,0.0
55.1249,0.9999947139314141,-0.0026859858016197785,0.0009159951579611748,0.0015869916110091142,0.0,0.0,9.8052,0.0,0.0,1.0,0.0,0.0,0.0,0.0,0.0,0.0,0.0,0.0
55.145,0.9999946152654934,-0.0026859855366031153,0.0009159950675831915,0.001647991125957482,0.0,0.0,9.766,0.0,0.0,1.0,0.0,0.0,0.0,0.0,0.0,0.0,0.0,0.0
55.165,0.9999946701346115,-0.002685985683981567,0.0008539954482949579,0.001647991216381928,0.0,0.0,9.8048,0.0,0.0,1.0,0.0,0.0,0.0,0.0,0.0,0.0,0.0,0.0
55.1851,0.9999946701346115,-0.002685985683981567,0.0008539954482949579,0.001647991216381928,0.0,0.0,9.8087,0.0,0.0,1.0,0.0,0.0,0.0,0.0,0.0,0.0,0.0,0.0
55.2052,0.9999946701346115,-0.002685985683981567,0.0008539954482949579,0.001647991216381928,0.0,0.0,9.8087,0.0,0.0,1.0,0.0,0.0,0.0,0.0,0.0,0.0,0.0,0.0
55.2252,0.9999946701346115,-0.002685985683981567,0.0008539954482949579,0.001647991216381928,0.0,0.0,9.8087,0.0,0.0,1.0,0.0,0.0,0.0,0.0,0.0,0.0,0.0,0.0
55.2453,0.9999945677477644,-0.002685985408970495,0.0008539953608565906,0.0017089907162808893,0.0,0.0,9.8439,0.0,0.0,1.0,0.0,0.0,0.0,0.0,0.0,0.0,0.0,0.0
55.2654,0.9999945677477644,-0.002685985408970495,0.0008539953608565906,0.0017089907162808893,0.0,0.0,9.8125,0.0,0.0,1.0,0.0,0.0,0.0,0.0,0.0,0.0,0.0,0.0
55.2854,0.9999945128786631,-0.0026859852615920892,0.000915994973796855,0.0017089906225096763,0.0,0.0,9.805,0.0,0.0,1.0,0.0,0.0,0.0,0.0,0.0,0.0,0.0,0.0
55.3055,0.9999945677477644,-0.002685985408970495,0.0008539953608565906,0.0017089907162808893,0.0,0.0,9.8087,0.0,0.0,1.0,0.0,0.0,0.0,0.0,0.0,0.0,0.0,0.0
55.3256,0.9999945677477644,-0.002685985408970495,0.0008539953608565906,0.0017089907162808893,0.0,0.0,9.7658,0.0,0.0,1.0,0.0,0.0,0.0,0.0,0.0,0.0,0.0,0.0
55.3457,0.9999945677477644,-0.002685985408970495,0.0008539953608565906,0.0017089907162808893,0.0,0.0,9.8017,0.0,0.0,1.0,0.0,0.0,0.0,0.0,0.0,0.0,0.0,0.0
55.3657,0.9999946152654934,-0.0026859855366031153,0.0009159950675831915,0.001647991125957482,0.0,0.0,9.8166,0.0,0.0,1.0,0.0,0.0,0.0,0.0,0.0,0.0,0.0,0.0
55.3858,0.9999948321175608,-0.0026249864343085975,0.0008539955866283967,0.0016479914833297806,0.0,0.0,9.8164,0.0,0.0,1.0,0.0,0.0,0.0,0.0,0.0,0.0,0.0,0.0
55.4059,0.9999948823502858,-0.0026249865661695008,0.000792995941703776,0.0016479915661132822,0.0,0.0,9.8125,0.0,0.0,1.0,0.0,0.0,0.0,0.0,0.0,0.0,0.0,0.0
55.4259,0.9999948823502858,-0.0026249865661695008,0.000792995941703776,0.0016479915661132822,0.0,0.0,9.766,0.0,0.0,1.0,0.0,0.0,0.0,0.0,0.0,0.0,0.0,0.0
55.446,0.9999948321175608,-0.0026249864343085975,0.0008539955866283967,0.0016479914833297806,0.0,0.0,9.805,0.0,0.0,1.0,0.0,0.0,0.0,0.0,0.0,0.0,0.0,0.0
55.4661,0.9999948321175608,-0.0026249864343085975,0.0008539955866283967,0.0016479914833297806,0.0,0.0,9.8087,0.0,0.0,1.0,0.0,0.0,0.0,0.0,0.0,0.0,0.0,0.0
55.4861,0.9999948321175608,-0.0026249864343085975,0.0008539955866283967,0.0016479914833297806,0.0,0.0,9.8087,0.0,0.0,1.0,0.0,0.0,0.0,0.0,0.0,0.0,0.0,0.0
55.5062,0.9999948321175608,-0.0026249864343085975,0.0008539955866283967,0.0016479914833297806,0.0,0.0,9.8087,0.0,0.0,1.0,0.0,0.0,0.0,0.0,0.0,0.0,0.0,0.0
55.5263,0.9999948321175608,-0.0026249864343085975,0.0008539955866283967,0.0016479914833297806,0.0,0.0,9.8555,0.0,0.0,1.0,0.0,0.0,0.0,0.0,0.0,0.0,0.0,0.0
55.5463,0.9999948321175608,-0.0026249864343085975,0.0008539955866283967,0.0016479914833297806,0.0,0.0,9.8166,0.0,0.0,1.0,0.0,0.0,0.0,0.0,0.0,0.0,0.0,0.0
55.5664,0.9999948321175608,-0.0026249864343085975,0.0008539955866283967,0.0016479914833297806,0.0,0.0,9.8051,0.0,0.0,1.0,0.0,0.0,0.0,0.0,0.0,0.0,0.0,0.0
55.5865,0.9999949307835457,-0.002624986693306808,0.0008539956708891477,0.001586991955153494,0.0,0.0,9.8051,0.0,0.0,1.0,0.0,0.0,0.0,0.0,0.0,0.0,0.0,0.0
55.6065,0.9999949307835457,-0.002624986693306808,0.0008539956708891477,0.001586991955153494,0.0,0.0,9.8166,0.0,0.0,1.0,0.0,0.0,0.0,0.0,0.0,0.0,0.0,0.0
55.6266,0.9999948759143847,-0.00262498654927526,0.0009159953063375758,0.001586991868076093,0.0,0.0,9.8087,0.0,0.0,1.0,0.0,0.0,0.0,0.0,0.0,0.0,0.0,0.0
55.6467,0.9999949307835457,-0.002624986693306808,0.0008539956708891477,0.001586991955153494,0.0,0.0,9.8481,0.0,0.0,1.0,0.0,0.0,0.0,0.0,0.0,0.0,0.0,0.0
55.6667,0.9999949307835457,-0.002624986693306808,0.0008539956708891477,0.001586991955153494,0.0,0.0,9.8087,0.0,0.0,1.0,0.0,0.0,0.0,0.0,0.0,0.0,0.0,0.0
55.6868,0.9999950367399512,-0.0025629872791644954,0.0009159954536537949,0.0015869921233063189,0.0,0.0,9.8166,0.0,0.0,1.0,0.0,0.0,0.0,0.0,0.0,0.0,0.0,0.0
55.7069,0.9999948759143847,-0.00262498654927526,0.0009159953063375758,0.001586991868076093,0.0,0.0,9.805,0.0,0.0,1.0,0.0,0.0,0.0,0.0,0.0,0.0,0.0,0.0
55.7269,0.9999948759143847,-0.00262498654927526,0.0009159953063375758,0.001586991868076093,0.0,0.0,9.8442,0.0,0.0,1.0,0.0,0.0,0.0,0.0,0.0,0.0,0.0,0.0
55.747,0.9999950916091387,-0.002562987419794223,0.0008539958082342041,0.0015869922103838308,0.0,0.0,9.8048,0.0,0.0,1.0,0.0,0.0,0.0,0.0,0.0,0.0,0.0,0.0
55.7671,0.9999949380739349,-0.0025629870262834954,0.0009159953632757242,0.0016479916579458798,0.0,0.0,9.7697,0.0,0.0,1.0,0.0,0.0,0.0,0.0,0.0,0.0,0.0,0.0
55.7871,0.9999950925541248,-0.0025019877215704204,0.0009159955047795779,0.0016479919125291786,0.0,0.0,9.805,0.0,0.0,1.0,0.0,0.0,0.0,0.0,0.0,0.0,0.0,0.0
55.8072,0.9999949380739349,-0.0025629870262834954,0.0009159953632757242,0.0016479916579458798,0.0,0.0,9.805,0.0,0.0,1.0,0.0,0.0,0.0,0.0,0.0,0.0,0.0,0.0
55.8273,0.9999949380739349,-0.0025629870262834954,0.0009159953632757242,0.0016479916579458798,0.0,0.0,9.805,0.0,0.0,1.0,0.0,0.0,0.0,0.0,0.0,0.0,0.0,0.0
55.8473,0.9999949929431062,-0.002562987166913182,0.0008539957239734122,0.0016479917483701592,0.0,0.0,9.8477,0.0,0.0,1.0,0.0,0.0,0.0,0.0,0.0,0.0,0.0,0.0
55.8674,0.9999949929431062,-0.002562987166913182,0.0008539957239734122,0.0016479917483701592,0.0,0.0,9.7658,0.0,0.0,1.0,0.0,0.0,0.0,0.0,0.0,0.0,0.0,0.0
55.8875,0.9999949929431062,-0.002562987166913182,0.0008539957239734122,0.0016479917483701592,0.0,0.0,9.7662,0.0,0.0,1.0,0.0,0.0,0.0,0.0,0.0,0.0,0.0,0.0
55.9075,0.9999949380739349,-0.0025629870262834954,0.0009159953632757242,0.0016479916579458798,0.0,0.0,9.7698,0.0,0.0,1.0,0.0,0.0,0.0,0.0,0.0,0.0,0.0,0.0
55.9276,0.9999949929431062,-0.002562987166913182,0.0008539957239734122,0.0016479917483701592,0.0,0.0,9.809,0.0,0.0,1.0,0.0,0.0,0.0,0.0,0.0,0.0,0.0,0.0
55.9477,0.9999949929431062,-0.002562987166913182,0.0008539957239734122,0.0016479917483701592,0.0,0.0,9.8089,0.0,0.0,1.0,0.0,0.0,0.0,0.0,0.0,0.0,0.0,0.0
55.9677,0.9999951474233215,-0.0025019878588531503,0.0008539958558995162,0.0016479920029536799,0.0,0.0,9.8166,0.0,0.0,1.0,0.0,0.0,0.0,0.0,0.0,0.0,0.0,0.0
55.9878,0.9999950925541248,-0.0025019877215704204,0.0009159955047795779,0.0016479919125291786,0.0,0.0,9.805,0.0,0.0,1.0,0.0,0.0,0.0,0.0,0.0,0.0,0.0,0.0
56.0079,0.9999949380739349,-0.0025629870262834954,0.0009159953632757242,0.0016479916579458798,0.0,0.0,9.7981,0.0,0.0,1.0,0.0,0.0,0.0,0.0,0.0,0.0,0.0,0.0
56.0279,0.9999949380739349,-0.0025629870262834954,0.0009159953632757242,0.0016479916579458798,0.0,0.0,9.7704,0.0,0.0,1.0,0.0,0.0,0.0,0.0,0.0,0.0,0.0,0.0
56.048,0.9999951474233215,-0.0025019878588531503,0.0008539958558995162,0.0016479920029536799,0.0,0.0,9.8088,0.0,0.0,1.0,0.0,0.0,0.0,0.0,0.0,0.0,0.0,0.0
56.0681,0.9999951976560941,-0.0025019879845355475,0.0007929961917412824,0.0016479920857371821,0.0,0.0,9.8088,0.0,0.0,1.0,0.0,0.0,0.0,0.0,0.0,0.0,0.0,0.0
56.0882,0.9999951474233215,-0.0025019878588531503,0.0008539958558995162,0.0016479920029536799,0.0,0.0,9.8164,0.0,0.0,1.0,0.0,0.0,0.0,0.0,0.0,0.0,0.0,0.0
56.1082,0.9999951474233215,-0.0025019878588531503,0.0008539958558995162,0.0016479920029536799,0.0,0.0,9.8052,0.0,0.0,1.0,0.0,0.0,0.0,0.0,0.0,0.0,0.0,0.0
56.1283,0.9999951474233215,-0.0025019878588531503,0.0008539958558995162,0.0016479920029536799,0.0,0.0,9.8443,0.0,0.0,1.0,0.0,0.0,0.0,0.0,0.0,0.0,0.0,0.0
56.1484,0.9999951474233215,-0.0025019878588531503,0.0008539958558995162,0.0016479920029536799,0.0,0.0,9.8087,0.0,0.0,1.0,0.0,0.0,0.0,0.0,0.0,0.0,0.0,0.0
56.1684,0.9999951474233215,-0.0025019878588531503,0.0008539958558995162,0.0016479920029536799,0.0,0.0,9.8164,0.0,0.0,1.0,0.0,0.0,0.0,0.0,0.0,0.0,0.0,0.0
56.1885,0.9999951474233215,-0.0025019878588531503,0.0008539958558995162,0.0016479920029536799,0.0,0.0,9.8127,0.0,0.0,1.0,0.0,0.0,0.0,0.0,0.0,0.0,0.0,0.0
56.2086,0.9999951474233215,-0.0025019878588531503,0.0008539958558995162,0.0016479920029536799,0.0,0.0,9.7307,0.0,0.0,1.0,0.0,0.0,0.0,0.0,0.0,0.0,0.0,0.0
56.2287,0.9999951474233215,-0.0025019878588531503,0.0008539958558995162,0.0016479920029536799,0.0,0.0,9.7698,0.0,0.0,1.0,0.0,0.0,0.0,0.0,0.0,0.0,0.0,0.0
56.2487,0.9999951474233215,-0.0025019878588531503,0.0008539958558995162,0.0016479920029536799,0.0,0.0,9.8087,0.0,0.0,1.0,0.0,0.0,0.0,0.0,0.0,0.0,0.0,0.0
56.2688,0.9999951474233215,-0.0025019878588531503,0.0008539958558995162,0.0016479920029536799,0.0,0.0,9.7662,0.0,0.0,1.0,0.0,0.0,0.0,0.0,0.0,0.0,0.0,0.0
56.2889,0.9999951474233215,-0.0025019878588531503,0.0008539958558995162,0.0016479920029536799,0.0,0.0,9.7774,0.0,0.0,1.0,0.0,0.0,0.0,0.0,0.0,0.0,0.0,0.0
56.3089,0.9999952981826609,-0.0024409885228638753,0.000853995984647992,0.0016479922514051062,0.0,0.0,9.8088,0.0,0.0,1.0,0.0,0.0,0.0,0.0,0.0,0.0,0.0,0.0
56.329,0.9999952981826609,-0.0024409885228638753,0.000853995984647992,0.0016479922514051062,0.0,0.0,9.8048,0.0,0.0,1.0,0.0,0.0,0.0,0.0,0.0,0.0,0.0,0.0
56.3491,0.9999952981826609,-0.0024409885228638753,0.000853995984647992,0.0016479922514051062,0.0,0.0,9.7697,0.0,0.0,1.0,0.0,0.0,0.0,0.0,0.0,0.0,0.0,0.0
56.3691,0.9999952981826609,-0.0024409885228638753,0.000853995984647992,0.0016479922514051062,0.0,0.0,9.8052,0.0,0.0,1.0,0.0,0.0,0.0,0.0,0.0,0.0,0.0,0.0
56.3892,0.9999952981826609,-0.0024409885228638753,0.000853995984647992,0.0016479922514051062,0.0,0.0,9.8479,0.0,0.0,1.0,0.0,0.0,0.0,0.0,0.0,0.0,0.0,0.0
56.4093,0.9999952981826609,-0.0024409885228638753,0.000853995984647992,0.0016479922514051062,0.0,0.0,9.7704,0.0,0.0,1.0,0.0,0.0,0.0,0.0,0.0,0.0,0.0,0.0
56.4294,0.9999952981826609,-0.0024409885228638753,0.000853995984647992,0.0016479922514051062,0.0,0.0,9.8052,0.0,0.0,1.0,0.0,0.0,0.0,0.0,0.0,0.0,0.0,0.0
56.4495,0.9999952981826609,-0.0024409885228638753,0.000853995984647992,0.0016479922514051062,0.0,0.0,9.848,0.0,0.0,1.0,0.0,0.0,0.0,0.0,0.0,0.0,0.0,0.0
56.4696,0.9999952981826609,-0.0024409885228638753,0.000853995984647992,0.0016479922514051062,0.0,0.0,9.8129,0.0,0.0,1.0,0.0,0.0,0.0,0.0,0.0,0.0,0.0,0.0
56.4897,0.9999952981826609,-0.0024409885228638753,0.000853995984647992,0.0016479922514051062,0.0,0.0,9.8126,0.0,0.0,1.0,0.0,0.0,0.0,0.0,0.0,0.0,0.0,0.0
56.5098,0.9999952981826609,-0.0024409885228638753,0.000853995984647992,0.0016479922514051062,0.0,0.0,9.8017,0.0,0.0,1.0,0.0,0.0,0.0,0.0,0.0,0.0,0.0,0.0
56.5299,0.9999952981826609,-0.0024409885228638753,0.000853995984647992,0.0016479922514051062,0.0,0.0,9.7986,0.0,0.0,1.0,0.0,0.0,0.0,0.0,0.0,0.0,0.0,0.0
56.55,0.9999952981826609,-0.0024409885228638753,0.000853995984647992,0.0016479922514051062,0.0,0.0,9.8094,0.0,0.0,1.0,0.0,0.0,0.0,0.0,0.0,0.0,0.0,0.0
56.5701,0.9999952981826609,-0.0024409885228638753,0.000853995984647992,0.0016479922514051062,0.0,0.0,9.8164,0.0,0.0,1.0,0.0,0.0,0.0,0.0,0.0,0.0,0.0,0.0
56.5902,0.9999952981826609,-0.0024409885228638753,0.000853995984647992,0.0016479922514051062,0.0,0.0,9.8088,0.0,0.0,1.0,0.0,0.0,0.0,0.0,0.0,0.0,0.0,0.0
56.6103,0.9999952981826609,-0.0024409885228638753,0.000853995984647992,0.0016479922514051062,0.0,0.0,9.8131,0.0,0.0,1.0,0.0,0.0,0.0,0.0,0.0,0.0,0.0,0.0
56.6304,0.9999952981826609,-0.0024409885228638753,0.000853995984647992,0.0016479922514051062,0.0,0.0,9.8125,0.0,0.0,1.0,0.0,0.0,0.0,0.0,0.0,0.0,0.0,0.0
56.6505,0.9999952981826609,-0.0024409885228638753,0.000853995984647992,0.0016479922514051062,0.0,0.0,9.7697,0.0,0.0,1.0,0.0,0.0,0.0,0.0,0.0,0.0,0.0,0.0
56.6706,0.9999952981826609,-0.0024409885228638753,0.000853995984647992,0.0016479922514051062,0.0,0.0,9.6771,0.0,0.0,1.0,0.0,0.0,0.0,0.0,0.0,0.0,0.0,0.0
56.6906,0.9999952981826609,-0.0024409885228638753,0.000853995984647992,0.0016479922514051062,0.0,0.0,9.8443,0.0,0.0,1.0,0.0,0.0,0.0,0.0,0.0,0.0,0.0,0.0
56.7108,0.9999953484154561,-0.0024409886454821285,0.0007929963112934564,0.0016479923341886638,0.0,0.0,9.8439,0.0,0.0,1.0,0.0,0.0,0.0,0.0,0.0,0.0,0.0,0.0
56.7309,0.9999953949273104,-0.002440988759017565,0.0007319966290867907,0.0016479924108403488,0.0,0.0,9.7658,0.0,0.0,1.0,0.0,0.0,0.0,0.0,0.0,0.0,0.0,0.0
56.751,0.9999953949273104,-0.002440988759017565,0.0007319966290867907,0.0016479924108403488,0.0,0.0,9.7735,0.0,0.0,1.0,0.0,0.0,0.0,0.0,0.0,0.0,0.0,0.0
56.7711,0.9999951976560941,-0.0025019879845355475,0.0007929961917412824,0.0016479920857371821,0.0,0.0,9.8834,0.0,0.0,1.0,0.0,0.0,0.0,0.0,0.0,0.0,0.0,0.0
56.7912,0.9999949929431062,-0.002562987166913182,0.0008539957239734122,0.0016479917483701592,0.0,0.0,9.8443,0.0,0.0,1.0,0.0,0.0,0.0,0.0,0.0,0.0,0.0,0.0
56.8113,0.9999949929431062,-0.002562987166913182,0.0008539957239734122,0.0016479917483701592,0.0,0.0,9.766,0.0,0.0,1.0,0.0,0.0,0.0,0.0,0.0,0.0,0.0,0.0
56.8314,0.9999950916091387,-0.002562987419794223,0.0008539958082342041,0.0015869922103838308,0.0,0.0,9.7756,0.0,0.0,1.0,0.0,0.0,0.0,0.0,0.0,0.0,0.0,0.0
56.8514,0.9999949929431062,-0.002562987166913182,0.0008539957239734122,0.0016479917483701592,0.0,0.0,9.731,0.0,0.0,1.0,0.0,0.0,0.0,0.0,0.0,0.0,0.0,0.0
56.8716,0.9999951324785394,-0.002562987524542497,0.0006709967338930997,0.001647991978324659,0.0,0.0,9.8119,0.0,0.0,1.0,0.0,0.0,0.0,0.0,0.0,0.0,0.0,0.0
56.8917,0.9999951324785394,-0.002562987524542497,0.0006709967338930997,0.001647991978324659,0.0,0.0,9.8518,0.0,0.0,1.0,0.0,0.0,0.0,0.0,0.0,0.0,0.0,0.0
56.9118,0.9999951976560941,-0.0025019879845355475,0.0007929961917412824,0.0016479920857371821,0.0,0.0,9.7739,0.0,0.0,1.0,0.0,0.0,0.0,0.0,0.0,0.0,0.0,0.0
56.9319,0.9999949929431062,-0.002562987166913182,0.0008539957239734122,0.0016479917483701592,0.0,0.0,9.805,0.0,0.0,1.0,0.0,0.0,0.0,0.0,0.0,0.0,0.0,0.0
56.952,0.9999948823502858,-0.0026249865661695008,0.000792995941703776,0.0016479915661132822,0.0,0.0,9.7662,0.0,0.0,1.0,0.0,0.0,0.0,0.0,0.0,0.0,0.0,0.0
56.972,0.9999947203673121,-0.0026859858189066006,0.0007929958132512783,0.001647991299165319,0.0,0.0,9.7981,0.0,0.0,1.0,0.0,0.0,0.0,0.0,0.0,0.0,0.0,0.0
56.9921,0.9999948823502858,-0.0026249865661695008,0.000792995941703776,0.0016479915661132822,0.0,0.0,9.8164,0.0,0.0,1.0,0.0,0.0,0.0,0.0,0.0,0.0,0.0,0.0
57.0122,0.999995089687667,-0.002562987414869491,0.0007319964056513719,0.0016479919078052352,0.0,0.0,9.8127,0.0,0.0,1.0,0.0,0.0,0.0,0.0,0.0,0.0,0.0,0.0
57.0322,0.999995089687667,-0.002562987414869491,0.0007319964056513719,0.0016479919078052352,0.0,0.0,9.8087,0.0,0.0,1.0,0.0,0.0,0.0,0.0,0.0,0.0,0.0,0.0
57.0523,0.9999951883537281,-0.0025629876677506058,0.0007319964778749287,0.001586992363917461,0.0,0.0,9.8087,0.0,0.0,1.0,0.0,0.0,0.0,0.0,0.0,0.0,0.0,0.0
57.0724,0.999995089687667,-0.002562987414869491,0.0007319964056513719,0.0016479919078052352,0.0,0.0,9.8091,0.0,0.0,1.0,0.0,0.0,0.0,0.0,0.0,0.0,0.0,0.0
57.0924,0.9999951883537281,-0.0025629876677506058,0.0007319964778749287,0.001586992363917461,0.0,0.0,9.8165,0.0,0.0,1.0,0.0,0.0,0.0,0.0,0.0,0.0,0.0,0.0
57.1125,0.9999951418419029,-0.002562987548540797,0.0007929961474806283,0.0015869922901031175,0.0,0.0,9.7985,0.0,0.0,1.0,0.0,0.0,0.0,0.0,0.0,0.0,0.0,0.0
57.1326,0.9999949307835457,-0.002624986693306808,0.0008539956708891477,0.001586991955153494,0.0,0.0,9.8098,0.0,0.0,1.0,0.0,0.0,0.0,0.0,0.0,0.0,0.0,0.0
57.1526,0.9999950275280886,-0.0026249869472612327,0.0007319963601505606,0.0015869921086871244,0.0,0.0,9.8798,0.0,0.0,1.0,0.0,0.0,0.0,0.0,0.0,0.0,0.0,0.0
57.1727,0.9999950275280886,-0.0026249869472612327,0.0007319963601505606,0.0015869921086871244,0.0,0.0,9.8444,0.0,0.0,1.0,0.0,0.0,0.0,0.0,0.0,0.0,0.0,0.0
57.1928,0.9999952311446132,-0.0025629877774236438,0.000670996800098035,0.0015869924318264728,0.0,0.0,9.7345,0.0,0.0,1.0,0.0,0.0,0.0,0.0,0.0,0.0,0.0,0.0
57.2128,0.999995342834034,-0.002501988347770753,0.0007319965909545127,0.0015869926090776865,0.0,0.0,9.7857,0.0,0.0,1.0,0.0,0.0,0.0,0.0,0.0,0.0,0.0,0.0
57.2329,0.9999951883537281,-0.0025629876677506058,0.0007319964778749287,0.001586992363917461,0.0,0.0,9.8051,0.0,0.0,1.0,0.0,0.0,0.0,0.0,0.0,0.0,0.0,0.0
57.253,0.9999949083358879,-0.0026859863237901956,0.0006709965834933804,0.0015869919195289905,0.0,0.0,9.7912,0.0,0.0,1.0,0.0,0.0,0.0,0.0,0.0,0.0,0.0,0.0
57.273,0.9999947426319602,-0.0027469855580099945,0.0006709964723060451,0.001586991656556902,0.0,0.0,9.7634,0.0,0.0,1.0,0.0,0.0,0.0,0.0,0.0,0.0,0.0,0.0
57.2931,0.9999950703189529,-0.0026249870595872514,0.000670996692184017,0.0015869921765960804,0.0,0.0,9.8126,0.0,0.0,1.0,0.0,0.0,0.0,0.0,0.0,0.0,0.0,0.0
57.3132,0.9999951093888774,-0.0026249871621458034,0.000609997016727215,0.001586992238600149,0.0,0.0,9.8127,0.0,0.0,1.0,0.0,0.0,0.0,0.0,0.0,0.0,0.0,0.0
57.3332,0.9999951447378606,-0.0026249872549368846,0.0005489973344610848,0.0015869922946989967,0.0,0.0,9.8089,0.0,0.0,1.0,0.0,0.0,0.0,0.0,0.0,0.0,0.0,0.0
57.3533,0.9999951093888774,-0.0026249871621458034,0.000609997016727215,0.001586992238600149,0.0,0.0,9.8087,0.0,0.0,1.0,0.0,0.0,0.0,0.0,0.0,0.0,0.0,0.0
57.3734,0.9999950703189529,-0.0026249870595872514,0.000670996692184017,0.0015869921765960804,0.0,0.0,9.7775,0.0,0.0,1.0,0.0,0.0,0.0,0.0,0.0,0.0,0.0,0.0
57.3934,0.9999950703189529,-0.0026249870595872514,0.000670996692184017,0.0015869921765960804,0.0,0.0,9.8087,0.0,0.0,1.0,0.0,0.0,0.0,0.0,0.0,0.0,0.0,0.0
57.4135,0.9999948655450444,-0.0026859862088539892,0.000731996241578972,0.0015869918516199233,0.0,0.0,9.7595,0.0,0.0,1.0,0.0,0.0,0.0,0.0,0.0,0.0,0.0,0.0
57.4336,0.9999946998411379,-0.002746985440463606,0.0007319961202837127,0.0015869915886478905,0.0,0.0,9.8051,0.0,0.0,1.0,0.0,0.0,0.0,0.0,0.0,0.0,0.0,0.0
57.4536,0.9999950703189529,-0.0026249870595872514,0.000670996692184017,0.0015869921765960804,0.0,0.0,9.8127,0.0,0.0,1.0,0.0,0.0,0.0,0.0,0.0,0.0,0.0,0.0
57.4737,0.9999950703189529,-0.0026249870595872514,0.000670996692184017,0.0015869921765960804,0.0,0.0,9.8125,0.0,0.0,1.0,0.0,0.0,0.0,0.0,0.0,0.0,0.0,0.0
57.4938,0.9999949083358879,-0.0026859863237901956,0.0006709965834933804,0.0015869919195289905,0.0,0.0,9.8368,0.0,0.0,1.0,0.0,0.0,0.0,0.0,0.0,0.0,0.0,0.0
57.5138,0.9999949083358879,-0.0026859863237901956,0.0006709965834933804,0.0015869919195289905,0.0,0.0,9.8052,0.0,0.0,1.0,0.0,0.0,0.0,0.0,0.0,0.0,0.0,0.0
57.5339,0.9999949083358879,-0.0026859863237901956,0.0006709965834933804,0.0015869919195289905,0.0,0.0,9.7775,0.0,0.0,1.0,0.0,0.0,0.0,0.0,0.0,0.0,0.0,0.0
57.554,0.9999950275280886,-0.0026249869472612327,0.0007319963601505606,0.0015869921086871244,0.0,0.0,9.8051,0.0,0.0,1.0,0.0,0.0,0.0,0.0,0.0,0.0,0.0,0.0
57.574,0.9999949083358879,-0.0026859863237901956,0.0006709965834933804,0.0015869919195289905,0.0,0.0,9.8368,0.0,0.0,1.0,0.0,0.0,0.0,0.0,0.0,0.0,0.0,0.0
57.5941,0.9999949083358879,-0.0026859863237901956,0.0006709965834933804,0.0015869919195289905,0.0,0.0,9.8087,0.0,0.0,1.0,0.0,0.0,0.0,0.0,0.0,0.0,0.0,0.0
57.6142,0.9999949083358879,-0.0026859863237901956,0.0006709965834933804,0.0015869919195289905,0.0,0.0,9.7775,0.0,0.0,1.0,0.0,0.0,0.0,0.0,0.0,0.0,0.0,0.0
57.6342,0.9999949083358879,-0.0026859863237901956,0.0006709965834933804,0.0015869919195289905,0.0,0.0,9.8052,0.0,0.0,1.0,0.0,0.0,0.0,0.0,0.0,0.0,0.0,0.0
57.6543,0.9999947426319602,-0.0027469855580099945,0.0006709964723060451,0.001586991656556902,0.0,0.0,9.8368,0.0,0.0,1.0,0.0,0.0,0.0,0.0,0.0,0.0,0.0,0.0
57.6744,0.9999947817018463,-0.002746985665334972,0.0006099968168381261,0.0015869917185606932,0.0,0.0,9.8164,0.0,0.0,1.0,0.0,0.0,0.0,0.0,0.0,0.0,0.0,0.0
57.6944,0.9999947426319602,-0.0027469855580099945,0.0006709964723060451,0.001586991656556902,0.0,0.0,9.7775,0.0,0.0,1.0,0.0,0.0,0.0,0.0,0.0,0.0,0.0,0.0
57.7147,0.9999947426319602,-0.0027469855580099945,0.0006709964723060451,0.001586991656556902,0.0,0.0,9.8051,0.0,0.0,1.0,0.0,0.0,0.0,0.0,0.0,0.0,0.0,0.0
57.7348,0.9999946122770417,-0.0028079848712739336,0.0006099967134889947,0.0015869914496837167,0.0,0.0,9.6995,0.0,0.0,1.0,0.0,0.0,0.0,0.0,0.0,0.0,0.0,0.0
57.7549,0.9999922695566406,-0.0034789731057875526,0.0009159929189138823,0.001586987731786449,0.0,0.0,9.8593,0.0,0.0,1.0,0.0,0.0,0.0,0.0,0.0,0.0,0.0,0.0
57.7749,0.9999940947618082,-0.0029909823374325694,0.0007319956773656434,0.0015259909886065626,0.0,0.0,10.2865,0.0,0.0,1.0,0.0,0.0,0.0,0.0,0.0,0.0,0.0,0.0
57.795,0.9999940947618082,-0.0029909823374325694,0.0007319956773656434,0.0015259909886065626,0.0,0.0,10.2865,0.0,0.0,1.0,0.0,0.0,0.0,0.0,0.0,0.0,0.0,0.0
57.8151,0.9999949827547594,-0.0026859865236792835,0.0005489972455323625,0.0015869920376318514,0.0,0.0,9.6324,0.0,0.0,1.0,0.0,0.0,0.0,0.0,0.0,0.0,0.0,0.0
57.8351,0.9999942231950576,-0.002929983073961519,0.0006709961237638831,0.0015869908322105886,0.0,0.0,9.8447,0.0,0.0,1.0,0.0,0.0,0.0,0.0,0.0,0.0,0.0,0.0
57.8552,0.9999947817018463,-0.002746985665334972,0.0006099968168381261,0.0015869917185606932,0.0,0.0,9.9267,0.0,0.0,1.0,0.0,0.0,0.0,0.0,0.0,0.0,0.0,0.0
57.8753,0.9999940816775403,-0.0029909822982975235,0.0006099963898232993,0.0015869906076222406,0.0,0.0,9.748,0.0,0.0,1.0,0.0,0.0,0.0,0.0,0.0,0.0,0.0,0.0
57.8953,0.9999944000615393,-0.0028689839337765564,0.0006709962424412924,0.0015869911128976177,0.0,0.0,9.8405,0.0,0.0,1.0,0.0,0.0,0.0,0.0,0.0,0.0,0.0,0.0
57.9154,0.9999945304163749,-0.0028079846414091818,0.0007319959962647859,0.0015869913197708587,0.0,0.0,9.8261,0.0,0.0,1.0,0.0,0.0,0.0,0.0,0.0,0.0,0.0,0.0
57.9355,0.9999936702705987,-0.003112980295552374,0.0006709957527515713,0.0015869899547193977,0.0,0.0,9.8206,0.0,0.0,1.0,0.0,0.0,0.0,0.0,0.0,0.0,0.0,0.0
57.9555,0.9999941170264146,-0.002990982404026006,0.0005489967702475014,0.001586990663721033,0.0,0.0,9.8053,0.0,0.0,1.0,0.0,0.0,0.0,0.0,0.0,0.0,0.0,0.0
57.9756,0.9999950422898687,-0.0026859866835905874,0.00042699788305777353,0.0015869921321139957,0.0,0.0,9.8951,0.0,0.0,1.0,0.0,0.0,0.0,0.0,0.0,0.0,0.0,0.0
57.9957,0.9999946830359056,-0.0027469853942996324,0.0006099967566519016,0.0016479912376431984,0.0,0.0,9.7037,0.0,0.0,1.0,0.0,0.0,0.0,0.0,0.0,0.0,0.0,0.0
58.0158,0.9999938155088723,-0.0030519811249330783,0.0007319954729524943,0.0015869901852125223,0.0,0.0,9.7625,0.0,0.0,1.0,0.0,0.0,0.0,0.0,0.0,0.0,0.0,0.0
58.0358,0.9999937652153094,-0.0031129805911152583,0.0006709958164594722,0.0015259904857184983,0.0,0.0,9.8838,0.0,0.0,1.0,0.0,0.0,0.0,0.0,0.0,0.0,0.0,0.0
58.0559,0.9999934357301351,-0.003173979165007449,0.000731995194954459,0.0015869895825036953,0.0,0.0,9.8092,0.0,0.0,1.0,0.0,0.0,0.0,0.0,0.0,0.0,0.0,0.0
58.076,0.9999935809683066,-0.0031129800175543386,0.0007929949097078665,0.0015869898129967086,0.0,0.0,9.8213,0.0,0.0,1.0,0.0,0.0,0.0,0.0,0.0,0.0,0.0,0.0
58.096,0.9999934841631848,-0.003173979318733949,0.0007929948329414049,0.0015259900568330154,0.0,0.0,9.796,0.0,0.0,1.0,0.0,0.0,0.0,0.0,0.0,0.0,0.0,0.0
58.1161,0.9999930895011333,-0.003295977222995736,0.0007929945199743982,0.0015259894545787134,0.0,0.0,9.8555,0.0,0.0,1.0,0.0,0.0,0.0,0.0,0.0,0.0,0.0,0.0
58.1362,0.9999932886925631,-0.0032349782889204417,0.0007929946779332022,0.001525989758544788,0.0,0.0,9.7735,0.0,0.0,1.0,0.0,0.0,0.0,0.0,0.0,0.0,0.0,0.0
58.1562,0.9999930392686784,-0.003295977057429564,0.0008539940555354507,0.0015259893779239198,0.0,0.0,9.805,0.0,0.0,1.0,0.0,0.0,0.0,0.0,0.0,0.0,0.0,0.0
58.1763,0.9999928727111982,-0.0033569760736914924,0.000915993471403457,0.0014649895585219785,0.0,0.0,9.8016,0.0,0.0,1.0,0.0,0.0,0.0,0.0,0.0,0.0,0.0,0.0
58.1964,0.9999925748547001,-0.0034179746208533642,0.0009159931985669046,0.001525988669228262,0.0,0.0,9.809,0.0,0.0,1.0,0.0,0.0,0.0,0.0,0.0,0.0,0.0,0.0
58.2164,0.9999925748547001,-0.0034179746208533642,0.0009159931985669046,0.001525988669228262,0.0,0.0,9.743,0.0,0.0,1.0,0.0,0.0,0.0,0.0,0.0,0.0,0.0,0.0
58.2365,0.999992390486358,-0.0034179739906823716,0.0010989916371445074,0.0015259883878822047,0.0,0.0,9.9789,0.0,0.0,1.0,0.0,0.0,0.0,0.0,0.0,0.0,0.0,0.0
58.2566,0.999991770588586,-0.0036009703658894986,0.0011599904538827594,0.0014649879439123104,0.0,0.0,10.5508,0.0,0.0,1.0,0.0,0.0,0.0,0.0,0.0,0.0,0.0,0.0
58.2766,0.9999907206841603,-0.003844964321030596,0.0013429875378788267,0.0014039869718405762,0.0,0.0,9.8594,0.0,0.0,1.0,0.0,0.0,0.0,0.0,0.0,0.0,0.0,0.0
58.2967,0.9999914001144383,-0.003661968507219074,0.0012819889749467093,0.0014649874011676278,0.0,0.0,9.2737,0.0,0.0,1.0,0.0,0.0,0.0,0.0,0.0,0.0,0.0,0.0
58.3168,0.9999922713560989,-0.0034789731120478677,0.0010989915062203522,0.001464988677536694,0.0,0.0,9.7176,0.0,0.0,1.0,0.0,0.0,0.0,0.0,0.0,0.0,0.0,0.0
58.3368,0.99999198838378,-0.003539971638878582,0.0011599907065251841,0.0014649882629823585,0.0,0.0,9.7828,0.0,0.0,1.0,0.0,0.0,0.0,0.0,0.0,0.0,0.0,0.0
58.3569,0.9999916979698867,-0.0036009701043895614,0.0012209898632212315,0.0014649878375257996,0.0,0.0,9.9707,0.0,0.0,1.0,0.0,0.0,0.0,0.0,0.0,0.0,0.0,0.0
58.377,0.9999907746371626,-0.0037839650912270227,0.0013429876103377087,0.0015259859220962957,0.0,0.0,9.7501,0.0,0.0,1.0,0.0,0.0,0.0,0.0,0.0,0.0,0.0,0.0
58.397,0.9999901342775007,-0.003905961464487918,0.0015259849449074654,0.0014649855467165351,0.0,0.0,9.8325,0.0,0.0,1.0,0.0,0.0,0.0,0.0,0.0,0.0,0.0,0.0
58.4171,0.9999898867164199,-0.0039669598806040375,0.0015869839502189577,0.0014039858009498585,0.0,0.0,9.7598,0.0,0.0,1.0,0.0,0.0,0.0,0.0,0.0,0.0,0.0,0.0
58.4372,0.9999908323110713,-0.0037229658686941188,0.001525986010106694,0.0014649865693356356,0.0,0.0,9.7528,0.0,0.0,1.0,0.0,0.0,0.0,0.0,0.0,0.0,0.0,0.0
58.4572,0.9999917593648633,-0.0035399708281516166,0.0013429889328270103,0.0014649879274695188,0.0,0.0,9.8497,0.0,0.0,1.0,0.0,0.0,0.0,0.0,0.0,0.0,0.0,0.0
58.4773,0.9999911748778256,-0.003722967144070145,0.0012819886861933716,0.0014649870711960777,0.0,0.0,9.8892,0.0,0.0,1.0,0.0,0.0,0.0,0.0,0.0,0.0,0.0,0.0
58.4974,0.9999896503181761,-0.004027958311481615,0.0015259842063855365,0.0014649848377161767,0.0,0.0,9.9524,0.0,0.0,1.0,0.0,0.0,0.0,0.0,0.0,0.0,0.0,0.0
58.5174,0.9999894567102439,-0.004027957531628863,0.001647982624658481,0.0014649845540805617,0.0,0.0,9.8121,0.0,0.0,1.0,0.0,0.0,0.0,0.0,0.0,0.0,0.0,0.0
58.5375,0.9999897005501202,-0.003966959142082327,0.0016479830265065977,0.0014649849113059221,0.0,0.0,9.7281,0.0,0.0,1.0,0.0,0.0,0.0,0.0,0.0,0.0,0.0,0.0
58.5576,0.9999898867164199,-0.0039669598806040375,0.0015869839502189577,0.0014039858009498585,0.0,0.0,9.809,0.0,0.0,1.0,0.0,0.0,0.0,0.0,0.0,0.0,0.0,0.0
58.5776,0.9999899816600527,-0.00396696025724543,0.00152598471201324,0.0014039859342506178,0.0,0.0,9.8492,0.0,0.0,1.0,0.0,0.0,0.0,0.0,0.0,0.0,0.0,0.0
58.5977,0.9999898941581941,-0.0039669599101255565,0.0015259845784854037,0.0014649851949417032,0.0,0.0,9.8253,0.0,0.0,1.0,0.0,0.0,0.0,0.0,0.0,0.0,0.0,0.0
58.6178,0.9999894567102439,-0.004027957531628863,0.001647982624658481,0.0014649845540805617,0.0,0.0,9.7999,0.0,0.0,1.0,0.0,0.0,0.0,0.0,0.0,0.0,0.0,0.0
58.6378,0.9999888368789257,-0.0041499536730475435,0.0017699802412756984,0.0014039843269779142,0.0,0.0,9.7972,0.0,0.0,1.0,0.0,0.0,0.0,0.0,0.0,0.0,0.0,0.0
58.6579,0.9999886004814266,-0.004210951996627288,0.0017089805182227572,0.0014649832997052359,0.0,0.0,9.8017,0.0,0.0,1.0,0.0,0.0,0.0,0.0,0.0,0.0,0.0,0.0
58.678,0.9999890453700085,-0.004149954538285536,0.0016479819467697734,0.0014039846196995387,0.0,0.0,9.844,0.0,0.0,1.0,0.0,0.0,0.0,0.0,0.0,0.0,0.0,0.0
58.698,0.9999890453700085,-0.004149954538285536,0.0016479819467697734,0.0014039846196995387,0.0,0.0,9.8555,0.0,0.0,1.0,0.0,0.0,0.0,0.0,0.0,0.0,0.0,0.0
58.7181,0.9999887903679867,-0.004210952796239593,0.0016479815265264411,0.001403984261676705,0.0,0.0,9.8126,0.0,0.0,1.0,0.0,0.0,0.0,0.0,0.0,0.0,0.0,0.0
58.7382,0.9999884441438098,-0.004271950633382355,0.001647980955948998,0.0014649830706707223,0.0,0.0,9.805,0.0,0.0,1.0,0.0,0.0,0.0,0.0,0.0,0.0,0.0,0.0
58.7582,0.9999880793156575,-0.0043329483476747446,0.0017089796275504584,0.0014649825361973678,0.0,0.0,9.7981,0.0,0.0,1.0,0.0,0.0,0.0,0.0,0.0,0.0,0.0,0.0
58.7783,0.9999880793156575,-0.0043329483476747446,0.0017089796275504584,0.0014649825361973678,0.0,0.0,9.8098,0.0,0.0,1.0,0.0,0.0,0.0,0.0,0.0,0.0,0.0,0.0
58.7984,0.9999885316452878,-0.004271951007188669,0.0016479811001514336,0.0014039838984299946,0.0,0.0,9.7698,0.0,0.0,1.0,0.0,0.0,0.0,0.0,0.0,0.0,0.0,0.0
58.8185,0.9999891440342806,-0.004149954947742266,0.0015869827715824032,0.001403984758224064,0.0,0.0,9.8127,0.0,0.0,1.0,0.0,0.0,0.0,0.0,0.0,0.0,0.0,0.0
58.8385,0.9999893953156914,-0.004088956637445864,0.0015869831703660023,0.0014039851110232984,0.0,0.0,9.848,0.0,0.0,1.0,0.0,0.0,0.0,0.0,0.0,0.0,0.0,0.0
58.8586,0.9999896428764072,-0.004027958281506169,0.001586983563244858,0.001403985458598378,0.0,0.0,9.8052,0.0,0.0,1.0,0.0,0.0,0.0,0.0,0.0,0.0,0.0,0.0
58.8787,0.9999897992145862,-0.003966959533484264,0.0015869838113535479,0.0014649850558494104,0.0,0.0,9.8098,0.0,0.0,1.0,0.0,0.0,0.0,0.0,0.0,0.0,0.0,0.0
58.8988,0.9999900393338244,-0.003905961093637918,0.0015869841924227787,0.001464985407624131,0.0,0.0,9.805,0.0,0.0,1.0,0.0,0.0,0.0,0.0,0.0,0.0,0.0,0.0
58.9188,0.9999903706760876,-0.0038449629752495577,0.0015259853056517091,0.0014649858930405046,0.0,0.0,9.8087,0.0,0.0,1.0,0.0,0.0,0.0,0.0,0.0,0.0,0.0,0.0
58.9389,0.9999907820789568,-0.003783965119386773,0.0014649864957456712,0.0014039870580388472,0.0,0.0,9.8048,0.0,0.0,1.0,0.0,0.0,0.0,0.0,0.0,0.0,0.0,0.0
58.959,0.9999910110362037,-0.0037229665340877877,0.0014649868311680382,0.0014039873794949311,0.0,0.0,9.8166,0.0,0.0,1.0,0.0,0.0,0.0,0.0,0.0,0.0,0.0,0.0
58.979,0.9999912362727058,-0.003661967907230649,0.0014649871611395135,0.0014039876957269717,0.0,0.0,9.8087,0.0,0.0,1.0,0.0,0.0,0.0,0.0,0.0,0.0,0.0,0.0
58.9991,0.9999912362727058,-0.003661967907230649,0.0014649871611395135,0.0014039876957269717,0.0,0.0,9.8052,0.0,0.0,1.0,0.0,0.0,0.0,0.0,0.0,0.0,0.0,0.0
59.0192,0.9999912362727058,-0.003661967907230649,0.0014649871611395135,0.0014039876957269717,0.0,0.0,9.8052,0.0,0.0,1.0,0.0,0.0,0.0,0.0,0.0,0.0,0.0,0.0
59.0393,0.9999914577884553,-0.003600969239496229,0.001464987485660087,0.0014039880067350798,0.0,0.0,9.805,0.0,0.0,1.0,0.0,0.0,0.0,0.0,0.0,0.0,0.0,0.0
59.0593,0.9999914577884554,-0.0036009692394962287,0.001403988006734991,0.0014649874856600964,0.0,0.0,9.8164,0.0,0.0,1.0,0.0,0.0,0.0,0.0,0.0,0.0,0.0,0.0
59.0794,0.9999917630857713,-0.003539970841323631,0.0014039884353724225,0.0014039884353725387,0.0,0.0,9.8478,0.0,0.0,1.0,0.0,0.0,0.0,0.0,0.0,0.0,0.0,0.0
59.0995,0.9999919771600501,-0.0034789720885398142,0.0014039887359327096,0.0014039887359327818,0.0,0.0,9.8087,0.0,0.0,1.0,0.0,0.0,0.0,0.0,0.0,0.0,0.0,0.0
59.1195,0.9999919771600501,-0.0034789720885398142,0.0014039887359327096,0.0014039887359327818,0.0,0.0,9.8087,0.0,0.0,1.0,0.0,0.0,0.0,0.0,0.0,0.0,0.0,0.0
59.1396,0.9999921000111157,-0.0034179729978379945,0.001464988426516284,0.0014039889084155321,0.0,0.0,9.8092,0.0,0.0,1.0,0.0,0.0,0.0,0.0,0.0,0.0,0.0,0.0
59.1597,0.9999922191413136,-0.0033569738796573904,0.001464988601042024,0.0014649886010419944,0.0,0.0,9.8087,0.0,0.0,1.0,0.0,0.0,0.0,0.0,0.0,0.0,0.0,0.0
59.1797,0.9999923066437826,-0.0033569741734031785,0.0014649887292331409,0.0014039891985278552,0.0,0.0,9.8048,0.0,0.0,1.0,0.0,0.0,0.0,0.0,0.0,0.0,0.0,0.0
59.1998,0.9999923941462745,-0.0033569744671490434,0.0014039893213813688,0.0014039893213813048,0.0,0.0,9.8164,0.0,0.0,1.0,0.0,0.0,0.0,0.0,0.0,0.0,0.0,0.0
59.2199,0.999992509555661,-0.003295975311495459,0.0014649890264990424,0.0014039894834161348,0.0,0.0,9.805,0.0,0.0,1.0,0.0,0.0,0.0,0.0,0.0,0.0,0.0,0.0
59.2399,0.999992509555661,-0.003295975311495459,0.0014649890264990424,0.0014039894834161348,0.0,0.0,9.805,0.0,0.0,1.0,0.0,0.0,0.0,0.0,0.0,0.0,0.0,0.0
59.26,0.999992509555661,-0.003295975311495459,0.0014649890264990424,0.0014039894834161348,0.0,0.0,9.8052,0.0,0.0,1.0,0.0,0.0,0.0,0.0,0.0,0.0,0.0,0.0
59.2801,0.999992509555661,-0.003295975311495459,0.0014649890264990424,0.0014039894834161348,0.0,0.0,9.8479,0.0,0.0,1.0,0.0,0.0,0.0,0.0,0.0,0.0,0.0,0.0
59.3002,0.9999927087467445,-0.003234976412795718,0.0014649893183139799,0.001403989763080371,0.0,0.0,9.8087,0.0,0.0,1.0,0.0,0.0,0.0,0.0,0.0,0.0,0.0,0.0
59.3202,0.9999927925284222,-0.003234976683829446,0.0014649894410541375,0.0013429903203656668,0.0,0.0,9.7698,0.0,0.0,1.0,0.0,0.0,0.0,0.0,0.0,0.0,0.0,0.0
59.3403,0.9999927925284222,-0.003234976683829446,0.0014649894410541375,0.0013429903203656668,0.0,0.0,9.805,0.0,0.0,1.0,0.0,0.0,0.0,0.0,0.0,0.0,0.0,0.0
59.3604,0.9999928800310417,-0.0032349769669004205,0.001403990003563582,0.0013429904378815527,0.0,0.0,9.805,0.0,0.0,1.0,0.0,0.0,0.0,0.0,0.0,0.0,0.0,0.0
59.3804,0.9999930755014237,-0.003173978021641519,0.0014039902780039982,0.0013429907003983943,0.0,0.0,9.8087,0.0,0.0,1.0,0.0,0.0,0.0,0.0,0.0,0.0,0.0,0.0
59.4005,0.9999930755014237,-0.003173978021641519,0.0014039902780039982,0.0013429907003983943,0.0,0.0,9.8087,0.0,0.0,1.0,0.0,0.0,0.0,0.0,0.0,0.0,0.0,0.0
59.4206,0.9999930755014237,-0.003173978021641519,0.0014039902780039982,0.0013429907003983943,0.0,0.0,9.7698,0.0,0.0,1.0,0.0,0.0,0.0,0.0,0.0,0.0,0.0,0.0
59.4406,0.9999931592831938,-0.0031739782875648574,0.0013429908129173288,0.001342990812917333,0.0,0.0,9.7774,0.0,0.0,1.0,0.0,0.0,0.0,0.0,0.0,0.0,0.0,0.0
59.4607,0.9999933510328137,-0.0031129793017651494,0.001342991070437068,0.0013429910704370607,0.0,0.0,9.8087,0.0,0.0,1.0,0.0,0.0,0.0,0.0,0.0,0.0,0.0,0.0
59.4808,0.9999933510328137,-0.0031129793017651494,0.001342991070437068,0.0013429910704370607,0.0,0.0,9.7697,0.0,0.0,1.0,0.0,0.0,0.0,0.0,0.0,0.0,0.0,0.0
59.5008,0.9999933510328137,-0.0031129793017651494,0.001342991070437068,0.0013429910704370607,0.0,0.0,9.805,0.0,0.0,1.0,0.0,0.0,0.0,0.0,0.0,0.0,0.0,0.0
59.5209,0.9999935390616161,-0.0030519802812160536,0.00134299132295975,0.0013429913229597301,0.0,0.0,9.805,0.0,0.0,1.0,0.0,0.0,0.0,0.0,0.0,0.0,0.0,0.0
59.541,0.9999935390616161,-0.0030519802812160536,0.00134299132295975,0.0013429913229597301,0.0,0.0,9.8087,0.0,0.0,1.0,0.0,0.0,0.0,0.0,0.0,0.0,0.0,0.0
59.561,0.9999934552797507,-0.003051980025513799,0.0014039908112127694,0.0013429912104407915,0.0,0.0,9.8087,0.0,0.0,1.0,0.0,0.0,0.0,0.0,0.0,0.0,0.0,0.0
59.5811,0.9999936395876828,-0.00299098097600676,0.0014039910699811067,0.0013429914579662918,0.0,0.0,9.8478,0.0,0.0,1.0,0.0,0.0,0.0,0.0,0.0,0.0,0.0,0.0
59.6012,0.9999937196486648,-0.002990981215469157,0.0014039911823867251,0.0012819919485896338,0.0,0.0,9.8087,0.0,0.0,1.0,0.0,0.0,0.0,0.0,0.0,0.0,0.0,0.0
59.6212,0.9999937196486648,-0.002990981215469157,0.0014039911823867251,0.0012819919485896338,0.0,0.0,9.8164,0.0,0.0,1.0,0.0,0.0,0.0,0.0,0.0,0.0,0.0,0.0
59.6413,0.9999939002358111,-0.0029299821276909267,0.001403991435931078,0.001281992180102387,0.0,0.0,9.7775,0.0,0.0,1.0,0.0,0.0,0.0,0.0,0.0,0.0,0.0,0.0
59.6614,0.9999939002358111,-0.0029299821276909267,0.001403991435931078,0.001281992180102387,0.0,0.0,9.8166,0.0,0.0,1.0,0.0,0.0,0.0,0.0,0.0,0.0,0.0,0.0
59.6814,0.9999939002358111,-0.0029299821276909267,0.001403991435931078,0.001281992180102387,0.0,0.0,9.8407,0.0,0.0,1.0,0.0,0.0,0.0,0.0,0.0,0.0,0.0,0.0
59.7015,0.9999939002358111,-0.0029299821276909267,0.001403991435931078,0.001281992180102387,0.0,0.0,9.8051,0.0,0.0,1.0,0.0,0.0,0.0,0.0,0.0,0.0,0.0,0.0
59.7216,0.9999940771021215,-0.002868983007205986,0.0014039916842513785,0.0012819924068449007,0.0,0.0,9.8166,0.0,0.0,1.0,0.0,0.0,0.0,0.0,0.0,0.0,0.0,0.0
59.7416,0.9999940771021215,-0.002868983007205986,0.0014039916842513785,0.0012819924068449007,0.0,0.0,9.805,0.0,0.0,1.0,0.0,0.0,0.0,0.0,0.0,0.0,0.0,0.0
59.7617,0.9999939970410537,-0.0028689827775107836,0.0014039915718456393,0.001342991938026117,0.0,0.0,9.8478,0.0,0.0,1.0,0.0,0.0,0.0,0.0,0.0,0.0,0.0,0.0
59.7818,0.9999939970410537,-0.0028689827775107836,0.0014039915718456393,0.001342991938026117,0.0,0.0,9.8051,0.0,0.0,1.0,0.0,0.0,0.0,0.0,0.0,0.0,0.0,0.0
59.8018,0.9999941701864805,-0.0028079836298836383,0.0014039918149418187,0.0013429921705603864,0.0,0.0,9.809,0.0,0.0,1.0,0.0,0.0,0.0,0.0,0.0,0.0,0.0,0.0
59.8219,0.9999943396110603,-0.002746984450911583,0.0014039920528139283,0.0013429923980976533,0.0,0.0,9.8439,0.0,0.0,1.0,0.0,0.0,0.0,0.0,0.0,0.0,0.0,0.0
59.842,0.9999945053147877,-0.0026859852412755196,0.0014039922854619615,0.0013429926206377507,0.0,0.0,9.8126,0.0,0.0,1.0,0.0,0.0,0.0,0.0,0.0,0.0,0.0,0.0
59.8621,0.9999945797945684,-0.0026249857719607417,0.001464992059399042,0.0013429927206641823,0.0,0.0,9.743,0.0,0.0,1.0,0.0,0.0,0.0,0.0,0.0,0.0,0.0,0.0
59.8821,0.9999945797945684,-0.0026249857719607417,0.001464992059399042,0.0013429927206641823,0.0,0.0,9.7662,0.0,0.0,1.0,0.0,0.0,0.0,0.0,0.0,0.0,0.0,0.0
59.9022,0.9999944978729105,-0.002685985221286638,0.0014649919393838135,0.001281992946273125,0.0,0.0,9.8769,0.0,0.0,1.0,0.0,0.0,0.0,0.0,0.0,0.0,0.0,0.0
59.9223,0.9999943396110603,-0.002746984450911583,0.0014039920528139283,0.0013429923980976533,0.0,0.0,9.7981,0.0,0.0,1.0,0.0,0.0,0.0,0.0,0.0,0.0,0.0,0.0
59.9424,0.9999945053147877,-0.0026859852412755196,0.0014039922854619615,0.0013429926206377507,0.0,0.0,9.8443,0.0,0.0,1.0,0.0,0.0,0.0,0.0,0.0,0.0,0.0,0.0
59.9624,0.999994751079827,-0.0026249862215845464,0.0013429929507002072,0.0013429929507001725,0.0,0.0,9.8127,0.0,0.0,1.0,0.0,0.0,0.0,0.0,0.0,0.0,0.0,0.0
59.9825,0.999994667297657,-0.0026249860016563497,0.0013429928381807528,0.0014039925128859765,0.0,0.0,9.7776,0.0,0.0,1.0,0.0,0.0,0.0,0.0,0.0,0.0,0.0,0.0
60.0026,0.9999947473588857,-0.0026249862118170758,0.0012819932661140912,0.0014039926252918389,0.0,0.0,9.805,0.0,0.0,1.0,0.0,0.0,0.0,0.0,0.0,0.0,0.0,0.0
60.0226,0.9999943321691869,-0.0027469844304687566,0.001281992733840897,0.0014649916966278376,0.0,0.0,9.8408,0.0,0.0,1.0,0.0,0.0,0.0,0.0,0.0,0.0,0.0,0.0
60.0427,0.9999942409452506,-0.0027469841798766033,0.0012819926168918107,0.0015259912116824537,0.0,0.0,9.8052,0.0,0.0,1.0,0.0,0.0,0.0,0.0,0.0,0.0,0.0,0.0
60.0628,0.9999942409452506,-0.0027469841798766033,0.0012819926168918107,0.0015259912116824537,0.0,0.0,9.8555,0.0,0.0,1.0,0.0,0.0,0.0,0.0,0.0,0.0,0.0,0.0
60.0828,0.9999943880442415,-0.002685984926286832,0.0012209931478020185,0.0015869910938262066,0.0,0.0,9.8127,0.0,0.0,1.0,0.0,0.0,0.0,0.0,0.0,0.0,0.0,0.0
60.1029,0.9999942949598216,-0.00274698432825463,0.001159993382153393,0.0015869909461012077,0.0,0.0,9.8087,0.0,0.0,1.0,0.0,0.0,0.0,0.0,0.0,0.0,0.0,0.0
60.123,0.9999940957677904,-0.0028079834209159557,0.0010989935112488015,0.0016479902698253168,0.0,0.0,9.8443,0.0,0.0,1.0,0.0,0.0,0.0,0.0,0.0,0.0,0.0,0.0
60.143,0.9999940585584515,-0.002807983316432132,0.0010379938327836722,0.0017089898460763693,0.0,0.0,9.8481,0.0,0.0,1.0,0.0,0.0,0.0,0.0,0.0,0.0,0.0,0.0
60.1631,0.9999941200148619,-0.002807983489001732,0.0009769942552545195,0.0017089899511054663,0.0,0.0,9.8447,0.0,0.0,1.0,0.0,0.0,0.0,0.0,0.0,0.0,0.0,0.0
60.1832,0.9999938407619049,-0.0028689823291459054,0.0009769939824243803,0.0017699890981486277,0.0,0.0,9.7699,0.0,0.0,1.0,0.0,0.0,0.0,0.0,0.0,0.0,0.0,0.0
60.2032,0.9999939524508598,-0.0028079830184820145,0.0010379937226439918,0.0017699892958381036,0.0,0.0,9.7392,0.0,0.0,1.0,0.0,0.0,0.0,0.0,0.0,0.0,0.0,0.0
60.2233,0.9999939524508598,-0.0028079830184820145,0.0010379937226439918,0.0017699892958381036,0.0,0.0,9.7774,0.0,0.0,1.0,0.0,0.0,0.0,0.0,0.0,0.0,0.0,0.0
60.2434,0.9999938407619049,-0.0028689823291459054,0.0009769939824243803,0.0017699890981486277,0.0,0.0,9.809,0.0,0.0,1.0,0.0,0.0,0.0,0.0,0.0,0.0,0.0,0.0
60.2634,0.9999938407619049,-0.0028689823291459054,0.0009769939824243803,0.0017699890981486277,0.0,0.0,9.8051,0.0,0.0,1.0,0.0,0.0,0.0,0.0,0.0,0.0,0.0,0.0
60.2835,0.9999940139072505,-0.0028079831910515596,0.000976994151587383,0.0017699894046157572,0.0,0.0,9.7658,0.0,0.0,1.0,0.0,0.0,0.0,0.0,0.0,0.0,0.0,0.0
60.3036,0.9999940139072505,-0.0028079831910515596,0.000976994151587383,0.0017699894046157572,0.0,0.0,9.8165,0.0,0.0,1.0,0.0,0.0,0.0,0.0,0.0,0.0,0.0,0.0
60.3236,0.9999940139072505,-0.0028079831910515596,0.000976994151587383,0.0017699894046157572,0.0,0.0,9.805,0.0,0.0,1.0,0.0,0.0,0.0,0.0,0.0,0.0,0.0,0.0
60.3437,0.9999938407619049,-0.0028689823291459054,0.0009769939824243803,0.0017699890981486277,0.0,0.0,9.8052,0.0,0.0,1.0,0.0,0.0,0.0,0.0,0.0,0.0,0.0,0.0
60.3638,0.9999938407619049,-0.0028689823291459054,0.0009769939824243803,0.0017699890981486277,0.0,0.0,9.8087,0.0,0.0,1.0,0.0,0.0,0.0,0.0,0.0,0.0,0.0,0.0
60.3838,0.9999940139072505,-0.0028079831910515596,0.000976994151587383,0.0017699894046157572,0.0,0.0,9.8048,0.0,0.0,1.0,0.0,0.0,0.0,0.0,0.0,0.0,0.0,0.0
60.4039,0.9999940716427187,-0.002807983353172754,0.00091599456962473,0.0017699895068075677,0.0,0.0,9.8125,0.0,0.0,1.0,0.0,0.0,0.0,0.0,0.0,0.0,0.0,0.0
60.424,0.9999940139072505,-0.0028079831910515596,0.000976994151587383,0.0017699894046157572,0.0,0.0,9.8087,0.0,0.0,1.0,0.0,0.0,0.0,0.0,0.0,0.0,0.0,0.0
60.444,0.9999940139072505,-0.0028079831910515596,0.000976994151587383,0.0017699894046157572,0.0,0.0,9.8051,0.0,0.0,1.0,0.0,0.0,0.0,0.0,0.0,0.0,0.0,0.0
60.4641,0.9999941200148619,-0.002807983489001732,0.0009769942552545195,0.0017089899511054663,0.0,0.0,9.8442,0.0,0.0,1.0,0.0,0.0,0.0,0.0,0.0,0.0,0.0,0.0
60.4842,0.9999940585584515,-0.002807983316432132,0.0010379938327836722,0.0017089898460763693,0.0,0.0,9.7662,0.0,0.0,1.0,0.0,0.0,0.0,0.0,0.0,0.0,0.0,0.0
60.5043,0.9999940585584515,-0.002807983316432132,0.0010379938327836722,0.0017089898460763693,0.0,0.0,9.8087,0.0,0.0,1.0,0.0,0.0,0.0,0.0,0.0,0.0,0.0,0.0
60.5243,0.9999943303697174,-0.0027469844255256144,0.0010379941149237662,0.001647990656449272,0.0,0.0,9.7774,0.0,0.0,1.0,0.0,0.0,0.0,0.0,0.0,0.0,0.0,0.0
60.5444,0.9999943303697174,-0.0027469844255256144,0.0010379941149237662,0.001647990656449272,0.0,0.0,9.8166,0.0,0.0,1.0,0.0,0.0,0.0,0.0,0.0,0.0,0.0,0.0
60.5645,0.9999943303697174,-0.0027469844255256144,0.0010379941149237662,0.001647990656449272,0.0,0.0,9.805,0.0,0.0,1.0,0.0,0.0,0.0,0.0,0.0,0.0,0.0,0.0
60.5845,0.9999941609451423,-0.0028079836039339597,0.0010379939390610575,0.0016479903772375073,0.0,0.0,9.766,0.0,0.0,1.0,0.0,0.0,0.0,0.0,0.0,0.0,0.0,0.0
60.6046,0.9999941609451423,-0.0028079836039339597,0.0010379939390610575,0.0016479903772375073,0.0,0.0,9.8051,0.0,0.0,1.0,0.0,0.0,0.0,0.0,0.0,0.0,0.0,0.0
60.6247,0.9999941609451423,-0.0028079836039339597,0.0010379939390610575,0.0016479903772375073,0.0,0.0,9.8052,0.0,0.0,1.0,0.0,0.0,0.0,0.0,0.0,0.0,0.0,0.0
60.6447,0.9999941609451423,-0.0028079836039339597,0.0010379939390610575,0.0016479903772375073,0.0,0.0,9.8048,0.0,0.0,1.0,0.0,0.0,0.0,0.0,0.0,0.0,0.0,0.0
60.6648,0.9999942651923324,-0.002746984246483337,0.0010989936974463725,0.0016479905490370257,0.0,0.0,9.7774,0.0,0.0,1.0,0.0,0.0,0.0,0.0,0.0,0.0,0.0,0.0
60.6849,0.9999943638581495,-0.002746984517518337,0.0010989938058801056,0.0015869910554428546,0.0,0.0,9.8164,0.0,0.0,1.0,0.0,0.0,0.0,0.0,0.0,0.0,0.0,0.0
60.7049,0.9999941944335573,-0.0028079836979694292,0.001098993619682479,0.0015869907865661004,0.0,0.0,9.8051,0.0,0.0,1.0,0.0,0.0,0.0,0.0,0.0,0.0,0.0,0.0
60.725,0.9999941944335573,-0.0028079836979694292,0.001098993619682479,0.0015869907865661004,0.0,0.0,9.8052,0.0,0.0,1.0,0.0,0.0,0.0,0.0,0.0,0.0,0.0,0.0
60.7451,0.9999941944335573,-0.0028079836979694292,0.001098993619682479,0.0015869907865661004,0.0,0.0,9.8051,0.0,0.0,1.0,0.0,0.0,0.0,0.0,0.0,0.0,0.0,0.0
60.7651,0.9999943638581495,-0.002746984517518337,0.0010989938058801056,0.0015869910554428546,0.0,0.0,9.8164,0.0,0.0,1.0,0.0,0.0,0.0,0.0,0.0,0.0,0.0,0.0
60.7852,0.9999943638581495,-0.002746984517518337,0.0010989938058801056,0.0015869910554428546,0.0,0.0,9.7698,0.0,0.0,1.0,0.0,0.0,0.0,0.0,0.0,0.0,0.0,0.0
60.8053,0.9999943638581495,-0.002746984517518337,0.0010989938058801056,0.0015869910554428546,0.0,0.0,9.7698,0.0,0.0,1.0,0.0,0.0,0.0,0.0,0.0,0.0,0.0,0.0
60.8253,0.999994529561889,-0.0026859853064032336,0.0010989939879885154,0.001586991318414721,0.0,0.0,9.8087,0.0,0.0,1.0,0.0,0.0,0.0,0.0,0.0,0.0,0.0,0.0
60.8454,0.9999943638581495,-0.002746984517518337,0.0010989938058801056,0.0015869910554428546,0.0,0.0,9.809,0.0,0.0,1.0,0.0,0.0,0.0,0.0,0.0,0.0,0.0,0.0
60.8655,0.9999943638581495,-0.002746984517518337,0.0010989938058801056,0.0015869910554428546,0.0,0.0,9.766,0.0,0.0,1.0,0.0,0.0,0.0,0.0,0.0,0.0,0.0,0.0
60.8856,0.9999943638581495,-0.002746984517518337,0.0010989938058801056,0.0015869910554428546,0.0,0.0,9.8166,0.0,0.0,1.0,0.0,0.0,0.0,0.0,0.0,0.0,0.0,0.0
60.9057,0.9999942949598216,-0.00274698432825463,0.001159993382153393,0.0015869909461012077,0.0,0.0,9.8087,0.0,0.0,1.0,0.0,0.0,0.0,0.0,0.0,0.0,0.0,0.0
60.9258,0.9999943638581495,-0.002746984517518337,0.0010989938058801056,0.0015869910554428546,0.0,0.0,9.8087,0.0,0.0,1.0,0.0,0.0,0.0,0.0,0.0,0.0,0.0,0.0
60.9459,0.9999943638581495,-0.002746984517518337,0.0010989938058801056,0.0015869910554428546,0.0,0.0,9.8087,0.0,0.0,1.0,0.0,0.0,0.0,0.0,0.0,0.0,0.0,0.0
60.9666,0.9999941944335573,-0.0028079836979694292,0.001098993619682479,0.0015869907865661004,0.0,0.0,9.7697,0.0,0.0,1.0,0.0,0.0,0.0,0.0,0.0,0.0,0.0,0.0
60.9866,0.9999941944335573,-0.0028079836979694292,0.001098993619682479,0.0015869907865661004,0.0,0.0,9.7697,0.0,0.0,1.0,0.0,0.0,0.0,0.0,0.0,0.0,0.0,0.0
61.0067,0.9999941944335573,-0.0028079836979694292,0.001098993619682479,0.0015869907865661004,0.0,0.0,9.7697,0.0,0.0,1.0,0.0,0.0,0.0,0.0,0.0,0.0,0.0,0.0
61.0268,0.9999942893784173,-0.0028079839645745956,0.0010989937240268798,0.0015259912855914437,0.0,0.0,9.8087,0.0,0.0,1.0,0.0,0.0,0.0,0.0,0.0,0.0,0.0,0.0
61.0469,0.999994354555807,-0.0028079841475927066,0.0010379941400289272,0.0015259913850521056,0.0,0.0,9.8051,0.0,0.0,1.0,0.0,0.0,0.0,0.0,0.0,0.0,0.0,0.0
61.0669,0.999994354555807,-0.0028079841475927066,0.0010379941400289272,0.0015259913850521056,0.0,0.0,9.8052,0.0,0.0,1.0,0.0,0.0,0.0,0.0,0.0,0.0,0.0,0.0
61.087,0.999994354555807,-0.0028079841475927066,0.0010379941400289272,0.0015259913850521056,0.0,0.0,9.7775,0.0,0.0,1.0,0.0,0.0,0.0,0.0,0.0,0.0,0.0,0.0
61.1071,0.999994354555807,-0.0028079841475927066,0.0010379941400289272,0.0015259913850521056,0.0,0.0,9.766,0.0,0.0,1.0,0.0,0.0,0.0,0.0,0.0,0.0,0.0,0.0
61.1272,0.9999944457797745,-0.002807984403749607,0.0010379942347194058,0.0014649918630673664,0.0,0.0,9.8051,0.0,0.0,1.0,0.0,0.0,0.0,0.0,0.0,0.0,0.0,0.0
61.1472,0.9999946766610073,-0.002746985376787787,0.0009769947990978037,0.0014649922013083572,0.0,0.0,9.8164,0.0,0.0,1.0,0.0,0.0,0.0,0.0,0.0,0.0,0.0,0.0
61.1673,0.9999945239804806,-0.00274698495737438,0.0010379943158917385,0.0015259916435941823,0.0,0.0,9.8164,0.0,0.0,1.0,0.0,0.0,0.0,0.0,0.0,0.0,0.0,0.0
61.1874,0.999994507236256,-0.0028079845763194075,0.0009769946335698217,0.0014649919531010136,0.0,0.0,9.8051,0.0,0.0,1.0,0.0,0.0,0.0,0.0,0.0,0.0,0.0,0.0
61.2074,0.999994507236256,-0.0028079845763194075,0.0009769946335698217,0.0014649919531010136,0.0,0.0,9.8051,0.0,0.0,1.0,0.0,0.0,0.0,0.0,0.0,0.0,0.0,0.0
61.2275,0.999994507236256,-0.0028079845763194075,0.0009769946335698217,0.0014649919531010136,0.0,0.0,9.8166,0.0,0.0,1.0,0.0,0.0,0.0,0.0,0.0,0.0,0.0,0.0
61.2476,0.9999945649718097,-0.0028079847384408422,0.0009159950215141777,0.001464992037683688,0.0,0.0,9.8166,0.0,0.0,1.0,0.0,0.0,0.0,0.0,0.0,0.0,0.0,0.0
61.2676,0.9999946198409195,-0.002807984892513302,0.0008539954053441449,0.0014649921180669434,0.0,0.0,9.8051,0.0,0.0,1.0,0.0,0.0,0.0,0.0,0.0,0.0,0.0,0.0
61.2877,0.9999946198409195,-0.002807984892513302,0.0008539954053441449,0.0014649921180669434,0.0,0.0,9.8048,0.0,0.0,1.0,0.0,0.0,0.0,0.0,0.0,0.0,0.0,0.0
61.3078,0.9999946198409195,-0.002807984892513302,0.0008539954053441449,0.0014649921180669434,0.0,0.0,9.7775,0.0,0.0,1.0,0.0,0.0,0.0,0.0,0.0,0.0,0.0,0.0
61.3279,0.9999946198409195,-0.002807984892513302,0.0008539954053441449,0.0014649921180669434,0.0,0.0,9.8556,0.0,0.0,1.0,0.0,0.0,0.0,0.0,0.0,0.0,0.0,0.0
61.3479,0.9999946198409195,-0.002807984892513302,0.0008539954053441449,0.0014649921180669434,0.0,0.0,9.8051,0.0,0.0,1.0,0.0,0.0,0.0,0.0,0.0,0.0,0.0,0.0
61.368,0.9999946198409195,-0.002807984892513302,0.0008539954053441449,0.0014649921180669434,0.0,0.0,9.7697,0.0,0.0,1.0,0.0,0.0,0.0,0.0,0.0,0.0,0.0,0.0
61.3881,0.9999946700736124,-0.002807985033566704,0.000792995773368374,0.0014649921916578545,0.0,0.0,9.8164,0.0,0.0,1.0,0.0,0.0,0.0,0.0,0.0,0.0,0.0,0.0
61.4081,0.9999946700736124,-0.002807985033566704,0.000792995773368374,0.0014649921916578545,0.0,0.0,9.8087,0.0,0.0,1.0,0.0,0.0,0.0,0.0,0.0,0.0,0.0,0.0
61.4282,0.9999946700736124,-0.002807985033566704,0.000792995773368374,0.0014649921916578545,0.0,0.0,9.805,0.0,0.0,1.0,0.0,0.0,0.0,0.0,0.0,0.0,0.0,0.0
61.4483,0.9999948394984465,-0.0027469858241022326,0.0007929959077222676,0.0014649924398652538,0.0,0.0,9.8087,0.0,0.0,1.0,0.0,0.0,0.0,0.0,0.0,0.0,0.0,0.0
61.4683,0.9999948394984465,-0.0027469858241022326,0.0007929959077222676,0.0014649924398652538,0.0,0.0,9.7697,0.0,0.0,1.0,0.0,0.0,0.0,0.0,0.0,0.0,0.0,0.0
61.4884,0.9999950052024222,-0.002685986583973706,0.0007929960391255203,0.0014649926826215132,0.0,0.0,9.8087,0.0,0.0,1.0,0.0,0.0,0.0,0.0,0.0,0.0,0.0,0.0
61.5085,0.9999949549696788,-0.0026859864490485575,0.0008539956915441049,0.0014649926090305465,0.0,0.0,9.7697,0.0,0.0,1.0,0.0,0.0,0.0,0.0,0.0,0.0,0.0,0.0
61.5285,0.9999949549696788,-0.0026859864490485575,0.0008539956915441049,0.0014649926090305465,0.0,0.0,9.7658,0.0,0.0,1.0,0.0,0.0,0.0,0.0,0.0,0.0,0.0,0.0
61.5486,0.9999949549696788,-0.0026859864490485575,0.0008539956915441049,0.0014649926090305465,0.0,0.0,9.7658,0.0,0.0,1.0,0.0,0.0,0.0,0.0,0.0,0.0,0.0,0.0
61.5687,0.9999949549696788,-0.0026859864490485575,0.0008539956915441049,0.0014649926090305465,0.0,0.0,9.8087,0.0,0.0,1.0,0.0,0.0,0.0,0.0,0.0,0.0,0.0,0.0
61.5887,0.9999949549696788,-0.0026859864490485575,0.0008539956915441049,0.0014649926090305465,0.0,0.0,9.805,0.0,0.0,1.0,0.0,0.0,0.0,0.0,0.0,0.0,0.0,0.0
61.6088,0.9999950257286153,-0.002624986942537615,0.0008539957519722372,0.0015259924092619337,0.0,0.0,9.7697,0.0,0.0,1.0,0.0,0.0,0.0,0.0,0.0,0.0,0.0,0.0
61.6289,0.9999950257286153,-0.002624986942537615,0.0008539957519722372,0.0015259924092619337,0.0,0.0,9.8087,0.0,0.0,1.0,0.0,0.0,0.0,0.0,0.0,0.0,0.0,0.0
61.6489,0.9999951169527665,-0.002624987182001013,0.0008539958298776623,0.001464992846335722,0.0,0.0,9.805,0.0,0.0,1.0,0.0,0.0,0.0,0.0,0.0,0.0,0.0,0.0
61.669,0.9999950257286153,-0.002624986942537615,0.0008539957519722372,0.0015259924092619337,0.0,0.0,9.8087,0.0,0.0,1.0,0.0,0.0,0.0,0.0,0.0,0.0,0.0,0.0
61.6891,0.9999950257286153,-0.002624986942537615,0.0008539957519722372,0.0015259924092619337,0.0,0.0,9.805,0.0,0.0,1.0,0.0,0.0,0.0,0.0,0.0,0.0,0.0,0.0
61.7091,0.9999950257286153,-0.002624986942537615,0.0008539957519722372,0.0015259924092619337,0.0,0.0,9.8166,0.0,0.0,1.0,0.0,0.0,0.0,0.0,0.0,0.0,0.0,0.0
61.7292,0.9999951671855345,-0.002624987313862028,0.0007929961675781286,0.0014649929199267442,0.0,0.0,9.8087,0.0,0.0,1.0,0.0,0.0,0.0,0.0,0.0,0.0,0.0,0.0
61.7493,0.9999950052024222,-0.002685986583973706,0.0007929960391255203,0.0014649926826215132,0.0,0.0,9.805,0.0,0.0,1.0,0.0,0.0,0.0,0.0,0.0,0.0,0.0,0.0
61.7694,0.9999949139783018,-0.0026859863389457187,0.0007929959667847929,0.0015259922387308444,0.0,0.0,9.8087,0.0,0.0,1.0,0.0,0.0,0.0,0.0,0.0,0.0,0.0,0.0
61.7894,0.9999950759613696,-0.002624987074398595,0.000792996095237366,0.001525992485917116,0.0,0.0,9.8087,0.0,0.0,1.0,0.0,0.0,0.0,0.0,0.0,0.0,0.0,0.0
61.8095,0.9999950759613696,-0.002624987074398595,0.000792996095237366,0.001525992485917116,0.0,0.0,9.7697,0.0,0.0,1.0,0.0,0.0,0.0,0.0,0.0,0.0,0.0,0.0
61.8296,0.9999950759613696,-0.002624987074398595,0.000792996095237366,0.001525992485917116,0.0,0.0,9.8048,0.0,0.0,1.0,0.0,0.0,0.0,0.0,0.0,0.0,0.0,0.0
61.8496,0.9999950759613696,-0.002624987074398595,0.000792996095237366,0.001525992485917116,0.0,0.0,9.8164,0.0,0.0,1.0,0.0,0.0,0.0,0.0,0.0,0.0,0.0,0.0
61.8697,0.9999950759613696,-0.002624987074398595,0.000792996095237366,0.001525992485917116,0.0,0.0,9.8087,0.0,0.0,1.0,0.0,0.0,0.0,0.0,0.0,0.0,0.0,0.0
