Time,F_Q0,F_Q1,F_Q2,F_Q3,F_M1,F_M2,F_ACC,Cmd_F1,Cmd_F2,B_Q0,B_Q1,B_Q2,B_Q3,B_M1,B_M2,B_ACC,Cmd_B1,Cmd_B2
0.0013,0.9999998865095194,-0.0003659999584624841,-0.0003049999653854035,0.0,0.0,0.0,9.8086,0.0,0.0,1.0,0.0,0.0,0.0,0.0,0.0,0.0,0.0,0.0
0.0214,0.999999914417011,-0.000365999968676626,-0.00018299998433831305,-6.099999477943152e-05,0.0,0.0,9.7969,0.0,0.0,1.0,0.0,0.0,0.0,0.0,0.0,0.0,0.0,0.0
0.0415,0.9999999088355125,-0.0003659999666337976,-0.00018299998331689887,-0.00012199998887790775,0.0,0.0,9.8047,0.0,0.0,1.0,0.0,0.0,0.0,0.0,0.0,0.0,0.0,0.0
0.0615,0.9999999088355125,-0.0003659999666337976,-0.00018299998331689887,-0.00012199998887790775,0.0,0.0,9.7969,0.0,0.0,1.0,0.0,0.0,0.0,0.0,0.0,0.0,0.0,0.0
0.0816,0.9999999293010076,-0.00030499997843680724,-0.0001829999870620845,-0.00012199999137468831,0.0,0.0,9.7696,0.0,0.0,1.0,0.0,0.0,0.0,0.0,0.0,0.0,0.0,0.0
0.1017,0.9999999293010076,-0.00030499997843680724,-0.0001829999870620845,-0.00012199999137468831,0.0,0.0,9.8087,0.0,0.0,1.0,0.0,0.0,0.0,0.0,0.0,0.0,0.0,0.0
0.1218,0.9999999293010076,-0.00030499997843680724,-0.0001829999870620845,-0.00012199999137468831,0.0,0.0,9.8438,0.0,0.0,1.0,0.0,0.0,0.0,0.0,0.0,0.0,0.0,0.0
0.1419,0.9999999162775106,-0.0003049999744646407,-0.00024399997957171262,-0.00012199998978590365,0.0,0.0,9.7581,0.0,0.0,1.0,0.0,0.0,0.0,0.0,0.0,0.0,0.0,0.0
0.162,0.9999999162775106,-0.0003049999744646407,-0.00024399997957171262,-0.00012199998978590365,0.0,0.0,9.7581,0.0,0.0,1.0,0.0,0.0,0.0,0.0,0.0,0.0,0.0,0.0
0.1821,0.9999999293010076,-0.00030499997843680724,-0.0001829999870620845,-0.00012199999137468831,0.0,0.0,9.7969,0.0,0.0,1.0,0.0,0.0,0.0,0.0,0.0,0.0,0.0,0.0
0.2022,0.9999999460455045,-0.0002439999868351031,-0.00018299999012632738,-0.00012199999341749868,0.0,0.0,9.8047,0.0,0.0,1.0,0.0,0.0,0.0,0.0,0.0,0.0,0.0,0.0
0.2223,0.9999999330220067,-0.00024399998365736957,-0.00024399998365736968,-0.00012199999182876953,0.0,0.0,9.8047,0.0,0.0,1.0,0.0,0.0,0.0,0.0,0.0,0.0,0.0,0.0
0.2424,0.9999999330220067,-0.00024399998365736957,-0.00024399998365736968,-0.00012199999182876953,0.0,0.0,9.7969,0.0,0.0,1.0,0.0,0.0,0.0,0.0,0.0,0.0,0.0,0.0
0.2625,0.9999999330220067,-0.00024399998365736957,-0.00024399998365736968,-0.00012199999182876953,0.0,0.0,9.7969,0.0,0.0,1.0,0.0,0.0,0.0,0.0,0.0,0.0,0.0,0.0
0.2825,0.9999999330220067,-0.00024399998365736957,-0.00024399998365736968,-0.00012199999182876953,0.0,0.0,9.8086,0.0,0.0,1.0,0.0,0.0,0.0,0.0,0.0,0.0,0.0,0.0
0.3026,0.9999999162775106,-0.00024399997957171257,-0.0003049999744646407,-0.00012199998978590365,0.0,0.0,9.7657,0.0,0.0,1.0,0.0,0.0,0.0,0.0,0.0,0.0,0.0,0.0
0.3227,0.9999999330220067,-0.00024399998365736957,-0.00024399998365736968,-0.00012199999182876953,0.0,0.0,9.7969,0.0,0.0,1.0,0.0,0.0,0.0,0.0,0.0,0.0,0.0,0.0
0.3428,0.9999999330220067,-0.00024399998365736957,-0.00024399998365736968,-0.00012199999182876953,0.0,0.0,9.7969,0.0,0.0,1.0,0.0,0.0,0.0,0.0,0.0,0.0,0.0,0.0
0.3629,0.9999999162775106,-0.0003049999744646407,-0.00024399997957171262,-0.00012199998978590365,0.0,0.0,9.7696,0.0,0.0,1.0,0.0,0.0,0.0,0.0,0.0,0.0,0.0,0.0
0.383,0.9999999330220067,-0.00024399998365736957,-0.00024399998365736968,-0.00012199999182876953,0.0,0.0,9.8049,0.0,0.0,1.0,0.0,0.0,0.0,0.0,0.0,0.0,0.0,0.0
0.4031,0.9999999330220067,-0.00024399998365736957,-0.00024399998365736968,-0.00012199999182876953,0.0,0.0,9.7581,0.0,0.0,1.0,0.0,0.0,0.0,0.0,0.0,0.0,0.0,0.0
0.4231,0.9999999330220067,-0.00024399998365736957,-0.00024399998365736968,-0.00012199999182876953,0.0,0.0,9.7969,0.0,0.0,1.0,0.0,0.0,0.0,0.0,0.0,0.0,0.0,0.0
0.4432,0.9999999330220067,-0.00024399998365736957,-0.00024399998365736968,-0.00012199999182876953,0.0,0.0,9.7657,0.0,0.0,1.0,0.0,0.0,0.0,0.0,0.0,0.0,0.0,0.0
0.4633,0.9999999162775106,-0.00024399997957171257,-0.0003049999744646407,-0.00012199998978590365,0.0,0.0,9.7657,0.0,0.0,1.0,0.0,0.0,0.0,0.0,0.0,0.0,0.0,0.0
0.4834,0.9999999162775106,-0.00024399997957171257,-0.0003049999744646407,-0.00012199998978590365,0.0,0.0,9.8047,0.0,0.0,1.0,0.0,0.0,0.0,0.0,0.0,0.0,0.0,0.0
0.5035,0.9999998995330152,-0.00030499996935756966,-0.0003049999693575697,-0.00012199998774303779,0.0,0.0,9.8047,0.0,0.0,1.0,0.0,0.0,0.0,0.0,0.0,0.0,0.0,0.0
0.5236,0.9999998995330152,-0.00030499996935756966,-0.0003049999693575697,-0.00012199998774303779,0.0,0.0,9.7969,0.0,0.0,1.0,0.0,0.0,0.0,0.0,0.0,0.0,0.0,0.0
0.5437,0.9999998995330152,-0.00030499996935756966,-0.0003049999693575697,-0.00012199998774303779,0.0,0.0,9.7969,0.0,0.0,1.0,0.0,0.0,0.0,0.0,0.0,0.0,0.0,0.0
0.5638,0.9999998995330152,-0.00030499996935756966,-0.0003049999693575697,-0.00012199998774303779,0.0,0.0,9.7969,0.0,0.0,1.0,0.0,0.0,0.0,0.0,0.0,0.0,0.0,0.0
0.5839,0.9999998995330152,-0.00030499996935756966,-0.0003049999693575697,-0.00012199998774303779,0.0,0.0,9.7969,0.0,0.0,1.0,0.0,0.0,0.0,0.0,0.0,0.0,0.0,0.0
0.604,0.9999998995330152,-0.00030499996935756966,-0.0003049999693575697,-0.00012199998774303779,0.0,0.0,9.7969,0.0,0.0,1.0,0.0,0.0,0.0,0.0,0.0,0.0,0.0,0.0
0.6241,0.9999998995330152,-0.00030499996935756966,-0.0003049999693575697,-0.00012199998774303779,0.0,0.0,9.7969,0.0,0.0,1.0,0.0,0.0,0.0,0.0,0.0,0.0,0.0,0.0
0.6442,0.9999998995330152,-0.00030499996935756966,-0.0003049999693575697,-0.00012199998774303779,0.0,0.0,9.7969,0.0,0.0,1.0,0.0,0.0,0.0,0.0,0.0,0.0,0.0,0.0
0.6642,0.9999998995330152,-0.00030499996935756966,-0.0003049999693575697,-0.00012199998774303779,0.0,0.0,9.7969,0.0,0.0,1.0,0.0,0.0,0.0,0.0,0.0,0.0,0.0,0.0
0.6843,0.9999998995330152,-0.00030499996935756966,-0.0003049999693575697,-0.00012199998774303779,0.0,0.0,9.7969,0.0,0.0,1.0,0.0,0.0,0.0,0.0,0.0,0.0,0.0,0.0
0.7044,0.9999998995330152,-0.00030499996935756966,-0.0003049999693575697,-0.00012199998774303779,0.0,0.0,9.7969,0.0,0.0,1.0,0.0,0.0,0.0,0.0,0.0,0.0,0.0,0.0
0.7245,0.9999998995330152,-0.00030499996935756966,-0.0003049999693575697,-0.00012199998774303779,0.0,0.0,9.8096,0.0,0.0,1.0,0.0,0.0,0.0,0.0,0.0,0.0,0.0,0.0
0.7446,0.9999998995330152,-0.00030499996935756966,-0.0003049999693575697,-0.00012199998774303779,0.0,0.0,9.8095,0.0,0.0,1.0,0.0,0.0,0.0,0.0,0.0,0.0,0.0,0.0
0.7647,0.9999998995330152,-0.00030499996935756966,-0.0003049999693575697,-0.00012199998774303779,0.0,0.0,9.8095,0.0,0.0,1.0,0.0,0.0,0.0,0.0,0.0,0.0,0.0,0.0
0.7848,0.9999998995330152,-0.00030499996935756966,-0.0003049999693575697,-0.00012199998774303779,0.0,0.0,9.8061,0.0,0.0,1.0,0.0,0.0,0.0,0.0,0.0,0.0,0.0,0.0
0.8049,0.9999998995330152,-0.00030499996935756966,-0.0003049999693575697,-0.00012199998774303779,0.0,0.0,9.767,0.0,0.0,1.0,0.0,0.0,0.0,0.0,0.0,0.0,0.0,0.0
0.825,0.9982883770711144,0.058288846850365464,0.00476098749085746,-0.0002439993589096745,0.0,0.0,9.7668,0.0,0.0,1.0,0.0,0.0,0.0,0.0,0.0,0.0,0.0,0.0
0.845,0.9982883770711144,0.058288846850365464,0.00476098749085746,-0.0002439993589096745,0.0,0.0,9.8483,0.0,0.0,1.0,0.0,0.0,0.0,0.0,0.0,0.0,0.0,0.0
0.8651,0.9982886651363185,0.058288863670143146,0.0046999890073542785,-0.0002439994293179648,0.0,0.0,9.8049,0.0,0.0,1.0,0.0,0.0,0.0,0.0,0.0,0.0,0.0,0.0
0.8852,0.9982883770711144,0.058288846850365464,0.00476098749085746,-0.0002439993589096745,0.0,0.0,9.805,0.0,0.0,1.0,0.0,0.0,0.0,0.0,0.0,0.0,0.0,0.0
0.9053,0.9982883770711144,0.058288846850365464,0.00476098749085746,-0.0002439993589096745,0.0,0.0,9.7757,0.0,0.0,1.0,0.0,0.0,0.0,0.0,0.0,0.0,0.0,0.0
0.9254,0.9982848387093096,0.058349639873231565,0.0047609706158775675,-0.00018299887055361896,0.0,0.0,9.7668,0.0,0.0,1.0,0.0,0.0,0.0,0.0,0.0,0.0,0.0,0.0
0.9455,0.998288390072255,0.058288847609486286,0.004760987552861858,-0.00018299952156564103,0.0,0.0,9.8096,0.0,0.0,1.0,0.0,0.0,0.0,0.0,0.0,0.0,0.0,0.0
0.9656,0.9982883770711144,0.058288846850365464,0.00476098749085746,-0.0002439993589096745,0.0,0.0,9.8019,0.0,0.0,1.0,0.0,0.0,0.0,0.0,0.0,0.0,0.0,0.0
0.9857,0.9982883770711144,0.058288846850365464,0.00476098749085746,-0.0002439993589096745,0.0,0.0,9.805,0.0,0.0,1.0,0.0,0.0,0.0,0.0,0.0,0.0,0.0,0.0
1.0058,0.9982883770711144,0.058288846850365464,0.00476098749085746,-0.0002439993589096745,0.0,0.0,9.8095,0.0,0.0,1.0,0.0,0.0,0.0,0.0,0.0,0.0,0.0,0.0
1.0261,0.9982886781374705,0.058288864429264634,0.004699989068564299,-0.0001829995743717894,0.0,0.0,9.8095,0.0,0.0,1.0,0.0,0.0,0.0,0.0,0.0,0.0,0.0,0.0
1.0462,0.9982886781374705,0.058288864429264634,0.004699989068564299,-0.0001829995743717894,0.0,0.0,9.8484,0.0,0.0,1.0,0.0,0.0,0.0,0.0,0.0,0.0,0.0,0.0
1.0663,0.9982886781374705,0.058288864429264634,0.004699989068564299,-0.0001829995743717894,0.0,0.0,9.805,0.0,0.0,1.0,0.0,0.0,0.0,0.0,0.0,0.0,0.0,0.0
1.0864,0.9982886781374705,0.058288864429264634,0.004699989068564299,-0.0001829995743717894,0.0,0.0,9.8483,0.0,0.0,1.0,0.0,0.0,0.0,0.0,0.0,0.0,0.0,0.0
1.1065,0.9982889624883171,0.05828888103216548,0.004638990531802164,-0.00018299962649709345,0.0,0.0,9.8096,0.0,0.0,1.0,0.0,0.0,0.0,0.0,0.0,0.0,0.0,0.0
1.1266,0.9982854111192628,0.05834967333053086,0.004638974028797482,-0.00018299897548390565,0.0,0.0,9.805,0.0,0.0,1.0,0.0,0.0,0.0,0.0,0.0,0.0,0.0,0.0
1.1467,0.9982856917527362,0.05834968973352675,0.004577975657242266,-0.00018299902692781034,0.0,0.0,9.7622,0.0,0.0,1.0,0.0,0.0,0.0,0.0,0.0,0.0,0.0,0.0
1.1668,0.9982824136202133,0.05841049760237273,0.004516961148926024,-0.00018299842600250082,0.0,0.0,9.8061,0.0,0.0,1.0,0.0,0.0,0.0,0.0,0.0,0.0,0.0,0.0
1.1868,0.9982791280909672,0.058471304637360284,0.0044559470082103925,-0.00018299782372133144,0.0,0.0,9.7624,0.0,0.0,1.0,0.0,0.0,0.0,0.0,0.0,0.0,0.0,0.0
1.2069,0.9982758444513966,0.058532111381624785,0.00439493327733486,-0.00012199814785784913,0.0,0.0,9.8049,0.0,0.0,1.0,0.0,0.0,0.0,0.0,0.0,0.0,0.0,0.0
1.227,0.9982725484551256,0.058592916999331474,0.004332919912586684,-0.00012199774505783356,0.0,0.0,9.7755,0.0,0.0,1.0,0.0,0.0,0.0,0.0,0.0,0.0,0.0,0.0
1.2471,0.9982730687199793,0.05859294753591736,0.004210924362114688,-0.00012199780863869637,0.0,0.0,9.8099,0.0,0.0,1.0,0.0,0.0,0.0,0.0,0.0,0.0,0.0,0.0
1.2672,0.9982733139949374,0.058592961932161416,0.004149926477428928,-0.00018299675792032843,0.0,0.0,9.7965,0.0,0.0,1.0,0.0,0.0,0.0,0.0,0.0,0.0,0.0,0.0
1.2873,0.9982730594338779,0.05859294699087605,0.004210924322943983,-0.00018299671125587838,0.0,0.0,9.8933,0.0,0.0,1.0,0.0,0.0,0.0,0.0,0.0,0.0,0.0,0.0
1.3074,0.9982694896625395,0.058653736151238714,0.004210909264902682,-0.00018299605686944442,0.0,0.0,9.9417,0.0,0.0,1.0,0.0,0.0,0.0,0.0,0.0,0.0,0.0,0.0
1.3275,0.9982730594338779,0.05859294699087605,0.004210924322943983,-0.00018299671125587838,0.0,0.0,9.7511,0.0,0.0,1.0,0.0,0.0,0.0,0.0,0.0,0.0,0.0,0.0
1.3475,0.9982661800566401,0.0587145401773688,0.004149896820901986,-0.00012199696678311113,0.0,0.0,9.8243,0.0,0.0,1.0,0.0,0.0,0.0,0.0,0.0,0.0,0.0,0.0
1.3676,0.9982666780253204,0.05871456946615236,0.0040279018633705005,-0.00012199702763926457,0.0,0.0,9.7321,0.0,0.0,1.0,0.0,0.0,0.0,0.0,0.0,0.0,0.0,0.0
1.3877,0.9982669214383819,0.05871458378286093,0.003966904316823519,-0.00012199705738658029,0.0,0.0,9.8008,0.0,0.0,1.0,0.0,0.0,0.0,0.0,0.0,0.0,0.0,0.0
1.4077,0.9982633443042261,0.058775371698402065,0.00396689010203926,-0.00012199662022915891,0.0,0.0,9.8413,0.0,0.0,1.0,0.0,0.0,0.0,0.0,0.0,0.0,0.0,0.0
1.4278,0.9982633443042261,0.058775371698402065,0.00396689010203926,-0.00012199662022915891,0.0,0.0,9.8413,0.0,0.0,1.0,0.0,0.0,0.0,0.0,0.0,0.0,0.0,0.0
1.4479,0.9982595513573735,0.05883974182579681,0.0039671174381001525,-0.00012200361165820572,0.0,0.0,9.8105,0.0,0.0,1.0,0.0,0.0,0.0,0.0,0.0,0.0,0.0,0.0
1.4679,0.9982600270884998,0.05883976986649685,0.0038451156588714883,-0.00012200366980036348,0.0,0.0,9.8104,0.0,0.0,1.0,0.0,0.0,0.0,0.0,0.0,0.0,0.0,0.0
1.488,0.9982564421618533,0.05890056017840677,0.0038451018503875174,-0.00012200323166383642,0.0,0.0,9.805,0.0,0.0,1.0,0.0,0.0,0.0,0.0,0.0,0.0,0.0,0.0
1.5081,0.9982600270884998,0.05883976986649685,0.0038451156588714883,-0.00012200366980036348,0.0,0.0,9.7622,0.0,0.0,1.0,0.0,0.0,0.0,0.0,0.0,0.0,0.0,0.0
1.5281,0.9982566800251089,0.058900574213156184,0.003784101136226143,-6.100163036737438e-05,0.0,0.0,9.7668,0.0,0.0,1.0,0.0,0.0,0.0,0.0,0.0,0.0,0.0,0.0
1.5482,0.9982569086017486,0.05890058769996333,0.0037231003583586136,-6.100164433520128e-05,0.0,0.0,9.7668,0.0,0.0,1.0,0.0,0.0,0.0,0.0,0.0,0.0,0.0,0.0
1.5683,0.9982569086017486,0.05890058769996333,0.0037231003583586136,-6.100164433520128e-05,0.0,0.0,9.8105,0.0,0.0,1.0,0.0,0.0,0.0,0.0,0.0,0.0,0.0,0.0
1.5884,0.9982569086017486,0.05890058769996333,0.0037231003583586136,-6.100164433520128e-05,0.0,0.0,9.8367,0.0,0.0,1.0,0.0,0.0,0.0,0.0,0.0,0.0,0.0,0.0
1.6085,0.9982604935334204,0.05883979735984632,0.003723113728724775,-6.100186340374236e-05,0.0,0.0,9.7931,0.0,0.0,1.0,0.0,0.0,0.0,0.0,0.0,0.0,0.0,0.0
1.6285,0.9982571334638288,0.05890060096759871,0.0036620995389284525,-6.1001658076043075e-05,0.0,0.0,9.7755,0.0,0.0,1.0,0.0,0.0,0.0,0.0,0.0,0.0,0.0,0.0
1.6486,0.9982501755676562,0.05902219289360031,0.003601072781041583,0.0,0.0,0.0,9.805,0.0,0.0,1.0,0.0,0.0,0.0,0.0,0.0,0.0,0.0,0.0
1.6687,0.9982503929959033,0.05902220574918728,0.003540072319210511,0.0,0.0,0.0,9.754,0.0,0.0,1.0,0.0,0.0,0.0,0.0,0.0,0.0,0.0,0.0
1.6887,0.9982470107406802,0.0590830068106357,0.00347905928530182,0.0,0.0,0.0,9.7721,0.0,0.0,1.0,0.0,0.0,0.0,0.0,0.0,0.0,0.0,0.0
1.7088,0.9982436210907042,0.059143807020593964,0.0034180466394398423,0.0,0.0,0.0,9.8437,0.0,0.0,1.0,0.0,0.0,0.0,0.0,0.0,0.0,0.0,0.0
1.7289,0.9982440299367807,0.05914383124385264,0.0032960463246662977,0.0,0.0,0.0,9.8545,0.0,0.0,1.0,0.0,0.0,0.0,0.0,0.0,0.0,0.0,0.0
1.749,0.9982404247525599,0.059204618281408654,0.0032960344209094564,-6.1000637037511574e-05,0.0,0.0,9.7755,0.0,0.0,1.0,0.0,0.0,0.0,0.0,0.0,0.0,0.0,0.0
1.769,0.9982404247525599,0.059204618281408654,0.0032960344209094564,-6.1000637037511574e-05,0.0,0.0,9.8061,0.0,0.0,1.0,0.0,0.0,0.0,0.0,0.0,0.0,0.0,0.0
1.7891,0.9982440280794955,0.059143831133812455,0.0032960463185338316,-6.100085723009796e-05,0.0,0.0,9.8105,0.0,0.0,1.0,0.0,0.0,0.0,0.0,0.0,0.0,0.0,0.0
1.8092,0.99824402250764,0.05914383080369189,0.0032960463001364265,-0.00012200171377929614,0.0,0.0,9.7931,0.0,0.0,1.0,0.0,0.0,0.0,0.0,0.0,0.0,0.0,0.0
1.8292,0.9982474195909217,0.05908303100915706,0.0033570585812555537,-0.00012200212895835394,0.0,0.0,9.8403,0.0,0.0,1.0,0.0,0.0,0.0,0.0,0.0,0.0,0.0,0.0
1.8493,0.9982474195909217,0.05908303100915706,0.0033570585812555537,-0.00012200212895835394,0.0,0.0,9.8015,0.0,0.0,1.0,0.0,0.0,0.0,0.0,0.0,0.0,0.0,0.0
1.8694,0.9982476221589255,0.05908304299850099,0.003296058185624382,-0.00012200215371543922,0.0,0.0,9.8096,0.0,0.0,1.0,0.0,0.0,0.0,0.0,0.0,0.0,0.0,0.0
1.8894,0.9982442213590031,0.05914384258521136,0.00323504608767156,-0.0001220017380823002,0.0,0.0,9.801,0.0,0.0,1.0,0.0,0.0,0.0,0.0,0.0,0.0,0.0,0.0
1.9095,0.9982444220677725,0.059143854476778175,0.003174045856809669,-6.100088130606141e-05,0.0,0.0,9.8008,0.0,0.0,1.0,0.0,0.0,0.0,0.0,0.0,0.0,0.0,0.0
1.9296,0.9982410101569454,0.05920465300114384,0.0031130343353922216,-6.100067281050725e-05,0.0,0.0,9.7826,0.0,0.0,1.0,0.0,0.0,0.0,0.0,0.0,0.0,0.0,0.0
1.9496,0.9982374031481942,0.05926543952553792,0.0031130230868640883,-6.1000452392767635e-05,0.0,0.0,9.8157,0.0,0.0,1.0,0.0,0.0,0.0,0.0,0.0,0.0,0.0,0.0
1.9697,0.9982408131647685,0.05920464131773935,0.003174034381840843,-0.00012200132154521759,0.0,0.0,9.763,0.0,0.0,1.0,0.0,0.0,0.0,0.0,0.0,0.0,0.0,0.0
1.9898,0.9982442213590031,0.05914384258521136,0.00323504608767156,-0.0001220017380823002,0.0,0.0,9.8065,0.0,0.0,1.0,0.0,0.0,0.0,0.0,0.0,0.0,0.0,0.0
2.0098,0.9982442120725719,0.05914384203501008,0.0032350460575766952,-0.00018300260542081226,0.0,0.0,9.7979,0.0,0.0,1.0,0.0,0.0,0.0,0.0,0.0,0.0,0.0,0.0
2.0299,0.9982444072094735,0.05914385359645562,0.003174045809565814,-0.00018300264119430754,0.0,0.0,9.805,0.0,0.0,1.0,0.0,0.0,0.0,0.0,0.0,0.0,0.0,0.0
2.05,0.9982447956263308,0.059143876609326594,0.003052045236319856,-0.00012200180826693607,0.0,0.0,9.8105,0.0,0.0,1.0,0.0,0.0,0.0,0.0,0.0,0.0,0.0,0.0
2.07,0.9982411922910835,0.05920466380333322,0.003052034219440812,-0.0001220013678807086,0.0,0.0,9.8095,0.0,0.0,1.0,0.0,0.0,0.0,0.0,0.0,0.0,0.0,0.0
2.0901,0.9982411922910835,0.05920466380333322,0.003052034219440812,-0.0001220013678807086,0.0,0.0,9.8437,0.0,0.0,1.0,0.0,0.0,0.0,0.0,0.0,0.0,0.0,0.0
2.1102,0.9982413762825917,0.059204674715681305,0.0029910340867948665,-0.00012200139036738777,0.0,0.0,9.8095,0.0,0.0,1.0,0.0,0.0,0.0,0.0,0.0,0.0,0.0,0.0
2.1303,0.9982413762825917,0.059204674715681305,0.0029910340867948665,-0.00012200139036738777,0.0,0.0,9.8484,0.0,0.0,1.0,0.0,0.0,0.0,0.0,0.0,0.0,0.0,0.0
2.1503,0.9982377692698716,0.059265461262213055,0.0029910232790901874,-0.00012200094953157548,0.0,0.0,9.8015,0.0,0.0,1.0,0.0,0.0,0.0,0.0,0.0,0.0,0.0,0.0
2.1704,0.9982377692698716,0.059265461262213055,0.0029910232790901874,-0.00012200094953157548,0.0,0.0,9.8453,0.0,0.0,1.0,0.0,0.0,0.0,0.0,0.0,0.0,0.0,0.0
2.1905,0.9982341585817913,0.05932624714947792,0.0029910124603730083,-0.00012200050824662245,0.0,0.0,9.8049,0.0,0.0,1.0,0.0,0.0,0.0,0.0,0.0,0.0,0.0,0.0
2.2105,0.9982345209854346,0.05932626868755886,0.00286901299370608,-6.100027626904092e-05,0.0,0.0,9.7626,0.0,0.0,1.0,0.0,0.0,0.0,0.0,0.0,0.0,0.0,0.0
2.2306,0.9982310794607208,0.05938706421960253,0.0028080030365003204,-6.100006596382324e-05,0.0,0.0,9.8483,0.0,0.0,1.0,0.0,0.0,0.0,0.0,0.0,0.0,0.0,0.0
2.2507,0.9982307300613027,0.059387043433027045,0.00293000214287251,-6.100004461273567e-05,0.0,0.0,9.8015,0.0,0.0,1.0,0.0,0.0,0.0,0.0,0.0,0.0,0.0,0.0
2.2707,0.9982309066181778,0.05938705393680187,0.002869002605699656,-6.100005540182751e-05,0.0,0.0,9.7624,0.0,0.0,1.0,0.0,0.0,0.0,0.0,0.0,0.0,0.0,0.0
2.2908,0.9982309066181778,0.05938705393680187,0.002869002605699656,-6.100005540182751e-05,0.0,0.0,9.8061,0.0,0.0,1.0,0.0,0.0,0.0,0.0,0.0,0.0,0.0,0.0
2.3109,0.9982312485889258,0.05938707428142866,0.002747003435955433,-6.100007629894488e-05,0.0,0.0,9.8095,0.0,0.0,1.0,0.0,0.0,0.0,0.0,0.0,0.0,0.0,0.0
2.3309,0.998231414002787,0.05938708412227996,0.0026860038047458942,-6.100008640702592e-05,0.0,0.0,9.8095,0.0,0.0,1.0,0.0,0.0,0.0,0.0,0.0,0.0,0.0,0.0
2.351,0.9982312485889258,0.05938707428142866,0.002747003435955433,-6.100007629894488e-05,0.0,0.0,9.8025,0.0,0.0,1.0,0.0,0.0,0.0,0.0,0.0,0.0,0.0,0.0
2.3711,0.998227461416461,0.059447848818694866,0.0028079928590178937,-6.099984487190069e-05,0.0,0.0,9.8453,0.0,0.0,1.0,0.0,0.0,0.0,0.0,0.0,0.0,0.0,0.0
2.3911,0.9982277978120845,0.0594478688522012,0.0026859940744350212,0.0,0.0,0.0,9.7583,0.0,0.0,1.0,0.0,0.0,0.0,0.0,0.0,0.0,0.0,0.0
2.4112,0.9982281200522278,0.05944788804270043,0.0025629951731503432,0.0,0.0,0.0,9.7673,0.0,0.0,1.0,0.0,0.0,0.0,0.0,0.0,0.0,0.0,0.0
2.4313,0.9982243359279778,0.0595086623390782,0.002624985105447595,-6.0999653878957005e-05,0.0,0.0,9.8155,0.0,0.0,1.0,0.0,0.0,0.0,0.0,0.0,0.0,0.0,0.0
2.4513,0.9982241742319838,0.059508652699649514,0.0026859843242410257,-6.0999643998027604e-05,0.0,0.0,9.7665,0.0,0.0,1.0,0.0,0.0,0.0,0.0,0.0,0.0,0.0,0.0
2.4714,0.9982241742319838,0.059508652699649514,0.0026859843242410257,-6.0999643998027604e-05,0.0,0.0,9.8015,0.0,0.0,1.0,0.0,0.0,0.0,0.0,0.0,0.0,0.0,0.0
2.4915,0.9982240088217215,0.059508642838796505,0.0027469835130513776,-6.099963389005759e-05,0.0,0.0,9.8105,0.0,0.0,1.0,0.0,0.0,0.0,0.0,0.0,0.0,0.0,0.0
2.5115,0.9982241760891581,0.05950865281036406,0.0026859843292382363,0.0,0.0,0.0,9.8049,0.0,0.0,1.0,0.0,0.0,0.0,0.0,0.0,0.0,0.0,0.0
2.5316,0.9982241760891581,0.05950865281036406,0.0026859843292382363,0.0,0.0,0.0,9.8049,0.0,0.0,1.0,0.0,0.0,0.0,0.0,0.0,0.0,0.0,0.0
2.5517,0.9982205506913437,0.05956943610659201,0.002685974574153208,0.0,0.0,0.0,9.8061,0.0,0.0,1.0,0.0,0.0,0.0,0.0,0.0,0.0,0.0,0.0
2.5718,0.9982205488341898,0.05956943599576518,0.002685974569156046,-6.099942245668677e-05,0.0,0.0,9.767,0.0,0.0,1.0,0.0,0.0,0.0,0.0,0.0,0.0,0.0,0.0
2.5919,0.9982207105284219,0.05956944564496969,0.0026249755718993836,-6.0999432337505155e-05,0.0,0.0,9.8437,0.0,0.0,1.0,0.0,0.0,0.0,0.0,0.0,0.0,0.0,0.0
2.6119,0.9982205488341898,0.05956943599576518,0.002685974569156046,-6.099942245668677e-05,0.0,0.0,9.805,0.0,0.0,1.0,0.0,0.0,0.0,0.0,0.0,0.0,0.0,0.0
2.632,0.9982207105284219,0.05956944564496969,0.0026249755718993836,-6.0999432337505155e-05,0.0,0.0,9.805,0.0,0.0,1.0,0.0,0.0,0.0,0.0,0.0,0.0,0.0,0.0
2.6521,0.9982207105284219,0.05956944564496969,0.0026249755718993836,-6.0999432337505155e-05,0.0,0.0,9.8104,0.0,0.0,1.0,0.0,0.0,0.0,0.0,0.0,0.0,0.0,0.0
2.6721,0.9982207105284219,0.05956944564496969,0.0026249755718993836,-6.0999432337505155e-05,0.0,0.0,9.8061,0.0,0.0,1.0,0.0,0.0,0.0,0.0,0.0,0.0,0.0,0.0
2.6922,0.99822037785427,0.059569425792431456,0.0027469735210980326,-0.00012199882401670026,0.0,0.0,9.8019,0.0,0.0,1.0,0.0,0.0,0.0,0.0,0.0,0.0,0.0,0.0
2.7123,0.9982205432627272,0.059569435663284674,0.002685974554164569,-0.00012199884423230722,0.0,0.0,9.8095,0.0,0.0,1.0,0.0,0.0,0.0,0.0,0.0,0.0,0.0,0.0
2.7324,0.9982244908970895,0.059508671577487064,0.0025629858551328368,-0.0001219993266977082,0.0,0.0,9.8483,0.0,0.0,1.0,0.0,0.0,0.0,0.0,0.0,0.0,0.0,0.0
2.7524,0.9982244908970895,0.059508671577487064,0.0025629858551328368,-0.0001219993266977082,0.0,0.0,9.8397,0.0,0.0,1.0,0.0,0.0,0.0,0.0,0.0,0.0,0.0,0.0
2.7725,0.9982244908970895,0.059508671577487064,0.0025629858551328368,-0.0001219993266977082,0.0,0.0,9.805,0.0,0.0,1.0,0.0,0.0,0.0,0.0,0.0,0.0,0.0,0.0
2.7926,0.9982244908970895,0.059508671577487064,0.0025629858551328368,-0.0001219993266977082,0.0,0.0,9.805,0.0,0.0,1.0,0.0,0.0,0.0,0.0,0.0,0.0,0.0,0.0
2.8126,0.9982244908970895,0.059508671577487064,0.0025629858551328368,-0.0001219993266977082,0.0,0.0,9.8065,0.0,0.0,1.0,0.0,0.0,0.0,0.0,0.0,0.0,0.0,0.0
2.8327,0.9982244908970895,0.059508671577487064,0.0025629858551328368,-0.0001219993266977082,0.0,0.0,9.8065,0.0,0.0,1.0,0.0,0.0,0.0,0.0,0.0,0.0,0.0,0.0
2.8528,0.9982246451036381,0.059508680770436084,0.0025019865782928905,-0.00012199934554429914,0.0,0.0,9.805,0.0,0.0,1.0,0.0,0.0,0.0,0.0,0.0,0.0,0.0,0.0
2.8728,0.9982285696767408,0.05944791481937318,0.0023799965897945904,-6.099991259561621e-05,0.0,0.0,9.8017,0.0,0.0,1.0,0.0,0.0,0.0,0.0,0.0,0.0,0.0,0.0
2.8929,0.9982244908970895,0.059508671577487064,0.0025629858551328368,-0.0001219993266977082,0.0,0.0,9.7726,0.0,0.0,1.0,0.0,0.0,0.0,0.0,0.0,0.0,0.0,0.0
2.913,0.9982244908970895,0.059508671577487064,0.0025629858551328368,-0.0001219993266977082,0.0,0.0,9.7726,0.0,0.0,1.0,0.0,0.0,0.0,0.0,0.0,0.0,0.0,0.0
2.9331,0.9982244908970895,0.059508671577487064,0.0025629858551328368,-0.0001219993266977082,0.0,0.0,9.8155,0.0,0.0,1.0,0.0,0.0,0.0,0.0,0.0,0.0,0.0,0.0
2.9531,0.9982244908970895,0.059508671577487064,0.0025629858551328368,-0.0001219993266977082,0.0,0.0,9.8061,0.0,0.0,1.0,0.0,0.0,0.0,0.0,0.0,0.0,0.0,0.0
2.9732,0.9982244908970895,0.059508671577487064,0.0025629858551328368,-0.0001219993266977082,0.0,0.0,9.8061,0.0,0.0,1.0,0.0,0.0,0.0,0.0,0.0,0.0,0.0,0.0
2.9933,0.9982282668316693,0.05944789678391661,0.002501995655923829,-0.00012199978817850621,0.0,0.0,9.8095,0.0,0.0,1.0,0.0,0.0,0.0,0.0,0.0,0.0,0.0,0.0
3.0134,0.998228564105144,0.059447914487565603,0.0023799965765106783,-0.00012199982451027713,0.0,0.0,9.7809,0.0,0.0,1.0,0.0,0.0,0.0,0.0,0.0,0.0,0.0,0.0
3.0334,0.9982284173255715,0.05944790574634161,0.002440996129841548,-0.00012199980657134901,0.0,0.0,9.7931,0.0,0.0,1.0,0.0,0.0,0.0,0.0,0.0,0.0,0.0,0.0
3.0535,0.9982354899763817,0.059326326275847066,0.0025020137602765995,-0.00018300100644713657,0.0,0.0,9.8324,0.0,0.0,1.0,0.0,0.0,0.0,0.0,0.0,0.0,0.0,0.0
3.0736,0.9982317213887001,0.059387102409375336,0.0025630044197421896,-0.00018300031557272334,0.0,0.0,9.8152,0.0,0.0,1.0,0.0,0.0,0.0,0.0,0.0,0.0,0.0,0.0
3.0937,0.9982282575456832,0.05944789623090448,0.0025019956326490997,-0.00018299968056545435,0.0,0.0,9.8061,0.0,0.0,1.0,0.0,0.0,0.0,0.0,0.0,0.0,0.0,0.0
3.1137,0.9982320353802252,0.059387121089453765,0.0024410049771727347,-0.00012200024875663737,0.0,0.0,9.8053,0.0,0.0,1.0,0.0,0.0,0.0,0.0,0.0,0.0,0.0,0.0
3.1338,0.9982323252281873,0.059387138333176076,0.002319005401765297,-0.00012200028418091202,0.0,0.0,9.8053,0.0,0.0,1.0,0.0,0.0,0.0,0.0,0.0,0.0,0.0,0.0
3.1539,0.9982321821613938,0.05938712982180328,0.002380005202753006,-0.00012200026669573202,0.0,0.0,9.8061,0.0,0.0,1.0,0.0,0.0,0.0,0.0,0.0,0.0,0.0,0.0
3.1739,0.9982320260941341,0.05938712053700284,0.002441004954465198,-0.00018300037143265113,0.0,0.0,9.805,0.0,0.0,1.0,0.0,0.0,0.0,0.0,0.0,0.0,0.0,0.0
3.194,0.9982320260941341,0.05938712053700284,0.002441004954465198,-0.00018300037143265113,0.0,0.0,9.8061,0.0,0.0,1.0,0.0,0.0,0.0,0.0,0.0,0.0,0.0,0.0
3.2141,0.9982320260941341,0.05938712053700284,0.002441004954465198,-0.00018300037143265113,0.0,0.0,9.805,0.0,0.0,1.0,0.0,0.0,0.0,0.0,0.0,0.0,0.0,0.0
3.2342,0.9982321728752985,0.059387129269352114,0.002380005180612904,-0.0001830003983412376,0.0,0.0,9.8049,0.0,0.0,1.0,0.0,0.0,0.0,0.0,0.0,0.0,0.0,0.0
3.2542,0.9982357872563097,0.059326343943547896,0.0023800137980926543,-0.0001830010609458199,0.0,0.0,9.8049,0.0,0.0,1.0,0.0,0.0,0.0,0.0,0.0,0.0,0.0,0.0
3.2743,0.998235640473551,0.05932633522007341,0.0024410137928092233,-0.0001830010340369559,0.0,0.0,9.801,0.0,0.0,1.0,0.0,0.0,0.0,0.0,0.0,0.0,0.0,0.0
3.2944,0.9982320260941341,0.05938712053700284,0.002441004954465198,-0.00018300037143265113,0.0,0.0,9.7757,0.0,0.0,1.0,0.0,0.0,0.0,0.0,0.0,0.0,0.0,0.0
3.3144,0.9982320260941341,0.05938712053700284,0.002441004954465198,-0.00018300037143265113,0.0,0.0,9.8105,0.0,0.0,1.0,0.0,0.0,0.0,0.0,0.0,0.0,0.0,0.0
3.3345,0.9982320260941341,0.05938712053700284,0.002441004954465198,-0.00018300037143265113,0.0,0.0,9.8015,0.0,0.0,1.0,0.0,0.0,0.0,0.0,0.0,0.0,0.0,0.0
3.3546,0.9982320260941341,0.05938712053700284,0.002441004954465198,-0.00018300037143265113,0.0,0.0,9.7622,0.0,0.0,1.0,0.0,0.0,0.0,0.0,0.0,0.0,0.0,0.0
3.3746,0.9982321728752985,0.059387129269352114,0.002380005180612904,-0.0001830003983412376,0.0,0.0,9.8049,0.0,0.0,1.0,0.0,0.0,0.0,0.0,0.0,0.0,0.0,0.0
3.3947,0.9982321728752985,0.059387129269352114,0.002380005180612904,-0.0001830003983412376,0.0,0.0,9.8483,0.0,0.0,1.0,0.0,0.0,0.0,0.0,0.0,0.0,0.0,0.0
3.4148,0.9982321821613938,0.05938712982180328,0.002380005202753006,-0.00012200026669573202,0.0,0.0,9.805,0.0,0.0,1.0,0.0,0.0,0.0,0.0,0.0,0.0,0.0,0.0
3.4348,0.9982323252281873,0.059387138333176076,0.002319005401765297,-0.00012200028418091202,0.0,0.0,9.8095,0.0,0.0,1.0,0.0,0.0,0.0,0.0,0.0,0.0,0.0,0.0
3.4549,0.9982323252281873,0.059387138333176076,0.002319005401765297,-0.00012200028418091202,0.0,0.0,9.8049,0.0,0.0,1.0,0.0,0.0,0.0,0.0,0.0,0.0,0.0,0.0
3.475,0.9982323252281873,0.059387138333176076,0.002319005401765297,-0.00012200028418091202,0.0,0.0,9.8049,0.0,0.0,1.0,0.0,0.0,0.0,0.0,0.0,0.0,0.0,0.0
3.495,0.9982286978843836,0.05944792245457543,0.0023189969750397163,-0.0001829997612903256,0.0,0.0,9.8147,0.0,0.0,1.0,0.0,0.0,0.0,0.0,0.0,0.0,0.0,0.0
3.5151,0.998228707170382,0.059447923007588305,0.0023189969966121333,-0.00012199984199512404,0.0,0.0,9.8437,0.0,0.0,1.0,0.0,0.0,0.0,0.0,0.0,0.0,0.0,0.0
3.5352,0.9982288465212804,0.05944793130640944,0.0022579973908268274,-0.00012199985902611178,0.0,0.0,9.7668,0.0,0.0,1.0,0.0,0.0,0.0,0.0,0.0,0.0,0.0,0.0
3.5552,0.998228707170382,0.059447923007588305,0.0023189969966121333,-0.00012199984199512404,0.0,0.0,9.8096,0.0,0.0,1.0,0.0,0.0,0.0,0.0,0.0,0.0,0.0,0.0
3.5753,0.998228707170382,0.059447923007588305,0.0023189969966121333,-0.00012199984199512404,0.0,0.0,9.7757,0.0,0.0,1.0,0.0,0.0,0.0,0.0,0.0,0.0,0.0,0.0
3.5954,0.998228707170382,0.059447923007588305,0.0023189969966121333,-0.00012199984199512404,0.0,0.0,9.8095,0.0,0.0,1.0,0.0,0.0,0.0,0.0,0.0,0.0,0.0,0.0
3.6154,0.9982288520928819,0.05944793163821729,0.002257997403429801,-6.099992985342251e-05,0.0,0.0,9.8049,0.0,0.0,1.0,0.0,0.0,0.0,0.0,0.0,0.0,0.0,0.0
3.6355,0.9982288465212804,0.05944793130640944,0.0022579973908268274,-0.00012199985902611178,0.0,0.0,9.8438,0.0,0.0,1.0,0.0,0.0,0.0,0.0,0.0,0.0,0.0,0.0
3.6556,0.9982252247869395,0.05950871532797651,0.002257989198450182,-0.00012199941639096101,0.0,0.0,9.8049,0.0,0.0,1.0,0.0,0.0,0.0,0.0,0.0,0.0,0.0,0.0
3.6757,0.9982252247869395,0.05950871532797651,0.002257989198450182,-0.00012199941639096101,0.0,0.0,9.767,0.0,0.0,1.0,0.0,0.0,0.0,0.0,0.0,0.0,0.0,0.0
3.6957,0.998225085437558,0.059508707020730335,0.0023189885829214764,-0.00012199939936030636,0.0,0.0,9.8015,0.0,0.0,1.0,0.0,0.0,0.0,0.0,0.0,0.0,0.0,0.0
3.7158,0.998221599377699,0.05956949868760661,0.0022579809977608944,-0.00012199897330678056,0.0,0.0,9.8095,0.0,0.0,1.0,0.0,0.0,0.0,0.0,0.0,0.0,0.0,0.0
3.7359,0.998221599377699,0.05956949868760661,0.0022579809977608944,-0.00012199897330678056,0.0,0.0,9.8095,0.0,0.0,1.0,0.0,0.0,0.0,0.0,0.0,0.0,0.0,0.0
3.7559,0.998225085437558,0.059508707020730335,0.0023189885829214764,-0.00012199939936030636,0.0,0.0,9.8015,0.0,0.0,1.0,0.0,0.0,0.0,0.0,0.0,0.0,0.0,0.0
3.776,0.9982214600298357,0.059569490371935645,0.0023189801606936238,-0.00012199895627629244,0.0,0.0,9.7721,0.0,0.0,1.0,0.0,0.0,0.0,0.0,0.0,0.0,0.0,0.0
3.7961,0.998221599377699,0.05956949868760661,0.0022579809977608944,-0.00012199897330678056,0.0,0.0,9.8095,0.0,0.0,1.0,0.0,0.0,0.0,0.0,0.0,0.0,0.0,0.0
3.8161,0.9982252247869395,0.05950871532797651,0.002257989198450182,-0.00012199941639096101,0.0,0.0,9.7582,0.0,0.0,1.0,0.0,0.0,0.0,0.0,0.0,0.0,0.0,0.0
3.8362,0.9982252247869395,0.05950871532797651,0.002257989198450182,-0.00012199941639096101,0.0,0.0,9.8096,0.0,0.0,1.0,0.0,0.0,0.0,0.0,0.0,0.0,0.0,0.0
3.8563,0.9982252247869395,0.05950871532797651,0.002257989198450182,-0.00012199941639096101,0.0,0.0,9.7755,0.0,0.0,1.0,0.0,0.0,0.0,0.0,0.0,0.0,0.0,0.0
3.8763,0.9982252247869395,0.05950871532797651,0.002257989198450182,-0.00012199941639096101,0.0,0.0,9.8096,0.0,0.0,1.0,0.0,0.0,0.0,0.0,0.0,0.0,0.0,0.0
3.8964,0.9982252247869395,0.05950871532797651,0.002257989198450182,-0.00012199941639096101,0.0,0.0,9.767,0.0,0.0,1.0,0.0,0.0,0.0,0.0,0.0,0.0,0.0,0.0
3.9165,0.9982288465212804,0.05944793130640944,0.0022579973908268274,-0.00012199985902611178,0.0,0.0,9.8096,0.0,0.0,1.0,0.0,0.0,0.0,0.0,0.0,0.0,0.0,0.0
3.9366,0.99823260021863,0.05938715469299038,0.00219700572280971,-0.00012200031778919485,0.0,0.0,9.7965,0.0,0.0,1.0,0.0,0.0,0.0,0.0,0.0,0.0,0.0,0.0
3.9566,0.99823260021863,0.05938715469299038,0.00219700572280971,-0.00012200031778919485,0.0,0.0,9.7974,0.0,0.0,1.0,0.0,0.0,0.0,0.0,0.0,0.0,0.0,0.0
3.9767,0.9982326057902944,0.059387155024461506,0.002197005735072366,-6.10001592349918e-05,0.0,0.0,9.8437,0.0,0.0,1.0,0.0,0.0,0.0,0.0,0.0,0.0,0.0,0.0
3.9968,0.998229247859501,0.05944795520746883,0.0020749984365411554,-6.099995403807679e-05,0.0,0.0,9.8008,0.0,0.0,1.0,0.0,0.0,0.0,0.0,0.0,0.0,0.0,0.0
4.0168,0.998229247859501,0.05944795520746883,0.0020749984365411554,-6.099995403807679e-05,0.0,0.0,9.7721,0.0,0.0,1.0,0.0,0.0,0.0,0.0,0.0,0.0,0.0,0.0
4.0369,0.9982256261207918,0.05950873925330054,0.0020749909081080042,-6.0999732720334876e-05,0.0,0.0,9.8155,0.0,0.0,1.0,0.0,0.0,0.0,0.0,0.0,0.0,0.0,0.0
4.057,0.9982256261207918,0.05950873925330054,0.0020749909081080042,-6.0999732720334876e-05,0.0,0.0,9.8095,0.0,0.0,1.0,0.0,0.0,0.0,0.0,0.0,0.0,0.0,0.0
4.077,0.9982256261207918,0.05950873925330054,0.0020749909081080042,-6.0999732720334876e-05,0.0,0.0,9.8095,0.0,0.0,1.0,0.0,0.0,0.0,0.0,0.0,0.0,0.0,0.0
4.0971,0.9982256261207918,0.05950873925330054,0.0020749909081080042,-6.0999732720334876e-05,0.0,0.0,9.8355,0.0,0.0,1.0,0.0,0.0,0.0,0.0,0.0,0.0,0.0,0.0
4.1172,0.9982256261207918,0.05950873925330054,0.0020749909081080042,-6.0999732720334876e-05,0.0,0.0,9.8483,0.0,0.0,1.0,0.0,0.0,0.0,0.0,0.0,0.0,0.0,0.0
4.1372,0.9982220025643408,0.05956952274802178,0.0020749833758963586,0.0,0.0,0.0,9.8096,0.0,0.0,1.0,0.0,0.0,0.0,0.0,0.0,0.0,0.0,0.0
4.1573,0.9982218743592778,0.05956951509730442,0.002135982612856181,0.0,0.0,0.0,9.8105,0.0,0.0,1.0,0.0,0.0,0.0,0.0,0.0,0.0,0.0,0.0
4.1774,0.9982220007071786,0.059569522637194464,0.0020749833720359115,-6.0999511177939336e-05,0.0,0.0,9.801,0.0,0.0,1.0,0.0,0.0,0.0,0.0,0.0,0.0,0.0,0.0
4.1974,0.9982256261207918,0.05950873925330054,0.0020749909081080042,-6.0999732720334876e-05,0.0,0.0,9.8398,0.0,0.0,1.0,0.0,0.0,0.0,0.0,0.0,0.0,0.0,0.0
4.2175,0.998225750612934,0.05950874667483956,0.0020139914265594645,-6.0999740327749574e-05,0.0,0.0,9.8105,0.0,0.0,1.0,0.0,0.0,0.0,0.0,0.0,0.0,0.0,0.0
4.2376,0.998225750612934,0.05950874667483956,0.0020139914265594645,-6.0999740327749574e-05,0.0,0.0,9.7273,0.0,0.0,1.0,0.0,0.0,0.0,0.0,0.0,0.0,0.0,0.0
4.2576,0.9982256261207918,0.05950873925330054,0.0020749909081080042,-6.0999732720334876e-05,0.0,0.0,9.7717,0.0,0.0,1.0,0.0,0.0,0.0,0.0,0.0,0.0,0.0,0.0
4.2777,0.9982218725021161,0.059569514986477126,0.0021359826088822448,-6.099950334348403e-05,0.0,0.0,9.8065,0.0,0.0,1.0,0.0,0.0,0.0,0.0,0.0,0.0,0.0,0.0
4.2978,0.9982218725021161,0.059569514986477126,0.0021359826088822448,-6.099950334348403e-05,0.0,0.0,9.8095,0.0,0.0,1.0,0.0,0.0,0.0,0.0,0.0,0.0,0.0,0.0
4.3179,0.9982220007071786,0.059569522637194464,0.0020749833720359115,-6.0999511177939336e-05,0.0,0.0,9.7668,0.0,0.0,1.0,0.0,0.0,0.0,0.0,0.0,0.0,0.0,0.0
4.3379,0.9982220007071786,0.059569522637194464,0.0020749833720359115,-6.0999511177939336e-05,0.0,0.0,9.8049,0.0,0.0,1.0,0.0,0.0,0.0,0.0,0.0,0.0,0.0,0.0
4.358,0.9982220007071786,0.059569522637194464,0.0020749833720359115,-6.0999511177939336e-05,0.0,0.0,9.7668,0.0,0.0,1.0,0.0,0.0,0.0,0.0,0.0,0.0,0.0,0.0
4.3781,0.9982218725021161,0.059569514986477126,0.0021359826088822448,-6.099950334348403e-05,0.0,0.0,9.8096,0.0,0.0,1.0,0.0,0.0,0.0,0.0,0.0,0.0,0.0,0.0
4.3982,0.9982218725021161,0.059569514986477126,0.0021359826088822448,-6.099950334348403e-05,0.0,0.0,9.8049,0.0,0.0,1.0,0.0,0.0,0.0,0.0,0.0,0.0,0.0,0.0
4.4182,0.9982218725021161,0.059569514986477126,0.0021359826088822448,-6.099950334348403e-05,0.0,0.0,9.7583,0.0,0.0,1.0,0.0,0.0,0.0,0.0,0.0,0.0,0.0,0.0
4.4383,0.9982218669306315,0.0595695146539953,0.002135982596960455,-0.0001219990060061793,0.0,0.0,9.7624,0.0,0.0,1.0,0.0,0.0,0.0,0.0,0.0,0.0,0.0,0.0
4.4584,0.9982217350112992,0.05956950678162656,0.0021969818096228624,-0.00012199898988352054,0.0,0.0,9.8535,0.0,0.0,1.0,0.0,0.0,0.0,0.0,0.0,0.0,0.0,0.0
4.4784,0.9982217350112992,0.05956950678162656,0.0021969818096228624,-0.00012199898988352054,0.0,0.0,9.7583,0.0,0.0,1.0,0.0,0.0,0.0,0.0,0.0,0.0,0.0,0.0
4.4985,0.9982217350112992,0.05956950678162656,0.0021969818096228624,-0.00012199898988352054,0.0,0.0,9.7668,0.0,0.0,1.0,0.0,0.0,0.0,0.0,0.0,0.0,0.0,0.0
4.5186,0.9982217350112992,0.05956950678162656,0.0021969818096228624,-0.00012199898988352054,0.0,0.0,9.8049,0.0,0.0,1.0,0.0,0.0,0.0,0.0,0.0,0.0,0.0,0.0
4.5387,0.9982253604220175,0.05950872341379626,0.0021969897887733104,-0.00012199943296786753,0.0,0.0,9.805,0.0,0.0,1.0,0.0,0.0,0.0,0.0,0.0,0.0,0.0,0.0
4.5587,0.9982253659935606,0.05950872374594112,0.002196989801035693,-6.099971682438366e-05,0.0,0.0,9.7622,0.0,0.0,1.0,0.0,0.0,0.0,0.0,0.0,0.0,0.0,0.0
4.5788,0.9982253659935606,0.05950872374594112,0.002196989801035693,-6.099971682438366e-05,0.0,0.0,9.8484,0.0,0.0,1.0,0.0,0.0,0.0,0.0,0.0,0.0,0.0,0.0
4.5989,0.9982253659935606,0.05950872374594112,0.002196989801035693,-6.099971682438366e-05,0.0,0.0,9.8096,0.0,0.0,1.0,0.0,0.0,0.0,0.0,0.0,0.0,0.0,0.0
4.6189,0.9982254979143325,0.059508731610334306,0.002135990366493718,-6.099972488587957e-05,0.0,0.0,9.8049,0.0,0.0,1.0,0.0,0.0,0.0,0.0,0.0,0.0,0.0,0.0
4.639,0.9982256261207918,0.05950873925330054,0.0020749909081080042,-6.0999732720334876e-05,0.0,0.0,9.8492,0.0,0.0,1.0,0.0,0.0,0.0,0.0,0.0,0.0,0.0,0.0
4.6591,0.9982256261207918,0.05950873925330054,0.0020749909081080042,-6.0999732720334876e-05,0.0,0.0,9.8437,0.0,0.0,1.0,0.0,0.0,0.0,0.0,0.0,0.0,0.0,0.0
4.6791,0.9982292422878928,0.059447954875660576,0.002074998424959566,-0.00012199990739514278,0.0,0.0,9.8049,0.0,0.0,1.0,0.0,0.0,0.0,0.0,0.0,0.0,0.0,0.0
4.6992,0.9982291140800402,0.05944794724044582,0.002135998104319619,-0.00012199989172612113,0.0,0.0,9.8449,0.0,0.0,1.0,0.0,0.0,0.0,0.0,0.0,0.0,0.0,0.0
4.7193,0.9982291140800402,0.05944794724044582,0.002135998104319619,-0.00012199989172612113,0.0,0.0,9.8096,0.0,0.0,1.0,0.0,0.0,0.0,0.0,0.0,0.0,0.0,0.0
4.7394,0.9982292422878928,0.059447954875660576,0.002074998424959566,-0.00012199990739514278,0.0,0.0,9.8096,0.0,0.0,1.0,0.0,0.0,0.0,0.0,0.0,0.0,0.0,0.0
4.7594,0.9982292422878928,0.059447954875660576,0.002074998424959566,-0.00012199990739514278,0.0,0.0,9.8049,0.0,0.0,1.0,0.0,0.0,0.0,0.0,0.0,0.0,0.0,0.0
4.7795,0.998229366781388,0.05944796228967267,0.0020139987224364365,-0.00012199992261024972,0.0,0.0,9.8438,0.0,0.0,1.0,0.0,0.0,0.0,0.0,0.0,0.0,0.0,0.0
4.7996,0.998229366781388,0.05944796228967267,0.0020139987224364365,-0.00012199992261024972,0.0,0.0,9.8095,0.0,0.0,1.0,0.0,0.0,0.0,0.0,0.0,0.0,0.0,0.0
4.8196,0.9982292422878928,0.059447954875660576,0.002074998424959566,-0.00012199990739514278,0.0,0.0,9.8061,0.0,0.0,1.0,0.0,0.0,0.0,0.0,0.0,0.0,0.0,0.0
4.8397,0.998229247859501,0.05944795520746883,0.0020749984365411554,-6.099995403807679e-05,0.0,0.0,9.8096,0.0,0.0,1.0,0.0,0.0,0.0,0.0,0.0,0.0,0.0,0.0
4.8598,0.998229247859501,0.05944795520746883,0.0020749984365411554,-6.099995403807679e-05,0.0,0.0,9.805,0.0,0.0,1.0,0.0,0.0,0.0,0.0,0.0,0.0,0.0,0.0
4.8799,0.998229247859501,0.05944795520746883,0.0020749984365411554,-6.099995403807679e-05,0.0,0.0,9.805,0.0,0.0,1.0,0.0,0.0,0.0,0.0,0.0,0.0,0.0,0.0
4.8999,0.998229247859501,0.05944795520746883,0.0020749984365411554,-6.099995403807679e-05,0.0,0.0,9.8095,0.0,0.0,1.0,0.0,0.0,0.0,0.0,0.0,0.0,0.0,0.0
4.92,0.998225750612934,0.05950874667483956,0.0020139914265594645,-6.0999740327749574e-05,0.0,0.0,9.8049,0.0,0.0,1.0,0.0,0.0,0.0,0.0,0.0,0.0,0.0,0.0
4.9401,0.998225750612934,0.05950874667483956,0.0020139914265594645,-6.0999740327749574e-05,0.0,0.0,9.8049,0.0,0.0,1.0,0.0,0.0,0.0,0.0,0.0,0.0,0.0,0.0
4.9602,0.9982256261207918,0.05950873925330054,0.0020749909081080042,-6.0999732720334876e-05,0.0,0.0,9.805,0.0,0.0,1.0,0.0,0.0,0.0,0.0,0.0,0.0,0.0,0.0
4.9802,0.9982256261207918,0.05950873925330054,0.0020749909081080042,-6.0999732720334876e-05,0.0,0.0,9.7712,0.0,0.0,1.0,0.0,0.0,0.0,0.0,0.0,0.0,0.0,0.0
5.0003,0.9982256261207918,0.05950873925330054,0.0020749909081080042,-6.0999732720334876e-05,0.0,0.0,9.7757,0.0,0.0,1.0,0.0,0.0,0.0,0.0,0.0,0.0,0.0,0.0
5.0204,0.9982256279779742,0.05950873936401558,0.002074990911968489,0.0,0.0,0.0,9.8104,0.0,0.0,1.0,0.0,0.0,0.0,0.0,0.0,0.0,0.0,0.0
5.0404,0.9982256261207918,0.05950873925330054,0.0020749909081080042,-6.0999732720334876e-05,0.0,0.0,9.801,0.0,0.0,1.0,0.0,0.0,0.0,0.0,0.0,0.0,0.0,0.0
5.0605,0.9982256279779742,0.05950873936401558,0.002074990911968489,0.0,0.0,0.0,9.8095,0.0,0.0,1.0,0.0,0.0,0.0,0.0,0.0,0.0,0.0,0.0
5.0806,0.998225752470117,0.05950874678555463,0.0020139914303064707,0.0,0.0,0.0,9.8095,0.0,0.0,1.0,0.0,0.0,0.0,0.0,0.0,0.0,0.0,0.0
5.1006,0.9982256261207918,0.05950873925330054,0.0020749909081080042,-6.0999732720334876e-05,0.0,0.0,9.7624,0.0,0.0,1.0,0.0,0.0,0.0,0.0,0.0,0.0,0.0,0.0
5.1207,0.998229247859501,0.05944795520746883,0.0020749984365411554,-6.099995403807679e-05,0.0,0.0,9.8096,0.0,0.0,1.0,0.0,0.0,0.0,0.0,0.0,0.0,0.0,0.0
5.1408,0.998229247859501,0.05944795520746883,0.0020749984365411554,-6.099995403807679e-05,0.0,0.0,9.8483,0.0,0.0,1.0,0.0,0.0,0.0,0.0,0.0,0.0,0.0,0.0
5.1608,0.998229372352998,0.059447962621481054,0.0020139987336775522,-6.099996164560251e-05,0.0,0.0,9.7622,0.0,0.0,1.0,0.0,0.0,0.0,0.0,0.0,0.0,0.0,0.0
5.1809,0.998229372352998,0.059447962621481054,0.0020139987336775522,-6.099996164560251e-05,0.0,0.0,9.8096,0.0,0.0,1.0,0.0,0.0,0.0,0.0,0.0,0.0,0.0,0.0
5.201,0.9982256261207918,0.05950873925330054,0.0020749909081080042,-6.0999732720334876e-05,0.0,0.0,9.8096,0.0,0.0,1.0,0.0,0.0,0.0,0.0,0.0,0.0,0.0,0.0
5.221,0.998229372352998,0.059447962621481054,0.0020139987336775522,-6.099996164560251e-05,0.0,0.0,9.805,0.0,0.0,1.0,0.0,0.0,0.0,0.0,0.0,0.0,0.0,0.0
5.2411,0.998225752470117,0.05950874678555463,0.0020139914303064707,0.0,0.0,0.0,9.7622,0.0,0.0,1.0,0.0,0.0,0.0,0.0,0.0,0.0,0.0,0.0
5.2612,0.998229372352998,0.059447962621481054,0.0020139987336775522,-6.099996164560251e-05,0.0,0.0,9.8096,0.0,0.0,1.0,0.0,0.0,0.0,0.0,0.0,0.0,0.0,0.0
5.2813,0.998229247859501,0.05944795520746883,0.0020749984365411554,-6.099995403807679e-05,0.0,0.0,9.8096,0.0,0.0,1.0,0.0,0.0,0.0,0.0,0.0,0.0,0.0,0.0
5.3014,0.9982256261207918,0.05950873925330054,0.0020749909081080042,-6.0999732720334876e-05,0.0,0.0,9.767,0.0,0.0,1.0,0.0,0.0,0.0,0.0,0.0,0.0,0.0,0.0
5.3215,0.9982256261207918,0.05950873925330054,0.0020749909081080042,-6.0999732720334876e-05,0.0,0.0,9.8095,0.0,0.0,1.0,0.0,0.0,0.0,0.0,0.0,0.0,0.0,0.0
5.3416,0.9982256261207918,0.05950873925330054,0.0020749909081080042,-6.0999732720334876e-05,0.0,0.0,9.8438,0.0,0.0,1.0,0.0,0.0,0.0,0.0,0.0,0.0,0.0,0.0
5.3617,0.998229247859501,0.05944795520746883,0.0020749984365411554,-6.099995403807679e-05,0.0,0.0,9.8403,0.0,0.0,1.0,0.0,0.0,0.0,0.0,0.0,0.0,0.0,0.0
5.3835,0.998229247859501,0.05944795520746883,0.0020749984365411554,-6.099995403807679e-05,0.0,0.0,9.8096,0.0,0.0,1.0,0.0,0.0,0.0,0.0,0.0,0.0,0.0,0.0
5.4036,0.9982293742102015,0.05944796273208385,0.0020139987374246,0.0,0.0,0.0,9.8095,0.0,0.0,1.0,0.0,0.0,0.0,0.0,0.0,0.0,0.0,0.0
5.4237,0.9982258732479388,0.05950875398566621,0.0019529919261625402,0.0,0.0,0.0,9.8049,0.0,0.0,1.0,0.0,0.0,0.0,0.0,0.0,0.0,0.0,0.0
5.4438,0.998225752470117,0.05950874678555463,0.0020139914303064707,0.0,0.0,0.0,9.8484,0.0,0.0,1.0,0.0,0.0,0.0,0.0,0.0,0.0,0.0,0.0
5.4639,0.998225752470117,0.05950874678555463,0.0020139914303064707,0.0,0.0,0.0,9.767,0.0,0.0,1.0,0.0,0.0,0.0,0.0,0.0,0.0,0.0,0.0
5.484,0.998225752470117,0.05950874678555463,0.0020139914303064707,0.0,0.0,0.0,9.7668,0.0,0.0,1.0,0.0,0.0,0.0,0.0,0.0,0.0,0.0,0.0
5.504,0.998225752470117,0.05950874678555463,0.0020139914303064707,0.0,0.0,0.0,9.8437,0.0,0.0,1.0,0.0,0.0,0.0,0.0,0.0,0.0,0.0,0.0
5.5241,0.998225752470117,0.05950874678555463,0.0020139914303064707,0.0,0.0,0.0,9.805,0.0,0.0,1.0,0.0,0.0,0.0,0.0,0.0,0.0,0.0,0.0
5.5442,0.998225752470117,0.05950874678555463,0.0020139914303064707,0.0,0.0,0.0,9.8049,0.0,0.0,1.0,0.0,0.0,0.0,0.0,0.0,0.0,0.0,0.0
5.5642,0.9982221270551273,0.059569530177087375,0.002013984115773953,0.0,0.0,0.0,9.8049,0.0,0.0,1.0,0.0,0.0,0.0,0.0,0.0,0.0,0.0,0.0
5.5843,0.9982221270551273,0.059569530177087375,0.002013984115773953,0.0,0.0,0.0,9.8095,0.0,0.0,1.0,0.0,0.0,0.0,0.0,0.0,0.0,0.0,0.0
5.6044,0.9982256279779742,0.05950873936401558,0.002074990911968489,0.0,0.0,0.0,9.8096,0.0,0.0,1.0,0.0,0.0,0.0,0.0,0.0,0.0,0.0,0.0
5.6245,0.998225752470117,0.05950874678555463,0.0020139914303064707,0.0,0.0,0.0,9.8049,0.0,0.0,1.0,0.0,0.0,0.0,0.0,0.0,0.0,0.0,0.0
5.6446,0.998225752470117,0.05950874678555463,0.0020139914303064707,0.0,0.0,0.0,9.8483,0.0,0.0,1.0,0.0,0.0,0.0,0.0,0.0,0.0,0.0,0.0
5.6647,0.998225752470117,0.05950874678555463,0.0020139914303064707,0.0,0.0,0.0,9.8095,0.0,0.0,1.0,0.0,0.0,0.0,0.0,0.0,0.0,0.0,0.0
5.6847,0.998225752470117,0.05950874678555463,0.0020139914303064707,0.0,0.0,0.0,9.8049,0.0,0.0,1.0,0.0,0.0,0.0,0.0,0.0,0.0,0.0,0.0
5.7048,0.998225752470117,0.05950874678555463,0.0020139914303064707,0.0,0.0,0.0,9.805,0.0,0.0,1.0,0.0,0.0,0.0,0.0,0.0,0.0,0.0,0.0
5.7249,0.998225752470117,0.05950874678555463,0.0020139914303064707,0.0,0.0,0.0,9.8096,0.0,0.0,1.0,0.0,0.0,0.0,0.0,0.0,0.0,0.0,0.0
5.7449,0.9982256279779742,0.05950873936401558,0.002074990911968489,0.0,0.0,0.0,9.805,0.0,0.0,1.0,0.0,0.0,0.0,0.0,0.0,0.0,0.0,0.0
5.765,0.9982256279779742,0.05950873936401558,0.002074990911968489,0.0,0.0,0.0,9.8096,0.0,0.0,1.0,0.0,0.0,0.0,0.0,0.0,0.0,0.0,0.0
5.7851,0.998225752470117,0.05950874678555463,0.0020139914303064707,0.0,0.0,0.0,9.8095,0.0,0.0,1.0,0.0,0.0,0.0,0.0,0.0,0.0,0.0,0.0
5.8051,0.998225752470117,0.05950874678555463,0.0020139914303064707,0.0,0.0,0.0,9.8049,0.0,0.0,1.0,0.0,0.0,0.0,0.0,0.0,0.0,0.0,0.0
5.8252,0.9982293742102015,0.05944796273208385,0.0020139987374246,0.0,0.0,0.0,9.8049,0.0,0.0,1.0,0.0,0.0,0.0,0.0,0.0,0.0,0.0,0.0
5.8453,0.9982292497167036,0.05944795531807158,0.002074998440401675,0.0,0.0,0.0,9.8019,0.0,0.0,1.0,0.0,0.0,0.0,0.0,0.0,0.0,0.0,0.0
5.8653,0.9982291215088482,0.059447947682856675,0.0021359981202156886,0.0,0.0,0.0,9.7712,0.0,0.0,1.0,0.0,0.0,0.0,0.0,0.0,0.0,0.0,0.0
5.8854,0.9982256279779742,0.05950873936401558,0.002074990911968489,0.0,0.0,0.0,9.7755,0.0,0.0,1.0,0.0,0.0,0.0,0.0,0.0,0.0,0.0,0.0
5.9055,0.9982293742102015,0.05944796273208385,0.0020139987374246,0.0,0.0,0.0,9.7273,0.0,0.0,1.0,0.0,0.0,0.0,0.0,0.0,0.0,0.0,0.0
5.9256,0.9982329922752599,0.05938717801734156,0.0020140060371281014,0.0,0.0,0.0,9.8492,0.0,0.0,1.0,0.0,0.0,0.0,0.0,0.0,0.0,0.0,0.0
5.9456,0.9982327395711589,0.05938716298339302,0.0021360058620999225,0.0,0.0,0.0,9.8789,0.0,0.0,1.0,0.0,0.0,0.0,0.0,0.0,0.0,0.0,0.0
5.9657,0.9982360863937443,0.05932636172164259,0.0022580137674454645,0.0,0.0,0.0,9.7941,0.0,0.0,1.0,0.0,0.0,0.0,0.0,0.0,0.0,0.0,0.0
5.9858,0.9982289895866396,0.05944793982643935,0.0021969977761857086,0.0,0.0,0.0,9.8155,0.0,0.0,1.0,0.0,0.0,0.0,0.0,0.0,0.0,0.0,0.0
6.0058,0.9982256279779742,0.05950873936401558,0.002074990911968489,0.0,0.0,0.0,9.767,0.0,0.0,1.0,0.0,0.0,0.0,0.0,0.0,0.0,0.0,0.0
6.0259,0.9982256279779742,0.05950873936401558,0.002074990911968489,0.0,0.0,0.0,9.7757,0.0,0.0,1.0,0.0,0.0,0.0,0.0,0.0,0.0,0.0,0.0
6.046,0.9982292497167036,0.05944795531807158,0.002074998440401675,0.0,0.0,0.0,9.8008,0.0,0.0,1.0,0.0,0.0,0.0,0.0,0.0,0.0,0.0,0.0
6.0661,0.9982289895866396,0.05944793982643935,0.0021969977761857086,0.0,0.0,0.0,9.767,0.0,0.0,1.0,0.0,0.0,0.0,0.0,0.0,0.0,0.0,0.0
6.0862,0.9982289895866396,0.05944793982643935,0.0021969977761857086,0.0,0.0,0.0,9.767,0.0,0.0,1.0,0.0,0.0,0.0,0.0,0.0,0.0,0.0,0.0
6.107,0.9982289895866396,0.05944793982643935,0.0021969977761857086,0.0,0.0,0.0,9.7712,0.0,0.0,1.0,0.0,0.0,0.0,0.0,0.0,0.0,0.0,0.0
6.1271,0.9982291215088482,0.059447947682856675,0.0021359981202156886,0.0,0.0,0.0,9.8049,0.0,0.0,1.0,0.0,0.0,0.0,0.0,0.0,0.0,0.0,0.0
6.1472,0.9982292497167036,0.05944795531807158,0.002074998440401675,0.0,0.0,0.0,9.7668,0.0,0.0,1.0,0.0,0.0,0.0,0.0,0.0,0.0,0.0,0.0
6.1673,0.9982327395711589,0.05938716298339302,0.0021360058620999225,0.0,0.0,0.0,9.8015,0.0,0.0,1.0,0.0,0.0,0.0,0.0,0.0,0.0,0.0,0.0
6.1874,0.9982327377139367,0.059387162872902605,0.0021360058581258584,-6.100016729659874e-05,0.0,0.0,9.805,0.0,0.0,1.0,0.0,0.0,0.0,0.0,0.0,0.0,0.0,0.0
6.2075,0.9982292497167036,0.05944795531807158,0.002074998440401675,0.0,0.0,0.0,9.8104,0.0,0.0,1.0,0.0,0.0,0.0,0.0,0.0,0.0,0.0,0.0
6.2276,0.9982291215088482,0.059447947682856675,0.0021359981202156886,0.0,0.0,0.0,9.8049,0.0,0.0,1.0,0.0,0.0,0.0,0.0,0.0,0.0,0.0,0.0
6.2477,0.9982291215088482,0.059447947682856675,0.0021359981202156886,0.0,0.0,0.0,9.805,0.0,0.0,1.0,0.0,0.0,0.0,0.0,0.0,0.0,0.0,0.0
6.2678,0.9982291215088482,0.059447947682856675,0.0021359981202156886,0.0,0.0,0.0,9.8096,0.0,0.0,1.0,0.0,0.0,0.0,0.0,0.0,0.0,0.0,0.0
6.2879,0.9982291196516462,0.059447947572253954,0.0021359981162416726,-6.099994620362148e-05,0.0,0.0,9.8061,0.0,0.0,1.0,0.0,0.0,0.0,0.0,0.0,0.0,0.0,0.0
6.308,0.9982256279779742,0.05950873936401558,0.002074990911968489,0.0,0.0,0.0,9.8096,0.0,0.0,1.0,0.0,0.0,0.0,0.0,0.0,0.0,0.0,0.0
6.3282,0.9982256261207918,0.05950873925330054,0.0020749909081080042,-6.0999732720334876e-05,0.0,0.0,9.7668,0.0,0.0,1.0,0.0,0.0,0.0,0.0,0.0,0.0,0.0,0.0
6.3482,0.998229247859501,0.05944795520746883,0.0020749984365411554,-6.099995403807679e-05,0.0,0.0,9.7665,0.0,0.0,1.0,0.0,0.0,0.0,0.0,0.0,0.0,0.0,0.0
6.3683,0.998229247859501,0.05944795520746883,0.0020749984365411554,-6.099995403807679e-05,0.0,0.0,9.8061,0.0,0.0,1.0,0.0,0.0,0.0,0.0,0.0,0.0,0.0,0.0
6.3884,0.998229247859501,0.05944795520746883,0.0020749984365411554,-6.099995403807679e-05,0.0,0.0,9.7625,0.0,0.0,1.0,0.0,0.0,0.0,0.0,0.0,0.0,0.0,0.0
6.4085,0.998229247859501,0.05944795520746883,0.0020749984365411554,-6.099995403807679e-05,0.0,0.0,9.8104,0.0,0.0,1.0,0.0,0.0,0.0,0.0,0.0,0.0,0.0,0.0
6.4286,0.998225750612934,0.05950874667483956,0.0020139914265594645,-6.0999740327749574e-05,0.0,0.0,9.8095,0.0,0.0,1.0,0.0,0.0,0.0,0.0,0.0,0.0,0.0,0.0
6.4488,0.9982293742102015,0.05944796273208385,0.0020139987374246,0.0,0.0,0.0,9.801,0.0,0.0,1.0,0.0,0.0,0.0,0.0,0.0,0.0,0.0,0.0
6.4689,0.998225752470117,0.05950874678555463,0.0020139914303064707,0.0,0.0,0.0,9.8095,0.0,0.0,1.0,0.0,0.0,0.0,0.0,0.0,0.0,0.0,0.0
6.4889,0.998225752470117,0.05950874678555463,0.0020139914303064707,0.0,0.0,0.0,9.8095,0.0,0.0,1.0,0.0,0.0,0.0,0.0,0.0,0.0,0.0,0.0
6.509,0.998225752470117,0.05950874678555463,0.0020139914303064707,0.0,0.0,0.0,9.8095,0.0,0.0,1.0,0.0,0.0,0.0,0.0,0.0,0.0,0.0,0.0
6.5291,0.998225752470117,0.05950874678555463,0.0020139914303064707,0.0,0.0,0.0,9.7624,0.0,0.0,1.0,0.0,0.0,0.0,0.0,0.0,0.0,0.0,0.0
6.5492,0.998225752470117,0.05950874678555463,0.0020139914303064707,0.0,0.0,0.0,9.8095,0.0,0.0,1.0,0.0,0.0,0.0,0.0,0.0,0.0,0.0,0.0
6.5693,0.998225752470117,0.05950874678555463,0.0020139914303064707,0.0,0.0,0.0,9.8095,0.0,0.0,1.0,0.0,0.0,0.0,0.0,0.0,0.0,0.0,0.0
6.5894,0.9982293742102015,0.05944796273208385,0.0020139987374246,0.0,0.0,0.0,9.805,0.0,0.0,1.0,0.0,0.0,0.0,0.0,0.0,0.0,0.0,0.0
6.6095,0.9982256261207918,0.05950873925330054,0.0020749909081080042,6.0999732720334876e-05,0.0,0.0,9.805,0.0,0.0,1.0,0.0,0.0,0.0,0.0,0.0,0.0,0.0,0.0
6.6295,0.9982256261207918,0.05950873925330054,0.0020749909081080042,6.0999732720334876e-05,0.0,0.0,9.8095,0.0,0.0,1.0,0.0,0.0,0.0,0.0,0.0,0.0,0.0,0.0
6.6496,0.9982254979143325,0.059508731610334306,0.002135990366493718,6.099972488587957e-05,0.0,0.0,9.8096,0.0,0.0,1.0,0.0,0.0,0.0,0.0,0.0,0.0,0.0,0.0
6.6697,0.9982254979143325,0.059508731610334306,0.002135990366493718,6.099972488587957e-05,0.0,0.0,9.8096,0.0,0.0,1.0,0.0,0.0,0.0,0.0,0.0,0.0,0.0,0.0
6.6898,0.9982256279779742,0.05950873936401558,0.002074990911968489,0.0,0.0,0.0,9.8095,0.0,0.0,1.0,0.0,0.0,0.0,0.0,0.0,0.0,0.0,0.0
6.7099,0.9982256279779742,0.05950873936401558,0.002074990911968489,0.0,0.0,0.0,9.8095,0.0,1.0,1.0,0.0,0.0,0.0,0.0,0.0,0.0,0.0,0.0
6.73,0.9982256279779742,0.05950873936401558,0.002074990911968489,0.0,0.0,0.0,9.8096,0.0,1.0,1.0,0.0,0.0,0.0,0.0,0.0,0.0,0.0,0.0
6.7501,0.9982256279779742,0.05950873936401558,0.002074990911968489,0.0,0.0,0.0,9.8096,0.0,1.0,1.0,0.0,0.0,0.0,0.0,0.0,0.0,0.0,0.0
6.7702,0.9982256279779742,0.05950873936401558,0.002074990911968489,0.0,0.0,0.0,9.8096,0.0,1.0,1.0,0.0,0.0,0.0,0.0,0.0,0.0,0.0,0.0
6.7903,0.9982254997715143,0.059508731721049306,0.002135990370467692,0.0,0.0,0.0,9.8049,0.0,1.0,1.0,0.0,0.0,0.0,0.0,0.0,0.0,0.0,0.0
6.8104,0.9982256279779742,0.05950873936401558,0.002074990911968489,0.0,0.0,0.0,9.8049,0.0,1.0,1.0,0.0,0.0,0.0,0.0,0.0,0.0,0.0,0.0
6.8304,0.9982256261207918,0.05950873925330054,0.0020749909081080042,6.0999732720334876e-05,0.0,0.0,9.805,0.0,1.0,1.0,0.0,0.0,0.0,0.0,0.0,0.0,0.0,0.0
6.8505,0.9982256279779742,0.05950873936401558,0.002074990911968489,0.0,0.0,0.0,9.805,0.0,1.0,1.0,0.0,0.0,0.0,0.0,0.0,0.0,0.0,0.0
6.8706,0.9982256279779742,0.05950873936401558,0.002074990911968489,0.0,0.0,0.0,9.8096,0.0,1.0,1.0,0.0,0.0,0.0,0.0,0.0,0.0,0.0,0.0
6.8907,0.9982292497167036,0.05944795531807158,0.002074998440401675,0.0,0.0,0.0,9.8096,0.0,1.0,1.0,0.0,0.0,0.0,0.0,0.0,0.0,0.0,0.0
6.9108,0.9982256279779742,0.05950873936401558,0.002074990911968489,0.0,0.0,0.0,9.8095,0.0,1.0,1.0,0.0,0.0,0.0,0.0,0.0,0.0,0.0,0.0
6.9309,0.9982256279779742,0.05950873936401558,0.002074990911968489,0.0,0.0,0.0,9.8095,0.0,1.0,1.0,0.0,0.0,0.0,0.0,0.0,0.0,0.0,0.0
6.951,0.9982256279779742,0.05950873936401558,0.002074990911968489,0.0,0.0,0.0,9.8095,0.0,1.0,1.0,0.0,0.0,0.0,0.0,0.0,0.0,0.0,0.0
6.9711,0.9982292497167036,0.05944795531807158,0.002074998440401675,0.0,0.0,0.0,9.8096,0.0,1.0,1.0,0.0,0.0,0.0,0.0,0.0,0.0,0.0,0.0
6.9912,0.9982292497167036,0.05944795531807158,0.002074998440401675,0.0,0.0,0.0,9.7668,0.0,1.0,1.0,0.0,0.0,0.0,0.0,0.0,0.0,0.0,0.0
7.0113,0.9982292497167036,0.05944795531807158,0.002074998440401675,0.0,0.0,0.0,9.8095,0.0,1.0,1.0,0.0,0.0,0.0,0.0,0.0,0.0,0.0,0.0
7.0314,0.9982292497167036,0.05944795531807158,0.002074998440401675,0.0,0.0,0.0,9.8096,0.0,1.0,1.0,0.0,0.0,0.0,0.0,0.0,0.0,0.0,0.0
7.0515,0.9982292497167036,0.05944795531807158,0.002074998440401675,0.0,0.0,0.0,9.8096,0.0,1.0,1.0,0.0,0.0,0.0,0.0,0.0,0.0,0.0,0.0
7.0715,0.9982293742102015,0.05944796273208385,0.0020139987374246,0.0,0.0,0.0,9.8049,0.0,1.0,1.0,0.0,0.0,0.0,0.0,0.0,0.0,0.0,0.0
7.0917,0.9982293742102015,0.05944796273208385,0.0020139987374246,0.0,0.0,0.0,9.7668,0.0,1.0,1.0,0.0,0.0,0.0,0.0,0.0,0.0,0.0,0.0
7.1117,0.998229372352998,0.059447962621481054,0.0020139987336775522,6.099996164560251e-05,0.0,0.0,9.8096,0.0,1.0,1.0,0.0,0.0,0.0,0.0,0.0,0.0,0.0,0.0
7.1318,0.998229372352998,0.059447962621481054,0.0020139987336775522,6.099996164560251e-05,0.0,0.0,9.7668,0.0,1.0,1.0,0.0,0.0,0.0,0.0,0.0,0.0,0.0,0.0
7.1519,0.998229372352998,0.059447962621481054,0.0020139987336775522,6.099996164560251e-05,0.0,0.0,9.805,0.0,1.0,1.0,0.0,0.0,0.0,0.0,0.0,0.0,0.0,0.0
7.172,0.998225750612934,0.05950874667483956,0.0020139914265594645,6.0999740327749574e-05,0.0,0.0,9.8096,0.0,1.0,1.0,0.0,0.0,0.0,0.0,0.0,0.0,0.0,0.0
7.1921,0.998225750612934,0.05950874667483956,0.0020139914265594645,6.0999740327749574e-05,0.0,0.0,9.7668,0.0,1.0,1.0,0.0,0.0,0.0,0.0,0.0,0.0,0.0,0.0
7.2122,0.9982258713907549,0.0595087538749511,0.00195299192252903,6.0999747708234686e-05,0.0,0.0,9.8095,0.0,1.0,1.0,0.0,0.0,0.0,0.0,0.0,0.0,0.0,0.0
7.2323,0.998225750612934,0.05950874667483956,0.0020139914265594645,6.0999740327749574e-05,0.0,0.0,9.8096,0.0,1.0,1.0,0.0,0.0,0.0,0.0,0.0,0.0,0.0,0.0
7.2524,0.998225752470117,0.05950874678555463,0.0020139914303064707,0.0,0.0,0.0,9.8096,0.0,1.0,1.0,0.0,0.0,0.0,0.0,0.0,0.0,0.0,0.0
7.2725,0.998225750612934,0.05950874667483956,0.0020139914265594645,6.0999740327749574e-05,0.0,0.0,9.8095,0.0,1.0,1.0,0.0,0.0,0.0,0.0,0.0,0.0,0.0,0.0
7.2926,0.998225750612934,0.05950874667483956,0.0020139914265594645,6.0999740327749574e-05,0.0,0.0,9.805,0.0,1.0,1.0,0.0,0.0,0.0,0.0,0.0,0.0,0.0,0.0
7.3127,0.998225750612934,0.05950874667483956,0.0020139914265594645,6.0999740327749574e-05,0.0,0.0,9.805,0.0,1.0,1.0,0.0,0.0,0.0,0.0,0.0,0.0,0.0,0.0
7.3328,0.998225750612934,0.05950874667483956,0.0020139914265594645,6.0999740327749574e-05,0.0,0.0,9.8095,0.0,1.0,1.0,0.0,0.0,0.0,0.0,0.0,0.0,0.0,0.0
7.3529,0.998225750612934,0.05950874667483956,0.0020139914265594645,6.0999740327749574e-05,0.0,0.0,9.8095,0.0,1.0,1.0,0.0,0.0,0.0,0.0,0.0,0.0,0.0,0.0
7.373,0.9982221251979643,0.05956953006626002,0.0020139841120269987,6.0999518785354034e-05,0.0,0.0,9.767,0.0,1.0,1.0,0.0,0.0,0.0,0.0,0.0,0.0,0.0,0.0
7.3931,0.9982221251979643,0.05956953006626002,0.0020139841120269987,6.0999518785354034e-05,0.0,0.0,9.8095,0.0,1.0,1.0,0.0,0.0,0.0,0.0,0.0,0.0,0.0,0.0
7.4132,0.9982221251979643,0.05956953006626002,0.0020139841120269987,6.0999518785354034e-05,0.0,0.0,9.8049,0.0,1.0,1.0,0.0,0.0,0.0,0.0,0.0,0.0,0.0,0.0
7.4333,0.9982221251979643,0.05956953006626002,0.0020139841120269987,6.0999518785354034e-05,0.0,0.0,9.7712,0.0,1.0,1.0,0.0,0.0,0.0,0.0,0.0,0.0,0.0,0.0
7.4534,0.9982221251979643,0.05956953006626002,0.0020139841120269987,6.0999518785354034e-05,0.0,0.0,9.8096,0.0,1.0,1.0,0.0,0.0,0.0,0.0,0.0,0.0,0.0,0.0
7.4735,0.9982221251979643,0.05956953006626002,0.0020139841120269987,6.0999518785354034e-05,0.0,0.0,9.8049,0.0,1.0,1.0,0.0,0.0,0.0,0.0,0.0,0.0,0.0,0.0
7.4936,0.9982221251979643,0.05956953006626002,0.0020139841120269987,6.0999518785354034e-05,0.0,0.0,9.8049,0.0,1.0,1.0,0.0,0.0,0.0,0.0,0.0,0.0,0.0,0.0
7.5137,0.9982221251979643,0.05956953006626002,0.0020139841120269987,6.0999518785354034e-05,0.0,0.0,9.8483,0.0,1.0,1.0,0.0,0.0,0.0,0.0,0.0,0.0,0.0,0.0
7.5338,0.9982221270551273,0.059569530177087375,0.002013984115773953,0.0,0.0,0.0,9.7622,0.0,1.0,1.0,0.0,0.0,0.0,0.0,0.0,0.0,0.0,0.0
7.5538,0.9982221270551273,0.059569530177087375,0.002013984115773953,0.0,0.0,0.0,9.767,0.0,1.0,1.0,0.0,0.0,0.0,0.0,0.0,0.0,0.0,0.0
7.5739,0.9982221270551273,0.059569530177087375,0.002013984115773953,0.0,0.0,0.0,9.8096,0.0,1.0,1.0,0.0,0.0,0.0,0.0,0.0,0.0,0.0,0.0
7.594,0.9982221270551273,0.059569530177087375,0.002013984115773953,0.0,0.0,0.0,9.805,0.0,1.0,1.0,0.0,0.0,0.0,0.0,0.0,0.0,0.0,0.0
7.6141,0.9982221270551273,0.059569530177087375,0.002013984115773953,0.0,0.0,0.0,9.8049,0.0,1.0,1.0,0.0,0.0,0.0,0.0,0.0,0.0,0.0,0.0
7.6342,0.9982221270551273,0.059569530177087375,0.002013984115773953,0.0,0.0,0.0,9.8095,0.0,1.0,1.0,0.0,0.0,0.0,0.0,0.0,0.0,0.0,0.0
7.6543,0.9982221270551273,0.059569530177087375,0.002013984115773953,0.0,0.0,0.0,9.8095,0.0,1.0,1.0,0.0,0.0,0.0,0.0,0.0,0.0,0.0,0.0
7.6744,0.9982221270551273,0.059569530177087375,0.002013984115773953,0.0,0.0,0.0,9.8438,0.0,1.0,1.0,0.0,0.0,0.0,0.0,0.0,0.0,0.0,0.0
7.6945,0.9982221270551273,0.059569530177087375,0.002013984115773953,0.0,0.0,0.0,9.8105,0.0,1.0,1.0,0.0,0.0,0.0,0.0,0.0,0.0,0.0,0.0
7.7146,0.9982221270551273,0.059569530177087375,0.002013984115773953,0.0,0.0,0.0,9.8105,0.0,1.0,1.0,0.0,0.0,0.0,0.0,0.0,0.0,0.0,0.0
7.7347,0.9982221270551273,0.059569530177087375,0.002013984115773953,0.0,0.0,0.0,9.8095,0.0,1.0,1.0,0.0,0.0,0.0,0.0,0.0,0.0,0.0,0.0
7.7548,0.9982221270551273,0.059569530177087375,0.002013984115773953,0.0,0.0,0.0,9.8095,0.0,1.0,1.0,0.0,0.0,0.0,0.0,0.0,0.0,0.0,0.0
7.7751,0.9982221270551273,0.059569530177087375,0.002013984115773953,0.0,0.0,0.0,9.8049,0.0,1.0,1.0,0.0,0.0,0.0,0.0,0.0,0.0,0.0,0.0
7.7952,0.9982221270551273,0.059569530177087375,0.002013984115773953,0.0,0.0,0.0,9.805,0.0,1.0,1.0,0.0,0.0,0.0,0.0,0.0,0.0,0.0,0.0
7.8153,0.9982221270551273,0.059569530177087375,0.002013984115773953,0.0,0.0,0.0,9.8095,0.0,1.0,1.0,0.0,0.0,0.0,0.0,0.0,0.0,0.0,0.0
7.8354,0.9982221270551273,0.059569530177087375,0.002013984115773953,0.0,0.0,0.0,9.8096,0.0,1.0,1.0,0.0,0.0,0.0,0.0,0.0,0.0,0.0,0.0
7.8554,0.9982221270551273,0.059569530177087375,0.002013984115773953,0.0,0.0,0.0,9.8049,0.0,1.0,1.0,0.0,0.0,0.0,0.0,0.0,0.0,0.0,0.0
7.8755,0.9982221270551273,0.059569530177087375,0.002013984115773953,0.0,0.0,0.0,9.7668,0.0,1.0,1.0,0.0,0.0,0.0,0.0,0.0,0.0,0.0,0.0
7.8956,0.9982221270551273,0.059569530177087375,0.002013984115773953,0.0,0.0,0.0,9.7668,0.0,1.0,1.0,0.0,0.0,0.0,0.0,0.0,0.0,0.0,0.0
7.9156,0.9982221270551273,0.059569530177087375,0.002013984115773953,0.0,0.0,0.0,9.8096,0.0,1.0,1.0,0.0,0.0,0.0,0.0,0.0,0.0,0.0,0.0
7.9357,0.9982221270551273,0.059569530177087375,0.002013984115773953,0.0,0.0,0.0,9.8096,0.0,1.0,1.0,0.0,0.0,0.0,0.0,0.0,0.0,0.0,0.0
7.9558,0.9982221270551273,0.059569530177087375,0.002013984115773953,0.0,0.0,0.0,9.767,0.0,1.0,1.0,0.0,0.0,0.0,0.0,0.0,0.0,0.0,0.0
7.9759,0.9982221270551273,0.059569530177087375,0.002013984115773953,0.0,0.0,0.0,9.8096,0.0,1.0,1.0,0.0,0.0,0.0,0.0,0.0,0.0,0.0,0.0
7.9959,0.9982221270551273,0.059569530177087375,0.002013984115773953,0.0,0.0,0.0,9.8095,0.0,1.0,1.0,0.0,0.0,0.0,0.0,0.0,0.0,0.0,0.0
8.016,0.9982221270551273,0.059569530177087375,0.002013984115773953,0.0,0.0,0.0,9.8437,0.0,1.0,1.0,0.0,0.0,0.0,0.0,0.0,0.0,0.0,0.0
8.036,0.9982221270551273,0.059569530177087375,0.002013984115773953,0.0,0.0,0.0,9.805,0.0,1.0,1.0,0.0,0.0,0.0,0.0,0.0,0.0,0.0,0.0
8.0561,0.9982221270551273,0.059569530177087375,0.002013984115773953,0.0,0.0,0.0,9.767,0.0,1.0,1.0,0.0,0.0,0.0,0.0,0.0,0.0,0.0,0.0
8.0762,0.9982221270551273,0.059569530177087375,0.002013984115773953,0.0,0.0,0.0,9.8095,0.0,1.0,1.0,0.0,0.0,0.0,0.0,0.0,0.0,0.0,0.0
8.0962,0.9982221270551273,0.059569530177087375,0.002013984115773953,0.0,0.0,0.0,9.8049,0.0,1.0,1.0,0.0,0.0,0.0,0.0,0.0,0.0,0.0,0.0
8.1163,0.9982221270551273,0.059569530177087375,0.002013984115773953,0.0,0.0,0.0,9.8049,0.0,1.0,1.0,0.0,0.0,0.0,0.0,0.0,0.0,0.0,0.0
8.1364,0.9982221270551273,0.059569530177087375,0.002013984115773953,0.0,0.0,0.0,9.8484,0.0,1.0,1.0,0.0,0.0,0.0,0.0,0.0,0.0,0.0,0.0
8.1565,0.9982221270551273,0.059569530177087375,0.002013984115773953,0.0,0.0,0.0,9.7624,0.0,1.0,1.0,0.0,0.0,0.0,0.0,0.0,0.0,0.0,0.0
8.1766,0.9982221270551273,0.059569530177087375,0.002013984115773953,0.0,0.0,0.0,9.8096,0.0,1.0,1.0,0.0,0.0,0.0,0.0,0.0,0.0,0.0,0.0
8.1966,0.9982221270551273,0.059569530177087375,0.002013984115773953,0.0,0.0,0.0,9.8096,0.0,1.0,1.0,0.0,0.0,0.0,0.0,0.0,0.0,0.0,0.0
8.2167,0.9982221270551273,0.059569530177087375,0.002013984115773953,0.0,0.0,0.0,9.8095,0.0,1.0,1.0,0.0,0.0,0.0,0.0,0.0,0.0,0.0,0.0
8.2368,0.9982221270551273,0.059569530177087375,0.002013984115773953,0.0,0.0,0.0,9.8095,0.0,1.0,1.0,0.0,0.0,0.0,0.0,0.0,0.0,0.0,0.0
8.2568,0.9982221270551273,0.059569530177087375,0.002013984115773953,0.0,0.0,0.0,9.7668,0.0,1.0,1.0,0.0,0.0,0.0,0.0,0.0,0.0,0.0,0.0
8.2769,0.9982221270551273,0.059569530177087375,0.002013984115773953,0.0,0.0,0.0,9.767,0.0,1.0,1.0,0.0,0.0,0.0,0.0,0.0,0.0,0.0,0.0
8.2969,0.9982221270551273,0.059569530177087375,0.002013984115773953,0.0,0.0,0.0,9.8049,0.0,1.0,1.0,0.0,0.0,0.0,0.0,0.0,0.0,0.0,0.0
8.317,0.9982221270551273,0.059569530177087375,0.002013984115773953,0.0,0.0,0.0,9.8049,0.0,1.0,1.0,0.0,0.0,0.0,0.0,0.0,0.0,0.0,0.0
8.3371,0.9982221270551273,0.059569530177087375,0.002013984115773953,0.0,0.0,0.0,9.8096,0.0,1.0,1.0,0.0,0.0,0.0,0.0,0.0,0.0,0.0,0.0
8.3572,0.9982221270551273,0.059569530177087375,0.002013984115773953,0.0,0.0,0.0,9.805,0.0,1.0,1.0,0.0,0.0,0.0,0.0,0.0,0.0,0.0,0.0
8.3772,0.998225752470117,0.05950874678555463,0.0020139914303064707,0.0,0.0,0.0,9.805,0.0,1.0,1.0,0.0,0.0,0.0,0.0,0.0,0.0,0.0,0.0
8.3973,0.998225752470117,0.05950874678555463,0.0020139914303064707,0.0,0.0,0.0,9.8095,0.0,1.0,1.0,0.0,0.0,0.0,0.0,0.0,0.0,0.0,0.0
8.4174,0.998225752470117,0.05950874678555463,0.0020139914303064707,0.0,0.0,0.0,9.8095,0.0,1.0,1.0,0.0,0.0,0.0,0.0,0.0,0.0,0.0,0.0
8.4374,0.998225752470117,0.05950874678555463,0.0020139914303064707,0.0,0.0,0.0,9.805,0.0,1.0,1.0,0.0,0.0,0.0,0.0,0.0,0.0,0.0,0.0
8.4575,0.998225752470117,0.05950874678555463,0.0020139914303064707,0.0,0.0,0.0,9.7624,0.0,1.0,1.0,0.0,0.0,0.0,0.0,0.0,0.0,0.0,0.0
8.4776,0.998225752470117,0.05950874678555463,0.0020139914303064707,0.0,0.0,0.0,9.8096,0.0,1.0,1.0,0.0,0.0,0.0,0.0,0.0,0.0,0.0,0.0
8.4976,0.998225752470117,0.05950874678555463,0.0020139914303064707,0.0,0.0,0.0,9.8095,0.0,1.0,1.0,0.0,0.0,0.0,0.0,0.0,0.0,0.0,0.0
8.5177,0.998225752470117,0.05950874678555463,0.0020139914303064707,0.0,0.0,0.0,9.8095,0.0,1.0,1.0,0.0,0.0,0.0,0.0,0.0,0.0,0.0,0.0
8.5378,0.998225752470117,0.05950874678555463,0.0020139914303064707,0.0,0.0,0.0,9.7622,0.0,1.0,1.0,0.0,0.0,0.0,0.0,0.0,0.0,0.0,0.0
8.5578,0.998225752470117,0.05950874678555463,0.0020139914303064707,0.0,0.0,0.0,9.8095,0.0,1.0,1.0,0.0,0.0,0.0,0.0,0.0,0.0,0.0,0.0
8.5779,0.998225752470117,0.05950874678555463,0.0020139914303064707,0.0,0.0,0.0,9.767,0.0,1.0,1.0,0.0,0.0,0.0,0.0,0.0,0.0,0.0,0.0
8.598,0.998225752470117,0.05950874678555463,0.0020139914303064707,0.0,0.0,0.0,9.8095,0.0,1.0,1.0,0.0,0.0,0.0,0.0,0.0,0.0,0.0,0.0
8.6181,0.998225752470117,0.05950874678555463,0.0020139914303064707,0.0,0.0,0.0,9.805,0.0,1.0,1.0,0.0,0.0,0.0,0.0,0.0,0.0,0.0,0.0
8.6381,0.998225752470117,0.05950874678555463,0.0020139914303064707,0.0,0.0,0.0,9.805,0.0,1.0,1.0,0.0,0.0,0.0,0.0,0.0,0.0,0.0,0.0
8.6582,0.998225752470117,0.05950874678555463,0.0020139914303064707,0.0,0.0,0.0,9.8096,0.0,1.0,1.0,0.0,0.0,0.0,0.0,0.0,0.0,0.0,0.0
8.6783,0.998225752470117,0.05950874678555463,0.0020139914303064707,0.0,0.0,0.0,9.7668,0.0,1.0,1.0,0.0,0.0,0.0,0.0,0.0,0.0,0.0,0.0
8.6983,0.998225752470117,0.05950874678555463,0.0020139914303064707,0.0,0.0,0.0,9.8095,0.0,1.0,1.0,0.0,0.0,0.0,0.0,0.0,0.0,0.0,0.0
8.7184,0.998225752470117,0.05950874678555463,0.0020139914303064707,0.0,0.0,0.0,9.8095,0.0,1.0,1.0,0.0,0.0,0.0,0.0,0.0,0.0,0.0,0.0
8.7385,0.998225752470117,0.05950874678555463,0.0020139914303064707,0.0,0.0,0.0,9.7622,0.0,1.0,1.0,0.0,0.0,0.0,0.0,0.0,0.0,0.0,0.0
8.7586,0.998225752470117,0.05950874678555463,0.0020139914303064707,0.0,0.0,0.0,9.8095,0.0,1.0,1.0,0.0,0.0,0.0,0.0,0.0,0.0,0.0,0.0
8.7786,0.998225752470117,0.05950874678555463,0.0020139914303064707,0.0,0.0,0.0,9.8096,0.0,1.0,1.0,0.0,0.0,0.0,0.0,0.0,0.0,0.0,0.0
8.7987,0.998225752470117,0.05950874678555463,0.0020139914303064707,0.0,0.0,0.0,9.8096,0.0,1.0,1.0,0.0,0.0,0.0,0.0,0.0,0.0,0.0,0.0
8.8188,0.998225752470117,0.05950874678555463,0.0020139914303064707,0.0,0.0,0.0,9.7624,0.0,1.0,1.0,0.0,0.0,0.0,0.0,0.0,0.0,0.0,0.0
8.8389,0.998225752470117,0.05950874678555463,0.0020139914303064707,0.0,0.0,0.0,9.8096,0.0,1.0,1.0,0.0,0.0,0.0,0.0,0.0,0.0,0.0,0.0
8.8589,0.998225752470117,0.05950874678555463,0.0020139914303064707,0.0,0.0,0.0,9.8437,0.0,1.0,1.0,0.0,0.0,0.0,0.0,0.0,0.0,0.0,0.0
8.879,0.998225752470117,0.05950874678555463,0.0020139914303064707,0.0,0.0,0.0,9.805,0.0,1.0,1.0,0.0,0.0,0.0,0.0,0.0,0.0,0.0,0.0
8.8991,0.998225752470117,0.05950874678555463,0.0020139914303064707,0.0,0.0,0.0,9.8049,0.0,1.0,1.0,0.0,0.0,0.0,0.0,0.0,0.0,0.0,0.0
8.9192,0.998225752470117,0.05950874678555463,0.0020139914303064707,0.0,0.0,0.0,9.8095,0.0,1.0,1.0,0.0,0.0,0.0,0.0,0.0,0.0,0.0,0.0
8.9393,0.998225752470117,0.05950874678555463,0.0020139914303064707,0.0,0.0,0.0,9.7624,0.0,1.0,1.0,0.0,0.0,0.0,0.0,0.0,0.0,0.0,0.0
8.9593,0.998225752470117,0.05950874678555463,0.0020139914303064707,0.0,0.0,0.0,9.8049,0.0,1.0,1.0,0.0,0.0,0.0,0.0,0.0,0.0,0.0,0.0
8.9794,0.998225752470117,0.05950874678555463,0.0020139914303064707,0.0,0.0,0.0,9.8096,0.0,1.0,1.0,0.0,0.0,0.0,0.0,0.0,0.0,0.0,0.0
8.9995,0.998225752470117,0.05950874678555463,0.0020139914303064707,0.0,0.0,0.0,9.8095,0.0,1.0,1.0,0.0,0.0,0.0,0.0,0.0,0.0,0.0,0.0
9.0196,0.998225752470117,0.05950874678555463,0.0020139914303064707,0.0,0.0,0.0,9.8049,0.0,1.0,1.0,0.0,0.0,0.0,0.0,0.0,0.0,0.0,0.0
9.0396,0.998225752470117,0.05950874678555463,0.0020139914303064707,0.0,0.0,0.0,9.8049,0.0,1.0,1.0,0.0,0.0,0.0,0.0,0.0,0.0,0.0,0.0
9.0597,0.998225752470117,0.05950874678555463,0.0020139914303064707,0.0,0.0,0.0,9.8096,0.0,1.0,1.0,0.0,0.0,0.0,0.0,0.0,0.0,0.0,0.0
9.0798,0.998225752470117,0.05950874678555463,0.0020139914303064707,0.0,0.0,0.0,9.805,0.0,1.0,1.0,0.0,0.0,0.0,0.0,0.0,0.0,0.0,0.0
9.0998,0.998225752470117,0.05950874678555463,0.0020139914303064707,0.0,0.0,0.0,9.8437,0.0,1.0,1.0,0.0,0.0,0.0,0.0,0.0,0.0,0.0,0.0
9.1199,0.998225752470117,0.05950874678555463,0.0020139914303064707,0.0,0.0,0.0,9.8095,0.0,1.0,1.0,0.0,0.0,0.0,0.0,0.0,0.0,0.0,0.0
9.14,0.998225752470117,0.05950874678555463,0.0020139914303064707,0.0,0.0,0.0,9.8096,0.0,1.0,1.0,0.0,0.0,0.0,0.0,0.0,0.0,0.0,0.0
9.16,0.998225752470117,0.05950874678555463,0.0020139914303064707,0.0,0.0,0.0,9.8095,0.0,1.0,1.0,0.0,0.0,0.0,0.0,0.0,0.0,0.0,0.0
9.1801,0.998225752470117,0.05950874678555463,0.0020139914303064707,0.0,0.0,0.0,9.7624,0.0,1.0,1.0,0.0,0.0,0.0,0.0,0.0,0.0,0.0,0.0
9.2002,0.998225752470117,0.05950874678555463,0.0020139914303064707,0.0,0.0,0.0,9.8483,0.0,1.0,1.0,0.0,0.0,0.0,0.0,0.0,0.0,0.0,0.0
9.2202,0.998225752470117,0.05950874678555463,0.0020139914303064707,0.0,0.0,0.0,9.8049,0.0,1.0,1.0,0.0,0.0,0.0,0.0,0.0,0.0,0.0,0.0
9.2403,0.998225752470117,0.05950874678555463,0.0020139914303064707,0.0,0.0,0.0,9.8438,0.0,1.0,1.0,0.0,0.0,0.0,0.0,0.0,0.0,0.0,0.0
9.2604,0.998225752470117,0.05950874678555463,0.0020139914303064707,0.0,0.0,0.0,9.8095,0.0,1.0,1.0,0.0,0.0,0.0,0.0,0.0,0.0,0.0,0.0
9.2804,0.998225752470117,0.05950874678555463,0.0020139914303064707,0.0,0.0,0.0,9.8095,0.0,1.0,1.0,0.0,0.0,0.0,0.0,0.0,0.0,0.0,0.0
9.3005,0.998225752470117,0.05950874678555463,0.0020139914303064707,0.0,0.0,0.0,9.805,0.0,1.0,1.0,0.0,0.0,0.0,0.0,0.0,0.0,0.0,0.0
9.3206,0.998225752470117,0.05950874678555463,0.0020139914303064707,0.0,0.0,0.0,9.767,0.0,1.0,1.0,0.0,0.0,0.0,0.0,0.0,0.0,0.0,0.0
9.3406,0.998225752470117,0.05950874678555463,0.0020139914303064707,0.0,0.0,0.0,9.8095,0.0,1.0,1.0,0.0,0.0,0.0,0.0,0.0,0.0,0.0,0.0
9.3607,0.998225752470117,0.05950874678555463,0.0020139914303064707,0.0,0.0,0.0,9.7622,0.0,1.0,1.0,0.0,0.0,0.0,0.0,0.0,0.0,0.0,0.0
9.3808,0.998225752470117,0.05950874678555463,0.0020139914303064707,0.0,0.0,0.0,9.805,0.0,1.0,1.0,0.0,0.0,0.0,0.0,0.0,0.0,0.0,0.0
9.4009,0.998225752470117,0.05950874678555463,0.0020139914303064707,0.0,0.0,0.0,9.805,0.0,1.0,1.0,0.0,0.0,0.0,0.0,0.0,0.0,0.0,0.0
9.4213,0.998225752470117,0.05950874678555463,0.0020139914303064707,0.0,0.0,0.0,9.805,0.0,1.0,1.0,0.0,0.0,0.0,0.0,0.0,0.0,0.0,0.0
9.4414,0.998225752470117,0.05950874678555463,0.0020139914303064707,0.0,0.0,0.0,9.8096,0.0,1.0,1.0,0.0,0.0,0.0,0.0,0.0,0.0,0.0,0.0
9.4615,0.998225752470117,0.05950874678555463,0.0020139914303064707,0.0,0.0,0.0,9.8483,0.0,1.0,1.0,0.0,0.0,0.0,0.0,0.0,0.0,0.0,0.0
9.4815,0.998225752470117,0.05950874678555463,0.0020139914303064707,0.0,0.0,0.0,9.7622,0.0,1.0,1.0,0.0,0.0,0.0,0.0,0.0,0.0,0.0,0.0
9.5016,0.998225752470117,0.05950874678555463,0.0020139914303064707,0.0,0.0,0.0,9.8049,0.0,1.0,1.0,0.0,0.0,0.0,0.0,0.0,0.0,0.0,0.0
9.5217,0.998225752470117,0.05950874678555463,0.0020139914303064707,0.0,0.0,0.0,9.8095,0.0,1.0,1.0,0.0,0.0,0.0,0.0,0.0,0.0,0.0,0.0
9.5419,0.998225752470117,0.05950874678555463,0.0020139914303064707,0.0,0.0,0.0,9.805,0.0,1.0,1.0,0.0,0.0,0.0,0.0,0.0,0.0,0.0,0.0
9.562,0.998225752470117,0.05950874678555463,0.0020139914303064707,0.0,0.0,0.0,9.8096,0.0,1.0,1.0,0.0,0.0,0.0,0.0,0.0,0.0,0.0,0.0
9.5821,0.998225752470117,0.05950874678555463,0.0020139914303064707,0.0,0.0,0.0,9.7668,0.0,1.0,1.0,0.0,0.0,0.0,0.0,0.0,0.0,0.0,0.0
9.6021,0.998225752470117,0.05950874678555463,0.0020139914303064707,0.0,0.0,0.0,9.805,0.0,1.0,1.0,0.0,0.0,0.0,0.0,0.0,0.0,0.0,0.0
9.6223,0.998225752470117,0.05950874678555463,0.0020139914303064707,0.0,0.0,0.0,9.8095,0.0,1.0,1.0,0.0,0.0,0.0,0.0,0.0,0.0,0.0,0.0
9.6424,0.998225752470117,0.05950874678555463,0.0020139914303064707,0.0,0.0,0.0,9.8095,0.0,1.0,1.0,0.0,0.0,0.0,0.0,0.0,0.0,0.0,0.0
9.6624,0.998225752470117,0.05950874678555463,0.0020139914303064707,0.0,0.0,0.0,9.8096,0.0,1.0,1.0,0.0,0.0,0.0,0.0,0.0,0.0,0.0,0.0
9.6825,0.998225752470117,0.05950874678555463,0.0020139914303064707,0.0,0.0,0.0,9.7668,0.0,1.0,1.0,0.0,0.0,0.0,0.0,0.0,0.0,0.0,0.0
9.7026,0.998225752470117,0.05950874678555463,0.0020139914303064707,0.0,0.0,0.0,9.8096,0.0,1.0,1.0,0.0,0.0,0.0,0.0,0.0,0.0,0.0,0.0
9.7227,0.998225752470117,0.05950874678555463,0.0020139914303064707,0.0,0.0,0.0,9.8061,0.0,1.0,1.0,0.0,0.0,0.0,0.0,0.0,0.0,0.0,0.0
9.7427,0.998225752470117,0.05950874678555463,0.0020139914303064707,0.0,0.0,0.0,9.8483,0.0,1.0,1.0,0.0,0.0,0.0,0.0,0.0,0.0,0.0,0.0
9.7628,0.998225752470117,0.05950874678555463,0.0020139914303064707,0.0,0.0,0.0,9.8095,0.0,1.0,1.0,0.0,0.0,0.0,0.0,0.0,0.0,0.0,0.0
9.7829,0.998225752470117,0.05950874678555463,0.0020139914303064707,0.0,0.0,0.0,9.8095,0.0,1.0,1.0,0.0,0.0,0.0,0.0,0.0,0.0,0.0,0.0
9.803,0.998225752470117,0.05950874678555463,0.0020139914303064707,0.0,0.0,0.0,9.7668,0.0,1.0,1.0,0.0,0.0,0.0,0.0,0.0,0.0,0.0,0.0
9.823,0.998225752470117,0.05950874678555463,0.0020139914303064707,0.0,0.0,0.0,9.8019,0.0,1.0,1.0,0.0,0.0,0.0,0.0,0.0,0.0,0.0,0.0
9.8431,0.998225752470117,0.05950874678555463,0.0020139914303064707,0.0,0.0,0.0,9.8104,0.0,1.0,1.0,0.0,0.0,0.0,0.0,0.0,0.0,0.0,0.0
9.8632,0.998225752470117,0.05950874678555463,0.0020139914303064707,0.0,0.0,0.0,9.8437,0.0,1.0,1.0,0.0,0.0,0.0,0.0,0.0,0.0,0.0,0.0
9.8832,0.998225752470117,0.05950874678555463,0.0020139914303064707,0.0,0.0,0.0,9.805,0.0,1.0,1.0,0.0,0.0,0.0,0.0,0.0,0.0,0.0,0.0
9.9033,0.998225752470117,0.05950874678555463,0.0020139914303064707,0.0,0.0,0.0,9.7665,0.0,1.0,1.0,0.0,0.0,0.0,0.0,0.0,0.0,0.0,0.0
9.9234,0.998225752470117,0.05950874678555463,0.0020139914303064707,0.0,0.0,0.0,9.8104,0.0,1.0,1.0,0.0,0.0,0.0,0.0,0.0,0.0,0.0,0.0
9.9434,0.998225752470117,0.05950874678555463,0.0020139914303064707,0.0,0.0,0.0,9.8095,0.0,1.0,1.0,0.0,0.0,0.0,0.0,0.0,0.0,0.0,0.0
9.9635,0.998225752470117,0.05950874678555463,0.0020139914303064707,0.0,0.0,0.0,9.8008,0.0,1.0,1.0,0.0,0.0,0.0,0.0,0.0,0.0,0.0,0.0
9.9836,0.998225752470117,0.05950874678555463,0.0020139914303064707,0.0,0.0,0.0,9.8096,0.0,1.0,1.0,0.0,0.0,0.0,0.0,0.0,0.0,0.0,0.0
10.0036,0.998225752470117,0.05950874678555463,0.0020139914303064707,0.0,0.0,0.0,9.7624,0.0,1.0,1.0,0.0,0.0,0.0,0.0,0.0,0.0,0.0,0.0
10.0237,0.998225752470117,0.05950874678555463,0.0020139914303064707,0.0,0.0,0.0,9.8049,0.0,1.0,1.0,0.0,0.0,0.0,0.0,0.0,0.0,0.0,0.0
10.0438,0.998225752470117,0.05950874678555463,0.0020139914303064707,0.0,0.0,0.0,9.8096,0.0,1.0,1.0,0.0,0.0,0.0,0.0,0.0,0.0,0.0,0.0
10.0638,0.998225752470117,0.05950874678555463,0.0020139914303064707,0.0,0.0,0.0,9.7665,0.0,1.0,1.0,0.0,0.0,0.0,0.0,0.0,0.0,0.0,0.0
10.0839,0.998225752470117,0.05950874678555463,0.0020139914303064707,0.0,0.0,0.0,9.8061,0.0,1.0,1.0,0.0,0.0,0.0,0.0,0.0,0.0,0.0,0.0
10.104,0.998225752470117,0.05950874678555463,0.0020139914303064707,0.0,0.0,0.0,9.8095,0.0,1.0,1.0,0.0,0.0,0.0,0.0,0.0,0.0,0.0,0.0
10.124,0.998225752470117,0.05950874678555463,0.0020139914303064707,0.0,0.0,0.0,9.8049,0.0,1.0,1.0,0.0,0.0,0.0,0.0,0.0,0.0,0.0,0.0
10.1441,0.998225752470117,0.05950874678555463,0.0020139914303064707,0.0,0.0,0.0,9.805,0.0,1.0,1.0,0.0,0.0,0.0,0.0,0.0,0.0,0.0,0.0
10.1642,0.998225752470117,0.05950874678555463,0.0020139914303064707,0.0,0.0,0.0,9.8095,0.0,1.0,1.0,0.0,0.0,0.0,0.0,0.0,0.0,0.0,0.0
10.1843,0.998225752470117,0.05950874678555463,0.0020139914303064707,0.0,0.0,0.0,9.8095,0.0,1.0,1.0,0.0,0.0,0.0,0.0,0.0,0.0,0.0,0.0
10.2043,0.998225752470117,0.05950874678555463,0.0020139914303064707,0.0,0.0,0.0,9.8095,0.0,1.0,1.0,0.0,0.0,0.0,0.0,0.0,0.0,0.0,0.0
10.2244,0.998225752470117,0.05950874678555463,0.0020139914303064707,0.0,0.0,0.0,9.8095,0.0,1.0,1.0,0.0,0.0,0.0,0.0,0.0,0.0,0.0,0.0
10.2445,0.998225752470117,0.05950874678555463,0.0020139914303064707,0.0,0.0,0.0,9.8095,0.0,1.0,1.0,0.0,0.0,0.0,0.0,0.0,0.0,0.0,0.0
10.2646,0.998225752470117,0.05950874678555463,0.0020139914303064707,0.0,0.0,0.0,9.8449,0.0,1.0,1.0,0.0,0.0,0.0,0.0,0.0,0.0,0.0,0.0
10.2846,0.998225752470117,0.05950874678555463,0.0020139914303064707,0.0,0.0,0.0,9.805,0.0,1.0,1.0,0.0,0.0,0.0,0.0,0.0,0.0,0.0,0.0
10.3047,0.998225752470117,0.05950874678555463,0.0020139914303064707,0.0,0.0,0.0,9.805,0.0,1.0,1.0,0.0,0.0,0.0,0.0,0.0,0.0,0.0,0.0
10.3248,0.998225752470117,0.05950874678555463,0.0020139914303064707,0.0,0.0,0.0,9.8095,0.0,1.0,1.0,0.0,0.0,0.0,0.0,0.0,0.0,0.0,0.0
10.3448,0.998225752470117,0.05950874678555463,0.0020139914303064707,0.0,0.0,0.0,9.8049,0.0,1.0,1.0,0.0,0.0,0.0,0.0,0.0,0.0,0.0,0.0
10.3649,0.998225752470117,0.05950874678555463,0.0020139914303064707,0.0,0.0,0.0,9.8061,0.0,1.0,1.0,0.0,0.0,0.0,0.0,0.0,0.0,0.0,0.0
10.385,0.998225752470117,0.05950874678555463,0.0020139914303064707,0.0,0.0,0.0,9.8096,0.0,1.0,1.0,0.0,0.0,0.0,0.0,0.0,0.0,0.0,0.0
10.4051,0.998225752470117,0.05950874678555463,0.0020139914303064707,0.0,0.0,0.0,9.8095,0.0,1.0,1.0,0.0,0.0,0.0,0.0,0.0,0.0,0.0,0.0
10.4251,0.998225752470117,0.05950874678555463,0.0020139914303064707,0.0,0.0,0.0,9.8095,0.0,1.0,1.0,0.0,0.0,0.0,0.0,0.0,0.0,0.0,0.0
10.4452,0.998225752470117,0.05950874678555463,0.0020139914303064707,0.0,0.0,0.0,9.8096,0.0,1.0,1.0,0.0,0.0,0.0,0.0,0.0,0.0,0.0,0.0
10.4653,0.998225752470117,0.05950874678555463,0.0020139914303064707,0.0,0.0,0.0,9.8061,0.0,1.0,1.0,0.0,0.0,0.0,0.0,0.0,0.0,0.0,0.0
10.4853,0.998225752470117,0.05950874678555463,0.0020139914303064707,0.0,0.0,0.0,9.8061,0.0,1.0,1.0,0.0,0.0,0.0,0.0,0.0,0.0,0.0,0.0
10.5054,0.998225752470117,0.05950874678555463,0.0020139914303064707,0.0,0.0,0.0,9.7622,0.0,1.0,1.0,0.0,0.0,0.0,0.0,0.0,0.0,0.0,0.0
10.5255,0.998225752470117,0.05950874678555463,0.0020139914303064707,0.0,0.0,0.0,9.8483,0.0,1.0,1.0,0.0,0.0,0.0,0.0,0.0,0.0,0.0,0.0
10.5456,0.998225752470117,0.05950874678555463,0.0020139914303064707,0.0,0.0,0.0,9.805,0.0,1.0,1.0,0.0,0.0,0.0,0.0,0.0,0.0,0.0,0.0
10.5656,0.998225752470117,0.05950874678555463,0.0020139914303064707,0.0,0.0,0.0,9.805,0.0,1.0,1.0,0.0,0.0,0.0,0.0,0.0,0.0,0.0,0.0
10.5857,0.998225752470117,0.05950874678555463,0.0020139914303064707,0.0,0.0,0.0,9.8096,0.0,1.0,1.0,0.0,0.0,0.0,0.0,0.0,0.0,0.0,0.0
10.6058,0.998225752470117,0.05950874678555463,0.0020139914303064707,0.0,0.0,0.0,9.7757,0.0,1.0,1.0,0.0,0.0,0.0,0.0,0.0,0.0,0.0,0.0
10.6258,0.998225752470117,0.05950874678555463,0.0020139914303064707,0.0,0.0,0.0,9.8096,0.0,1.0,1.0,0.0,0.0,0.0,0.0,0.0,0.0,0.0,0.0
10.6459,0.998225752470117,0.05950874678555463,0.0020139914303064707,0.0,0.0,0.0,9.8049,0.0,1.0,1.0,0.0,0.0,0.0,0.0,0.0,0.0,0.0,0.0
10.666,0.998225752470117,0.05950874678555463,0.0020139914303064707,0.0,0.0,0.0,9.8096,0.0,1.0,1.0,0.0,0.0,0.0,0.0,0.0,0.0,0.0,0.0
10.686,0.998225752470117,0.05950874678555463,0.0020139914303064707,0.0,0.0,0.0,9.8438,0.0,1.0,1.0,0.0,0.0,0.0,0.0,0.0,0.0,0.0,0.0
10.7061,0.998225752470117,0.05950874678555463,0.0020139914303064707,0.0,0.0,0.0,9.8437,0.0,1.0,1.0,0.0,0.0,0.0,0.0,0.0,0.0,0.0,0.0
10.7262,0.998225752470117,0.05950874678555463,0.0020139914303064707,0.0,0.0,0.0,9.8484,0.0,1.0,1.0,0.0,0.0,0.0,0.0,0.0,0.0,0.0,0.0
10.7463,0.998225752470117,0.05950874678555463,0.0020139914303064707,0.0,0.0,0.0,9.8096,0.0,1.0,1.0,0.0,0.0,0.0,0.0,0.0,0.0,0.0,0.0
10.7663,0.998225752470117,0.05950874678555463,0.0020139914303064707,0.0,0.0,0.0,9.805,0.0,1.0,1.0,0.0,0.0,0.0,0.0,0.0,0.0,0.0,0.0
10.7864,0.9982258732479388,0.05950875398566621,0.0019529919261625402,0.0,0.0,0.0,9.8095,0.0,1.0,1.0,0.0,0.0,0.0,0.0,0.0,0.0,0.0,0.0
10.8065,0.9982258732479388,0.05950875398566621,0.0019529919261625402,0.0,0.0,0.0,9.8095,0.0,1.0,1.0,0.0,0.0,0.0,0.0,0.0,0.0,0.0,0.0
10.8265,0.9982258713907549,0.0595087538749511,0.00195299192252903,6.0999747708234686e-05,0.0,0.0,9.8437,0.0,1.0,1.0,0.0,0.0,0.0,0.0,0.0,0.0,0.0,0.0
10.8466,0.9982294931321337,0.059447969814290375,0.0019529990083318148,6.0999969026309664e-05,0.0,0.0,9.805,0.0,1.0,1.0,0.0,0.0,0.0,0.0,0.0,0.0,0.0,0.0
10.8667,0.9982258713907549,0.0595087538749511,0.00195299192252903,6.0999747708234686e-05,0.0,0.0,9.8105,0.0,1.0,1.0,0.0,0.0,0.0,0.0,0.0,0.0,0.0,0.0
10.8867,0.9982258713907549,0.0595087538749511,0.00195299192252903,6.0999747708234686e-05,0.0,0.0,9.8438,0.0,1.0,1.0,0.0,0.0,0.0,0.0,0.0,0.0,0.0,0.0
10.9068,0.9982294931321337,0.059447969814290375,0.0019529990083318148,6.0999969026309664e-05,0.0,0.0,9.805,0.0,1.0,1.0,0.0,0.0,0.0,0.0,0.0,0.0,0.0,0.0
10.9269,0.9982258713907549,0.0595087538749511,0.00195299192252903,6.0999747708234686e-05,0.0,0.0,9.8104,0.0,1.0,1.0,0.0,0.0,0.0,0.0,0.0,0.0,0.0,0.0
10.947,0.9982258713907549,0.0595087538749511,0.00195299192252903,6.0999747708234686e-05,0.0,0.0,9.8096,0.0,1.0,1.0,0.0,0.0,0.0,0.0,0.0,0.0,0.0,0.0
10.967,0.9982294931321337,0.059447969814290375,0.0019529990083318148,6.0999969026309664e-05,0.0,0.0,9.805,0.0,1.0,1.0,0.0,0.0,0.0,0.0,0.0,0.0,0.0,0.0
10.9872,0.9982296101969037,0.05944797678589658,0.0018919992611848464,6.099997617980968e-05,0.0,0.0,9.8438,0.0,1.0,1.0,0.0,0.0,0.0,0.0,0.0,0.0,0.0,0.0
11.0073,0.9982259884542506,0.059508760853634934,0.001891992396697604,6.099975486179021e-05,0.0,0.0,9.8096,0.0,1.0,1.0,0.0,0.0,0.0,0.0,0.0,0.0,0.0,0.0
11.0273,0.9982258658192034,0.059508753542805735,0.001952991911628496,0.00012199949473556959,0.0,0.0,9.8095,0.0,1.0,1.0,0.0,0.0,0.0,0.0,0.0,0.0,0.0,0.0
11.0474,0.9982258658192034,0.059508753542805735,0.001952991911628496,0.00012199949473556959,0.0,0.0,9.8095,0.0,1.0,1.0,0.0,0.0,0.0,0.0,0.0,0.0,0.0,0.0
11.0675,0.9982258713907549,0.0595087538749511,0.00195299192252903,6.0999747708234686e-05,0.0,0.0,9.8096,0.0,1.0,1.0,0.0,0.0,0.0,0.0,0.0,0.0,0.0,0.0
11.0875,0.9982257450413844,0.05950874634269432,0.0020139914153184772,0.00012199947997465488,0.0,0.0,9.8049,0.0,1.0,1.0,0.0,0.0,0.0,0.0,0.0,0.0,0.0,0.0
11.1076,0.998225750612934,0.05950874667483956,0.0020139914265594645,6.0999740327749574e-05,0.0,0.0,9.805,0.0,1.0,1.0,0.0,0.0,0.0,0.0,0.0,0.0,0.0,0.0
11.1277,0.9982221251979643,0.05956953006626002,0.0020139841120269987,6.0999518785354034e-05,0.0,0.0,9.8061,0.0,1.0,1.0,0.0,0.0,0.0,0.0,0.0,0.0,0.0,0.0
11.1477,0.9982221251979643,0.05956953006626002,0.0020139841120269987,6.0999518785354034e-05,0.0,0.0,9.8049,0.0,1.0,1.0,0.0,0.0,0.0,0.0,0.0,0.0,0.0,0.0
11.1678,0.998225750612934,0.05950874667483956,0.0020139914265594645,6.0999740327749574e-05,0.0,0.0,9.8049,0.0,1.0,1.0,0.0,0.0,0.0,0.0,0.0,0.0,0.0,0.0
11.1879,0.9982221251979643,0.05956953006626002,0.0020139841120269987,6.0999518785354034e-05,0.0,0.0,9.8095,0.0,1.0,1.0,0.0,0.0,0.0,0.0,0.0,0.0,0.0,0.0
11.2079,0.9982221251979643,0.05956953006626002,0.0020139841120269987,6.0999518785354034e-05,0.0,0.0,9.8095,0.0,1.0,1.0,0.0,0.0,0.0,0.0,0.0,0.0,0.0,0.0
11.228,0.9982221251979643,0.05956953006626002,0.0020139841120269987,6.0999518785354034e-05,0.0,0.0,9.8015,0.0,1.0,1.0,0.0,0.0,0.0,0.0,0.0,0.0,0.0,0.0
11.2481,0.9982220007071785,0.059569522637194464,0.0020749833720359115,6.0999511177939336e-05,0.0,0.0,9.767,0.0,1.0,1.0,0.0,0.0,0.0,0.0,0.0,0.0,0.0,0.0
11.2681,0.9982221251979643,0.05956953006626002,0.0020139841120269987,6.0999518785354034e-05,0.0,0.0,9.8049,0.0,1.0,1.0,0.0,0.0,0.0,0.0,0.0,0.0,0.0,0.0
11.2882,0.9982258713907549,0.0595087538749511,0.00195299192252903,6.0999747708234686e-05,0.0,0.0,9.8397,0.0,1.0,1.0,0.0,0.0,0.0,0.0,0.0,0.0,0.0,0.0
11.3083,0.9982258713907549,0.0595087538749511,0.00195299192252903,6.0999747708234686e-05,0.0,0.0,9.8061,0.0,1.0,1.0,0.0,0.0,0.0,0.0,0.0,0.0,0.0,0.0
11.3283,0.9982222459744693,0.05956953727367354,0.0019529848295364238,6.099952616572813e-05,0.0,0.0,9.8096,0.0,1.0,1.0,0.0,0.0,0.0,0.0,0.0,0.0,0.0,0.0
11.3484,0.9982223630366895,0.0595695442594348,0.0018919855252451136,6.099953331917263e-05,0.0,0.0,9.8104,0.0,1.0,1.0,0.0,0.0,0.0,0.0,0.0,0.0,0.0,0.0
11.3685,0.9982223630366895,0.0595695442594348,0.0018919855252451136,6.099953331917263e-05,0.0,0.0,9.8095,0.0,1.0,1.0,0.0,0.0,0.0,0.0,0.0,0.0,0.0,0.0
11.3885,0.9982258713907549,0.0595087538749511,0.00195299192252903,6.0999747708234686e-05,0.0,0.0,9.8015,0.0,1.0,1.0,0.0,0.0,0.0,0.0,0.0,0.0,0.0,0.0
11.4086,0.9982258713907549,0.0595087538749511,0.00195299192252903,6.0999747708234686e-05,0.0,0.0,9.8061,0.0,1.0,1.0,0.0,0.0,0.0,0.0,0.0,0.0,0.0,0.0
11.4287,0.9982222459744693,0.05956953727367354,0.0019529848295364238,6.099952616572813e-05,0.0,0.0,9.805,0.0,1.0,1.0,0.0,0.0,0.0,0.0,0.0,0.0,0.0,0.0
11.4489,0.9982222459744693,0.05956953727367354,0.0019529848295364238,6.099952616572813e-05,0.0,0.0,9.8104,0.0,1.0,1.0,0.0,0.0,0.0,0.0,0.0,0.0,0.0,0.0
11.469,0.9982223630366895,0.0595695442594348,0.0018919855252451136,6.099953331917263e-05,0.0,0.0,9.8095,0.0,1.0,1.0,0.0,0.0,0.0,0.0,0.0,0.0,0.0,0.0
11.4891,0.9982258713907549,0.0595087538749511,0.00195299192252903,6.0999747708234686e-05,0.0,0.0,9.8015,0.0,1.0,1.0,0.0,0.0,0.0,0.0,0.0,0.0,0.0,0.0
11.5091,0.9982222459744693,0.05956953727367354,0.0019529848295364238,6.099952616572813e-05,0.0,0.0,9.8096,0.0,1.0,1.0,0.0,0.0,0.0,0.0,0.0,0.0,0.0,0.0
11.5292,0.9982223630366895,0.0595695442594348,0.0018919855252451136,6.099953331917263e-05,0.0,0.0,9.8095,0.0,1.0,1.0,0.0,0.0,0.0,0.0,0.0,0.0,0.0,0.0
11.5493,0.9982223630366895,0.0595695442594348,0.0018919855252451136,6.099953331917263e-05,0.0,0.0,9.8095,0.0,1.0,1.0,0.0,0.0,0.0,0.0,0.0,0.0,0.0,0.0
11.5693,0.9982222404029785,0.059569536941191346,0.0019529848186360112,0.00012199905165061199,0.0,0.0,9.8008,0.0,1.0,1.0,0.0,0.0,0.0,0.0,0.0,0.0,0.0,0.0
11.5894,0.9982222459744693,0.05956953727367354,0.0019529848295364238,6.099952616572813e-05,0.0,0.0,9.8061,0.0,1.0,1.0,0.0,0.0,0.0,0.0,0.0,0.0,0.0,0.0
11.6095,0.9982186168833977,0.059630320009791224,0.0019529777293542452,6.0999304398678955e-05,0.0,0.0,9.8095,0.0,1.0,1.0,0.0,0.0,0.0,0.0,0.0,0.0,0.0,0.0
11.6295,0.9982187339443412,0.059630327002629685,0.0018919786468275907,6.0999311552123465e-05,0.0,0.0,9.8095,0.0,1.0,1.0,0.0,0.0,0.0,0.0,0.0,0.0,0.0,0.0
11.6496,0.9982223630366895,0.0595695442594348,0.0018919855252451136,6.099953331917263e-05,0.0,0.0,9.7622,0.0,1.0,1.0,0.0,0.0,0.0,0.0,0.0,0.0,0.0,0.0
11.6697,0.9982186168833977,0.059630320009791224,0.0019529777293542452,6.0999304398678955e-05,0.0,0.0,9.8095,0.0,1.0,1.0,0.0,0.0,0.0,0.0,0.0,0.0,0.0,0.0
11.6897,0.9982186168833977,0.059630320009791224,0.0019529777293542452,6.0999304398678955e-05,0.0,0.0,9.8049,0.0,1.0,1.0,0.0,0.0,0.0,0.0,0.0,0.0,0.0,0.0
11.7098,0.9982186113119677,0.059630319676972195,0.0019529777184539474,0.00012199860811645814,0.0,0.0,9.8096,0.0,1.0,1.0,0.0,0.0,0.0,0.0,0.0,0.0,0.0,0.0
11.7299,0.9982184905367819,0.05963031246225704,0.0020139767788396323,0.00012199859335570995,0.0,0.0,9.805,0.0,1.0,1.0,0.0,0.0,0.0,0.0,0.0,0.0,0.0,0.0
11.7499,0.9982184905367819,0.05963031246225704,0.0020139767788396323,0.00012199859335570995,0.0,0.0,9.8096,0.0,1.0,1.0,0.0,0.0,0.0,0.0,0.0,0.0,0.0,0.0
11.77,0.9982184905367819,0.05963031246225704,0.0020139767788396323,0.00012199859335570995,0.0,0.0,9.7273,0.0,1.0,1.0,0.0,0.0,0.0,0.0,0.0,0.0,0.0,0.0
11.7901,0.9982184905367819,0.05963031246225704,0.0020139767788396323,0.00012199859335570995,0.0,0.0,9.8437,0.0,1.0,1.0,0.0,0.0,0.0,0.0,0.0,0.0,0.0,0.0
11.8101,0.9982184905367819,0.05963031246225704,0.0020139767788396323,0.00012199859335570995,0.0,0.0,9.8049,0.0,1.0,1.0,0.0,0.0,0.0,0.0,0.0,0.0,0.0,0.0
11.8302,0.9982184905367819,0.05963031246225704,0.0020139767788396323,0.00012199859335570995,0.0,0.0,9.8049,0.0,1.0,1.0,0.0,0.0,0.0,0.0,0.0,0.0,0.0,0.0
11.8503,0.9982221196264756,0.05956952973377793,0.002013984100786119,0.00012199903688969727,0.0,0.0,9.8105,0.0,1.0,1.0,0.0,0.0,0.0,0.0,0.0,0.0,0.0,0.0
11.8704,0.9982221196264756,0.05956952973377793,0.002013984100786119,0.00012199903688969727,0.0,0.0,9.8104,0.0,1.0,1.0,0.0,0.0,0.0,0.0,0.0,0.0,0.0,0.0
11.8904,0.9982222404029785,0.059569536941191346,0.0019529848186360112,0.00012199905165061199,0.0,0.0,9.801,0.0,1.0,1.0,0.0,0.0,0.0,0.0,0.0,0.0,0.0,0.0
11.9105,0.9982222404029785,0.059569536941191346,0.0019529848186360112,0.00012199905165061199,0.0,0.0,9.8403,0.0,1.0,1.0,0.0,0.0,0.0,0.0,0.0,0.0,0.0,0.0
11.9306,0.9982222404029785,0.059569536941191346,0.0019529848186360112,0.00012199905165061199,0.0,0.0,9.7622,0.0,1.0,1.0,0.0,0.0,0.0,0.0,0.0,0.0,0.0,0.0
11.9506,0.9982222404029785,0.059569536941191346,0.0019529848186360112,0.00012199905165061199,0.0,0.0,9.8437,0.0,1.0,1.0,0.0,0.0,0.0,0.0,0.0,0.0,0.0,0.0
11.9707,0.9982222404029785,0.059569536941191346,0.0019529848186360112,0.00012199905165061199,0.0,0.0,9.8437,0.0,1.0,1.0,0.0,0.0,0.0,0.0,0.0,0.0,0.0,0.0
11.9908,0.9982222404029785,0.059569536941191346,0.0019529848186360112,0.00012199905165061199,0.0,0.0,9.8095,0.0,1.0,1.0,0.0,0.0,0.0,0.0,0.0,0.0,0.0,0.0
12.0108,0.9982222404029785,0.059569536941191346,0.0019529848186360112,0.00012199905165061199,0.0,0.0,9.805,0.0,1.0,1.0,0.0,0.0,0.0,0.0,0.0,0.0,0.0,0.0
12.0309,0.9982186113119677,0.059630319676972195,0.0019529777184539474,0.00012199860811645814,0.0,0.0,9.8049,0.0,1.0,1.0,0.0,0.0,0.0,0.0,0.0,0.0,0.0,0.0
12.051,0.9982186113119677,0.059630319676972195,0.0019529777184539474,0.00012199860811645814,0.0,0.0,9.8061,0.0,1.0,1.0,0.0,0.0,0.0,0.0,0.0,0.0,0.0,0.0
12.071,0.9982186113119677,0.059630319676972195,0.0019529777184539474,0.00012199860811645814,0.0,0.0,9.8096,0.0,1.0,1.0,0.0,0.0,0.0,0.0,0.0,0.0,0.0,0.0
12.0911,0.9982187283729091,0.05963032666981051,0.0018919786362677458,0.0001219986224231806,0.0,0.0,9.7668,0.0,1.0,1.0,0.0,0.0,0.0,0.0,0.0,0.0,0.0,0.0
12.1112,0.9982186113119677,0.059630319676972195,0.0019529777184539474,0.00012199860811645814,0.0,0.0,9.8484,0.0,1.0,1.0,0.0,0.0,0.0,0.0,0.0,0.0,0.0,0.0
12.1312,0.9982184905367819,0.05963031246225704,0.0020139767788396323,0.00012199859335570995,0.0,0.0,9.767,0.0,1.0,1.0,0.0,0.0,0.0,0.0,0.0,0.0,0.0,0.0
12.1513,0.9982184905367819,0.05963031246225704,0.0020139767788396323,0.00012199859335570995,0.0,0.0,9.8049,0.0,1.0,1.0,0.0,0.0,0.0,0.0,0.0,0.0,0.0,0.0
12.1714,0.9982184812510686,0.05963031190755886,0.002013976760105046,0.00018299788833126,0.0,0.0,9.805,0.0,1.0,1.0,0.0,0.0,0.0,0.0,0.0,0.0,0.0,0.0
12.1915,0.9982184812510686,0.05963031190755886,0.002013976760105046,0.00018299788833126,0.0,0.0,9.7668,0.0,1.0,1.0,0.0,0.0,0.0,0.0,0.0,0.0,0.0,0.0
12.2115,0.9982184812510686,0.05963031190755886,0.002013976760105046,0.00018299788833126,0.0,0.0,9.805,0.0,1.0,1.0,0.0,0.0,0.0,0.0,0.0,0.0,0.0,0.0
12.2316,0.9982184812510686,0.05963031190755886,0.002013976760105046,0.00018299788833126,0.0,0.0,9.8095,0.0,1.0,1.0,0.0,0.0,0.0,0.0,0.0,0.0,0.0,0.0
12.2517,0.9982186020262509,0.0596303191222738,0.0019529777002867815,0.00018299791047238223,0.0,0.0,9.8049,0.0,1.0,1.0,0.0,0.0,0.0,0.0,0.0,0.0,0.0,0.0
12.2717,0.9982184812510686,0.05963031190755886,0.002013976760105046,0.00018299788833126,0.0,0.0,9.8015,0.0,1.0,1.0,0.0,0.0,0.0,0.0,0.0,0.0,0.0,0.0
12.2918,0.9982184812510686,0.05963031190755886,0.002013976760105046,0.00018299788833126,0.0,0.0,9.8096,0.0,1.0,1.0,0.0,0.0,0.0,0.0,0.0,0.0,0.0,0.0
12.3119,0.9982184812510686,0.05963031190755886,0.002013976760105046,0.00018299788833126,0.0,0.0,9.7668,0.0,1.0,1.0,0.0,0.0,0.0,0.0,0.0,0.0,0.0,0.0
12.3319,0.9982184812510686,0.05963031190755886,0.002013976760105046,0.00018299788833126,0.0,0.0,9.8096,0.0,1.0,1.0,0.0,0.0,0.0,0.0,0.0,0.0,0.0,0.0
12.352,0.9982183567616462,0.05963030447096735,0.002074975797441894,0.00018299786550934896,0.0,0.0,9.801,0.0,1.0,1.0,0.0,0.0,0.0,0.0,0.0,0.0,0.0,0.0
12.3721,0.9982184812510686,0.05963031190755886,0.002013976760105046,0.00018299788833126,0.0,0.0,9.7668,0.0,1.0,1.0,0.0,0.0,0.0,0.0,0.0,0.0,0.0,0.0
12.3921,0.9982184812510686,0.05963031190755886,0.002013976760105046,0.00018299788833126,0.0,0.0,9.767,0.0,1.0,1.0,0.0,0.0,0.0,0.0,0.0,0.0,0.0,0.0
12.4122,0.9982183567616462,0.05963030447096735,0.002074975797441894,0.00018299786550934896,0.0,0.0,9.805,0.0,1.0,1.0,0.0,0.0,0.0,0.0,0.0,0.0,0.0,0.0
12.4323,0.9982183567616462,0.05963030447096735,0.002074975797441894,0.00018299786550934896,0.0,0.0,9.8096,0.0,1.0,1.0,0.0,0.0,0.0,0.0,0.0,0.0,0.0,0.0
12.4523,0.9982184812510686,0.05963031190755886,0.002013976760105046,0.00018299788833126,0.0,0.0,9.8049,0.0,1.0,1.0,0.0,0.0,0.0,0.0,0.0,0.0,0.0,0.0
12.4724,0.9982184812510686,0.05963031190755886,0.002013976760105046,0.00018299788833126,0.0,0.0,9.8095,0.0,1.0,1.0,0.0,0.0,0.0,0.0,0.0,0.0,0.0,0.0
12.4925,0.9982147239987493,0.059691086528088064,0.002074968246093,0.0001829971995350177,0.0,0.0,9.8061,0.0,1.0,1.0,0.0,0.0,0.0,0.0,0.0,0.0,0.0,0.0
12.5126,0.9982183567616462,0.05963030447096735,0.002074975797441894,0.00018299786550934896,0.0,0.0,9.805,0.0,1.0,1.0,0.0,0.0,0.0,0.0,0.0,0.0,0.0,0.0
12.5327,0.9982184812510686,0.05963031190755886,0.002013976760105046,0.00018299788833126,0.0,0.0,9.8049,0.0,1.0,1.0,0.0,0.0,0.0,0.0,0.0,0.0,0.0,0.0
12.5528,0.9982184812510686,0.05963031190755886,0.002013976760105046,0.00018299788833126,0.0,0.0,9.8095,0.0,1.0,1.0,0.0,0.0,0.0,0.0,0.0,0.0,0.0,0.0
12.5728,0.9982184812510686,0.05963031190755886,0.002013976760105046,0.00018299788833126,0.0,0.0,9.805,0.0,1.0,1.0,0.0,0.0,0.0,0.0,0.0,0.0,0.0,0.0
12.5929,0.9982183567616462,0.05963030447096735,0.002074975797441894,0.00018299786550934896,0.0,0.0,9.8096,0.0,1.0,1.0,0.0,0.0,0.0,0.0,0.0,0.0,0.0,0.0
12.613,0.9982147332843576,0.05969108708334739,0.0020749682653948033,0.0001219981341581966,0.0,0.0,9.8061,0.0,1.0,1.0,0.0,0.0,0.0,0.0,0.0,0.0,0.0,0.0
12.633,0.9982147239987493,0.059691086528088064,0.002074968246093,0.0001829971995350177,0.0,0.0,9.7622,0.0,1.0,1.0,0.0,0.0,0.0,0.0,0.0,0.0,0.0,0.0
12.6531,0.9982148484868125,0.05969109397220562,0.0020139694307448677,0.00018299722235659566,0.0,0.0,9.8049,0.0,1.0,1.0,0.0,0.0,0.0,0.0,0.0,0.0,0.0,0.0
12.6732,0.9982147332843576,0.05969108708334739,0.0020749682653948033,0.0001219981341581966,0.0,0.0,9.805,0.0,1.0,1.0,0.0,0.0,0.0,0.0,0.0,0.0,0.0,0.0
12.6933,0.9982145957964906,0.05969107886186965,0.0021359670382790634,0.00018299717603226243,0.0,0.0,9.8096,0.0,1.0,1.0,0.0,0.0,0.0,0.0,0.0,0.0,0.0,0.0
12.7133,0.9982147332843576,0.05969108708334739,0.0020749682653948033,0.0001219981341581966,0.0,0.0,9.8095,0.0,1.0,1.0,0.0,0.0,0.0,0.0,0.0,0.0,0.0,0.0
12.7334,0.9982147239987493,0.059691086528088064,0.002074968246093,0.0001829971995350177,0.0,0.0,9.7622,0.0,1.0,1.0,0.0,0.0,0.0,0.0,0.0,0.0,0.0,0.0
12.7535,0.9982147239987493,0.059691086528088064,0.002074968246093,0.0001829971995350177,0.0,0.0,9.8061,0.0,1.0,1.0,0.0,0.0,0.0,0.0,0.0,0.0,0.0,0.0
12.7735,0.9982147239987493,0.059691086528088064,0.002074968246093,0.0001829971995350177,0.0,0.0,9.8049,0.0,1.0,1.0,0.0,0.0,0.0,0.0,0.0,0.0,0.0,0.0
12.7936,0.9982147239987493,0.059691086528088064,0.002074968246093,0.0001829971995350177,0.0,0.0,9.8095,0.0,1.0,1.0,0.0,0.0,0.0,0.0,0.0,0.0,0.0,0.0
12.8137,0.9982147239987493,0.059691086528088064,0.002074968246093,0.0001829971995350177,0.0,0.0,9.8095,0.0,1.0,1.0,0.0,0.0,0.0,0.0,0.0,0.0,0.0,0.0
12.8338,0.9982146050820955,0.059691079417128756,0.0021359670581482873,0.00012199811848973008,0.0,0.0,9.8438,0.0,1.0,1.0,0.0,0.0,0.0,0.0,0.0,0.0,0.0,0.0
12.8539,0.9982146050820955,0.059691079417128756,0.0021359670581482873,0.00012199811848973008,0.0,0.0,9.805,0.0,1.0,1.0,0.0,0.0,0.0,0.0,0.0,0.0,0.0,0.0
12.874,0.9982146050820955,0.059691079417128756,0.0021359670581482873,0.00012199811848973008,0.0,0.0,9.8096,0.0,1.0,1.0,0.0,0.0,0.0,0.0,0.0,0.0,0.0,0.0
12.8941,0.9982146050820955,0.059691079417128756,0.0021359670581482873,0.00012199811848973008,0.0,0.0,9.805,0.0,1.0,1.0,0.0,0.0,0.0,0.0,0.0,0.0,0.0,0.0
12.9142,0.9982145957964906,0.05969107886186965,0.0021359670382790634,0.00018299717603226243,0.0,0.0,9.8483,0.0,1.0,1.0,0.0,0.0,0.0,0.0,0.0,0.0,0.0,0.0
12.9342,0.998218237843694,0.05963029736719727,0.0021359748314858725,0.00012199856247246955,0.0,0.0,9.8049,0.0,1.0,1.0,0.0,0.0,0.0,0.0,0.0,0.0,0.0,0.0
12.9543,0.9982146050820955,0.059691079417128756,0.0021359670581482873,0.00012199811848973008,0.0,0.0,9.767,0.0,1.0,1.0,0.0,0.0,0.0,0.0,0.0,0.0,0.0,0.0
12.9744,0.9982182285579879,0.059630296812499504,0.0021359748116164326,0.00018299784200648261,0.0,0.0,9.8015,0.0,1.0,1.0,0.0,0.0,0.0,0.0,0.0,0.0,0.0,0.0
12.9945,0.9982182285579879,0.059630296812499504,0.0021359748116164326,0.00018299784200648261,0.0,0.0,9.8096,0.0,1.0,1.0,0.0,0.0,0.0,0.0,0.0,0.0,0.0,0.0
13.0146,0.9982182285579879,0.059630296812499504,0.0021359748116164326,0.00018299784200648261,0.0,0.0,9.8095,0.0,1.0,1.0,0.0,0.0,0.0,0.0,0.0,0.0,0.0,0.0
13.0347,0.998218237843694,0.05963029736719727,0.0021359748314858725,0.00012199856247246955,0.0,0.0,9.8049,0.0,1.0,1.0,0.0,0.0,0.0,0.0,0.0,0.0,0.0,0.0
13.0548,0.998218237843694,0.05963029736719727,0.0021359748314858725,0.00012199856247246955,0.0,0.0,9.8095,0.0,1.0,1.0,0.0,0.0,0.0,0.0,0.0,0.0,0.0,0.0
13.0748,0.9982181059258005,0.05963028948685315,0.0021969738223846136,0.00012199854634997732,0.0,0.0,9.8049,0.0,1.0,1.0,0.0,0.0,0.0,0.0,0.0,0.0,0.0,0.0
13.0949,0.9982218669306316,0.0595695146539953,0.002135982596960455,0.0001219990060061793,0.0,0.0,9.8049,0.0,1.0,1.0,0.0,0.0,0.0,0.0,0.0,0.0,0.0,0.0
13.115,0.9982218669306316,0.0595695146539953,0.002135982596960455,0.0001219990060061793,0.0,0.0,9.805,0.0,1.0,1.0,0.0,0.0,0.0,0.0,0.0,0.0,0.0,0.0
13.1351,0.9982217350112992,0.05956950678162656,0.0021969818096228624,0.00012199898988352054,0.0,0.0,9.8061,0.0,1.0,1.0,0.0,0.0,0.0,0.0,0.0,0.0,0.0,0.0
13.1552,0.9982217350112992,0.05956950678162656,0.0021969818096228624,0.00012199898988352054,0.0,0.0,9.8049,0.0,1.0,1.0,0.0,0.0,0.0,0.0,0.0,0.0,0.0,0.0
13.1753,0.9982254923427872,0.05950873127818932,0.0021359903545718002,0.00012199944909069284,0.0,0.0,9.8049,0.0,1.0,1.0,0.0,0.0,0.0,0.0,0.0,0.0,0.0,0.0
13.1954,0.9982254923427872,0.05950873127818932,0.0021359903545718002,0.00012199944909069284,0.0,0.0,9.8095,0.0,1.0,1.0,0.0,0.0,0.0,0.0,0.0,0.0,0.0,0.0
13.2154,0.9982254923427872,0.05950873127818932,0.0021359903545718002,0.00012199944909069284,0.0,0.0,9.8095,0.0,1.0,1.0,0.0,0.0,0.0,0.0,0.0,0.0,0.0,0.0
13.2355,0.9982254923427872,0.05950873127818932,0.0021359903545718002,0.00012199944909069284,0.0,0.0,9.8049,0.0,1.0,1.0,0.0,0.0,0.0,0.0,0.0,0.0,0.0,0.0
13.2556,0.9982254923427872,0.05950873127818932,0.0021359903545718002,0.00012199944909069284,0.0,0.0,9.8096,0.0,1.0,1.0,0.0,0.0,0.0,0.0,0.0,0.0,0.0,0.0
13.2757,0.9982254923427872,0.05950873127818932,0.0021359903545718002,0.00012199944909069284,0.0,0.0,9.8095,0.0,1.0,1.0,0.0,0.0,0.0,0.0,0.0,0.0,0.0,0.0
13.2958,0.9982254923427872,0.05950873127818932,0.0021359903545718002,0.00012199944909069284,0.0,0.0,9.8049,0.0,1.0,1.0,0.0,0.0,0.0,0.0,0.0,0.0,0.0,0.0
13.3159,0.9982291140800402,0.05944794724044582,0.002135998104319619,0.00012199989172612113,0.0,0.0,9.8096,0.0,1.0,1.0,0.0,0.0,0.0,0.0,0.0,0.0,0.0,0.0
13.3359,0.9982291140800402,0.05944794724044582,0.002135998104319619,0.00012199989172612113,0.0,0.0,9.8096,0.0,1.0,1.0,0.0,0.0,0.0,0.0,0.0,0.0,0.0,0.0
13.356,0.9982291140800402,0.05944794724044582,0.002135998104319619,0.00012199989172612113,0.0,0.0,9.8049,0.0,1.0,1.0,0.0,0.0,0.0,0.0,0.0,0.0,0.0,0.0
13.3761,0.9982291140800402,0.05944794724044582,0.002135998104319619,0.00012199989172612113,0.0,0.0,9.8095,0.0,1.0,1.0,0.0,0.0,0.0,0.0,0.0,0.0,0.0,0.0
13.3962,0.9982291140800402,0.05944794724044582,0.002135998104319619,0.00012199989172612113,0.0,0.0,9.8049,0.0,1.0,1.0,0.0,0.0,0.0,0.0,0.0,0.0,0.0,0.0
13.4163,0.9982291140800402,0.05944794724044582,0.002135998104319619,0.00012199989172612113,0.0,0.0,9.8095,0.0,1.0,1.0,0.0,0.0,0.0,0.0,0.0,0.0,0.0,0.0
13.4364,0.9982291140800402,0.05944794724044582,0.002135998104319619,0.00012199989172612113,0.0,0.0,9.805,0.0,1.0,1.0,0.0,0.0,0.0,0.0,0.0,0.0,0.0,0.0
13.4565,0.9982289821578347,0.05944793938402869,0.0021969977598356796,0.0001219998756031293,0.0,0.0,9.8403,0.0,1.0,1.0,0.0,0.0,0.0,0.0,0.0,0.0,0.0,0.0
13.4765,0.9982289821578347,0.05944793938402869,0.0021969977598356796,0.0001219998756031293,0.0,0.0,9.8095,0.0,1.0,1.0,0.0,0.0,0.0,0.0,0.0,0.0,0.0,0.0
13.4966,0.9982289821578347,0.05944793938402869,0.0021969977598356796,0.0001219998756031293,0.0,0.0,9.8095,0.0,1.0,1.0,0.0,0.0,0.0,0.0,0.0,0.0,0.0,0.0
13.5167,0.9982291140800402,0.05944794724044582,0.002135998104319619,0.00012199989172612113,0.0,0.0,9.8049,0.0,1.0,1.0,0.0,0.0,0.0,0.0,0.0,0.0,0.0,0.0
13.5368,0.9982291140800402,0.05944794724044582,0.002135998104319619,0.00012199989172612113,0.0,0.0,9.805,0.0,1.0,1.0,0.0,0.0,0.0,0.0,0.0,0.0,0.0,0.0
13.5569,0.99823260021863,0.059387154692990385,0.0021970057228097102,0.00012200031778919486,0.0,0.0,9.8061,0.0,1.0,1.0,0.0,0.0,0.0,0.0,0.0,0.0,0.0,0.0
13.577,0.9982327321422702,0.05938716254143134,0.00213600584620368,0.00012200033391235321,0.0,0.0,9.805,0.0,1.0,1.0,0.0,0.0,0.0,0.0,0.0,0.0,0.0,0.0
13.5972,0.9982327228561594,0.05938716198897923,0.002136005826333377,0.00018300049916625263,0.0,0.0,9.8049,0.0,1.0,1.0,0.0,0.0,0.0,0.0,0.0,0.0,0.0,0.0
13.6172,0.9982327228561594,0.05938716198897923,0.002136005826333377,0.00018300049916625263,0.0,0.0,9.8438,0.0,1.0,1.0,0.0,0.0,0.0,0.0,0.0,0.0,0.0,0.0
13.6373,0.9982327228561594,0.05938716198897923,0.002136005826333377,0.00018300049916625263,0.0,0.0,9.8096,0.0,1.0,1.0,0.0,0.0,0.0,0.0,0.0,0.0,0.0,0.0
13.6574,0.9982327228561594,0.05938716198897923,0.002136005826333377,0.00018300049916625263,0.0,0.0,9.8096,0.0,1.0,1.0,0.0,0.0,0.0,0.0,0.0,0.0,0.0,0.0
13.6775,0.9982327228561594,0.05938716198897923,0.002136005826333377,0.00018300049916625263,0.0,0.0,9.7624,0.0,1.0,1.0,0.0,0.0,0.0,0.0,0.0,0.0,0.0,0.0
13.6976,0.9982327228561594,0.05938716198897923,0.002136005826333377,0.00018300049916625263,0.0,0.0,9.8096,0.0,1.0,1.0,0.0,0.0,0.0,0.0,0.0,0.0,0.0,0.0
13.7178,0.9982328510654024,0.059387169616442165,0.002075005926450539,0.00018300052267006262,0.0,0.0,9.8095,0.0,1.0,1.0,0.0,0.0,0.0,0.0,0.0,0.0,0.0,0.0
13.7379,0.9982364654537805,0.05932638424963284,0.002075013439604704,0.00018300118527592169,0.0,0.0,9.8096,0.0,1.0,1.0,0.0,0.0,0.0,0.0,0.0,0.0,0.0,0.0
13.7579,0.9982364654537805,0.05932638424963284,0.002075013439604704,0.00018300118527592169,0.0,0.0,9.8437,0.0,1.0,1.0,0.0,0.0,0.0,0.0,0.0,0.0,0.0,0.0
13.778,0.9982364654537805,0.05932638424963284,0.002075013439604704,0.00018300118527592169,0.0,0.0,9.8049,0.0,1.0,1.0,0.0,0.0,0.0,0.0,0.0,0.0,0.0,0.0
13.7981,0.9982364654537805,0.05932638424963284,0.002075013439604704,0.00018300118527592169,0.0,0.0,9.8484,0.0,1.0,1.0,0.0,0.0,0.0,0.0,0.0,0.0,0.0,0.0
13.8181,0.9982364654537805,0.05932638424963284,0.002075013439604704,0.00018300118527592169,0.0,0.0,9.8096,0.0,1.0,1.0,0.0,0.0,0.0,0.0,0.0,0.0,0.0,0.0
13.8382,0.9982364654537805,0.05932638424963284,0.002075013439604704,0.00018300118527592169,0.0,0.0,9.8049,0.0,1.0,1.0,0.0,0.0,0.0,0.0,0.0,0.0,0.0,0.0
13.8583,0.9982364654537805,0.05932638424963284,0.002075013439604704,0.00018300118527592169,0.0,0.0,9.8483,0.0,1.0,1.0,0.0,0.0,0.0,0.0,0.0,0.0,0.0,0.0
13.8784,0.9982364654537805,0.05932638424963284,0.002075013439604704,0.00018300118527592169,0.0,0.0,9.8096,0.0,1.0,1.0,0.0,0.0,0.0,0.0,0.0,0.0,0.0,0.0
13.8984,0.9982364654537805,0.05932638424963284,0.002075013439604704,0.00018300118527592169,0.0,0.0,9.805,0.0,1.0,1.0,0.0,0.0,0.0,0.0,0.0,0.0,0.0,0.0
13.9185,0.9982364654537805,0.05932638424963284,0.002075013439604704,0.00018300118527592169,0.0,0.0,9.8105,0.0,1.0,1.0,0.0,0.0,0.0,0.0,0.0,0.0,0.0,0.0
13.9386,0.9982364654537805,0.05932638424963284,0.002075013439604704,0.00018300118527592169,0.0,0.0,9.8096,0.0,1.0,1.0,0.0,0.0,0.0,0.0,0.0,0.0,0.0,0.0
13.9587,0.9982364654537805,0.05932638424963284,0.002075013439604704,0.00018300118527592169,0.0,0.0,9.805,0.0,1.0,1.0,0.0,0.0,0.0,0.0,0.0,0.0,0.0,0.0
13.9787,0.9982364654537805,0.05932638424963284,0.002075013439604704,0.00018300118527592169,0.0,0.0,9.8437,0.0,1.0,1.0,0.0,0.0,0.0,0.0,0.0,0.0,0.0,0.0
13.9988,0.9982364654537805,0.05932638424963284,0.002075013439604704,0.00018300118527592169,0.0,0.0,9.8095,0.0,1.0,1.0,0.0,0.0,0.0,0.0,0.0,0.0,0.0,0.0
14.0189,0.9982328510654024,0.059387169616442165,0.002075005926450539,0.00018300052267006262,0.0,0.0,9.8438,0.0,1.0,1.0,0.0,0.0,0.0,0.0,0.0,0.0,0.0,0.0
14.0389,0.9982328510654024,0.059387169616442165,0.002075005926450539,0.00018300052267006262,0.0,0.0,9.8096,0.0,1.0,1.0,0.0,0.0,0.0,0.0,0.0,0.0,0.0,0.0
14.059,0.9982328510654024,0.059387169616442165,0.002075005926450539,0.00018300052267006262,0.0,0.0,9.7668,0.0,1.0,1.0,0.0,0.0,0.0,0.0,0.0,0.0,0.0,0.0
14.079,0.9982328510654024,0.059387169616442165,0.002075005926450539,0.00018300052267006262,0.0,0.0,9.8049,0.0,1.0,1.0,0.0,0.0,0.0,0.0,0.0,0.0,0.0,0.0
14.0991,0.9982328510654024,0.059387169616442165,0.002075005926450539,0.00018300052267006262,0.0,0.0,9.8049,0.0,1.0,1.0,0.0,0.0,0.0,0.0,0.0,0.0,0.0,0.0
14.1192,0.9982328510654024,0.059387169616442165,0.002075005926450539,0.00018300052267006262,0.0,0.0,9.8049,0.0,1.0,1.0,0.0,0.0,0.0,0.0,0.0,0.0,0.0,0.0
14.1392,0.9982328510654024,0.059387169616442165,0.002075005926450539,0.00018300052267006262,0.0,0.0,9.8438,0.0,1.0,1.0,0.0,0.0,0.0,0.0,0.0,0.0,0.0,0.0
14.1593,0.9982328510654024,0.059387169616442165,0.002075005926450539,0.00018300052267006262,0.0,0.0,9.8096,0.0,1.0,1.0,0.0,0.0,0.0,0.0,0.0,0.0,0.0,0.0
14.1794,0.9982328510654024,0.059387169616442165,0.002075005926450539,0.00018300052267006262,0.0,0.0,9.8105,0.0,1.0,1.0,0.0,0.0,0.0,0.0,0.0,0.0,0.0,0.0
14.1994,0.9982328510654024,0.059387169616442165,0.002075005926450539,0.00018300052267006262,0.0,0.0,9.805,0.0,1.0,1.0,0.0,0.0,0.0,0.0,0.0,0.0,0.0,0.0
14.2195,0.9982328510654024,0.059387169616442165,0.002075005926450539,0.00018300052267006262,0.0,0.0,9.8095,0.0,1.0,1.0,0.0,0.0,0.0,0.0,0.0,0.0,0.0,0.0
14.2396,0.9982328510654024,0.059387169616442165,0.002075005926450539,0.00018300052267006262,0.0,0.0,9.8095,0.0,1.0,1.0,0.0,0.0,0.0,0.0,0.0,0.0,0.0,0.0
14.2596,0.9982328510654024,0.059387169616442165,0.002075005926450539,0.00018300052267006262,0.0,0.0,9.8095,0.0,1.0,1.0,0.0,0.0,0.0,0.0,0.0,0.0,0.0,0.0
14.2797,0.9982328510654024,0.059387169616442165,0.002075005926450539,0.00018300052267006262,0.0,0.0,9.8095,0.0,1.0,1.0,0.0,0.0,0.0,0.0,0.0,0.0,0.0,0.0
14.2998,0.9982328510654024,0.059387169616442165,0.002075005926450539,0.00018300052267006262,0.0,0.0,9.805,0.0,1.0,1.0,0.0,0.0,0.0,0.0,0.0,0.0,0.0,0.0
14.3199,0.9982328510654024,0.059387169616442165,0.002075005926450539,0.00018300052267006262,0.0,0.0,9.7624,0.0,1.0,1.0,0.0,0.0,0.0,0.0,0.0,0.0,0.0,0.0
14.3399,0.9982328510654024,0.059387169616442165,0.002075005926450539,0.00018300052267006262,0.0,0.0,9.805,0.0,1.0,1.0,0.0,0.0,0.0,0.0,0.0,0.0,0.0,0.0
14.36,0.9982328510654024,0.059387169616442165,0.002075005926450539,0.00018300052267006262,0.0,0.0,9.8437,0.0,1.0,1.0,0.0,0.0,0.0,0.0,0.0,0.0,0.0,0.0
14.3801,0.9982328510654024,0.059387169616442165,0.002075005926450539,0.00018300052267006262,0.0,0.0,9.8095,0.0,1.0,1.0,0.0,0.0,0.0,0.0,0.0,0.0,0.0,0.0
14.4002,0.9982328510654024,0.059387169616442165,0.002075005926450539,0.00018300052267006262,0.0,0.0,9.7622,0.0,1.0,1.0,0.0,0.0,0.0,0.0,0.0,0.0,0.0,0.0
14.4202,0.9982328510654024,0.059387169616442165,0.002075005926450539,0.00018300052267006262,0.0,0.0,9.805,0.0,1.0,1.0,0.0,0.0,0.0,0.0,0.0,0.0,0.0,0.0
14.4403,0.9982328510654024,0.059387169616442165,0.002075005926450539,0.00018300052267006262,0.0,0.0,9.7583,0.0,1.0,1.0,0.0,0.0,0.0,0.0,0.0,0.0,0.0,0.0
14.4604,0.9982328510654024,0.059387169616442165,0.002075005926450539,0.00018300052267006262,0.0,0.0,9.7668,0.0,1.0,1.0,0.0,0.0,0.0,0.0,0.0,0.0,0.0,0.0
14.4805,0.9982328510654024,0.059387169616442165,0.002075005926450539,0.00018300052267006262,0.0,0.0,9.8049,0.0,1.0,1.0,0.0,0.0,0.0,0.0,0.0,0.0,0.0,0.0
14.5006,0.9982364654537805,0.05932638424963284,0.002075013439604704,0.00018300118527592169,0.0,0.0,9.8096,0.0,1.0,1.0,0.0,0.0,0.0,0.0,0.0,0.0,0.0,0.0
14.5206,0.9982365899499781,0.059326391648590396,0.0020140132956926425,0.00018300120809916498,0.0,0.0,9.8061,0.0,1.0,1.0,0.0,0.0,0.0,0.0,0.0,0.0,0.0,0.0
14.5407,0.9982365899499781,0.059326391648590396,0.0020140132956926425,0.00018300120809916498,0.0,0.0,9.8449,0.0,1.0,1.0,0.0,0.0,0.0,0.0,0.0,0.0,0.0,0.0
14.5608,0.9982365899499781,0.059326391648590396,0.0020140132956926425,0.00018300120809916498,0.0,0.0,9.8049,0.0,1.0,1.0,0.0,0.0,0.0,0.0,0.0,0.0,0.0,0.0
14.5808,0.9982365899499781,0.059326391648590396,0.0020140132956926425,0.00018300120809916498,0.0,0.0,9.7622,0.0,1.0,1.0,0.0,0.0,0.0,0.0,0.0,0.0,0.0,0.0
14.6009,0.9982365899499781,0.059326391648590396,0.0020140132956926425,0.00018300120809916498,0.0,0.0,9.8095,0.0,1.0,1.0,0.0,0.0,0.0,0.0,0.0,0.0,0.0,0.0
14.621,0.9982364747399957,0.05932638480152368,0.0020750134589077665,0.00012200079131885477,0.0,0.0,9.805,0.0,1.0,1.0,0.0,0.0,0.0,0.0,0.0,0.0,0.0,0.0
14.641,0.9982363465293563,0.059326377181812405,0.002136013580223709,0.00012200077564950008,0.0,0.0,9.8065,0.0,1.0,1.0,0.0,0.0,0.0,0.0,0.0,0.0,0.0,0.0
14.6611,0.9982363465293563,0.059326377181812405,0.002136013580223709,0.00012200077564950008,0.0,0.0,9.8483,0.0,1.0,1.0,0.0,0.0,0.0,0.0,0.0,0.0,0.0,0.0
14.6812,0.9982364747399957,0.05932638480152368,0.0020750134589077665,0.00012200079131885477,0.0,0.0,9.8049,0.0,1.0,1.0,0.0,0.0,0.0,0.0,0.0,0.0,0.0,0.0
14.7013,0.9982364747399957,0.05932638480152368,0.0020750134589077665,0.00012200079131885477,0.0,0.0,9.8015,0.0,1.0,1.0,0.0,0.0,0.0,0.0,0.0,0.0,0.0,0.0
14.7213,0.9982402099507612,0.059265606165645066,0.0020140205993016067,0.000122001247822634,0.0,0.0,9.8437,0.0,1.0,1.0,0.0,0.0,0.0,0.0,0.0,0.0,0.0,0.0
14.7414,0.9982365899499781,0.059326391648590396,0.0020140132956926425,0.00018300120809916498,0.0,0.0,9.8049,0.0,1.0,1.0,0.0,0.0,0.0,0.0,0.0,0.0,0.0,0.0
14.7615,0.9982402006644419,0.059265605614315486,0.002014020580565802,0.00018300187003156276,0.0,0.0,9.8437,0.0,1.0,1.0,0.0,0.0,0.0,0.0,0.0,0.0,0.0,0.0
14.7815,0.9982402099507612,0.059265606165645066,0.0020140205993016067,0.000122001247822634,0.0,0.0,9.8096,0.0,1.0,1.0,0.0,0.0,0.0,0.0,0.0,0.0,0.0,0.0
14.8016,0.9982402099507612,0.059265606165645066,0.0020140205993016067,0.000122001247822634,0.0,0.0,9.8096,0.0,1.0,1.0,0.0,0.0,0.0,0.0,0.0,0.0,0.0,0.0
14.8217,0.9982402099507612,0.059265606165645066,0.0020140205993016067,0.000122001247822634,0.0,0.0,9.8437,0.0,1.0,1.0,0.0,0.0,0.0,0.0,0.0,0.0,0.0,0.0
14.8417,0.9982402006644419,0.059265605614315486,0.002014020580565802,0.00018300187003156276,0.0,0.0,9.8049,0.0,1.0,1.0,0.0,0.0,0.0,0.0,0.0,0.0,0.0,0.0
14.8618,0.9982400761668933,0.05926559822288543,0.0020750209451191777,0.0001830018472080419,0.0,0.0,9.8147,0.0,1.0,1.0,0.0,0.0,0.0,0.0,0.0,0.0,0.0,0.0
14.8819,0.9982402006644419,0.059265605614315486,0.002014020580565802,0.00018300187003156276,0.0,0.0,9.8095,0.0,1.0,1.0,0.0,0.0,0.0,0.0,0.0,0.0,0.0,0.0
14.9019,0.9982402006644419,0.059265605614315486,0.002014020580565802,0.00018300187003156276,0.0,0.0,9.8049,0.0,1.0,1.0,0.0,0.0,0.0,0.0,0.0,0.0,0.0,0.0
14.922,0.998240321447508,0.059265612785216394,0.0019530201935295394,0.0001830018921740173,0.0,0.0,9.767,0.0,1.0,1.0,0.0,0.0,0.0,0.0,0.0,0.0,0.0,0.0
14.9421,0.9982402006644419,0.059265605614315486,0.002014020580565802,0.00018300187003156276,0.0,0.0,9.7668,0.0,1.0,1.0,0.0,0.0,0.0,0.0,0.0,0.0,0.0,0.0
14.9621,0.998240321447508,0.059265612785216394,0.0019530201935295394,0.0001830018921740173,0.0,0.0,9.8049,0.0,1.0,1.0,0.0,0.0,0.0,0.0,0.0,0.0,0.0,0.0
14.9822,0.9982402006644419,0.059265605614315486,0.002014020580565802,0.00018300187003156276,0.0,0.0,9.8015,0.0,1.0,1.0,0.0,0.0,0.0,0.0,0.0,0.0,0.0,0.0
15.0023,0.9982402006644419,0.059265605614315486,0.002014020580565802,0.00018300187003156276,0.0,0.0,9.8095,0.0,1.0,1.0,0.0,0.0,0.0,0.0,0.0,0.0,0.0,0.0
15.0224,0.9982402006644419,0.059265605614315486,0.002014020580565802,0.00018300187003156276,0.0,0.0,9.8049,0.0,1.0,1.0,0.0,0.0,0.0,0.0,0.0,0.0,0.0,0.0
15.0425,0.9982400761668933,0.05926559822288543,0.0020750209451191777,0.0001830018472080419,0.0,0.0,9.8061,0.0,1.0,1.0,0.0,0.0,0.0,0.0,0.0,0.0,0.0,0.0
15.0625,0.9982402006644419,0.059265605614315486,0.002014020580565802,0.00018300187003156276,0.0,0.0,9.767,0.0,1.0,1.0,0.0,0.0,0.0,0.0,0.0,0.0,0.0,0.0
15.0826,0.9982438077035187,0.059204818920768884,0.0020140278580235912,0.0001830025312901662,0.0,0.0,9.8099,0.0,1.0,1.0,0.0,0.0,0.0,0.0,0.0,0.0,0.0,0.0
15.1026,0.9982400761668933,0.05926559822288543,0.0020750209451191777,0.0001830018472080419,0.0,0.0,9.8019,0.0,1.0,1.0,0.0,0.0,0.0,0.0,0.0,0.0,0.0,0.0
15.1227,0.9982399479548663,0.0592655906109265,0.0021360212865087283,0.00018300182370362128,0.0,0.0,9.7676,0.0,1.0,1.0,0.0,0.0,0.0,0.0,0.0,0.0,0.0,0.0
15.1428,0.9982399479548663,0.0592655906109265,0.0021360212865087283,0.00018300182370362128,0.0,0.0,9.8104,0.0,1.0,1.0,0.0,0.0,0.0,0.0,0.0,0.0,0.0,0.0
15.1628,0.9982399479548663,0.0592655906109265,0.0021360212865087283,0.00018300182370362128,0.0,0.0,9.8104,0.0,1.0,1.0,0.0,0.0,0.0,0.0,0.0,0.0,0.0,0.0
15.1829,0.9982400761668933,0.05926559822288543,0.0020750209451191777,0.0001830018472080419,0.0,0.0,9.8095,0.0,1.0,1.0,0.0,0.0,0.0,0.0,0.0,0.0,0.0,0.0
15.203,0.9982399479548663,0.0592655906109265,0.0021360212865087283,0.00018300182370362128,0.0,0.0,9.805,0.0,1.0,1.0,0.0,0.0,0.0,0.0,0.0,0.0,0.0,0.0
15.223,0.9982399479548663,0.0592655906109265,0.0021360212865087283,0.00018300182370362128,0.0,0.0,9.8008,0.0,1.0,1.0,0.0,0.0,0.0,0.0,0.0,0.0,0.0,0.0
15.2431,0.9982399479548663,0.0592655906109265,0.0021360212865087283,0.00018300182370362128,0.0,0.0,9.8104,0.0,1.0,1.0,0.0,0.0,0.0,0.0,0.0,0.0,0.0,0.0
15.2632,0.9982398160283654,0.05926558277843891,0.0021970216040535055,0.00018300179951824536,0.0,0.0,9.8453,0.0,1.0,1.0,0.0,0.0,0.0,0.0,0.0,0.0,0.0,0.0
15.2832,0.9982398160283654,0.05926558277843891,0.0021970216040535055,0.00018300179951824536,0.0,0.0,9.8049,0.0,1.0,1.0,0.0,0.0,0.0,0.0,0.0,0.0,0.0,0.0
15.3033,0.9982363372431449,0.05932637662992177,0.002136013560353197,0.00018300116177183412,0.0,0.0,9.7622,0.0,1.0,1.0,0.0,0.0,0.0,0.0,0.0,0.0,0.0,0.0
15.3234,0.9982362053180754,0.05932636878945748,0.002197013657257174,0.00018300113758673578,0.0,0.0,9.8147,0.0,1.0,1.0,0.0,0.0,0.0,0.0,0.0,0.0,0.0,0.0
15.3434,0.9982360696785767,0.05932636072824023,0.0022580137296356953,0.0001830011127207376,0.0,0.0,9.8049,0.0,1.0,1.0,0.0,0.0,0.0,0.0,0.0,0.0,0.0,0.0
15.3635,0.9982396803873949,0.05926557472542295,0.002258021897072565,0.0001830017746520807,0.0,0.0,9.7583,0.0,1.0,1.0,0.0,0.0,0.0,0.0,0.0,0.0,0.0,0.0
15.3836,0.9982360696785767,0.05932636072824023,0.0022580137296356953,0.0001830011127207376,0.0,0.0,9.8061,0.0,1.0,1.0,0.0,0.0,0.0,0.0,0.0,0.0,0.0,0.0
15.4036,0.9982360696785767,0.05932636072824023,0.0022580137296356953,0.0001830011127207376,0.0,0.0,9.7622,0.0,1.0,1.0,0.0,0.0,0.0,0.0,0.0,0.0,0.0,0.0
15.4237,0.9982362053180754,0.05932636878945748,0.002197013657257174,0.00018300113758673578,0.0,0.0,9.8095,0.0,1.0,1.0,0.0,0.0,0.0,0.0,0.0,0.0,0.0,0.0
15.4438,0.9982360566778914,0.059326359955593974,0.0022580137002280905,0.00024400148044984027,0.0,0.0,9.8015,0.0,1.0,1.0,0.0,0.0,0.0,0.0,0.0,0.0,0.0,0.0
15.4639,0.9982360566778914,0.059326359955593974,0.0022580137002280905,0.00024400148044984027,0.0,0.0,9.805,0.0,1.0,1.0,0.0,0.0,0.0,0.0,0.0,0.0,0.0,0.0
15.4839,0.9982360566778914,0.059326359955593974,0.0022580137002280905,0.00024400148044984027,0.0,0.0,9.8095,0.0,1.0,1.0,0.0,0.0,0.0,0.0,0.0,0.0,0.0,0.0
15.5041,0.9982360566778914,0.059326359955593974,0.0022580137002280905,0.00024400148044984027,0.0,0.0,9.7668,0.0,1.0,1.0,0.0,0.0,0.0,0.0,0.0,0.0,0.0,0.0
15.5241,0.9982361923173848,0.05932636801681092,0.0021970136286440026,0.000244001513604597,0.0,0.0,9.7622,0.0,1.0,1.0,0.0,0.0,0.0,0.0,0.0,0.0,0.0,0.0
15.5442,0.9982361923173848,0.05932636801681092,0.0021970136286440026,0.000244001513604597,0.0,0.0,9.805,0.0,1.0,1.0,0.0,0.0,0.0,0.0,0.0,0.0,0.0,0.0
15.5643,0.9982360566778914,0.059326359955593974,0.0022580137002280905,0.00024400148044984027,0.0,0.0,9.7583,0.0,1.0,1.0,0.0,0.0,0.0,0.0,0.0,0.0,0.0,0.0
15.5843,0.9982360566778914,0.059326359955593974,0.0022580137002280905,0.00024400148044984027,0.0,0.0,9.7668,0.0,1.0,1.0,0.0,0.0,0.0,0.0,0.0,0.0,0.0,0.0
15.6044,0.9982361923173848,0.05932636801681092,0.0021970136286440026,0.000244001513604597,0.0,0.0,9.8049,0.0,1.0,1.0,0.0,0.0,0.0,0.0,0.0,0.0,0.0,0.0
15.6245,0.9982361923173848,0.05932636801681092,0.0021970136286440026,0.000244001513604597,0.0,0.0,9.8437,0.0,1.0,1.0,0.0,0.0,0.0,0.0,0.0,0.0,0.0,0.0
15.6445,0.9982360566778914,0.059326359955593974,0.0022580137002280905,0.00024400148044984027,0.0,0.0,9.8061,0.0,1.0,1.0,0.0,0.0,0.0,0.0,0.0,0.0,0.0,0.0
15.6646,0.9982360696785767,0.05932636072824023,0.0022580137296356953,0.0001830011127207376,0.0,0.0,9.8449,0.0,1.0,1.0,0.0,0.0,0.0,0.0,0.0,0.0,0.0,0.0
15.6847,0.9982362053180754,0.05932636878945748,0.002197013657257174,0.00018300113758673578,0.0,0.0,9.8483,0.0,1.0,1.0,0.0,0.0,0.0,0.0,0.0,0.0,0.0,0.0
15.7047,0.9982361923173848,0.05932636801681092,0.0021970136286440026,0.000244001513604597,0.0,0.0,9.8095,0.0,1.0,1.0,0.0,0.0,0.0,0.0,0.0,0.0,0.0,0.0
15.7248,0.998236324242449,0.059326375857274904,0.0021360135325344635,0.0002440015458513023,0.0,0.0,9.8049,0.0,1.0,1.0,0.0,0.0,0.0,0.0,0.0,0.0,0.0,0.0
15.7449,0.998236324242449,0.059326375857274904,0.0021360135325344635,0.0002440015458513023,0.0,0.0,9.805,0.0,1.0,1.0,0.0,0.0,0.0,0.0,0.0,0.0,0.0,0.0
15.765,0.9982361923173848,0.05932636801681092,0.0021970136286440026,0.000244001513604597,0.0,0.0,9.8065,0.0,1.0,1.0,0.0,0.0,0.0,0.0,0.0,0.0,0.0,0.0
15.785,0.9982361923173848,0.05932636801681092,0.0021970136286440026,0.000244001513604597,0.0,0.0,9.8096,0.0,1.0,1.0,0.0,0.0,0.0,0.0,0.0,0.0,0.0,0.0
15.8051,0.998236324242449,0.059326375857274904,0.0021360135325344635,0.0002440015458513023,0.0,0.0,9.8483,0.0,1.0,1.0,0.0,0.0,0.0,0.0,0.0,0.0,0.0,0.0
15.8252,0.9982398030275337,0.05926558200657843,0.002197021575440033,0.00024400239617988762,0.0,0.0,9.8096,0.0,1.0,1.0,0.0,0.0,0.0,0.0,0.0,0.0,0.0,0.0
15.8453,0.9982398030275337,0.05926558200657843,0.002197021575440033,0.00024400239617988762,0.0,0.0,9.8438,0.0,1.0,1.0,0.0,0.0,0.0,0.0,0.0,0.0,0.0,0.0
15.8653,0.9982398030275337,0.05926558200657843,0.002197021575440033,0.00024400239617988762,0.0,0.0,9.8095,0.0,1.0,1.0,0.0,0.0,0.0,0.0,0.0,0.0,0.0,0.0
15.8854,0.9982361923173848,0.05932636801681092,0.0021970136286440026,0.000244001513604597,0.0,0.0,9.8095,0.0,1.0,1.0,0.0,0.0,0.0,0.0,0.0,0.0,0.0,0.0
15.9055,0.9982396673865684,0.05926557395356279,0.0022580218676646513,0.00024400236302490888,0.0,0.0,9.8096,0.0,1.0,1.0,0.0,0.0,0.0,0.0,0.0,0.0,0.0,0.0
15.9255,0.9982396673865684,0.05926557395356279,0.0022580218676646513,0.00024400236302490888,0.0,0.0,9.7582,0.0,1.0,1.0,0.0,0.0,0.0,0.0,0.0,0.0,0.0,0.0
15.9456,0.9982396673865684,0.05926557395356279,0.0022580218676646513,0.00024400236302490888,0.0,0.0,9.805,0.0,1.0,1.0,0.0,0.0,0.0,0.0,0.0,0.0,0.0,0.0
15.9663,0.9982396673865684,0.05926557395356279,0.0022580218676646513,0.00024400236302490888,0.0,0.0,9.805,0.0,3.0,1.0,0.0,0.0,0.0,0.0,0.0,0.0,0.0,0.0
15.9864,0.9982396673865684,0.05926557395356279,0.0022580218676646513,0.00024400236302490888,0.0,0.0,9.7668,0.0,3.0,1.0,0.0,0.0,0.0,0.0,0.0,0.0,0.0,0.0
16.0065,0.9982396673865684,0.05926557395356279,0.0022580218676646513,0.00024400236302490888,0.0,0.0,9.8437,0.0,3.0,1.0,0.0,0.0,0.0,0.0,0.0,0.0,0.0,0.0
16.0266,0.9982396673865684,0.05926557395356279,0.0022580218676646513,0.00024400236302490888,0.0,0.0,9.8438,0.0,3.0,1.0,0.0,0.0,0.0,0.0,0.0,0.0,0.0,0.0
16.0466,0.9982396673865684,0.05926557395356279,0.0022580218676646513,0.00024400236302490888,0.0,0.0,9.805,0.0,3.0,1.0,0.0,0.0,0.0,0.0,0.0,0.0,0.0,0.0
16.0667,0.9982396673865684,0.05926557395356279,0.0022580218676646513,0.00024400236302490888,0.0,0.0,9.8096,0.0,3.0,1.0,0.0,0.0,0.0,0.0,0.0,0.0,0.0,0.0
16.0868,0.9982398160283654,0.05926558277843891,0.0021970216040535055,0.00018300179951824536,0.0,0.0,9.8484,0.0,3.0,1.0,0.0,0.0,0.0,0.0,0.0,0.0,0.0,0.0
16.1068,0.9982398160283654,0.05926558277843891,0.0021970216040535055,0.00018300179951824536,0.0,0.0,9.8049,0.0,3.0,1.0,0.0,0.0,0.0,0.0,0.0,0.0,0.0,0.0
16.1269,0.9982398160283654,0.05926558277843891,0.0021970216040535055,0.00018300179951824536,0.0,0.0,9.8095,0.0,3.0,1.0,0.0,0.0,0.0,0.0,0.0,0.0,0.0,0.0
16.147,0.9982398160283654,0.05926558277843891,0.0021970216040535055,0.00018300179951824536,0.0,0.0,9.8484,0.0,3.0,1.0,0.0,0.0,0.0,0.0,0.0,0.0,0.0,0.0
16.167,0.9982398160283654,0.05926558277843891,0.0021970216040535055,0.00018300179951824536,0.0,0.0,9.8049,0.0,3.0,1.0,0.0,0.0,0.0,0.0,0.0,0.0,0.0,0.0
16.1871,0.9982398160283654,0.05926558277843891,0.0021970216040535055,0.00018300179951824536,0.0,0.0,9.8095,0.0,3.0,1.0,0.0,0.0,0.0,0.0,0.0,0.0,0.0,0.0
16.2072,0.9982398160283654,0.05926558277843891,0.0021970216040535055,0.00018300179951824536,0.0,0.0,9.8096,0.0,3.0,1.0,0.0,0.0,0.0,0.0,0.0,0.0,0.0,0.0
16.2272,0.9982398160283654,0.05926558277843891,0.0021970216040535055,0.00018300179951824536,0.0,0.0,9.8096,0.0,3.0,1.0,0.0,0.0,0.0,0.0,0.0,0.0,0.0,0.0
16.2473,0.9982398160283654,0.05926558277843891,0.0021970216040535055,0.00018300179951824536,0.0,0.0,9.7668,0.0,3.0,1.0,0.0,0.0,0.0,0.0,0.0,0.0,0.0,0.0
16.2674,0.9982398160283654,0.05926558277843891,0.0021970216040535055,0.00018300179951824536,0.0,0.0,9.8095,0.0,3.0,1.0,0.0,0.0,0.0,0.0,0.0,0.0,0.0,0.0
16.2874,0.9982398160283654,0.05926558277843891,0.0021970216040535055,0.00018300179951824536,0.0,0.0,9.8049,0.0,3.0,1.0,0.0,0.0,0.0,0.0,0.0,0.0,0.0,0.0
16.3075,0.9982398160283654,0.05926558277843891,0.0021970216040535055,0.00018300179951824536,0.0,0.0,9.8096,0.0,3.0,1.0,0.0,0.0,0.0,0.0,0.0,0.0,0.0,0.0
16.3276,0.9982398160283654,0.05926558277843891,0.0021970216040535055,0.00018300179951824536,0.0,0.0,9.8095,0.0,3.0,1.0,0.0,0.0,0.0,0.0,0.0,0.0,0.0,0.0
16.3477,0.9982398160283654,0.05926558277843891,0.0021970216040535055,0.00018300179951824536,0.0,0.0,9.8095,0.0,3.0,1.0,0.0,0.0,0.0,0.0,0.0,0.0,0.0,0.0
16.3677,0.9982399479548663,0.0592655906109265,0.0021360212865087283,0.00018300182370362128,0.0,0.0,9.8049,0.0,3.0,1.0,0.0,0.0,0.0,0.0,0.0,0.0,0.0,0.0
16.3878,0.9982399479548663,0.0592655906109265,0.0021360212865087283,0.00018300182370362128,0.0,0.0,9.8096,0.0,3.0,1.0,0.0,0.0,0.0,0.0,0.0,0.0,0.0,0.0
16.4079,0.9982399479548663,0.0592655906109265,0.0021360212865087283,0.00018300182370362128,0.0,0.0,9.8049,0.0,3.0,1.0,0.0,0.0,0.0,0.0,0.0,0.0,0.0,0.0
16.4279,0.9982399479548663,0.0592655906109265,0.0021360212865087283,0.00018300182370362128,0.0,0.0,9.805,0.0,3.0,1.0,0.0,0.0,0.0,0.0,0.0,0.0,0.0,0.0
16.448,0.9982399479548663,0.0592655906109265,0.0021360212865087283,0.00018300182370362128,0.0,0.0,9.8449,0.0,3.0,1.0,0.0,0.0,0.0,0.0,0.0,0.0,0.0,0.0
16.4681,0.9982399479548663,0.0592655906109265,0.0021360212865087283,0.00018300182370362128,0.0,0.0,9.8095,0.0,3.0,1.0,0.0,0.0,0.0,0.0,0.0,0.0,0.0,0.0
16.4881,0.9982363372431449,0.05932637662992177,0.002136013560353197,0.00018300116177183412,0.0,0.0,9.8049,0.0,3.0,1.0,0.0,0.0,0.0,0.0,0.0,0.0,0.0,0.0
16.5082,0.9982363372431449,0.05932637662992177,0.002136013560353197,0.00018300116177183412,0.0,0.0,9.8437,0.0,3.0,1.0,0.0,0.0,0.0,0.0,0.0,0.0,0.0,0.0
16.5283,0.9982363372431449,0.05932637662992177,0.002136013560353197,0.00018300116177183412,0.0,0.0,9.805,0.0,3.0,1.0,0.0,0.0,0.0,0.0,0.0,0.0,0.0,0.0
16.5484,0.9982363372431449,0.05932637662992177,0.002136013560353197,0.00018300116177183412,0.0,0.0,9.8484,0.0,3.0,1.0,0.0,0.0,0.0,0.0,0.0,0.0,0.0,0.0
16.5685,0.9982363372431449,0.05932637662992177,0.002136013560353197,0.00018300116177183412,0.0,0.0,9.8096,0.0,3.0,1.0,0.0,0.0,0.0,0.0,0.0,0.0,0.0,0.0
16.5885,0.9982363372431449,0.05932637662992177,0.002136013560353197,0.00018300116177183412,0.0,0.0,9.8483,0.0,3.0,1.0,0.0,0.0,0.0,0.0,0.0,0.0,0.0,0.0
16.6086,0.9982363372431449,0.05932637662992177,0.002136013560353197,0.00018300116177183412,0.0,0.0,9.8095,0.0,3.0,1.0,0.0,0.0,0.0,0.0,0.0,0.0,0.0,0.0
16.6287,0.9982363372431449,0.05932637662992177,0.002136013560353197,0.00018300116177183412,0.0,0.0,9.805,0.0,3.0,1.0,0.0,0.0,0.0,0.0,0.0,0.0,0.0,0.0
16.6487,0.9982364654537805,0.05932638424963284,0.002075013439604704,0.00018300118527592169,0.0,0.0,9.8095,0.0,3.0,1.0,0.0,0.0,0.0,0.0,0.0,0.0,0.0,0.0
16.6688,0.9982364654537805,0.05932638424963284,0.002075013439604704,0.00018300118527592169,0.0,0.0,9.8095,0.0,3.0,1.0,0.0,0.0,0.0,0.0,0.0,0.0,0.0,0.0
16.6889,0.9982364654537805,0.05932638424963284,0.002075013439604704,0.00018300118527592169,0.0,0.0,9.8096,0.0,3.0,1.0,0.0,0.0,0.0,0.0,0.0,0.0,0.0,0.0
16.7089,0.9982364654537805,0.05932638424963284,0.002075013439604704,0.00018300118527592169,0.0,0.0,9.8449,0.0,3.0,1.0,0.0,0.0,0.0,0.0,0.0,0.0,0.0,0.0
16.729,0.9982364654537805,0.05932638424963284,0.002075013439604704,0.00018300118527592169,0.0,0.0,9.8484,0.0,3.0,1.0,0.0,0.0,0.0,0.0,0.0,0.0,0.0,0.0
16.7491,0.9982364654537805,0.05932638424963284,0.002075013439604704,0.00018300118527592169,0.0,0.0,9.8095,0.0,3.0,1.0,0.0,0.0,0.0,0.0,0.0,0.0,0.0,0.0
16.7692,0.9982364654537805,0.05932638424963284,0.002075013439604704,0.00018300118527592169,0.0,0.0,9.8049,0.0,3.0,1.0,0.0,0.0,0.0,0.0,0.0,0.0,0.0,0.0
16.7892,0.9982364654537805,0.05932638424963284,0.002075013439604704,0.00018300118527592169,0.0,0.0,9.8049,0.0,3.0,1.0,0.0,0.0,0.0,0.0,0.0,0.0,0.0,0.0
16.8093,0.9982364654537805,0.05932638424963284,0.002075013439604704,0.00018300118527592169,0.0,0.0,9.8096,0.0,3.0,1.0,0.0,0.0,0.0,0.0,0.0,0.0,0.0,0.0
16.8294,0.9982328510654024,0.059387169616442165,0.002075005926450539,0.00018300052267006262,0.0,0.0,9.8096,0.0,3.0,1.0,0.0,0.0,0.0,0.0,0.0,0.0,0.0,0.0
16.8494,0.9982328510654024,0.059387169616442165,0.002075005926450539,0.00018300052267006262,0.0,0.0,9.8095,0.0,3.0,1.0,0.0,0.0,0.0,0.0,0.0,0.0,0.0,0.0
16.8695,0.9982328510654024,0.059387169616442165,0.002075005926450539,0.00018300052267006262,0.0,0.0,9.8438,0.0,3.0,1.0,0.0,0.0,0.0,0.0,0.0,0.0,0.0,0.0
16.8896,0.9982328510654024,0.059387169616442165,0.002075005926450539,0.00018300052267006262,0.0,0.0,9.805,0.0,3.0,1.0,0.0,0.0,0.0,0.0,0.0,0.0,0.0,0.0
16.9096,0.9982328510654024,0.059387169616442165,0.002075005926450539,0.00018300052267006262,0.0,0.0,9.8049,0.0,3.0,1.0,0.0,0.0,0.0,0.0,0.0,0.0,0.0,0.0
16.9297,0.9982328510654024,0.059387169616442165,0.002075005926450539,0.00018300052267006262,0.0,0.0,9.8095,0.0,3.0,1.0,0.0,0.0,0.0,0.0,0.0,0.0,0.0,0.0
16.9498,0.9982328510654024,0.059387169616442165,0.002075005926450539,0.00018300052267006262,0.0,0.0,9.8096,0.0,3.0,1.0,0.0,0.0,0.0,0.0,0.0,0.0,0.0,0.0
16.9699,0.9982328510654024,0.059387169616442165,0.002075005926450539,0.00018300052267006262,0.0,0.0,9.805,0.0,3.0,1.0,0.0,0.0,0.0,0.0,0.0,0.0,0.0,0.0
16.9904,0.9982328510654024,0.059387169616442165,0.002075005926450539,0.00018300052267006262,0.0,0.0,9.805,0.0,3.0,1.0,0.0,0.0,0.0,0.0,0.0,0.0,0.0,0.0
17.0105,0.9982328510654024,0.059387169616442165,0.002075005926450539,0.00018300052267006262,0.0,0.0,9.767,0.0,3.0,1.0,0.0,0.0,0.0,0.0,0.0,0.0,0.0,0.0
17.0305,0.9982328510654024,0.059387169616442165,0.002075005926450539,0.00018300052267006262,0.0,0.0,9.8438,0.0,3.0,1.0,0.0,0.0,0.0,0.0,0.0,0.0,0.0,0.0
17.0506,0.9982328510654024,0.059387169616442165,0.002075005926450539,0.00018300052267006262,0.0,0.0,9.8095,0.0,3.0,1.0,0.0,0.0,0.0,0.0,0.0,0.0,0.0,0.0
17.0707,0.9982328510654024,0.059387169616442165,0.002075005926450539,0.00018300052267006262,0.0,0.0,9.8095,0.0,3.0,1.0,0.0,0.0,0.0,0.0,0.0,0.0,0.0,0.0
17.0907,0.9982328510654024,0.059387169616442165,0.002075005926450539,0.00018300052267006262,0.0,0.0,9.805,0.0,3.0,1.0,0.0,0.0,0.0,0.0,0.0,0.0,0.0,0.0
17.1108,0.9982328510654024,0.059387169616442165,0.002075005926450539,0.00018300052267006262,0.0,0.0,9.8095,0.0,3.0,1.0,0.0,0.0,0.0,0.0,0.0,0.0,0.0,0.0
17.1309,0.9982328510654024,0.059387169616442165,0.002075005926450539,0.00018300052267006262,0.0,0.0,9.767,0.0,3.0,1.0,0.0,0.0,0.0,0.0,0.0,0.0,0.0,0.0
17.151,0.9982328510654024,0.059387169616442165,0.002075005926450539,0.00018300052267006262,0.0,0.0,9.8096,0.0,3.0,1.0,0.0,0.0,0.0,0.0,0.0,0.0,0.0,0.0
17.171,0.9982328510654024,0.059387169616442165,0.002075005926450539,0.00018300052267006262,0.0,0.0,9.8049,0.0,3.0,1.0,0.0,0.0,0.0,0.0,0.0,0.0,0.0,0.0
17.1911,0.9982328510654024,0.059387169616442165,0.002075005926450539,0.00018300052267006262,0.0,0.0,9.7668,0.0,3.0,1.0,0.0,0.0,0.0,0.0,0.0,0.0,0.0,0.0
17.2112,0.9982328510654024,0.059387169616442165,0.002075005926450539,0.00018300052267006262,0.0,0.0,9.8096,0.0,3.0,1.0,0.0,0.0,0.0,0.0,0.0,0.0,0.0,0.0
17.2312,0.9982328510654024,0.059387169616442165,0.002075005926450539,0.00018300052267006262,0.0,0.0,9.8096,0.0,3.0,1.0,0.0,0.0,0.0,0.0,0.0,0.0,0.0,0.0
17.2513,0.9982328510654024,0.059387169616442165,0.002075005926450539,0.00018300052267006262,0.0,0.0,9.8096,0.0,3.0,1.0,0.0,0.0,0.0,0.0,0.0,0.0,0.0,0.0
17.2714,0.9982328510654024,0.059387169616442165,0.002075005926450539,0.00018300052267006262,0.0,0.0,9.8096,0.0,3.0,1.0,0.0,0.0,0.0,0.0,0.0,0.0,0.0,0.0
17.2914,0.9982328510654024,0.059387169616442165,0.002075005926450539,0.00018300052267006262,0.0,0.0,9.7668,0.0,3.0,1.0,0.0,0.0,0.0,0.0,0.0,0.0,0.0,0.0
17.3115,0.9982292330018795,0.05944795432264682,0.0020749984056569197,0.00018299985939046473,0.0,0.0,9.8095,0.0,3.0,1.0,0.0,0.0,0.0,0.0,0.0,0.0,0.0,0.0
17.3316,0.9982292330018795,0.05944795432264682,0.0020749984056569197,0.00018299985939046473,0.0,0.0,9.8096,0.0,3.0,1.0,0.0,0.0,0.0,0.0,0.0,0.0,0.0,0.0
17.3516,0.9982292330018795,0.05944795432264682,0.0020749984056569197,0.00018299985939046473,0.0,0.0,9.8437,0.0,3.0,1.0,0.0,0.0,0.0,0.0,0.0,0.0,0.0,0.0
17.3717,0.9982292330018795,0.05944795432264682,0.0020749984056569197,0.00018299985939046473,0.0,0.0,9.8095,0.0,3.0,1.0,0.0,0.0,0.0,0.0,0.0,0.0,0.0,0.0
17.3918,0.9982293574953711,0.05944796173665871,0.002013998703701239,0.0001829998822132084,0.0,0.0,9.805,0.0,3.0,1.0,0.0,0.0,0.0,0.0,0.0,0.0,0.0,0.0
17.4119,0.9982293574953711,0.05944796173665871,0.002013998703701239,0.0001829998822132084,0.0,0.0,9.805,0.0,3.0,1.0,0.0,0.0,0.0,0.0,0.0,0.0,0.0,0.0
17.4319,0.9982257357554687,0.05950874578911893,0.002013991396583474,0.00018299921825953858,0.0,0.0,9.805,0.0,3.0,1.0,0.0,0.0,0.0,0.0,0.0,0.0,0.0,0.0
17.452,0.9982257357554687,0.05950874578911893,0.002013991396583474,0.00018299921825953858,0.0,0.0,9.8096,0.0,3.0,1.0,0.0,0.0,0.0,0.0,0.0,0.0,0.0,0.0
17.4721,0.9982257357554687,0.05950874578911893,0.002013991396583474,0.00018299921825953858,0.0,0.0,9.8095,0.0,3.0,1.0,0.0,0.0,0.0,0.0,0.0,0.0,0.0,0.0
17.4921,0.9982257357554687,0.05950874578911893,0.002013991396583474,0.00018299921825953858,0.0,0.0,9.8049,0.0,3.0,1.0,0.0,0.0,0.0,0.0,0.0,0.0,0.0,0.0
17.5122,0.9982257357554687,0.05950874578911893,0.002013991396583474,0.00018299921825953858,0.0,0.0,9.8095,0.0,3.0,1.0,0.0,0.0,0.0,0.0,0.0,0.0,0.0,0.0
17.5325,0.9982257357554687,0.05950874578911893,0.002013991396583474,0.00018299921825953858,0.0,0.0,9.805,0.0,3.0,1.0,0.0,0.0,0.0,0.0,0.0,0.0,0.0,0.0
17.5525,0.9982257357554687,0.05950874578911893,0.002013991396583474,0.00018299921825953858,0.0,0.0,9.805,0.0,3.0,1.0,0.0,0.0,0.0,0.0,0.0,0.0,0.0,0.0
17.5726,0.9982257357554687,0.05950874578911893,0.002013991396583474,0.00018299921825953858,0.0,0.0,9.805,0.0,3.0,1.0,0.0,0.0,0.0,0.0,0.0,0.0,0.0,0.0
17.5927,0.9982257357554687,0.05950874578911893,0.002013991396583474,0.00018299921825953858,0.0,0.0,9.8095,0.0,3.0,1.0,0.0,0.0,0.0,0.0,0.0,0.0,0.0,0.0
17.6127,0.9982257357554687,0.05950874578911893,0.002013991396583474,0.00018299921825953858,0.0,0.0,9.7668,0.0,3.0,1.0,0.0,0.0,0.0,0.0,0.0,0.0,0.0,0.0
17.6328,0.9982257357554687,0.05950874578911893,0.002013991396583474,0.00018299921825953858,0.0,0.0,9.8438,0.0,3.0,1.0,0.0,0.0,0.0,0.0,0.0,0.0,0.0,0.0
17.6529,0.9982292330018795,0.05944795432264682,0.0020749984056569197,0.00018299985939046473,0.0,0.0,9.8049,0.0,3.0,1.0,0.0,0.0,0.0,0.0,0.0,0.0,0.0,0.0
17.673,0.9982292330018795,0.05944795432264682,0.0020749984056569197,0.00018299985939046473,0.0,0.0,9.767,0.0,3.0,1.0,0.0,0.0,0.0,0.0,0.0,0.0,0.0,0.0
17.693,0.998229344494948,0.05944796096243919,0.00201399867747196,0.00024399983977307915,0.0,0.0,9.8095,0.0,3.0,1.0,0.0,0.0,0.0,0.0,0.0,0.0,0.0,0.0
17.7131,0.998229344494948,0.05944796096243919,0.00201399867747196,0.00024399983977307915,0.0,0.0,9.8095,0.0,3.0,1.0,0.0,0.0,0.0,0.0,0.0,0.0,0.0,0.0
17.7332,0.9982293574953711,0.05944796173665871,0.002013998703701239,0.0001829998822132084,0.0,0.0,9.8096,0.0,3.0,1.0,0.0,0.0,0.0,0.0,0.0,0.0,0.0,0.0
17.7533,0.9982293574953711,0.05944796173665871,0.002013998703701239,0.0001829998822132084,0.0,0.0,9.8096,0.0,3.0,1.0,0.0,0.0,0.0,0.0,0.0,0.0,0.0,0.0
17.7734,0.9982293574953711,0.05944796173665871,0.002013998703701239,0.0001829998822132084,0.0,0.0,9.767,0.0,3.0,1.0,0.0,0.0,0.0,0.0,0.0,0.0,0.0,0.0
17.7934,0.9982293574953711,0.05944796173665871,0.002013998703701239,0.0001829998822132084,0.0,0.0,9.8096,0.0,3.0,1.0,0.0,0.0,0.0,0.0,0.0,0.0,0.0,0.0
17.8135,0.9982293574953711,0.05944796173665871,0.002013998703701239,0.0001829998822132084,0.0,0.0,9.7622,0.0,3.0,1.0,0.0,0.0,0.0,0.0,0.0,0.0,0.0,0.0
17.8336,0.9982293574953711,0.05944796173665871,0.002013998703701239,0.0001829998822132084,0.0,0.0,9.8095,0.0,3.0,1.0,0.0,0.0,0.0,0.0,0.0,0.0,0.0,0.0
17.8546,0.998229344494948,0.05944796096243919,0.00201399867747196,0.00024399983977307915,0.0,0.0,9.7668,0.0,3.0,1.0,0.0,0.0,0.0,0.0,0.0,0.0,0.0,0.0
17.8747,0.9982293574953711,0.05944796173665871,0.002013998703701239,0.0001829998822132084,0.0,0.0,9.8096,0.0,3.0,1.0,0.0,0.0,0.0,0.0,0.0,0.0,0.0,0.0
17.8952,0.9982292330018795,0.05944795432264682,0.0020749984056569197,0.00018299985939046473,0.0,0.0,9.7624,0.0,3.0,1.0,0.0,0.0,0.0,0.0,0.0,0.0,0.0,0.0
17.9153,0.9982293574953711,0.05944796173665871,0.002013998703701239,0.0001829998822132084,0.0,0.0,9.805,0.0,3.0,1.0,0.0,0.0,0.0,0.0,0.0,0.0,0.0,0.0
17.9353,0.9982293574953711,0.05944796173665871,0.002013998703701239,0.0001829998822132084,0.0,0.0,9.8095,0.0,3.0,1.0,0.0,0.0,0.0,0.0,0.0,0.0,0.0,0.0
17.9554,0.9982257357554687,0.05950874578911893,0.002013991396583474,0.00018299921825953858,0.0,0.0,9.7668,0.0,3.0,1.0,0.0,0.0,0.0,0.0,0.0,0.0,0.0,0.0
17.9755,0.9982257357554687,0.05950874578911893,0.002013991396583474,0.00018299921825953858,0.0,0.0,9.7668,0.0,3.0,1.0,0.0,0.0,0.0,0.0,0.0,0.0,0.0,0.0
17.9955,0.9982257357554687,0.05950874578911893,0.002013991396583474,0.00018299921825953858,0.0,0.0,9.8096,0.0,3.0,1.0,0.0,0.0,0.0,0.0,0.0,0.0,0.0,0.0
18.0158,0.9982257357554687,0.05950874578911893,0.002013991396583474,0.00018299921825953858,0.0,0.0,9.805,0.0,3.0,1.0,0.0,0.0,0.0,0.0,0.0,0.0,0.0,0.0
18.0359,0.9982257450413844,0.05950874634269432,0.0020139914153184772,0.00012199947997465488,0.0,0.0,9.805,0.0,3.0,1.0,0.0,0.0,0.0,0.0,0.0,0.0,0.0,0.0
18.0559,0.9982258565332842,0.05950875298923015,0.0019529918934609418,0.00018299924040116045,0.0,0.0,9.8096,0.0,3.0,1.0,0.0,0.0,0.0,0.0,0.0,0.0,0.0,0.0
18.076,0.9982258565332842,0.05950875298923015,0.0019529918934609418,0.00018299924040116045,0.0,0.0,9.8095,0.0,3.0,1.0,0.0,0.0,0.0,0.0,0.0,0.0,0.0,0.0
18.0961,0.9982258565332842,0.05950875298923015,0.0019529918934609418,0.00018299924040116045,0.0,0.0,9.8049,0.0,3.0,1.0,0.0,0.0,0.0,0.0,0.0,0.0,0.0,0.0
18.1161,0.9982258565332842,0.05950875298923015,0.0019529918934609418,0.00018299924040116045,0.0,0.0,9.8049,0.0,3.0,1.0,0.0,0.0,0.0,0.0,0.0,0.0,0.0,0.0
18.1362,0.9982258658192034,0.059508753542805735,0.001952991911628496,0.00012199949473556959,0.0,0.0,9.8095,0.0,3.0,1.0,0.0,0.0,0.0,0.0,0.0,0.0,0.0,0.0
18.1563,0.9982258658192034,0.059508753542805735,0.001952991911628496,0.00012199949473556959,0.0,0.0,9.805,0.0,3.0,1.0,0.0,0.0,0.0,0.0,0.0,0.0,0.0,0.0
18.1763,0.998229366781388,0.05944796228967267,0.0020139987224364365,0.00012199992261024972,0.0,0.0,9.8015,0.0,3.0,1.0,0.0,0.0,0.0,0.0,0.0,0.0,0.0,0.0
18.1964,0.9982294875605215,0.05944796948248187,0.001952998997431163,0.0001219999373714975,0.0,0.0,9.805,0.0,3.0,1.0,0.0,0.0,0.0,0.0,0.0,0.0,0.0,0.0
18.2165,0.9982294875605215,0.05944796948248187,0.001952998997431163,0.0001219999373714975,0.0,0.0,9.8096,0.0,3.0,1.0,0.0,0.0,0.0,0.0,0.0,0.0,0.0,0.0
18.2365,0.9982294875605215,0.05944796948248187,0.001952998997431163,0.0001219999373714975,0.0,0.0,9.8438,0.0,3.0,1.0,0.0,0.0,0.0,0.0,0.0,0.0,0.0,0.0
18.2566,0.9982294875605215,0.05944796948248187,0.001952998997431163,0.0001219999373714975,0.0,0.0,9.8095,0.0,3.0,1.0,0.0,0.0,0.0,0.0,0.0,0.0,0.0,0.0
18.2766,0.998229366781388,0.05944796228967267,0.0020139987224364365,0.00012199992261024972,0.0,0.0,9.8049,0.0,3.0,1.0,0.0,0.0,0.0,0.0,0.0,0.0,0.0,0.0
18.2967,0.998229366781388,0.05944796228967267,0.0020139987224364365,0.00012199992261024972,0.0,0.0,9.801,0.0,3.0,1.0,0.0,0.0,0.0,0.0,0.0,0.0,0.0,0.0
18.3168,0.998229366781388,0.05944796228967267,0.0020139987224364365,0.00012199992261024972,0.0,0.0,9.805,0.0,3.0,1.0,0.0,0.0,0.0,0.0,0.0,0.0,0.0,0.0
18.3368,0.998229372352998,0.059447962621481054,0.0020139987336775522,6.099996164560251e-05,0.0,0.0,9.8095,0.0,3.0,1.0,0.0,0.0,0.0,0.0,0.0,0.0,0.0,0.0
18.3569,0.998229372352998,0.059447962621481054,0.0020139987336775522,6.099996164560251e-05,0.0,0.0,9.8096,0.0,3.0,1.0,0.0,0.0,0.0,0.0,0.0,0.0,0.0,0.0
18.377,0.998229372352998,0.059447962621481054,0.0020139987336775522,6.099996164560251e-05,0.0,0.0,9.805,0.0,3.0,1.0,0.0,0.0,0.0,0.0,0.0,0.0,0.0,0.0
18.397,0.998229372352998,0.059447962621481054,0.0020139987336775522,6.099996164560251e-05,0.0,0.0,9.8147,0.0,3.0,1.0,0.0,0.0,0.0,0.0,0.0,0.0,0.0,0.0
18.4171,0.998229372352998,0.059447962621481054,0.0020139987336775522,6.099996164560251e-05,0.0,0.0,9.8049,0.0,3.0,1.0,0.0,0.0,0.0,0.0,0.0,0.0,0.0,0.0
18.4372,0.998229372352998,0.059447962621481054,0.0020139987336775522,6.099996164560251e-05,0.0,0.0,9.7622,0.0,3.0,1.0,0.0,0.0,0.0,0.0,0.0,0.0,0.0,0.0
18.4572,0.998229372352998,0.059447962621481054,0.0020139987336775522,6.099996164560251e-05,0.0,0.0,9.8095,0.0,3.0,1.0,0.0,0.0,0.0,0.0,0.0,0.0,0.0,0.0
18.4773,0.998229372352998,0.059447962621481054,0.0020139987336775522,6.099996164560251e-05,0.0,0.0,9.8096,0.0,3.0,1.0,0.0,0.0,0.0,0.0,0.0,0.0,0.0,0.0
18.4974,0.9982256261207918,0.05950873925330054,0.0020749909081080042,6.0999732720334876e-05,0.0,0.0,9.805,0.0,3.0,1.0,0.0,0.0,0.0,0.0,0.0,0.0,0.0,0.0
18.5174,0.9982292478595008,0.05944795520746883,0.002074998436541156,6.099995403802128e-05,0.0,0.0,9.8049,0.0,3.0,1.0,0.0,0.0,0.0,0.0,0.0,0.0,0.0,0.0
18.5375,0.9982256261207918,0.05950873925330054,0.0020749909081080042,6.0999732720334876e-05,0.0,0.0,9.8483,0.0,3.0,1.0,0.0,0.0,0.0,0.0,0.0,0.0,0.0,0.0
18.5576,0.9982256261207918,0.05950873925330054,0.0020749909081080042,6.0999732720334876e-05,0.0,0.0,9.8049,0.0,3.0,1.0,0.0,0.0,0.0,0.0,0.0,0.0,0.0,0.0
18.5777,0.9982292478595008,0.05944795520746883,0.002074998436541156,6.099995403802128e-05,0.0,0.0,9.8049,0.0,3.0,1.0,0.0,0.0,0.0,0.0,0.0,0.0,0.0,0.0
18.5977,0.9982256261207918,0.05950873925330054,0.0020749909081080042,6.0999732720334876e-05,0.0,0.0,9.8095,0.0,3.0,1.0,0.0,0.0,0.0,0.0,0.0,0.0,0.0,0.0
18.6178,0.9982256261207918,0.05950873925330054,0.0020749909081080042,6.0999732720334876e-05,0.0,0.0,9.8437,0.0,3.0,1.0,0.0,0.0,0.0,0.0,0.0,0.0,0.0,0.0
18.6379,0.9982256261207918,0.05950873925330054,0.0020749909081080042,6.0999732720334876e-05,0.0,0.0,9.8008,0.0,3.0,1.0,0.0,0.0,0.0,0.0,0.0,0.0,0.0,0.0
18.658,0.9982291215088482,0.059447947682856675,0.0021359981202156886,0.0,0.0,0.0,9.8025,0.0,3.0,1.0,0.0,0.0,0.0,0.0,0.0,0.0,0.0,0.0
18.6781,0.9982254997715143,0.059508731721049306,0.002135990370467692,0.0,0.0,0.0,9.8943,0.0,3.0,1.0,0.0,0.0,0.0,0.0,0.0,0.0,0.0,0.0
18.6982,0.9982256261207918,0.05950873925330054,0.0020749909081080042,6.0999732720334876e-05,0.0,0.0,9.7319,0.0,3.0,1.0,0.0,0.0,0.0,0.0,0.0,0.0,0.0,0.0
18.7182,0.9982294931321337,0.059447969814290375,0.0019529990083318148,6.0999969026309664e-05,0.0,0.0,9.8484,0.0,3.0,1.0,0.0,0.0,0.0,0.0,0.0,0.0,0.0,0.0
18.7383,0.9982294875605215,0.05944796948248187,0.001952998997431163,0.0001219999373714975,0.0,0.0,9.8398,0.0,3.0,1.0,0.0,0.0,0.0,0.0,0.0,0.0,0.0,0.0
18.7584,0.998229372352998,0.059447962621481054,0.0020139987336775522,6.099996164560251e-05,0.0,0.0,9.8049,0.0,3.0,1.0,0.0,0.0,0.0,0.0,0.0,0.0,0.0,0.0
18.7785,0.9982292478595008,0.05944795520746883,0.002074998436541156,6.099995403802128e-05,0.0,0.0,9.8096,0.0,3.0,1.0,0.0,0.0,0.0,0.0,0.0,0.0,0.0,0.0
18.7986,0.9982292478595008,0.05944795520746883,0.002074998436541156,6.099995403802128e-05,0.0,0.0,9.7712,0.0,3.0,1.0,0.0,0.0,0.0,0.0,0.0,0.0,0.0,0.0
18.8187,0.9982292478595008,0.05944795520746883,0.002074998436541156,6.099995403802128e-05,0.0,0.0,9.8015,0.0,3.0,1.0,0.0,0.0,0.0,0.0,0.0,0.0,0.0,0.0
18.8388,0.9982292478595008,0.05944795520746883,0.002074998436541156,6.099995403802128e-05,0.0,0.0,9.8061,0.0,3.0,1.0,0.0,0.0,0.0,0.0,0.0,0.0,0.0,0.0
18.8589,0.9982292478595008,0.05944795520746883,0.002074998436541156,6.099995403802128e-05,0.0,0.0,9.8095,0.0,3.0,1.0,0.0,0.0,0.0,0.0,0.0,0.0,0.0,0.0
18.8789,0.9982292478595008,0.05944795520746883,0.002074998436541156,6.099995403802128e-05,0.0,0.0,9.8397,0.0,3.0,1.0,0.0,0.0,0.0,0.0,0.0,0.0,0.0,0.0
18.8991,0.9982292478595008,0.05944795520746883,0.002074998436541156,6.099995403802128e-05,0.0,0.0,9.7755,0.0,3.0,1.0,0.0,0.0,0.0,0.0,0.0,0.0,0.0,0.0
18.9191,0.9982291196516462,0.059447947572253954,0.0021359981162416726,6.099994620362148e-05,0.0,0.0,9.8096,0.0,3.0,1.0,0.0,0.0,0.0,0.0,0.0,0.0,0.0,0.0
18.9392,0.9982291196516462,0.059447947572253954,0.0021359981162416726,6.099994620362148e-05,0.0,0.0,9.8049,0.0,3.0,1.0,0.0,0.0,0.0,0.0,0.0,0.0,0.0,0.0
18.9593,0.9982289895866396,0.05944793982643935,0.0021969977761857086,0.0,0.0,0.0,9.8096,0.0,3.0,1.0,0.0,0.0,0.0,0.0,0.0,0.0,0.0,0.0
18.9794,0.9982288539500823,0.059447931748819904,0.002257997407630802,0.0,0.0,0.0,9.805,0.0,3.0,1.0,0.0,0.0,0.0,0.0,0.0,0.0,0.0,0.0
18.9995,0.9982324701522631,0.05938714695504287,0.002258005587493686,6.100015094651079e-05,0.0,0.0,9.8095,0.0,3.0,1.0,0.0,0.0,0.0,0.0,0.0,0.0,0.0,0.0
19.0196,0.9982324701522631,0.05938714695504287,0.002258005587493686,6.100015094651079e-05,0.0,0.0,9.7583,0.0,3.0,1.0,0.0,0.0,0.0,0.0,0.0,0.0,0.0,0.0
19.0396,0.9982324720094837,0.059387147065533205,0.0022580055916947214,0.0,0.0,0.0,9.7622,0.0,3.0,1.0,0.0,0.0,0.0,0.0,0.0,0.0,0.0,0.0
19.0597,0.9982288539500823,0.059447931748819904,0.002257997407630802,0.0,0.0,0.0,9.8096,0.0,3.0,1.0,0.0,0.0,0.0,0.0,0.0,0.0,0.0,0.0
19.0798,0.9982324701522631,0.05938714695504287,0.002258005587493686,6.100015094651079e-05,0.0,0.0,9.7622,0.0,3.0,1.0,0.0,0.0,0.0,0.0,0.0,0.0,0.0,0.0
19.0999,0.9982324720094837,0.059387147065533205,0.0022580055916947214,0.0,0.0,0.0,9.7668,0.0,3.0,1.0,0.0,0.0,0.0,0.0,0.0,0.0,0.0,0.0
19.12,0.998232332657067,0.05938713877513723,0.002319005419023412,0.0,0.0,0.0,9.8483,0.0,3.0,1.0,0.0,0.0,0.0,0.0,0.0,0.0,0.0,0.0
19.1401,0.998232332657067,0.05938713877513723,0.002319005419023412,0.0,0.0,0.0,9.7622,0.0,3.0,1.0,0.0,0.0,0.0,0.0,0.0,0.0,0.0,0.0
19.1601,0.9982321895902704,0.05938713026376426,0.0023800052204650812,0.0,0.0,0.0,9.8015,0.0,3.0,1.0,0.0,0.0,0.0,0.0,0.0,0.0,0.0,0.0
19.1802,0.9982321895902704,0.05938713026376426,0.0023800052204650812,0.0,0.0,0.0,9.8095,0.0,3.0,1.0,0.0,0.0,0.0,0.0,0.0,0.0,0.0,0.0
19.2003,0.9982323307998471,0.059387138664646955,0.002319005414708891,6.100014243093366e-05,0.0,0.0,9.8095,0.0,3.0,1.0,0.0,0.0,0.0,0.0,0.0,0.0,0.0,0.0
19.2204,0.9982323307998471,0.059387138664646955,0.002319005414708891,6.100014243093366e-05,0.0,0.0,9.8096,0.0,3.0,1.0,0.0,0.0,0.0,0.0,0.0,0.0,0.0,0.0
19.2405,0.998232332657067,0.05938713877513723,0.002319005419023412,0.0,0.0,0.0,9.8049,0.0,3.0,1.0,0.0,0.0,0.0,0.0,0.0,0.0,0.0,0.0
19.2606,0.9982324701522631,0.05938714695504287,0.002258005587493686,6.100015094651079e-05,0.0,0.0,9.7668,0.0,3.0,1.0,0.0,0.0,0.0,0.0,0.0,0.0,0.0,0.0
19.2806,0.9982323307998471,0.059387138664646955,0.002319005414708891,6.100014243093366e-05,0.0,0.0,9.8096,0.0,3.0,1.0,0.0,0.0,0.0,0.0,0.0,0.0,0.0,0.0
19.3007,0.9982285696767408,0.05944791481937318,0.0023799965897945904,6.099991259561621e-05,0.0,0.0,9.8061,0.0,3.0,1.0,0.0,0.0,0.0,0.0,0.0,0.0,0.0,0.0
19.3208,0.9982323307998471,0.059387138664646955,0.002319005414708891,6.100014243093366e-05,0.0,0.0,9.8096,0.0,3.0,1.0,0.0,0.0,0.0,0.0,0.0,0.0,0.0,0.0
19.3409,0.9982287127419811,0.05944792333939602,0.002318997009555575,6.099992133806742e-05,0.0,0.0,9.8483,0.0,3.0,1.0,0.0,0.0,0.0,0.0,0.0,0.0,0.0,0.0
19.361,0.9982288520928819,0.05944793163821729,0.002257997403429801,6.099992985342251e-05,0.0,0.0,9.8049,0.0,3.0,1.0,0.0,0.0,0.0,0.0,0.0,0.0,0.0,0.0
19.381,0.9982288520928819,0.05944793163821729,0.002257997403429801,6.099992985342251e-05,0.0,0.0,9.8437,0.0,3.0,1.0,0.0,0.0,0.0,0.0,0.0,0.0,0.0,0.0
19.4011,0.9982288520928819,0.05944793163821729,0.002257997403429801,6.099992985342251e-05,0.0,0.0,9.8049,0.0,3.0,1.0,0.0,0.0,0.0,0.0,0.0,0.0,0.0,0.0
19.4213,0.9982287127419811,0.05944792333939602,0.002318997009555575,6.099992133806742e-05,0.0,0.0,9.8096,0.0,3.0,1.0,0.0,0.0,0.0,0.0,0.0,0.0,0.0,0.0
19.4413,0.9982287127419811,0.05944792333939602,0.002318997009555575,6.099992133806742e-05,0.0,0.0,9.8061,0.0,3.0,1.0,0.0,0.0,0.0,0.0,0.0,0.0,0.0,0.0
19.4614,0.9982287127419811,0.05944792333939602,0.002318997009555575,6.099992133806742e-05,0.0,0.0,9.805,0.0,3.0,1.0,0.0,0.0,0.0,0.0,0.0,0.0,0.0,0.0
19.4815,0.9982288520928819,0.05944793163821729,0.002257997403429801,6.099992985342251e-05,0.0,0.0,9.8049,0.0,3.0,1.0,0.0,0.0,0.0,0.0,0.0,0.0,0.0,0.0
19.5016,0.9982288465212804,0.05944793130640944,0.0022579973908268274,0.00012199985902611178,0.0,0.0,9.8095,0.0,3.0,1.0,0.0,0.0,0.0,0.0,0.0,0.0,0.0,0.0
19.5217,0.9982252303584804,0.05950871566012123,0.0022579892110530173,6.0999708536013664e-05,0.0,0.0,9.8095,0.0,3.0,1.0,0.0,0.0,0.0,0.0,0.0,0.0,0.0,0.0
19.5418,0.9982250910090964,0.05950870735287492,0.002318988595864782,6.0999700020658576e-05,0.0,0.0,9.8403,0.0,3.0,1.0,0.0,0.0,0.0,0.0,0.0,0.0,0.0,0.0
19.5619,0.9982249479454133,0.05950869882420244,0.0023799879547900665,6.099969127820737e-05,0.0,0.0,9.7285,0.0,3.0,1.0,0.0,0.0,0.0,0.0,0.0,0.0,0.0,0.0
19.5819,0.9982250928662759,0.05950870746358977,0.0023189886001792233,0.0,0.0,0.0,9.7668,0.0,3.0,1.0,0.0,0.0,0.0,0.0,0.0,0.0,0.0,0.0
19.602,0.9982250910090964,0.05950870735287492,0.002318988595864782,6.0999700020658576e-05,0.0,0.0,9.8483,0.0,3.0,1.0,0.0,0.0,0.0,0.0,0.0,0.0,0.0,0.0
19.6221,0.9982250910090964,0.05950870735287492,0.002318988595864782,6.0999700020658576e-05,0.0,0.0,9.801,0.0,3.0,1.0,0.0,0.0,0.0,0.0,0.0,0.0,0.0,0.0
19.6422,0.9982250910090964,0.05950870735287492,0.002318988595864782,6.0999700020658576e-05,0.0,0.0,9.8061,0.0,3.0,1.0,0.0,0.0,0.0,0.0,0.0,0.0,0.0,0.0
19.6623,0.9982250910090964,0.05950870735287492,0.002318988595864782,6.0999700020658576e-05,0.0,0.0,9.8096,0.0,3.0,1.0,0.0,0.0,0.0,0.0,0.0,0.0,0.0,0.0
19.6824,0.9982250910090964,0.05950870735287492,0.002318988595864782,6.0999700020658576e-05,0.0,0.0,9.8096,0.0,3.0,1.0,0.0,0.0,0.0,0.0,0.0,0.0,0.0,0.0
19.7024,0.9982289821578347,0.05944793938402869,0.0021969977598356796,0.0001219998756031293,0.0,0.0,9.805,0.0,3.0,1.0,0.0,0.0,0.0,0.0,0.0,0.0,0.0,0.0
19.7225,0.9982289821578347,0.05944793938402869,0.0021969977598356796,0.0001219998756031293,0.0,0.0,9.801,0.0,3.0,1.0,0.0,0.0,0.0,0.0,0.0,0.0,0.0,0.0
19.7426,0.9982287127419811,0.05944792333939602,0.002318997009555575,6.099992133806742e-05,0.0,0.0,9.8449,0.0,3.0,1.0,0.0,0.0,0.0,0.0,0.0,0.0,0.0,0.0
19.7627,0.9982288520928819,0.05944793163821729,0.002257997403429801,6.099992985342251e-05,0.0,0.0,9.805,0.0,3.0,1.0,0.0,0.0,0.0,0.0,0.0,0.0,0.0,0.0
19.7828,0.9982287127419811,0.05944792333939602,0.002318997009555575,6.099992133806742e-05,0.0,0.0,9.8061,0.0,3.0,1.0,0.0,0.0,0.0,0.0,0.0,0.0,0.0,0.0
19.8029,0.9982287127419811,0.05944792333939602,0.002318997009555575,6.099992133806742e-05,0.0,0.0,9.8147,0.0,3.0,1.0,0.0,0.0,0.0,0.0,0.0,0.0,0.0,0.0
19.8229,0.9982324701522631,0.05938714695504287,0.002258005587493686,6.100015094651079e-05,0.0,0.0,9.8095,0.0,3.0,1.0,0.0,0.0,0.0,0.0,0.0,0.0,0.0,0.0
19.843,0.9982324645806009,0.05938714662357187,0.0022580055748905627,0.00012200030121201078,0.0,0.0,9.8049,0.0,3.0,1.0,0.0,0.0,0.0,0.0,0.0,0.0,0.0,0.0
19.8632,0.9982324645806009,0.05938714662357187,0.0022580055748905627,0.00012200030121201078,0.0,0.0,9.8397,0.0,3.0,1.0,0.0,0.0,0.0,0.0,0.0,0.0,0.0,0.0
19.8833,0.9982324645806009,0.05938714662357187,0.0022580055748905627,0.00012200030121201078,0.0,0.0,9.8061,0.0,3.0,1.0,0.0,0.0,0.0,0.0,0.0,0.0,0.0,0.0
19.9033,0.9982323307998471,0.059387138664646955,0.002319005414708891,6.100014243093366e-05,0.0,0.0,9.8061,0.0,3.0,1.0,0.0,0.0,0.0,0.0,0.0,0.0,0.0,0.0
19.9235,0.9982324701522631,0.05938714695504287,0.002258005587493686,6.100015094651079e-05,0.0,0.0,9.8096,0.0,3.0,1.0,0.0,0.0,0.0,0.0,0.0,0.0,0.0,0.0
19.9436,0.9982324645806009,0.05938714662357187,0.0022580055748905627,0.00012200030121201078,0.0,0.0,9.8105,0.0,3.0,1.0,0.0,0.0,0.0,0.0,0.0,0.0,0.0,0.0
19.9637,0.9982362146042834,0.0593263693413479,0.002197013677695144,0.00012200075952606415,0.0,0.0,9.8049,0.0,3.0,1.0,0.0,0.0,0.0,0.0,0.0,0.0,0.0,0.0
19.9838,0.9982362146042834,0.0593263693413479,0.002197013677695144,0.00012200075952606415,0.0,0.0,9.7624,0.0,3.0,1.0,0.0,0.0,0.0,0.0,0.0,0.0,0.0,0.0
20.004,0.9982362146042834,0.0593263693413479,0.002197013677695144,0.00012200075952606415,0.0,0.0,9.7668,0.0,3.0,1.0,0.0,0.0,0.0,0.0,0.0,0.0,0.0,0.0
20.0241,0.9982362146042834,0.0593263693413479,0.002197013677695144,0.00012200075952606415,0.0,0.0,9.8095,0.0,3.0,1.0,0.0,0.0,0.0,0.0,0.0,0.0,0.0,0.0
20.0441,0.9982362146042834,0.0593263693413479,0.002197013677695144,0.00012200075952606415,0.0,0.0,9.7583,0.0,3.0,1.0,0.0,0.0,0.0,0.0,0.0,0.0,0.0,0.0
20.0642,0.9982360789647808,0.05932636128013042,0.0022580137506411184,0.00012200074294871355,0.0,0.0,9.8015,0.0,3.0,1.0,0.0,0.0,0.0,0.0,0.0,0.0,0.0,0.0
20.0843,0.99823260021863,0.059387154692990385,0.0021970057228097102,0.00012200031778919486,0.0,0.0,9.7668,0.0,3.0,1.0,0.0,0.0,0.0,0.0,0.0,0.0,0.0,0.0
20.1043,0.9982362146042834,0.0593263693413479,0.002197013677695144,0.00012200075952606415,0.0,0.0,9.8049,0.0,3.0,1.0,0.0,0.0,0.0,0.0,0.0,0.0,0.0,0.0
20.1244,0.9982362146042834,0.0593263693413479,0.002197013677695144,0.00012200075952606415,0.0,0.0,9.8095,0.0,3.0,1.0,0.0,0.0,0.0,0.0,0.0,0.0,0.0,0.0
20.1445,0.9982362146042834,0.0593263693413479,0.002197013677695144,0.00012200075952606415,0.0,0.0,9.805,0.0,3.0,1.0,0.0,0.0,0.0,0.0,0.0,0.0,0.0,0.0
20.1645,0.9982362146042834,0.0593263693413479,0.002197013677695144,0.00012200075952606415,0.0,0.0,9.8095,0.0,3.0,1.0,0.0,0.0,0.0,0.0,0.0,0.0,0.0,0.0
20.1846,0.9982363465293563,0.059326377181812405,0.002136013580223709,0.00012200077564950008,0.0,0.0,9.7668,0.0,3.0,1.0,0.0,0.0,0.0,0.0,0.0,0.0,0.0,0.0
20.2047,0.9982363465293563,0.059326377181812405,0.002136013580223709,0.00012200077564950008,0.0,0.0,9.8096,0.0,3.0,1.0,0.0,0.0,0.0,0.0,0.0,0.0,0.0,0.0
20.2247,0.9982362146042834,0.0593263693413479,0.002197013677695144,0.00012200075952606415,0.0,0.0,9.805,0.0,3.0,1.0,0.0,0.0,0.0,0.0,0.0,0.0,0.0,0.0
20.2448,0.9982362146042834,0.0593263693413479,0.002197013677695144,0.00012200075952606415,0.0,0.0,9.8438,0.0,3.0,1.0,0.0,0.0,0.0,0.0,0.0,0.0,0.0,0.0
20.2648,0.9982362146042834,0.0593263693413479,0.002197013677695144,0.00012200075952606415,0.0,0.0,9.8096,0.0,3.0,1.0,0.0,0.0,0.0,0.0,0.0,0.0,0.0,0.0
20.2849,0.9982362146042834,0.0593263693413479,0.002197013677695144,0.00012200075952606415,0.0,0.0,9.7668,0.0,3.0,1.0,0.0,0.0,0.0,0.0,0.0,0.0,0.0,0.0
20.305,0.9982363465293563,0.059326377181812405,0.002136013580223709,0.00012200077564950008,0.0,0.0,9.8049,0.0,3.0,1.0,0.0,0.0,0.0,0.0,0.0,0.0,0.0,0.0
20.325,0.9982363465293563,0.059326377181812405,0.002136013580223709,0.00012200077564950008,0.0,0.0,9.8049,0.0,3.0,1.0,0.0,0.0,0.0,0.0,0.0,0.0,0.0,0.0
20.3451,0.9982363465293563,0.059326377181812405,0.002136013580223709,0.00012200077564950008,0.0,0.0,9.8095,0.0,3.0,1.0,0.0,0.0,0.0,0.0,0.0,0.0,0.0,0.0
20.3652,0.9982363465293563,0.059326377181812405,0.002136013580223709,0.00012200077564950008,0.0,0.0,9.8096,0.0,3.0,1.0,0.0,0.0,0.0,0.0,0.0,0.0,0.0,0.0
20.3852,0.9982363465293563,0.059326377181812405,0.002136013580223709,0.00012200077564950008,0.0,0.0,9.805,0.0,3.0,1.0,0.0,0.0,0.0,0.0,0.0,0.0,0.0,0.0
20.4053,0.9982362146042834,0.0593263693413479,0.002197013677695144,0.00012200075952606415,0.0,0.0,9.8049,0.0,3.0,1.0,0.0,0.0,0.0,0.0,0.0,0.0,0.0,0.0
20.4254,0.9982363465293563,0.059326377181812405,0.002136013580223709,0.00012200077564950008,0.0,0.0,9.8096,0.0,3.0,1.0,0.0,0.0,0.0,0.0,0.0,0.0,0.0,0.0
20.4454,0.9982363465293563,0.059326377181812405,0.002136013580223709,0.00012200077564950008,0.0,0.0,9.805,0.0,3.0,1.0,0.0,0.0,0.0,0.0,0.0,0.0,0.0,0.0
20.4655,0.9982363465293563,0.059326377181812405,0.002136013580223709,0.00012200077564950008,0.0,0.0,9.8049,0.0,3.0,1.0,0.0,0.0,0.0,0.0,0.0,0.0,0.0,0.0
20.4856,0.9982363465293563,0.059326377181812405,0.002136013580223709,0.00012200077564950008,0.0,0.0,9.805,0.0,3.0,1.0,0.0,0.0,0.0,0.0,0.0,0.0,0.0,0.0
20.5056,0.9982363465293563,0.059326377181812405,0.002136013580223709,0.00012200077564950008,0.0,0.0,9.805,0.0,3.0,1.0,0.0,0.0,0.0,0.0,0.0,0.0,0.0,0.0
20.5257,0.9982363465293563,0.059326377181812405,0.002136013580223709,0.00012200077564950008,0.0,0.0,9.8095,0.0,3.0,1.0,0.0,0.0,0.0,0.0,0.0,0.0,0.0,0.0
20.5458,0.9982364747399957,0.05932638480152368,0.0020750134589077665,0.00012200079131885477,0.0,0.0,9.8008,0.0,3.0,1.0,0.0,0.0,0.0,0.0,0.0,0.0,0.0,0.0
20.5658,0.9982364747399957,0.05932638480152368,0.0020750134589077665,0.00012200079131885477,0.0,0.0,9.8535,0.0,3.0,1.0,0.0,0.0,0.0,0.0,0.0,0.0,0.0,0.0
20.5859,0.9982363521010835,0.05932637751294679,0.0021360135921460223,6.1000388165144415e-05,0.0,0.0,9.7624,0.0,3.0,1.0,0.0,0.0,0.0,0.0,0.0,0.0,0.0,0.0
20.606,0.9982364747399957,0.05932638480152368,0.0020750134589077665,0.00012200079131885477,0.0,0.0,9.8095,0.0,3.0,1.0,0.0,0.0,0.0,0.0,0.0,0.0,0.0,0.0
20.6262,0.9982363465293563,0.059326377181812405,0.002136013580223709,0.00012200077564950008,0.0,0.0,9.8008,0.0,3.0,1.0,0.0,0.0,0.0,0.0,0.0,0.0,0.0,0.0
20.6463,0.9982363465293563,0.059326377181812405,0.002136013580223709,0.00012200077564950008,0.0,0.0,9.8096,0.0,3.0,1.0,0.0,0.0,0.0,0.0,0.0,0.0,0.0,0.0
20.6664,0.9982363465293563,0.059326377181812405,0.002136013580223709,0.00012200077564950008,0.0,0.0,9.767,0.0,3.0,1.0,0.0,0.0,0.0,0.0,0.0,0.0,0.0,0.0
20.6864,0.9982363465293563,0.059326377181812405,0.002136013580223709,0.00012200077564950008,0.0,0.0,9.767,0.0,3.0,1.0,0.0,0.0,0.0,0.0,0.0,0.0,0.0,0.0
20.7065,0.9982399628129662,0.059265591493053146,0.0021360213183019006,6.100060880914748e-05,0.0,0.0,9.805,0.0,3.0,1.0,0.0,0.0,0.0,0.0,0.0,0.0,0.0,0.0
20.7266,0.9982399628129662,0.059265591493053146,0.0021360213183019006,6.100060880914748e-05,0.0,0.0,9.805,0.0,3.0,1.0,0.0,0.0,0.0,0.0,0.0,0.0,0.0,0.0
20.7466,0.9982399628129662,0.059265591493053146,0.0021360213183019006,6.100060880914748e-05,0.0,0.0,9.8095,0.0,3.0,1.0,0.0,0.0,0.0,0.0,0.0,0.0,0.0,0.0
20.7667,0.9982399628129662,0.059265591493053146,0.0021360213183019006,6.100060880914748e-05,0.0,0.0,9.7668,0.0,3.0,1.0,0.0,0.0,0.0,0.0,0.0,0.0,0.0,0.0
20.7868,0.9982400910249989,0.05926559910501244,0.002075020976004406,6.1000616643935857e-05,0.0,0.0,9.8049,0.0,3.0,1.0,0.0,0.0,0.0,0.0,0.0,0.0,0.0,0.0
20.8068,0.9982400910249989,0.05926559910501244,0.002075020976004406,6.1000616643935857e-05,0.0,0.0,9.7668,0.0,3.0,1.0,0.0,0.0,0.0,0.0,0.0,0.0,0.0,0.0
20.8269,0.9982399628129662,0.059265591493053146,0.0021360213183019006,6.100060880914748e-05,0.0,0.0,9.805,0.0,3.0,1.0,0.0,0.0,0.0,0.0,0.0,0.0,0.0,0.0
20.847,0.9982399646702287,0.05926559160331897,0.002136021322276048,0.0,0.0,0.0,9.8061,0.0,3.0,1.0,0.0,0.0,0.0,0.0,0.0,0.0,0.0,0.0
20.867,0.9982399646702287,0.05926559160331897,0.002136021322276048,0.0,0.0,0.0,9.8095,0.0,3.0,1.0,0.0,0.0,0.0,0.0,0.0,0.0,0.0,0.0
20.8871,0.9982400928822621,0.059265599215278304,0.0020750209798650683,0.0,0.0,0.0,9.7538,0.0,3.0,1.0,0.0,0.0,0.0,0.0,0.0,0.0,0.0,0.0
20.9072,0.9982400928822621,0.059265599215278304,0.0020750209798650683,0.0,0.0,0.0,9.7538,0.0,3.0,1.0,0.0,0.0,0.0,0.0,0.0,0.0,0.0,0.0
20.9272,0.9982399646702287,0.05926559160331897,0.002136021322276048,0.0,0.0,0.0,9.7712,0.0,3.0,1.0,0.0,0.0,0.0,0.0,0.0,0.0,0.0,0.0
20.9473,0.9982400928822621,0.059265599215278304,0.0020750209798650683,0.0,0.0,0.0,9.8049,0.0,3.0,1.0,0.0,0.0,0.0,0.0,0.0,0.0,0.0,0.0
20.9674,0.9982402173798169,0.05926560660670873,0.0020140206142902598,0.0,0.0,0.0,9.8096,0.0,3.0,1.0,0.0,0.0,0.0,0.0,0.0,0.0,0.0,0.0
20.9874,0.998243824419075,0.059204819912151416,0.0020140278917484163,0.0,0.0,0.0,9.801,0.0,3.0,1.0,0.0,0.0,0.0,0.0,0.0,0.0,0.0,0.0
21.0075,0.998243824419075,0.059204819912151416,0.0020140278917484163,0.0,0.0,0.0,9.8483,0.0,3.0,1.0,0.0,0.0,0.0,0.0,0.0,0.0,0.0,0.0
21.0276,0.998243824419075,0.059204819912151416,0.0020140278917484163,0.0,0.0,0.0,9.8095,0.0,3.0,1.0,0.0,0.0,0.0,0.0,0.0,0.0,0.0,0.0
21.0477,0.998243824419075,0.059204819912151416,0.0020140278917484163,0.0,0.0,0.0,9.8049,0.0,3.0,1.0,0.0,0.0,0.0,0.0,0.0,0.0,0.0,0.0
21.0678,0.998243824419075,0.059204819912151416,0.0020140278917484163,0.0,0.0,0.0,9.8095,0.0,3.0,1.0,0.0,0.0,0.0,0.0,0.0,0.0,0.0,0.0
21.0878,0.998243824419075,0.059204819912151416,0.0020140278917484163,0.0,0.0,0.0,9.767,0.0,3.0,1.0,0.0,0.0,0.0,0.0,0.0,0.0,0.0,0.0
21.1079,0.998243824419075,0.059204819912151416,0.0020140278917484163,0.0,0.0,0.0,9.767,0.0,3.0,1.0,0.0,0.0,0.0,0.0,0.0,0.0,0.0,0.0
21.128,0.998243824419075,0.059204819912151416,0.0020140278917484163,0.0,0.0,0.0,9.8096,0.0,3.0,1.0,0.0,0.0,0.0,0.0,0.0,0.0,0.0,0.0
21.148,0.998243824419075,0.059204819912151416,0.0020140278917484163,0.0,0.0,0.0,9.7668,0.0,3.0,1.0,0.0,0.0,0.0,0.0,0.0,0.0,0.0,0.0
21.1681,0.9982475485685155,0.05914403971528377,0.0019530343331239516,0.0,0.0,0.0,9.805,0.0,3.0,1.0,0.0,0.0,0.0,0.0,0.0,0.0,0.0,0.0
21.1882,0.9982475467112106,0.059144039605242414,0.0019530343294902018,6.1001072247213184e-05,0.0,0.0,9.8049,0.0,3.0,1.0,0.0,0.0,0.0,0.0,0.0,0.0,0.0,0.0
21.2082,0.9982475467112106,0.059144039605242414,0.0019530343294902018,6.1001072247213184e-05,0.0,0.0,9.8095,0.0,3.0,1.0,0.0,0.0,0.0,0.0,0.0,0.0,0.0,0.0
21.2283,0.9982475467112106,0.059144039605242414,0.0019530343294902018,6.1001072247213184e-05,0.0,0.0,9.8096,0.0,3.0,1.0,0.0,0.0,0.0,0.0,0.0,0.0,0.0,0.0
21.2484,0.9982475467112106,0.059144039605242414,0.0019530343294902018,6.1001072247213184e-05,0.0,0.0,9.805,0.0,3.0,1.0,0.0,0.0,0.0,0.0,0.0,0.0,0.0,0.0
21.2684,0.9982475467112106,0.059144039605242414,0.0019530343294902018,6.1001072247213184e-05,0.0,0.0,9.8049,0.0,3.0,1.0,0.0,0.0,0.0,0.0,0.0,0.0,0.0,0.0
21.2885,0.9982475467112106,0.059144039605242414,0.0019530343294902018,6.1001072247213184e-05,0.0,0.0,9.8095,0.0,3.0,1.0,0.0,0.0,0.0,0.0,0.0,0.0,0.0,0.0
21.3086,0.9982475411392961,0.05914403927511835,0.0019530343185889603,0.0001220021438135266,0.0,0.0,9.8049,0.0,3.0,1.0,0.0,0.0,0.0,0.0,0.0,0.0,0.0,0.0
21.3286,0.9982475467112106,0.059144039605242414,0.0019530343294902018,6.1001072247213184e-05,0.0,0.0,9.8484,0.0,3.0,1.0,0.0,0.0,0.0,0.0,0.0,0.0,0.0,0.0
21.3487,0.9982474259255218,0.05914403244894778,0.002014035158043749,6.100106486622847e-05,0.0,0.0,9.8096,0.0,3.0,1.0,0.0,0.0,0.0,0.0,0.0,0.0,0.0,0.0
21.3688,0.9982474259255218,0.05914403244894778,0.002014035158043749,6.100106486622847e-05,0.0,0.0,9.8095,0.0,3.0,1.0,0.0,0.0,0.0,0.0,0.0,0.0,0.0,0.0
21.3888,0.9982474277828259,0.0591440325589891,0.002014035161790991,0.0,0.0,0.0,9.8095,0.0,3.0,1.0,0.0,0.0,0.0,0.0,0.0,0.0,0.0,0.0
21.4089,0.99825102747095,0.059083244547888436,0.002014042424417724,0.0,0.0,0.0,9.8049,0.0,3.0,1.0,0.0,0.0,0.0,0.0,0.0,0.0,0.0,0.0
21.429,0.9982474277828259,0.0591440325589891,0.002014035161790991,0.0,0.0,0.0,9.8095,0.0,3.0,1.0,0.0,0.0,0.0,0.0,0.0,0.0,0.0,0.0
21.449,0.9982474277828259,0.0591440325589891,0.002014035161790991,0.0,0.0,0.0,9.7712,0.0,3.0,1.0,0.0,0.0,0.0,0.0,0.0,0.0,0.0,0.0
21.4691,0.9982511482579461,0.05908325169687945,0.0019530413757829108,0.0,0.0,0.0,9.7668,0.0,3.0,1.0,0.0,0.0,0.0,0.0,0.0,0.0,0.0,0.0
21.4892,0.9982512653303348,0.05908325862601489,0.0018920403053454618,0.0,0.0,0.0,9.7624,0.0,3.0,1.0,0.0,0.0,0.0,0.0,0.0,0.0,0.0,0.0
21.5092,0.9982475485685155,0.05914403971528377,0.0019530343331239516,0.0,0.0,0.0,9.8061,0.0,3.0,1.0,0.0,0.0,0.0,0.0,0.0,0.0,0.0,0.0
21.5293,0.9982475485685155,0.05914403971528377,0.0019530343331239516,0.0,0.0,0.0,9.8484,0.0,3.0,1.0,0.0,0.0,0.0,0.0,0.0,0.0,0.0,0.0
21.5494,0.9982475485685155,0.05914403971528377,0.0019530343331239516,0.0,0.0,0.0,9.805,0.0,3.0,1.0,0.0,0.0,0.0,0.0,0.0,0.0,0.0,0.0
21.5694,0.9982475485685155,0.05914403971528377,0.0019530343331239516,0.0,0.0,0.0,9.8096,0.0,3.0,1.0,0.0,0.0,0.0,0.0,0.0,0.0,0.0,0.0
21.5895,0.9982512653303348,0.05908325862601489,0.0018920403053454618,0.0,0.0,0.0,9.8095,0.0,3.0,1.0,0.0,0.0,0.0,0.0,0.0,0.0,0.0,0.0
21.6096,0.9982476656396377,0.05914404665149824,0.0018920334826545045,0.0,0.0,0.0,9.8095,0.0,3.0,1.0,0.0,0.0,0.0,0.0,0.0,0.0,0.0,0.0
21.6296,0.9982476656396377,0.05914404665149824,0.0018920334826545045,0.0,0.0,0.0,9.8096,0.0,3.0,1.0,0.0,0.0,0.0,0.0,0.0,0.0,0.0,0.0
21.6497,0.9982476656396377,0.05914404665149824,0.0018920334826545045,0.0,0.0,0.0,9.8008,0.0,3.0,1.0,0.0,0.0,0.0,0.0,0.0,0.0,0.0,0.0
21.6698,0.9982476656396377,0.05914404665149824,0.0018920334826545045,0.0,0.0,0.0,9.8483,0.0,3.0,1.0,0.0,0.0,0.0,0.0,0.0,0.0,0.0,0.0
21.6898,0.998244062273311,0.05920483401904282,0.0018920266529969222,0.0,0.0,0.0,9.8095,0.0,3.0,1.0,0.0,0.0,0.0,0.0,0.0,0.0,0.0,0.0
21.7099,0.9982477789961889,0.05914405336763232,0.001831032611063613,0.0,0.0,0.0,9.8049,0.0,3.0,1.0,0.0,0.0,0.0,0.0,0.0,0.0,0.0,0.0
21.73,0.9982476656396377,0.05914404665149824,0.0018920334826545045,0.0,0.0,0.0,9.8096,0.0,3.0,1.0,0.0,0.0,0.0,0.0,0.0,0.0,0.0,0.0
21.7501,0.9982476656396377,0.05914404665149824,0.0018920334826545045,0.0,0.0,0.0,9.7624,0.0,3.0,1.0,0.0,0.0,0.0,0.0,0.0,0.0,0.0,0.0
21.7701,0.9982477789961889,0.05914405336763232,0.001831032611063613,0.0,0.0,0.0,9.805,0.0,3.0,1.0,0.0,0.0,0.0,0.0,0.0,0.0,0.0,0.0
21.7902,0.9982477789961889,0.05914405336763232,0.001831032611063613,0.0,0.0,0.0,9.7622,0.0,3.0,1.0,0.0,0.0,0.0,0.0,0.0,0.0,0.0,0.0
21.8103,0.9982477789961889,0.05914405336763232,0.001831032611063613,0.0,0.0,0.0,9.7622,0.0,3.0,1.0,0.0,0.0,0.0,0.0,0.0,0.0,0.0,0.0
21.8303,0.9982441756286347,0.059204840742031084,0.0018310260015988664,0.0,0.0,0.0,9.8095,0.0,3.0,1.0,0.0,0.0,0.0,0.0,0.0,0.0,0.0,0.0
21.8504,0.9982441737713486,0.059204840631877344,0.001831025998192147,6.100086613314293e-05,0.0,0.0,9.8438,0.0,3.0,1.0,0.0,0.0,0.0,0.0,0.0,0.0,0.0,0.0
21.8705,0.9982441737713486,0.059204840631877344,0.001831025998192147,6.100086613314293e-05,0.0,0.0,9.767,0.0,3.0,1.0,0.0,0.0,0.0,0.0,0.0,0.0,0.0,0.0
21.8906,0.9982441756286347,0.059204840742031084,0.0018310260015988664,0.0,0.0,0.0,9.767,0.0,3.0,1.0,0.0,0.0,0.0,0.0,0.0,0.0,0.0,0.0
21.9107,0.9982405685855693,0.05926562745782411,0.0018310193853923289,0.0,0.0,0.0,9.8049,0.0,3.0,1.0,0.0,0.0,0.0,0.0,0.0,0.0,0.0,0.0
21.9308,0.9982405685855693,0.05926562745782411,0.0018310193853923289,0.0,0.0,0.0,9.8049,0.0,3.0,1.0,0.0,0.0,0.0,0.0,0.0,0.0,0.0,0.0
21.9508,0.9982405685855693,0.05926562745782411,0.0018310193853923289,0.0,0.0,0.0,9.8049,0.0,3.0,1.0,0.0,0.0,0.0,0.0,0.0,0.0,0.0,0.0
21.971,0.9982405685855693,0.05926562745782411,0.0018310193853923289,0.0,0.0,0.0,9.805,0.0,3.0,1.0,0.0,0.0,0.0,0.0,0.0,0.0,0.0,0.0
21.9911,0.9982404552314745,0.059265620727981874,0.0018920198163729397,0.0,0.0,0.0,9.7624,0.0,3.0,1.0,0.0,0.0,0.0,0.0,0.0,0.0,0.0,0.0
22.0112,0.9982404552314745,0.059265620727981874,0.0018920198163729397,0.0,0.0,0.0,9.7622,0.0,3.0,1.0,0.0,0.0,0.0,0.0,0.0,0.0,0.0,0.0
22.0313,0.9982404552314745,0.059265620727981874,0.0018920198163729397,0.0,0.0,0.0,9.8095,0.0,3.0,1.0,0.0,0.0,0.0,0.0,0.0,0.0,0.0,0.0
22.0514,0.998244062273311,0.05920483401904282,0.0018920266529969222,0.0,0.0,0.0,9.805,0.0,3.0,1.0,0.0,0.0,0.0,0.0,0.0,0.0,0.0,0.0
22.0714,0.998244062273311,0.05920483401904282,0.0018920266529969222,0.0,0.0,0.0,9.8049,0.0,3.0,1.0,0.0,0.0,0.0,0.0,0.0,0.0,0.0,0.0
22.0915,0.9982405685855693,0.05926562745782411,0.0018310193853923289,0.0,0.0,0.0,9.8095,0.0,3.0,1.0,0.0,0.0,0.0,0.0,0.0,0.0,0.0,0.0
22.1116,0.9982405685855693,0.05926562745782411,0.0018310193853923289,0.0,0.0,0.0,9.8049,0.0,3.0,1.0,0.0,0.0,0.0,0.0,0.0,0.0,0.0,0.0
22.1316,0.9982441756286347,0.059204840742031084,0.0018310260015988664,0.0,0.0,0.0,9.8437,0.0,3.0,1.0,0.0,0.0,0.0,0.0,0.0,0.0,0.0,0.0
22.1517,0.9982441756286347,0.059204840742031084,0.0018310260015988664,0.0,0.0,0.0,9.8484,0.0,3.0,1.0,0.0,0.0,0.0,0.0,0.0,0.0,0.0,0.0
22.1718,0.9982441737713486,0.059204840631877344,0.001831025998192147,6.100086613314293e-05,0.0,0.0,9.805,0.0,3.0,1.0,0.0,0.0,0.0,0.0,0.0,0.0,0.0,0.0
22.1918,0.9982441737713486,0.059204840631877344,0.001831025998192147,6.100086613314293e-05,0.0,0.0,9.8096,0.0,3.0,1.0,0.0,0.0,0.0,0.0,0.0,0.0,0.0,0.0
22.2119,0.9982441737713486,0.059204840631877344,0.001831025998192147,6.100086613314293e-05,0.0,0.0,9.8096,0.0,3.0,1.0,0.0,0.0,0.0,0.0,0.0,0.0,0.0,0.0
22.232,0.9982441737713486,0.059204840631877344,0.001831025998192147,6.100086613314293e-05,0.0,0.0,9.7622,0.0,3.0,1.0,0.0,0.0,0.0,0.0,0.0,0.0,0.0,0.0
22.252,0.9982441737713486,0.059204840631877344,0.001831025998192147,6.100086613314293e-05,0.0,0.0,9.805,0.0,3.0,1.0,0.0,0.0,0.0,0.0,0.0,0.0,0.0,0.0
22.2721,0.9982441737713486,0.059204840631877344,0.001831025998192147,6.100086613314293e-05,0.0,0.0,9.8096,0.0,3.0,1.0,0.0,0.0,0.0,0.0,0.0,0.0,0.0,0.0
22.2922,0.9982440604160256,0.05920483390888912,0.0018920266494767066,6.100085920623943e-05,0.0,0.0,9.805,0.0,3.0,1.0,0.0,0.0,0.0,0.0,0.0,0.0,0.0,0.0
22.3122,0.9982441737713486,0.059204840631877344,0.001831025998192147,6.100086613314293e-05,0.0,0.0,9.8096,0.0,3.0,1.0,0.0,0.0,0.0,0.0,0.0,0.0,0.0,0.0
22.3323,0.9982441737713486,0.059204840631877344,0.001831025998192147,6.100086613314293e-05,0.0,0.0,9.8095,0.0,3.0,1.0,0.0,0.0,0.0,0.0,0.0,0.0,0.0,0.0
22.3524,0.9982441737713486,0.059204840631877344,0.001831025998192147,6.100086613314293e-05,0.0,0.0,9.8096,0.0,3.0,1.0,0.0,0.0,0.0,0.0,0.0,0.0,0.0,0.0
22.3724,0.9982440548441694,0.05920483357842803,0.0018920266389160572,0.00012200171773135705,0.0,0.0,9.805,0.0,3.0,1.0,0.0,0.0,0.0,0.0,0.0,0.0,0.0,0.0
22.3925,0.9982440548441694,0.05920483357842803,0.0018920266389160572,0.00012200171773135705,0.0,0.0,9.805,0.0,3.0,1.0,0.0,0.0,0.0,0.0,0.0,0.0,0.0,0.0
22.4126,0.9982440548441694,0.05920483357842803,0.0018920266389160572,0.00012200171773135705,0.0,0.0,9.7668,0.0,3.0,1.0,0.0,0.0,0.0,0.0,0.0,0.0,0.0,0.0
22.4326,0.9982440548441694,0.05920483357842803,0.0018920266389160572,0.00012200171773135705,0.0,0.0,9.8049,0.0,3.0,1.0,0.0,0.0,0.0,0.0,0.0,0.0,0.0,0.0
22.4527,0.9982440604160256,0.05920483390888912,0.0018920266494767066,6.100085920623943e-05,0.0,0.0,9.8096,0.0,3.0,1.0,0.0,0.0,0.0,0.0,0.0,0.0,0.0,0.0
22.4728,0.9982440604160256,0.05920483390888912,0.0018920266494767066,6.100085920623943e-05,0.0,0.0,9.7622,0.0,3.0,1.0,0.0,0.0,0.0,0.0,0.0,0.0,0.0,0.0
22.4928,0.9982440548441694,0.05920483357842803,0.0018920266389160572,0.00012200171773135705,0.0,0.0,9.8096,0.0,3.0,1.0,0.0,0.0,0.0,0.0,0.0,0.0,0.0,0.0
22.5129,0.9982440548441694,0.05920483357842803,0.0018920266389160572,0.00012200171773135705,0.0,0.0,9.8095,0.0,3.0,1.0,0.0,0.0,0.0,0.0,0.0,0.0,0.0,0.0
22.533,0.9982440548441694,0.05920483357842803,0.0018920266389160572,0.00012200171773135705,0.0,0.0,9.8483,0.0,3.0,1.0,0.0,0.0,0.0,0.0,0.0,0.0,0.0,0.0
22.553,0.9982440548441694,0.05920483357842803,0.0018920266389160572,0.00012200171773135705,0.0,0.0,9.805,0.0,3.0,1.0,0.0,0.0,0.0,0.0,0.0,0.0,0.0,0.0
22.5731,0.9982440548441694,0.05920483357842803,0.0018920266389160572,0.00012200171773135705,0.0,0.0,9.8096,0.0,3.0,1.0,0.0,0.0,0.0,0.0,0.0,0.0,0.0,0.0
22.5932,0.9982440548441694,0.05920483357842803,0.0018920266389160572,0.00012200171773135705,0.0,0.0,9.8049,0.0,3.0,1.0,0.0,0.0,0.0,0.0,0.0,0.0,0.0,0.0
22.6132,0.998240561156506,0.059265627016759984,0.0018310193717655937,0.000122001290745688,0.0,0.0,9.8095,0.0,3.0,1.0,0.0,0.0,0.0,0.0,0.0,0.0,0.0,0.0
22.6333,0.9982404478024136,0.0592656202869179,0.0018920198022922378,0.00012200127689193652,0.0,0.0,9.805,0.0,3.0,1.0,0.0,0.0,0.0,0.0,0.0,0.0,0.0,0.0
22.6534,0.9982404478024136,0.0592656202869179,0.0018920198022922378,0.00012200127689193652,0.0,0.0,9.767,0.0,3.0,1.0,0.0,0.0,0.0,0.0,0.0,0.0,0.0,0.0
22.6734,0.9982404478024136,0.0592656202869179,0.0018920198022922378,0.00012200127689193652,0.0,0.0,9.8095,0.0,3.0,1.0,0.0,0.0,0.0,0.0,0.0,0.0,0.0,0.0
22.6935,0.9982404478024136,0.0592656202869179,0.0018920198022922378,0.00012200127689193652,0.0,0.0,9.8096,0.0,3.0,1.0,0.0,0.0,0.0,0.0,0.0,0.0,0.0,0.0
22.7136,0.9982404478024136,0.0592656202869179,0.0018920198022922378,0.00012200127689193652,0.0,0.0,9.7624,0.0,3.0,1.0,0.0,0.0,0.0,0.0,0.0,0.0,0.0,0.0
22.7337,0.9982404478024136,0.0592656202869179,0.0018920198022922378,0.00012200127689193652,0.0,0.0,9.805,0.0,3.0,1.0,0.0,0.0,0.0,0.0,0.0,0.0,0.0,0.0
22.7538,0.9982404478024136,0.0592656202869179,0.0018920198022922378,0.00012200127689193652,0.0,0.0,9.8096,0.0,3.0,1.0,0.0,0.0,0.0,0.0,0.0,0.0,0.0,0.0
22.7738,0.9982404478024136,0.0592656202869179,0.0018920198022922378,0.00012200127689193652,0.0,0.0,9.7668,0.0,3.0,1.0,0.0,0.0,0.0,0.0,0.0,0.0,0.0,0.0
22.7939,0.998240561156506,0.059265627016759984,0.0018310193717655937,0.000122001290745688,0.0,0.0,9.8049,0.0,3.0,1.0,0.0,0.0,0.0,0.0,0.0,0.0,0.0,0.0
22.814,0.9982368370852681,0.05932640633613558,0.0018920129587022413,0.0001220008356034863,0.0,0.0,9.8096,0.0,3.0,1.0,0.0,0.0,0.0,0.0,0.0,0.0,0.0,0.0
22.834,0.9982368370852681,0.05932640633613558,0.0018920129587022413,0.0001220008356034863,0.0,0.0,9.7712,0.0,3.0,1.0,0.0,0.0,0.0,0.0,0.0,0.0,0.0,0.0
22.8541,0.9982368370852681,0.05932640633613558,0.0018920129587022413,0.0001220008356034863,0.0,0.0,9.7668,0.0,3.0,1.0,0.0,0.0,0.0,0.0,0.0,0.0,0.0,0.0
22.8742,0.9982368370852681,0.05932640633613558,0.0018920129587022413,0.0001220008356034863,0.0,0.0,9.805,0.0,3.0,1.0,0.0,0.0,0.0,0.0,0.0,0.0,0.0,0.0
22.8942,0.9982368370852681,0.05932640633613558,0.0018920129587022413,0.0001220008356034863,0.0,0.0,9.8438,0.0,3.0,1.0,0.0,0.0,0.0,0.0,0.0,0.0,0.0,0.0
22.9143,0.9982368370852681,0.05932640633613558,0.0018920129587022413,0.0001220008356034863,0.0,0.0,9.7757,0.0,3.0,1.0,0.0,0.0,0.0,0.0,0.0,0.0,0.0,0.0
22.9344,0.9982332226928532,0.059387191725414464,0.0018920061081463026,0.0001220003938656733,0.0,0.0,9.8049,0.0,3.0,1.0,0.0,0.0,0.0,0.0,0.0,0.0,0.0,0.0
22.9544,0.9982294875605215,0.05944796948248187,0.001952998997431163,0.0001219999373714975,0.0,0.0,9.8049,0.0,3.0,1.0,0.0,0.0,0.0,0.0,0.0,0.0,0.0,0.0
22.9745,0.9982294875605215,0.05944796948248187,0.001952998997431163,0.0001219999373714975,0.0,0.0,9.8449,0.0,3.0,1.0,0.0,0.0,0.0,0.0,0.0,0.0,0.0,0.0
22.9946,0.9982258658192034,0.059508753542805735,0.001952991911628496,0.00012199949473556959,0.0,0.0,9.8484,0.0,3.0,1.0,0.0,0.0,0.0,0.0,0.0,0.0,0.0,0.0
23.0146,0.9982258658192034,0.059508753542805735,0.001952991911628496,0.00012199949473556959,0.0,0.0,9.8096,0.0,3.0,1.0,0.0,0.0,0.0,0.0,0.0,0.0,0.0,0.0
23.0347,0.9982258658192034,0.059508753542805735,0.001952991911628496,0.00012199949473556959,0.0,0.0,9.8049,0.0,3.0,1.0,0.0,0.0,0.0,0.0,0.0,0.0,0.0,0.0
23.0548,0.9982222311171605,0.05956953638705433,0.001952984800468658,0.00018299857577347423,0.0,0.0,9.8095,0.0,3.0,1.0,0.0,0.0,0.0,0.0,0.0,0.0,0.0,0.0
23.0748,0.9982222404029785,0.059569536941191346,0.0019529848186360112,0.00012199905165061199,0.0,0.0,9.8437,0.0,3.0,1.0,0.0,0.0,0.0,0.0,0.0,0.0,0.0,0.0
23.0949,0.9982222404029785,0.059569536941191346,0.0019529848186360112,0.00012199905165061199,0.0,0.0,9.805,0.0,3.0,1.0,0.0,0.0,0.0,0.0,0.0,0.0,0.0,0.0
23.115,0.9982222404029785,0.059569536941191346,0.0019529848186360112,0.00012199905165061199,0.0,0.0,9.8095,0.0,3.0,1.0,0.0,0.0,0.0,0.0,0.0,0.0,0.0,0.0
23.135,0.9982222404029785,0.059569536941191346,0.0019529848186360112,0.00012199905165061199,0.0,0.0,9.8104,0.0,3.0,1.0,0.0,0.0,0.0,0.0,0.0,0.0,0.0,0.0
23.1551,0.9982222459744693,0.05956953727367354,0.0019529848295364238,6.099952616572813e-05,0.0,0.0,9.805,0.0,3.0,1.0,0.0,0.0,0.0,0.0,0.0,0.0,0.0,0.0
23.1752,0.9982222459744693,0.05956953727367354,0.0019529848295364238,6.099952616572813e-05,0.0,0.0,9.801,0.0,3.0,1.0,0.0,0.0,0.0,0.0,0.0,0.0,0.0,0.0
23.1952,0.9982184961082099,0.059630312795075954,0.002013976790080387,6.0999297018249354e-05,0.0,0.0,9.8096,0.0,3.0,1.0,0.0,0.0,0.0,0.0,0.0,0.0,0.0,0.0
23.2153,0.9982186168833977,0.059630320009791224,0.0019529777293542452,6.0999304398678955e-05,0.0,0.0,9.7668,0.0,3.0,1.0,0.0,0.0,0.0,0.0,0.0,0.0,0.0,0.0
23.2354,0.9982186168833977,0.059630320009791224,0.0019529777293542452,6.0999304398678955e-05,0.0,0.0,9.805,0.0,3.0,1.0,0.0,0.0,0.0,0.0,0.0,0.0,0.0,0.0
23.2554,0.9982186168833977,0.059630320009791224,0.0019529777293542452,6.0999304398678955e-05,0.0,0.0,9.8095,0.0,3.0,1.0,0.0,0.0,0.0,0.0,0.0,0.0,0.0,0.0
23.2755,0.9982186168833977,0.059630320009791224,0.0019529777293542452,6.0999304398678955e-05,0.0,0.0,9.8096,0.0,3.0,1.0,0.0,0.0,0.0,0.0,0.0,0.0,0.0,0.0
23.2956,0.9982223630366895,0.0595695442594348,0.0018919855252451136,6.099953331917263e-05,0.0,0.0,9.8437,0.0,3.0,1.0,0.0,0.0,0.0,0.0,0.0,0.0,0.0,0.0
23.3156,0.9982222459744693,0.05956953727367354,0.0019529848295364238,6.099952616572813e-05,0.0,0.0,9.8015,0.0,3.0,1.0,0.0,0.0,0.0,0.0,0.0,0.0,0.0,0.0
23.3357,0.9982186168833977,0.059630320009791224,0.0019529777293542452,6.0999304398678955e-05,0.0,0.0,9.7721,0.0,3.0,1.0,0.0,0.0,0.0,0.0,0.0,0.0,0.0,0.0
23.3558,0.9982186168833977,0.059630320009791224,0.0019529777293542452,6.0999304398678955e-05,0.0,0.0,9.8484,0.0,3.0,1.0,0.0,0.0,0.0,0.0,0.0,0.0,0.0,0.0
23.3758,0.9982187339443412,0.059630327002629685,0.0018919786468275907,6.0999311552123465e-05,0.0,0.0,9.8049,0.0,3.0,1.0,0.0,0.0,0.0,0.0,0.0,0.0,0.0,0.0
23.3959,0.9982187339443412,0.059630327002629685,0.0018919786468275907,6.0999311552123465e-05,0.0,0.0,9.8049,0.0,3.0,1.0,0.0,0.0,0.0,0.0,0.0,0.0,0.0,0.0
23.416,0.9982186168833977,0.059630320009791224,0.0019529777293542452,6.0999304398678955e-05,0.0,0.0,9.8049,0.0,3.0,1.0,0.0,0.0,0.0,0.0,0.0,0.0,0.0,0.0
23.436,0.9982187339443412,0.059630327002629685,0.0018919786468275907,6.0999311552123465e-05,0.0,0.0,9.7624,0.0,3.0,1.0,0.0,0.0,0.0,0.0,0.0,0.0,0.0,0.0
23.4561,0.9982187339443412,0.059630327002629685,0.0018919786468275907,6.0999311552123465e-05,0.0,0.0,9.7624,0.0,3.0,1.0,0.0,0.0,0.0,0.0,0.0,0.0,0.0,0.0
23.4762,0.9982187339443412,0.059630327002629685,0.0018919786468275907,6.0999311552123465e-05,0.0,0.0,9.767,0.0,3.0,1.0,0.0,0.0,0.0,0.0,0.0,0.0,0.0,0.0
23.4962,0.9982149841176609,0.059691102082637684,0.0019529706219827102,6.099908240703167e-05,0.0,0.0,9.8096,0.0,3.0,1.0,0.0,0.0,0.0,0.0,0.0,0.0,0.0,0.0
23.5163,0.9982149841176609,0.059691102082637684,0.0019529706219827102,6.099908240703167e-05,0.0,0.0,9.8015,0.0,3.0,1.0,0.0,0.0,0.0,0.0,0.0,0.0,0.0,0.0
23.5364,0.9982149841176609,0.059691102082637684,0.0019529706219827102,6.099908240703167e-05,0.0,0.0,9.8096,0.0,3.0,1.0,0.0,0.0,0.0,0.0,0.0,0.0,0.0,0.0
23.5564,0.9982149841176609,0.059691102082637684,0.0019529706219827102,6.099908240703167e-05,0.0,0.0,9.8095,0.0,3.0,1.0,0.0,0.0,0.0,0.0,0.0,0.0,0.0,0.0
23.5765,0.9982149841176609,0.059691102082637684,0.0019529706219827102,6.099908240703167e-05,0.0,0.0,9.7622,0.0,3.0,1.0,0.0,0.0,0.0,0.0,0.0,0.0,0.0,0.0
23.5966,0.9982186168833977,0.059630320009791224,0.0019529777293542452,6.0999304398678955e-05,0.0,0.0,9.8096,0.0,3.0,1.0,0.0,0.0,0.0,0.0,0.0,0.0,0.0,0.0
23.6166,0.9982148633437916,0.059691094860620894,0.00201396946071988,6.09990750267686e-05,0.0,0.0,9.8484,0.0,3.0,1.0,0.0,0.0,0.0,0.0,0.0,0.0,0.0,0.0
23.6367,0.9982184961082099,0.059630312795075954,0.002013976790080387,6.0999297018249354e-05,0.0,0.0,9.805,0.0,3.0,1.0,0.0,0.0,0.0,0.0,0.0,0.0,0.0,0.0
23.6568,0.9982184961082099,0.059630312795075954,0.002013976790080387,6.0999297018249354e-05,0.0,0.0,9.7624,0.0,3.0,1.0,0.0,0.0,0.0,0.0,0.0,0.0,0.0,0.0
23.6768,0.998218371618782,0.0596303053584841,0.0020749758283251166,6.099928941100119e-05,0.0,0.0,9.8095,0.0,3.0,1.0,0.0,0.0,0.0,0.0,0.0,0.0,0.0,0.0
23.6969,0.998218371618782,0.0596303053584841,0.0020749758283251166,6.099928941100119e-05,0.0,0.0,9.8049,0.0,3.0,1.0,0.0,0.0,0.0,0.0,0.0,0.0,0.0,0.0
23.717,0.998218371618782,0.0596303053584841,0.0020749758283251166,6.099928941100119e-05,0.0,0.0,9.8096,0.0,3.0,1.0,0.0,0.0,0.0,0.0,0.0,0.0,0.0,0.0
23.737,0.9982182434151179,0.05963029770001593,0.002135974843407537,6.0999281576712416e-05,0.0,0.0,9.8015,0.0,3.0,1.0,0.0,0.0,0.0,0.0,0.0,0.0,0.0,0.0
23.7571,0.9982182434151179,0.05963029770001593,0.002135974843407537,6.0999281576712416e-05,0.0,0.0,9.8438,0.0,3.0,1.0,0.0,0.0,0.0,0.0,0.0,0.0,0.0,0.0
23.7772,0.998218371618782,0.0596303053584841,0.0020749758283251166,6.099928941100119e-05,0.0,0.0,9.8095,0.0,3.0,1.0,0.0,0.0,0.0,0.0,0.0,0.0,0.0,0.0
23.7972,0.998218371618782,0.0596303053584841,0.0020749758283251166,6.099928941100119e-05,0.0,0.0,9.7805,0.0,3.0,1.0,0.0,0.0,0.0,0.0,0.0,0.0,0.0,0.0
23.8173,0.9982147388557228,0.05969108741650303,0.0020749682769758866,6.0999067419520436e-05,0.0,0.0,9.8832,0.0,3.0,1.0,0.0,0.0,0.0,0.0,0.0,0.0,0.0,0.0
23.8374,0.9982182434151179,0.05963029770001593,0.002135974843407537,6.0999281576712416e-05,0.0,0.0,9.801,0.0,3.0,1.0,0.0,0.0,0.0,0.0,0.0,0.0,0.0,0.0
23.8574,0.9982181114972222,0.059630289819671674,0.002196973834646732,6.099927351538304e-05,0.0,0.0,9.8061,0.0,3.0,1.0,0.0,0.0,0.0,0.0,0.0,0.0,0.0,0.0
23.8775,0.998214473165642,0.059691071528809495,0.002196965827058816,0.00012199810236734887,0.0,0.0,9.7806,0.0,3.0,1.0,0.0,0.0,0.0,0.0,0.0,0.0,0.0,0.0
23.8976,0.9982146050820955,0.059691079417128756,0.0021359670581482873,0.00012199811848973008,0.0,0.0,9.8095,0.0,3.0,1.0,0.0,0.0,0.0,0.0,0.0,0.0,0.0,0.0
23.9177,0.9982183660473559,0.05963030502566532,0.0020749758167439053,0.0001219985781410471,0.0,0.0,9.8397,0.0,3.0,1.0,0.0,0.0,0.0,0.0,0.0,0.0,0.0,0.0
23.9377,0.9982220007071785,0.059569522637194464,0.0020749833720359115,6.0999511177939336e-05,0.0,0.0,9.8049,0.0,3.0,1.0,0.0,0.0,0.0,0.0,0.0,0.0,0.0,0.0
23.9578,0.9982220007071785,0.059569522637194464,0.0020749833720359115,6.0999511177939336e-05,0.0,0.0,9.8096,0.0,3.0,1.0,0.0,0.0,0.0,0.0,0.0,0.0,0.0,0.0
23.9779,0.998218371618782,0.0596303053584841,0.0020749758283251166,6.099928941100119e-05,0.0,0.0,9.8453,0.0,3.0,1.0,0.0,0.0,0.0,0.0,0.0,0.0,0.0,0.0
23.9979,0.998218371618782,0.0596303053584841,0.0020749758283251166,6.099928941100119e-05,0.0,0.0,9.922,0.0,3.0,1.0,0.0,0.0,0.0,0.0,0.0,0.0,0.0,0.0
24.018,0.9982149841176609,0.059691102082637684,0.0019529706219827102,6.099908240703167e-05,0.0,0.0,9.7818,0.0,3.0,1.0,0.0,0.0,0.0,0.0,0.0,0.0,0.0,0.0
24.0381,0.9982149841176609,0.059691102082637684,0.0019529706219827102,6.099908240703167e-05,0.0,0.0,9.7582,0.0,3.0,1.0,0.0,0.0,0.0,0.0,0.0,0.0,0.0,0.0
24.0581,0.9982186168833977,0.059630320009791224,0.0019529777293542452,6.0999304398678955e-05,0.0,0.0,9.8437,0.0,3.0,1.0,0.0,0.0,0.0,0.0,0.0,0.0,0.0,0.0
24.0782,0.9982184961082099,0.059630312795075954,0.002013976790080387,6.0999297018249354e-05,0.0,0.0,9.8484,0.0,3.0,1.0,0.0,0.0,0.0,0.0,0.0,0.0,0.0,0.0
24.0983,0.9982148633437916,0.059691094860620894,0.00201396946071988,6.09990750267686e-05,0.0,0.0,9.8484,0.0,3.0,1.0,0.0,0.0,0.0,0.0,0.0,0.0,0.0,0.0
24.1183,0.9982148633437916,0.059691094860620894,0.00201396946071988,6.09990750267686e-05,0.0,0.0,9.7624,0.0,3.0,1.0,0.0,0.0,0.0,0.0,0.0,0.0,0.0,0.0
24.1384,0.9982149841176609,0.059691102082637684,0.0019529706219827102,6.099908240703167e-05,0.0,0.0,9.7624,0.0,3.0,1.0,0.0,0.0,0.0,0.0,0.0,0.0,0.0,0.0
24.1585,0.9982149841176609,0.059691102082637684,0.0019529706219827102,6.099908240703167e-05,0.0,0.0,9.7755,0.0,3.0,1.0,0.0,0.0,0.0,0.0,0.0,0.0,0.0,0.0
24.1785,0.9982148633437916,0.059691094860620894,0.00201396946071988,6.09990750267686e-05,0.0,0.0,9.7668,0.0,3.0,1.0,0.0,0.0,0.0,0.0,0.0,0.0,0.0,0.0
24.1986,0.9982148633437916,0.059691094860620894,0.00201396946071988,6.09990750267686e-05,0.0,0.0,9.8049,0.0,3.0,1.0,0.0,0.0,0.0,0.0,0.0,0.0,0.0,0.0
24.2187,0.9982148652009142,0.05969109497167283,0.002013969464466754,0.0,0.0,0.0,9.8438,0.0,3.0,1.0,0.0,0.0,0.0,0.0,0.0,0.0,0.0,0.0
24.2387,0.998211102418122,0.059751868810584786,0.0020749607179884506,6.09988452036081e-05,0.0,0.0,9.8065,0.0,3.0,1.0,0.0,0.0,0.0,0.0,0.0,0.0,0.0,0.0
24.2588,0.9982112269048304,0.05975187626222847,0.002013962123945723,6.099885281068973e-05,0.0,0.0,9.8095,0.0,3.0,1.0,0.0,0.0,0.0,0.0,0.0,0.0,0.0,0.0
24.2789,0.9982112269048304,0.05975187626222847,0.002013962123945723,6.099885281068973e-05,0.0,0.0,9.8095,0.0,3.0,1.0,0.0,0.0,0.0,0.0,0.0,0.0,0.0,0.0
24.299,0.9982148633437916,0.059691094860620894,0.00201396946071988,6.09990750267686e-05,0.0,0.0,9.8008,0.0,3.0,1.0,0.0,0.0,0.0,0.0,0.0,0.0,0.0,0.0
24.3191,0.9982147388557228,0.05969108741650303,0.0020749682769758866,6.0999067419520436e-05,0.0,0.0,9.8095,0.0,3.0,1.0,0.0,0.0,0.0,0.0,0.0,0.0,0.0,0.0
24.3392,0.998211102418122,0.059751868810584786,0.0020749607179884506,6.09988452036081e-05,0.0,0.0,9.7668,0.0,3.0,1.0,0.0,0.0,0.0,0.0,0.0,0.0,0.0,0.0
24.3592,0.9982147407128446,0.05969108752755489,0.002074968280836243,0.0,0.0,0.0,9.8015,0.0,3.0,1.0,0.0,0.0,0.0,0.0,0.0,0.0,0.0,0.0
24.3793,0.9982146125105794,0.05969107986133609,0.0021359670740436665,0.0,0.0,0.0,9.8061,0.0,3.0,1.0,0.0,0.0,0.0,0.0,0.0,0.0,0.0,0.0
24.3994,0.9982147407128446,0.05969108752755489,0.002074968280836243,0.0,0.0,0.0,9.8096,0.0,3.0,1.0,0.0,0.0,0.0,0.0,0.0,0.0,0.0,0.0
24.4194,0.9982147407128446,0.05969108752755489,0.002074968280836243,0.0,0.0,0.0,9.8095,0.0,3.0,1.0,0.0,0.0,0.0,0.0,0.0,0.0,0.0,0.0
24.4395,0.9982146125105794,0.05969107986133609,0.0021359670740436665,0.0,0.0,0.0,9.805,0.0,3.0,1.0,0.0,0.0,0.0,0.0,0.0,0.0,0.0,0.0
24.4596,0.9982147407128446,0.05969108752755489,0.002074968280836243,0.0,0.0,0.0,9.767,0.0,3.0,1.0,0.0,0.0,0.0,0.0,0.0,0.0,0.0,0.0
24.4796,0.9982147407128446,0.05969108752755489,0.002074968280836243,0.0,0.0,0.0,9.7622,0.0,3.0,1.0,0.0,0.0,0.0,0.0,0.0,0.0,0.0,0.0
24.4997,0.9982146125105794,0.05969107986133609,0.0021359670740436665,0.0,0.0,0.0,9.7622,0.0,3.0,1.0,0.0,0.0,0.0,0.0,0.0,0.0,0.0,0.0
24.5198,0.9982147407128446,0.05969108752755489,0.002074968280836243,0.0,0.0,0.0,9.7668,0.0,3.0,1.0,0.0,0.0,0.0,0.0,0.0,0.0,0.0,0.0
24.5398,0.9982146106534584,0.059691079750284246,0.002135967070069824,-6.0999059585287174e-05,0.0,0.0,9.8061,0.0,3.0,1.0,0.0,0.0,0.0,0.0,0.0,0.0,0.0,0.0
24.5599,0.9982146106534584,0.059691079750284246,0.002135967070069824,-6.0999059585287174e-05,0.0,0.0,9.8403,0.0,3.0,1.0,0.0,0.0,0.0,0.0,0.0,0.0,0.0,0.0
24.58,0.9982182434151179,0.05963029770001593,0.002135974843407537,-6.0999281576712416e-05,0.0,0.0,9.7665,0.0,3.0,1.0,0.0,0.0,0.0,0.0,0.0,0.0,0.0,0.0
24.6,0.9982146106534584,0.059691079750284246,0.002135967070069824,-6.0999059585287174e-05,0.0,0.0,9.7755,0.0,3.0,1.0,0.0,0.0,0.0,0.0,0.0,0.0,0.0,0.0
24.6201,0.9982147388557228,0.05969108741650303,0.0020749682769758866,-6.0999067419520436e-05,0.0,0.0,9.805,0.0,3.0,1.0,0.0,0.0,0.0,0.0,0.0,0.0,0.0,0.0
24.6402,0.998218371618782,0.0596303053584841,0.0020749758283251166,-6.099928941100119e-05,0.0,0.0,9.7622,0.0,3.0,1.0,0.0,0.0,0.0,0.0,0.0,0.0,0.0,0.0
24.6602,0.998218371618782,0.0596303053584841,0.0020749758283251166,-6.099928941100119e-05,0.0,0.0,9.7622,0.0,3.0,1.0,0.0,0.0,0.0,0.0,0.0,0.0,0.0,0.0
24.6803,0.9982181114972222,0.059630289819671674,0.002196973834646732,-6.099927351538304e-05,0.0,0.0,9.8065,0.0,3.0,1.0,0.0,0.0,0.0,0.0,0.0,0.0,0.0,0.0
24.7004,0.9982181114972222,0.059630289819671674,0.002196973834646732,-6.099927351538304e-05,0.0,0.0,9.8096,0.0,3.0,1.0,0.0,0.0,0.0,0.0,0.0,0.0,0.0,0.0
24.7204,0.9982182434151179,0.05963029770001593,0.002135974843407537,-6.0999281576712416e-05,0.0,0.0,9.767,0.0,3.0,1.0,0.0,0.0,0.0,0.0,0.0,0.0,0.0,0.0
24.7405,0.9982182434151179,0.05963029770001593,0.002135974843407537,-6.0999281576712416e-05,0.0,0.0,9.8049,0.0,3.0,1.0,0.0,0.0,0.0,0.0,0.0,0.0,0.0,0.0
24.7606,0.998218371618782,0.0596303053584841,0.0020749758283251166,-6.099928941100119e-05,0.0,0.0,9.8008,0.0,3.0,1.0,0.0,0.0,0.0,0.0,0.0,0.0,0.0,0.0
24.7807,0.9982182434151179,0.05963029770001593,0.002135974843407537,-6.0999281576712416e-05,0.0,0.0,9.8049,0.0,3.0,1.0,0.0,0.0,0.0,0.0,0.0,0.0,0.0,0.0
24.8007,0.9982182434151179,0.05963029770001593,0.002135974843407537,-6.0999281576712416e-05,0.0,0.0,9.8095,0.0,3.0,1.0,0.0,0.0,0.0,0.0,0.0,0.0,0.0,0.0
24.8208,0.9982182434151179,0.05963029770001593,0.002135974843407537,-6.0999281576712416e-05,0.0,0.0,9.8438,0.0,3.0,1.0,0.0,0.0,0.0,0.0,0.0,0.0,0.0,0.0
24.8409,0.9982182434151179,0.05963029770001593,0.002135974843407537,-6.0999281576712416e-05,0.0,0.0,9.8015,0.0,3.0,1.0,0.0,0.0,0.0,0.0,0.0,0.0,0.0,0.0
24.861,0.9982217405827816,0.05956950711410827,0.0021969818218851196,-6.099949528215465e-05,0.0,0.0,9.7624,0.0,3.0,1.0,0.0,0.0,0.0,0.0,0.0,0.0,0.0,0.0
24.8811,0.9982181114972222,0.059630289819671674,0.002196973834646732,-6.099927351538304e-05,0.0,0.0,9.8095,0.0,3.0,1.0,0.0,0.0,0.0,0.0,0.0,0.0,0.0,0.0
24.9011,0.9982181114972222,0.059630289819671674,0.002196973834646732,-6.099927351538304e-05,0.0,0.0,9.8104,0.0,3.0,1.0,0.0,0.0,0.0,0.0,0.0,0.0,0.0,0.0
24.9212,0.9982218743592778,0.05956951509730442,0.002135982612856181,0.0,0.0,0.0,9.8049,0.0,3.0,1.0,0.0,0.0,0.0,0.0,0.0,0.0,0.0,0.0
24.9413,0.9982217405827816,0.05956950711410827,0.0021969818218851196,-6.099949528215465e-05,0.0,0.0,9.8484,0.0,3.0,1.0,0.0,0.0,0.0,0.0,0.0,0.0,0.0,0.0
24.9613,0.9982217405827816,0.05956950711410827,0.0021969818218851196,-6.099949528215465e-05,0.0,0.0,9.7668,0.0,3.0,1.0,0.0,0.0,0.0,0.0,0.0,0.0,0.0,0.0
24.9814,0.9982217424399424,0.05956950722493551,0.002196981825972541,0.0,0.0,0.0,9.8095,0.0,3.0,1.0,0.0,0.0,0.0,0.0,0.0,0.0,0.0,0.0
25.0015,0.9982181133543626,0.05963028993061119,0.0021969738387340974,0.0,0.0,0.0,9.8095,0.0,3.0,1.0,0.0,0.0,0.0,0.0,0.0,0.0,0.0,0.0
25.0216,0.9982216049491792,0.05956949902008817,0.0022579810103636054,-6.09994869939512e-05,0.0,0.0,9.8015,0.0,3.0,1.0,0.0,0.0,0.0,0.0,0.0,0.0,0.0,0.0
25.0417,0.9982216049491792,0.05956949902008817,0.0022579810103636054,-6.09994869939512e-05,0.0,0.0,9.801,0.0,3.0,1.0,0.0,0.0,0.0,0.0,0.0,0.0,0.0,0.0
25.0618,0.9982216049491792,0.05956949902008817,0.0022579810103636054,-6.09994869939512e-05,0.0,0.0,9.8483,0.0,3.0,1.0,0.0,0.0,0.0,0.0,0.0,0.0,0.0,0.0
25.0819,0.9982216049491792,0.05956949902008817,0.0022579810103636054,-6.09994869939512e-05,0.0,0.0,9.8095,0.0,3.0,1.0,0.0,0.0,0.0,0.0,0.0,0.0,0.0,0.0
25.102,0.9982216049491792,0.05956949902008817,0.0022579810103636054,-6.09994869939512e-05,0.0,0.0,9.7624,0.0,3.0,1.0,0.0,0.0,0.0,0.0,0.0,0.0,0.0,0.0
25.122,0.9982216049491792,0.05956949902008817,0.0022579810103636054,-6.09994869939512e-05,0.0,0.0,9.8438,0.0,3.0,1.0,0.0,0.0,0.0,0.0,0.0,0.0,0.0,0.0
25.1421,0.9982216049491792,0.05956949902008817,0.0022579810103636054,-6.09994869939512e-05,0.0,0.0,9.805,0.0,3.0,1.0,0.0,0.0,0.0,0.0,0.0,0.0,0.0,0.0
25.1622,0.9982217405827816,0.05956950711410827,0.0021969818218851196,-6.099949528215465e-05,0.0,0.0,9.7665,0.0,3.0,1.0,0.0,0.0,0.0,0.0,0.0,0.0,0.0,0.0
25.1823,0.9982253659935606,0.05950872374594112,0.002196989801035693,-6.099971682438366e-05,0.0,0.0,9.7668,0.0,3.0,1.0,0.0,0.0,0.0,0.0,0.0,0.0,0.0,0.0
25.2023,0.9982254979143325,0.059508731610334306,0.002135990366493718,-6.099972488587957e-05,0.0,0.0,9.8095,0.0,3.0,1.0,0.0,0.0,0.0,0.0,0.0,0.0,0.0,0.0
25.2224,0.9982254979143325,0.059508731610334306,0.002135990366493718,-6.099972488587957e-05,0.0,0.0,9.805,0.0,3.0,1.0,0.0,0.0,0.0,0.0,0.0,0.0,0.0,0.0
25.2425,0.9982253659935606,0.05950872374594112,0.002196989801035693,-6.099971682438366e-05,0.0,0.0,9.8061,0.0,3.0,1.0,0.0,0.0,0.0,0.0,0.0,0.0,0.0,0.0
25.2626,0.9982216049491792,0.05956949902008817,0.0022579810103636054,-6.09994869939512e-05,0.0,0.0,9.8096,0.0,3.0,1.0,0.0,0.0,0.0,0.0,0.0,0.0,0.0,0.0
25.2827,0.9982217405827816,0.05956950711410827,0.0021969818218851196,-6.099949528215465e-05,0.0,0.0,9.8049,0.0,3.0,1.0,0.0,0.0,0.0,0.0,0.0,0.0,0.0,0.0
25.3028,0.9982216049491792,0.05956949902008817,0.0022579810103636054,-6.09994869939512e-05,0.0,0.0,9.7622,0.0,3.0,1.0,0.0,0.0,0.0,0.0,0.0,0.0,0.0,0.0
25.3228,0.9982216049491792,0.05956949902008817,0.0022579810103636054,-6.09994869939512e-05,0.0,0.0,9.8095,0.0,3.0,1.0,0.0,0.0,0.0,0.0,0.0,0.0,0.0,0.0
25.3429,0.9982216049491792,0.05956949902008817,0.0022579810103636054,-6.09994869939512e-05,0.0,0.0,9.767,0.0,3.0,1.0,0.0,0.0,0.0,0.0,0.0,0.0,0.0,0.0
25.363,0.9982216049491792,0.05956949902008817,0.0022579810103636054,-6.09994869939512e-05,0.0,0.0,9.8096,0.0,3.0,1.0,0.0,0.0,0.0,0.0,0.0,0.0,0.0,0.0
25.3831,0.9982216049491792,0.05956949902008817,0.0022579810103636054,-6.09994869939512e-05,0.0,0.0,9.8049,0.0,3.0,1.0,0.0,0.0,0.0,0.0,0.0,0.0,0.0,0.0
25.4032,0.9982217405827816,0.05956950711410827,0.0021969818218851196,-6.099949528215465e-05,0.0,0.0,9.8049,0.0,3.0,1.0,0.0,0.0,0.0,0.0,0.0,0.0,0.0,0.0
25.4233,0.9982216049491792,0.05956949902008817,0.0022579810103636054,-6.09994869939512e-05,0.0,0.0,9.8015,0.0,3.0,1.0,0.0,0.0,0.0,0.0,0.0,0.0,0.0,0.0
25.4433,0.9982216049491792,0.05956949902008817,0.0022579810103636054,-6.09994869939512e-05,0.0,0.0,9.8493,0.0,3.0,1.0,0.0,0.0,0.0,0.0,0.0,0.0,0.0,0.0
25.4634,0.9982216049491792,0.05956949902008817,0.0022579810103636054,-6.09994869939512e-05,0.0,0.0,9.8483,0.0,3.0,1.0,0.0,0.0,0.0,0.0,0.0,0.0,0.0,0.0
25.4835,0.9982216049491792,0.05956949902008817,0.0022579810103636054,-6.09994869939512e-05,0.0,0.0,9.8483,0.0,3.0,1.0,0.0,0.0,0.0,0.0,0.0,0.0,0.0,0.0
25.5036,0.9982216049491792,0.05956949902008817,0.0022579810103636054,-6.09994869939512e-05,0.0,0.0,9.8438,0.0,3.0,1.0,0.0,0.0,0.0,0.0,0.0,0.0,0.0,0.0
25.5237,0.998221599377699,0.05956949868760661,0.0022579809977608944,-0.00012199897330678056,0.0,0.0,9.7668,0.0,3.0,1.0,0.0,0.0,0.0,0.0,0.0,0.0,0.0,0.0
25.5438,0.9982217350112992,0.05956950678162656,0.0021969818096228624,-0.00012199898988352054,0.0,0.0,9.8483,0.0,3.0,1.0,0.0,0.0,0.0,0.0,0.0,0.0,0.0,0.0
25.5639,0.9982217350112992,0.05956950678162656,0.0021969818096228624,-0.00012199898988352054,0.0,0.0,9.8438,0.0,3.0,1.0,0.0,0.0,0.0,0.0,0.0,0.0,0.0,0.0
25.584,0.9982253604220175,0.05950872341379626,0.0021969897887733104,-0.00012199943296786753,0.0,0.0,9.805,0.0,3.0,1.0,0.0,0.0,0.0,0.0,0.0,0.0,0.0,0.0
25.6041,0.9982217350112992,0.05956950678162656,0.0021969818096228624,-0.00012199898988352054,0.0,0.0,9.767,0.0,3.0,1.0,0.0,0.0,0.0,0.0,0.0,0.0,0.0,0.0
25.6242,0.9982217350112992,0.05956950678162656,0.0021969818096228624,-0.00012199898988352054,0.0,0.0,9.8484,0.0,3.0,1.0,0.0,0.0,0.0,0.0,0.0,0.0,0.0,0.0
25.6443,0.9982253659935606,0.05950872374594112,0.002196989801035693,-6.099971682438366e-05,0.0,0.0,9.801,0.0,3.0,1.0,0.0,0.0,0.0,0.0,0.0,0.0,0.0,0.0
25.6644,0.9982253659935606,0.05950872374594112,0.002196989801035693,-6.099971682438366e-05,0.0,0.0,9.8438,0.0,3.0,1.0,0.0,0.0,0.0,0.0,0.0,0.0,0.0,0.0
25.6845,0.9982217405827816,0.05956950711410827,0.0021969818218851196,-6.099949528215465e-05,0.0,0.0,9.8095,0.0,3.0,1.0,0.0,0.0,0.0,0.0,0.0,0.0,0.0,0.0
25.7045,0.9982217405827816,0.05956950711410827,0.0021969818218851196,-6.099949528215465e-05,0.0,0.0,9.805,0.0,3.0,1.0,0.0,0.0,0.0,0.0,0.0,0.0,0.0,0.0
25.7247,0.9982217405827816,0.05956950711410827,0.0021969818218851196,-6.099949528215465e-05,0.0,0.0,9.8096,0.0,3.0,1.0,0.0,0.0,0.0,0.0,0.0,0.0,0.0,0.0
25.7448,0.9982217405827816,0.05956950711410827,0.0021969818218851196,-6.099949528215465e-05,0.0,0.0,9.8493,0.0,3.0,1.0,0.0,0.0,0.0,0.0,0.0,0.0,0.0,0.0
25.7649,0.9982217405827816,0.05956950711410827,0.0021969818218851196,-6.099949528215465e-05,0.0,0.0,9.8096,0.0,3.0,1.0,0.0,0.0,0.0,0.0,0.0,0.0,0.0,0.0
25.7849,0.9982217405827816,0.05956950711410827,0.0021969818218851196,-6.099949528215465e-05,0.0,0.0,9.8049,0.0,3.0,1.0,0.0,0.0,0.0,0.0,0.0,0.0,0.0,0.0
25.805,0.9982218725021161,0.059569514986477126,0.0021359826088822448,-6.099950334348403e-05,0.0,0.0,9.8483,0.0,3.0,1.0,0.0,0.0,0.0,0.0,0.0,0.0,0.0,0.0
25.8251,0.9982218725021161,0.059569514986477126,0.0021359826088822448,-6.099950334348403e-05,0.0,0.0,9.8095,0.0,3.0,1.0,0.0,0.0,0.0,0.0,0.0,0.0,0.0,0.0
25.8452,0.9982217405827816,0.05956950711410827,0.0021969818218851196,-6.099949528215465e-05,0.0,0.0,9.805,0.0,3.0,1.0,0.0,0.0,0.0,0.0,0.0,0.0,0.0,0.0
25.8653,0.9982217405827816,0.05956950711410827,0.0021969818218851196,-6.099949528215465e-05,0.0,0.0,9.7668,0.0,3.0,1.0,0.0,0.0,0.0,0.0,0.0,0.0,0.0,0.0
25.8854,0.9982218743592778,0.05956951509730442,0.002135982612856181,0.0,0.0,0.0,9.8095,0.0,3.0,1.0,0.0,0.0,0.0,0.0,0.0,0.0,0.0,0.0
25.9055,0.9982218725021161,0.059569514986477126,0.0021359826088822448,-6.099950334348403e-05,0.0,0.0,9.805,0.0,3.0,1.0,0.0,0.0,0.0,0.0,0.0,0.0,0.0,0.0
25.9256,0.9982218725021161,0.059569514986477126,0.0021359826088822448,-6.099950334348403e-05,0.0,0.0,9.767,0.0,3.0,1.0,0.0,0.0,0.0,0.0,0.0,0.0,0.0,0.0
25.9457,0.9982218725021161,0.059569514986477126,0.0021359826088822448,-6.099950334348403e-05,0.0,0.0,9.8096,0.0,3.0,1.0,0.0,0.0,0.0,0.0,0.0,0.0,0.0,0.0
25.9658,0.9982254997715143,0.059508731721049306,0.002135990370467692,0.0,0.0,0.0,9.8786,0.0,3.0,1.0,0.0,0.0,0.0,0.0,0.0,0.0,0.0,0.0
25.9859,0.9982256279779742,0.05950873936401558,0.002074990911968489,0.0,0.0,0.0,9.8049,0.0,3.0,1.0,0.0,0.0,0.0,0.0,0.0,0.0,0.0,0.0
26.006,0.9982256279779742,0.05950873936401558,0.002074990911968489,0.0,0.0,0.0,9.8483,0.0,3.0,1.0,0.0,0.0,0.0,0.0,0.0,0.0,0.0,0.0
26.0261,0.9982254997715143,0.059508731721049306,0.002135990370467692,0.0,0.0,0.0,9.8095,0.0,3.0,1.0,0.0,0.0,0.0,0.0,0.0,0.0,0.0,0.0
26.0464,0.9982254997715143,0.059508731721049306,0.002135990370467692,0.0,0.0,0.0,9.805,0.0,3.0,1.0,0.0,0.0,0.0,0.0,0.0,0.0,0.0,0.0
26.0665,0.9982254997715143,0.059508731721049306,0.002135990370467692,0.0,0.0,0.0,9.8095,0.0,3.0,1.0,0.0,0.0,0.0,0.0,0.0,0.0,0.0,0.0
26.0866,0.9982254997715143,0.059508731721049306,0.002135990370467692,0.0,0.0,0.0,9.8096,0.0,3.0,1.0,0.0,0.0,0.0,0.0,0.0,0.0,0.0,0.0
26.1067,0.9982254997715143,0.059508731721049306,0.002135990370467692,0.0,0.0,0.0,9.8049,0.0,3.0,1.0,0.0,0.0,0.0,0.0,0.0,0.0,0.0,0.0
26.1268,0.9982254997715143,0.059508731721049306,0.002135990370467692,0.0,0.0,0.0,9.7622,0.0,3.0,1.0,0.0,0.0,0.0,0.0,0.0,0.0,0.0,0.0
26.1469,0.9982254979143325,0.059508731610334306,0.002135990366493718,-6.099972488587957e-05,0.0,0.0,9.8483,0.0,3.0,1.0,0.0,0.0,0.0,0.0,0.0,0.0,0.0,0.0
26.167,0.9982254997715143,0.059508731721049306,0.002135990370467692,0.0,0.0,0.0,9.805,0.0,3.0,1.0,0.0,0.0,0.0,0.0,0.0,0.0,0.0,0.0
26.1871,0.9982291196516462,0.059447947572253954,0.0021359981162416726,-6.099994620362148e-05,0.0,0.0,9.805,0.0,3.0,1.0,0.0,0.0,0.0,0.0,0.0,0.0,0.0,0.0
26.2072,0.9982254979143325,0.059508731610334306,0.002135990366493718,-6.099972488587957e-05,0.0,0.0,9.8096,0.0,3.0,1.0,0.0,0.0,0.0,0.0,0.0,0.0,0.0,0.0
26.2272,0.9982254979143325,0.059508731610334306,0.002135990366493718,-6.099972488587957e-05,0.0,0.0,9.767,0.0,3.0,1.0,0.0,0.0,0.0,0.0,0.0,0.0,0.0,0.0
26.2473,0.9982256261207918,0.05950873925330054,0.0020749909081080042,-6.0999732720334876e-05,0.0,0.0,9.8049,0.0,3.0,1.0,0.0,0.0,0.0,0.0,0.0,0.0,0.0,0.0
26.2674,0.9982256261207918,0.05950873925330054,0.0020749909081080042,-6.0999732720334876e-05,0.0,0.0,9.805,0.0,3.0,1.0,0.0,0.0,0.0,0.0,0.0,0.0,0.0,0.0
26.2875,0.9982256261207918,0.05950873925330054,0.0020749909081080042,-6.0999732720334876e-05,0.0,0.0,9.767,0.0,3.0,1.0,0.0,0.0,0.0,0.0,0.0,0.0,0.0,0.0
26.3075,0.9982256279779742,0.05950873936401558,0.002074990911968489,0.0,0.0,0.0,9.8095,0.0,3.0,1.0,0.0,0.0,0.0,0.0,0.0,0.0,0.0,0.0
26.3276,0.9982256279779742,0.05950873936401558,0.002074990911968489,0.0,0.0,0.0,9.8049,0.0,3.0,1.0,0.0,0.0,0.0,0.0,0.0,0.0,0.0,0.0
26.3477,0.9982256261207918,0.05950873925330054,0.0020749909081080042,-6.0999732720334876e-05,0.0,0.0,9.8096,0.0,3.0,1.0,0.0,0.0,0.0,0.0,0.0,0.0,0.0,0.0
26.3677,0.9982256261207918,0.05950873925330054,0.0020749909081080042,-6.0999732720334876e-05,0.0,0.0,9.8049,0.0,3.0,1.0,0.0,0.0,0.0,0.0,0.0,0.0,0.0,0.0
26.3878,0.998225750612934,0.05950874667483956,0.0020139914265594645,-6.0999740327749574e-05,0.0,0.0,9.7624,0.0,3.0,1.0,0.0,0.0,0.0,0.0,0.0,0.0,0.0,0.0
26.4079,0.998225750612934,0.05950874667483956,0.0020139914265594645,-6.0999740327749574e-05,0.0,0.0,9.8095,0.0,3.0,1.0,0.0,0.0,0.0,0.0,0.0,0.0,0.0,0.0
26.4279,0.998225750612934,0.05950874667483956,0.0020139914265594645,-6.0999740327749574e-05,0.0,0.0,9.7622,0.0,3.0,1.0,0.0,0.0,0.0,0.0,0.0,0.0,0.0,0.0
26.448,0.998225752470117,0.05950874678555463,0.0020139914303064707,0.0,0.0,0.0,9.8049,0.0,3.0,1.0,0.0,0.0,0.0,0.0,0.0,0.0,0.0,0.0
26.4681,0.9982220025643408,0.05956952274802178,0.0020749833758963586,0.0,0.0,0.0,9.8061,0.0,3.0,1.0,0.0,0.0,0.0,0.0,0.0,0.0,0.0,0.0
26.4881,0.9982220025643408,0.05956952274802178,0.0020749833758963586,0.0,0.0,0.0,9.8096,0.0,3.0,1.0,0.0,0.0,0.0,0.0,0.0,0.0,0.0,0.0
26.5082,0.9982256279779742,0.05950873936401558,0.002074990911968489,0.0,0.0,0.0,9.805,0.0,3.0,1.0,0.0,0.0,0.0,0.0,0.0,0.0,0.0,0.0
26.5283,0.998225752470117,0.05950874678555463,0.0020139914303064707,0.0,0.0,0.0,9.8095,0.0,3.0,1.0,0.0,0.0,0.0,0.0,0.0,0.0,0.0,0.0
26.5483,0.9982221270551273,0.059569530177087375,0.002013984115773953,0.0,0.0,0.0,9.8095,0.0,3.0,1.0,0.0,0.0,0.0,0.0,0.0,0.0,0.0,0.0
26.5684,0.9982221270551273,0.059569530177087375,0.002013984115773953,0.0,0.0,0.0,9.8015,0.0,3.0,1.0,0.0,0.0,0.0,0.0,0.0,0.0,0.0,0.0
26.5885,0.9982220025643408,0.05956952274802178,0.0020749833758963586,0.0,0.0,0.0,9.7624,0.0,3.0,1.0,0.0,0.0,0.0,0.0,0.0,0.0,0.0,0.0
26.6085,0.9982221270551273,0.059569530177087375,0.002013984115773953,0.0,0.0,0.0,9.8104,0.0,3.0,1.0,0.0,0.0,0.0,0.0,0.0,0.0,0.0,0.0
26.6286,0.9982221270551273,0.059569530177087375,0.002013984115773953,0.0,0.0,0.0,9.8095,0.0,3.0,1.0,0.0,0.0,0.0,0.0,0.0,0.0,0.0,0.0
26.6487,0.9982221270551273,0.059569530177087375,0.002013984115773953,0.0,0.0,0.0,9.805,0.0,3.0,1.0,0.0,0.0,0.0,0.0,0.0,0.0,0.0,0.0
26.6687,0.9982221270551273,0.059569530177087375,0.002013984115773953,0.0,0.0,0.0,9.8403,0.0,3.0,1.0,0.0,0.0,0.0,0.0,0.0,0.0,0.0,0.0
26.6888,0.9982221251979643,0.05956953006626002,0.0020139841120269987,-6.0999518785354034e-05,0.0,0.0,9.8061,0.0,3.0,1.0,0.0,0.0,0.0,0.0,0.0,0.0,0.0,0.0
26.7089,0.9982222478316329,0.05956953738450095,0.0019529848331698955,0.0,0.0,0.0,9.8049,0.0,3.0,1.0,0.0,0.0,0.0,0.0,0.0,0.0,0.0,0.0
26.729,0.9982222478316329,0.05956953738450095,0.0019529848331698955,0.0,0.0,0.0,9.8829,0.0,3.0,1.0,0.0,0.0,0.0,0.0,0.0,0.0,0.0,0.0
26.7491,0.9982184979653526,0.0596303129060156,0.0020139767938272997,0.0,0.0,0.0,9.8065,0.0,3.0,1.0,0.0,0.0,0.0,0.0,0.0,0.0,0.0,0.0
26.7691,0.9982149841176609,0.059691102082637684,0.0019529706219827102,6.099908240703167e-05,0.0,0.0,9.801,0.0,3.0,1.0,0.0,0.0,0.0,0.0,0.0,0.0,0.0,0.0
26.7892,0.9982151011773264,0.05969110908255308,0.0018919717614452672,6.099908956042066e-05,0.0,0.0,9.7328,0.0,3.0,1.0,0.0,0.0,0.0,0.0,0.0,0.0,0.0,0.0
26.8093,0.9982113476773796,0.059751883491546504,0.0019529635074220682,6.0998860190897286e-05,0.0,0.0,9.791,0.0,3.0,1.0,0.0,0.0,0.0,0.0,0.0,0.0,0.0,0.0
26.8293,0.9982111042752235,0.05975186892174893,0.002074960721848769,0.0,0.0,0.0,9.7726,0.0,3.0,1.0,0.0,0.0,0.0,0.0,0.0,0.0,0.0,0.0
26.8494,0.9982146125105794,0.05969107986133609,0.0021359670740436665,0.0,0.0,0.0,9.8453,0.0,3.0,1.0,0.0,0.0,0.0,0.0,0.0,0.0,0.0,0.0
26.8695,0.9982147388557228,0.05969108741650303,0.0020749682769758866,-6.0999067419520436e-05,0.0,0.0,9.7755,0.0,3.0,1.0,0.0,0.0,0.0,0.0,0.0,0.0,0.0,0.0
26.8896,0.9982147388557228,0.05969108741650303,0.0020749682769758866,-6.0999067419520436e-05,0.0,0.0,9.7622,0.0,3.0,1.0,0.0,0.0,0.0,0.0,0.0,0.0,0.0,0.0
26.9096,0.998218371618782,0.0596303053584841,0.0020749758283251166,-6.099928941100119e-05,0.0,0.0,9.8095,0.0,3.0,1.0,0.0,0.0,0.0,0.0,0.0,0.0,0.0,0.0
26.9297,0.9982218725021161,0.059569514986477126,0.0021359826088822448,-6.099950334348403e-05,0.0,0.0,9.7668,0.0,3.0,1.0,0.0,0.0,0.0,0.0,0.0,0.0,0.0,0.0
26.9498,0.9982218725021161,0.059569514986477126,0.0021359826088822448,-6.099950334348403e-05,0.0,0.0,9.8105,0.0,3.0,1.0,0.0,0.0,0.0,0.0,0.0,0.0,0.0,0.0
26.9698,0.998228707170382,0.059447923007588305,0.0023189969966121333,-0.00012199984199512404,0.0,0.0,9.8061,0.0,3.0,1.0,0.0,0.0,0.0,0.0,0.0,0.0,0.0,0.0
26.9899,0.998228707170382,0.059447923007588305,0.0023189969966121333,-0.00012199984199512404,0.0,0.0,9.8061,0.0,3.0,1.0,0.0,0.0,0.0,0.0,0.0,0.0,0.0,0.0
27.01,0.998228564105144,0.059447914487565603,0.0023799965765106783,-0.00012199982451027713,0.0,0.0,9.8152,0.0,3.0,1.0,0.0,0.0,0.0,0.0,0.0,0.0,0.0,0.0
27.03,0.9982320260941341,0.05938712053700284,0.002441004954465198,-0.00018300037143265113,0.0,0.0,9.7755,0.0,3.0,1.0,0.0,0.0,0.0,0.0,0.0,0.0,0.0,0.0
27.0501,0.9982357872563097,0.059326343943547896,0.0023800137980926543,-0.0001830010609458199,0.0,0.0,9.7668,0.0,3.0,1.0,0.0,0.0,0.0,0.0,0.0,0.0,0.0,0.0
27.0702,0.9982392511777116,0.05926554924320756,0.0024410226221660424,-0.0001830016959673553,0.0,0.0,9.8108,0.0,3.0,1.0,0.0,0.0,0.0,0.0,0.0,0.0,0.0,0.0
27.0903,0.9982426947051174,0.05920475290997242,0.002502031818470904,-0.00024400310300037864,0.0,0.0,9.767,0.0,3.0,1.0,0.0,0.0,0.0,0.0,0.0,0.0,0.0,0.0
27.1104,0.9982494045373627,0.05908314849170679,0.0026860522130043823,-0.00030500592887805483,0.0,0.0,9.8025,0.0,3.0,1.0,0.0,0.0,0.0,0.0,0.0,0.0,0.0,0.0
27.1304,0.9982524931146746,0.05902232992007975,0.002869064647171505,-0.0003050068725644062,0.0,0.0,9.8117,0.0,3.0,1.0,0.0,0.0,0.0,0.0,0.0,0.0,0.0,0.0
27.1505,0.9982558884270838,0.05896152908814689,0.0029300759875894,-0.00036600949196513577,0.0,0.0,9.7717,0.0,3.0,1.0,0.0,0.0,0.0,0.0,0.0,0.0,0.0,0.0
27.1706,0.998263249588771,0.058836364426108324,0.00292991855210065,-0.00042698813028901883,0.0,0.0,9.8705,0.0,3.0,1.0,0.0,0.0,0.0,0.0,0.0,0.0,0.0,0.0
27.1907,0.998270431751584,0.05871479024725858,0.002929939631863006,-0.0003659924591338237,0.0,0.0,9.9643,0.0,3.0,1.0,0.0,0.0,0.0,0.0,0.0,0.0,0.0,0.0
27.2108,0.9982704521808463,0.05871479144883664,0.0029299396918232162,-0.0003049937221863974,0.0,0.0,9.5944,0.0,3.0,1.0,0.0,0.0,0.0,0.0,0.0,0.0,0.0,0.0
27.2309,0.9982630934651225,0.05883635522437935,0.0029909163886624184,-0.0003659897687229297,0.0,0.0,9.6577,0.0,3.0,1.0,0.0,0.0,0.0,0.0,0.0,0.0,0.0,0.0
27.251,0.9982593172068066,0.05890072981593793,0.0029910878432481205,-0.0003050089576030479,0.0,0.0,9.8197,0.0,3.0,1.0,0.0,0.0,0.0,0.0,0.0,0.0,0.0,0.0
27.271,0.9982596740657339,0.05890075087184081,0.0028690852858505554,-0.00030500906663794014,0.0,0.0,9.8484,0.0,3.0,1.0,0.0,0.0,0.0,0.0,0.0,0.0,0.0,0.0
27.2911,0.9982668750087348,0.05877557957788701,0.002929929192766037,-0.00030499262928113113,0.0,0.0,9.7931,0.0,3.0,1.0,0.0,0.0,0.0,0.0,0.0,0.0,0.0,0.0
27.3112,0.9982668545796921,0.05877557837507357,0.002929929132806472,-0.0003659911476475153,0.0,0.0,9.8484,0.0,3.0,1.0,0.0,0.0,0.0,0.0,0.0,0.0,0.0,0.0
27.3312,0.9982706287372206,0.05871480183326769,0.002868941454793335,-0.00030499377612835943,0.0,0.0,9.7624,0.0,3.0,1.0,0.0,0.0,0.0,0.0,0.0,0.0,0.0,0.0
27.3513,0.9982706287372206,0.05871480183326769,0.002868941454793335,-0.00030499377612835943,0.0,0.0,9.8096,0.0,3.0,1.0,0.0,0.0,0.0,0.0,0.0,0.0,0.0,0.0
27.3714,0.998274025676962,0.05865400266663949,0.0029299501800912793,-0.0003049948139685621,0.0,0.0,9.8019,0.0,3.0,1.0,0.0,0.0,0.0,0.0,0.0,0.0,0.0,0.0
27.3914,0.9982775750672617,0.05859321203285527,0.0029299605976083956,-0.00036599507806311937,0.0,0.0,9.8015,0.0,3.0,1.0,0.0,0.0,0.0,0.0,0.0,0.0,0.0,0.0
27.4115,0.9982775750672617,0.05859321203285527,0.0029299605976083956,-0.00036599507806311937,0.0,0.0,9.7712,0.0,3.0,1.0,0.0,0.0,0.0,0.0,0.0,0.0,0.0,0.0
27.4316,0.9982813177728553,0.05853243229999924,0.0028689721741359357,-0.0003659964502383817,0.0,0.0,9.8096,0.0,3.0,1.0,0.0,0.0,0.0,0.0,0.0,0.0,0.0,0.0
27.4516,0.9982848560972208,0.058471640138713754,0.002868982342967067,-0.00042699737206236543,0.0,0.0,9.7967,0.0,3.0,1.0,0.0,0.0,0.0,0.0,0.0,0.0,0.0,0.0
27.4717,0.9982848802419412,0.058471641552920735,0.002868982412356853,-0.0003659977563341688,0.0,0.0,9.8008,0.0,3.0,1.0,0.0,0.0,0.0,0.0,0.0,0.0,0.0,0.0
27.4918,0.9982813177728553,0.05853243229999924,0.0028689721741359357,-0.0003659964502383817,0.0,0.0,9.8095,0.0,3.0,1.0,0.0,0.0,0.0,0.0,0.0,0.0,0.0,0.0
27.5119,0.9982811412108096,0.05853242194760077,0.002929971064296558,-0.0003659963855059401,0.0,0.0,9.8061,0.0,3.0,1.0,0.0,0.0,0.0,0.0,0.0,0.0,0.0,0.0
27.5319,0.9982811412108096,0.05853242194760077,0.002929971064296558,-0.0003659963855059401,0.0,0.0,9.8061,0.0,3.0,1.0,0.0,0.0,0.0,0.0,0.0,0.0,0.0,0.0
27.552,0.9982811412108096,0.05853242194760077,0.002929971064296558,-0.0003659963855059401,0.0,0.0,9.805,0.0,3.0,1.0,0.0,0.0,0.0,0.0,0.0,0.0,0.0,0.0
27.5721,0.9982848802419412,0.058471641552920735,0.002868982412356853,-0.0003659977563341688,0.0,0.0,9.8095,0.0,3.0,1.0,0.0,0.0,0.0,0.0,0.0,0.0,0.0,0.0
27.5921,0.9982848802419412,0.058471641552920735,0.002868982412356853,-0.0003659977563341688,0.0,0.0,9.7965,0.0,3.0,1.0,0.0,0.0,0.0,0.0,0.0,0.0,0.0,0.0
27.6122,0.9982847036780051,0.058471631211200255,0.0029299815201945766,-0.000365997691601172,0.0,0.0,9.8355,0.0,3.0,1.0,0.0,0.0,0.0,0.0,0.0,0.0,0.0,0.0
27.6323,0.9982847036780051,0.058471631211200255,0.0029299815201945766,-0.000365997691601172,0.0,0.0,9.6499,0.0,3.0,1.0,0.0,0.0,0.0,0.0,0.0,0.0,0.0,0.0
27.6523,0.9982807527989963,0.05853239917377162,0.0030519686720029936,-0.0004269956169546396,0.0,0.0,10.1956,0.0,3.0,1.0,0.0,0.0,0.0,0.0,0.0,0.0,0.0,0.0
27.6724,0.9982816597536182,0.0585324523514271,0.0027469742984191983,-0.0003659965756175887,0.0,0.0,9.7558,0.0,3.0,1.0,0.0,0.0,0.0,0.0,0.0,0.0,0.0,0.0
27.6925,0.9982823016398287,0.05853248998727235,0.0025019781994457153,-0.00036599681095011993,0.0,0.0,9.6816,0.0,3.0,1.0,0.0,0.0,0.0,0.0,0.0,0.0,0.0,0.0
27.7125,0.9982847036780051,0.058471631211200255,0.0029299815201945766,-0.000365997691601172,0.0,0.0,9.88,0.0,3.0,1.0,0.0,0.0,0.0,0.0,0.0,0.0,0.0,0.0
27.7326,0.998280589238086,0.05853238958367139,0.003112967535816882,-0.0003659961831381509,0.0,0.0,9.8525,0.0,3.0,1.0,0.0,0.0,0.0,0.0,0.0,0.0,0.0,0.0
27.7527,0.9982775954969625,0.05859321323196244,0.002929960657569893,-0.00030499590462762516,0.0,0.0,9.8071,0.0,3.0,1.0,0.0,0.0,0.0,0.0,0.0,0.0,0.0,0.0
27.7728,0.9982708015792732,0.05871481199923529,0.002807943185739039,-0.00030499382893534044,0.0,0.0,9.8153,0.0,3.0,1.0,0.0,0.0,0.0,0.0,0.0,0.0,0.0,0.0
27.7928,0.9982752027962569,0.058654071828769805,0.0025019604077330566,-0.00024399613888370641,0.0,0.0,9.7985,0.0,3.0,1.0,0.0,0.0,0.0,0.0,0.0,0.0,0.0,0.0
27.8129,0.9982753662936267,0.0586540814351253,0.002440961772792454,-0.00018299713413394428,0.0,0.0,9.8746,0.0,3.0,1.0,0.0,0.0,0.0,0.0,0.0,0.0,0.0,0.0
27.833,0.9982716422879866,0.058714861446794,0.002501951484090864,-0.00018299645147418223,0.0,0.0,9.8095,0.0,3.0,1.0,0.0,0.0,0.0,0.0,0.0,0.0,0.0,0.0
27.8531,0.9982680651030813,0.058775649647811914,0.0025019425186522948,-0.00018299579572872426,0.0,0.0,9.8095,0.0,3.0,1.0,0.0,0.0,0.0,0.0,0.0,0.0,0.0,0.0
27.8731,0.9982644842422862,0.05883643719501392,0.002501933544000908,-0.00018299513930947198,0.0,0.0,9.7781,0.0,3.0,1.0,0.0,0.0,0.0,0.0,0.0,0.0,0.0,0.0
27.8932,0.9982644842422862,0.05883643719501392,0.002501933544000908,-0.00018299513930947198,0.0,0.0,9.7775,0.0,3.0,1.0,0.0,0.0,0.0,0.0,0.0,0.0,0.0,0.0
27.9133,0.9982646347341765,0.058836446064814245,0.002440935532210687,-0.00018299516689662676,0.0,0.0,9.801,0.0,3.0,1.0,0.0,0.0,0.0,0.0,0.0,0.0,0.0,0.0
27.9334,0.9982685054406455,0.0587756755738405,0.0023189477458144675,-0.00018299587644854398,0.0,0.0,9.7967,0.0,3.0,1.0,0.0,0.0,0.0,0.0,0.0,0.0,0.0,0.0
27.9534,0.9982722219823175,0.05871489554239571,0.0022579575266491216,-0.00018299655773990064,0.0,0.0,9.8438,0.0,3.0,1.0,0.0,0.0,0.0,0.0,0.0,0.0,0.0,0.0
27.9735,0.9982724988293413,0.058714911825573514,0.0021359604138467413,-0.00012199773899307377,0.0,0.0,9.7583,0.0,3.0,1.0,0.0,0.0,0.0,0.0,0.0,0.0,0.0,0.0
27.9936,0.9982724895432558,0.05871491127939828,0.0021359603939777143,-0.00018299660678738894,0.0,0.0,9.767,0.0,3.0,1.0,0.0,0.0,0.0,0.0,0.0,0.0,0.0,0.0
28.0136,0.9982723576199761,0.05871490352013042,0.002196958972575228,-0.00018299658260412246,0.0,0.0,9.8061,0.0,3.0,1.0,0.0,0.0,0.0,0.0,0.0,0.0,0.0,0.0
28.0337,0.9982723576199761,0.05871490352013042,0.002196958972575228,-0.00018299658260412246,0.0,0.0,9.8019,0.0,3.0,1.0,0.0,0.0,0.0,0.0,0.0,0.0,0.0,0.0
28.0538,0.9982724895432558,0.05871491127939828,0.0021359603939777143,-0.00018299660678738894,0.0,0.0,9.8438,0.0,3.0,1.0,0.0,0.0,0.0,0.0,0.0,0.0,0.0,0.0
28.0738,0.9982726177521521,0.058714918820199066,0.002074961791537464,-0.00018299663028981117,0.0,0.0,9.8095,0.0,3.0,1.0,0.0,0.0,0.0,0.0,0.0,0.0,0.0,0.0
28.0939,0.9982727515327535,0.058714926688708154,0.002013963184669569,-0.00012199776987570356,0.0,0.0,9.8397,0.0,3.0,1.0,0.0,0.0,0.0,0.0,0.0,0.0,0.0,0.0
28.114,0.9982763157673697,0.0586541372218472,0.002013970375326926,-0.00018299730818510662,0.0,0.0,9.7965,0.0,3.0,1.0,0.0,0.0,0.0,0.0,0.0,0.0,0.0,0.0
28.134,0.9982726177521521,0.058714918820199066,0.002074961791537464,-0.00018299663028981117,0.0,0.0,9.8061,0.0,3.0,1.0,0.0,0.0,0.0,0.0,0.0,0.0,0.0,0.0
28.1541,0.9982691650499309,0.0587757144100666,0.002013955949127632,-0.00018299599736354422,0.0,0.0,9.8049,0.0,3.0,1.0,0.0,0.0,0.0,0.0,0.0,0.0,0.0,0.0
28.1742,0.9982691743359238,0.05877571495680377,0.0020139559678616394,-0.00012199733271056612,0.0,0.0,9.805,0.0,3.0,1.0,0.0,0.0,0.0,0.0,0.0,0.0,0.0,0.0
28.1943,0.9982690405567605,0.058775707080204784,0.0020749543561499433,-0.00018299597454241034,0.0,0.0,9.8065,0.0,3.0,1.0,0.0,0.0,0.0,0.0,0.0,0.0,0.0,0.0
28.2143,0.9982691743359238,0.05877571495680377,0.0020139559678616394,-0.00012199733271056612,0.0,0.0,9.8397,0.0,3.0,1.0,0.0,0.0,0.0,0.0,0.0,0.0,0.0,0.0
28.2344,0.9982692951147456,0.05877572206797357,0.0019529575377911913,-0.00012199734747087018,0.0,0.0,9.8483,0.0,3.0,1.0,0.0,0.0,0.0,0.0,0.0,0.0,0.0,0.0
28.2545,0.9982691743359238,0.05877571495680377,0.0020139559678616394,-0.00012199733271056612,0.0,0.0,9.805,0.0,3.0,1.0,0.0,0.0,0.0,0.0,0.0,0.0,0.0,0.0
28.2746,0.9982655934631919,0.058836502571081264,0.0020139487436377605,-0.00012199689509628797,0.0,0.0,9.8049,0.0,3.0,1.0,0.0,0.0,0.0,0.0,0.0,0.0,0.0,0.0
28.2946,0.9982657142407141,0.05883650968955459,0.0019529505323719436,-0.000121996909856259,0.0,0.0,9.8095,0.0,3.0,1.0,0.0,0.0,0.0,0.0,0.0,0.0,0.0,0.0
28.3147,0.9982655990347278,0.05883650289946049,0.00201394875487804,-6.0998447888538365e-05,0.0,0.0,9.801,0.0,3.0,1.0,0.0,0.0,0.0,0.0,0.0,0.0,0.0,0.0
28.3348,0.9982655990347278,0.05883650289946049,0.00201394875487804,-6.0998447888538365e-05,0.0,0.0,9.801,0.0,3.0,1.0,0.0,0.0,0.0,0.0,0.0,0.0,0.0,0.0
28.3548,0.9982655990347278,0.05883650289946049,0.00201394875487804,-6.0998447888538365e-05,0.0,0.0,9.805,0.0,3.0,1.0,0.0,0.0,0.0,0.0,0.0,0.0,0.0,0.0
28.3749,0.998265719812252,0.05883651001793393,0.0019529505432717906,-6.099845526857939e-05,0.0,0.0,9.8437,0.0,3.0,1.0,0.0,0.0,0.0,0.0,0.0,0.0,0.0,0.0
28.395,0.9982655990347278,0.05883650289946049,0.00201394875487804,-6.0998447888538365e-05,0.0,0.0,9.8049,0.0,3.0,1.0,0.0,0.0,0.0,0.0,0.0,0.0,0.0,0.0
28.415,0.9982655990347278,0.05883650289946049,0.00201394875487804,-6.0998447888538365e-05,0.0,0.0,9.8095,0.0,3.0,1.0,0.0,0.0,0.0,0.0,0.0,0.0,0.0,0.0
28.4351,0.9982655990347278,0.05883650289946049,0.00201394875487804,-6.0998447888538365e-05,0.0,0.0,9.8096,0.0,3.0,1.0,0.0,0.0,0.0,0.0,0.0,0.0,0.0,0.0
28.4552,0.9982620144861531,0.058897289859589974,0.00201394152323834,-6.099822885669015e-05,0.0,0.0,9.7755,0.0,3.0,1.0,0.0,0.0,0.0,0.0,0.0,0.0,0.0,0.0
28.4752,0.9982655990347278,0.05883650289946049,0.00201394875487804,-6.0998447888538365e-05,0.0,0.0,9.8049,0.0,3.0,1.0,0.0,0.0,0.0,0.0,0.0,0.0,0.0,0.0
28.4953,0.9982655990347278,0.05883650289946049,0.00201394875487804,-6.0998447888538365e-05,0.0,0.0,9.805,0.0,3.0,1.0,0.0,0.0,0.0,0.0,0.0,0.0,0.0,0.0
28.5154,0.9982691799075196,0.05877571528484609,0.0020139559791020408,-6.0998666695677446e-05,0.0,0.0,9.8049,0.0,3.0,1.0,0.0,0.0,0.0,0.0,0.0,0.0,0.0,0.0
28.5354,0.9982693006863435,0.058775722396016,0.0019529575486911463,-6.0998674075884995e-05,0.0,0.0,9.8095,0.0,3.0,1.0,0.0,0.0,0.0,0.0,0.0,0.0,0.0,0.0
28.5555,0.9982655990347278,0.05883650289946049,0.00201394875487804,-6.0998447888538365e-05,0.0,0.0,9.8096,0.0,3.0,1.0,0.0,0.0,0.0,0.0,0.0,0.0,0.0,0.0
28.5756,0.9982690554143436,0.05877570795498394,0.0020749543870322087,-6.099865908859581e-05,0.0,0.0,9.763,0.0,3.0,1.0,0.0,0.0,0.0,0.0,0.0,0.0,0.0,0.0
28.5957,0.9982690554143436,0.05877570795498394,0.0020749543870322087,-6.099865908859581e-05,0.0,0.0,9.8095,0.0,3.0,1.0,0.0,0.0,0.0,0.0,0.0,0.0,0.0,0.0
28.6157,0.9982693006863435,0.058775722396016,0.0019529575486911463,-6.0998674075884995e-05,0.0,0.0,9.805,0.0,3.0,1.0,0.0,0.0,0.0,0.0,0.0,0.0,0.0,0.0
28.6358,0.9982691799075196,0.05877571528484609,0.0020139559791020408,-6.0998666695677446e-05,0.0,0.0,9.8362,0.0,3.0,1.0,0.0,0.0,0.0,0.0,0.0,0.0,0.0,0.0
28.6559,0.9982690554143436,0.05877570795498394,0.0020749543870322087,-6.099865908859581e-05,0.0,0.0,9.7974,0.0,3.0,1.0,0.0,0.0,0.0,0.0,0.0,0.0,0.0,0.0
28.6759,0.9982690554143436,0.05877570795498394,0.0020749543870322087,-6.099865908859581e-05,0.0,0.0,9.7668,0.0,3.0,1.0,0.0,0.0,0.0,0.0,0.0,0.0,0.0,0.0
28.696,0.9982655990347278,0.05883650289946049,0.00201394875487804,-6.0998447888538365e-05,0.0,0.0,9.8096,0.0,3.0,1.0,0.0,0.0,0.0,0.0,0.0,0.0,0.0,0.0
28.7161,0.9982654764000695,0.05883649567152994,0.002074946947864056,0.0,0.0,0.0,9.767,0.0,3.0,1.0,0.0,0.0,0.0,0.0,0.0,0.0,0.0,0.0
28.7361,0.9982691817647182,0.058775715394193524,0.0020139559828488388,0.0,0.0,0.0,9.8353,0.0,3.0,1.0,0.0,0.0,0.0,0.0,0.0,0.0,0.0,0.0
28.7562,0.9982691817647182,0.058775715394193524,0.0020139559828488388,0.0,0.0,0.0,9.7624,0.0,3.0,1.0,0.0,0.0,0.0,0.0,0.0,0.0,0.0,0.0
28.7763,0.9982656008919064,0.05883650300892024,0.0020139487586248034,0.0,0.0,0.0,9.805,0.0,3.0,1.0,0.0,0.0,0.0,0.0,0.0,0.0,0.0,0.0
28.7963,0.9982657216694313,0.05883651012739371,0.0019529505469050717,0.0,0.0,0.0,9.8049,0.0,3.0,1.0,0.0,0.0,0.0,0.0,0.0,0.0,0.0,0.0
28.8164,0.9982657216694313,0.05883651012739371,0.0019529505469050717,0.0,0.0,0.0,9.8438,0.0,3.0,1.0,0.0,0.0,0.0,0.0,0.0,0.0,0.0,0.0
28.8365,0.9982656008919064,0.05883650300892024,0.0020139487586248034,0.0,0.0,0.0,9.8403,0.0,3.0,1.0,0.0,0.0,0.0,0.0,0.0,0.0,0.0,0.0
28.8566,0.9982656008919064,0.05883650300892024,0.0020139487586248034,0.0,0.0,0.0,9.767,0.0,3.0,1.0,0.0,0.0,0.0,0.0,0.0,0.0,0.0,0.0
28.8766,0.9982657216694313,0.05883651012739371,0.0019529505469050717,0.0,0.0,0.0,9.8095,0.0,3.0,1.0,0.0,0.0,0.0,0.0,0.0,0.0,0.0,0.0
28.8967,0.9982657198122521,0.05883651001793394,0.0019529505432717906,6.09984552686349e-05,0.0,0.0,9.8397,0.0,3.0,1.0,0.0,0.0,0.0,0.0,0.0,0.0,0.0,0.0
28.9168,0.9982693006863435,0.058775722396016,0.0019529575486911463,6.0998674075884995e-05,0.0,0.0,9.801,0.0,3.0,1.0,0.0,0.0,0.0,0.0,0.0,0.0,0.0,0.0
28.9368,0.9982693006863435,0.058775722396016,0.0019529575486911463,6.0998674075884995e-05,0.0,0.0,9.8104,0.0,3.0,1.0,0.0,0.0,0.0,0.0,0.0,0.0,0.0,0.0
28.9569,0.9982657216694313,0.05883651012739371,0.0019529505469050717,0.0,0.0,0.0,9.8105,0.0,3.0,1.0,0.0,0.0,0.0,0.0,0.0,0.0,0.0,0.0
28.977,0.9982656008919064,0.05883650300892024,0.0020139487586248034,0.0,0.0,0.0,9.8438,0.0,3.0,1.0,0.0,0.0,0.0,0.0,0.0,0.0,0.0,0.0
28.997,0.9982691817647182,0.058775715394193524,0.0020139559828488388,0.0,0.0,0.0,9.7974,0.0,3.0,1.0,0.0,0.0,0.0,0.0,0.0,0.0,0.0,0.0
29.0171,0.9982693006863435,0.058775722396016,0.0019529575486911463,6.0998674075884995e-05,0.0,0.0,9.8008,0.0,3.0,1.0,0.0,0.0,0.0,0.0,0.0,0.0,0.0,0.0
29.0372,0.9982693025435428,0.05877572250536348,0.0019529575523244693,0.0,0.0,0.0,9.7622,0.0,3.0,1.0,0.0,0.0,0.0,0.0,0.0,0.0,0.0,0.0
29.0572,0.9982693006863435,0.058775722396016,0.0019529575486911463,6.0998674075884995e-05,0.0,0.0,9.8096,0.0,3.0,1.0,0.0,0.0,0.0,0.0,0.0,0.0,0.0,0.0
29.0773,0.9982693025435428,0.05877572250536348,0.0019529575523244693,0.0,0.0,0.0,9.8397,0.0,3.0,1.0,0.0,0.0,0.0,0.0,0.0,0.0,0.0,0.0
29.0974,0.9982693006863435,0.058775722396016,0.0019529575486911463,6.0998674075884995e-05,0.0,0.0,9.8096,0.0,3.0,1.0,0.0,0.0,0.0,0.0,0.0,0.0,0.0,0.0
29.1174,0.9982693006863435,0.058775722396016,0.0019529575486911463,6.0998674075884995e-05,0.0,0.0,9.8049,0.0,3.0,1.0,0.0,0.0,0.0,0.0,0.0,0.0,0.0,0.0
29.1375,0.9982691799075196,0.05877571528484609,0.0020139559791020408,6.0998666695677446e-05,0.0,0.0,9.8095,0.0,3.0,1.0,0.0,0.0,0.0,0.0,0.0,0.0,0.0,0.0
29.1576,0.9982691799075196,0.05877571528484609,0.0020139559791020408,6.0998666695677446e-05,0.0,0.0,9.805,0.0,3.0,1.0,0.0,0.0,0.0,0.0,0.0,0.0,0.0,0.0
29.1776,0.9982691743359238,0.05877571495680377,0.0020139559678616394,0.00012199733271056612,0.0,0.0,9.7583,0.0,3.0,1.0,0.0,0.0,0.0,0.0,0.0,0.0,0.0,0.0
29.1977,0.9982691743359238,0.05877571495680377,0.0020139559678616394,0.00012199733271056612,0.0,0.0,9.7622,0.0,3.0,1.0,0.0,0.0,0.0,0.0,0.0,0.0,0.0,0.0
29.2178,0.9982692951147456,0.05877572206797357,0.0019529575377911913,0.00012199734747087018,0.0,0.0,9.8095,0.0,3.0,1.0,0.0,0.0,0.0,0.0,0.0,0.0,0.0,0.0
29.2378,0.9982693006863435,0.058775722396016,0.0019529575486911463,6.0998674075884995e-05,0.0,0.0,9.801,0.0,3.0,1.0,0.0,0.0,0.0,0.0,0.0,0.0,0.0,0.0
29.2579,0.9982728778845316,0.05871493412027971,0.0019529645469191887,6.099889265853698e-05,0.0,0.0,9.805,0.0,3.0,1.0,0.0,0.0,0.0,0.0,0.0,0.0,0.0,0.0
29.278,0.9982728778845316,0.05871493412027971,0.0019529645469191887,6.099889265853698e-05,0.0,0.0,9.8096,0.0,3.0,1.0,0.0,0.0,0.0,0.0,0.0,0.0,0.0,0.0
29.298,0.9982727571044092,0.05871492701641353,0.0020139631959100977,6.0998885278273907e-05,0.0,0.0,9.8008,0.0,3.0,1.0,0.0,0.0,0.0,0.0,0.0,0.0,0.0,0.0
29.3181,0.9982727515327535,0.058714926688708154,0.002013963184669569,0.00012199776987570356,0.0,0.0,9.7622,0.0,3.0,1.0,0.0,0.0,0.0,0.0,0.0,0.0,0.0,0.0
29.3382,0.9982727515327535,0.058714926688708154,0.002013963184669569,0.00012199776987570356,0.0,0.0,9.8483,0.0,3.0,1.0,0.0,0.0,0.0,0.0,0.0,0.0,0.0,0.0
29.3583,0.9982726270382413,0.058714919366374504,0.00207496181083908,0.00012199775466131824,0.0,0.0,9.8015,0.0,3.0,1.0,0.0,0.0,0.0,0.0,0.0,0.0,0.0,0.0
29.3783,0.9982726177521521,0.05871491882019907,0.0020749617915374646,0.0001829966302898112,0.0,0.0,9.7974,0.0,3.0,1.0,0.0,0.0,0.0,0.0,0.0,0.0,0.0,0.0
29.3984,0.9982726177521521,0.05871491882019907,0.0020749617915374646,0.0001829966302898112,0.0,0.0,9.8095,0.0,3.0,1.0,0.0,0.0,0.0,0.0,0.0,0.0,0.0,0.0
29.4185,0.9982726270382413,0.058714919366374504,0.00207496181083908,0.00012199775466131824,0.0,0.0,9.8096,0.0,3.0,1.0,0.0,0.0,0.0,0.0,0.0,0.0,0.0,0.0
29.4385,0.998272742246661,0.05871492614253253,0.0020139631659353598,0.0001829966531112781,0.0,0.0,9.8008,0.0,3.0,1.0,0.0,0.0,0.0,0.0,0.0,0.0,0.0,0.0
29.4586,0.998269165049931,0.0587757144100666,0.002013955949127632,0.00018299599736354422,0.0,0.0,9.8049,0.0,3.0,1.0,0.0,0.0,0.0,0.0,0.0,0.0,0.0,0.0
29.4787,0.998269165049931,0.0587757144100666,0.002013955949127632,0.00018299599736354422,0.0,0.0,9.8105,0.0,3.0,1.0,0.0,0.0,0.0,0.0,0.0,0.0,0.0,0.0
29.4987,0.9982690405567605,0.05877570708020478,0.0020749543561499463,0.00018299597454246583,0.0,0.0,9.8015,0.0,3.0,1.0,0.0,0.0,0.0,0.0,0.0,0.0,0.0,0.0
29.5188,0.9982690405567605,0.05877570708020478,0.0020749543561499463,0.00018299597454246583,0.0,0.0,9.7974,0.0,3.0,1.0,0.0,0.0,0.0,0.0,0.0,0.0,0.0,0.0
29.5389,0.9982690405567605,0.05877570708020478,0.0020749543561499463,0.00018299597454246583,0.0,0.0,9.8483,0.0,3.0,1.0,0.0,0.0,0.0,0.0,0.0,0.0,0.0,0.0
29.5589,0.998269165049931,0.0587757144100666,0.002013955949127632,0.00018299599736354422,0.0,0.0,9.8095,0.0,3.0,1.0,0.0,0.0,0.0,0.0,0.0,0.0,0.0,0.0
29.579,0.998269165049931,0.0587757144100666,0.002013955949127632,0.00018299599736354422,0.0,0.0,9.8397,0.0,3.0,1.0,0.0,0.0,0.0,0.0,0.0,0.0,0.0,0.0
29.5991,0.9982726177521521,0.05871491882019907,0.0020749617915374646,0.0001829966302898112,0.0,0.0,9.8362,0.0,3.0,1.0,0.0,0.0,0.0,0.0,0.0,0.0,0.0,0.0
29.6191,0.9982726177521521,0.05871491882019907,0.0020749617915374646,0.0001829966302898112,0.0,0.0,9.7624,0.0,3.0,1.0,0.0,0.0,0.0,0.0,0.0,0.0,0.0,0.0
29.6392,0.9982726177521521,0.05871491882019907,0.0020749617915374646,0.0001829966302898112,0.0,0.0,9.8049,0.0,3.0,1.0,0.0,0.0,0.0,0.0,0.0,0.0,0.0,0.0
29.6593,0.9982726177521521,0.05871491882019907,0.0020749617915374646,0.0001829966302898112,0.0,0.0,9.8096,0.0,3.0,1.0,0.0,0.0,0.0,0.0,0.0,0.0,0.0,0.0
29.6793,0.9982761912715241,0.058654129907042385,0.0020749692192841736,0.00018299728536336213,0.0,0.0,9.8008,0.0,3.0,1.0,0.0,0.0,0.0,0.0,0.0,0.0,0.0,0.0
29.6994,0.9982763157673697,0.0586541372218472,0.002013970375326926,0.00018299730818510662,0.0,0.0,9.8049,0.0,3.0,1.0,0.0,0.0,0.0,0.0,0.0,0.0,0.0,0.0
29.7195,0.998276200557713,0.05865413045265623,0.002074969238586008,0.00012199819137703738,0.0,0.0,9.805,0.0,3.0,1.0,0.0,0.0,0.0,0.0,0.0,0.0,0.0,0.0
29.7396,0.9982726270382413,0.058714919366374504,0.00207496181083908,0.00012199775466131824,0.0,0.0,9.767,0.0,3.0,1.0,0.0,0.0,0.0,0.0,0.0,0.0,0.0,0.0
29.7597,0.998276200557713,0.05865413045265623,0.002074969238586008,0.00012199819137703738,0.0,0.0,9.805,0.0,3.0,1.0,0.0,0.0,0.0,0.0,0.0,0.0,0.0,0.0
29.7798,0.998276200557713,0.05865413045265623,0.002074969238586008,0.00012199819137703738,0.0,0.0,9.8437,0.0,3.0,1.0,0.0,0.0,0.0,0.0,0.0,0.0,0.0,0.0
29.8,0.998276200557713,0.05865413045265623,0.002074969238586008,0.00012199819137703738,0.0,0.0,9.805,0.0,3.0,1.0,0.0,0.0,0.0,0.0,0.0,0.0,0.0,0.0
29.8201,0.9982762061294264,0.058654130780024565,0.0020749692501671087,6.099909602896858e-05,0.0,0.0,9.8484,0.0,3.0,1.0,0.0,0.0,0.0,0.0,0.0,0.0,0.0,0.0
29.8402,0.9982762061294264,0.058654130780024565,0.0020749692501671087,6.099909602896858e-05,0.0,0.0,9.8049,0.0,3.0,1.0,0.0,0.0,0.0,0.0,0.0,0.0,0.0,0.0
29.8603,0.998279775972819,0.0585933412134852,0.0020749766702731036,6.099931416225779e-05,0.0,0.0,9.8437,0.0,3.0,1.0,0.0,0.0,0.0,0.0,0.0,0.0,0.0,0.0
29.8804,0.998279775972819,0.0585933412134852,0.0020749766702731036,6.099931416225779e-05,0.0,0.0,9.8096,0.0,3.0,1.0,0.0,0.0,0.0,0.0,0.0,0.0,0.0,0.0
29.9005,0.9982762061294264,0.058654130780024565,0.0020749692501671087,6.099909602896858e-05,0.0,0.0,9.8096,0.0,3.0,1.0,0.0,0.0,0.0,0.0,0.0,0.0,0.0,0.0
29.9205,0.9982762061294264,0.058654130780024565,0.0020749692501671087,6.099909602896858e-05,0.0,0.0,9.8105,0.0,3.0,1.0,0.0,0.0,0.0,0.0,0.0,0.0,0.0,0.0
29.9406,0.998279775972819,0.0585933412134852,0.0020749766702731036,6.099931416225779e-05,0.0,0.0,9.8008,0.0,3.0,1.0,0.0,0.0,0.0,0.0,0.0,0.0,0.0,0.0
29.9607,0.998279775972819,0.0585933412134852,0.0020749766702731036,6.099931416225779e-05,0.0,0.0,9.8008,0.0,3.0,1.0,0.0,0.0,0.0,0.0,0.0,0.0,0.0,0.0
29.9807,0.9982762061294264,0.058654130780024565,0.0020749692501671087,6.099909602896858e-05,0.0,0.0,9.8015,0.0,3.0,1.0,0.0,0.0,0.0,0.0,0.0,0.0,0.0,0.0
30.0008,0.9982760779191474,0.05865412324697668,0.0021359680718701334,6.099908819484634e-05,0.0,0.0,9.8403,0.0,3.0,1.0,0.0,0.0,0.0,0.0,0.0,0.0,0.0,0.0
30.0209,0.9982762061294264,0.058654130780024565,0.0020749692501671087,6.099909602896858e-05,0.0,0.0,9.7624,0.0,3.0,1.0,0.0,0.0,0.0,0.0,0.0,0.0,0.0,0.0
30.0409,0.9982762061294264,0.058654130780024565,0.0020749692501671087,6.099909602896858e-05,0.0,0.0,9.8095,0.0,3.0,1.0,0.0,0.0,0.0,0.0,0.0,0.0,0.0,0.0
30.061,0.9982762061294264,0.058654130780024565,0.0020749692501671087,6.099909602896858e-05,0.0,0.0,9.8008,0.0,3.0,1.0,0.0,0.0,0.0,0.0,0.0,0.0,0.0,0.0
30.0811,0.998279775972819,0.0585933412134852,0.0020749766702731036,6.099931416225779e-05,0.0,0.0,9.8437,0.0,3.0,1.0,0.0,0.0,0.0,0.0,0.0,0.0,0.0,0.0
30.1011,0.998279775972819,0.0585933412134852,0.0020749766702731036,6.099931416225779e-05,0.0,0.0,9.8437,0.0,3.0,1.0,0.0,0.0,0.0,0.0,0.0,0.0,0.0,0.0
30.1212,0.9982760779191474,0.05865412324697668,0.0021359680718701334,6.099908819484634e-05,0.0,0.0,9.8398,0.0,3.0,1.0,0.0,0.0,0.0,0.0,0.0,0.0,0.0,0.0
30.1412,0.9982760779191474,0.05865412324697668,0.0021359680718701334,6.099908819484634e-05,0.0,0.0,9.8061,0.0,3.0,1.0,0.0,0.0,0.0,0.0,0.0,0.0,0.0,0.0
30.1613,0.9982760779191474,0.05865412324697668,0.0021359680718701334,6.099908819484634e-05,0.0,0.0,9.7757,0.0,3.0,1.0,0.0,0.0,0.0,0.0,0.0,0.0,0.0,0.0
30.1814,0.9982760779191474,0.05865412324697668,0.0021359680718701334,6.099908819484634e-05,0.0,0.0,9.8008,0.0,3.0,1.0,0.0,0.0,0.0,0.0,0.0,0.0,0.0,0.0
30.2015,0.9982762061294264,0.058654130780024565,0.0020749692501671087,6.099909602896858e-05,0.0,0.0,9.8049,0.0,3.0,1.0,0.0,0.0,0.0,0.0,0.0,0.0,0.0,0.0
30.2216,0.998272632609895,0.05871491969407978,0.0020749618224200524,6.0998877671192275e-05,0.0,0.0,9.8104,0.0,3.0,1.0,0.0,0.0,0.0,0.0,0.0,0.0,0.0,0.0
30.2417,0.9982725044009929,0.05871491215327865,0.00213596042576817,6.0998869837070036e-05,0.0,0.0,9.801,0.0,3.0,1.0,0.0,0.0,0.0,0.0,0.0,0.0,0.0,0.0
30.2618,0.9982724988293413,0.058714911825573514,0.0021359604138467413,0.00012199773899307377,0.0,0.0,9.8008,0.0,3.0,1.0,0.0,0.0,0.0,0.0,0.0,0.0,0.0,0.0
30.2819,0.9982724988293413,0.058714911825573514,0.0021359604138467413,0.00012199773899307377,0.0,0.0,9.8147,0.0,3.0,1.0,0.0,0.0,0.0,0.0,0.0,0.0,0.0,0.0
30.302,0.9982725044009929,0.05871491215327865,0.00213596042576817,6.0998869837070036e-05,0.0,0.0,9.8096,0.0,3.0,1.0,0.0,0.0,0.0,0.0,0.0,0.0,0.0,0.0
30.3221,0.998272632609895,0.05871491969407978,0.0020749618224200524,6.0998877671192275e-05,0.0,0.0,9.8008,0.0,3.0,1.0,0.0,0.0,0.0,0.0,0.0,0.0,0.0,0.0
30.3422,0.998272632609895,0.05871491969407978,0.0020749618224200524,6.0998877671192275e-05,0.0,0.0,9.8049,0.0,3.0,1.0,0.0,0.0,0.0,0.0,0.0,0.0,0.0,0.0
30.3623,0.9982725044009929,0.05871491215327865,0.00213596042576817,6.0998869837070036e-05,0.0,0.0,9.8438,0.0,3.0,1.0,0.0,0.0,0.0,0.0,0.0,0.0,0.0,0.0
30.3824,0.9982690554143436,0.05877570795498394,0.0020749543870322087,6.099865908859581e-05,0.0,0.0,9.8049,0.0,3.0,1.0,0.0,0.0,0.0,0.0,0.0,0.0,0.0,0.0
30.4024,0.998272632609895,0.05871491969407978,0.0020749618224200524,6.0998877671192275e-05,0.0,0.0,9.8049,0.0,3.0,1.0,0.0,0.0,0.0,0.0,0.0,0.0,0.0,0.0
