Time,F_Q0,F_Q1,F_Q2,F_Q3,F_M1,F_M2,F_ACC,Cmd_F1,Cmd_F2,B_Q0,B_Q1,B_Q2,B_Q3,B_M1,B_M2,B_ACC,Cmd_B1,Cmd_B2
0.0017,0.9999999888370001,6.0999999319056965e-05,0.00012199999863811398,-6.099999931902243e-05,0.0,0.0,9.7579,0.0,0.0,1.0,0.0,0.0,0.0,0.0,0.0,0.0,0.0,0.0
0.0218,0.5016378757844502,0.48369423792867045,0.49651097925711063,-0.5175675542865996,-0.027,0.0,9.9962,0.0,0.0,1.0,0.0,0.0,0.0,0.0,0.0,0.0,0.0,0.0
0.0419,0.5018815961954433,0.4837549719531066,0.49620571385421186,-0.5175672710376836,-0.027,0.0,9.9884,0.0,0.0,1.0,0.0,0.0,0.0,0.0,0.0,0.0,0.0,0.0
0.062,0.5018951742505845,0.4838290599909208,0.49591413642333737,-0.51776427461517,-0.027,0.0,9.9414,0.0,0.0,1.0,0.0,0.0,0.0,0.0,0.0,0.0,0.0,0.0
0.0822,0.5018344186406904,0.4839512968157104,0.4957923774805646,-0.517825527576733,-0.027,0.0,9.8962,0.0,0.0,1.0,0.0,0.0,0.0,0.0,0.0,0.0,0.0,0.0
0.1024,0.5018824036801101,0.48418274210921836,0.49559552388936456,-0.5177511002602502,-0.027,0.0,9.9029,0.0,0.0,1.0,0.0,0.0,0.0,0.0,0.0,0.0,0.0,0.0
0.1225,0.5018404969086344,0.4846281711798704,0.4953093733126226,-0.5176487960673786,-0.027,0.0,9.9397,0.0,0.0,1.0,0.0,0.0,0.0,0.0,0.0,0.0,0.0,0.0
0.1426,0.5017227949186646,0.48512033843245506,0.49506961198873145,-0.517531229573164,-0.027,0.0,9.9434,0.0,0.0,1.0,0.0,0.0,0.0,0.0,0.0,0.0,0.0,0.0
0.1627,0.5015288475391738,0.485476756399933,0.49511981115047504,-0.5173369372930434,-0.027,0.0,9.8659,0.0,0.0,1.0,0.0,0.0,0.0,0.0,0.0,0.0,0.0,0.0
0.1828,0.5012878380028307,0.48566265603181585,0.49530576833559187,-0.5172180235259197,-0.027,0.0,9.9093,0.0,0.0,1.0,0.0,0.0,0.0,0.0,0.0,0.0,0.0,0.0
0.2029,0.5009827357092781,0.4856015596114843,0.4956106742049971,-0.5172789222829499,-0.027,0.0,9.8741,0.0,0.0,1.0,0.0,0.0,0.0,0.0,0.0,0.0,0.0,0.0
0.223,0.5006742666937055,0.4853551667428776,0.4959752360344628,-0.5174593762096428,-0.027,0.0,9.8268,0.0,0.0,1.0,0.0,0.0,0.0,0.0,0.0,0.0,0.0,0.0
0.2431,0.500289507101585,0.4849699815146004,0.4965056242803613,-0.5176839684322376,-0.027,0.0,9.7927,0.0,0.0,1.0,0.0,0.0,0.0,0.0,0.0,0.0,0.0,0.0
0.2632,0.49988813262543835,0.48462882332250523,0.4968970719972798,-0.5180155000632959,-0.027,0.0,9.7658,0.0,0.0,1.0,0.0,0.0,0.0,0.0,0.0,0.0,0.0,0.0
0.2833,0.499454992571764,0.484317871567784,0.49719597451349695,-0.5184371443123696,-0.027,0.0,9.7606,0.0,0.0,1.0,0.0,0.0,0.0,0.0,0.0,0.0,0.0,0.0
0.3034,0.4990201929322309,0.4840672770447554,0.49731120254557304,-0.5189790806603204,-0.027,0.0,9.7805,0.0,0.0,1.0,0.0,0.0,0.0,0.0,0.0,0.0,0.0,0.0
0.3235,0.4986461637923735,0.4838154860816331,0.4973031929768168,-0.5195807088584077,-0.027,0.0,9.7471,0.0,0.0,1.0,0.0,0.0,0.0,0.0,0.0,0.0,0.0,0.0
0.3436,0.4982881077969718,0.48357919317161085,0.49737211311366014,-0.520077981322474,-0.027,0.0,9.7577,0.0,0.0,1.0,0.0,0.0,0.0,0.0,0.0,0.0,0.0,0.0
0.3637,0.49805454227260604,0.4834663213563614,0.49732153117227645,-0.5204548814914073,-0.027,0.0,9.8401,0.0,0.0,1.0,0.0,0.0,0.0,0.0,0.0,0.0,0.0,0.0
0.3838,0.49786506457331026,0.48333803351049687,0.4971320630059501,-0.5209361139055995,-0.027,0.0,9.8727,0.0,0.0,1.0,0.0,0.0,0.0,0.0,0.0,0.0,0.0,0.0
0.4039,0.49773682108900746,0.4832709716049904,0.4968208306198135,-0.5214175746926992,-0.027,0.0,9.9077,0.0,0.0,1.0,0.0,0.0,0.0,0.0,0.0,0.0,0.0,0.0
0.424,0.4977466861854112,0.48321954941532647,0.49646467411552425,-0.5217949125946488,-0.027,0.0,9.8292,0.0,0.0,1.0,0.0,0.0,0.0,0.0,0.0,0.0,0.0,0.0
0.444,0.49786429969622664,0.48315429084133543,0.4960942986307504,-0.5220953142824173,-0.027,0.0,9.8662,0.0,0.0,1.0,0.0,0.0,0.0,0.0,0.0,0.0,0.0,0.0
0.4641,0.4980585882976345,0.4831042403557677,0.4956785329210368,-0.522351153511211,-0.027,0.0,9.9417,0.0,0.0,1.0,0.0,0.0,0.0,0.0,0.0,0.0,0.0,0.0
0.4842,0.4982383110433266,0.4831010585409425,0.49524726115004325,-0.5225917172790774,-0.027,0.0,9.8685,0.0,0.0,1.0,0.0,0.0,0.0,0.0,0.0,0.0,0.0,0.0
0.5043,0.4983590123770185,0.4833438010989641,0.4946969608485314,-0.5227733559096471,-0.027,0.0,9.8683,0.0,0.0,1.0,0.0,0.0,0.0,0.0,0.0,0.0,0.0,0.0
0.5244,0.4984651939765804,0.4837564538252353,0.4940102726784471,-0.5229397616021272,-0.027,0.0,9.9451,0.0,0.0,1.0,0.0,0.0,0.0,0.0,0.0,0.0,0.0,0.0
0.5445,0.4985244939452887,0.4841207974931078,0.49333660327645273,-0.5231819743061519,-0.027,0.0,9.9738,0.0,0.0,1.0,0.0,0.0,0.0,0.0,0.0,0.0,0.0,0.0
0.5646,0.4987200241428614,0.4843159656814587,0.4927389998678232,-0.5233781242220937,-0.027,0.0,9.8601,0.0,0.0,1.0,0.0,0.0,0.0,0.0,0.0,0.0,0.0,0.0
0.5846,0.4989630228762434,0.48455899334792363,0.4921890089894871,-0.5234390730522466,-0.027,0.0,9.8999,0.0,0.0,1.0,0.0,0.0,0.0,0.0,0.0,0.0,0.0,0.0
0.6048,0.4991920949318687,0.4847875250290155,0.49168431910190546,-0.5234833696337157,-0.027,0.0,9.9755,0.0,0.0,1.0,0.0,0.0,0.0,0.0,0.0,0.0,0.0,0.0
0.6248,0.4993383815060919,0.48505511315386,0.49085422210678264,-0.5238748424940046,-0.027,0.0,9.9659,0.0,0.0,1.0,0.0,0.0,0.0,0.0,0.0,0.0,0.0,0.0
0.6449,0.49933387820273634,0.48517273985661785,0.4904217911368084,-0.5241751208872873,-0.027,0.0,9.8931,0.0,0.0,1.0,0.0,0.0,0.0,0.0,0.0,0.0,0.0,0.0
0.665,0.4992714474310699,0.4854163517626963,0.4901153842091553,-0.5242956202210647,-0.027,0.0,9.9707,0.0,0.0,1.0,0.0,0.0,0.0,0.0,0.0,0.0,0.0,0.0
0.6851,0.49914832779139134,0.4855982646003142,0.48993128480746834,-0.5244164456299254,-0.027,0.0,10.0038,0.0,0.0,1.0,0.0,0.0,0.0,0.0,0.0,0.0,0.0,0.0
0.7052,0.4990242868360867,0.4857192525263372,0.4898082630706864,-0.5245373526267398,-0.027,0.0,9.9323,0.0,0.0,1.0,0.0,0.0,0.0,0.0,0.0,0.0,0.0,0.0
0.7253,0.49902204246295195,0.4856560681099465,0.48974506026387743,-0.5246569932739121,-0.027,0.0,9.8922,0.0,0.0,1.0,0.0,0.0,0.0,0.0,0.0,0.0,0.0,0.0
0.7454,0.4989591941812139,0.48565426899937414,0.48968224634867524,-0.5247770489985557,-0.027,0.0,9.9425,0.0,0.0,1.0,0.0,0.0,0.0,0.0,0.0,0.0,0.0,0.0
0.7655,0.498789793598966,0.4856675096383229,0.48969559680441593,-0.5249133589018072,-0.027,0.0,9.9803,0.0,0.0,1.0,0.0,0.0,0.0,0.0,0.0,0.0,0.0,0.0
0.7856,0.49852900783798176,0.48577316115925046,0.48967911421092225,-0.5250786887191604,-0.027,0.0,9.9396,0.0,0.0,1.0,0.0,0.0,0.0,0.0,0.0,0.0,0.0,0.0
0.8057,0.4984189290424299,0.48578477875035875,0.48956882376422606,-0.5252752485171698,-0.027,0.0,9.891,0.0,0.0,1.0,0.0,0.0,0.0,0.0,0.0,0.0,0.0,0.0
0.8258,0.49841784157617675,0.48578371884969607,0.4895067550148606,-0.5253351030474986,-0.027,0.0,9.891,0.0,0.0,1.0,0.0,0.0,0.0,0.0,0.0,0.0,0.0,0.0
0.8459,0.4983412527915019,0.4858295226189987,0.4894914436461492,-0.525379669682032,-0.027,0.0,9.9341,0.0,0.0,1.0,0.0,0.0,0.0,0.0,0.0,0.0,0.0,0.0
0.866,0.49821869709717914,0.4858289781781376,0.4895518937177335,-0.5254400795357707,-0.027,0.0,9.8616,0.0,0.0,1.0,0.0,0.0,0.0,0.0,0.0,0.0,0.0,0.0
0.886,0.4981728375811318,0.4858437426062582,0.48956677128591247,-0.5254560477522304,-0.027,0.0,9.8982,0.0,0.0,1.0,0.0,0.0,0.0,0.0,0.0,0.0,0.0,0.0
0.9062,0.49823357463743506,0.4858434857432338,0.4895055120168872,-0.5254557699463893,-0.027,0.0,9.901,0.0,0.0,1.0,0.0,0.0,0.0,0.0,0.0,0.0,0.0,0.0
0.9262,0.49821880838525584,0.48589008532847117,0.48949100444011723,-0.5254401969043404,-0.027,0.0,9.9458,0.0,0.0,1.0,0.0,0.0,0.0,0.0,0.0,0.0,0.0,0.0
0.9463,0.4982325877595197,0.48590352372385914,0.4893825417934564,-0.5255157294648425,-0.027,0.0,9.8999,0.0,0.0,1.0,0.0,0.0,0.0,0.0,0.0,0.0,0.0,0.0
0.9664,0.4982921113127358,0.4858410835439122,0.4893200913029467,-0.5255751721606047,-0.027,0.0,9.8164,0.0,0.0,1.0,0.0,0.0,0.0,0.0,0.0,0.0,0.0,0.0
0.9865,0.49835393899080593,0.48584189030904473,0.48932090384515803,-0.5255150446689798,-0.027,0.0,9.8981,0.0,0.0,1.0,0.0,0.0,0.0,0.0,0.0,0.0,0.0,0.0
1.0066,0.4983551431931112,0.4859040646624794,0.48932208622040246,-0.5254553141175448,-0.027,0.0,9.9412,0.0,0.0,1.0,0.0,0.0,0.0,0.0,0.0,0.0,0.0,0.0
1.0267,0.4984008857977426,0.4858281913914268,0.48936810534977876,-0.5254392285999673,-0.027,0.0,9.8538,0.0,0.0,1.0,0.0,0.0,0.0,0.0,0.0,0.0,0.0,0.0
1.0469,0.4984773648427359,0.4857212787360704,0.48944430386739046,-0.5253945465402207,-0.027,0.0,9.8164,0.0,0.0,1.0,0.0,0.0,0.0,0.0,0.0,0.0,0.0,0.0
1.067,0.4985401546317258,0.4856620214788931,0.48956806186520835,-0.525274431049479,-0.027,0.0,9.902,0.0,0.0,1.0,0.0,0.0,0.0,0.0,0.0,0.0,0.0,0.0
1.0872,0.4985401546317258,0.4856620214788931,0.48956806186520835,-0.525274431049479,-0.027,0.0,9.902,0.0,0.0,1.0,0.0,0.0,0.0,0.0,0.0,0.0,0.0,0.0
1.1074,0.4984808577619861,0.4858466839495807,0.4895087343295894,-0.5252152255553091,-0.027,0.0,9.8149,0.0,0.0,1.0,0.0,0.0,0.0,0.0,0.0,0.0,0.0,0.0
1.1274,0.498346293897834,0.486078434365739,0.4894963952298328,-0.5251399871080521,-0.027,0.0,9.8628,0.0,0.0,1.0,0.0,0.0,0.0,0.0,0.0,0.0,0.0,0.0
1.1475,0.49816557727200267,0.48632465862696883,0.48949863681963324,-0.5250813923424973,-0.027,0.0,9.9397,0.0,0.0,1.0,0.0,0.0,0.0,0.0,0.0,0.0,0.0,0.0
1.1675,0.49805916115566073,0.48646187798374674,0.48945295101704817,-0.5250978213610766,-0.027,0.0,9.8963,0.0,0.0,1.0,0.0,0.0,0.0,0.0,0.0,0.0,0.0,0.0
1.1876,0.49804536933887855,0.48644840730874284,0.4895613971164357,-0.5250222810131883,-0.027,0.0,9.8654,0.0,0.0,1.0,0.0,0.0,0.0,0.0,0.0,0.0,0.0,0.0
1.2077,0.49804848267759844,0.48639044797192715,0.48980845814725615,-0.5248425624428888,-0.027,0.0,9.8663,0.0,0.0,1.0,0.0,0.0,0.0,0.0,0.0,0.0,0.0,0.0
1.2277,0.49809495963796363,0.4861322728267719,0.49009916897155165,-0.5247662613706476,-0.027,0.0,9.8775,0.0,0.0,1.0,0.0,0.0,0.0,0.0,0.0,0.0,0.0,0.0
1.2478,0.4982305965901435,0.4857795816810775,0.4902955870886226,-0.524780628381622,-0.027,0.0,9.8383,0.0,0.0,1.0,0.0,0.0,0.0,0.0,0.0,0.0,0.0,0.0
1.2679,0.4984099060109918,0.4854099867108473,0.4903529560262793,-0.5248987415757245,-0.027,0.0,9.7585,0.0,0.0,1.0,0.0,0.0,0.0,0.0,0.0,0.0,0.0,0.0
1.2879,0.4985908914511832,0.48522402840770107,0.49028997650213374,-0.5249576212983807,-0.027,0.0,9.8271,0.0,0.0,1.0,0.0,0.0,0.0,0.0,0.0,0.0,0.0,0.0
1.308,0.49866639546256636,0.4851771413091211,0.4902432367603299,-0.5249728911079464,-0.027,0.0,9.9046,0.0,0.0,1.0,0.0,0.0,0.0,0.0,0.0,0.0,0.0,0.0
1.3281,0.4987877254727508,0.4851154862993625,0.49018157492226977,-0.524972183526876,-0.027,0.0,9.902,0.0,0.0,1.0,0.0,0.0,0.0,0.0,0.0,0.0,0.0,0.0
1.3482,0.4989697756238567,0.4850535587624891,0.4900586367584036,-0.5249711808130212,-0.027,0.0,9.8956,0.0,0.0,1.0,0.0,0.0,0.0,0.0,0.0,0.0,0.0,0.0
1.3682,0.4991374775344245,0.48491572036218517,0.49004263282330685,-0.5249540367325474,-0.027,0.0,9.8956,0.0,0.0,1.0,0.0,0.0,0.0,0.0,0.0,0.0,0.0,0.0
1.3883,0.49939708482565426,0.4848088778662904,0.48999695146823596,-0.524848445897958,-0.027,0.0,10.0054,0.0,0.0,1.0,0.0,0.0,0.0,0.0,0.0,0.0,0.0,0.0
1.4084,0.4996873349180332,0.48461156617665246,0.49004348285237426,-0.5247109510618587,-0.027,0.0,10.0054,0.0,0.0,1.0,0.0,0.0,0.0,0.0,0.0,0.0,0.0,0.0
1.4285,0.4998105127925335,0.48449071163334595,0.4901666379636039,-0.5245901911688171,-0.027,0.0,9.9323,0.0,0.0,1.0,0.0,0.0,0.0,0.0,0.0,0.0,0.0,0.0
1.4485,0.49982841578227855,0.48444706448140784,0.4903671996937581,-0.5244259775758885,-0.027,0.0,9.9331,0.0,0.0,1.0,0.0,0.0,0.0,0.0,0.0,0.0,0.0,0.0
1.4686,0.4998759995789828,0.4844340613750637,0.49047703719207486,-0.5242899018785865,-0.027,0.0,10.0067,0.0,0.0,1.0,0.0,0.0,0.0,0.0,0.0,0.0,0.0,0.0
1.4887,0.4997555908909952,0.4844356034322151,0.4906615983355029,-0.5242305708553322,-0.027,0.0,10.0517,0.0,0.0,1.0,0.0,0.0,0.0,0.0,0.0,0.0,0.0,0.0
1.5087,0.4995740194794937,0.4843149883404257,0.49102900204169747,-0.5241710696746346,-0.027,0.0,9.974,0.0,0.0,1.0,0.0,0.0,0.0,0.0,0.0,0.0,0.0,0.0
1.5288,0.4994521084979758,0.4841930746316493,0.4912730903452342,-0.5241711633601375,-0.027,0.0,9.8933,0.0,0.0,1.0,0.0,0.0,0.0,0.0,0.0,0.0,0.0,0.0
1.5489,0.49927060824764563,0.4841335291697864,0.4915795680687586,-0.5241117380205929,-0.027,0.0,9.9705,0.0,0.0,1.0,0.0,0.0,0.0,0.0,0.0,0.0,0.0,0.0
1.5689,0.4990279778942799,0.48419682995089836,0.49182590605231147,-0.5240532275256682,-0.027,0.0,9.9028,0.0,0.0,1.0,0.0,0.0,0.0,0.0,0.0,0.0,0.0,0.0
1.589,0.49883064477014405,0.48418291947828085,0.4920557718282836,-0.5240381720200955,-0.027,0.0,9.8245,0.0,0.0,1.0,0.0,0.0,0.0,0.0,0.0,0.0,0.0,0.0
1.6091,0.498648969626683,0.4841842025710716,0.4923020718387836,-0.5239785617123128,-0.027,0.0,9.7824,0.0,0.0,1.0,0.0,0.0,0.0,0.0,0.0,0.0,0.0,0.0
1.6291,0.4984689474082742,0.4843090909357175,0.49248800803240134,-0.5238596900420797,-0.027,0.0,9.8711,0.0,0.0,1.0,0.0,0.0,0.0,0.0,0.0,0.0,0.0,0.0
1.6492,0.4982423193827323,0.4845089798165017,0.4925661790362732,-0.5238169517330404,-0.027,0.0,9.8727,0.0,0.0,1.0,0.0,0.0,0.0,0.0,0.0,0.0,0.0,0.0
1.6693,0.49804439378533044,0.48461646405229414,0.49261242221027435,-0.5238622586831204,-0.027,0.0,9.8296,0.0,0.0,1.0,0.0,0.0,0.0,0.0,0.0,0.0,0.0,0.0
1.6893,0.49798284902647943,0.4846769332193156,0.4925508833971008,-0.5239226848928431,-0.027,0.0,9.8296,0.0,0.0,1.0,0.0,0.0,0.0,0.0,0.0,0.0,0.0,0.0
1.7094,0.49792225170131826,0.4847383244704497,0.4925512813465706,-0.5239231081887129,-0.027,0.0,9.8674,0.0,0.0,1.0,0.0,0.0,0.0,0.0,0.0,0.0,0.0,0.0
1.7295,0.4978618841437641,0.4848609393962966,0.49249090696980463,-0.5239237733837065,-0.027,0.0,9.8271,0.0,0.0,1.0,0.0,0.0,0.0,0.0,0.0,0.0,0.0,0.0
1.7495,0.4977558438285665,0.48505949071139426,0.49238469444353733,-0.5239405720910141,-0.027,0.0,9.7527,0.0,0.0,1.0,0.0,0.0,0.0,0.0,0.0,0.0,0.0,0.0
1.7696,0.4976797522258569,0.4852277834452196,0.49224776584484026,-0.5239856862720701,-0.027,0.0,9.6743,0.0,0.0,1.0,0.0,0.0,0.0,0.0,0.0,0.0,0.0,0.0
1.7897,0.4978018294457623,0.48535085872355044,0.49200284308176695,-0.5239857678756389,-0.027,0.0,9.879,0.0,0.0,1.0,0.0,0.0,0.0,0.0,0.0,0.0,0.0,0.0
1.8097,0.4978610831265885,0.4854711557168172,0.4916961192459398,-0.5241059293630255,-0.027,0.0,9.986,0.0,0.0,1.0,0.0,0.0,0.0,0.0,0.0,0.0,0.0,0.0
1.8298,0.49779866378383175,0.4855917701154342,0.49151171854804787,-0.5242264335772622,-0.027,0.0,9.9846,0.0,0.0,1.0,0.0,0.0,0.0,0.0,0.0,0.0,0.0,0.0
1.8499,0.49781193145764646,0.4857267146315813,0.4912198131856216,-0.5243624078111446,-0.027,0.0,9.9093,0.0,0.0,1.0,0.0,0.0,0.0,0.0,0.0,0.0,0.0,0.0
1.8699,0.4979797191474004,0.48583387233892716,0.4909608076745969,-0.5243463865933918,-0.027,0.0,9.9119,0.0,0.0,1.0,0.0,0.0,0.0,0.0,0.0,0.0,0.0,0.0
1.89,0.4980546897017792,0.4859695031128707,0.4906695756795129,-0.524422096800641,-0.027,0.0,9.9425,0.0,0.0,1.0,0.0,0.0,0.0,0.0,0.0,0.0,0.0,0.0
1.9101,0.4981003077815307,0.4861984915826023,0.49034842749468044,-0.5244669005993045,-0.027,0.0,9.9705,0.0,0.0,1.0,0.0,0.0,0.0,0.0,0.0,0.0,0.0,0.0
1.9301,0.49817515896710046,0.48633401257435127,0.4900570586025758,-0.5245424849478129,-0.027,0.0,9.891,0.0,0.0,1.0,0.0,0.0,0.0,0.0,0.0,0.0,0.0,0.0
1.9502,0.49823612631917974,0.48645598147033475,0.4898740234986332,-0.5245424497821433,-0.027,0.0,9.8964,0.0,0.0,1.0,0.0,0.0,0.0,0.0,0.0,0.0,0.0,0.0
1.9703,0.4982843883045795,0.48662654299159,0.48980050087659865,-0.5244070416851956,-0.027,0.0,9.9013,0.0,0.0,1.0,0.0,0.0,0.0,0.0,0.0,0.0,0.0,0.0
1.9903,0.4982261158919212,0.48687320439778986,0.48974218203160164,-0.5242879127174339,-0.027,0.0,9.9013,0.0,0.0,1.0,0.0,0.0,0.0,0.0,0.0,0.0,0.0,0.0
2.0104,0.49822822164081165,0.4870592615069252,0.4896832521409407,-0.5241681290517719,-0.027,0.0,9.9028,0.0,0.0,1.0,0.0,0.0,0.0,0.0,0.0,0.0,0.0,0.0
2.0305,0.4981091336433844,0.48730610905684985,0.48968611447348914,-0.5240491926801983,-0.027,0.0,9.904,0.0,0.0,1.0,0.0,0.0,0.0,0.0,0.0,0.0,0.0,0.0
2.0505,0.49792703234959595,0.48742898950056024,0.4897479989658789,-0.524050138974225,-0.027,0.0,9.9438,0.0,0.0,1.0,0.0,0.0,0.0,0.0,0.0,0.0,0.0,0.0
2.0706,0.49780552117579935,0.4874294686254529,0.48987048098815505,-0.52405065409637,-0.027,0.0,9.8646,0.0,0.0,1.0,0.0,0.0,0.0,0.0,0.0,0.0,0.0,0.0
2.0907,0.49780552117579935,0.4874294686254529,0.48987048098815505,-0.52405065409637,-0.027,0.0,9.8646,0.0,0.0,1.0,0.0,0.0,0.0,0.0,0.0,0.0,0.0,0.0
2.1108,0.49774571436907944,0.4873696369388172,0.4900546569754648,-0.5239909102207787,-0.027,0.0,9.9028,0.0,0.0,1.0,0.0,0.0,0.0,0.0,0.0,0.0,0.0,0.0
2.1308,0.4976240859210597,0.48730900122535664,0.4902380252751595,-0.523991302418549,-0.027,0.0,9.902,0.0,0.0,1.0,0.0,0.0,0.0,0.0,0.0,0.0,0.0,0.0
2.1509,0.4975638918515625,0.48718778983782773,0.490483822243116,-0.5239311510840358,-0.027,0.0,9.8602,0.0,0.0,1.0,0.0,0.0,0.0,0.0,0.0,0.0,0.0,0.0
2.171,0.49756500522715136,0.4872498807315276,0.4904849197759623,-0.5238713227241829,-0.027,0.0,9.901,0.0,0.0,1.0,0.0,0.0,0.0,0.0,0.0,0.0,0.0,0.0
2.1911,0.49748952642609073,0.48735769899814296,0.49047064597635087,-0.5238560773333845,-0.027,0.0,9.9736,0.0,0.0,1.0,0.0,0.0,0.0,0.0,0.0,0.0,0.0,0.0
2.2111,0.4973969614940466,0.48738751954864534,0.4905006570025404,-0.5238881311547198,-0.027,0.0,9.9393,0.0,0.0,1.0,0.0,0.0,0.0,0.0,0.0,0.0,0.0,0.0
2.2312,0.4973969614940466,0.48738751954864534,0.4905006570025404,-0.5238881311547198,-0.027,0.0,9.9393,0.0,0.0,1.0,0.0,0.0,0.0,0.0,0.0,0.0,0.0,0.0
2.2513,0.4975981313723303,0.4872835846798629,0.49057943983239555,-0.5237199833594679,-0.027,0.0,9.9061,0.0,0.0,1.0,0.0,0.0,0.0,0.0,0.0,0.0,0.0,0.0
2.2713,0.4975981313723303,0.4872835846798629,0.49057943983239555,-0.5237199833594679,-0.027,0.0,9.9061,0.0,0.0,1.0,0.0,0.0,0.0,0.0,0.0,0.0,0.0,0.0
2.2914,0.4976011323973318,0.487286523497612,0.49076539158894755,-0.523540148864489,-0.027,0.0,9.9066,0.0,0.0,1.0,0.0,0.0,0.0,0.0,0.0,0.0,0.0,0.0
2.3115,0.49761702299466265,0.4873020847040192,0.490781063890946,-0.5234958681738734,-0.027,0.0,9.8678,0.0,0.0,1.0,0.0,0.0,0.0,0.0,0.0,0.0,0.0,0.0
2.3315,0.4976192621214993,0.487304277416738,0.4909052720771206,-0.5233752239301109,-0.027,0.0,9.9079,0.0,0.0,1.0,0.0,0.0,0.0,0.0,0.0,0.0,0.0,0.0
2.3516,0.4976213371200329,0.48736730956722385,0.4909683192432202,-0.5232554059993684,-0.027,0.0,9.8654,0.0,0.0,1.0,0.0,0.0,0.0,0.0,0.0,0.0,0.0,0.0
2.3717,0.4976074098145248,0.4873536692489564,0.4910765750540677,-0.5231797627970955,-0.027,0.0,9.8271,0.0,0.0,1.0,0.0,0.0,0.0,0.0,0.0,0.0,0.0,0.0
2.3917,0.49766894928090977,0.48723220199972983,0.49119910594381755,-0.5231193330169746,-0.027,0.0,9.8669,0.0,0.0,1.0,0.0,0.0,0.0,0.0,0.0,0.0,0.0,0.0
2.4118,0.4976847071987595,0.48718662899972726,0.4912756594584665,-0.5230748963274916,-0.027,0.0,9.9007,0.0,0.0,1.0,0.0,0.0,0.0,0.0,0.0,0.0,0.0,0.0
2.4319,0.4976226785157655,0.4870636216803329,0.4913966450033683,-0.5231348158380079,-0.027,0.0,9.8701,0.0,0.0,1.0,0.0,0.0,0.0,0.0,0.0,0.0,0.0,0.0
2.4519,0.4975766481301561,0.4870172736085289,0.49147243162480414,-0.5231505551896858,-0.027,0.0,9.7824,0.0,0.0,1.0,0.0,0.0,0.0,0.0,0.0,0.0,0.0,0.0
2.472,0.49754681153757185,0.48698807019629325,0.49156495807573575,-0.5231191850881465,-0.027,0.0,9.7894,0.0,0.0,1.0,0.0,0.0,0.0,0.0,0.0,0.0,0.0,0.0
2.4921,0.4975477673475927,0.48698900572249243,0.4916269010172379,-0.5230591914009648,-0.027,0.0,9.9079,0.0,0.0,1.0,0.0,0.0,0.0,0.0,0.0,0.0,0.0,0.0
2.5121,0.497563641886161,0.4870045433778916,0.4916425866472689,-0.5230148793266347,-0.027,0.0,9.9495,0.0,0.0,1.0,0.0,0.0,0.0,0.0,0.0,0.0,0.0,0.0
2.5322,0.49750281915778033,0.4870047174658772,0.49170376298409535,-0.5230150662871222,-0.027,0.0,9.8669,0.0,0.0,1.0,0.0,0.0,0.0,0.0,0.0,0.0,0.0,0.0
2.5523,0.497547867001692,0.4869271046490364,0.4916879981205545,-0.5230592961647604,-0.027,0.0,9.8688,0.0,0.0,1.0,0.0,0.0,0.0,0.0,0.0,0.0,0.0,0.0
2.5723,0.4976244178719659,0.48688132249557714,0.49170336530530884,-0.5230146432844678,-0.027,0.0,9.9077,0.0,0.0,1.0,0.0,0.0,0.0,0.0,0.0,0.0,0.0,0.0
2.5924,0.4976393434497684,0.48689592584862507,0.4916571109178836,-0.523030330408069,-0.027,0.0,9.9414,0.0,0.0,1.0,0.0,0.0,0.0,0.0,0.0,0.0,0.0,0.0
2.6125,0.4976226503642035,0.486940593471011,0.4915186178538079,-0.5231347862431706,-0.027,0.0,9.8962,0.0,0.0,1.0,0.0,0.0,0.0,0.0,0.0,0.0,0.0,0.0
2.6325,0.49768153276587773,0.48693852126553117,0.4913335259703645,-0.5232545601416901,-0.027,0.0,9.8933,0.0,0.0,1.0,0.0,0.0,0.0,0.0,0.0,0.0,0.0,0.0
2.6526,0.497804111128391,0.4869390868770104,0.49127309655077794,-0.5231941678005079,-0.027,0.0,9.901,0.0,0.0,1.0,0.0,0.0,0.0,0.0,0.0,0.0,0.0,0.0
2.6727,0.49780509564563513,0.48706305042408066,0.49121306789470554,-0.5231342022753828,-0.027,0.0,9.9007,0.0,0.0,1.0,0.0,0.0,0.0,0.0,0.0,0.0,0.0,0.0
2.6927,0.4978052198137542,0.4871241721848111,0.4911521901465547,-0.5231343327613712,-0.027,0.0,9.9061,0.0,0.0,1.0,0.0,0.0,0.0,0.0,0.0,0.0,0.0,0.0
2.7128,0.4978650411830132,0.4871230187182679,0.4910290268868861,-0.5231940941535524,-0.027,0.0,9.8209,0.0,0.0,1.0,0.0,0.0,0.0,0.0,0.0,0.0,0.0,0.0
2.7329,0.4979717060722355,0.4871080179067675,0.4909529075419135,-0.5231779825437887,-0.027,0.0,9.8589,0.0,0.0,1.0,0.0,0.0,0.0,0.0,0.0,0.0,0.0,0.0
2.7529,0.49794194908464945,0.48726058550946616,0.4908617080854642,-0.5231498071166357,-0.027,0.0,9.9055,0.0,0.0,1.0,0.0,0.0,0.0,0.0,0.0,0.0,0.0,0.0
2.773,0.49786765477597766,0.48749157860667114,0.4907876028023183,-0.5230748398183549,-0.027,0.0,9.8663,0.0,0.0,1.0,0.0,0.0,0.0,0.0,0.0,0.0,0.0,0.0
2.7931,0.49779225655935755,0.4876604752252567,0.4907124093578738,-0.5230597112326757,-0.027,0.0,9.8278,0.0,0.0,1.0,0.0,0.0,0.0,0.0,0.0,0.0,0.0,0.0
2.8131,0.4977316525905228,0.48778285941730626,0.49065179977452406,-0.5230601260335221,-0.027,0.0,9.8678,0.0,0.0,1.0,0.0,0.0,0.0,0.0,0.0,0.0,0.0,0.0
2.8332,0.49770172861918766,0.4878743193205791,0.49062143373426376,-0.5230317835824984,-0.027,0.0,9.8648,0.0,0.0,1.0,0.0,0.0,0.0,0.0,0.0,0.0,0.0,0.0
2.8533,0.49754856012720095,0.48796576119943763,0.4905907061212137,-0.5231210235498965,-0.027,0.0,9.8236,0.0,0.0,1.0,0.0,0.0,0.0,0.0,0.0,0.0,0.0,0.0
2.8734,0.4974419463477884,0.48804185287732027,0.49060587837288216,-0.5231372018503072,-0.027,0.0,9.7819,0.0,0.0,1.0,0.0,0.0,0.0,0.0,0.0,0.0,0.0,0.0
2.8934,0.49745782039359826,0.48805742695342424,0.49062153427051014,-0.5230928933133238,-0.027,0.0,9.8711,0.0,0.0,1.0,0.0,0.0,0.0,0.0,0.0,0.0,0.0,0.0
2.9135,0.49745782039359826,0.48805742695342424,0.49062153427051014,-0.5230928933133238,-0.027,0.0,9.8711,0.0,0.0,1.0,0.0,0.0,0.0,0.0,0.0,0.0,0.0,0.0
2.9336,0.4974431539443827,0.48822603991807295,0.490485067864849,-0.5230774710703913,-0.027,0.0,9.8711,0.0,0.0,1.0,0.0,0.0,0.0,0.0,0.0,0.0,0.0,0.0
2.9536,0.49738099453429113,0.48834788566547327,0.490361909938893,-0.5231383049664998,-0.027,0.0,9.8688,0.0,0.0,1.0,0.0,0.0,0.0,0.0,0.0,0.0,0.0,0.0
2.9737,0.4974415902738854,0.48840750690949075,0.4901775232427849,-0.5231978279463829,-0.027,0.0,9.8669,0.0,0.0,1.0,0.0,0.0,0.0,0.0,0.0,0.0,0.0,0.0
2.9938,0.49756419713444044,0.4884691021347765,0.4900561187114084,-0.5231374642511423,-0.027,0.0,9.9482,0.0,0.0,1.0,0.0,0.0,0.0,0.0,0.0,0.0,0.0,0.0
3.0138,0.4976239601107154,0.48846788724633333,0.489932898904953,-0.5231971636232577,-0.027,0.0,9.9715,0.0,0.0,1.0,0.0,0.0,0.0,0.0,0.0,0.0,0.0,0.0
3.0339,0.4977433702888869,0.4883433444105894,0.4898083484437498,-0.523316440691621,-0.027,0.0,9.9396,0.0,0.0,1.0,0.0,0.0,0.0,0.0,0.0,0.0,0.0,0.0
3.054,0.49781789067740145,0.48823460402311925,0.4897606496700395,-0.5233916556372212,-0.027,0.0,9.9447,0.0,0.0,1.0,0.0,0.0,0.0,0.0,0.0,0.0,0.0,0.0
3.074,0.4979231458399804,0.4880961824335044,0.4897441762967256,-0.523436050835342,-0.027,0.0,9.9785,0.0,0.0,1.0,0.0,0.0,0.0,0.0,0.0,0.0,0.0,0.0
3.0941,0.4979220706058567,0.4880341287789737,0.48974311872457893,-0.5234959201488084,-0.027,0.0,9.9714,0.0,0.0,1.0,0.0,0.0,0.0,0.0,0.0,0.0,0.0,0.0
3.1142,0.4979199090421734,0.48791001138788376,0.489740992667105,-0.5236156463173609,-0.027,0.0,9.8964,0.0,0.0,1.0,0.0,0.0,0.0,0.0,0.0,0.0,0.0,0.0
3.1343,0.497934668649675,0.48780247190767856,0.48981651101529616,-0.5236311676116111,-0.027,0.0,9.8541,0.0,0.0,1.0,0.0,0.0,0.0,0.0,0.0,0.0,0.0,0.0
3.1543,0.4978738472947742,0.4877416468930768,0.4899386903477284,-0.5236313567446872,-0.027,0.0,9.901,0.0,0.0,1.0,0.0,0.0,0.0,0.0,0.0,0.0,0.0,0.0
3.1744,0.4977375095183049,0.48778859927525203,0.49004657890424147,-0.5236162760455906,-0.027,0.0,9.9461,0.0,0.0,1.0,0.0,0.0,0.0,0.0,0.0,0.0,0.0,0.0
3.1945,0.49761495298658487,0.4877880526550081,0.4901070291350048,-0.5236766886578528,-0.027,0.0,9.8589,0.0,0.0,1.0,0.0,0.0,0.0,0.0,0.0,0.0,0.0,0.0
3.2145,0.49761488074432714,0.4877269824669268,0.4901679573551889,-0.5236766126320298,-0.027,0.0,9.8637,0.0,0.0,1.0,0.0,0.0,0.0,0.0,0.0,0.0,0.0,0.0
3.2346,0.49761589602411904,0.48772797757251646,0.490229956938001,-0.5236166815884516,-0.027,0.0,9.8688,0.0,0.0,1.0,0.0,0.0,0.0,0.0,0.0,0.0,0.0,0.0
3.2547,0.4975571343645106,0.48773017121159795,0.4904151611439854,-0.5234970371004986,-0.027,0.0,9.908,0.0,0.0,1.0,0.0,0.0,0.0,0.0,0.0,0.0,0.0,0.0
3.2748,0.4974959313401016,0.48760797245566184,0.49059896001870396,-0.5234968232246396,-0.027,0.0,9.9055,0.0,0.0,1.0,0.0,0.0,0.0,0.0,0.0,0.0,0.0,0.0
3.2948,0.49749583872108505,0.4875468819424928,0.49065986841869735,-0.5234967257650268,-0.027,0.0,9.8236,0.0,0.0,1.0,0.0,0.0,0.0,0.0,0.0,0.0,0.0,0.0
3.3149,0.49744983814141047,0.4875005813718719,0.4907356648626206,-0.5235125107645596,-0.027,0.0,9.8678,0.0,0.0,1.0,0.0,0.0,0.0,0.0,0.0,0.0,0.0,0.0
3.335,0.4973883839673883,0.4875621195575093,0.490736204967336,-0.5235130869435413,-0.027,0.0,9.9055,0.0,0.0,1.0,0.0,0.0,0.0,0.0,0.0,0.0,0.0,0.0
3.3551,0.49731279044898885,0.48760881405074336,0.49078280633104343,-0.5234977267626797,-0.027,0.0,9.9438,0.0,0.0,1.0,0.0,0.0,0.0,0.0,0.0,0.0,0.0,0.0
3.3751,0.497236107750778,0.48759343533444105,0.4908283254378166,-0.5235422140721069,-0.027,0.0,9.9007,0.0,0.0,1.0,0.0,0.0,0.0,0.0,0.0,0.0,0.0,0.0
3.3952,0.4972656844700564,0.4875004353738215,0.4908575210078268,-0.5235733555376092,-0.027,0.0,9.9031,0.0,0.0,1.0,0.0,0.0,0.0,0.0,0.0,0.0,0.0,0.0
3.4153,0.49729561348058116,0.48740897901929,0.4908878503949179,-0.5236016408673703,-0.027,0.0,9.901,0.0,0.0,1.0,0.0,0.0,0.0,0.0,0.0,0.0,0.0,0.0
3.4353,0.4973103982352727,0.4873624702830242,0.4909024446448015,-0.5236172077085136,-0.027,0.0,9.8917,0.0,0.0,1.0,0.0,0.0,0.0,0.0,0.0,0.0,0.0,0.0
3.4554,0.49729451376894956,0.48734690356096527,0.49088676485331206,-0.5236614805928469,-0.027,0.0,9.9028,0.0,0.0,1.0,0.0,0.0,0.0,0.0,0.0,0.0,0.0,0.0
3.4755,0.4973091854872944,0.48723928297528574,0.49096224693280405,-0.5236769302178449,-0.027,0.0,9.8999,0.0,0.0,1.0,0.0,0.0,0.0,0.0,0.0,0.0,0.0,0.0
3.4956,0.4973697608795158,0.48711686887992245,0.4910228277359073,-0.5236764837736246,-0.027,0.0,9.8688,0.0,0.0,1.0,0.0,0.0,0.0,0.0,0.0,0.0,0.0,0.0
3.5157,0.4974324258344006,0.48717852012472085,0.4909624853290732,-0.5236161850602884,-0.027,0.0,9.9461,0.0,0.0,1.0,0.0,0.0,0.0,0.0,0.0,0.0,0.0,0.0
3.5358,0.49744732290139737,0.48719311010855937,0.4909161873689199,-0.5236318662764382,-0.027,0.0,9.9007,0.0,0.0,1.0,0.0,0.0,0.0,0.0,0.0,0.0,0.0,0.0
3.5558,0.4974931122492038,0.4871172141899197,0.49096217641408585,-0.5236158555995005,-0.027,0.0,9.8579,0.0,0.0,1.0,0.0,0.0,0.0,0.0,0.0,0.0,0.0,0.0
3.5759,0.49763036746811234,0.4870101462099004,0.49097722885880135,-0.523570907904837,-0.027,0.0,9.8579,0.0,0.0,1.0,0.0,0.0,0.0,0.0,0.0,0.0,0.0,0.0
3.596,0.4976762605395612,0.48699536225567425,0.49096232447758054,-0.5235550140915417,-0.027,0.0,9.942,0.0,0.0,1.0,0.0,0.0,0.0,0.0,0.0,0.0,0.0,0.0
3.616,0.49763036746811234,0.4870101462099004,0.49097722885880135,-0.523570907904837,-0.027,0.0,9.9412,0.0,0.0,1.0,0.0,0.0,0.0,0.0,0.0,0.0,0.0,0.0
3.6361,0.49755478409039205,0.4870568730418914,0.49102383942876543,-0.523555563779101,-0.027,0.0,9.8628,0.0,0.0,1.0,0.0,0.0,0.0,0.0,0.0,0.0,0.0,0.0
3.6562,0.4975556454956241,0.48699671668358707,0.4911466887046076,-0.5234954706101462,-0.027,0.0,9.8589,0.0,0.0,1.0,0.0,0.0,0.0,0.0,0.0,0.0,0.0,0.0
3.6763,0.4975108375183637,0.4869505650264261,0.491284676861659,-0.5234515068782933,-0.027,0.0,9.9031,0.0,0.0,1.0,0.0,0.0,0.0,0.0,0.0,0.0,0.0,0.0
3.6963,0.4973735663031152,0.487059596033499,0.49133158371934366,-0.5234364911758131,-0.027,0.0,9.9055,0.0,0.0,1.0,0.0,0.0,0.0,0.0,0.0,0.0,0.0,0.0
3.7164,0.4972061380516999,0.48713585170320545,0.4914079731809382,-0.5234528843776763,-0.027,0.0,9.8646,0.0,0.0,1.0,0.0,0.0,0.0,0.0,0.0,0.0,0.0,0.0
3.7365,0.49725192578807365,0.4870599478057747,0.4914539383134496,-0.5234368692208146,-0.027,0.0,9.8688,0.0,0.0,1.0,0.0,0.0,0.0,0.0,0.0,0.0,0.0,0.0
3.7565,0.49725192578807365,0.4870599478057747,0.4914539383134496,-0.5234368692208146,-0.027,0.0,9.9446,0.0,0.0,1.0,0.0,0.0,0.0,0.0,0.0,0.0,0.0,0.0
3.7766,0.49719123317832636,0.4871212487093369,0.49145424202652976,-0.523437192698991,-0.027,0.0,9.8678,0.0,0.0,1.0,0.0,0.0,0.0,0.0,0.0,0.0,0.0,0.0
3.7967,0.49719123317832636,0.4871212487093369,0.49145424202652976,-0.523437192698991,-0.027,0.0,9.8247,0.0,0.0,1.0,0.0,0.0,0.0,0.0,0.0,0.0,0.0,0.0
3.8168,0.4973127479180168,0.4870597737318819,0.49139276282273564,-0.5234366821459097,-0.027,0.0,9.8688,0.0,0.0,1.0,0.0,0.0,0.0,0.0,0.0,0.0,0.0,0.0
3.8369,0.4974351334980452,0.48705917243126545,0.4912701566305918,-0.5234360359361081,-0.027,0.0,9.9402,0.0,0.0,1.0,0.0,0.0,0.0,0.0,0.0,0.0,0.0,0.0
3.8569,0.49749496448751807,0.48705802816947,0.4911470032202029,-0.5234958058409305,-0.027,0.0,9.8964,0.0,0.0,1.0,0.0,0.0,0.0,0.0,0.0,0.0,0.0,0.0
3.877,0.49750986907358213,0.4870726200725388,0.4911007161706708,-0.523511489393226,-0.027,0.0,9.8564,0.0,0.0,1.0,0.0,0.0,0.0,0.0,0.0,0.0,0.0,0.0
3.8971,0.4976175547417081,0.4870586066276498,0.4910865868344334,-0.5234354278744628,-0.027,0.0,9.8648,0.0,0.0,1.0,0.0,0.0,0.0,0.0,0.0,0.0,0.0,0.0
3.9171,0.49763382410035634,0.4871355324613435,0.49104164097172515,-0.5233905396132553,-0.027,0.0,9.9079,0.0,0.0,1.0,0.0,0.0,0.0,0.0,0.0,0.0,0.0,0.0
3.9372,0.4976166895229304,0.48711875936214155,0.4909637337828155,-0.5234955173597616,-0.027,0.0,9.9461,0.0,0.0,1.0,0.0,0.0,0.0,0.0,0.0,0.0,0.0,0.0
3.9573,0.4976912816349176,0.487071062235417,0.49085514040940104,-0.5235708162714218,-0.027,0.0,9.9093,0.0,0.0,1.0,0.0,0.0,0.0,0.0,0.0,0.0,0.0,0.0
3.9774,0.49781287414708986,0.486947658634913,0.49085473613202085,-0.5235703850488052,-0.027,0.0,9.9093,0.0,0.0,1.0,0.0,0.0,0.0,0.0,0.0,0.0,0.0,0.0
3.9974,0.4979195404106351,0.4869326608795978,0.49077861870943046,-0.5235542593310079,-0.027,0.0,9.951,0.0,0.0,1.0,0.0,0.0,0.0,0.0,0.0,0.0,0.0,0.0
4.0175,0.49793431706837615,0.48700911264206276,0.4906711811646405,-0.5235697967451303,-0.027,0.0,9.9736,0.0,0.0,1.0,0.0,0.0,0.0,0.0,0.0,0.0,0.0,0.0
4.0376,0.4978736458822706,0.4870704365791955,0.4906715063468873,-0.5235701437302589,-0.027,0.0,9.9705,0.0,0.0,1.0,0.0,0.0,0.0,0.0,0.0,0.0,0.0,0.0
4.0576,0.4978576332217243,0.4869937721525953,0.4907167245421727,-0.5236143038363741,-0.027,0.0,9.9734,0.0,0.0,1.0,0.0,0.0,0.0,0.0,0.0,0.0,0.0,0.0
4.0777,0.49779684898485477,0.48699398247022263,0.4907779357138928,-0.5236145299692824,-0.027,0.0,9.9412,0.0,0.0,1.0,0.0,0.0,0.0,0.0,0.0,0.0,0.0,0.0
4.0978,0.4976912816349176,0.487071062235417,0.49085514040940104,-0.5235708162714218,-0.027,0.0,9.9393,0.0,0.0,1.0,0.0,0.0,0.0,0.0,0.0,0.0,0.0,0.0
4.1178,0.4974793185405111,0.48716470587725336,0.49100956149433805,-0.5235403398909544,-0.027,0.0,9.901,0.0,0.0,1.0,0.0,0.0,0.0,0.0,0.0,0.0,0.0,0.0
4.1379,0.49732704529472815,0.48725678114347165,0.491101882003609,-0.5235127321666893,-0.027,0.0,9.9393,0.0,0.0,1.0,0.0,0.0,0.0,0.0,0.0,0.0,0.0,0.0
4.158,0.49712993151009244,0.48736495249812967,0.491209944234023,-0.5234978748370186,-0.027,0.0,9.942,0.0,0.0,1.0,0.0,0.0,0.0,0.0,0.0,0.0,0.0,0.0
4.178,0.49688906325810733,0.4874900242299922,0.4914570407024396,-0.5233781732502062,-0.027,0.0,9.8962,0.0,0.0,1.0,0.0,0.0,0.0,0.0,0.0,0.0,0.0,0.0
4.1981,0.496541045355232,0.4876296856037603,0.4917798531459676,-0.5232751246096472,-0.027,0.0,9.901,0.0,0.0,1.0,0.0,0.0,0.0,0.0,0.0,0.0,0.0,0.0
4.2182,0.4962700708211839,0.48778618927751594,0.49205812963048046,-0.5231246958630514,-0.027,0.0,9.9079,0.0,0.0,1.0,0.0,0.0,0.0,0.0,0.0,0.0,0.0,0.0
4.2383,0.49610409079707346,0.48786392319140215,0.4922590125878738,-0.5230206382818123,-0.027,0.0,9.9143,0.0,0.0,1.0,0.0,0.0,0.0,0.0,0.0,0.0,0.0,0.0
4.2583,0.49590772014611634,0.48797277262658273,0.49242874315551055,-0.5229455413223167,-0.027,0.0,9.8763,0.0,0.0,1.0,0.0,0.0,0.0,0.0,0.0,0.0,0.0,0.0
4.2784,0.4957869798333037,0.48803501141999117,0.49255199301479685,-0.5228858694143609,-0.027,0.0,9.794,0.0,0.0,1.0,0.0,0.0,0.0,0.0,0.0,0.0,0.0,0.0
4.2985,0.4957283093206812,0.48822030463589483,0.49255430734019223,-0.5227663261916519,-0.027,0.0,9.7914,0.0,0.0,1.0,0.0,0.0,0.0,0.0,0.0,0.0,0.0,0.0
4.3186,0.4956697361119301,0.4884666963509328,0.49249571859125757,-0.5226468850266078,-0.027,0.0,9.879,0.0,0.0,1.0,0.0,0.0,0.0,0.0,0.0,0.0,0.0,0.0
4.3386,0.49560934325508327,0.4886512822783601,0.49243631544836564,-0.5225875796779114,-0.027,0.0,9.8322,0.0,0.0,1.0,0.0,0.0,0.0,0.0,0.0,0.0,0.0,0.0
4.3587,0.49553364443941295,0.4888207847233801,0.4923607107467313,-0.5225720793957384,-0.027,0.0,9.7914,0.0,0.0,1.0,0.0,0.0,0.0,0.0,0.0,0.0,0.0,0.0
4.3787,0.49554964666429674,0.4889585715606442,0.492254609118168,-0.5225279540753631,-0.027,0.0,9.8399,0.0,0.0,1.0,0.0,0.0,0.0,0.0,0.0,0.0,0.0,0.0
4.3988,0.4955517629346723,0.4891436625502757,0.4921957103613212,-0.522408183646806,-0.027,0.0,9.879,0.0,0.0,1.0,0.0,0.0,0.0,0.0,0.0,0.0,0.0,0.0
4.4189,0.49555318396338477,0.4893280685948765,0.4920741194867519,-0.5223486805576305,-0.027,0.0,9.8322,0.0,0.0,1.0,0.0,0.0,0.0,0.0,0.0,0.0,0.0,0.0
4.439,0.49561407806704405,0.48932796292549086,0.4920130121070166,-0.5223485677575119,-0.027,0.0,9.7916,0.0,0.0,1.0,0.0,0.0,0.0,0.0,0.0,0.0,0.0,0.0
4.459,0.4956747224983521,0.489265622646048,0.4919506644783833,-0.5224081389988422,-0.027,0.0,9.7942,0.0,0.0,1.0,0.0,0.0,0.0,0.0,0.0,0.0,0.0,0.0
4.4791,0.4956748018405222,0.4893267019224649,0.49188974226430193,-0.5224082226202043,-0.027,0.0,9.7997,0.0,0.0,1.0,0.0,0.0,0.0,0.0,0.0,0.0,0.0,0.0
4.4992,0.49555070226128495,0.48956962136791365,0.49164464943240893,-0.5225290671402967,-0.027,0.0,9.909,0.0,0.0,1.0,0.0,0.0,0.0,0.0,0.0,0.0,0.0,0.0
4.5193,0.4954721497216776,0.4895522793601266,0.491566235256776,-0.5226935536037957,-0.027,0.0,9.8711,0.0,0.0,1.0,0.0,0.0,0.0,0.0,0.0,0.0,0.0,0.0
4.5393,0.49556053580335535,0.48927432604587706,0.4915934034285676,-0.5228444462095414,-0.027,0.0,9.8411,0.0,0.0,1.0,0.0,0.0,0.0,0.0,0.0,0.0,0.0,0.0
4.5594,0.49568086175669973,0.4890276756997959,0.49159074737630953,-0.5229636247214449,-0.027,0.0,9.9154,0.0,0.0,1.0,0.0,0.0,0.0,0.0,0.0,0.0,0.0,0.0
4.5795,0.49572385940245806,0.4888879165005537,0.4915118945834382,-0.5231276305089216,-0.027,0.0,9.9458,0.0,0.0,1.0,0.0,0.0,0.0,0.0,0.0,0.0,0.0,0.0
4.5996,0.49572097475111676,0.4888850716280359,0.49132603703520983,-0.5233075837997463,-0.027,0.0,9.9412,0.0,0.0,1.0,0.0,0.0,0.0,0.0,0.0,0.0,0.0,0.0
4.6196,0.49571772733136926,0.48882087025368864,0.4912008209344021,-0.5234881518498947,-0.027,0.0,9.9364,0.0,0.0,1.0,0.0,0.0,0.0,0.0,0.0,0.0,0.0,0.0
4.6397,0.49574655233623716,0.48872628961676107,0.49116838100721155,-0.5235795939328832,-0.027,0.0,9.942,0.0,0.0,1.0,0.0,0.0,0.0,0.0,0.0,0.0,0.0,0.0
4.6598,0.49579248462750186,0.48865043443032197,0.4912144524512643,-0.523563679814548,-0.027,0.0,9.9688,0.0,0.0,1.0,0.0,0.0,0.0,0.0,0.0,0.0,0.0,0.0
4.6798,0.49577754707452887,0.4885747134667282,0.4913216500099227,-0.5235479055532501,-0.027,0.0,9.908,0.0,0.0,1.0,0.0,0.0,0.0,0.0,0.0,0.0,0.0,0.0
4.6999,0.4957932949809735,0.48852923205351473,0.4913982569074354,-0.5235035350305162,-0.027,0.0,9.8701,0.0,0.0,1.0,0.0,0.0,0.0,0.0,0.0,0.0,0.0,0.0
4.72,0.4958091274761385,0.4885448325805545,0.49141394905294317,-0.5234592499386936,-0.027,0.0,9.9091,0.0,0.0,1.0,0.0,0.0,0.0,0.0,0.0,0.0,0.0,0.0
4.7401,0.4957186261443378,0.48876075771505334,0.49132370925058905,-0.5234281021684067,-0.027,0.0,10.0182,0.0,0.0,1.0,0.0,0.0,0.0,0.0,0.0,0.0,0.0,0.0
4.7601,0.495671716097918,0.48883565105577204,0.4912156737006387,-0.5235039809096511,-0.027,0.0,9.9838,0.0,0.0,1.0,0.0,0.0,0.0,0.0,0.0,0.0,0.0,0.0
4.7802,0.4957325953427384,0.4886515297026656,0.4913375546015833,-0.5235038527767812,-0.027,0.0,9.908,0.0,0.0,1.0,0.0,0.0,0.0,0.0,0.0,0.0,0.0,0.0
4.8003,0.49585398347509224,0.48840692364865473,0.4914589481672914,-0.5235032055969091,-0.027,0.0,9.8647,0.0,0.0,1.0,0.0,0.0,0.0,0.0,0.0,0.0,0.0,0.0
4.8204,0.49596172084158835,0.48833187897547226,0.4915058131934347,-0.5234271516010568,-0.027,0.0,9.9153,0.0,0.0,1.0,0.0,0.0,0.0,0.0,0.0,0.0,0.0,0.0
4.8405,0.4959631326351427,0.4884552668688803,0.4914462133935062,-0.5233666426855759,-0.027,0.0,9.9458,0.0,0.0,1.0,0.0,0.0,0.0,0.0,0.0,0.0,0.0,0.0
4.8605,0.4958712240557435,0.48854591052098834,0.4914150333238843,-0.5233984022615686,-0.027,0.0,9.9028,0.0,0.0,1.0,0.0,0.0,0.0,0.0,0.0,0.0,0.0,0.0
4.8806,0.49579557768473054,0.488592482121773,0.4914615201850975,-0.5233829436843567,-0.027,0.0,9.861,0.0,0.0,1.0,0.0,0.0,0.0,0.0,0.0,0.0,0.0,0.0
4.9007,0.4957815830601218,0.4885176917286305,0.4916306451585497,-0.5233071712746907,-0.027,0.0,9.9446,0.0,0.0,1.0,0.0,0.0,0.0,0.0,0.0,0.0,0.0,0.0
4.9208,0.49572166181151317,0.4885187539063144,0.4917537125448426,-0.5232473098746118,-0.027,0.0,9.9091,0.0,0.0,1.0,0.0,0.0,0.0,0.0,0.0,0.0,0.0,0.0
4.9408,0.495614959774361,0.48853481749330535,0.4918918849562296,-0.5232035141881684,-0.027,0.0,9.866,0.0,0.0,1.0,0.0,0.0,0.0,0.0,0.0,0.0,0.0,0.0
4.9609,0.4955403451016493,0.4886433959706617,0.4919393716609235,-0.5231281416255994,-0.027,0.0,9.8296,0.0,0.0,1.0,0.0,0.0,0.0,0.0,0.0,0.0,0.0,0.0
4.981,0.4953606213437613,0.48889162628869476,0.492064623863239,-0.5229486002553665,-0.027,0.0,9.9496,0.0,0.0,1.0,0.0,0.0,0.0,0.0,0.0,0.0,0.0,0.0
5.0011,0.4953606213437613,0.48889162628869476,0.492064623863239,-0.5229486002553665,-0.027,0.0,9.9496,0.0,0.0,1.0,0.0,0.0,0.0,0.0,0.0,0.0,0.0,0.0
5.0212,0.4953008402872562,0.48901482962291987,0.492065834799008,-0.5228888870909,-0.027,0.0,9.9521,0.0,0.0,1.0,0.0,0.0,0.0,0.0,0.0,0.0,0.0,0.0
5.0412,0.4952399360694878,0.4890149243033859,0.492126930185492,-0.522888988329882,-0.027,0.0,9.9091,0.0,0.0,1.0,0.0,0.0,0.0,0.0,0.0,0.0,0.0,0.0
5.0613,0.4952261823697175,0.48912334032577015,0.4921132629394688,-0.5228134683452078,-0.027,0.0,9.9066,0.0,0.0,1.0,0.0,0.0,0.0,0.0,0.0,0.0,0.0,0.0
5.0814,0.4951660481745192,0.4891851925344627,0.49217612034242286,-0.5227533822988918,-0.027,0.0,9.9079,0.0,0.0,1.0,0.0,0.0,0.0,0.0,0.0,0.0,0.0,0.0
5.1014,0.49512033591297067,0.48926129643722227,0.49212931576073254,-0.5227695222015806,-0.027,0.0,9.9031,0.0,0.0,1.0,0.0,0.0,0.0,0.0,0.0,0.0,0.0,0.0
5.1215,0.4951822544521308,0.4893232041129902,0.49206922770597206,-0.5227094909575972,-0.027,0.0,9.8254,0.0,0.0,1.0,0.0,0.0,0.0,0.0,0.0,0.0,0.0,0.0
5.1416,0.4951831781434552,0.489324116875098,0.49213114622827764,-0.5226494653591395,-0.027,0.0,9.8647,0.0,0.0,1.0,0.0,0.0,0.0,0.0,0.0,0.0,0.0,0.0
5.1617,0.49510857246777884,0.4894936680423469,0.49211762337847054,-0.5225741049609068,-0.027,0.0,9.9066,0.0,0.0,1.0,0.0,0.0,0.0,0.0,0.0,0.0,0.0,0.0
5.1818,0.49506359700201324,0.4896315136439386,0.49207255110289677,-0.5225300184881831,-0.027,0.0,9.8712,0.0,0.0,1.0,0.0,0.0,0.0,0.0,0.0,0.0,0.0,0.0
5.2019,0.4951096452567937,0.4896167268528698,0.49205769059289867,-0.5225142381676863,-0.027,0.0,9.8271,0.0,0.0,1.0,0.0,0.0,0.0,0.0,0.0,0.0,0.0,0.0
5.2219,0.4952480823598617,0.48957197826572796,0.4920740241507742,-0.5224095804748651,-0.027,0.0,9.8727,0.0,0.0,1.0,0.0,0.0,0.0,0.0,0.0,0.0,0.0,0.0
5.242,0.49518784420490175,0.4895727325779503,0.49219778476330167,-0.5223493841692162,-0.027,0.0,9.8738,0.0,0.0,1.0,0.0,0.0,0.0,0.0,0.0,0.0,0.0,0.0
5.2621,0.4951263418989922,0.4896332382567193,0.4921352854646144,-0.5224098566763684,-0.027,0.0,9.8187,0.0,0.0,1.0,0.0,0.0,0.0,0.0,0.0,0.0,0.0,0.0
5.2821,0.49509577586957476,0.48966400872257004,0.4921049040844697,-0.522438603717089,-0.027,0.0,9.8654,0.0,0.0,1.0,0.0,0.0,0.0,0.0,0.0,0.0,0.0,0.0
5.3022,0.494989484053297,0.4896795432249592,0.4922435146531811,-0.5223941786673448,-0.027,0.0,9.911,0.0,0.0,1.0,0.0,0.0,0.0,0.0,0.0,0.0,0.0,0.0
5.3223,0.49486665444796907,0.4896177217537274,0.4923646865300814,-0.5224543006984425,-0.027,0.0,9.8322,0.0,0.0,1.0,0.0,0.0,0.0,0.0,0.0,0.0,0.0,0.0
5.3424,0.49474389342977926,0.4896169670736637,0.49242492673974,-0.5225144945289957,-0.027,0.0,9.7914,0.0,0.0,1.0,0.0,0.0,0.0,0.0,0.0,0.0,0.0,0.0
5.3624,0.49463498413765594,0.48956892284799963,0.49243795755783476,-0.5226503230696967,-0.027,0.0,9.8411,0.0,0.0,1.0,0.0,0.0,0.0,0.0,0.0,0.0,0.0,0.0
5.3825,0.4945573663957811,0.4895524740072501,0.4924214123214749,-0.5227547601164183,-0.027,0.0,9.9546,0.0,0.0,1.0,0.0,0.0,0.0,0.0,0.0,0.0,0.0,0.0
5.4026,0.4945849761270882,0.48939679804814373,0.4923879007147057,-0.5229059482156971,-0.027,0.0,9.9077,0.0,0.0,1.0,0.0,0.0,0.0,0.0,0.0,0.0,0.0,0.0
5.4227,0.4946741722119585,0.48924234601079136,0.4922942483609319,-0.5230542641514512,-0.027,0.0,9.8323,0.0,0.0,1.0,0.0,0.0,0.0,0.0,0.0,0.0,0.0,0.0
5.4428,0.4947489285949643,0.48919495184824424,0.4921859393256371,-0.523129809770452,-0.027,0.0,9.8675,0.0,0.0,1.0,0.0,0.0,0.0,0.0,0.0,0.0,0.0,0.0
5.4628,0.49497609096925355,0.4891783124554509,0.49186320988724824,-0.5232340114627941,-0.027,0.0,9.9835,0.0,0.0,1.0,0.0,0.0,0.0,0.0,0.0,0.0,0.0,0.0
5.4829,0.49504993360493615,0.48919100540087157,0.4916319754889621,-0.5233695865728666,-0.027,0.0,9.9412,0.0,0.0,1.0,0.0,0.0,0.0,0.0,0.0,0.0,0.0,0.0
5.503,0.49504993360493615,0.48919100540087157,0.4916319754889621,-0.5233695865728666,-0.027,0.0,9.9412,0.0,0.0,1.0,0.0,0.0,0.0,0.0,0.0,0.0,0.0,0.0
5.5231,0.4951851987058861,0.4890821099828368,0.49152314546914916,-0.5234456095388156,-0.027,0.0,9.9013,0.0,0.0,1.0,0.0,0.0,0.0,0.0,0.0,0.0,0.0,0.0
5.5432,0.4953677827219332,0.4890206958157453,0.4914007284038543,-0.5234451671657704,-0.027,0.0,9.9484,0.0,0.0,1.0,0.0,0.0,0.0,0.0,0.0,0.0,0.0,0.0
5.5632,0.49550561766076556,0.48903632236577566,0.4912944254382889,-0.523399890912142,-0.027,0.0,9.9458,0.0,0.0,1.0,0.0,0.0,0.0,0.0,0.0,0.0,0.0,0.0
5.5833,0.49555170701437323,0.48908260640438506,0.491218639624811,-0.5233841398752777,-0.027,0.0,9.9461,0.0,0.0,1.0,0.0,0.0,0.0,0.0,0.0,0.0,0.0,0.0
5.6034,0.4955839736654923,0.4891762455286726,0.49119016008353455,-0.5232927980523947,-0.027,0.0,9.902,0.0,0.0,1.0,0.0,0.0,0.0,0.0,0.0,0.0,0.0,0.0
5.6235,0.4956156696452255,0.48926853300366974,0.4911605737356414,-0.5232042635742061,-0.027,0.0,9.8688,0.0,0.0,1.0,0.0,0.0,0.0,0.0,0.0,0.0,0.0,0.0
5.6472,0.4956782576311521,0.48926911206939777,0.49116115504066316,-0.5231438814185732,-0.027,0.0,9.9446,0.0,0.0,1.0,0.0,0.0,0.0,0.0,0.0,0.0,0.0,0.0
5.6673,0.4956782576311521,0.48926911206939777,0.49116115504066316,-0.5231438814185732,-0.027,0.0,9.8589,0.0,0.0,1.0,0.0,0.0,0.0,0.0,0.0,0.0,0.0,0.0
5.6873,0.49566436939770847,0.48925540341153234,0.4912693927228382,-0.5230682239592886,-0.027,0.0,9.8187,0.0,0.0,1.0,0.0,0.0,0.0,0.0,0.0,0.0,0.0,0.0
5.7074,0.4956653290054506,0.4892563506114966,0.49133134361624853,-0.5230082368266208,-0.027,0.0,9.9438,0.0,0.0,1.0,0.0,0.0,0.0,0.0,0.0,0.0,0.0,0.0
5.7275,0.4956046579796265,0.48925766235973417,0.49145466084356976,-0.5229486391093466,-0.027,0.0,9.9055,0.0,0.0,1.0,0.0,0.0,0.0,0.0,0.0,0.0,0.0,0.0
5.7476,0.4955594453369732,0.48915124560956386,0.4916533235930189,-0.5229042976069921,-0.027,0.0,9.8308,0.0,0.0,1.0,0.0,0.0,0.0,0.0,0.0,0.0,0.0,0.0
5.7677,0.49554442004419347,0.48901441450908734,0.4918214168884203,-0.5228884432221322,-0.027,0.0,9.8736,0.0,0.0,1.0,0.0,0.0,0.0,0.0,0.0,0.0,0.0,0.3
5.7877,0.4955303978549672,0.4889395787707646,0.4919904950241256,-0.5228126489662249,-0.0541,0.0,9.7296,0.0,0.0,1.0,0.0,0.0,0.0,0.0,0.0406,0.0,0.0,0.3
5.8078,0.4955475253611738,0.48865047629506453,0.49243550322202184,-0.5226477181539184,-0.027,0.0,9.9546,0.0,0.0,1.0,0.0,0.0,0.0,0.0,0.0541,0.0,0.0,0.3
5.8279,0.49561770515123604,0.48743949550297405,0.4933596472659615,-0.5228404030046212,-0.0541,0.0,9.6566,0.0,0.0,1.0,0.0,0.0,0.0,0.0,0.1082,0.0,0.0,0.3
5.848,0.4955423630228586,0.48730339023952274,0.4936503692728804,-0.5227642730978636,-0.027,0.0,10.1573,0.0,0.0,1.0,0.0,0.0,0.0,0.0,0.1352,0.0,0.0,0.3
5.8681,0.4952404984843767,0.48767247558527194,0.4937144938670363,-0.5226455814058841,-0.027,0.0,9.7543,0.0,0.0,1.0,0.0,0.0,0.0,0.0,0.1623,0.0,0.0,0.3
5.8881,0.4952404984843767,0.48767247558527194,0.4937144938670363,-0.5226455814058841,-0.027,0.0,9.7543,0.0,0.0,1.0,0.0,0.0,0.0,0.0,0.1893,0.0,0.0,0.3
5.9082,0.49487794102484284,0.4885298776436809,0.4932909251795524,-0.5225882176933991,-0.027,0.0,9.9461,0.0,0.0,1.0,0.0,0.0,0.0,0.0,0.1893,0.0,0.0,0.3
5.9283,0.4948633602726661,0.48876047915418885,0.49309339475083996,-0.5225728205041912,-0.0135,0.0,10.4815,0.0,0.0,1.0,0.0,0.0,0.0,0.0,0.2028,0.0,0.0,0.3
5.9483,0.4945575160714031,0.4885756428787598,0.49351953807508686,-0.5226329209120332,0.0135,0.0,10.2675,0.0,0.0,1.0,0.0,0.0,0.0,0.0,0.2434,0.0,0.0,0.3
5.9684,0.4946947605499851,0.4884077000483017,0.4935957499739792,-0.5225880289726756,0.0406,0.0,9.5351,0.0,0.0,1.0,0.0,0.0,0.0,0.0,0.284,0.0,0.0,0.3
5.9885,0.49457106898646097,0.48840603073024214,0.49359406292379665,-0.5227082435874703,-0.0135,0.0,10.2826,0.0,0.0,1.0,0.0,0.0,0.0,0.0,0.3381,0.0,0.0,0.3
6.0085,0.49418786389927716,0.48893901404110723,0.49321089184528005,-0.5229340416231888,0.027,0.0,9.7422,0.0,0.0,1.0,0.0,0.0,0.0,0.0,0.2299,0.0,0.0,0.3
6.0286,0.4945657323021259,0.48895075804807714,0.49261274125704013,-0.5231296013302029,-0.0135,0.0,13.6183,0.0,0.0,1.0,0.0,0.0,0.0,0.0,0.3922,0.0,0.0,0.3
6.0487,0.4940184915398806,0.4893184963772705,0.49182049380213233,-0.5240474606330755,0.0,0.0,11.1431,0.0,0.0,1.0,0.0,0.0,0.0,0.0,0.2299,0.0,0.0,0.3
6.0688,0.4946885292273956,0.48895154628418336,0.4925525355779793,-0.523069444847284,0.0406,0.0,9.4454,0.0,0.0,1.0,0.0,0.0,0.0,0.0,0.3516,0.0,0.0,0.3
6.0888,0.49481595083983737,0.4890789050326051,0.49164192549694835,-0.5236861813531354,-0.0406,0.0,10.1875,0.0,0.0,1.0,0.0,0.0,0.0,0.0,0.2434,0.0,0.0,0.3
6.1089,0.4945072225248387,0.4887082199153274,0.4920652214259552,-0.5239262357631917,0.0676,0.0,10.3428,0.0,0.0,1.0,0.0,0.0,0.0,0.0,0.2975,0.0,0.0,0.3
6.129,0.49505986750917985,0.48779681076869147,0.49182484223649925,-0.5244790973382346,-0.0811,0.0,9.4343,0.0,0.0,1.0,0.0,0.0,0.0,0.0,0.284,0.0,0.0,0.3
6.1491,0.4952848734053187,0.4874121138488474,0.4918059796549105,-0.524641976804134,0.0676,0.0,12.4638,0.0,0.0,1.0,0.0,0.0,0.0,0.0,0.284,0.0,0.0,0.3
6.1692,0.4956621248623182,0.48711720890675025,0.49151116568951997,-0.5248358379211526,-0.1217,0.0,9.9595,0.0,0.0,1.0,0.0,0.0,0.0,0.0,0.3245,0.0,0.0,0.3
6.1893,0.49492179292679067,0.4879029660437048,0.49083289377806044,-0.5254390402295416,0.0541,0.0,9.4393,0.0,0.0,1.0,0.0,0.0,0.0,0.0,0.2028,0.0,0.0,0.3
6.2094,0.49488375827074205,0.4882916149642357,0.4909166720303128,-0.5250354137371369,-0.0406,0.0,10.8713,0.0,0.0,1.0,0.0,0.0,0.0,0.0,0.3651,0.0,0.0,0.3
6.2295,0.493585729394351,0.4889477789192998,0.4904117632865865,-0.5261173820149561,-0.0135,0.0,10.2501,0.0,0.0,1.0,0.0,0.0,0.0,0.0,0.2299,0.0,0.0,0.3
6.2496,0.4935404044909542,0.4890853105716236,0.4912823568882947,-0.5252190723195855,0.0135,0.0,8.6995,0.0,0.0,1.0,0.0,0.0,0.0,0.0,0.3651,0.0,0.0,0.3
6.2697,0.49290718870373934,0.4891842854668163,0.4903432553436883,-0.5265973130537711,-0.027,0.0,10.8205,0.0,0.0,1.0,0.0,0.0,0.0,0.0,0.2434,0.0,0.0,0.3
6.2898,0.4921325135958128,0.48889847079179727,0.4916445071368273,-0.526373966796892,0.0406,0.0,10.6163,0.0,0.0,1.0,0.0,0.0,0.0,0.0,0.3651,0.0,0.0,0.3
6.3098,0.4915341257892802,0.4899470672649847,0.4909241032941195,-0.5266304199985731,-0.027,0.0,10.6046,0.0,0.0,1.0,0.0,0.0,0.0,0.0,0.2434,0.0,0.0,0.3
6.33,0.4907180074770731,0.490168013072669,0.49193799506502406,-0.526239646082968,0.0676,0.0,10.6816,0.0,0.0,1.0,0.0,0.0,0.0,0.0,0.3516,0.0,0.0,0.3
6.3501,0.49078430857459615,0.4901123081520841,0.49133330891977356,-0.5267943312154549,-0.0406,0.0,10.3362,0.0,0.0,1.0,0.0,0.0,0.0,0.0,0.2434,0.0,0.0,0.3
6.3701,0.4905978348081399,0.48949884189851645,0.4929168198467357,-0.5260586060257516,0.0676,0.0,10.393,0.0,0.0,1.0,0.0,0.0,0.0,0.0,0.2705,0.0,0.0,0.3
6.3902,0.4897308590972636,0.49015784589620526,0.492355777943217,-0.5267777137276953,-0.0811,0.0,10.0632,0.0,0.0,1.0,0.0,0.0,0.0,0.0,0.3245,0.0,0.0,0.3
6.4104,0.48986736320664265,0.4897453633652339,0.4935903583670091,-0.5258783163949186,0.0811,0.0,9.7922,0.0,0.0,1.0,0.0,0.0,0.0,0.0,0.2028,0.0,0.0,0.3
6.4304,0.4899134739870786,0.4896694817195196,0.4926603869337352,-0.5267773057229701,-0.0541,0.0,12.3271,0.0,0.0,1.0,0.0,0.0,0.0,0.0,0.3516,0.0,0.0,0.3
6.4505,0.4886571969557016,0.490122227526932,0.4932962937611205,-0.5269279955638885,-0.0135,0.0,12.9478,0.0,0.0,1.0,0.0,0.0,0.0,0.0,0.2569,0.0,0.0,0.3
6.4706,0.4888936785936601,0.4907856850897762,0.49371469514639604,-0.5256978049589128,-0.0406,0.0,11.2742,0.0,0.0,1.0,0.0,0.0,0.0,0.0,0.2705,0.0,0.0,0.3
6.4907,0.48817164155530895,0.4908577111130093,0.49421479804718704,-0.5258316167874185,-0.0135,0.0,9.11,0.0,0.0,1.0,0.0,0.0,0.0,0.0,0.2705,0.0,0.0,0.3
6.5108,0.4885808702939822,0.49144984017210674,0.4938908145438401,-0.5252024857964859,0.0,0.0,10.0363,0.0,0.0,1.0,0.0,0.0,0.0,0.0,0.2705,0.0,0.0,0.3
6.5309,0.48852517899810105,0.49182118020577253,0.492920180608452,-0.5258181926624501,-0.0135,0.0,9.6558,0.0,0.0,1.0,0.0,0.0,0.0,0.0,0.2705,0.0,0.0,0.3
6.551,0.4883426768041074,0.49218868213436473,0.4927986829797777,-0.5257577286583934,-0.0135,0.0,9.9721,0.0,0.0,1.0,0.0,0.0,0.0,0.0,0.2705,0.0,0.0,0.3
6.5711,0.48841969361445636,0.4921428208665957,0.49281484383555574,-0.52571396828919,-0.0135,0.0,9.8922,0.0,0.0,1.0,0.0,0.0,0.0,0.0,0.2705,0.0,0.0,0.3
6.5912,0.48840398270057134,0.4920049899460319,0.4929209917890874,-0.5257580578593994,-0.0135,0.0,9.9156,0.0,0.0,1.0,0.0,0.0,0.0,0.0,0.2705,0.0,0.0,0.3
6.6113,0.48835645852147114,0.49183556152550556,0.4930565976761024,-0.5258335680872073,-0.0135,0.0,9.8242,0.0,0.0,1.0,0.0,0.0,0.0,0.0,0.2705,0.0,0.0,0.3
6.6314,0.48838622779288443,0.49174311251042435,0.4930250684853683,-0.5259219387378653,-0.0135,0.0,9.8375,0.0,0.0,1.0,0.0,0.0,0.0,0.0,0.2705,0.0,0.0,0.3
6.6515,0.4883534437381543,0.49171052240562296,0.4929925524478319,-0.5260133262338955,-0.0135,0.0,9.9574,0.0,0.0,1.0,0.0,0.0,0.0,0.0,0.2705,0.0,0.0,0.3
6.6716,0.4882292267580909,0.4917692936597409,0.4929293155823157,-0.5261329430782169,-0.0135,0.0,10.033,0.0,0.0,1.0,0.0,0.0,0.0,0.0,0.2705,0.0,0.0,0.3
6.6917,0.488040881049997,0.4918859116268532,0.4926799179410339,-0.5264321863493706,-0.0135,0.0,9.9546,0.0,0.0,1.0,0.0,0.0,0.0,0.0,0.2705,0.0,0.0,0.3
6.7118,0.4879746954611723,0.4919416848559263,0.4923696837117255,-0.526731591849496,-0.0135,0.0,9.9871,0.0,0.0,1.0,0.0,0.0,0.0,0.0,0.2705,0.0,0.0,0.3
6.7319,0.48792486788279843,0.49189194811376297,0.49225895553618915,-0.526927656682415,-0.0135,0.0,9.9759,0.0,0.0,1.0,0.0,0.0,0.0,0.0,0.2705,0.0,0.0,0.3
6.7519,0.48780053699237336,0.4918896001723735,0.492256605842968,-0.5270471433905848,-0.0135,0.0,9.8701,0.0,0.0,1.0,0.0,0.0,0.0,0.0,0.2705,0.0,0.0,0.3
6.7721,0.4876181768790093,0.4920122505633191,0.49237925671765276,-0.526986837052863,-0.0135,0.0,9.8331,0.0,0.0,1.0,0.0,0.0,0.0,0.0,0.2705,0.0,0.0,0.3
6.7922,0.4874222032826903,0.4923051552296061,0.49242715402901716,-0.5268498152759321,-0.0135,0.0,9.9534,0.0,0.0,1.0,0.0,0.0,0.0,0.0,0.2705,0.0,0.0,0.3
6.8124,0.4871763184101888,0.4924862455849015,0.4924252464215011,-0.5269097734685765,-0.0135,0.0,9.9154,0.0,0.0,1.0,0.0,0.0,0.0,0.0,0.2705,0.0,0.0,0.3
6.8325,0.48695914947837804,0.4925143907521177,0.49251439075211795,-0.5270008885603847,-0.0135,0.0,9.8399,0.0,0.0,1.0,0.0,0.0,0.0,0.0,0.2705,0.0,0.0,0.3
6.8526,0.48674535732001484,0.49254424244106904,0.49266624002423337,-0.527028559288725,-0.0135,0.0,9.8424,0.0,0.0,1.0,0.0,0.0,0.0,0.0,0.2705,0.0,0.0,0.3
6.8727,0.4864996233028425,0.4926034805653515,0.49278647628603306,-0.5270876741593269,-0.0135,0.0,9.8815,0.0,0.0,1.0,0.0,0.0,0.0,0.0,0.2705,0.0,0.0,0.3
6.8927,0.4863160680918014,0.4927859093523375,0.4927859093523377,-0.5270870677632966,-0.0135,0.0,9.7967,0.0,0.0,1.0,0.0,0.0,0.0,0.0,0.2705,0.0,0.0,0.3
6.9128,0.48613248074524346,0.49296830470388636,0.4927853094165209,-0.5270864260679794,-0.0135,0.0,9.7967,0.0,0.0,1.0,0.0,0.0,0.0,0.0,0.2705,0.0,0.0,0.3
6.9329,0.4859032875576456,0.49310532146370906,0.49292232060216934,-0.527041481229909,-0.0135,0.0,9.802,0.0,0.0,1.0,0.0,0.0,0.0,0.0,0.2705,0.0,0.0,0.3
6.953,0.4859032875576456,0.49310532146370906,0.49292232060216934,-0.527041481229909,-0.0135,0.0,9.802,0.0,0.0,1.0,0.0,0.0,0.0,0.0,0.2705,0.0,0.0,0.3
6.9731,0.4856584221170298,0.4932264442778998,0.49304344374203324,-0.5270405432931828,-0.0135,0.0,9.808,0.0,0.0,1.0,0.0,0.0,0.0,0.0,0.2705,0.0,0.0,0.3
6.9932,0.48553597346394467,0.4932869890041611,0.493103988637259,-0.5270400566765815,-0.0135,0.0,9.8134,0.0,0.0,1.0,0.0,0.0,0.0,0.0,0.2705,0.0,0.0,0.3
7.0133,0.48535127270724426,0.493407260635448,0.49310226109248617,-0.527099210148487,-0.0135,0.0,9.7782,0.0,0.0,1.0,0.0,0.0,0.0,0.0,0.2705,0.0,0.0,0.3
7.0334,0.4851647736232591,0.4935267180157945,0.4930387212610043,-0.527218493963332,-0.0135,0.0,9.8106,0.0,0.0,1.0,0.0,0.0,0.0,0.0,0.2705,0.0,0.0,0.3
7.0535,0.48504121238505304,0.49376912623589747,0.49285413526734545,-0.5272777954874959,-0.0135,0.0,9.7325,0.0,0.0,1.0,0.0,0.0,0.0,0.0,0.2705,0.0,0.0,0.3
7.0736,0.4849795690014977,0.49407446715312836,0.4926094835586108,-0.5272770953365912,-0.0135,0.0,9.7827,0.0,0.0,1.0,0.0,0.0,0.0,0.0,0.2705,0.0,0.0,0.3
7.0937,0.48493064001207564,0.4943307687252625,0.49225574031251124,-0.5274122216998307,-0.0135,0.0,9.9257,0.0,0.0,1.0,0.0,0.0,0.0,0.0,0.2705,0.0,0.0,0.3
7.1138,0.4849120671353643,0.4943728343219082,0.4919918929128437,-0.5276360157713536,-0.0135,0.0,9.8452,0.0,0.0,1.0,0.0,0.0,0.0,0.0,0.2705,0.0,0.0,0.3
7.1339,0.4849204502970997,0.4941983823810066,0.49175640025674494,-0.5280111348657173,-0.0135,0.0,9.7788,0.0,0.0,1.0,0.0,0.0,0.0,0.0,0.2705,0.0,0.0,0.3
7.154,0.4849765368857887,0.49394938030460817,0.4916294207892109,-0.5283107806787837,-0.0135,0.0,9.8508,0.0,0.0,1.0,0.0,0.0,0.0,0.0,0.2705,0.0,0.0,0.3
7.174,0.48498483763825817,0.4936518347367473,0.4915158354518308,-0.5286868230078411,-0.0135,0.0,9.9281,0.0,0.0,1.0,0.0,0.0,0.0,0.0,0.2705,0.0,0.0,0.3
7.1941,0.4850386845169274,0.49321756116092397,0.49144758785613446,-0.529106019881598,-0.0135,0.0,9.8454,0.0,0.0,1.0,0.0,0.0,0.0,0.0,0.2705,0.0,0.0,0.3
7.2142,0.4851203388082016,0.49275054860749634,0.49128550832493195,-0.5296165622708003,-0.0135,0.0,9.7631,0.0,0.0,1.0,0.0,0.0,0.0,0.0,0.2705,0.0,0.0,0.3
7.2344,0.4852360079993517,0.49250011291086204,0.4910350917523597,-0.5299756541496912,-0.0135,0.0,9.8723,0.0,0.0,1.0,0.0,0.0,0.0,0.0,0.2705,0.0,0.0,0.3
7.2544,0.4852911026407777,0.49231010412532117,0.4907841038025667,-0.5303341121675328,-0.0135,0.0,9.8683,0.0,0.0,1.0,0.0,0.0,0.0,0.0,0.2705,0.0,0.0,0.3
7.2745,0.48534657088319766,0.49199849647434596,0.49071751080353115,-0.5306340642944916,-0.0135,0.0,9.8348,0.0,0.0,1.0,0.0,0.0,0.0,0.0,0.2705,0.0,0.0,0.3
7.2946,0.48541887184955984,0.4917049478888219,0.49072893608253504,-0.5308294211564151,-0.0135,0.0,9.8935,0.0,0.0,1.0,0.0,0.0,0.0,0.0,0.2705,0.0,0.0,0.3
7.3147,0.48560122675517153,0.4915212904756111,0.4906672812835073,-0.530889714216535,-0.0135,0.0,10.0041,0.0,0.0,1.0,0.0,0.0,0.0,0.0,0.2705,0.0,0.0,0.3
7.3348,0.48584487073123167,0.49145992702374725,0.49042191661740175,-0.5309503229260533,-0.0135,0.0,9.9655,0.0,0.0,1.0,0.0,0.0,0.0,0.0,0.2705,0.0,0.0,0.3
7.3549,0.48615050723675135,0.491460567390465,0.4901175521764467,-0.5309510147483097,-0.0135,0.0,9.9599,0.0,0.0,1.0,0.0,0.0,0.0,0.0,0.2705,0.0,0.0,0.3
7.375,0.4868082140297826,0.49126414276202773,0.48967716814396833,-0.5309365082455033,-0.0135,0.0,9.9941,0.0,0.0,1.0,0.0,0.0,0.0,0.0,0.2705,0.0,0.0,0.3
7.3951,0.48719130377737324,0.49115837139279667,0.4894493422637928,-0.5308930486378775,-0.0135,0.0,10.0265,0.0,0.0,1.0,0.0,0.0,0.0,0.0,0.2705,0.0,0.0,0.3
7.4152,0.48748210928106506,0.4910830657672168,0.48925208789269775,-0.5308775848914619,-0.0135,0.0,9.9772,0.0,0.0,1.0,0.0,0.0,0.0,0.0,0.2705,0.0,0.0,0.3
7.4353,0.48767979689287094,0.4910978585487409,0.48902282111868534,-0.5308935763940749,-0.0135,0.0,9.9803,0.0,0.0,1.0,0.0,0.0,0.0,0.0,0.2705,0.0,0.0,0.3
7.4554,0.48784953795119657,0.4911455078050607,0.4888875284573589,-0.5308181449447336,-0.0135,0.0,10.0195,0.0,0.0,1.0,0.0,0.0,0.0,0.0,0.2705,0.0,0.0,0.3
7.4755,0.4879264318954989,0.49110050626262486,0.4889034547867032,-0.5307744358048404,-0.0135,0.0,9.9688,0.0,0.0,1.0,0.0,0.0,0.0,0.0,0.2705,0.0,0.0,0.3
7.4956,0.4880341188881027,0.4909031019510465,0.48901111312041234,-0.5307588666623375,-0.0135,0.0,9.943,0.0,0.0,1.0,0.0,0.0,0.0,0.0,0.2705,0.0,0.0,0.3
7.5157,0.48809649418632267,0.4907824858998401,0.4891344909840261,-0.5306993627533316,-0.0135,0.0,9.8999,0.0,0.0,1.0,0.0,0.0,0.0,0.0,0.2705,0.0,0.0,0.3
7.5358,0.48805011564996864,0.4906751861949911,0.4892711484634821,-0.5307152622148608,-0.0135,0.0,9.902,0.0,0.0,1.0,0.0,0.0,0.0,0.0,0.2705,0.0,0.0,0.3
7.5559,0.48789889841303413,0.49064580775982725,0.4894858460407594,-0.5306834864406621,-0.0135,0.0,9.8551,0.0,0.0,1.0,0.0,0.0,0.0,0.0,0.2705,0.0,0.0,0.3
7.576,0.48774615714985314,0.49055423865624753,0.4897602156092116,-0.5306554026186472,-0.0135,0.0,9.8242,0.0,0.0,1.0,0.0,0.0,0.0,0.0,0.2705,0.0,0.0,0.3
7.596,0.48765621684515276,0.49040213360349344,0.49003614469833967,-0.5306239142920368,-0.0135,0.0,9.8711,0.0,0.0,1.0,0.0,0.0,0.0,0.0,0.2705,0.0,0.0,0.3
7.6162,0.4875951569806824,0.49028007524834116,0.4902190771052027,-0.5306238471323995,-0.0135,0.0,9.8736,0.0,0.0,1.0,0.0,0.0,0.0,0.0,0.2705,0.0,0.0,0.3
7.6362,0.4875644367033768,0.49018851978407135,0.49037152557819014,-0.5305957991127884,-0.0135,0.0,9.8736,0.0,0.0,1.0,0.0,0.0,0.0,0.0,0.2705,0.0,0.0,0.3
7.6563,0.4875961014355326,0.49009803011991493,0.49046501965915096,-0.5305638766710352,-0.0135,0.0,9.8723,0.0,0.0,1.0,0.0,0.0,0.0,0.0,0.2705,0.0,0.0,0.3
7.6764,0.4876583760169122,0.4900993128285274,0.4904663033282666,-0.5305042668679094,-0.0135,0.0,9.8711,0.0,0.0,1.0,0.0,0.0,0.0,0.0,0.2705,0.0,0.0,0.3
7.6965,0.48773427561785143,0.4900532864376414,0.49041928814529273,-0.5305204752450758,-0.0135,0.0,9.8308,0.0,0.0,1.0,0.0,0.0,0.0,0.0,0.2705,0.0,0.0,0.3
7.7166,0.4878576130492963,0.4899936288685235,0.49042063203088787,-0.530460928567339,-0.0135,0.0,9.8647,0.0,0.0,1.0,0.0,0.0,0.0,0.0,0.2705,0.0,0.0,0.3
7.7367,0.48811647101037514,0.4898865379921869,0.49025255184266325,-0.530477073994875,-0.0135,0.0,9.8255,0.0,0.0,1.0,0.0,0.0,0.0,0.0,0.2705,0.0,0.0,0.3
7.7568,0.48834610753594104,0.48987212037141253,0.49005512191066,-0.5304614617730866,-0.0135,0.0,9.8701,0.0,0.0,1.0,0.0,0.0,0.0,0.0,0.2705,0.0,0.0,0.3
7.7769,0.4885146467894422,0.4899186170347567,0.4898576183275174,-0.5304457581331294,-0.0135,0.0,9.9033,0.0,0.0,1.0,0.0,0.0,0.0,0.0,0.2705,0.0,0.0,0.3
7.797,0.4887004020530937,0.4901043802250952,0.489616387812035,-0.5303257548933625,-0.0135,0.0,9.902,0.0,0.0,1.0,0.0,0.0,0.0,0.0,0.2705,0.0,0.0,0.3
7.8171,0.4889633520240977,0.4904273830196396,0.48920735719002134,-0.5301622242606701,-0.0135,0.0,9.8701,0.0,0.0,1.0,0.0,0.0,0.0,0.0,0.2705,0.0,0.0,0.3
7.8372,0.48913379846508664,0.4906597915967671,0.48895079928874496,-0.5300266144112299,-0.0135,0.0,9.9091,0.0,0.0,1.0,0.0,0.0,0.0,0.0,0.2705,0.0,0.0,0.3
7.8573,0.48913379846508664,0.4906597915967671,0.48895079928874496,-0.5300266144112299,-0.0135,0.0,9.9091,0.0,0.0,1.0,0.0,0.0,0.0,0.0,0.2705,0.0,0.0,0.3
7.8774,0.4892558384629401,0.49084283145158947,0.48864484116233203,-0.5300266583370608,-0.0135,0.0,9.8727,0.0,0.0,1.0,0.0,0.0,0.0,0.0,0.2705,0.0,0.0,0.3
7.8975,0.48937764836522485,0.49096464073915835,0.48840065306003705,-0.5300264530331681,-0.0135,0.0,9.8678,0.0,0.0,1.0,0.0,0.0,0.0,0.0,0.2705,0.0,0.0,0.3
7.9177,0.489453114480128,0.4910401537610217,0.48823208425834386,-0.5300421191007451,-0.0135,0.0,9.9153,0.0,0.0,1.0,0.0,0.0,0.0,0.0,0.2705,0.0,0.0,0.3
7.9377,0.4895750372809553,0.49104007330209376,0.4881100012598169,-0.5300420322511861,-0.0135,0.0,9.9141,0.0,0.0,1.0,0.0,0.0,0.0,0.0,0.2705,0.0,0.0,0.3
7.9578,0.48969685246929767,0.49110088645209643,0.487926809627735,-0.5300418289664771,-0.0135,0.0,9.9846,0.0,0.0,1.0,0.0,0.0,0.0,0.0,0.2705,0.0,0.0,0.3
7.9779,0.48980270050358155,0.4912066881793538,0.4876667192532612,-0.5300853469018275,-0.0135,0.0,9.9484,0.0,0.0,1.0,0.0,0.0,0.0,0.0,0.2705,0.0,0.0,0.3
7.998,0.48984884488099917,0.4913137875956705,0.48752993555995966,-0.5300692720956847,-0.0135,0.0,9.9412,0.0,0.0,1.0,0.0,0.0,0.0,0.0,0.2705,0.0,0.0,0.3
8.0181,0.4898632951087774,0.49138928045245345,0.4874223185531328,-0.5300849088003537,-0.0135,0.0,9.9412,0.0,0.0,1.0,0.0,0.0,0.0,0.0,0.2705,0.0,0.0,0.3
8.0382,0.48992306151027387,0.49132704449221704,0.48736009257671253,-0.5301445739744599,-0.0135,0.0,9.9412,0.0,0.0,1.0,0.0,0.0,0.0,0.0,0.2705,0.0,0.0,0.3
8.0583,0.4899841009108814,0.4912660854766229,0.4873601325017504,-0.5301446174044465,-0.0135,0.0,9.9033,0.0,0.0,1.0,0.0,0.0,0.0,0.0,0.2705,0.0,0.0,0.3
8.0784,0.4899842158314757,0.4912052014179778,0.4874212460868359,-0.5301447417442655,-0.0135,0.0,9.9458,0.0,0.0,1.0,0.0,0.0,0.0,0.0,0.2705,0.0,0.0,0.3
8.0985,0.4899866511807718,0.49126864241898827,0.4874846682806019,-0.5300253775356504,-0.0135,0.0,9.9759,0.0,0.0,1.0,0.0,0.0,0.0,0.0,0.2705,0.0,0.0,0.3
8.1186,0.489986762456727,0.49120775438913317,0.4875457785853076,-0.5300254979043992,-0.0135,0.0,9.9434,0.0,0.0,1.0,0.0,0.0,0.0,0.0,0.2705,0.0,0.0,0.3
8.1387,0.4899856004143016,0.49114558999874325,0.48754462233186874,-0.530085240359226,-0.0135,0.0,9.9013,0.0,0.0,1.0,0.0,0.0,0.0,0.0,0.2705,0.0,0.0,0.3
8.1588,0.48992456447260146,0.4912065528661317,0.48754458601971395,-0.5300852008786605,-0.0135,0.0,9.8601,0.0,0.0,1.0,0.0,0.0,0.0,0.0,0.2705,0.0,0.0,0.3
8.1789,0.4898183192492627,0.4913443545145291,0.48756026706776107,-0.5300412487640387,-0.0135,0.0,9.8637,0.0,0.0,1.0,0.0,0.0,0.0,0.0,0.2705,0.0,0.0,0.3
8.199,0.48980616895270074,0.49139316626006446,0.48767017257681605,-0.5299061009157052,-0.0135,0.0,9.8602,0.0,0.0,1.0,0.0,0.0,0.0,0.0,0.2705,0.0,0.0,0.3
8.2191,0.4898539000332225,0.4913188578658399,0.4877789597583548,-0.529830749338603,-0.0135,0.0,9.8268,0.0,0.0,1.0,0.0,0.0,0.0,0.0,0.2705,0.0,0.0,0.3
8.2392,0.48993202668276253,0.49127503497954617,0.48785701386383024,-0.5297272725282637,-0.0135,0.0,9.7817,0.0,0.0,1.0,0.0,0.0,0.0,0.0,0.2705,0.0,0.0,0.3
8.2593,0.48987337729878905,0.49139939404974625,0.4879203558606373,-0.529607813460347,-0.0135,0.0,9.7806,0.0,0.0,1.0,0.0,0.0,0.0,0.0,0.2705,0.0,0.0,0.3
8.2794,0.48980474564211074,0.49169673693409893,0.4880957535078572,-0.529233564168434,-0.0135,0.0,9.8272,0.0,0.0,1.0,0.0,0.0,0.0,0.0,0.2705,0.0,0.0,0.3
8.2995,0.48980474564211074,0.49169673693409893,0.4880957535078572,-0.529233564168434,-0.0135,0.0,9.8272,0.0,0.0,1.0,0.0,0.0,0.0,0.0,0.2705,0.0,0.0,0.3
8.3196,0.48999157039463015,0.4915175752853874,0.48828256491736655,-0.529054695589686,-0.0135,0.0,9.9091,0.0,0.0,1.0,0.0,0.0,0.0,0.0,0.2705,0.0,0.0,0.3
8.3397,0.490176939892397,0.4914589501968037,0.4882849246849571,-0.5289352514198566,-0.0135,0.0,9.986,0.0,0.0,1.0,0.0,0.0,0.0,0.0,0.2705,0.0,0.0,0.3
8.3598,0.4902379768967033,0.4913979863069036,0.4882849610534953,-0.5289352908161207,-0.0135,0.0,9.951,0.0,0.0,1.0,0.0,0.0,0.0,0.0,0.2705,0.0,0.0,0.3
8.3799,0.4902379768967033,0.4913979863069036,0.4882849610534953,-0.5289352908161207,-0.0135,0.0,9.951,0.0,0.0,1.0,0.0,0.0,0.0,0.0,0.2705,0.0,0.0,0.3
8.4,0.49035994869185406,0.49133695655934606,0.4882239314912778,-0.5289352593249212,-0.0135,0.0,9.9461,0.0,0.0,1.0,0.0,0.0,0.0,0.0,0.2705,0.0,0.0,0.3
8.4201,0.4905302998636441,0.4912012865950186,0.4882713445340238,-0.5288595419107217,-0.0135,0.0,9.9412,0.0,0.0,1.0,0.0,0.0,0.0,0.0,0.2705,0.0,0.0,0.3
8.4402,0.49085118272607225,0.4909121834944335,0.4882871504297066,-0.5288156609238998,-0.0135,0.0,9.9443,0.0,0.0,1.0,0.0,0.0,0.0,0.0,0.2705,0.0,0.0,0.3
8.4603,0.49089756097745957,0.4908365620260929,0.48833360505443935,-0.5287999093979894,-0.0135,0.0,9.8601,0.0,0.0,1.0,0.0,0.0,0.0,0.0,0.2705,0.0,0.0,0.3
8.4804,0.4909133953397922,0.4908523944208469,0.4883493567139633,-0.528755965417258,-0.0135,0.0,9.8982,0.0,0.0,1.0,0.0,0.0,0.0,0.0,0.2705,0.0,0.0,0.3
8.5005,0.4909146035406109,0.4908536024715345,0.4884115596734303,-0.5286962656844182,-0.0135,0.0,9.8982,0.0,0.0,1.0,0.0,0.0,0.0,0.0,0.2705,0.0,0.0,0.3
8.5206,0.4909161370953053,0.49079413457603344,0.4885350879282063,-0.5286359159839272,-0.0135,0.0,9.8637,0.0,0.0,1.0,0.0,0.0,0.0,0.0,0.2705,0.0,0.0,0.3
8.5407,0.4909648917789422,0.4907208928266825,0.48870590147912857,-0.5285007305986884,-0.0135,0.0,9.825,0.0,0.0,1.0,0.0,0.0,0.0,0.0,0.2705,0.0,0.0,0.3
8.5608,0.49096821075806785,0.4907242101563471,0.4888932056409765,-0.5283213028731104,-0.0135,0.0,9.8654,0.0,0.0,1.0,0.0,0.0,0.0,0.0,0.2705,0.0,0.0,0.3
8.5809,0.4909096213569246,0.4907266200069547,0.4890786078498491,-0.5282018964557061,-0.0135,0.0,9.908,0.0,0.0,1.0,0.0,0.0,0.0,0.0,0.2705,0.0,0.0,0.3
8.601,0.49083631202359546,0.4907753131032978,0.4892493401135599,-0.5280666530333856,-0.0135,0.0,9.825,0.0,0.0,1.0,0.0,0.0,0.0,0.0,0.2705,0.0,0.0,0.3
8.6211,0.4906714673495082,0.4909154720575012,0.48945044379024816,-0.5279031857236426,-0.0135,0.0,9.7864,0.0,0.0,1.0,0.0,0.0,0.0,0.0,0.2705,0.0,0.0,0.3
8.6412,0.4904918149993598,0.49116283253092485,0.4895757910665525,-0.5277237877530173,-0.0135,0.0,9.8333,0.0,0.0,1.0,0.0,0.0,0.0,0.0,0.2705,0.0,0.0,0.3
8.6613,0.4903576130668753,0.49145661668212726,0.4896256106589005,-0.5275287353439737,-0.0135,0.0,9.8725,0.0,0.0,1.0,0.0,0.0,0.0,0.0,0.2705,0.0,0.0,0.3
8.6814,0.4902841372636469,0.49156610886028146,0.48973514942702256,-0.5273933150726272,-0.0135,0.0,9.7922,0.0,0.0,1.0,0.0,0.0,0.0,0.0,0.2705,0.0,0.0,0.3
8.7015,0.4901643535518212,0.49162932770982937,0.4899203578558799,-0.5272736989468307,-0.0135,0.0,9.834,0.0,0.0,1.0,0.0,0.0,0.0,0.0,0.2705,0.0,0.0,0.3
8.7216,0.4901066427497793,0.4916936254028133,0.49010664274977933,-0.5270942384463319,-0.0135,0.0,9.9195,0.0,0.0,1.0,0.0,0.0,0.0,0.0,0.2705,0.0,0.0,0.3
8.7417,0.49006038124559237,0.4915864104584309,0.49024338474883583,-0.527110090489667,-0.0135,0.0,9.9611,0.0,0.0,1.0,0.0,0.0,0.0,0.0,0.2705,0.0,0.0,0.3
8.7618,0.490118218101151,0.4913392335921031,0.49024021964897757,-0.5272896896934357,-0.0135,0.0,9.9281,0.0,0.0,1.0,0.0,0.0,0.0,0.0,0.2705,0.0,0.0,0.3
8.7819,0.4902980039067057,0.49109200877133186,0.4901150027855136,-0.5274692316435095,-0.0135,0.0,9.9562,0.0,0.0,1.0,0.0,0.0,0.0,0.0,0.2705,0.0,0.0,0.3
8.802,0.4905394316954361,0.4909054312714146,0.4898674324739674,-0.5276483887036026,-0.0135,0.0,9.9871,0.0,0.0,1.0,0.0,0.0,0.0,0.0,0.2705,0.0,0.0,0.3
8.8222,0.4908431429070717,0.4909041426762806,0.48950014798826,-0.527708003429781,-0.0135,0.0,9.951,0.0,0.0,1.0,0.0,0.0,0.0,0.0,0.2705,0.0,0.0,0.3
8.8423,0.4910857981293155,0.49090279932246433,0.48919381046504157,-0.5277675589648861,-0.0135,0.0,9.9736,0.0,0.0,1.0,0.0,0.0,0.0,0.0,0.2705,0.0,0.0,0.3
8.8624,0.4914040139217263,0.4908550027338748,0.4888409616913747,-0.5278427564771498,-0.0135,0.0,10.0118,0.0,0.0,1.0,0.0,0.0,0.0,0.0,0.2705,0.0,0.0,0.3
8.8825,0.4918272893015937,0.4906682744805498,0.4884092455929419,-0.5280217521427123,-0.0135,0.0,9.8973,0.0,0.0,1.0,0.0,0.0,0.0,0.0,0.2705,0.0,0.0,0.3
8.9025,0.49212924791636126,0.4907262386568898,0.48791822012474734,-0.5281404855805287,-0.0135,0.0,9.8491,0.0,0.0,1.0,0.0,0.0,0.0,0.0,0.2705,0.0,0.0,0.3
8.9227,0.49231344119288734,0.4909704318054645,0.48755240791401977,-0.5280796911933032,-0.0135,0.0,9.9323,0.0,0.0,1.0,0.0,0.0,0.0,0.0,0.2705,0.0,0.0,0.3
8.9428,0.49236043742039537,0.4912004623052735,0.48735554479006366,-0.5280036727681566,-0.0135,0.0,9.9347,0.0,0.0,1.0,0.0,0.0,0.0,0.0,0.2705,0.0,0.0,0.3
8.9629,0.4924233647315424,0.4913853829338702,0.48723545570810933,-0.5278837428888215,-0.0135,0.0,9.8533,0.0,0.0,1.0,0.0,0.0,0.0,0.0,0.2705,0.0,0.0,0.3
8.983,0.49237907606537606,0.49164606404241795,0.4871299899691863,-0.5277796567102848,-0.0135,0.0,9.8582,0.0,0.0,1.0,0.0,0.0,0.0,0.0,0.2705,0.0,0.0,0.3
9.003,0.49232025458974765,0.4918312444041036,0.48713214652610565,-0.5276599906847834,-0.0135,0.0,9.8994,0.0,0.0,1.0,0.0,0.0,0.0,0.0,0.2705,0.0,0.0,0.3
9.0231,0.49206118415412164,0.49193918510020235,0.4873012210667784,-0.5276449082087492,-0.0135,0.0,9.909,0.0,0.0,1.0,0.0,0.0,0.0,0.0,0.2705,0.0,0.0,0.3
9.0432,0.4918166549503622,0.4918776544114504,0.4875446926918415,-0.5277053378848313,-0.0135,0.0,9.878,0.0,0.0,1.0,0.0,0.0,0.0,0.0,0.2705,0.0,0.0,0.3
9.0633,0.4916476971313562,0.4917696995376999,0.48774162008890815,-0.5277814098233111,-0.0135,0.0,9.9133,0.0,0.0,1.0,0.0,0.0,0.0,0.0,0.2705,0.0,0.0,0.3
9.0834,0.49147640048223634,0.49159840579474484,0.4878752436761475,-0.5279769898367066,-0.0135,0.0,9.9077,0.0,0.0,1.0,0.0,0.0,0.0,0.0,0.2705,0.0,0.0,0.3
9.1035,0.49125875444982786,0.491380751160495,0.48802384167107166,-0.5282447572157819,-0.0135,0.0,9.8711,0.0,0.0,1.0,0.0,0.0,0.0,0.0,0.2705,0.0,0.0,0.3
9.1236,0.4910252076470165,0.4912082066063414,0.48815622396229946,-0.528499994536098,-0.0135,0.0,9.8712,0.0,0.0,1.0,0.0,0.0,0.0,0.0,0.2705,0.0,0.0,0.3
9.1437,0.4908984491705427,0.49108144635574347,0.48815149142329295,-0.5287398671069944,-0.0135,0.0,9.8602,0.0,0.0,1.0,0.0,0.0,0.0,0.0,0.2705,0.0,0.0,0.3
9.1638,0.490647531599526,0.49101352080709737,0.4880836072055008,-0.5290983977458038,-0.0135,0.0,9.943,0.0,0.0,1.0,0.0,0.0,0.0,0.0,0.2705,0.0,0.0,0.3
9.1839,0.49047715038398915,0.4908431490037883,0.4882791586727355,-0.5292340042297853,-0.0135,0.0,9.9008,0.0,0.0,1.0,0.0,0.0,0.0,0.0,0.2705,0.0,0.0,0.3
9.204,0.49035227911314605,0.49065827679117713,0.4884602934698949,-0.5293539831607582,-0.0135,0.0,9.9038,0.0,0.0,1.0,0.0,0.0,0.0,0.0,0.2705,0.0,0.0,0.3
9.2241,0.49024389731210394,0.490549903489924,0.48859586404070643,-0.5294296884163007,-0.0135,0.0,9.943,0.0,0.0,1.0,0.0,0.0,0.0,0.0,0.2705,0.0,0.0,0.3
9.2442,0.49010731935777024,0.4905963146877476,0.4887033327661783,-0.5294139439700952,-0.0135,0.0,9.9482,0.0,0.0,1.0,0.0,0.0,0.0,0.0,0.2705,0.0,0.0,0.3
9.2643,0.48998625948538677,0.490719253889768,0.48876626879869484,-0.5293539589556223,-0.0135,0.0,9.9532,0.0,0.0,1.0,0.0,0.0,0.0,0.0,0.2705,0.0,0.0,0.3
9.2843,0.4898654203218489,0.49084241517690036,0.4888284257827612,-0.5292942126860575,-0.0135,0.0,9.9598,0.0,0.0,1.0,0.0,0.0,0.0,0.0,0.2705,0.0,0.0,0.3
9.3044,0.48986420931976477,0.4908412017595757,0.48876621781627183,-0.5293539037395625,-0.0135,0.0,9.9153,0.0,0.0,1.0,0.0,0.0,0.0,0.0,0.2705,0.0,0.0,0.3
9.3246,0.4898631683980771,0.49090115816021124,0.4886421804408845,-0.5294137783038319,-0.0135,0.0,9.8736,0.0,0.0,1.0,0.0,0.0,0.0,0.0,0.2705,0.0,0.0,0.3
9.3446,0.4897399515985971,0.4909609365191517,0.48864096517133326,-0.5294734608805897,-0.0135,0.0,9.9141,0.0,0.0,1.0,0.0,0.0,0.0,0.0,0.2705,0.0,0.0,0.3
9.3648,0.4895715657617599,0.49103659139449957,0.488716550802038,-0.5294892641795573,-0.0135,0.0,9.871,0.0,0.0,1.0,0.0,0.0,0.0,0.0,0.2705,0.0,0.0,0.3
9.3849,0.4895093709081966,0.49103539388666434,0.48871535895216567,-0.5295489738144018,-0.0135,0.0,9.8331,0.0,0.0,1.0,0.0,0.0,0.0,0.0,0.2705,0.0,0.0,0.3
9.405,0.48938727067392335,0.4911572969706516,0.4887152606900809,-0.5295488673422291,-0.0135,0.0,9.871,0.0,0.0,1.0,0.0,0.0,0.0,0.0,0.2705,0.0,0.0,0.3
9.4251,0.4893113878754668,0.4912033584424393,0.4887623964160231,-0.5295327621591694,-0.0135,0.0,9.9141,0.0,0.0,1.0,0.0,0.0,0.0,0.0,0.2705,0.0,0.0,0.3
9.4452,0.4891430266690448,0.4914010591062781,0.4887150205206231,-0.5295486071059023,-0.0135,0.0,9.7953,0.0,0.0,1.0,0.0,0.0,0.0,0.0,0.2705,0.0,0.0,0.3
9.4653,0.4889720244550332,0.49153512417766126,0.4886050101755932,-0.5296836084223354,-0.0135,0.0,9.7548,0.0,0.0,1.0,0.0,0.0,0.0,0.0,0.2705,0.0,0.0,0.3
9.4854,0.48883490276027786,0.4918859271190471,0.488406899343184,-0.5296672287574172,-0.0135,0.0,9.9066,0.0,0.0,1.0,0.0,0.0,0.0,0.0,0.2705,0.0,0.0,0.3
9.5055,0.48869681748929467,0.49217673786068755,0.4882698272598163,-0.5296508803658467,-0.0135,0.0,9.9066,0.0,0.0,1.0,0.0,0.0,0.0,0.0,0.2705,0.0,0.0,0.3
9.5256,0.48852816561048223,0.492313190137038,0.48828416402937813,-0.5296664321820683,-0.0135,0.0,9.8308,0.0,0.0,1.0,0.0,0.0,0.0,0.0,0.2705,0.0,0.0,0.3
9.5457,0.4883438225648107,0.4923728376016365,0.48834382256481074,-0.5297259770085756,-0.0135,0.0,9.8358,0.0,0.0,1.0,0.0,0.0,0.0,0.0,0.2705,0.0,0.0,0.3
9.5658,0.4881605692154188,0.4924945831473131,0.488404569999771,-0.529725702828522,-0.0135,0.0,9.879,0.0,0.0,1.0,0.0,0.0,0.0,0.0,0.2705,0.0,0.0,0.3
9.5859,0.4879748270365551,0.49261381588564296,0.4883408261567892,-0.5298447263923032,-0.0135,0.0,9.9221,0.0,0.0,1.0,0.0,0.0,0.0,0.0,0.2705,0.0,0.0,0.3
9.606,0.4878489567574655,0.4926709069095284,0.4882149529739018,-0.5300235207689241,-0.0135,0.0,9.9153,0.0,0.0,1.0,0.0,0.0,0.0,0.0,0.2705,0.0,0.0,0.3
9.6262,0.4877854530645347,0.492668377516739,0.4881514474019312,-0.5301427977187375,-0.0135,0.0,9.8712,0.0,0.0,1.0,0.0,0.0,0.0,0.0,0.2705,0.0,0.0,0.3
9.6462,0.4877998394436436,0.4927439087644606,0.4880438428648167,-0.5301584333536707,-0.0135,0.0,9.9141,0.0,0.0,1.0,0.0,0.0,0.0,0.0,0.2705,0.0,0.0,0.3
9.6663,0.4877996977724155,0.49280476649490834,0.48798270028514606,-0.5301582793802777,-0.0135,0.0,9.9523,0.0,0.0,1.0,0.0,0.0,0.0,0.0,0.2705,0.0,0.0,0.3
9.6864,0.4878594434733457,0.49280349863848166,0.48785944347334587,-0.530217916103772,-0.0135,0.0,9.8711,0.0,0.0,1.0,0.0,0.0,0.0,0.0,0.2705,0.0,0.0,0.3
9.7065,0.48790354396436475,0.492725430745866,0.48778154682887276,-0.5303215479843773,-0.0135,0.0,9.8647,0.0,0.0,1.0,0.0,0.0,0.0,0.0,0.2705,0.0,0.0,0.3
9.7266,0.48803610864849295,0.4926751001758163,0.4874871096511874,-0.5305170310611309,-0.0135,0.0,9.908,0.0,0.0,1.0,0.0,0.0,0.0,0.0,0.2705,0.0,0.0,0.3
9.7467,0.48803466775256016,0.4927346452920438,0.4873636709591573,-0.5305764644514362,-0.0135,0.0,9.9484,0.0,0.0,1.0,0.0,0.0,0.0,0.0,0.2705,0.0,0.0,0.3
9.7668,0.4880480478319992,0.4926871528463578,0.4873160312615075,-0.5306520122481944,-0.0135,0.0,9.8654,0.0,0.0,1.0,0.0,0.0,0.0,0.0,0.2705,0.0,0.0,0.3
9.7869,0.48803224932907086,0.49267120417191584,0.4873002564545372,-0.530695834027312,-0.0135,0.0,9.9093,0.0,0.0,1.0,0.0,0.0,0.0,0.0,0.2705,0.0,0.0,0.3
9.807,0.48803224932907086,0.49267120417191584,0.4873002564545372,-0.530695834027312,-0.0135,0.0,9.9443,0.0,0.0,1.0,0.0,0.0,0.0,0.0,0.2705,0.0,0.0,0.3
9.8271,0.48798464265786456,0.4926237248202859,0.4873136307736255,-0.5307714004507874,-0.0135,0.0,9.8956,0.0,0.0,1.0,0.0,0.0,0.0,0.0,0.2705,0.0,0.0,0.3
9.8472,0.4878613816849246,0.49262245372328417,0.48737337430103067,-0.5308310318458733,-0.0135,0.0,9.8654,0.0,0.0,1.0,0.0,0.0,0.0,0.0,0.2705,0.0,0.0,0.3
9.8673,0.4877403804355052,0.49274546643371675,0.4874353751948551,-0.5307711197967524,-0.0135,0.0,9.8675,0.0,0.0,1.0,0.0,0.0,0.0,0.0,0.2705,0.0,0.0,0.3
9.8873,0.48754257683291957,0.49285250687683874,0.48754257683291957,-0.5307550075274364,-0.0135,0.0,9.948,0.0,0.0,1.0,0.0,0.0,0.0,0.0,0.2705,0.0,0.0,0.3
9.9074,0.48735925083728315,0.49297417307939945,0.48760324745831185,-0.530754649878937,-0.0135,0.0,9.9494,0.0,0.0,1.0,0.0,0.0,0.0,0.0,0.2705,0.0,0.0,0.3
9.9275,0.4872348235951525,0.49291071669743,0.4876618155533402,-0.5308740017106193,-0.0135,0.0,9.8699,0.0,0.0,1.0,0.0,0.0,0.0,0.0,0.2705,0.0,0.0,0.3
9.9476,0.48718732596447667,0.49280237582313463,0.4877363308393483,-0.5309497145512244,-0.0135,0.0,9.8323,0.0,0.0,1.0,0.0,0.0,0.0,0.0,0.2705,0.0,0.0,0.3
9.9677,0.48700297896834716,0.4928010144345863,0.4878569841922466,-0.5310092481520866,-0.0135,0.0,9.9077,0.0,0.0,1.0,0.0,0.0,0.0,0.0,0.2705,0.0,0.0,0.3
9.9878,0.48687887749450576,0.49279990032705884,0.48791688149724016,-0.531069047899931,-0.0135,0.0,9.9091,0.0,0.0,1.0,0.0,0.0,0.0,0.0,0.2705,0.0,0.0,0.3
10.0079,0.48681542313112425,0.4927364161148374,0.48791442182882755,-0.5311883705498561,-0.0135,0.0,9.8723,0.0,0.0,1.0,0.0,0.0,0.0,0.0,0.2705,0.0,0.0,0.3
10.028,0.4867675906475159,0.49274974538091026,0.48786661907479795,-0.5312637415773702,-0.0135,0.0,9.8725,0.0,0.0,1.0,0.0,0.0,0.0,0.0,0.2705,0.0,0.0,0.3
10.0481,0.4867663002248818,0.49274843909956234,0.48780432432249443,-0.5313233346114209,-0.0135,0.0,9.9155,0.0,0.0,1.0,0.0,0.0,0.0,0.0,0.2705,0.0,0.0,0.3
10.0682,0.4868102540287116,0.4927311841421506,0.4876652439370026,-0.5314267274067416,-0.0135,0.0,9.9127,0.0,0.0,1.0,0.0,0.0,0.0,0.0,0.2705,0.0,0.0,0.3
10.0883,0.4869153584154451,0.4926530916106111,0.48752633000524065,-0.5315302838195456,-0.0135,0.0,9.9119,0.0,0.0,1.0,0.0,0.0,0.0,0.0,0.2705,0.0,0.0,0.3
10.1084,0.4870830541738284,0.4926373056595385,0.48738806798426093,-0.5315180661047894,-0.0135,0.0,9.9097,0.0,0.0,1.0,0.0,0.0,0.0,0.0,0.2705,0.0,0.0,0.3
10.1285,0.4872527449162863,0.4926848424082722,0.48725274491628634,-0.5314425380078498,-0.0135,0.0,9.9473,0.0,0.0,1.0,0.0,0.0,0.0,0.0,0.2705,0.0,0.0,0.3
10.1486,0.48748470390330456,0.4927336684127662,0.48711870637797366,-0.5313074075988921,-0.0135,0.0,10.0323,0.0,0.0,1.0,0.0,0.0,0.0,0.0,0.2705,0.0,0.0,0.3
10.1687,0.48766946746550666,0.492552452120395,0.48718146899907516,-0.5312483305159635,-0.0135,0.0,9.999,0.0,0.0,1.0,0.0,0.0,0.0,0.0,0.2705,0.0,0.0,0.3
10.1887,0.4878531880075847,0.49224818069247267,0.4873041889213497,-0.5312491157785514,-0.0135,0.0,9.9118,0.0,0.0,1.0,0.0,0.0,0.0,0.0,0.2705,0.0,0.0,0.3
10.2088,0.48809557784707985,0.49187955906923875,0.4873025817822881,-0.5313693631028165,-0.0135,0.0,9.8606,0.0,0.0,1.0,0.0,0.0,0.0,0.0,0.2705,0.0,0.0,0.3
10.229,0.4883995144557741,0.4916954909334907,0.4871185235977782,-0.5314292073672264,-0.0135,0.0,9.9031,0.0,0.0,1.0,0.0,0.0,0.0,0.0,0.2705,0.0,0.0,0.3
10.249,0.48858335504797507,0.4919403368749124,0.48675236496006247,-0.5313691234266895,-0.0135,0.0,9.891,0.0,0.0,1.0,0.0,0.0,0.0,0.0,0.2705,0.0,0.0,0.3
10.2691,0.4885221694396706,0.49242914680214084,0.48638618181585797,-0.5313079215335158,-0.0135,0.0,9.8863,0.0,0.0,1.0,0.0,0.0,0.0,0.0,0.2705,0.0,0.0,0.3
10.2892,0.48827917787465797,0.4930401601079645,0.4861431858456003,-0.5311870177542474,-0.0135,0.0,9.8917,0.0,0.0,1.0,0.0,0.0,0.0,0.0,0.2705,0.0,0.0,0.3
10.3093,0.48803639256905434,0.49352938573224026,0.4860223950757617,-0.5310663390121444,-0.0135,0.0,9.93,0.0,0.0,1.0,0.0,0.0,0.0,0.0,0.2705,0.0,0.0,0.3
10.3294,0.4877941545723263,0.4938361688733227,0.4860851505272414,-0.5309462567101286,-0.0135,0.0,9.8564,0.0,0.0,1.0,0.0,0.0,0.0,0.0,0.2705,0.0,0.0,0.3
10.3495,0.4875520588185775,0.49402209941051,0.48627005077547736,-0.5308263303139864,-0.0135,0.0,9.8271,0.0,0.0,1.0,0.0,0.0,0.0,0.0,0.2705,0.0,0.0,0.3
10.3696,0.48729412465234323,0.4942519693683444,0.48637814509501986,-0.5307501548080298,-0.0135,0.0,9.8725,0.0,0.0,1.0,0.0,0.0,0.0,0.0,0.2705,0.0,0.0,0.3
10.3897,0.48694015361470094,0.49438718655106784,0.4865131517261782,-0.5308253477079555,-0.0135,0.0,9.9123,0.0,0.0,1.0,0.0,0.0,0.0,0.0,0.2705,0.0,0.0,0.3
10.4098,0.48667887273096844,0.49443063178575525,0.48661787462695116,-0.5309284973353772,-0.0135,0.0,9.8308,0.0,0.0,1.0,0.0,0.0,0.0,0.0,0.2705,0.0,0.0,0.3
10.4299,0.4865691447513001,0.4943210992618597,0.48669114403539304,-0.5310638836505978,-0.0135,0.0,9.8345,0.0,0.0,1.0,0.0,0.0,0.0,0.0,0.2705,0.0,0.0,0.3
10.45,0.48656695643242015,0.49419687734356854,0.48668895516782784,-0.5311834939544011,-0.0135,0.0,9.9102,0.0,0.0,1.0,0.0,0.0,0.0,0.0,0.2705,0.0,0.0,0.3
10.4701,0.48651553819091425,0.49408460879479993,0.48657653875992435,-0.531437957224836,-0.0135,0.0,9.9077,0.0,0.0,1.0,0.0,0.0,0.0,0.0,0.2705,0.0,0.0,0.3
10.4912,0.48651175423051357,0.49401976587005025,0.48645075413594624,-0.5316168241561007,-0.0135,0.0,9.9038,0.0,0.0,1.0,0.0,0.0,0.0,0.0,0.2705,0.0,0.0,0.3
10.5113,0.4865702869895019,0.49395626098657613,0.4863262878485209,-0.531736127979464,-0.0135,0.0,9.8685,0.0,0.0,1.0,0.0,0.0,0.0,0.0,0.2705,0.0,0.0,0.3
10.5314,0.4866285709512384,0.49395350428337537,0.4861405753927289,-0.5318551593215538,-0.0135,0.0,9.8999,0.0,0.0,1.0,0.0,0.0,0.0,0.0,0.2705,0.0,0.0,0.3
10.5532,0.48675029620658933,0.494014226010381,0.4859573038698043,-0.5318548603310425,-0.0135,0.0,9.8673,0.0,0.0,1.0,0.0,0.0,0.0,0.0,0.2705,0.0,0.0,0.3
10.5733,0.4868880360532126,0.4940301979411062,0.4858510125475075,-0.5318110543013174,-0.0135,0.0,9.8956,0.0,0.0,1.0,0.0,0.0,0.0,0.0,0.2705,0.0,0.0,0.3
10.5934,0.4869974228444598,0.4940773853778042,0.48577642930587034,-0.5317351860954156,-0.0135,0.0,9.943,0.0,0.0,1.0,0.0,0.0,0.0,0.0,0.2705,0.0,0.0,0.3
10.6134,0.4870597498918891,0.49407873187667356,0.485777753182316,-0.5316756353788742,-0.0135,0.0,9.9046,0.0,0.0,1.0,0.0,0.0,0.0,0.0,0.2705,0.0,0.0,0.3
10.6336,0.4870771493330121,0.49403538003729563,0.485917110871246,-0.5315726246069984,-0.0135,0.0,9.9106,0.0,0.0,1.0,0.0,0.0,0.0,0.0,0.2705,0.0,0.0,0.3
10.6537,0.48701753272127946,0.494036785415675,0.48604049754783246,-0.5315131345711781,-0.0135,0.0,9.9077,0.0,0.0,1.0,0.0,0.0,0.0,0.0,0.2705,0.0,0.0,0.3
10.6737,0.48692668022932256,0.494068514200378,0.48613369866406825,-0.5314816444430371,-0.0135,0.0,9.9093,0.0,0.0,1.0,0.0,0.0,0.0,0.0,0.2705,0.0,0.0,0.3
10.6938,0.486865703385897,0.49406853626050107,0.4861947189545686,-0.5314816681736536,-0.0135,0.0,9.902,0.0,0.0,1.0,0.0,0.0,0.0,0.0,0.2705,0.0,0.0,0.3
10.7139,0.4868071714169996,0.4941320385754936,0.4863191802670548,-0.5313623633779371,-0.0135,0.0,9.902,0.0,0.0,1.0,0.0,0.0,0.0,0.0,0.2705,0.0,0.0,0.3
10.734,0.4866268578932005,0.49413476312992316,0.48662685789320054,-0.5312432947534645,-0.0135,0.0,9.943,0.0,0.0,1.0,0.0,0.0,0.0,0.0,0.2705,0.0,0.0,0.3
10.7541,0.48644427137290935,0.4940131822373795,0.48693226562602887,-0.531243743790437,-0.0135,0.0,9.9153,0.0,0.0,1.0,0.0,0.0,0.0,0.0,0.2705,0.0,0.0,0.3
10.7742,0.48627496118280233,0.49384308508640135,0.487190976179591,-0.5313196986449747,-0.0135,0.0,9.9153,0.0,0.0,1.0,0.0,0.0,0.0,0.0,0.2705,0.0,0.0,0.3
10.7943,0.4861375208057675,0.4937054043743696,0.4874195010825842,-0.5313638250020103,-0.0135,0.0,9.909,0.0,0.0,1.0,0.0,0.0,0.0,0.0,0.2705,0.0,0.0,0.3
10.8144,0.48595327523993037,0.4936431371768616,0.4876012456524223,-0.5314234588724672,-0.0135,0.0,9.909,0.0,0.0,1.0,0.0,0.0,0.0,0.0,0.2705,0.0,0.0,0.3
10.8345,0.4858938646035686,0.4935227525726418,0.48784683592400385,-0.5313641968675253,-0.0135,0.0,9.909,0.0,0.0,1.0,0.0,0.0,0.0,0.0,0.2705,0.0,0.0,0.3
10.8546,0.48584775327812707,0.49335487307859405,0.4880447883389539,-0.5313804799005947,-0.0135,0.0,9.8314,0.0,0.0,1.0,0.0,0.0,0.0,0.0,0.2705,0.0,0.0,0.3
10.8747,0.48583359262372905,0.49321849522855005,0.48821356123570925,-0.5313649921366215,-0.0135,0.0,9.7944,0.0,0.0,1.0,0.0,0.0,0.0,0.0,0.2705,0.0,0.0,0.3
10.8947,0.485772521098111,0.4932184217897764,0.4882744877285901,-0.5313649130179472,-0.0135,0.0,9.8699,0.0,0.0,1.0,0.0,0.0,0.0,0.0,0.2705,0.0,0.0,0.3
10.9148,0.485711299497342,0.49327919509642587,0.4882742641406365,-0.5313646696982643,-0.0135,0.0,9.8654,0.0,0.0,1.0,0.0,0.0,0.0,0.0,0.2705,0.0,0.0,0.3
10.9349,0.48566581546335913,0.4933559550493492,0.48828986309322114,-0.5313206441576108,-0.0135,0.0,9.8401,0.0,0.0,1.0,0.0,0.0,0.0,0.0,0.2705,0.0,0.0,0.3
10.955,0.48566820964352936,0.49341938854746137,0.4883532716170886,-0.5312012605858389,-0.0135,0.0,9.8372,0.0,0.0,1.0,0.0,0.0,0.0,0.0,0.2705,0.0,0.0,0.3
10.9751,0.48565343744618333,0.4935263796935179,0.4882774181977402,-0.5311851034446136,-0.0135,0.0,9.871,0.0,0.0,1.0,0.0,0.0,0.0,0.0,0.2705,0.0,0.0,0.3
10.9952,0.48569861552706795,0.49357130132426835,0.4881395181094339,-0.5312287983948605,-0.0135,0.0,9.8701,0.0,0.0,1.0,0.0,0.0,0.0,0.0,0.2705,0.0,0.0,0.3
11.0153,0.48571257259910866,0.4937684825815643,0.4879095480498852,-0.5312440638256692,-0.0135,0.0,9.7805,0.0,0.0,1.0,0.0,0.0,0.0,0.0,0.2705,0.0,0.0,0.3
11.0354,0.485605037397553,0.49408919529275974,0.4877410771505188,-0.5311988859260964,-0.0135,0.0,9.8296,0.0,0.0,1.0,0.0,0.0,0.0,0.0,0.2705,0.0,0.0,0.3
11.0555,0.48542175383431624,0.49451591783356885,0.4875577923544839,-0.5311375782488577,-0.0135,0.0,9.9156,0.0,0.0,1.0,0.0,0.0,0.0,0.0,0.2705,0.0,0.0,0.3
11.0756,0.4852849835997568,0.4949278640505635,0.4873599578749227,-0.5310604160913185,-0.0135,0.0,9.8715,0.0,0.0,1.0,0.0,0.0,0.0,0.0,0.2705,0.0,0.0,0.3
11.0956,0.48517712942765606,0.4951263166384277,0.48731416963967933,-0.5310159919633239,-0.0135,0.0,9.9133,0.0,0.0,1.0,0.0,0.0,0.0,0.0,0.2705,0.0,0.0,0.3
11.1157,0.4851768964112828,0.4951870799622938,0.4872529344784057,-0.5310157369318868,-0.0135,0.0,9.878,0.0,0.0,1.0,0.0,0.0,0.0,0.0,0.2705,0.0,0.0,0.3
11.1358,0.4851601162526764,0.4951089545861976,0.487236082518672,-0.5311193694247179,-0.0135,0.0,9.8763,0.0,0.0,1.0,0.0,0.0,0.0,0.0,0.2705,0.0,0.0,0.3
11.156,0.48505049475869705,0.4949385863874785,0.48737051625735944,-0.5312549229156777,-0.0135,0.0,9.9167,0.0,0.0,1.0,0.0,0.0,0.0,0.0,0.2705,0.0,0.0,0.6
11.1761,0.4849868181127769,0.49456985403754716,0.4876118279533825,-0.531434992237136,-0.027,0.0,9.5212,0.0,0.0,1.0,0.0,0.0,0.0,0.0,0.2705,0.0,0.0,0.6
11.1962,0.485111811459344,0.4940849004566676,0.4880418405200995,-0.5313772703316474,-0.0135,0.0,10.4012,0.0,0.0,1.0,0.0,0.0,0.0,0.0,0.3381,0.0,0.0,0.6
11.2163,0.48535827959221145,0.49304837908714316,0.4887763238150564,-0.5314398757984469,-0.0406,0.0,10.226,0.0,0.0,1.0,0.0,0.0,0.0,0.0,0.3651,0.0,0.0,0.6
11.2364,0.4855364158626682,0.49316543810950164,0.48822142369236393,-0.5316785504167895,-0.0406,0.0,10.6541,0.0,0.0,1.0,0.0,0.0,0.0,0.0,0.3922,0.0,0.0,0.6
11.2565,0.4855395107252492,0.4934735844338266,0.48810253453607405,-0.5314989376943076,-0.0406,0.0,9.8279,0.0,0.0,1.0,0.0,0.0,0.0,0.0,0.4327,0.0,0.0,0.6
11.2766,0.485524395812673,0.4937022172034192,0.4879043438329685,-0.5314823920583703,0.027,0.0,10.4421,0.0,0.0,1.0,0.0,0.0,0.0,0.0,0.4462,0.0,0.0,0.6
11.2967,0.4856051103915795,0.49415027070652445,0.48694713556918706,-0.5318699783623948,0.027,0.0,10.7799,0.0,0.0,1.0,0.0,0.0,0.0,0.0,0.4327,0.0,0.0,0.6
11.3168,0.485529883173668,0.4944407892648056,0.48681086967380816,-0.5317933956190046,0.0,0.0,10.032,0.0,0.0,1.0,0.0,0.0,0.0,0.0,0.4733,0.0,0.0,0.6
11.3369,0.4852265047084935,0.4948094554278888,0.4869354959199563,-0.5316132661632147,0.0406,0.0,11.0378,0.0,0.0,1.0,0.0,0.0,0.0,0.0,0.568,0.0,0.0,0.6
11.357,0.4857118296224097,0.4951107102210719,0.48674881644875445,-0.5310602535258817,0.027,0.0,12.3511,0.0,0.0,1.0,0.0,0.0,0.0,0.0,0.568,0.0,0.0,0.6
11.3771,0.4859663574558326,0.495121439545601,0.4862713601906638,-0.5312547635379126,0.0676,0.0,8.7894,0.0,0.0,1.0,0.0,0.0,0.0,0.0,0.5544,0.0,0.0,0.6
11.3972,0.48669632729833606,0.49463136524232604,0.48584232321463516,-0.5314355412335814,0.0135,0.0,10.7004,0.0,0.0,1.0,0.0,0.0,0.0,0.0,0.5409,0.0,0.0,0.6
11.4173,0.4864400742511772,0.4943139135864712,0.485769087942569,-0.5320321439507023,0.0135,0.0,10.0632,0.0,0.0,1.0,0.0,0.0,0.0,0.0,0.622,0.0,0.0,0.6
11.4374,0.48644242316372327,0.4940723043205518,0.4860764288644575,-0.5319737139674865,0.0,0.0,9.7793,0.0,0.0,1.0,0.0,0.0,0.0,0.0,0.5815,0.0,0.0,0.6
11.4575,0.48621725291233825,0.49384642948043533,0.48597324726512164,-0.5324833236847872,0.027,0.0,9.7378,0.0,0.0,1.0,0.0,0.0,0.0,0.0,0.5815,0.0,0.0,0.6
11.4776,0.48609777311977964,0.4939099944716687,0.48615877484820585,-0.5323640840318578,0.027,0.0,10.0089,0.0,0.0,1.0,0.0,0.0,0.0,0.0,0.5815,0.0,0.0,0.6
11.4977,0.48577510603507035,0.49395404047287184,0.48632410163433104,-0.5324667317557984,0.027,0.0,9.952,0.0,0.0,1.0,0.0,0.0,0.0,0.0,0.5815,0.0,0.0,0.6
11.5178,0.4854834899113511,0.4939056545422755,0.48658151137475125,-0.5325424097881074,-0.0135,0.0,9.9055,0.0,0.0,1.0,0.0,0.0,0.0,0.0,0.5815,0.0,0.0,0.6
11.5379,0.4853009905289221,0.49372316390991333,0.4869480244351788,-0.5325429630641162,-0.027,0.0,9.8792,0.0,0.0,1.0,0.0,0.0,0.0,0.0,0.5815,0.0,0.0,0.6
11.558,0.4851625073503665,0.4935854119924947,0.48717748453829113,-0.5325869704458119,-0.027,0.0,9.9167,0.0,0.0,1.0,0.0,0.0,0.0,0.0,0.5815,0.0,0.0,0.6
11.5781,0.4849785162324312,0.49340140362529034,0.48748148276980835,-0.5326468789452652,-0.027,0.0,10.0942,0.0,0.0,1.0,0.0,0.0,0.0,0.0,0.5815,0.0,0.0,0.6
11.5982,0.48486995675555206,0.4932320767325144,0.4876779970443958,-0.5327226433302479,-0.0406,0.0,10.0072,0.0,0.0,1.0,0.0,0.0,0.0,0.0,0.5815,0.0,0.0,0.6
11.6183,0.4846844998419634,0.4930465774760279,0.48791952987618964,-0.532841946938789,-0.027,0.0,10.6336,0.0,0.0,1.0,0.0,0.0,0.0,0.0,0.5815,0.0,0.0,0.6
11.6384,0.48461264013639976,0.493157527996689,0.48809159447998635,-0.5326470097524322,-0.027,0.0,9.4561,0.0,0.0,1.0,0.0,0.0,0.0,0.0,0.5815,0.0,0.0,0.6
11.6585,0.48407904517794975,0.49341721966484553,0.4884731272828353,-0.5325419507234573,-0.0406,0.0,10.1843,0.0,0.0,1.0,0.0,0.0,0.0,0.0,0.5815,0.0,0.0,0.6
11.6786,0.48357352724850533,0.4935823518826527,0.48876143635050934,-0.5325836685357669,-0.0135,0.0,9.5256,0.0,0.0,1.0,0.0,0.0,0.0,0.0,0.5815,0.0,0.0,0.6
11.6987,0.4832694910269654,0.4941343446923821,0.48870141786640797,-0.5324028292687133,-0.0406,0.0,9.855,0.0,0.0,1.0,0.0,0.0,0.0,0.0,0.5815,0.0,0.0,0.6
11.7187,0.4824747227862816,0.4948035112767196,0.4889446117905104,-0.5322788683590183,-0.0135,0.0,9.9155,0.0,0.0,1.0,0.0,0.0,0.0,0.0,0.5815,0.0,0.0,0.6
11.7389,0.4824747227862816,0.4948035112767196,0.4889446117905104,-0.5322788683590183,-0.0135,0.0,9.9155,0.0,0.0,1.0,0.0,0.0,0.0,0.0,0.568,0.0,0.0,0.6
11.759,0.4820627962169325,0.4954899855161109,0.4888378917335732,-0.5321115018135127,-0.027,0.0,9.9226,0.0,0.0,1.0,0.0,0.0,0.0,0.0,0.6085,0.0,0.0,0.6
11.7791,0.48133016259315115,0.4957353769547218,0.48950928430528506,-0.531928915544679,-0.027,0.0,9.7501,0.0,0.0,1.0,0.0,0.0,0.0,0.0,0.6085,0.0,0.0,0.6
11.7994,0.4812056775175593,0.49597682109916413,0.489323756428633,-0.5319871711346116,-0.0135,0.0,9.7529,0.0,0.0,1.0,0.0,0.0,0.0,0.0,0.6085,0.0,0.0,0.6
11.8195,0.4810055470735707,0.49620315361724276,0.4892453337507558,-0.5320292261031058,-0.0135,0.0,9.879,0.0,0.0,1.0,0.0,0.0,0.0,0.0,0.6085,0.0,0.0,0.6
11.8397,0.4807765950760806,0.49646267974447666,0.4893216411994675,-0.5319238711524831,-0.0135,0.0,9.8876,0.0,0.0,1.0,0.0,0.0,0.0,0.0,0.6085,0.0,0.0,0.6
11.8598,0.4807003580777794,0.49662993914627357,0.4892451333590278,-0.5319070113957611,-0.0135,0.0,9.7294,0.0,0.0,1.0,0.0,0.0,0.0,0.0,0.6085,0.0,0.0,0.6
11.8799,0.4805909477073825,0.49664294596078057,0.48925794676433504,-0.53198194211558,-0.0135,0.0,9.8375,0.0,0.0,1.0,0.0,0.0,0.0,0.0,0.6085,0.0,0.0,0.6
11.9,0.4804042328495549,0.49676110458508005,0.48919316393004236,-0.532099827472023,-0.0135,0.0,9.8766,0.0,0.0,1.0,0.0,0.0,0.0,0.0,0.6085,0.0,0.0,0.6
11.9201,0.4802320113934078,0.4967722528811414,0.4892041423866332,-0.5322347706343469,-0.0135,0.0,9.8149,0.0,0.0,1.0,0.0,0.0,0.0,0.0,0.6085,0.0,0.0,0.6
11.9402,0.4802166395613489,0.496695352671519,0.4892494823020595,-0.5322787331747227,-0.0135,0.0,9.7856,0.0,0.0,1.0,0.0,0.0,0.0,0.0,0.6085,0.0,0.0,0.6
11.9603,0.48016739737545766,0.4966465139717668,0.48920046128798045,-0.5324137670393189,-0.0135,0.0,9.8389,0.0,0.0,1.0,0.0,0.0,0.0,0.0,0.6085,0.0,0.0,0.6
11.9804,0.4799811192512777,0.4967661583917266,0.4891981407441296,-0.5324722416535004,-0.0135,0.0,9.8725,0.0,0.0,1.0,0.0,0.0,0.0,0.0,0.6085,0.0,0.0,0.6
12.0005,0.47991880041021096,0.4967037934296275,0.4892577965262869,-0.5325317785293987,-0.0135,0.0,9.8401,0.0,0.0,1.0,0.0,0.0,0.0,0.0,0.6085,0.0,0.0,0.6
12.0206,0.47993123257547865,0.49653365574109215,0.4892704706156948,-0.5326675767291127,-0.0135,0.0,9.8741,0.0,0.0,1.0,0.0,0.0,0.0,0.0,0.6085,0.0,0.0,0.6
12.0407,0.4799760583709574,0.4963949235369908,0.48925398217937816,-0.5327716248065445,-0.0135,0.0,9.8863,0.0,0.0,1.0,0.0,0.0,0.0,0.0,0.6085,0.0,0.0,0.6
12.0608,0.47991244305555364,0.49633121872921754,0.4892513154604717,-0.5328907192243242,-0.0135,0.0,9.8865,0.0,0.0,1.0,0.0,0.0,0.0,0.0,0.6085,0.0,0.0,0.6
12.0809,0.4798509615178217,0.49639171889701783,0.48925082364009037,-0.5328901835353878,-0.0135,0.0,9.8487,0.0,0.0,1.0,0.0,0.0,0.0,0.0,0.6085,0.0,0.0,0.6
12.101,0.4798507507150608,0.4964524999062202,0.4891896096294228,-0.5328899494320287,-0.0135,0.0,9.9221,0.0,0.0,1.0,0.0,0.0,0.0,0.0,0.6085,0.0,0.0,0.6
12.1211,0.4799254840813739,0.4963447059149168,0.48914260861025927,-0.532966200693294,-0.0135,0.0,9.9873,0.0,0.0,1.0,0.0,0.0,0.0,0.0,0.6085,0.0,0.0,0.6
12.1412,0.47980206577071527,0.49622123912504923,0.4893241663054598,-0.5330256277073568,-0.0135,0.0,9.8699,0.0,0.0,1.0,0.0,0.0,0.0,0.0,0.6085,0.0,0.0,0.6
12.1613,0.4798504970320731,0.49614724221529743,0.4894333471941177,-0.5329506667549914,-0.0135,0.0,9.8317,0.0,0.0,1.0,0.0,0.0,0.0,0.0,0.6085,0.0,0.0,0.6
12.1814,0.4798539128441888,0.4962727729965438,0.48949783070211633,-0.532771462118951,-0.0135,0.0,9.9589,0.0,0.0,1.0,0.0,0.0,0.0,0.0,0.6085,0.0,0.0,0.6
12.2015,0.47974653627890546,0.49640990224271764,0.48951275076624823,-0.5327266998386971,-0.0135,0.0,9.9589,0.0,0.0,1.0,0.0,0.0,0.0,0.0,0.6085,0.0,0.0,0.6
12.2217,0.47967323957869734,0.4964581779772556,0.4896832028417042,-0.5325910453680871,-0.0135,0.0,9.9198,0.0,0.0,1.0,0.0,0.0,0.0,0.0,0.6085,0.0,0.0,0.6
12.2419,0.47961444511574475,0.4964604607500254,0.48986845463218287,-0.5324714941707827,-0.0135,0.0,9.8863,0.0,0.0,1.0,0.0,0.0,0.0,0.0,0.6085,0.0,0.0,0.6
12.2619,0.4797253850424342,0.4963880163458219,0.48997915815561544,-0.5323372208922299,-0.0135,0.0,9.9226,0.0,0.0,1.0,0.0,0.0,0.0,0.0,0.6085,0.0,0.0,0.6
12.282,0.4798047338988119,0.4964070015082133,0.49005889918412715,-0.5321745780402861,-0.0135,0.0,9.9221,0.0,0.0,1.0,0.0,0.0,0.0,0.0,0.6085,0.0,0.0,0.6
12.3021,0.47979187461349154,0.4963936972641817,0.4901677637728437,-0.5320983158488639,-0.0135,0.0,9.8741,0.0,0.0,1.0,0.0,0.0,0.0,0.0,0.6085,0.0,0.0,0.6
12.3221,0.4799160639076979,0.4962739638312312,0.4902310008016487,-0.5320397450187291,-0.0135,0.0,9.9132,0.0,0.0,1.0,0.0,0.0,0.0,0.0,0.6085,0.0,0.0,0.6
12.3422,0.4800562332391222,0.49629171460666305,0.4901875336231419,-0.5319367714508044,-0.0135,0.0,9.9198,0.0,0.0,1.0,0.0,0.0,0.0,0.0,0.6085,0.0,0.0,0.6
12.3623,0.48008881926547503,0.49626234153632065,0.4902195200275585,-0.5319052887245252,-0.0135,0.0,9.9153,0.0,0.0,1.0,0.0,0.0,0.0,0.0,0.6085,0.0,0.0,0.6
12.3823,0.48016812579176127,0.49628126424212965,0.49029921284201167,-0.5317425689394866,-0.0135,0.0,9.8699,0.0,0.0,1.0,0.0,0.0,0.0,0.0,0.6085,0.0,0.0,0.6
12.4024,0.4803402423191126,0.4962090190687581,0.49034910150918143,-0.5316085210498189,-0.0135,0.0,9.8424,0.0,0.0,1.0,0.0,0.0,0.0,0.0,0.6085,0.0,0.0,0.6
12.4225,0.4804652385991525,0.49621211532214776,0.490352161197759,-0.5314898391447065,-0.0135,0.0,9.9154,0.0,0.0,1.0,0.0,0.0,0.0,0.0,0.6085,0.0,0.0,0.6
12.4425,0.48048064189774364,0.49628902492998817,0.49030687998446154,-0.5314458767696638,-0.0135,0.0,9.9167,0.0,0.0,1.0,0.0,0.0,0.0,0.0,0.6085,0.0,0.0,0.6
12.4626,0.4805287624600722,0.4962757219058066,0.49035473715454025,-0.5313706315233877,-0.0135,0.0,9.8358,0.0,0.0,1.0,0.0,0.0,0.0,0.0,0.6085,0.0,0.0,0.6
12.4827,0.4806528791776453,0.49615590753473315,0.4904178970391537,-0.5313119718398216,-0.0135,0.0,9.8037,0.0,0.0,1.0,0.0,0.0,0.0,0.0,0.6085,0.0,0.0,0.6
12.5028,0.4807777743429439,0.49609789461345327,0.49048285053258467,-0.5311931701286967,-0.0135,0.0,9.878,0.0,0.0,1.0,0.0,0.0,0.0,0.0,0.6085,0.0,0.0,0.6
12.5228,0.4808246726645635,0.4960833449329893,0.49046846553150764,-0.5311775911654035,-0.0135,0.0,9.8711,0.0,0.0,1.0,0.0,0.0,0.0,0.0,0.6085,0.0,0.0,0.6
12.5429,0.4808861171544063,0.4960228060754333,0.490468920215132,-0.5311780835879941,-0.0135,0.0,9.8307,0.0,0.0,1.0,0.0,0.0,0.0,0.0,0.6085,0.0,0.0,0.6
12.563,0.4810715397692622,0.4959643088192178,0.4904093949622043,-0.5311197636449912,-0.0135,0.0,9.8723,0.0,0.0,1.0,0.0,0.0,0.0,0.0,0.6085,0.0,0.0,0.6
12.583,0.48113393114693903,0.49590474483312474,0.4904728133495854,-0.5310603013933811,-0.0135,0.0,9.9598,0.0,0.0,1.0,0.0,0.0,0.0,0.0,0.6085,0.0,0.0,0.6
12.6031,0.4811819970647286,0.49589141615741983,0.4905206282616454,-0.5309850302334227,-0.0135,0.0,9.9226,0.0,0.0,1.0,0.0,0.0,0.0,0.0,0.6085,0.0,0.0,0.6
12.6232,0.4812591655384055,0.49578607997955476,0.4905981105350252,-0.530941872923249,-0.0135,0.0,9.8766,0.0,0.0,1.0,0.0,0.0,0.0,0.0,0.6085,0.0,0.0,0.6
12.6432,0.4813207386432804,0.4956646712521505,0.4906596947666937,-0.5309425055086845,-0.0135,0.0,9.9946,0.0,0.0,1.0,0.0,0.0,0.0,0.0,0.6085,0.0,0.0,0.6
12.6633,0.4814582214607424,0.4955576086480118,0.4906144729031596,-0.5309595808316087,-0.0135,0.0,10.0362,0.0,0.0,1.0,0.0,0.0,0.0,0.0,0.6085,0.0,0.0,0.6
12.6834,0.4815654477220298,0.4954204030619694,0.4905994186019299,-0.5310042883608805,-0.0135,0.0,9.878,0.0,0.0,1.0,0.0,0.0,0.0,0.0,0.6085,0.0,0.0,0.6
12.7034,0.48168601263452004,0.49523592859938054,0.4905369577418988,-0.5311247060209956,-0.0135,0.0,9.9167,0.0,0.0,1.0,0.0,0.0,0.0,0.0,0.6085,0.0,0.0,0.6
12.7235,0.48174528861770594,0.49505115848869125,0.49053520265392736,-0.5312448045213416,-0.0135,0.0,9.9494,0.0,0.0,1.0,0.0,0.0,0.0,0.0,0.6085,0.0,0.0,0.6
12.7436,0.48175662349260895,0.4948188030796569,0.49054674434471085,-0.531440306575086,-0.0135,0.0,9.9046,0.0,0.0,1.0,0.0,0.0,0.0,0.0,0.6085,0.0,0.0,0.6
12.7636,0.4817545840691523,0.49463370661866257,0.4906056682904209,-0.5315600579862548,-0.0135,0.0,9.8314,0.0,0.0,1.0,0.0,0.0,0.0,0.0,0.6085,0.0,0.0,0.6
12.7837,0.48170905538409986,0.4945885916082856,0.49074343151961475,-0.5315161290424253,-0.0135,0.0,9.9121,0.0,0.0,1.0,0.0,0.0,0.0,0.0,0.595,0.0,0.0,0.6
12.8038,0.4816345571781226,0.49457473335119573,0.49091268349448847,-0.5314402352538501,-0.0135,0.0,9.915,0.0,0.0,1.0,0.0,0.0,0.0,0.0,0.595,0.0,0.0,0.6
12.8238,0.48157446896948525,0.494575670611359,0.4910356157069492,-0.5313802414311057,-0.0135,0.0,9.8472,0.0,0.0,1.0,0.0,0.0,0.0,0.0,0.595,0.0,0.0,0.6
12.8439,0.4814997384308118,0.49468356698429145,0.4910826138121829,-0.5313040907598514,-0.0135,0.0,9.835,0.0,0.0,1.0,0.0,0.0,0.0,0.0,0.595,0.0,0.0,0.6
12.864,0.4815151245647702,0.49482137671419063,0.4909763038512326,-0.5312600672162636,-0.0135,0.0,9.909,0.0,0.0,1.0,0.0,0.0,0.0,0.0,0.595,0.0,0.0,0.6
12.8841,0.48151619308943977,0.4948834760579314,0.4909773933710962,-0.5312002448380425,-0.0135,0.0,9.8375,0.0,0.0,1.0,0.0,0.0,0.0,0.0,0.595,0.0,0.0,0.6
12.9041,0.48156551393397634,0.4948104730612742,0.4911484843618281,-0.5310653611820889,-0.0135,0.0,9.7767,0.0,0.0,1.0,0.0,0.0,0.0,0.0,0.595,0.0,0.0,0.6
12.9242,0.48163040316591216,0.49475346864538233,0.49133545159068237,-0.5308866489372133,-0.0135,0.0,9.9051,0.0,0.0,1.0,0.0,0.0,0.0,0.0,0.595,0.0,0.0,0.6
12.9443,0.48181839664590864,0.494818569236871,0.49127852223902446,-0.5307080457074135,-0.0135,0.0,9.8932,0.0,0.0,1.0,0.0,0.0,0.0,0.0,0.595,0.0,0.0,0.6
12.9643,0.4819262887509544,0.49492608074272587,0.4910811422651597,-0.5306925084480868,-0.0135,0.0,9.8372,0.0,0.0,1.0,0.0,0.0,0.0,0.0,0.595,0.0,0.0,0.6
12.9844,0.48200162521306034,0.4951238055801714,0.4907907460213625,-0.5307082946964102,-0.0135,0.0,9.8322,0.0,0.0,1.0,0.0,0.0,0.0,0.0,0.595,0.0,0.0,0.6
13.0045,0.48206261711191467,0.4952457980730195,0.4906077344078748,-0.5307082848546854,-0.0135,0.0,9.9113,0.0,0.0,1.0,0.0,0.0,0.0,0.0,0.595,0.0,0.0,0.6
13.0245,0.48216950403362424,0.4952302738990746,0.49047035777017617,-0.5307526479845502,-0.0135,0.0,9.9504,0.0,0.0,1.0,0.0,0.0,0.0,0.0,0.595,0.0,0.0,0.6
13.0446,0.4822277291165541,0.494983430983493,0.4904675365313846,-0.5309325907605749,-0.0135,0.0,9.9154,0.0,0.0,1.0,0.0,0.0,0.0,0.0,0.595,0.0,0.0,0.6
13.0646,0.4823497728989819,0.4946174873574988,0.4906505796906472,-0.5309936406716065,-0.0135,0.0,9.921,0.0,0.0,1.0,0.0,0.0,0.0,0.0,0.595,0.0,0.0,0.6
13.0847,0.4824862725690507,0.4942053520562796,0.490848329286536,-0.5310706021029301,-0.0135,0.0,9.9226,0.0,0.0,1.0,0.0,0.0,0.0,0.0,0.595,0.0,0.0,0.6
13.1048,0.4826049791987606,0.49371297871998365,0.49096697883834184,-0.5313109770994349,-0.0135,0.0,9.879,0.0,0.0,1.0,0.0,0.0,0.0,0.0,0.595,0.0,0.0,0.6
13.1248,0.4826776270454852,0.49329788287295806,0.4911008299489509,-0.5315068032737196,-0.0135,0.0,9.877,0.0,0.0,1.0,0.0,0.0,0.0,0.0,0.595,0.0,0.0,0.6
13.1449,0.48283148919969954,0.49302411954461584,0.49119318594689776,-0.5315357228482327,-0.0135,0.0,9.8883,0.0,0.0,1.0,0.0,0.0,0.0,0.0,0.595,0.0,0.0,0.6
13.165,0.4829685480314131,0.49291749752188874,0.4911475065079033,-0.5315523013780079,-0.0135,0.0,9.9144,0.0,0.0,1.0,0.0,0.0,0.0,0.0,0.595,0.0,0.0,0.6
13.185,0.48308873807323843,0.49279365245411494,0.49102366806934944,-0.5316723094571133,-0.0135,0.0,9.8214,0.0,0.0,1.0,0.0,0.0,0.0,0.0,0.595,0.0,0.0,0.6
13.2051,0.4832077435097413,0.4926076023489568,0.49089862801318895,-0.5318520130026819,-0.0135,0.0,9.7488,0.0,0.0,1.0,0.0,0.0,0.0,0.0,0.595,0.0,0.0,0.6
13.2252,0.4831968284080045,0.4926574726213838,0.49107053230147774,-0.5316570059652175,-0.0135,0.0,9.7739,0.0,0.0,1.0,0.0,0.0,0.0,0.0,0.595,0.0,0.0,0.6
13.2453,0.48284877158337264,0.4932857666460438,0.4918817673102204,-0.5306397489753544,-0.0135,0.0,9.9348,0.0,0.0,1.0,0.0,0.0,0.0,0.0,0.595,0.0,0.0,0.6
13.2654,0.48272169987492575,0.49389057724433544,0.49199859801764356,-0.5300841798505146,-0.0135,0.0,10.0131,0.0,0.0,1.0,0.0,0.0,0.0,0.0,0.595,0.0,0.0,0.6
13.2855,0.48302854933027256,0.4941984695343565,0.49145148915829395,-0.5300252135944925,-0.0135,0.0,10.0571,0.0,0.0,1.0,0.0,0.0,0.0,0.0,0.595,0.0,0.0,0.6
13.3056,0.4836491467779023,0.49402527864989776,0.490607235209412,-0.5304027409771511,-0.0135,0.0,10.0524,0.0,0.0,1.0,0.0,0.0,0.0,0.0,0.595,0.0,0.0,0.6
13.3257,0.48431666655683275,0.49334971629111224,0.49023669915142326,-0.530764922292227,-0.0135,0.0,9.8086,0.0,0.0,1.0,0.0,0.0,0.0,0.0,0.595,0.0,0.0,0.6
13.3458,0.48470008318194885,0.4926354119763054,0.4906213285242784,-0.5307229901063453,-0.027,0.0,9.775,0.0,0.0,1.0,0.0,0.0,0.0,0.0,0.595,0.0,0.0,0.6
13.3658,0.4848595676624202,0.4922455153770419,0.49114652315684587,-0.5304532449032087,-0.027,0.0,9.8204,0.0,0.0,1.0,0.0,0.0,0.0,0.0,0.595,0.0,0.0,0.6
13.3859,0.4848801514988547,0.49220541061272616,0.4914723846836522,-0.5301697535123723,-0.027,0.0,9.8668,0.0,0.0,1.0,0.0,0.0,0.0,0.0,0.595,0.0,0.0,0.6
13.406,0.48480771293454367,0.4924988035657283,0.491460791333877,-0.5299742451732753,-0.027,0.0,9.8712,0.0,0.0,1.0,0.0,0.0,0.0,0.0,0.595,0.0,0.0,0.6
13.426,0.4845660120779,0.4929891513506644,0.4914021251099098,-0.5297937598980726,-0.027,0.0,9.951,0.0,0.0,1.0,0.0,0.0,0.0,0.0,0.595,0.0,0.0,0.6
13.4461,0.48420070913065283,0.4933558738010544,0.49152484086697423,-0.5296725270146326,-0.027,0.0,9.9504,0.0,0.0,1.0,0.0,0.0,0.0,0.0,0.595,0.0,0.0,0.6
13.4662,0.4838354286175419,0.49353961772541255,0.49183058442106903,-0.5295513194941194,-0.027,0.0,9.8851,0.0,0.0,1.0,0.0,0.0,0.0,0.0,0.595,0.0,0.0,0.6
13.4862,0.4834680375568477,0.49353922581942006,0.4922582018730042,-0.5294898978519371,-0.027,0.0,9.9292,0.0,0.0,1.0,0.0,0.0,0.0,0.0,0.595,0.0,0.0,0.6
13.5063,0.48322195662450357,0.49335410249025574,0.49262209195198803,-0.5295486235586566,-0.027,0.0,9.9767,0.0,0.0,1.0,0.0,0.0,0.0,0.0,0.595,0.0,0.0,0.6
13.5264,0.4829881089949611,0.49324247223754575,0.4927544549504012,-0.5297427651955228,-0.027,0.0,9.8882,0.0,0.0,1.0,0.0,0.0,0.0,0.0,0.595,0.0,0.0,0.6
13.5465,0.48279988393202883,0.49311513783800587,0.4928101303303644,-0.5299810452780298,-0.027,0.0,9.8835,0.0,0.0,1.0,0.0,0.0,0.0,0.0,0.595,0.0,0.0,0.6
13.5665,0.4827798929765769,0.49291172283903956,0.49272872591199357,-0.530264095603802,-0.027,0.0,9.915,0.0,0.0,1.0,0.0,0.0,0.0,0.0,0.595,0.0,0.0,0.6
13.5866,0.4828510076199586,0.49261704822564806,0.4926780484792778,-0.5305202058211268,-0.027,0.0,9.9201,0.0,0.0,1.0,0.0,0.0,0.0,0.0,0.595,0.0,0.0,0.6
13.6067,0.4828921658431837,0.49235281644276185,0.4925968074316953,-0.5308033963872695,-0.027,0.0,9.9074,0.0,0.0,1.0,0.0,0.0,0.0,0.0,0.595,0.0,0.0,0.6
13.6267,0.48290212659080856,0.49217997532144053,0.49248497034869265,-0.5310583414346378,-0.027,0.0,9.904,0.0,0.0,1.0,0.0,0.0,0.0,0.0,0.595,0.0,0.0,0.6
13.6468,0.48294684962428125,0.4921013918396737,0.492407376538517,-0.5311624385420085,-0.027,0.0,9.9073,0.0,0.0,1.0,0.0,0.0,0.0,0.0,0.595,0.0,0.0,0.6
13.6669,0.4830249126243135,0.4921187791909293,0.4924247747010882,-0.5310592078219586,-0.027,0.0,9.9548,0.0,0.0,1.0,0.0,0.0,0.0,0.0,0.595,0.0,0.0,0.6
13.6869,0.48333807255374833,0.49212709205706556,0.4924940928714607,-0.5307021776573008,-0.027,0.0,9.8787,0.0,0.0,1.0,0.0,0.0,0.0,0.0,0.595,0.0,0.0,0.6
13.707,0.48363603423891155,0.49230290941078125,0.49236390853221723,-0.5303883608698601,-0.027,0.0,9.8005,0.0,0.0,1.0,0.0,0.0,0.0,0.0,0.595,0.0,0.0,0.6
13.7271,0.4839369000990437,0.4927256985132749,0.4921767111052181,-0.5298948459768072,-0.027,0.0,9.9204,0.0,0.0,1.0,0.0,0.0,0.0,0.0,0.595,0.0,0.0,0.6
13.7472,0.4841907444226412,0.4932237209988128,0.4919417243232177,-0.529417627142725,-0.027,0.0,9.9633,0.0,0.0,1.0,0.0,0.0,0.0,0.0,0.595,0.0,0.0,0.6
13.7672,0.48450319728538926,0.49359731360832476,0.4916442886271623,-0.5290597672089343,-0.027,0.0,9.9196,0.0,0.0,1.0,0.0,0.0,0.0,0.0,0.595,0.0,0.0,0.6
13.7873,0.48492137322149537,0.4937103256124756,0.4913913381742367,-0.5288061355014099,-0.027,0.0,9.9196,0.0,0.0,1.0,0.0,0.0,0.0,0.0,0.595,0.0,0.0,0.6
13.8074,0.48492137322149537,0.4937103256124756,0.4913913381742367,-0.5288061355014099,-0.027,0.0,9.9196,0.0,0.0,1.0,0.0,0.0,0.0,0.0,0.595,0.0,0.0,0.6
13.8274,0.485293847136603,0.49377689690521576,0.4912138818684418,-0.5285671010134363,-0.027,0.0,9.9171,0.0,0.0,1.0,0.0,0.0,0.0,0.0,0.595,0.0,0.0,0.6
13.8475,0.4855261157459861,0.4938259638737044,0.49108001411964264,-0.5284323306394809,-0.027,0.0,9.9524,0.0,0.0,1.0,0.0,0.0,0.0,0.0,0.595,0.0,0.0,0.6
13.8676,0.48607791786099536,0.4935848239294578,0.4908388582888561,-0.5283743886186556,-0.027,0.0,9.8637,0.0,0.0,1.0,0.0,0.0,0.0,0.0,0.595,0.0,0.0,0.6
13.8876,0.4862626028261818,0.4934645377005494,0.49084056142863325,-0.5283152225528945,-0.027,0.0,9.9106,0.0,0.0,1.0,0.0,0.0,0.0,0.0,0.595,0.0,0.0,0.6
13.9077,0.4862783494630791,0.49341951613389134,0.4909174577372562,-0.5282713295556078,-0.027,0.0,9.9093,0.0,0.0,1.0,0.0,0.0,0.0,0.0,0.595,0.0,0.0,0.6
13.9278,0.486202645999744,0.49340459631810724,0.4910246127360879,-0.5282553559050664,-0.027,0.0,9.9091,0.0,0.0,1.0,0.0,0.0,0.0,0.0,0.595,0.0,0.0,0.6
13.9479,0.48614156857820245,0.4933435177433696,0.4911465332507465,-0.528255271319365,-0.027,0.0,9.8713,0.0,0.0,1.0,0.0,0.0,0.0,0.0,0.595,0.0,0.0,0.6
13.9679,0.48608157520147743,0.49328353927476726,0.4913305490171812,-0.5281953651185185,-0.027,0.0,9.8471,0.0,0.0,1.0,0.0,0.0,0.0,0.0,0.595,0.0,0.0,0.6
13.988,0.48601938124171146,0.4932213276181233,0.49139034125111286,-0.5282550667671392,-0.027,0.0,9.8361,0.0,0.0,1.0,0.0,0.0,0.0,0.0,0.595,0.0,0.0,0.6
14.0081,0.4860182286101773,0.49328115730778155,0.4912671770796425,-0.528314813371649,-0.027,0.0,9.8763,0.0,0.0,1.0,0.0,0.0,0.0,0.0,0.595,0.0,0.0,0.6
14.0281,0.48590931594943276,0.49335544338395,0.4912194068273925,-0.5283900429731102,-0.027,0.0,9.9143,0.0,0.0,1.0,0.0,0.0,0.0,0.0,0.595,0.0,0.0,0.6
14.0482,0.4858460718462671,0.49323116414122975,0.4912781397333677,-0.5285096050324544,-0.027,0.0,9.8815,0.0,0.0,1.0,0.0,0.0,0.0,0.0,0.595,0.0,0.0,0.6
14.0683,0.4858450787609491,0.4931081546852056,0.49133813618239236,-0.5285695253791419,-0.027,0.0,9.802,0.0,0.0,1.0,0.0,0.0,0.0,0.0,0.595,0.0,0.0,0.6
14.0883,0.48584260784031597,0.4931056468258753,0.49121363667019896,-0.5286898378298887,-0.027,0.0,9.7942,0.0,0.0,1.0,0.0,0.0,0.0,0.0,0.595,0.0,0.0,0.6
14.1084,0.4857936490767178,0.4932398736171472,0.49098180552524695,-0.5288249466827715,-0.027,0.0,9.8718,0.0,0.0,1.0,0.0,0.0,0.0,0.0,0.595,0.0,0.0,0.6
14.1285,0.48579026847658197,0.49323644119931503,0.4907953845761361,-0.5290042708761887,-0.027,0.0,9.8718,0.0,0.0,1.0,0.0,0.0,0.0,0.0,0.595,0.0,0.0,0.6
14.1486,0.48603278479143897,0.4930519261004944,0.49061087695739664,-0.5291246523150909,-0.027,0.0,9.8322,0.0,0.0,1.0,0.0,0.0,0.0,0.0,0.595,0.0,0.0,0.6
14.1687,0.4863989365899679,0.49280806752139333,0.49042701887921464,-0.5291858106782766,-0.027,0.0,9.9171,0.0,0.0,1.0,0.0,0.0,0.0,0.0,0.595,0.0,0.0,0.6
14.1887,0.4868235853515786,0.49250067380808144,0.49011963670839276,-0.5293662482222051,-0.027,0.0,10.0199,0.0,0.0,1.0,0.0,0.0,0.0,0.0,0.595,0.0,0.0,0.6
14.2088,0.4871264945142826,0.4923145423822501,0.48981151928789346,-0.5295458859004268,-0.027,0.0,9.8667,0.0,0.0,1.0,0.0,0.0,0.0,0.0,0.595,0.0,0.0,0.6
14.2289,0.4873083603599279,0.4924353957147165,0.489444375089366,-0.5296056520317635,-0.027,0.0,9.9038,0.0,0.0,1.0,0.0,0.0,0.0,0.0,0.595,0.0,0.0,0.6
14.2489,0.48741663551835496,0.4927265226083243,0.48912559917876147,-0.5295297400206087,-0.027,0.0,9.9484,0.0,0.0,1.0,0.0,0.0,0.0,0.0,0.595,0.0,0.0,0.6
14.269,0.48747938561461823,0.49309428639212677,0.48882236188250683,-0.529409644653213,-0.027,0.0,9.9496,0.0,0.0,1.0,0.0,0.0,0.0,0.0,0.595,0.0,0.0,0.6
14.2891,0.4874937561416148,0.49329182460301085,0.48859176910653607,-0.5294252512528257,-0.027,0.0,9.9496,0.0,0.0,1.0,0.0,0.0,0.0,0.0,0.595,0.0,0.0,0.6
14.3092,0.4873567332741986,0.4934596172323992,0.4885767100772472,-0.529408933682885,-0.027,0.0,9.9122,0.0,0.0,1.0,0.0,0.0,0.0,0.0,0.595,0.0,0.0,0.6
14.3293,0.4872491800546953,0.49347424623476205,0.4886521949704599,-0.5294246284312926,-0.027,0.0,9.8815,0.0,0.0,1.0,0.0,0.0,0.0,0.0,0.595,0.0,0.0,0.6
14.3493,0.487062544026511,0.49340956414706305,0.488709549247647,-0.5296036788852491,-0.027,0.0,9.8815,0.0,0.0,1.0,0.0,0.0,0.0,0.0,0.595,0.0,0.0,0.6
14.3694,0.4869990973791775,0.4932850857285111,0.4887690940986049,-0.5297230181931979,-0.027,0.0,9.8766,0.0,0.0,1.0,0.0,0.0,0.0,0.0,0.595,0.0,0.0,0.6
14.3895,0.48693371833808613,0.49334266198353743,0.4885817038471678,-0.5299023405102501,-0.027,0.0,9.871,0.0,0.0,1.0,0.0,0.0,0.0,0.0,0.595,0.0,0.0,0.6
14.4095,0.48694561586147594,0.49341571705428433,0.48834963782047186,-0.5300372898180924,-0.027,0.0,9.8701,0.0,0.0,1.0,0.0,0.0,0.0,0.0,0.595,0.0,0.0,0.6
14.4296,0.4869890242411188,0.49345787844607925,0.48808699949495193,-0.5302000503509899,-0.027,0.0,9.8602,0.0,0.0,1.0,0.0,0.0,0.0,0.0,0.595,0.0,0.0,0.6
14.4497,0.4869388842825473,0.493591896364438,0.48785488594600923,-0.530334963089963,-0.027,0.0,9.8541,0.0,0.0,1.0,0.0,0.0,0.0,0.0,0.595,0.0,0.0,0.6
14.4698,0.48687616308542575,0.4936511514395761,0.4877921615108725,-0.530395088278677,-0.027,0.0,9.866,0.0,0.0,1.0,0.0,0.0,0.0,0.0,0.595,0.0,0.0,0.6
14.4898,0.48673835305348534,0.49363511717714076,0.48789831338166295,-0.5304388584517727,-0.027,0.0,9.8255,0.0,0.0,1.0,0.0,0.0,0.0,0.0,0.595,0.0,0.0,0.6
14.5099,0.48663076656017956,0.4936497343459355,0.4879737603963771,-0.5304545654265392,-0.027,0.0,9.8338,0.0,0.0,1.0,0.0,0.0,0.0,0.0,0.595,0.0,0.0,0.6
14.53,0.48646286635481245,0.49384806168430223,0.48798890671673556,-0.5304100287041362,-0.027,0.0,9.9221,0.0,0.0,1.0,0.0,0.0,0.0,0.0,0.595,0.0,0.0,0.6
14.5501,0.48627876669532727,0.49409195575440507,0.4879268065736532,-0.5304088345294555,-0.027,0.0,9.9546,0.0,0.0,1.0,0.0,0.0,0.0,0.0,0.595,0.0,0.0,0.6
14.5701,0.48621608156693547,0.4942122473654018,0.4878031144736596,-0.5304679991192042,-0.027,0.0,9.9141,0.0,0.0,1.0,0.0,0.0,0.0,0.0,0.595,0.0,0.0,0.6
14.5902,0.48621354348612184,0.4942096675440623,0.487678566215597,-0.5305872319332197,-0.027,0.0,9.948,0.0,0.0,1.0,0.0,0.0,0.0,0.0,0.595,0.0,0.0,0.6
14.6103,0.4862722269750682,0.49414631161416894,0.4875542407555264,-0.5307067046044572,-0.027,0.0,9.9849,0.0,0.0,1.0,0.0,0.0,0.0,0.0,0.595,0.0,0.0,0.6
14.6304,0.48639172196367153,0.4941437653459485,0.48730772708985387,-0.5308259706282872,-0.027,0.0,9.9824,0.0,0.0,1.0,0.0,0.0,0.0,0.0,0.595,0.0,0.0,0.6
14.6504,0.48644885194849913,0.4941398337972728,0.4870598505065022,-0.531004746793637,-0.027,0.0,9.9746,0.0,0.0,1.0,0.0,0.0,0.0,0.0,0.595,0.0,0.0,0.6
14.6705,0.48651973168738755,0.4940278664376992,0.48682473716139474,-0.5312595346434605,-0.027,0.0,10.0097,0.0,0.0,1.0,0.0,0.0,0.0,0.0,0.595,0.0,0.0,0.6
14.6906,0.4866386530612583,0.4938407367246087,0.4866996537698762,-0.5314391734886531,-0.027,0.0,9.9684,0.0,0.0,1.0,0.0,0.0,0.0,0.0,0.595,0.0,0.0,0.6
14.7106,0.4866386530612583,0.4938407367246087,0.4866996537698762,-0.5314391734886531,-0.027,0.0,9.9684,0.0,0.0,1.0,0.0,0.0,0.0,0.0,0.595,0.0,0.0,0.6
14.7307,0.48680537296046794,0.49358022506435756,0.48668337562368946,-0.5315433963222276,-0.027,0.0,9.8583,0.0,0.0,1.0,0.0,0.0,0.0,0.0,0.595,0.0,0.0,0.0
14.7508,0.48680822929462697,0.49352212212371244,0.48686922832092644,-0.5314245171044737,-0.027,0.0,9.8255,0.0,0.0,1.0,0.0,0.0,0.0,0.0,0.5139,0.0,0.0,0.0
14.7709,0.4867507444719601,0.4935866847072125,0.48705674179670966,-0.5312453554677996,0.027,0.0,10.0876,0.0,0.0,1.0,0.0,0.0,0.0,0.0,0.4327,0.0,0.0,0.0
14.7909,0.4863790854494343,0.49406992867613464,0.4867450779888924,-0.5314221672727986,0.027,0.0,9.6948,0.0,0.0,1.0,0.0,0.0,0.0,0.0,0.3786,0.0,0.0,0.0
14.811,0.48565893317651593,0.49530197156085115,0.48706293876519235,-0.5306421122330913,0.0676,0.0,11.4082,0.0,0.0,1.0,0.0,0.0,0.0,0.0,0.2975,0.0,0.0,0.0
14.8311,0.4858279744113311,0.49486075082508363,0.48729293814941893,-0.5306878640047501,0.0541,0.0,13.0402,0.0,0.0,1.0,0.0,0.0,0.0,0.0,0.2975,0.0,0.0,0.0
14.8512,0.48572331508899935,0.4947564139348295,0.4876153357926761,-0.5305848059915551,0.0406,0.0,12.6501,0.0,0.0,1.0,0.0,0.0,0.0,0.0,0.2705,0.0,0.0,0.0
14.8712,0.48627202962562904,0.49420711170004356,0.487493042254849,-0.5307064892216641,0.0135,0.0,12.0545,0.0,0.0,1.0,0.0,0.0,0.0,0.0,0.2299,0.0,0.0,0.0
14.8913,0.48664801560288173,0.49372823406416244,0.4872590344559669,-0.5310223847811879,-0.027,0.0,10.1554,0.0,0.0,1.0,0.0,0.0,0.0,0.0,0.1623,0.0,0.0,0.0
14.9114,0.48711103235119574,0.4930918976877901,0.48753802273720587,-0.5309330456676266,0.0,0.0,10.0935,0.0,0.0,1.0,0.0,0.0,0.0,0.0,0.0811,0.0,0.0,0.0
14.9314,0.4877898861571043,0.4925508557651018,0.4877288865465,-0.5306366126418498,0.0,0.0,11.415,0.0,0.0,1.0,0.0,0.0,0.0,0.0,0.0676,0.0,0.0,0.0
14.9515,0.48814763310459236,0.4916875506748722,0.4877206430473864,-0.5311156325614727,-0.0541,0.0,15.2523,0.0,0.0,1.0,0.0,0.0,0.0,0.0,0.0541,0.0,0.0,0.0
14.9716,0.4876595246515337,0.49174842843359184,0.4881475131684436,-0.5311155020682383,-0.027,0.0,13.4672,0.0,0.0,1.0,0.0,0.0,0.0,0.0,-0.027,0.0,0.0,0.0
14.9916,0.48811257976612177,0.49128667457531505,0.48792957429980727,-0.5313268705631204,0.0135,0.0,10.8956,0.0,0.0,1.0,0.0,0.0,0.0,0.0,-0.0135,0.0,0.0,0.0
15.0117,0.4882678807417724,0.4912588003788229,0.4871699102431161,-0.5319067082111414,-0.027,0.0,11.4263,0.0,0.0,1.0,0.0,0.0,0.0,0.0,0.0,0.0,0.0,0.0
15.0318,0.48780507976310034,0.4912841659174645,0.4873780691888223,-0.5321171770859048,-0.0406,0.0,11.7996,0.0,0.0,1.0,0.0,0.0,0.0,0.0,0.0135,0.0,0.0,0.0
15.0518,0.4880934309951287,0.49077940585192564,0.4874834367052382,-0.5322220179108382,0.0,0.0,11.6429,0.0,0.0,1.0,0.0,0.0,0.0,0.0,-0.0135,0.0,0.0,0.0
15.0719,0.48821672042959813,0.4907807032061772,0.4874237257564986,-0.532162425226614,-0.0541,0.0,11.6772,0.0,0.0,1.0,0.0,0.0,0.0,0.0,0.0135,0.0,0.0,0.0
15.092,0.4878710694342021,0.49061816554848153,0.48817608010579117,-0.5319396112863893,0.0,0.0,8.3613,0.0,0.0,1.0,0.0,0.0,0.0,0.0,-0.027,0.0,0.0,0.0
15.1121,0.487852036776368,0.490843024739976,0.4885230340761276,-0.5314308614056165,0.0,0.0,8.8569,0.0,0.0,1.0,0.0,0.0,0.0,0.0,0.0135,0.0,0.0,0.0
15.1321,0.4873645649734779,0.49127055347244253,0.48864556120163305,-0.5313704353998573,-0.0406,0.0,9.6552,0.0,0.0,1.0,0.0,0.0,0.0,0.0,0.027,0.0,0.0,0.0
15.1522,0.4872398528824625,0.4911458196370226,0.48876583989410083,-0.5314894762540157,0.0676,0.0,9.8041,0.0,0.0,1.0,0.0,0.0,0.0,0.0,-0.027,0.0,0.0,0.0
15.1723,0.4874229642366945,0.49132893189607435,0.4883989561556794,-0.5314895993738914,-0.0541,0.0,13.1222,0.0,0.0,1.0,0.0,0.0,0.0,0.0,0.0947,0.0,0.0,0.0
15.1923,0.48707506201156364,0.4915911923936805,0.48792908666752655,-0.5319973589325272,0.0811,0.0,10.4236,0.0,0.0,1.0,0.0,0.0,0.0,0.0,-0.027,0.0,0.0,0.0
15.2124,0.48761842797368254,0.49164649759464607,0.4870694184846289,-0.5322361991451142,0.0,0.0,11.1657,0.0,0.0,1.0,0.0,0.0,0.0,0.0,0.027,0.0,0.0,0.0
15.2325,0.48744131822676046,0.4919574508848038,0.4865252913191504,-0.5326086449834436,0.0541,0.0,9.8836,0.0,0.0,1.0,0.0,0.0,0.0,0.0,0.0135,0.0,0.0,0.0
15.2525,0.4874920729662414,0.4918861096781473,0.4867590668420204,-0.5324144482899201,-0.0406,0.0,14.5375,0.0,0.0,1.0,0.0,0.0,0.0,0.0,0.027,0.0,0.0,0.0
15.2726,0.4871838458846483,0.49224985468062765,0.4859018436587413,-0.5331429256822041,0.027,0.0,11.193,0.0,0.0,1.0,0.0,0.0,0.0,0.0,-0.0406,0.0,0.0,0.0
15.2927,0.48828237800439545,0.49109038592900506,0.48657337318133353,-0.5325945030597032,0.0135,0.0,9.6048,0.0,0.0,1.0,0.0,0.0,0.0,0.0,-0.0406,0.0,0.0,0.0
15.3127,0.488590552321499,0.4910325750744413,0.48578352616772785,-0.5330859668965074,-0.0947,0.0,9.1942,0.0,0.0,1.0,0.0,0.0,0.0,0.0,0.0811,0.0,0.0,0.0
15.3328,0.4882193383067707,0.49139333400499213,0.48626634095370636,-0.5326532780845821,0.0811,0.0,12.5804,0.0,0.0,1.0,0.0,0.0,0.0,0.0,-0.1217,0.0,0.0,0.0
15.3529,0.4886485610433402,0.49084656806512317,0.48645155402475165,-0.532594701434278,-0.0811,0.0,11.8307,0.0,0.0,1.0,0.0,0.0,0.0,0.0,-0.0676,0.0,0.0,0.0
15.373,0.48748094439519035,0.4910208931593833,0.4863209611843248,-0.533622276563947,0.0541,0.0,9.7075,0.0,0.0,1.0,0.0,0.0,0.0,0.0,-0.1217,0.0,0.0,0.0
15.393,0.4877914272168807,0.4913314158029156,0.4866924307603688,-0.5327132823755991,-0.0406,0.0,9.9095,0.0,0.0,1.0,0.0,0.0,0.0,0.0,-0.0541,0.0,0.0,0.0
15.4131,0.487179132023021,0.4915120976212781,0.4863241388112716,-0.5334427647111752,0.0,0.0,10.8886,0.0,0.0,1.0,0.0,0.0,0.0,0.0,-0.1082,0.0,0.0,0.0
15.4332,0.4874883514470538,0.4909063539112089,0.4860843504348616,-0.5339363849330324,-0.0135,0.0,10.2507,0.0,0.0,1.0,0.0,0.0,0.0,0.0,-0.0406,0.0,0.0,0.0
15.4532,0.4876674951243624,0.49065847362814236,0.4859585074068899,-0.5341151613040949,-0.027,0.0,11.6188,0.0,0.0,1.0,0.0,0.0,0.0,0.0,-0.0947,0.0,0.0,0.0
15.4733,0.48749045229349525,0.49066446826020527,0.4857204433895644,-0.5344876887104684,0.0,0.0,9.0453,0.0,0.0,1.0,0.0,0.0,0.0,0.0,-0.0811,0.0,0.0,0.0
15.4934,0.4876078353375974,0.4907208215179586,0.4860208423828164,-0.5340556291395306,-0.0676,0.0,11.9298,0.0,0.0,1.0,0.0,0.0,0.0,0.0,-0.0406,0.0,0.0,0.0
15.5135,0.4876482841362214,0.49082213629033417,0.48563437794895525,-0.5342771120500325,0.0135,0.0,9.9497,0.0,0.0,1.0,0.0,0.0,0.0,0.0,-0.0811,0.0,0.0,0.0
15.5335,0.4876812985756717,0.4904273565653591,0.48609426506160275,-0.5341912807469634,-0.0676,0.0,10.0988,0.0,0.0,1.0,0.0,0.0,0.0,0.0,0.0135,0.0,0.0,0.0
15.5536,0.4876727564826591,0.49029676593372445,0.4865127523045968,-0.5339379231189163,-0.0406,0.0,8.9058,0.0,0.0,1.0,0.0,0.0,0.0,0.0,0.0135,0.0,0.0,0.0
15.5737,0.48754892764408797,0.49047892720925396,0.4857179279158221,-0.5346069206603293,-0.0135,0.0,8.3748,0.0,0.0,1.0,0.0,0.0,0.0,0.0,-0.0135,0.0,0.0,0.0
15.5937,0.4875535238022034,0.49097155551666866,0.4854785045489805,-0.5343679581734693,-0.0135,0.0,9.84,0.0,0.0,1.0,0.0,0.0,0.0,0.0,0.0135,0.0,0.0,0.0
15.6138,0.4868786529704391,0.4918226697555529,0.4859026496568731,-0.5338148123203788,-0.027,0.0,9.8311,0.0,0.0,1.0,0.0,0.0,0.0,0.0,0.0135,0.0,0.0,0.0
15.6339,0.48640205994150004,0.4926892287525796,0.48615805338990103,-0.533217316935596,-0.027,0.0,10.3022,0.0,0.0,1.0,0.0,0.0,0.0,0.0,0.0135,0.0,0.0,0.0
15.6539,0.4861306212877553,0.4930884154909666,0.48619161948355816,-0.5330652330615308,-0.027,0.0,10.2383,0.0,0.0,1.0,0.0,0.0,0.0,0.0,0.0135,0.0,0.0,0.0
15.674,0.48621687896643584,0.4929310291936659,0.4860338748717706,-0.5332759318995598,-0.0135,0.0,10.0199,0.0,0.0,1.0,0.0,0.0,0.0,0.0,0.0135,0.0,0.0,0.0
15.6941,0.48646820123447726,0.4925114273421141,0.4857971761280361,-0.5336499665428188,-0.0135,0.0,10.0251,0.0,0.0,1.0,0.0,0.0,0.0,0.0,0.0135,0.0,0.0,0.0
15.7141,0.48668921716673996,0.49199916498437346,0.4856522273575335,-0.5340527517118246,-0.0135,0.0,9.9369,0.0,0.0,1.0,0.0,0.0,0.0,0.0,0.0135,0.0,0.0,0.0
15.7343,0.48686635507490705,0.4915052536492748,0.48564638174860214,-0.5343513168559872,-0.0135,0.0,9.9369,0.0,0.0,1.0,0.0,0.0,0.0,0.0,0.0135,0.0,0.0,0.0
15.7544,0.48699850803487366,0.4912094951341238,0.4855335125230234,-0.5346053621868578,-0.0135,0.0,9.8233,0.0,0.0,1.0,0.0,0.0,0.0,0.0,0.0135,0.0,0.0,0.0
15.7745,0.4870592902488202,0.4912702754667657,0.4854112960338656,-0.5346051233460513,-0.0135,0.0,9.8668,0.0,0.0,1.0,0.0,0.0,0.0,0.0,0.0135,0.0,0.0,0.0
15.7946,0.48687896492136573,0.4916399841356449,0.4854149590130052,-0.5344261568099049,-0.0135,0.0,9.902,0.0,0.0,1.0,0.0,0.0,0.0,0.0,0.0135,0.0,0.0,0.0
15.8147,0.4866237319327094,0.49205562847868645,0.48546475400620237,-0.5342308252244764,-0.0135,0.0,9.8712,0.0,0.0,1.0,0.0,0.0,0.0,0.0,0.0135,0.0,0.0,0.0
15.8347,0.4863967304850525,0.4925618284692592,0.48535971400336203,-0.5340664881183297,-0.0135,0.0,9.7914,0.0,0.0,1.0,0.0,0.0,0.0,0.0,0.0135,0.0,0.0,0.0
15.8548,0.48607956363355675,0.4932204984594453,0.4852245714369269,-0.5338701274571167,-0.0135,0.0,9.8725,0.0,0.0,1.0,0.0,0.0,0.0,0.0,0.0135,0.0,0.0,0.0
15.8749,0.48589950571311835,0.49365048187653915,0.4851665079673065,-0.5336893587449704,-0.0135,0.0,9.9534,0.0,0.0,1.0,0.0,0.0,0.0,0.0,0.0135,0.0,0.0,0.0
15.8949,0.48578083038626907,0.4938978609706403,0.485230828313902,-0.5335100102262914,-0.0135,0.0,9.8763,0.0,0.0,1.0,0.0,0.0,0.0,0.0,0.0135,0.0,0.0,0.0
15.915,0.48585788060959595,0.49385317485353164,0.48524685812266116,-0.5334666327135418,-0.0135,0.0,9.8741,0.0,0.0,1.0,0.0,0.0,0.0,0.0,0.0135,0.0,0.0,0.0
15.9351,0.48584351402434856,0.4937775714100499,0.48535551049470127,-0.5334508583602557,-0.0135,0.0,9.8851,0.0,0.0,1.0,0.0,0.0,0.0,0.0,0.0135,0.0,0.0,0.0
15.9551,0.48576862628615464,0.49364145815980665,0.48558563019408324,-0.5334356083455034,-0.0135,0.0,9.8411,0.0,0.0,1.0,0.0,0.0,0.0,0.0,0.0135,0.0,0.0,0.0
15.9752,0.4856473213347333,0.49345916564927406,0.48589131647205397,-0.5334363689271431,-0.0135,0.0,9.8383,0.0,0.0,1.0,0.0,0.0,0.0,0.0,0.0135,0.0,0.0,0.0
15.9953,0.4855393631683313,0.4931684317248951,0.4862103691981459,-0.5335127942686112,-0.0135,0.0,9.8383,0.0,0.0,1.0,0.0,0.0,0.0,0.0,0.0135,0.0,0.0,0.0
16.0153,0.485354648515468,0.4928006891475169,0.4866356555057522,-0.5336329119635014,-0.0135,0.0,9.835,0.0,0.0,1.0,0.0,0.0,0.0,0.0,0.0135,0.0,0.0,0.0
16.0354,0.48521661774723823,0.4924804323818044,0.48704857099758603,-0.5336773810760308,-0.0135,0.0,9.852,0.0,0.0,1.0,0.0,0.0,0.0,0.0,0.0135,0.0,0.0,0.0
16.0555,0.4850961829739164,0.4923600209995942,0.4873551326022214,-0.5336181009970399,-0.0135,0.0,9.8143,0.0,0.0,1.0,0.0,0.0,0.0,0.0,0.0135,0.0,0.0,0.0
16.0755,0.48505226692426173,0.492377361565224,0.487494298475556,-0.5335148930662845,-0.0135,0.0,9.9081,0.0,0.0,1.0,0.0,0.0,0.0,0.0,0.0135,0.0,0.0,0.0
16.0956,0.48497904800069747,0.492547955109819,0.4875430165338973,-0.5333794539973403,-0.0135,0.0,9.9359,0.0,0.0,1.0,0.0,0.0,0.0,0.0,0.0135,0.0,0.0,0.0
16.1157,0.48504253027716143,0.4926724756968014,0.4874845128085849,-0.5332601853550388,-0.0135,0.0,9.8551,0.0,0.0,1.0,0.0,0.0,0.0,0.0,0.0135,0.0,0.0,0.0
16.1358,0.4851672208497235,0.4927362086943702,0.48742621722190715,-0.5331411438063997,-0.0135,0.0,9.8581,0.0,0.0,1.0,0.0,0.0,0.0,0.0,0.0135,0.0,0.0,0.0
16.1559,0.4853406410463227,0.49278646678358323,0.48741559248398275,-0.5329465268741183,-0.0135,0.0,9.9296,0.0,0.0,1.0,0.0,0.0,0.0,0.0,0.0135,0.0,0.0,0.0
16.1759,0.48554362901651577,0.49280675809587554,0.48743566264148463,-0.5327244675080751,-0.0135,0.0,9.9296,0.0,0.0,1.0,0.0,0.0,0.0,0.0,0.0135,0.0,0.0,0.0
16.196,0.4857931970727785,0.49281240220567596,0.4874412452361943,-0.5324865616639243,-0.0135,0.0,9.9226,0.0,0.0,1.0,0.0,0.0,0.0,0.0,0.0135,0.0,0.0,0.0
16.2161,0.486089141289472,0.49286421294835425,0.4873711548491306,-0.5322326293419899,-0.0135,0.0,9.8906,0.0,0.0,1.0,0.0,0.0,0.0,0.0,0.0135,0.0,0.0,0.0
16.2362,0.48646206570358086,0.49293222618277127,0.4872560853976269,-0.5319341935473625,-0.0135,0.0,9.9633,0.0,0.0,1.0,0.0,0.0,0.0,0.0,0.0135,0.0,0.0,0.0
16.2562,0.4868811643537927,0.4929852165624933,0.4871261664493255,-0.5316205470151719,-0.0135,0.0,9.9969,0.0,0.0,1.0,0.0,0.0,0.0,0.0,0.0135,0.0,0.0,0.0
16.2763,0.48725321300239227,0.4929903214798588,0.4870092083887438,-0.5313820473920812,-0.0135,0.0,9.9221,0.0,0.0,1.0,0.0,0.0,0.0,0.0,0.0135,0.0,0.0,0.0
16.2964,0.4875478036756815,0.49291879049657955,0.48699880502279136,-0.5311876965939456,-0.0135,0.0,9.8399,0.0,0.0,1.0,0.0,0.0,0.0,0.0,0.0135,0.0,0.0,0.0
16.3164,0.4877211457371964,0.4930310275654636,0.48698916202753684,-0.5309331840507403,-0.0135,0.0,9.9203,0.0,0.0,1.0,0.0,0.0,0.0,0.0,0.0135,0.0,0.0,0.0
16.3365,0.487908780598594,0.49327971213501937,0.48680979460743196,-0.5306942352099329,-0.0135,0.0,9.984,0.0,0.0,1.0,0.0,0.0,0.0,0.0,0.0135,0.0,0.0,0.0
16.3566,0.48809457497184877,0.49358753642696707,0.4865075861079725,-0.5305142773068426,-0.0135,0.0,9.9342,0.0,0.0,1.0,0.0,0.0,0.0,0.0,0.0135,0.0,0.0,0.0
16.3767,0.4884032777420803,0.4936522807270501,0.48632827656208194,-0.5303343015871493,-0.0135,0.0,9.8891,0.0,0.0,1.0,0.0,0.0,0.0,0.0,0.0135,0.0,0.0,0.0
16.3967,0.4887616729334732,0.4936435897599176,0.486319714537288,-0.5300199700130037,-0.0135,0.0,9.901,0.0,0.0,1.0,0.0,0.0,0.0,0.0,0.0135,0.0,0.0,0.0
16.4168,0.48887742521338173,0.4938202778532894,0.4864964961954535,-0.5295862115719985,-0.0135,0.0,9.9091,0.0,0.0,1.0,0.0,0.0,0.0,0.0,0.0135,0.0,0.0,0.0
16.4369,0.48876336318087094,0.494073291078431,0.4868093897134827,-0.5291678145369753,-0.0135,0.0,9.951,0.0,0.0,1.0,0.0,0.0,0.0,0.0,0.0135,0.0,0.0,0.0
16.457,0.4886438346522085,0.4942597982729956,0.48693484572273465,-0.5289885733061721,-0.0135,0.0,9.9065,0.0,0.0,1.0,0.0,0.0,0.0,0.0,0.0135,0.0,0.0,0.0
16.477,0.48850799427460884,0.49436779028596783,0.4870440452369588,-0.5289125877276766,-0.0135,0.0,9.8648,0.0,0.0,1.0,0.0,0.0,0.0,0.0,0.0135,0.0,0.0,0.0
16.4971,0.48835662376357275,0.494399804725692,0.487258590883148,-0.5288248355779169,-0.0135,0.0,9.8654,0.0,0.0,1.0,0.0,0.0,0.0,0.0,0.0135,0.0,0.0,0.0
16.5172,0.4882217963731733,0.49426481860799176,0.48761179412871875,-0.5287499454932667,-0.0135,0.0,9.8678,0.0,0.0,1.0,0.0,0.0,0.0,0.0,0.0135,0.0,0.0,0.0
16.5372,0.48816388776246683,0.49414594765810527,0.4879198853193816,-0.5286302929341341,-0.0135,0.0,9.8236,0.0,0.0,1.0,0.0,0.0,0.0,0.0,0.0135,0.0,0.0,0.0
16.5573,0.4880446521852987,0.49402674598017987,0.48828865601110144,-0.5285112866727049,-0.0135,0.0,9.7548,0.0,0.0,1.0,0.0,0.0,0.0,0.0,0.0135,0.0,0.0,0.0
16.5774,0.4877914722099902,0.4942004521367087,0.48870646934416845,-0.5281963456596803,-0.0135,0.0,9.7678,0.0,0.0,1.0,0.0,0.0,0.0,0.0,0.0135,0.0,0.0,0.0
16.5974,0.48753772596889494,0.49443456648340206,0.4890636906818338,-0.5278807930585395,-0.0135,0.0,9.8557,0.0,0.0,1.0,0.0,0.0,0.0,0.0,0.0135,0.0,0.0,0.0
16.6175,0.4874197409764342,0.49462163372039836,0.48925071370820306,-0.5276411419688991,-0.0135,0.0,9.8493,0.0,0.0,1.0,0.0,0.0,0.0,0.0,0.0135,0.0,0.0,0.0
16.6376,0.48742088059720556,0.49462279017968885,0.4893128568440897,-0.527581376395888,-0.0135,0.0,9.7827,0.0,0.0,1.0,0.0,0.0,0.0,0.0,0.0135,0.0,0.0,0.0
16.6576,0.4874955004738347,0.4945756094064745,0.4892045267684509,-0.5276571183896186,-0.0135,0.0,9.8493,0.0,0.0,1.0,0.0,0.0,0.0,0.0,0.0135,0.0,0.0,0.0
16.6777,0.48761462841759684,0.49438969272622296,0.48907964232344747,-0.5278370102067574,-0.0135,0.0,9.8403,0.0,0.0,1.0,0.0,0.0,0.0,0.0,0.0135,0.0,0.0,0.0
16.6978,0.48761462841759684,0.49438969272622296,0.48907964232344747,-0.5278370102067574,-0.0135,0.0,9.8403,0.0,0.0,1.0,0.0,0.0,0.0,0.0,0.0135,0.0,0.0,0.0
16.7178,0.487964756128211,0.4940686154807336,0.4889417336163197,-0.5279418349609685,-0.0135,0.0,9.9633,0.0,0.0,1.0,0.0,0.0,0.0,0.0,0.0135,0.0,0.0,0.0
16.7379,0.488341251717715,0.493590243674717,0.48870725115689645,-0.5282581905532361,-0.0135,0.0,9.9215,0.0,0.0,1.0,0.0,0.0,0.0,0.0,0.0135,0.0,0.0,0.0
16.758,0.4887168867461678,0.49317296777480024,0.48841188119999807,-0.5285736114941877,-0.0135,0.0,9.8418,0.0,0.0,1.0,0.0,0.0,0.0,0.0,0.0135,0.0,0.0,0.0
16.7781,0.48900348987340736,0.49290940592375665,0.488148508249483,-0.5287976345799233,-0.0135,0.0,9.8254,0.0,0.0,1.0,0.0,0.0,0.0,0.0,0.0135,0.0,0.0,0.0
16.7982,0.4891401351526643,0.4928631666268829,0.4880411258617254,-0.5288134705479565,-0.0135,0.0,9.8674,0.0,0.0,1.0,0.0,0.0,0.0,0.0,0.0135,0.0,0.0,0.0
16.8182,0.4893254595822765,0.49286550631441073,0.4879824418531081,-0.5286939792858545,-0.0135,0.0,9.9091,0.0,0.0,1.0,0.0,0.0,0.0,0.0,0.0135,0.0,0.0,0.0
16.8383,0.48963291918503915,0.49286797811508254,0.48780188583081674,-0.5285736285315283,-0.0135,0.0,9.9785,0.0,0.0,1.0,0.0,0.0,0.0,0.0,0.0135,0.0,0.0,0.0
16.8584,0.4899851877833094,0.4928541596067145,0.48754421175649465,-0.5284978095451792,-0.0135,0.0,9.9714,0.0,0.0,1.0,0.0,0.0,0.0,0.0,0.0135,0.0,0.0,0.0
16.8784,0.490169496314539,0.492733477987439,0.48754551507051014,-0.5284382227732813,-0.0135,0.0,9.8956,0.0,0.0,1.0,0.0,0.0,0.0,0.0,0.0135,0.0,0.0,0.0
16.8985,0.49037095041862966,0.4925690174332479,0.48768586855591367,-0.5282751060396833,-0.0135,0.0,9.9016,0.0,0.0,1.0,0.0,0.0,0.0,0.0,0.0135,0.0,0.0,0.0
16.9186,0.49052919002690193,0.49242114833311734,0.48790424787372266,-0.5280643628504226,-0.0135,0.0,9.8654,0.0,0.0,1.0,0.0,0.0,0.0,0.0,0.0135,0.0,0.0,0.0
16.9386,0.4906694908232169,0.4923175159828515,0.48804445074794933,-0.5279010592202789,-0.0135,0.0,9.9393,0.0,0.0,1.0,0.0,0.0,0.0,0.0,0.0135,0.0,0.0,0.0
16.9587,0.4908402685457026,0.49218325559998005,0.4881542944371476,-0.5277659126009921,-0.0135,0.0,9.9016,0.0,0.0,1.0,0.0,0.0,0.0,0.0,0.0135,0.0,0.0,0.0
16.9788,0.4909040262688581,0.49206302160899557,0.48834003657764774,-0.5276468785403656,-0.0135,0.0,9.8564,0.0,0.0,1.0,0.0,0.0,0.0,0.0,0.0135,0.0,0.0,0.0
16.9988,0.49095394284676525,0.49199091526799116,0.4885730061689069,-0.5274519721643448,-0.0135,0.0,9.861,0.0,0.0,1.0,0.0,0.0,0.0,0.0,0.0135,0.0,0.0,0.0
17.0189,0.4910340931440952,0.49188810374134223,0.48883706588162235,-0.5272285422737933,-0.0135,0.0,9.8712,0.0,0.0,1.0,0.0,0.0,0.0,0.0,0.0135,0.0,0.0,0.0
17.039,0.49109960479045195,0.4918926219148404,0.48902455998199545,-0.5269893797931999,-0.0135,0.0,9.911,0.0,0.0,1.0,0.0,0.0,0.0,0.0,0.0135,0.0,0.0,0.0
17.0591,0.49113376332281716,0.4918657391240027,0.48918082788604755,-0.5268375829694448,-0.0135,0.0,9.8659,0.0,0.0,1.0,0.0,0.0,0.0,0.0,0.0135,0.0,0.0,0.0
17.0791,0.49115074763244726,0.49182174865384876,0.4893197448452846,-0.5267338017971738,-0.0135,0.0,9.8771,0.0,0.0,1.0,0.0,0.0,0.0,0.0,0.0135,0.0,0.0,0.0
17.0992,0.4911530516845971,0.4917630554747377,0.489505041445004,-0.5266142720160387,-0.0135,0.0,9.8831,0.0,0.0,1.0,0.0,0.0,0.0,0.0,0.0135,0.0,0.0,0.0
17.1193,0.49120044480774566,0.4917494330107773,0.48955248022013836,-0.5265386854396957,-0.0135,0.0,9.9888,0.0,0.0,1.0,0.0,0.0,0.0,0.0,0.0135,0.0,0.0,0.0
17.1394,0.4912141325181243,0.49164113524116015,0.48956612200860833,-0.5266143582686502,-0.0135,0.0,9.9482,0.0,0.0,1.0,0.0,0.0,0.0,0.0,0.0135,0.0,0.0,0.0
17.1594,0.4912246352578274,0.49134663864435874,0.4895765895118958,-0.526869624680153,-0.0135,0.0,9.8663,0.0,0.0,1.0,0.0,0.0,0.0,0.0,0.0135,0.0,0.0,0.0
17.1795,0.4913263182477644,0.49089932405463704,0.4896173414888546,-0.5271538310144235,-0.0135,0.0,9.8308,0.0,0.0,1.0,0.0,0.0,0.0,0.0,0.0135,0.0,0.0,0.0
17.1996,0.4913230073654801,0.49077401853093466,0.4895530433633942,-0.5273332749808007,-0.0135,0.0,9.908,0.0,0.0,1.0,0.0,0.0,0.0,0.0,0.0135,0.0,0.0,0.0
17.2197,0.49122711533877256,0.4906780973275288,0.4895180592709851,-0.5275443067710548,-0.0135,0.0,9.8309,0.0,0.0,1.0,0.0,0.0,0.0,0.0,0.0135,0.0,0.0,0.0
17.2397,0.49108600841946887,0.4905980113922319,0.489499018087041,-0.5277677849627085,-0.0135,0.0,9.8307,0.0,0.0,1.0,0.0,0.0,0.0,0.0,0.0135,0.0,0.0,0.0
17.2598,0.49097537644278505,0.4904873681169624,0.48951035144825655,-0.5279630074821202,-0.0135,0.0,9.9598,0.0,0.0,1.0,0.0,0.0,0.0,0.0,0.0135,0.0,0.0,0.0
17.2799,0.4908954079634208,0.4904064185143325,0.48943043957300325,-0.5281866033323344,-0.0135,0.0,9.9532,0.0,0.0,1.0,0.0,0.0,0.0,0.0,0.0135,0.0,0.0,0.0
17.3,0.4908309903319565,0.4903420042889645,0.48936603214589713,-0.5283659189817346,-0.0135,0.0,9.9127,0.0,0.0,1.0,0.0,0.0,0.0,0.0,0.0135,0.0,0.0,0.0
17.3201,0.49078122825483017,0.4902312313610029,0.4893162365285448,-0.5285610148890063,-0.0135,0.0,9.9138,0.0,0.0,1.0,0.0,0.0,0.0,0.0,0.0135,0.0,0.0,0.0
17.3402,0.49079331492024025,0.4901213021658993,0.489267285957258,-0.5286970343068174,-0.0135,0.0,9.9097,0.0,0.0,1.0,0.0,0.0,0.0,0.0,0.0135,0.0,0.0,0.0
17.3603,0.4907897862854469,0.49005677764346334,0.48914176685572147,-0.5288762353148927,-0.0135,0.0,9.9119,0.0,0.0,1.0,0.0,0.0,0.0,0.0,0.0135,0.0,0.0,0.0
17.3804,0.4907106151689753,0.4900386321288619,0.48906265676107824,-0.5290396477992511,-0.0135,0.0,9.9038,0.0,0.0,1.0,0.0,0.0,0.0,0.0,0.0135,0.0,0.0,0.0
17.4005,0.49064843670699143,0.49009845191055534,0.489000482262398,-0.5290993737843628,-0.0135,0.0,9.8667,0.0,0.0,1.0,0.0,0.0,0.0,0.0,0.0135,0.0,0.0,0.0
17.4206,0.4905410969587931,0.4902350962745075,0.4889540934099009,-0.5291151832190133,-0.0135,0.0,9.9473,0.0,0.0,1.0,0.0,0.0,0.0,0.0,0.0135,0.0,0.0,0.0
17.4407,0.49041714493937577,0.49035614492134755,0.48889214448867246,-0.5291751563940363,-0.0135,0.0,9.9859,0.0,0.0,1.0,0.0,0.0,0.0,0.0,0.0135,0.0,0.0,0.0
17.4608,0.49024643540194685,0.4904294400439719,0.4888433998130875,-0.529310426284069,-0.0135,0.0,9.9489,0.0,0.0,1.0,0.0,0.0,0.0,0.0,0.0135,0.0,0.0,0.0
17.4809,0.49012208913103805,0.49042709540957213,0.4888410627611943,-0.5294298982797095,-0.0135,0.0,9.9055,0.0,0.0,1.0,0.0,0.0,0.0,0.0,0.0135,0.0,0.0,0.0
17.501,0.49009043069424596,0.4903954172715216,0.48880948706968813,-0.5295176954660602,-0.0135,0.0,9.9121,0.0,0.0,1.0,0.0,0.0,0.0,0.0,0.0135,0.0,0.0,0.0
17.5211,0.4899827788631647,0.4905327707576417,0.48876279684268886,-0.5295331959876307,-0.0135,0.0,9.9785,0.0,0.0,1.0,0.0,0.0,0.0,0.0,0.0135,0.0,0.0,0.0
17.5411,0.48986079521298315,0.4905937844323057,0.4888238104647738,-0.5295332117180105,-0.0135,0.0,9.9417,0.0,0.0,1.0,0.0,0.0,0.0,0.0,0.0135,0.0,0.0,0.0
17.5613,0.48979982527001276,0.49059381363944066,0.4888848386730021,-0.5295332432433751,-0.0135,0.0,9.8685,0.0,0.0,1.0,0.0,0.0,0.0,0.0,0.0135,0.0,0.0,0.0
17.5814,0.48980103791870344,0.4905950282538914,0.48894704831385394,-0.529473555006758,-0.0135,0.0,9.8685,0.0,0.0,1.0,0.0,0.0,0.0,0.0,0.0135,0.0,0.0,0.0
17.6015,0.48974117092731945,0.490718161293746,0.4889481787465863,-0.5294137797371914,-0.0135,0.0,9.9451,0.0,0.0,1.0,0.0,0.0,0.0,0.0,0.0135,0.0,0.0,0.0
17.6216,0.4896203132314314,0.4908413040375511,0.4890103178246068,-0.529354014042539,-0.0135,0.0,9.8654,0.0,0.0,1.0,0.0,0.0,0.0,0.0,0.0135,0.0,0.0,0.0
17.6417,0.48956162301709993,0.4909656190681004,0.4890736243896866,-0.5292345114297402,-0.0135,0.0,9.8727,0.0,0.0,1.0,0.0,0.0,0.0,0.0,0.0135,0.0,0.0,0.0
17.6618,0.4895492355156209,0.49113619089575217,0.4890612492361603,-0.5290991235052735,-0.0135,0.0,9.9077,0.0,0.0,1.0,0.0,0.0,0.0,0.0,0.0135,0.0,0.0,0.0
17.6818,0.48944405877576463,0.4913360705998736,0.4890780564884371,-0.5289953059508895,-0.0135,0.0,9.9079,0.0,0.0,1.0,0.0,0.0,0.0,0.0,0.0135,0.0,0.0,0.0
17.7019,0.48938300009215313,0.4913970124387664,0.4890779982223831,-0.5289952429293152,-0.0135,0.0,9.8711,0.0,0.0,1.0,0.0,0.0,0.0,0.0,0.0135,0.0,0.0,0.0
17.722,0.48932088292139003,0.491334890671352,0.48913788221719795,-0.5290550358195986,-0.0135,0.0,9.8738,0.0,0.0,1.0,0.0,0.0,0.0,0.0,0.0135,0.0,0.0,0.0
17.7421,0.4893040236811174,0.49119596577370866,0.48918202741510464,-0.5291588038303341,-0.0135,0.0,9.9153,0.0,0.0,1.0,0.0,0.0,0.0,0.0,0.0135,0.0,0.0,0.0
17.7622,0.4892100924611842,0.4911631447296499,0.4892100924611842,-0.5292501640316424,-0.0135,0.0,9.948,0.0,0.0,1.0,0.0,0.0,0.0,0.0,0.0135,0.0,0.0,0.0
17.7823,0.48914555396833653,0.4910985921149872,0.4891455539683366,-0.5294293407893975,-0.0135,0.0,9.9861,0.0,0.0,1.0,0.0,0.0,0.0,0.0,0.0135,0.0,0.0,0.0
17.8024,0.4890653031932011,0.49089626689027555,0.4891873007743279,-0.5296524984618319,-0.0135,0.0,9.9038,0.0,0.0,1.0,0.0,0.0,0.0,0.0,0.0135,0.0,0.0,0.0
17.8225,0.4890764568645868,0.4906634615919681,0.48919845722800254,-0.5298475783139067,-0.0135,0.0,9.9772,0.0,0.0,1.0,0.0,0.0,0.0,0.0,0.0135,0.0,0.0,0.0
17.8426,0.489011928295085,0.49047692208862104,0.4892559272613805,-0.5300267545352804,-0.0135,0.0,10.063,0.0,0.0,1.0,0.0,0.0,0.0,0.0,0.0135,0.0,0.0,0.0
17.8627,0.48890121299895434,0.4902432382884755,0.4893892221951439,-0.53022199165992,-0.0135,0.0,9.9458,0.0,0.0,1.0,0.0,0.0,0.0,0.0,0.0135,0.0,0.0,0.0
17.8828,0.488525600429109,0.48986860207974364,0.4896856018548248,-0.5306406521911927,-0.0135,0.0,10.0479,0.0,0.0,1.0,0.0,0.0,0.0,0.0,0.0135,0.0,0.0,0.0
17.9029,0.4881506381478402,0.48918862036756244,0.4902866015595233,-0.5310579031611812,-0.0135,0.0,9.8723,0.0,0.0,1.0,0.0,0.0,0.0,0.0,0.0135,0.0,0.0,0.0
17.923,0.4876050931437069,0.4883980851636878,0.4910840581342669,-0.5315496509218497,-0.0135,0.0,9.8292,0.0,0.0,1.0,0.0,0.0,0.0,0.0,0.0135,0.0,0.0,0.0
17.9431,0.486935984921122,0.48779098138290466,0.49181896471397024,-0.5320407982646427,-0.0135,0.0,9.9097,0.0,0.0,1.0,0.0,0.0,0.0,0.0,0.0135,0.0,0.0,0.0
17.9632,0.48638991059572356,0.48718391208221473,0.49249392202335934,-0.5324719968683821,-0.0135,0.0,9.9008,0.0,0.0,1.0,0.0,0.0,0.0,0.0,0.0135,0.0,0.0,0.0
17.9833,0.48614959212024395,0.48645459500127036,0.49298565669302363,-0.5329030337485601,-0.0135,0.0,9.797,0.0,0.0,1.0,0.0,0.0,0.0,0.0,0.0135,0.0,0.0,0.0
18.0034,0.4860947930003881,0.4857897862281735,0.4933579542679094,-0.5332148392298162,-0.0135,0.0,9.7948,0.0,0.0,1.0,0.0,0.0,0.0,0.0,0.0135,0.0,0.0,0.0
18.0234,0.48578111540769675,0.48565911487642677,0.4934101486294815,-0.5335713235174212,-0.0135,0.0,9.3988,0.0,0.0,1.0,0.0,0.0,0.0,0.0,0.0135,0.0,0.0,0.0
18.0435,0.4856483628046469,0.4865633465317757,0.49272823688997236,-0.5334985117957356,-0.0135,0.0,9.6688,0.0,0.0,1.0,0.0,0.0,0.0,0.0,0.0135,0.0,0.0,0.0
18.0636,0.485286892348704,0.48791087013836626,0.4918778365604664,-0.5333814852579295,-0.0135,0.0,10.0648,0.0,0.0,1.0,0.0,0.0,0.0,0.0,0.0135,0.0,0.0,0.0
18.0837,0.48467488027202515,0.4874828506108132,0.4922438003198485,-0.5339913593311476,-0.0135,0.0,9.5756,0.0,0.0,1.0,0.0,0.0,0.0,0.0,0.0135,0.0,0.0,0.0
18.1038,0.4844974156723136,0.48754941829076504,0.4918824220082457,-0.5344244585069887,-0.0135,0.0,9.7473,0.0,0.0,1.0,0.0,0.0,0.0,0.0,0.0135,0.0,0.0,0.0
18.1239,0.4846155040249561,0.48797247980801817,0.491085457351263,-0.53466414297833,-0.0135,0.0,9.8669,0.0,0.0,1.0,0.0,0.0,0.0,0.0,0.0135,0.0,0.0,0.0
18.144,0.48467639317893,0.4886433636578868,0.49029135139404045,-0.5347250207315674,-0.0135,0.0,9.9376,0.0,0.0,1.0,0.0,0.0,0.0,0.0,0.0135,0.0,0.0,0.0
18.1641,0.48467378148479956,0.48961771805255727,0.48919072353102977,-0.5348441377835407,-0.0135,0.0,9.9899,0.0,0.0,1.0,0.0,0.0,0.0,0.0,0.0135,0.0,0.0,0.0
18.1841,0.48505047817063357,0.4903605271950272,0.4878585040953978,-0.5350389396831369,-0.0135,0.0,9.9783,0.0,0.0,1.0,0.0,0.0,0.0,0.0,0.0135,0.0,0.0,0.0
18.2042,0.4858878465473156,0.49083171271208964,0.48643683168575846,-0.5351415132030501,-0.0135,0.0,10.0183,0.0,0.0,1.0,0.0,0.0,0.0,0.0,0.0135,0.0,0.0,0.0
18.2243,0.4869269220659759,0.49113882624215816,0.4852179609460577,-0.5350218278726395,-0.0135,0.0,10.0061,0.0,0.0,1.0,0.0,0.0,0.0,0.0,0.0135,0.0,0.0,0.0
18.2444,0.4879083994163623,0.49114335565282136,0.4844904456555533,-0.5347827652846836,-0.0135,0.0,10.1235,0.0,0.0,1.0,0.0,0.0,0.0,0.0,0.0135,0.0,0.0,0.0
18.2645,0.48876786216312795,0.49102585228683504,0.4840068829873222,-0.5345436619429412,-0.0135,0.0,10.0452,0.3,0.0,1.0,0.0,0.0,0.0,0.0,0.0135,0.0,0.0,0.0
18.2846,0.48926195868565076,0.4910929735006428,0.48376891424067436,-0.5342453226522218,-0.0135,0.0,9.9679,0.3,0.0,1.0,0.0,0.0,0.0,0.0,0.0135,0.0,0.0,0.0
18.3047,0.48945387771953097,0.4914679307100387,0.4836557251679103,-0.5338270451946118,0.0947,0.0,10.8865,0.3,0.0,1.0,0.0,0.0,0.0,0.0,-0.0541,0.0,0.0,0.0
18.3249,0.48987230177519087,0.49200832053247195,0.4837692481817046,-0.5328416791074071,0.0406,0.0,9.406,0.3,0.0,1.0,0.0,0.0,0.0,0.0,0.0406,0.0,0.0,0.0
18.345,0.48979151138426086,0.4932704013717577,0.48326071790672687,-0.5322101699843225,0.1352,0.0,9.7496,0.3,0.0,1.0,0.0,0.0,0.0,0.0,-0.0406,0.0,0.0,0.0
18.3651,0.4899940585675263,0.49365608889972545,0.4829750004294308,-0.5319254058803182,0.0811,0.0,10.0048,0.3,0.0,1.0,0.0,0.0,0.0,0.0,0.0541,0.0,0.0,0.0
18.3852,0.4904150190080869,0.494444002733332,0.4830910485926747,-0.5306988562847754,0.1623,0.0,14.0929,0.3,0.0,1.0,0.0,0.0,0.0,0.0,-0.0406,0.0,0.0,0.0
18.4052,0.4904150190080869,0.494444002733332,0.4830910485926747,-0.5306988562847754,0.1623,0.0,14.0929,0.3,0.0,1.0,0.0,0.0,0.0,0.0,0.0406,0.0,0.0,0.0
18.4253,0.48950249822935754,0.4957285045663612,0.4823614909610404,-0.5310065404733346,0.1082,0.0,9.6438,0.3,0.0,1.0,0.0,0.0,0.0,0.0,-0.0541,0.0,0.0,0.0
18.4454,0.4892544297470766,0.49596838075313443,0.4835784711664414,-0.5299031331199167,0.2028,0.0,9.6902,0.3,0.0,1.0,0.0,0.0,0.0,0.0,0.027,0.0,0.0,0.0
18.4655,0.4882070041100908,0.4970567685326344,0.48259215357533564,-0.5307478716879274,0.1623,0.0,9.3809,0.3,0.0,1.0,0.0,0.0,0.0,0.0,-0.0135,0.0,0.0,0.0
18.4856,0.48823958085679103,0.49751795296606405,0.48238034587207124,-0.5304782748403399,0.1893,0.0,10.0709,0.3,0.0,1.0,0.0,0.0,0.0,0.0,0.0406,0.0,0.0,0.0
18.5057,0.48823958085679103,0.49751795296606405,0.48238034587207124,-0.5304782748403399,0.1893,0.0,10.0709,0.3,0.0,1.0,0.0,0.0,0.0,0.0,-0.0135,0.0,0.0,0.0
18.5258,0.4882814356326841,0.4971924435828662,0.4830324309496514,-0.5301514729881015,0.3245,0.0,10.0023,0.3,0.0,1.0,0.0,0.0,0.0,0.0,-0.0406,0.0,0.0,0.0
18.5459,0.48834271006742036,0.49762072355797715,0.48339870287866066,-0.529358769706209,0.284,0.0,12.7486,0.3,0.0,1.0,0.0,0.0,0.0,0.0,0.0406,0.0,0.0,0.0
18.566,0.48749192255177476,0.49768500456932224,0.4835858911223093,-0.5299112638744815,0.284,0.0,10.3019,0.3,0.0,1.0,0.0,0.0,0.0,0.0,-0.0135,0.0,0.0,0.0
18.5861,0.48789474454436316,0.49808732138897877,0.4831949396616305,-0.5295190164696035,0.3245,0.0,9.7254,0.3,0.0,1.0,0.0,0.0,0.0,0.0,-0.0135,0.0,0.0,0.0
18.6061,0.48786727344350506,0.49830455741151564,0.48255712896998426,-0.5299214176139326,0.2975,0.0,10.494,0.3,0.0,1.0,0.0,0.0,0.0,0.0,0.027,0.0,0.0,0.0
18.6262,0.4873576297789086,0.49864843586270113,0.4824747136415286,-0.5301418949719886,0.2975,0.0,9.8301,0.3,0.0,1.0,0.0,0.0,0.0,0.0,-0.0135,0.0,0.0,0.0
18.6463,0.4868214689916216,0.4983575985894313,0.48309842716666973,-0.5303399578818335,0.311,0.0,10.3696,0.3,0.0,1.0,0.0,0.0,0.0,0.0,-0.027,0.0,0.0,0.0
18.6664,0.4867479773340775,0.49810081353847957,0.48278103456803667,-0.5309373397821117,0.311,0.0,9.3624,0.3,0.0,1.0,0.0,0.0,0.0,0.0,-0.0135,0.0,0.0,0.0
18.6865,0.4865130328904413,0.4981100813486064,0.4827290170789644,-0.5311912195778524,0.2975,0.0,10.0978,0.3,0.0,1.0,0.0,0.0,0.0,0.0,0.0135,0.0,0.0,0.0
18.7066,0.486506024235945,0.4973089137488664,0.4829660604410972,-0.5317325616793308,0.284,0.0,10.2425,0.3,0.0,1.0,0.0,0.0,0.0,0.0,0.0135,0.0,0.0,0.0
18.7267,0.4866854147590927,0.49693923387940175,0.482901481508532,-0.5319726158826112,0.284,0.0,9.8917,0.3,0.0,1.0,0.0,0.0,0.0,0.0,0.0135,0.0,0.0,0.0
18.7468,0.48651811234666975,0.4970162658178457,0.4830390614868659,-0.5319287761994135,0.284,0.0,10.0618,0.3,0.0,1.0,0.0,0.0,0.0,0.0,0.0,0.0,0.0,0.0
18.7669,0.48639795777332334,0.4972011567309995,0.48310189707124973,-0.5318087940843553,0.284,0.0,10.0263,0.3,0.0,1.0,0.0,0.0,0.0,0.0,0.0,0.0,0.0,0.0
18.787,0.48633807752714286,0.49726330391136087,0.48316401175657003,-0.5317490184980669,0.284,0.0,9.9425,0.3,0.0,1.0,0.0,0.0,0.0,0.0,0.0,0.0,0.0,0.0
18.8071,0.4863279861967962,0.4974369858814949,0.4832759862834196,-0.5314939849148723,0.284,0.0,9.879,0.3,0.0,1.0,0.0,0.0,0.0,0.0,0.0,0.0,0.0,0.0
18.8271,0.48620974600064437,0.4977458348803855,0.48334072389627747,-0.531254093044599,0.284,0.0,9.9494,0.3,0.0,1.0,0.0,0.0,0.0,0.0,0.0,0.0,0.0,0.0
18.8472,0.48613473554405634,0.4980974829575102,0.48320479740801864,-0.5311167857738814,0.284,0.0,9.9446,0.3,0.0,1.0,0.0,0.0,0.0,0.0,0.0,0.0,0.0,0.0
18.8674,0.4860897140714007,0.4984798597197755,0.4830376781941739,-0.5309512414266666,0.284,0.0,9.9007,0.3,0.0,1.0,0.0,0.0,0.0,0.0,0.0,0.0,0.0,0.0
18.8874,0.4860778068351091,0.4988946435345387,0.4829038472748385,-0.53069423837279,0.284,0.0,9.9055,0.3,0.0,1.0,0.0,0.0,0.0,0.0,0.0,0.0,0.0,0.0
18.9075,0.48595944857356205,0.49932637839334804,0.48290746459735306,-0.5303932152835469,0.284,0.0,9.9007,0.3,0.0,1.0,0.0,0.0,0.0,0.0,0.0,0.0,0.0,0.0
18.9276,0.48602517365864706,0.499636234531626,0.4828511594634494,-0.5300923707411216,0.284,0.0,9.9495,0.3,0.0,1.0,0.0,0.0,0.0,0.0,0.0,0.0,0.0,0.0
18.9477,0.4859982279165639,0.4999135186326142,0.4828243896920208,-0.5298799911950312,0.284,0.0,9.8712,0.3,0.0,1.0,0.0,0.0,0.0,0.0,0.0,0.0,0.0,0.0
18.9678,0.48589234865272485,0.5002350932791528,0.4827794040789209,-0.5297145683950352,0.284,0.0,9.9905,0.3,0.0,1.0,0.0,0.0,0.0,0.0,0.0,0.0,0.0,0.0
18.9879,0.4857715589715746,0.5006023317944166,0.48271960572126693,-0.5295328886373569,0.284,0.0,9.9914,0.3,0.0,1.0,0.0,0.0,0.0,0.0,0.0,0.0,0.0,0.0
19.008,0.48566328758574917,0.500860484334567,0.4826112480728591,-0.5294868549426909,0.284,0.0,9.9507,0.3,0.0,1.0,0.0,0.0,0.0,0.0,0.0,0.0,0.0,0.0
19.0281,0.48547756024696453,0.5014686775177334,0.48230353697028283,-0.5293618820723924,0.284,0.0,9.8851,0.3,0.0,1.0,0.0,0.0,0.0,0.0,0.0,0.0,0.0,0.0
19.0482,0.4852753542308702,0.5019978150817882,0.48197946049382406,-0.5293409335119443,0.2975,0.0,9.9183,0.3,0.0,1.0,0.0,0.0,0.0,0.0,0.0,0.0,0.0,0.0
19.0683,0.4851750954805128,0.5023873472024124,0.48151304192452904,-0.5294877435342437,0.2975,0.0,9.9809,0.3,0.0,1.0,0.0,0.0,0.0,0.0,0.0,0.0,0.0,0.0
19.0884,0.4851822915600642,0.5026398057897001,0.48103216931380255,-0.5296786022461875,0.2975,0.0,9.9425,0.3,0.0,1.0,0.0,0.0,0.0,0.0,0.0,0.0,0.0,0.0
19.1085,0.48522184249614136,0.502739584092063,0.4806449100104393,-0.5298991834610108,0.2975,0.0,9.9688,0.3,0.0,1.0,0.0,0.0,0.0,0.0,0.0,0.0,0.0,0.0
19.1286,0.48524441814706476,0.5027629747813555,0.4803012610832847,-0.5301678455432065,0.2975,0.0,9.9671,0.3,0.0,1.0,0.0,0.0,0.0,0.0,0.0,0.0,0.0,0.0
19.1486,0.48529939504312347,0.5028166980694939,0.4799273021129607,-0.5304051753139715,0.2975,0.0,9.9659,0.3,0.0,1.0,0.0,0.0,0.0,0.0,0.0,0.0,0.0,0.0
19.1688,0.4852772428872493,0.5030987376661274,0.4794784072782989,-0.5305639590552347,0.2975,0.0,9.8874,0.3,0.0,1.0,0.0,0.0,0.0,0.0,0.0,0.0,0.0,0.0
19.1888,0.48504087210588803,0.5035346765877852,0.4791819340470887,-0.530634390087267,0.2975,0.0,9.6955,0.3,0.0,1.0,0.0,0.0,0.0,0.0,0.0,0.0,0.0,0.0
19.2089,0.48462495602642364,0.5041561960647879,0.4790708877670885,-0.5305245201307135,0.2975,0.0,9.4624,0.3,0.0,1.0,0.0,0.0,0.0,0.0,0.0,0.0,0.0,0.0
19.229,0.48400310634143145,0.5051818484499566,0.4792421643149577,-0.5299615467099903,0.2975,0.0,9.5443,0.3,0.0,1.0,0.0,0.0,0.0,0.0,0.0,0.0,0.0,0.0
19.2491,0.4830912253833435,0.5069561377165247,0.4794292388355074,-0.528929056999868,0.2975,0.0,9.7355,0.3,0.0,1.0,0.0,0.0,0.0,0.0,0.0,0.0,0.0,0.0
19.2693,0.48200750561318767,0.508863202380254,0.4796264438368934,-0.5279066964608812,0.2975,0.0,9.8992,0.3,0.0,1.0,0.0,0.0,0.0,0.0,0.0,0.0,0.0,0.0
19.2894,0.4810188756778626,0.510681929678404,0.4793708726777315,-0.5272839599018133,0.2975,0.0,10.0445,0.3,0.0,1.0,0.0,0.0,0.0,0.0,0.0,0.0,0.0,0.0
19.3095,0.480526207478692,0.5117149613235151,0.4786342224110591,-0.527400837523775,0.2975,0.0,10.0945,0.3,0.0,1.0,0.0,0.0,0.0,0.0,0.0,0.0,0.0,0.0
19.3296,0.48053899148258805,0.5117895762199214,0.4778529412232448,-0.528024880002661,0.2975,0.0,9.9692,0.3,0.0,1.0,0.0,0.0,0.0,0.0,0.0,0.0,0.0,0.0
19.3498,0.48077474226893807,0.5113537894799807,0.4774177370860522,-0.5286258161462919,0.2975,0.0,9.9862,0.3,0.0,1.0,0.0,0.0,0.0,0.0,0.0,0.0,0.0,0.0
19.3699,0.48083536865156973,0.5106203914874426,0.47760036617132645,-0.5291144056666147,0.2975,0.0,9.909,0.3,0.0,1.0,0.0,0.0,0.0,0.0,0.0,0.0,0.0,0.0
19.39,0.48084849069129915,0.5097193006911073,0.4778574067734112,-0.5297388623601812,0.2975,0.0,9.8647,0.3,0.0,1.0,0.0,0.0,0.0,0.0,0.0,0.0,0.0,0.0
19.4101,0.48090327451390363,0.5087966964513212,0.47791222926904614,-0.5305260251459093,0.2975,0.0,9.8309,0.3,0.0,1.0,0.0,0.0,0.0,0.0,0.0,0.0,0.0,0.0
19.4301,0.4811407646742569,0.5079358072594644,0.4777837593389877,-0.5312508443139191,0.2975,0.0,9.747,0.3,0.0,1.0,0.0,0.0,0.0,0.0,0.0,0.0,0.0,0.0
19.4502,0.4814425035443842,0.5072603696692977,0.4776585231657077,-0.5317352427581215,0.2975,0.0,9.7746,0.3,0.0,1.0,0.0,0.0,0.0,0.0,0.0,0.0,0.0,0.0
19.4703,0.4818754935699778,0.5068386227471412,0.47766347177395113,-0.5317407516086454,0.2975,0.0,9.8956,0.3,0.0,1.0,0.0,0.0,0.0,0.0,0.0,0.0,0.0,0.0
19.4904,0.4818754935699778,0.5068386227471412,0.47766347177395113,-0.5317407516086454,0.2975,0.0,9.8956,0.3,0.0,1.0,0.0,0.0,0.0,0.0,0.0,0.0,0.0,0.0
19.5105,0.4821019566138853,0.5068201853126008,0.4779510861365858,-0.5312944216247922,0.2975,0.0,9.9905,0.3,0.0,1.0,0.0,0.0,0.0,0.0,0.0,0.0,0.0,0.0
19.5305,0.48212678191575425,0.5069682859273722,0.47828070388231436,-0.5308337701364325,0.2975,0.0,10.0107,0.3,0.0,1.0,0.0,0.0,0.0,0.0,0.0,0.0,0.0,0.0
19.5506,0.4820574348352439,0.5072035096820813,0.4785174242984666,-0.5304585789003746,0.2975,0.0,10.0482,0.3,0.0,1.0,0.0,0.0,0.0,0.0,0.0,0.0,0.0,0.0
19.5707,0.48192620820366944,0.5073157977040806,0.47881325853392637,-0.5302034276562434,0.2975,0.0,9.9806,0.3,0.0,1.0,0.0,0.0,0.0,0.0,0.0,0.0,0.0,0.0
19.5907,0.4817644218798408,0.507217183822105,0.47932334880499156,-0.5299838653550919,0.2975,0.0,9.9336,0.3,0.0,1.0,0.0,0.0,0.0,0.0,0.0,0.0,0.0,0.0
19.6108,0.48169796509383184,0.5067844319891601,0.47998893328628517,-0.5298558613817348,0.2975,0.0,9.8765,0.3,0.0,1.0,0.0,0.0,0.0,0.0,0.0,0.0,0.0,0.0
19.6309,0.4816310275291506,0.5062291821529723,0.48071602177743117,-0.5297883302456067,0.2975,0.0,9.8765,0.3,0.0,1.0,0.0,0.0,0.0,0.0,0.0,0.0,0.0,0.0
19.6509,0.48157687988725084,0.5056863745104324,0.4813328748813171,-0.5297958691336141,0.2975,0.0,9.8352,0.3,0.0,1.0,0.0,0.0,0.0,0.0,0.0,0.0,0.0,0.0
19.671,0.4815056833559479,0.505187667782384,0.4818726831146045,-0.529845651566991,0.2975,0.0,9.7199,0.3,0.0,1.0,0.0,0.0,0.0,0.0,0.0,0.0,0.0,0.0
19.6911,0.4813889885489759,0.5047052301710653,0.4824879999378367,-0.5298514907573179,0.2975,0.0,9.7273,0.3,0.0,1.0,0.0,0.0,0.0,0.0,0.0,0.0,0.0,0.0
19.7112,0.4813822746652363,0.5042701926320527,0.4830912685399869,-0.5297221014092027,0.2975,0.0,9.8495,0.3,0.0,1.0,0.0,0.0,0.0,0.0,0.0,0.0,0.0,0.0
19.7312,0.48143646788977645,0.5037750720007127,0.4836954278560511,-0.5295926144572306,0.2975,0.0,9.8966,0.3,0.0,1.0,0.0,0.0,0.0,0.0,0.0,0.0,0.0,0.0
19.7513,0.48156512087420206,0.5032330363233547,0.48419011063117207,-0.5295389336745372,0.2975,0.0,9.8585,0.3,0.0,1.0,0.0,0.0,0.0,0.0,0.0,0.0,0.0,0.0
19.7714,0.48187673637972284,0.5026288972879952,0.48450075672587306,-0.5295451059911114,0.2975,0.0,9.8106,0.3,0.0,1.0,0.0,0.0,0.0,0.0,0.0,0.0,0.0,0.0
19.7914,0.48229148335355454,0.5020051352358517,0.48454944348088663,-0.5297146459215805,0.2975,0.0,9.8791,0.3,0.0,1.0,0.0,0.0,0.0,0.0,0.0,0.0,0.0,0.0
19.8115,0.48277747428209844,0.5013320697469905,0.4843644396824103,-0.5300784430064491,0.2975,0.0,9.902,0.3,0.0,1.0,0.0,0.0,0.0,0.0,0.0,0.0,0.0,0.0
19.8316,0.483169413652616,0.5008699783207162,0.4840854428749879,-0.5304129207741071,0.2975,0.0,9.8933,0.3,0.0,1.0,0.0,0.0,0.0,0.0,0.0,0.0,0.0,0.0
19.8517,0.4834456000265464,0.5007181212729365,0.4839345864729938,-0.530442297388779,0.2975,0.0,9.8272,0.3,0.0,1.0,0.0,0.0,0.0,0.0,0.0,0.0,0.0,0.0
19.8718,0.4835107477492155,0.5008433802320593,0.48393773869539763,-0.5302617564515704,0.2975,0.0,9.9113,0.3,0.0,1.0,0.0,0.0,0.0,0.0,0.0,0.0,0.0,0.0
19.8918,0.48358837505603297,0.5010446051782833,0.4838323782726823,-0.5300969881704707,0.2975,0.0,9.9237,0.3,0.0,1.0,0.0,0.0,0.0,0.0,0.0,0.0,0.0,0.0
19.9119,0.4836959361916043,0.5012126441664572,0.4836349372085325,-0.5300201639095392,0.2975,0.0,9.8634,0.3,0.0,1.0,0.0,0.0,0.0,0.0,0.0,0.0,0.0,0.0
19.932,0.48389097354922406,0.5013471168931767,0.4832189680309418,-0.5300943529557689,0.2975,0.0,9.8676,0.3,0.0,1.0,0.0,0.0,0.0,0.0,0.0,0.0,0.0,0.0
19.9521,0.48407979306304266,0.5014751449756414,0.4825537621910321,-0.5304067302693114,0.2975,0.0,9.9365,0.3,0.0,1.0,0.0,0.0,0.0,0.0,0.0,0.0,0.0,0.0
19.9721,0.48425024691587754,0.5015841483682997,0.48174726114597954,-0.5308809818084528,0.2975,0.0,9.8786,0.3,0.0,1.0,0.0,0.0,0.0,0.0,0.0,0.0,0.0,0.0
19.9922,0.48432365253629933,0.501718999224334,0.48084458319869233,-0.5315045928491181,0.2975,0.0,9.7602,0.3,0.0,1.0,0.0,0.0,0.0,0.0,0.0,0.0,0.0,0.0
20.0123,0.48444623143199483,0.5018415988195538,0.4800521386294117,-0.5319932356176161,0.2975,0.0,9.7477,0.3,0.0,1.0,0.0,0.0,0.0,0.0,0.0,0.0,0.0,0.0
20.0323,0.4845690196245749,0.501903413827482,0.4793199002539126,-0.5324831092428914,0.2975,0.0,9.8165,0.3,0.0,1.0,0.0,0.0,0.0,0.0,0.0,0.0,0.0,0.0
20.0524,0.48468094909637827,0.5017709825618754,0.47888293774278257,-0.5328990435164682,0.2975,0.0,9.9767,0.3,0.0,1.0,0.0,0.0,0.0,0.0,0.0,0.0,0.0,0.0
20.0725,0.48491864513794725,0.5013984631545298,0.47863271455225315,-0.533258111334647,0.2975,0.0,9.9458,0.3,0.0,1.0,0.0,0.0,0.0,0.0,0.0,0.0,0.0,0.0
20.0926,0.48511180360207484,0.5009819607491885,0.47852073833700703,-0.5335742834800477,0.2975,0.0,9.8674,0.3,0.0,1.0,0.0,0.0,0.0,0.0,0.0,0.0,0.0,0.0
20.1126,0.4851699402950199,0.5007950027828791,0.4784569134482361,-0.5337541345932696,0.2975,0.0,9.9871,0.3,0.0,1.0,0.0,0.0,0.0,0.0,0.0,0.0,0.0,0.0
20.1327,0.485165094944662,0.5006070024821241,0.47839113550554985,-0.5339938025697587,0.2975,0.0,9.9871,0.3,0.0,1.0,0.0,0.0,0.0,0.0,0.0,0.0,0.0,0.0
20.1528,0.4850983013488546,0.5002350299211439,0.47844642062857523,-0.5343534181194622,0.2975,0.0,9.9091,0.3,0.0,1.0,0.0,0.0,0.0,0.0,0.0,0.0,0.0,0.0
20.1729,0.4850619859456141,0.4998334727621277,0.4785317707325728,-0.5346856213669829,0.2975,0.0,9.8727,0.3,0.0,1.0,0.0,0.0,0.0,0.0,0.0,0.0,0.0,0.0
20.1929,0.4850436724949043,0.49957060278673937,0.47857470353655907,-0.5349094332116836,0.2975,0.0,9.951,0.3,0.0,1.0,0.0,0.0,0.0,0.0,0.0,0.0,0.0,0.0
20.213,0.4849790940623986,0.49944491790170625,0.4785711720962516,-0.5350884838444884,0.2975,0.0,10.0559,0.3,0.0,1.0,0.0,0.0,0.0,0.0,0.0,0.0,0.0,0.0
20.2331,0.48492819356198,0.49921131707957406,0.47858113867391955,-0.5353436295445818,0.2975,0.0,9.942,0.3,0.0,1.0,0.0,0.0,0.0,0.0,0.0,0.0,0.0,0.0
20.2531,0.4848041799918604,0.4989642436646273,0.47876215282301465,-0.5355244080626753,0.2975,0.0,9.8245,0.3,0.0,1.0,0.0,0.0,0.0,0.0,0.0,0.0,0.0,0.0
20.2732,0.4846217889783128,0.4987818704689948,0.479067757015089,-0.5355860822757088,0.2975,0.0,9.9007,0.3,0.0,1.0,0.0,0.0,0.0,0.0,0.0,0.0,0.0,0.0
20.2933,0.4843795585358822,0.4986616929462243,0.4794355120070537,-0.5355880404631193,0.2975,0.0,9.9834,0.3,0.0,1.0,0.0,0.0,0.0,0.0,0.0,0.0,0.0,0.0
20.3134,0.4841211467675626,0.49834185733594494,0.47990923249191214,-0.5356950970920349,0.2975,0.0,9.911,0.3,0.0,1.0,0.0,0.0,0.0,0.0,0.0,0.0,0.0,0.0
20.3334,0.4838919777154371,0.4979301221234689,0.48041294192718087,-0.5358335120292698,0.2975,0.0,9.9847,0.3,0.0,1.0,0.0,0.0,0.0,0.0,0.0,0.0,0.0,0.0
20.3535,0.4837688057211213,0.497501913756982,0.4807777821912838,-0.5360152167341251,0.2975,0.0,10.0302,0.3,0.0,1.0,0.0,0.0,0.0,0.0,0.0,0.0,0.0,0.0
20.3736,0.4836468508359808,0.49713495822940057,0.48114383090673063,-0.536137268769003,0.2975,0.0,10.0684,0.3,0.0,1.0,0.0,0.0,0.0,0.0,0.0,0.0,0.0,0.0
20.3937,0.48364638622454476,0.49676847809817565,0.4813873704081654,-0.536258754587254,0.2975,0.0,10.0296,0.3,0.0,1.0,0.0,0.0,0.0,0.0,0.0,0.0,0.0,0.0
20.4137,0.4837063204944926,0.4964623816894129,0.4815083099499305,-0.5363795731849943,0.2975,0.0,10.0151,0.3,0.0,1.0,0.0,0.0,0.0,0.0,0.0,0.0,0.0,0.0
20.4338,0.4838274455844625,0.49633948296805247,0.48144643847046587,-0.53643960277959,0.2975,0.0,10.0553,0.3,0.0,1.0,0.0,0.0,0.0,0.0,0.0,0.0,0.0,0.0
20.4539,0.48387490280590306,0.4964475884804068,0.4813719653810019,-0.5363635905538315,0.2975,0.0,10.0553,0.3,0.0,1.0,0.0,0.0,0.0,0.0,0.0,0.0,0.0,0.0
20.474,0.48400071621229124,0.49657350102608017,0.4813147621830353,-0.5361848230688547,0.2975,0.0,10.0183,0.3,0.0,1.0,0.0,0.0,0.0,0.0,0.0,0.0,0.0,0.0
20.494,0.48419018645597983,0.49676313936373334,0.4812601974303124,-0.5358869928245584,0.2975,0.0,9.9438,0.3,0.0,1.0,0.0,0.0,0.0,0.0,0.0,0.0,0.0,0.0
20.5141,0.48436743019348627,0.4971232308428758,0.48119347979671906,-0.5354526318221094,0.2975,0.0,9.9484,0.3,0.0,1.0,0.0,0.0,0.0,0.0,0.0,0.0,0.0,0.0
20.5342,0.48443814044596617,0.49768319896805535,0.4811421258828251,-0.5349143634705776,0.2975,0.0,9.9414,0.3,0.0,1.0,0.0,0.0,0.0,0.0,0.0,0.0,0.0,0.0
20.5543,0.48442950745911034,0.498345320953155,0.48095055408559934,-0.534477836689021,0.2975,0.0,9.8956,0.3,0.0,1.0,0.0,0.0,0.0,0.0,0.0,0.0,0.0,0.0
20.5743,0.48431139674557866,0.4990203176826786,0.480771415773566,-0.5341161290368474,0.2975,0.0,9.8225,0.3,0.0,1.0,0.0,0.0,0.0,0.0,0.0,0.0,0.0,0.0
20.5944,0.48406000508190256,0.49986767868351933,0.48076407313662617,-0.5335579830428361,0.2975,0.0,9.8272,0.3,0.0,1.0,0.0,0.0,0.0,0.0,0.0,0.0,0.0,0.0
20.6145,0.4839908086659799,0.5002251984783431,0.4808779256671572,-0.5331829597241508,0.2975,0.0,9.7915,0.3,0.0,1.0,0.0,0.0,0.0,0.0,0.0,0.0,0.0,0.0
20.6345,0.4838738085947833,0.500535354366433,0.48100488680755116,-0.5328834724895333,0.2975,0.0,9.7596,0.3,0.0,1.0,0.0,0.0,0.0,0.0,0.0,0.0,0.0,0.0
20.6546,0.48370914994281244,0.5009213331970663,0.48108412199472866,-0.5325986704585702,0.2975,0.0,9.7606,0.3,0.0,1.0,0.0,0.0,0.0,0.0,0.0,0.0,0.0,0.0
20.6747,0.48346719280608114,0.5012904948386894,0.4812091545415,-0.5323580213071315,0.2975,0.0,9.7175,0.3,0.0,1.0,0.0,0.0,0.0,0.0,0.0,0.0,0.0,0.0
20.6948,0.48327022425024296,0.5015810054110005,0.4812562483200501,-0.5322206392248614,0.2975,0.0,9.7689,0.3,0.0,1.0,0.0,0.0,0.0,0.0,0.0,0.0,0.0,0.0
20.7148,0.4831024257415415,0.501840791343082,0.4812713900164685,-0.5321143820067299,0.2975,0.0,9.7716,0.3,0.0,1.0,0.0,0.0,0.0,0.0,0.0,0.0,0.0,0.0
20.7349,0.4830260813503181,0.5019468495090101,0.4812561030383429,-0.5320974800651505,0.2975,0.0,9.7987,0.3,0.0,1.0,0.0,0.0,0.0,0.0,0.0,0.0,0.0,0.0
20.755,0.48302282111711636,0.5019434615681775,0.48113085707011005,-0.5322168862822743,0.2975,0.0,9.7905,0.3,0.0,1.0,0.0,0.0,0.0,0.0,0.0,0.0,0.0,0.0
20.7751,0.48297303448593265,0.5019551144464519,0.4810200262590392,-0.5323512424877513,0.2975,0.0,9.834,0.3,0.0,1.0,0.0,0.0,0.0,0.0,0.0,0.0,0.0,0.0
20.7951,0.48290844190977417,0.5020123802714653,0.48089444840786644,-0.5324692820031462,0.2975,0.0,9.9122,0.3,0.0,1.0,0.0,0.0,0.0,0.0,0.0,0.0,0.0,0.0
20.8152,0.4828577171568574,0.5019620620526003,0.4807826796956625,-0.532663616315802,0.2975,0.0,9.9122,0.3,0.0,1.0,0.0,0.0,0.0,0.0,0.0,0.0,0.0,0.0
20.8353,0.482899607105688,0.501820199899473,0.4806416557009862,-0.5328865312944584,0.2975,0.0,9.878,0.3,0.0,1.0,0.0,0.0,0.0,0.0,0.0,0.0,0.0,0.0
20.8554,0.4829713090911113,0.5017093210830306,0.4804693074898849,-0.5330813411604398,0.2975,0.0,9.9133,0.3,0.0,1.0,0.0,0.0,0.0,0.0,0.0,0.0,0.0,0.0
20.8754,0.483040778995972,0.5016571173375082,0.48017272687072887,-0.5333346930597284,0.2975,0.0,9.9824,0.3,0.0,1.0,0.0,0.0,0.0,0.0,0.0,0.0,0.0,0.0
20.8955,0.48303535475160186,0.5015904836197014,0.47998333355486555,-0.5335727057409393,0.2975,0.0,9.8962,0.3,0.0,1.0,0.0,0.0,0.0,0.0,0.0,0.0,0.0,0.0
20.9156,0.48303092531293523,0.5014028844374844,0.4799179322389793,-0.5338118123314272,0.2975,0.0,9.8579,0.3,0.0,1.0,0.0,0.0,0.0,0.0,0.0,0.0,0.0,0.0
20.9357,0.4828418650494683,0.5012135935705769,0.4799729074440329,-0.5341111074442672,0.2975,0.0,9.8296,0.3,0.0,1.0,0.0,0.0,0.0,0.0,0.0,0.0,0.0,0.0
20.9557,0.482656659418496,0.5012722991605427,0.4800327101983022,-0.5341696625164651,0.2975,0.0,9.9494,0.3,0.0,1.0,0.0,0.0,0.0,0.0,0.0,0.0,0.0,0.0
20.9758,0.48260986866216765,0.5012870570812749,0.4800468428058646,-0.534185388966042,0.2975,0.0,9.9873,0.6,0.0,1.0,0.0,0.0,0.0,0.0,0.0,0.0,0.0,0.0
20.9959,0.4826094732135595,0.5013476468940552,0.47998444888271846,-0.5341849512566575,0.3381,0.0,9.9546,0.6,0.0,1.0,0.0,0.0,0.0,0.0,0.0,0.0,0.0,0.0
21.016,0.4828379194280666,0.5006595104431603,0.48076296704582444,-0.5339237470673941,0.3651,0.0,10.2732,0.6,0.0,1.0,0.0,0.0,0.0,0.0,-0.0541,0.0,0.0,0.0
21.036,0.4821202152178852,0.5000033344788559,0.4818762135906596,-0.5341835624238306,0.4057,0.0,10.1966,0.6,0.0,1.0,0.0,0.0,0.0,0.0,0.0,0.0,0.0,0.0
21.0561,0.48223370832640733,0.4996895167793646,0.4822337083264073,-0.5340521397095308,0.3922,0.0,9.9929,0.6,0.0,1.0,0.0,0.0,0.0,0.0,-0.0406,0.0,0.0,0.0
21.0762,0.482172493349384,0.5002992863323575,0.4812565038104419,-0.5344178966807924,0.4327,0.0,9.7078,0.6,0.0,1.0,0.0,0.0,0.0,0.0,-0.0135,0.0,0.0,0.0
21.0962,0.48219476456923466,0.5011164224225886,0.4810347242378628,-0.5338315598368173,0.4733,0.0,10.2773,0.6,0.0,1.0,0.0,0.0,0.0,0.0,0.0135,0.0,0.0,0.0
21.1163,0.48203658896490414,0.5021767779436579,0.4802666602378106,-0.5336695097691319,0.5003,0.0,9.8728,0.6,0.0,1.0,0.0,0.0,0.0,0.0,0.0135,0.0,0.0,0.0
21.1364,0.4819316296793258,0.5026225279137208,0.48083263508459384,-0.5328343793204939,0.5409,0.0,10.8929,0.6,0.0,1.0,0.0,0.0,0.0,0.0,-0.0406,0.0,0.0,0.0
21.1565,0.4812686079449266,0.5033029104817119,0.4808416020820235,-0.5327833152554455,0.568,0.0,11.6697,0.6,0.0,1.0,0.0,0.0,0.0,0.0,0.027,0.0,0.0,0.0
21.1765,0.48103239996636704,0.5037990814993539,0.4817644218798411,-0.5316929165164673,0.5409,0.0,17.2961,0.6,0.0,1.0,0.0,0.0,0.0,0.0,-0.0676,0.0,0.0,0.0
21.1966,0.48078272955655754,0.5050751706336288,0.48108773509453334,-0.5313206471719023,0.6085,0.0,14.185,0.6,0.0,1.0,0.0,0.0,0.0,0.0,0.0406,0.0,0.0,0.0
21.2167,0.48133436330298174,0.5045899123181147,0.4809073532221622,-0.5314455463237651,0.595,0.0,13.0124,0.6,0.0,1.0,0.0,0.0,0.0,0.0,-0.0811,0.0,0.0,0.0
21.2367,0.4814488920979244,0.504337077129106,0.48059488519401716,-0.5318642996628941,0.5544,0.0,9.4426,0.6,0.0,1.0,0.0,0.0,0.0,0.0,0.0541,0.0,0.0,0.0
21.2568,0.48181780209623026,0.5036680652191965,0.4813287962075745,-0.5315004003788487,0.622,0.0,9.6203,0.6,0.0,1.0,0.0,0.0,0.0,0.0,-0.0541,0.0,0.0,0.0
21.2769,0.482004743640732,0.5032451730122589,0.4802957090929006,-0.532664767724168,0.5274,0.0,10.0658,0.6,0.0,1.0,0.0,0.0,0.0,0.0,0.0406,0.0,0.0,0.0
21.2969,0.4814457642269106,0.5037847996869629,0.4807747631617915,-0.5322278448362657,0.622,0.0,11.7121,0.6,0.0,1.0,0.0,0.0,0.0,0.0,-0.0676,0.0,0.0,0.0
21.317,0.4814457642269106,0.5037847996869629,0.4807747631617915,-0.5322278448362657,0.622,0.0,11.7121,0.6,0.0,1.0,0.0,0.0,0.0,0.0,0.0,0.0,0.0,0.0
21.3371,0.4811312419336869,0.5042628208679056,0.47978826637996663,-0.5329492986859039,0.5409,0.0,9.7353,0.6,0.0,1.0,0.0,0.0,0.0,0.0,-0.0135,0.0,0.0,0.0
21.3572,0.4813331107866359,0.5042215915774654,0.48041809156592596,-0.5322381800882959,0.6897,0.0,9.6794,0.6,0.0,1.0,0.0,0.0,0.0,0.0,-0.0135,0.0,0.0,0.0
21.3772,0.4814323020770761,0.5037707128947185,0.4796013503689826,-0.5333109337624372,0.5003,0.0,10.3423,0.6,0.0,1.0,0.0,0.0,0.0,0.0,0.0811,0.0,0.0,0.0
21.3973,0.4805277875278197,0.5038426801801226,0.48028378865125265,-0.5334445438856115,0.6897,0.0,12.0403,0.6,0.0,1.0,0.0,0.0,0.0,0.0,-0.0811,0.0,0.0,0.0
21.4174,0.4807673484972945,0.5032280377496203,0.48021835609270325,-0.5338676138455763,0.5139,0.0,9.2802,0.6,0.0,1.0,0.0,0.0,0.0,0.0,0.0811,0.0,0.0,0.0
21.4374,0.48028119430183597,0.5043279536897345,0.4795482016361676,-0.5338696580951614,0.6761,0.0,11.2012,0.6,0.0,1.0,0.0,0.0,0.0,0.0,-0.0811,0.0,0.0,0.0
21.4575,0.48078184176916006,0.5036702150888748,0.47992682782349616,-0.5336997048834271,0.622,0.0,10.5471,0.6,0.0,1.0,0.0,0.0,0.0,0.0,0.0,0.0,0.0,0.0
21.4776,0.4800342307851714,0.5041418406104968,0.4791792446228746,-0.5345983476807616,0.5003,0.0,9.3916,0.6,0.0,1.0,0.0,0.0,0.0,0.0,0.0135,0.0,0.0,0.0
21.4977,0.4804081696249484,0.5043331780725115,0.4796141693445989,-0.5336911884383866,0.6626,0.0,9.2794,0.6,0.0,1.0,0.0,0.0,0.0,0.0,-0.0947,0.0,0.0,0.0
21.5177,0.4805342309605898,0.5036664346327442,0.47943522128413746,-0.534367704948273,0.5003,0.0,10.3046,0.6,0.0,1.0,0.0,0.0,0.0,0.0,0.0676,0.0,0.0,0.0
21.5378,0.48028413558719196,0.5040870431867928,0.48040613511360264,-0.5333229296961377,0.7032,0.0,14.6891,0.6,0.0,1.0,0.0,0.0,0.0,0.0,-0.0811,0.0,0.0,0.0
21.5579,0.48040255514901636,0.5034122943581445,0.4811345468526706,-0.5331969567807383,0.4868,0.0,13.4838,0.6,0.0,1.0,0.0,0.0,0.0,0.0,0.0811,0.0,0.0,0.0
21.5779,0.4791067850856841,0.5037637961989252,0.48166968229889023,-0.5335476016984747,0.568,0.0,12.2815,0.6,0.0,1.0,0.0,0.0,0.0,0.0,-0.0676,0.0,0.0,0.0
21.598,0.47893694142255255,0.5042656210134262,0.4814999090008782,-0.533379252724457,0.4733,0.0,11.0086,0.6,0.0,1.0,0.0,0.0,0.0,0.0,0.0541,0.0,0.0,0.0
21.6181,0.47859068451898495,0.5056294576485424,0.4807267455961628,-0.5330962430164111,0.568,0.0,9.8925,0.6,0.0,1.0,0.0,0.0,0.0,0.0,-0.0811,0.0,0.0,0.0
21.6381,0.4780166783952918,0.5060930721540222,0.48131260722774466,-0.5326424988838826,0.4733,0.0,12.1354,0.6,0.0,1.0,0.0,0.0,0.0,0.0,0.0406,0.0,0.0,0.0
21.6582,0.47857242500970626,0.5060371624561185,0.4822953894194276,-0.531305920895346,0.5815,0.0,12.2049,0.6,0.0,1.0,0.0,0.0,0.0,0.0,-0.0811,0.0,0.0,0.0
21.6783,0.47839200949033633,0.5048808992744672,0.4819319947610459,-0.5328957827091922,0.4868,0.0,10.6971,0.6,0.0,1.0,0.0,0.0,0.0,0.0,0.027,0.0,0.0,0.0
21.6984,0.4787039277782245,0.5040331885176341,0.4823659654752406,-0.533025486964354,0.568,0.0,11.8173,0.6,0.0,1.0,0.0,0.0,0.0,0.0,-0.0406,0.0,0.0,0.0
21.7184,0.4790706271631001,0.5029969082011728,0.482610668744425,-0.5334532659415199,0.5815,0.0,9.6307,0.6,0.0,1.0,0.0,0.0,0.0,0.0,0.0,0.0,0.0,0.0
21.7385,0.47900737782967306,0.5032385487012957,0.48181539763106457,-0.5340007656280782,0.5815,0.0,9.6248,0.6,0.0,1.0,0.0,0.0,0.0,0.0,0.0,0.0,0.0,0.0
21.7586,0.4787465754015246,0.5040748651674725,0.4814924984027207,-0.5337370334065389,0.622,0.0,10.1712,0.6,0.0,1.0,0.0,0.0,0.0,0.0,-0.0406,0.0,0.0,0.0
21.7786,0.47862867543429144,0.5049341629550784,0.48070363501026775,-0.5337416017332596,0.5544,0.0,9.6346,0.6,0.0,1.0,0.0,0.0,0.0,0.0,0.0,0.0,0.0,0.0
21.7987,0.47820582552309676,0.5056715857619402,0.4803428068684113,-0.5337473406758619,0.6085,0.0,10.851,0.6,0.0,1.0,0.0,0.0,0.0,0.0,-0.0406,0.0,0.0,0.0
21.8188,0.4784116231291062,0.5051456079222064,0.48134073102792024,-0.5331616399417592,0.6085,0.0,10.2483,0.6,0.0,1.0,0.0,0.0,0.0,0.0,0.0,0.0,0.0,0.0
21.8388,0.4780805914819948,0.5049971743724267,0.48131554135198584,-0.5336217307954538,0.622,0.0,11.1947,0.6,0.0,1.0,0.0,0.0,0.0,0.0,0.0,0.0,0.0,0.0
21.8589,0.47840394417615956,0.5044664859160622,0.48139400632804014,-0.5337630948797718,0.622,0.0,13.5309,0.6,0.0,1.0,0.0,0.0,0.0,0.0,0.0406,0.0,0.0,0.0
21.879,0.4783317951222313,0.5043317296305718,0.4804677897418396,-0.5347886529121303,0.6085,0.0,11.431,0.6,0.0,1.0,0.0,0.0,0.0,0.0,0.0135,0.0,0.0,0.0
21.899,0.47851105164255275,0.5043897840265433,0.4807080289232681,-0.5343574741259842,0.6491,0.0,10.7123,0.6,0.0,1.0,0.0,0.0,0.0,0.0,-0.0135,0.0,0.0,0.0
21.9191,0.4785894516902694,0.5045301266011939,0.4806645056779399,-0.5341938983777074,0.5003,0.0,9.9985,0.6,0.0,1.0,0.0,0.0,0.0,0.0,0.0406,0.0,0.0,0.0
21.9392,0.47870668166047325,0.5044030940029839,0.4804157090847164,-0.5344325758769432,0.6626,0.0,11.3504,0.6,0.0,1.0,0.0,0.0,0.0,0.0,-0.0811,0.0,0.0,0.0
21.9593,0.47944114151357436,0.5028186360126009,0.4806621673416666,-0.535045317696548,0.4868,0.0,9.7717,0.6,0.0,1.0,0.0,0.0,0.0,0.0,0.0676,0.0,0.0,0.0
21.98,0.47949249524455906,0.5025635190735013,0.4815674973877283,-0.534424551981218,0.6491,0.0,12.541,0.6,0.0,1.0,0.0,0.0,0.0,0.0,-0.0811,0.0,0.0,0.0
22.0001,0.4799741626199693,0.5013369028092488,0.4815611433193275,-0.5351494915851749,0.4868,0.0,10.9811,0.6,0.0,1.0,0.0,0.0,0.0,0.0,0.0541,0.0,0.0,0.0
22.0202,0.48003754528977083,0.5013383476200197,0.48156253113802355,-0.5350900344070517,0.6356,0.0,10.4252,0.6,0.0,1.0,0.0,0.0,0.0,0.0,-0.0541,0.0,0.0,0.0
22.0403,0.48033695055428743,0.5010885163971104,0.4818019199046988,-0.5348398102640615,0.4733,0.0,12.6798,0.6,0.0,1.0,0.0,0.0,0.0,0.0,0.0811,0.0,0.0,0.0
22.0603,0.479908918248929,0.5015764630650705,0.4819238759194352,-0.5346567681261181,0.568,0.0,14.0342,0.6,0.0,1.0,0.0,0.0,0.0,0.0,-0.0676,0.0,0.0,0.0
22.0804,0.47961120980515565,0.5015840819753772,0.4825411927596339,-0.5343598912982365,0.568,0.0,9.543,0.6,0.0,1.0,0.0,0.0,0.0,0.0,0.0406,0.0,0.0,0.0
22.1005,0.47949089386421223,0.5022568413455314,0.4816878887959728,-0.534605766719914,0.6085,0.0,9.5195,0.6,0.0,1.0,0.0,0.0,0.0,0.0,0.027,0.0,0.0,0.0
22.1206,0.4789965758968083,0.5024942117003154,0.48180453237549786,-0.5347207122126838,0.6356,0.0,13.0047,0.6,0.0,1.0,0.0,0.0,0.0,0.0,0.0,0.0,0.0,0.0
22.1406,0.47925028549614557,0.5018943934836064,0.4816912971370833,-0.5351585521170151,0.595,0.0,9.0901,0.6,0.0,1.0,0.0,0.0,0.0,0.0,0.0135,0.0,0.0,0.0
22.1607,0.47907147906542086,0.5018987877868393,0.4820625195168934,-0.5349802351874284,0.6897,0.0,9.3811,0.6,0.0,1.0,0.0,0.0,0.0,0.0,-0.0135,0.0,0.0,0.0
22.1808,0.47912946155660613,0.5018956260348386,0.4818764814029431,-0.535098865917592,0.5815,0.0,10.4797,0.6,0.0,1.0,0.0,0.0,0.0,0.0,0.0811,0.0,0.0,0.0
22.2008,0.4783282229161252,0.5027419790949258,0.48186818756235106,-0.5350286566465331,0.6626,0.0,12.4043,0.6,0.0,1.0,0.0,0.0,0.0,0.0,-0.0406,0.0,0.0,0.0
22.2209,0.47861946518520776,0.5030325197755905,0.48203733282631234,-0.5343423072860141,0.568,0.0,10.8569,0.6,0.0,1.0,0.0,0.0,0.0,0.0,0.027,0.0,0.0,0.0
22.241,0.4787541909697703,0.503045896223003,0.48180615393835546,-0.5344175155711183,0.6356,0.0,10.7327,0.6,0.0,1.0,0.0,0.0,0.0,0.0,-0.0541,0.0,0.0,0.0
22.261,0.47905338271404707,0.5024288158480134,0.48222730574481415,-0.5343500417421986,0.5544,0.0,8.7286,0.6,0.0,1.0,0.0,0.0,0.0,0.0,-0.0135,0.0,0.0,0.0
22.2811,0.4791840714596831,0.5024989289705974,0.4824190516890552,-0.5339937364896302,0.6085,0.0,11.4647,0.6,0.0,1.0,0.0,0.0,0.0,0.0,-0.0406,0.0,0.0,0.0
22.3012,0.47980628735208997,0.5024507256682961,0.4823093358022519,-0.5335793282079031,0.6085,0.0,10.8652,0.6,0.0,1.0,0.0,0.0,0.0,0.0,0.027,0.0,0.0,0.0
22.3213,0.4798613311988467,0.5022614867007954,0.48212034688094063,-0.5338787061876311,0.6085,0.0,10.5951,0.6,0.0,1.0,0.0,0.0,0.0,0.0,0.0135,0.0,0.0,0.0
22.3413,0.47973884622993546,0.5021389791270926,0.48230286144191375,-0.5339391677935923,0.6356,0.0,12.3873,0.6,0.0,1.0,0.0,0.0,0.0,0.0,0.0,0.0,0.0,0.0
22.3614,0.48011553536284296,0.5027601265917173,0.48133556721672166,-0.5338889393355964,0.5274,0.0,11.1684,0.6,0.0,1.0,0.0,0.0,0.0,0.0,0.0541,0.0,0.0,0.0
22.3815,0.4797965289611884,0.5031125060707973,0.4815055272833845,-0.5336904760509666,0.6626,0.0,11.767,0.6,0.0,1.0,0.0,0.0,0.0,0.0,-0.0676,0.0,0.0,0.0
22.4015,0.4797473260186414,0.5036128894440146,0.4805413447640739,-0.5341316099391139,0.5409,0.0,11.2731,0.6,0.0,1.0,0.0,0.0,0.0,0.0,0.0541,0.0,0.0,0.0
22.4216,0.4800273805800013,0.5039516519570402,0.48082035642961435,-0.5333087578749967,0.6761,0.0,10.5297,0.6,0.0,1.0,0.0,0.0,0.0,0.0,-0.0676,0.0,0.0,0.0
22.4417,0.48052766048998674,0.5032935496513605,0.48058866019300195,-0.5336884016701591,0.4733,0.0,9.7709,0.6,0.0,1.0,0.0,0.0,0.0,0.0,0.0947,0.0,0.0,0.0
22.4617,0.4799920178761986,0.5038576154148782,0.4807860377565972,-0.5334603565982009,0.6897,0.0,12.481,0.6,0.0,1.0,0.0,0.0,0.0,0.0,0.0,0.0,0.0,0.0
22.4818,0.48010467735856444,0.5030537575365713,0.48132468162093617,-0.5336318643683767,0.5139,0.0,8.7038,0.6,0.0,1.0,0.0,0.0,0.0,0.0,-0.027,0.0,0.0,0.0
22.5019,0.47956890710359906,0.5036177047923367,0.4809119516518349,-0.533953711025199,0.568,0.0,9.8781,0.6,0.0,1.0,0.0,0.0,0.0,0.0,0.0811,0.0,0.0,0.0
22.522,0.47948876031804427,0.5037805961894372,0.48131974794691484,-0.5335043953595873,0.5003,0.0,10.4841,0.6,0.0,1.0,0.0,0.0,0.0,0.0,-0.0541,0.0,0.0,0.0
22.542,0.47894055939816627,0.5046364284562697,0.48083254975689654,-0.533627280723684,0.5815,0.0,11.1888,0.6,0.0,1.0,0.0,0.0,0.0,0.0,0.0,0.0,0.0,0.0
22.5621,0.4789363619834743,0.5039600151578069,0.48229331545638965,-0.5329516133367653,0.5274,0.0,9.9872,0.6,0.0,1.0,0.0,0.0,0.0,0.0,-0.0811,0.0,0.0,0.0
22.5822,0.47906848315911565,0.503360659780036,0.48230350667997346,-0.5333898781132165,0.5274,0.0,9.0837,0.6,0.0,1.0,0.0,0.0,0.0,0.0,0.0406,0.0,0.0,0.0
22.6022,0.4792662900118649,0.5026441821712632,0.48317243908037716,-0.5331013444934878,0.5003,0.0,8.5835,0.6,0.0,1.0,0.0,0.0,0.0,0.0,-0.0541,0.0,0.0,0.0
22.6223,0.4783898802135498,0.5028646694421492,0.48174585131267883,-0.5349683929720762,0.5409,0.0,12.6489,0.6,0.0,1.0,0.0,0.0,0.0,0.0,0.0541,0.0,0.0,0.0
22.6424,0.47820489208937644,0.5026806306535627,0.4832708379778454,-0.5339302968625358,0.5139,0.0,9.3989,0.6,0.0,1.0,0.0,0.0,0.0,0.0,-0.0135,0.0,0.0,0.0
22.6625,0.477834785416527,0.5038352840219612,0.4821687018411243,-0.5341696990519927,0.5409,0.0,10.1158,0.6,0.0,1.0,0.0,0.0,0.0,0.0,0.0406,0.0,0.0,0.0
22.6825,0.47807497805891236,0.5034652864705307,0.4825918550269437,-0.533921456896771,0.5274,0.0,11.131,0.6,0.0,1.0,0.0,0.0,0.0,0.0,-0.0135,0.0,0.0,0.0
22.7026,0.47797628580664075,0.5035508361579608,0.4817603672381493,-0.534679506031109,0.568,0.0,10.5931,0.6,0.0,1.0,0.0,0.0,0.0,0.0,0.027,0.0,0.0,0.0
22.7227,0.4782732588308688,0.5026273738526179,0.4829122807404482,-0.5342435231721392,0.4868,0.0,10.9991,0.6,0.0,1.0,0.0,0.0,0.0,0.0,-0.0135,0.0,0.0,0.0
22.7427,0.478254484225924,0.5029736305886865,0.4819173577342897,-0.5348325303911793,0.568,0.0,11.7785,0.6,0.0,1.0,0.0,0.0,0.0,0.0,-0.0135,0.0,0.0,0.0
22.7628,0.47875897316148885,0.5019519234174298,0.4826649647839485,-0.5346668532507036,0.5003,0.0,10.9782,0.6,0.0,1.0,0.0,0.0,0.0,0.0,0.0,0.0,0.0,0.0
22.7829,0.4786491683998885,0.5018427095786053,0.4821282495778628,-0.5353514914445321,0.6085,0.0,10.0266,0.6,0.0,1.0,0.0,0.0,0.0,0.0,-0.0541,0.0,0.0,0.0
22.803,0.4796239420306122,0.5011093873981946,0.4821269939158839,-0.535167093373701,0.5139,0.0,9.5024,0.6,0.0,1.0,0.0,0.0,0.0,0.0,0.0676,0.0,0.0,0.0
22.823,0.479248441609431,0.5014044620253711,0.4819344440844814,-0.5354004933514367,0.622,0.0,10.5098,0.6,0.0,1.0,0.0,0.0,0.0,0.0,-0.0676,0.0,0.0,0.0
22.8431,0.4798524100163819,0.5010931625747593,0.4812563936608415,-0.5357607587187186,0.5409,0.0,12.4135,0.6,0.0,1.0,0.0,0.0,0.0,0.0,0.0811,0.0,0.0,0.0
22.8632,0.47883712101473247,0.5019698998262564,0.480851188822376,-0.5362120526572005,0.568,0.0,11.2595,0.6,0.0,1.0,0.0,0.0,0.0,0.0,-0.0406,0.0,0.0,0.0
22.8833,0.4793766169556547,0.5026929387966919,0.4806586346516665,-0.5352243878364408,0.6356,0.0,9.4109,0.6,0.0,1.0,0.0,0.0,0.0,0.0,-0.0135,0.0,0.0,0.0
22.9033,0.4801589666574995,0.5028637286512317,0.47930397562007865,-0.5355773857251347,0.622,0.0,12.998,0.6,0.0,1.0,0.0,0.0,0.0,0.0,-0.0135,0.0,0.0,0.0
22.9234,0.4802882217281582,0.5023823239315577,0.47973821918394405,-0.5355244772412828,0.6761,0.0,12.6143,0.6,0.0,1.0,0.0,0.0,0.0,0.0,-0.0135,0.0,0.0,0.0
22.9435,0.48040966610660785,0.5017717401923212,0.47882266060272133,-0.5368058616940008,0.5139,0.0,10.5696,0.6,0.0,1.0,0.0,0.0,0.0,0.0,0.0406,0.0,0.0,0.0
22.9636,0.4803510731169662,0.5017132542566936,0.4790080617289571,-0.5367475513285599,0.6761,0.0,10.7511,0.6,0.0,1.0,0.0,0.0,0.0,0.0,-0.0811,0.0,0.0,0.0
22.9836,0.4810321388763853,0.501052727337327,0.47914008326359314,-0.536636773251697,0.568,0.0,9.3928,0.6,0.0,1.0,0.0,0.0,0.0,0.0,0.0541,0.0,0.0,0.0
23.0037,0.480830976635988,0.5011558065675163,0.4785729955296958,-0.5372265047451381,0.6626,0.0,10.2205,0.6,0.0,1.0,0.0,0.0,0.0,0.0,-0.0811,0.0,0.0,0.0
23.0238,0.4811994655701921,0.5005474038742521,0.47924647179782137,-0.5368632880715983,0.622,0.0,10.5759,0.6,0.0,1.0,0.0,0.0,0.0,0.0,0.0406,0.0,0.0,0.0
23.0439,0.48157021435538316,0.500064337798826,0.4788241960264283,-0.5373575867215208,0.622,0.0,11.5079,0.6,0.0,1.0,0.0,0.0,0.0,0.0,-0.0135,0.0,0.0,0.0
23.0639,0.4816292741314609,0.5000623228953723,0.47924926783524713,-0.5369274204205502,0.6085,0.0,8.1,0.6,0.0,1.0,0.0,0.0,0.0,0.0,0.0541,0.0,0.0,0.0
23.084,0.4813764324424003,0.5001141378732114,0.4791184679391037,-0.5372225545042276,0.6085,0.0,11.3875,0.6,0.0,1.0,0.0,0.0,0.0,0.0,0.0135,0.0,0.0,0.0
23.1041,0.4812697345815047,0.5001300376891823,0.4798047110368204,-0.5366906252616478,0.6085,0.0,12.4465,0.6,0.0,1.0,0.0,0.0,0.0,0.0,0.027,0.0,0.0,0.0
23.1241,0.4811346272628848,0.49993341734044,0.47899865111491635,-0.537713995452048,0.6085,0.0,10.8698,0.6,0.0,1.0,0.0,0.0,0.0,0.0,0.0406,0.0,0.0,0.0
23.1442,0.48121435627754167,0.5000138780650306,0.47846828005920866,-0.5380399334918763,0.6356,0.0,11.179,0.6,0.0,1.0,0.0,0.0,0.0,0.0,0.027,0.0,0.0,0.0
23.1643,0.48058750144842155,0.49999636015699567,0.4784515169978309,-0.5386310789063268,0.5409,0.0,11.0884,0.6,0.0,1.0,0.0,0.0,0.0,0.0,0.0,0.0,0.0,0.0
23.1844,0.4805878834145021,0.5004847543844085,0.4781458992506326,-0.5384485081915922,0.6761,0.0,10.8878,0.6,0.0,1.0,0.0,0.0,0.0,0.0,0.0,0.0,0.0,0.0
23.2044,0.48070832018835785,0.5001171312388927,0.47820534455543057,-0.5386297563091826,0.4868,0.0,12.5401,0.6,0.0,1.0,0.0,0.0,0.0,0.0,0.027,0.0,0.0,0.0
23.2245,0.4800986095953458,0.5003004248538322,0.478144627464117,-0.5390570704321496,0.6761,0.0,12.0778,0.6,0.0,1.0,0.0,0.0,0.0,0.0,-0.0811,0.0,0.0,0.0
23.2446,0.4805230727231202,0.49944379995970095,0.47820310616802986,-0.5394212236404804,0.4598,0.0,12.0936,0.6,0.0,1.0,0.0,0.0,0.0,0.0,0.0947,0.0,0.0,0.0
23.2646,0.47973052543403183,0.499689297669465,0.47832754144453765,-0.5397888400634165,0.5409,0.0,12.561,0.6,0.0,1.0,0.0,0.0,0.0,0.0,-0.1217,0.0,0.0,0.0
23.2847,0.4796764071495931,0.49884146337103863,0.4791884057180217,-0.5398575836934398,0.5003,0.0,9.3196,0.6,0.0,1.0,0.0,0.0,0.0,0.0,-0.0406,0.0,0.0,0.0
23.3049,0.480095569495948,0.499260272881242,0.4776536072905274,-0.5404576352640934,0.5274,0.0,10.3198,0.6,0.0,1.0,0.0,0.0,0.0,0.0,-0.0541,0.0,0.0,0.0
23.3249,0.48011715492059565,0.49928271996404106,0.4784081045339928,-0.5397499130268146,0.5139,0.0,11.5023,0.6,0.0,1.0,0.0,0.0,0.0,0.0,-0.027,0.0,0.0,0.0
23.3451,0.4800442360087751,0.4990863247053454,0.4787012297531562,-0.5397365140507709,0.5544,0.0,10.6279,0.6,0.0,1.0,0.0,0.0,0.0,0.0,-0.027,0.0,0.0,0.0
23.3651,0.4802796468344118,0.4988334014043257,0.4783266726684616,-0.5400928556219957,0.5274,0.0,10.1501,0.6,0.0,1.0,0.0,0.0,0.0,0.0,0.0135,0.0,0.0,0.0
23.3852,0.4803582001477164,0.4991576384799572,0.4776111360965081,-0.5403565990848651,0.5409,0.0,9.2186,0.6,0.0,1.0,0.0,0.0,0.0,0.0,-0.027,0.0,0.0,0.0
23.4053,0.4802281690267793,0.49957629670511766,0.4771761488864915,-0.5404695665598985,0.5544,0.0,9.9848,0.6,0.0,1.0,0.0,0.0,0.0,0.0,-0.027,0.0,0.0,0.0
23.4253,0.48016358966245515,0.500426572346143,0.47656159274064475,-0.540282538286086,0.568,0.0,9.4801,0.6,0.0,1.0,0.0,0.0,0.0,0.0,0.0,0.0,0.0,0.0
23.4454,0.48017429293439245,0.5011707430107215,0.4759622026447422,-0.540111577739825,0.568,0.0,9.3671,0.6,0.0,1.0,0.0,0.0,0.0,0.0,0.027,0.0,0.0,0.0
23.4655,0.4799187155436231,0.5017087026283091,0.4760127178587777,-0.5397946800540717,0.568,0.0,10.6108,0.6,0.0,1.0,0.0,0.0,0.0,0.0,0.027,0.0,0.0,0.0
23.4855,0.47980338327206296,0.5017156747917211,0.4758363304946587,-0.5400461847382573,0.568,0.0,10.7177,0.6,0.0,1.0,0.0,0.0,0.0,0.0,0.027,0.0,0.0,0.0
23.5056,0.4799010423346009,0.5016902269938266,0.47593419077227217,-0.5398967973224039,0.6356,0.0,10.4231,0.6,0.0,1.0,0.0,0.0,0.0,0.0,0.0,0.0,0.0,0.0
23.5257,0.4799784824678704,0.5016464139610863,0.47595049520302485,-0.5398542931604955,0.5409,0.0,10.0044,0.6,0.0,1.0,0.0,0.0,0.0,0.0,0.027,0.0,0.0,0.0
23.5458,0.4794284836909689,0.5023163635625643,0.4755225041917357,-0.5400971652677702,0.6761,0.0,10.1465,0.6,0.0,1.0,0.0,0.0,0.0,0.0,-0.0135,0.0,0.0,0.0
23.5658,0.4791929248376101,0.5026312146333347,0.4763848901185047,-0.5392526674283359,0.5274,0.0,11.5255,0.6,0.0,1.0,0.0,0.0,0.0,0.0,0.0541,0.0,0.0,0.0
23.5859,0.478825383131596,0.5032396066175642,0.47632236021911234,-0.5390669345782337,0.7302,0.0,11.7609,0.6,0.0,1.0,0.0,0.0,0.0,0.0,-0.0811,0.0,0.0,0.0
23.606,0.4795419811622779,0.501941466470544,0.47636805409225846,-0.5395996011680441,0.5274,0.0,10.9745,0.6,0.0,1.0,0.0,0.0,0.0,0.0,0.0811,0.0,0.0,0.0
23.626,0.4792485482815002,0.5016485739081186,0.47619654478987355,-0.540283618108315,0.6761,0.0,11.7611,0.6,0.0,1.0,0.0,0.0,0.0,0.0,-0.0676,0.0,0.0,0.0
23.6461,0.4796153416639245,0.5006724005684127,0.47699133432359236,-0.5401625110370571,0.5139,0.0,10.4915,0.6,0.0,1.0,0.0,0.0,0.0,0.0,0.0811,0.0,0.0,0.0
23.6662,0.47887810533157327,0.5011559241482688,0.476192127176369,-0.5410725995098828,0.622,0.0,9.6203,0.6,0.0,1.0,0.0,0.0,0.0,0.0,-0.0811,0.0,0.0,0.0
23.6862,0.47931386887224164,0.5012870920763327,0.4765058403482765,-0.5402884882526748,0.6626,0.0,9.2273,0.6,0.0,1.0,0.0,0.0,0.0,0.0,-0.0406,0.0,0.0,0.0
23.7063,0.4796795984873016,0.5011648044569678,0.47571256045697047,-0.5407761841946663,0.6085,0.0,9.3768,0.6,0.0,1.0,0.0,0.0,0.0,0.0,-0.0135,0.0,0.0,0.0
23.7264,0.4791932377682187,0.5019595341223169,0.4762631996272406,-0.5399850291089016,0.6626,0.0,14.117,0.6,0.0,1.0,0.0,0.0,0.0,0.0,-0.0135,0.0,0.0,0.0
23.7464,0.4788860122128908,0.5016522029530702,0.47772600249407293,-0.5392505179600664,0.6085,0.0,15.4388,0.6,0.0,1.0,0.0,0.0,0.0,0.0,0.027,0.0,0.0,0.0
23.7665,0.4785699340106382,0.5015185951782457,0.4777149466343558,-0.539665031953736,0.6085,0.0,12.556,0.6,0.0,1.0,0.0,0.0,0.0,0.0,-0.027,0.0,0.0,0.0
23.7866,0.4789913014215733,0.5010247172918435,0.4774043434935477,-0.5400246833604836,0.595,0.0,9.3839,0.6,0.0,1.0,0.0,0.0,0.0,0.0,0.027,0.0,0.0,0.0
23.8067,0.4794326838302319,0.501222760359828,0.47631967289693083,-0.5404068979796395,0.568,0.0,10.8181,0.6,0.0,1.0,0.0,0.0,0.0,0.0,0.027,0.0,0.0,0.0
23.8267,0.47929813762571416,0.50108764380829,0.4766131984747176,-0.540392753033271,0.6085,0.0,10.2176,0.6,0.0,1.0,0.0,0.0,0.0,0.0,0.0135,0.0,0.0,0.0
23.8468,0.4795431657768136,0.5011497226807211,0.476369230866229,-0.5403329191319972,0.622,0.0,10.2252,0.6,0.0,1.0,0.0,0.0,0.0,0.0,-0.027,0.0,0.0,0.0
23.8669,0.47949847746569224,0.5012887718271778,0.4763854354121217,-0.540229297868309,0.595,0.0,10.1324,0.6,0.0,1.0,0.0,0.0,0.0,0.0,-0.027,0.0,0.0,0.0
23.8869,0.4794928592450209,0.50128289829249,0.47619685333862105,-0.5404059684005272,0.5815,0.0,10.0117,0.6,0.0,1.0,0.0,0.0,0.0,0.0,0.0135,0.0,0.0,0.0
23.907,0.47949847746569224,0.5012887718271778,0.4763854354121217,-0.540229297868309,0.5815,0.0,9.4985,0.6,0.0,1.0,0.0,0.0,0.0,0.0,-0.0135,0.0,0.0,0.0
23.9271,0.4794390118550469,0.5011683749721552,0.4765699639106877,-0.5402310277440491,0.622,0.0,10.0785,0.6,0.0,1.0,0.0,0.0,0.0,0.0,-0.0135,0.0,0.0,0.0
23.9472,0.47936692097455635,0.5012177806241277,0.47674293782868316,-0.5400965309017208,0.595,0.0,10.1741,0.6,0.0,1.0,0.0,0.0,0.0,0.0,-0.0135,0.0,0.0,0.0
23.9672,0.47924733407167497,0.5013423033700625,0.47686733737875076,-0.5399772496856635,0.595,0.0,9.6759,0.6,0.0,1.0,0.0,0.0,0.0,0.0,-0.0135,0.0,0.0,0.0
23.9873,0.47985464912670306,0.5008505025105463,0.4775356653204004,-0.5393032339912535,0.595,0.0,11.5224,0.6,0.0,1.0,0.0,0.0,0.0,0.0,-0.0406,0.0,0.0,0.0
24.0074,0.479434395664144,0.5006745461006122,0.47723738010346045,-0.5401038253642426,0.568,0.0,11.1972,0.6,0.0,1.0,0.0,0.0,0.0,0.0,0.0,0.0,0.0,0.0
24.0275,0.47931836426689617,0.5003147744660531,0.4777923344534121,-0.5400495507497884,0.6085,0.0,9.4575,0.6,0.0,1.0,0.0,0.0,0.0,0.0,0.0,0.0,0.0,0.0
24.0475,0.47968403923681335,0.5003144279989029,0.4774259966859263,-0.5400491767663718,0.622,0.0,9.3825,0.6,0.0,1.0,0.0,0.0,0.0,0.0,0.0135,0.0,0.0,0.0
24.0676,0.4796247470917793,0.5004992148320742,0.4774276978618556,-0.5399290983489894,0.622,0.0,10.8334,0.6,0.0,1.0,0.0,0.0,0.0,0.0,0.0,0.0,0.0,0.0
24.0877,0.47937833122940054,0.5006187003707995,0.47803530788868026,-0.5394993760872591,0.622,0.0,11.8734,0.6,0.0,1.0,0.0,0.0,0.0,0.0,-0.0406,0.0,0.0,0.0
24.1077,0.47938669080598795,0.5008104367165304,0.4776776313016648,-0.5396307883246778,0.622,0.0,9.7368,0.6,0.0,1.0,0.0,0.0,0.0,0.0,0.0135,0.0,0.0,0.0
24.1278,0.4793165057087627,0.5008618430913182,0.4779124837229143,-0.5394374471540744,0.5815,0.0,9.4206,0.6,0.0,1.0,0.0,0.0,0.0,0.0,0.0135,0.0,0.0,0.0
24.1479,0.4794903002039051,0.5008522244757506,0.47741530755976697,-0.5397320866463977,0.6085,0.0,9.7013,0.6,0.0,1.0,0.0,0.0,0.0,0.0,0.027,0.0,0.0,0.0
24.1679,0.4798561908164899,0.5012801100427037,0.4768052023195156,-0.5395489657590953,0.6085,0.0,9.3939,0.6,0.0,1.0,0.0,0.0,0.0,0.0,0.0406,0.0,0.0,0.0
24.188,0.47987042769698296,0.5015999904497718,0.4765743423348775,-0.5394429705082667,0.6491,0.0,9.5081,0.6,0.0,1.0,0.0,0.0,0.0,0.0,0.0135,0.0,0.0,0.0
24.2081,0.4799797486949089,0.5017697372862295,0.47643975054836113,-0.5393067176328289,0.568,0.0,10.771,0.6,0.0,1.0,0.0,0.0,0.0,0.0,0.0406,0.0,0.0,0.0
24.2282,0.48003930282874796,0.5020111793765358,0.4756443275225615,-0.5397309674423725,0.6626,0.0,10.6688,0.6,0.0,1.0,0.0,0.0,0.0,0.0,0.0135,0.0,0.0,0.0
24.2482,0.479988934195178,0.502084345464486,0.4755338512712239,-0.5398050475725783,0.595,0.0,10.1524,0.6,0.0,1.0,0.0,0.0,0.0,0.0,-0.0135,0.0,0.0,0.0
24.2683,0.4795618236449114,0.502634248163443,0.475106741674122,-0.5400489365708783,0.5815,0.0,10.7774,0.6,0.0,1.0,0.0,0.0,0.0,0.0,0.027,0.0,0.0,0.0
24.2884,0.4795015116102738,0.5028789753362867,0.47504642323711277,-0.5399277102518586,0.595,0.0,10.2115,0.6,0.0,1.0,0.0,0.0,0.0,0.0,0.0135,0.0,0.0,0.0
24.3084,0.47973507001983623,0.5024400260056292,0.4752190787742146,-0.5399769532392215,0.595,0.0,9.9996,0.6,0.0,1.0,0.0,0.0,0.0,0.0,-0.0406,0.0,0.0,0.0
24.3285,0.4796773507742241,0.5021994611492426,0.4755273304360513,-0.5399806463050274,0.568,0.0,10.3095,0.6,0.0,1.0,0.0,0.0,0.0,0.0,-0.027,0.0,0.0,0.0
24.3486,0.47931730951954166,0.5017786989136871,0.4763262576662009,-0.53998736130501,0.5815,0.0,9.0253,0.6,0.0,1.0,0.0,0.0,0.0,0.0,-0.0406,0.0,0.0,0.0
24.3686,0.47930383886655603,0.5013986009506323,0.47661886777826706,-0.5400941842774222,0.568,0.0,10.187,0.6,0.0,1.0,0.0,0.0,0.0,0.0,-0.027,0.0,0.0,0.0
24.3887,0.47907279793067725,0.5007401506130146,0.47718076713384433,-0.5404137963861432,0.5815,0.0,9.2576,0.6,0.0,1.0,0.0,0.0,0.0,0.0,-0.027,0.0,0.0,0.0
24.4088,0.47881905208234976,0.500363964433968,0.4778420560569364,-0.5404028015491432,0.595,0.0,10.2412,0.6,0.0,1.0,0.0,0.0,0.0,0.0,-0.027,0.0,0.0,0.0
24.4289,0.4785834376100595,0.5002507290651381,0.47846143596896856,-0.5401682660112945,0.622,0.0,10.6235,0.6,0.0,1.0,0.0,0.0,0.0,0.0,-0.027,0.0,0.0,0.0
24.449,0.4785694691364664,0.5002361281856473,0.4785084700963595,-0.5401525000537486,0.5815,0.0,9.8466,0.6,0.0,1.0,0.0,0.0,0.0,0.0,-0.027,0.0,0.0,0.0
24.4691,0.4783821157246365,0.5004755668649521,0.4783821157246367,-0.5402085797919594,0.5815,0.0,9.9963,0.6,0.0,1.0,0.0,0.0,0.0,0.0,-0.027,0.0,0.0,0.0
24.4892,0.47856927584343345,0.5007849172807314,0.4781412827512854,-0.5399692848410715,0.5815,0.0,9.9317,0.6,0.0,1.0,0.0,0.0,0.0,0.0,-0.0135,0.0,0.0,0.0
24.5093,0.4786973502399215,0.5010362732521058,0.4780863523456361,-0.5396711401027142,0.595,0.0,9.8662,0.6,0.0,1.0,0.0,0.0,0.0,0.0,0.0,0.0,0.0,0.0
24.5294,0.47883094416575556,0.5011094068357819,0.4783429340309602,-0.5392571990735725,0.595,0.0,9.9647,0.6,0.0,1.0,0.0,0.0,0.0,0.0,0.0,0.0,0.0,0.0
24.5495,0.47900772054094226,0.501224893105802,0.4783977158029235,-0.5389441860784782,0.6085,0.0,9.9905,0.6,0.0,1.0,0.0,0.0,0.0,0.0,0.0,0.0,0.0,0.0
24.5696,0.4790582538423395,0.5012139418431971,0.4785092615733167,-0.5388104124050426,0.6356,0.0,10.0251,0.6,0.0,1.0,0.0,0.0,0.0,0.0,0.0,0.0,0.0,0.0
24.5896,0.4792611279604343,0.5011737281921912,0.47852910790888054,-0.5386497547386082,0.6085,0.0,9.9389,0.6,0.0,1.0,0.0,0.0,0.0,0.0,0.0135,0.0,0.0,0.0
24.6097,0.4793841754910749,0.5012358216488558,0.4784081466296959,-0.5385899262175986,0.622,0.0,9.8725,0.6,0.0,1.0,0.0,0.0,0.0,0.0,0.0135,0.0,0.0,0.0
24.6298,0.4796193314891527,0.5012265716770666,0.4783993179273786,-0.5383969848665311,0.595,0.0,9.9425,0.6,0.0,1.0,0.0,0.0,0.0,0.0,0.0135,0.0,0.0,0.0
24.6499,0.4796802946837117,0.5012265325098548,0.4783382798706288,-0.5383969427947217,0.595,0.0,9.7894,0.6,0.0,1.0,0.0,0.0,0.0,0.0,0.0135,0.0,0.0,0.0
24.67,0.47961231990971515,0.5012192442202842,0.4786973231149649,-0.538145114868318,0.6085,0.0,9.8224,0.6,0.0,1.0,0.0,0.0,0.0,0.0,0.0135,0.0,0.0,0.0
24.6901,0.47985687751002803,0.5008528283959162,0.47869788022117576,-0.5382677408742697,0.622,0.0,9.8019,0.6,0.0,1.0,0.0,0.0,0.0,0.0,0.0135,0.0,0.0,0.0
24.7102,0.48004137225870863,0.5006093453623478,0.47869837401492293,-0.5383292960366605,0.622,0.0,9.8815,0.6,0.0,1.0,0.0,0.0,0.0,0.0,0.0135,0.0,0.0,0.0
24.7303,0.48004247501018477,0.5006714954229508,0.47869947368126214,-0.5382695326268475,0.622,0.0,9.879,0.6,0.0,1.0,0.0,0.0,0.0,0.0,0.0135,0.0,0.0,0.0
24.7504,0.479982937394649,0.500796064766612,0.47876292992845976,-0.5381502933666363,0.622,0.0,9.8807,0.6,0.0,1.0,0.0,0.0,0.0,0.0,0.0135,0.0,0.0,0.0
24.7705,0.4799846744288709,0.5007978771225,0.47882566314160274,-0.538091240311541,0.622,0.0,9.8358,0.6,0.0,1.0,0.0,0.0,0.0,0.0,0.0,0.0,0.0,0.0
24.7906,0.47998422047804734,0.5006754024146098,0.4788862108233016,-0.5381517319421637,0.622,0.0,9.8319,0.6,0.0,1.0,0.0,0.0,0.0,0.0,0.0,0.0,0.0,0.0
24.8107,0.4799234128695168,0.5004926020020852,0.4790694050169615,-0.53821294883861,0.622,0.0,9.8399,0.6,0.0,1.0,0.0,0.0,0.0,0.0,0.0,0.0,0.0,0.0
24.8307,0.4799234128695168,0.5004926020020852,0.4790694050169615,-0.53821294883861,0.622,0.0,9.8399,0.6,0.0,1.0,0.0,0.0,0.0,0.0,0.0,0.0,0.0,0.0
24.8508,0.4798642953968219,0.5003115636469684,0.47931528819433117,-0.5382150609074617,0.622,0.0,9.7997,0.6,0.0,1.0,0.0,0.0,0.0,0.0,0.0,0.0,0.0,0.0
24.8709,0.4797892780314726,0.5002969479707791,0.4794232839219649,-0.5381993379507641,0.622,0.0,9.8389,0.6,0.0,1.0,0.0,0.0,0.0,0.0,0.0,0.0,0.0,0.0
24.891,0.47968009995763294,0.5004323205951913,0.47937509671483935,-0.5382137222869604,0.622,0.0,9.9664,0.6,0.0,1.0,0.0,0.0,0.0,0.0,0.0,0.0,0.0,0.0
24.9112,0.479680583966358,0.5005548269636244,0.47931457970569885,-0.5381532646474044,0.622,0.0,9.8424,0.6,0.0,1.0,0.0,0.0,0.0,0.0,0.0,0.0,0.0,0.0
24.9313,0.4797398467302262,0.5005530136178398,0.47919084232810744,-0.5382123155839494,0.622,0.0,9.7967,0.6,0.0,1.0,0.0,0.0,0.0,0.0,0.0,0.0,0.0,0.0
24.9514,0.4798600754132302,0.5005511649029859,0.47900607171963167,-0.5382713280441381,0.622,0.0,9.8345,0.6,0.0,1.0,0.0,0.0,0.0,0.0,0.0,0.0,0.0,0.0
24.9714,0.47979956819883507,0.500673679930635,0.47900656395416147,-0.5382108808541084,0.622,0.0,9.9154,0.6,0.0,1.0,0.0,0.0,0.0,0.0,0.0,0.0,0.0,0.0
24.9915,0.47967697460920034,0.5007340612915286,0.47906697209810084,-0.5382102155635972,0.622,0.0,9.8766,0.6,0.0,1.0,0.0,0.0,0.0,0.0,0.0,0.0,0.0,0.0
25.0116,0.4797396860091241,0.5007358473300327,0.4790686808535549,-0.5381511348048762,0.622,0.0,9.878,0.6,0.0,1.0,0.0,0.0,0.0,0.0,0.0,0.0,0.0,0.0
25.0317,0.47973905014979945,0.5007961840296923,0.47900704549576134,-0.5381504215255143,0.622,0.0,9.8807,0.6,0.0,1.0,0.0,0.0,0.0,0.0,0.0,0.0,0.0,0.0
25.0518,0.47966362357717324,0.5009651183589334,0.47899263949123944,-0.5380732382470358,0.622,0.0,9.871,0.6,0.0,1.0,0.0,0.0,0.0,0.0,0.0,0.0,0.0,0.0
25.0719,0.4795548124331228,0.501222894325637,0.4788838098971307,-0.5380270334234817,0.622,0.0,9.9077,0.6,0.0,1.0,0.0,0.0,0.0,0.0,0.0,0.0,0.0,0.0
25.092,0.4795681638114939,0.5012978508981348,0.4787751387362625,-0.5380420127382771,0.622,0.0,9.8723,0.6,0.0,1.0,0.0,0.0,0.0,0.0,0.0,0.0,0.0,0.0
25.1121,0.47961380914227897,0.5014038004711605,0.47863780953066876,-0.5380247858981904,0.622,0.0,9.871,0.6,0.0,1.0,0.0,0.0,0.0,0.0,0.0,0.0,0.0,0.0
25.1322,0.4795515004354515,0.5015244317257743,0.4785755034874083,-0.5380233175932249,0.622,0.0,9.9167,0.6,0.0,1.0,0.0,0.0,0.0,0.0,0.0,0.0,0.0,0.0
25.1523,0.47949024355925063,0.5017071621755275,0.478514247134464,-0.5379620293688085,0.622,0.0,9.9598,0.6,0.0,1.0,0.0,0.0,0.0,0.0,0.0,0.0,0.0,0.0
25.1724,0.4796279174879854,0.5017235586429496,0.47840788208590096,-0.5379186089241345,0.622,0.0,9.9141,0.6,0.0,1.0,0.0,0.0,0.0,0.0,0.0,0.0,0.0,0.0
25.1925,0.47973538847065617,0.5017693603834632,0.4782703903381219,-0.5379023143239852,0.622,0.0,9.9077,0.6,0.0,1.0,0.0,0.0,0.0,0.0,0.0,0.0,0.0,0.0
25.2126,0.47968704295845566,0.5019046007494767,0.4781610046459429,-0.5379165048595033,0.622,0.0,9.9849,0.6,0.0,1.0,0.0,0.0,0.0,0.0,0.0,0.0,0.0,0.0
25.2326,0.479623639514021,0.5019630884940417,0.47809760884373537,-0.5379748122605277,0.622,0.0,9.9546,0.6,0.0,1.0,0.0,0.0,0.0,0.0,0.0,0.0,0.0,0.0
25.2528,0.4796842353163736,0.5018406618920124,0.47809720476142065,-0.538035358745175,0.622,0.0,9.8723,0.6,0.0,1.0,0.0,0.0,0.0,0.0,0.0,0.0,0.0,0.0
25.2729,0.4796849282973645,0.5017803856189473,0.4781588967122667,-0.5380361360237441,0.622,0.0,9.9221,0.6,0.0,1.0,0.0,0.0,0.0,0.0,0.0,0.0,0.0,0.0
25.293,0.4796075370552504,0.5018242376744075,0.47814255679657164,-0.5380787491272386,0.622,0.0,9.9911,0.6,0.0,1.0,0.0,0.0,0.0,0.0,0.0,0.0,0.0,0.0
25.313,0.47949785220270796,0.5018371248503357,0.4781548358113851,-0.5381535680873314,0.622,0.0,9.9482,0.6,0.0,1.0,0.0,0.0,0.0,0.0,0.0,0.0,0.0,0.0
25.3331,0.47949747730483433,0.5017147310927629,0.4782154626603674,-0.5382141480259948,0.622,0.0,9.8712,0.6,0.0,1.0,0.0,0.0,0.0,0.0,0.0,0.0,0.0,0.0
25.3532,0.479484623873138,0.5015792839810793,0.4783866407639044,-0.5381997206324901,0.622,0.0,9.8723,0.6,0.0,1.0,0.0,0.0,0.0,0.0,0.0,0.0,0.0,0.0
25.3733,0.4794264681667394,0.5016432581600031,0.47851147681579936,-0.5380809137289164,0.622,0.0,9.9507,0.6,0.0,1.0,0.0,0.0,0.0,0.0,0.0,0.0,0.0,0.0
25.3934,0.4791965426065136,0.5016579898984579,0.4787085328884037,-0.5380967155306143,0.622,0.0,9.943,0.6,0.0,1.0,0.0,0.0,0.0,0.0,0.0,0.0,0.0,0.0
25.4135,0.4791211570474583,0.5015209306307391,0.4788771595137832,-0.5381415604697272,0.622,0.0,9.8336,0.6,0.0,1.0,0.0,0.0,0.0,0.0,0.0,0.0,0.0,0.0
25.4336,0.47900154619800084,0.5014624311366512,0.4791235455730294,-0.5380832435376268,0.622,0.0,9.9155,0.0,0.0,1.0,0.0,0.0,0.0,0.0,0.0,0.0,0.0,0.0
25.4538,0.47888337837608225,0.5015884437283589,0.4793103796051253,-0.5379045482574618,0.622,0.0,9.8815,0.0,0.0,1.0,0.0,0.0,0.0,0.0,0.0,0.0,0.0,0.0
25.4738,0.47870243821912895,0.5017126034867024,0.47949544391479126,-0.5377848625710967,0.4598,0.0,10.7006,0.0,0.0,1.0,0.0,0.0,0.0,0.0,0.0676,0.0,0.0,0.0
25.4939,0.47801758103887076,0.5022481035954477,0.47936055457663157,-0.538014398848681,0.4598,0.0,10.662,0.0,0.0,1.0,0.0,0.0,0.0,0.0,-0.0135,0.0,0.0,0.0
25.514,0.4776185609302922,0.5023995239534342,0.47963263920021193,-0.5379849068515572,0.3245,0.0,10.0361,0.0,0.0,1.0,0.0,0.0,0.0,0.0,0.0676,0.0,0.0,0.0
25.5341,0.47772090629387176,0.5024398497017079,0.4793079026605629,-0.5381457679556902,0.3245,0.0,10.4148,0.0,0.0,1.0,0.0,0.0,0.0,0.0,0.0,0.0,0.0,0.0
25.5542,0.47779182792820574,0.501718270005488,0.4795008595051545,-0.5385839511548244,0.2569,0.0,9.2451,0.0,0.0,1.0,0.0,0.0,0.0,0.0,0.0406,0.0,0.0,0.0
25.5743,0.478627929581177,0.5009664595744368,0.48009289875795874,-0.5380136800941688,0.2299,0.0,10.0155,0.0,0.0,1.0,0.0,0.0,0.0,0.0,-0.027,0.0,0.0,0.0
25.5944,0.47887846030249115,0.50024030240343,0.4799764521865298,-0.538570019083937,0.1487,0.0,12.5102,0.0,0.0,1.0,0.0,0.0,0.0,0.0,0.0,0.0,0.0,0.0
25.6145,0.47924178930339956,0.4993835282781038,0.48064577110860696,-0.5384450220637209,0.1217,0.0,9.3378,0.0,0.0,1.0,0.0,0.0,0.0,0.0,-0.0676,0.0,0.0,0.0
25.6346,0.4791964857118878,0.49939988563892523,0.48072251591971144,-0.5384016576804233,0.0947,0.0,11.3327,0.0,0.0,1.0,0.0,0.0,0.0,0.0,-0.0541,0.0,0.0,0.0
25.6547,0.47972648782181065,0.49944109691390903,0.48113045998337833,-0.5375263417468622,0.0811,0.0,9.247,0.0,0.0,1.0,0.0,0.0,0.0,0.0,-0.0406,0.0,0.0,0.0
25.6748,0.47985939578297043,0.4995134529513796,0.4802263968504787,-0.538148565330615,0.0811,0.0,9.7867,0.0,0.0,1.0,0.0,0.0,0.0,0.0,-0.0406,0.0,0.0,0.0
25.6949,0.479553168205701,0.499817175313404,0.48028616846280464,-0.5380861887364542,0.0676,0.0,9.6592,0.0,0.0,1.0,0.0,0.0,0.0,0.0,-0.0406,0.0,0.0,0.0
25.7149,0.47925409031820426,0.5002503571368889,0.48053610660995294,-0.5377268333846041,0.0135,0.0,12.0162,0.0,0.0,1.0,0.0,0.0,0.0,0.0,-0.0406,0.0,0.0,0.0
25.735,0.4783924473506498,0.5007913746536828,0.48077243962625227,-0.537779254607457,-0.027,0.0,9.4481,0.0,0.0,1.0,0.0,0.0,0.0,0.0,0.0541,0.0,0.0,0.0
25.7551,0.4785722453727072,0.5013990185881413,0.48064722475773497,-0.5371646632555621,0.0406,0.0,10.5821,0.0,0.0,1.0,0.0,0.0,0.0,0.0,0.027,0.0,0.0,0.0
25.7752,0.4781559047853658,0.5012892388410678,0.48102494621560876,-0.537299758849101,0.027,0.0,12.2301,0.0,0.0,1.0,0.0,0.0,0.0,0.0,-0.0135,0.0,0.0,0.0
25.7954,0.4782133206191421,0.5012244804041048,0.4814483430825013,-0.5369297283343165,0.0135,0.0,9.6881,0.0,0.0,1.0,0.0,0.0,0.0,0.0,0.027,0.0,0.0,0.0
25.8156,0.478212369925475,0.5009794827547619,0.4815693865621824,-0.5370506615163558,-0.027,0.0,9.694,0.0,0.0,1.0,0.0,0.0,0.0,0.0,0.0135,0.0,0.0,0.0
25.8357,0.4785753404024229,0.5009142629357869,0.4810773317260488,-0.5372291370035209,-0.027,0.0,9.7832,0.0,0.0,1.0,0.0,0.0,0.0,0.0,0.0135,0.0,0.0,0.0
25.8557,0.478513686777837,0.500974578197804,0.4810766743878889,-0.5372284029402239,-0.0135,0.0,9.7196,0.0,0.0,1.0,0.0,0.0,0.0,0.0,0.0135,0.0,0.0,0.0
25.8758,0.47863805091727923,0.500916053287202,0.4810790511769517,-0.5371700571438852,-0.0135,0.0,9.9201,0.0,0.0,1.0,0.0,0.0,0.0,0.0,0.0135,0.0,0.0,0.0
25.8959,0.479005919062981,0.5006120056244183,0.48095892688740427,-0.5372331523413674,-0.0135,0.0,9.9296,0.0,0.0,1.0,0.0,0.0,0.0,0.0,0.0135,0.0,0.0,0.0
25.916,0.479324019752825,0.5001986738659764,0.48085006757196225,-0.537431840577716,-0.0135,0.0,9.9429,0.0,0.0,1.0,0.0,0.0,0.0,0.0,0.0135,0.0,0.0,0.0
25.9361,0.47967402261313014,0.4998769814474513,0.48065102062239284,-0.5375969045890937,-0.0135,0.0,9.8682,0.0,0.0,1.0,0.0,0.0,0.0,0.0,0.0135,0.0,0.0,0.0
25.9562,0.47997690446013386,0.4997527769185771,0.48034390209323713,-0.5377165320769682,-0.0135,0.0,9.9008,0.0,0.0,1.0,0.0,0.0,0.0,0.0,0.0135,0.0,0.0,0.0
25.9763,0.48017382431769745,0.4998882276727993,0.4799898205529955,-0.5377310019329069,-0.0135,0.0,9.9461,0.0,0.0,1.0,0.0,0.0,0.0,0.0,0.0135,0.0,0.0,0.0
25.9964,0.48027997886058194,0.5000547309498953,0.4797299857556959,-0.5377132588351776,-0.0135,0.0,10.0182,0.0,0.0,1.0,0.0,0.0,0.0,0.0,0.0135,0.0,0.0,0.0
26.0165,0.48035551341908883,0.5001918649819819,0.479561499346648,-0.5376685291870125,-0.0135,0.0,10.0512,0.0,0.0,1.0,0.0,0.0,0.0,0.0,0.0135,0.0,0.0,0.0
26.0366,0.48052266975730457,0.5001753699607057,0.47936268745251936,-0.5377117973527102,-0.0135,0.0,9.9461,0.0,0.0,1.0,0.0,0.0,0.0,0.0,0.0135,0.0,0.0,0.0
26.0566,0.48065802582730016,0.5002502714478498,0.4791320066961774,-0.537726741276133,-0.0135,0.0,9.9736,0.0,0.0,1.0,0.0,0.0,0.0,0.0,0.0135,0.0,0.0,0.0
26.0767,0.4805320506475113,0.5003071350367367,0.47906704439566744,-0.5378442952247702,-0.0135,0.0,10.0159,0.0,0.0,1.0,0.0,0.0,0.0,0.0,0.0135,0.0,0.0,0.0
26.0968,0.4802220645930146,0.5003019418526902,0.4791840709378581,-0.5380217112867024,-0.0135,0.0,9.9461,0.0,0.0,1.0,0.0,0.0,0.0,0.0,0.0135,0.0,0.0,0.0
26.1169,0.4799880966399797,0.5001304364093917,0.479378086350071,-0.5382170788708075,-0.0135,0.0,9.8678,0.0,0.0,1.0,0.0,0.0,0.0,0.0,0.0135,0.0,0.0,0.0
26.137,0.47978773471492253,0.49992934575590026,0.4796047382488071,-0.538380603215322,-0.0135,0.0,9.8738,0.0,0.0,1.0,0.0,0.0,0.0,0.0,0.0135,0.0,0.0,0.0
26.1571,0.47955551151647846,0.49981961764316285,0.4797995127943561,-0.5385158203019759,-0.0135,0.0,9.8712,0.0,0.0,1.0,0.0,0.0,0.0,0.0,0.0135,0.0,0.0,0.0
26.1772,0.4793100898907922,0.49975713638480124,0.4800430915575458,-0.5385752246522464,-0.0135,0.0,9.8723,0.0,0.0,1.0,0.0,0.0,0.0,0.0,0.0135,0.0,0.0,0.0
26.1973,0.47912757820739743,0.4996966459602389,0.4802875820283559,-0.5385757740249346,-0.0135,0.0,9.797,0.0,0.0,1.0,0.0,0.0,0.0,0.0,0.0135,0.0,0.0,0.0
26.2174,0.47894219527744974,0.49975516030733735,0.48034619291844155,-0.5386340949826369,-0.0135,0.0,9.8336,0.0,0.0,1.0,0.0,0.0,0.0,0.0,0.0135,0.0,0.0,0.0
26.2375,0.4788195412260592,0.4998154772597383,0.480406536391112,-0.5386333589969912,-0.0135,0.0,9.902,0.0,0.0,1.0,0.0,0.0,0.0,0.0,0.0135,0.0,0.0,0.0
26.2575,0.4788212401368128,0.499817250666661,0.48046924096331256,-0.5385742701039508,-0.0135,0.0,9.8712,0.0,0.0,1.0,0.0,0.0,0.0,0.0,0.0135,0.0,0.0,0.0
26.2776,0.47882180347491266,0.49975683860442305,0.4805308063426622,-0.5385749037421033,-0.0135,0.0,9.8683,0.0,0.0,1.0,0.0,0.0,0.0,0.0,0.0135,0.0,0.0,0.0
26.2977,0.47874727208171036,0.49968171552107565,0.48070022016086394,-0.5385596819160645,-0.0135,0.0,9.9119,0.0,0.0,1.0,0.0,0.0,0.0,0.0,0.0135,0.0,0.0,0.0
26.3178,0.4785955322780005,0.4997143500453541,0.48091462207828906,-0.538472850860267,-0.0135,0.0,9.9132,0.0,0.0,1.0,0.0,0.0,0.0,0.0,0.0135,0.0,0.0,0.0
26.3379,0.47850750778393847,0.4997471308379864,0.48107046229841705,-0.5383814451832382,-0.0135,0.0,9.915,0.0,0.0,1.0,0.0,0.0,0.0,0.0,0.0135,0.0,0.0,0.0
26.358,0.47851084633339047,0.49975061757640266,0.48119581741566414,-0.5382632027874258,-0.0135,0.0,9.9127,0.0,0.0,1.0,0.0,0.0,0.0,0.0,0.0135,0.0,0.0,0.0
26.3781,0.4785097560286595,0.49987147728413306,0.48107272258505784,-0.5382619763347318,-0.0135,0.0,9.952,0.0,0.0,1.0,0.0,0.0,0.0,0.0,0.0135,0.0,0.0,0.0
26.3982,0.4784616173529402,0.5000069153347129,0.4809636519572751,-0.5382764446206011,-0.0135,0.0,9.9127,0.0,0.0,1.0,0.0,0.0,0.0,0.0,0.0135,0.0,0.0,0.0
26.4183,0.47838427748706536,0.5000508371435665,0.4809472253986182,-0.5383190593937462,-0.0135,0.0,9.9064,0.0,0.0,1.0,0.0,0.0,0.0,0.0,0.0135,0.0,0.0,0.0
26.4384,0.4783355604636836,0.5000636767712661,0.4808985741831394,-0.53839388194752,-0.0135,0.0,9.9482,0.0,0.0,1.0,0.0,0.0,0.0,0.0,0.0135,0.0,0.0,0.0
26.4586,0.4782686694708443,0.5000585632920663,0.4807716572741724,-0.5385713756250965,-0.0135,0.0,9.9873,0.0,0.0,1.0,0.0,0.0,0.0,0.0,0.0135,0.0,0.0,0.0
26.4787,0.4782798781619661,0.5000092815181832,0.48066092236055585,-0.5387059998334386,-0.0135,0.0,9.9718,0.0,0.0,1.0,0.0,0.0,0.0,0.0,0.0135,0.0,0.0,0.0
26.4988,0.4783411500636445,0.49988651715753346,0.4806601895758624,-0.5387661795963042,-0.0135,0.0,9.8956,0.0,0.0,1.0,0.0,0.0,0.0,0.0,0.0135,0.0,0.0,0.0
26.5189,0.47840049815666374,0.4997017874939779,0.480658528827696,-0.5388863197409768,-0.0135,0.0,9.8601,0.0,0.0,1.0,0.0,0.0,0.0,0.0,0.0135,0.0,0.0,0.0
26.539,0.4783982040216254,0.4995773901380357,0.48065622386443474,-0.5390057366226585,-0.0135,0.0,9.8176,0.0,0.0,1.0,0.0,0.0,0.0,0.0,0.0135,0.0,0.0,0.0
26.5591,0.47827304023463924,0.4996361313660952,0.48065405039163955,-0.5390642995602182,-0.0135,0.0,9.7119,0.0,0.0,1.0,0.0,0.0,0.0,0.0,0.0135,0.0,0.0,0.0
26.5792,0.477904938972738,0.49999993615126215,0.48071293861416353,-0.539000931170933,-0.0135,0.0,9.6428,0.0,0.0,1.0,0.0,0.0,0.0,0.0,0.0135,0.0,0.0,0.0
26.5993,0.4775400128956756,0.5007330620897505,0.4806530194985798,-0.5386971426142133,-0.0135,0.0,9.7715,0.0,0.0,1.0,0.0,0.0,0.0,0.0,0.0135,0.0,0.0,0.0
26.6193,0.4771024303766171,0.501820934577894,0.4805813605969433,-0.5381362061735722,-0.0135,0.0,9.9498,0.0,0.0,1.0,0.0,0.0,0.0,0.0,0.0135,0.0,0.0,0.0
26.6394,0.4766279611832697,0.5024451757462552,0.48065599465964987,-0.537907470468051,-0.0135,0.0,9.8787,0.0,0.0,1.0,0.0,0.0,0.0,0.0,0.0135,0.0,0.0,0.0
26.6595,0.4764557254277287,0.5023355795926691,0.48078986847617944,-0.538042758108584,-0.0135,0.0,9.8674,0.0,0.0,1.0,0.0,0.0,0.0,0.0,0.0135,0.0,0.0,0.0
26.6796,0.47666673986208885,0.5019337719332368,0.48063358790017047,-0.5383703761206874,-0.0135,0.0,9.8671,0.0,0.0,1.0,0.0,0.0,0.0,0.0,0.0135,0.0,0.0,0.0
26.6997,0.4769799561232171,0.5013934420428217,0.4803978841511196,-0.5388066542241968,-0.0135,0.0,9.8375,0.0,0.0,1.0,0.0,0.0,0.0,0.0,0.0135,0.0,0.0,0.0
26.7198,0.47724747409813184,0.5008681409789447,0.48023855854523234,-0.5392002232062284,-0.0135,0.0,9.8021,0.0,0.0,1.0,0.0,0.0,0.0,0.0,0.0135,0.0,0.0,0.0
26.7399,0.4775457951857148,0.5003731200046392,0.47998682992015207,-0.5396196784592546,-0.0135,0.0,9.7702,0.0,0.0,1.0,0.0,0.0,0.0,0.0,0.0135,0.0,0.0,0.0
26.76,0.4777842911194289,0.500062351321568,0.47973729639704715,-0.5399184590249729,-0.0135,0.0,9.8308,0.0,0.0,1.0,0.0,0.0,0.0,0.0,0.0135,0.0,0.0,0.0
26.7801,0.4781482377503141,0.49993820301340025,0.4793692358038355,-0.540038139087276,-0.0135,0.0,9.9087,0.0,0.0,1.0,0.0,0.0,0.0,0.0,0.0135,0.0,0.0,0.0
26.8002,0.4788062020327998,0.4999235493808247,0.47874520391800546,-0.5400223100899735,-0.0135,0.0,9.8995,0.0,0.0,1.0,0.0,0.0,0.0,0.0,0.0135,0.0,0.0,0.0
26.8203,0.4792512088731556,0.5000643482295576,0.47833620274664296,-0.5398596146826409,-0.0135,0.0,9.9056,0.0,0.0,1.0,0.0,0.0,0.0,0.0,0.0135,0.0,0.0,0.0
26.8404,0.4792512088731556,0.5000643482295576,0.47833620274664296,-0.5398596146826409,-0.0135,0.0,9.9056,0.0,0.0,1.0,0.0,0.0,0.0,0.0,0.0135,0.0,0.0,0.0
26.8604,0.4798600571308841,0.5008561471398452,0.47772404797394286,-0.5391263112017113,-0.0135,0.0,10.1021,0.0,0.0,1.0,0.0,0.0,0.0,0.0,0.0135,0.0,0.0,0.0
26.8806,0.4798600571308841,0.5008561471398452,0.47772404797394286,-0.5391263112017113,-0.0135,0.0,10.1021,0.0,0.0,1.0,0.0,0.0,0.0,0.0,0.0135,0.0,0.0,0.0
26.9007,0.4803588855326864,0.5013554050501275,0.47730681001510084,-0.5385873262805453,-0.0135,0.0,10.0191,0.0,0.0,1.0,0.0,0.0,0.0,0.0,0.0135,0.0,0.0,0.0
26.9208,0.4804090662580564,0.5015271131291277,0.4772960593488017,-0.5383921949504197,-0.0135,0.0,10.0182,0.0,0.0,1.0,0.0,0.0,0.0,0.0,0.0135,0.0,0.0,0.0
26.9409,0.480474626263489,0.5015928735540163,0.47736158981044374,-0.5382143023837539,-0.0135,0.0,10.0162,0.0,0.0,1.0,0.0,0.0,0.0,0.0,0.0135,0.0,0.0,0.0
26.9609,0.48041549475012085,0.5015948251595078,0.47748544903977086,-0.5381553955248315,-0.0135,0.0,9.8994,0.0,0.0,1.0,0.0,0.0,0.0,0.0,0.0135,0.0,0.0,0.0
26.981,0.4804795923897915,0.501476055266306,0.4776105291399954,-0.538097862610602,-0.0135,0.0,9.9016,0.0,0.0,1.0,0.0,0.0,0.0,0.0,0.0135,0.0,0.0,0.0
27.0011,0.48040536830696734,0.5014012532900921,0.4777803826868157,-0.5380830523447211,-0.0135,0.0,9.8628,0.0,0.0,1.0,0.0,0.0,0.0,0.0,0.0135,0.0,0.0,0.0
27.0212,0.4802221905914688,0.5012790674039723,0.4780242034501912,-0.5381438517366385,-0.0135,0.0,9.8637,0.0,0.0,1.0,0.0,0.0,0.0,0.0,0.0135,0.0,0.0,0.0
27.0413,0.4800411497494684,0.5010981124533037,0.4783931526684065,-0.5381460468338752,-0.0135,0.0,9.8674,0.0,0.0,1.0,0.0,0.0,0.0,0.0,0.0135,0.0,0.0,0.0
27.0614,0.47979850083244935,0.5009175668938889,0.4788224977794657,-0.5381486833545858,-0.0135,0.0,9.8331,0.0,0.0,1.0,0.0,0.0,0.0,0.0,0.0135,0.0,0.0,0.0
27.0815,0.47955327433572237,0.5007322864514974,0.47912627409145053,-0.5382693079251197,-0.0135,0.0,9.8331,0.0,0.0,1.0,0.0,0.0,0.0,0.0,0.0135,0.0,0.0,0.0
27.1016,0.47943143844936015,0.500549457762199,0.47937043839357457,-0.5383304923136887,-0.0135,0.0,9.8319,0.0,0.0,1.0,0.0,0.0,0.0,0.0,0.0135,0.0,0.0,0.0
27.1217,0.47929430882051194,0.500472659668315,0.4795383013417295,-0.5383744979130044,-0.0135,0.0,9.9055,0.0,0.0,1.0,0.0,0.0,0.0,0.0,0.0135,0.0,0.0,0.0
27.1417,0.4791835739440933,0.5002404233923059,0.4796715704550269,-0.5385701493432962,-0.0135,0.0,9.8674,0.0,0.0,1.0,0.0,0.0,0.0,0.0,0.0135,0.0,0.0,0.0
27.1618,0.47924180435934927,0.4999935360808489,0.47966879883916247,-0.5387500350366199,-0.0135,0.0,9.8723,0.0,0.0,1.0,0.0,0.0,0.0,0.0,0.0135,0.0,0.0,0.0
27.1819,0.4793621394778531,0.4998088041959281,0.47960613547683634,-0.5388701636724994,-0.0135,0.0,9.8712,0.0,0.0,1.0,0.0,0.0,0.0,0.0,0.0135,0.0,0.0,0.0
27.202,0.47954284948102976,0.4996844231428499,0.4794208520633581,-0.5389895911674507,-0.0135,0.0,9.8675,0.0,0.0,1.0,0.0,0.0,0.0,0.0,0.0135,0.0,0.0,0.0
27.2221,0.47967825603563397,0.4997593923455344,0.4791902527230883,-0.5390046587407364,-0.0135,0.0,9.8323,0.0,0.0,1.0,0.0,0.0,0.0,0.0,0.0135,0.0,0.0,0.0
27.2422,0.4798634887807556,0.4998837177763973,0.4790094790124099,-0.538885163883242,-0.0135,0.0,9.8711,0.0,0.0,1.0,0.0,0.0,0.0,0.0,0.0135,0.0,0.0,0.0
27.2623,0.48009400695008747,0.5000516331067869,0.47869003324911524,-0.5388079071299956,-0.0135,0.0,9.9102,0.0,0.0,1.0,0.0,0.0,0.0,0.0,0.0135,0.0,0.0,0.0
27.2824,0.48033943481026475,0.5002361214439272,0.4783864655688947,-0.5386875158469823,-0.0135,0.0,9.8688,0.0,0.0,1.0,0.0,0.0,0.0,0.0,0.0135,0.0,0.0,0.0
27.3025,0.4805205202948261,0.5004171277747048,0.478017569673017,-0.5386853728190573,-0.0135,0.0,9.908,0.0,0.0,1.0,0.0,0.0,0.0,0.0,0.0135,0.0,0.0,0.0
27.3226,0.48071707298519356,0.5006142415684988,0.47766504712620755,-0.5386395637467256,-0.0135,0.0,9.943,0.0,0.0,1.0,0.0,0.0,0.0,0.0,0.0135,0.0,0.0,0.0
27.3427,0.48094779473527877,0.5006614174196584,0.47746886132151406,-0.5385636919761184,-0.0135,0.0,9.9425,0.0,0.0,1.0,0.0,0.0,0.0,0.0,0.0135,0.0,0.0,0.0
27.3628,0.48108427257950076,0.5006154866373794,0.4773612317757796,-0.5385799027191628,-0.0135,0.0,9.9458,0.0,0.0,1.0,0.0,0.0,0.0,0.0,0.0135,0.0,0.0,0.0
27.3829,0.48120673257704827,0.5005549630709598,0.4773006860446306,-0.5385804160651186,-0.0135,0.0,9.9817,0.0,0.0,1.0,0.0,0.0,0.0,0.0,0.0135,0.0,0.0,0.0
27.403,0.4813156011882532,0.5006023047119115,0.4772266640436357,-0.5385047220737214,-0.0135,0.0,9.9738,0.0,0.0,1.0,0.0,0.0,0.0,0.0,0.0135,0.0,0.0,0.0
27.4231,0.4813768977868348,0.5007246123315219,0.47710496081480147,-0.5384440558205441,-0.0135,0.0,9.9356,0.0,0.0,1.0,0.0,0.0,0.0,0.0,0.0135,0.0,0.0,0.0
27.4432,0.4813931151992244,0.5008634838714879,0.4770600331521307,-0.5383401934945875,-0.0135,0.0,9.9366,0.0,0.0,1.0,0.0,0.0,0.0,0.0,0.0135,0.0,0.0,0.0
27.4632,0.481210637489617,0.5009870335631801,0.4771825568168667,-0.5382797804470453,-0.0135,0.0,9.9366,0.0,0.0,1.0,0.0,0.0,0.0,0.0,0.0135,0.0,0.0,0.0
27.4834,0.48103084868210544,0.5010513834450784,0.47742975249422004,-0.5381613746798021,-0.0135,0.0,9.9438,0.0,0.0,1.0,0.0,0.0,0.0,0.0,0.0135,0.0,0.0,0.0
27.5035,0.48089572543867515,0.5009767139736889,0.4776607272856564,-0.5381466927519604,-0.0135,0.0,9.9102,0.0,0.0,1.0,0.0,0.0,0.0,0.0,0.0135,0.0,0.0,0.0
27.5236,0.48066499645355604,0.500929544376242,0.47785692052743595,-0.538222552722709,-0.0135,0.0,9.9091,0.0,0.0,1.0,0.0,0.0,0.0,0.0,0.0135,0.0,0.0,0.0
27.5437,0.48041775940734155,0.500926176023896,0.4779757097985243,-0.538340936082984,-0.0135,0.0,9.951,0.0,0.0,1.0,0.0,0.0,0.0,0.0,0.0135,0.0,0.0,0.0
27.5638,0.48027926097040663,0.5008469723749434,0.47808129181117043,-0.5384444448267021,-0.0135,0.0,9.9434,0.0,0.0,1.0,0.0,0.0,0.0,0.0,0.0135,0.0,0.0,0.0
27.5839,0.4801674087952009,0.5007355548121861,0.4780913940571973,-0.5386388238943424,-0.0135,0.0,9.8999,0.0,0.0,1.0,0.0,0.0,0.0,0.0,0.0135,0.0,0.0,0.0
27.6039,0.4799804587737014,0.5005494784339295,0.4782714571402079,-0.5388185150121428,-0.0135,0.0,9.8585,0.0,0.0,1.0,0.0,0.0,0.0,0.0,0.0135,0.0,0.0,0.0
27.624,0.4797944709646683,0.5004853619013143,0.4783914783599555,-0.5389371592187913,-0.0135,0.0,9.8601,0.0,0.0,1.0,0.0,0.0,0.0,0.0,0.0135,0.0,0.0,0.0
27.6441,0.4796871904910433,0.5004397178836948,0.47852816103614354,-0.5389536966555332,-0.0135,0.0,9.9046,0.0,0.0,1.0,0.0,0.0,0.0,0.0,0.0135,0.0,0.0,0.0
27.6642,0.479550116865367,0.50036299173492,0.47869612199972533,-0.5389977594563056,-0.0135,0.0,9.9046,0.0,0.0,1.0,0.0,0.0,0.0,0.0,0.0135,0.0,0.0,0.0
27.6843,0.47942702876152044,0.5003008558573235,0.4788170338142924,-0.5390575348240785,-0.0135,0.0,9.755,0.0,0.0,1.0,0.0,0.0,0.0,0.0,0.0135,0.0,0.0,0.0
27.7044,0.479489770586088,0.5003026738153562,0.4788187737059248,-0.5389984938970244,-0.0135,0.0,9.798,0.0,0.0,1.0,0.0,0.0,0.0,0.0,0.0135,0.0,0.0,0.0
27.7245,0.47949090060989896,0.5003648527495197,0.47881990214838305,-0.5389387643061803,-0.0135,0.0,9.8763,0.0,0.0,1.0,0.0,0.0,0.0,0.0,0.0135,0.0,0.0,0.0
27.7446,0.47949139333612534,0.5004873667715223,0.4787593942622681,-0.5388783181983806,-0.0135,0.0,9.8319,0.0,0.0,1.0,0.0,0.0,0.0,0.0,0.0135,0.0,0.0,0.0
27.7647,0.47961398067947064,0.5004269798410501,0.4786989807163301,-0.5388789782920691,-0.0135,0.0,9.8307,0.0,0.0,1.0,0.0,0.0,0.0,0.0,0.0135,0.0,0.0,0.0
27.7848,0.47981040127006697,0.5003189740815821,0.47852936549029584,-0.5389550532006034,-0.0135,0.0,9.9077,0.0,0.0,1.0,0.0,0.0,0.0,0.0,0.0135,0.0,0.0,0.0
27.8049,0.47997700184046155,0.5001798756439177,0.47839101174729326,-0.5390586327891224,-0.0135,0.0,9.8675,0.0,0.0,1.0,0.0,0.0,0.0,0.0,0.0135,0.0,0.0,0.0
27.825,0.480098500943613,0.5001173133450979,0.47826651811132764,-0.5391189478564482,-0.0135,0.0,9.8699,0.0,0.0,1.0,0.0,0.0,0.0,0.0,0.0135,0.0,0.0,0.0
27.845,0.48023388895918745,0.5000092549942083,0.4781578505324516,-0.5391949803081046,-0.0135,0.0,9.9077,0.0,0.0,1.0,0.0,0.0,0.0,0.0,0.0135,0.0,0.0,0.0
27.8651,0.48023388895918745,0.5000092549942083,0.4781578505324516,-0.5391949803081046,-0.0135,0.0,9.9077,0.0,0.0,1.0,0.0,0.0,0.0,0.0,0.0135,0.0,0.0,0.0
27.8852,0.48047647117340186,0.4999467739270574,0.47791243130384004,-0.5392543851411273,-0.0135,0.0,9.9402,0.0,0.0,1.0,0.0,0.0,0.0,0.0,0.0135,0.0,0.0,0.0
27.9054,0.4805965118644422,0.499944733765296,0.47772747896008266,-0.5393131852741245,-0.0135,0.0,9.9412,0.0,0.0,1.0,0.0,0.0,0.0,0.0,0.0135,0.0,0.0,0.0
27.9254,0.48065627056990656,0.4998824413919919,0.4776652439950155,-0.539372792258743,-0.0135,0.0,9.9356,0.0,0.0,1.0,0.0,0.0,0.0,0.0,0.0135,0.0,0.0,0.0
27.9455,0.4807184810360273,0.49976169816218996,0.4777274469329789,-0.5393741498137973,-0.0135,0.0,9.8964,0.0,0.0,1.0,0.0,0.0,0.0,0.0,0.0135,0.0,0.0,0.0
27.9656,0.48070394922252174,0.4996245929813536,0.4778350032395352,-0.5394188437282864,-0.0135,0.0,9.9028,0.0,0.0,1.0,0.0,0.0,0.0,0.0,0.0135,0.0,0.0,0.0
27.9857,0.48059495513613687,0.49957711135294924,0.4779089330310712,-0.5394944398592452,-0.0135,0.0,9.9746,0.0,0.0,1.0,0.0,0.0,0.0,0.0,0.0135,0.0,0.0,0.0
28.0058,0.48047373414327754,0.4995169217772153,0.47809271068287723,-0.5394953156872906,-0.0135,0.0,9.943,0.0,0.0,1.0,0.0,0.0,0.0,0.0,0.0135,0.0,0.0,0.0
28.0259,0.4803483349669738,0.4993303877212183,0.4782113290278832,-0.539674499844137,-0.0135,0.0,9.8602,0.0,0.0,1.0,0.0,0.0,0.0,0.0,0.0135,0.0,0.0,0.0
28.046,0.48028540636136086,0.49914538305019884,0.4783324087752899,-0.5397943328075997,-0.0135,0.0,9.9033,0.0,0.0,1.0,0.0,0.0,0.0,0.0,0.0135,0.0,0.0,0.0
28.0661,0.48027043929197827,0.4990678302586326,0.4783785005905785,-0.539838509293234,-0.0135,0.0,9.9412,0.0,0.0,1.0,0.0,0.0,0.0,0.0,0.0135,0.0,0.0,0.0
28.0862,0.4801132275860552,0.4989726293374406,0.4784651924788766,-0.5399895030971748,-0.0135,0.0,9.8999,0.0,0.0,1.0,0.0,0.0,0.0,0.0,0.0135,0.0,0.0,0.0
28.1063,0.479988135644893,0.49884845532126004,0.4785851118640902,-0.5401091546768756,-0.0135,0.0,9.8268,0.0,0.0,1.0,0.0,0.0,0.0,0.0,0.0135,0.0,0.0,0.0
28.1263,0.47980223132784056,0.4987844382925882,0.47870421935611507,-0.5402278901543542,-0.0135,0.0,9.8727,0.0,0.0,1.0,0.0,0.0,0.0,0.0,0.0135,0.0,0.0,0.0
28.1464,0.47974004640631446,0.4987222065128827,0.4787640381740941,-0.5402875570992021,-0.0135,0.0,9.9495,0.0,0.0,1.0,0.0,0.0,0.0,0.0,0.0135,0.0,0.0,0.0
28.1665,0.4797394605586295,0.4987825979246349,0.4787024530782669,-0.5402868973122676,-0.0135,0.0,9.9785,0.0,0.0,1.0,0.0,0.0,0.0,0.0,0.0135,0.0,0.0,0.0
28.1866,0.47973643840998315,0.49871845575681195,0.4786384374065685,-0.5404054938527586,-0.0135,0.0,9.8198,0.0,0.0,1.0,0.0,0.0,0.0,0.0,0.0135,0.0,0.0,0.0
28.2067,0.4798583670992292,0.49871838152743786,0.47851636607257714,-0.5404054134186757,-0.0135,0.0,9.8221,0.0,0.0,1.0,0.0,0.0,0.0,0.0,0.0135,0.0,0.0,0.0
28.2268,0.4799193475608368,0.49890136130773954,0.4783333464122442,-0.5403443913210622,-0.0135,0.0,9.943,0.0,0.0,1.0,0.0,0.0,0.0,0.0,0.0135,0.0,0.0,0.0
28.2469,0.4798571565790902,0.49920612257038094,0.4781481595829087,-0.5402820503732784,-0.0135,0.0,9.942,0.0,0.0,1.0,0.0,0.0,0.0,0.0,0.0135,0.0,0.0,0.0
28.267,0.4798571136382695,0.49938907756006035,0.47802611702037084,-0.5402210021379101,-0.0135,0.0,9.8323,0.0,0.0,1.0,0.0,0.0,0.0,0.0,0.0135,0.0,0.0,0.0
28.2871,0.4799167966290582,0.49950970667503075,0.4778418061556549,-0.5402195197700926,-0.0135,0.0,9.8711,0.0,0.0,1.0,0.0,0.0,0.0,0.0,0.0135,0.0,0.0,0.0
28.3072,0.47997764085161604,0.49969254395047336,0.47765865224972653,-0.5401583450561477,-0.0135,0.0,9.9835,0.0,0.0,1.0,0.0,0.0,0.0,0.0,0.0135,0.0,0.0,0.0
28.3273,0.4799873026030128,0.4997636034827935,0.4774242636085307,-0.5402912200763856,-0.0135,0.0,9.9458,0.0,0.0,1.0,0.0,0.0,0.0,0.0,0.0135,0.0,0.0,0.0
28.3474,0.48003079054498415,0.49962233305242587,0.4773448532657382,-0.5404533795848809,-0.0135,0.0,9.9025,0.0,0.0,1.0,0.0,0.0,0.0,0.0,0.0135,0.0,0.0,0.0
28.3674,0.48004236899022934,0.4995123839560858,0.47729536687871366,-0.5405884155296621,-0.0135,0.0,9.9008,0.0,0.0,1.0,0.0,0.0,0.0,0.0,0.0135,0.0,0.0,0.0
28.3875,0.4799764088381032,0.4993862636144428,0.4772914289270021,-0.5407669540059791,-0.0135,0.0,9.9361,0.0,0.0,1.0,0.0,0.0,0.0,0.0,0.0135,0.0,0.0,0.0
28.4076,0.4798677025993134,0.4992780950642772,0.47742665324295197,-0.5408439354973649,-0.0135,0.0,9.9025,0.0,0.0,1.0,0.0,0.0,0.0,0.0,0.0135,0.0,0.0,0.0
28.4277,0.4797776007542679,0.49918681596536824,0.47758068958379984,-0.5408721304684668,-0.0135,0.0,9.8198,0.0,0.0,1.0,0.0,0.0,0.0,0.0,0.0135,0.0,0.0,0.0
28.4478,0.47979342940329905,0.4992032849562058,0.4775964457531324,-0.5408289751800749,-0.0135,0.0,9.8675,0.0,0.0,1.0,0.0,0.0,0.0,0.0,0.0135,0.0,0.0,0.0
28.4679,0.4797954805069122,0.49938841845686155,0.4775374876578852,-0.5407082875984894,-0.0135,0.0,9.9495,0.0,0.0,1.0,0.0,0.0,0.0,0.0,0.0135,0.0,0.0,0.0
28.488,0.4796881480747231,0.49952569181446,0.47755208952614847,-0.5406638193953219,-0.0135,0.0,9.951,0.0,0.0,1.0,0.0,0.0,0.0,0.0,0.0135,0.0,0.0,0.0
28.5081,0.4796120274993541,0.49944894591604894,0.47765903553142547,-0.5407077762308351,-0.0135,0.0,9.8685,0.0,0.0,1.0,0.0,0.0,0.0,0.0,0.0135,0.0,0.0,0.0
28.5282,0.47959537229958166,0.49930960658983636,0.47770344578286034,-0.5408119946183797,-0.0135,0.0,9.8263,0.0,0.0,1.0,0.0,0.0,0.0,0.0,0.0135,0.0,0.0,0.0
28.5483,0.4795478154008964,0.4992016029152883,0.4777778345369261,-0.5408881522239513,-0.0135,0.0,9.9046,0.0,0.0,1.0,0.0,0.0,0.0,0.0,0.0135,0.0,0.0,0.0
28.5684,0.4795484403079845,0.4991412540135692,0.4778394565575204,-0.5408888570646976,-0.0135,0.0,9.9438,0.0,0.0,1.0,0.0,0.0,0.0,0.0,0.0135,0.0,0.0,0.0
28.5885,0.47961025051188455,0.49908009830086986,0.47784026434924964,-0.5408897714419831,-0.0135,0.0,9.8616,0.0,0.0,1.0,0.0,0.0,0.0,0.0,0.0135,0.0,0.0,0.0
28.6086,0.4796718179334296,0.4990196895827253,0.4778408300799119,-0.5408904118190117,-0.0135,0.0,9.9008,0.0,0.0,1.0,0.0,0.0,0.0,0.0,0.0135,0.0,0.0,0.0
28.6287,0.4796141919298876,0.49908419972130913,0.4779661912703979,-0.5407712164034353,-0.0135,0.0,9.9348,0.0,0.0,1.0,0.0,0.0,0.0,0.0,0.0135,0.0,0.0,0.0
28.6488,0.4795538525221042,0.49902388713476503,0.47808884991771056,-0.54077196135199,-0.0135,0.0,9.9025,0.0,0.0,1.0,0.0,0.0,0.0,0.0,0.0135,0.0,0.0,0.0
28.6688,0.4795562932555324,0.4989654265438167,0.47821328403268915,-0.5407137132417039,-0.0135,0.0,9.8712,0.0,0.0,1.0,0.0,0.0,0.0,0.0,0.0135,0.0,0.0,0.0
28.6889,0.47954450061732273,0.4988921577020327,0.47838552115891986,-0.5406394177791713,-0.0135,0.0,9.8741,0.0,0.0,1.0,0.0,0.0,0.0,0.0,0.0135,0.0,0.0,0.0
28.7091,0.4795475375034334,0.49895631641922394,0.47844955001054157,-0.5405208429602533,-0.0135,0.0,9.9482,0.0,0.0,1.0,0.0,0.0,0.0,0.0,0.0135,0.0,0.0,0.0
28.7292,0.4795475375034334,0.49895631641922394,0.47844955001054157,-0.5405208429602533,-0.0135,0.0,9.9025,0.0,0.0,1.0,0.0,0.0,0.0,0.0,0.0135,0.0,0.0,0.0
28.7493,0.47968648013668425,0.49885193881562206,0.4784664509382338,-0.5404789350571807,-0.0135,0.0,9.8281,0.0,0.0,1.0,0.0,0.0,0.0,0.0,0.0135,0.0,0.0,0.0
28.7694,0.47979681327966955,0.4987788058925343,0.47851581377819036,-0.5404047896931408,-0.0135,0.0,9.9025,0.0,0.0,1.0,0.0,0.0,0.0,0.0,0.0135,0.0,0.0,0.0
28.7895,0.47986080044965074,0.4988429112285379,0.47851879261774344,-0.5402861530897446,-0.0135,0.0,9.9361,0.0,0.0,1.0,0.0,0.0,0.0,0.0,0.0135,0.0,0.0,0.0
28.8097,0.4797870413225461,0.49889064479948725,0.47862806537877667,-0.5402107871398707,-0.0135,0.0,9.9025,0.0,0.0,1.0,0.0,0.0,0.0,0.0,0.0135,0.0,0.0,0.0
28.8298,0.47979004759175403,0.49895476988492377,0.4786920635021168,-0.5400921737824672,-0.0135,0.0,9.9106,0.0,0.0,1.0,0.0,0.0,0.0,0.0,0.0135,0.0,0.0,0.0
28.8499,0.47979004759175403,0.49895476988492377,0.4786920635021168,-0.5400921737824672,-0.0135,0.0,9.9106,0.0,0.0,1.0,0.0,0.0,0.0,0.0,0.0135,0.0,0.0,0.0
28.8699,0.4797960281640534,0.49908298909794857,0.47882003014095603,-0.5398549065136574,-0.0135,0.0,9.8647,0.0,0.0,1.0,0.0,0.0,0.0,0.0,0.0135,0.0,0.0,0.0
28.89,0.47972258565691567,0.4992540395045545,0.4788686095364015,-0.5397189079972105,-0.0135,0.0,9.8674,0.0,0.0,1.0,0.0,0.0,0.0,0.0,0.0135,0.0,0.0,0.0
28.9101,0.4796774018402241,0.499270499946766,0.4789453981749362,-0.539675702263656,-0.0135,0.0,9.8701,0.0,0.0,1.0,0.0,0.0,0.0,0.0,0.0135,0.0,0.0,0.0
28.9301,0.47973861661572864,0.4990867221451888,0.4790066126231939,-0.5397369438617775,-0.0135,0.0,9.8294,0.0,0.0,1.0,0.0,0.0,0.0,0.0,0.0135,0.0,0.0,0.0
28.9502,0.4797995704707103,0.4989036728187292,0.4790675665490841,-0.5397978919047787,-0.0135,0.0,9.8336,0.0,0.0,1.0,0.0,0.0,0.0,0.0,0.0135,0.0,0.0,0.0
28.9703,0.479845327278306,0.4988268259766643,0.479052348220894,-0.5398417427721476,-0.0135,0.0,9.8712,0.0,0.0,1.0,0.0,0.0,0.0,0.0,0.0135,0.0,0.0,0.0
28.9903,0.4798593487627213,0.49884140211645067,0.47900534636233744,-0.5398575174023308,-0.0135,0.0,9.8706,0.0,0.0,1.0,0.0,0.0,0.0,0.0,0.0135,0.0,0.0,0.0
29.0104,0.4799807058174267,0.4989017336410265,0.47882170411310065,-0.5398567938659375,-0.0135,0.0,9.8675,0.0,0.0,1.0,0.0,0.0,0.0,0.0,0.0135,0.0,0.0,0.0
29.0305,0.4800558654166502,0.4989764118973393,0.4786518248638549,-0.5398715930697127,-0.0135,0.0,9.9688,0.0,0.0,1.0,0.0,0.0,0.0,0.0,0.0135,0.0,0.0,0.0
29.0505,0.48016196568170255,0.4989598860399232,0.4785139726638099,-0.5399147125252368,-0.0135,0.0,9.934,0.0,0.0,1.0,0.0,0.0,0.0,0.0,0.0135,0.0,0.0,0.0
29.0706,0.48029907840736974,0.4988535836412728,0.47846802854840276,-0.5399317021867636,-0.0135,0.0,9.8585,0.0,0.0,1.0,0.0,0.0,0.0,0.0,0.0135,0.0,0.0,0.0
29.0907,0.48045446533936237,0.49876391144382215,0.4784405262648469,-0.5399006669787907,-0.0135,0.0,9.8654,0.0,0.0,1.0,0.0,0.0,0.0,0.0,0.0135,0.0,0.0,0.0
29.1108,0.48045566914436344,0.49882615943166836,0.4784417250238131,-0.5398410214219846,-0.0135,0.0,9.9873,0.0,0.0,1.0,0.0,0.0,0.0,0.0,0.0135,0.0,0.0,0.0
29.1308,0.4803466066383207,0.4989615913942831,0.47839360823765475,-0.5398555579057164,-0.0135,0.0,9.9871,0.0,0.0,1.0,0.0,0.0,0.0,0.0,0.0135,0.0,0.0,0.0
29.1509,0.48035904895318543,0.49897451588909525,0.4782829968791081,-0.539930543198265,-0.0135,0.0,9.943,0.0,0.0,1.0,0.0,0.0,0.0,0.0,0.0135,0.0,0.0,0.0
29.171,0.4804657058552926,0.4988975794836116,0.4782067213432284,-0.5399742978554896,-0.0135,0.0,9.943,0.0,0.0,1.0,0.0,0.0,0.0,0.0,0.0135,0.0,0.0,0.0
29.1911,0.48058635944543504,0.4988351832343111,0.47808338361423575,-0.5400337854195216,-0.0135,0.0,9.9374,0.0,0.0,1.0,0.0,0.0,0.0,0.0,0.0135,0.0,0.0,0.0
29.2111,0.48058574930930215,0.4988955492636361,0.47802177732225076,-0.5400330998109542,-0.0135,0.0,9.9396,0.0,0.0,1.0,0.0,0.0,0.0,0.0,0.0135,0.0,0.0,0.0
29.2312,0.4805388364814135,0.4989101743063152,0.47803579045366706,-0.5400489307943023,-0.0135,0.0,9.9031,0.0,0.5,1.0,0.0,0.0,0.0,0.0,0.0135,0.0,0.0,0.0
29.2513,0.48041636383993563,0.49897068686262913,0.4780963234490416,-0.540048402007783,-0.0135,0.0,9.8616,0.0,0.5,1.0,0.0,0.0,0.0,0.0,0.0135,0.0,0.0,0.0
29.2713,0.48015833749322406,0.49914011364115746,0.4782653598171079,-0.5399716321151027,-0.0135,0.3233,9.2848,0.0,0.5,1.0,0.0,0.0,0.0,0.0,0.0135,0.0,0.0,0.0
29.2914,0.48048269338347577,0.49818319783410114,0.47822362900189613,-0.5406034067770998,-0.0135,0.254,12.4529,0.0,0.5,1.0,0.0,0.0,0.0,0.0,0.0135,0.0,0.0,0.0
29.3115,0.4834438238604258,0.49357550580936826,0.475754065255277,-0.5443559117244101,-0.0135,0.3348,7.2873,0.0,0.5,1.0,0.0,0.0,0.0,0.0,0.0135,0.0,0.0,0.0
29.3316,0.4833135445252554,0.49411702022657933,0.4761728910651337,-0.5436136181291933,-0.0135,0.3387,13.3796,0.0,0.5,1.0,0.0,0.0,0.0,0.0,0.0135,0.0,0.0,0.0
29.3516,0.4830842334209767,0.4948030207589434,0.4763703552584108,-0.5430201457578415,-0.0135,0.3887,6.1228,0.0,0.5,1.0,0.0,0.0,0.0,0.0,0.0135,0.0,0.0,0.0
29.3717,0.48260074690758376,0.49590662964471305,0.4766807990792504,-0.5421702219301898,-0.0135,0.381,11.4427,0.0,0.5,1.0,0.0,0.0,0.0,0.0,0.0135,0.0,0.0,0.0
29.3918,0.4835754555142019,0.49413431261553004,0.47551856455242525,-0.5439376386004289,-0.0135,0.4811,6.8035,0.0,0.5,1.0,0.0,0.0,0.0,0.0,0.0135,0.0,0.0,0.0
29.4119,0.48558779816771125,0.491934690965367,0.4739299950741126,-0.5455227858343724,-0.0135,0.4811,7.2812,0.0,0.5,1.0,0.0,0.0,0.0,0.0,0.0135,0.0,0.0,0.0
29.4319,0.4871235346890106,0.48999154372471015,0.47216948757609134,-0.5474257246718418,-0.0135,0.4887,8.8919,0.0,0.5,1.0,0.0,0.0,0.0,0.0,0.0135,0.0,0.0,0.0
29.452,0.48681350832494313,0.49078148801549004,0.4725925811124255,-0.546628202173248,-0.0135,0.4887,8.6939,0.0,0.5,1.0,0.0,0.0,0.0,0.0,0.0135,0.0,0.0,0.0
29.4721,0.4849269374237547,0.4932889880765114,0.4743068730931787,-0.5445592986441796,-0.0135,0.4887,9.6237,0.0,0.5,1.0,0.0,0.0,0.0,0.0,0.0135,0.0,0.0,0.0
29.4922,0.4832775426081881,0.49536258118328796,0.4756485182565592,-0.5429707331471568,-0.0135,0.4887,9.6729,0.0,0.5,1.0,0.0,0.0,0.0,0.0,0.0135,0.0,0.0,0.0
29.5123,0.4825302817218153,0.4963238895711942,0.4761214639237387,-0.5423425812652947,-0.0135,0.4887,9.8866,0.0,0.5,1.0,0.0,0.0,0.0,0.0,0.0135,0.0,0.0,0.0
29.5323,0.4822449922471282,0.4966491712295987,0.47632391867345375,-0.5421207362470885,-0.0135,0.4887,9.7494,0.0,0.5,1.0,0.0,0.0,0.0,0.0,0.0135,0.0,0.0,0.0
29.5524,0.4819352398132527,0.4971322789087346,0.4766252261528586,-0.5416883935325614,-0.0135,0.4887,9.943,0.0,0.5,1.0,0.0,0.0,0.0,0.0,0.0135,0.0,0.0,0.0
29.5725,0.48138477644466543,0.49780380292756665,0.4771737696525651,-0.5410778727260364,-0.0135,0.4887,9.9798,0.0,0.5,1.0,0.0,0.0,0.0,0.0,0.0135,0.0,0.0,0.0
29.5925,0.48101698266049936,0.4983509459995782,0.47759898988947297,-0.5405258568006431,-0.0135,0.4887,10.0711,0.0,0.5,1.0,0.0,0.0,0.0,0.0,0.0135,0.0,0.0,0.0
29.6126,0.4808391872574743,0.49860034192566594,0.4777871606797298,-0.5402877049487453,-0.0135,0.4887,10.067,0.0,0.5,1.0,0.0,0.0,0.0,0.0,0.0135,0.0,0.0,0.0
29.6327,0.4808854643563407,0.49846307925115313,0.4778335312206617,-0.5403321619480357,-0.0135,0.4887,9.9412,0.0,0.5,1.0,0.0,0.0,0.0,0.0,0.0135,0.0,0.0,0.0
29.6527,0.4810778517967453,0.4981678110076157,0.4776598599545712,-0.5405867097651298,-0.0135,0.4887,9.8616,0.0,0.5,1.0,0.0,0.0,0.0,0.0,0.0135,0.0,0.0,0.0
29.6728,0.4811893868647748,0.4978519847258093,0.4774054781864963,-0.5410029433106602,-0.0135,0.4887,9.8922,0.0,0.5,1.0,0.0,0.0,0.0,0.0,0.0135,0.0,0.0,0.0
29.6929,0.4813778530460014,0.4977356441652044,0.4769839091544635,-0.541314087690315,-0.0135,0.4887,9.879,0.0,0.5,1.0,0.0,0.0,0.0,0.0,0.0135,0.0,0.0,0.0
29.7129,0.4818079537995757,0.49749382207039516,0.4763139999375406,-0.5417434504641074,-0.0135,0.4887,9.9412,0.0,0.5,1.0,0.0,0.0,0.0,0.0,0.0135,0.0,0.0,0.0
29.733,0.4825514378472612,0.4968336579874651,0.4754713287174025,-0.5424273607498458,-0.0135,0.4887,10.0195,0.0,0.5,1.0,0.0,0.0,0.0,0.0,0.0135,0.0,0.0,0.0
29.7531,0.48334663820134105,0.49573788528971363,0.4746184641566863,-0.5434678370515524,-0.0135,0.4887,9.9785,0.0,0.5,1.0,0.0,0.0,0.0,0.0,0.0135,0.0,0.0,0.0
29.7732,0.4840165088609396,0.49451467172572533,0.47388435167423654,-0.5446254491266037,-0.0135,0.4887,9.9317,0.0,0.5,1.0,0.0,0.0,0.0,0.0,0.0135,0.0,0.0,0.0
29.7932,0.48462335834189574,0.493290436287146,0.4732102557009427,-0.5457809083473957,-0.0135,0.4887,9.806,0.0,0.5,1.0,0.0,0.0,0.0,0.0,0.0135,0.0,0.0,0.0
29.8133,0.4852927790016624,0.4921898042849964,0.47247473201285917,-0.5468160045354541,-0.0135,0.4887,9.8474,0.0,0.5,1.0,0.0,0.0,0.0,0.0,0.0135,0.0,0.0,0.0
29.8334,0.48583979133039684,0.49121078902353776,0.4718017973597563,-0.5477907647222737,-0.0135,0.4887,9.8037,0.0,0.5,1.0,0.0,0.0,0.0,0.0,0.0135,0.0,0.0,0.0
29.8535,0.48621045004473445,0.49054448971206427,0.4712563131768864,-0.5485280204067572,-0.0135,0.4887,9.8527,0.0,0.5,1.0,0.0,0.0,0.0,0.0,0.0135,0.0,0.0,0.0
29.8736,0.48637958354798017,0.48991951501386416,0.4711818777800411,-0.549000371191084,-0.0135,0.4887,9.9006,0.0,0.5,1.0,0.0,0.0,0.0,0.0,0.0135,0.0,0.0,0.0
29.8936,0.486515766566459,0.4898117988588491,0.47113461587190403,-0.5490163789069892,-0.0135,0.4887,10.0085,0.0,0.5,1.0,0.0,0.0,0.0,0.0,0.0135,0.0,0.0,0.0
29.9137,0.486515766566459,0.4898117988588491,0.47113461587190403,-0.5490163789069892,-0.0135,0.4887,10.0085,0.0,0.5,1.0,0.0,0.0,0.0,0.0,0.0135,0.0,0.0,0.0
29.9338,0.48653269409927263,0.49001184923198554,0.4710290028022186,-0.5489134756078602,-0.0135,0.4887,10.0802,0.0,0.5,1.0,0.0,0.0,0.0,0.0,0.0135,0.0,0.0,0.0
29.9539,0.4863306454003089,0.4904196676425853,0.4711935630620014,-0.5485869840442728,-0.0135,0.4887,10.0484,0.0,0.5,1.0,0.0,0.0,0.0,0.0,0.0135,0.0,0.0,0.0
29.9739,0.4860382037820745,0.4909823584403903,0.47138974556301955,-0.5481741474592162,-0.0135,0.4887,10.0037,0.0,0.5,1.0,0.0,0.0,0.0,0.0,0.0135,0.0,0.0,0.0
29.994,0.48565872280039785,0.49163974401716026,0.47168167321894205,-0.5476699427757622,-0.0135,0.4887,9.9271,0.0,0.5,1.0,0.0,0.0,0.0,0.0,0.0135,0.0,0.0,0.0
30.0141,0.4850453803459491,0.4926143706764301,0.47228939664194397,-0.5468133014363377,-0.0135,0.4887,9.7703,0.0,0.5,1.0,0.0,0.0,0.0,0.0,0.0135,0.0,0.0,0.0
30.0341,0.48402043942923234,0.4939696745713091,0.4734611898699613,-0.5454838920679219,-0.0135,0.4887,9.7505,0.0,0.5,1.0,0.0,0.0,0.0,0.0,0.0135,0.0,0.0,0.0
30.0542,0.4826594534122971,0.4955982779155803,0.4747855602104383,-0.5440596206065234,-0.0135,0.4887,9.9063,0.0,0.5,1.0,0.0,0.0,0.0,0.0,0.0135,0.0,0.0,0.0
30.0743,0.481392605054931,0.4970788854524756,0.475899506863951,-0.5428567037463939,-0.0135,0.4887,9.9159,0.0,0.5,1.0,0.0,0.0,0.0,0.0,0.0135,0.0,0.0,0.0
30.0943,0.480522706528905,0.49797844158221793,0.47655476675509967,-0.5422277699569379,-0.0135,0.4887,9.9027,0.0,0.5,1.0,0.0,0.0,0.0,0.0,0.0135,0.0,0.0,0.0
30.1144,0.4801140788019619,0.49836349991380047,0.4768180027438426,-0.5420045069454533,-0.0135,0.4887,9.8485,0.0,0.5,1.0,0.0,0.0,0.0,0.0,0.0135,0.0,0.0,0.0
30.1345,0.4799216511024419,0.4982937525905138,0.47674863357459224,-0.5422999956823983,-0.0135,0.4887,9.7242,0.0,0.5,1.0,0.0,0.0,0.0,0.0,0.0135,0.0,0.0,0.0
30.1545,0.47992823540668506,0.49805658425607907,0.4766331719987662,-0.5426134416773947,-0.0135,0.4887,9.8276,0.0,0.5,1.0,0.0,0.0,0.0,0.0,0.0135,0.0,0.0,0.0
30.1746,0.4802794009446508,0.4974301652925636,0.4761894571406182,-0.5432665354992737,-0.0135,0.4887,9.8191,0.0,0.5,1.0,0.0,0.0,0.0,0.0,0.0135,0.0,0.0,0.0
30.1947,0.4802794009446508,0.4974301652925636,0.4761894571406182,-0.5432665354992737,-0.0135,0.4887,9.8191,0.0,0.5,1.0,0.0,0.0,0.0,0.0,0.0135,0.0,0.0,0.0
30.2147,0.4814515267691634,0.4956117187309686,0.47486043741745027,-0.5450513889569356,-0.0135,0.4887,9.8507,0.0,0.5,1.0,0.0,0.0,0.0,0.0,0.0135,0.0,0.0,0.0
30.2349,0.4819190652053753,0.4948576642348946,0.474289301653692,-0.545820084896493,-0.0135,0.4887,9.8492,0.0,0.5,1.0,0.0,0.0,0.0,0.0,0.0135,0.0,0.0,0.0
30.2549,0.4822976216513614,0.4943215623578426,0.47381366348820547,-0.5463843056214438,-0.0135,0.4887,9.7797,0.0,0.5,1.0,0.0,0.0,0.0,0.0,0.0135,0.0,0.0,0.0
30.275,0.4826549513570355,0.49394669287337106,0.4735001609229184,-0.5466794857464178,-0.0135,0.4887,9.7775,0.0,0.5,1.0,0.0,0.0,0.0,0.0,0.0135,0.0,0.0,0.0
30.2951,0.48285801341141754,0.49372221621126094,0.4736418413750261,-0.5465802029004482,-0.0135,0.4887,9.7883,0.0,0.5,1.0,0.0,0.0,0.0,0.0,0.0135,0.0,0.0,0.0
30.3152,0.4829164479265572,0.4938415937996963,0.47388332731584176,-0.5462112930427558,-0.0135,0.4887,9.8476,0.0,0.5,1.0,0.0,0.0,0.0,0.0,0.0135,0.0,0.0,0.0
30.3353,0.48284493729895106,0.49413684228783933,0.4738730127895369,-0.546016405768492,-0.0135,0.4887,9.8497,0.0,0.5,1.0,0.0,0.0,0.0,0.0,0.0135,0.0,0.0,0.0
30.3553,0.4828403874273356,0.4943761816598217,0.4735635529010896,-0.5460722595409627,-0.0135,0.4887,9.8896,0.0,0.5,1.0,0.0,0.0,0.0,0.0,0.0135,0.0,0.0,0.0
30.3754,0.4830909831022543,0.4943829359585173,0.47308102489368264,-0.546262719361185,-0.0135,0.4887,9.9979,0.0,0.5,1.0,0.0,0.0,0.0,0.0,0.0135,0.0,0.0,0.0
30.3955,0.4835234686261839,0.49402152222393386,0.4726584131547082,-0.5465727905241207,-0.0135,0.4887,10.0711,0.0,0.5,1.0,0.0,0.0,0.0,0.0,0.0135,0.0,0.0,0.0
30.4155,0.4840116982880372,0.4934107506862554,0.4722316326160496,-0.5470610497781179,-0.0135,0.4887,10.0962,0.0,0.5,1.0,0.0,0.0,0.0,0.0,0.0135,0.0,0.0,0.0
30.4356,0.4845636664661339,0.49286476353879677,0.47180751729628856,-0.547430401626961,-0.0135,0.4887,9.9687,0.0,0.5,1.0,0.0,0.0,0.0,0.0,0.0135,0.0,0.0,0.0
30.4557,0.48493728581435525,0.49238448984521255,0.47163192128762527,-0.5476830048572071,-0.0135,0.4887,9.9347,0.0,0.5,1.0,0.0,0.0,0.0,0.0,0.0135,0.0,0.0,0.0
30.4757,0.4852215517552001,0.4919354486955816,0.4715507616044768,-0.547904589558429,-0.0135,0.4887,9.9643,0.0,0.5,1.0,0.0,0.0,0.0,0.0,0.0135,0.0,0.0,0.0
30.4958,0.48559611236768174,0.4913941137093481,0.4714361090910355,-0.548157126844396,-0.0135,0.4887,9.9375,0.0,0.5,1.0,0.0,0.0,0.0,0.0,0.0135,0.0,0.0,0.0
30.5159,0.48559611236768174,0.4913941137093481,0.4714361090910355,-0.548157126844396,-0.0135,0.4887,9.9375,0.0,0.5,1.0,0.0,0.0,0.0,0.0,0.0135,0.0,0.0,0.0
30.5359,0.48608877086098895,0.49054481459613863,0.47180663068473017,-0.5481623801006557,-0.0135,0.4887,9.8372,0.0,0.5,1.0,0.0,0.0,0.0,0.0,0.0135,0.0,0.0,0.0
30.556,0.4860161950155811,0.4905331317714246,0.4724053855881322,-0.5477213310474799,-0.0135,0.4887,9.7588,0.0,0.5,1.0,0.0,0.0,0.0,0.0,0.0135,0.0,0.0,0.0
30.5761,0.48560237811129625,0.49127845266331,0.47302821295678216,-0.5468821829867114,-0.0135,0.4887,9.848,0.0,0.5,1.0,0.0,0.0,0.0,0.0,0.0135,0.0,0.0,0.0
30.5962,0.48511243208245014,0.49243751410559955,0.4734553015508662,-0.5459041128018053,-0.0135,0.4887,10.0502,0.0,0.5,1.0,0.0,0.0,0.0,0.0,0.0135,0.0,0.0,0.0
30.6162,0.4847947810195076,0.4934616519628948,0.4735039491489888,-0.5452188812565194,-0.0135,0.4887,10.0949,0.0,0.5,1.0,0.0,0.0,0.0,0.0,0.0135,0.0,0.0,0.0
30.6363,0.4847354357369035,0.49395232993645954,0.47326156744508335,-0.5450377435285747,-0.0135,0.4887,10.105,0.0,0.5,1.0,0.0,0.0,0.0,0.0,0.0135,0.0,0.0,0.0
30.6564,0.48498947828572353,0.49383956000542334,0.4729653672577382,-0.5451710339889166,-0.0135,0.4887,10.0811,0.0,0.5,1.0,0.0,0.0,0.0,0.0,0.0135,0.0,0.0,0.0
30.6764,0.485424688383984,0.49317587502229865,0.47285038561141673,-0.5454841345359522,-0.0135,0.4887,9.9515,0.0,0.5,1.0,0.0,0.0,0.0,0.0,0.0135,0.0,0.0,0.0
30.6965,0.48596990369193005,0.49231800693587996,0.47290769125140186,-0.5457238755154551,-0.0135,0.4887,9.848,0.0,0.5,1.0,0.0,0.0,0.0,0.0,0.0135,0.0,0.0,0.0
30.7166,0.4863917286927332,0.4913967567713023,0.47308565404469327,-0.5460240632344376,-0.0135,0.4887,9.8129,0.0,0.5,1.0,0.0,0.0,0.0,0.0,0.0135,0.0,0.0,0.0
30.7366,0.4865077137220366,0.49071968527087556,0.47332480277038785,-0.5463223096844786,-0.0135,0.4887,9.7772,0.0,0.5,1.0,0.0,0.0,0.0,0.0,0.0135,0.0,0.0,0.0
30.7567,0.48650499987086016,0.49028895320287363,0.47356615944725394,-0.5465022599168854,-0.0135,0.4887,9.819,0.0,0.5,1.0,0.0,0.0,0.0,0.0,0.0135,0.0,0.0,0.0
30.7768,0.48639712368047266,0.4901201858621058,0.47376291266710874,-0.5465791288249445,-0.0135,0.4887,9.8627,0.0,0.5,1.0,0.0,0.0,0.0,0.0,0.0135,0.0,0.0,0.0
30.7969,0.48621355216044093,0.49005861188421396,0.4739453616035488,-0.546639490732352,-0.0135,0.4887,9.9021,0.0,0.5,1.0,0.0,0.0,0.0,0.0,0.0135,0.0,0.0,0.0
30.817,0.4860862764455526,0.48999229473826794,0.4739402195629816,-0.546816560858408,-0.0135,0.4887,9.9005,0.0,0.5,1.0,0.0,0.0,0.0,0.0,0.0135,0.0,0.0,0.0
30.837,0.4862652780185646,0.4898052654826238,0.47381432211037194,-0.5469340631759129,-0.0135,0.4887,9.9435,0.0,0.5,1.0,0.0,0.0,0.0,0.0,0.0135,0.0,0.0,0.0
30.8571,0.48650532127788715,0.48955728565390333,0.473688470882277,-0.5470516145526788,-0.0135,0.4887,9.9679,0.0,0.5,1.0,0.0,0.0,0.0,0.0,0.0135,0.0,0.0,0.0
30.8772,0.4868102615947816,0.48931323209035205,0.47362741699106276,-0.5470515514845814,-0.0135,0.4887,9.963,0.0,0.5,1.0,0.0,0.0,0.0,0.0,0.0135,0.0,0.0,0.0
30.8972,0.4871149598862549,0.48918992989738963,0.473443157480359,-0.5470500936633018,-0.0135,0.4887,9.8898,0.0,0.5,1.0,0.0,0.0,0.0,0.0,0.0135,0.0,0.0,0.0
30.9173,0.48742492411747884,0.48913391683908997,0.47338698390333156,-0.546872670936871,-0.0135,0.4887,9.8923,0.0,0.5,1.0,0.0,0.0,0.0,0.0,0.0135,0.0,0.0,0.0
30.9374,0.48760159943210896,0.48937156893846606,0.47331984548307315,-0.5465605836664708,-0.0135,0.4887,9.9619,0.0,0.5,1.0,0.0,0.0,0.0,0.0,0.0135,0.0,0.0,0.0
30.9574,0.48773505369970915,0.4897490663094029,0.47326996313405784,-0.5461464194121367,-0.0135,0.4887,10.0089,0.0,0.5,1.0,0.0,0.0,0.0,0.0,0.0135,0.0,0.0,0.0
30.9775,0.48777988135137884,0.4900988189844605,0.4733762687308919,-0.5457003236037985,-0.0135,0.4887,9.8863,0.0,0.5,1.0,0.0,0.0,0.0,0.0,0.0135,0.0,0.0,0.0
30.9976,0.4879302631877301,0.4903713395482462,0.4734648106867607,-0.545244056048813,-0.0135,0.4887,9.8903,0.0,0.5,1.0,0.0,0.0,0.0,0.0,0.0135,0.0,0.0,0.0
31.0177,0.488037461580437,0.4906624640631352,0.4736334479572802,-0.5447395152086126,-0.0135,0.4887,9.8939,0.0,0.5,1.0,0.0,0.0,0.0,0.0,0.0135,0.0,0.0,0.0
31.0378,0.4880799375092322,0.4909488313393933,0.4737374682844149,-0.5443528550039404,-0.0135,0.4887,9.8939,0.0,0.5,1.0,0.0,0.0,0.0,0.0,0.0135,0.0,0.0,0.0
31.0578,0.48798209312665414,0.49115613275889813,0.4739439178407549,-0.5440737935085727,-0.0135,0.4887,9.8181,0.0,0.5,1.0,0.0,0.0,0.0,0.0,0.0135,0.0,0.0,0.0
31.0779,0.48797528449944405,0.4912712796666452,0.474120304814501,-0.5438222026131226,-0.0135,0.4887,9.8193,0.0,0.5,1.0,0.0,0.0,0.0,0.0,0.0135,0.0,0.0,0.0
31.098,0.4880420844484328,0.4912771181511861,0.474247940740309,-0.5436456637294835,-0.0135,0.4887,9.8208,0.0,0.5,1.0,0.0,0.0,0.0,0.0,0.0135,0.0,0.0,0.0
31.118,0.48802952248968223,0.4913254719896709,0.47429673290128893,-0.543570671497077,-0.0135,0.4887,9.8191,0.0,0.5,1.0,0.0,0.0,0.0,0.0,0.0135,0.0,0.0,0.0
31.1381,0.4880320862363424,0.49126705366498935,0.4744212232776676,-0.5435125276300862,-0.0135,0.4887,9.8176,0.0,0.5,1.0,0.0,0.0,0.0,0.0,0.0135,0.0,0.0,0.0
31.1582,0.4880472087459234,0.4911602738635804,0.47449692530735776,-0.5435293692961122,-0.0135,0.4887,9.8583,0.0,0.5,1.0,0.0,0.0,0.0,0.0,0.0135,0.0,0.0,0.0
31.1783,0.48815163698638686,0.4909595946326819,0.4744798432042833,-0.5436318001538009,-0.0135,0.4887,9.8585,0.0,0.5,1.0,0.0,0.0,0.0,0.0,0.0135,0.0,0.0,0.0
31.1983,0.48822369948613553,0.49078771891484063,0.4744295949621265,-0.5437661203555365,-0.0135,0.4887,9.8561,0.0,0.5,1.0,0.0,0.0,0.0,0.0,0.0135,0.0,0.0,0.0
31.2184,0.48826381730426155,0.4905227378096473,0.4744093048641901,-0.5439868563315429,-0.0135,0.4887,9.8115,0.0,0.5,1.0,0.0,0.0,0.0,0.0,0.0135,0.0,0.0,0.0
31.2385,0.48835206841052675,0.49012210490357183,0.4745577840121855,-0.5441392185805912,-0.0135,0.4887,9.776,0.0,0.5,1.0,0.0,0.0,0.0,0.0,0.0135,0.0,0.0,0.0
31.2585,0.48853053726243584,0.4896905504106358,0.4746143795293741,-0.5443181695888459,-0.0135,0.4887,9.8198,0.0,0.5,1.0,0.0,0.0,0.0,0.0,0.0135,0.0,0.0,0.0
31.2786,0.4887821064828164,0.4893311200811531,0.47443775119221043,-0.5445694882620796,-0.0135,0.4887,9.8973,0.0,0.5,1.0,0.0,0.0,0.0,0.0,0.0135,0.0,0.0,0.0
31.2987,0.4889555277171417,0.48901652803249046,0.47424545167155235,-0.5448638167420786,-0.0135,0.4887,9.9692,0.0,0.5,1.0,0.0,0.0,0.0,0.0,0.0135,0.0,0.0,0.0
31.3188,0.4891332934324311,0.48870529580071076,0.4741793761783574,-0.5450409840731124,-0.0135,0.4887,9.8926,0.0,0.5,1.0,0.0,0.0,0.0,0.0,0.0135,0.0,0.0,0.0
31.3389,0.4894360649049752,0.4883980753712594,0.4741162193784578,-0.5450995036378777,-0.0135,0.4887,9.8903,0.0,0.5,1.0,0.0,0.0,0.0,0.0,0.0135,0.0,0.0,0.0
31.359,0.48967736423099417,0.4882123870750707,0.47399160882634167,-0.5451574991032077,-0.0135,0.4887,9.9324,0.0,0.5,1.0,0.0,0.0,0.0,0.0,0.0135,0.0,0.0,0.0
31.379,0.48987395354463176,0.48810393203317537,0.4738827592001712,-0.5451726256014124,-0.0135,0.4887,9.9683,0.0,0.5,1.0,0.0,0.0,0.0,0.0,0.0135,0.0,0.0,0.0
31.3991,0.4899975495427695,0.48804451945183486,0.4738843012810038,-0.545113398729589,-0.0135,0.4887,9.9601,0.0,0.5,1.0,0.0,0.0,0.0,0.0,0.0135,0.0,0.0,0.0
31.4192,0.4901211354076445,0.4879850955938248,0.47388583279652075,-0.5450541593087379,-0.0135,0.4887,9.9264,0.0,0.5,1.0,0.0,0.0,0.0,0.0,0.0135,0.0,0.0,0.0
31.4392,0.49023564224214816,0.48809963508673,0.4739395876519361,-0.5448018250336009,-0.0135,0.4887,10.0092,0.0,0.5,1.0,0.0,0.0,0.0,0.0,0.0135,0.0,0.0,0.0
31.4593,0.4902286490724617,0.48827567038955005,0.4740548256124447,-0.5445500561452358,-0.0135,0.4887,10.0062,0.0,0.5,1.0,0.0,0.0,0.0,0.0,0.0135,0.0,0.0,0.0
31.4794,0.4902971527874912,0.48834414421225797,0.47418408203852414,-0.5443143899653575,-0.0135,0.4887,10.0061,0.0,0.5,1.0,0.0,0.0,0.0,0.0,0.0135,0.0,0.0,0.0
31.4994,0.4904705713410493,0.4882116101609387,0.4742958493010813,-0.5441796483590823,-0.0135,0.4887,9.9338,0.0,0.5,1.0,0.0,0.0,0.0,0.0,0.0135,0.0,0.0,0.0
31.5195,0.49059994469563334,0.4882189498172692,0.47442497948877116,-0.5439438299503391,-0.0135,0.4887,9.9338,0.0,0.5,1.0,0.0,0.0,0.0,0.0,0.0135,0.0,0.0,0.0
31.5396,0.4906558031326359,0.48833583243332,0.47460300587568893,-0.5436331340414098,-0.0135,0.4887,9.9633,0.0,0.5,1.0,0.0,0.0,0.0,0.0,0.0135,0.0,0.0,0.0
31.5596,0.4906654513053281,0.48840643541557344,0.47485734011221636,-0.5433388218060099,-0.0135,0.4887,9.965,0.0,0.5,1.0,0.0,0.0,0.0,0.0,0.0135,0.0,0.0,0.0
31.5797,0.4905883006921005,0.4884513560087855,0.4753296956744574,-0.542954945135638,-0.0135,0.4887,9.8542,0.0,0.5,1.0,0.0,0.0,0.0,0.0,0.0135,0.0,0.0,0.0
31.5998,0.49042376776031604,0.4885317416506938,0.47553156225054244,-0.542854491294927,-0.0135,0.4887,9.9326,0.0,0.5,1.0,0.0,0.0,0.0,0.0,0.0135,0.0,0.0,0.0
31.6199,0.49042376776031604,0.4885317416506938,0.47553156225054244,-0.542854491294927,-0.0135,0.4887,9.9326,0.0,0.5,1.0,0.0,0.0,0.0,0.0,0.0135,0.0,0.0,0.0
31.6399,0.4901827538520059,0.4886567234864448,0.47571746601593745,-0.5427968007873034,-0.0135,0.4887,9.9316,0.0,0.5,1.0,0.0,0.0,0.0,0.0,0.0135,0.0,0.0,0.0
31.66,0.4900639883561335,0.48859894952764066,0.4759646146749593,-0.5427393844326052,-0.0135,0.4887,9.8945,0.0,0.5,1.0,0.0,0.0,0.0,0.0,0.0135,0.0,0.0,0.0
31.6801,0.4900541108118672,0.48852810112491846,0.47619902286122867,-0.5426064444085444,-0.0135,0.4887,9.891,0.0,0.5,1.0,0.0,0.0,0.0,0.0,0.0135,0.0,0.0,0.0
31.7002,0.4899329308948989,0.4885289196300493,0.47632182168844156,-0.5426073535193157,-0.0135,0.4887,9.8939,0.0,0.5,1.0,0.0,0.0,0.0,0.0,0.0135,0.0,0.0,0.0
31.7202,0.4898081378719129,0.48846513475198605,0.4763801066772913,-0.5427262608058561,-0.0135,0.4887,9.8886,0.0,0.5,1.0,0.0,0.0,0.0,0.0,0.0135,0.0,0.0,0.0
31.7403,0.4898036116206218,0.4882166225991461,0.4764367040906502,-0.5429042442793355,-0.0135,0.4887,9.8904,0.0,0.5,1.0,0.0,0.0,0.0,0.0,0.0135,0.0,0.0,0.0
31.7604,0.489738091977114,0.48802911957266565,0.4764933058466773,-0.5430822306051356,-0.0135,0.4887,9.85,0.0,0.5,1.0,0.0,0.0,0.0,0.0,0.0135,0.0,0.0,0.0
31.7804,0.48949309177474504,0.4880891173255052,0.476615326135636,-0.5431421154226872,-0.0135,0.4887,9.9376,0.0,0.5,1.0,0.0,0.0,0.0,0.0,0.0135,0.0,0.0,0.0
31.8005,0.4893698714702641,0.48808789800337765,0.47667513421431795,-0.5432017573071571,-0.0135,0.4887,9.891,0.0,0.5,1.0,0.0,0.0,0.0,0.0,0.0135,0.0,0.0,0.0
31.8206,0.4893841003832806,0.4881020896417476,0.4766279935041906,-0.5432175514354959,-0.0135,0.4887,9.8167,0.0,0.5,1.0,0.0,0.0,0.0,0.0,0.0135,0.0,0.0,0.0
31.8406,0.4893819977206074,0.4881609927363071,0.4765029451466492,-0.5432762177237838,-0.0135,0.4887,9.8157,0.0,0.5,1.0,0.0,0.0,0.0,0.0,0.0135,0.0,0.0,0.0
31.8607,0.48937965090947,0.48821965173693527,0.4763786601835025,-0.5433346124216292,-0.0135,0.4887,9.7723,0.0,0.5,1.0,0.0,0.0,0.0,0.0,0.0135,0.0,0.0,0.0
31.8808,0.4891947386639008,0.48840074233420294,0.47631579819768294,-0.5433934881264787,-0.0135,0.4887,9.7797,0.0,0.5,1.0,0.0,0.0,0.0,0.0,0.0135,0.0,0.0,0.0
31.9009,0.4890700371116623,0.4886420414547922,0.4761301684203065,-0.5434514852703424,-0.0135,0.4887,9.8204,0.0,0.5,1.0,0.0,0.0,0.0,0.0,0.0135,0.0,0.0,0.0
31.9209,0.48900565272885876,0.4888836548113493,0.4758828767331597,-0.5435087223676293,-0.0135,0.4887,9.8191,0.0,0.5,1.0,0.0,0.0,0.0,0.0,0.0135,0.0,0.0,0.0
31.941,0.48909182439103743,0.489030822292611,0.4755413582651906,-0.5435976993521561,-0.0135,0.4887,9.8139,0.0,0.5,1.0,0.0,0.0,0.0,0.0,0.0135,0.0,0.0,0.0
31.9611,0.489254090293717,0.4891930907811735,0.47509420344759706,-0.5436966552346292,-0.0135,0.4887,9.8484,0.0,0.5,1.0,0.0,0.0,0.0,0.0,0.0135,0.0,0.0,0.0
31.9811,0.4893111194027971,0.48943311743795836,0.47472335434595686,-0.5437532425855193,-0.0135,0.4887,9.9638,0.0,0.5,1.0,0.0,0.0,0.0,0.0,0.0135,0.0,0.0,0.0
32.0012,0.48944667214910237,0.48969067497682695,0.47437049743280396,-0.5437073009701662,-0.0135,0.4887,9.9676,0.0,0.5,1.0,0.0,0.0,0.0,0.0,0.0135,0.0,0.0,0.0
32.0213,0.48961018660111594,0.48991517799637696,0.4739246291386037,-0.543746659245862,-0.0135,0.4887,10.0042,0.0,0.5,1.0,0.0,0.0,0.0,0.0,0.0135,0.0,0.0,0.0
32.0413,0.4897444185076336,0.49004941752272474,0.47363147053988414,-0.5437602440786609,-0.0135,0.4887,9.9676,0.0,0.5,1.0,0.0,0.0,0.0,0.0,0.0135,0.0,0.0,0.0
32.0614,0.4898013372146565,0.49022833227799906,0.47332252773263556,-0.5438167127217173,-0.0135,0.4887,9.9676,0.0,0.5,1.0,0.0,0.0,0.0,0.0,0.0135,0.0,0.0,0.0
32.0815,0.48986053665659024,0.4904095282923461,0.47307579238306996,-0.5438147146296489,-0.0135,0.4887,9.9609,0.0,0.5,1.0,0.0,0.0,0.0,0.0,0.0135,0.0,0.0,0.0
32.1015,0.4900575019773372,0.4904855076560243,0.4728452736092002,-0.5437692146127665,-0.0135,0.4887,9.8924,0.0,0.5,1.0,0.0,0.0,0.0,0.0,0.0135,0.0,0.0,0.0
32.1216,0.4901027889776057,0.49059177978748175,0.472708115894177,-0.5437517806951081,-0.0135,0.4887,9.9323,0.0,0.5,1.0,0.0,0.0,0.0,0.0,0.0135,0.0,0.0,0.0
32.1417,0.4900521851233004,0.49060218645340226,0.47259614290828134,-0.5438853153112658,-0.0135,0.4887,9.9344,0.0,0.5,1.0,0.0,0.0,0.0,0.0,0.0135,0.0,0.0,0.0
32.1618,0.4900641773765914,0.49061419216598506,0.4724857047075719,-0.5439596265758259,-0.0135,0.4887,9.8975,0.0,0.5,1.0,0.0,0.0,0.0,0.0,0.0135,0.0,0.0,0.0
32.1819,0.49004791575421935,0.49059791229267113,0.4724700263853014,-0.5440025761763365,-0.0135,0.4887,9.9391,0.0,0.5,1.0,0.0,0.0,0.0,0.0,0.0135,0.0,0.0,0.0
32.202,0.49004791575421935,0.49059791229267113,0.4724700263853014,-0.5440025761763365,-0.0135,0.4887,9.9703,0.0,0.5,1.0,0.0,0.0,0.0,0.0,0.0135,0.0,0.0,0.0
32.2221,0.4899868978760651,0.49065889362163684,0.4724700087760938,-0.5440025559010727,-0.0135,0.4887,9.9391,0.0,0.5,1.0,0.0,0.0,0.0,0.0,0.0135,0.0,0.0,0.0
32.2421,0.4899868978760651,0.49065889362163684,0.4724700087760938,-0.5440025559010727,-0.0135,0.4887,9.8957,0.0,0.5,1.0,0.0,0.0,0.0,0.0,0.0135,0.0,0.0,0.0
32.2622,0.48998903410394373,0.4906610327792591,0.4725330685142003,-0.5439439277447901,-0.0135,0.4887,9.9344,0.0,0.5,1.0,0.0,0.0,0.0,0.0,0.0135,0.0,0.0,0.0
32.2823,0.48980704473432435,0.49072304481798307,0.47265604316791476,-0.5439450496787757,-0.0135,0.4887,9.888,0.0,0.5,1.0,0.0,0.0,0.0,0.0,0.0135,0.0,0.0,0.0
32.3023,0.4896903064884668,0.4907283177367897,0.47290512459723283,-0.5438288931567793,-0.0135,0.4887,9.8147,0.0,0.5,1.0,0.0,0.0,0.0,0.0,0.0135,0.0,0.0,0.0
32.3224,0.4895714130556894,0.4907314329900892,0.4730911298497328,-0.5437713444561533,-0.0135,0.4887,9.77,0.0,0.5,1.0,0.0,0.0,0.0,0.0,0.0135,0.0,0.0,0.0
32.3425,0.4894407611904091,0.4909057604756016,0.473266769082078,-0.543578734775226,-0.0135,0.4887,9.8555,0.0,0.5,1.0,0.0,0.0,0.0,0.0,0.0135,0.0,0.0,0.0
32.3625,0.48915434236825533,0.49116841789230115,0.4734067518632161,-0.5434773793800189,-0.0135,0.4887,9.943,0.0,0.5,1.0,0.0,0.0,0.0,0.0,0.0135,0.0,0.0,0.0
32.3826,0.4889423624915672,0.4913833093859352,0.4734396997699832,-0.5434451767196021,-0.0135,0.4887,9.9425,0.0,0.5,1.0,0.0,0.0,0.0,0.0,0.0135,0.0,0.0,0.0
32.4027,0.4888337863793438,0.49157980203178325,0.47333069801089145,-0.5434600977523091,-0.0135,0.4887,9.9755,0.0,0.5,1.0,0.0,0.0,0.0,0.0,0.0135,0.0,0.0,0.0
32.4227,0.4887832858604001,0.49183436879339526,0.47303485779458276,-0.5435327740333344,-0.0135,0.4887,10.0491,0.0,0.5,1.0,0.0,0.0,0.0,0.0,0.0135,0.0,0.0,0.0
32.4428,0.48871492683153317,0.49213297527745636,0.47266269931428434,-0.543647705424701,-0.0135,0.4887,9.9681,0.0,0.5,1.0,0.0,0.0,0.0,0.0,0.0135,0.0,0.0,0.0
32.4629,0.488645438370102,0.49236942646885273,0.4722884906441982,-0.5438212620373069,-0.0135,0.4887,9.843,0.0,0.5,1.0,0.0,0.0,0.0,0.0,0.0135,0.0,0.0,0.0
32.483,0.48864087382194243,0.49260882407504014,0.4719790827137985,-0.543877181314473,-0.0135,0.4887,9.7636,0.0,0.5,1.0,0.0,0.0,0.0,0.0,0.0135,0.0,0.0,0.0
32.503,0.48859257629023944,0.49280463298309274,0.47180835038025554,-0.5438913205925684,-0.0135,0.4887,9.7292,0.0,0.5,1.0,0.0,0.0,0.0,0.0,0.0135,0.0,0.0,0.0
32.5231,0.48853384911017406,0.49305093093081914,0.47174954508588657,-0.5437718496696105,-0.0135,0.4887,9.8107,0.0,0.5,1.0,0.0,0.0,0.0,0.0,0.0135,0.0,0.0,0.0
32.5432,0.48846187876096087,0.4934058572907894,0.47167795164837134,-0.543576639414582,-0.0135,0.4887,9.7918,0.0,0.5,1.0,0.0,0.0,0.0,0.0,0.0135,0.0,0.0,0.0
32.5632,0.4884481808287605,0.49375800886153404,0.47148173031424656,-0.5434393998506659,-0.0135,0.4887,9.8323,0.0,0.5,1.0,0.0,0.0,0.0,0.0,0.0135,0.0,0.0,0.0
32.5833,0.488522161869619,0.4940161299517266,0.4711882625730673,-0.5433928430915582,-0.0135,0.4887,9.8541,0.0,0.5,1.0,0.0,0.0,0.0,0.0,0.0135,0.0,0.0,0.0
32.6034,0.4886395838914655,0.4941335005100054,0.4708788534470009,-0.5434487520498523,-0.0135,0.4887,9.8508,0.0,0.5,1.0,0.0,0.0,0.0,0.0,0.0135,0.0,0.0,0.0
32.6234,0.4888335985663925,0.4941436267937094,0.47058350155160295,-0.5435208892758613,-0.0135,0.4887,9.8119,0.0,0.5,1.0,0.0,0.0,0.0,0.0,0.0135,0.0,0.0,0.0
32.6435,0.4890724940246371,0.4941994677543602,0.47021259066154436,-0.543576214751149,-0.0135,0.4887,9.8119,0.0,0.5,1.0,0.0,0.0,0.0,0.0,0.0135,0.0,0.0,0.0
32.6636,0.4891889858206877,0.4943769008292378,0.46984130278571684,-0.5436310939183165,-0.0135,0.4887,9.8854,0.0,0.5,1.0,0.0,0.0,0.0,0.0,0.0135,0.0,0.0,0.0
32.6837,0.4893063606313113,0.49449422662252596,0.4695308714558556,-0.5436869559154753,-0.0135,0.4887,9.8456,0.0,0.5,1.0,0.0,0.0,0.0,0.0,0.0135,0.0,0.0,0.0
32.7037,0.48950153227343257,0.49468952731622,0.4691765516942777,-0.5436394805437545,-0.0135,0.4887,9.8446,0.0,0.5,1.0,0.0,0.0,0.0,0.0,0.0135,0.0,0.0,0.0
32.7238,0.48950153227343257,0.49468952731622,0.4691765516942777,-0.5436394805437545,-0.0135,0.4887,9.8446,0.0,0.5,1.0,0.0,0.0,0.0,0.0,0.0135,0.0,0.0,0.0
32.7439,0.48950590081194795,0.49487694361312334,0.4691807388432475,-0.5434613307760925,-0.0135,0.4887,9.8551,0.0,0.5,1.0,0.0,0.0,0.0,0.0,0.0135,0.0,0.0,0.0
32.7639,0.48943217660457394,0.49498607647986376,0.4692295408140656,-0.543386203931054,-0.0135,0.4887,9.9066,0.0,0.5,1.0,0.0,0.0,0.0,0.0,0.0135,0.0,0.0,0.0
32.784,0.4894587458585066,0.4949519450204091,0.46913300892683535,-0.5434767043382683,-0.0135,0.4887,9.9438,0.0,0.5,1.0,0.0,0.0,0.0,0.0,0.0135,0.0,0.0,0.0
32.8041,0.4896936964623689,0.49475978643097807,0.46881932575476015,-0.5437106557486681,-0.0135,0.4887,9.9701,0.0,0.5,1.0,0.0,0.0,0.0,0.0,0.0135,0.0,0.0,0.0
32.8241,0.4899866923927459,0.49438166272492834,0.46850283741740817,-0.5440633273537093,-0.0135,0.4887,9.9681,0.0,0.5,1.0,0.0,0.0,0.0,0.0,0.0135,0.0,0.0,0.0
32.8442,0.4901106136794898,0.494139602283145,0.4681996756564844,-0.5444324600254214,-0.0135,0.4887,9.9295,0.0,0.5,1.0,0.0,0.0,0.0,0.0,0.0135,0.0,0.0,0.0
32.8643,0.49022447686239184,0.4939484045210927,0.4680089084236975,-0.5446674192496926,-0.0135,0.4887,9.9296,0.0,0.5,1.0,0.0,0.0,0.0,0.0,0.0135,0.0,0.0,0.0
32.8843,0.4904138304972873,0.4937098091956584,0.46776997684258015,-0.5449184782384029,-0.0135,0.4887,9.9272,0.0,0.5,1.0,0.0,0.0,0.0,0.0,0.0135,0.0,0.0,0.0
32.9044,0.490544605836904,0.49353463391096997,0.46759439035201605,-0.5451101181651354,-0.0135,0.4887,9.9264,0.0,0.5,1.0,0.0,0.0,0.0,0.0,0.0135,0.0,0.0,0.0
32.9245,0.49060027087164576,0.4933462667905564,0.46752830516111804,-0.5452871895961442,-0.0135,0.4887,9.9599,0.0,0.5,1.0,0.0,0.0,0.0,0.0,0.0135,0.0,0.0,0.0
32.9445,0.49067222368819496,0.49317427582116585,0.46747774040596807,-0.5454213644459492,-0.0135,0.4887,9.9288,0.0,0.5,1.0,0.0,0.0,0.0,0.0,0.0135,0.0,0.0,0.0
32.9646,0.4907317303526665,0.4930507716095217,0.4674763166277113,-0.5454807043631527,-0.0135,0.4887,9.8866,0.0,0.5,1.0,0.0,0.0,0.0,0.0,0.0135,0.0,0.0,0.0
32.9847,0.49059402412759123,0.49309598855156755,0.4675223521891488,-0.5455242430618225,-0.0135,0.4887,9.927,0.0,0.5,1.0,0.0,0.0,0.0,0.0,0.0135,0.0,0.0,0.0
33.0047,0.4903049052669625,0.49317396322841606,0.4677214490301178,-0.5455430212017186,-0.0135,0.4887,9.8931,0.0,0.5,1.0,0.0,0.0,0.0,0.0,0.0135,0.0,0.0,0.0
33.0248,0.490043139954592,0.4930950910028325,0.4678884953039454,-0.5457062471463585,-0.0135,0.4887,9.8446,0.0,0.5,1.0,0.0,0.0,0.0,0.0,0.0135,0.0,0.0,0.0
33.0449,0.4899332928584133,0.4929853196006634,0.4679611003352416,-0.5458417827357797,-0.0135,0.4887,9.8082,0.0,0.5,1.0,0.0,0.0,0.0,0.0,0.0135,0.0,0.0,0.0
33.065,0.48979544576106343,0.4928473737663037,0.46812895687196027,-0.545946121170715,-0.0135,0.4887,9.8435,0.0,0.5,1.0,0.0,0.0,0.0,0.0,0.0135,0.0,0.0,0.0
33.085,0.48950258816585945,0.4926765919796098,0.4683845627913225,-0.5461436562234006,-0.0135,0.4887,9.8446,0.0,0.5,1.0,0.0,0.0,0.0,0.0,0.0135,0.0,0.0,0.0
33.1051,0.48927026190784834,0.4925053429842372,0.4685787433447686,-0.5463396921605108,-0.0135,0.4887,9.8538,0.0,0.5,1.0,0.0,0.0,0.0,0.0,0.0135,0.0,0.0,0.0
33.1252,0.4891290466160876,0.4922420023627835,0.46874333641623406,-0.5465622301547116,-0.0135,0.4887,9.8922,0.0,0.5,1.0,0.0,0.0,0.0,0.0,0.0135,0.0,0.0,0.0
33.1452,0.4890166625990605,0.49194567854697335,0.4688745529292552,-0.5468169773103483,-0.0135,0.4887,9.8934,0.0,0.5,1.0,0.0,0.0,0.0,0.0,0.0135,0.0,0.0,0.0
33.1653,0.48901008633468485,0.49169506484615605,0.46886824753466444,-0.5470536217983126,-0.0135,0.4887,9.9326,0.0,0.5,1.0,0.0,0.0,0.0,0.0,0.0135,0.0,0.0,0.0
33.1854,0.48901576952583525,0.49139577813800467,0.4688126964200951,-0.5473649806651134,-0.0135,0.4887,9.97,0.0,0.5,1.0,0.0,0.0,0.0,0.0,0.0135,0.0,0.0,0.0
33.2055,0.48914450199548565,0.49109753594186695,0.46869714659269046,-0.5476165183185083,-0.0135,0.4887,9.8891,0.0,0.5,1.0,0.0,0.0,0.0,0.0,0.0135,0.0,0.0,0.0
33.2255,0.4892722158813423,0.49085926199321717,0.46851961291119243,-0.5478679183887135,-0.0135,0.4887,9.8541,0.0,0.5,1.0,0.0,0.0,0.0,0.0,0.0135,0.0,0.0,0.0
33.2456,0.48938718408946713,0.4907302038046825,0.46832987497309153,-0.5480430451437964,-0.0135,0.4887,9.9659,0.0,0.5,1.0,0.0,0.0,0.0,0.0,0.0135,0.0,0.0,0.0
33.2657,0.48945264889385826,0.4906736779541522,0.46802913901778914,-0.5482920492620676,-0.0135,0.4887,10.0044,0.0,0.5,1.0,0.0,0.0,0.0,0.0,0.0135,0.0,0.0,0.0
33.2858,0.4894925084737305,0.49059148716393514,0.46788692741771143,-0.5484513652293946,-0.0135,0.4887,9.8848,0.0,0.5,1.0,0.0,0.0,0.0,0.0,0.0135,0.0,0.0,0.0
33.3059,0.4896867028544368,0.4904807056155308,0.4677136264444579,-0.5485249074605598,-0.0135,0.4887,9.9324,0.0,0.5,1.0,0.0,0.0,0.0,0.0,0.0135,0.0,0.0,0.0
33.326,0.489851326292769,0.49046230549607445,0.46751308664850943,-0.548565327767873,-0.0135,0.4887,9.9587,0.0,0.5,1.0,0.0,0.0,0.0,0.0,0.0135,0.0,0.0,0.0
33.3461,0.48998594824626346,0.4904749442026961,0.46734213549072073,-0.5485794637293172,-0.0135,0.4887,9.8905,0.0,0.5,1.0,0.0,0.0,0.0,0.0,0.0135,0.0,0.0,0.0
33.3662,0.4901654004335698,0.49040939665063144,0.46715575717705343,-0.5486364938927194,-0.0135,0.4887,9.8863,0.0,0.5,1.0,0.0,0.0,0.0,0.0,0.0135,0.0,0.0,0.0
33.3862,0.4902396769222907,0.4904226790414354,0.4670464083467561,-0.5486513533231686,-0.0135,0.4887,9.8897,0.0,0.5,1.0,0.0,0.0,0.0,0.0,0.0135,0.0,0.0,0.0
33.4063,0.49011811759106877,0.4904851221719726,0.4671078303796346,-0.5486518482015377,-0.0135,0.4887,9.8867,0.0,0.5,1.0,0.0,0.0,0.0,0.0,0.0135,0.0,0.0,0.0
33.4264,0.48998455813113584,0.49059555134531996,0.4672188109721868,-0.5485779073813976,-0.0135,0.4887,9.8922,0.0,0.5,1.0,0.0,0.0,0.0,0.0,0.0135,0.0,0.0,0.0
33.4464,0.4898649449895756,0.4907199396574576,0.46728208582608755,-0.5485195791938172,-0.0135,0.4887,9.8904,0.0,0.5,1.0,0.0,0.0,0.0,0.0,0.0135,0.0,0.0,0.0
33.4665,0.4897558237369091,0.4907328433343962,0.46729437319529227,-0.5485950039589675,-0.0135,0.4887,9.888,0.0,0.5,1.0,0.0,0.0,0.0,0.0,0.0135,0.0,0.0,0.0
33.4866,0.48974186267405734,0.49071885442045765,0.4673420519070498,-0.548579365616432,-0.0135,0.4887,9.9287,0.0,0.5,1.0,0.0,0.0,0.0,0.0,0.0135,0.0,0.0,0.0
33.5067,0.4896920274791904,0.49060804062472463,0.4673527068917564,-0.5487138744907372,-0.0135,0.4887,9.9324,0.0,0.5,1.0,0.0,0.0,0.0,0.0,0.0135,0.0,0.0,0.0
33.5268,0.4896877315026787,0.4903587352455713,0.4674096072341866,-0.5488920617473965,-0.0135,0.4887,9.8139,0.0,0.5,1.0,0.0,0.0,0.0,0.0,0.0135,0.0,0.0,0.0
33.5468,0.4896817879719824,0.4902307843708849,0.4673429345018821,-0.5490683984303223,-0.0135,0.4887,9.8174,0.0,0.5,1.0,0.0,0.0,0.0,0.0,0.0135,0.0,0.0,0.0
33.5669,0.48969085375391236,0.4902398603167249,0.46716858452319143,-0.5492005651317198,-0.0135,0.4887,9.8932,0.0,0.5,1.0,0.0,0.0,0.0,0.0,0.0135,0.0,0.0,0.0
33.587,0.48968594570248863,0.4902349467627431,0.46704190197134093,-0.5493170608646544,-0.0135,0.4887,9.8844,0.0,0.5,1.0,0.0,0.0,0.0,0.0,0.0135,0.0,0.0,0.0
33.607,0.48973999591726003,0.49010599143025185,0.4669132757668081,-0.549493263358015,-0.0135,0.4887,9.888,0.0,0.5,1.0,0.0,0.0,0.0,0.0,0.0135,0.0,0.0,0.0
33.6271,0.4899790638831697,0.4898570666060952,0.4667865815291578,-0.5496097329529084,-0.0135,0.4887,9.85,0.0,0.5,1.0,0.0,0.0,0.0,0.0,0.0135,0.0,0.0,0.0
33.6472,0.4903429144322293,0.48967193233843603,0.4666015480077337,-0.5496073328685093,-0.0135,0.4887,9.8527,0.0,0.5,1.0,0.0,0.0,0.0,0.0,0.0135,0.0,0.0,0.0
33.6673,0.49066179890892697,0.4894407994093368,0.46649180881466906,-0.5496217747449819,-0.0135,0.4887,9.8872,0.0,0.0,1.0,0.0,0.0,0.0,0.0,0.0135,0.0,0.0,0.0
33.6873,0.49096407881292603,0.4891330897071277,0.466428224798799,-0.549679729460688,-0.0135,0.4887,9.8509,0.0,0.0,1.0,0.0,0.0,0.0,0.0,0.0135,0.0,0.0,0.0
33.7074,0.491451092075577,0.4887041139190181,0.46636629154507914,-0.5496786290614184,-0.0135,0.2501,10.4332,0.0,0.0,1.0,0.0,0.0,0.0,0.0,0.0135,0.0,0.0,0.0
33.7275,0.4915078311799582,0.48888387478989914,0.466484247069884,-0.5493678695508425,-0.0135,0.2809,11.2889,0.0,0.0,1.0,0.0,0.0,0.0,0.0,0.0135,0.0,0.0,0.0
33.7476,0.48974109945395916,0.491328083573959,0.4685623113774148,-0.5469915265832029,-0.0135,0.1809,11.8619,0.0,0.0,1.0,0.0,0.0,0.0,0.0,0.0135,0.0,0.0,0.0
33.7676,0.489070803429577,0.4922447761946652,0.4692949731200679,-0.5461383137503236,-0.0135,0.2578,12.3635,0.0,0.0,1.0,0.0,0.0,0.0,0.0,0.0135,0.0,0.0,0.0
33.7877,0.489384933992521,0.49182595860299894,0.4691817303032594,-0.546331508129466,-0.0135,0.0693,11.8229,0.0,0.0,1.0,0.0,0.0,0.0,0.0,0.0135,0.0,0.0,0.0
33.8078,0.4905001893914302,0.4908052025678646,0.46828222958538473,-0.5470206310495334,-0.027,0.2117,12.6713,0.0,0.0,1.0,0.0,0.0,0.0,0.0,0.0135,0.0,0.0,0.0
33.8279,0.4901128793671985,0.4915168818862787,0.46875084103913855,-0.5463269802273032,-0.027,0.0231,13.0004,0.0,0.0,1.0,0.0,0.0,0.0,0.0,0.0135,0.0,0.0,0.0
33.848,0.4903619425583115,0.4914609558769444,0.46875568071810797,-0.5461496186334498,-0.027,0.0385,12.1943,0.0,0.0,1.0,0.0,0.0,0.0,0.0,0.0135,0.0,0.0,0.0
33.868,0.4886417751478146,0.4935247229363956,0.47045396962278646,-0.544367179298228,-0.027,0.1501,8.973,0.0,0.0,1.0,0.0,0.0,0.0,0.0,0.0135,0.0,0.0,0.0
33.8881,0.4871268954136408,0.4954269788258726,0.4729657531003137,-0.5418144449997523,-0.027,-0.0346,8.7764,0.0,0.0,1.0,0.0,0.0,0.0,0.0,0.0135,0.0,0.0,0.0
33.9082,0.4895606190991944,0.4924906048496711,0.47057871141470675,-0.5443703525407062,-0.027,0.0924,9.8874,0.0,0.0,1.0,0.0,0.0,0.0,0.0,0.0,0.0,0.0,0.0
33.9283,0.49000121700741783,0.4917712575268226,0.47071377548326027,-0.5445074647532684,-0.027,-0.0731,11.2919,0.0,0.0,1.0,0.0,0.0,0.0,0.0,0.0,0.0,0.0,0.0
33.9484,0.49073697227648566,0.4908589757501718,0.47047239530289625,-0.5448765137389897,-0.027,0.1078,12.4024,0.0,0.0,1.0,0.0,0.0,0.0,0.0,0.0,0.0,0.0,0.0
33.9685,0.4899880510492087,0.49181904376634794,0.47118912582282846,-0.5440648359562231,-0.027,-0.0924,11.3371,0.0,0.0,1.0,0.0,0.0,0.0,0.0,0.0,0.0,0.0,0.0
33.9886,0.49054832607258897,0.4908533312494392,0.4708939924797514,-0.5446872449720015,-0.027,-0.0346,10.3661,0.0,0.0,1.0,0.0,0.0,0.0,0.0,0.0,0.0,0.0,0.0
34.0087,0.48925311645094377,0.49206008843275656,0.47240728459999287,-0.5434515754613732,-0.027,-0.0038,12.6159,0.0,0.0,1.0,0.0,0.0,0.0,0.0,0.0,0.0,0.0,0.0
34.0288,0.4885283972485459,0.49255742526658874,0.4738192949607842,-0.542422772032463,-0.027,0.0038,8.4145,0.0,0.0,1.0,0.0,0.0,0.0,0.0,0.0,0.0,0.0,0.0
34.0489,0.491535220465116,0.48885011546965534,0.4710874208963326,-0.5454313279605932,-0.027,-0.0038,9.1819,0.0,0.0,1.0,0.0,0.0,0.0,0.0,0.0,0.0,0.0,0.0
34.0689,0.492251821559101,0.48803979741602105,0.47070569805796164,-0.5458401287241925,-0.027,-0.0077,10.0195,0.0,0.0,1.0,0.0,0.0,0.0,0.0,0.0,0.0,0.0,0.0
34.089,0.4918264096485952,0.4884693727242054,0.4711961827346358,-0.5454159990859283,-0.027,-0.0038,10.4776,0.0,0.0,1.0,0.0,0.0,0.0,0.0,0.0,0.0,0.0,0.0
34.1091,0.4912746335906021,0.4890166214860091,0.471560527908607,-0.5451079221763201,-0.027,0.0,9.9295,0.0,0.0,1.0,0.0,0.0,0.0,0.0,0.0,0.0,0.0,0.0
34.1292,0.4912159852125102,0.4893239660109408,0.4714407845195751,-0.5449885309349127,-0.027,0.0,9.8881,0.0,0.0,1.0,0.0,0.0,0.0,0.0,0.0,0.0,0.0,0.0
34.1493,0.4910887794334172,0.48992877995441697,0.471374788287718,-0.5446167553919747,-0.027,0.0,9.8816,0.0,0.0,1.0,0.0,0.0,0.0,0.0,0.0,0.0,0.0,0.0
34.1694,0.4908431476196211,0.490721148080032,0.471373221096678,-0.5441259465370315,-0.027,0.0,10.0421,0.0,0.0,1.0,0.0,0.0,0.0,0.0,0.0,0.0,0.0,0.0
34.1895,0.49023402653171133,0.4916990266109979,0.4716190255242583,-0.5435790294187698,-0.027,0.0,10.0127,0.0,0.0,1.0,0.0,0.0,0.0,0.0,0.0,0.0,0.0,0.0
34.2096,0.4896176395465929,0.49230360465414913,0.4719178694781839,-0.5433279418146333,-0.027,0.0,9.9651,0.0,0.0,1.0,0.0,0.0,0.0,0.0,0.0,0.0,0.0,0.0
34.2297,0.48923884959410996,0.49247372297060427,0.47214951852632286,-0.543313732926627,-0.027,0.0,9.9296,0.0,0.0,1.0,0.0,0.0,0.0,0.0,0.0,0.0,0.0,0.0
34.2497,0.48894893651066984,0.49242790759811705,0.47240807397618706,-0.5433914840570607,-0.027,0.0,9.8507,0.0,0.0,1.0,0.0,0.0,0.0,0.0,0.0,0.0,0.0,0.0
34.2698,0.4884655224101931,0.49249453496749657,0.4729014739014142,-0.5433366934282615,-0.027,0.0,9.7375,0.0,0.0,1.0,0.0,0.0,0.0,0.0,0.0,0.0,0.0,0.0
34.2899,0.4875532267649731,0.49292427332840505,0.4738811082367212,-0.5429127066951588,-0.027,0.0,9.82,0.0,0.0,1.0,0.0,0.0,0.0,0.0,0.0,0.0,0.0,0.0
34.31,0.48638933416928615,0.49371333920117594,0.47509832641190397,-0.542175372496567,-0.027,0.0,9.8652,0.0,0.0,1.0,0.0,0.0,0.0,0.0,0.0,0.0,0.0,0.0
34.3302,0.4852227063716352,0.4945615852407973,0.4762508227423255,-0.541435977251931,-0.027,0.0,9.9016,0.0,0.0,1.0,0.0,0.0,0.0,0.0,0.0,0.0,0.0,0.0
34.3503,0.48425465858812083,0.4953016964245885,0.4773576349655884,-0.5406508517469361,-0.027,0.0,9.8193,0.0,0.0,1.0,0.0,0.0,0.0,0.0,0.0,0.0,0.0,0.0
34.3704,0.4833912487009137,0.496270068828467,0.478203321158267,-0.5397874610414395,-0.027,0.0,9.9347,0.0,0.0,1.0,0.0,0.0,0.0,0.0,0.0,0.0,0.0,0.0
34.3904,0.48253334482935023,0.4973640173424559,0.4791764189560783,-0.5386841049234714,-0.027,0.0,9.9734,0.0,0.0,1.0,0.0,0.0,0.0,0.0,0.0,0.0,0.0,0.0
34.4105,0.4813794086101742,0.4986522438621218,0.48076941442828997,-0.5371038771110008,-0.027,0.0,9.9495,0.0,0.0,1.0,0.0,0.0,0.0,0.0,0.0,0.0,0.0,0.0
34.4307,0.4813794086101742,0.4986522438621218,0.48076941442828997,-0.5371038771110008,-0.027,0.0,9.9495,0.0,0.0,1.0,0.0,0.0,0.0,0.0,0.0,0.0,0.0,0.0
34.4507,0.4809638407148688,0.4992141002870266,0.4812688450529241,-0.5365066306960629,-0.027,0.0,9.9183,0.0,0.0,1.0,0.0,0.0,0.0,0.0,0.0,0.0,0.0,0.0
34.4708,0.48090823299258106,0.49934170188970683,0.4814572469579976,-0.5362686412102338,-0.027,0.0,9.797,0.0,0.0,1.0,0.0,0.0,0.0,0.0,0.0,0.0,0.0,0.0
34.4909,0.4811513901636762,0.49909581495707717,0.4813343944958871,-0.536389697804843,-0.027,0.0,9.808,0.0,0.0,1.0,0.0,0.0,0.0,0.0,0.0,0.0,0.0,0.0
34.511,0.48163373496791645,0.49860193701375993,0.4809627269780084,-0.5367493912477771,-0.027,0.0,9.7997,0.0,0.0,1.0,0.0,0.0,0.0,0.0,0.0,0.0,0.0,0.0
34.5311,0.48223350331829745,0.4978583252206081,0.48046352349320376,-0.537347875103632,-0.027,0.0,9.8345,0.0,0.0,1.0,0.0,0.0,0.0,0.0,0.0,0.0,0.0,0.0
34.5512,0.48290631693851244,0.49706620894292175,0.4798543402155282,-0.538020896587031,-0.027,0.0,9.8242,0.0,0.0,1.0,0.0,0.0,0.0,0.0,0.0,0.0,0.0,0.0
34.5713,0.4835918931093254,0.4961651503274672,0.47925780444445404,-0.5387680218781941,-0.027,0.0,9.7835,0.0,0.0,1.0,0.0,0.0,0.0,0.0,0.0,0.0,0.0,0.0
34.5914,0.48424539894340307,0.4954752226721861,0.47850848899397935,-0.5394815319181844,-0.027,0.0,9.7471,0.0,0.0,1.0,0.0,0.0,0.0,0.0,0.0,0.0,0.0,0.0
34.6115,0.4845541716286886,0.4951130882046759,0.4780842227465371,-0.5399127342511045,-0.027,0.0,9.9264,0.0,0.0,1.0,0.0,0.0,0.0,0.0,0.0,0.0,0.0,0.0
34.6316,0.4848007914030721,0.4946277669046539,0.47778180890122973,-0.5404036527864512,-0.027,0.0,9.9317,0.0,0.0,1.0,0.0,0.0,0.0,0.0,0.0,0.0,0.0,0.0
34.6517,0.48539938284404455,0.49339415856253194,0.4772206122872581,-0.5414888093388137,-0.027,0.0,9.8573,0.0,0.0,1.0,0.0,0.0,0.0,0.0,0.0,0.0,0.0,0.0
34.6718,0.48571741589771555,0.49273640745698666,0.4768674265403215,-0.5421133480784615,-0.027,0.0,9.9396,0.0,0.0,1.0,0.0,0.0,0.0,0.0,0.0,0.0,0.0,0.0
34.6919,0.4860817523857762,0.49206272473010204,0.47649879669681533,-0.5427224904822425,-0.027,0.0,9.9705,0.0,0.0,1.0,0.0,0.0,0.0,0.0,0.0,0.0,0.0,0.0
34.712,0.4864590195399995,0.491464112340488,0.4760218260217779,-0.5433450742764223,-0.027,0.0,9.8961,0.0,0.0,1.0,0.0,0.0,0.0,0.0,0.0,0.0,0.0,0.0
34.7321,0.4868207243098953,0.49097176459330893,0.4754686141443175,-0.543950278718748,-0.027,0.0,9.8592,0.0,0.0,1.0,0.0,0.0,0.0,0.0,0.0,0.0,0.0,0.0
34.7522,0.48722822937491445,0.4905851207189056,0.47477663240876117,-0.5445383743575825,-0.027,0.0,10.0099,0.0,0.0,1.0,0.0,0.0,0.0,0.0,0.0,0.0,0.0,0.0
34.7723,0.4876201073331783,0.49030516298870114,0.4740698264645239,-0.5450552978431631,-0.027,0.0,9.9676,0.0,0.0,1.0,0.0,0.0,0.0,0.0,0.0,0.0,0.0,0.0
34.7924,0.48779377829022796,0.4904797825758317,0.4735117555028141,-0.5452278699281173,-0.027,0.0,9.9294,0.0,0.0,1.0,0.0,0.0,0.0,0.0,0.0,0.0,0.0,0.0
34.8124,0.48765869751643415,0.490954614368193,0.4733160593475083,-0.5450912486280624,-0.027,0.0,9.9263,0.0,0.0,1.0,0.0,0.0,0.0,0.0,0.0,0.0,0.0,0.0
34.8325,0.48758672320054386,0.4913705425655913,0.4731834107972284,-0.5448959873257044,-0.027,0.0,9.9263,0.0,0.0,1.0,0.0,0.0,0.0,0.0,0.0,0.0,0.0,0.0
34.8526,0.48766049685645546,0.4915054140453246,0.47295081367095043,-0.5449102638213335,-0.027,0.0,9.8527,0.0,0.0,1.0,0.0,0.0,0.0,0.0,0.0,0.0,0.0,0.0
34.8727,0.4875570663173624,0.49182913699601777,0.4729078239550911,-0.5447480125046993,-0.027,0.0,9.8532,0.0,0.0,1.0,0.0,0.0,0.0,0.0,0.0,0.0,0.0,0.0
34.8927,0.487256391527595,0.49226151881411995,0.4729730282841511,-0.5445698490791082,-0.027,0.0,9.9326,0.0,0.0,1.0,0.0,0.0,0.0,0.0,0.0,0.0,0.0,0.0
34.9128,0.4871079059836029,0.4926007470533305,0.4729473157071756,-0.5444182477619093,-0.027,0.0,9.8921,0.0,0.0,1.0,0.0,0.0,0.0,0.0,0.0,0.0,0.0,0.0
34.9329,0.48724251416669423,0.4926744976020027,0.47271555846626595,-0.5444323397678166,-0.027,0.0,9.8491,0.0,0.0,1.0,0.0,0.0,0.0,0.0,0.0,0.0,0.0,0.0
34.9529,0.48731592869051643,0.4928090518809146,0.47248359605625717,-0.5444462099110262,-0.027,0.0,9.8511,0.0,0.0,1.0,0.0,0.0,0.0,0.0,0.0,0.0,0.0,0.0
34.973,0.48724647281087186,0.49316650285544983,0.4724753978466048,-0.5441917618123068,-0.027,0.0,9.8511,0.0,0.0,1.0,0.0,0.0,0.0,0.0,0.0,0.0,0.0,0.0
34.9931,0.4871184537148188,0.4937094057318378,0.4724695603606522,-0.5438190409272295,-0.027,0.0,9.7769,0.0,0.0,1.0,0.0,0.0,0.0,0.0,0.0,0.0,0.0,0.0
35.0131,0.4871819424387667,0.49401792759939717,0.47228897476801374,-0.5436388198837218,-0.027,0.0,9.8164,0.0,0.0,1.0,0.0,0.0,0.0,0.0,0.0,0.0,0.0,0.0
35.0332,0.4875549766105928,0.4940250559229706,0.47174678282851107,-0.543768665696636,-0.027,0.0,9.8939,0.0,0.0,1.0,0.0,0.0,0.0,0.0,0.0,0.0,0.0,0.0
35.0533,0.4883477768372461,0.4935968389302437,0.47095257106325183,-0.5441344367572255,-0.027,0.0,9.8571,0.0,0.0,1.0,0.0,0.0,0.0,0.0,0.0,0.0,0.0,0.0
35.0733,0.49005827715628575,0.492195308890295,0.46936696989920307,-0.5452350965085068,-0.027,0.0,9.9287,0.0,0.0,1.0,0.0,0.0,0.0,0.0,0.0,0.0,0.0,0.0
35.0934,0.49005827715628575,0.492195308890295,0.46936696989920307,-0.5452350965085068,-0.027,0.0,9.9287,0.0,0.0,1.0,0.0,0.0,0.0,0.0,0.0,0.0,0.0,0.0
35.1135,0.4913937515575245,0.49096675177341004,0.46820076328360644,-0.5461427238771355,-0.027,0.0,9.965,0.0,0.0,1.0,0.0,0.0,0.0,0.0,0.0,0.0,0.0,0.0
35.1336,0.4926102330616717,0.4898022602341346,0.46679248289737263,-0.547296703866344,-0.027,0.0,9.8848,0.0,0.0,1.0,0.0,0.0,0.0,0.0,0.0,0.0,0.0,0.0
35.1536,0.49390145186816586,0.48859139325376133,0.465032133197875,-0.5487120568880369,-0.027,0.0,9.9258,0.0,0.0,1.0,0.0,0.0,0.0,0.0,0.0,0.0,0.0,0.0
35.1737,0.4955342617201055,0.48686743204135213,0.46288190340692537,-0.5505871798156504,-0.027,0.0,9.995,0.0,0.0,1.0,0.0,0.0,0.0,0.0,0.0,0.0,0.0,0.0
35.1938,0.49720169976913964,0.4849944616215389,0.460701987706448,-0.5525617797734838,-0.027,0.0,9.8457,0.0,0.0,1.0,0.0,0.0,0.0,0.0,0.0,0.0,0.0,0.0
35.2138,0.49889616577071205,0.4830273195374605,0.45830855905855555,-0.5547436246171821,-0.027,0.0,9.885,0.0,0.0,1.0,0.0,0.0,0.0,0.0,0.0,0.0,0.0,0.0
35.2339,0.5004907552617434,0.48108164841227785,0.4559355099797646,-0.5569490660715279,-0.027,0.0,9.8823,0.0,0.0,1.0,0.0,0.0,0.0,0.0,0.0,0.0,0.0,0.0
35.254,0.5022597511012881,0.4788836696018521,0.4533095804391822,-0.5593889502791319,-0.027,0.0,9.9251,0.0,0.0,1.0,0.0,0.0,0.0,0.0,0.0,0.0,0.0,0.0
35.274,0.5042169026532504,0.4764455775461356,0.45044427315990226,-0.5620185793129434,-0.027,0.0,9.8143,0.0,0.0,1.0,0.0,0.0,0.0,0.0,0.0,0.0,0.0,0.0
35.2941,0.5063048904300261,0.47371073870622943,0.4475258134543076,-0.564777956592764,-0.027,0.0,9.9015,0.0,0.0,1.0,0.0,0.0,0.0,0.0,0.0,0.0,0.0,0.0
35.3142,0.5082967504043074,0.47112606116844413,0.44469828211688817,-0.5673782564556181,-0.027,0.0,9.8675,0.0,0.0,1.0,0.0,0.0,0.0,0.0,0.0,0.0,0.0,0.0
35.3342,0.5101958841970154,0.46850864853419566,0.4418354977477542,-0.5700712226793081,-0.027,0.0,9.8419,0.0,0.0,1.0,0.0,0.0,0.0,0.0,0.0,0.0,0.0,0.0
35.3543,0.5117951213346111,0.46626177602098506,0.43909997350707425,-0.572587917499081,-0.027,0.0,9.7976,0.0,0.0,1.0,0.0,0.0,0.0,0.0,0.0,0.0,0.0,0.0
35.3744,0.5144578902724659,0.4622736114510329,0.43316101378257676,-0.577934013042383,-0.027,0.0,9.8135,0.0,0.0,1.0,0.0,0.0,0.0,0.0,0.0,0.0,0.0,0.0
35.3944,0.5144578902724659,0.4622736114510329,0.43316101378257676,-0.577934013042383,-0.027,0.0,9.8135,0.0,0.0,1.0,0.0,0.0,0.0,0.0,0.0,0.0,0.0,0.0
35.4145,0.5158779606801603,0.46021299379263547,0.43012247112725754,-0.5805760844715189,-0.027,0.0,9.9022,0.0,0.0,1.0,0.0,0.0,0.0,0.0,0.0,0.0,0.0,0.0
35.4346,0.5190278260610485,0.45555268177651487,0.4244255917866137,-0.5856148793679599,-0.027,0.0,9.8779,0.0,0.0,1.0,0.0,0.0,0.0,0.0,0.0,0.0,0.0,0.0
35.4547,0.5190278260610485,0.45555268177651487,0.4244255917866137,-0.5856148793679599,-0.027,0.0,9.8779,0.0,0.0,1.0,0.0,0.0,0.0,0.0,0.0,0.0,0.0,0.0
35.4747,0.5214298485583134,0.4518489346694219,0.42065952502181303,-0.5890577367957963,-0.027,0.0,9.8503,0.0,0.0,1.0,0.0,0.0,0.0,0.0,0.0,0.0,0.0,0.0
35.4948,0.5233643606646244,0.4490260139085482,0.41795970480616695,-0.5914178471925338,-0.027,0.0,9.9201,0.0,0.0,1.0,0.0,0.0,0.0,0.0,0.0,0.0,0.0,0.0
35.5149,0.525208398169041,0.4462283382929711,0.4149783146018192,-0.5939944503168674,-0.027,0.0,9.8467,0.0,0.0,1.0,0.0,0.0,0.0,0.0,0.0,0.0,0.0,0.0
35.5349,0.5267368409964313,0.4439732374793027,0.41229500647975476,-0.5961953474919995,-0.027,0.0,9.8428,0.0,0.0,1.0,0.0,0.0,0.0,0.0,0.0,0.0,0.0,0.0
35.555,0.5279398041521736,0.442066113221956,0.4102669682736478,-0.5979449217746959,-0.027,0.0,9.9722,0.0,0.0,1.0,0.0,0.0,0.0,0.0,0.0,0.0,0.0,0.0
35.5751,0.5289322792996375,0.4402480648039677,0.408508988038395,-0.5996104502450722,-0.027,0.0,9.9748,0.0,0.0,1.0,0.0,0.0,0.0,0.0,0.0,0.0,0.0,0.0
35.5951,0.5297246231996672,0.4389655164252362,0.406616478367897,-0.601135707211929,-0.027,0.0,9.8468,0.0,0.0,1.0,0.0,0.0,0.0,0.0,0.0,0.0,0.0,0.0
35.6152,0.5304518416792995,0.4379227414683765,0.40472006434416524,-0.6025331407326202,-0.027,0.0,9.8975,0.0,0.0,1.0,0.0,0.0,0.0,0.0,0.0,0.0,0.0,0.0
35.6353,0.5312575305861029,0.43652918780995276,0.40295971196196245,-0.6040125618901242,-0.027,0.0,10.1021,0.0,0.0,1.0,0.0,0.0,0.0,0.0,0.0,0.0,0.0,0.0
35.6553,0.5322322330453426,0.43500227705519995,0.40130994578346146,-0.6053529519872142,-0.027,0.0,10.0339,0.0,0.0,1.0,0.0,0.0,0.0,0.0,0.0,0.0,0.0,0.0
35.6754,0.5331417708581153,0.4337768135647176,0.39996282809781336,-0.606322739405271,-0.027,0.0,9.9333,0.0,0.0,1.0,0.0,0.0,0.0,0.0,0.0,0.0,0.0,0.0
35.6955,0.533868354482786,0.4327946126343242,0.3986770373250409,-0.6072314412695342,-0.027,0.0,9.9829,0.0,0.0,1.0,0.0,0.0,0.0,0.0,0.0,0.0,0.0,0.0
35.7156,0.5343701047890063,0.4319517430720168,0.3974052837549589,-0.6082230867111784,-0.027,0.0,9.9399,0.0,0.0,1.0,0.0,0.0,0.0,0.0,0.0,0.0,0.0,0.0
35.7356,0.5349112860757794,0.4311514245598236,0.39587347164386494,-0.6093131867746048,-0.027,0.0,9.8412,0.0,0.0,1.0,0.0,0.0,0.0,0.0,0.0,0.0,0.0,0.0
35.7557,0.5354755862733126,0.4303707232328713,0.39423673894864986,-0.6104296280099792,-0.027,0.0,9.8794,0.0,0.0,1.0,0.0,0.0,0.0,0.0,0.0,0.0,0.0,0.0
35.7758,0.5361333331573778,0.42938226682144387,0.39245624387532924,-0.6116943801115936,-0.027,0.0,10.0173,0.0,0.0,1.0,0.0,0.0,0.0,0.0,0.0,0.0,0.0,0.0
35.7959,0.5367430332627718,0.4284060265489649,0.3906860242113999,-0.6129760379870458,-0.027,0.0,9.9488,0.0,0.0,1.0,0.0,0.0,0.0,0.0,0.0,0.0,0.0,0.0
35.8159,0.5371021261169834,0.42785052432915494,0.38927701799648046,-0.613945142672903,-0.027,0.0,9.8477,0.0,0.0,1.0,0.0,0.0,0.0,0.0,0.0,0.0,0.0,0.0
35.836,0.5372901146668022,0.4275494997429813,0.3881826378799944,-0.6146828430982842,-0.027,0.0,9.8781,0.0,0.0,1.0,0.0,0.0,0.0,0.0,0.0,0.0,0.0,0.0
35.8561,0.5375367249968194,0.42700178154637136,0.38708480196785316,-0.6155396850905932,-0.027,0.0,10.0275,0.0,0.0,1.0,0.0,0.0,0.0,0.0,0.0,0.0,0.0,0.0
35.8761,0.5378999815854117,0.42651160663896703,0.3858618347443189,-0.6163295414795634,-0.027,0.0,10.0733,0.0,0.0,1.0,0.0,0.0,0.0,0.0,0.0,0.0,0.0,0.0
35.8962,0.5379673444958144,0.4265776519958622,0.3851953947259971,-0.6166418336082155,-0.027,0.0,10.149,0.0,0.0,1.0,0.0,0.0,0.0,0.0,0.0,0.0,0.0,0.0
35.9163,0.5376957148364379,0.4271047097072802,0.3852366006910605,-0.6164881561558085,-0.027,0.0,10.3904,0.0,0.0,1.0,0.0,0.0,0.0,0.0,0.0,0.0,0.0,0.0
35.9364,0.5371174506591354,0.42798573365116965,0.38617507582927796,-0.615793688500258,-0.027,0.0,10.4542,0.0,0.0,1.0,0.0,0.0,0.0,0.0,0.0,0.0,0.0,0.0
35.9564,0.5361934022264593,0.4295645211013345,0.3882445671667563,-0.6141963152651552,-0.027,0.0,10.4907,0.0,0.0,1.0,0.0,0.0,0.0,0.0,0.0,0.0,0.0,0.0
35.9765,0.5346045093381899,0.43200498733773274,0.39147717615221134,-0.6118131496318865,-0.027,0.0,10.3702,0.0,0.0,1.0,0.0,0.0,0.0,0.0,0.0,0.0,0.0,0.0
35.9966,0.5324229731429405,0.4352526054669892,0.39509062687080665,-0.6090848411039815,-0.027,0.0,10.3234,0.0,0.0,1.0,0.0,0.0,0.0,0.0,0.0,0.0,0.0,0.0
36.0166,0.5297081844917286,0.43919588691927813,0.3989140896137375,-0.6061219030057473,-0.027,0.0,10.3056,0.0,0.0,1.0,0.0,0.0,0.0,0.0,0.0,0.0,0.0,0.0
36.0367,0.5267889837840399,0.4433547782653336,0.40295016300814757,-0.6029602584621833,-0.027,0.0,10.3751,0.0,0.0,1.0,0.0,0.0,0.0,0.0,0.0,0.0,0.0,0.0
36.0568,0.523620421216749,0.44787550494130823,0.4079585490634712,-0.5989983378978526,-0.027,0.0,10.4012,0.0,0.0,1.0,0.0,0.0,0.0,0.0,0.0,0.0,0.0,0.0
36.0769,0.5186066432967411,0.4548257940310943,0.4169234778648435,-0.591908320787565,-0.027,0.0,10.1617,0.0,0.0,1.0,0.0,0.0,0.0,0.0,0.0,0.0,0.0,0.0
36.0969,0.5148467886138897,0.4599132106852873,0.42384017451255485,-0.5863208416560702,-0.027,0.0,10.234,0.0,0.0,1.0,0.0,0.0,0.0,0.0,0.0,0.0,0.0,0.0
36.117,0.5109643967108215,0.46476335006525754,0.4306457925365259,-0.5809084395157748,-0.027,0.0,10.1174,0.0,0.0,1.0,0.0,0.0,0.0,0.0,0.0,0.0,0.0,0.0
36.1371,0.5042196251326567,0.47284708847704676,0.440986543473613,-0.5724587924253224,-0.027,0.0,9.9645,0.0,0.0,1.0,0.0,0.0,0.0,0.0,0.0,0.0,0.0,0.0
36.1571,0.5042196251326567,0.47284708847704676,0.440986543473613,-0.5724587924253224,-0.027,0.0,9.9645,0.0,0.0,1.0,0.0,0.0,0.0,0.0,0.0,0.0,0.0,0.0
36.1772,0.49926404101910477,0.4788172031550365,0.4478724485356014,-0.5664625081598846,-0.027,0.0,9.9307,0.0,0.0,1.0,0.0,0.0,0.0,0.0,0.0,0.0,0.0,0.0
36.1973,0.4940237073703032,0.48492862070656567,0.4550213357310413,-0.5601253372284349,-0.027,0.0,10.0403,0.0,0.0,1.0,0.0,0.0,0.0,0.0,0.0,0.0,0.0,0.0
36.2173,0.48882008417817285,0.4907730405667815,0.4623306757120981,-0.5535766381021469,-0.027,0.0,10.0781,0.0,0.0,1.0,0.0,0.0,0.0,0.0,0.0,0.0,0.0,0.0
36.2374,0.4836958272135014,0.49645161168486285,0.46965806440313995,-0.5468047608908,-0.027,0.0,9.8136,0.0,0.0,1.0,0.0,0.0,0.0,0.0,0.0,0.0,0.0,0.0
36.2575,0.47839091662141403,0.5023767620251633,0.4769869256705736,-0.5396695216617023,-0.027,0.0,9.7305,0.0,0.0,1.0,0.0,0.0,0.0,0.0,0.0,0.0,0.0,0.0
36.2775,0.4727847510953168,0.5084912609638161,0.48425991495408105,-0.5323566017472066,-0.027,0.0,9.8047,0.0,0.0,1.0,0.0,0.0,0.0,0.0,0.0,0.0,0.0,0.0
36.2976,0.46708670334824265,0.5147541422842938,0.4909509218174546,-0.5251908004935192,-0.027,0.0,9.7189,0.0,0.0,1.0,0.0,0.0,0.0,0.0,0.0,0.0,0.0,0.0
36.3177,0.46143583561565904,0.5212511105926109,0.4968975914915026,-0.518138044236854,-0.027,0.0,9.7518,0.0,0.0,1.0,0.0,0.0,0.0,0.0,0.0,0.0,0.0,0.0
36.3378,0.45611855017803027,0.527163947395839,0.5027498108953735,-0.5111718579833936,-0.027,0.0,9.9941,0.0,0.0,1.0,0.0,0.0,0.0,0.0,0.0,0.0,0.0,0.0
36.3578,0.45106815446949117,0.5320644143851269,0.5088094784267332,-0.5045373064815082,-0.027,0.0,9.79,0.0,0.0,1.0,0.0,0.0,0.0,0.0,0.0,0.0,0.0,0.0
36.3779,0.4461686617926305,0.5365619984702004,0.5145279164024124,-0.4982928559335667,-0.027,0.0,9.6433,0.0,0.0,1.0,0.0,0.0,0.0,0.0,0.0,0.0,0.0,0.0
36.398,0.44134156533486174,0.5410117896684127,0.5197099554462888,-0.492367168236847,-0.027,0.0,9.6893,0.0,0.0,1.0,0.0,0.0,0.0,0.0,0.0,0.0,0.0,0.0
36.4181,0.4366949871841804,0.5454559953340388,0.5241555812760773,-0.48686360712164484,-0.027,0.0,9.6135,0.0,0.0,1.0,0.0,0.0,0.0,0.0,0.0,0.0,0.0,0.0
36.4381,0.4320826361586111,0.5499456285927133,0.5280938883974159,-0.4816443149869916,-0.027,0.0,9.5608,0.0,0.0,1.0,0.0,0.0,0.0,0.0,0.0,0.0,0.0,0.0
36.4582,0.42790787933681873,0.5539431929510334,0.5314826716869,-0.4770408320901219,-0.027,0.0,9.4758,0.0,0.0,1.0,0.0,0.0,0.0,0.0,0.0,0.0,0.0,0.0
36.4783,0.4238914239259727,0.5578031896697191,0.5347320577427382,-0.4724757017440323,-0.027,0.0,9.6012,0.0,0.0,1.0,0.0,0.0,0.0,0.0,0.0,0.0,0.0,0.0
36.4983,0.41730584052612174,0.564281954180535,0.5399284382570257,-0.46467084394258357,-0.027,0.0,9.4449,0.0,0.0,1.0,0.0,0.0,0.0,0.0,0.0,0.0,0.0,0.0
36.5184,0.41730584052612174,0.564281954180535,0.5399284382570257,-0.46467084394258357,-0.027,0.0,9.4449,0.0,0.0,1.0,0.0,0.0,0.0,0.0,0.0,0.0,0.0,0.0
36.5385,0.41168338876994004,0.5698259222468856,0.5442518359754372,-0.4578265444289471,-0.027,0.0,9.4905,0.0,0.0,1.0,0.0,0.0,0.0,0.0,0.0,0.0,0.0,0.0
36.5585,0.41168338876994004,0.5698259222468856,0.5442518359754372,-0.4578265444289471,-0.027,0.0,9.4905,0.0,0.0,1.0,0.0,0.0,0.0,0.0,0.0,0.0,0.0,0.0
36.5786,0.4089916924758309,0.5725025705795835,0.5461359127422151,-0.4546451000272104,-0.027,0.0,9.6217,0.0,0.0,1.0,0.0,0.0,0.0,0.0,0.0,0.0,0.0,0.0
36.5987,0.40649697986345534,0.574772213420514,0.5477330152071876,-0.4520903140895805,-0.027,0.0,9.6067,0.0,0.0,1.0,0.0,0.0,0.0,0.0,0.0,0.0,0.0,0.0
36.6188,0.4042381176716044,0.5767850215885356,0.549196877063248,-0.44977035620014594,-0.027,0.0,9.5581,0.0,0.0,1.0,0.0,0.0,0.0,0.0,0.0,0.0,0.0,0.0
36.6388,0.40105603013030966,0.5797033708975222,0.551199795183956,-0.4464043551034545,-0.027,0.0,9.729,0.0,0.0,1.0,0.0,0.0,0.0,0.0,0.0,0.0,0.0,0.0
36.6589,0.4001017504329688,0.580529304110603,0.5518421031085156,-0.4453926465559395,-0.027,0.0,9.7589,0.0,0.0,1.0,0.0,0.0,0.0,0.0,0.0,0.0,0.0,0.0
36.679,0.3974635580220841,0.5824007482530053,0.5541415663807058,-0.44244684752849456,-0.027,0.0,9.8333,0.0,0.0,1.0,0.0,0.0,0.0,0.0,0.0,0.0,0.0,0.0
36.699,0.396108845977067,0.5832385214350678,0.5554071646140357,-0.44096880926926074,-0.027,0.0,9.9311,0.0,0.0,1.0,0.0,0.0,0.0,0.0,0.0,0.0,0.0,0.0
36.7191,0.39501980253735297,0.5837397081999757,0.5565187218072127,-0.43987978011273055,-0.027,0.0,9.9297,0.0,0.0,1.0,0.0,0.0,0.0,0.0,0.0,0.0,0.0,0.0
36.7392,0.3940914415151273,0.5840263888712179,0.557416236855103,-0.439195004202996,-0.027,0.0,9.8921,0.0,0.0,1.0,0.0,0.0,0.0,0.0,0.0,0.0,0.0,0.0
36.7592,0.39300709843359877,0.584354120117484,0.558352981286243,-0.4385403415551291,-0.027,0.0,9.9054,0.0,0.0,1.0,0.0,0.0,0.0,0.0,0.0,0.0,0.0,0.0
36.7793,0.3917204797409906,0.5848337442976207,0.5593819730240517,-0.4377400661785855,-0.027,0.0,9.9092,0.0,0.0,1.0,0.0,0.0,0.0,0.0,0.0,0.0,0.0,0.0
36.7994,0.3904457912497728,0.5852106824274111,0.5604914424022525,-0.436955242859066,-0.027,0.0,9.8103,0.0,0.0,1.0,0.0,0.0,0.0,0.0,0.0,0.0,0.0,0.0
36.8195,0.38934693664370373,0.5854549194697726,0.5617126794146162,-0.4360394087461117,-0.027,0.0,9.8679,0.0,0.0,1.0,0.0,0.0,0.0,0.0,0.0,0.0,0.0,0.0
36.8395,0.38812403861161393,0.5857555674693518,0.5630505067110959,-0.43499916404844546,-0.027,0.0,9.7342,0.0,0.0,1.0,0.0,0.0,0.0,0.0,0.0,0.0,0.0,0.0
36.8596,0.38648127738752236,0.5863745241356738,0.5647061721894087,-0.4334790407444831,-0.027,0.0,9.6503,0.0,0.0,1.0,0.0,0.0,0.0,0.0,0.0,0.0,0.0,0.0
36.8797,0.38434462409562425,0.5873511228682775,0.5667817683599465,-0.43134243409261147,-0.027,0.0,10.0202,0.0,0.0,1.0,0.0,0.0,0.0,0.0,0.0,0.0,0.0,0.0
36.8997,0.38202203290425063,0.5885056721947975,0.5689135166510679,-0.4290194060202502,-0.027,0.0,9.8405,0.0,0.0,1.0,0.0,0.0,0.0,0.0,0.0,0.0,0.0,0.0
36.9198,0.3796450627201937,0.5896094157339636,0.5708711164937619,-0.4270088190930019,-0.027,0.0,9.9312,0.0,0.0,1.0,0.0,0.0,0.0,0.0,0.0,0.0,0.0,0.0
36.9399,0.3776258990356286,0.5907604064571702,0.5723893627201733,-0.4251720122313863,-0.027,0.0,9.8687,0.0,0.0,1.0,0.0,0.0,0.0,0.0,0.0,0.0,0.0,0.0
36.96,0.3756140780114085,0.5920474278106341,0.5737362290074424,-0.42334459621775156,-0.027,0.0,9.697,0.0,0.0,1.0,0.0,0.0,0.0,0.0,0.0,0.0,0.0,0.0
36.98,0.3732318478043519,0.5935089383569638,0.5754418489100247,-0.42108408471224745,-0.027,0.0,9.5482,0.0,0.0,1.0,0.0,0.0,0.0,0.0,0.0,0.0,0.0,0.0
37.0001,0.37012001594189986,0.5954638521676868,0.5775197059488928,-0.4182164078578119,-0.027,0.0,9.7162,0.0,0.0,1.0,0.0,0.0,0.0,0.0,0.0,0.0,0.0,0.0
37.0202,0.36695003807418514,0.5976674632170804,0.5794181131959172,-0.41522996407954177,-0.027,0.0,9.8362,0.0,0.0,1.0,0.0,0.0,0.0,0.0,0.0,0.0,0.0,0.0
37.0402,0.3640740345907133,0.5996074100306339,0.5812364587445914,-0.41241390640864944,-0.027,0.0,9.7429,0.0,0.0,1.0,0.0,0.0,0.0,0.0,0.0,0.0,0.0,0.0
37.0603,0.3618832223027498,0.6010843351812991,0.5827130193006994,-0.41010205138830647,-0.027,0.0,9.7592,0.0,0.0,1.0,0.0,0.0,0.0,0.0,0.0,0.0,0.0,0.0
37.0804,0.3590036295973517,0.6032009766034236,0.5847082532395421,-0.40667091653346354,-0.027,0.0,9.9068,0.0,0.0,1.0,0.0,0.0,0.0,0.0,0.0,0.0,0.0,0.0
37.1004,0.35711447953810876,0.6043657344748269,0.5860558637032236,-0.40466014396774647,-0.027,0.0,9.7903,0.0,0.0,1.0,0.0,0.0,0.0,0.0,0.0,0.0,0.0,0.0
37.1205,0.35546550684447564,0.6053410513203199,0.5873962276638995,-0.4027060426122638,-0.027,0.0,9.791,0.0,0.0,1.0,0.0,0.0,0.0,0.0,0.0,0.0,0.0,0.0
37.1406,0.35388820250743225,0.6062116249151069,0.588694317893776,-0.400886026226191,-0.027,0.0,9.8496,0.0,0.0,1.0,0.0,0.0,0.0,0.0,0.0,0.0,0.0,0.0
37.1606,0.35254299299594144,0.606879873683269,0.58985068080609,-0.3993575232297937,-0.027,0.0,9.9703,0.0,0.0,1.0,0.0,0.0,0.0,0.0,0.0,0.0,0.0,0.0
37.1807,0.35161842798120396,0.6072903764048674,0.5906886394888892,-0.3983086880910668,-0.027,0.0,9.897,0.0,0.0,1.0,0.0,0.0,0.0,0.0,0.0,0.0,0.0,0.0
37.2008,0.3509576118528692,0.6074317129034553,0.5913794562260116,-0.3976503584752967,-0.027,0.0,9.7266,0.0,0.0,1.0,0.0,0.0,0.0,0.0,0.0,0.0,0.0,0.0
37.2209,0.35046606324797674,0.6075475767266502,0.5918004840210778,-0.39728033885086544,-0.027,0.0,9.8575,0.0,0.0,1.0,0.0,0.0,0.0,0.0,0.0,0.0,0.0,0.0
37.2409,0.3502240067130376,0.6073069478522863,0.5923527767701474,-0.3970385422914288,-0.027,0.0,9.9961,0.0,0.0,1.0,0.0,0.0,0.0,0.0,0.0,0.0,0.0,0.0
37.261,0.3505866621725859,0.6066291457743076,0.5928351197207613,-0.3970347499016802,-0.027,0.0,9.9631,0.0,0.0,1.0,0.0,0.0,0.0,0.0,0.0,0.0,0.0,0.0
37.2811,0.3511384082693419,0.6059628816827304,0.5929017549069724,-0.3974648579296878,-0.027,0.0,9.75,0.0,0.0,1.0,0.0,0.0,0.0,0.0,0.0,0.0,0.0,0.0
37.3011,0.35204987980687674,0.6052230742310541,0.5925881144344343,-0.3982527327932824,-0.027,0.0,9.7806,0.0,0.0,1.0,0.0,0.0,0.0,0.0,0.0,0.0,0.0,0.0
37.3212,0.3530829570351127,0.6044223672390174,0.5919715450699147,-0.39946929451468655,-0.027,0.0,9.9003,0.0,0.0,1.0,0.0,0.0,0.0,0.0,0.0,0.0,0.0,0.0
37.3413,0.35449134176212244,0.6033318797021275,0.5911239023705321,-0.4011222551754281,-0.027,0.0,9.8948,0.0,0.0,1.0,0.0,0.0,0.0,0.0,0.0,0.0,0.0,0.0
37.3613,0.35449134176212244,0.6033318797021275,0.5911239023705321,-0.4011222551754281,-0.027,0.0,9.8948,0.0,0.0,1.0,0.0,0.0,0.0,0.0,0.0,0.0,0.0,0.0
37.3814,0.3581604488671308,0.6010848228481652,0.5886945997556863,-0.40479228849791304,-0.027,0.0,9.9435,0.0,0.0,1.0,0.0,0.0,0.0,0.0,0.0,0.0,0.0,0.0
37.4015,0.36187011055462037,0.5988655985282824,0.5858648460424363,-0.4088672158026632,-0.027,0.0,9.922,0.0,0.0,1.0,0.0,0.0,0.0,0.0,0.0,0.0,0.0,0.0
37.4215,0.3659690844845965,0.5963783968486263,0.5825843182803935,-0.413515355298371,-0.027,0.0,9.5737,0.0,0.0,1.0,0.0,0.0,0.0,0.0,0.0,0.0,0.0,0.0
37.4416,0.37017896382049026,0.5938125460865019,0.5792255081068018,-0.41815308872884305,-0.027,0.0,9.5254,0.0,0.0,1.0,0.0,0.0,0.0,0.0,0.0,0.0,0.0,0.0
37.4617,0.37415880012920383,0.5915122358812417,0.5759477034120696,-0.422377449709394,-0.027,0.0,9.7672,0.0,0.0,1.0,0.0,0.0,0.0,0.0,0.0,0.0,0.0,0.0
37.4817,0.378115406274927,0.58929775021059,0.5723916426224253,-0.4267607158470492,-0.027,0.0,9.8894,0.0,0.0,1.0,0.0,0.0,0.0,0.0,0.0,0.0,0.0,0.0
37.5018,0.38257043378254196,0.5864907310538824,0.5683626157289994,-0.43200974829858907,-0.027,0.0,9.8132,0.0,0.0,1.0,0.0,0.0,0.0,0.0,0.0,0.0,0.0,0.0
37.5219,0.387809650400622,0.5828139547640833,0.5637713156518757,-0.43828469381961027,-0.027,0.0,9.73,0.0,0.0,1.0,0.0,0.0,0.0,0.0,0.0,0.0,0.0,0.0
37.5419,0.39294066275438744,0.5791580812095855,0.558894253310305,-0.4447592226592839,-0.027,0.0,9.5754,0.0,0.0,1.0,0.0,0.0,0.0,0.0,0.0,0.0,0.0,0.0
37.562,0.3982661783012924,0.5755175983477725,0.5533619208648971,-0.45161280955040095,-0.027,0.0,9.6782,0.0,0.0,1.0,0.0,0.0,0.0,0.0,0.0,0.0,0.0,0.0
37.5821,0.40075621815764195,0.5739128803432626,0.5505359259497744,-0.45489411253907114,-0.027,0.0,9.9541,0.0,0.0,1.0,0.0,0.0,0.0,0.0,0.0,0.0,0.0,0.0
37.6022,0.41295424267426617,0.565477638835621,0.5368523151977411,-0.4706308798846921,-0.027,0.0,9.8155,0.0,0.0,1.0,0.0,0.0,0.0,0.0,0.0,0.0,0.0,0.0
37.6222,0.41968508684227596,0.5601904594293552,0.5295499420306656,-0.4791950917338762,-0.027,0.0,9.417,0.0,0.0,1.0,0.0,0.0,0.0,0.0,0.0,0.0,0.0,0.0
37.6423,0.4263903123502704,0.5551128028675968,0.5220319338014341,-0.4873640710165808,-0.027,0.0,9.5943,0.0,0.0,1.0,0.0,0.0,0.0,0.0,0.0,0.0,0.0,0.0
37.6624,0.4329796934620957,0.5500447994704925,0.5142170730762462,-0.4955402157058839,-0.027,0.0,9.6985,0.0,0.0,1.0,0.0,0.0,0.0,0.0,0.0,0.0,0.0,0.0
37.6824,0.43926281401762024,0.5450350836693144,0.5062177186898349,-0.5037147596362095,-0.027,0.0,9.5185,0.0,0.0,1.0,0.0,0.0,0.0,0.0,0.0,0.0,0.0,0.0
37.7025,0.44598160330620956,0.5396700998266125,0.4974343268005825,-0.512265247099594,-0.027,0.0,9.6758,0.0,0.0,1.0,0.0,0.0,0.0,0.0,0.0,0.0,0.0,0.0
37.7226,0.45282634646232256,0.5336374790483838,0.4884098451729998,-0.5211863045423938,-0.027,0.0,9.7645,0.0,0.0,1.0,0.0,0.0,0.0,0.0,0.0,0.0,0.0,0.0
37.7426,0.4598418484646645,0.5269202639781654,0.47900696718192287,-0.5305212862844972,-0.027,0.0,9.4301,0.0,0.0,1.0,0.0,0.0,0.0,0.0,0.0,0.0,0.0,0.0
37.7627,0.46703814001430444,0.5199548159702417,0.46947912506652667,-0.5395476959899836,-0.027,0.0,9.4302,0.0,0.0,1.0,0.0,0.0,0.0,0.0,0.0,0.0,0.0,0.0
37.7828,0.47419080879680736,0.512765525379318,0.45984754234938313,-0.5484111875503034,-0.027,0.0,9.3597,0.0,0.0,1.0,0.0,0.0,0.0,0.0,0.0,0.0,0.0,0.0
37.8028,0.48107745320401357,0.5055523745104272,0.4499495532887512,-0.5572492082909246,-0.027,0.0,9.5045,0.0,0.0,1.0,0.0,0.0,0.0,0.0,0.0,0.0,0.0,0.0
37.8229,0.48797300967591306,0.49816594721305946,0.4397553051565245,-0.5659755316723847,-0.027,0.0,9.3772,0.0,0.0,1.0,0.0,0.0,0.0,0.0,0.0,0.0,0.0,0.0
37.843,0.49522561441379626,0.4900377546378521,0.4286994125683822,-0.5751794533200003,-0.027,0.0,9.355,0.0,0.0,1.0,0.0,0.0,0.0,0.0,0.0,0.0,0.0,0.0
37.8631,0.5020165029608732,0.48205840345350254,0.4183980860550055,-0.5835599095211254,-0.027,0.0,9.6608,0.0,0.0,1.0,0.0,0.0,0.0,0.0,0.0,0.0,0.0,0.0
37.8831,0.5080017915635728,0.47388240257949105,0.40900166289523265,-0.5916817455715733,-0.027,0.0,9.4202,0.0,0.0,1.0,0.0,0.0,0.0,0.0,0.0,0.0,0.0,0.0
37.9032,0.5121499090464728,0.46796057176598127,0.4021640695661756,-0.5974775603201494,-0.027,0.0,9.2871,0.0,0.0,1.0,0.0,0.0,0.0,0.0,0.0,0.0,0.0,0.0
37.9233,0.5150771892092694,0.46447907238843017,0.39679091611013917,-0.6012583881842636,-0.027,0.0,9.7418,0.0,0.0,1.0,0.0,0.0,0.0,0.0,0.0,0.0,0.0,0.0
37.9434,0.5176393972418022,0.4618533544310187,0.3914793004252453,-0.6045534639405519,-0.027,0.0,9.821,0.0,0.0,1.0,0.0,0.0,0.0,0.0,0.0,0.0,0.0,0.0
37.9634,0.5216555070664638,0.45671593779257214,0.38310955946281733,-0.6103385532322925,-0.027,0.0,9.8494,0.0,0.0,1.0,0.0,0.0,0.0,0.0,0.0,0.0,0.0,0.0
37.9835,0.5216555070664638,0.45671593779257214,0.38310955946281733,-0.6103385532322925,-0.027,0.0,9.8494,0.0,0.0,1.0,0.0,0.0,0.0,0.0,0.0,0.0,0.0,0.0
38.0036,0.524647302457964,0.4531157609838501,0.3778002966638046,-0.6137574855041275,-0.027,0.0,10.267,0.0,0.0,1.0,0.0,0.0,0.0,0.0,0.0,0.0,0.0,0.0
38.0237,0.5276287947334892,0.4496897793669905,0.3737646868783773,-0.6161874034282603,-0.027,0.0,10.2468,0.0,0.0,1.0,0.0,0.0,0.0,0.0,0.0,0.0,0.0,0.0
38.0437,0.5302150256875701,0.4464135474719807,0.3708521162784611,-0.6181065272429972,-0.027,0.0,10.127,0.0,0.0,1.0,0.0,0.0,0.0,0.0,0.0,0.0,0.0,0.0
38.0638,0.5328480184033262,0.4431851643258865,0.36786660686444295,-0.6199468194604495,-0.027,0.0,10.3747,0.0,0.0,1.0,0.0,0.0,0.0,0.0,0.0,0.0,0.0,0.0
38.0839,0.5354581932225193,0.44006069327940145,0.3644390896745203,-0.6219447398752841,-0.027,0.0,10.4678,0.0,0.0,1.0,0.0,0.0,0.0,0.0,0.0,0.0,0.0,0.0
38.1039,0.5379208546560189,0.4368434996988939,0.3609739814396759,-0.6241047152686394,-0.027,0.0,10.3268,0.0,0.0,1.0,0.0,0.0,0.0,0.0,0.0,0.0,0.0,0.0
38.124,0.5399766881517185,0.4340809454205067,0.3580921300318039,-0.6259144793698469,-0.027,0.0,10.2371,0.0,0.0,1.0,0.0,0.0,0.0,0.0,0.0,0.0,0.0,0.0
38.1441,0.5416369438251597,0.43207673015078496,0.35584218982476057,-0.6271486715976251,-0.027,0.0,10.2552,0.0,0.0,1.0,0.0,0.0,0.0,0.0,0.0,0.0,0.0,0.0
38.1641,0.5430254930941824,0.4304774272004802,0.35418406040651396,-0.6279857879559301,-0.027,0.0,10.2589,0.0,0.0,1.0,0.0,0.0,0.0,0.0,0.0,0.0,0.0,0.0
38.1842,0.5443594523772566,0.42894432474514,0.3527132219294689,-0.6287073531879538,-0.027,0.0,10.1903,0.0,0.0,1.0,0.0,0.0,0.0,0.0,0.0,0.0,0.0,0.0
38.2043,0.5454102862343929,0.4276732244453193,0.35162418453435446,-0.6292723302456666,-0.027,0.0,10.1632,0.0,0.0,1.0,0.0,0.0,0.0,0.0,0.0,0.0,0.0,0.0
38.2243,0.5462178760643995,0.42640283229498765,0.350899914226394,-0.6298380003416897,-0.027,0.0,10.2037,0.0,0.0,1.0,0.0,0.0,0.0,0.0,0.0,0.0,0.0,0.0
38.2444,0.5471169193976436,0.42474238476936965,0.3503406677077734,-0.6304906023402195,-0.027,0.0,10.2196,0.0,0.0,1.0,0.0,0.0,0.0,0.0,0.0,0.0,0.0,0.0
38.2645,0.5480354183884834,0.42291332286611,0.34979226704306177,-0.6312264818993107,-0.027,0.0,10.2466,0.0,0.0,1.0,0.0,0.0,0.0,0.0,0.0,0.0,0.0,0.0
38.2846,0.5487761126594118,0.4212109943866793,0.34967580651463465,-0.6317854910652422,-0.027,0.0,10.1354,0.0,0.0,1.0,0.0,0.0,0.0,0.0,0.0,0.0,0.0,0.0
38.3047,0.5490077368946465,0.42016350269862707,0.3501569187926882,-0.6320152435277573,-0.027,0.0,10.1036,0.0,0.0,1.0,0.0,0.0,0.0,0.0,0.0,0.0,0.0,0.0
38.3248,0.5489554470550144,0.41956016311979893,0.3508334811737149,-0.6320862719273769,-0.027,0.0,10.2547,0.0,0.0,1.0,0.0,0.0,0.0,0.0,0.0,0.0,0.0,0.0
38.3448,0.5487255114956867,0.4190208994794329,0.35169750560475127,-0.632163478369828,-0.027,0.0,10.2961,0.0,0.0,1.0,0.0,0.0,0.0,0.0,0.0,0.0,0.0,0.0
38.3649,0.5485115276316778,0.4184482479643861,0.3527756215372668,-0.6321277787597173,-0.027,0.0,10.3511,0.0,0.0,1.0,0.0,0.0,0.0,0.0,0.0,0.0,0.0,0.0
38.385,0.5482183007967739,0.4180912293985676,0.35406519426872113,-0.6318973467098473,-0.027,0.0,10.6322,0.0,0.0,1.0,0.0,0.0,0.0,0.0,0.0,0.0,0.0,0.0
38.4051,0.5476678912939589,0.4181519170014524,0.35571292939490345,-0.6314088746722962,-0.027,0.0,10.5782,0.0,0.0,1.0,0.0,0.0,0.0,0.0,0.0,0.0,0.0,0.0
38.4251,0.5468180439066355,0.4188260973623731,0.357729645533196,-0.6305586631971832,-0.027,0.0,10.509,0.0,0.0,1.0,0.0,0.0,0.0,0.0,0.0,0.0,0.0,0.0
38.4452,0.5456044526293712,0.42023582105174145,0.36090857573024726,-0.6288582001853339,-0.027,0.0,10.4923,0.0,0.0,1.0,0.0,0.0,0.0,0.0,0.0,0.0,0.0,0.0
38.4653,0.5443155575280183,0.4217557565038329,0.36468738351736757,-0.6267740964590822,-0.027,0.0,10.5282,0.0,0.0,1.0,0.0,0.0,0.0,0.0,0.0,0.0,0.0,0.0
38.4854,0.5429754678984967,0.42328404213980486,0.3686563914177727,-0.6245804399731252,-0.027,0.0,10.5656,0.0,0.0,1.0,0.0,0.0,0.0,0.0,0.0,0.0,0.0,0.0
38.5054,0.5409605302496465,0.42572435218803684,0.3749428330476144,-0.6209173476496904,-0.027,0.0,10.4692,0.0,0.0,1.0,0.0,0.0,0.0,0.0,0.0,0.0,0.0,0.0
38.5255,0.5389502268314539,0.4285361316725967,0.3801342132236615,-0.6175657185970084,-0.027,0.0,10.2353,0.0,0.0,1.0,0.0,0.0,0.0,0.0,0.0,0.0,0.0,0.0
38.5456,0.5364437665228013,0.4318896426142444,0.38568514593723896,-0.6139595997822179,-0.027,0.0,10.1877,0.0,0.0,1.0,0.0,0.0,0.0,0.0,0.0,0.0,0.0,0.0
38.5656,0.5336826277926968,0.43529617124149433,0.39128986159551343,-0.6104034242264221,-0.027,0.0,10.2132,0.0,0.0,1.0,0.0,0.0,0.0,0.0,0.0,0.0,0.0,0.0
38.5857,0.5309660653549355,0.4384943966675193,0.3971107548279355,-0.606713070514122,-0.027,0.0,9.9871,0.0,0.0,1.0,0.0,0.0,0.0,0.0,0.0,0.0,0.0,0.0
38.6058,0.5280572863016354,0.44212333169490514,0.4031227138286581,-0.6026396431949754,-0.027,0.0,9.8752,0.0,0.0,1.0,0.0,0.0,0.0,0.0,0.0,0.0,0.0,0.0
38.6258,0.5247265958707211,0.4464174622783708,0.4095519286179277,-0.5980306570103244,-0.027,0.0,9.8079,0.0,0.0,1.0,0.0,0.0,0.0,0.0,0.0,0.0,0.0,0.0
38.6459,0.5211246755805415,0.45105577800153374,0.41620433155628056,-0.5930865974090935,-0.027,0.0,9.7203,0.0,0.0,1.0,0.0,0.0,0.0,0.0,0.0,0.0,0.0,0.0
38.666,0.5174466699905301,0.4555577859004549,0.42253838126878135,-0.5883683912107659,-0.027,0.0,9.6479,0.0,0.0,1.0,0.0,0.0,0.0,0.0,0.0,0.0,0.0,0.0
38.686,0.5139715071677975,0.45989508508448834,0.4282184236141225,-0.5839167596603386,-0.027,0.0,9.6844,0.0,0.0,1.0,0.0,0.0,0.0,0.0,0.0,0.0,0.0,0.0
38.7061,0.510988719119753,0.4637474677352995,0.4329853040408701,-0.5799590861311572,-0.027,0.0,9.7609,0.0,0.0,1.0,0.0,0.0,0.0,0.0,0.0,0.0,0.0,0.0
38.7262,0.5081206888446071,0.46747047373407513,0.4378683170870405,-0.5758090470340705,-0.027,0.0,9.7986,0.0,0.0,1.0,0.0,0.0,0.0,0.0,0.0,0.0,0.0,0.0
38.7462,0.5053216214674806,0.4711408353722944,0.4431251910640254,-0.5712411374950546,-0.027,0.0,9.8572,0.0,0.0,1.0,0.0,0.0,0.0,0.0,0.0,0.0,0.0,0.0
38.7663,0.5027997411622424,0.4744182073488049,0.4482956364303208,-0.5667016915279699,-0.027,0.0,9.8525,0.0,0.0,1.0,0.0,0.0,0.0,0.0,0.0,0.0,0.0,0.0
38.7864,0.5003187746804435,0.4776131495535319,0.4533814824119247,-0.562149476991468,-0.027,0.0,9.736,0.0,0.0,1.0,0.0,0.0,0.0,0.0,0.0,0.0,0.0,0.0
38.8065,0.4978047075340564,0.4808976495406768,0.4579485708223908,-0.5578629135414135,-0.027,0.0,9.8097,0.0,0.0,1.0,0.0,0.0,0.0,0.0,0.0,0.0,0.0,0.0
38.8265,0.49486544468737415,0.4845506021682827,0.4628229338934583,-0.5532755529164232,-0.027,0.0,9.8863,0.0,0.0,1.0,0.0,0.0,0.0,0.0,0.0,0.0,0.0,0.0
38.8466,0.4919445481671795,0.48809953606678813,0.467835472295051,-0.548524726227034,-0.027,0.0,9.8482,0.0,0.0,1.0,0.0,0.0,0.0,0.0,0.0,0.0,0.0,0.0
38.8667,0.4887710482158482,0.49182205475902097,0.4731460147064827,-0.5434581654975555,-0.027,0.0,9.7379,0.0,0.0,1.0,0.0,0.0,0.0,0.0,0.0,0.0,0.0,0.0
38.8867,0.48565014621985725,0.4955370066906744,0.47832624957898884,-0.5383224028780307,-0.027,0.0,9.712,0.0,0.0,1.0,0.0,0.0,0.0,0.0,0.0,0.0,0.0,0.0
38.9068,0.4824867231267825,0.4992718526498601,0.4832797292460439,-0.5332681149832854,-0.027,0.0,9.7606,0.0,0.0,1.0,0.0,0.0,0.0,0.0,0.0,0.0,0.0,0.0
38.9269,0.4789959280374958,0.5031045217633436,0.48839476964972556,-0.5281281000700181,-0.027,0.0,9.6992,0.0,0.0,1.0,0.0,0.0,0.0,0.0,0.0,0.0,0.0,0.0
38.9469,0.47540681753563785,0.5069620709255765,0.49377796505668264,-0.5226481968857913,-0.027,0.0,9.554,0.0,0.0,1.0,0.0,0.0,0.0,0.0,0.0,0.0,0.0,0.0
38.967,0.47161699786535116,0.5112278297072498,0.49871588282366114,-0.5172098043122393,-0.027,0.0,9.6377,0.0,0.0,1.0,0.0,0.0,0.0,0.0,0.0,0.0,0.0,0.0
38.9871,0.4668498008960878,0.5162869326507128,0.5046911363032347,-0.5106720312630715,-0.027,0.0,9.8298,0.0,0.0,1.0,0.0,0.0,0.0,0.0,0.0,0.0,0.0,0.0
39.0071,0.4619122646515395,0.520872043146789,0.5107400812113437,-0.5044541048269959,-0.027,0.0,9.6645,0.0,0.0,1.0,0.0,0.0,0.0,0.0,0.0,0.0,0.0,0.0
39.0272,0.4567119363712011,0.5253138238985364,0.5170130795051425,-0.4981536602472923,-0.027,0.0,9.7941,0.0,0.0,1.0,0.0,0.0,0.0,0.0,0.0,0.0,0.0,0.0
39.0473,0.4517844025904202,0.5294828157907477,0.5227687800854917,-0.4921906174707574,-0.027,0.0,9.7257,0.0,0.0,1.0,0.0,0.0,0.0,0.0,0.0,0.0,0.0,0.0
39.0673,0.44721365391591306,0.5334573227948749,0.5276592105971035,-0.4868254204329762,-0.027,0.0,9.8525,0.0,0.0,1.0,0.0,0.0,0.0,0.0,0.0,0.0,0.0,0.0
39.0874,0.44298234442109086,0.5372180776574054,0.5317862083165912,-0.482044404815095,-0.027,0.0,9.9471,0.0,0.0,1.0,0.0,0.0,0.0,0.0,0.0,0.0,0.0,0.0
39.1075,0.4393292161780712,0.5402808062812249,0.5352758266030979,-0.47808605881247096,-0.027,0.0,9.8193,0.0,0.0,1.0,0.0,0.0,0.0,0.0,0.0,0.0,0.0,0.0
39.1276,0.435841329749207,0.5430777043923775,0.538499816468055,-0.4744753839117681,-0.027,0.0,9.8645,0.0,0.0,1.0,0.0,0.0,0.0,0.0,0.0,0.0,0.0,0.0
39.1476,0.4326734151316535,0.5455262192753066,0.5411932651899005,-0.47149200378648604,-0.027,0.0,9.9431,0.0,0.0,1.0,0.0,0.0,0.0,0.0,0.0,0.0,0.0,0.0
39.1677,0.42957615639852764,0.5478662284758912,0.543715120668667,-0.4687011725030428,-0.027,0.0,9.9361,0.0,0.0,1.0,0.0,0.0,0.0,0.0,0.0,0.0,0.0,0.0
39.1878,0.4271206616802392,0.5496787037824588,0.5457717343188262,-0.46642735446422046,-0.027,0.0,9.8365,0.0,0.0,1.0,0.0,0.0,0.0,0.0,0.0,0.0,0.0,0.0
39.2079,0.4246238020938645,0.5514553403640599,0.5477933248225485,-0.4642349702027709,-0.027,0.0,9.7436,0.0,0.0,1.0,0.0,0.0,0.0,0.0,0.0,0.0,0.0,0.0
39.2279,0.42213036242777574,0.5531768897900194,0.5498808010696306,-0.461987435255394,-0.027,0.0,9.7772,0.0,0.0,1.0,0.0,0.0,0.0,0.0,0.0,0.0,0.0,0.0
39.248,0.4195632159833772,0.5547585411805874,0.5521944970821089,-0.4596639056670749,-0.027,0.0,9.8644,0.0,0.0,1.0,0.0,0.0,0.0,0.0,0.0,0.0,0.0,0.0
39.2681,0.4170469442226885,0.5563879209062804,0.5544959483788816,-0.4572073610688145,-0.027,0.0,9.9052,0.0,0.0,1.0,0.0,0.0,0.0,0.0,0.0,0.0,0.0,0.0
39.2881,0.41449509346824365,0.5579898567847015,0.5568918432919078,-0.45465658698745554,-0.027,0.0,9.8559,0.0,0.0,1.0,0.0,0.0,0.0,0.0,0.0,0.0,0.0,0.0
39.3082,0.4122197920011347,0.5594327893716163,0.5588838042981781,-0.4525026967340968,-0.027,0.0,10.0651,0.0,0.0,1.0,0.0,0.0,0.0,0.0,0.0,0.0,0.0,0.0
39.3283,0.4102145984294559,0.5605437183389185,0.5606657176246832,-0.45074236116271416,-0.027,0.0,9.9921,0.0,0.0,1.0,0.0,0.0,0.0,0.0,0.0,0.0,0.0,0.0
39.3484,0.40844182899314674,0.5614548917978344,0.562126883290203,-0.44939631049604506,-0.027,0.0,9.7159,0.0,0.0,1.0,0.0,0.0,0.0,0.0,0.0,0.0,0.0,0.0
39.3684,0.4066087353962273,0.5626729471023162,0.5636499296472287,-0.4476240026041377,-0.027,0.0,9.6091,0.0,0.0,1.0,0.0,0.0,0.0,0.0,0.0,0.0,0.0,0.0
39.3885,0.40259348500683495,0.5651937003017303,0.5672687285722928,-0.4434870421480923,-0.027,0.0,9.7372,0.0,0.0,1.0,0.0,0.0,0.0,0.0,0.0,0.0,0.0,0.0
39.4086,0.39954203863271015,0.5670865708816226,0.5699546142289021,-0.4403756557873332,-0.027,0.0,9.8768,0.0,0.0,1.0,0.0,0.0,0.0,0.0,0.0,0.0,0.0,0.0
39.4286,0.3969687565610466,0.5687809199569946,0.5721378840723764,-0.43767832139190466,-0.027,0.0,9.782,0.0,0.0,1.0,0.0,0.0,0.0,0.0,0.0,0.0,0.0,0.0
39.4487,0.3947024569791929,0.5704793164083403,0.574019212884539,-0.43504627712954347,-0.027,0.0,9.8536,0.0,0.0,1.0,0.0,0.0,0.0,0.0,0.0,0.0,0.0,0.0
39.4688,0.3927565337453761,0.5718924966899638,0.5755554550364119,-0.43291707705733434,-0.027,0.0,9.9073,0.0,0.0,1.0,0.0,0.0,0.0,0.0,0.0,0.0,0.0,0.0
39.4889,0.3910499806237007,0.5731170404321043,0.5767790215216886,-0.4312107732339634,-0.027,0.0,9.7686,0.0,0.0,1.0,0.0,0.0,0.0,0.0,0.0,0.0,0.0,0.0
39.509,0.3897814284529898,0.574051358524468,0.5778354597666492,-0.4296994964456265,-0.027,0.0,9.6658,0.0,0.0,1.0,0.0,0.0,0.0,0.0,0.0,0.0,0.0,0.0
39.529,0.3886757957029502,0.5749566148711688,0.5788626530164835,-0.428105180759686,-0.027,0.0,9.7227,0.0,0.0,1.0,0.0,0.0,0.0,0.0,0.0,0.0,0.0,0.0
39.5491,0.3876984657933929,0.5757501468634286,0.579900183962289,-0.4265178128152367,-0.027,0.0,9.7983,0.0,0.0,1.0,0.0,0.0,0.0,0.0,0.0,0.0,0.0,0.0
39.5692,0.3867829074696468,0.5764203329852212,0.5808763664814849,-0.4251131956006555,-0.027,0.0,9.8056,0.0,0.0,1.0,0.0,0.0,0.0,0.0,0.0,0.0,0.0,0.0
39.5893,0.38635156738496557,0.5768408610391162,0.5814188440636776,-0.4241924270687638,-0.027,0.0,9.9075,0.0,0.0,1.0,0.0,0.0,0.0,0.0,0.0,0.0,0.0,0.0
39.6093,0.38659313184617977,0.5770202264804791,0.5811711849470309,-0.42406775688448994,-0.027,0.0,9.9133,0.0,0.0,1.0,0.0,0.0,0.0,0.0,0.0,0.0,0.0,0.0
39.6294,0.3871518248407789,0.5770956826155782,0.5802697303702876,-0.4246893896071676,-0.027,0.0,9.9602,0.0,0.0,1.0,0.0,0.0,0.0,0.0,0.0,0.0,0.0,0.0
39.6495,0.3878150847326201,0.5769621506090657,0.5791601397540553,-0.4257788972441633,-0.027,0.0,9.9978,0.0,0.0,1.0,0.0,0.0,0.0,0.0,0.0,0.0,0.0,0.0
39.6695,0.3891064895054617,0.5763660938705069,0.5777091197210126,-0.427376226119754,-0.027,0.0,10.0964,0.0,0.0,1.0,0.0,0.0,0.0,0.0,0.0,0.0,0.0,0.0
39.6896,0.3913569518454869,0.5750119292476616,0.5756839291649753,-0.4298709471065327,-0.027,0.0,10.2441,0.0,0.0,1.0,0.0,0.0,0.0,0.0,0.0,0.0,0.0,0.0
39.7097,0.39464513730140854,0.5727425889830584,0.5730475829065228,-0.43340236512313546,-0.027,0.0,9.993,0.0,0.0,1.0,0.0,0.0,0.0,0.0,0.0,0.0,0.0,0.0
39.7297,0.39898157304765913,0.5695722526711038,0.5695722526711038,-0.43816504007365115,-0.027,0.0,9.898,0.0,0.0,1.0,0.0,0.0,0.0,0.0,0.0,0.0,0.0,0.0
39.7498,0.4043694157487278,0.5656899699875997,0.5652629579326273,-0.4437995288998379,-0.027,0.0,9.8333,0.0,0.0,1.0,0.0,0.0,0.0,0.0,0.0,0.0,0.0,0.0
39.7699,0.4106495903172862,0.5609802707415146,0.5602482625589916,-0.45032203378321767,-0.027,0.0,9.8023,0.0,0.0,1.0,0.0,0.0,0.0,0.0,0.0,0.0,0.0,0.0
39.79,0.4167335417362128,0.5559497117335668,0.5552787350126108,-0.4570761420793597,-0.027,0.0,9.4276,0.0,0.0,1.0,0.0,0.0,0.0,0.0,0.0,0.0,0.0,0.0
39.8101,0.42231069551277417,0.5509753447592011,0.5506703384790239,-0.4635105438308754,-0.027,0.0,9.213,0.0,0.0,1.0,0.0,0.0,0.0,0.0,0.0,0.0,0.0,0.0
39.8302,0.42748186911654157,0.5468035995674579,0.5457656193102756,-0.46947307042637765,-0.027,0.0,9.4881,0.0,0.0,1.0,0.0,0.0,0.0,0.0,0.0,0.0,0.0,0.0
39.8503,0.4323750301337318,0.5432155505640611,0.5402245365203305,-0.47552723274659336,-0.027,0.0,9.6713,0.0,0.0,1.0,0.0,0.0,0.0,0.0,0.0,0.0,0.0,0.0
39.8704,0.4371912233375248,0.539424340199997,0.534663381327389,-0.4816848389808416,-0.027,0.0,9.8947,0.0,0.0,1.0,0.0,0.0,0.0,0.0,0.0,0.0,0.0,0.0
39.8905,0.4423140015142753,0.5349633261110603,0.5289824342651726,-0.48821117154312804,-0.027,0.0,9.726,0.0,0.0,1.0,0.0,0.0,0.0,0.0,0.0,0.0,0.0,0.0
39.9106,0.4495300673804071,0.5288771383407245,0.520698027945942,-0.4970767091251612,-0.027,0.0,9.4408,0.0,0.0,1.0,0.0,0.0,0.0,0.0,0.0,0.0,0.0,0.0
39.9306,0.4495300673804071,0.5288771383407245,0.520698027945942,-0.4970767091251612,-0.027,0.0,9.4408,0.0,0.0,1.0,0.0,0.0,0.0,0.0,0.0,0.0,0.0,0.0
39.9507,0.4538025845599032,0.5254596242852961,0.5153274772704242,-0.5023872895115958,-0.027,0.0,9.6007,0.0,0.0,1.0,0.0,0.0,0.0,0.0,0.0,0.0,0.0,0.0
39.9708,0.45759074688052104,0.522411127582623,0.510325870161421,-0.5072128038517639,-0.027,0.0,9.7557,0.0,0.0,1.0,0.0,0.0,0.0,0.0,0.0,0.0,0.0,0.0
39.9909,0.4615466875246281,0.5191025238562067,0.5050645637751954,-0.5122665432953153,-0.027,0.0,9.9914,0.0,0.0,1.0,0.0,0.0,0.0,0.0,0.0,0.0,0.0,0.0
40.011,0.465941547115986,0.5152584991810907,0.4992675147239443,-0.5178214966899186,-0.027,0.0,9.8607,0.0,0.0,1.0,0.0,0.0,0.0,0.0,0.0,0.0,0.0,0.0
40.0311,0.4705769127520938,0.5108595628726734,0.4930377176662845,-0.5239214494222111,-0.027,0.0,9.725,0.0,0.0,1.0,0.0,0.0,0.0,0.0,0.0,0.0,0.0,0.0
40.0512,0.47509113635448486,0.5065236822482384,0.4866869688293988,-0.5299603436586002,-0.027,0.0,9.5423,0.0,0.0,1.0,0.0,0.0,0.0,0.0,0.0,0.0,0.0,0.0
40.0713,0.4801025442307093,0.5017695236618872,0.47961354469492473,-0.5363764908089206,-0.027,0.0,9.5085,0.0,0.0,1.0,0.0,0.0,0.0,0.0,0.0,0.0,0.0,0.0
40.0914,0.485720829380644,0.4964628919544148,0.47192674902851256,-0.5430331632316923,-0.027,0.0,9.3927,0.0,0.0,1.0,0.0,0.0,0.0,0.0,0.0,0.0,0.0,0.0
40.1115,0.49164411670861285,0.49072910532465047,0.46387277119603043,-0.5498118403926849,-0.027,0.0,9.2724,0.0,0.0,1.0,0.0,0.0,0.0,0.0,0.0,0.0,0.0,0.0
40.1316,0.4978092531502354,0.4849910921369837,0.4556937241228448,-0.5561589861009469,-0.027,0.0,9.2805,0.0,0.0,1.0,0.0,0.0,0.0,0.0,0.0,0.0,0.0,0.0
40.1517,0.5039026102849966,0.47930577574605476,0.44768998842308105,-0.5620692190025897,-0.027,0.0,9.2493,0.0,0.0,1.0,0.0,0.0,0.0,0.0,0.0,0.0,0.0,0.0
40.1717,0.5096373983851515,0.4739318608987097,0.44024129731119743,-0.5673146512598226,-0.027,0.0,9.3244,0.0,0.0,1.0,0.0,0.0,0.0,0.0,0.0,0.0,0.0,0.0
40.1918,0.5147805567614405,0.4690027069080717,0.43329704404212316,-0.5720936207629318,-0.027,0.0,9.4161,0.0,0.0,1.0,0.0,0.0,0.0,0.0,0.0,0.0,0.0,0.0
40.2119,0.5191700236559664,0.46503149979421393,0.4271281330290583,-0.5759945735085693,-0.027,0.0,9.7752,0.0,0.0,1.0,0.0,0.0,0.0,0.0,0.0,0.0,0.0,0.0
40.232,0.5232730232141682,0.46156477985539124,0.42128031534267607,-0.5793670624725955,-0.027,0.0,9.8831,0.0,0.0,1.0,0.0,0.0,0.0,0.0,0.0,0.0,0.0,0.0
40.2521,0.5265555089636561,0.4589278014246091,0.4164473569829112,-0.5819760887884892,-0.027,0.0,10.0323,0.0,0.0,1.0,0.0,0.0,0.0,0.0,0.0,0.0,0.0,0.0
40.2722,0.5291844638102826,0.45703917358090856,0.41260537893739324,-0.5838114407462688,-0.027,0.0,10.0849,0.0,0.0,1.0,0.0,0.0,0.0,0.0,0.0,0.0,0.0,0.0
40.2923,0.5314396571572308,0.45593871138350006,0.40918512571781523,-0.5850293284561503,-0.027,0.0,10.1009,0.0,0.0,1.0,0.0,0.0,0.0,0.0,0.0,0.0,0.0,0.0
40.3124,0.5325227785508965,0.4558641060134495,0.4077079399113646,-0.585133867509156,-0.027,0.0,10.2432,0.0,0.0,1.0,0.0,0.0,0.0,0.0,0.0,0.0,0.0,0.0
40.3325,0.5333726718309707,0.4558606087391275,0.40660583954063667,-0.5851293785098626,-0.027,0.0,10.3807,0.0,0.0,1.0,0.0,0.0,0.0,0.0,0.0,0.0,0.0,0.0
40.3526,0.5340179143921024,0.45601185934623645,0.40553388241592475,-0.5851669176026312,-0.027,0.0,10.4108,0.0,0.0,1.0,0.0,0.0,0.0,0.0,0.0,0.0,0.0,0.0
40.3727,0.5342325206456514,0.4566577519146723,0.4054505646766609,-0.5845247224063395,-0.027,0.0,10.49,0.0,0.0,1.0,0.0,0.0,0.0,0.0,0.0,0.0,0.0,0.0
40.3928,0.5337688134459935,0.4577784197872639,0.40668981052207076,-0.5832093707983902,-0.027,0.0,10.4202,0.0,0.0,1.0,0.0,0.0,0.0,0.0,0.0,0.0,0.0,0.0
40.4129,0.532847797510974,0.45911530341187495,0.4091882917018532,-0.581249778318104,-0.027,0.0,10.1866,0.0,0.0,1.0,0.0,0.0,0.0,0.0,0.0,0.0,0.0,0.0
40.433,0.5319215117433154,0.4602664428064483,0.4120483964175313,-0.5791635571932557,-0.027,0.0,10.093,0.0,0.0,1.0,0.0,0.0,0.0,0.0,0.0,0.0,0.0,0.0
40.4531,0.5310769678235137,0.4609466515423379,0.41449777973997304,-0.5776478419157488,-0.027,0.0,10.2053,0.0,0.0,1.0,0.0,0.0,0.0,0.0,0.0,0.0,0.0,0.0
40.4732,0.5302067509301047,0.4614214319077548,0.4163778778408993,-0.5767152904935401,-0.027,0.0,10.265,0.0,0.0,1.0,0.0,0.0,0.0,0.0,0.0,0.0,0.0,0.0
40.4933,0.5292431296402016,0.46198122352888327,0.4179746306989422,-0.5759967594765475,-0.027,0.0,10.2835,0.0,0.0,1.0,0.0,0.0,0.0,0.0,0.0,0.0,0.0,0.0
40.5134,0.5271758513871198,0.46357505965106677,0.42231389725811186,-0.5734411547547318,-0.027,0.0,10.1534,0.0,0.0,1.0,0.0,0.0,0.0,0.0,0.0,0.0,0.0,0.0
40.5335,0.5253849908142886,0.46489968262592374,0.42632612381796875,-0.5710384686443912,-0.027,0.0,10.2644,0.0,0.0,1.0,0.0,0.0,0.0,0.0,0.0,0.0,0.0,0.0
40.5536,0.5238131463911551,0.4660721381655108,0.43012251044289784,-0.5686749297304453,-0.027,0.0,10.2895,0.0,0.0,1.0,0.0,0.0,0.0,0.0,0.0,0.0,0.0,0.0
40.5737,0.5223335828811692,0.46721915447261525,0.43334550577604725,-0.566644123336788,-0.027,0.0,10.2427,0.0,0.0,1.0,0.0,0.0,0.0,0.0,0.0,0.0,0.0,0.0
40.5938,0.5207557465089365,0.46863137150695505,0.43640413965236124,-0.5645790617900323,-0.027,0.0,10.2857,0.0,0.0,1.0,0.0,0.0,0.0,0.0,0.0,0.0,0.0,0.0
40.6139,0.5191119951166839,0.4703442440189167,0.43988677492742684,-0.5619596550360152,-0.027,0.0,10.2423,0.0,0.0,1.0,0.0,0.0,0.0,0.0,0.0,0.0,0.0,0.0
40.634,0.5175117649142082,0.4722852224203869,0.4436605119844609,-0.5588323469202486,-0.027,0.0,10.2984,0.0,0.0,1.0,0.0,0.0,0.0,0.0,0.0,0.0,0.0,0.0
40.6541,0.5159323709267404,0.4743671799171654,0.44769505734751847,-0.5553005518401277,-0.027,0.0,10.3255,0.0,0.0,1.0,0.0,0.0,0.0,0.0,0.0,0.0,0.0,0.0
40.6742,0.514104385408653,0.4762009883583879,0.452275737733699,-0.5517027792639114,-0.027,0.0,10.1484,0.0,0.0,1.0,0.0,0.0,0.0,0.0,0.0,0.0,0.0,0.0
40.6942,0.511955914394106,0.4780813832266187,0.45702467465706065,-0.5481494134664615,-0.027,0.0,9.95,0.0,0.0,1.0,0.0,0.0,0.0,0.0,0.0,0.0,0.0,0.0
40.7143,0.5096454161992989,0.48028733461925666,0.4610612811940273,-0.5449845143993505,-0.027,0.0,9.8792,0.0,0.0,1.0,0.0,0.0,0.0,0.0,0.0,0.0,0.0,0.0
40.7344,0.5075043656828647,0.48254149525833584,0.4642305903052635,-0.5422941850983739,-0.027,0.0,10.0326,0.0,0.0,1.0,0.0,0.0,0.0,0.0,0.0,0.0,0.0,0.0
40.7545,0.5057931465058457,0.48437035207487766,0.4666095225043964,-0.5402168161829048,-0.027,0.0,10.034,0.0,0.0,1.0,0.0,0.0,0.0,0.0,0.0,0.0,0.0,0.0
40.7746,0.5040295385764562,0.48608548380129296,0.46911743200543005,-0.5381486427268013,-0.027,0.0,9.9947,0.0,0.0,1.0,0.0,0.0,0.0,0.0,0.0,0.0,0.0,0.0
40.7947,0.5022631812004203,0.487554029465103,0.47198986890976435,-0.5359555287608467,-0.027,0.0,9.8841,0.0,0.0,1.0,0.0,0.0,0.0,0.0,0.0,0.0,0.0,0.0
40.8148,0.5006082325571961,0.4887682743592431,0.47491332327540564,-0.5338111153314046,-0.027,0.0,9.8088,0.0,0.0,1.0,0.0,0.0,0.0,0.0,0.0,0.0,0.0,0.0
40.8349,0.5006082325571961,0.4887682743592431,0.47491332327540564,-0.5338111153314046,-0.027,0.0,9.8088,0.0,0.0,1.0,0.0,0.0,0.0,0.0,0.0,0.0,0.0,0.0
40.855,0.4984933759464573,0.49037506039552914,0.47865660491070844,-0.5309656381112993,-0.027,0.0,9.7498,0.0,0.0,1.0,0.0,0.0,0.0,0.0,0.0,0.0,0.0,0.0
40.8751,0.49730581346383873,0.4912639129242428,0.480766085737107,-0.5293492859714201,-0.027,0.0,9.7557,0.0,0.0,1.0,0.0,0.0,0.0,0.0,0.0,0.0,0.0,0.0
40.8952,0.4962762647657696,0.49206427100584615,0.4825432851112051,-0.5279532178363033,-0.027,0.0,9.7442,0.0,0.0,1.0,0.0,0.0,0.0,0.0,0.0,0.0,0.0,0.0
40.9153,0.49560060248052834,0.4926716284696417,0.48382170699598304,-0.5268503251982503,-0.027,0.0,9.7932,0.0,0.0,1.0,0.0,0.0,0.0,0.0,0.0,0.0,0.0,0.0
40.9354,0.4951765825360356,0.4929795888250232,0.48480061223769066,-0.526060494129529,-0.027,0.0,9.7293,0.0,0.0,1.0,0.0,0.0,0.0,0.0,0.0,0.0,0.0,0.0
40.9555,0.49506135974498156,0.492925336619486,0.485296254023791,-0.5257626921306727,-0.027,0.0,9.5679,0.0,0.0,1.0,0.0,0.0,0.0,0.0,0.0,0.0,0.0,0.0
40.9756,0.49542424333138424,0.4926782308971604,0.48504819634758767,-0.5258813812444038,-0.027,0.0,9.5876,0.0,0.0,1.0,0.0,0.0,0.0,0.0,0.0,0.0,0.0,0.0
40.9956,0.4960887546149288,0.49230479462455823,0.4844918772342927,-0.5261174371072219,-0.027,0.0,9.6985,0.0,0.0,1.0,0.0,0.0,0.0,0.0,0.0,0.0,0.0,0.0
41.0157,0.49681416059634415,0.4919312769586279,0.48393646748012303,-0.5262934580855663,-0.027,0.0,9.6594,0.0,0.0,1.0,0.0,0.0,0.0,0.0,0.0,0.0,0.0,0.0
41.0358,0.49774422040035815,0.4914571923543883,0.48364515750547554,-0.5261253470064764,-0.027,0.0,9.5166,0.0,0.0,1.0,0.0,0.0,0.0,0.0,0.0,0.0,0.0,0.0
41.0559,0.4987386907521505,0.49104837171035925,0.48347905768860155,-0.5257178100121563,-0.027,0.0,9.599,0.0,0.0,1.0,0.0,0.0,0.0,0.0,0.0,0.0,0.0,0.0
41.076,0.499885921106848,0.49073077603598414,0.4831616560970037,-0.5252163224880578,-0.027,0.0,9.7711,0.0,0.0,1.0,0.0,0.0,0.0,0.0,0.0,0.0,0.0,0.0
41.0961,0.5012243259096094,0.49023725300410664,0.4825472019762271,-0.5249664834523816,-0.027,0.0,9.9101,0.0,0.0,1.0,0.0,0.0,0.0,0.0,0.0,0.0,0.0,0.0
41.1162,0.5026733724078252,0.4895507020607141,0.48155490292214076,-0.52513280820727,-0.027,0.0,9.8637,0.0,0.0,1.0,0.0,0.0,0.0,0.0,0.0,0.0,0.0,0.0
41.1363,0.5042657174306354,0.48876391056527363,0.48028001626481387,-0.5255064527955657,-0.027,0.0,9.8126,0.0,0.0,1.0,0.0,0.0,0.0,0.0,0.0,0.0,0.0,0.0
41.1564,0.5056132384920509,0.4880352997319005,0.4790633309893779,-0.5259991674694326,-0.027,0.0,9.838,0.0,0.0,1.0,0.0,0.0,0.0,0.0,0.0,0.0,0.0,0.0
41.1765,0.5065848656243394,0.48754213380843153,0.4781422661893836,-0.5263595871314325,-0.027,0.0,9.8432,0.0,0.0,1.0,0.0,0.0,0.0,0.0,0.0,0.0,0.0,0.0
41.1966,0.5071405578522331,0.48724357519931033,0.4777825834478252,-0.5264275410369805,-0.027,0.0,9.846,0.0,0.0,1.0,0.0,0.0,0.0,0.0,0.0,0.0,0.0,0.0
41.2166,0.5076881757278634,0.487059249853629,0.47765928363045757,-0.52618210927375,-0.027,0.0,9.8012,0.0,0.0,1.0,0.0,0.0,0.0,0.0,0.0,0.0,0.0,0.0
41.2367,0.5084114095073451,0.4867439034716127,0.47789410522460196,-0.5255620185168912,-0.027,0.0,9.922,0.0,0.0,1.0,0.0,0.0,0.0,0.0,0.0,0.0,0.0,0.0
41.2568,0.509332219773727,0.48620048228740975,0.47826557233781936,-0.5248350438378103,-0.027,0.0,9.9522,0.0,0.0,1.0,0.0,0.0,0.0,0.0,0.0,0.0,0.0,0.0
41.2769,0.5104463927711876,0.48517692778543,0.47876880986906095,-0.5242406466005256,-0.027,0.0,9.8434,0.0,0.0,1.0,0.0,0.0,0.0,0.0,0.0,0.0,0.0,0.0
41.297,0.5123739598324342,0.48313887505392344,0.48033196292595537,-0.5228106331062512,-0.027,0.0,9.655,0.0,0.0,1.0,0.0,0.0,0.0,0.0,0.0,0.0,0.0,0.0
41.3171,0.5134229323522412,0.4819902426028935,0.4817452450210977,-0.5215398522356585,-0.027,0.0,9.764,0.0,0.0,1.0,0.0,0.0,0.0,0.0,0.0,0.0,0.0,0.0
41.3372,0.5143491755966827,0.48102377547116437,0.4831598011176193,-0.5202092459563387,-0.027,0.0,10.0149,0.0,0.0,1.0,0.0,0.0,0.0,0.0,0.0,0.0,0.0,0.0
41.3573,0.5152588231459411,0.479796835317681,0.4849238335579241,-0.5187988219308952,-0.027,0.0,9.8224,0.0,0.0,1.0,0.0,0.0,0.0,0.0,0.0,0.0,0.0,0.0
41.3774,0.5152588231459411,0.479796835317681,0.4849238335579241,-0.5187988219308952,-0.027,0.0,9.8224,0.0,0.0,1.0,0.0,0.0,0.0,0.0,0.0,0.0,0.0,0.0
41.3975,0.5154501920064967,0.47937761870812684,0.48590872250640976,-0.5180742337101706,-0.027,0.0,9.732,0.0,0.0,1.0,0.0,0.0,0.0,0.0,0.0,0.0,0.0,0.0
41.4176,0.5151914297775131,0.4797298820176804,0.48656579483946777,-0.5173884017595883,-0.027,0.0,10.13,0.0,0.0,1.0,0.0,0.0,0.0,0.0,0.0,0.0,0.0,0.0
41.4376,0.5148916317197854,0.48034572352256427,0.4872427051944289,-0.516477627505138,-0.027,0.0,10.2578,0.0,0.0,1.0,0.0,0.0,0.0,0.0,0.0,0.0,0.0,0.0
41.4578,0.514708338685394,0.48077338228616845,0.48785337318955807,-0.515685337430113,-0.027,0.0,9.9879,0.0,0.0,1.0,0.0,0.0,0.0,0.0,0.0,0.0,0.0,0.0
41.4779,0.5147649019583873,0.4811952996328035,0.48809221793007945,-0.5150088990679328,-0.027,0.0,10.0247,0.0,0.0,1.0,0.0,0.0,0.0,0.0,0.0,0.0,0.0,0.0
41.4979,0.5147745171113535,0.4818152919229238,0.48804033445449274,-0.514468515020645,-0.027,0.0,10.0926,0.0,0.0,1.0,0.0,0.0,0.0,0.0,0.0,0.0,0.0,0.0
41.518,0.5147088769055854,0.48260488458336653,0.48797588329887365,-0.5138548771098224,-0.027,0.0,10.0477,0.0,0.0,1.0,0.0,0.0,0.0,0.0,0.0,0.0,0.0,0.0
41.5381,0.5146458606820744,0.48351899007254917,0.48797397155375327,-0.513059867274849,-0.027,0.0,9.9614,0.0,0.0,1.0,0.0,0.0,0.0,0.0,0.0,0.0,0.0,0.0
41.5582,0.5147789116523325,0.4843214435506036,0.4878614979578047,-0.5122758731830602,-0.027,0.0,9.9649,0.0,0.0,1.0,0.0,0.0,0.0,0.0,0.0,0.0,0.0,0.0
41.5783,0.5150145253963081,0.4851065529575385,0.4876095506509398,-0.5115355286023238,-0.027,0.0,10.0457,0.0,0.0,1.0,0.0,0.0,0.0,0.0,0.0,0.0,0.0,0.0
41.5984,0.5154463705547977,0.4856001174834949,0.4875531340434446,-0.5106853301851513,-0.027,0.0,10.0525,0.0,0.0,1.0,0.0,0.0,0.0,0.0,0.0,0.0,0.0,0.0
41.6185,0.5161792224526685,0.48572291431041686,0.48767593407013,-0.5097101570017811,-0.027,0.0,10.0482,0.0,0.0,1.0,0.0,0.0,0.0,0.0,0.0,0.0,0.0,0.0
41.6386,0.5172094695130878,0.48516562629004306,0.48791261285020116,-0.5089695098277209,-0.027,0.0,9.7866,0.0,0.0,1.0,0.0,0.0,0.0,0.0,0.0,0.0,0.0,0.0
41.6587,0.5181762007033968,0.48466896369063417,0.48802588725073465,-0.5083504244443721,-0.027,0.0,9.782,0.0,0.0,1.0,0.0,0.0,0.0,0.0,0.0,0.0,0.0,0.0
41.6788,0.5187987520173686,0.4843747684718222,0.48828076660477915,-0.5077507572982425,-0.027,0.0,9.8604,0.0,0.0,1.0,0.0,0.0,0.0,0.0,0.0,0.0,0.0,0.0
41.6989,0.5192393413935815,0.4841434396355653,0.4885985541057739,-0.5072150324396456,-0.027,0.0,9.8612,0.0,0.0,1.0,0.0,0.0,0.0,0.0,0.0,0.0,0.0,0.0
41.719,0.5195421164264873,0.4838973537503319,0.48890246084252587,-0.5068468447910425,-0.027,0.0,9.8618,0.0,0.0,1.0,0.0,0.0,0.0,0.0,0.0,0.0,0.0,0.0
41.739,0.5198281566598405,0.4835747036639998,0.48918961894429025,-0.5065843564867034,-0.027,0.0,9.8995,0.0,0.0,1.0,0.0,0.0,0.0,0.0,0.0,0.0,0.0,0.0
41.7591,0.520010779713666,0.48320643228979476,0.48967631757256747,-0.5062780232085166,-0.027,0.0,9.906,0.0,0.0,1.0,0.0,0.0,0.0,0.0,0.0,0.0,0.0,0.0
41.7792,0.5201921901882821,0.48277796767150566,0.49022381294372064,-0.505970485721261,-0.027,0.0,9.9539,0.0,0.0,1.0,0.0,0.0,0.0,0.0,0.0,0.0,0.0,0.0
41.7993,0.5203272670864514,0.48224110114352214,0.4908471386403675,-0.5057392035256824,-0.027,0.0,9.9129,0.0,0.0,1.0,0.0,0.0,0.0,0.0,0.0,0.0,0.0,0.0
41.8194,0.5204456584377658,0.48162675850194975,0.4914537331707786,-0.5056136966703833,-0.027,0.0,9.9396,0.0,0.0,1.0,0.0,0.0,0.0,0.0,0.0,0.0,0.0,0.0
41.8395,0.5206985008820346,0.48090292760997777,0.49201108762771906,-0.5055002819452658,-0.027,0.0,9.9619,0.0,0.0,1.0,0.0,0.0,0.0,0.0,0.0,0.0,0.0,0.0
41.8596,0.5209502248104607,0.48011703145723844,0.49262939713208964,-0.5053857699380676,-0.027,0.0,9.8874,0.0,0.0,1.0,0.0,0.0,0.0,0.0,0.0,0.0,0.0,0.0
41.8797,0.5211112421085602,0.47936378349928516,0.49340160145360656,-0.5051814486898155,-0.027,0.0,9.8887,0.0,0.0,1.0,0.0,0.0,0.0,0.0,0.0,0.0,0.0,0.0
41.8998,0.5209908000467318,0.4791822173337093,0.49395306990741505,-0.5049389602584222,-0.027,0.0,9.8924,0.0,0.0,1.0,0.0,0.0,0.0,0.0,0.0,0.0,0.0,0.0
41.9199,0.5208121782176225,0.479125243994863,0.4946282195329311,-0.5045162039308163,-0.027,0.0,9.8989,0.0,0.0,1.0,0.0,0.0,0.0,0.0,0.0,0.0,0.0,0.0
41.94,0.5206947311956973,0.47912943334697483,0.495303549247498,-0.5039706113539547,-0.027,0.0,9.8962,0.0,0.0,1.0,0.0,0.0,0.0,0.0,0.0,0.0,0.0,0.0
41.96,0.5207714476661763,0.4790218885724666,0.4958075154141818,-0.5034978025999302,-0.027,0.0,9.8572,0.0,0.0,1.0,0.0,0.0,0.0,0.0,0.0,0.0,0.0,0.0
41.9801,0.5208931729038124,0.4789606294613873,0.49623426526499353,-0.5030095146466546,-0.027,0.0,9.8551,0.0,0.0,1.0,0.0,0.0,0.0,0.0,0.0,0.0,0.0,0.0
42.0002,0.5210593717045661,0.4788841797358561,0.496645260578921,-0.5025042872474372,-0.027,0.0,9.7828,0.0,0.0,1.0,0.0,0.0,0.0,0.0,0.0,0.0,0.0,0.0
42.0203,0.5212999296946694,0.47869801716265364,0.49706897944436973,-0.5020129692936321,-0.027,0.0,9.7536,0.0,0.0,1.0,0.0,0.0,0.0,0.0,0.0,0.0,0.0,0.0
42.0404,0.5215566435547596,0.4785876842889993,0.497386103956607,-0.5015371966281803,-0.027,0.0,9.7825,0.0,0.0,1.0,0.0,0.0,0.0,0.0,0.0,0.0,0.0,0.0
42.0605,0.5217242485922977,0.47869464046829724,0.4976764675984339,-0.5009724375816248,-0.027,0.0,9.8548,0.0,0.0,1.0,0.0,0.0,0.0,0.0,0.0,0.0,0.0,0.0
42.0806,0.521847019687832,0.4788173478903892,0.49798220171325697,-0.5004231830950266,-0.027,0.0,9.8205,0.0,0.0,1.0,0.0,0.0,0.0,0.0,0.0,0.0,0.0,0.0
42.1007,0.5219845573311338,0.47889260322631233,0.49830203297313846,-0.4998890681118995,-0.027,0.0,9.7919,0.0,0.0,1.0,0.0,0.0,0.0,0.0,0.0,0.0,0.0,0.0
42.1208,0.5221510025665347,0.4789994155642765,0.49859122805380757,-0.49932422103843543,-0.027,0.0,9.7598,0.0,0.0,1.0,0.0,0.0,0.0,0.0,0.0,0.0,0.0,0.0
42.1409,0.5223929698608518,0.4790585530367324,0.4986502893795997,-0.4989552852750965,-0.027,0.0,9.7537,0.0,0.0,1.0,0.0,0.0,0.0,0.0,0.0,0.0,0.0,0.0
42.161,0.5227100752783767,0.4790696515496034,0.49853984059633166,-0.4987228423731961,-0.027,0.0,9.8282,0.0,0.0,1.0,0.0,0.0,0.0,0.0,0.0,0.0,0.0,0.0
42.1811,0.5231303851531375,0.47894152155937536,0.49835046164607866,-0.4985944608928793,-0.027,0.0,9.8252,0.0,0.0,1.0,0.0,0.0,0.0,0.0,0.0,0.0,0.0,0.0
42.2012,0.5235506384537882,0.47875143950289467,0.4980990935498118,-0.4985870848240983,-0.027,0.0,9.7867,0.0,0.0,1.0,0.0,0.0,0.0,0.0,0.0,0.0,0.0,0.0
42.2213,0.5238667882121182,0.4787006340380685,0.4977436990413106,-0.49865870216466124,-0.027,0.0,9.8298,0.0,0.0,1.0,0.0,0.0,0.0,0.0,0.0,0.0,0.0,0.0
42.2414,0.5242272827589313,0.47863460605185365,0.49731047362322167,-0.49877546323513294,-0.027,0.0,9.9041,0.0,0.0,1.0,0.0,0.0,0.0,0.0,0.0,0.0,0.0,0.0
42.2615,0.524646857198817,0.47850583717268985,0.49687644700538,-0.49889040423160813,-0.027,0.0,9.9664,0.0,0.0,1.0,0.0,0.0,0.0,0.0,0.0,0.0,0.0,0.0
42.2816,0.5250953400306098,0.4780974145606029,0.49665277994766976,-0.49903282681488703,-0.027,0.0,9.8919,0.0,0.0,1.0,0.0,0.0,0.0,0.0,0.0,0.0,0.0,0.0
42.3017,0.5255289551901319,0.4777365041994018,0.49653607495905827,-0.4990381509227083,-0.027,0.0,9.9339,0.0,0.0,1.0,0.0,0.0,0.0,0.0,0.0,0.0,0.0,0.0
42.3218,0.525826777209314,0.47748597029456735,0.4964072861330846,-0.49909233095240807,-0.027,0.0,10.0063,0.0,0.0,1.0,0.0,0.0,0.0,0.0,0.0,0.0,0.0,0.0
42.3418,0.5260191761631354,0.47718948889316143,0.49623314693121584,-0.499346254502106,-0.027,0.0,9.9663,0.0,0.0,1.0,0.0,0.0,0.0,0.0,0.0,0.0,0.0,0.0
42.362,0.526045943593469,0.47703643950182284,0.49626185268796463,-0.49943575581148536,-0.027,0.0,10.0507,0.0,0.0,1.0,0.0,0.0,0.0,0.0,0.0,0.0,0.0,0.0
42.3821,0.5259997549605796,0.4768668712579284,0.49633682517262157,-0.499571817515407,-0.027,0.0,10.0541,0.0,0.0,1.0,0.0,0.0,0.0,0.0,0.0,0.0,0.0,0.0
42.4022,0.5258779706238034,0.47674506679866596,0.49633702844851624,-0.4998160216385851,-0.027,0.0,10.0139,0.0,0.0,1.0,0.0,0.0,0.0,0.0,0.0,0.0,0.0,0.0
42.4222,0.5256797982576294,0.4766093106372206,0.4962617049395498,-0.500228582678182,-0.027,0.0,9.9285,0.0,0.0,1.0,0.0,0.0,0.0,0.0,0.0,0.0,0.0,0.0
42.4423,0.5254545634308233,0.4765643249197261,0.4962794210998506,-0.5004904416433202,-0.027,0.0,9.8481,0.0,0.0,1.0,0.0,0.0,0.0,0.0,0.0,0.0,0.0,0.0
42.4625,0.5252141408110095,0.47656757203465344,0.4964658046850653,-0.5005548524942689,-0.027,0.0,9.8833,0.0,0.0,1.0,0.0,0.0,0.0,0.0,0.0,0.0,0.0,0.0
42.4825,0.5248962894268696,0.476495815996496,0.4968205948744603,-0.5006045537071401,-0.027,0.0,9.9285,0.0,0.0,1.0,0.0,0.0,0.0,0.0,0.0,0.0,0.0,0.0
42.5026,0.5245797162192625,0.47648530082748247,0.4971146211354587,-0.5006545045038656,-0.027,0.0,9.8425,0.0,0.0,1.0,0.0,0.0,0.0,0.0,0.0,0.0,0.0,0.0
42.5227,0.5241756672355373,0.4766291531763945,0.49731937687310224,-0.500737413827928,-0.027,0.0,9.8064,0.0,0.0,1.0,0.0,0.0,0.0,0.0,0.0,0.0,0.0,0.0
42.5428,0.5238020564541465,0.47692723038124857,0.4973731545174935,-0.5007911418351929,-0.027,0.0,9.8242,0.0,0.0,1.0,0.0,0.0,0.0,0.0,0.0,0.0,0.0,0.0
42.5629,0.5234279606744496,0.47722484684816585,0.49736546055207,-0.5009063926371464,-0.027,0.0,9.8242,0.0,0.0,1.0,0.0,0.0,0.0,0.0,0.0,0.0,0.0,0.0
42.583,0.523084390199376,0.4774902230550301,0.4973267308407702,-0.5010508261721928,-0.027,0.0,9.8621,0.0,0.0,1.0,0.0,0.0,0.0,0.0,0.0,0.0,0.0,0.0
42.6031,0.5228300656696099,0.47772480119010174,0.4972559157128659,-0.5011629386221095,-0.027,0.0,9.8645,0.0,0.0,1.0,0.0,0.0,0.0,0.0,0.0,0.0,0.0,0.0
42.6232,0.5227701104545528,0.47778675675791377,0.49707390840958404,-0.5013469420077373,-0.027,0.0,9.8972,0.0,0.0,1.0,0.0,0.0,0.0,0.0,0.0,0.0,0.0,0.0
42.6433,0.5227699838852596,0.4778476415445304,0.49670778527246234,-0.5016518229496042,-0.027,0.0,9.8649,0.0,0.0,1.0,0.0,0.0,0.0,0.0,0.0,0.0,0.0,0.0
42.6634,0.5227109276638684,0.4780324209991793,0.4963436286525463,-0.5018976916369161,-0.027,0.0,9.8929,0.0,0.0,1.0,0.0,0.0,0.0,0.0,0.0,0.0,0.0,0.0
42.6835,0.5224731139959423,0.47840509224032945,0.49610550263982006,-0.5020256399033783,-0.027,0.0,9.9692,0.0,0.0,1.0,0.0,0.0,0.0,0.0,0.0,0.0,0.0,0.0
42.7036,0.5222794173914871,0.47870029912400563,0.49597334600057946,-0.5020763625632917,-0.027,0.0,9.9041,0.0,0.0,1.0,0.0,0.0,0.0,0.0,0.0,0.0,0.0,0.0
42.7237,0.5221763252534458,0.47890064078555183,0.4958082989012493,-0.5021555459622495,-0.027,0.0,9.8701,0.0,0.0,1.0,0.0,0.0,0.0,0.0,0.0,0.0,0.0,0.0
42.7438,0.5222063408815205,0.4790552216691636,0.4955338853116467,-0.502247748270299,-0.027,0.0,9.9416,0.0,0.0,1.0,0.0,0.0,0.0,0.0,0.0,0.0,0.0,0.0
42.7639,0.5222818813906117,0.47912956069977714,0.49512067953939387,-0.5025057344221759,-0.027,0.0,9.9848,0.0,0.0,1.0,0.0,0.0,0.0,0.0,0.0,0.0,0.0,0.0
42.784,0.5222210033996795,0.4792516739924007,0.4946937923732614,-0.5028728550747934,-0.027,0.0,9.9378,0.0,0.0,1.0,0.0,0.0,0.0,0.0,0.0,0.0,0.0,0.0
42.8041,0.5220850158697946,0.47948283057573704,0.4941925492733779,-0.503286375366943,-0.027,0.0,9.9333,0.0,0.0,1.0,0.0,0.0,0.0,0.0,0.0,0.0,0.0,0.0
42.8242,0.5218603880013499,0.4798056314577985,0.4935998796092645,-0.5037930629794176,-0.027,0.0,10.0004,0.0,0.0,1.0,0.0,0.0,0.0,0.0,0.0,0.0,0.0,0.0
42.8443,0.521601385887344,0.48009875302176624,0.49291563964292895,-0.504451537595783,-0.027,0.0,9.9966,0.0,0.0,1.0,0.0,0.0,0.0,0.0,0.0,0.0,0.0,0.0
42.8643,0.5212979236655602,0.4802221660658499,0.49249009366915236,-0.5050630194725692,-0.027,0.0,9.8452,0.0,0.0,1.0,0.0,0.0,0.0,0.0,0.0,0.0,0.0,0.0
42.8844,0.5208743722922258,0.4803473433257444,0.4922493518326428,-0.5056153613859279,-0.027,0.0,9.8409,0.0,0.0,1.0,0.0,0.0,0.0,0.0,0.0,0.0,0.0,0.0
42.9045,0.5204518559750887,0.48047348296463394,0.4921925923075107,-0.5059857210016225,-0.027,0.0,9.878,0.0,0.0,1.0,0.0,0.0,0.0,0.0,0.0,0.0,0.0,0.0
42.9246,0.519894377699924,0.48071057533946826,0.49236851653787056,-0.5061624469625368,-0.027,0.0,9.9251,0.0,0.0,1.0,0.0,0.0,0.0,0.0,0.0,0.0,0.0,0.0
42.9447,0.518992394163537,0.48084463015600587,0.49311287585932195,-0.5062361386865647,-0.027,0.0,9.8178,0.0,0.0,1.0,0.0,0.0,0.0,0.0,0.0,0.0,0.0,0.0
42.9648,0.518992394163537,0.48084463015600587,0.49311287585932195,-0.5062361386865647,-0.027,0.0,9.8178,0.0,0.0,1.0,0.0,0.0,0.0,0.0,0.0,0.0,0.0,0.0
42.9849,0.5185104001159202,0.4809112108802522,0.493423606638449,-0.5063640159344098,-0.027,0.0,9.8699,0.0,0.0,1.0,0.0,0.0,0.0,0.0,0.0,0.0,0.0,0.0
43.0049,0.518131523478411,0.4809611989678324,0.49353430873569654,-0.5065964227727474,-0.027,0.0,9.9429,0.0,0.0,1.0,0.0,0.0,0.0,0.0,0.0,0.0,0.0,0.0
43.025,0.5178733563259461,0.48094804393744933,0.49358180867547335,-0.50682656203586,-0.027,0.0,9.9732,0.0,0.0,1.0,0.0,0.0,0.0,0.0,0.0,0.0,0.0,0.0
43.0451,0.5176901612032824,0.48082586181607156,0.49364261823125893,-0.5070703630344995,-0.027,0.0,9.9313,0.0,0.0,1.0,0.0,0.0,0.0,0.0,0.0,0.0,0.0,0.0
43.0652,0.517507760062422,0.4807044171744833,0.49382618288950175,-0.5071929442302004,-0.027,0.0,9.9434,0.0,0.0,1.0,0.0,0.0,0.0,0.0,0.0,0.0,0.0,0.0
43.0853,0.5173414835039636,0.4806589528798552,0.49396514535802954,-0.507270337821738,-0.027,0.0,9.9003,0.0,0.0,1.0,0.0,0.0,0.0,0.0,0.0,0.0,0.0,0.0
43.1054,0.5172049440015845,0.48070644193451356,0.493951261241299,-0.5073780780651723,-0.027,0.0,9.9334,0.0,0.0,1.0,0.0,0.0,0.0,0.0,0.0,0.0,0.0,0.0
43.1255,0.5171436496260602,0.48070616752687745,0.49382798102118236,-0.5075607858312178,-0.027,0.0,9.9281,0.0,0.0,1.0,0.0,0.0,0.0,0.0,0.0,0.0,0.0,0.0
43.1456,0.5170226600244618,0.48076810459490776,0.49376794518473555,-0.5076837745422772,-0.027,0.0,9.8516,0.0,0.0,1.0,0.0,0.0,0.0,0.0,0.0,0.0,0.0,0.0
43.1657,0.5169779645164648,0.48078326688003675,0.49378351745398746,-0.507699785683764,-0.027,0.0,9.7766,0.0,0.0,1.0,0.0,0.0,0.0,0.0,0.0,0.0,0.0,0.0
43.1858,0.516902532120841,0.48083084390871966,0.49383073154338314,-0.5076856117878646,-0.027,0.0,9.8607,0.0,0.0,1.0,0.0,0.0,0.0,0.0,0.0,0.0,0.0,0.0
43.2059,0.5168432785895549,0.4808934678813469,0.4939553991044517,-0.5075653274421071,-0.027,0.0,9.8198,0.0,0.0,1.0,0.0,0.0,0.0,0.0,0.0,0.0,0.0,0.0
43.2259,0.516783837371004,0.4809559179744882,0.4940178885884575,-0.5075058582440397,-0.027,0.0,9.7769,0.0,0.0,1.0,0.0,0.0,0.0,0.0,0.0,0.0,0.0,0.0
43.2461,0.5167699298931449,0.4810649711254468,0.4940655919997774,-0.5073702040090814,-0.027,0.0,9.8257,0.0,0.0,1.0,0.0,0.0,0.0,0.0,0.0,0.0,0.0,0.0
43.2662,0.516727283486264,0.48120405775786235,0.4941441399841811,-0.5072052229793856,-0.027,0.0,9.8257,0.0,0.0,1.0,0.0,0.0,0.0,0.0,0.0,0.0,0.0,0.0
43.2863,0.5166530460549992,0.481374725734453,0.49413147996017404,-0.5071312295042965,-0.027,0.0,9.8253,0.0,0.0,1.0,0.0,0.0,0.0,0.0,0.0,0.0,0.0,0.0
43.3064,0.5166091373377492,0.4814516516110517,0.49414782701811577,-0.507087005782451,-0.027,0.0,9.8751,0.0,0.0,1.0,0.0,0.0,0.0,0.0,0.0,0.0,0.0,0.0
43.3265,0.516653855856616,0.48143647916124926,0.4941322544615044,-0.5070710254610314,-0.027,0.0,9.9104,0.0,0.0,1.0,0.0,0.0,0.0,0.0,0.0,0.0,0.0,0.0
43.3465,0.5167892016802131,0.4813269133591826,0.4940840170789782,-0.5070841227744661,-0.027,0.0,9.9848,0.0,0.0,1.0,0.0,0.0,0.0,0.0,0.0,0.0,0.0,0.0
43.3667,0.5169692370607861,0.48120215147337436,0.4940201821457665,-0.5070812133996369,-0.027,0.0,9.9741,0.0,0.0,1.0,0.0,0.0,0.0,0.0,0.0,0.0,0.0,0.0
43.3868,0.5170285310395656,0.48113956359193893,0.4938955520218738,-0.5072015399529424,-0.027,0.0,9.9732,0.0,0.0,1.0,0.0,0.0,0.0,0.0,0.0,0.0,0.0,0.0
43.4068,0.5171318081374482,0.48106114679649725,0.49369467793925553,-0.5073661705610528,-0.027,0.0,10.0139,0.0,0.0,1.0,0.0,0.0,0.0,0.0,0.0,0.0,0.0,0.0
43.4269,0.517205083877712,0.4809505686770081,0.493462401367429,-0.5076222120209103,-0.027,0.0,9.9279,0.0,0.0,1.0,0.0,0.0,0.0,0.0,0.0,0.0,0.0,0.0
43.447,0.5172180976165571,0.4809626701920421,0.49310881338603363,-0.5079409882463399,-0.027,0.0,9.8775,0.0,0.0,1.0,0.0,0.0,0.0,0.0,0.0,0.0,0.0,0.0
43.4671,0.5170964735032744,0.48108502267783493,0.49286517015287534,-0.5081853619455423,-0.027,0.0,9.9211,0.0,0.0,1.0,0.0,0.0,0.0,0.0,0.0,0.0,0.0,0.0
43.4872,0.5169610748172159,0.4812555531264661,0.4927913985929001,-0.5082331917354687,-0.027,0.0,9.9953,0.0,0.0,1.0,0.0,0.0,0.0,0.0,0.0,0.0,0.0,0.0
43.5073,0.5166616303907327,0.4813217240726713,0.49322369252195175,-0.5080556532041669,-0.027,0.0,9.8493,0.0,0.0,1.0,0.0,0.0,0.0,0.0,0.0,0.0,0.0,0.0
43.5274,0.5165427770806692,0.48144665633822437,0.4933486972852435,-0.5079367474730364,-0.027,0.0,9.8962,0.0,0.0,1.0,0.0,0.0,0.0,0.0,0.0,0.0,0.0,0.0
43.5475,0.5163627997748732,0.48163340969517715,0.4934135420093475,-0.5078797044929457,-0.027,0.0,9.9429,0.0,0.0,1.0,0.0,0.0,0.0,0.0,0.0,0.0,0.0,0.0
43.5676,0.5161227429569786,0.48169809311566264,0.49366131894797916,-0.5078215862543071,-0.027,0.0,9.9011,0.0,0.0,1.0,0.0,0.0,0.0,0.0,0.0,0.0,0.0,0.0
43.5877,0.5159105682858778,0.4817938532881501,0.49375540275772106,-0.5078548717027926,-0.027,0.0,9.8253,0.0,0.0,1.0,0.0,0.0,0.0,0.0,0.0,0.0,0.0,0.0
43.6078,0.5157295142938441,0.4819176606779862,0.49369626132688443,-0.5079787770810409,-0.027,0.0,9.8972,0.0,0.0,1.0,0.0,0.0,0.0,0.0,0.0,0.0,0.0,0.0
43.6279,0.5155028154038876,0.4819948274027441,0.4936518232284971,-0.5081788180265336,-0.027,0.0,9.9429,0.0,0.0,1.0,0.0,0.0,0.0,0.0,0.0,0.0,0.0,0.0
43.6479,0.5152600700862687,0.4820570011305117,0.4935920250863187,-0.508424055889312,-0.027,0.0,9.9106,0.0,0.0,1.0,0.0,0.0,0.0,0.0,0.0,0.0,0.0,0.0
43.668,0.5148217153831885,0.4823513640448734,0.49345914214428543,-0.5087178373206382,-0.027,0.0,10.0162,0.0,0.0,1.0,0.0,0.0,0.0,0.0,0.0,0.0,0.0,0.0
43.6881,0.5142764119715226,0.48278275417554467,0.49309764209595863,-0.5092104670171052,-0.027,0.0,10.0587,0.0,0.0,1.0,0.0,0.0,0.0,0.0,0.0,0.0,0.0,0.0
43.7082,0.5142764119715226,0.48278275417554467,0.49309764209595863,-0.5092104670171052,-0.027,0.0,10.0587,0.0,0.0,1.0,0.0,0.0,0.0,0.0,0.0,0.0,0.0,0.0
43.7283,0.5131239493050709,0.4836438947654897,0.4923109107999048,-0.5103159441101202,-0.027,0.0,10.0162,0.0,0.0,1.0,0.0,0.0,0.0,0.0,0.0,0.0,0.0,0.0
43.7484,0.5122731168735233,0.4845018394783031,0.49139890837012684,-0.5112351065052888,-0.027,0.0,9.951,0.0,0.0,1.0,0.0,0.0,0.0,0.0,0.0,0.0,0.0,0.0
43.7685,0.511358542016809,0.485662263524918,0.4899953104857433,-0.5123955532557602,-0.027,0.0,10.0959,0.0,0.0,1.0,0.0,0.0,0.0,0.0,0.0,0.0,0.0,0.0
43.7886,0.5102548756052614,0.487000835700969,0.48822083779451164,-0.5139168818893208,-0.027,0.0,10.137,0.0,0.0,1.0,0.0,0.0,0.0,0.0,0.0,0.0,0.0,0.0
43.8087,0.5090841559325625,0.4883325572024407,0.48631859614603823,-0.515615029646249,-0.027,0.0,10.1025,0.0,0.0,1.0,0.0,0.0,0.0,0.0,0.0,0.0,0.0,0.0
43.8287,0.5077105525315424,0.4899488335228703,0.4842116012750942,-0.5174159454136528,-0.027,0.0,10.1856,0.0,0.0,1.0,0.0,0.0,0.0,0.0,0.0,0.0,0.0,0.0
43.8488,0.5058538977655486,0.49199903751092877,0.48174514093562254,-0.5195867592506942,-0.027,0.0,10.4265,0.0,0.0,1.0,0.0,0.0,0.0,0.0,0.0,0.0,0.0,0.0
43.869,0.5035376022487731,0.49444364555248216,0.47881871995543523,-0.5222145133128402,-0.027,0.0,10.5047,0.0,0.0,1.0,0.0,0.0,0.0,0.0,0.0,0.0,0.0,0.0
43.889,0.5006458477964234,0.4972890164419958,0.4753791171846644,-0.5254256028735964,-0.027,0.0,10.5401,0.0,0.0,1.0,0.0,0.0,0.0,0.0,0.0,0.0,0.0,0.0
43.9091,0.497125880302407,0.5004828457303832,0.4715531436656385,-0.5291695502976604,-0.027,0.0,10.5335,0.0,0.0,1.0,0.0,0.0,0.0,0.0,0.0,0.0,0.0,0.0
43.9292,0.493046536235126,0.5039106361894066,0.4674113003801941,-0.5333909074202785,-0.027,0.0,10.6631,0.0,0.0,1.0,0.0,0.0,0.0,0.0,0.0,0.0,0.0,0.0
43.9493,0.4892427140987297,0.5068201649087879,0.46330352454286966,-0.5377031999991189,-0.027,0.0,10.7741,0.0,0.0,1.0,0.0,0.0,0.0,0.0,0.0,0.0,0.0,0.0
43.9694,0.48577398159304447,0.5089057426247282,0.45959025209046767,-0.5420474002467265,-0.027,0.0,10.7745,0.0,0.0,1.0,0.0,0.0,0.0,0.0,0.0,0.0,0.0,0.0
43.9895,0.4822478728948951,0.5106903962098419,0.4559413888810077,-0.5465800565449142,-0.027,0.0,10.6877,0.0,0.0,1.0,0.0,0.0,0.0,0.0,0.0,0.0,0.0,0.0
44.0096,0.4783250485160449,0.5127474762913976,0.4522634817530887,-0.551137838105405,-0.027,0.0,10.5419,0.0,0.0,1.0,0.0,0.0,0.0,0.0,0.0,0.0,0.0,0.0
44.0297,0.4741809862972082,0.5150138990047209,0.4484240413603334,-0.5557238119751826,-0.027,0.0,10.4288,0.0,0.0,1.0,0.0,0.0,0.0,0.0,0.0,0.0,0.0,0.0
44.0498,0.46967130053590084,0.5175228405706135,0.4440970119139757,-0.5606753275735584,-0.027,0.0,10.4661,0.0,0.0,1.0,0.0,0.0,0.0,0.0,0.0,0.0,0.0,0.0
44.0699,0.4648531934827561,0.520274289555448,0.43933968889772224,-0.5658681912740016,-0.027,0.0,10.5111,0.0,0.0,1.0,0.0,0.0,0.0,0.0,0.0,0.0,0.0,0.0
44.09,0.4598395064107211,0.5232545762482856,0.4345094785153413,-0.5709236287451219,-0.027,0.0,10.2832,0.0,0.0,1.0,0.0,0.0,0.0,0.0,0.0,0.0,0.0,0.0
44.1101,0.4544626016632818,0.526665743997826,0.42901090399142416,-0.5762261552941855,-0.027,0.0,10.2487,0.0,0.0,1.0,0.0,0.0,0.0,0.0,0.0,0.0,0.0,0.0
44.1302,0.449095036817897,0.5301486824985358,0.42291115127860407,-0.5817234570436406,-0.027,0.0,10.2673,0.0,0.0,1.0,0.0,0.0,0.0,0.0,0.0,0.0,0.0,0.0
44.1502,0.4442778761709819,0.5330844510879593,0.4171777007295694,-0.5868567991999758,-0.027,0.0,10.2652,0.0,0.0,1.0,0.0,0.0,0.0,0.0,0.0,0.0,0.0,0.0
44.1704,0.439641649847185,0.5362008907327003,0.4121142960923891,-0.5910715958776728,-0.027,0.0,10.115,0.0,0.0,1.0,0.0,0.0,0.0,0.0,0.0,0.0,0.0,0.0
44.1905,0.4345066177192829,0.5402190381270502,0.4076517649570818,-0.5942957416393037,-0.027,0.0,9.8381,0.0,0.0,1.0,0.0,0.0,0.0,0.0,0.0,0.0,0.0,0.0
44.2106,0.42894804274758236,0.5448521628597184,0.40343545654478963,-0.5969753174567625,-0.027,0.0,9.6518,0.0,0.0,1.0,0.0,0.0,0.0,0.0,0.0,0.0,0.0,0.0
44.2306,0.42296110072354975,0.550032225365833,0.3987308396870977,-0.5996517120931573,-0.027,0.0,9.9221,0.0,0.0,1.0,0.0,0.0,0.0,0.0,0.0,0.0,0.0,0.0
44.2507,0.4163796394260179,0.5549898536054967,0.3938577671088844,-0.6029015819803532,-0.027,0.0,10.0727,0.0,0.0,1.0,0.0,0.0,0.0,0.0,0.0,0.0,0.0,0.0
44.2708,0.4107084807364115,0.5592073776904262,0.3902613572329385,-0.6052286556653532,-0.027,0.0,10.0332,0.0,0.0,1.0,0.0,0.0,0.0,0.0,0.0,0.0,0.0,0.0
44.291,0.40496338561672696,0.563653577410374,0.3875075845180586,-0.6067430864239868,-0.027,0.0,9.7724,0.0,0.0,1.0,0.0,0.0,0.0,0.0,0.0,0.0,0.0,0.0
44.3111,0.398685140326044,0.5684244773130714,0.38501303263485753,-0.6080367893276477,-0.027,0.0,9.6214,0.0,0.0,1.0,0.0,0.0,0.0,0.0,0.0,0.0,0.0,0.0
44.3312,0.3921452146547182,0.57359953764663,0.3821353623307571,-0.6092440117812553,-0.027,0.0,9.8942,0.0,0.0,1.0,0.0,0.0,0.0,0.0,0.0,0.0,0.0,0.0
44.3513,0.3862294571863571,0.5778191879227943,0.379638466449451,-0.6105951418588947,-0.027,0.0,9.9766,0.0,0.0,1.0,0.0,0.0,0.0,0.0,0.0,0.0,0.0,0.0
44.3714,0.38061949488205116,0.5810618619830805,0.37817846605500266,-0.6119452266966162,-0.027,0.0,9.6563,0.0,0.0,1.0,0.0,0.0,0.0,0.0,0.0,0.0,0.0,0.0
44.3915,0.37511638816689363,0.5837922663246109,0.3776193507219604,-0.6130888280408672,-0.027,0.0,9.3121,0.0,0.0,1.0,0.0,0.0,0.0,0.0,0.0,0.0,0.0,0.0
44.4116,0.3680440854044233,0.5878943311157201,0.3764061327852979,-0.6142004801711234,-0.027,0.0,9.2958,0.0,0.0,1.0,0.0,0.0,0.0,0.0,0.0,0.0,0.0,0.0
44.4317,0.36372278879022185,0.5908440234282414,0.3749542454557421,-0.614831998767555,-0.027,0.0,9.7002,0.0,0.0,1.0,0.0,0.0,0.0,0.0,0.0,0.0,0.0,0.0
44.4517,0.35924976879583437,0.5932566640650302,0.3742036342961168,-0.6155954631429228,-0.027,0.0,9.3938,0.0,0.0,1.0,0.0,0.0,0.0,0.0,0.0,0.0,0.0,0.0
44.4718,0.35534679040870726,0.5954586487854924,0.3740227793932015,-0.6158446367613919,-0.027,0.0,9.2209,0.0,0.0,1.0,0.0,0.0,0.0,0.0,0.0,0.0,0.0,0.0
44.4919,0.3518610500045002,0.5980711868366587,0.37377161722473223,-0.6154668432358719,-0.027,0.0,9.4095,0.0,0.0,1.0,0.0,0.0,0.0,0.0,0.0,0.0,0.0,0.0
44.5119,0.34856539158872824,0.6004526160877353,0.37303992757880816,-0.6154673314254698,-0.027,0.0,9.2046,0.0,0.0,1.0,0.0,0.0,0.0,0.0,0.0,0.0,0.0,0.0
44.532,0.34600305806496423,0.6023473967185139,0.371759690184971,-0.6158362040589174,-0.027,0.0,9.0499,0.0,0.0,1.0,0.0,0.0,0.0,0.0,0.0,0.0,0.0,0.0
44.5521,0.34386813073623695,0.6041802016597303,0.37005183611264925,-0.6162650656787474,-0.027,0.0,9.1929,0.0,0.0,1.0,0.0,0.0,0.0,0.0,0.0,0.0,0.0,0.0
44.5721,0.3419217534907265,0.6060228802931193,0.368105964351782,-0.616703966307744,-0.027,0.0,9.3913,0.0,0.0,1.0,0.0,0.0,0.0,0.0,0.0,0.0,0.0,0.0
44.5922,0.34008460507289273,0.607842932149775,0.3662073443001492,-0.6170588401510918,-0.027,0.0,9.2503,0.0,0.0,1.0,0.0,0.0,0.0,0.0,0.0,0.0,0.0,0.0
44.6123,0.3385571350396818,0.6098542365850436,0.3640697684311063,-0.6171791313285933,-0.027,0.0,9.1872,0.0,0.0,1.0,0.0,0.0,0.0,0.0,0.0,0.0,0.0,0.0
44.6323,0.3373381836840523,0.6118718917002286,0.36138598291757,-0.6174268453239059,-0.027,0.0,9.2174,0.0,0.0,1.0,0.0,0.0,0.0,0.0,0.0,0.0,0.0,0.0
44.6524,0.3359383877965808,0.6137087084457964,0.3588264142177898,-0.6178597132375843,-0.027,0.0,9.1207,0.0,0.0,1.0,0.0,0.0,0.0,0.0,0.0,0.0,0.0,0.0
44.6725,0.3345877782525209,0.6155877131458333,0.35625431060177126,-0.6182116565106016,-0.027,0.0,9.1878,0.0,0.0,1.0,0.0,0.0,0.0,0.0,0.0,0.0,0.0,0.0
44.6925,0.33356728263832996,0.6175730374791452,0.35370990356039506,-0.6182440581642166,-0.027,0.0,9.3467,0.0,0.0,1.0,0.0,0.0,0.0,0.0,0.0,0.0,0.0,0.0
44.7126,0.3326381795315755,0.6193778862235222,0.3512529657341005,-0.6183398981451866,-0.027,0.0,9.4313,0.0,0.0,1.0,0.0,0.0,0.0,0.0,0.0,0.0,0.0,0.0
44.7327,0.3315948502720236,0.620893867616954,0.34892837198652427,-0.6186959282649018,-0.027,0.0,9.4034,0.0,0.0,1.0,0.0,0.0,0.0,0.0,0.0,0.0,0.0,0.0
44.7528,0.3307460059980232,0.6223674844535743,0.3464318165802909,-0.6190725242426491,-0.027,0.0,9.3947,0.0,0.0,1.0,0.0,0.0,0.0,0.0,0.0,0.0,0.0,0.0
44.7729,0.329951995424649,0.6237104301248384,0.3441118235690471,-0.6194384819727998,-0.027,0.0,9.6291,0.0,0.0,1.0,0.0,0.0,0.0,0.0,0.0,0.0,0.0,0.0
44.7929,0.32928775737321336,0.624761231594088,0.34204386418965727,-0.6198781907047266,-0.027,0.0,9.7356,0.0,0.0,1.0,0.0,0.0,0.0,0.0,0.0,0.0,0.0,0.0
44.813,0.32861765067672916,0.6255578530465236,0.34033681652920794,-0.6203697796236497,-0.027,0.0,9.65,0.0,0.0,1.0,0.0,0.0,0.0,0.0,0.0,0.0,0.0,0.0
44.8331,0.3281883056978307,0.6262253995673223,0.3387473798809568,-0.620793361404358,-0.027,0.0,9.7999,0.0,0.0,1.0,0.0,0.0,0.0,0.0,0.0,0.0,0.0,0.0
44.8531,0.32801185364848384,0.6265429115555955,0.3374111073517796,-0.6212937698715228,-0.027,0.0,9.8757,0.0,0.0,1.0,0.0,0.0,0.0,0.0,0.0,0.0,0.0,0.0
44.8732,0.3280670916419075,0.6264099031678495,0.3366121721691221,-0.6218318600252413,-0.027,0.0,9.8349,0.0,0.0,1.0,0.0,0.0,0.0,0.0,0.0,0.0,0.0,0.0
44.8933,0.32824615147494773,0.6262193812062053,0.3362421308051281,-0.622129391778937,-0.027,0.0,9.8367,0.0,0.0,1.0,0.0,0.0,0.0,0.0,0.0,0.0,0.0,0.0
44.9134,0.3282479919964731,0.6263448928734975,0.3360000154238211,-0.6221328801443968,-0.027,0.0,9.9599,0.0,0.0,1.0,0.0,0.0,0.0,0.0,0.0,0.0,0.0,0.0
44.9334,0.3279983744052013,0.6265171645460351,0.3360552607830172,-0.622061227385858,-0.027,0.0,9.8968,0.0,0.0,1.0,0.0,0.0,0.0,0.0,0.0,0.0,0.0,0.0
44.9535,0.3274580375687417,0.6268997296949911,0.3360641436823229,-0.6219556687345512,-0.027,0.0,9.8997,0.0,0.0,1.0,0.0,0.0,0.0,0.0,0.0,0.0,0.0,0.0
44.9736,0.3265915186223825,0.6279156160568545,0.335502314498806,-0.6216897586753471,-0.027,0.0,10.0375,0.0,0.0,1.0,0.0,0.0,0.0,0.0,0.0,0.0,0.0,0.0
44.9937,0.3256196458420283,0.629143519289215,0.33446955468047634,-0.6215145978735632,-0.027,0.0,10.077,0.0,0.0,1.0,0.0,0.0,0.0,0.0,0.0,0.0,0.0,0.0
45.0137,0.32484249920117275,0.6303361943406876,0.33314384417304704,-0.6214248240185131,-0.027,0.0,10.1468,0.0,0.0,1.0,0.0,0.0,0.0,0.0,0.0,0.0,0.0,0.0
45.0338,0.324343177482961,0.6313522385930623,0.33197222870071486,-0.6212811709807934,-0.027,0.0,10.1048,0.0,0.0,1.0,0.0,0.0,0.0,0.0,0.0,0.0,0.0,0.0
45.0539,0.3241665548175312,0.6322796859821345,0.33069672715003107,-0.6211103912223045,-0.027,0.0,9.9989,0.0,0.0,1.0,0.0,0.0,0.0,0.0,0.0,0.0,0.0,0.0
45.0739,0.3241047483536707,0.6333161406527306,0.32923187092749673,-0.6208648429802697,-0.027,0.0,9.9583,0.0,0.0,1.0,0.0,0.0,0.0,0.0,0.0,0.0,0.0,0.0
45.094,0.3240378941521964,0.634463708735457,0.327333913418962,-0.6207316284650611,-0.027,0.0,9.9594,0.0,0.0,1.0,0.0,0.0,0.0,0.0,0.0,0.0,0.0,0.0
45.1141,0.3239156321582973,0.6355622024947835,0.3253186392278224,-0.6207311277634051,-0.027,0.0,9.8682,0.0,0.0,1.0,0.0,0.0,0.0,0.0,0.0,0.0,0.0,0.0
45.1341,0.32379112196093934,0.6367782732194956,0.32330212328697927,-0.6206033170818573,-0.027,0.0,9.8377,0.0,0.0,1.0,0.0,0.0,0.0,0.0,0.0,0.0,0.0,0.0
45.1542,0.3232360244844255,0.6385381956383448,0.32110006397094426,-0.6202275341391144,-0.027,0.0,9.8813,0.0,0.0,1.0,0.0,0.0,0.0,0.0,0.0,0.0,0.0,0.0
45.1743,0.3222712319215896,0.6405743994235231,0.3186701734601024,-0.6198830635094348,-0.027,0.0,9.8784,0.0,0.0,1.0,0.0,0.0,0.0,0.0,0.0,0.0,0.0,0.0
45.1943,0.3207965996239254,0.6428131825133055,0.31579166827671107,-0.6198034981378003,-0.027,0.0,9.955,0.0,0.0,1.0,0.0,0.0,0.0,0.0,0.0,0.0,0.0,0.0
45.2144,0.31922217385512697,0.6447915102327575,0.31281300974503956,-0.6200718772732857,-0.027,0.0,9.915,0.0,0.0,1.0,0.0,0.0,0.0,0.0,0.0,0.0,0.0,0.0
45.2345,0.31751031488091913,0.6465558228521876,0.3096971840950588,-0.62067738966692,-0.027,0.0,9.8331,0.0,0.0,1.0,0.0,0.0,0.0,0.0,0.0,0.0,0.0,0.0
45.2546,0.3145224083471876,0.6490653519173246,0.3050011538088411,-0.6219036257839315,-0.027,0.0,9.8355,0.0,0.0,1.0,0.0,0.0,0.0,0.0,0.0,0.0,0.0,0.0
45.2746,0.3120769794214535,0.650887299730692,0.3017618478889843,-0.6228109417175453,-0.027,0.0,9.9991,0.0,0.0,1.0,0.0,0.0,0.0,0.0,0.0,0.0,0.0,0.0
45.2947,0.30975641379561625,0.6524731908442228,0.29895329473548127,-0.6236638733395081,-0.027,0.0,10.1455,0.0,0.0,1.0,0.0,0.0,0.0,0.0,0.0,0.0,0.0,0.0
45.3148,0.30750175441110283,0.6538233615173212,0.2963935104136443,-0.6245867193216336,-0.027,0.0,10.1026,0.0,0.0,1.0,0.0,0.0,0.0,0.0,0.0,0.0,0.0,0.0
45.3348,0.3052974645552746,0.6550278511820481,0.2944944835020394,-0.6253039033132741,-0.027,0.0,9.9947,0.0,0.0,1.0,0.0,0.0,0.0,0.0,0.0,0.0,0.0,0.0
45.3549,0.3031654418311812,0.6563184511702136,0.29315532818656176,-0.6256171026184194,-0.027,0.0,9.9991,0.0,0.0,1.0,0.0,0.0,0.0,0.0,0.0,0.0,0.0,0.0
45.375,0.3009635939707407,0.6577751125971809,0.2921746058279435,-0.6256091559921955,-0.027,0.0,10.0304,0.0,0.0,1.0,0.0,0.0,0.0,0.0,0.0,0.0,0.0,0.0
45.3951,0.29852757211523573,0.6593120977302224,0.29144746367945074,-0.625497579842138,-0.027,0.0,9.9921,0.0,0.0,1.0,0.0,0.0,0.0,0.0,0.0,0.0,0.0,0.0
45.4151,0.29602873528958334,0.6608452680179607,0.29090160131655557,-0.6253213397706682,-0.027,0.0,9.9166,0.0,0.0,1.0,0.0,0.0,0.0,0.0,0.0,0.0,0.0,0.0
45.4352,0.29376300002206895,0.6622942545687192,0.2905889892171657,-0.6250021276196142,-0.027,0.0,9.9169,0.0,0.0,1.0,0.0,0.0,0.0,0.0,0.0,0.0,0.0,0.0
45.4553,0.29145051014745776,0.6638961073904127,0.29041248339940395,-0.6244670913766676,-0.027,0.0,9.8963,0.0,0.0,1.0,0.0,0.0,0.0,0.0,0.0,0.0,0.0,0.0
45.4754,0.28912550156244615,0.6655304564074587,0.29046750853210906,-0.6237822395896608,-0.027,0.0,9.9109,0.0,0.0,1.0,0.0,0.0,0.0,0.0,0.0,0.0,0.0,0.0
45.4955,0.2869330816396012,0.6670694635792535,0.2906561735272108,-0.6230623774642543,-0.027,0.0,9.8952,0.0,0.0,1.0,0.0,0.0,0.0,0.0,0.0,0.0,0.0,0.0
45.5156,0.28497369366015657,0.66851962725697,0.2905887073277735,-0.622438515090015,-0.027,0.0,9.8366,0.0,0.0,1.0,0.0,0.0,0.0,0.0,0.0,0.0,0.0,0.0
45.5356,0.2830244635503312,0.6698715644770279,0.29040958002026007,-0.6219578088340095,-0.027,0.0,9.7666,0.0,0.0,1.0,0.0,0.0,0.0,0.0,0.0,0.0,0.0,0.0
45.5557,0.28137416871692705,0.6709641715172108,0.2902852373997973,-0.6215867909365712,-0.027,0.0,9.7877,0.0,0.0,1.0,0.0,0.0,0.0,0.0,0.0,0.0,0.0,0.0
45.5758,0.28008030830216346,0.6717907538352301,0.2903339534923895,-0.6212555025207726,-0.027,0.0,9.6687,0.0,0.0,1.0,0.0,0.0,0.0,0.0,0.0,0.0,0.0,0.0
45.5958,0.27918170418201255,0.6723791463022493,0.29041197386219186,-0.6209869121852338,-0.027,0.0,9.5954,0.0,0.0,1.0,0.0,0.0,0.0,0.0,0.0,0.0,0.0,0.0
45.6159,0.27844632305459294,0.6728624466134023,0.2905315106847449,-0.6207376373428986,-0.027,0.0,9.6802,0.0,0.0,1.0,0.0,0.0,0.0,0.0,0.0,0.0,0.0,0.0
45.636,0.2779470135096682,0.6733230753167792,0.29051969748204176,-0.6204674038996363,-0.027,0.0,9.6322,0.0,0.0,1.0,0.0,0.0,0.0,0.0,0.0,0.0,0.0,0.0
45.6561,0.2776489690722666,0.6737059249548907,0.29040496765135704,-0.620238930910659,-0.027,0.0,9.5944,0.0,0.0,1.0,0.0,0.0,0.0,0.0,0.0,0.0,0.0,0.0
45.6761,0.2775921176386695,0.6740819989370332,0.29034830685649904,-0.6198821949689286,-0.027,0.0,9.7089,0.0,0.0,1.0,0.0,0.0,0.0,0.0,0.0,0.0,0.0,0.0
45.6962,0.2774019428490933,0.6746755646338559,0.2900968029434293,-0.6194391733750274,-0.027,0.0,9.776,0.0,0.0,1.0,0.0,0.0,0.0,0.0,0.0,0.0,0.0,0.0
45.7163,0.27709782004206235,0.6752876874401457,0.28960972160960574,-0.6191361291904097,-0.027,0.0,9.7621,0.0,0.0,1.0,0.0,0.0,0.0,0.0,0.0,0.0,0.0,0.0
45.7364,0.2770354128515123,0.6757722498717068,0.2889362587553232,-0.6189499856256568,-0.027,0.0,9.7979,0.0,0.0,1.0,0.0,0.0,0.0,0.0,0.0,0.0,0.0,0.0
45.7564,0.27710448420741257,0.6760969408511465,0.28833466593837337,-0.6188450143792644,-0.027,0.0,9.8407,0.0,0.0,1.0,0.0,0.0,0.0,0.0,0.0,0.0,0.0,0.0
45.7765,0.27716722494158463,0.6764681929037986,0.2877874634631647,-0.6186658947130412,-0.027,0.0,9.8408,0.0,0.0,1.0,0.0,0.0,0.0,0.0,0.0,0.0,0.0,0.0
45.7966,0.27728320257777483,0.6767584944267397,0.2874152099800245,-0.6184694518418865,-0.027,0.0,9.8021,0.0,0.0,1.0,0.0,0.0,0.0,0.0,0.0,0.0,0.0,0.0
45.8166,0.27759274426154457,0.6768915685683615,0.28717490802768064,-0.6182965671372445,-0.027,0.0,9.8183,0.0,0.0,1.0,0.0,0.0,0.0,0.0,0.0,0.0,0.0,0.0
45.8367,0.27796068062869705,0.6768352673551524,0.2868108933385843,-0.6183618619797264,-0.027,0.0,9.8529,0.0,0.0,1.0,0.0,0.0,0.0,0.0,0.0,0.0,0.0,0.0
45.8568,0.2781883702597866,0.6767955721135969,0.2863670871461582,-0.618508589769825,-0.027,0.0,9.8046,0.0,0.0,1.0,0.0,0.0,0.0,0.0,0.0,0.0,0.0,0.0
45.8769,0.27826735196789987,0.6768393147806971,0.2858365791520883,-0.6186705688931722,-0.027,0.0,9.7981,0.0,0.0,1.0,0.0,0.0,0.0,0.0,0.0,0.0,0.0,0.0
45.8969,0.2784997997888843,0.6768112228353478,0.2853357212380494,-0.6188278891155723,-0.027,0.0,9.8891,0.0,0.0,1.0,0.0,0.0,0.0,0.0,0.0,0.0,0.0,0.0
45.917,0.2782643873547611,0.6761600908389657,0.28534452443019,-0.6196409965975703,-0.027,0.0,9.8792,0.0,0.0,1.0,0.0,0.0,0.0,0.0,0.0,0.0,0.0,0.0
45.9371,0.27813542027053484,0.675533163165261,0.2853983790190109,-0.6203574765473461,-0.027,0.0,9.8133,0.0,0.0,1.0,0.0,0.0,0.0,0.0,0.0,0.0,0.0,0.0
45.9571,0.278192778931231,0.6748533344819306,0.2856396391699851,-0.620960345935213,-0.027,0.0,9.7345,0.0,0.0,1.0,0.0,0.0,0.0,0.0,0.0,0.0,0.0,0.0
45.9772,0.2787515384519779,0.6743245598274569,0.28577062755179017,-0.62122388577132,-0.027,0.0,9.7503,0.0,0.0,1.0,0.0,0.0,0.0,0.0,0.0,0.0,0.0,0.0
45.9973,0.2793604029912784,0.673772795632216,0.28595245969457145,-0.6214653456960597,-0.027,0.0,9.7368,0.0,0.0,1.0,0.0,0.0,0.0,0.0,0.0,0.0,0.0,0.0
46.0174,0.2798393818816341,0.6732630775279428,0.28606523464206335,-0.6217502957899496,-0.027,0.0,9.7232,0.0,0.0,1.0,0.0,0.0,0.0,0.0,0.0,0.0,0.0,0.0
46.0374,0.28027365128581305,0.6727305632574445,0.2861946650447671,-0.6220714455383349,-0.027,0.0,9.8009,0.0,0.0,1.0,0.0,0.0,0.0,0.0,0.0,0.0,0.0,0.0
46.0575,0.2807606319648663,0.6722377244523605,0.28661960341642373,-0.6221889683200863,-0.027,0.0,9.8515,0.0,0.0,1.0,0.0,0.0,0.0,0.0,0.0,0.0,0.0,0.0
46.0776,0.281362066358832,0.6716682863849158,0.2874048530149543,-0.6221700339477075,-0.027,0.0,9.779,0.0,0.0,1.0,0.0,0.0,0.0,0.0,0.0,0.0,0.0,0.0
46.0977,0.28216395893121415,0.6709541465680786,0.2885109130197169,-0.6220655002103032,-0.027,0.0,9.6588,0.0,0.0,1.0,0.0,0.0,0.0,0.0,0.0,0.0,0.0,0.0
46.1177,0.28332351568133923,0.6699184903283301,0.2900374805071913,-0.6219447416605578,-0.027,0.0,9.6363,0.0,0.0,1.0,0.0,0.0,0.0,0.0,0.0,0.0,0.0,0.0
46.1378,0.28467851362088636,0.6686646948286052,0.29206378637051134,-0.6217269613450036,-0.027,0.0,9.8303,0.0,0.0,1.0,0.0,0.0,0.0,0.0,0.0,0.0,0.0,0.0
46.1579,0.2863163328931791,0.6671147756384562,0.29443434233179533,-0.6215217226284998,-0.027,0.0,9.7794,0.0,0.0,1.0,0.0,0.0,0.0,0.0,0.0,0.0,0.0,0.0
46.1779,0.28973160657228647,0.6640565143324761,0.29888653094488093,-0.6210888692815053,-0.027,0.0,9.6227,0.0,0.0,1.0,0.0,0.0,0.0,0.0,0.0,0.0,0.0,0.0
46.198,0.28973160657228647,0.6640565143324761,0.29888653094488093,-0.6210888692815053,-0.027,0.0,9.6227,0.0,0.0,1.0,0.0,0.0,0.0,0.0,0.0,0.0,0.0,0.0
46.2181,0.29296952551382527,0.6616831868936268,0.30285654324865474,-0.6201791124457302,-0.027,0.0,9.7793,0.0,0.0,1.0,0.0,0.0,0.0,0.0,0.0,0.0,0.0,0.0
46.2382,0.29693762674279933,0.6589396099341044,0.308045687597189,-0.6186553892410699,-0.0135,0.0,9.9306,0.0,0.0,1.0,0.0,0.0,0.0,0.0,0.0,0.0,0.0,0.0
46.2582,0.30170592515596106,0.6557813995237715,0.3143402989098281,-0.6165342385023798,-0.0135,0.0,9.8792,0.0,0.0,1.0,0.0,0.0,0.0,0.0,0.0,0.0,0.0,0.0
46.2783,0.3070662033642778,0.6519131856742804,0.3212261205150009,-0.6144374049440198,-0.0135,0.0,9.7237,0.0,0.0,1.0,0.0,0.0,0.0,0.0,0.0,0.0,0.0,0.0
46.2984,0.31267920916544123,0.6477581467628913,0.3279990234323332,-0.612419575197768,-0.0135,0.0,9.7206,0.0,0.0,1.0,0.0,0.0,0.0,0.0,0.0,0.0,0.0,0.0
46.3185,0.3187881622669383,0.6433133454504305,0.3352062221253975,-0.6100482241694193,-0.0135,0.0,9.816,0.0,0.0,1.0,0.0,0.0,0.0,0.0,0.0,0.0,0.0,0.0
46.3385,0.32507318132278284,0.638855356347548,0.34271219116165796,-0.6072393387124289,-0.0135,0.0,9.9788,0.0,0.0,1.0,0.0,0.0,0.0,0.0,0.0,0.0,0.0,0.0
46.3586,0.3317221179958658,0.6340255802658601,0.35052089800166664,-0.6042409288230827,-0.0135,0.0,10.1573,0.0,0.0,1.0,0.0,0.0,0.0,0.0,0.0,0.0,0.0,0.0
46.3787,0.33819042317734416,0.6287736314064717,0.35772110111285116,-0.6019190742430884,-0.0135,0.0,9.8909,0.0,0.0,1.0,0.0,0.0,0.0,0.0,0.0,0.0,0.0,0.0
46.3988,0.34435445587143054,0.6235859602265088,0.3636411453545072,-0.6002713355934434,-0.0135,0.0,9.6485,0.0,0.0,1.0,0.0,0.0,0.0,0.0,0.0,0.0,0.0,0.0
46.4188,0.35047438922074353,0.6184263322030836,0.36854092477264605,-0.5990777586473321,-0.0135,0.0,9.7371,0.0,0.0,1.0,0.0,0.0,0.0,0.0,0.0,0.0,0.0,0.0
46.4389,0.3563262939418086,0.6131646682001032,0.3728064462871835,-0.5983945316624099,-0.0135,0.0,9.8318,0.0,0.0,1.0,0.0,0.0,0.0,0.0,0.0,0.0,0.0,0.0
46.459,0.3612732527150633,0.6085315321228426,0.376105509423453,-0.5980933514646597,-0.0135,0.0,9.8192,0.0,0.0,1.0,0.0,0.0,0.0,0.0,0.0,0.0,0.0,0.0
46.479,0.36620174918483517,0.6039277438633379,0.3790794238751156,-0.5978848965148861,-0.0135,0.0,9.7861,0.0,0.0,1.0,0.0,0.0,0.0,0.0,0.0,0.0,0.0,0.0
46.4991,0.3708403396213167,0.5995933806121019,0.381826053443832,-0.5976404314863627,-0.0135,0.0,9.7135,0.0,0.0,1.0,0.0,0.0,0.0,0.0,0.0,0.0,0.0,0.0
46.5192,0.37549216935057816,0.5954046111912912,0.3846482710171399,-0.5971136301677171,-0.0135,0.0,9.6766,0.0,0.0,1.0,0.0,0.0,0.0,0.0,0.0,0.0,0.0,0.0
46.5393,0.3803036963117817,0.5912991989756338,0.38768857390443645,-0.5961811180558425,-0.0135,0.0,9.8292,0.0,0.0,1.0,0.0,0.0,0.0,0.0,0.0,0.0,0.0,0.0
46.5593,0.38476101061470297,0.5876383798040569,0.3904369370121734,-0.5951462824453899,-0.0135,0.0,9.8065,0.0,0.0,1.0,0.0,0.0,0.0,0.0,0.0,0.0,0.0,0.0
46.5794,0.3889711434125509,0.5840972054752117,0.39306008184699304,-0.5941680538423589,-0.0135,0.0,9.7746,0.0,0.0,1.0,0.0,0.0,0.0,0.0,0.0,0.0,0.0,0.0
46.5995,0.39311967136746656,0.5806771748748658,0.3955616258439573,-0.5931289427459806,-0.0135,0.0,9.9688,0.0,0.0,1.0,0.0,0.0,0.0,0.0,0.0,0.0,0.0,0.0
46.6196,0.3966800246530343,0.5775949648420488,0.39784006274190375,-0.5922434458125295,-0.0135,0.0,10.1073,0.0,0.0,1.0,0.0,0.0,0.0,0.0,0.0,0.0,0.0,0.0
46.6396,0.4015624383950135,0.5730767510502005,0.40064741005201415,-0.5914493201404588,-0.0135,0.0,10.2254,0.0,0.0,1.0,0.0,0.0,0.0,0.0,0.0,0.0,0.0,0.0
46.6597,0.40460044660248273,0.5701878108567668,0.4022814555058713,-0.5910617307147514,-0.0135,0.0,10.2211,0.0,0.0,1.0,0.0,0.0,0.0,0.0,0.0,0.0,0.0,0.0
46.6798,0.40740489942729097,0.5676198935892954,0.4038039445100388,-0.590568606279109,-0.0135,0.0,10.2916,0.0,0.0,1.0,0.0,0.0,0.0,0.0,0.0,0.0,0.0,0.0
46.6999,0.40985663809186035,0.5654377783054831,0.4053395759540081,-0.5899131149944221,-0.0135,0.0,10.4407,0.0,0.0,1.0,0.0,0.0,0.0,0.0,0.0,0.0,0.0,0.0
46.7199,0.4121142264622582,0.5634231453728497,0.40674315834598623,-0.5893014735636688,-0.0135,0.0,10.5909,0.0,0.0,1.0,0.0,0.0,0.0,0.0,0.0,0.0,0.0,0.0
46.74,0.41401212815529087,0.5615990951180332,0.4080309673887788,-0.5888218268327957,-0.0135,0.0,10.7191,0.0,0.0,1.0,0.0,0.0,0.0,0.0,0.0,0.0,0.0,0.0
46.7601,0.4152890096047753,0.5602501073219914,0.4091249204048713,-0.5884485153782697,-0.0135,0.0,10.7189,0.0,0.0,1.0,0.0,0.0,0.0,0.0,0.0,0.0,0.0,0.0
46.7802,0.41608460544492354,0.5591532205392051,0.4101634972153427,-0.5882067515971379,-0.0135,0.0,10.5856,0.0,0.0,1.0,0.0,0.0,0.0,0.0,0.0,0.0,0.0,0.0
46.8002,0.41643517519015083,0.5582785099563065,0.410942278401588,-0.5882459468686773,-0.0135,0.0,10.6827,0.0,0.0,1.0,0.0,0.0,0.0,0.0,0.0,0.0,0.0,0.0
46.8203,0.4161376065133657,0.5577384726200395,0.41143761095753373,-0.5886224434171279,-0.0135,0.0,10.6502,0.0,0.0,1.0,0.0,0.0,0.0,0.0,0.0,0.0,0.0,0.0
46.8404,0.41528827750242875,0.557380083211596,0.41180923329057595,-0.5893014888702794,-0.0135,0.0,10.5463,0.0,0.0,1.0,0.0,0.0,0.0,0.0,0.0,0.0,0.0,0.0
46.8604,0.4143084009460385,0.5568258828558941,0.41241639454839163,-0.590089995335454,-0.0135,0.0,10.2225,0.0,0.0,1.0,0.0,0.0,0.0,0.0,0.0,0.0,0.0,0.0
46.8805,0.4130812759768722,0.5563286377911456,0.41302027667446417,-0.5909962413302784,-0.0135,0.0,10.0384,0.0,0.0,1.0,0.0,0.0,0.0,0.0,0.0,0.0,0.0,0.0
46.9006,0.41162965640439697,0.5561026946136798,0.4135216961932249,-0.5918704467949729,-0.0135,0.0,9.9241,0.0,0.0,1.0,0.0,0.0,0.0,0.0,0.0,0.0,0.0,0.0
46.9206,0.4097213078539531,0.556080560091701,0.4139932276525323,-0.5928848691241706,-0.0135,0.0,9.6194,0.0,0.0,1.0,0.0,0.0,0.0,0.0,0.0,0.0,0.0,0.0
46.9407,0.4062483276509202,0.5568827075541727,0.4144882937305353,-0.5941745540397314,-0.0135,0.0,9.6441,0.0,0.0,1.0,0.0,0.0,0.0,0.0,0.0,0.0,0.0,0.0
46.9608,0.40339142091694224,0.557997414894351,0.4144397063302126,-0.5951083735915325,-0.0135,0.0,9.774,0.0,0.0,1.0,0.0,0.0,0.0,0.0,0.0,0.0,0.0,0.0
46.9809,0.4006374470040449,0.5592684158865731,0.4141875297649242,-0.5959506399334046,-0.0135,0.0,9.8172,0.0,0.0,1.0,0.0,0.0,0.0,0.0,0.0,0.0,0.0,0.0
47.0009,0.39862059955332135,0.5601804372533787,0.4139395841641606,-0.5966184006484933,-0.0135,0.0,9.7458,0.0,0.0,1.0,0.0,0.0,0.0,0.0,0.0,0.0,0.0,0.0
47.021,0.39714859518383056,0.56059754768609,0.4137492856647669,-0.5973398626274218,-0.0135,0.0,9.7471,0.0,0.0,1.0,0.0,0.0,0.0,0.0,0.0,0.0,0.0,0.0
47.0411,0.3959906359358905,0.5609664011846084,0.41338540030751253,-0.5980138993415417,-0.0135,0.0,9.7484,0.0,0.0,1.0,0.0,0.0,0.0,0.0,0.0,0.0,0.0,0.0
47.0611,0.39470682395868556,0.5617577868573773,0.4128344943851794,-0.5985001188565313,-0.0135,0.0,9.8189,0.0,0.0,1.0,0.0,0.0,0.0,0.0,0.0,0.0,0.0,0.0
47.0812,0.3935451941695481,0.5628519756106182,0.41228172731778623,-0.5986180844387674,-0.0135,0.0,9.7723,0.0,0.0,1.0,0.0,0.0,0.0,0.0,0.0,0.0,0.0,0.0
47.1013,0.3927599073933379,0.5638414314669272,0.41192485407896445,-0.59844833519505,-0.0135,0.0,9.6663,0.0,0.0,1.0,0.0,0.0,0.0,0.0,0.0,0.0,0.0,0.0
47.1213,0.3924571637716327,0.564698674527462,0.41174422096444796,-0.5979627731670537,-0.0135,0.0,9.7196,0.0,0.0,1.0,0.0,0.0,0.0,0.0,0.0,0.0,0.0,0.0
47.1414,0.39263343358359015,0.5655439822077444,0.4114931662066524,-0.597220533125069,-0.0135,0.0,9.6859,0.0,0.0,1.0,0.0,0.0,0.0,0.0,0.0,0.0,0.0,0.0
47.1615,0.3931915576724844,0.5663501244443452,0.41089271783597026,-0.5965023972678819,-0.0135,0.0,9.5971,0.0,0.0,1.0,0.0,0.0,0.0,0.0,0.0,0.0,0.0,0.0
47.1815,0.3931915576724844,0.5663501244443452,0.41089271783597026,-0.5965023972678819,-0.0135,0.0,9.5971,0.0,0.0,1.0,0.0,0.0,0.0,0.0,0.0,0.0,0.0,0.0
47.2016,0.39458540194071606,0.5675565096045648,0.4094171539315946,-0.5954490431996007,-0.0135,0.0,9.612,0.0,0.0,1.0,0.0,0.0,0.0,0.0,0.0,0.0,0.0,0.0
47.2217,0.3959162085165081,0.568149033780988,0.4084886117889597,-0.5946377765382647,-0.0135,0.0,9.7188,0.0,0.0,1.0,0.0,0.0,0.0,0.0,0.0,0.0,0.0,0.0
47.2417,0.3975988643515487,0.5683816786532165,0.4076092637704348,-0.5938956966726014,-0.0135,0.0,9.6361,0.0,0.0,1.0,0.0,0.0,0.0,0.0,0.0,0.0,0.0,0.0
47.2618,0.3992966836625711,0.5684266675202074,0.4066207695724934,-0.59339096034589,-0.0135,0.0,9.7145,0.0,0.0,1.0,0.0,0.0,0.0,0.0,0.0,0.0,0.0,0.0
47.2819,0.40069940798699943,0.5686088360728329,0.4055214489989222,-0.593023043718017,-0.0135,0.0,9.7668,0.0,0.0,1.0,0.0,0.0,0.0,0.0,0.0,0.0,0.0,0.0
47.302,0.40154085288751173,0.5690180377522939,0.40440978753309587,-0.5928204955316028,-0.0135,0.0,9.5981,0.0,0.0,1.0,0.0,0.0,0.0,0.0,0.0,0.0,0.0,0.0
47.322,0.4020989526580421,0.5696395162672958,0.4033189494803321,-0.5925884564924873,-0.0135,0.0,9.7639,0.0,0.0,1.0,0.0,0.0,0.0,0.0,0.0,0.0,0.0,0.0
47.3421,0.4025932100934955,0.5701363783257188,0.40228820614633737,-0.592475667425937,-0.0135,0.0,9.8349,0.0,0.0,1.0,0.0,0.0,0.0,0.0,0.0,0.0,0.0,0.0
47.3622,0.40331152343085563,0.5701780163270841,0.40135856447702134,-0.5925775455466893,-0.0135,0.0,9.6645,0.0,0.0,1.0,0.0,0.0,0.0,0.0,0.0,0.0,0.0,0.0
47.3822,0.40412631389032266,0.56996336701162,0.40070820973932303,-0.5926690588631269,-0.0135,0.0,9.6264,0.0,0.0,1.0,0.0,0.0,0.0,0.0,0.0,0.0,0.0,0.0
47.4023,0.4048495262486577,0.569767962692021,0.4004554879764836,-0.5925341609861303,-0.0135,0.0,9.8252,0.0,0.0,1.0,0.0,0.0,0.0,0.0,0.0,0.0,0.0,0.0
47.4224,0.40522127168425487,0.5695320312042711,0.40058316556185086,-0.5924205549062079,-0.0135,0.0,9.9069,0.0,0.0,1.0,0.0,0.0,0.0,0.0,0.0,0.0,0.0,0.5
47.4425,0.40534605829047005,0.5689869263015901,0.4011349330173344,-0.5924856253441314,-0.0135,0.0,9.7537,0.0,0.0,1.0,0.0,0.0,0.0,0.0,0.0,0.0,0.0,0.5
47.4625,0.4054559075824308,0.5683574686776718,0.40185391728725306,-0.5925274035567523,-0.0676,0.0,11.3211,0.0,0.0,1.0,0.0,0.0,0.0,0.0,0.0811,0.0,0.0,0.5
47.4826,0.40581189222528075,0.5663904969106047,0.40428593399340196,-0.5925127818983975,-0.027,0.0,10.4611,0.0,0.0,1.0,0.0,0.0,0.0,0.0,0.1758,0.0,0.0,0.5
47.5027,0.40600247993620325,0.5646311046173162,0.40581948152280967,-0.5930128585459511,-0.027,0.0,10.249,0.0,0.0,1.0,0.0,0.0,0.0,0.0,0.2164,0.0,0.0,0.5
47.5227,0.40588707265043883,0.5641522707512485,0.4064970772683021,-0.5930834897666565,-0.027,0.0,10.0477,0.0,0.0,1.0,0.0,0.0,0.0,0.0,0.284,0.0,0.0,0.5
47.5428,0.40521998629743444,0.564830131981606,0.40674601637327107,-0.5927236817229622,-0.027,0.0,9.5194,0.0,0.0,1.0,0.0,0.0,0.0,0.0,0.3245,0.0,0.0,0.5
47.5629,0.40483899965457903,0.5662742081690164,0.40630397432270954,-0.5919087649045285,-0.0135,0.0,10.3187,0.0,0.0,1.0,0.0,0.0,0.0,0.0,0.311,0.0,0.0,0.5
47.583,0.4039281988809551,0.5668910687830819,0.4064301815304674,-0.5918538956734797,-0.0135,0.0,10.318,0.0,0.0,1.0,0.0,0.0,0.0,0.0,0.3516,0.0,0.0,0.5
47.603,0.4028800014993653,0.5666927162539601,0.40696886957632594,-0.5923878872262225,0.027,0.0,10.464,0.0,0.0,1.0,0.0,0.0,0.0,0.0,0.4598,0.0,0.0,0.5
47.6231,0.40283099956199553,0.5671375915036305,0.40734798834397307,-0.5917345304166922,0.027,0.0,10.5092,0.0,0.0,1.0,0.0,0.0,0.0,0.0,0.4462,0.0,0.0,0.5
47.6432,0.40246920211445847,0.5674485147183533,0.4073522409647588,-0.5916797075059067,0.0541,0.0,9.1445,0.0,0.0,1.0,0.0,0.0,0.0,0.0,0.5003,0.0,0.0,0.5
47.6633,0.4025242375917013,0.5679281024724555,0.4075292032440587,-0.591059943725269,-0.027,0.0,9.3387,0.0,0.0,1.0,0.0,0.0,0.0,0.0,0.4868,0.0,0.0,0.5
47.6833,0.4019882379521431,0.5688624879535714,0.4069923653987013,-0.5908960491106486,0.027,0.0,9.0288,0.0,0.0,1.0,0.0,0.0,0.0,0.0,0.4462,0.0,0.0,0.5
47.7034,0.4025774426832802,0.5694430667469854,0.4059953530509302,-0.5906215113568326,0.0135,0.0,10.3191,0.0,0.0,1.0,0.0,0.0,0.0,0.0,0.5409,0.0,0.0,0.5
47.7235,0.4022781904870506,0.5701831830671726,0.4053291540106796,-0.59056893934141,-0.0947,0.0,10.3821,0.0,0.0,1.0,0.0,0.0,0.0,0.0,0.5003,0.0,0.0,0.5
47.7435,0.4022881868484763,0.5708083596405941,0.40619423721060993,-0.5893625988671749,0.0406,0.0,11.8924,0.0,0.0,1.0,0.0,0.0,0.0,0.0,0.5139,0.0,0.0,0.5
47.7636,0.4031392864895597,0.5713532405505074,0.40503129722049797,-0.589053340940363,-0.027,0.0,8.6819,0.0,0.0,1.0,0.0,0.0,0.0,0.0,0.5003,0.0,0.0,0.5
47.7837,0.4036726095526144,0.5722456001264258,0.40513655736461995,-0.5877480474826553,0.0406,0.0,10.6379,0.0,0.0,1.0,0.0,0.0,0.0,0.0,0.4327,0.0,0.0,0.5
47.8037,0.40411141687453433,0.5729333377458964,0.40423341609470187,-0.5873982452845861,-0.027,0.0,10.0378,0.0,0.0,1.0,0.0,0.0,0.0,0.0,0.5139,0.0,0.0,0.5
47.8238,0.40416432171976313,0.5737768404483856,0.40379833138946203,-0.5868374953775175,-0.0135,0.0,12.6257,0.0,0.0,1.0,0.0,0.0,0.0,0.0,0.5139,0.0,0.0,0.5
47.8439,0.40442283726478884,0.5739804460696881,0.40277482162800543,-0.5871635711544684,-0.027,0.0,12.1942,0.0,0.0,1.0,0.0,0.0,0.0,0.0,0.5003,0.0,0.0,0.5
47.864,0.4048518860503533,0.5742883494489186,0.40216684701317584,-0.5869835340213467,-0.0135,0.0,9.1078,0.0,0.0,1.0,0.0,0.0,0.0,0.0,0.5274,0.0,0.0,0.5
47.884,0.40502089928473495,0.5745735081081093,0.4021529566456928,-0.5865972676240937,-0.0135,0.0,9.3111,0.0,0.0,1.0,0.0,0.0,0.0,0.0,0.5274,0.0,0.0,0.5
47.9041,0.4053491320180364,0.5746064505335929,0.4019930067311063,-0.5864478925844093,-0.027,0.0,10.1748,0.0,0.0,1.0,0.0,0.0,0.0,0.0,0.4868,0.0,0.0,0.5
47.9242,0.40514322406126,0.5749399651419975,0.4012372990279187,-0.5867807378813205,-0.027,0.0,9.6484,0.0,0.0,1.0,0.0,0.0,0.0,0.0,0.4733,0.0,0.0,0.5
47.9442,0.40526847330956445,0.5753715733244271,0.40075252375095594,-0.5866024478799484,-0.027,0.0,10.1435,0.0,0.0,1.0,0.0,0.0,0.0,0.0,0.4733,0.0,0.0,0.5
47.9643,0.4050189720850507,0.575669746921357,0.400320088425294,-0.5867774719038169,-0.027,0.0,9.8916,0.0,0.0,1.0,0.0,0.0,0.0,0.0,0.4733,0.0,0.0,0.5
47.9844,0.404790036514985,0.5755691613983666,0.4003959818428831,-0.5869823034039883,-0.027,0.0,9.88,0.0,0.0,1.0,0.0,0.0,0.0,0.0,0.4733,0.0,0.0,0.5
48.0045,0.4049807221783796,0.5752740718215906,0.4003425764743652,-0.5871764457261143,-0.027,0.0,9.8346,0.0,0.0,1.0,0.0,0.0,0.0,0.0,0.4733,0.0,0.0,0.5
48.0245,0.40502000736000915,0.5748772360280268,0.4003821103350167,-0.5875109555221529,-0.027,0.0,9.8666,0.0,0.0,1.0,0.0,0.0,0.0,0.0,0.4733,0.0,0.0,0.5
48.0446,0.404970833977791,0.5745280205355889,0.4006378036553317,-0.5877121127976028,-0.027,0.0,9.748,0.0,0.0,1.0,0.0,0.0,0.0,0.0,0.4733,0.0,0.0,0.5
48.0647,0.4047864815479497,0.5743431021375074,0.40100246769818404,-0.5877711512851436,-0.027,0.0,9.7653,0.0,0.0,1.0,0.0,0.0,0.0,0.0,0.4733,0.0,0.0,0.5
48.0847,0.40460698260119754,0.5742260714041875,0.4014329435139559,-0.5877152375188076,-0.027,0.0,9.7725,0.0,0.0,1.0,0.0,0.0,0.0,0.0,0.4733,0.0,0.0,0.5
48.1048,0.4042265654628702,0.5741445996225736,0.4017846224571501,-0.5878162805292924,-0.027,0.0,9.7707,0.0,0.0,1.0,0.0,0.0,0.0,0.0,0.4733,0.0,0.0,0.5
48.1249,0.40386536529068195,0.5740294125089802,0.4020343863027719,-0.5880062521124861,-0.027,0.0,9.831,0.0,0.0,1.0,0.0,0.0,0.0,0.0,0.4733,0.0,0.0,0.5
48.1449,0.4038574145425521,0.5736511232406748,0.4023314620959929,-0.5881776705481245,-0.027,0.0,9.7919,0.0,0.0,1.0,0.0,0.0,0.0,0.0,0.4733,0.0,0.0,0.5
48.165,0.4041067085488069,0.5728046646673582,0.4030077283781246,-0.5883683838452478,-0.027,0.0,9.8021,0.0,0.0,1.0,0.0,0.0,0.0,0.0,0.4733,0.0,0.0,0.5
48.1851,0.4041770265852701,0.5723908700268189,0.403505023215776,-0.5883819502077432,-0.027,0.0,9.9203,0.0,0.0,1.0,0.0,0.0,0.0,0.0,0.4733,0.0,0.0,0.5
48.2051,0.4043592668260056,0.5719617919116282,0.4039322654882438,-0.5883808433512342,-0.027,0.0,9.8282,0.0,0.0,1.0,0.0,0.0,0.0,0.0,0.4733,0.0,0.0,0.5
48.2252,0.40466195050290377,0.5714705178822759,0.40441795113572,-0.5883164741920248,-0.027,0.0,9.8282,0.0,0.0,1.0,0.0,0.0,0.0,0.0,0.4733,0.0,0.0,0.5
48.2453,0.4049730261088943,0.5709300857973179,0.40503402686597306,-0.5882033001746985,-0.027,0.0,9.8764,0.0,0.0,1.0,0.0,0.0,0.0,0.0,0.4733,0.0,0.0,0.5
48.2653,0.4049730261088943,0.5709300857973179,0.40503402686597306,-0.5882033001746985,-0.027,0.0,9.8764,0.0,0.0,1.0,0.0,0.0,0.0,0.0,0.4733,0.0,0.0,0.5
48.2854,0.4060644254634669,0.5704923829545517,0.4056374281707224,-0.5874592753807737,-0.027,0.0,9.7862,0.0,0.0,1.0,0.0,0.0,0.0,0.0,0.4733,0.0,0.0,0.5
48.3055,0.40686993025603607,0.5703259196386482,0.40583290494591595,-0.5869283248446423,-0.027,0.0,9.7862,0.0,0.0,1.0,0.0,0.0,0.0,0.0,0.4733,0.0,0.0,0.5
48.3255,0.40765353003465665,0.5700063428654314,0.40631053158293906,-0.5863643240070537,-0.027,0.0,9.874,0.0,0.0,1.0,0.0,0.0,0.0,0.0,0.4733,0.0,0.0,0.5
48.3456,0.40765353003465665,0.5700063428654314,0.40631053158293906,-0.5863643240070537,-0.027,0.0,9.874,0.0,0.0,1.0,0.0,0.0,0.0,0.0,0.4733,0.0,0.0,0.5
48.3657,0.408442048361671,0.5694510964113837,0.40709906464297635,-0.5858078981140571,-0.027,0.0,9.8349,0.0,0.0,1.0,0.0,0.0,0.0,0.0,0.4733,0.0,0.0,0.5
48.3857,0.4094215497270348,0.5688445956248884,0.4078345592247273,-0.5852014977334241,-0.027,0.0,9.7605,0.0,0.0,1.0,0.0,0.0,0.0,0.0,0.4733,0.0,0.0,0.5
48.4058,0.41051979274035416,0.5681729450797849,0.4086278029130984,-0.5845308571274869,-0.027,0.0,9.692,0.0,0.0,1.0,0.0,0.0,0.0,0.0,0.4733,0.0,0.0,0.5
48.4266,0.41313548909987663,0.5669402037485679,0.4099005792318682,-0.5829917565155764,-0.027,0.0,9.6917,0.0,0.0,1.0,0.0,0.0,0.0,0.0,0.4733,0.0,0.0,0.5
48.447,0.41313548909987663,0.5669402037485679,0.4099005792318682,-0.5829917565155764,-0.027,0.0,9.6917,0.0,0.0,1.0,0.0,0.0,0.0,0.0,0.4733,0.0,0.0,0.5
48.4671,0.41734305504647523,0.5646767790615715,0.4109352845071833,-0.581461178016318,-0.027,0.0,9.799,0.0,0.0,1.0,0.0,0.0,0.0,0.0,0.4733,0.0,0.0,0.5
48.4871,0.4194391205113226,0.5636668812433232,0.41144302289499074,-0.5805730876342321,-0.027,0.0,9.9503,0.0,0.0,1.0,0.0,0.0,0.0,0.0,0.4733,0.0,0.0,0.5
48.5072,0.4213779417370123,0.5628539004614408,0.4119781438022685,-0.5795775409572553,-0.027,0.0,9.9646,0.0,0.0,1.0,0.0,0.0,0.0,0.0,0.4733,0.0,0.0,0.5
48.5273,0.42314596243949554,0.5619363421586714,0.41270923467655884,-0.5786589059585748,-0.027,0.0,9.9654,0.0,0.0,1.0,0.0,0.0,0.0,0.0,0.4733,0.0,0.0,0.5
48.5473,0.4246159439211334,0.560905000100406,0.413873097140833,-0.5777507598379974,-0.027,0.0,10.0134,0.0,0.0,1.0,0.0,0.0,0.0,0.0,0.4733,0.0,0.0,0.5
48.5674,0.4257227657797261,0.5598786373459649,0.4154686991624536,-0.5767857471858546,-0.027,0.0,10.0972,0.0,0.0,1.0,0.0,0.0,0.0,0.0,0.4733,0.0,0.0,0.5
48.5875,0.4268678472526372,0.5590050853612644,0.4171021252786184,-0.5756066127227907,-0.027,0.0,10.1496,0.0,0.0,1.0,0.0,0.0,0.0,0.0,0.4733,0.0,0.0,0.5
48.6075,0.4281153667999726,0.5582467337801479,0.4184710431534058,-0.5744212765694027,-0.027,0.0,10.2207,0.0,0.0,1.0,0.0,0.0,0.0,0.0,0.4733,0.0,0.0,0.5
48.6276,0.42936485091436843,0.5574117366461566,0.41978323360982034,-0.5733411004179633,-0.027,0.0,10.2211,0.0,0.0,1.0,0.0,0.0,0.0,0.0,0.4733,0.0,0.0,0.5
48.6477,0.43066345988914373,0.5563343022807264,0.42126447167675996,-0.5723262822245974,-0.027,0.0,10.15,0.0,0.0,1.0,0.0,0.0,0.0,0.0,0.4733,0.0,0.0,0.5
48.6677,0.4321911848559185,0.5551165218568064,0.422792159088407,-0.5712295660308581,-0.027,0.0,10.2247,0.0,0.0,1.0,0.0,0.0,0.0,0.0,0.4733,0.0,0.0,0.5
48.6878,0.4336042855798744,0.5536631335103747,0.42463207274892517,-0.5702035258670289,-0.027,0.0,9.9757,0.0,0.0,1.0,0.0,0.0,0.0,0.0,0.4733,0.0,0.0,0.5
48.7079,0.43481056346176866,0.5520586367881309,0.42681562664998984,-0.5692095012357634,-0.027,0.0,9.8534,0.0,0.0,1.0,0.0,0.0,0.0,0.0,0.4733,0.0,0.0,0.5
48.7279,0.43628623927669774,0.550424133161311,0.4290231187600866,-0.5680024248370638,-0.027,0.0,9.9615,0.0,0.0,1.0,0.0,0.0,0.0,0.0,0.4733,0.0,0.0,0.5
48.748,0.4377534715952914,0.5487788738324986,0.4311613289622544,-0.5668452647318383,-0.027,0.0,9.9279,0.0,0.0,1.0,0.0,0.0,0.0,0.0,0.4733,0.0,0.0,0.5
48.7681,0.43907969677349734,0.5472318978745111,0.433403791181015,-0.5656035922975361,-0.027,0.0,9.8127,0.0,0.0,1.0,0.0,0.0,0.0,0.0,0.4733,0.0,0.0,0.5
48.7882,0.44006687329049454,0.546147806971935,0.43573383515284686,-0.56409196490915,-0.027,0.0,9.8491,0.0,0.0,1.0,0.0,0.0,0.0,0.0,0.4733,0.0,0.0,0.5
48.8082,0.4408585452923662,0.5453509115578217,0.43829453630503107,-0.5622579708202539,-0.027,0.0,9.9277,0.0,0.0,1.0,0.0,0.0,0.0,0.0,0.4733,0.0,0.0,0.5
48.8283,0.4415981461935596,0.5445672788465746,0.4409271322958044,-0.560375606261949,-0.027,0.0,9.9427,0.0,0.0,1.0,0.0,0.0,0.0,0.0,0.4733,0.0,0.0,0.5
48.8484,0.4423792586863612,0.5436354023374618,0.4437832468124774,-0.5584062774164232,-0.027,0.0,9.748,0.0,0.0,1.0,0.0,0.0,0.0,0.0,0.4733,0.0,0.0,0.5
48.8684,0.44324057332638217,0.54254637391202,0.44653659989836014,-0.5565844870847826,-0.027,0.0,9.7863,0.0,0.0,1.0,0.0,0.0,0.0,0.0,0.4733,0.0,0.0,0.5
48.8885,0.44458208429372426,0.5410185364079658,0.449404106900374,-0.5546906005054598,-0.027,0.0,9.8715,0.0,0.0,1.0,0.0,0.0,0.0,0.0,0.4733,0.0,0.0,0.5
48.9086,0.4465176353953753,0.5389824536948954,0.4521324421907188,-0.5528979748639063,-0.027,0.0,9.8389,0.0,0.0,1.0,0.0,0.0,0.0,0.0,0.4733,0.0,0.0,0.5
48.9286,0.4485406916059272,0.5367354512116683,0.45464460575887583,-0.5513842451871832,-0.027,0.0,9.9632,0.0,0.0,1.0,0.0,0.0,0.0,0.0,0.4733,0.0,0.0,0.5
48.9487,0.45030663210950583,0.5348996844333213,0.4568374817427801,-0.5499143387349005,-0.027,0.0,9.7364,0.0,0.0,1.0,0.0,0.0,0.0,0.0,0.4733,0.0,0.0,0.5
48.9688,0.45148216738293645,0.5341251132624844,0.4586842498134744,-0.5481632739345046,-0.027,0.0,9.6169,0.0,0.0,1.0,0.0,0.0,0.0,0.0,0.4733,0.0,0.0,0.5
48.9888,0.45228780957388676,0.5341998538888825,0.4604051112587424,-0.5459792916794347,-0.027,0.0,9.5388,0.0,0.0,1.0,0.0,0.0,0.0,0.0,0.4598,0.0,0.0,0.5
49.0089,0.4530658755912695,0.5345482129098995,0.46185491197591205,-0.5437642510622337,-0.0406,0.0,9.438,0.0,0.0,1.0,0.0,0.0,0.0,0.0,0.4733,0.0,0.0,0.5
49.029,0.4541661754871817,0.5346717383745053,0.46356524120456527,-0.5412637844654716,-0.027,0.0,9.6899,0.0,0.0,1.0,0.0,0.0,0.0,0.0,0.4598,0.0,0.0,0.5
49.049,0.4560461031695484,0.5342305778982857,0.4645909364716366,-0.5392354802595439,-0.027,0.0,9.1801,0.0,0.0,1.0,0.0,0.0,0.0,0.0,0.4733,0.0,0.0,0.5
49.0691,0.45826045794088544,0.533151840182955,0.46588959874906755,-0.5373019167793576,-0.0135,0.0,9.3863,0.0,0.0,1.0,0.0,0.0,0.0,0.0,0.4598,0.0,0.0,0.5
49.0892,0.46063774103925686,0.5320496310628644,0.46698582015689794,-0.5354066729024864,-0.027,0.0,9.8068,0.0,0.0,1.0,0.0,0.0,0.0,0.0,0.4868,0.0,0.0,0.5
49.1092,0.46264190715816095,0.5308793034842041,0.46892885153961755,-0.5331372835085925,-0.027,0.0,9.5078,0.0,0.0,1.0,0.0,0.0,0.0,0.0,0.4868,0.0,0.0,0.5
49.1293,0.46624152410080005,0.5295336449997893,0.47020846900159946,-0.5302046356800102,-0.0135,0.0,9.6426,0.0,0.0,1.0,0.0,0.0,0.0,0.0,0.4868,0.0,0.0,0.5
49.1494,0.46624152410080005,0.5295336449997893,0.47020846900159946,-0.5302046356800102,-0.0135,0.0,9.6426,0.0,0.0,1.0,0.0,0.0,0.0,0.0,0.4868,0.0,0.0,0.5
49.1694,0.46874837113552154,0.5279521654068974,0.47106736307720326,-0.5288071624358486,-0.0135,0.0,9.4465,0.0,0.0,1.0,0.0,0.0,0.0,0.0,0.4868,0.0,0.0,0.5
49.1895,0.47118862541603773,0.5259983491990747,0.4719826214146463,-0.5277683402790962,-0.0135,0.0,9.6472,0.0,0.0,1.0,0.0,0.0,0.0,0.0,0.4868,0.0,0.0,0.5
49.2095,0.474035861744063,0.5240213164478181,0.4724489425511596,-0.5267671766265913,-0.0135,0.0,10.025,0.0,0.0,1.0,0.0,0.0,0.0,0.0,0.4868,0.0,0.0,0.5
49.2296,0.477125064837438,0.5213762765425651,0.4730349528402863,-0.5260764052434488,-0.0135,0.0,10.0201,0.0,0.0,1.0,0.0,0.0,0.0,0.0,0.4868,0.0,0.0,0.5
49.2497,0.4802423230441834,0.5183296969115596,0.47383309185382444,-0.5255319567076224,-0.0135,0.0,9.8055,0.0,0.0,1.0,0.0,0.0,0.0,0.0,0.4868,0.0,0.0,0.5
49.2698,0.483165040545883,0.5153317755707381,0.47468084667810734,-0.5250359973167184,-0.0135,0.0,9.7144,0.0,0.0,1.0,0.0,0.0,0.0,0.0,0.4868,0.0,0.0,0.5
49.2898,0.4854006589446359,0.5129869575775641,0.47557390878456823,-0.5244616658391679,-0.0135,0.0,9.9619,0.0,0.0,1.0,0.0,0.0,0.0,0.0,0.4868,0.0,0.0,0.5
49.3099,0.4870490432807531,0.5110344544553946,0.47679529500322554,-0.5237301427849724,-0.0135,0.0,10.188,0.0,0.0,1.0,0.0,0.0,0.0,0.0,0.4868,0.0,0.0,0.5
49.3299,0.48803776526260534,0.5094607988547731,0.4784557502376252,-0.5228278198147932,-0.0135,0.0,9.9838,0.0,0.0,1.0,0.0,0.0,0.0,0.0,0.4868,0.0,0.0,0.5
49.35,0.4882730643452306,0.508231739966986,0.4804611913076458,-0.5219645167751213,-0.0135,0.0,9.7927,0.0,0.0,1.0,0.0,0.0,0.0,0.0,0.4868,0.0,0.0,0.5
49.3701,0.48792111706367214,0.5076353642210525,0.48248904896187206,-0.5210025318051402,-0.0135,0.0,10.114,0.0,0.0,1.0,0.0,0.0,0.0,0.0,0.4868,0.0,0.0,0.5
49.3902,0.48717920995682223,0.5074420523206876,0.4843712318016758,-0.5201379535520768,-0.0135,0.0,10.3165,0.0,0.0,1.0,0.0,0.0,0.0,0.0,0.4868,0.0,0.0,0.5
49.4103,0.48626108366967014,0.5069518319256879,0.4862000844118471,-0.5197686759833646,-0.0135,0.0,9.9403,0.0,0.0,1.0,0.0,0.0,0.0,0.0,0.4733,0.0,0.0,0.5
49.4304,0.4854037124358652,0.5060943165482612,0.48821065872862524,-0.5195210596451219,-0.0135,0.0,9.9628,0.0,0.0,1.0,0.0,0.0,0.0,0.0,0.4733,0.0,0.0,0.5
49.4505,0.48492934377211533,0.5050715657332018,0.4902394022873258,-0.5190487197571374,-0.0135,0.0,10.3287,0.0,0.0,1.0,0.0,0.0,0.0,0.0,0.4733,0.0,0.0,0.5
49.4706,0.4847444868770687,0.5039096247362533,0.4920685395606414,-0.5186197305493818,-0.0135,0.0,10.3037,0.0,0.0,1.0,0.0,0.0,0.0,0.0,0.4598,0.0,0.0,0.5
49.4907,0.4848609517470548,0.5026228767133466,0.49346691539190946,-0.518430809934107,-0.027,0.0,10.1561,0.0,0.0,1.0,0.0,0.0,0.0,0.0,0.4733,0.0,0.0,0.5
49.5108,0.48504939811422565,0.501224511432339,0.49463246525039145,-0.518497632442773,-0.027,0.0,10.0854,0.0,0.0,1.0,0.0,0.0,0.0,0.0,0.4868,0.0,0.0,0.5
49.5309,0.4852192333896401,0.5000509348535573,0.49541202822659475,-0.5187275589259405,-0.0406,0.0,10.632,0.0,0.0,1.0,0.0,0.0,0.0,0.0,0.4868,0.0,0.0,0.5
49.5509,0.4855297546224387,0.4990176089076032,0.4962716385734499,-0.5186103972386555,-0.0135,0.0,9.8826,0.0,0.0,1.0,0.0,0.0,0.0,0.0,0.4868,0.0,0.0,0.5
49.571,0.48602441554938686,0.49810945074713314,0.4970104475462791,-0.5183125095886784,-0.0406,0.0,9.9378,0.0,0.0,1.0,0.0,0.0,0.0,0.0,0.4868,0.0,0.0,0.5
49.5911,0.48663281872614567,0.4971918147928517,0.4983518143607446,-0.51733380728983,-0.0135,0.0,10.283,0.0,0.0,1.0,0.0,0.0,0.0,0.0,0.4598,0.0,0.0,0.5
49.6112,0.48717991005709127,0.4973108458015412,0.4987148368967154,-0.5163537250219106,-0.027,0.0,9.5917,0.0,0.0,1.0,0.0,0.0,0.0,0.0,0.5139,0.0,0.0,0.5
49.6313,0.4873695843379415,0.4971346561547279,0.49945467321719045,-0.5156287921690292,-0.0135,0.0,10.5512,0.0,0.0,1.0,0.0,0.0,0.0,0.0,0.5139,0.0,0.0,0.5
49.6514,0.4877904335271409,0.4969453853590469,0.5001193686593713,-0.5147682915851598,-0.0135,0.0,9.3762,0.0,0.0,1.0,0.0,0.0,0.0,0.0,0.5139,0.0,0.0,0.5
49.6714,0.48821197059899896,0.4969398270558996,0.5007237648231903,-0.5137855500019295,-0.0135,0.0,9.7405,0.0,0.0,1.0,0.0,0.0,0.0,0.0,0.5139,0.0,0.0,0.5
49.6915,0.4885266840491568,0.49725471413642147,0.501344728235518,-0.5125747669477067,-0.0135,0.0,9.8445,0.0,0.0,1.0,0.0,0.0,0.0,0.0,0.5139,0.0,0.0,0.5
49.7116,0.48913065418602686,0.4974925627969316,0.5013375207745602,-0.5117744067075921,-0.0135,0.0,9.8456,0.0,0.0,1.0,0.0,0.0,0.0,0.0,0.5139,0.0,0.0,0.5
49.7317,0.4901609002253372,0.4973017239518767,0.5010256320260449,-0.5112793789091057,-0.0135,0.0,9.8722,0.0,0.0,1.0,0.0,0.0,0.0,0.0,0.5139,0.0,0.0,0.5
49.7518,0.49151244566665064,0.4967614077091971,0.5007893785812447,-0.5107383066363588,-0.0135,0.0,9.7085,0.0,0.0,1.0,0.0,0.0,0.0,0.0,0.5139,0.0,0.0,0.5
49.7719,0.4928634545232357,0.49622048486423465,0.5007975262317514,-0.5099536089848609,-0.0135,0.0,9.6832,0.0,0.0,1.0,0.0,0.0,0.0,0.0,0.5139,0.0,0.0,0.5
49.792,0.49409195882409995,0.4958620016655803,0.5008661227835286,-0.5090453207498948,-0.0135,0.0,9.7977,0.0,0.0,1.0,0.0,0.0,0.0,0.0,0.5139,0.0,0.0,0.5
49.812,0.4951186144824397,0.49536261527807723,0.5011006339886048,-0.5083026574729581,-0.0135,0.0,9.7548,0.0,0.0,1.0,0.0,0.0,0.0,0.0,0.5139,0.0,0.0,0.5
49.8321,0.4960987175010377,0.494755704730063,0.5014087679953604,-0.5076338271906821,-0.0135,0.0,9.6887,0.0,0.0,1.0,0.0,0.0,0.0,0.0,0.5139,0.0,0.0,0.5
49.8522,0.49713796518285447,0.49408692243602736,0.5017770301787676,-0.5069041020119313,-0.0135,0.0,9.5468,0.0,0.0,1.0,0.0,0.0,0.0,0.0,0.5139,0.0,0.0,0.5
49.8723,0.4983008647391169,0.49378377531541345,0.5016579311981323,-0.5061750206218356,-0.0135,0.0,9.5413,0.0,0.0,1.0,0.0,0.0,0.0,0.0,0.5139,0.0,0.0,0.5
49.8924,0.49973902214486493,0.49394121911619504,0.5007149889879112,-0.5055368251735348,-0.0135,0.0,9.7968,0.0,0.0,1.0,0.0,0.0,0.0,0.0,0.5139,0.0,0.0,0.5
49.9125,0.5015249242166502,0.49407894018846976,0.4992059291909518,-0.5051259164924328,-0.027,0.0,9.9234,0.0,0.0,1.0,0.0,0.0,0.0,0.0,0.5139,0.0,0.0,0.5
49.9326,0.5032922571610117,0.4937703279728457,0.4981042957423807,-0.5047572462663114,-0.027,0.0,10.0006,0.0,0.0,1.0,0.0,0.0,0.0,0.0,0.5003,0.0,0.0,0.5
49.9527,0.5046485882401602,0.49366137948500133,0.4975684537187692,-0.5040375766310403,-0.027,0.0,10.3452,0.0,0.0,1.0,0.0,0.0,0.0,0.0,0.5003,0.0,0.0,0.5
49.9728,0.5055479402947778,0.49395207928752977,0.49724703979278023,-0.5031679688220931,-0.027,0.0,10.4599,0.0,0.0,1.0,0.0,0.0,0.0,0.0,0.5003,0.0,0.0,0.5
49.9929,0.5064017404820288,0.49419491547286787,0.4969408761081719,-0.5023727982388971,-0.027,0.0,10.1769,0.0,0.0,1.0,0.0,0.0,0.0,0.0,0.5003,0.0,0.0,0.5
50.013,0.507268998407672,0.49432984540341807,0.49670987354702467,-0.5015929312887182,-0.027,0.0,10.0283,0.0,0.0,1.0,0.0,0.0,0.0,0.0,0.5003,0.0,0.0,0.5
50.0331,0.5078939136498977,0.4945263895321868,0.4966014708925708,-0.5008736383969367,-0.027,0.0,10.0283,0.0,0.0,1.0,0.0,0.0,0.0,0.0,0.5003,0.0,0.0,0.5
50.0532,0.5083651970979348,0.49469311111447617,0.49664612339692915,-0.5001861456600539,-0.027,0.0,10.0704,0.0,0.0,1.0,0.0,0.0,0.0,0.0,0.5003,0.0,0.0,0.5
50.0733,0.5086241979937506,0.49470770007732595,0.4970267830514701,-0.4995298726091599,-0.027,0.0,10.0267,0.0,0.0,1.0,0.0,0.0,0.0,0.0,0.5003,0.0,0.0,0.5
50.0934,0.5089124128517266,0.49450837286297356,0.4976823816747136,-0.4987803847230092,-0.027,0.0,10.0002,0.0,0.0,1.0,0.0,0.0,0.0,0.0,0.5003,0.0,0.0,0.5
50.1135,0.5091549576271079,0.49438495885629663,0.49841295852107864,-0.4979249585616909,-0.027,0.0,9.9285,0.0,0.0,1.0,0.0,0.0,0.0,0.0,0.5003,0.0,0.0,0.5
50.1336,0.5094121091417411,0.49421471805415124,0.49921984685545345,-0.49702179029096555,-0.027,0.0,9.936,0.0,0.0,1.0,0.0,0.0,0.0,0.0,0.5003,0.0,0.0,0.5
50.1537,0.5096991742211733,0.4938903549134118,0.49993328584369234,-0.49633232700206736,-0.027,0.0,9.9811,0.0,0.0,1.0,0.0,0.0,0.0,0.0,0.5003,0.0,0.0,0.5
50.1738,0.5099394940484641,0.49358179897769244,0.5006616669995205,-0.4956577602790082,-0.027,0.0,9.9807,0.0,0.0,1.0,0.0,0.0,0.0,0.0,0.5003,0.0,0.0,0.5
50.1939,0.5101791712131546,0.4932116311309802,0.5013904094390959,-0.4950425815017052,-0.027,0.0,10.0199,0.0,0.0,1.0,0.0,0.0,0.0,0.0,0.5003,0.0,0.0,0.5
50.214,0.5105100022516618,0.4928095861092783,0.5020258027854482,-0.49445762485519074,-0.027,0.0,10.0165,0.0,0.0,1.0,0.0,0.0,0.0,0.0,0.5003,0.0,0.0,0.5
50.2341,0.5109764229506301,0.4924227706951357,0.5024925819602445,-0.49388674325641874,-0.027,0.0,10.1724,0.0,0.0,1.0,0.0,0.0,0.0,0.0,0.5003,0.0,0.0,0.5
50.2541,0.511716380694812,0.4918794822332675,0.5027444266192475,-0.4934054744222234,-0.027,0.0,10.1681,0.0,0.0,1.0,0.0,0.0,0.0,0.0,0.5003,0.0,0.0,0.5
50.2742,0.5125763389908123,0.4912141998349813,0.5028722757772471,-0.49304521176243793,-0.027,0.0,10.0784,0.0,0.0,1.0,0.0,0.0,0.0,0.0,0.5003,0.0,0.0,0.5
50.2943,0.5136620393551885,0.4903464914771543,0.5030422452882508,-0.4926054476727487,-0.027,0.0,9.99,0.0,0.0,1.0,0.0,0.0,0.0,0.0,0.5003,0.0,0.0,0.5
50.3144,0.5148228208187366,0.48961527026399504,0.5031650286746883,-0.4919952278298586,-0.027,0.0,10.0325,0.0,0.0,1.0,0.0,0.0,0.0,0.0,0.5003,0.0,0.0,0.0
50.3345,0.5157559118393837,0.4891444520151718,0.5033656977466409,-0.4912804889241386,-0.027,0.0,9.9982,0.0,0.0,1.0,0.0,0.0,0.0,0.0,0.4868,0.0,0.0,0.0
50.3546,0.5164939179044782,0.48878411756174345,0.5033105371286194,-0.4909201792576577,0.027,0.0,10.1642,0.0,0.0,1.0,0.0,0.0,0.0,0.0,0.3651,0.0,0.0,0.0
50.3747,0.5165428181081412,0.4888327205751736,0.5027487695563639,-0.4913957295963572,0.0,0.0,9.5272,0.0,0.0,1.0,0.0,0.0,0.0,0.0,0.3381,0.0,0.0,0.0
50.3948,0.5162434609855272,0.48951002283715267,0.5025102359044804,-0.49128005184708873,0.0406,0.0,11.1805,0.0,0.0,1.0,0.0,0.0,0.0,0.0,0.311,0.0,0.0,0.0
50.4149,0.5159858564941536,0.49029011263723776,0.5027419885131064,-0.4905351101950269,0.0135,0.0,11.5234,0.0,0.0,1.0,0.0,0.0,0.0,0.0,0.284,0.0,0.0,0.0
50.435,0.515016157187241,0.49121210370203156,0.5036631316781847,-0.48968610027326204,0.027,0.0,8.8038,0.0,0.0,1.0,0.0,0.0,0.0,0.0,0.1758,0.0,0.0,0.0
50.455,0.515456031459043,0.49061435523267016,0.5052627539832805,-0.48817228875608704,0.0,0.0,9.104,0.0,0.0,1.0,0.0,0.0,0.0,0.0,0.1893,0.0,0.0,0.0
50.4751,0.5158622296528957,0.48992257009359647,0.5068903474028561,-0.4867486117496792,-0.0135,0.0,10.233,0.0,0.0,1.0,0.0,0.0,0.0,0.0,0.1893,0.0,0.0,0.0
50.4952,0.5160057565008914,0.48957700070320187,0.5076435173613321,-0.4861589029539776,-0.027,0.0,11.0691,0.0,0.0,1.0,0.0,0.0,0.0,0.0,0.1082,0.0,0.0,0.0
50.5153,0.516298544720468,0.48858840814338006,0.5084255059160143,-0.4860253955108621,-0.0406,0.0,8.3101,0.0,0.0,1.0,0.0,0.0,0.0,0.0,0.0811,0.0,0.0,0.0
50.5354,0.5164751172595077,0.48797233153685915,0.5087851750707149,-0.4860803457603708,-0.0541,0.0,8.9144,0.0,0.0,1.0,0.0,0.0,0.0,0.0,0.0676,0.0,0.0,0.0
50.5555,0.5168475020463035,0.48742841654946256,0.5091564796948911,-0.48584141193735864,-0.0135,0.0,11.0454,0.0,0.0,1.0,0.0,0.0,0.0,0.0,-0.0406,0.0,0.0,0.0
50.5756,0.517095007642885,0.48688171505181854,0.50983193730598,-0.4854177008740368,-0.0406,0.0,11.3748,0.0,0.0,1.0,0.0,0.0,0.0,0.0,-0.0406,0.0,0.0,0.0
50.5956,0.5159918249771611,0.4872447790158586,0.5103158159022542,-0.48571877657605805,0.0135,0.0,11.0778,0.0,0.0,1.0,0.0,0.0,0.0,0.0,-0.027,0.0,0.0,0.0
50.6157,0.5162328155099681,0.48571594464511436,0.511472835652292,-0.48577694438698804,-0.0541,0.0,11.6503,0.0,0.0,1.0,0.0,0.0,0.0,0.0,-0.0135,0.0,0.0,0.0
50.6358,0.5159398606421699,0.48591028671697906,0.512094787155129,-0.4852382738734702,0.0135,0.0,11.4522,0.0,0.0,1.0,0.0,0.0,0.0,0.0,-0.027,0.0,0.0,0.0
50.6559,0.5161123029533875,0.48559534416872485,0.5126333076520198,-0.4848013452410774,-0.027,0.0,10.1092,0.0,0.0,1.0,0.0,0.0,0.0,0.0,-0.0135,0.0,0.0,0.0
50.676,0.5154382797525944,0.4857754938478733,0.5135462934082687,-0.4843715039813653,0.0135,0.0,12.2974,0.0,0.0,1.0,0.0,0.0,0.0,0.0,0.0676,0.0,0.0,0.0
50.6961,0.5154382797525944,0.4857754938478733,0.5135462934082687,-0.4843715039813653,0.0135,0.0,12.2974,0.0,0.0,1.0,0.0,0.0,0.0,0.0,-0.027,0.0,0.0,0.0
50.7161,0.5145778944348413,0.4860143998719454,0.5137849084668964,-0.4847934214774177,0.0,0.0,9.352,0.0,0.0,1.0,0.0,0.0,0.0,0.0,0.0676,0.0,0.0,0.0
50.7362,0.5136055519996037,0.4871168329750548,0.5134225539407306,-0.4851018543486642,0.0406,0.0,10.5294,0.0,0.0,1.0,0.0,0.0,0.0,0.0,-0.027,0.0,0.0,0.0
50.7563,0.5135585043196129,0.4863970545370699,0.5146565225023468,-0.4845660242159538,-0.0135,0.0,11.0116,0.0,0.0,1.0,0.0,0.0,0.0,0.0,0.0811,0.0,0.0,0.0
50.7764,0.5126880199398315,0.4866873739291319,0.514457995842256,-0.48540639136924185,0.0,0.0,12.766,0.0,0.0,1.0,0.0,0.0,0.0,0.0,-0.0406,0.0,0.0,0.0
50.7965,0.5141037936117183,0.48529552499737266,0.5163008140971986,-0.4833415067776967,0.0,0.0,9.5344,0.0,0.0,1.0,0.0,0.0,0.0,0.0,0.0406,0.0,0.0,0.0
50.8166,0.5138105360725777,0.48567263050444304,0.5149095714430644,-0.4847566010236737,-0.027,0.0,9.9269,0.0,0.0,1.0,0.0,0.0,0.0,0.0,-0.0406,0.0,0.0,0.0
50.8367,0.5149564701774434,0.4838893211524766,0.5165434777901071,-0.48358431968942545,0.0947,0.0,9.2646,0.0,0.0,1.0,0.0,0.0,0.0,0.0,-0.027,0.0,0.0,0.0
50.8568,0.5153892145186354,0.48432171935010854,0.5158162213244731,-0.4834667057224944,-0.0811,0.0,8.6544,0.0,0.0,1.0,0.0,0.0,0.0,0.0,0.1082,0.0,0.0,0.0
50.8768,0.5153318990390966,0.48395917464133476,0.5165529272326981,-0.4831041548988867,0.0406,0.0,13.1742,0.0,0.0,1.0,0.0,0.0,0.0,0.0,-0.0676,0.0,0.0,0.0
50.8969,0.5160450158393167,0.4829034643775519,0.5160450158393168,-0.48394145032943514,-0.0811,0.0,9.792,0.0,0.0,1.0,0.0,0.0,0.0,0.0,0.0811,0.0,0.0,0.0
50.917,0.5158003392450532,0.4833298215027418,0.5163493310913324,-0.4834518196908039,0.027,0.0,11.3157,0.0,0.0,1.0,0.0,0.0,0.0,0.0,-0.0676,0.0,0.0,0.0
50.9371,0.517272090554218,0.48211615236389277,0.5170890908759606,-0.48229915204215046,-0.0135,0.0,8.3572,0.0,0.0,1.0,0.0,0.0,0.0,0.0,0.027,0.0,0.0,0.0
50.9572,0.5173308831606579,0.48211409533641103,0.5171478842631982,-0.48217509496889766,-0.027,0.0,10.0694,0.0,0.0,1.0,0.0,0.0,0.0,0.0,-0.027,0.0,0.0,0.0
50.9773,0.5187906919980411,0.48046130581131935,0.5183636988359819,-0.48094929799653013,0.027,0.0,8.8206,0.0,0.0,1.0,0.0,0.0,0.0,0.0,0.027,0.0,0.0,0.0
50.9974,0.5197695832882353,0.4799139986380772,0.5172066099979316,-0.4816839801924424,-0.0406,0.0,10.6515,0.0,0.0,1.0,0.0,0.0,0.0,0.0,-0.0135,0.0,0.0,0.0
51.0175,0.5211070295608046,0.4787499212702895,0.518361087368875,-0.4801538917136506,0.0811,0.0,9.115,0.0,0.0,1.0,0.0,0.0,0.0,0.0,-0.027,0.0,0.0,0.0
51.0376,0.5234327893022445,0.4774122474300865,0.51848883851856,-0.47881623345360863,-0.0947,0.0,9.8989,0.0,0.0,1.0,0.0,0.0,0.0,0.0,0.0406,0.0,0.0,0.0
51.0577,0.5252086178794159,0.47552555942999575,0.5203866122065882,-0.4766855607946745,0.027,0.0,11.4822,0.0,0.0,1.0,0.0,0.0,0.0,0.0,-0.0811,0.0,0.0,0.0
51.0778,0.5278904566982681,0.4727757222332817,0.5219094855137434,-0.47478971253016067,-0.0406,0.0,8.1818,0.0,0.0,1.0,0.0,0.0,0.0,0.0,0.027,0.0,0.0,0.0
51.0978,0.5299776282662895,0.471016557102407,0.5243015251467814,-0.47156656709460737,-0.0135,0.0,9.4644,0.0,0.0,1.0,0.0,0.0,0.0,0.0,0.0406,0.0,0.0,0.0
51.1179,0.5334029316125911,0.4677878488172103,0.5264447107403517,-0.4685208720852977,0.0,0.0,9.204,0.0,0.0,1.0,0.0,0.0,0.0,0.0,-0.0406,0.0,0.0,0.0
51.138,0.535819558727924,0.46617965583115234,0.5268467000858492,-0.466911644299446,-0.0541,0.0,12.1957,0.0,0.0,1.0,0.0,0.0,0.0,0.0,0.027,0.0,0.0,0.0
51.1581,0.5384023003895398,0.46314472082726044,0.5283310890074346,-0.4652807656601645,0.0,0.0,10.7982,0.0,0.0,1.0,0.0,0.0,0.0,0.0,0.027,0.0,0.0,0.0
51.1782,0.5417482682215301,0.45861822706354555,0.5305792626917152,-0.46331822939053374,0.0135,0.0,10.5772,0.0,0.0,1.0,0.0,0.0,0.0,0.0,-0.0406,0.0,0.0,0.0
51.1983,0.5436286920140107,0.45586251763264474,0.5329479141841937,-0.46111140845079934,-0.027,0.0,11.1646,0.0,0.0,1.0,0.0,0.0,0.0,0.0,0.027,0.0,0.0,0.0
51.2184,0.5454754142809243,0.45251866202480495,0.5358933367375905,-0.4588047128949153,0.0406,0.0,10.4887,0.0,0.0,1.0,0.0,0.0,0.0,0.0,0.027,0.0,0.0,0.0
51.2385,0.5472366071094233,0.4493983924965217,0.5380816805997378,-0.45721032978692727,0.027,0.0,11.8247,0.0,0.0,1.0,0.0,0.0,0.0,0.0,-0.027,0.0,0.0,0.0
51.2585,0.5485162376057695,0.4470154889599318,0.5398493444557482,-0.45592737908950276,0.0,0.0,9.8289,0.0,0.0,1.0,0.0,0.0,0.0,0.0,0.0135,0.0,0.0,0.0
51.2786,0.5505380951221089,0.44427588374691407,0.5413830769110842,-0.45434690378003606,-0.0135,0.0,10.4058,0.0,0.0,1.0,0.0,0.0,0.0,0.0,0.0,0.0,0.0,0.0
51.2988,0.5523030709241301,0.44115886160238954,0.5435141334485011,-0.4526947795360404,-0.0135,0.0,9.7348,0.0,0.0,1.0,0.0,0.0,0.0,0.0,0.0135,0.0,0.0,0.0
51.3189,0.5539125389993546,0.4375756452987331,0.5462222816127336,-0.45094309269625754,-0.0135,0.0,9.483,0.0,0.0,1.0,0.0,0.0,0.0,0.0,0.0135,0.0,0.0,0.0
51.339,0.5558429456288061,0.4340178342327296,0.5490679950459387,-0.44854372827948,-0.0135,0.0,9.7454,0.0,0.0,1.0,0.0,0.0,0.0,0.0,0.0135,0.0,0.0,0.0
51.3592,0.5577416373413897,0.4301170338547095,0.5521876110785786,-0.44610810947023255,-0.0135,0.0,9.7564,0.0,0.0,1.0,0.0,0.0,0.0,0.0,0.0135,0.0,0.0,0.0
51.3793,0.5596225411702731,0.42632455600147895,0.5545566177429279,-0.44445128201164197,-0.0135,0.0,9.7704,0.0,0.0,1.0,0.0,0.0,0.0,0.0,0.0135,0.0,0.0,0.0
51.3994,0.5617067063799727,0.4228517789633816,0.5560297093475002,-0.4432977682756832,-0.0135,0.0,9.8775,0.0,0.0,1.0,0.0,0.0,0.0,0.0,0.0135,0.0,0.0,0.0
51.4194,0.563981369931064,0.41938517293112154,0.5567791608821983,-0.44276185145462665,-0.0135,0.0,9.8804,0.0,0.0,1.0,0.0,0.0,0.0,0.0,0.0135,0.0,0.0,0.0
51.4395,0.5657380464023548,0.41681124445706735,0.5571320000602712,-0.4425073828263657,-0.0135,0.0,9.9317,0.0,0.0,1.0,0.0,0.0,0.0,0.0,0.0135,0.0,0.0,0.0
51.4596,0.5665933604374079,0.41510319458649564,0.557682291858848,-0.44232540408549254,-0.0135,0.0,9.7947,0.0,0.0,1.0,0.0,0.0,0.0,0.0,0.0135,0.0,0.0,0.0
51.4797,0.5667027227081088,0.41405595227543657,0.5586468403727802,-0.4419495448600521,-0.0135,0.0,9.8781,0.0,0.0,1.0,0.0,0.0,0.0,0.0,0.0135,0.0,0.0,0.0
51.4997,0.5669677848010356,0.4132775902485187,0.5595206300069895,-0.44123217130300646,-0.0135,0.0,9.9523,0.0,0.0,1.0,0.0,0.0,0.0,0.0,0.0135,0.0,0.0,0.0
51.5198,0.5676226925652799,0.41247286992788634,0.5597487523170905,-0.4408536545588063,-0.0135,0.0,10.0898,0.0,0.0,1.0,0.0,0.0,0.0,0.0,0.0135,0.0,0.0,0.0
51.5399,0.5685537696064346,0.4115685198617238,0.5594595813480457,-0.44086612635017985,-0.0135,0.0,10.157,0.0,0.0,1.0,0.0,0.0,0.0,0.0,0.0135,0.0,0.0,0.0
51.5599,0.5697054065927187,0.4103414536649855,0.5591463434540734,-0.44092063651531566,-0.0135,0.0,10.1888,0.0,0.0,1.0,0.0,0.0,0.0,0.0,0.0135,0.0,0.0,0.0
51.58,0.5707283204201165,0.40892763156484685,0.5594365514987443,-0.4405429845774313,-0.0135,0.0,10.1866,0.0,0.0,1.0,0.0,0.0,0.0,0.0,0.0135,0.0,0.0,0.0
51.6001,0.5722854999886056,0.4069348658506065,0.5603830944274426,-0.4391629639870201,-0.0135,0.0,10.1466,0.0,0.0,1.0,0.0,0.0,0.0,0.0,0.0135,0.0,0.0,0.0
51.6202,0.5737737694881804,0.40538311976366054,0.5607731825557801,-0.4381570784367951,-0.0135,0.0,10.0705,0.0,0.0,1.0,0.0,0.0,0.0,0.0,0.0135,0.0,0.0,0.0
51.6402,0.5737737694881804,0.40538311976366054,0.5607731825557801,-0.4381570784367951,-0.0135,0.0,10.0705,0.0,0.0,1.0,0.0,0.0,0.0,0.0,0.0135,0.0,0.0,0.0
51.6603,0.5751781966841893,0.40373620520840414,0.5611406067798046,-0.4373652227667789,-0.0135,0.0,9.8854,0.0,0.0,1.0,0.0,0.0,0.0,0.0,0.0135,0.0,0.0,0.0
51.6804,0.5765518497426084,0.4021706608139222,0.5615974905138136,-0.43641148333591895,-0.0135,0.0,9.9194,0.0,0.0,1.0,0.0,0.0,0.0,0.0,0.0135,0.0,0.0,0.0
51.7004,0.5777679785913736,0.401007231705814,0.5620817348250556,-0.4352487638237858,-0.0135,0.0,10.0294,0.0,0.0,1.0,0.0,0.0,0.0,0.0,0.0135,0.0,0.0,0.0
51.7205,0.5794907571839047,0.39900266923546174,0.5633761243460925,-0.43312200913619914,-0.0135,0.0,9.8409,0.0,0.0,1.0,0.0,0.0,0.0,0.0,0.0135,0.0,0.0,0.0
51.7406,0.5799669287776484,0.3982005036084774,0.5639756274408516,-0.4324421488510052,-0.0135,0.0,9.8023,0.0,0.0,1.0,0.0,0.0,0.0,0.0,0.0135,0.0,0.0,0.0
51.7606,0.5802028615603173,0.3977069614905996,0.5642727829931752,-0.43219213157144687,-0.0135,0.0,9.9232,0.0,0.0,1.0,0.0,0.0,0.0,0.0,0.0135,0.0,0.0,0.0
51.7807,0.5803780867749672,0.39721363736445087,0.5646312200809989,-0.4319423433665355,-0.0135,0.0,9.8799,0.0,0.0,1.0,0.0,0.0,0.0,0.0,0.0135,0.0,0.0,0.0
51.8008,0.5803228059778266,0.3968515511648816,0.5651257848715356,-0.43170259956754986,-0.0135,0.0,9.7312,0.0,0.0,1.0,0.0,0.0,0.0,0.0,0.0135,0.0,0.0,0.0
51.8208,0.5797089954867867,0.3972149413161619,0.5655490688747917,-0.43163876290453207,-0.0135,0.0,9.7426,0.0,0.0,1.0,0.0,0.0,0.0,0.0,0.0135,0.0,0.0,0.0
51.8409,0.5784442259402585,0.3983857976819604,0.5658709167191829,-0.4318346203039714,-0.0135,0.0,10.0524,0.0,0.0,1.0,0.0,0.0,0.0,0.0,0.0135,0.0,0.0,0.0
51.861,0.5768262542630875,0.4000733855431154,0.5660235678738895,-0.43223845176499304,-0.0135,0.0,10.2843,0.0,0.0,1.0,0.0,0.0,0.0,0.0,0.0135,0.0,0.0,0.0
51.8811,0.5750191787489816,0.4020440192640532,0.5659860659763098,-0.4328664040619376,-0.0135,0.0,10.1885,0.0,0.0,1.0,0.0,0.0,0.0,0.0,0.0,0.0,0.0,0.0
51.9011,0.573360685752604,0.40362266690426113,0.5660367280879234,-0.43353049402540733,-0.0135,0.0,10.0002,0.0,0.0,1.0,0.0,0.0,0.0,0.0,0.0,0.0,0.0,0.0
51.9212,0.5719625823631245,0.40509182895565765,0.5661645561855222,-0.4338399587510546,-0.0135,0.0,10.1609,0.0,0.0,1.0,0.0,0.0,0.0,0.0,0.0,0.0,0.0,0.0
51.9413,0.5706221327463329,0.40667994539057706,0.5664711026823848,-0.43371914122268923,-0.0135,0.0,10.3982,0.0,0.0,1.0,0.0,0.0,0.0,0.0,0.0,0.0,0.0,0.0
51.9613,0.5693741893654072,0.408064651851739,0.5669332871543998,-0.4334546346619348,-0.0135,0.0,10.3206,0.0,0.0,1.0,0.0,0.0,0.0,0.0,0.0,0.0,0.0,0.0
51.9814,0.5680576668431042,0.40912164090242115,0.5675696636930175,-0.4333527973158524,-0.0135,0.0,10.0631,0.0,0.0,1.0,0.0,0.0,0.0,0.0,0.0,0.0,0.0,0.0
52.0015,0.5666587029177222,0.41016229939807874,0.5683067282285993,-0.4332346537503556,-0.0135,0.0,9.8889,0.0,0.0,1.0,0.0,0.0,0.0,0.0,0.0,0.0,0.0,0.0
52.0215,0.5652591802990242,0.4113858646111728,0.5688602578956444,-0.43317633415584234,-0.0135,0.0,9.9227,0.0,0.0,1.0,0.0,0.0,0.0,0.0,0.0,0.0,0.0,0.0
52.0416,0.5652591802990242,0.4113858646111728,0.5688602578956444,-0.43317633415584234,-0.0135,0.0,9.9227,0.0,0.0,1.0,0.0,0.0,0.0,0.0,0.0,0.0,0.0,0.0
52.0617,0.5632957135523882,0.4133319911353568,0.5692167420756322,-0.4334130878715945,-0.0135,0.0,9.9206,0.0,0.0,1.0,0.0,0.0,0.0,0.0,0.0,0.0,0.0,0.0
52.0817,0.5620130705389718,0.4145517896504011,0.569459084722358,-0.433594825924135,-0.0135,0.0,9.7247,0.0,0.0,1.0,0.0,0.0,0.0,0.0,0.0,0.0,0.0,0.0
52.1018,0.560865879285305,0.4157202874870627,0.5697770998039292,-0.4335437285490577,-0.0135,0.0,9.7954,0.0,0.0,1.0,0.0,0.0,0.0,0.0,0.0,0.0,0.0,0.0
52.1219,0.5600059237075534,0.4169979002401081,0.5698320627408187,-0.43335613169809234,-0.0135,0.0,9.9948,0.0,0.0,1.0,0.0,0.0,0.0,0.0,0.0,0.0,0.0,0.0
52.1419,0.559388548521102,0.41827515788553415,0.5694595764001126,-0.43341219978848156,-0.0135,0.0,10.0685,0.0,0.0,1.0,0.0,0.0,0.0,0.0,0.0,0.0,0.0,0.0
52.162,0.5589517891647254,0.41930584052211123,0.568717645707202,-0.4339536253505156,-0.0135,0.0,9.8391,0.0,0.0,1.0,0.0,0.0,0.0,0.0,0.0,0.0,0.0,0.0
52.1821,0.5586513811543857,0.42028527746572464,0.5678673214551417,-0.43450618534517893,-0.0135,0.0,9.7248,0.0,0.0,1.0,0.0,0.0,0.0,0.0,0.0,0.0,0.0,0.0
52.2022,0.5585386200868777,0.42139124009243706,0.5667777029895816,-0.4350023770494343,-0.0135,0.0,9.8445,0.0,0.0,1.0,0.0,0.0,0.0,0.0,0.0,0.0,0.0,0.0
52.2222,0.5586033808416417,0.42243109404800194,0.565561497691977,-0.43549331340688086,-0.0135,0.0,9.9548,0.0,0.0,1.0,0.0,0.0,0.0,0.0,0.0,0.0,0.0,0.0
52.2423,0.5587886063174661,0.4234097944321643,0.5642207191451531,-0.436044056852083,-0.0135,0.0,9.8768,0.0,0.0,1.0,0.0,0.0,0.0,0.0,0.0,0.0,0.0,0.0
52.2624,0.5588504782195695,0.4244474772197982,0.5630005708843691,-0.4365327470641602,-0.0135,0.0,9.7605,0.0,0.0,1.0,0.0,0.0,0.0,0.0,0.0,0.0,0.0,0.0
52.2824,0.5587922132105433,0.4258535939346182,0.5616612913216702,-0.4369628963872173,-0.0135,0.0,9.9076,0.0,0.0,1.0,0.0,0.0,0.0,0.0,0.0,0.0,0.0,0.0
52.3025,0.5586004859864412,0.4274339629940502,0.5603705065383912,-0.4373220778063003,-0.0135,0.0,9.8986,0.0,0.0,1.0,0.0,0.0,0.0,0.0,0.0,0.0,0.0,0.0
52.3226,0.5582969904271555,0.429083141099883,0.5590290009037953,-0.43781126601806747,-0.0135,0.0,9.8204,0.0,0.0,1.0,0.0,0.0,0.0,0.0,0.0,0.0,0.0,0.0
52.3426,0.5579315493134028,0.4306713711836193,0.5579315493134029,-0.4381174986282938,-0.0135,0.0,9.7815,0.0,0.0,1.0,0.0,0.0,0.0,0.0,0.0,0.0,0.0,0.0
52.3627,0.5576214317535308,0.4323154358712744,0.5568284254510321,-0.4382964834062633,-0.0135,0.0,9.8987,0.0,0.0,1.0,0.0,0.0,0.0,0.0,0.0,0.0,0.0,0.0
52.3828,0.5574494249925768,0.4337890032272968,0.5555573726382426,-0.4386721383468603,-0.0135,0.0,10.0201,0.0,0.0,1.0,0.0,0.0,0.0,0.0,0.0,0.0,0.0,0.0
52.4029,0.5573034111930206,0.4352962914894267,0.5540074619881009,-0.4393242294134003,-0.0135,0.0,9.9848,0.0,0.0,1.0,0.0,0.0,0.0,0.0,0.0,0.0,0.0,0.0
52.423,0.5570625566839729,0.4367027327755098,0.5526066002251854,-0.43999770057885457,-0.0135,0.0,9.8594,0.0,0.0,1.0,0.0,0.0,0.0,0.0,0.0,0.0,0.0,0.0
52.443,0.5566441517612304,0.4382344813167328,0.5512731213500506,-0.4406764951435996,-0.0135,0.0,9.9298,0.0,0.0,1.0,0.0,0.0,0.0,0.0,0.0,0.0,0.0,0.0
52.4631,0.5562003546533653,0.439748002225145,0.5500364947901775,-0.44127396753196285,-0.0135,0.0,10.0469,0.0,0.0,1.0,0.0,0.0,0.0,0.0,0.0,0.0,0.0,0.0
52.4832,0.5558531969030428,0.4410449169683707,0.5488951193312445,-0.44183792580919223,-0.0135,0.0,10.0469,0.0,0.0,1.0,0.0,0.0,0.0,0.0,0.0,0.0,0.0,0.0
52.5032,0.555484989488912,0.44220317589980007,0.5477949342589947,-0.4425081780903235,-0.0135,0.0,9.9653,0.0,0.0,1.0,0.0,0.0,0.0,0.0,0.0,0.0,0.0,0.0
52.5233,0.5551158393507718,0.443359670372299,0.5466928266149396,-0.4431766700955976,-0.0135,0.0,9.9476,0.0,0.0,1.0,0.0,0.0,0.0,0.0,0.0,0.0,0.0,0.0
52.5434,0.5546850242387564,0.44439461592215895,0.5458950713948898,-0.44366261984915456,-0.0135,0.0,9.9907,0.0,0.0,1.0,0.0,0.0,0.0,0.0,0.0,0.0,0.0,0.0
52.5635,0.5537109423047071,0.44531195359961007,0.5458369431251582,-0.44403095373308715,-0.0135,0.0,9.9966,0.0,0.0,1.0,0.0,0.0,0.0,0.0,0.0,0.0,0.0,0.0
52.5835,0.5529111040752117,0.44610124303390275,0.5457091808723629,-0.44439226125749776,-0.0135,0.0,9.9159,0.0,0.0,1.0,0.0,0.0,0.0,0.0,0.0,0.0,0.0,0.0
52.6036,0.5520506656545877,0.4468890152579861,0.545641808846252,-0.4447530629810935,-0.0135,0.0,9.8768,0.0,0.0,1.0,0.0,0.0,0.0,0.0,0.0,0.0,0.0,0.0
52.6237,0.5511243738055579,0.447613623398711,0.5456925968050267,-0.4451107261541733,-0.0135,0.0,9.8834,0.0,0.0,1.0,0.0,0.0,0.0,0.0,0.0,0.0,0.0,0.0
52.6437,0.5502131206374321,0.4482266200816451,0.5457572735301022,-0.4455417122083999,-0.0135,0.0,9.8909,0.0,0.0,1.0,0.0,0.0,0.0,0.0,0.0,0.0,0.0,0.0
52.6638,0.5493157656207458,0.44872980853824973,0.5458367671051472,-0.4460448096838715,-0.0135,0.0,9.852,0.0,0.0,1.0,0.0,0.0,0.0,0.0,0.0,0.0,0.0,0.0
52.6839,0.5484538682354206,0.4491513405648614,0.5460129044268748,-0.44646538038880496,-0.0135,0.0,9.8597,0.0,0.0,1.0,0.0,0.0,0.0,0.0,0.0,0.0,0.0,0.0
52.7039,0.5476756553824843,0.4494082818061293,0.5462726357711477,-0.4468442459661667,-0.0135,0.0,9.8682,0.0,0.0,1.0,0.0,0.0,0.0,0.0,0.0,0.0,0.0,0.0
52.724,0.5469914019643866,0.44945840013952376,0.5466254057100763,-0.44720042324817777,-0.0135,0.0,9.8686,0.0,0.0,1.0,0.0,0.0,0.0,0.0,0.0,0.0,0.0,0.0
52.7441,0.5463862771284284,0.44952340527845575,0.5468742764828031,-0.44757040786228053,-0.0135,0.0,9.8682,0.0,0.0,1.0,0.0,0.0,0.0,0.0,0.0,0.0,0.0,0.0
52.7641,0.5458263073701011,0.44951519408584845,0.5470472834514201,-0.4480502227843479,-0.0135,0.0,9.821,0.0,0.0,1.0,0.0,0.0,0.0,0.0,0.0,0.0,0.0,0.0
52.7842,0.5453823637232552,0.44937922851058526,0.5472132709453034,-0.44852427183398713,-0.0135,0.0,9.8207,0.0,0.0,1.0,0.0,0.0,0.0,0.0,0.0,0.0,0.0,0.0
52.8043,0.5449827368676836,0.44915778313454735,0.5474237356891039,-0.44897478322290474,-0.0135,0.0,9.7547,0.0,0.0,1.0,0.0,0.0,0.0,0.0,0.0,0.0,0.0,0.0
52.8243,0.544741641358935,0.4489161767176665,0.5476096552654434,-0.44928217849234653,-0.0135,0.0,9.9111,0.0,0.0,1.0,0.0,0.0,0.0,0.0,0.0,0.0,0.0,0.0
52.8444,0.5446079291430571,0.4486615272029448,0.5476588783271911,-0.449638510930542,-0.0135,0.0,9.9418,0.0,0.0,1.0,0.0,0.0,0.0,0.0,0.0,0.0,0.0,0.0
52.8645,0.5445646937035606,0.44824915607407007,0.5476767433858807,-0.4500801853055381,-0.0135,0.0,9.8909,0.0,0.0,1.0,0.0,0.0,0.0,0.0,0.0,0.0,0.0,0.0
52.8846,0.5446301526025672,0.44776481334297286,0.5478042292552618,-0.4503278752399031,-0.0135,0.0,9.8055,0.0,0.0,1.0,0.0,0.0,0.0,0.0,0.0,0.0,0.0,0.0
52.9046,0.5446776396171547,0.44732670402884445,0.5479736374363767,-0.4504997019294486,-0.0135,0.0,9.8445,0.0,0.0,1.0,0.0,0.0,0.0,0.0,0.0,0.0,0.0,0.0
52.9247,0.5448620524985115,0.44683886314918825,0.5480360586296722,-0.4506848705784396,-0.0135,0.0,9.8947,0.0,0.0,1.0,0.0,0.0,0.0,0.0,0.0,0.0,0.0,0.0
52.9448,0.5450496805997814,0.4464156526192913,0.5480407117728134,-0.4508716990609596,-0.0135,0.0,9.9381,0.0,0.0,1.0,0.0,0.0,0.0,0.0,0.0,0.0,0.0,0.0
52.9648,0.5452189478568509,0.4459774135194877,0.5480879054862444,-0.45104333870265506,-0.0135,0.0,9.9418,0.0,0.0,1.0,0.0,0.0,0.0,0.0,0.0,0.0,0.0,0.0
52.9849,0.5454213156600725,0.4455662440027774,0.5481073713867056,-0.45118136049758206,-0.0135,0.0,10.0006,0.0,0.0,1.0,0.0,0.0,0.0,0.0,0.0,0.0,0.0,0.0
53.005,0.5457208768018086,0.44501179227791515,0.5481629030996934,-0.45129885998258334,-0.0135,0.0,10.0433,0.0,0.0,1.0,0.0,0.0,0.0,0.0,0.0,0.0,0.0,0.0
53.025,0.5461388727985305,0.44427164261478597,0.5481528575787369,-0.4515345877283108,-0.0135,0.0,9.9206,0.0,0.0,1.0,0.0,0.0,0.0,0.0,0.0,0.0,0.0,0.0
53.0451,0.5465592125426628,0.44359524474591605,0.5480851824245445,-0.4517730833396441,-0.0135,0.0,9.8318,0.0,0.0,1.0,0.0,0.0,0.0,0.0,0.0,0.0,0.0,0.0
53.0652,0.5471178864903972,0.44274809890670364,0.5481558843778348,-0.45184208039837853,-0.0135,0.0,9.8715,0.0,0.0,1.0,0.0,0.0,0.0,0.0,0.0,0.0,0.0,0.0
53.0852,0.547370706262546,0.4423282274020381,0.5482867191588077,-0.4517883605883217,-0.0135,0.0,9.985,0.0,0.0,1.0,0.0,0.0,0.0,0.0,0.0,0.0,0.0,0.0
53.1053,0.5476050711305205,0.44189344348633475,0.5484600681189019,-0.45171940887561673,-0.0135,0.0,9.7577,0.0,0.0,1.0,0.0,0.0,0.0,0.0,0.0,0.0,0.0,0.0
53.1254,0.5477910335513801,0.44146702703919394,0.5487670336111587,-0.45153802765602774,-0.0135,0.0,9.6887,0.0,0.0,1.0,0.0,0.0,0.0,0.0,0.0,0.0,0.0,0.0
53.1454,0.5479187801810357,0.44116665401665234,0.5490777924078488,-0.4512987609036842,-0.0135,0.0,9.7817,0.0,0.0,1.0,0.0,0.0,0.0,0.0,0.0,0.0,0.0,0.0
53.1655,0.54803130679549,0.44085402906737564,0.5493732977517602,-0.45110795996573255,-0.0135,0.0,9.86,0.0,0.0,1.0,0.0,0.0,0.0,0.0,0.0,0.0,0.0,0.0
53.1856,0.5482835203303292,0.4404946316634907,0.549504530396962,-0.4509927182150964,-0.0135,0.0,9.891,0.0,0.0,1.0,0.0,0.0,0.0,0.0,0.0,0.0,0.0,0.0
53.2056,0.5485887620385601,0.4401288205493073,0.5494427694517929,-0.45105391538486816,-0.0135,0.0,9.8445,0.0,0.0,1.0,0.0,0.0,0.0,0.0,0.0,0.0,0.0,0.0
53.2257,0.548836842213374,0.4398870869431205,0.5493858510583587,-0.45105726690391595,-0.0135,0.0,9.8485,0.0,0.0,1.0,0.0,0.0,0.0,0.0,0.0,0.0,0.0,0.0
53.2458,0.5490698906562541,0.43969531083698116,0.549313889718891,-0.45104826722270197,-0.0135,0.0,9.8879,0.0,0.0,1.0,0.0,0.0,0.0,0.0,0.0,0.0,0.0,0.0
53.2658,0.5492680312807432,0.4394024247398899,0.549390034175239,-0.45099969988306177,-0.0135,0.0,9.8166,0.0,0.0,1.0,0.0,0.0,0.0,0.0,0.0,0.0,0.0,0.0
53.286,0.5495589653710594,0.4391463741509494,0.5493139662781182,-0.45098733031224686,-0.0135,0.0,9.8055,0.0,0.0,1.0,0.0,0.0,0.0,0.0,0.0,0.0,0.0,0.0
53.3061,0.5498708132159777,0.4389078419173862,0.5491378067997104,-0.45105394823660083,-0.0135,0.0,9.8765,0.0,0.0,1.0,0.0,0.0,0.0,0.0,0.0,0.0,0.0,0.0
53.3262,0.5502140726696796,0.43876770386700026,0.5488711164265033,-0.45109630217088753,-0.0135,0.0,9.9585,0.0,0.0,1.0,0.0,0.0,0.0,0.0,0.0,0.0,0.0,0.0
53.3462,0.5505445586113644,0.43860502175582344,0.5486525326351036,-0.4511171935396371,-0.0135,0.0,9.9085,0.0,0.0,1.0,0.0,0.0,0.0,0.0,0.0,0.0,0.0,0.0
53.3663,0.5507388135941866,0.4385529812535723,0.5485417385406813,-0.45106540868618883,-0.0135,0.0,9.842,0.0,0.0,1.0,0.0,0.0,0.0,0.0,0.0,0.0,0.0,0.0
53.3864,0.5509031509050645,0.4385381201256938,0.5484011502197089,-0.45105012355302,-0.0135,0.0,9.9156,0.0,0.0,1.0,0.0,0.0,0.0,0.0,0.0,0.0,0.0,0.0
53.4064,0.5510290776660791,0.43866324614854535,0.5482220568938663,-0.45099233738495953,-0.0135,0.0,9.9653,0.0,0.0,1.0,0.0,0.0,0.0,0.0,0.0,0.0,0.0,0.0
53.4265,0.5512733651766649,0.43866267775934803,0.5479773450565381,-0.45099175302058675,-0.0135,0.0,9.9932,0.0,0.0,1.0,0.0,0.0,0.0,0.0,0.0,0.0,0.0,0.0
53.4466,0.5515127999588134,0.4385370457836755,0.5477898080597018,-0.4510490185587723,-0.0135,0.0,9.9206,0.0,0.0,1.0,0.0,0.0,0.0,0.0,0.0,0.0,0.0,0.0
53.4666,0.5518861194319337,0.4384208613047592,0.547552071375077,-0.450994000718432,-0.0135,0.0,9.9145,0.0,0.0,1.0,0.0,0.0,0.0,0.0,0.0,0.0,0.0,0.0
53.4867,0.552263121156107,0.4384295921107183,0.5472579659872396,-0.4508809781262163,-0.0135,0.0,9.9206,0.0,0.0,1.0,0.0,0.0,0.0,0.0,0.0,0.0,0.0,0.0
53.5068,0.5525648223304954,0.43854897024016015,0.5470106833944994,-0.4506952740782244,-0.0135,0.0,10.0259,0.0,0.0,1.0,0.0,0.0,0.0,0.0,0.0,0.0,0.0,0.0
53.5268,0.5528634096209903,0.4386658791156171,0.5468213286434302,-0.4504450369829925,-0.0135,0.0,10.0189,0.0,0.0,1.0,0.0,0.0,0.0,0.0,0.0,0.0,0.0,0.0
53.547,0.5531127004388949,0.4386692795249432,0.5467645661516923,-0.45020452353926016,-0.0135,0.0,9.9142,0.0,0.0,1.0,0.0,0.0,0.0,0.0,0.0,0.0,0.0,0.0
53.5671,0.5534006627732441,0.4387167688325397,0.5467477269369319,-0.4498246617033889,-0.0135,0.0,9.8704,0.0,0.0,1.0,0.0,0.0,0.0,0.0,0.0,0.0,0.0,0.0
53.5871,0.5537109444899269,0.4389039559994417,0.546630945199704,-0.4494019549470071,-0.0135,0.0,9.9907,0.0,0.0,1.0,0.0,0.0,0.0,0.0,0.0,0.0,0.0,0.0
53.6072,0.5539028483914497,0.4390940143631388,0.5465787313914118,-0.44904317329724275,-0.0135,0.0,9.9197,0.0,0.0,1.0,0.0,0.0,0.0,0.0,0.0,0.0,0.0,0.0
53.6273,0.5541335378061185,0.4392054632714008,0.5465655987474064,-0.44866538709479103,-0.0135,0.0,9.8413,0.0,0.0,1.0,0.0,0.0,0.0,0.0,0.0,0.0,0.0,0.0
53.6473,0.5544291567545678,0.43919803389891643,0.5466783502803142,-0.4481698098874348,-0.0135,0.0,9.8879,0.0,0.0,1.0,0.0,0.0,0.0,0.0,0.0,0.0,0.0,0.0
53.6674,0.554823280801538,0.43928051505504867,0.5466440850161777,-0.44764271522098387,-0.0135,0.0,10.0002,0.0,0.0,1.0,0.0,0.0,0.0,0.0,0.0,0.0,0.0,0.0
53.6875,0.5552401890922609,0.4393335233676648,0.5466341396623275,-0.44708556789251314,-0.0135,0.0,9.9653,0.0,0.0,1.0,0.0,0.0,0.0,0.0,0.0,0.0,0.0,0.0
53.7075,0.555660204191979,0.43932799887677854,0.5465662663141934,-0.4466519488456484,-0.0135,0.0,9.792,0.0,0.0,1.0,0.0,0.0,0.0,0.0,0.0,0.0,0.0,0.0
53.7276,0.5560342132957099,0.4393343290135739,0.5465741416129277,-0.44617038081309823,-0.0135,0.0,9.7537,0.0,0.0,1.0,0.0,0.0,0.0,0.0,0.0,0.0,0.0,0.0
53.7477,0.5563894742632456,0.4393258472698329,0.5466245887928602,-0.4456737728167871,-0.0135,0.0,9.8298,0.0,0.0,1.0,0.0,0.0,0.0,0.0,0.0,0.0,0.0,0.0
53.7677,0.5566463406272685,0.43939621569538834,0.5466972451727462,-0.4451942713236244,-0.0135,0.0,9.8711,0.0,0.0,1.0,0.0,0.0,0.0,0.0,0.0,0.0,0.0,0.0
53.7878,0.5569403606615392,0.4393265515683649,0.546808463252773,-0.44475849656682714,-0.0135,0.0,9.7866,0.0,0.0,1.0,0.0,0.0,0.0,0.0,0.0,0.0,0.0,0.0
53.8079,0.5571848186889132,0.43914391636174177,0.5470529129064047,-0.4443318681185179,-0.0135,0.0,9.792,0.0,0.0,1.0,0.0,0.0,0.0,0.0,0.0,0.0,0.0,0.0
53.828,0.5573719486698583,0.43896417201382965,0.5473009676660168,-0.44396916257328023,-0.0135,0.0,9.9267,0.0,0.0,1.0,0.0,0.0,0.0,0.0,0.0,0.0,0.0,0.0
53.848,0.5575086943250521,0.43873177675670844,0.5474374469406854,-0.4438589026965008,-0.0135,0.0,9.9616,0.0,0.0,1.0,0.0,0.0,0.0,0.0,0.0,0.0,0.0,0.0
53.8681,0.5576079536265107,0.4384088874570184,0.5476591150318658,-0.44377980032181263,-0.0135,0.0,9.9278,0.0,0.0,1.0,0.0,0.0,0.0,0.0,0.0,0.0,0.0,0.0
53.8882,0.5576683694033204,0.4380414352883833,0.5478425390894888,-0.44384033514487736,-0.0135,0.0,9.8389,0.0,0.0,1.0,0.0,0.0,0.0,0.0,0.0,0.0,0.0,0.0
53.9082,0.5576827496589284,0.4375647266406605,0.5481006680504881,-0.4439737812251414,-0.0135,0.0,9.8354,0.0,0.0,1.0,0.0,0.0,0.0,0.0,0.0,0.0,0.0,0.0
53.9283,0.5576818474542029,0.4370760153930239,0.5483437830307771,-0.4441560642383716,-0.0135,0.0,9.9134,0.0,0.0,1.0,0.0,0.0,0.0,0.0,0.0,0.0,0.0,0.0
53.9484,0.5576087400453874,0.4365775329015711,0.548575873850795,-0.4444514162643764,-0.0135,0.0,9.8706,0.0,0.0,1.0,0.0,0.0,0.0,0.0,0.0,0.0,0.0,0.0
53.9684,0.5574359649284487,0.43609753721774547,0.5488299345927065,-0.4448255679835322,-0.0135,0.0,9.835,0.0,0.0,1.0,0.0,0.0,0.0,0.0,0.0,0.0,0.0,0.0
