Time,F_Q0,F_Q1,F_Q2,F_Q3,F_M1,F_M2,F_ACC,Cmd_F1,Cmd_F2,B_Q0,B_Q1,B_Q2,B_Q3,B_M1,B_M2,B_ACC,Cmd_B1,Cmd_B2
0.0011,0.9999999367430061,4.0657581468206416e-20,-0.0001829999884239701,0.000304999980706655,0.0,0.0,9.8125,0.0,0.0,1.0,0.0,0.0,0.0,0.0,0.0,0.0,0.0,0.0
0.0212,0.9999999386035057,0.00012199999250962776,-0.00030499998127406913,0.00012199999250972482,0.0,0.0,9.8822,0.0,0.0,1.0,0.0,0.0,0.0,0.0,0.0,0.0,0.0,0.0
0.0413,0.9999999181380101,0.00012199999001283732,-0.00036599997003851175,0.00012199999001277773,0.0,0.0,9.8166,0.0,0.0,1.0,0.0,0.0,0.0,0.0,0.0,0.0,0.0,0.0
0.0614,0.9999999330220067,0.0002439999836573697,-0.0002439999836573696,0.00012199999182876954,0.0,0.0,9.7672,0.0,0.0,1.0,0.0,0.0,0.0,0.0,0.0,0.0,0.0,0.0
0.0814,0.9999999088355126,0.00018299998331689887,-0.0003659999666337976,0.00012199998887790775,0.0,0.0,9.8525,0.0,0.0,1.0,0.0,0.0,0.0,0.0,0.0,0.0,0.0,0.0
0.1015,0.9999999088355126,0.00018299998331689887,-0.0003659999666337976,0.00012199998887790775,0.0,0.0,9.836,0.0,0.0,1.0,0.0,0.0,0.0,0.0,0.0,0.0,0.0,0.0
0.1216,0.9999999088355126,0.00018299998331689887,-0.0003659999666337976,0.00012199998887790775,0.0,0.0,9.8401,0.0,0.0,1.0,0.0,0.0,0.0,0.0,0.0,0.0,0.0,0.0
0.1417,0.99999988464902,0.00018299997889077076,-0.0004269999507451316,0.00012199998592726803,0.0,0.0,9.883,0.0,0.0,1.0,0.0,0.0,0.0,0.0,0.0,0.0,0.0,0.0
0.1617,0.9999998567415308,0.0001829999737837002,-0.0004879999300898669,0.00012199998252249156,0.0,0.0,9.7893,0.0,0.0,1.0,0.0,0.0,0.0,0.0,0.0,0.0,0.0,0.0
0.1818,0.9999998716255247,0.00024399996867662804,-0.0004269999451840991,0.00012199998433826131,0.0,0.0,9.8053,0.0,0.0,1.0,0.0,0.0,0.0,0.0,0.0,0.0,0.0,0.0
0.2019,0.9999998492995341,0.0002439999632290864,-0.00048799992645817263,6.099999080722007e-05,0.0,0.0,9.7855,0.0,0.0,1.0,0.0,0.0,0.0,0.0,0.0,0.0,0.0,0.0
0.2219,0.9999998623230284,0.00018299997480511427,-0.0004879999328136378,6.099999160169567e-05,0.0,0.0,9.8598,0.0,0.0,1.0,0.0,0.0,0.0,0.0,0.0,0.0,0.0,0.0
0.242,0.9999998902305182,0.0001829999799121849,-0.0004269999531284313,6.099999330400063e-05,0.0,0.0,9.8244,0.0,0.0,1.0,0.0,0.0,0.0,0.0,0.0,0.0,0.0,0.0
0.2621,0.9999998772070227,0.0002439999700385136,-0.00042699994756739863,6.099999250969157e-05,0.0,0.0,9.8438,0.0,0.0,1.0,0.0,0.0,0.0,0.0,0.0,0.0,0.0,0.0
0.2822,0.9999998492995341,0.0002439999632290864,-0.00048799992645817263,6.099999080722007e-05,0.0,0.0,9.8438,0.0,0.0,1.0,0.0,0.0,0.0,0.0,0.0,0.0,0.0,0.0
0.3022,0.9999998492995341,0.0002439999632290864,-0.00048799992645817263,6.099999080722007e-05,0.0,0.0,9.8635,0.0,0.0,1.0,0.0,0.0,0.0,0.0,0.0,0.0,0.0,0.0
0.3223,0.9999998492995341,0.0002439999632290864,-0.00048799992645817263,6.099999080722007e-05,0.0,0.0,9.8675,0.0,0.0,1.0,0.0,0.0,0.0,0.0,0.0,0.0,0.0,0.0
0.3423,0.9999998492995341,0.0002439999632290864,-0.00048799992645817263,6.099999080722007e-05,0.0,0.0,9.8125,0.0,0.0,1.0,0.0,0.0,0.0,0.0,0.0,0.0,0.0,0.0
0.3624,0.9999998325550421,0.0003049999489292878,-0.0004879999182868604,6.09999897858704e-05,0.0,0.0,9.8563,0.0,0.0,1.0,0.0,0.0,0.0,0.0,0.0,0.0,0.0,0.0
0.3825,0.9999998492995341,0.0002439999632290864,-0.00048799992645817263,6.099999080722007e-05,0.0,0.0,9.8206,0.0,0.0,1.0,0.0,0.0,0.0,0.0,0.0,0.0,0.0,0.0
0.4025,0.9999998492995341,0.0002439999632290864,-0.00048799992645817263,6.099999080722007e-05,0.0,0.0,9.8673,0.0,0.0,1.0,0.0,0.0,0.0,0.0,0.0,0.0,0.0,0.0
0.4226,0.9999998641835277,0.00018299997514558566,-0.00048799993372156147,0.0,0.0,0.0,9.8206,0.0,0.0,1.0,0.0,0.0,0.0,0.0,0.0,0.0,0.0,0.0
0.4427,0.9999998325550421,0.0003049999489292878,-0.0004879999182868604,6.09999897858704e-05,0.0,0.0,9.8753,0.0,0.0,1.0,0.0,0.0,0.0,0.0,0.0,0.0,0.0,0.0
0.4628,0.9999998325550421,0.0003049999489292878,-0.0004879999182868604,6.09999897858704e-05,0.0,0.0,9.8753,0.0,0.0,1.0,0.0,0.0,0.0,0.0,0.0,0.0,0.0,0.0
0.4828,0.9999998325550421,0.0003049999489292878,-0.0004879999182868604,6.09999897858704e-05,0.0,0.0,9.8438,0.0,0.0,1.0,0.0,0.0,0.0,0.0,0.0,0.0,0.0,0.0
0.5029,0.9999998511600332,0.0002439999636830482,-0.00048799992736609616,0.0,0.0,0.0,9.8008,0.0,0.0,1.0,0.0,0.0,0.0,0.0,0.0,0.0,0.0,0.0
0.523,0.9999998511600332,0.0002439999636830482,-0.00048799992736609616,0.0,0.0,0.0,9.8673,0.0,0.0,1.0,0.0,0.0,0.0,0.0,0.0,0.0,0.0,0.0
0.543,0.999999879067522,0.00024399997049247542,-0.0004269999483618319,0.0,0.0,0.0,9.8913,0.0,0.0,1.0,0.0,0.0,0.0,0.0,0.0,0.0,0.0,0.0
0.5631,0.9999998920910176,0.00018299998025265624,-0.0004269999539228645,0.0,0.0,0.0,9.8362,0.0,0.0,1.0,0.0,0.0,0.0,0.0,0.0,0.0,0.0,0.0
0.5832,0.9999998920910176,0.00018299998025265624,-0.0004269999539228645,0.0,0.0,0.0,9.9855,0.0,0.0,1.0,0.0,0.0,0.0,0.0,0.0,0.0,0.0,0.0
0.6033,0.9999999311615071,6.0999995800851964e-05,-0.0003659999748051116,0.0,0.0,0.0,9.8055,0.0,0.0,1.0,0.0,0.0,0.0,0.0,0.0,0.0,0.0,0.0
0.6233,0.9999999516270035,5.421010862427522e-20,-0.0003049999852462361,-6.0999997049338006e-05,0.0,0.0,9.7894,0.0,0.0,1.0,0.0,0.0,0.0,0.0,0.0,0.0,0.0,0.0
0.6434,0.9999999237195087,-0.00024399998138756012,-0.00030499997673445024,0.0,0.0,0.0,10.1604,0.0,0.0,1.0,0.0,0.0,0.0,0.0,0.0,0.0,0.0,0.0
0.6635,0.99999981767105,-0.00042699992214553827,-0.0004269999221455385,0.0,0.0,0.0,9.4605,0.0,0.0,1.0,0.0,0.0,0.0,0.0,0.0,0.0,0.0,0.0
0.6836,0.9999997283671108,-0.0006709998177343313,-0.00030499991715196887,0.0,0.0,0.0,9.3962,0.0,0.0,1.0,0.0,0.0,0.0,0.0,0.0,0.0,0.0,0.0
0.7036,0.9999998027870584,-0.0005489998917300952,-0.0002439999518800424,-0.0001829999639099689,0.0,0.0,9.7822,0.0,0.0,1.0,0.0,0.0,0.0,0.0,0.0,0.0,0.0,0.0
0.7237,0.9999998697650254,-0.00036599995233399936,-0.0003049999602783329,-0.0001829999761670531,0.0,0.0,10.0622,0.0,0.0,1.0,0.0,0.0,0.0,0.0,0.0,0.0,0.0,0.0
0.7438,0.9999998697650254,-0.00036599995233399936,-0.0003049999602783329,-0.0001829999761670531,0.0,0.0,10.0622,0.0,0.0,1.0,0.0,0.0,0.0,0.0,0.0,0.0,0.0,0.0
0.7638,0.9999996669706663,-0.0006709997765373172,-0.00018299993905563207,-0.00042699985779648397,0.0,0.0,9.867,0.0,0.0,1.0,0.0,0.0,0.0,0.0,0.0,0.0,0.0,0.0
0.7839,0.9999995944112468,-0.0006709997278499465,-0.00024399990103634428,-0.000548999777331749,0.0,0.0,9.6839,0.0,0.0,1.0,0.0,0.0,0.0,0.0,0.0,0.0,0.0,0.0
0.804,0.9999996483656854,-0.0004879998284024544,-0.0003049998927515341,-0.0006099997855031347,0.0,0.0,10.0981,0.0,0.0,1.0,0.0,0.0,0.0,0.0,0.0,0.0,0.0,0.0
0.824,0.999999795345063,-0.0001829999625481465,-6.0999987516048856e-05,-0.0006099998751604163,0.0,0.0,9.9639,0.0,0.0,1.0,0.0,0.0,0.0,0.0,0.0,0.0,0.0,0.0
0.8441,0.9999997506930933,-0.00018299995437683604,-0.00012199996958455741,-0.0006709998327150135,0.0,0.0,9.6975,0.0,0.0,1.0,0.0,0.0,0.0,0.0,0.0,0.0,0.0,0.0
0.8642,0.9999997879030675,-0.00048799989649669706,0.0004269999094346098,6.0999987062160255e-05,0.0,0.0,9.9441,0.0,0.0,1.0,0.0,0.0,0.0,0.0,0.0,0.0,0.0,0.0
0.8842,0.9999981798554695,-0.0010989979996611611,0.0013429975555458954,0.0007929985566252907,0.0,0.0,10.1532,0.0,0.0,1.0,0.0,0.0,0.0,0.0,0.0,0.0,0.0,0.0
0.9043,0.9999975299961514,-0.0014039965321145972,0.0015869960801038925,0.0006709983426274048,0.0,0.0,9.8678,0.0,0.0,1.0,0.0,0.0,0.0,0.0,0.0,0.0,0.0,0.0
0.9244,0.9999962864616857,-0.0014649945596663704,0.002257991614830487,0.00042699841431914637,0.0,0.0,10.1999,0.0,0.0,1.0,0.0,0.0,0.0,0.0,0.0,0.0,0.0,0.0
0.9444,0.9999969948480465,-0.00042699871680011627,0.0023189930310526198,-0.0006709979835429758,0.0,0.0,10.0305,0.0,0.0,1.0,0.0,0.0,0.0,0.0,0.0,0.0,0.0,0.0
0.9645,0.9999927672754694,-0.00018299867641141123,0.001525988962862366,-0.003478974837351434,0.0,0.0,10.4309,0.0,0.0,1.0,0.0,0.0,0.0,0.0,-0.0135,0.0,0.0,0.0
0.9846,0.999980357838237,0.0012209760169204875,0.0007319856219375895,-0.006103880104244564,0.0,0.0,9.4313,0.0,0.0,1.0,0.0,0.0,0.0,0.0,-0.0135,0.0,0.0,0.0
1.0047,0.9999597491885764,0.00573711904535663,0.00012200253155543288,-0.0068971431158837415,0.0,0.0,10.1417,0.0,0.0,1.0,0.0,0.0,0.0,0.0,-0.0406,0.0,0.0,0.0
1.0247,0.9998945353376598,0.012451205906609811,0.0011600191833320535,-0.007385122128368282,0.0,0.0,10.9432,0.0,0.0,1.0,0.0,0.0,0.0,0.0,-0.0406,0.0,0.0,0.0
1.0449,0.9997676441431109,0.01983623102959397,0.003967046203589401,-0.0074460867234501515,-0.0541,0.0,12.1679,0.0,0.0,1.0,0.0,0.0,0.0,0.0,-0.0676,0.0,0.0,0.0
1.0649,0.9995958569507188,0.0264896057164085,0.007935181447381992,-0.0065921507373840615,0.0135,0.0,10.5415,0.0,0.0,1.0,0.0,0.0,0.0,0.0,-0.0541,0.0,0.0,0.0
1.085,0.9994102422270603,0.030701621835932894,0.014343290511474732,-0.0055541124939503805,-0.0135,0.0,12.6272,0.0,0.0,1.0,0.0,0.0,0.0,0.0,-0.0406,0.0,0.0,0.0
1.1051,0.9991130319419104,0.03668306592608144,0.02020358707007861,-0.004395127712369329,-0.0406,0.0,9.5759,0.0,0.0,1.0,0.0,0.0,0.0,0.0,-0.0406,0.0,0.0,0.0
1.1252,0.9987122458995185,0.04241875560349535,0.02758784105210472,-0.0036619789014357145,-0.027,0.0,11.953,0.0,0.0,1.0,0.0,0.0,0.0,0.0,-0.027,0.0,0.0,0.0
1.1453,0.9982567736346581,0.04724226705596393,0.03509594128678595,-0.004456119514857415,-0.0541,0.0,11.2638,0.0,0.0,1.0,0.0,0.0,0.0,0.0,-0.0541,0.0,0.0,0.0
1.1654,0.9976414583367899,0.05340714873793088,0.04284792161880921,-0.004822103718951087,-0.0541,0.0,8.9971,0.0,0.0,1.0,0.0,0.0,0.0,0.0,-0.0541,0.0,0.0,0.0
1.1855,0.996677805951135,0.060972397562430274,0.05377058683581529,-0.004943870068367773,-0.0541,0.0,8.8655,0.0,0.0,1.0,0.0,0.0,0.0,0.0,-0.0541,0.0,0.0,0.0
1.2056,0.9961194754911493,0.06451564997062126,0.05969352664609735,-0.00451711552403039,-0.0541,0.0,9.9146,0.0,0.0,1.0,0.0,0.0,0.0,0.0,-0.0541,0.0,0.0,0.0
1.2257,0.9954836022607932,0.06781004102461255,0.06634504013829702,-0.003540002141677157,-0.0541,0.0,10.4692,0.0,0.0,1.0,0.0,0.0,0.0,0.0,-0.0541,0.0,0.0,0.0
1.2458,0.9946688457556471,0.06927352671658754,0.07623137873959752,-0.004882896152394067,-0.0541,0.0,10.3218,0.0,0.0,1.0,0.0,0.0,0.0,0.0,-0.0541,0.0,0.0,0.0
1.2659,0.9941031472559545,0.06976462443869422,0.08282692858871966,-0.005615130745857676,-0.0541,0.0,9.3626,0.0,0.0,1.0,0.0,0.0,0.0,0.0,-0.0541,0.0,0.0,0.0
1.2859,0.9938415258735953,0.06842044927002107,0.08697557110874134,-0.005737037671179668,-0.0541,0.0,9.517,0.0,0.0,1.0,0.0,0.0,0.0,0.0,-0.0541,0.0,0.0,0.0
1.306,0.9936542028195392,0.06713914883993695,0.09002719958016958,-0.006226013802371866,-0.0541,0.0,9.6212,0.0,0.0,1.0,0.0,0.0,0.0,0.0,-0.0541,0.0,0.0,0.0
1.3261,0.9934762827885335,0.06701749127918347,0.09204167472174714,-0.0064700474294032695,-0.0541,0.0,10.341,0.0,0.0,1.0,0.0,0.0,0.0,0.0,-0.0541,0.0,0.0,0.0
1.3461,0.993423756099409,0.06720106583587032,0.0924694666028461,-0.0065311035859236255,-0.0541,0.0,11.3652,0.0,0.0,1.0,0.0,0.0,0.0,0.0,-0.0541,0.0,0.0,0.0
1.3662,0.993442190241002,0.06750317830975984,0.0920995145350049,-0.005797843535145342,-0.0541,0.0,11.386,0.0,0.0,1.0,0.0,0.0,0.0,0.0,-0.0541,0.0,0.0,0.0
1.3863,0.9933037988454285,0.06823822274935469,0.0931416689900625,-0.003967071085286379,-0.0541,0.0,11.538,0.0,0.0,1.0,0.0,0.0,0.0,0.0,-0.0541,0.0,0.0,0.0
1.4063,0.9929682699349585,0.06939611032706193,0.09588477073678492,-0.0020749733983984053,-0.0541,0.0,11.3139,0.0,0.0,1.0,0.0,0.0,0.0,0.0,-0.0541,0.0,0.0,0.0
1.4264,0.9925442158202948,0.06945731531226111,0.10015801267472088,0.00018299819606298895,-0.0541,0.0,10.7331,0.0,0.0,1.0,0.0,0.0,0.0,0.0,-0.0541,0.0,0.0,0.0
1.4465,0.9919578696298481,0.06964204394697299,0.10565358376653972,0.0026250393498198354,-0.0541,0.0,10.4558,0.0,0.0,1.0,0.0,0.0,0.0,0.0,-0.0541,0.0,0.0,0.0
1.4665,0.9913161702490347,0.06915182599714878,0.11175310274769515,0.004638921244208893,-0.0541,0.0,10.4156,0.0,0.0,1.0,0.0,0.0,0.0,0.0,-0.0541,0.0,0.0,0.0
1.4866,0.9905566692675094,0.06842115140356064,0.11865399673100382,0.006104102720949078,-0.0541,0.0,9.9985,0.0,0.0,1.0,0.0,0.0,0.0,0.0,-0.0541,0.0,0.0,0.0
1.5067,0.9896572668321842,0.06775127742517727,0.12622524299817423,0.007446250301965663,-0.0541,0.0,9.9616,0.0,0.0,1.0,0.0,0.0,0.0,0.0,-0.0541,0.0,0.0,0.0
1.5267,0.9885865172814907,0.06720003516266279,0.13452107038863936,0.00921600482230811,-0.0541,0.0,9.5779,0.0,0.0,1.0,0.0,0.0,0.0,0.0,-0.0541,0.0,0.0,0.0
1.5468,0.9873773852150937,0.06799378402024159,0.1427016454589219,0.009949114720888719,-0.0541,0.0,9.7605,0.0,0.0,1.0,0.0,0.0,0.0,0.0,-0.0541,0.0,0.0,0.0
1.5669,0.9862085392116535,0.06897017757895177,0.15008538642796843,0.01049802702948871,-0.0541,0.0,9.4984,0.0,0.0,1.0,0.0,0.0,0.0,0.0,-0.0541,0.0,0.0,0.0
1.5869,0.9850863022770655,0.07018852526357769,0.15673470683519936,0.010619776867063613,-0.0541,0.0,9.5289,0.0,0.0,1.0,0.0,0.0,0.0,0.0,-0.0541,0.0,0.0,0.0
1.607,0.983989810822237,0.0718975978962672,0.16271682679426144,0.010863788140934416,-0.0541,0.0,9.7434,0.0,0.0,1.0,0.0,0.0,0.0,0.0,-0.0541,0.0,0.0,0.0
1.6271,0.9827652246773673,0.07397328568878356,0.16900208342167702,0.011779727007960372,-0.0541,0.0,10.4127,0.0,0.0,1.0,0.0,0.0,0.0,0.0,-0.0676,0.0,0.0,0.0
1.6471,0.9813631652992165,0.0767193712195442,0.1757162694789994,0.0128167278961549,-0.0541,0.0,9.1943,0.0,0.0,1.0,0.0,0.0,0.0,0.0,-0.0676,0.0,0.0,0.0
1.6672,0.9798799620365284,0.07959178388959141,0.18256009171690232,0.013123294132216468,-0.0541,0.0,9.6483,0.0,0.0,1.0,0.0,0.0,0.0,0.0,-0.0676,0.0,0.0,0.0
1.6873,0.977598838685123,0.08459489950753676,0.19232177153600677,0.012511985136690162,-0.0541,0.0,10.2512,0.0,0.0,1.0,0.0,0.0,0.0,0.0,-0.0676,0.0,0.0,0.0
1.7073,0.9758941023849694,0.08898928289853683,0.19891463235320733,0.012024038224634659,-0.0541,0.0,10.1424,0.0,0.0,1.0,0.0,0.0,0.0,0.0,-0.0676,0.0,0.0,0.0
1.7274,0.9739097050622438,0.09441825687228765,0.20604901367089148,0.011352670171583425,-0.0541,0.0,10.8668,0.0,0.0,1.0,0.0,0.0,0.0,0.0,-0.0676,0.0,0.0,0.0
1.7475,0.9718022289750964,0.09985402352750793,0.21337905027616438,0.009949002344174285,-0.0541,0.0,10.3753,0.0,0.0,1.0,0.0,0.0,0.0,0.0,-0.0676,0.0,0.0,0.0
1.7675,0.9695197137404887,0.10534446980012149,0.2210636904158929,0.008056806488837664,-0.0541,0.0,10.0004,0.0,0.0,1.0,0.0,0.0,0.0,0.0,-0.0676,0.0,0.0,0.0
1.7876,0.9671465641907818,0.11035012469623126,0.22893910938024942,0.006103896269626263,-0.0541,0.0,10.0413,0.0,0.0,1.0,0.0,0.0,0.0,0.0,-0.0676,0.0,0.0,0.0
1.8077,0.9646716359126298,0.11548027321883494,0.2367576103527505,0.0043330477736836515,-0.0541,0.0,10.1595,0.0,0.0,1.0,0.0,0.0,0.0,0.0,-0.0676,0.0,0.0,0.0
1.8277,0.9622376838802581,0.12048533947775417,0.24408473942158015,0.0021360414757641832,-0.0541,0.0,9.4783,0.0,0.0,1.0,0.0,0.0,0.0,0.0,-0.0676,0.0,0.0,0.0
1.8478,0.9601134722651519,0.12536201399372696,0.24993105320085296,-0.0009769689363293699,-0.0541,0.0,9.9525,0.0,0.0,1.0,0.0,0.0,0.0,0.0,-0.0676,0.0,0.0,0.0
1.8679,0.9581151025440939,0.13097896344580373,0.254635040753056,-0.0045779288191026835,-0.0541,0.0,8.9437,0.0,0.0,1.0,0.0,0.0,0.0,0.0,-0.0676,0.0,0.0,0.0
1.888,0.9562006694910037,0.13641737683289368,0.2588564076502011,-0.007996197935371818,-0.0541,0.0,8.72,0.0,0.0,1.0,0.0,0.0,0.0,0.0,-0.0676,0.0,0.0,0.0
1.9081,0.9536931624168643,0.14380188939027655,0.26392130293203875,-0.011658234247191146,-0.0541,0.0,8.9353,0.0,0.0,1.0,0.0,0.0,0.0,0.0,-0.0676,0.0,0.0,0.0
1.9282,0.9507154188486946,0.15166728092981738,0.2700115986910524,-0.015197527134681199,-0.0541,0.0,9.4453,0.0,0.0,1.0,0.0,0.0,0.0,0.0,-0.0676,0.0,0.0,0.0
1.9483,0.9507154188486946,0.15166728092981738,0.2700115986910524,-0.015197527134681199,-0.0541,0.0,9.4453,0.0,0.0,1.0,0.0,0.0,0.0,0.0,-0.0676,0.0,0.0,0.0
1.9684,0.9456925636706397,0.16339334348199486,0.28009401727066946,-0.02270532565293498,-0.0406,0.0,10.2652,0.0,0.0,1.0,0.0,0.0,0.0,0.0,-0.0676,0.0,0.0,0.0
1.9886,0.942361839040263,0.17028417622823022,0.2866755626319031,-0.027831375039839068,-0.0406,0.0,9.943,0.0,0.0,1.0,0.0,0.0,0.0,0.0,-0.0676,0.0,0.0,0.0
2.0087,0.9388336435249135,0.17773222870944017,0.29314907845786303,-0.03265367457142726,-0.0406,0.0,9.5132,0.0,0.0,1.0,0.0,0.0,0.0,0.0,-0.0676,0.0,0.0,0.0
2.0288,0.9356043551465486,0.18463028073195437,0.29858283680459885,-0.037475854004531794,-0.027,0.0,11.25,0.0,0.0,1.0,0.0,0.0,0.0,0.0,-0.0541,0.0,0.0,0.0
2.0488,0.9330202083192838,0.18853319247120295,0.30345926189764694,-0.04290690588928697,-0.0406,0.0,11.2355,0.0,0.0,1.0,0.0,0.0,0.0,0.0,-0.0676,0.0,0.0,0.0
2.069,0.9304073857682481,0.19091541161636932,0.30901681042700047,-0.04901033553006989,-0.027,0.0,11.7011,0.0,0.0,1.0,0.0,0.0,0.0,0.0,-0.0676,0.0,0.0,0.0
2.0891,0.9275520145337595,0.19220021022389983,0.31573534534361625,-0.054932060083346876,-0.027,0.0,10.4482,0.0,0.0,1.0,0.0,0.0,0.0,0.0,-0.0135,0.0,0.0,0.0
2.1092,0.9258405754972314,0.19341970240351428,0.31945750848113885,-0.05792191088106896,0.0135,0.0,10.0829,0.0,0.0,1.0,0.0,0.0,0.0,0.0,-0.0541,0.0,0.0,0.0
2.1293,0.9203587252362961,0.19769508900225788,0.330753495002336,-0.06677270557307935,0.0,0.0038,9.4744,0.0,0.0,1.0,0.0,0.0,0.0,0.0,0.0,0.0,0.0,0.0
2.1494,0.9158464331084724,0.20227396683815038,0.3388109694843373,-0.07428108951227709,-0.0135,0.0038,9.0099,0.0,0.0,1.0,0.0,0.0,0.0,0.0,0.0135,0.0,0.0,0.0
2.1695,0.9107332617105118,0.20770921752690596,0.347422399673849,-0.0819724537473242,0.0,0.0038,9.6147,0.0,0.0,1.0,0.0,0.0,0.0,0.0,-0.027,0.0,0.0,0.0
2.1896,0.9051412618561403,0.21307170762528588,0.35650216449994,-0.09069702421786885,0.0,0.0038,9.9074,0.0,0.0,1.0,0.0,0.0,0.0,0.0,-0.027,0.0,0.0,0.0
2.2097,0.8989056987384317,0.2186230625254869,0.3662027295246771,-0.10033973388556089,0.0,0.0038,9.8911,0.0,0.0,1.0,0.0,0.0,0.0,0.0,-0.027,0.0,0.0,0.0
2.2298,0.8924932196337181,0.22356604311172737,0.37596698240843196,-0.1101040662914093,0.0,0.0038,9.7488,0.0,0.0,1.0,0.0,0.0,0.0,0.0,-0.027,0.0,0.0,0.0
2.2499,0.8860128755899312,0.22801821797505678,0.3853611579784654,-0.12035636452567378,0.0,0.0038,9.475,0.0,0.0,1.0,0.0,0.0,0.0,0.0,-0.027,0.0,0.0,0.0
2.27,0.8794102613279585,0.23230403141533068,0.39423284153568744,-0.13135027945906527,-0.0135,0.0038,9.604,0.0,0.0,1.0,0.0,0.0,0.0,0.0,-0.027,0.0,0.0,0.0
2.2901,0.8727339351579506,0.23675281219228655,0.40252328032491214,-0.14233268471870458,-0.027,0.0038,9.4908,0.0,0.0,1.0,0.0,0.0,0.0,0.0,-0.027,0.0,0.0,0.0
2.3102,0.8657796339830133,0.24114878391723985,0.41094792764167426,-0.1529532286762492,-0.0406,0.0038,9.3403,0.0,0.0,1.0,0.0,0.0,0.0,0.0,-0.027,0.0,0.0,0.0
2.3303,0.8578514532073134,0.24621670410863905,0.4202282017312485,-0.16394046882237656,-0.0541,0.0038,9.1052,0.0,0.0,1.0,0.0,0.0,0.0,0.0,-0.0135,0.0,0.0,0.0
2.3504,0.8497263858083393,0.2512196358249337,0.4290746700349696,-0.17535304779634447,-0.0541,0.0038,9.7061,0.0,0.0,1.0,0.0,0.0,0.0,0.0,-0.0135,0.0,0.0,0.0
2.3705,0.837523595476201,0.25610387630185755,0.4429317860639991,-0.19177190737419114,-0.0406,0.0038,8.8198,0.0,0.0,1.0,0.0,0.0,0.0,0.0,-0.027,0.0,0.0,0.0
2.3906,0.8287631021512709,0.2575157319838878,0.4535673798100879,-0.20276587549589387,-0.0406,0.0038,8.0085,0.0,0.0,1.0,0.0,0.0,0.0,0.0,-0.0135,0.0,0.0,0.0
2.4107,0.8186004881373556,0.2588488895172201,0.46557400264967863,-0.2147820785674217,-0.027,0.0038,9.0654,0.0,0.0,1.0,0.0,0.0,0.0,0.0,-0.0135,0.0,0.0,0.0
2.4307,0.8064564855112232,0.26171850850448725,0.47949109953741853,-0.22631757498583807,-0.027,0.0038,8.8157,0.0,0.0,1.0,0.0,0.0,0.0,0.0,-0.0135,0.0,0.0,0.0
2.4508,0.7915624753614214,0.2677601459959063,0.49487142163882036,-0.23840223963109664,-0.0541,0.0038,10.6385,0.0,0.0,1.0,0.0,0.0,0.0,0.0,-0.0135,0.0,0.0,0.0
2.4709,0.7774198979525888,0.27515127281412255,0.5059906964657404,-0.2527518435665103,-0.0406,0.0038,8.3747,0.0,0.0,1.0,0.0,0.0,0.0,0.0,-0.0135,0.0,0.0,0.0
2.491,0.7622557247555155,0.28209945711538453,0.5199496268142287,-0.26275176868746986,-0.0406,0.0038,10.0665,0.0,0.0,1.0,0.0,0.0,0.0,0.0,-0.0135,0.0,0.0,0.0
2.5111,0.7489161286645167,0.2880308184374134,0.5305897183081484,-0.2731985188138958,-0.0406,0.0038,9.5775,0.0,0.0,1.0,0.0,0.0,0.0,0.0,-0.0135,0.0,0.0,0.0
2.5312,0.7367098303404334,0.29254828624564744,0.5403556111023996,-0.2822940659040799,-0.0406,0.0038,10.0713,0.0,0.0,1.0,0.0,0.0,0.0,0.0,-0.0135,0.0,0.0,0.0
2.5513,0.7246565345860041,0.29619849610238136,0.5503437736287492,-0.29027760612310294,-0.0406,0.0038,9.854,0.0,0.0,1.0,0.0,0.0,0.0,0.0,-0.0135,0.0,0.0,0.0
2.5714,0.7132153444177013,0.2998741334347898,0.5598901858056698,-0.29651704238098386,-0.0406,0.0038,9.7046,0.0,0.0,1.0,0.0,0.0,0.0,0.0,-0.0135,0.0,0.0,0.0
2.5915,0.7025147336170012,0.30377188481427964,0.568419784463785,-0.30181888555482755,-0.0406,0.0038,9.9658,0.0,0.0,1.0,0.0,0.0,0.0,0.0,-0.0135,0.0,0.0,0.0
2.6116,0.6926327699130119,0.30725355954726397,0.5757497962302467,-0.307192559039105,-0.027,0.0038,9.8568,0.0,0.0,1.0,0.0,0.0,0.0,0.0,-0.0135,0.0,0.0,0.0
2.6317,0.6833418540427207,0.31066529663217674,0.5819020632825722,-0.31292326971541157,-0.0406,0.0038,9.5162,0.0,0.0,1.0,0.0,0.0,0.0,0.0,-0.0135,0.0,0.0,0.0
2.6518,0.6744275974830286,0.3143871508246633,0.587331940865253,-0.3183540896377421,-0.0135,0.0038,9.9492,0.0,0.0,1.0,0.0,0.0,0.0,0.0,-0.0135,0.0,0.0,0.0
2.6719,0.665829074257384,0.3184181225998654,0.5922815078954254,-0.32324009416941685,-0.0135,0.0038,9.3135,0.0,0.0,1.0,0.0,0.0,0.0,0.0,-0.0135,0.0,0.0,0.0
2.692,0.6575777349121756,0.322258519052373,0.5964221545850981,-0.32866637029975143,-0.0135,0.0038,9.1402,0.0,0.0,1.0,0.0,0.0,0.0,0.0,-0.0135,0.0,0.0,0.0
2.7121,0.650103974288853,0.3264255272333158,0.5993824939040869,-0.33399374812353505,-0.0135,0.0038,9.0196,0.0,0.0,1.0,0.0,0.0,0.0,0.0,-0.0135,0.0,0.0,0.0
2.7321,0.6425007392666738,0.33251158462881814,0.6013637803816133,-0.33910241782468165,-0.0135,0.0038,9.3329,0.0,0.0,1.0,0.0,0.0,0.0,0.0,-0.0135,0.0,0.0,0.0
2.7522,0.6300180391942882,0.34503914111679046,0.6037114947398079,-0.3457711562669723,-0.0135,0.0038,9.4662,0.0,0.0,1.0,0.0,0.0,0.0,0.0,-0.0135,0.0,0.0,0.0
2.7723,0.6211578561761091,0.3539446274899832,0.6055937846101956,-0.349488607000539,-0.0135,0.0038,9.2533,0.0,0.0,1.0,0.0,0.0,0.0,0.0,-0.0135,0.0,0.0,0.0
2.7924,0.6140936270873862,0.3613389603684094,0.6065853993429379,-0.35267169746735283,-0.0135,0.0038,9.7881,0.0,0.0,1.0,0.0,0.0,0.0,0.0,-0.0135,0.0,0.0,0.0
2.8125,0.6098632014235169,0.365845120830066,0.6060182001536032,-0.35632311768517155,0.0,0.0038,9.389,0.0,0.0,1.0,0.0,0.0,0.0,0.0,-0.0135,0.0,0.0,0.0
2.8326,0.6079357096411172,0.3674475393805909,0.6048835805663783,-0.359878219273546,0.0,0.0,9.071,0.0,0.0,1.0,0.0,0.0,0.0,0.0,-0.0135,0.0,0.0,0.0
2.8527,0.6060357270933634,0.36872378550435003,0.6042656753177474,-0.36280361233392827,0.0,0.0,8.3161,0.0,0.0,1.0,0.0,0.0,0.0,0.0,-0.0135,0.0,0.0,0.0
2.8728,0.6025976938997966,0.37084858078781857,0.6053446833872554,-0.36456160484764616,0.0,0.0,9.1019,0.0,0.0,1.0,0.0,0.0,0.0,0.0,-0.0135,0.0,0.0,0.0
2.8929,0.6025976938997966,0.37084858078781857,0.6053446833872554,-0.36456160484764616,0.0,0.0,9.1019,0.0,0.0,1.0,0.0,0.0,0.0,0.0,0.0,0.0,0.0,0.0
2.913,0.5932133654888574,0.3771438615359814,0.6088996924691865,-0.3675616617957345,0.0,0.0,9.1332,0.0,0.0,1.0,0.0,0.0,0.0,0.0,0.0,0.0,0.0,0.0
2.933,0.5884192342528632,0.3803575769016312,0.6100854696354968,-0.36998194306537313,0.0,0.0,8.9343,0.0,0.0,1.0,0.0,0.0,0.0,0.0,0.0135,0.0,0.0,0.0
2.9531,0.5838305086241616,0.3834633162788945,0.6108070535297433,-0.37284388908276167,0.0,0.0,9.0455,0.0,0.0,1.0,0.0,0.0,0.0,0.0,0.027,0.0,0.0,0.0
2.9732,0.5838305086241616,0.3834633162788945,0.6108070535297433,-0.37284388908276167,0.0,0.0,9.0455,0.0,0.0,1.0,0.0,0.0,0.0,0.0,0.027,0.0,0.0,0.0
2.9933,0.5728239438547519,0.391424111546903,0.6122535594937437,-0.3792169209484814,0.0,0.0,9.5427,0.0,0.0,1.0,0.0,0.0,0.0,0.0,0.027,0.0,0.0,0.0
3.0134,0.5659203343172537,0.3974626394602573,0.6121245249010386,-0.38348558180746634,0.0,0.0,9.1487,0.0,0.0,1.0,0.0,0.0,0.0,0.0,0.027,0.0,0.0,0.0
3.0335,0.5590779159960256,0.40398904890349957,0.611140535684195,-0.3882421639327987,0.0,0.0,9.0933,0.0,0.0,1.0,0.0,0.0,0.0,0.0,0.027,0.0,0.0,0.0
3.0535,0.553345252563708,0.4107671874867154,0.6089482779426305,-0.3927611792682224,0.0,0.0,9.3161,0.0,0.0,1.0,0.0,0.0,0.0,0.0,0.027,0.0,0.0,0.0
3.0736,0.5478669378118642,0.4177973914134976,0.6060955254376672,-0.39741083556587337,0.0,0.0,9.2515,0.0,0.0,1.0,0.0,0.0,0.0,0.0,0.027,0.0,0.0,0.0
3.0937,0.5426718976489651,0.4241391726105811,0.6039517894715862,-0.40106783684727415,0.0,0.0,9.2123,0.0,0.0,1.0,0.0,0.0,0.0,0.0,0.027,0.0,0.0,0.0
3.1138,0.5373544549346838,0.43078636471207554,0.6022955099150383,-0.4036253417170279,0.0,0.0,9.5668,0.0,0.0,1.0,0.0,0.0,0.0,0.0,0.027,0.0,0.0,0.0
3.1339,0.5328392203675039,0.4370748213124952,0.6009545042072759,-0.4048476870204255,0.0,0.0,9.4062,0.0,0.0,1.0,0.0,0.0,0.0,0.0,0.027,0.0,0.0,0.0
3.154,0.5300917215676324,0.4421404359301087,0.599305946353201,-0.4053973166002601,0.0,0.0,9.3576,0.0,0.0,1.0,0.0,0.0,0.0,0.0,0.027,0.0,0.0,0.0
3.1741,0.5289795091498737,0.44682744901531823,0.5964829151846764,-0.405874416043697,0.0,0.0,9.4066,0.0,0.0,1.0,0.0,0.0,0.0,0.0,0.027,0.0,0.0,0.0
3.1942,0.5289268333236126,0.45135144443184294,0.5925243323276702,-0.406734795904153,0.0,0.0,9.5417,0.0,0.0,1.0,0.0,0.0,0.0,0.0,0.027,0.0,0.0,0.0
3.2143,0.5299751706578821,0.4556941656227337,0.5877769527262263,-0.40741551240400886,0.0,0.0,9.3641,0.0,0.0,1.0,0.0,0.0,0.0,0.0,0.027,0.0,0.0,0.0
3.2344,0.5309554427912504,0.45942103585797756,0.5839344847790172,-0.407479014266249,0.0,0.0,9.2575,0.0,0.0,1.0,0.0,0.0,0.0,0.0,0.027,0.0,0.0,0.0
3.2545,0.532031798070043,0.4635522399071976,0.5799437892830276,-0.4070954286054074,0.0,0.0,9.9056,0.0,0.0,1.0,0.0,0.0,0.0,0.0,0.027,0.0,0.0,0.0
3.2745,0.5333178840298792,0.46764476029523633,0.5753703229313154,-0.4072215665116684,0.0,0.0,9.4784,0.0,0.0,1.0,0.0,0.0,0.0,0.0,0.027,0.0,0.0,0.0
3.2946,0.5352208865366355,0.47150042382690366,0.5702551409398484,-0.40747395889511984,0.0,0.0,9.7871,0.0,0.0,1.0,0.0,0.0,0.0,0.0,0.027,0.0,0.0,0.0
3.3147,0.5352208865366355,0.47150042382690366,0.5702551409398484,-0.40747395889511984,0.0,0.0,9.7871,0.0,0.0,1.0,0.0,0.0,0.0,0.0,0.027,0.0,0.0,0.0
3.3348,0.5393763486131807,0.47602036797215624,0.562264702885326,-0.40784331270923346,0.0,0.0,9.6651,0.0,0.0,1.0,0.0,0.0,0.0,0.0,0.027,0.0,0.0,0.0
3.3549,0.5425390509830206,0.47802440165786303,0.5568819730208526,-0.4086887785375172,0.0,0.0,9.7947,0.0,0.0,1.0,0.0,0.0,0.0,0.0,0.027,0.0,0.0,0.0
3.375,0.5459559181325819,0.4795502929857994,0.5521208833319603,-0.4088106923038821,0.0,0.0,9.4505,0.0,0.0,1.0,0.0,0.0,0.0,0.0,0.027,0.0,0.0,0.0
3.3951,0.5491985254625499,0.4804119586528852,0.5489545234519438,-0.40771835964880077,0.0,0.0,9.9961,0.0,0.0,1.0,0.0,0.0,0.0,0.0,0.027,0.0,0.0,0.0
3.4152,0.5526231157693262,0.480600667069655,0.5465199930077139,-0.40613616924924706,0.0,0.0,9.4355,0.0,0.0,1.0,0.0,0.0,0.0,0.0,0.027,0.0,0.0,0.0
3.4353,0.5562585495198081,0.4803336583881166,0.5444798766808944,-0.4042247723670154,0.0,0.0,9.7174,0.0,0.0,1.0,0.0,0.0,0.0,0.0,0.027,0.0,0.0,0.0
3.4554,0.5597562912764724,0.47955581971066913,0.5427891915126698,-0.4025903671662546,0.0,0.0,9.9248,0.0,0.0,1.0,0.0,0.0,0.0,0.0,0.027,0.0,0.0,0.0
3.4755,0.5626388719391265,0.4787133552516393,0.5417642459684796,-0.40095202341051966,0.0,0.0,9.7644,0.0,0.0,1.0,0.0,0.0,0.0,0.0,0.027,0.0,0.0,0.0
3.4956,0.5646469703781843,0.47821929119742895,0.5413315173883513,-0.3992997578904745,0.0,0.0,9.9248,0.0,0.0,1.0,0.0,0.0,0.0,0.0,0.027,0.0,0.0,0.0
3.5157,0.5655462045355814,0.47814410019323356,0.5408274578422357,-0.39879991327695413,0.0,0.0,9.9578,0.0,0.0,1.0,0.0,0.0,0.0,0.0,0.027,0.0,0.0,0.0
3.5357,0.5655375270539897,0.4786257512555299,0.5399641815139179,-0.39940377866357524,0.0,0.0,9.8536,0.0,0.0,1.0,0.0,0.0,0.0,0.0,0.027,0.0,0.0,0.0
3.5558,0.5645070346905883,0.47979107997930986,0.5388723509904619,-0.4009350529638671,0.0,0.0,9.889,0.0,0.0,1.0,0.0,0.0,0.0,0.0,0.027,0.0,0.0,0.0
3.5759,0.562619936377434,0.4816262334526391,0.5376570279383934,-0.4030135217946536,0.0,0.0,9.8404,0.0,0.0,1.0,0.0,0.0,0.0,0.0,0.027,0.0,0.0,0.0
3.596,0.5601175038147407,0.4835798449077696,0.5366796082666263,-0.40545519307329386,0.0,0.0,9.7807,0.0,0.0,1.0,0.0,0.0,0.0,0.0,0.027,0.0,0.0,0.0
3.6161,0.5570093538847276,0.48547605158971824,0.5362572661877761,-0.40802172427284844,0.0,0.0,9.613,0.0,0.0,1.0,0.0,0.0,0.0,0.0,0.027,0.0,0.0,0.0
3.6362,0.5518686492373758,0.4875389723618055,0.5364879655852773,-0.4122225214607753,0.0,0.0,9.2669,0.0,0.0,1.0,0.0,0.0,0.0,0.0,0.027,0.0,0.0,0.0
3.6563,0.548705474552756,0.4882805324164383,0.5371694855997639,-0.41467260290431485,0.0,0.0,9.3481,0.0,0.0,1.0,0.0,0.0,0.0,0.0,0.027,0.0,0.0,0.0
3.6764,0.5459007481266922,0.4887104602242533,0.5380277084929119,-0.416750097967574,0.0,0.0,9.5327,0.0,0.0,1.0,0.0,0.0,0.0,0.0,0.027,0.0,0.0,0.0
3.6965,0.5432544281911705,0.48869039396777775,0.5394095667098646,-0.4184419248069899,0.0,0.0,9.6107,0.0,0.0,1.0,0.0,0.0,0.0,0.0,0.027,0.0,0.0,0.0
3.7166,0.5401607483961529,0.48809777264679494,0.5419917475432839,-0.4197998044596055,0.0,0.0,9.6375,0.0,0.0,1.0,0.0,0.0,0.0,0.0,0.027,0.0,0.0,0.0
3.7367,0.5369288996018792,0.48694062964792134,0.5454739457480858,-0.42077827234829446,0.0,0.0,9.5612,0.0,0.0,1.0,0.0,0.0,0.0,0.0,0.027,0.0,0.0,0.0
3.7567,0.5341061400315674,0.48552330978719543,0.5487537873520754,-0.4217428454646504,0.0,0.0,9.5175,0.0,0.0,1.0,0.0,0.0,0.0,0.0,0.027,0.0,0.0,0.0
3.7768,0.5309454958892547,0.48419245222313045,0.5517585153280724,-0.4233403953888954,0.0,0.0,9.4029,0.0,0.0,1.0,0.0,0.0,0.0,0.0,0.027,0.0,0.0,0.0
3.797,0.5277786474336869,0.4838330106679808,0.554024027725323,-0.4247501545662302,0.0,0.0,9.7281,0.0,0.0,1.0,0.0,0.0,0.0,0.0,0.027,0.0,0.0,0.0
3.817,0.5255680824580902,0.48339255732603936,0.5565127340421975,-0.42473921772305906,0.0,0.0,10.2288,0.0,0.0,1.0,0.0,0.0,0.0,0.0,0.027,0.0,0.0,0.0
3.8371,0.5242791306587317,0.48259315391338625,0.5587022856826424,-0.42436658318563036,0.0,0.0,9.9962,0.0,0.0,1.0,0.0,0.0,0.0,0.0,0.027,0.0,0.0,0.0
3.8572,0.5235627572308871,0.48144753544011076,0.5604889516947648,-0.42419623393841943,0.0,0.0,9.8852,0.0,0.0,1.0,0.0,0.0,0.0,0.0,0.027,0.0,0.0,0.0
3.8773,0.5236719316974466,0.480642758991604,0.5610852123764243,-0.4241858444522949,0.0,0.0,9.8789,0.0,0.0,1.0,0.0,0.0,0.0,0.0,0.027,0.0,0.0,0.0
3.8974,0.523755366988857,0.4807853523745439,0.5603162302693452,-0.42493703367581825,0.0,0.0,9.8682,0.0,0.0,1.0,0.0,0.0,0.0,0.0,0.027,0.0,0.0,0.0
3.9175,0.5235689413115925,0.4816972262423402,0.5591525489949343,-0.42566626936693236,0.0,0.0,9.938,0.0,0.0,1.0,0.0,0.0,0.0,0.0,0.027,0.0,0.0,0.0
3.9376,0.5232610124582836,0.48255046687778763,0.5588454893420065,-0.4254817020733729,0.0,0.0,9.9847,0.0,0.0,1.0,0.0,0.0,0.0,0.0,0.027,0.0,0.0,0.0
3.9577,0.5231907271223721,0.48357989920218913,0.5591405709468293,-0.42400915799310035,0.0,0.0,9.9589,0.0,0.0,1.0,0.0,0.0,0.0,0.0,0.027,0.0,0.0,0.0
3.9778,0.5241663633846503,0.48394464243904584,0.5586511241327276,-0.42303206504459523,0.0,0.0,9.7484,0.0,0.0,1.0,0.0,0.0,0.0,0.0,0.027,0.0,0.0,0.0
3.9979,0.5241663633846503,0.48394464243904584,0.5586511241327276,-0.42303206504459523,0.0,0.0,9.7484,0.0,0.0,1.0,0.0,0.0,0.0,0.0,0.027,0.0,0.0,0.0
4.018,0.5258885685367349,0.4842008100284262,0.5570781360305734,-0.4226756905795529,0.0,0.0,9.6979,0.0,0.0,1.0,0.0,0.0,0.0,0.0,0.027,0.0,0.0,0.0
4.038,0.5278391257023717,0.4846255423292972,0.5550004923743471,-0.42249070352378504,0.0,0.0,9.4955,0.0,0.0,1.0,0.0,0.0,0.0,0.0,0.027,0.0,0.0,0.0
4.0581,0.5295404806730213,0.4853515240096841,0.5529784576871039,-0.4221795859631947,0.0,0.0,9.6154,0.0,0.0,1.0,0.0,0.0,0.0,0.0,0.027,0.0,0.0,0.0
4.0782,0.5306518624354937,0.4860948663879362,0.5513433249819524,-0.42206743508932526,0.0,0.0,9.5849,0.0,0.0,1.0,0.0,0.0,0.0,0.0,0.027,0.0,0.0,0.0
4.0983,0.5315166475659923,0.4869587489839755,0.5496454200207639,-0.4221979895716802,0.0,0.0,9.5687,0.0,0.0,1.0,0.0,0.0,0.0,0.0,0.027,0.0,0.0,0.0
4.1184,0.5326604317212532,0.48761588782136284,0.5474916108034679,-0.42279610514116167,0.0,0.0,9.5303,0.0,0.0,1.0,0.0,0.0,0.0,0.0,0.027,0.0,0.0,0.0
4.1385,0.5339337672856026,0.48809595896243746,0.5451637203260745,-0.4236432284800223,0.0,0.0,9.5632,0.0,0.0,1.0,0.0,0.0,0.0,0.0,0.027,0.0,0.0,0.0
4.1586,0.5353264229500073,0.4885135227802426,0.5427122494261446,-0.4245510255260276,0.0,0.0,9.6,0.0,0.0,1.0,0.0,0.0,0.0,0.0,0.027,0.0,0.0,0.0
4.1787,0.5368269591936523,0.48879090477172565,0.5404281132090031,-0.42525018724121877,0.0,0.0,9.6651,0.0,0.0,1.0,0.0,0.0,0.0,0.0,0.027,0.0,0.0,0.0
4.1988,0.5381581871627398,0.48890216323488955,0.5387681998436046,-0.4255458461919712,0.0,0.0,9.656,0.0,0.0,1.0,0.0,0.0,0.0,0.0,0.027,0.0,0.0,0.0
4.2189,0.5391894864798548,0.4886510659605174,0.5379684763200917,-0.4255405408313992,0.0,0.0,9.7011,0.0,0.0,1.0,0.0,0.0,0.0,0.0,0.027,0.0,0.0,0.0
4.239,0.5401453023951472,0.4882668100784857,0.5370323928619598,-0.4259516210712112,0.0,0.0,9.7323,0.0,0.0,1.0,0.0,0.0,0.0,0.0,0.027,0.0,0.0,0.0
4.2591,0.541742640387254,0.4874221777949119,0.5349677074135769,-0.4274857707626926,0.0,0.0,9.7276,0.0,0.0,1.0,0.0,0.0,0.0,0.0,0.027,0.0,0.0,0.0
4.2792,0.542800428225014,0.48688994206355735,0.5333391767346718,-0.42878339752848393,0.0,0.0,9.7254,0.0,0.0,1.0,0.0,0.0,0.0,0.0,0.027,0.0,0.0,0.0
4.2993,0.5434530866695509,0.48638549760536015,0.5321621679738937,-0.42998990370222523,0.0,0.0,9.7236,0.0,0.0,1.0,0.0,0.0,0.0,0.0,0.027,0.0,0.0,0.0
4.3194,0.5437715001250897,0.48590948922926075,0.5310762783293631,-0.43146553804968163,0.0,0.0,9.7994,0.0,0.0,1.0,0.0,0.0,0.0,0.0,0.027,0.0,0.0,0.0
4.3395,0.543893876194352,0.4852998122250942,0.5299166223910255,-0.43341887015479447,0.0,0.0,9.8023,0.0,0.0,1.0,0.0,0.0,0.0,0.0,0.027,0.0,0.0,0.0
4.3596,0.5440577908718326,0.4846107971160108,0.5287390501682694,-0.4354176297962709,0.0,0.0,9.9034,0.0,0.0,1.0,0.0,0.0,0.0,0.0,0.027,0.0,0.0,0.0
4.3797,0.5440127645725866,0.4838930170085167,0.5280215657286763,-0.4371394356471676,0.0,0.0,9.8616,0.0,0.0,1.0,0.0,0.0,0.0,0.0,0.027,0.0,0.0,0.0
4.3998,0.5438109004383248,0.48308225162498025,0.5278202562233703,-0.43852824293275944,0.0,0.0,9.8592,0.0,0.0,1.0,0.0,0.0,0.0,0.0,0.027,0.0,0.0,0.0
4.4199,0.5436380232979581,0.48211524699864194,0.5280130801112343,-0.4395734016834669,0.0,0.0,9.6906,0.0,0.0,1.0,0.0,0.0,0.0,0.0,0.027,0.0,0.0,0.0
4.4399,0.5433909202429471,0.4814404993712977,0.5283760606056884,-0.4401818850673577,0.0,0.0,9.66,0.0,0.0,1.0,0.0,0.0,0.0,0.0,0.027,0.0,0.0,0.0
4.4601,0.542975598779383,0.4813288495867883,0.5286934252082083,-0.44043535260835076,0.0,0.0,9.7007,0.0,0.0,1.0,0.0,0.0,0.0,0.0,0.027,0.0,0.0,0.0
4.4801,0.5426636224400168,0.48107866528795107,0.5292966317401441,-0.4403686936120468,0.0,0.0,9.6654,0.0,0.0,1.0,0.0,0.0,0.0,0.0,0.027,0.0,0.0,0.0
4.5002,0.5424854496032016,0.48047382665794236,0.5302783269750748,-0.4400674207505044,0.0,0.0,9.7925,0.0,0.0,1.0,0.0,0.0,0.0,0.0,0.027,0.0,0.0,0.0
4.5204,0.5424058838893405,0.47978539813770144,0.5312981524893661,-0.4396863677866951,0.0,0.0,9.7473,0.0,0.0,1.0,0.0,0.0,0.0,0.0,0.027,0.0,0.0,0.0
4.5404,0.5424900850633559,0.47913490727043473,0.532236894453279,-0.4391561640528731,0.0,0.0,9.8181,0.0,0.0,1.0,0.0,0.0,0.0,0.0,0.027,0.0,0.0,0.0
4.5605,0.542718058067706,0.47844888013779396,0.5331351806427435,-0.4385323907114941,0.0,0.0,9.816,0.0,0.0,1.0,0.0,0.0,0.0,0.0,0.027,0.0,0.0,0.0
4.5806,0.5433309029369507,0.4772914009170989,0.5342979710510435,-0.43761870007467635,0.0,0.0,9.7465,0.0,0.0,1.0,0.0,0.0,0.0,0.0,0.027,0.0,0.0,0.0
4.6007,0.544198229389904,0.47553306485547137,0.5360200906918587,-0.43634740028187036,0.0,0.0,9.9599,0.0,0.0,1.0,0.0,0.0,0.0,0.0,0.027,0.0,0.0,0.0
4.6208,0.5447958664952647,0.47393440413919374,0.5377769197497979,-0.43517769819617436,0.0,0.0,9.6769,0.0,0.0,1.0,0.0,0.0,0.0,0.0,0.027,0.0,0.0,0.0
4.6409,0.5447331073144817,0.47332287979922316,0.538873170704724,-0.43456529906185215,0.0,0.0,9.6977,0.0,0.0,1.0,0.0,0.0,0.0,0.0,0.027,0.0,0.0,0.0
4.661,0.5443640331638797,0.47350320039285904,0.5392371176151087,-0.4343798448379295,0.0,0.0,9.4713,0.0,0.0,1.0,0.0,0.0,0.0,0.0,0.027,0.0,0.0,0.0
4.6811,0.5439548606256716,0.4740075926457778,0.5391947743364729,-0.43439487456011827,0.0,0.0,9.734,0.0,0.0,1.0,0.0,0.0,0.0,0.0,0.027,0.0,0.0,0.0
4.7012,0.5432037098491809,0.47472288104373705,0.5392367776937067,-0.4345015689294214,0.0,0.0,9.6936,0.0,0.0,1.0,0.0,0.0,0.0,0.0,0.027,0.0,0.0,0.0
4.7213,0.5421829959129941,0.4755930138687272,0.5394369554154111,-0.4345764089711069,0.0,0.0,9.7291,0.0,0.0,1.0,0.0,0.0,0.0,0.0,0.027,0.0,0.0,0.0
4.7414,0.5410900909010795,0.47675753446686153,0.5395030525049548,-0.434580514054159,0.0,0.0,9.9642,0.0,0.0,1.0,0.0,0.0,0.0,0.0,0.027,0.0,0.0,0.0
4.7615,0.5404054512944021,0.4780273992022818,0.5393684504283991,-0.4342043626055172,0.0,0.0,9.8879,0.0,0.0,1.0,0.0,0.0,0.0,0.0,0.027,0.0,0.0,0.0
4.7815,0.5400940818146096,0.4794257465996297,0.5391790918407894,-0.43328425220398137,0.0,0.0,9.7401,0.0,0.0,1.0,0.0,0.0,0.0,0.0,0.027,0.0,0.0,0.0
4.8017,0.5401580236456629,0.4807103512115416,0.5389980300374074,-0.43200461958766356,0.0,0.0,9.5058,0.0,0.0,1.0,0.0,0.0,0.0,0.0,0.027,0.0,0.0,0.0
4.8217,0.5409661625930017,0.48096692453576034,0.5390731235309936,-0.43061188548222,0.0,0.0,9.5901,0.0,0.0,1.0,0.0,0.0,0.0,0.0,0.027,0.0,0.0,0.0
4.8418,0.5416693190715282,0.48216226147437774,0.538922408734951,-0.4285750106455337,0.0,0.0,9.557,0.0,0.0,1.0,0.0,0.0,0.0,0.0,0.027,0.0,0.0,0.0
4.8619,0.5422919660799694,0.4837605094084539,0.5377760080001402,-0.42742503235237367,0.0,0.0,9.6444,0.0,0.0,1.0,0.0,0.0,0.0,0.0,0.027,0.0,0.0,0.0
4.882,0.5435894387963518,0.4846283065387906,0.5364483016618328,-0.426461189529067,0.0,0.0,9.4921,0.0,0.0,1.0,0.0,0.0,0.0,0.0,0.027,0.0,0.0,0.0
4.9021,0.5452176786053461,0.48485471060975305,0.53532984765411,-0.4255297248681432,0.0,0.0,9.5299,0.0,0.0,1.0,0.0,0.0,0.0,0.0,0.027,0.0,0.0,0.0
4.9222,0.5467538332843684,0.4849857391462314,0.5343638144012655,-0.42462264714939846,0.0,0.0,9.4678,0.0,0.0,1.0,0.0,0.0,0.0,0.0,0.027,0.0,0.0,0.0
4.9423,0.548333029496106,0.4851618325392397,0.5330742234686758,-0.4240056099676723,0.0,0.0,9.5274,0.0,0.0,1.0,0.0,0.0,0.0,0.0,0.027,0.0,0.0,0.0
4.9624,0.5496836333867987,0.48510755897739194,0.5316776126389082,-0.4240724886481964,0.0,0.0,9.5054,0.0,0.0,1.0,0.0,0.0,0.0,0.0,0.027,0.0,0.0,0.0
4.9825,0.5509087728638973,0.48456307764049983,0.5304625586120685,-0.4246264495764478,0.0,0.0,9.6701,0.0,0.0,1.0,0.0,0.0,0.0,0.0,0.027,0.0,0.0,0.0
5.0026,0.5519447746213708,0.4837073079612775,0.529727622683459,-0.42517390766502733,0.0,0.0,9.5848,0.0,0.0,1.0,0.0,0.0,0.0,0.0,0.027,0.0,0.0,0.0
5.0226,0.5529338373540712,0.4826196962225099,0.5294351217961377,-0.4254889565378905,0.0,0.0,9.6611,0.0,0.0,1.0,0.0,0.0,0.0,0.0,0.027,0.0,0.0,0.0
5.0427,0.5538868433117202,0.48137778019037764,0.5292901611217373,-0.42583649783090183,0.0,0.0,9.7243,0.0,0.0,1.0,0.0,0.0,0.0,0.0,0.027,0.0,0.0,0.0
5.0628,0.5547634545528914,0.4798705031912473,0.5294327945538202,-0.4262191052855953,0.0,0.0,9.6736,0.0,0.0,1.0,0.0,0.0,0.0,0.0,0.027,0.0,0.0,0.0
5.0829,0.5553648620742222,0.47784904386711036,0.5303395979236323,-0.42657950269881517,0.0,0.0,9.597,0.0,0.0,1.0,0.0,0.0,0.0,0.0,0.027,0.0,0.0,0.0
5.103,0.5554934643402437,0.47541366748411695,0.5322389425478367,-0.42676757594753684,0.0,0.0,9.558,0.0,0.0,1.0,0.0,0.0,0.0,0.0,0.027,0.0,0.0,0.0
5.1231,0.5550463731746171,0.47319949782267634,0.5347826516159752,-0.4266301377266463,0.0,0.0,9.6343,0.0,0.0,1.0,0.0,0.0,0.0,0.0,0.027,0.0,0.0,0.0
5.1431,0.5542120626731655,0.47138611048118706,0.537182661293406,-0.4267070574043831,0.0,0.0,9.6247,0.0,0.0,1.0,0.0,0.0,0.0,0.0,0.027,0.0,0.0,0.0
5.1632,0.5531041343631731,0.4696686615461082,0.539249055848396,-0.42743142219362595,0.0,0.0,9.6624,0.0,0.0,1.0,0.0,0.0,0.0,0.0,0.027,0.0,0.0,0.0
5.1833,0.5515252919652801,0.4670505624240841,0.5418200932604004,-0.42908578513072476,0.0,0.0,9.7807,0.0,0.0,1.0,0.0,0.0,0.0,0.0,0.027,0.0,0.0,0.0
5.2034,0.5515252919652801,0.4670505624240841,0.5418200932604004,-0.42908578513072476,0.0,0.0,9.7807,0.0,0.0,1.0,0.0,0.0,0.0,0.0,0.027,0.0,0.0,0.0
5.2235,0.5504217754698305,0.46564273187403216,0.5435246905695,-0.4298762916035927,0.0,0.0,9.7715,0.0,0.0,1.0,0.0,0.0,0.0,0.0,0.027,0.0,0.0,0.0
5.2436,0.5490059187821328,0.4647176988954142,0.5452219538038873,-0.43053801523885127,0.0,0.0,9.7678,0.0,0.0,1.0,0.0,0.0,0.0,0.0,0.027,0.0,0.0,0.0
5.2637,0.5471866767986124,0.463994661685572,0.5471256760542783,-0.4312182617463358,0.0,0.0,9.7687,0.0,0.0,1.0,0.0,0.0,0.0,0.0,0.027,0.0,0.0,0.0
5.2838,0.5454615779812619,0.46330999702481396,0.5490015168342051,-0.43175554208000716,0.0,0.0,9.8149,0.0,0.0,1.0,0.0,0.0,0.0,0.0,0.027,0.0,0.0,0.0
5.3039,0.5437644711508669,0.4627101027973181,0.5508445033262457,-0.4321919641068945,0.0,0.0,9.7747,0.0,0.0,1.0,0.0,0.0,0.0,0.0,0.027,0.0,0.0,0.0
5.324,0.542535002627771,0.4622130385843043,0.5522388774715618,-0.432489421946131,0.0,0.0,9.8556,0.0,0.0,1.0,0.0,0.0,0.0,0.0,0.027,0.0,0.0,0.0
5.3441,0.5418030401551805,0.4617869203341788,0.553216914602322,-0.43261224125626135,0.0,0.0,9.7764,0.0,0.0,1.0,0.0,0.0,0.0,0.0,0.027,0.0,0.0,0.0
5.3642,0.5415123377282988,0.4613111028605792,0.5538415275622653,-0.43268466209594914,0.0,0.0,9.7345,0.0,0.0,1.0,0.0,0.0,0.0,0.0,0.027,0.0,0.0,0.0
5.3843,0.5414591827771971,0.4608287729483509,0.5543375676779247,-0.43262993015981854,0.0,0.0,9.7388,0.0,0.0,1.0,0.0,0.0,0.0,0.0,0.027,0.0,0.0,0.0
5.4044,0.5413186608342269,0.4606300095089447,0.5547466028089185,-0.43249313109504145,0.0,0.0,9.6676,0.0,0.0,1.0,0.0,0.0,0.0,0.0,0.027,0.0,0.0,0.0
5.4245,0.5413732036106501,0.46068551464770013,0.5549839824587547,-0.4320609797474729,0.0,0.0,9.6208,0.0,0.0,1.0,0.0,0.0,0.0,0.0,0.027,0.0,0.0,0.0
5.4446,0.5416958031889881,0.4607614879119103,0.5548800174478565,-0.43170901577533244,0.0,0.0,9.6637,0.0,0.0,1.0,0.0,0.0,0.0,0.0,0.027,0.0,0.0,0.0
5.4647,0.5425269977048325,0.4606802609818823,0.5542446736803427,-0.43156806601046854,0.0,0.0,9.6626,0.0,0.0,1.0,0.0,0.0,0.0,0.0,0.027,0.0,0.0,0.0
5.4848,0.5435978701583078,0.46076999491687654,0.5532422049464558,-0.4314109757639889,0.0,0.0,9.664,0.0,0.0,1.0,0.0,0.0,0.0,0.0,0.027,0.0,0.0,0.0
5.505,0.5446142150624245,0.4609966426489853,0.552304175739065,-0.4310887955856604,0.0,0.0,9.667,0.0,0.0,1.0,0.0,0.0,0.0,0.0,0.027,0.0,0.0,0.0
5.5251,0.5456114280976663,0.4611975770087555,0.5514716260266214,-0.4306785462244812,0.0,0.0,9.6306,0.0,0.0,1.0,0.0,0.0,0.0,0.0,0.027,0.0,0.0,0.0
5.5452,0.5465676931292883,0.46124105326313614,0.5505956761285837,-0.43054018284075246,0.0,0.0,9.6328,0.0,0.0,1.0,0.0,0.0,0.0,0.0,0.027,0.0,0.0,0.0
5.5653,0.5477338026633227,0.46118604379150346,0.5493818171135145,-0.4306677761999039,0.0,0.0,9.5908,0.0,0.0,1.0,0.0,0.0,0.0,0.0,0.027,0.0,0.0,0.0
5.5854,0.5488911853778294,0.46118383617619974,0.5480371819776654,-0.43090971564157726,0.0,0.0,9.6247,0.0,0.0,1.0,0.0,0.0,0.0,0.0,0.027,0.0,0.0,0.0
5.6054,0.5501089327110403,0.46105910548027174,0.5468739389873847,-0.43096816386094483,0.0,0.0,9.6647,0.0,0.0,1.0,0.0,0.0,0.0,0.0,0.027,0.0,0.0,0.0
5.6255,0.5511574075818206,0.46082370179791704,0.5461533130888098,-0.43079413474543476,0.0,0.0,9.6656,0.0,0.0,1.0,0.0,0.0,0.0,0.0,0.027,0.0,0.0,0.0
5.6456,0.5522472722339397,0.46038906061653495,0.5454722566260677,-0.4307259922805482,0.0,0.0,9.665,0.0,0.0,1.0,0.0,0.0,0.0,0.0,0.027,0.0,0.0,0.0
5.6656,0.5535373365174368,0.4596637531511664,0.5446261862130134,-0.43091526825030646,0.0,0.0,9.6979,0.0,0.0,1.0,0.0,0.0,0.0,0.0,0.027,0.0,0.0,0.0
5.6857,0.5541425565578673,0.45929377664311555,0.5441324742477852,-0.4311555452703795,0.0,0.0,9.7421,0.0,0.0,1.0,0.0,0.0,0.0,0.0,0.027,0.0,0.0,0.0
5.7058,0.5544863460495949,0.4589083890974965,0.5439276822204112,-0.4313822654848496,0.0,0.0,9.7369,0.0,0.0,1.0,0.0,0.0,0.0,0.0,0.027,0.0,0.0,0.0
5.7258,0.5546891390109413,0.45849694148775616,0.5440071170762415,-0.43145888596721527,0.0,0.0,9.7758,0.0,0.0,1.0,0.0,0.0,0.0,0.0,0.027,0.0,0.0,0.0
5.7459,0.554675221830908,0.458119446206505,0.5442994608594837,-0.431509059235555,0.0,0.0,9.7721,0.0,0.0,1.0,0.0,0.0,0.0,0.0,0.027,0.0,0.0,0.0
5.766,0.5544471405249648,0.4578284189913876,0.544621067145378,-0.43170522390743193,0.0,0.0,9.7437,0.0,0.0,1.0,0.0,0.0,0.0,0.0,0.027,0.0,0.0,0.0
5.786,0.5540229013408904,0.45752569929656206,0.5451117903371494,-0.4319513807229255,0.0,0.0,9.7376,0.0,0.0,1.0,0.0,0.0,0.0,0.0,0.027,0.0,0.0,0.0
5.8061,0.5533556362920132,0.45722278848027276,0.5458474919746699,-0.43219830747371935,0.0,0.0,9.7296,0.0,0.0,1.0,0.0,0.0,0.0,0.0,0.027,0.0,0.0,0.0
5.8262,0.5525648836152208,0.45692048047645706,0.5467057363996668,-0.4324448655079158,0.0,0.0,9.7318,0.0,0.0,1.0,0.0,0.0,0.0,0.0,0.027,0.0,0.0,0.0
5.8462,0.551220038688086,0.45679697648113715,0.5479249667234605,-0.4327484512594948,0.0,0.0,9.6895,0.0,0.0,1.0,0.0,0.0,0.0,0.0,0.027,0.0,0.0,0.0
5.8663,0.5502911005428506,0.45690742287823627,0.5485821064418395,-0.43298150546408015,0.0,0.0,9.6936,0.0,0.0,1.0,0.0,0.0,0.0,0.0,0.027,0.0,0.0,0.0
5.8864,0.5494979185866027,0.4570902686125339,0.5488869209009677,-0.4334093583121712,0.0,0.0,9.5054,0.0,0.0,1.0,0.0,0.0,0.0,0.0,0.027,0.0,0.0,0.0
5.9064,0.5486009922871434,0.45728916400788844,0.549028005513389,-0.4341564474985004,0.0,0.0,9.5861,0.0,0.0,1.0,0.0,0.0,0.0,0.0,0.027,0.0,0.0,0.0
5.9265,0.5478531756804802,0.4575209818296423,0.5490121781676732,-0.4348759332338822,0.0,0.0,9.6898,0.0,0.0,1.0,0.0,0.0,0.0,0.0,0.027,0.0,0.0,0.0
5.9466,0.5471278766336435,0.45789342888891166,0.5490809083197401,-0.4353100624950969,0.0,0.0,9.6604,0.0,0.0,1.0,0.0,0.0,0.0,0.0,0.027,0.0,0.0,0.0
5.9666,0.5466482776497129,0.45814448035267463,0.5491503567317254,-0.4355607665600735,0.0,0.0,9.6602,0.0,0.0,1.0,0.0,0.0,0.0,0.0,0.027,0.0,0.0,0.0
5.9867,0.5465146130448677,0.45819570595478,0.5491996406217702,-0.43561247401094705,0.0,0.0,9.621,0.0,0.0,1.0,0.0,0.0,0.0,0.0,0.027,0.0,0.0,0.0
6.0068,0.5467063259373002,0.45808100359210147,0.5491473899031402,-0.4355584134083054,0.0,0.0,9.664,0.0,0.0,1.0,0.0,0.0,0.0,0.0,0.027,0.0,0.0,0.0
6.0268,0.5471759053850285,0.45776057449591023,0.5490068916834314,-0.4354827412049135,0.0,0.0,9.659,0.0,0.0,1.0,0.0,0.0,0.0,0.0,0.027,0.0,0.0,0.0
6.0469,0.5477238950656501,0.45751573583001104,0.5487618853913004,-0.4353599423279791,0.0,0.0,9.657,0.0,0.0,1.0,0.0,0.0,0.0,0.0,0.027,0.0,0.0,0.0
6.067,0.5483373844821519,0.457272818851581,0.548398384191189,-0.43530092365545847,0.0,0.0,9.657,0.0,0.0,1.0,0.0,0.0,0.0,0.0,0.027,0.0,0.0,0.0
6.087,0.5488886451265901,0.4570307045155771,0.5480956456392888,-0.43524171860282745,0.0,0.0,9.6602,0.0,0.0,1.0,0.0,0.0,0.0,0.0,0.027,0.0,0.0,0.0
6.1071,0.549382485682103,0.4567915611452075,0.5477964698454522,-0.435246346012392,0.0,0.0,9.6917,0.0,0.0,1.0,0.0,0.0,0.0,0.0,0.027,0.0,0.0,0.0
6.1272,0.5498625205252429,0.4565401110600691,0.5474815355918764,-0.43530024546380364,0.0,0.0,9.6881,0.0,0.0,1.0,0.0,0.0,0.0,0.0,0.027,0.0,0.0,0.0
6.1472,0.5503657820645316,0.45643077113217245,0.5470087101973505,-0.43537332034062204,0.0,0.0,9.7323,0.0,0.0,1.0,0.0,0.0,0.0,0.0,0.027,0.0,0.0,0.0
6.1673,0.550898980661484,0.45641766999361993,0.5464440131647618,-0.435421823178539,0.0,0.0,9.819,0.0,0.0,1.0,0.0,0.0,0.0,0.0,0.027,0.0,0.0,0.0
6.1874,0.5514597970827794,0.45630462423647183,0.5459657293649998,-0.4354303669483514,0.0,0.0,9.8192,0.0,0.0,1.0,0.0,0.0,0.0,0.0,0.027,0.0,0.0,0.0
6.2074,0.551949503574249,0.4560010253502386,0.5457234076523056,-0.4354317084503912,0.0,0.0,9.7781,0.0,0.0,1.0,0.0,0.0,0.0,0.0,0.027,0.0,0.0,0.0
6.2275,0.5523146762003129,0.45563333250007676,0.5456615837340565,-0.43543105172398905,0.0,0.0,9.7784,0.0,0.0,1.0,0.0,0.0,0.0,0.0,0.027,0.0,0.0,0.0
6.2476,0.552560960104402,0.45533020748610803,0.5456638357813258,-0.4354328488292651,0.0,0.0,9.7752,0.0,0.0,1.0,0.0,0.0,0.0,0.0,0.027,0.0,0.0,0.0
6.2676,0.5526022744190069,0.4550699909485367,0.5457053958013369,-0.43560033360678874,0.0,0.0,9.7746,0.0,0.0,1.0,0.0,0.0,0.0,0.0,0.027,0.0,0.0,0.0
6.2877,0.5525403909376315,0.4548252671187397,0.5458265198474423,-0.43578263274720597,0.0,0.0,9.7362,0.0,0.0,1.0,0.0,0.0,0.0,0.0,0.027,0.0,0.0,0.0
6.3078,0.5523596593376627,0.45464413484765165,0.5460127551762775,-0.4359674168671576,0.0,0.0,9.7762,0.0,0.0,1.0,0.0,0.0,0.0,0.0,0.027,0.0,0.0,0.0
6.3279,0.5523596593376627,0.45464413484765165,0.5460127551762775,-0.4359674168671576,0.0,0.0,9.7762,0.0,0.0,1.0,0.0,0.0,0.0,0.0,0.027,0.0,0.0,0.0
6.3479,0.5519973558046877,0.4544031769072226,0.5463824030457426,-0.4362143299379518,0.0,0.0,9.6974,0.0,0.0,1.0,0.0,0.0,0.0,0.0,0.027,0.0,0.0,0.0
6.368,0.5517455099778352,0.45415271921397343,0.5465576274174285,-0.436574117145856,0.0,0.0,9.7323,0.0,0.0,1.0,0.0,0.0,0.0,0.0,0.027,0.0,0.0,0.0
6.3881,0.5514615709157039,0.4539860559335798,0.5465784950220532,-0.43707979317337925,0.0,0.0,9.6623,0.0,0.0,1.0,0.0,0.0,0.0,0.0,0.027,0.0,0.0,0.0
6.4082,0.5512659965882902,0.4537927044602094,0.5465050311634405,-0.4376188219184078,0.0,0.0,9.662,0.0,0.0,1.0,0.0,0.0,0.0,0.0,0.027,0.0,0.0,0.0
6.4283,0.5511383345765795,0.4535448690165722,0.5465004074976584,-0.43804211276290356,0.0,0.0,9.6581,0.0,0.0,1.0,0.0,0.0,0.0,0.0,0.027,0.0,0.0,0.0
6.4483,0.5509614789060401,0.4533059257591044,0.5466284987329256,-0.4383519941854247,0.0,0.0,9.6589,0.0,0.0,1.0,0.0,0.0,0.0,0.0,0.027,0.0,0.0,0.0
6.4684,0.5507953687594923,0.45307581952109927,0.5468282652685063,-0.4385494405672131,0.0,0.0,9.6229,0.0,0.0,1.0,0.0,0.0,0.0,0.0,0.027,0.0,0.0,0.0
6.4885,0.5507100899583894,0.45287285054191856,0.5468041602456909,-0.43889610205385127,0.0,0.0,9.6185,0.0,0.0,1.0,0.0,0.0,0.0,0.0,0.027,0.0,0.0,0.0
6.5086,0.5505925905892656,0.45275455181930424,0.5466256295634944,-0.439387683144869,0.0,0.0,9.5789,0.0,0.0,1.0,0.0,0.0,0.0,0.0,0.027,0.0,0.0,0.0
6.5286,0.5504660114301622,0.4528117834307146,0.5463160867332906,-0.43987201823131206,0.0,0.0,9.6187,0.0,0.0,1.0,0.0,0.0,0.0,0.0,0.027,0.0,0.0,0.0
6.5487,0.5504688075043004,0.45281408347338903,0.5460138657131385,-0.44024124775166534,0.0,0.0,9.5835,0.0,0.0,1.0,0.0,0.0,0.0,0.0,0.027,0.0,0.0,0.0
6.5687,0.5506447551657754,0.4526862892898075,0.5457008830606438,-0.4405406034910763,0.0,0.0,9.5827,0.0,0.0,1.0,0.0,0.0,0.0,0.0,0.027,0.0,0.0,0.0
6.5888,0.550971914470595,0.4525215002734503,0.5452958329361662,-0.44080233193272234,0.0,0.0,9.6605,0.0,0.0,1.0,0.0,0.0,0.0,0.0,0.027,0.0,0.0,0.0
6.6089,0.5512718833913575,0.4525775462073521,0.5448018612868678,-0.440980506586677,0.0,0.0,9.6604,0.0,0.0,1.0,0.0,0.0,0.0,0.0,0.027,0.0,0.0,0.0
6.6289,0.55151327338505,0.4526974035742799,0.5443112828736232,-0.4411614187728606,0.0,0.0,9.657,0.0,0.0,1.0,0.0,0.0,0.0,0.0,0.027,0.0,0.0,0.0
6.649,0.5517692336440494,0.4528902205350004,0.5438340720895899,-0.441231983181265,0.0,0.0,9.657,0.0,0.0,1.0,0.0,0.0,0.0,0.0,0.027,0.0,0.0,0.0
6.6691,0.5520151890642659,0.45295282220924327,0.543530986354817,-0.44123354220546757,0.0,0.0,9.6218,0.0,0.0,1.0,0.0,0.0,0.0,0.0,0.027,0.0,0.0,0.0
6.6891,0.5523034544010452,0.45300009189461055,0.5432095127810349,-0.4412201675176893,0.0,0.0,9.6566,0.0,0.0,1.0,0.0,0.0,0.0,0.0,0.027,0.0,0.0,0.0
6.7092,0.5524980220123837,0.4531925801439014,0.5427938811128052,-0.4412904073299294,0.0,0.0,9.6616,0.0,0.0,1.0,0.0,0.0,0.0,0.0,0.027,0.0,0.0,0.0
6.7293,0.5527936653645017,0.453489905118196,0.54205169129935,-0.4415269340009545,0.0,0.0,9.7362,0.0,0.0,1.0,0.0,0.0,0.0,0.0,0.027,0.0,0.0,0.0
6.7494,0.5529706898311832,0.45360618310350387,0.5416788595273676,-0.4416433628834768,0.0,0.0,9.7362,0.0,0.0,1.0,0.0,0.0,0.0,0.0,0.027,0.0,0.0,0.0
6.7694,0.5531020122376201,0.4536138301632858,0.54138299079052,-0.4418338086045485,0.0,0.0,9.7409,0.0,0.0,1.0,0.0,0.0,0.0,0.0,0.027,0.0,0.0,0.0
6.7895,0.5532180986446202,0.45360898115313714,0.5410722062537804,-0.44207408334905884,0.0,0.0,9.776,0.0,0.0,1.0,0.0,0.0,0.0,0.0,0.027,0.0,0.0,0.0
6.8096,0.5532165013829056,0.4536076714847428,0.5408266469261419,-0.4423778034016552,0.0,0.0,9.819,0.0,0.0,1.0,0.0,0.0,0.0,0.0,0.027,0.0,0.0,0.0
6.8296,0.5531096328966005,0.4534980781663968,0.5407184394957177,-0.44275591050339264,0.0,0.0,9.7792,0.0,0.0,1.0,0.0,0.0,0.0,0.0,0.027,0.0,0.0,0.0
6.8497,0.5529837757383683,0.4534339159950889,0.5406536692517675,-0.4430578263839802,0.0,0.0,9.7395,0.0,0.0,1.0,0.0,0.0,0.0,0.0,0.027,0.0,0.0,0.0
6.8698,0.5527995148564547,0.45343370331020044,0.5405924151579178,-0.4433626210570698,0.0,0.0,9.6972,0.0,0.0,1.0,0.0,0.0,0.0,0.0,0.027,0.0,0.0,0.0
6.8898,0.5526221537411853,0.45343833136244893,0.5404149294487006,-0.44379515418112414,0.0,0.0,9.7018,0.0,0.0,1.0,0.0,0.0,0.0,0.0,0.027,0.0,0.0,0.0
6.9099,0.5524266900806858,0.45342810403379513,0.5402807408678098,-0.4442121425694556,0.0,0.0,9.6229,0.0,0.0,1.0,0.0,0.0,0.0,0.0,0.027,0.0,0.0,0.0
6.93,0.5522428632526017,0.45342742452571344,0.5402189315487067,-0.4445164751400341,0.0,0.0,9.6184,0.0,0.0,1.0,0.0,0.0,0.0,0.0,0.027,0.0,0.0,0.0
6.9501,0.5520589650803605,0.4534266859695141,0.5401570520697324,-0.4448207488690716,0.0,0.0,9.6226,0.0,0.0,1.0,0.0,0.0,0.0,0.0,0.027,0.0,0.0,0.0
6.9701,0.5519387897752007,0.4534281842584066,0.5399758376805371,-0.44518821725514424,0.0,0.0,9.5835,0.0,0.0,1.0,0.0,0.0,0.0,0.0,0.027,0.0,0.0,0.0
6.9902,0.5519515439167997,0.4533776608623303,0.5397443107223235,-0.44550451046173156,0.0,0.0,9.6184,0.0,0.0,1.0,0.0,0.0,0.0,0.0,0.027,0.0,0.0,0.0
7.0103,0.5519976570728458,0.4534264325972377,0.5393637564720176,-0.44585849213918277,0.0,0.0,9.6613,0.0,0.0,1.0,0.0,0.0,0.0,0.0,0.027,0.0,0.0,0.0
7.0303,0.552070832582859,0.4534974340588543,0.5390696481267196,-0.44605132841617967,0.0,0.0,9.6613,0.0,0.0,1.0,0.0,0.0,0.0,0.0,0.027,0.0,0.0,0.0
7.0504,0.5522010726350506,0.45356520169104986,0.5387726817817253,-0.44617998673336395,0.0,0.0,9.6965,0.0,0.0,1.0,0.0,0.0,0.0,0.0,0.027,0.0,0.0,0.0
7.0705,0.5524282001127192,0.45355134328126145,0.5385122202623338,-0.446227353886017,0.0,0.0,9.7362,0.0,0.0,1.0,0.0,0.0,0.0,0.0,0.027,0.0,0.0,0.0
7.0905,0.5526764880236178,0.4535548624522781,0.5381503963472904,-0.4463528169990968,0.0,0.0,9.815,0.0,0.0,1.0,0.0,0.0,0.0,0.0,0.027,0.0,0.0,0.0
7.1106,0.5528519546436319,0.4536096808242323,0.5377770649503796,-0.4465297326299885,0.0,0.0,9.8143,0.0,0.0,1.0,0.0,0.0,0.0,0.0,0.027,0.0,0.0,0.0
7.1307,0.5529672870971545,0.45372538923002015,0.5374646154733366,-0.4466455391947606,0.0,0.0,9.7758,0.0,0.0,1.0,0.0,0.0,0.0,0.0,0.027,0.0,0.0,0.0
7.1507,0.5530367509003826,0.4538543335986454,0.5372278437779608,-0.4467133755518865,0.0,0.0,9.7766,0.0,0.0,1.0,0.0,0.0,0.0,0.0,0.027,0.0,0.0,0.0
7.1708,0.5531604821496333,0.4539167544704754,0.5370465263656873,-0.44671477423242306,0.0,0.0,9.7762,0.0,0.0,1.0,0.0,0.0,0.0,0.0,0.027,0.0,0.0,0.0
7.1909,0.5533864508737708,0.4540249609530393,0.5367850373411992,-0.44663922186428073,0.0,0.0,9.7018,0.0,0.0,1.0,0.0,0.0,0.0,0.0,0.027,0.0,0.0,0.0
7.2109,0.5533917744249407,0.4542123239473266,0.5366682043236359,-0.44658252008025207,0.0,0.0,9.738,0.0,0.0,1.0,0.0,0.0,0.0,0.0,0.027,0.0,0.0,0.0
7.231,0.5533917744249407,0.4542123239473266,0.5366682043236359,-0.44658252008025207,0.0,0.0,9.738,0.0,0.0,1.0,0.0,0.0,0.0,0.0,0.027,0.0,0.0,0.0
7.2511,0.5533399371381456,0.45434184293518126,0.5365550907134672,-0.4466509133044275,0.0,0.0,9.7418,0.0,0.0,1.0,0.0,0.0,0.0,0.0,0.027,0.0,0.0,0.0
7.2712,0.5532702317552782,0.45439569226874565,0.5364856494430981,-0.44676588213815677,0.0,0.0,9.739,0.0,0.0,1.0,0.0,0.0,0.0,0.0,0.027,0.0,0.0,0.0
7.2912,0.5531554138679987,0.45440158967809724,0.5364926122632564,-0.44689367907085953,0.0,0.0,9.777,0.0,0.0,1.0,0.0,0.0,0.0,0.0,0.027,0.0,0.0,0.0
7.3113,0.5529801324682507,0.45440793059863094,0.536561098843111,-0.44702191547254033,0.0,0.0,9.738,0.0,0.0,1.0,0.0,0.0,0.0,0.0,0.027,0.0,0.0,0.0
7.3314,0.5527250750218422,0.4544606617197901,0.536734333228006,-0.4470757809651483,0.0,0.0,9.7018,0.0,0.0,1.0,0.0,0.0,0.0,0.0,0.027,0.0,0.0,0.0
7.3515,0.5524285309624123,0.4545286140840075,0.5369255441251712,-0.44714362035421173,0.0,0.0,9.7018,0.0,0.0,1.0,0.0,0.0,0.0,0.0,0.027,0.0,0.0,0.0
7.3715,0.5521896174366173,0.4545328008255352,0.537113491369313,-0.4472087395813765,0.0,0.0,9.702,0.0,0.0,1.0,0.0,0.0,0.0,0.0,0.027,0.0,0.0,0.0
7.3916,0.551932258733342,0.4545218014784318,0.53734548975234,-0.4472589165048925,0.0,0.0,9.662,0.0,0.0,1.0,0.0,0.0,0.0,0.0,0.027,0.0,0.0,0.0
7.4117,0.5516354991444309,0.4545895872569354,0.5375365119455584,-0.4473265938513455,0.0,0.0,9.6229,0.0,0.0,1.0,0.0,0.0,0.0,0.0,0.027,0.0,0.0,0.0
7.4318,0.5513264012989845,0.45470820720667576,0.5376545153383551,-0.4474452677880062,0.0,0.0,9.6191,0.0,0.0,1.0,0.0,0.0,0.0,0.0,0.027,0.0,0.0,0.0
7.4519,0.5510346110581316,0.45484193328072997,0.537729378990388,-0.44757880659842836,0.0,0.0,9.6229,0.0,0.0,1.0,0.0,0.0,0.0,0.0,0.027,0.0,0.0,0.0
7.4719,0.5508223612332345,0.4549397797866309,0.5378838225379339,-0.44755504307863225,0.0,0.0,9.6581,0.0,0.0,1.0,0.0,0.0,0.0,0.0,0.027,0.0,0.0,0.0
7.492,0.55065847541683,0.4550165665298118,0.5380244874525613,-0.44750957368132654,0.0,0.0,9.6232,0.0,0.0,1.0,0.0,0.0,0.0,0.0,0.027,0.0,0.0,0.0
7.5121,0.550582614958999,0.4550652840190326,0.5380709645745679,-0.4474974954872732,0.0,0.0,9.6226,0.0,0.0,1.0,0.0,0.0,0.0,0.0,0.027,0.0,0.0,0.0
7.5322,0.5505428912767627,0.4551438704261739,0.5380307573862979,-0.4475147887885175,0.0,0.0,9.6185,1.2,0.0,1.0,0.0,0.0,0.0,0.0,0.027,0.0,0.0,0.0
7.5523,0.5504303253817113,0.4552736759783132,0.5379789787045174,-0.4475834618631722,0.0,0.0,9.5835,1.2,0.0,1.0,0.0,0.0,0.0,0.0,0.027,0.0,0.0,0.0
7.5723,0.5503480007813248,0.45543903536242064,0.537836137170311,-0.44768811985339185,0.0676,0.0,9.959,1.2,0.0,1.0,0.0,0.0,0.0,0.0,-0.0541,0.0,0.0,0.0
7.5924,0.5507806773059575,0.45471173359129397,0.5382076846722832,-0.44744873784657296,0.2705,0.0,11.0606,1.2,0.0,1.0,0.0,0.0,0.0,0.0,-0.1217,0.0,0.0,0.0
7.6125,0.5505385670601624,0.4502572816182026,0.541932542563862,-0.4477552744964569,0.3381,0.0,9.6168,1.2,0.0,1.0,0.0,0.0,0.0,0.0,-0.1082,0.0,0.0,0.0
7.6326,0.549506027050051,0.4487969224601392,0.5441339681286446,-0.44781991174416486,0.5003,0.0,9.5979,1.2,0.0,1.0,0.0,0.0,0.0,0.0,-0.1082,0.0,0.0,0.0
7.6526,0.5484587526670595,0.4487893427930373,0.5451017725431796,-0.44793434785532005,0.6356,0.0,9.9289,1.2,0.0,1.0,0.0,0.0,0.0,0.0,-0.0947,0.0,0.0,0.0
7.6727,0.5471762562402491,0.4509249147883749,0.5449792712719391,-0.44750693817404485,0.6897,0.0,10.0408,1.2,0.0,1.0,0.0,0.0,0.0,0.0,-0.0676,0.0,0.0,0.0
7.6928,0.5459024783266205,0.45404472476890745,0.5440104628054171,-0.447086667688287,0.8114,0.0,10.6693,1.2,0.0,1.0,0.0,0.0,0.0,0.0,-0.0541,0.0,0.0,0.0
7.7128,0.5448723714985324,0.45624752189594653,0.5433463396502138,-0.4469083269867408,0.879,0.0038,10.2265,1.2,0.0,1.0,0.0,0.0,0.0,0.0,0.0541,0.0,0.0,0.0
7.7329,0.544370610627902,0.45763999130922045,0.5430886162548803,-0.44640904060453473,0.9736,0.0038,11.5374,1.2,0.0,1.0,0.0,0.0,0.0,0.0,0.0406,0.0,0.0,0.0
7.753,0.5450531301712468,0.4574046619739649,0.541940078024589,-0.4472124912451701,1.0007,0.0038,10.4333,1.2,0.0,1.0,0.0,0.0,0.0,0.0,0.0541,0.0,0.0,0.0
7.773,0.5455374169554053,0.45770754484198883,0.5405933678630926,-0.44794144786878376,1.0683,0.0038,9.9735,1.2,0.0,1.0,0.0,0.0,0.0,0.0,0.0541,0.0,0.0,0.0
7.7931,0.5459541063374591,0.4584308908522674,0.5393631654153933,-0.4481769827632273,1.1089,0.0038,9.3259,1.2,0.0,1.0,0.0,0.0,0.0,0.0,0.0406,0.0,0.0,0.0
7.8131,0.5468126096437644,0.45879983342995734,0.5380236319911093,-0.44836285996758823,1.0953,0.0038,9.6242,1.2,0.0,1.0,0.0,0.0,0.0,0.0,0.0541,0.0,0.0,0.0
7.8332,0.5476039451125704,0.458371442908928,0.5375340012892016,-0.44842249841054704,1.1089,0.0038,9.4694,1.2,0.0,1.0,0.0,0.0,0.0,0.0,0.0406,0.0,0.0,0.0
7.8533,0.5485081019176146,0.45732357858940137,0.5371554102691868,-0.4488408089907389,1.1359,0.0038,9.7556,1.2,0.0,1.0,0.0,0.0,0.0,0.0,0.027,0.0,0.0,0.0
7.8755,0.5494429711976049,0.4556921229676399,0.5371138596474477,-0.44940606609325534,1.1494,0.0038,8.5465,1.2,0.0,1.0,0.0,0.0,0.0,0.0,0.027,0.0,0.0,0.0
7.8956,0.5501859392426277,0.4544193388845008,0.5364525663392595,-0.45057423447807476,1.19,0.0038,9.8015,1.2,0.0,1.0,0.0,0.0,0.0,0.0,-0.0135,0.0,0.0,0.0
7.9156,0.5504844704635733,0.4536199799816756,0.5362632516375712,-0.45123994335936457,1.1494,0.0038,9.3174,1.2,0.0,1.0,0.0,0.0,0.0,0.0,-0.027,0.0,0.0,0.0
7.9357,0.5499302216054364,0.4541656605967514,0.536014140082141,-0.4516626459335718,1.1765,0.0,13.7607,1.2,0.0,1.0,0.0,0.0,0.0,0.0,0.0541,0.0,0.0,0.0
7.9558,0.550230484725656,0.45318475197894903,0.536436522712713,-0.4517807558454003,1.2035,0.0,10.0161,1.2,0.0,1.0,0.0,0.0,0.0,0.0,-0.0676,0.0,0.0,0.0
7.9758,0.5494028098058964,0.45308528500810663,0.5371952363193826,-0.45198623337693783,1.19,0.0,11.1409,1.2,0.0,1.0,0.0,0.0,0.0,0.0,-0.027,0.0,0.0,0.0
7.9959,0.5477857864368861,0.4535476833500779,0.5386298735784856,-0.45177770019593105,1.1765,0.0,10.1408,1.2,0.0,1.0,0.0,0.0,0.0,0.0,-0.0135,0.0,0.0,0.0
8.016,0.5469458027652907,0.4535601290385037,0.5389496594525244,-0.4524011082656804,1.2035,0.0,9.328,1.2,0.0,1.0,0.0,0.0,0.0,0.0,-0.0135,0.0,0.0,0.0
8.036,0.545727653858503,0.45405152815218286,0.5395635109297146,-0.4526474955966965,1.2035,0.0,9.5414,1.2,0.0,1.0,0.0,0.0,0.0,0.0,-0.0135,0.0,0.0,0.0
8.0561,0.5440091220827507,0.4550806117196758,0.5405911024666457,-0.452456596660384,1.19,0.0,9.8134,1.2,0.0,1.0,0.0,0.0,0.0,0.0,-0.0135,0.0,0.0,0.0
8.0762,0.542547483925695,0.4558156072629491,0.5413874722006051,-0.4525195739475209,1.19,0.0,9.7278,1.2,0.0,1.0,0.0,0.0,0.0,0.0,-0.0135,0.0,0.0,0.0
8.0963,0.5414416784824383,0.45629788629617163,0.5419906771424762,-0.4526358952341344,1.19,0.0,9.7308,1.2,0.0,1.0,0.0,0.0,0.0,0.0,-0.0135,0.0,0.0,0.0
8.1164,0.5405941771397925,0.45667021817639913,0.542670200861633,-0.4524591700585431,1.19,0.0,9.7269,1.2,0.0,1.0,0.0,0.0,0.0,0.0,-0.0135,0.0,0.0,0.0
8.1364,0.5399152139909619,0.45709048797047824,0.5431502032898,-0.45226950391802123,1.19,0.0,9.6904,1.2,0.0,1.0,0.0,0.0,0.0,0.0,-0.0135,0.0,0.0,0.0
8.1565,0.5394861468307943,0.4575777318448565,0.5432701198045431,-0.45214477064866815,1.19,0.0,9.7293,1.2,0.0,1.0,0.0,0.0,0.0,0.0,-0.0135,0.0,0.0,0.0
8.1766,0.5392462411881811,0.458069204880201,0.5430912429079315,-0.45214820223191954,1.19,0.0,9.6883,1.2,0.0,1.0,0.0,0.0,0.0,0.0,-0.0135,0.0,0.0,0.0
8.1966,0.5391867518365087,0.4584974896742895,0.5427877635363209,-0.45214946904934983,1.19,0.0,9.6883,1.2,0.0,1.0,0.0,0.0,0.0,0.0,-0.0135,0.0,0.0,0.0
8.2167,0.5392899082030903,0.4589084557446625,0.5424018095771278,-0.4520726723921819,1.19,0.0,9.6223,1.2,0.0,1.0,0.0,0.0,0.0,0.0,-0.0135,0.0,0.0,0.0
8.2368,0.5394890820932864,0.45935021844451823,0.5418690780438731,-0.45202523090752345,1.19,0.0,9.6224,1.2,0.0,1.0,0.0,0.0,0.0,0.0,-0.0135,0.0,0.0,0.0
8.2569,0.539807655685403,0.4597277782282651,0.5412726900328481,-0.4519755964798732,1.19,0.0,9.6195,1.2,0.0,1.0,0.0,0.0,0.0,0.0,-0.0135,0.0,0.0,0.0
8.2769,0.5400836498293343,0.46025206660312595,0.5405716350563603,-0.4519513178950473,1.19,0.0,9.6213,1.2,0.0,1.0,0.0,0.0,0.0,0.0,-0.0135,0.0,0.0,0.0
8.297,0.5402750932869247,0.46086925536006973,0.5398480995358098,-0.45195838576713476,1.19,0.0,9.6623,1.2,0.0,1.0,0.0,0.0,0.0,0.0,-0.0135,0.0,0.0,0.0
8.3171,0.5406009446607952,0.4613150461641831,0.5390749081199318,-0.4520368239976481,1.19,0.0,9.6233,1.2,0.0,1.0,0.0,0.0,0.0,0.0,-0.0135,0.0,0.0,0.0
8.3371,0.5410089149790348,0.46141995727134877,0.5383839493554303,-0.45226507716312087,1.19,0.0,9.6233,1.2,0.0,1.0,0.0,0.0,0.0,0.0,-0.0135,0.0,0.0,0.0
8.3572,0.5414470730958677,0.461307470236786,0.5377240450889751,-0.4526404050378235,1.19,0.0,9.6187,1.2,0.0,1.0,0.0,0.0,0.0,0.0,-0.0135,0.0,0.0,0.0
8.3773,0.5418723751689196,0.46130602202543647,0.5369893537653545,-0.4530049856398142,1.19,0.0,9.6187,1.2,0.0,1.0,0.0,0.0,0.0,0.0,-0.0135,0.0,0.0,0.0
8.3973,0.5419748652493447,0.4613504142233906,0.536604035050275,-0.4532936689405932,1.19,0.0,9.6568,1.2,0.0,1.0,0.0,0.0,0.0,0.0,-0.0135,0.0,0.0,0.0
8.4174,0.5419748652493447,0.4613504142233906,0.536604035050275,-0.4532936689405932,1.19,0.0,9.6568,1.2,0.0,1.0,0.0,0.0,0.0,0.0,-0.0135,0.0,0.0,0.0
8.4375,0.5419455033030878,0.46137734717414036,0.5363303530329485,-0.4536251397130327,1.19,0.0,9.7004,1.2,0.0,1.0,0.0,0.0,0.0,0.0,-0.0135,0.0,0.0,0.0
8.4575,0.5418655875373983,0.4613612430918704,0.5361286342539503,-0.4539753032362755,1.19,0.0,9.6184,1.2,0.0,1.0,0.0,0.0,0.0,0.0,-0.0135,0.0,0.0,0.0
8.4776,0.541676029801313,0.46135565647557125,0.536122142280445,-0.45421480109449114,1.19,0.0,9.657,1.2,0.0,1.0,0.0,0.0,0.0,0.0,-0.0135,0.0,0.0,0.0
8.4977,0.5414989807086559,0.46136072353047997,0.536189029927936,-0.45434178859076757,1.19,0.0,9.6609,1.2,0.0,1.0,0.0,0.0,0.0,0.0,-0.0135,0.0,0.0,0.0
8.5178,0.5413041919143244,0.46135067455826057,0.5362993473202088,-0.454453888710985,1.19,0.0,9.6924,1.2,0.0,1.0,0.0,0.0,0.0,0.0,-0.0135,0.0,0.0,0.0
8.5379,0.541197747430382,0.4613029323421234,0.5364367584494045,-0.4544669481635976,1.19,0.0,9.6924,1.2,0.0,1.0,0.0,0.0,0.0,0.0,-0.0135,0.0,0.0,0.0
8.558,0.5410760539377334,0.4613031934192216,0.5365590618356173,-0.4544672053718304,1.19,0.0,9.7392,1.2,0.0,1.0,0.0,0.0,0.0,0.0,-0.0135,0.0,0.0,0.0
8.5781,0.540916610421216,0.4613232834044168,0.5365824292515868,-0.45460900274615834,1.19,0.0,9.778,1.2,0.0,1.0,0.0,0.0,0.0,0.0,-0.0135,0.0,0.0,0.0
8.5982,0.5407668809870545,0.46130048628135034,0.5366169125972994,-0.45476953602749726,1.19,0.0,9.7385,1.2,0.0,1.0,0.0,0.0,0.0,0.0,-0.0135,0.0,0.0,0.0
8.6182,0.5406303606504737,0.46122709824212443,0.5367244953132572,-0.45487931709500473,1.19,0.0,9.7385,1.2,0.0,1.0,0.0,0.0,0.0,0.0,-0.0135,0.0,0.0,0.0
8.6383,0.5406453609675193,0.4612398954381519,0.5367393872582565,-0.4548309385762308,1.19,0.0,9.7666,1.2,0.0,1.0,0.0,0.0,0.0,0.0,-0.0135,0.0,0.0,0.0
8.6584,0.540708927284568,0.461242084939276,0.5366199353967417,-0.4548940975330834,1.19,0.0,9.7273,1.2,0.0,1.0,0.0,0.0,0.0,0.0,-0.0135,0.0,0.0,0.0
8.6784,0.540821306169328,0.46135502441754106,0.5363654025164619,-0.45494616299222274,1.19,0.0,9.7392,1.2,0.0,1.0,0.0,0.0,0.0,0.0,-0.0135,0.0,0.0,0.0
8.6985,0.5410087736466475,0.4614808359158884,0.5360648396836797,-0.4549499231504875,1.19,0.0,9.7398,1.2,0.0,1.0,0.0,0.0,0.0,0.0,-0.0135,0.0,0.0,0.0
8.7186,0.5411988335253702,0.4616088580075215,0.5357058352150356,-0.4550168600352429,1.19,0.0,9.7355,1.2,0.0,1.0,0.0,0.0,0.0,0.0,-0.0135,0.0,0.0,0.0
8.7386,0.5414450203479282,0.461610722454232,0.5354019977989942,-0.45507969808436805,1.19,0.0,9.7004,1.2,0.0,1.0,0.0,0.0,0.0,0.0,-0.0135,0.0,0.0,0.0
8.7587,0.5415714728993016,0.4617365187064662,0.5351623962975796,-0.4550834391884047,1.19,0.0,9.7004,1.2,0.0,1.0,0.0,0.0,0.0,0.0,-0.0135,0.0,0.0,0.0
8.7788,0.5416826169405656,0.46191026242365857,0.5349076717604666,-0.455074317737141,1.19,0.0,9.6971,1.2,0.0,1.0,0.0,0.0,0.0,0.0,-0.0135,0.0,0.0,0.0
8.7989,0.5417072701319305,0.46217529412674224,0.5346880074783021,-0.45503402690782796,1.19,0.0,9.6998,1.2,0.0,1.0,0.0,0.0,0.0,0.0,-0.0135,0.0,0.0,0.0
8.8189,0.5418156725219535,0.46234669385239535,0.5344915823249454,-0.4549616029041561,1.19,0.0,9.7011,1.2,0.0,1.0,0.0,0.0,0.0,0.0,-0.0135,0.0,0.0,0.0
8.839,0.5418048954371109,0.4625814956115087,0.5343589518455045,-0.4548915538683642,1.19,0.0,9.7021,1.2,0.0,1.0,0.0,0.0,0.0,0.0,-0.0135,0.0,0.0,0.0
8.8591,0.5417636616581661,0.46272137665210894,0.5343174463981069,-0.454847149018788,1.19,0.0,9.6979,1.2,0.0,1.0,0.0,0.0,0.0,0.0,-0.0135,0.0,0.0,0.0
8.8791,0.5416878731942426,0.462708745880853,0.534363861388025,-0.454895733286372,1.19,0.0,9.6971,1.2,0.0,1.0,0.0,0.0,0.0,0.0,-0.0135,0.0,0.0,0.0
8.8992,0.5416271130608391,0.462708950881521,0.534425098260471,-0.454895934825526,1.19,0.0,9.6965,1.2,0.0,1.0,0.0,0.0,0.0,0.0,-0.0135,0.0,0.0,0.0
8.9193,0.5413737530793117,0.4628229496689912,0.5345378572127144,-0.45494906961434123,1.19,0.0,9.7004,1.2,0.0,1.0,0.0,0.0,0.0,0.0,-0.0135,0.0,0.0,0.0
8.9393,0.5411379988944551,0.462951999054189,0.5346069989077981,-0.4550169990704003,1.19,0.0,9.6575,1.2,0.0,1.0,0.0,0.0,0.0,0.0,-0.0135,0.0,0.0,0.0
8.9594,0.5409732743699086,0.4629676392973498,0.5347470640451553,-0.4550323712397015,1.19,0.0,9.6962,1.2,0.0,1.0,0.0,0.0,0.0,0.0,-0.0135,0.0,0.0,0.0
8.9795,0.5408366597247988,0.462955132717336,0.5348546192456236,-0.4550810794353191,1.19,0.0,9.6576,1.2,0.0,1.0,0.0,0.0,0.0,0.0,-0.0135,0.0,0.0,0.0
8.9995,0.5407169711116889,0.4629579686155213,0.5349188963608881,-0.45514486788630315,1.19,0.0,9.6962,1.2,0.0,1.0,0.0,0.0,0.0,0.0,-0.0135,0.0,0.0,0.0
9.0196,0.5405879622134433,0.46301296763585764,0.534850962614454,-0.45532196817345083,1.19,0.0,9.6962,1.2,0.0,1.0,0.0,0.0,0.0,0.0,-0.0135,0.0,0.0,0.0
9.0397,0.5405326374718384,0.46295682839684693,0.5347955776373141,-0.4555097507277338,1.19,0.0,9.6575,1.2,0.0,1.0,0.0,0.0,0.0,0.0,-0.0135,0.0,0.0,0.0
9.0598,0.5405939300197963,0.46283507704770044,0.5347348657490654,-0.45563199803386273,1.19,0.0,9.6569,1.2,0.0,1.0,0.0,0.0,0.0,0.0,-0.0135,0.0,0.0,0.0
9.0798,0.5406397081946589,0.46282204562245355,0.5346588109864662,-0.4556801683676612,1.19,0.0,9.6214,1.2,0.0,1.0,0.0,0.0,0.0,0.0,-0.0135,0.0,0.0,0.0
9.0999,0.5406573274004782,0.4627761278459626,0.5346152343379671,-0.45575701973511074,1.19,0.0,9.6603,1.2,0.0,1.0,0.0,0.0,0.0,0.0,-0.0135,0.0,0.0,0.0
9.12,0.5407181270337067,0.4627759555570663,0.5345540343869352,-0.4557568500593882,1.19,0.0,9.6229,1.2,0.0,1.0,0.0,0.0,0.0,0.0,-0.0135,0.0,0.0,0.0
9.1401,0.5408861707058148,0.4627623015440348,0.5343552652402714,-0.45580440225920077,1.19,0.0,9.6576,1.2,0.0,1.0,0.0,0.0,0.0,0.0,-0.0135,0.0,0.0,0.0
9.1602,0.5410277147191412,0.4628400217432757,0.5341305653771292,-0.45582086975957536,1.19,0.0,9.6576,1.2,0.0,1.0,0.0,0.0,0.0,0.0,-0.0135,0.0,0.0,0.0
9.1802,0.541194968388241,0.4628265521908384,0.5339320224932861,-0.45586860402381413,1.19,0.0,9.6575,1.2,0.0,1.0,0.0,0.0,0.0,0.0,-0.0135,0.0,0.0,0.0
9.2003,0.5413193403353104,0.4628285809850193,0.5337503635415078,-0.4559316021308965,1.19,0.0,9.7011,1.2,0.0,1.0,0.0,0.0,0.0,0.0,-0.0135,0.0,0.0,0.0
9.2204,0.5414436198460937,0.4627695297797864,0.5335696108319073,-0.4560555220935726,1.19,0.0,9.7355,1.2,0.0,1.0,0.0,0.0,0.0,0.0,-0.0135,0.0,0.0,0.0
9.2404,0.5415069142242305,0.4627714904943136,0.5334498708636928,-0.45611845468971435,1.19,0.0,9.6569,1.2,0.0,1.0,0.0,0.0,0.0,0.0,-0.0135,0.0,0.0,0.0
9.2605,0.5415875962432697,0.4628493111062799,0.5332862498925723,-0.4561350309715274,1.19,0.0,9.7004,1.2,0.0,1.0,0.0,0.0,0.0,0.0,-0.0135,0.0,0.0,0.0
9.2806,0.5416378928548231,0.4629621653556623,0.5330927052263775,-0.45618701659232497,1.19,0.0,9.6609,1.2,0.0,1.0,0.0,0.0,0.0,0.0,-0.0135,0.0,0.0,0.0
9.3007,0.5416144503737232,0.4631861228140951,0.5328866364894898,-0.45622827118640297,1.19,0.0,9.6611,1.2,0.0,1.0,0.0,0.0,0.0,0.0,-0.0135,0.0,0.0,0.0
9.3207,0.5415704853000686,0.46344469400249977,0.5325373938083448,-0.4564256229097941,1.19,0.0,9.6974,1.2,0.0,1.0,0.0,0.0,0.0,0.0,-0.0135,0.0,0.0,0.0
9.3408,0.5416993964141222,0.4634506057449427,0.5322391799236442,-0.4566144493042549,1.19,0.0,9.6978,1.2,0.0,1.0,0.0,0.0,0.0,0.0,-0.0135,0.0,0.0,0.0
9.3609,0.5418645889899896,0.4633133733952128,0.5320986865113948,-0.45672143922166203,1.19,0.0,9.6972,1.2,0.0,1.0,0.0,0.0,0.0,0.0,-0.0135,0.0,0.0,0.0
9.381,0.5420598585297407,0.4631408599900221,0.5319887311026201,-0.4567927796695613,1.19,0.0,9.6972,1.2,0.0,1.0,0.0,0.0,0.0,0.0,-0.0135,0.0,0.0,0.0
9.401,0.5422246644385165,0.46300332061255756,0.5318488813510527,-0.4568994482180049,1.19,0.0,9.7372,1.2,0.0,1.0,0.0,0.0,0.0,0.0,-0.0135,0.0,0.0,0.0
9.4211,0.5422902643444778,0.4630072490995334,0.5316703962512773,-0.45702532339957813,1.19,0.0,9.7372,1.2,0.0,1.0,0.0,0.0,0.0,0.0,-0.0135,0.0,0.0,0.0
9.4412,0.5422370091891444,0.4630138617422918,0.5315559893100712,-0.4572148509494123,1.19,0.0,9.7018,1.2,0.0,1.0,0.0,0.0,0.0,0.0,-0.0135,0.0,0.0,0.0
9.4613,0.5421510204875047,0.46299252169314514,0.5314704928906459,-0.45743776738169956,1.19,0.0,9.6989,1.2,0.0,1.0,0.0,0.0,0.0,0.0,-0.0135,0.0,0.0,0.0
9.4813,0.5420521211266182,0.46295124937932286,0.5314321383456639,-0.4576412579888458,1.19,0.0,9.7053,1.2,0.0,1.0,0.0,0.0,0.0,0.0,-0.0135,0.0,0.0,0.0
9.5014,0.5420571624631754,0.46289455457260026,0.5313150799746007,-0.45782851567042937,1.19,0.0,9.7039,1.2,0.0,1.0,0.0,0.0,0.0,0.0,-0.0135,0.0,0.0,0.0
9.5215,0.5419991082310424,0.4628360700205414,0.5313179681496099,-0.4579530059799427,1.19,0.0,9.7408,1.2,0.0,1.0,0.0,0.0,0.0,0.0,-0.0135,0.0,0.0,0.0
9.5415,0.541984277605857,0.4627014072577654,0.5313034297905604,-0.45812347248588764,1.19,0.0,9.6978,1.2,0.0,1.0,0.0,0.0,0.0,0.0,-0.0135,0.0,0.0,0.0
9.5616,0.5419846776787501,0.4626397496445758,0.5313038219792441,-0.4581848098317026,1.19,0.0,9.6613,1.2,0.0,1.0,0.0,0.0,0.0,0.0,-0.0135,0.0,0.0,0.0
9.5817,0.5420454669651689,0.46257857135018643,0.5312426170969371,-0.45824563156688103,1.19,0.0,9.6956,1.2,0.0,1.0,0.0,0.0,0.0,0.0,-0.0135,0.0,0.0,0.0
9.6017,0.5421622010574545,0.4624520827917803,0.5312374589602484,-0.45824118219943855,1.19,0.0,9.7347,1.2,0.0,1.0,0.0,0.0,0.0,0.0,-0.0135,0.0,0.0,0.0
9.622,0.5422988994477923,0.4623426193941543,0.5311298603272876,-0.458314605285694,1.19,0.0,9.7347,1.2,0.0,1.0,0.0,0.0,0.0,0.0,-0.0135,0.0,0.0,0.0
9.6421,0.5424225559324225,0.46234403096564114,0.5309484807124014,-0.45837700495920725,1.19,0.0,9.6998,1.2,0.0,1.0,0.0,0.0,0.0,0.0,-0.0135,0.0,0.0,0.0
9.6622,0.5426072325298114,0.46246660740437134,0.530705139689245,-0.4583165750326398,1.19,0.0,9.6999,1.2,0.0,1.0,0.0,0.0,0.0,0.0,-0.0135,0.0,0.0,0.0
9.6823,0.542894610462988,0.4626345899346842,0.5303829190417658,-0.4581796998066836,1.19,0.0,9.7388,1.2,0.0,1.0,0.0,0.0,0.0,0.0,-0.0135,0.0,0.0,0.0
9.7024,0.5432729527494934,0.46276810793619827,0.5300279782814219,-0.4580071171138135,1.19,0.0,9.7397,1.2,0.0,1.0,0.0,0.0,0.0,0.0,-0.0135,0.0,0.0,0.0
9.7224,0.5435729979077045,0.4628858888487142,0.5297791502183368,-0.4578199447864888,1.19,0.0,9.702,1.2,0.0,1.0,0.0,0.0,0.0,0.0,-0.0135,0.0,0.0,0.0
9.7425,0.543890495671581,0.46301852981956754,0.5294863236428884,-0.45764746567307313,1.19,0.0,9.6994,1.2,0.0,1.0,0.0,0.0,0.0,0.0,-0.0135,0.0,0.0,0.0
9.7626,0.544132249618727,0.4631996175429233,0.5292401333127805,-0.45746157272936444,1.19,0.0,9.7372,1.2,0.0,1.0,0.0,0.0,0.0,0.0,-0.0135,0.0,0.0,0.0
9.7835,0.5443567884241809,0.4633652004475029,0.5290372446579428,-0.45726138222628115,1.19,0.0,9.742,1.2,0.0,1.0,0.0,0.0,0.0,0.0,-0.0135,0.0,0.0,0.0
9.8036,0.5445684042931584,0.46345055657383494,0.5288820469860266,-0.45710241197446794,1.19,0.0,9.739,1.2,0.0,1.0,0.0,0.0,0.0,0.0,-0.0135,0.0,0.0,0.0
9.8237,0.5447448429961176,0.46350597161859797,0.5288146721272645,-0.4569139009112862,1.19,0.0,9.7039,1.2,0.0,1.0,0.0,0.0,0.0,0.0,-0.0135,0.0,0.0,0.0
9.8437,0.5447448429961176,0.46350597161859797,0.5288146721272645,-0.4569139009112862,1.19,0.0,9.7039,1.2,0.0,1.0,0.0,0.0,0.0,0.0,-0.0135,0.0,0.0,0.0
9.8638,0.5448050911042381,0.4635663319428466,0.5287529410998234,-0.4568522692011546,1.19,0.0,9.6989,1.2,0.0,1.0,0.0,0.0,0.0,0.0,-0.0135,0.0,0.0,0.0
9.8839,0.5448653309370514,0.4636266852004978,0.528691202374765,-0.4567906308631794,1.19,0.0,9.6989,1.2,0.0,1.0,0.0,0.0,0.0,0.0,-0.0135,0.0,0.0,0.0
9.9039,0.5448680067264183,0.46362896203347675,0.5286317979370021,-0.4568538749092901,1.19,0.0,9.7001,1.2,0.0,1.0,0.0,0.0,0.0,0.0,-0.0135,0.0,0.0,0.0
9.924,0.5448532598946307,0.4634944156664197,0.5286174905375851,-0.45702450757698376,1.19,0.0,9.7028,1.2,0.0,1.0,0.0,0.0,0.0,0.0,-0.0135,0.0,0.0,0.0
9.9441,0.5449247043138042,0.4632592990305034,0.528689623743494,-0.4570942684351254,1.19,0.0,9.663,1.2,0.0,1.0,0.0,0.0,0.0,0.0,-0.0135,0.0,0.0,0.0
9.9641,0.544983188593645,0.4631351602698024,0.5286871829543461,-0.4571531581997064,1.19,0.0,9.6978,1.2,0.0,1.0,0.0,0.0,0.0,0.0,-0.0135,0.0,0.0,0.0
9.9842,0.5449860475664116,0.4630765895280558,0.5286279560918311,-0.4572775570998193,1.19,0.0,9.7018,1.2,0.0,1.0,0.0,0.0,0.0,0.0,-0.0135,0.0,0.0,0.0
10.0043,0.5449732130583643,0.46306568400076514,0.5285545079148917,-0.45738878594975757,1.19,0.0,9.6991,1.2,0.0,1.0,0.0,0.0,0.0,0.0,-0.0135,0.0,0.0,0.0
10.0244,0.5449755121241454,0.46300663836328265,0.5284957385535828,-0.45751371383518197,1.19,0.0,9.6623,1.2,0.0,1.0,0.0,0.0,0.0,0.0,-0.0135,0.0,0.0,0.0
10.0444,0.5450491749323674,0.46289539492888354,0.5285080178834755,-0.4575243439338049,1.19,0.0,9.6609,1.2,0.0,1.0,0.0,0.0,0.0,0.0,-0.0135,0.0,0.0,0.0
10.0645,0.5451657766922389,0.46282981041823734,0.5285027835176409,-0.45745781261868507,1.19,0.0,9.6589,1.2,0.0,1.0,0.0,0.0,0.0,0.0,-0.0135,0.0,0.0,0.0
10.0846,0.5451678878596959,0.4628316027377038,0.5284438299460228,-0.45752158434966245,1.19,0.0,9.6637,1.2,0.0,1.0,0.0,0.0,0.0,0.0,-0.0135,0.0,0.0,0.0
10.1046,0.5451293710632797,0.4629726980902531,0.5283436206238284,-0.45754045523132564,1.19,0.0,9.6637,1.2,0.0,1.0,0.0,0.0,0.0,0.0,-0.0135,0.0,0.0,0.0
10.1247,0.5450604014467348,0.46308793480809846,0.528213894517438,-0.45765577134852725,1.19,0.0,9.6599,1.2,0.0,1.0,0.0,0.0,0.0,0.0,-0.0135,0.0,0.0,0.0
10.1448,0.5450323056926586,0.4630640644174088,0.5281256684443892,-0.45781517703844354,1.19,0.0,9.6609,1.2,0.0,1.0,0.0,0.0,0.0,0.0,-0.0135,0.0,0.0,0.0
10.1649,0.5450346412403815,0.4630660487185408,0.5280669325919662,-0.45787813779987185,1.19,0.0,9.7039,1.2,0.0,1.0,0.0,0.0,0.0,0.0,-0.0135,0.0,0.0,0.0
10.1849,0.5451707283481088,0.46307801634561224,0.5279585790645371,-0.4578289708198473,1.19,0.0,9.7418,1.2,0.0,1.0,0.0,0.0,0.0,0.0,-0.0135,0.0,0.0,0.0
10.205,0.5452487117305347,0.46309244027882973,0.5278530190363859,-0.45784323125603094,1.19,0.0,9.7018,1.2,0.0,1.0,0.0,0.0,0.0,0.0,-0.0135,0.0,0.0,0.0
10.2254,0.5452784989849879,0.46312693040634,0.5277618041985265,-0.4578780218641162,1.19,0.0,9.7028,1.2,0.0,1.0,0.0,0.0,0.0,0.0,-0.0135,0.0,0.0,0.0
10.2455,0.5452829672332019,0.4631917249060133,0.5276441300333619,-0.4579427733519592,1.19,0.0,9.7039,1.2,0.0,1.0,0.0,0.0,0.0,0.0,-0.0135,0.0,0.0,0.0
10.2656,0.5453051426790491,0.4632105618835638,0.5274825823937944,-0.45808340070173803,1.19,0.0,9.7028,1.2,0.0,1.0,0.0,0.0,0.0,0.0,-0.0135,0.0,0.0,0.0
10.2857,0.5453503096216211,0.4631971123363138,0.5274062665302242,-0.45813110017063075,1.19,0.0,9.663,1.2,0.0,1.0,0.0,0.0,0.0,0.0,-0.0135,0.0,0.0,0.0
10.3057,0.5453395009658395,0.46324893086616437,0.5272738156442403,-0.4582440180445878,1.19,0.0,9.6613,1.2,0.0,1.0,0.0,0.0,0.0,0.0,-0.0135,0.0,0.0,0.0
10.3258,0.5453483289931945,0.4633784298504948,0.5270383515221341,-0.45837343600873304,1.19,0.0,9.7018,1.2,0.0,1.0,0.0,0.0,0.0,0.0,-0.0135,0.0,0.0,0.0
10.3459,0.545344245932359,0.46355795890869184,0.5267284082169204,-0.4585530025396668,1.19,0.0,9.7039,1.2,0.0,1.0,0.0,0.0,0.0,0.0,-0.0135,0.0,0.0,0.0
10.366,0.5453354455292956,0.46367247528611194,0.526536912772281,-0.45866759968374704,1.19,0.0,9.7418,1.2,0.0,1.0,0.0,0.0,0.0,0.0,-0.0135,0.0,0.0,0.0
10.386,0.5453572995518589,0.463752057637727,0.526375010668789,-0.45874698146768345,1.19,0.0,9.738,1.2,0.0,1.0,0.0,0.0,0.0,0.0,-0.0135,0.0,0.0,0.0
10.4061,0.5454025660402501,0.46367767996884407,0.5262988264285215,-0.4588557456928939,1.19,0.0,9.737,1.2,0.0,1.0,0.0,0.0,0.0,0.0,-0.0135,0.0,0.0,0.0
10.4262,0.5454630859542254,0.463616273457903,0.5262373648974581,-0.4589163416485404,1.19,0.0,9.742,1.2,0.0,1.0,0.0,0.0,0.0,0.0,-0.0135,0.0,0.0,0.0
10.4463,0.5455256794293475,0.4636176284325618,0.5261169043033345,-0.4589786821803297,1.19,0.0,9.7401,1.2,0.0,1.0,0.0,0.0,0.0,0.0,-0.0135,0.0,0.0,0.0
10.4664,0.5455301396390176,0.46362141896325093,0.5259992062431956,-0.459104434367023,1.19,0.0,9.7794,1.2,0.0,1.0,0.0,0.0,0.0,0.0,-0.0135,0.0,0.0,0.0
10.4865,0.5454606270880665,0.4637361812249512,0.5258689996579934,-0.45922026710315605,1.19,0.0,9.7376,1.2,0.0,1.0,0.0,0.0,0.0,0.0,-0.0135,0.0,0.0,0.0
10.5066,0.5453483324575112,0.4639274321220874,0.5257563564393881,-0.4592894377992998,1.19,0.0,9.7024,1.2,0.0,1.0,0.0,0.0,0.0,0.0,-0.0135,0.0,0.0,0.0
10.5266,0.5452339491474726,0.4640559145124593,0.5257027002166619,-0.45935685462172765,1.19,0.0,9.7042,1.2,0.0,1.0,0.0,0.0,0.0,0.0,-0.0135,0.0,0.0,0.0
10.5467,0.5451151300345451,0.4641806260048885,0.5257667704782975,-0.45929853527956305,1.19,0.0,9.6599,1.2,0.0,1.0,0.0,0.0,0.0,0.0,-0.0135,0.0,0.0,0.0
10.5668,0.5450546877047058,0.4643031042873028,0.5258283107042974,-0.45917600375255324,1.19,0.0,9.6199,1.2,0.0,1.0,0.0,0.0,0.0,0.0,-0.0135,0.0,0.0,0.0
10.5869,0.5449180932757743,0.46441367044247667,0.5259362293639471,-0.45910270851877455,1.19,0.0,9.625,1.2,0.0,1.0,0.0,0.0,0.0,0.0,-0.0135,0.0,0.0,0.0
10.607,0.5448595867812699,0.4645377951143213,0.5259386358571105,-0.4590438093642377,1.19,0.0,9.6236,1.2,0.0,1.0,0.0,0.0,0.0,0.0,-0.0135,0.0,0.0,0.0
10.627,0.54480310206839,0.4647246461076107,0.5258819943330082,-0.4589866134356791,1.19,0.0,9.6589,1.2,0.0,1.0,0.0,0.0,0.0,0.0,-0.0135,0.0,0.0,0.0
10.6471,0.5446711636883046,0.4648381656933568,0.5258723996365595,-0.45903923847722466,1.19,0.0,9.6972,1.2,0.0,1.0,0.0,0.0,0.0,0.0,-0.0135,0.0,0.0,0.0
10.6672,0.5445564822011666,0.46502741177870016,0.5258184656087768,-0.45904540648167413,1.19,0.0,9.6599,1.2,0.0,1.0,0.0,0.0,0.0,0.0,-0.0135,0.0,0.0,0.0
10.6873,0.5445717303872005,0.46504043306247395,0.5258331891095442,-0.45899725850057427,1.19,0.0,9.6978,1.2,0.0,1.0,0.0,0.0,0.0,0.0,-0.0135,0.0,0.0,0.0
10.7074,0.5446012056517664,0.4651355102901918,0.5257417526075311,-0.4589706890803452,1.19,0.0,9.739,1.2,0.0,1.0,0.0,0.0,0.0,0.0,-0.0135,0.0,0.0,0.0
10.7275,0.544603216958366,0.46519822657243787,0.5256826958066774,-0.4589723841386124,1.19,0.0,9.738,1.2,0.0,1.0,0.0,0.0,0.0,0.0,-0.0135,0.0,0.0,0.0
10.7475,0.54466136843925,0.4651957949680793,0.5256799480482782,-0.45890898693952376,1.19,0.0,9.6978,1.2,0.0,1.0,0.0,0.0,0.0,0.0,-0.0135,0.0,0.0,0.0
10.7676,0.5447347608257627,0.46520637972268003,0.5256919090189249,-0.4587974295976986,1.19,0.0,9.7028,1.2,0.0,1.0,0.0,0.0,0.0,0.0,-0.0135,0.0,0.0,0.0
10.7877,0.5448532647060932,0.4652033954970563,0.5256275376541674,-0.4587334873504859,1.19,0.0,9.7039,1.2,0.0,1.0,0.0,0.0,0.0,0.0,-0.0135,0.0,0.0,0.0
10.8078,0.5449136227639755,0.46520284819851104,0.5255659202061096,-0.4587329476636034,1.19,0.0,9.7028,1.2,0.0,1.0,0.0,0.0,0.0,0.0,-0.0135,0.0,0.0,0.0
10.8285,0.5448727384476205,0.4652810237661766,0.5255243216156495,-0.45874988306276543,1.19,0.0,9.6637,1.2,0.0,1.0,0.0,0.0,0.0,0.0,-0.0135,0.0,0.0,0.0
10.8488,0.5448574901668498,0.46526800286205156,0.525509614800934,-0.458798044539875,1.19,0.0,9.665,0.0,0.0,1.0,0.0,0.0,0.0,0.0,-0.0135,0.0,0.0,0.0
10.8689,0.5448013485015938,0.46533315180055745,0.5254533006109758,-0.4588631357858634,1.163,0.0,9.6609,0.0,0.0,1.0,0.0,0.0,0.0,0.0,-0.0135,0.0,0.0,0.0
10.889,0.5447341413681762,0.4654498485263273,0.5252643150248478,-0.45904090568943007,0.9601,0.0,8.1308,0.0,0.0,1.0,0.0,0.0,0.0,0.0,0.0811,0.0,0.0,0.0
10.9091,0.5446770954233628,0.4665522251698364,0.5229481315099054,-0.460631235003166,0.906,0.0,10.694,0.0,0.0,1.0,0.0,0.0,0.0,0.0,0.0811,0.0,0.0,0.0
10.9292,0.5451072490078549,0.4672259276844754,0.5198381447523821,-0.46295391005895087,0.7708,0.0,9.5293,0.0,0.0,1.0,0.0,0.0,0.0,0.0,0.0811,0.0,0.0,0.0
10.9492,0.5453908350742627,0.4674515738444388,0.518536778720475,-0.463850700378418,0.6626,0.0,9.5455,0.0,0.0,1.0,0.0,0.0,0.0,0.0,0.0811,0.0,0.0,0.0
10.9693,0.5459182863750763,0.46675334459836365,0.5186352725357055,-0.4638232357152409,0.5409,0.0,9.6457,0.0,0.0,1.0,0.0,0.0,0.0,0.0,0.0811,0.0,0.0,0.0
10.9894,0.5468237178218768,0.4647302589063524,0.5197232362084345,-0.46357023829116445,0.4868,0.0,9.8329,0.0,0.0,1.0,0.0,0.0,0.0,0.0,-0.0135,0.0,0.0,0.0
11.0095,0.5479678640989871,0.46245782160250276,0.5205021716476249,-0.46361780861348295,0.3786,0.0,6.146,0.0,0.0,1.0,0.0,0.0,0.0,0.0,0.027,0.0,0.0,0.0
11.0296,0.5491258847930223,0.4608700283535481,0.5212332462072303,-0.4630070006640862,0.3381,0.0,12.7922,0.0,0.0,1.0,0.0,0.0,0.0,0.0,-0.1082,0.0,0.0,0.0
11.0497,0.5491258847930223,0.4608700283535481,0.5212332462072303,-0.4630070006640862,0.3381,0.0,12.7922,0.0,0.0,1.0,0.0,0.0,0.0,0.0,-0.0811,0.0,0.0,0.0
11.0698,0.5496959996983806,0.45991087638017775,0.5221683487000829,-0.4622299312232428,0.284,0.0,14.0445,0.0,0.0,1.0,0.0,0.0,0.0,0.0,-0.0676,0.0,0.0,0.0
11.0899,0.5491923286147748,0.46105859683668815,0.5223984101580834,-0.4614245957228249,0.2028,0.0,9.6393,0.0,0.0,1.0,0.0,0.0,0.0,0.0,-0.1082,0.0,0.0,0.0
11.11,0.5493851191740748,0.46143281935722935,0.5227737258934291,-0.4603948040167571,0.1623,0.0,11.9603,0.0,0.0,1.0,0.0,0.0,0.0,0.0,-0.1082,0.0,0.0,0.0
11.13,0.5480444390007853,0.46228796201206657,0.5232630121888507,-0.46057893257735477,0.1893,0.0038,9.9219,0.0,0.0,1.0,0.0,0.0,0.0,0.0,-0.0676,0.0,0.0,0.0
11.1501,0.5469951557252513,0.4626444401261151,0.5241072328952551,-0.4605084473279295,0.1623,0.0038,10.7153,0.0,0.0,1.0,0.0,0.0,0.0,0.0,-0.0811,0.0,0.0,0.0
11.1702,0.5457590240074353,0.4632425907050005,0.524824675176421,-0.4605566742512101,0.1082,0.0038,11.0604,0.0,0.0,1.0,0.0,0.0,0.0,0.0,-0.0135,0.0,0.0,0.0
11.1903,0.5444260910448774,0.46453225167402507,0.5249553738987497,-0.46068630754460166,0.1082,0.0038,10.1543,0.0,0.0,1.0,0.0,0.0,0.0,0.0,-0.027,0.0,0.0,0.0
11.2104,0.543633657225555,0.46538757015152055,0.525017874422761,-0.4606876249875149,0.0811,0.0038,9.704,0.0,0.0,1.0,0.0,0.0,0.0,0.0,0.0541,0.0,0.0,0.0
11.2305,0.5428939107964635,0.46574691291830306,0.5252553685525865,-0.4609260380298326,0.0541,0.0038,10.5765,0.0,0.0,1.0,0.0,0.0,0.0,0.0,0.0135,0.0,0.0,0.0
11.2506,0.5426044009190123,0.46582120267690064,0.5252093560077492,-0.46124419085977786,0.0541,0.0038,10.4099,0.0,0.0,1.0,0.0,0.0,0.0,0.0,0.0406,0.0,0.0,0.0
11.2707,0.5422399330350365,0.4659453796468897,0.5247228059778608,-0.4621003517577055,0.0541,0.0038,9.6425,0.0,0.0,1.0,0.0,0.0,0.0,0.0,0.0,0.0,0.0,0.0
11.2908,0.5421732274767781,0.46594047670398847,0.5240462867390615,-0.46295048647914305,0.0541,0.0038,9.7397,0.0,0.0,1.0,0.0,0.0,0.0,0.0,0.0,0.0,0.0,0.0
11.3109,0.5421755185122449,0.4657594454313545,0.5239875011180443,-0.46319644298021445,0.0541,0.0038,9.6501,0.0,0.0,1.0,0.0,0.0,0.0,0.0,0.0406,0.0,0.0,0.0
11.331,0.5425266553914517,0.46562383048042255,0.5239721801788629,-0.4629389064197487,-0.027,0.0038,10.7379,0.0,0.0,1.0,0.0,0.0,0.0,0.0,0.0406,0.0,0.0,0.0
11.3511,0.5430782895765152,0.4655651037264024,0.5231807552664393,-0.46324615799994406,0.0,0.0038,10.1408,0.0,0.0,1.0,0.0,0.0,0.0,0.0,0.0,0.0,0.0,0.0
11.3712,0.5438817081944549,0.46551303842389496,0.5222757992373073,-0.46337704742452124,0.0135,0.0038,9.5085,0.0,0.0,1.0,0.0,0.0,0.0,0.0,0.0,0.0,0.0,0.0
11.3913,0.5446761844276367,0.4649034503345653,0.521665261130084,-0.46374345420118745,0.0,0.0038,9.4378,0.0,0.0,1.0,0.0,0.0,0.0,0.0,0.0,0.0,0.0,0.0
11.4115,0.5454070229717931,0.4641084667286296,0.5211761552326071,-0.46423046606271323,-0.0135,0.0038,9.5138,0.0,0.0,1.0,0.0,0.0,0.0,0.0,-0.0135,0.0,0.0,0.0
11.4315,0.5460748141223846,0.46373889759264225,0.5203181530580204,-0.4647768839336296,-0.0406,0.0038,9.5884,0.0,0.0,1.0,0.0,0.0,0.0,0.0,-0.0135,0.0,0.0,0.0
11.4516,0.5472378249372658,0.46355931043830567,0.5189789888944583,-0.46508530158453604,-0.0135,0.0038,9.8872,0.0,0.0,1.0,0.0,0.0,0.0,0.0,-0.0135,0.0,0.0,0.0
11.4717,0.5477335113659423,0.4633828166177779,0.5184982705720764,-0.4652138316987962,0.0,0.0038,8.5007,0.0,0.0,1.0,0.0,0.0,0.0,0.0,-0.0135,0.0,0.0,0.0
11.4918,0.5482769333480121,0.4629502549748009,0.5183700460777739,-0.4651472466935529,-0.0135,0.0038,9.2712,0.0,0.0,1.0,0.0,0.0,0.0,0.0,-0.027,0.0,0.0,0.0
11.5119,0.5480487938824252,0.46290265083257387,0.5187510564854098,-0.4650387045950762,0.0135,0.0038,11.3605,0.0,0.0,1.0,0.0,0.0,0.0,0.0,-0.027,0.0,0.0,0.0
11.532,0.5481398494890387,0.46318150771389355,0.5185387756642506,-0.46489045424340397,0.027,0.0038,10.1627,0.0,0.0,1.0,0.0,0.0,0.0,0.0,-0.027,0.0,0.0,0.0
11.5521,0.5478578584274338,0.4634449557720149,0.5182555418799559,-0.4652759753517201,0.0,0.0038,8.2848,0.0,0.0,1.0,0.0,0.0,0.0,0.0,0.0541,0.0,0.0,0.0
11.5722,0.5476673531370535,0.46404945190014674,0.5182493878833124,-0.46490445089028726,0.027,0.0038,11.6929,0.0,0.0,1.0,0.0,0.0,0.0,0.0,0.0,0.0,0.0,0.0
11.5923,0.547836574274909,0.4644649218147621,0.5173804318446706,-0.46525789948646923,0.0,0.0038,11.8988,0.0,0.0,1.0,0.0,0.0,0.0,0.0,0.0135,0.0,0.0,0.0
11.6124,0.5476082643405031,0.46502807367595944,0.5172131941631141,-0.46515007395763874,0.027,0.0038,10.6036,0.0,0.0,1.0,0.0,0.0,0.0,0.0,0.027,0.0,0.0,0.0
11.6324,0.5474743980381146,0.46556698419316184,0.5172629830887965,-0.4647130007307391,-0.0135,0.0038,11.3659,0.0,0.0,1.0,0.0,0.0,0.0,0.0,0.0135,0.0,0.0,0.0
11.6525,0.5474108104856431,0.46599177222544336,0.5174435325280934,-0.4641608163411577,0.0,0.0038,10.8041,0.0,0.0,1.0,0.0,0.0,0.0,0.0,0.027,0.0,0.0,0.0
11.6726,0.5474302931538593,0.4668023662706458,0.5172789465397503,-0.46350632838002526,0.0406,0.0038,10.8695,0.0,0.0,1.0,0.0,0.0,0.0,0.0,0.0135,0.0,0.0,0.0
11.6927,0.5476624063523425,0.46709722921914704,0.5172677167939249,-0.4629472716054792,-0.0406,0.0038,8.7177,0.0,0.0,1.0,0.0,0.0,0.0,0.0,0.027,0.0,0.0,0.0
11.7128,0.5474868502735349,0.467530580055226,0.5172747481694335,-0.4627095637622343,-0.0135,0.0038,9.9647,0.0,0.0,1.0,0.0,0.0,0.0,0.0,-0.027,0.0,0.0,0.0
11.7329,0.5475340070537702,0.4678857516344397,0.5170786741341078,-0.46251386929780886,-0.027,0.0038,10.9024,0.0,0.0,1.0,0.0,0.0,0.0,0.0,0.0135,0.0,0.0,0.0
11.753,0.5472402650948507,0.4678953716494565,0.5176993047662808,-0.46215737935517626,0.0,0.0038,11.3548,0.0,0.0,1.0,0.0,0.0,0.0,0.0,0.0135,0.0,0.0,0.0
11.7731,0.5469341313007294,0.4680164009374128,0.5181862295231299,-0.46185142200117724,0.0,0.0038,9.4594,0.0,0.0,1.0,0.0,0.0,0.0,0.0,0.0,0.0,0.0,0.0
11.7931,0.5465035136495273,0.46807430100063685,0.5184277955017492,-0.4620313616657236,0.0,0.0038,8.7143,0.0,0.0,1.0,0.0,0.0,0.0,0.0,0.0135,0.0,0.0,0.0
11.8132,0.546371334920262,0.46818757653641374,0.5184181363698555,-0.4620837515399309,0.0,0.0038,10.7527,0.0,0.0,1.0,0.0,0.0,0.0,0.0,-0.0406,0.0,0.0,0.0
11.8333,0.5456519608625998,0.4685042491686914,0.5185530621329735,-0.4624612717516971,-0.0406,0.0038,8.522,0.0,0.0,1.0,0.0,0.0,0.0,0.0,0.027,0.0,0.0,0.0
11.8535,0.5453936534825022,0.4686749528924305,0.5188444492142263,-0.4622661449769736,0.027,0.0038,11.46,0.0,0.0,1.0,0.0,0.0,0.0,0.0,0.027,0.0,0.0,0.0
11.8736,0.5448498085160257,0.46874037184141826,0.5189713400725399,-0.46269849594453116,0.0135,0.0038,11.2555,0.0,0.0,1.0,0.0,0.0,0.0,0.0,-0.0135,0.0,0.0,0.0
11.8937,0.5443109228516614,0.46899307189974143,0.5189199730983463,-0.4631340834942169,0.0135,0.0038,8.7798,0.0,0.0,1.0,0.0,0.0,0.0,0.0,0.0406,0.0,0.0,0.0
11.9139,0.5440558748906181,0.4694114012557806,0.5185443965612774,-0.4634305235555697,0.0,0.0038,8.5211,0.0,0.0,1.0,0.0,0.0,0.0,0.0,0.0135,0.0,0.0,0.0
11.934,0.5441872712593692,0.4699085072235751,0.5180033544388247,-0.4633775279707881,0.0135,0.0038,12.5762,0.0,0.0,1.0,0.0,0.0,0.0,0.0,0.0541,0.0,0.0,0.0
11.954,0.5446785282540034,0.4702154560363299,0.5171515015570413,-0.4634404494656207,-0.0135,0.0038,11.7993,0.0,0.0,1.0,0.0,0.0,0.0,0.0,0.0135,0.0,0.0,0.0
11.9741,0.5452412742299162,0.47016630879302024,0.5169205328026004,-0.4630861234361912,-0.0135,0.0038,11.4663,0.0,0.0,1.0,0.0,0.0,0.0,0.0,0.0406,0.0,0.0,0.0
11.9942,0.5455969968165387,0.47040144596522704,0.5166667848858459,-0.46271138963107483,0.027,0.0038,11.1421,0.0,0.0,1.0,0.0,0.0,0.0,0.0,0.027,0.0,0.0,0.0
12.0143,0.5461461465924039,0.4700957084317897,0.5164209753323876,-0.4626486655260422,0.0135,0.0038,9.2653,0.0,0.0,1.0,0.0,0.0,0.0,0.0,0.027,0.0,0.0,0.0
12.0344,0.5466492472087866,0.4698036820958223,0.5162522325532728,-0.46253943961465194,-0.0135,0.0038,9.4456,0.0,0.0,1.0,0.0,0.0,0.0,0.0,0.027,0.0,0.0,0.0
12.0544,0.547070837019545,0.46979902383611594,0.5157591022895548,-0.4625958548137239,-0.027,0.0038,9.6444,0.0,0.0,1.0,0.0,0.0,0.0,0.0,0.027,0.0,0.0,0.0
12.0745,0.5473454898938104,0.4700779617560028,0.5151815188500344,-0.46263119998504054,-0.027,0.0038,9.7106,0.0,0.0,1.0,0.0,0.0,0.0,0.0,0.027,0.0,0.0,0.0
12.0945,0.5474096488352984,0.47032466973360265,0.5149405000627162,-0.4625728729585778,-0.027,0.0038,9.6264,0.0,0.0,1.0,0.0,0.0,0.0,0.0,-0.0135,0.0,0.0,0.0
12.1146,0.5471711899510489,0.47045142522237743,0.5151287058697567,-0.46251655298241695,-0.0541,0.0038,9.5813,0.0,0.0,1.0,0.0,0.0,0.0,0.0,0.0135,0.0,0.0,0.0
12.1347,0.5467444694985377,0.4704516598460594,0.5157999523058893,-0.4622727874557324,0.0,0.0038,9.686,0.0,0.0,1.0,0.0,0.0,0.0,0.0,0.0135,0.0,0.0,0.0
12.1547,0.5464263844256988,0.47025739752397283,0.5162145795464539,-0.46238370899191134,-0.027,0.0038,9.8422,0.0,0.0,1.0,0.0,0.0,0.0,0.0,0.0,0.0,0.0,0.0
12.1748,0.5458458411159466,0.4703446182156046,0.5166713685742966,-0.46247049067762724,0.0,0.0038,10.3993,0.0,0.0,1.0,0.0,0.0,0.0,0.0,0.027,0.0,0.0,0.0
12.1949,0.5454787104555241,0.4704046492679858,0.5167313041049298,-0.4627755414289529,0.0406,0.0038,9.851,0.0,0.0,1.0,0.0,0.0,0.0,0.0,-0.027,0.0,0.0,0.0
12.215,0.5446771878112084,0.4700922990275619,0.5172112287667407,-0.46350030885712834,-0.0541,0.0038,8.0736,0.0,0.0,1.0,0.0,0.0,0.0,0.0,0.027,0.0,0.0,0.0
12.235,0.5437015600457892,0.47064248479048276,0.5175175330746435,-0.4637454776861446,0.0811,0.0038,11.0055,0.0,0.0,1.0,0.0,0.0,0.0,0.0,0.0135,0.0,0.0,0.0
12.2551,0.5434576134493223,0.4707645313941245,0.5173345839619173,-0.46411152388427873,-0.0541,0.0038,6.8394,0.0,0.0,1.0,0.0,0.0,0.0,0.0,0.0406,0.0,0.0,0.0
12.2752,0.5429215154056,0.4718137452595889,0.5180788969772367,-0.4628415219064259,0.1217,0.0038,9.7653,0.0,0.0,1.0,0.0,0.0,0.0,0.0,0.0406,0.0,0.0,0.0
12.2953,0.543698267519648,0.4713726310087236,0.5175143991126846,-0.4630106730336614,0.0,0.0038,7.5886,0.0,0.0,1.0,0.0,0.0,0.0,0.0,-0.0676,0.0,0.0,0.0
12.3153,0.5436275661285979,0.4709362287277696,0.5179931524399315,-0.4630024101903842,0.0541,0.0038,9.4411,0.0,0.0,1.0,0.0,0.0,0.0,0.0,0.0676,0.0,0.0,0.0
12.3354,0.5441890547927661,0.4708860474121058,0.5178220521379517,-0.462585046576303,-0.0406,0.0038,5.8234,0.0,0.0,1.0,0.0,0.0,0.0,0.0,-0.0811,0.0,0.0,0.0
12.3555,0.5440595108724359,0.4713065123373047,0.5171438813734175,-0.4630676257478259,-0.0135,0.0038,10.3315,0.0,0.0,1.0,0.0,0.0,0.0,0.0,0.0947,0.0,0.0,0.0
12.3755,0.5457757942706718,0.47155782224701964,0.5168458051757858,-0.46112082618122907,-0.0811,0.0038,8.6471,0.0,0.0,1.0,0.0,0.0,0.0,0.0,-0.0541,0.0,0.0,0.0
12.3956,0.5457757942706718,0.47155782224701964,0.5168458051757858,-0.46112082618122907,-0.0811,0.0038,8.6471,0.0,0.0,1.0,0.0,0.0,0.0,0.0,0.0676,0.0,0.0,0.0
12.4157,0.5455929710292868,0.47137497497022507,0.5171509725395428,-0.4611819755114683,-0.0406,0.0038,11.9314,0.0,0.0,1.0,0.0,0.0,0.0,0.0,-0.0541,0.0,0.0,0.0
12.4358,0.5463272159069317,0.47168104977427666,0.5159311482573836,-0.4613660268171413,0.0135,0.0038,12.6475,0.0,0.0,1.0,0.0,0.0,0.0,0.0,-0.0406,0.0,0.0,0.0
12.4558,0.5467520864942115,0.4711292128438578,0.5164781370755055,-0.4608142300779877,-0.0947,0.0038,10.0281,0.0,0.0,1.0,0.0,0.0,0.0,0.0,0.0541,0.0,0.0,0.0
12.4759,0.5469746178816216,0.471416709699761,0.5162138766064879,-0.4605521542757207,-0.0406,0.0,10.1586,0.0,0.0,1.0,0.0,0.0,0.0,0.0,-0.0135,0.0,0.0,0.0
12.496,0.5469373210912295,0.472047140198909,0.5148942436932776,-0.4614271145469334,-0.0811,0.0,11.7369,0.0,0.0,1.0,0.0,0.0,0.0,0.0,0.0541,0.0,0.0,0.0
12.5161,0.5469839787342512,0.47209576149099747,0.5142087589670611,-0.46208599977908704,-0.0676,0.0,9.5553,0.0,0.0,1.0,0.0,0.0,0.0,0.0,-0.027,0.0,0.0,0.0
12.5361,0.5471858846861537,0.4718070740281017,0.5138605262900755,-0.4625289742471919,-0.0811,0.0,11.0105,0.0,0.0,1.0,0.0,0.0,0.0,0.0,0.0541,0.0,0.0,0.0
12.5562,0.5472481020467093,0.47101411270138077,0.5144106758909428,-0.46265200418006297,-0.0135,0.0,8.1386,0.0,0.0,1.0,0.0,0.0,0.0,0.0,-0.027,0.0,0.0,0.0
12.5763,0.5476853406537325,0.47029089021318515,0.5150923087026483,-0.46211163124387,-0.0811,0.0,9.8287,0.0,0.0,1.0,0.0,0.0,0.0,0.0,0.0,0.0,0.0,0.0
12.5963,0.5476607065535563,0.4689267550893583,0.516106126780231,-0.4623958420644943,0.0135,0.0,13.5339,0.0,0.0,1.0,0.0,0.0,0.0,0.0,-0.027,0.0,0.0,0.0
12.6164,0.5486613471842536,0.4679099412226912,0.5164943887803154,-0.46180575935060164,0.0,0.0,10.2169,0.0,0.0,1.0,0.0,0.0,0.0,0.0,-0.0135,0.0,0.0,0.0
12.6365,0.5474086943674468,0.46806591280400595,0.5168315493091964,-0.46275606126828384,-0.0135,0.0,10.3613,0.0,0.0,1.0,0.0,0.0,0.0,0.0,0.027,0.0,0.0,0.0
12.6565,0.5470534748358629,0.4689291210716333,0.5169637237348623,-0.46215417711319956,0.0541,0.0,11.5131,0.0,0.0,1.0,0.0,0.0,0.0,0.0,-0.0135,0.0,0.0,0.0
12.6766,0.5466297263700736,0.4690539071192722,0.5159287979022634,-0.4636829196335027,-0.027,0.0,10.9337,0.0,0.0,1.0,0.0,0.0,0.0,0.0,0.0541,0.0,0.0,0.0
12.6967,0.5462684398047448,0.4694849563058427,0.516299251091376,-0.4632599171073137,0.0541,0.0,10.8791,0.0,0.0,1.0,0.0,0.0,0.0,0.0,-0.0135,0.0,0.0,0.0
12.7167,0.5464466017473939,0.46899279993689635,0.5156846804612819,-0.46423181211935616,-0.0541,0.0,10.1364,0.0,0.0,1.0,0.0,0.0,0.0,0.0,0.0811,0.0,0.0,0.0
12.7368,0.5463270946359948,0.4697889412820454,0.5162360343447188,-0.46295292758522033,0.0541,0.0,11.6633,0.0,0.0,1.0,0.0,0.0,0.0,0.0,-0.0676,0.0,0.0,0.0
12.7569,0.5467491752844703,0.46966271453317304,0.5157433921815513,-0.463131760219648,-0.0541,0.0,12.6267,0.0,0.0,1.0,0.0,0.0,0.0,0.0,0.0676,0.0,0.0,0.0
12.777,0.548276460318316,0.4691138270090358,0.5159886098794743,-0.46160686178219046,0.027,0.0,11.3405,0.0,0.0,1.0,0.0,0.0,0.0,0.0,-0.0947,0.0,0.0,0.0
12.797,0.5476682213639801,0.46862818941650625,0.5164182087329257,-0.46234118687534037,-0.0676,0.0,11.1868,0.0,0.0,1.0,0.0,0.0,0.0,0.0,0.0541,0.0,0.0,0.0
12.8171,0.5482883437261048,0.46875798839935795,0.5166718049288055,-0.461189859426118,0.0406,0.0,10.6294,0.0,0.0,1.0,0.0,0.0,0.0,0.0,-0.0676,0.0,0.0,0.0
12.8372,0.5483919217986694,0.4684982443763,0.5165934481976441,-0.4614183615782481,-0.0541,0.0,11.6482,0.0,0.0,1.0,0.0,0.0,0.0,0.0,-0.0135,0.0,0.0,0.0
12.8573,0.548656298319783,0.46839364549428725,0.5171006485034525,-0.46064148585631554,-0.0135,0.0,10.9962,0.0,0.0,1.0,0.0,0.0,0.0,0.0,0.0135,0.0,0.0,0.0
12.8773,0.5489093153461254,0.468462337972369,0.5169261316361227,-0.46046604202636254,0.0,0.0,9.6248,0.0,0.0,1.0,0.0,0.0,0.0,0.0,-0.0135,0.0,0.0,0.0
12.8974,0.5487059232651281,0.4689329344211404,0.5167849277291834,-0.46038793561613295,0.0135,0.0,7.1855,0.0,0.0,1.0,0.0,0.0,0.0,0.0,0.027,0.0,0.0,0.0
12.9175,0.5485879408334802,0.4689363686488602,0.5168497128389107,-0.4604523077028043,0.0406,0.0,11.1262,0.0,0.0,1.0,0.0,0.0,0.0,0.0,-0.0135,0.0,0.0,0.0
12.9376,0.5478448481817318,0.4684998839873367,0.5173882457762082,-0.46117597959694856,0.0135,0.0,9.8618,0.0,0.0,1.0,0.0,0.0,0.0,0.0,-0.0135,0.0,0.0,0.0
12.9576,0.5468581708969775,0.46904056566872093,0.5176230705827485,-0.4615337966832608,0.0406,0.0,10.4479,0.0,0.0,1.0,0.0,0.0,0.0,0.0,0.027,0.0,0.0,0.0
12.9777,0.546497615561679,0.469472220126527,0.5174452207705349,-0.4617213815891588,0.027,0.0,12.1499,0.0,0.0,1.0,0.0,0.0,0.0,0.0,0.027,0.0,0.0,0.0
12.9978,0.5464539119698578,0.46954807994184783,0.5169735930284921,-0.46222400070417613,0.0135,0.0,7.6926,0.0,0.0,1.0,0.0,0.0,0.0,0.0,0.027,0.0,0.0,0.0
13.0179,0.5466333054608923,0.4692399790495931,0.516848179840222,-0.4624649504754773,0.0,0.0,8.0379,0.0,0.0,1.0,0.0,0.0,0.0,0.0,0.0406,0.0,0.0,0.0
13.0379,0.5467019091819089,0.4691245030616514,0.517038371518905,-0.4622883791542822,0.027,0.0,10.4266,0.0,0.0,1.0,0.0,0.0,0.0,0.0,0.0135,0.0,0.0,0.0
13.058,0.5471806146981233,0.4686895265218916,0.5171515809637581,-0.4620365190479587,-0.027,0.0,10.3153,0.0,0.0,1.0,0.0,0.0,0.0,0.0,0.0135,0.0,0.0,0.0
13.0781,0.5473466724795881,0.46891901200094016,0.5173795664076244,-0.46135123774998515,0.027,0.0,10.2325,0.0,0.0,1.0,0.0,0.0,0.0,0.0,0.0135,0.0,0.0,0.0
13.0981,0.5477934936660137,0.46869113357618203,0.5171533541859444,-0.46130609995802563,0.0,0.0,11.2729,0.0,0.0,1.0,0.0,0.0,0.0,0.0,-0.0541,0.0,0.0,0.0
13.1182,0.5479781113806658,0.4680825119384324,0.5173988819502378,-0.4614294620218023,-0.0135,0.0,8.7842,0.0,0.0,1.0,0.0,0.0,0.0,0.0,0.0,0.0,0.0,0.0
13.1383,0.5481597947170656,0.4677753848882452,0.5177026394354626,-0.4611843512847701,0.0406,0.0,9.6967,0.0,0.0,1.0,0.0,0.0,0.0,0.0,-0.0811,0.0,0.0,0.0
13.1583,0.5479796286265959,0.4677168041991088,0.5174003145281669,-0.4617967433906226,-0.0811,0.0,8.913,0.0,0.0,1.0,0.0,0.0,0.0,0.0,-0.0406,0.0,0.0,0.0
13.1784,0.5475486578903161,0.4683252733271114,0.5175805124200599,-0.46148924014389353,-0.0135,0.0,11.571,0.0,0.0,1.0,0.0,0.0,0.0,0.0,0.027,0.0,0.0,0.0
13.1985,0.5475526189666696,0.46826766054828384,0.5174622552260761,-0.46167558086141136,-0.0676,0.0,11.6409,0.0,0.0,1.0,0.0,0.0,0.0,0.0,0.0,0.0,0.0,0.0
13.2185,0.5477870196351182,0.4674036037222074,0.5175132396123843,-0.46221564141930904,0.0,0.0,9.3312,0.0,0.0,1.0,0.0,0.0,0.0,0.0,0.0541,0.0,0.0,0.0
13.2386,0.5475323973069434,0.46709039577837813,0.5171991508949364,-0.4631844928151917,0.0135,0.0,8.9478,0.0,0.0,1.0,0.0,0.0,0.0,0.0,-0.027,0.0,0.0,0.0
13.2587,0.546938478571095,0.4675921189957477,0.5175803455283072,-0.4629540979775431,-0.0135,0.0,12.4269,0.0,0.0,1.0,0.0,0.0,0.0,0.0,-0.027,0.0,0.0,0.0
13.2787,0.546938478571095,0.4675921189957477,0.5175803455283072,-0.4629540979775431,-0.0135,0.0,12.4269,0.0,0.0,1.0,0.0,0.0,0.0,0.0,0.0135,0.0,0.0,0.0
13.2988,0.5468592357331048,0.46824850183836353,0.5176850767342233,-0.4622666742760223,0.027,0.0,9.0555,0.0,0.0,1.0,0.0,0.0,0.0,0.0,0.0135,0.0,0.0,0.0
13.3189,0.5471832998519166,0.4684478250285665,0.5170931183896116,-0.4623437882174696,0.0135,0.0,9.5973,0.0,0.0,1.0,0.0,0.0,0.0,0.0,0.0135,0.0,0.0,0.0
13.3389,0.5473563642036575,0.4683173224221393,0.5171447304700643,-0.4622133964222104,-0.0135,0.0,8.8974,0.0,0.0,1.0,0.0,0.0,0.0,0.0,0.0135,0.0,0.0,0.0
13.359,0.5472507234722412,0.4686363266629316,0.5172821909956612,-0.4618612062835661,0.0,0.0,9.396,0.0,0.0,1.0,0.0,0.0,0.0,0.0,0.027,0.0,0.0,0.0
13.3791,0.5473557304017085,0.46898777123046115,0.5170831324613092,-0.46160286931159444,0.0,0.0,9.7479,0.0,0.0,1.0,0.0,0.0,0.0,0.0,0.027,0.0,0.0,0.0
13.3992,0.5475521817246314,0.46918229694859853,0.5168518351255399,-0.4614312094407954,0.0,0.0,9.7917,0.0,0.0,1.0,0.0,0.0,0.0,0.0,0.027,0.0,0.0,0.0
13.4192,0.5477328467612831,0.46899729379667887,0.5166666285813327,-0.4616122419310081,0.0,0.0,9.6671,0.0,0.0,1.0,0.0,0.0,0.0,0.0,0.027,0.0,0.0,0.0
13.4393,0.5476790913666939,0.46882049435554224,0.5165514609830107,-0.4619843559129407,0.0,0.0,9.6298,0.0,0.0,1.0,0.0,0.0,0.0,0.0,0.027,0.0,0.0,0.0
13.4594,0.5474776804710759,0.46880473229280345,0.5164110958172592,-0.46239581797708873,0.0,0.0,9.6656,0.0,0.0,1.0,0.0,0.0,0.0,0.0,0.027,0.0,0.0,0.0
13.4794,0.5476141998373321,0.46839015822772334,0.5163027881659936,-0.4627750844027238,0.0,0.0,9.7058,0.0,0.0,1.0,0.0,0.0,0.0,0.0,0.027,0.0,0.0,0.0
13.4995,0.547794188162962,0.46795972352626297,0.5161770041509056,-0.4631376954620528,0.0,0.0,9.744,0.0,0.0,1.0,0.0,0.0,0.0,0.0,0.027,0.0,0.0,0.0
13.5196,0.547794188162962,0.46795972352626297,0.5161770041509056,-0.4631376954620528,0.0,0.0,9.744,0.0,0.0,1.0,0.0,0.0,0.0,0.0,0.027,0.0,0.0,0.0
13.5396,0.5481447741094738,0.46751857240649697,0.5156134996911423,-0.4637956554429089,0.0,0.0,9.7878,0.0,0.0,1.0,0.0,0.0,0.0,0.0,0.027,0.0,0.0,0.0
13.5597,0.548225490502648,0.467474387185922,0.5153880418387308,-0.4639953396510752,0.0,0.0,9.7426,0.0,0.0,1.0,0.0,0.0,0.0,0.0,0.027,0.0,0.0,0.0
13.5798,0.5482888165439327,0.46747636968069006,0.5152072242522531,-0.46411930957600256,0.0,0.0,9.7429,0.0,0.0,1.0,0.0,0.0,0.0,0.0,0.027,0.0,0.0,0.0
13.5998,0.5483946610190868,0.46752359582056313,0.5150090469286984,-0.46416663462421043,0.0,0.0,9.705,0.0,0.0,1.0,0.0,0.0,0.0,0.0,0.027,0.0,0.0,0.0
13.6199,0.548533108984583,0.4676596185570142,0.5147804869533322,-0.4641195533167138,0.0,0.0,9.7033,0.0,0.0,1.0,0.0,0.0,0.0,0.0,0.027,0.0,0.0,0.0
13.64,0.548533108984583,0.4676596185570142,0.5147804869533322,-0.4641195533167138,0.0,0.0,9.7033,0.0,0.0,1.0,0.0,0.0,0.0,0.0,0.027,0.0,0.0,0.0
13.66,0.5487000795643923,0.4678909514892506,0.5144594490184088,-0.4640449929868749,0.0,0.0,9.6699,0.0,0.0,1.0,0.0,0.0,0.0,0.0,0.027,0.0,0.0,0.0
13.6801,0.5488950233660707,0.4679621352392128,0.5142876435977941,-0.46393309102600777,0.0,0.0,9.7104,0.0,0.0,1.0,0.0,0.0,0.0,0.0,0.027,0.0,0.0,0.0
13.7002,0.5490743925974277,0.468020039402233,0.5141012402015491,-0.4638690213141282,0.0,0.0,9.6715,0.0,0.0,1.0,0.0,0.0,0.0,0.0,0.027,0.0,0.0,1.0
13.7203,0.5491356156890812,0.46814222989455456,0.5139794482302592,-0.4638082092503819,0.0,0.0,9.7131,0.0,0.0,1.0,0.0,0.0,0.0,0.0,0.027,0.0,0.0,1.0
13.7403,0.5492108245214989,0.46821534330635506,0.5139317437823262,-0.46369820492836183,-0.1082,0.0,10.7742,0.0,0.0,1.0,0.0,0.0,0.0,0.0,0.1487,0.0,0.0,1.0
13.7604,0.5499835728642753,0.46722023907419463,0.5145218583161164,-0.4631312719886545,-0.0811,0.0,12.674,0.0,0.0,1.0,0.0,0.0,0.0,0.0,0.2434,0.0,0.0,1.0
13.7805,0.5507280654616653,0.4667428354904775,0.5145335353895425,-0.4627147764991941,-0.0676,0.0,10.1616,0.0,0.0,1.0,0.0,0.0,0.0,0.0,0.2975,0.0,0.0,1.0
13.8006,0.5508810643012442,0.4659844448252645,0.5152994811350042,-0.4624445857799763,-0.0541,0.0038,9.3913,0.0,0.0,1.0,0.0,0.0,0.0,0.0,0.4192,0.0,0.0,1.0
13.8206,0.5498590496844998,0.46673010044909974,0.5159234786361114,-0.4622131575440558,-0.0947,0.0038,9.8202,0.0,0.0,1.0,0.0,0.0,0.0,0.0,0.5139,0.0,0.0,1.0
13.8407,0.548327964133142,0.46867871244410064,0.5157356795378334,-0.4622698531193582,-0.0947,0.0038,10.1454,0.0,0.0,1.0,0.0,0.0,0.0,0.0,0.595,0.0,0.0,1.0
13.8608,0.5474375508494469,0.47022663962974337,0.5150887501120334,-0.4624744477379286,-0.0406,0.0038,12.5743,0.0,0.0,1.0,0.0,0.0,0.0,0.0,0.6761,0.0,0.0,1.0
13.8808,0.5473805694009183,0.4704130989581925,0.5144815134322989,-0.46302786191252854,0.0135,0.0038,13.3717,0.0,0.0,1.0,0.0,0.0,0.0,0.0,0.8114,0.0,0.0,1.0
13.9009,0.5470017510188367,0.4700360825285802,0.5144694684576073,-0.4638710289816118,-0.0135,0.0038,12.0687,0.0,0.0,1.0,0.0,0.0,0.0,0.0,0.8384,0.0,0.0,1.0
13.921,0.5462557577596107,0.47020704444717365,0.5150062864773799,-0.46398114978467214,0.0406,0.0038,16.1323,0.0,0.0,1.0,0.0,0.0,0.0,0.0,0.9331,0.0,0.0,1.0
13.9411,0.5457970441199604,0.4708431541470865,0.5152178650884528,-0.46364087645119684,0.0135,0.0038,8.0645,0.0,0.0,1.0,0.0,0.0,0.0,0.0,0.9195,0.0,0.0,1.0
13.9612,0.5455803994697047,0.47173010508976104,0.5148811084895788,-0.46336829821107006,-0.0135,0.0038,11.1139,0.0,0.0,1.0,0.0,0.0,0.0,0.0,0.9601,0.0,0.0,1.0
13.9813,0.5459702229703322,0.47120068600684983,0.5141095680423344,-0.46430354422912223,0.0,0.0038,9.5827,0.0,0.0,1.0,0.0,0.0,0.0,0.0,0.9466,0.0,0.0,1.0
14.0014,0.5463894062695481,0.47070507295981606,0.5143452651488747,-0.4640520436602331,-0.0135,0.0038,7.8733,0.0,0.0,1.0,0.0,0.0,0.0,0.0,1.0142,0.0,0.0,1.0
14.0215,0.5467606351109472,0.46973355948437384,0.5142281808191018,-0.4647284895922466,-0.0135,0.0038,12.0814,0.0,0.0,1.0,0.0,0.0,0.0,0.0,0.9601,0.0,0.0,1.0
14.0416,0.5470589986404283,0.4692388565820027,0.5145879393654459,-0.46447884789274413,0.0,0.0038,11.8313,0.0,0.0,1.0,0.0,0.0,0.0,0.0,0.9736,0.0,0.0,1.0
14.0617,0.5473754413266785,0.46863865171383273,0.5142936894097097,-0.4650375698646444,-0.0541,0.0038,11.3614,0.0,0.0,1.0,0.0,0.0,0.0,0.0,0.9736,0.0,0.0,1.0
14.0818,0.5471730668654284,0.4685000637173403,0.5141534852507924,-0.46557010084238937,0.0135,0.0038,12.1822,0.0,0.0,1.0,0.0,0.0,0.0,0.0,1.0142,0.0,0.0,1.0
14.1018,0.5469800002901274,0.4680644529235123,0.5142660170150974,-0.4661105136504142,-0.027,0.0038,11.3707,0.0,0.0,1.0,0.0,0.0,0.0,0.0,1.0142,0.0,0.0,1.0
14.1219,0.5464484213446823,0.4681403609644457,0.5145263967308764,-0.46637035959966816,0.027,0.0038,11.8562,0.0,0.0,1.0,0.0,0.0,0.0,0.0,0.9601,0.0,0.0,1.0
14.142,0.5462688552429559,0.46826530473996497,0.514102628232723,-0.4669222952617973,0.027,0.0038,9.9437,0.0,0.0,1.0,0.0,0.0,0.0,0.0,1.0142,0.0,0.0,1.0
14.162,0.5459038590731701,0.4683890271225166,0.5140435171227118,-0.46729001532705045,0.027,0.0038,10.4096,0.0,0.0,1.0,0.0,0.0,0.0,0.0,1.0142,0.0,0.0,1.0
14.1821,0.5457081402606841,0.46874410772508673,0.5136045438139512,-0.46764512153972165,0.0,0.0,11.4849,0.0,0.0,1.0,0.0,0.0,0.0,0.0,1.0277,0.0,0.0,1.0
14.2022,0.5453366347582402,0.4694713549663942,0.5131723640673639,-0.4678233923331418,0.0406,0.0038,9.3372,0.0,0.0,1.0,0.0,0.0,0.0,0.0,1.0142,0.0,0.0,1.0
14.2222,0.5454521154593136,0.46928275258068786,0.5132272311432055,-0.46781780329988676,-0.0406,0.0038,5.2145,0.0,0.0,1.0,0.0,0.0,0.0,0.0,1.0412,0.0,0.0,1.0
14.2423,0.5452148187418692,0.4697165055346891,0.5139655169177053,-0.4668475696328163,0.0541,0.0038,9.4109,0.0,0.0,1.0,0.0,0.0,0.0,0.0,0.9872,0.0,0.0,1.0
14.2624,0.545650713412145,0.46929617331423606,0.514156903107076,-0.46655018985396696,-0.0541,0.0038,9.3791,0.0,0.0,1.0,0.0,0.0,0.0,0.0,1.0548,0.0,0.0,1.0
14.2825,0.5453444229317411,0.4696000586531512,0.5140946852103611,-0.46667108323600176,0.0406,0.0038,10.6568,0.0,0.0,1.0,0.0,0.0,0.0,0.0,0.9736,0.0,0.0,1.0
14.3025,0.5457184169580777,0.4691799377204951,0.5144072209063394,-0.46631191976270436,-0.0541,0.0038,11.4669,0.0,0.0,1.0,0.0,0.0,0.0,0.0,1.0818,0.0,0.0,1.0
14.3226,0.5454664878713282,0.46899012048802885,0.5145217438479461,-0.4666711396707653,0.0676,0.0038,10.7557,0.0,0.0,1.0,0.0,0.0,0.0,0.0,0.9466,0.0,0.0,1.0
14.3427,0.5459475457380123,0.46880116430901086,0.5145762039249955,-0.46623821808094895,-0.1082,0.0038,9.2596,0.0,0.0,1.0,0.0,0.0,0.0,0.0,1.0818,0.0,0.0,1.0
14.3628,0.5453314354313622,0.4697118710603071,0.5145704262120558,-0.4660489890379965,0.0676,0.0038,12.3416,0.0,0.0,1.0,0.0,0.0,0.0,0.0,0.9195,0.0,0.0,1.0
14.3828,0.5457259450084009,0.4702244307598748,0.5140483096858769,-0.4656463389422624,-0.0541,0.0038,8.8698,0.0,0.0,1.0,0.0,0.0,0.0,0.0,1.0818,0.0,0.0,1.0
14.4029,0.5441814176798176,0.4706354424283929,0.5148248267181731,-0.4661805045010118,0.0406,0.0038,9.7624,0.0,0.0,1.0,0.0,0.0,0.0,0.0,0.9195,0.0,0.0,1.0
14.423,0.5443681683187263,0.47063782273158644,0.5150104288909789,-0.46575486607153843,-0.027,0.0038,5.846,0.0,0.0,1.0,0.0,0.0,0.0,0.0,1.0548,0.0,0.0,1.0
14.443,0.5434665957320105,0.4713213218971162,0.5147180881332423,-0.46643923569643486,0.0135,0.0038,10.5191,0.0,0.0,1.0,0.0,0.0,0.0,0.0,0.9872,0.0,0.0,1.0
14.4631,0.5436986516020489,0.47186096189063015,0.5147067768266731,-0.4656349887824802,0.0811,0.0038,9.5853,0.0,0.0,1.0,0.0,0.0,0.0,0.0,0.9872,0.0,0.0,1.0
14.4832,0.5437195984301861,0.4708411055541415,0.5152156234254398,-0.466079942694176,-0.0811,0.0038,8.7521,0.0,0.0,1.0,0.0,0.0,0.0,0.0,1.0548,0.0,0.0,1.0
14.5032,0.5437036380314412,0.47119328621369605,0.515749502398932,-0.46515125689797676,0.1217,0.0038,8.9029,0.0,0.0,1.0,0.0,0.0,0.0,0.0,0.9195,0.0,0.0,1.0
14.5233,0.544256270972937,0.4706474228447313,0.5153869383377185,-0.4654593630674092,-0.1487,0.0038,12.9686,0.0,0.0,1.0,0.0,0.0,0.0,0.0,1.1089,0.0,0.0,1.0
14.5433,0.544256270972937,0.4706474228447313,0.5153869383377185,-0.4654593630674092,-0.1487,0.0038,12.9686,0.0,0.0,1.0,0.0,0.0,0.0,0.0,0.9872,0.0,0.0,1.0
14.5634,0.544604215253507,0.47148593172703523,0.5153689015612214,-0.4642221022476002,-0.0135,0.0038,7.595,0.0,0.0,1.0,0.0,0.0,0.0,0.0,0.9601,0.0,0.0,1.0
14.5835,0.5455283942740761,0.47137188441914046,0.51415660162916,-0.4645969291989026,-0.0676,0.0038,9.5007,0.0,0.0,1.0,0.0,0.0,0.0,0.0,1.0818,0.0,0.0,1.0
14.6035,0.5451170805023721,0.4708964356765026,0.5143543987613975,-0.4653423125899227,-0.0541,0.0038,13.404,0.0,0.0,1.0,0.0,0.0,0.0,0.0,0.9466,0.0,0.0,1.0
14.6236,0.545705858363463,0.47026812209255,0.5147623767270797,-0.4648362130876109,0.0,0.0038,10.9812,0.0,0.0,1.0,0.0,0.0,0.0,0.0,1.0412,0.0,0.0,1.0
14.6437,0.5454172755465522,0.4698552675936854,0.5147158660077563,-0.46564321140732656,-0.027,0.0038,9.8936,0.0,0.0,1.0,0.0,0.0,0.0,0.0,0.9331,0.0,0.0,1.0
14.6638,0.5463193083623414,0.4696602473272505,0.5154356866429605,-0.4639833168616073,-0.0135,0.0038,9.3825,0.0,0.0,1.0,0.0,0.0,0.0,0.0,1.0818,0.0,0.0,1.0
14.6838,0.5462561166231047,0.4695353642784408,0.5150676238195058,-0.4645924446616468,-0.0541,0.0038,10.598,0.0,0.0,1.0,0.0,0.0,0.0,0.0,0.9195,0.0,0.0,1.0
14.7039,0.5462572484903857,0.47026932677558425,0.5149466927940067,-0.46398241598822104,0.1217,0.0038,9.8122,0.0,0.0,1.0,0.0,0.0,0.0,0.0,1.0548,0.0,0.0,1.0
14.7275,0.5457135209625613,0.47009172591893805,0.5150746040026613,-0.4646597406411491,-0.0947,0.0038,9.029,0.0,0.0,1.0,0.0,0.0,0.0,0.0,1.0412,0.0,0.0,1.0
14.7476,0.5455497167119451,0.4709012925064358,0.5146037117412905,-0.4645540863810926,0.0541,0.0038,9.0113,0.0,0.0,1.0,0.0,0.0,0.0,0.0,1.0277,0.0,0.0,1.0
14.7677,0.5460141770246302,0.47124611132394345,0.5134825835383626,-0.46489919063485774,-0.0947,0.0038,10.6118,0.0,0.0,1.0,0.0,0.0,0.0,0.0,1.0412,0.0,0.0,1.0
14.7878,0.5456524791491623,0.4724106832898027,0.513731568119608,-0.46386570710648944,0.0811,0.0038,10.9161,0.0,0.0,1.0,0.0,0.0,0.0,0.0,0.9601,0.0,0.0,1.0
14.8078,0.5463840202006974,0.47131042962744585,0.5133032006126413,-0.4645974662377473,-0.1352,0.0038,10.3805,0.0,0.0,1.0,0.0,0.0,0.0,0.0,1.0818,0.0,0.0,1.0
14.8279,0.545421576914275,0.47162901062087875,0.5143539174837627,-0.46424285384507924,0.0135,0.0038,10.0925,0.0,0.0,1.0,0.0,0.0,0.0,0.0,0.9195,0.0,0.0,1.0
14.848,0.5463367923345975,0.47120030808881747,0.5134991436598298,-0.46454817668264287,-0.027,0.0038,11.2108,0.0,0.0,1.0,0.0,0.0,0.0,0.0,1.0007,0.0,0.0,1.0
14.868,0.5465115736610431,0.4705222158079627,0.5141624213207135,-0.4642961864880181,-0.0541,0.0038,10.738,0.0,0.0,1.0,0.0,0.0,0.0,0.0,0.9195,0.0,0.0,1.0
14.8881,0.5473849350365002,0.4701728409613924,0.514363611792318,-0.46339756945989846,0.0676,0.0038,11.2687,0.0,0.0,1.0,0.0,0.0,0.0,0.0,0.9466,0.0,0.0,1.0
14.9082,0.5474645591679586,0.46977046005351175,0.5140188079410013,-0.4640936720092796,-0.0811,0.0038,12.6762,0.0,0.0,1.0,0.0,0.0,0.0,0.0,1.0412,0.0,0.0,1.0
14.9282,0.5469888933176443,0.4706960240207809,0.5142743781651176,-0.4634331316609216,-0.0135,0.0038,10.4629,0.0,0.0,1.0,0.0,0.0,0.0,0.0,0.9601,0.0,0.0,1.0
14.9483,0.5469471967379449,0.4712006461051183,0.5136215145168224,-0.46369349242367897,-0.0541,0.0038,11.0506,0.0,0.0,1.0,0.0,0.0,0.0,0.0,0.9736,0.0,0.0,1.0
14.9684,0.5467440174528487,0.47142825482786777,0.5140295549241203,-0.46324938919979275,-0.0406,0.0038,11.3491,0.0,0.0,1.0,0.0,0.0,0.0,0.0,0.9872,0.0,0.0,1.0
14.9884,0.5466162155601321,0.47166724272023175,0.5143900871867753,-0.46275648373134115,0.027,0.0038,10.4183,0.0,0.0,1.0,0.0,0.0,0.0,0.0,0.9601,0.0,0.0,1.0
15.0085,0.5463148254524025,0.471609353508778,0.514760470878118,-0.4627595345266067,0.0,0.0038,9.1752,0.0,0.0,1.0,0.0,0.0,0.0,0.0,1.0007,0.0,0.0,1.0
15.0286,0.5458268110933427,0.47179319307313594,0.5149443875731423,-0.4629433582723143,-0.027,0.0038,9.7231,0.0,0.0,1.0,0.0,0.0,0.0,0.0,1.0142,0.0,0.0,1.0
15.0486,0.5456535066860735,0.4718625733989133,0.5148925344964254,-0.46313458128970864,0.0135,0.0038,9.4086,0.0,0.0,1.0,0.0,0.0,0.0,0.0,1.0007,0.0,0.0,1.0
15.0687,0.5459999652438291,0.47160083148510656,0.5145061785481629,-0.46342214657055336,0.0,0.0038,8.9956,0.0,0.0,1.0,0.0,0.0,0.0,0.0,1.0142,0.0,0.0,1.0
15.0888,0.5454772047591265,0.4714413626074045,0.5150208583206469,-0.4636282737341499,0.0,0.0038,12.8776,0.0,0.0,1.0,0.0,0.0,0.0,0.0,1.0277,0.0,0.0,1.0
15.1088,0.5447895807867067,0.47185397569522347,0.5154931410871691,-0.46349213561714275,0.0541,0.0038,9.695,0.0,0.0,1.0,0.0,0.0,0.0,0.0,1.0142,0.0,0.0,1.0
15.1289,0.5450467773174569,0.471865404417528,0.5152006252346586,-0.4635033618082551,-0.0135,0.0038,7.9908,0.0,0.0,1.0,0.0,0.0,0.0,0.0,1.0277,0.0,0.0,1.0
15.149,0.545042204402021,0.47210544468634613,0.5147693041336714,-0.46374347223419626,0.0,0.0038,8.2522,0.0,0.0,1.0,0.0,0.0,0.0,0.0,1.0142,0.0,0.0,1.0
15.169,0.5453616071426503,0.4716299026843536,0.5144158917695053,-0.4642437319379957,-0.027,0.0038,10.1401,0.0,0.0,1.0,0.0,0.0,0.0,0.0,1.0007,0.0,0.0,1.0
15.1891,0.5453351129534063,0.47136299666527653,0.5148188900539438,-0.4640991816394976,0.0,0.0038,11.1355,0.0,0.0,1.0,0.0,0.0,0.0,0.0,0.9736,0.0,0.0,1.0
15.2092,0.5455357072449564,0.47101120080587816,0.5156285040074288,-0.4633211485473238,0.0,0.0038,9.0341,0.0,0.0,1.0,0.0,0.0,0.0,0.0,0.9736,0.0,0.0,1.0
15.2292,0.5456691432092978,0.47065506144610025,0.5156393098324108,-0.4635138632661957,-0.0676,0.0038,9.2859,0.0,0.0,1.0,0.0,0.0,0.0,0.0,0.9736,0.0,0.0,1.0
15.2493,0.5455175589071944,0.4708125365193605,0.5157333473631406,-0.4634277320119631,0.0,0.0038,13.094,0.0,0.0,1.0,0.0,0.0,0.0,0.0,0.9872,0.0,0.0,1.0
15.2694,0.5457881065107789,0.47046943581424333,0.5155754363422416,-0.4636332841767443,-0.0541,0.0038,9.1313,0.0,0.0,1.0,0.0,0.0,0.0,0.0,1.0007,0.0,0.0,1.0
15.2895,0.54570572562801,0.47045100459622313,0.5158602328578029,-0.463432123883428,0.0135,0.0038,9.8876,0.0,0.0,1.0,0.0,0.0,0.0,0.0,0.9601,0.0,0.0,1.0
15.3095,0.5461441968626654,0.47021603046780447,0.5159311306514135,-0.46307501481843016,0.0,0.0038,8.4593,0.0,0.0,1.0,0.0,0.0,0.0,0.0,1.0142,0.0,0.0,1.0
15.3296,0.5457136341557914,0.4705798222051189,0.5161117082452343,-0.4630118411467074,0.027,0.0038,11.2781,0.0,0.0,1.0,0.0,0.0,0.0,0.0,1.0277,0.0,0.0,1.0
15.3497,0.5459556639017022,0.4705171248738987,0.515804848140262,-0.4631321700001555,0.0406,0.0038,8.7884,0.0,0.0,1.0,0.0,0.0,0.0,0.0,0.9872,0.0,0.0,1.0
15.3697,0.5455917349196335,0.47070190856898136,0.515745804124313,-0.46343892540988435,0.027,0.0038,10.4798,0.0,0.0,1.0,0.0,0.0,0.0,0.0,1.0412,0.0,0.0,1.0
15.3898,0.5451728092967072,0.4708918815158855,0.5155704395583136,-0.46393379460825296,0.0406,0.0038,8.0215,0.0,0.0,1.0,0.0,0.0,0.0,0.0,1.0142,0.0,0.0,1.0
15.4099,0.5448688226193317,0.4713197666839524,0.5148393914902255,-0.4646676711805786,0.027,0.0038,7.63,0.0,0.0,1.0,0.0,0.0,0.0,0.0,1.0412,0.0,0.0,1.0
15.4299,0.5451057516479294,0.47131364989578256,0.5147097097347376,-0.46453964055508107,0.0406,0.0038,8.59,0.0,0.0,1.0,0.0,0.0,0.0,0.0,1.0277,0.0,0.0,1.0
15.45,0.5452845188054148,0.4712489914615566,0.5151337112936006,-0.4639250382189934,0.0,0.0038,10.1023,0.0,0.0,1.0,0.0,0.0,0.0,0.0,1.0277,0.0,0.0,1.0
15.4701,0.5454206514720088,0.4710781996447951,0.5155740686007128,-0.46344905065581454,0.0,0.0038,10.3138,0.0,0.0,1.0,0.0,0.0,0.0,0.0,1.0277,0.0,0.0,1.0
15.4902,0.5455339645441726,0.47100969617184973,0.5156878570641614,-0.4632586682593133,0.0,0.0038,9.4776,0.0,0.0,1.0,0.0,0.0,0.0,0.0,1.0277,0.0,0.0,1.0
15.5102,0.5456542259704672,0.4709471950322248,0.5155642135093632,-0.46331819187284423,0.0,0.0038,9.5842,0.0,0.0,1.0,0.0,0.0,0.0,0.0,1.0142,0.0,0.0,1.0
15.5303,0.545518801858671,0.4709356063052863,0.5156735239276351,-0.46336778939909856,0.0,0.0038,9.6309,0.0,0.0,1.0,0.0,0.0,0.0,0.0,1.0142,0.0,0.0,1.0
15.5504,0.545220716796532,0.47088057350324125,0.5159240544155641,-0.4634956586080831,0.0,0.0038,9.6712,0.0,0.0,1.0,0.0,0.0,0.0,0.0,1.0142,0.0,0.0,1.0
15.5705,0.5450380821574263,0.4706368899808738,0.5162293949525892,-0.46361796619001855,0.0,0.0038,9.6263,0.0,0.0,1.0,0.0,0.0,0.0,0.0,1.0007,0.0,0.0,1.0
15.5905,0.5450495993611765,0.47028083125248,0.5164233052797575,-0.46374976415802927,0.0,0.0038,9.6694,0.0,0.0,1.0,0.0,0.0,0.0,0.0,1.0007,0.0,0.0,1.0
15.6106,0.545151406323737,0.4700804159704465,0.5164041758856782,-0.46385458263569795,-0.0135,0.0038,9.6309,0.0,0.0,1.0,0.0,0.0,0.0,0.0,1.0007,0.0,0.0,1.0
15.6307,0.545306231478385,0.4699867132856913,0.516191258063856,-0.46400451327999953,-0.0135,0.0038,9.6688,0.0,0.0,1.0,0.0,0.0,0.0,0.0,1.0007,0.0,0.0,1.0
15.6507,0.5454312737055766,0.4700503335882723,0.5158891214594933,-0.46412910263979196,-0.0135,0.0038,9.7078,0.0,0.0,1.0,0.0,0.0,0.0,0.0,1.0007,0.0,0.0,1.0
15.6708,0.5454773673718354,0.47009848747216276,0.5157530203987415,-0.4641774183553653,-0.0135,0.0038,9.6694,0.0,0.0,1.0,0.0,0.0,0.0,0.0,1.0007,0.0,0.0,1.0
15.6909,0.5455234447172771,0.4701466268296024,0.515616913732551,-0.46422571968543663,-0.0135,0.0038,9.712,0.0,0.0,1.0,0.0,0.0,0.0,0.0,1.0007,0.0,0.0,1.0
15.7109,0.5455436166967815,0.4702860141764287,0.5154529759526891,-0.46424288549525405,-0.0135,0.0038,9.6675,0.0,0.0,1.0,0.0,0.0,0.0,0.0,1.0007,0.0,0.0,1.0
15.731,0.545652837511331,0.47039699784049066,0.5151359025262796,-0.4643540107148013,-0.0135,0.0038,9.709,0.0,0.0,1.0,0.0,0.0,0.0,0.0,1.0007,0.0,0.0,1.0
15.7511,0.5457621190433926,0.4703860361646055,0.5148189060555025,-0.4645881836276425,-0.0135,0.0038,9.6806,0.0,0.0,1.0,0.0,0.0,0.0,0.0,1.0007,0.0,0.0,1.0
15.7712,0.5458601542677162,0.4703569515767798,0.5145478260630022,-0.4648027159775023,-0.0135,0.0038,9.6806,0.0,0.0,1.0,0.0,0.0,0.0,0.0,1.0007,0.0,0.0,1.0
15.7912,0.545949281580826,0.4702676287866021,0.5143948432799959,-0.4649577233079963,-0.0135,0.0038,9.7148,0.0,0.0,1.0,0.0,0.0,0.0,0.0,1.0007,0.0,0.0,1.0
15.8113,0.545950925927311,0.4702690451872615,0.5143353934896778,-0.4650201228136173,-0.0135,0.0038,9.6715,0.0,0.0,1.0,0.0,0.0,0.0,0.0,1.0007,0.0,0.0,1.0
15.8314,0.5459682271664961,0.4702229470291614,0.5142906917985417,-0.46509586037854744,-0.0135,0.0038,9.6675,0.0,0.0,1.0,0.0,0.0,0.0,0.0,1.0007,0.0,0.0,1.0
15.8514,0.5460721784259325,0.4700235462254714,0.5142117514628964,-0.46526263185457867,-0.0135,0.0038,9.7093,0.0,0.0,1.0,0.0,0.0,0.0,0.0,1.0007,0.0,0.0,1.0
15.8715,0.5461371320490938,0.46996595046763323,0.5139714776518184,-0.46550999834445167,-0.0135,0.0038,9.7134,0.0,0.0,1.0,0.0,0.0,0.0,0.0,1.0007,0.0,0.0,1.0
15.8916,0.5461371320490938,0.46996595046763323,0.5139714776518184,-0.46550999834445167,-0.0135,0.0038,9.7134,0.0,0.0,1.0,0.0,0.0,0.0,0.0,1.0007,0.0,0.0,1.0
15.9116,0.5461432686599551,0.4700932312492593,0.5137332527167514,-0.4656372290572533,-0.0135,0.0038,9.7515,0.0,0.0,1.0,0.0,0.0,0.0,0.0,1.0007,0.0,0.0,1.0
15.9317,0.5462078255071688,0.47015729286767843,0.5134925963776367,-0.4657622620859484,-0.0135,0.0038,9.7515,0.0,0.0,1.0,0.0,0.0,0.0,0.0,1.0007,0.0,0.0,1.0
15.9518,0.546212435868867,0.47022226225380853,0.51331392777443,-0.46588819531717757,-0.0135,0.0038,9.7118,0.0,0.0,1.0,0.0,0.0,0.0,0.0,1.0007,0.0,0.0,1.0
15.9718,0.5461981995776991,0.47033200524854474,0.5132395495863379,-0.4658760525691097,-0.0135,0.0038,9.7134,0.0,0.0,1.0,0.0,0.0,0.0,0.0,1.0007,0.0,0.0,1.0
15.9919,0.5461580926380446,0.4705330027997295,0.5131371801317812,-0.4658328729154341,-0.0135,0.0038,9.6727,0.0,0.0,1.0,0.0,0.0,0.0,0.0,1.0007,0.0,0.0,1.0
16.012,0.5461027147970776,0.4707208554083979,0.5130194598813015,-0.4658376701791576,-0.0135,0.0038,9.6727,0.0,0.0,1.0,0.0,0.0,0.0,0.0,1.0007,0.0,0.0,1.0
16.032,0.5460743209480179,0.47087937836062776,0.5128707878655175,-0.4658744487413677,-0.0135,0.0038,9.6679,0.0,0.0,1.0,0.0,0.0,0.0,0.0,1.0007,0.0,0.0,1.0
16.0521,0.5460955767595762,0.4710807117769067,0.5126467451711807,-0.4658925827921963,-0.0135,0.0038,9.6679,0.0,0.0,1.0,0.0,0.0,0.0,0.0,1.0007,0.0,0.0,1.0
16.0722,0.546084191715213,0.47125389138293794,0.5124530567362643,-0.4659438700711062,-0.0135,0.0038,9.7123,0.0,0.0,1.0,0.0,0.0,0.0,0.0,1.0007,0.0,0.0,1.0
16.0923,0.5461465449771834,0.4713780596631646,0.5122713250968551,-0.46594502439793006,-0.0135,0.0038,9.7148,0.0,0.0,1.0,0.0,0.0,0.0,0.0,1.0007,0.0,0.0,1.0
16.1123,0.5462505723470175,0.4714235486897174,0.5121324734794206,-0.4659296937942464,-0.0135,0.0038,9.7507,0.0,0.0,1.0,0.0,0.0,0.0,0.0,1.0007,0.0,0.0,1.0
16.1324,0.5464028799565416,0.47144970161294486,0.5119778794722256,-0.46589454016481646,-0.0135,0.0038,9.7459,0.0,0.0,1.0,0.0,0.0,0.0,0.0,1.0007,0.0,0.0,1.0
16.1525,0.5464913309270898,0.4714817561250227,0.5118244517712472,-0.46592693572261407,-0.0135,0.0038,9.7459,0.0,0.0,1.0,0.0,0.0,0.0,0.0,1.0007,0.0,0.0,1.0
16.1725,0.5465695713278396,0.4715576301593818,0.5116575987091494,-0.4659416345639832,-0.0135,0.0038,9.745,0.0,0.0,1.0,0.0,0.0,0.0,0.0,1.0007,0.0,0.0,1.0
16.1926,0.5466322564477114,0.4716200840303845,0.5114761756405933,-0.46600407112184056,-0.0135,0.0038,9.7124,0.0,0.0,1.0,0.0,0.0,0.0,0.0,1.0007,0.0,0.0,1.0
16.2127,0.546617854915051,0.47172965582903453,0.5114017017943108,-0.4659917938133374,-0.0135,0.0038,9.7134,0.0,0.0,1.0,0.0,0.0,0.0,0.0,1.0007,0.0,0.0,1.0
16.2328,0.5465764007963945,0.47180752519995706,0.5113589883755764,-0.46600845728876866,-0.0135,0.0038,9.709,0.0,0.0,1.0,0.0,0.0,0.0,0.0,1.0007,0.0,0.0,1.0
16.2529,0.5465192052128767,0.4719328124530092,0.5113015475897053,-0.4660117018874642,-0.0135,0.0038,9.7123,0.0,0.0,1.0,0.0,0.0,0.0,0.0,1.0007,0.0,0.0,1.0
16.2729,0.546445153495648,0.47198254138114404,0.5112893366269011,-0.4660615722242477,-0.0135,0.0038,9.7148,0.0,0.0,1.0,0.0,0.0,0.0,0.0,1.0007,0.0,0.0,1.0
16.293,0.5464467410384322,0.4720449124532026,0.5112288221771836,-0.4660629262351327,-0.0135,0.0038,9.6759,0.0,0.0,1.0,0.0,0.0,0.0,0.0,1.0007,0.0,0.0,1.0
16.3131,0.5464480451338782,0.4721070389936825,0.5111690422200088,-0.4660640384945607,-0.0135,0.0038,9.6739,0.0,0.0,1.0,0.0,0.0,0.0,0.0,1.0007,0.0,0.0,1.0
16.3331,0.5464465396066346,0.4721057382844651,0.511228633727454,-0.466001754597529,-0.0135,0.0038,9.6325,0.0,0.0,1.0,0.0,0.0,0.0,0.0,1.0007,0.0,0.0,1.0
16.3532,0.5465048556524313,0.4721034198659168,0.5112261231840509,-0.46593846661702754,-0.0135,0.0038,9.593,0.0,0.0,1.0,0.0,0.0,0.0,0.0,1.0007,0.0,0.0,1.0
16.3733,0.5464445431063074,0.4721650130102386,0.511288765507258,-0.4658780527825329,-0.0135,0.0038,9.6274,0.0,0.0,1.0,0.0,0.0,0.0,0.0,1.0007,0.0,0.0,1.0
16.3933,0.5465199648025973,0.4722384744967889,0.5112402569875918,-0.4657683446868998,-0.0135,0.0038,9.6304,0.0,0.0,1.0,0.0,0.0,0.0,0.0,1.0007,0.0,0.0,1.0
16.4134,0.5465808642309925,0.47236038897190397,0.511118159348984,-0.4657072567295035,-0.0135,0.0038,9.5935,0.0,0.0,1.0,0.0,0.0,0.0,0.0,1.0007,0.0,0.0,1.0
16.4335,0.5466845141476754,0.4724665304282751,0.5109790030698531,-0.46563062403360783,-0.0135,0.0038,9.6369,0.0,0.0,1.0,0.0,0.0,0.0,0.0,1.0007,0.0,0.0,1.0
16.4535,0.5468196528875651,0.4724778843605805,0.5108692812414332,-0.46558081306034776,-0.0135,0.0038,9.7134,0.0,0.0,1.0,0.0,0.0,0.0,0.0,1.0007,0.0,0.0,1.0
16.4736,0.5469962517678945,0.4724113537920218,0.5108023012773303,-0.4655143632263639,-0.0135,0.0038,9.6759,0.0,0.0,1.0,0.0,0.0,0.0,0.0,1.0007,0.0,0.0,1.0
16.4937,0.5470558096550139,0.47247110828309485,0.5107399550592829,-0.4654521363862056,-0.0135,0.0038,9.6806,0.0,0.0,1.0,0.0,0.0,0.0,0.0,1.0007,0.0,0.0,1.0
16.5138,0.5471153590887927,0.47253085542937384,0.5106776015726449,-0.4653899029505656,-0.0135,0.0038,9.6705,0.0,0.0,1.0,0.0,0.0,0.0,0.0,1.0007,0.0,0.0,1.0
16.5338,0.5471736288729334,0.4725284980186459,0.5106750538514906,-0.4653265818756166,-0.0135,0.0038,9.6694,0.0,0.0,1.0,0.0,0.0,0.0,0.0,1.0007,0.0,0.0,1.0
16.5539,0.5472479052696232,0.472417961052321,0.5106874439433385,-0.46533787171451746,-0.0135,0.0038,9.6712,0.0,0.0,1.0,0.0,0.0,0.0,0.0,1.0007,0.0,0.0,1.0
16.574,0.5473079177293448,0.47235610731803235,0.5106255211034458,-0.46539803208432096,-0.0135,0.0038,9.6322,0.0,0.0,1.0,0.0,0.0,0.0,0.0,1.0007,0.0,0.0,1.0
16.5941,0.5473854175961798,0.4721873379376263,0.5105189077669016,-0.46559506795811734,-0.0135,0.0038,9.6715,0.0,0.0,1.0,0.0,0.0,0.0,0.0,1.0007,0.0,0.0,1.0
16.6141,0.5474898292106334,0.4720501637845103,0.5103805018826202,-0.46576310832865797,-0.0135,0.0038,9.756,0.0,0.0,1.0,0.0,0.0,0.0,0.0,1.0007,0.0,0.0,1.0
16.6342,0.54766842244201,0.47180236392300645,0.5102543935828374,-0.4659423594029138,-0.0135,0.0038,9.7937,0.0,0.0,1.0,0.0,0.0,0.0,0.0,1.0007,0.0,0.0,1.0
16.6543,0.5478446858311264,0.47155170440402566,0.5102471877880808,-0.4659967785667707,-0.0135,0.0038,9.7905,0.0,0.0,1.0,0.0,0.0,0.0,0.0,1.0007,0.0,0.0,1.0
16.6743,0.5479024490378358,0.4713039240962881,0.5103051730489022,-0.4661160239997249,-0.0135,0.0038,9.7547,0.0,0.0,1.0,0.0,0.0,0.0,0.0,1.0007,0.0,0.0,1.0
16.6944,0.5479168926754199,0.4711943476001186,0.5103796259919188,-0.46612831160846724,-0.0135,0.0038,9.7499,0.0,0.0,1.0,0.0,0.0,0.0,0.0,1.0007,0.0,0.0,1.0
16.7145,0.5478983509965302,0.47117840223613233,0.5104843513240728,-0.4660515393116185,-0.0135,0.0038,9.7486,0.0,0.0,1.0,0.0,0.0,0.0,0.0,1.0007,0.0,0.0,1.0
16.7345,0.5479738452957719,0.4711298669903991,0.5104368558932322,-0.46606386842063424,-0.0135,0.0038,9.7499,0.0,0.0,1.0,0.0,0.0,0.0,0.0,1.0007,0.0,0.0,1.0
16.7546,0.5480165263482006,0.4711141187304236,0.5104197937350654,-0.46604828949966276,-0.0135,0.0038,9.7148,0.0,0.0,1.0,0.0,0.0,0.0,0.0,1.0007,0.0,0.0,1.0
16.7747,0.5480476829407303,0.4711409031610503,0.5104488128262202,-0.4659527830973747,-0.0135,0.0038,9.7118,0.0,0.0,1.0,0.0,0.0,0.0,0.0,1.0007,0.0,0.0,1.0
16.7947,0.5479890728357992,0.4712649624836507,0.5104510403250645,-0.4658938147463474,-0.0135,0.0038,9.7118,0.0,0.0,1.0,0.0,0.0,0.0,0.0,1.0007,0.0,0.0,1.0
16.8148,0.5479897510330375,0.4714495510152143,0.5103906703114337,-0.46577238783481784,-0.0135,0.0038,9.7118,0.0,0.0,1.0,0.0,0.0,0.0,0.0,1.0007,0.0,0.0,1.0
16.8349,0.5479138537961945,0.4716197349095704,0.5104377953984814,-0.4656377255880014,-0.0135,0.0038,9.7131,0.0,0.0,1.0,0.0,0.0,0.0,0.0,1.0007,0.0,0.0,1.0
16.8549,0.5478521907670968,0.4717411642645476,0.5105591777813319,-0.4654541620753565,-0.0135,0.0038,9.7148,0.0,0.0,1.0,0.0,0.0,0.0,0.0,1.0007,0.0,0.0,1.0
16.875,0.5478075554625916,0.47187726074952824,0.510635432072284,-0.46528506152462423,-0.0135,0.0038,9.6679,0.0,0.0,1.0,0.0,0.0,0.0,0.0,1.0007,0.0,0.0,1.0
16.8951,0.5476711088351202,0.47204867956715213,0.5107448992248351,-0.4651516404163605,-0.0135,0.0038,9.709,0.0,0.0,1.0,0.0,0.0,0.0,0.0,1.0007,0.0,0.0,1.0
16.9151,0.5475368553594598,0.47222111323896504,0.510794469009322,-0.46508023250178154,-0.0135,0.0038,9.7148,0.0,0.0,1.0,0.0,0.0,0.0,0.0,1.0007,0.0,0.0,1.0
16.9352,0.5474183506164834,0.47234612536543236,0.5108587279135354,-0.46502220094868224,-0.0135,0.0038,9.7144,0.0,0.0,1.0,0.0,0.0,0.0,0.0,1.0007,0.0,0.0,1.0
16.9553,0.5472985382655987,0.4724090119515879,0.5109827679675668,-0.464963059048208,-0.0135,0.0038,9.7123,0.0,0.0,1.0,0.0,0.0,0.0,0.0,1.0007,0.0,0.0,1.0
16.9754,0.5472214386883247,0.4724561112953687,0.5110897302744355,-0.46488838181604747,-0.0135,0.0038,9.6739,0.0,0.0,1.0,0.0,0.0,0.0,0.0,1.0007,0.0,0.0,1.0
16.9955,0.5471756121840756,0.47246921125671015,0.5112259004657791,-0.4647792729225323,-0.0135,0.0038,9.7148,0.0,0.0,1.0,0.0,0.0,0.0,0.0,1.0007,0.0,0.0,1.0
17.0156,0.5471139764818925,0.4724686618639256,0.511348304876901,-0.4647177330317866,-0.0135,0.0038,9.6705,0.0,0.0,1.0,0.0,0.0,0.0,0.0,1.0007,0.0,0.0,1.0
17.0357,0.5471124182205722,0.47246731620347376,0.5114078477476669,-0.4646554101809464,-0.0135,0.0038,9.7134,0.0,0.0,1.0,0.0,0.0,0.0,0.0,1.0007,0.0,0.0,1.0
17.0558,0.5471124182205722,0.47246731620347376,0.5114078477476669,-0.4646554101809464,-0.0135,0.0038,9.7134,0.0,0.0,1.0,0.0,0.0,0.0,0.0,1.0007,0.0,0.0,1.0
17.0759,0.5470095992011275,0.4725448840650051,0.5114867810086651,-0.46461070131800325,-0.0135,0.0038,9.6739,0.0,0.0,1.0,0.0,0.0,0.0,0.0,1.0007,0.0,0.0,1.0
17.096,0.5469508114704538,0.47266879990781147,0.5114888511578144,-0.4645515800928685,-0.0135,0.0038,9.6694,0.0,0.0,1.0,0.0,0.0,0.0,0.0,1.0007,0.0,0.0,1.0
17.1161,0.5469502616695219,0.47279032795718917,0.5114883370036327,-0.4644291099393246,-0.0135,0.0038,9.6675,0.0,0.0,1.0,0.0,0.0,0.0,0.0,1.0007,0.0,0.0,1.0
17.1362,0.5469785241175571,0.47288402688715425,0.5113967260022567,-0.4644013134168991,-0.0135,0.0038,9.712,0.0,0.0,1.0,0.0,0.0,0.0,0.0,1.0007,0.0,0.0,1.0
17.1563,0.5470550744809187,0.47301947040553843,0.5112892657478694,-0.46429151708053545,-0.0135,0.0038,9.6694,0.0,0.0,1.0,0.0,0.0,0.0,0.0,1.0007,0.0,0.0,0.0
17.1764,0.5471164312815281,0.4730807788798398,0.5111666000664341,-0.46429182014411075,-0.0135,0.0038,9.7118,0.0,0.0,1.0,0.0,0.0,0.0,0.0,1.0007,0.0,0.0,0.0
17.1965,0.5471013509583997,0.47325173328659564,0.511091512606299,-0.46421802470663737,0.027,0.0038,9.6737,0.0,0.0,1.0,0.0,0.0,0.0,0.0,0.8249,0.0,0.0,0.0
17.2167,0.5468696850967005,0.47326240046932133,0.5110420332975791,-0.4645344852939632,0.0406,0.0038,9.2612,0.0,0.0,1.0,0.0,0.0,0.0,0.0,0.7708,0.0,0.0,0.0
17.2368,0.5454667319579797,0.47344629548684614,0.5115929970053524,-0.4653893585289044,0.0541,0.0038,10.9077,0.0,0.0,1.0,0.0,0.0,0.0,0.0,0.6897,0.0,0.0,0.0
17.2569,0.5446993518996478,0.473712569258813,0.5119220670490336,-0.4656552534166909,0.0135,0.0038,8.1388,0.0,0.0,1.0,0.0,0.0,0.0,0.0,0.6085,0.0,0.0,0.0
17.277,0.5449924886135573,0.4737632484740181,0.511238900945367,-0.4660111135051618,0.0541,0.0038,9.5823,0.0,0.0,1.0,0.0,0.0,0.0,0.0,0.5003,0.0,0.0,0.0
17.297,0.5464587213821149,0.4732762855612048,0.5111790292034635,-0.46485312030082965,-0.0541,0.0038,6.1795,0.0,0.0,1.0,0.0,0.0,0.0,0.0,0.4327,0.0,0.0,0.0
17.3172,0.5473743180876603,0.4729707796417694,0.5114245747529202,-0.4638155903394371,0.0,0.0038,10.5579,0.0,0.0,1.0,0.0,0.0,0.0,0.0,0.3245,0.0,0.0,0.0
17.3373,0.5479536511461114,0.4719674729753554,0.5116999974649109,-0.4638497744349061,-0.0676,0.0038,10.7742,0.0,0.0,1.0,0.0,0.0,0.0,0.0,0.2705,0.0,0.0,0.0
17.3574,0.5491229014149182,0.47179332353612174,0.5116485905821616,-0.4626994907752656,-0.1082,0.0038,11.9006,0.0,0.0,1.0,0.0,0.0,0.0,0.0,0.1893,0.0,0.0,0.0
17.3775,0.5494416324953633,0.47204912083420925,0.5117223831240194,-0.46197805425188193,-0.0541,0.0038,11.0175,0.0,0.0,1.0,0.0,0.0,0.0,0.0,0.1487,0.0,0.0,0.0
17.3975,0.5498131014452244,0.47229695925203474,0.5114215357490529,-0.46161580186616813,-0.0676,0.0038,10.5401,0.0,0.0,1.0,0.0,0.0,0.0,0.0,0.1082,0.0,0.0,0.0
17.4177,0.549124362513311,0.4722825712011691,0.5120769452530242,-0.46172373728702076,-0.0406,0.0038,11.55,0.0,0.0,1.0,0.0,0.0,0.0,0.0,0.0676,0.0,0.0,0.0
17.4377,0.5482064400189478,0.47203604621735173,0.5126841890735336,-0.4623922495752446,-0.027,0.0038,7.8234,0.0,0.0,1.0,0.0,0.0,0.0,0.0,0.0676,0.0,0.0,0.0
17.4578,0.5470062965568547,0.47205402271763286,0.5134367260306598,-0.4629598681594031,0.0,0.0038,11.2778,0.0,0.0,1.0,0.0,0.0,0.0,0.0,0.0406,0.0,0.0,0.0
17.4779,0.545767944161663,0.4729540189356883,0.5136644180275601,-0.4632501621700102,0.0,0.0038,9.5701,0.0,0.0,1.0,0.0,0.0,0.0,0.0,0.0135,0.0,0.0,0.0
17.498,0.5449720177040362,0.4733794604398595,0.5138446449839859,-0.4635526584699311,0.0135,0.0038,9.7395,0.0,0.0,1.0,0.0,0.0,0.0,0.0,0.0135,0.0,0.0,0.0
17.5181,0.5445327910093147,0.47287984498987223,0.5145040708886849,-0.463847229976564,0.0135,0.0038,10.1849,0.0,0.0,1.0,0.0,0.0,0.0,0.0,0.027,0.0,0.0,0.0
17.5382,0.544240430673614,0.4725256916268728,0.515127942555652,-0.4638588440152087,0.0406,0.0038,8.9934,0.0,0.0,1.0,0.0,0.0,0.0,0.0,0.027,0.0,0.0,0.0
17.5583,0.5440102084789793,0.4725986560371083,0.5155679884491283,-0.4635655861570141,0.0135,0.0038,10.3583,0.0,0.0,1.0,0.0,0.0,0.0,0.0,0.0406,0.0,0.0,0.0
17.5784,0.5439384169190775,0.4728942767394345,0.5154357618759308,-0.46349539049059996,0.027,0.0038,9.725,0.0,0.0,1.0,0.0,0.0,0.0,0.0,0.027,0.0,0.0,0.0
17.5985,0.5441370616783637,0.47296887649314245,0.5151455788744695,-0.46350871895028983,0.0135,0.0038,8.8416,0.0,0.0,1.0,0.0,0.0,0.0,0.0,0.027,0.0,0.0,0.0
17.6186,0.5445438832356477,0.47307247356152504,0.5146365487102513,-0.46349068676794664,0.0135,0.0038,9.8281,0.0,0.0,1.0,0.0,0.0,0.0,0.0,0.027,0.0,0.0,0.0
17.6387,0.5449830483340037,0.47326704197358244,0.5140380455895224,-0.46344004110203557,0.0135,0.0038,9.5274,0.0,0.0,1.0,0.0,0.0,0.0,0.0,0.027,0.0,0.0,0.0
17.6587,0.5454013980733394,0.4731985368377783,0.5136638986287904,-0.46343269086211925,0.0,0.0038,9.712,0.0,0.0,1.0,0.0,0.0,0.0,0.0,0.027,0.0,0.0,0.0
17.6788,0.545777628564669,0.473023411470854,0.5133075316760283,-0.4635633832427499,0.0,0.0038,9.6342,0.0,0.0,1.0,0.0,0.0,0.0,0.0,0.027,0.0,0.0,0.0
17.6989,0.54631923399018,0.47271114560561994,0.5127496497400249,-0.4638612552090196,0.0,0.0038,9.6715,0.0,0.0,1.0,0.0,0.0,0.0,0.0,0.027,0.0,0.0,0.0
17.7191,0.546696392515142,0.47253779667664814,0.5123331164181847,-0.4640537285101149,0.0,0.0038,9.6715,0.0,0.0,1.0,0.0,0.0,0.0,0.0,0.027,0.0,0.0,0.0
17.7392,0.5468938522099389,0.4723672831729679,0.5121026529077515,-0.4642490033242999,0.0,0.0038,9.6737,0.0,0.0,1.0,0.0,0.0,0.0,0.0,0.027,0.0,0.0,0.0
17.7592,0.5468802273451824,0.4722335138358639,0.5120288942193184,-0.4644824397473566,0.0,0.0038,9.6691,0.0,0.0,1.0,0.0,0.0,0.0,0.0,0.027,0.0,0.0,0.0
17.7793,0.5468056445397644,0.4720387870142637,0.5120771752079231,-0.46471489892689,0.0,0.0038,9.6739,0.0,0.0,1.0,0.0,0.0,0.0,0.0,0.027,0.0,0.0,0.0
17.7995,0.5467505282779421,0.4720438660080319,0.5119606855540988,-0.4649028982905566,0.0,0.0038,9.709,0.0,0.0,1.0,0.0,0.0,0.0,0.0,0.027,0.0,0.0,0.0
17.8196,0.5466339790608098,0.4720485725832216,0.5119657901251655,-0.465029534330675,0.0,0.0038,9.709,0.0,0.0,1.0,0.0,0.0,0.0,0.0,0.027,0.0,0.0,0.0
17.8397,0.5465153764952438,0.4721735091078212,0.5120299741351025,-0.4649714250771488,0.0,0.0038,9.7104,0.0,0.0,1.0,0.0,0.0,0.0,0.0,0.027,0.0,0.0,0.0
17.8597,0.546336892231337,0.4722994161580047,0.5121562107765517,-0.4649142689215042,0.0,0.0038,9.7455,0.0,0.0,1.0,0.0,0.0,0.0,0.0,0.027,0.0,0.0,0.0
17.8799,0.5462182394000424,0.47242431566127824,0.5122203531068568,-0.4648561183654335,0.0,0.0038,9.7455,0.0,0.0,1.0,0.0,0.0,0.0,0.0,0.027,0.0,0.0,0.0
17.8999,0.5461008864920605,0.4726113449110486,0.5122247149099198,-0.46479907472950827,0.0,0.0038,9.7499,0.0,0.0,1.0,0.0,0.0,0.0,0.0,0.027,0.0,0.0,0.0
17.9201,0.5459513054672969,0.4728933351322803,0.5121997811547896,-0.4647154503898153,0.0,0.0038,9.745,0.0,0.0,1.0,0.0,0.0,0.0,0.0,0.027,0.0,0.0,0.0
17.9401,0.5456988357793185,0.4733139799011449,0.5122528264881852,-0.464525240233618,0.0,0.0038,9.7445,0.0,0.0,1.0,0.0,0.0,0.0,0.0,0.027,0.0,0.0,0.0
17.9602,0.5454624941942762,0.47368661344941054,0.5123210109942772,-0.46434775907717024,0.0,0.0038,9.749,0.0,0.0,1.0,0.0,0.0,0.0,0.0,0.027,0.0,0.0,0.0
17.9803,0.5453426969047291,0.47399352156168745,0.5123840778419219,-0.4641056358463127,0.0,0.0038,9.7489,0.0,0.0,1.0,0.0,0.0,0.0,0.0,0.027,0.0,0.0,0.0
18.0004,0.5452830577738813,0.47423870169132415,0.512385355945407,-0.4639237951814843,0.0,0.0038,9.7117,0.0,0.0,1.0,0.0,0.0,0.0,0.0,0.027,0.0,0.0,0.0
18.0205,0.5452965231096121,0.474311413596084,0.5124590098517551,-0.46375224855391467,0.0,0.0038,9.6733,0.0,0.0,1.0,0.0,0.0,0.0,0.0,0.027,0.0,0.0,0.0
18.0406,0.5452961698449186,0.474372107232297,0.5124586778605039,-0.4636909472028931,0.0,0.0038,9.6715,0.0,0.0,1.0,0.0,0.0,0.0,0.0,0.027,0.0,0.0,0.0
18.0607,0.5452375258406112,0.4744351589970009,0.512460893085902,-0.46369295161809304,0.0,0.0038,9.6281,0.0,0.0,1.0,0.0,0.0,0.0,0.0,0.027,0.0,0.0,0.0
18.0808,0.5450893838581822,0.474534405171724,0.5124363193284034,-0.46379271290802326,0.0,0.0038,9.5928,0.0,0.0,1.0,0.0,0.0,0.0,0.0,0.027,0.0,0.0,0.0
18.1009,0.5449914280973709,0.4745553388284609,0.5123369231071391,-0.46399617553478006,0.0,0.0038,9.5947,0.0,0.0,1.0,0.0,0.0,0.0,0.0,0.027,0.0,0.0,0.0
18.121,0.5449347204144198,0.47455907763537186,0.5122799581541103,-0.46412183399873164,0.0,0.0038,9.5928,0.0,0.0,1.0,0.0,0.0,0.0,0.0,0.027,0.0,0.0,0.0
18.1411,0.5449212293353429,0.4744863289491685,0.5122062756030552,-0.46429334336478195,0.0,0.0038,9.5872,0.0,0.0,1.0,0.0,0.0,0.0,0.0,0.027,0.0,0.0,0.0
18.1612,0.5449825300266158,0.47418159108280555,0.5121455583440421,-0.46459959934597156,0.0,0.0038,9.5928,0.0,0.0,1.0,0.0,0.0,0.0,0.0,0.027,0.0,0.0,0.0
18.1815,0.5450297892115252,0.4739256431395113,0.5120106501332774,-0.4649538770641013,0.0,0.0038,9.6699,0.0,0.0,1.0,0.0,0.0,0.0,0.0,0.027,0.0,0.0,0.0
18.2016,0.5451822443711334,0.4735861110768578,0.5119172532000745,-0.46522386191342624,0.0,0.0038,9.7031,0.0,0.0,1.0,0.0,0.0,0.0,0.0,0.027,0.0,0.0,0.0
18.2217,0.5453005406661223,0.4732168829067447,0.5119137728467696,-0.4654647046243623,0.0,0.0038,9.7007,0.0,0.0,1.0,0.0,0.0,0.0,0.0,0.027,0.0,0.0,0.0
18.2418,0.5454030055256419,0.47295493462975213,0.5118954352406212,-0.4656310285545614,0.0,0.0038,9.7018,0.0,0.0,1.0,0.0,0.0,0.0,0.0,0.027,0.0,0.0,0.0
18.2619,0.545521711713007,0.47283008264348647,0.5118313470976904,-0.4656892173169015,0.0,0.0038,9.7031,0.0,0.0,1.0,0.0,0.0,0.0,0.0,0.027,0.0,0.0,0.0
18.282,0.5456558974100956,0.47271864378527073,0.5117817796195735,-0.4656996193780064,0.0,0.0038,9.7018,0.0,0.0,1.0,0.0,0.0,0.0,0.0,0.027,0.0,0.0,0.0
18.3021,0.5457900710953278,0.47260718435639615,0.5117321930440879,-0.46571000653922484,0.0,0.0038,9.6672,0.0,0.0,1.0,0.0,0.0,0.0,0.0,0.027,0.0,0.0,0.0
18.3222,0.5459355799003659,0.4725747270088292,0.5116360513164202,-0.4656780228706563,0.0,0.0038,9.6688,0.0,0.0,1.0,0.0,0.0,0.0,0.0,0.027,0.0,0.0,0.0
18.3423,0.5460129404056048,0.47264902331659686,0.5115284494246952,-0.4656301269212074,0.0,0.0038,9.6664,0.0,0.0,1.0,0.0,0.0,0.0,0.0,0.027,0.0,0.0,0.0
18.3635,0.5460297414789412,0.4727245679244949,0.5114831884175546,-0.4655834536012342,0.0,0.0038,9.6639,0.0,0.0,1.0,0.0,0.0,0.0,0.0,0.027,0.0,0.0,0.0
18.3836,0.5460694871418135,0.47270616821872297,0.511585277327014,-0.46544333464224363,0.0,0.0038,9.6675,0.0,0.0,1.0,0.0,0.0,0.0,0.0,0.027,0.0,0.0,0.0
18.4037,0.546259097546929,0.472528894218448,0.5116524714793491,-0.46532697203684587,0.0,0.0038,9.7101,0.0,0.0,1.0,0.0,0.0,0.0,0.0,0.027,0.0,0.0,0.0
18.4237,0.5464929970921518,0.47233716859095626,0.5116430176011304,-0.465257375907922,0.0,0.0038,9.7462,0.0,0.0,1.0,0.0,0.0,0.0,0.0,0.027,0.0,0.0,0.0
18.4438,0.5464929970921518,0.47233716859095626,0.5116430176011304,-0.465257375907922,0.0,0.0038,9.7462,0.0,0.0,1.0,0.0,0.0,0.0,0.0,0.027,0.0,0.0,0.0
18.4639,0.5465087421610618,0.4722897771770417,0.511657758603508,-0.4652707804885545,0.0,0.0038,9.7445,0.0,0.0,1.0,0.0,0.0,0.0,0.0,0.027,0.0,0.0,0.0
18.4839,0.5464349364768392,0.47227870931661625,0.5116457681753188,-0.4653818741980309,0.0,0.0038,9.756,0.0,0.0,1.0,0.0,0.0,0.0,0.0,0.027,0.0,0.0,0.0
18.504,0.5463325320470744,0.4722346461198222,0.5117251182747975,-0.46545956511577163,0.0,0.0038,9.7131,0.0,0.0,1.0,0.0,0.0,0.0,0.0,0.027,0.0,0.0,0.0
18.5241,0.5462715842019197,0.47211269036605974,0.5118471692850444,-0.4655206109118406,0.0,0.0038,9.7459,0.0,0.0,1.0,0.0,0.0,0.0,0.0,0.027,0.0,0.0,0.0
18.5441,0.5462077322933367,0.47192722472702614,0.5120884991531248,-0.46551818093337405,0.0,0.0038,9.6739,0.0,0.0,1.0,0.0,0.0,0.0,0.0,0.027,0.0,0.0,0.0
18.5642,0.5462052553662831,0.47174208422447605,0.5122081772293828,-0.46557707005516735,0.0,0.0038,9.709,0.0,0.0,1.0,0.0,0.0,0.0,0.0,0.027,0.0,0.0,0.0
18.5843,0.5461442349372788,0.47162006642378357,0.5123301584771409,-0.4656380528972992,0.0,0.0038,9.7104,0.0,0.0,1.0,0.0,0.0,0.0,0.0,0.027,0.0,0.0,0.0
18.6043,0.5460818279383804,0.4714358514581295,0.5125118385157453,-0.4656978532660806,0.0,0.0038,9.6671,0.0,0.0,1.0,0.0,0.0,0.0,0.0,0.027,0.0,0.0,0.0
18.6244,0.5459433493204807,0.47129948915263536,0.5127413011309868,-0.4657456483658256,0.0,0.0038,9.705,0.0,0.0,1.0,0.0,0.0,0.0,0.0,0.027,0.0,0.0,0.0
18.6445,0.5458993285093191,0.471192146700729,0.5128182480026736,-0.465821133629746,0.0,0.0038,9.7077,0.0,0.0,1.0,0.0,0.0,0.0,0.0,0.027,0.0,0.0,0.0
18.6645,0.5458411674253417,0.47113359704289237,0.5128209153200709,-0.4659455574328941,0.0,0.0038,9.6679,0.0,0.0,1.0,0.0,0.0,0.0,0.0,0.027,0.0,0.0,0.0
18.6846,0.5458568542166301,0.47108613461339877,0.5128356531506836,-0.4659589481244494,0.0,0.0038,9.6337,0.0,0.0,1.0,0.0,0.0,0.0,0.0,0.027,0.0,0.0,0.0
18.7047,0.5458981151271951,0.4710690993461281,0.5128781081634401,-0.46588109825200463,0.0,0.0038,9.6289,0.0,0.0,1.0,0.0,0.0,0.0,0.0,0.027,0.0,0.0,0.0
18.7248,0.546017218801536,0.47100473826697836,0.5128134487394209,-0.4658777737714821,0.0,0.0038,9.6285,0.0,0.0,1.0,0.0,0.0,0.0,0.0,0.027,0.0,0.0,0.0
18.7448,0.5460342987721442,0.47101947177136055,0.5127684885768307,-0.46589234689923154,0.0,0.0038,9.6664,0.0,0.0,1.0,0.0,0.0,0.0,0.0,0.027,0.0,0.0,0.0
18.7649,0.5460812639662296,0.47119036490767247,0.5125723091311601,-0.4658803720647284,0.0,0.0038,9.667,0.0,0.0,1.0,0.0,0.0,0.0,0.0,0.027,0.0,0.0,0.0
18.785,0.5460840127997549,0.47131473720923023,0.5124528888394917,-0.4658827171874602,0.0,0.0038,9.7108,0.0,0.0,1.0,0.0,0.0,0.0,0.0,0.027,0.0,0.0,0.0
18.805,0.5460696041387028,0.47136429996022755,0.5123783689347569,-0.4659314232873368,0.0,0.0038,9.7078,0.0,0.0,1.0,0.0,0.0,0.0,0.0,0.027,0.0,0.0,0.0
18.8251,0.5460266096883394,0.4714408434200001,0.5123952641715397,-0.46588578634926714,0.0,0.0038,9.7108,0.0,0.0,1.0,0.0,0.0,0.0,0.0,0.027,0.0,0.0,0.0
18.8452,0.5460110916263501,0.4714274450835406,0.5123807019115116,-0.4659335447804477,0.0,0.0038,9.7108,0.0,0.0,1.0,0.0,0.0,0.0,0.0,0.027,0.0,0.0,0.0
18.8652,0.5460126365736421,0.47142877899518787,0.512321152635407,-0.4659958622126749,0.0,0.0038,9.7078,0.0,0.0,1.0,0.0,0.0,0.0,0.0,0.027,0.0,0.0,0.0
18.8853,0.5459534173982512,0.47149217879551986,0.512323761275533,-0.4659982349733905,0.0,0.0038,9.7093,0.0,0.0,1.0,0.0,0.0,0.0,0.0,0.027,0.0,0.0,0.0
18.9054,0.5458367348751538,0.47149677098370096,0.5123287511507149,-0.46612477359299775,0.0,0.0038,9.7459,0.0,0.0,1.0,0.0,0.0,0.0,0.0,0.027,0.0,0.0,0.0
18.9255,0.5457796664201217,0.4715001674278239,0.5122714413197043,-0.46625113216603303,0.0,0.0038,9.7134,0.0,0.0,1.0,0.0,0.0,0.0,0.0,0.027,0.0,0.0,0.0
18.9455,0.5457641432690692,0.47148675694595626,0.5122568712148565,-0.4662988696528546,0.0,0.0038,9.6664,0.0,0.0,1.0,0.0,0.0,0.0,0.0,0.027,0.0,0.0,0.0
18.9656,0.5457057877569613,0.4714890406348441,0.5122593523774921,-0.46636212718399545,0.0,0.0038,9.7099,0.0,0.0,1.0,0.0,0.0,0.0,0.0,0.027,0.0,0.0,0.0
18.9857,0.5456659992986106,0.47150736853628294,0.5121572624351444,-0.4665022584729654,0.0,0.0038,9.7134,0.0,0.0,1.0,0.0,0.0,0.0,0.0,0.027,0.0,0.0,0.0
19.0057,0.5455932859335131,0.47161924716533654,0.5120852683726937,-0.4665532445103554,0.0,0.0038,9.7124,0.0,0.0,1.0,0.0,0.0,0.0,0.0,0.027,0.0,0.0,0.0
19.0258,0.5455931153007508,0.47168009968063757,0.5120851082194695,-0.46649209858425206,0.0,0.0038,9.745,0.0,0.0,1.0,0.0,0.0,0.0,0.0,0.027,0.0,0.0,0.0
19.0459,0.5456086403591045,0.47169352151618954,0.5120996797948143,-0.4664443710446019,0.0,0.0038,9.7108,0.0,0.0,1.0,0.0,0.0,0.0,0.0,0.027,0.0,0.0,0.0
19.066,0.545608463620963,0.4717543704501647,0.5120995139111773,-0.4663832182211073,0.0,0.0038,9.7093,0.0,0.0,1.0,0.0,0.0,0.0,0.0,0.027,0.0,0.0,0.0
19.086,0.545594100493327,0.4718639517755594,0.5120250327826702,-0.4663709406958537,0.0,0.0038,9.7077,0.0,0.0,1.0,0.0,0.0,0.0,0.0,0.027,0.0,0.0,0.0
19.1061,0.545535174145636,0.4720487465716969,0.5120269791813226,-0.4662507128363772,0.0,0.0038,9.7093,0.0,0.0,1.0,0.0,0.0,0.0,0.0,0.027,0.0,0.0,0.0
19.1262,0.5454766169734702,0.4721118615095835,0.5120292725538556,-0.46625280117668305,0.0,0.0038,9.7104,0.0,0.0,1.0,0.0,0.0,0.0,0.0,0.027,0.0,0.0,0.0
19.1463,0.5454624284211991,0.4721605803109253,0.5119549549688295,-0.4663016723797616,0.0,0.0038,9.7108,0.0,0.0,1.0,0.0,0.0,0.0,0.0,0.027,0.0,0.0,0.0
19.1663,0.5454038660432874,0.47222368907382606,0.5119572422051658,-0.46630375565314036,0.0,0.0038,9.7108,0.0,0.0,1.0,0.0,0.0,0.0,0.0,0.027,0.0,0.0,0.0
19.1864,0.54540366706218,0.4722845160829412,0.5119570554264772,-0.4662425862386228,0.0,0.0038,9.705,0.0,0.0,1.0,0.0,0.0,0.0,0.0,0.027,0.0,0.0,0.0
19.2065,0.545417856231929,0.4722358021131765,0.5120313753310304,-0.466193715082588,0.0,0.0038,9.7104,0.0,0.0,1.0,0.0,0.0,0.0,0.0,0.027,0.0,0.0,0.0
19.2266,0.5454152553017434,0.4721725495779571,0.5121509347862466,-0.4661294913505897,0.0,0.0038,9.7093,0.0,0.0,1.0,0.0,0.0,0.0,0.0,0.027,0.0,0.0,0.0
19.2467,0.5454137221152889,0.4721712222799945,0.5122104955235619,-0.4660671806236411,0.0,0.0038,9.7099,0.0,0.0,1.0,0.0,0.0,0.0,0.0,0.027,0.0,0.0,0.0
19.2668,0.5454137221152889,0.4721712222799945,0.5122104955235619,-0.4660671806236411,0.0,0.0038,9.7108,0.0,0.0,1.0,0.0,0.0,0.0,0.0,0.027,0.0,0.0,0.0
19.2868,0.5454707460498806,0.47210678020531033,0.5122677615079081,-0.46600278304709586,0.0,0.0038,9.6664,0.0,0.0,1.0,0.0,0.0,0.0,0.0,0.027,0.0,0.0,0.0
19.3069,0.5454676591432763,0.4721041084771778,0.5123868617551133,-0.46587814660967974,0.0,0.0038,9.6688,0.0,0.0,1.0,0.0,0.0,0.0,0.0,0.027,0.0,0.0,0.0
19.327,0.5454075489098948,0.4721658780618016,0.5124486970287024,-0.46581790658991823,0.0,0.0038,9.6309,0.0,0.0,1.0,0.0,0.0,0.0,0.0,0.027,0.0,0.0,0.0
19.347,0.5454243844700742,0.47224145441762827,0.512403513611084,-0.4657712837799037,0.0,0.0038,9.6285,0.0,0.0,1.0,0.0,0.0,0.0,0.0,0.027,0.0,0.0,0.0
19.3671,0.5454088870831204,0.4722280364099941,0.5123889544609013,-0.46581904948765007,0.0,0.0038,9.6349,0.0,0.0,1.0,0.0,0.0,0.0,0.0,0.027,0.0,0.0,0.0
19.3872,0.5454088870831204,0.4722280364099941,0.5123889544609013,-0.46581904948765007,0.0,0.0038,9.6705,0.0,0.0,1.0,0.0,0.0,0.0,0.0,0.027,0.0,0.0,0.0
19.4072,0.54548160841892,0.4721161816225445,0.5124609662399724,-0.4657680581654894,0.0,0.0038,9.6705,0.0,0.0,1.0,0.0,0.0,0.0,0.0,0.027,0.0,0.0,0.0
19.4273,0.5455372615189551,0.47198955217663485,0.5125779436376883,-0.4657024915401009,0.0,0.0038,9.709,0.0,0.0,1.0,0.0,0.0,0.0,0.0,0.027,0.0,0.0,0.0
19.4474,0.5455172832046067,0.47191126892473906,0.5127421674014747,-0.46562443852889185,0.0,0.0038,9.6681,0.0,0.0,1.0,0.0,0.0,0.0,0.0,0.027,0.0,0.0,0.0
19.4674,0.5454872029274905,0.47181601462881767,0.5128932347696679,-0.46558982968878143,0.0,0.0038,9.6639,0.0,0.0,1.0,0.0,0.0,0.0,0.0,0.027,0.0,0.0,0.0
19.4876,0.5454687650286798,0.47173906712436486,0.5129978980728815,-0.4655740923843662,0.0,0.0038,9.6671,0.0,0.0,1.0,0.0,0.0,0.0,0.0,0.027,0.0,0.0,0.0
19.5077,0.5454518178741256,0.4716024149661066,0.5130439575745267,-0.4656816231849988,0.0,0.0038,9.7101,0.0,0.0,1.0,0.0,0.0,0.0,0.0,0.027,0.0,0.0,0.0
19.5277,0.5454678902470573,0.4714333123236831,0.5130590750121194,-0.4658173443407335,0.0,0.0038,9.6664,0.0,0.0,1.0,0.0,0.0,0.0,0.0,0.027,0.0,0.0,0.0
19.5478,0.5455425474761879,0.47126111132481396,0.513071919691655,-0.46589000748031983,0.0,0.0038,9.7108,0.0,0.0,1.0,0.0,0.0,0.0,0.0,0.027,0.0,0.0,0.0
19.5679,0.5456014197143291,0.47107626964313903,0.513069917688594,-0.4660101914634836,0.0,0.0038,9.7519,0.0,0.0,1.0,0.0,0.0,0.0,0.0,0.027,0.0,0.0,0.0
19.5879,0.5456585361702097,0.47095091511058607,0.513127265731153,-0.4660068740097685,0.0,0.0038,9.7857,0.0,0.0,1.0,0.0,0.0,0.0,0.0,0.027,0.0,0.0,0.0
19.608,0.5456713915212196,0.4707790045671714,0.5132613585556202,-0.46601785282076724,0.0,0.0038,9.7084,0.0,0.0,1.0,0.0,0.0,0.0,0.0,0.027,0.0,0.0,0.0
19.6281,0.5457526442272849,0.470621859488907,0.5134060285177918,-0.46592206061928254,0.0,0.0038,9.7077,0.0,0.0,1.0,0.0,0.0,0.0,0.0,0.027,0.0,0.0,0.0
19.6481,0.545840731792109,0.47052321686295195,0.5134925106344903,-0.4658231847298739,0.0,0.0038,9.7033,0.0,0.0,1.0,0.0,0.0,0.0,0.0,0.027,0.0,0.0,0.0
19.6682,0.545840731792109,0.47052321686295195,0.5134925106344903,-0.4658231847298739,0.0,0.0038,9.705,0.0,0.0,1.0,0.0,0.0,0.0,0.0,0.027,0.0,0.0,0.0
19.6883,0.5457820763506651,0.4706472398526679,0.5134947168860973,-0.4657641854882028,0.0,0.0038,9.7123,0.0,0.0,1.0,0.0,0.0,0.0,0.0,0.027,0.0,0.0,0.0
19.7083,0.5457820763506651,0.4706472398526679,0.5134947168860973,-0.4657641854882028,0.0,0.0038,9.7123,0.0,0.0,1.0,0.0,0.0,0.0,0.0,0.027,0.0,0.0,0.0
19.7284,0.5458987403871326,0.4706426383193945,0.5134896964316564,-0.4656376315312445,0.0,0.0038,9.7148,0.0,0.0,1.0,0.0,0.0,0.0,0.0,0.027,0.0,0.0,0.0
19.7485,0.5460160878017396,0.470637765937915,0.5134843804711312,-0.4655108120622225,0.0,0.0038,9.7078,0.0,0.0,1.0,0.0,0.0,0.0,0.0,0.027,0.0,0.0,0.0
19.7685,0.5460884779490994,0.47058658231138406,0.5135560920351891,-0.46539852076824595,0.0,0.0038,9.7078,0.0,0.0,1.0,0.0,0.0,0.0,0.0,0.027,0.0,0.0,0.0
19.7886,0.5460695852728554,0.470631300339486,0.5136603220876685,-0.46526042244477334,0.0,0.0038,9.7099,0.0,0.0,1.0,0.0,0.0,0.0,0.0,0.027,0.0,0.0,0.0
19.8087,0.5460092981559471,0.4707539109980867,0.5137219901240965,-0.46513903133385104,0.0,0.0038,9.7093,0.0,0.0,1.0,0.0,0.0,0.0,0.0,0.027,0.0,0.0,0.0
19.8287,0.5458897875926364,0.4709399151442014,0.5137862705603813,-0.4650200042037908,0.0,0.0038,9.6699,0.0,0.0,1.0,0.0,0.0,0.0,0.0,0.027,0.0,0.0,0.0
19.8488,0.5457110020796351,0.47112654849102276,0.5139122350398244,-0.46490159409551285,0.0,0.0038,9.6265,0.0,0.0,1.0,0.0,0.0,0.0,0.0,0.027,0.0,0.0,0.0
19.8689,0.545592326188983,0.4712514180006168,0.5139763652349552,-0.4648434259145398,0.0,0.0038,9.6318,0.0,0.0,1.0,0.0,0.0,0.0,0.0,0.027,0.0,0.0,0.0
19.8889,0.5455323763334575,0.47125232509164344,0.5140383546074252,-0.4648443206711058,0.0,0.0038,9.6671,0.0,0.0,1.0,0.0,0.0,0.0,0.0,0.027,0.0,0.0,0.0
19.909,0.5455169071205788,0.4712389621770803,0.5140237784446158,-0.4648921377754058,0.0,0.0038,9.6671,0.0,0.0,1.0,0.0,0.0,0.0,0.0,0.027,0.0,0.0,0.0
19.9291,0.545592744598821,0.4711297794561926,0.5139767593987978,-0.46496578234166375,0.0,0.0038,9.6671,0.0,0.0,1.0,0.0,0.0,0.0,0.0,0.027,0.0,0.0,0.0
19.9491,0.5455915176609589,0.47100672030332663,0.514036603393746,-0.46502573655329665,0.0,0.0038,9.667,0.0,0.0,1.0,0.0,0.0,0.0,0.0,0.027,0.0,0.0,0.0
19.9692,0.545591714684004,0.47094589053614616,0.5140367890217361,-0.4650869043388644,0.0,0.0038,9.6664,0.0,0.0,1.0,0.0,0.0,0.0,0.0,0.027,0.0,0.0,0.0
19.9893,0.5455919076469835,0.47088505722078083,0.5140369708244795,-0.4651480687070523,0.0,0.0038,9.6629,0.0,0.0,1.0,0.0,0.0,0.0,0.0,0.027,0.0,0.0,0.0
20.0094,0.5456504189118715,0.47082191000924006,0.5140346264054156,-0.46514594726042174,0.0,0.0038,9.6639,0.0,0.0,1.0,0.0,0.0,0.0,0.0,0.027,0.0,0.0,0.0
20.0294,0.5457290944612875,0.4708371602388347,0.5138682715967217,-0.46522201521734896,0.0,0.0038,9.7104,0.0,0.0,1.0,0.0,0.0,0.0,0.0,0.027,0.0,0.0,0.0
20.0495,0.5457763967768559,0.47094734237648755,0.5136723734373829,-0.46527133825005956,0.0,0.0038,9.6675,0.0,0.0,1.0,0.0,0.0,0.0,0.0,0.027,0.0,0.0,0.0
20.0696,0.5459732716234688,0.4709593107747243,0.5134414212479222,-0.4652831624014311,0.0,0.0038,9.6671,0.0,0.0,1.0,0.0,0.0,0.0,0.0,0.027,0.0,0.0,0.0
20.0897,0.5461366085091929,0.4709414885251276,0.5132999927993581,-0.4652655549511403,0.0,0.0038,9.6694,0.0,0.0,1.0,0.0,0.0,0.0,0.0,0.027,0.0,0.0,0.0
20.1097,0.5462767842697753,0.4710181607925426,0.5130110666625078,-0.4653420383473645,0.0,0.0038,9.7108,0.0,0.0,1.0,0.0,0.0,0.0,0.0,0.027,0.0,0.0,0.0
20.1298,0.5463979547760245,0.47107844468918025,0.5128272817149322,-0.4653413296653051,0.0,0.0038,9.709,0.0,0.0,1.0,0.0,0.0,0.0,0.0,0.027,0.0,0.0,0.0
20.1499,0.5465773889025375,0.47113636905364803,0.5126409301327615,-0.4652772898477277,0.0,0.0038,9.7144,0.0,0.0,1.0,0.0,0.0,0.0,0.0,0.027,0.0,0.0,0.0
20.17,0.5466971189270396,0.47113441140550105,0.5125167988840791,-0.4652753565450065,0.0,0.0038,9.7547,0.0,0.0,1.0,0.0,0.0,0.0,0.0,0.027,0.0,0.0,0.0
20.19,0.546818401369689,0.47113379218034196,0.5123331237959003,-0.46533574551156354,0.0,0.0038,9.7134,0.0,0.0,1.0,0.0,0.0,0.0,0.0,0.027,0.0,0.0,0.0
20.2101,0.5468026858010975,0.4711812505263305,0.5123183993346742,-0.4653223717556542,0.0,0.0038,9.709,0.0,0.0,1.0,0.0,0.0,0.0,0.0,0.027,0.0,0.0,0.0
20.2302,0.5467440075948315,0.4713052483507959,0.5123205737637516,-0.4652633477231123,0.0,0.0038,9.7123,0.0,0.0,1.0,0.0,0.0,0.0,0.0,0.027,0.0,0.0,0.0
20.2503,0.546761093697944,0.47131997694399314,0.5122755832093439,-0.46527788750301524,0.0,0.0038,9.712,0.0,0.0,1.0,0.0,0.0,0.0,0.0,0.027,0.0,0.0,0.0
20.2704,0.5467455749650291,0.47130659945806,0.51226104327948,-0.4653256806814538,0.0,0.0038,9.7059,0.0,0.0,1.0,0.0,0.0,0.0,0.0,0.027,0.0,0.0,0.0
20.2904,0.5466462724882435,0.471265166451646,0.5122213107057335,-0.4655280061638742,0.0,0.0038,9.7108,0.0,0.0,1.0,0.0,0.0,0.0,0.0,0.027,0.0,0.0,0.0
20.3105,0.5465710813990597,0.47119193226028566,0.5122690135319055,-0.465637921271592,0.0,0.0038,9.6705,0.0,0.0,1.0,0.0,0.0,0.0,0.0,0.027,0.0,0.0,0.0
20.3306,0.5464945049656963,0.4710565058575166,0.5123764099024412,-0.46574664669441435,0.0,0.0038,9.667,0.0,0.0,1.0,0.0,0.0,0.0,0.0,0.027,0.0,0.0,0.0
20.3506,0.5464675972223463,0.4709638895358245,0.5124083758029273,-0.4658367056666202,0.0,0.0038,9.7093,0.0,0.0,1.0,0.0,0.0,0.0,0.0,0.027,0.0,0.0,0.0
20.3707,0.5463354289583713,0.47095512800353273,0.5123988432620448,-0.46601104267577953,0.0,0.0038,9.709,0.0,0.0,1.0,0.0,0.0,0.0,0.0,0.027,0.0,0.0,0.0
20.3908,0.5461289586269031,0.4709958903527838,0.5123768264187932,-0.4662360127327026,0.0,0.0038,9.6806,0.0,0.0,1.0,0.0,0.0,0.0,0.0,0.027,0.0,0.0,0.0
20.4109,0.5460108951924451,0.47093828453154063,0.5124415164476525,-0.4663613692347009,0.0,0.0038,9.6285,0.0,0.0,1.0,0.0,0.0,0.0,0.0,0.027,0.0,0.0,0.0
20.4309,0.5459504606967551,0.47087863490784504,0.5125039838387413,-0.4664237045881616,0.0,0.0038,9.7479,0.0,0.0,1.0,0.0,0.0,0.0,0.0,0.027,0.0,0.0,0.0
20.451,0.5459077873308114,0.4708334413572302,0.5125211887577694,-0.4665003636714641,0.0,0.0038,9.6675,0.0,0.0,1.0,0.0,0.0,0.0,0.0,0.027,0.0,0.0,0.0
20.4711,0.5459077873308114,0.4708334413572302,0.5125211887577694,-0.4665003636714641,0.0,0.0038,9.6675,0.0,0.0,1.0,0.0,0.0,0.0,0.0,0.027,0.0,0.0,0.0
20.4912,0.5458767160897697,0.47080664309626663,0.5124920177699865,-0.46659580727812117,0.0,0.0038,9.6727,0.0,0.0,1.0,0.0,0.0,0.0,0.0,0.027,0.0,0.0,0.0
20.5113,0.545893780414057,0.4708213607000728,0.5124470389467702,-0.466610393249517,0.0,0.0038,9.7077,0.0,0.0,1.0,0.0,0.0,0.0,0.0,0.027,0.0,0.0,0.0
20.5313,0.5458953047157319,0.4708226753766902,0.5123874701561354,-0.4666726958666531,0.0,0.0038,9.7033,0.0,0.0,1.0,0.0,0.0,0.0,0.0,0.027,0.0,0.0,0.0
20.5514,0.545913885083488,0.4708387005345929,0.5122829064842669,-0.46674958154880003,0.0,0.0038,9.7108,0.0,0.0,1.0,0.0,0.0,0.0,0.0,0.027,0.0,0.0,0.0
20.5715,0.5459594571042009,0.4709473943004,0.5121464287942651,-0.46673639077474,0.0,0.0038,9.7078,0.0,0.0,1.0,0.0,0.0,0.0,0.0,0.027,0.0,0.0,0.0
20.5916,0.5460227630374541,0.47107052102628,0.5119646530681863,-0.46673750703553385,0.0,0.0038,9.707,0.0,0.0,1.0,0.0,0.0,0.0,0.0,0.027,0.0,0.0,0.0
20.6117,0.5461424860290983,0.4710685566806518,0.5118405183104419,-0.4667355607584043,0.0,0.0038,9.7134,0.0,0.0,1.0,0.0,0.0,0.0,0.0,0.027,0.0,0.0,0.0
20.6317,0.546186497154639,0.47117590091026684,0.5117636002552182,-0.4666600456233223,0.0,0.0038,9.7134,0.0,0.0,1.0,0.0,0.0,0.0,0.0,0.027,0.0,0.0,0.0
20.6518,0.5462047407783924,0.4713136392089521,0.5116586939260619,-0.4666146328360261,0.0,0.0038,9.7099,0.0,0.0,1.0,0.0,0.0,0.0,0.0,0.027,0.0,0.0,0.0
20.6719,0.5461887795144618,0.4713618646945634,0.5116437421710761,-0.4666009973642834,0.0,0.0038,9.7099,0.0,0.0,1.0,0.0,0.0,0.0,0.0,0.027,0.0,0.0,0.0
20.6919,0.5461901195418186,0.4714240195903303,0.5115839989953128,-0.4666021421298382,0.0,0.0038,9.7099,0.0,0.0,1.0,0.0,0.0,0.0,0.0,0.027,0.0,0.0,0.0
20.712,0.5461656941806776,0.4715165923743542,0.5114962536021924,-0.46663338946836774,0.0,0.0038,9.6727,0.0,0.0,1.0,0.0,0.0,0.0,0.0,0.027,0.0,0.0,0.0
20.7321,0.5460929583099632,0.47162846404969666,0.5114242626219717,-0.4666843648377021,0.0,0.0038,9.7108,0.0,0.0,1.0,0.0,0.0,0.0,0.0,0.027,0.0,0.0,0.0
20.7521,0.5460787351609077,0.47167717998523473,0.5113499427938216,-0.4667332095437341,0.0,0.0038,9.6671,0.0,0.0,1.0,0.0,0.0,0.0,0.0,0.027,0.0,0.0,0.0
20.7722,0.5460802193453431,0.4716784619540864,0.5112903327879681,-0.4667954778764877,0.0,0.0038,9.7104,0.0,0.0,1.0,0.0,0.0,0.0,0.0,0.027,0.0,0.0,0.0
20.7926,0.546095930987139,0.4716310313766496,0.5113050434665058,-0.4668089083635857,0.0,0.0038,9.7459,0.0,0.0,1.0,0.0,0.0,0.0,0.0,0.027,0.0,0.0,0.0
20.8127,0.5461375713564424,0.47149231333524094,0.5113479171679046,-0.4668533594467492,0.0,0.0038,9.745,0.0,0.0,1.0,0.0,0.0,0.0,0.0,0.027,0.0,0.0,0.0
20.8328,0.5462121941306043,0.4713200706188118,0.5113606712972936,-0.4669260047001993,0.0,0.0038,9.7436,0.0,0.0,1.0,0.0,0.0,0.0,0.0,0.027,0.0,0.0,0.0
20.8528,0.5461812175817023,0.47123234386385376,0.5113316712328292,-0.4670825169622492,0.0,0.0038,9.7508,0.0,0.0,1.0,0.0,0.0,0.0,0.0,0.027,0.0,0.0,0.0
20.8729,0.5461812175817023,0.47123234386385376,0.5113316712328292,-0.4670825169622492,0.0,0.0038,9.7508,0.0,0.0,1.0,0.0,0.0,0.0,0.0,0.027,0.0,0.0,0.0
20.893,0.5460185844966597,0.47131091499205,0.5114727373222442,-0.46703893389064594,0.0,0.0038,9.6679,0.0,0.0,1.0,0.0,0.0,0.0,0.0,0.027,0.0,0.0,0.0
20.9131,0.5459580313001541,0.471312163745207,0.5115350923771852,-0.46704017132505415,0.0,0.0038,9.6675,0.0,0.0,1.0,0.0,0.0,0.0,0.0,0.027,0.0,0.0,0.0
20.9331,0.545896286283034,0.4713735202302722,0.5116563937713724,-0.4669175342188247,0.0,0.0038,9.6309,0.0,0.0,1.0,0.0,0.0,0.0,0.0,0.027,0.0,0.0,0.0
20.9532,0.545896286283034,0.4713735202302722,0.5116563937713724,-0.4669175342188247,0.0,0.0038,9.6309,0.0,0.0,1.0,0.0,0.0,0.0,0.0,0.027,0.0,0.0,0.0
20.9733,0.545890706492247,0.4713067029902663,0.5118951606981419,-0.4667297641415895,0.0,0.0038,9.5918,0.0,0.0,1.0,0.0,0.0,0.0,0.0,0.027,0.0,0.0,0.0
20.9934,0.545890706492247,0.4713067029902663,0.5118951606981419,-0.4667297641415895,0.0,0.0038,9.5918,0.0,0.0,1.0,0.0,0.0,0.0,0.0,0.027,0.0,0.0,0.0
21.0134,0.5458473124454398,0.47144490679457113,0.51191167131478,-0.46662281569299335,0.0,0.0038,9.5908,0.0,0.0,1.0,0.0,0.0,0.0,0.0,0.027,0.0,0.0,0.0
21.0335,0.5457899630067061,0.47163106579120306,0.5118540948215302,-0.4665649361838331,0.0,0.0038,9.632,0.0,0.0,1.0,0.0,0.0,0.0,0.0,0.027,0.0,0.0,0.0
21.0536,0.5457158955472595,0.4716807740518976,0.511841839958229,-0.46661476573832306,0.0,0.0038,9.6739,0.0,0.0,1.0,0.0,0.0,0.0,0.0,0.027,0.0,0.0,0.0
21.0736,0.5457742601655761,0.47167849637012044,0.5118393683441718,-0.4665515127140622,0.0,0.0038,9.7108,0.0,0.0,1.0,0.0,0.0,0.0,0.0,0.027,0.0,0.0,0.0
21.0937,0.5458496618303597,0.47169094160370945,0.511791871807044,-0.4665028212572033,0.0,0.0038,9.7108,0.0,0.0,1.0,0.0,0.0,0.0,0.0,0.027,0.0,0.0,0.0
21.1138,0.5459068521934898,0.4715656467080986,0.5118492999306977,-0.46649956455866376,0.0,0.0038,9.7118,0.0,0.0,1.0,0.0,0.0,0.0,0.0,0.027,0.0,0.0,0.0
21.1338,0.5460230831087909,0.47143779856173273,0.5119039529423891,-0.46643277946730344,0.0,0.0038,9.7108,0.0,0.0,1.0,0.0,0.0,0.0,0.0,0.027,0.0,0.0,0.0
21.1539,0.5460805021515649,0.47131170723547106,0.5119615957365774,-0.46642972062631,0.0,0.0038,9.7093,0.0,0.0,1.0,0.0,0.0,0.0,0.0,0.027,0.0,0.0,0.0
21.174,0.5460962015916802,0.4712642555375977,0.5119763142815207,-0.46644313016105454,0.0,0.0038,9.6699,0.0,1.2,1.0,0.0,0.0,0.0,0.0,0.027,0.0,0.0,0.0
21.1941,0.5460052593511788,0.4712384147858081,0.5120092394139202,-0.46653955024819665,0.0,0.0038,9.6675,0.0,1.2,1.0,0.0,0.0,0.0,0.0,0.027,0.0,0.0,0.0
21.2142,0.5459463559297252,0.47118008751002016,0.5120121418431818,-0.46666419209776655,0.0,0.2155,9.7309,0.0,1.2,1.0,0.0,0.0,0.0,0.0,0.027,0.0,0.0,0.0
21.2342,0.5471166543914617,0.4692359882828794,0.5109228095623761,-0.46844299168262893,0.0,0.4195,9.5846,0.0,1.2,1.0,0.0,0.0,0.0,0.0,0.027,0.0,0.0,0.0
21.2543,0.5618855203478998,0.4519613967218468,0.49322106777766633,-0.48656812081852024,0.0,0.5349,8.9384,0.0,1.2,1.0,0.0,0.0,0.0,0.0,0.027,0.0,0.0,0.0
21.2744,0.5755056588814458,0.4364662917232207,0.4752246728299577,-0.5024459404935752,0.0,0.6966,9.1965,0.0,1.2,1.0,0.0,0.0,0.0,0.0,0.0406,0.0,0.0,0.0
21.2944,0.5839915071960062,0.4253594679851675,0.46405596542766037,-0.512518588413449,0.0,0.812,8.6155,0.0,1.2,1.0,0.0,0.0,0.0,0.0,0.0406,0.0,0.0,0.0
21.3145,0.5875321115589913,0.42004979927234437,0.45856333099610636,-0.5177681483869507,0.0,0.8659,9.3161,0.0,1.2,1.0,0.0,0.0,0.0,0.0,0.0406,0.0,0.0,0.0
21.3346,0.5885471327883054,0.4188124204345445,0.456409470700404,-0.5195178765272667,0.0,0.9159,9.3422,0.0,1.2,1.0,0.0,0.0,0.0,0.0,0.0406,0.0,0.0,0.0
21.3546,0.5868024143996594,0.42035646036497154,0.4594201536561104,-0.5175871859877893,0.0,0.9775,9.9814,0.0,1.2,1.0,0.0,0.0,0.0,0.0,0.0406,0.0,0.0,0.0
21.3747,0.5847873689069967,0.4236517873459749,0.4645464425212428,-0.5125812120886318,0.0,1.0314,10.5736,0.0,1.2,1.0,0.0,0.0,0.0,0.0,0.0406,0.0,0.0,0.0
21.3948,0.5835673013746961,0.4256055129669729,0.4686362725639844,-0.508614978284861,0.0,1.0391,11.3323,0.0,1.2,1.0,0.0,0.0,0.0,0.0,0.0406,0.0,0.0,0.0
21.4149,0.5833801650395638,0.42590750090138635,0.47156298337897595,-0.5058643458686002,0.0,1.0814,10.5776,0.0,1.2,1.0,0.0,0.0,0.0,0.0,0.0406,0.0,0.0,0.0
21.4349,0.5829315620320566,0.42668569994252026,0.4741694424149789,-0.5032826713997773,0.0,1.1083,7.4639,0.0,1.2,1.0,0.0,0.0,0.0,0.0,0.027,0.0,0.0,0.0
21.455,0.5815495222322299,0.42902081158226013,0.47638434277683245,-0.5007986165893926,0.0,1.1237,8.9062,0.0,1.2,1.0,0.0,0.0,0.0,0.0,0.027,0.0,0.0,0.0
21.4751,0.5794676624958222,0.43279974792083736,0.4786377212230448,-0.49780271006062066,0.0,1.1276,8.8084,0.0,1.2,1.0,0.0,0.0,0.0,0.0,0.027,0.0,0.0,0.0
21.4951,0.5767358226984937,0.4372672382137159,0.48133537080964117,-0.4944587080927856,-0.0135,1.1545,11.2828,0.0,1.2,1.0,0.0,0.0,0.0,0.0,0.027,0.0,0.0,0.0
21.5152,0.5739158284671768,0.44152940669064633,0.48425454281079716,-0.49109056459002126,-0.0135,1.143,5.4266,0.0,1.2,1.0,0.0,0.0,0.0,0.0,0.027,0.0,0.0,0.0
21.5353,0.5717138704809969,0.4442733451712823,0.4865091878512764,-0.488951178755352,-0.0135,1.1584,7.3459,0.0,1.2,1.0,0.0,0.0,0.0,0.0,0.0406,0.0,0.0,0.0
21.5553,0.5692742398264133,0.4465934036468091,0.4891353468389313,-0.48706034960975403,-0.027,1.0853,14.1512,0.0,1.2,1.0,0.0,0.0,0.0,0.0,0.027,0.0,0.0,0.0
21.5754,0.5669642263460463,0.4484925073851107,0.4915841326214211,-0.485542044953978,-0.027,1.1083,14.7974,0.0,1.2,1.0,0.0,0.0,0.0,0.0,0.027,0.0,0.0,0.0
21.5955,0.5646962434851375,0.45086639598123146,0.4936513386629026,-0.48388635174490513,-0.0406,1.1468,4.0545,0.0,1.2,1.0,0.0,0.0,0.0,0.0,0.027,0.0,0.0,0.0
21.6156,0.5640385165131323,0.45179202566430593,0.49378495752457396,-0.483653732703742,-0.0406,1.0853,11.4643,0.0,1.2,1.0,0.0,0.0,0.0,0.0,0.027,0.0,0.0,0.0
21.6356,0.5654951225462882,0.4492832753440749,0.49249659037577814,-0.48559954009522244,-0.0406,1.1006,14.3735,0.0,1.2,1.0,0.0,0.0,0.0,0.0,0.027,0.0,0.0,0.0
21.6557,0.5676313112434455,0.44513238084601975,0.490726727141798,-0.4887117118374597,-0.0406,1.1391,6.2049,0.0,1.2,1.0,0.0,0.0,0.0,0.0,0.027,0.0,0.0,0.0
21.6758,0.5709154081829441,0.4396911531534304,0.4870545233332567,-0.49346243812323065,-0.0406,1.1391,8.1355,0.0,1.2,1.0,0.0,0.0,0.0,0.0,0.027,0.0,0.0,0.0
21.6958,0.5751367738657559,0.4333520900428861,0.48156932259301394,-0.49951440914157647,-0.0406,1.143,10.6499,0.0,1.2,1.0,0.0,0.0,0.0,0.0,0.0406,0.0,0.0,0.0
21.7159,0.5790879045876488,0.4271746022657058,0.47551342566429017,-0.5060296828768387,-0.027,1.143,8.9635,0.0,1.2,1.0,0.0,0.0,0.0,0.0,0.0406,0.0,0.0,0.0
21.736,0.582827828123529,0.4221820486032538,0.47040028257822114,-0.5106834780490748,-0.0406,1.143,8.5858,0.0,1.2,1.0,0.0,0.0,0.0,0.0,0.0406,0.0,0.0,0.0
21.7561,0.5856187660772265,0.4186915383300447,0.4666644542290887,-0.5137823894491463,-0.0541,1.1468,9.107,0.0,1.2,1.0,0.0,0.0,0.0,0.0,0.0406,0.0,0.0,0.0
21.7761,0.5877728448140238,0.41614072211228936,0.46399203512334625,-0.515811374090556,-0.0406,1.1468,8.4993,0.0,1.2,1.0,0.0,0.0,0.0,0.0,0.027,0.0,0.0,0.0
21.7962,0.5895994842277356,0.4132076385325207,0.46246259544506674,-0.5174555473381057,-0.027,1.1468,10.7724,0.0,1.2,1.0,0.0,0.0,0.0,0.0,0.027,0.0,0.0,0.0
21.8163,0.5911978828373908,0.4105295570744474,0.4609464851549531,-0.5191135559009603,-0.027,1.1468,9.78,0.0,1.2,1.0,0.0,0.0,0.0,0.0,0.0406,0.0,0.0,0.0
21.8363,0.5925752389056185,0.4090478105878507,0.45927855933606965,-0.5201900420263917,-0.027,1.1468,10.0755,0.0,1.2,1.0,0.0,0.0,0.0,0.0,0.0406,0.0,0.0,0.0
21.8564,0.5938227425362517,0.40876008301829686,0.45789505463683605,-0.5202132869475063,-0.027,1.1468,10.3966,0.0,1.2,1.0,0.0,0.0,0.0,0.0,0.0406,0.0,0.0,0.0
21.8765,0.5947173564653578,0.4096003581974684,0.4573895832796985,-0.5189735846751606,-0.027,1.1468,10.4528,0.0,1.2,1.0,0.0,0.0,0.0,0.0,0.0406,0.0,0.0,0.0
21.8966,0.5947173564653578,0.4096003581974684,0.4573895832796985,-0.5189735846751606,-0.027,1.1468,10.4528,0.0,1.2,1.0,0.0,0.0,0.0,0.0,0.0406,0.0,0.0,0.0
21.9166,0.5947507815539403,0.41029440592807703,0.45766029988870255,-0.5181477185232861,-0.027,1.1468,10.5654,0.0,1.2,1.0,0.0,0.0,0.0,0.0,0.0406,0.0,0.0,0.0
21.9367,0.5945915133273078,0.41088037133881394,0.45799838184071023,-0.517567130871843,-0.027,1.1507,10.4694,0.0,1.2,1.0,0.0,0.0,0.0,0.0,0.0406,0.0,0.0,0.0
21.9568,0.5943109141553184,0.4113852470431086,0.458505191656989,-0.5170393650919993,-0.027,1.1507,10.4408,0.0,1.2,1.0,0.0,0.0,0.0,0.0,0.0406,0.0,0.0,0.0
21.9768,0.5939479006939098,0.4120583375315466,0.4590565166004176,-0.5164309559841723,-0.027,1.1507,10.393,0.0,1.2,1.0,0.0,0.0,0.0,0.0,0.0406,0.0,0.0,0.0
21.9969,0.5933987517446209,0.41291326492053904,0.4600944378327027,-0.5154548140778161,-0.027,1.1507,10.2836,0.0,1.2,1.0,0.0,0.0,0.0,0.0,0.0406,0.0,0.0,0.0
22.017,0.5925345312864864,0.4140658652885262,0.46161330914203996,-0.5141647997081322,-0.027,1.1507,10.2288,0.0,1.2,1.0,0.0,0.0,0.0,0.0,0.0406,0.0,0.0,0.0
22.037,0.591605539874686,0.41509406403834614,0.463250375389574,-0.5129316649331854,-0.027,1.1507,10.0267,0.0,1.2,1.0,0.0,0.0,0.0,0.0,0.0406,0.0,0.0,0.0
22.0571,0.590748106141204,0.4158253318544707,0.4648354280698252,-0.5118925602993685,-0.027,1.1507,9.9091,0.0,1.2,1.0,0.0,0.0,0.0,0.0,0.0406,0.0,0.0,0.0
22.0772,0.5901233823292606,0.4163639253493985,0.4661667633732008,-0.5109638187015476,-0.027,1.1507,9.7656,0.0,1.2,1.0,0.0,0.0,0.0,0.0,0.0406,0.0,0.0,0.0
22.0972,0.5896652569320958,0.4166900081831156,0.46722737302423184,-0.5102576836701589,-0.027,1.1507,9.6983,0.0,1.2,1.0,0.0,0.0,0.0,0.0,0.0406,0.0,0.0,0.0
22.1173,0.5892400207815799,0.4169359677826681,0.4682065786708425,-0.509650072469138,-0.027,1.1507,9.603,0.0,1.2,1.0,0.0,0.0,0.0,0.0,0.0406,0.0,0.0,0.0
22.1374,0.5888501979392898,0.4171020985438968,0.46910261477801934,-0.509140472350767,-0.027,1.1507,9.5452,0.0,1.2,1.0,0.0,0.0,0.0,0.0,0.0406,0.0,0.0,0.0
22.1575,0.5885781415657493,0.4171864412036309,0.4698008841377633,-0.5087419520839953,-0.027,1.1507,9.4536,0.0,1.2,1.0,0.0,0.0,0.0,0.0,0.0406,0.0,0.0,0.0
22.1776,0.5885466633856237,0.41710313093850937,0.4701417488342851,-0.508531748450362,-0.027,1.1507,9.4536,0.0,1.2,1.0,0.0,0.0,0.0,0.0,0.0406,0.0,0.0,0.0
22.1977,0.5889227077735157,0.4165002572105594,0.47039377290814205,-0.5083574317559362,-0.027,1.1507,9.4196,0.0,1.2,1.0,0.0,0.0,0.0,0.0,0.0406,0.0,0.0,0.0
22.2178,0.5892860280021974,0.4160713712901714,0.4704526356078389,-0.508233124504639,-0.027,1.1507,9.4658,0.0,1.2,1.0,0.0,0.0,0.0,0.0,0.0406,0.0,0.0,0.0
22.2378,0.5895972710417857,0.41576907560772436,0.4704568224848161,-0.5081156481804785,-0.027,1.1507,9.496,0.0,1.2,1.0,0.0,0.0,0.0,0.0,0.0406,0.0,0.0,0.0
22.2579,0.5899622236998797,0.4154023410434643,0.47045598864955224,-0.5079927483798119,-0.027,1.1507,9.531,0.0,1.2,1.0,0.0,0.0,0.0,0.0,0.0406,0.0,0.0,0.0
22.278,0.5904519627083579,0.4149155683780001,0.47033537715784957,-0.5079332474304006,-0.027,1.1507,9.5791,0.0,1.2,1.0,0.0,0.0,0.0,0.0,0.0406,0.0,0.0,0.0
22.2982,0.5910048798645151,0.4142473176351995,0.47009449527354263,-0.5080586160295733,-0.027,1.1507,9.6588,0.0,1.2,1.0,0.0,0.0,0.0,0.0,0.0406,0.0,0.0,0.0
22.3183,0.5916728031321314,0.41357246441470075,0.46978625569415267,-0.5081161133762494,-0.027,1.1507,9.7493,0.0,1.2,1.0,0.0,0.0,0.0,0.0,0.0406,0.0,0.0,0.0
22.3383,0.5922298186237756,0.41296805738732095,0.4696086138775184,-0.5081229922790627,-0.027,1.1507,9.7493,0.0,1.2,1.0,0.0,0.0,0.0,0.0,0.0406,0.0,0.0,0.0
22.3584,0.5927316718061754,0.4124286878415551,0.4694365798413508,-0.5081348641748611,-0.027,1.1507,9.8372,0.0,1.2,1.0,0.0,0.0,0.0,0.0,0.0406,0.0,0.0,0.0
22.3785,0.5931210021898561,0.4118518082862816,0.46922297067397867,-0.5083457175628682,-0.027,1.1507,9.8867,0.0,1.2,1.0,0.0,0.0,0.0,0.0,0.0406,0.0,0.0,0.0
22.3985,0.5934569255969816,0.41120226316495245,0.4689424234612632,-0.5087382231632269,-0.027,1.1507,9.8979,0.0,1.2,1.0,0.0,0.0,0.0,0.0,0.0406,0.0,0.0,0.0
22.4186,0.5937982098605832,0.4105131577360242,0.46873990355878953,-0.5090830345863646,-0.027,1.1507,9.8979,0.0,1.2,1.0,0.0,0.0,0.0,0.0,0.0406,0.0,0.0,0.0
22.4387,0.5940464652905963,0.4099061108486569,0.4686212672836717,-0.5093916815321217,-0.027,1.1507,9.829,0.0,1.2,1.0,0.0,0.0,0.0,0.0,0.0406,0.0,0.0,0.0
22.4587,0.5942279431654919,0.40941707094226265,0.46862006897868885,-0.5095743758596738,-0.027,1.1507,9.7461,0.0,1.2,1.0,0.0,0.0,0.0,0.0,0.0406,0.0,0.0,0.0
22.4788,0.5942326765125685,0.40911533490309515,0.4688068001516796,-0.5096394343488155,-0.027,1.1507,9.7461,0.0,1.2,1.0,0.0,0.0,0.0,0.0,0.0406,0.0,0.0,0.0
22.4989,0.5941139424307283,0.408995583543181,0.4689923757588704,-0.5097032347667028,-0.027,1.1507,9.7209,0.0,1.2,1.0,0.0,0.0,0.0,0.0,0.0406,0.0,0.0,0.0
22.519,0.5940002870772467,0.4089403283471229,0.469242966608338,-0.5096493942820909,-0.027,1.1507,9.686,0.0,1.2,1.0,0.0,0.0,0.0,0.0,0.0406,0.0,0.0,0.0
22.5391,0.5939893983279028,0.40893283197240926,0.4695393624499213,-0.5093950536854505,-0.027,1.1507,9.7202,0.0,1.2,1.0,0.0,0.0,0.0,0.0,0.0406,0.0,0.0,0.0
22.5592,0.5939405628516222,0.40900220796727055,0.46979398205005934,-0.5091614833301361,-0.027,1.1507,9.7209,0.0,1.2,1.0,0.0,0.0,0.0,0.0,0.0406,0.0,0.0,0.0
22.5793,0.5938821257902273,0.40918697670684107,0.47010101530145443,-0.5087976750860186,-0.027,1.1507,9.6972,0.0,1.2,1.0,0.0,0.0,0.0,0.0,0.0406,0.0,0.0,0.0
22.5994,0.5937395461349813,0.40953878932445814,0.47038971793314177,-0.5084140484456177,-0.027,1.1507,9.7656,0.0,1.2,1.0,0.0,0.0,0.0,0.0,0.0406,0.0,0.0,0.0
22.6206,0.5935028953282995,0.4099708554023529,0.47070053771944437,-0.5080543423180387,-0.027,1.1507,9.7925,0.0,1.2,1.0,0.0,0.0,0.0,0.0,0.0406,0.0,0.0,0.0
22.6407,0.5932509297155413,0.4105143396487275,0.47081621439316823,-0.5078025242147793,-0.027,1.1507,9.7685,0.0,1.2,1.0,0.0,0.0,0.0,0.0,0.0406,0.0,0.0,0.0
22.6607,0.5931397308815921,0.41094981354450927,0.4707637864058095,-0.5076287696794883,-0.027,1.1507,9.7501,0.0,1.2,1.0,0.0,0.0,0.0,0.0,0.0406,0.0,0.0,0.0
22.6808,0.5930830598981501,0.4113188156469333,0.47070622217822417,-0.5074494737009347,-0.027,1.1507,9.7999,0.0,1.2,1.0,0.0,0.0,0.0,0.0,0.0406,0.0,0.0,0.0
22.7009,0.5931399361392956,0.4116209556826264,0.4707029493215345,-0.5071409453984195,-0.027,1.1507,9.826,0.0,1.2,1.0,0.0,0.0,0.0,0.0,0.0406,0.0,0.0,0.0
22.7209,0.5930864980491476,0.412053209350112,0.47064795012948857,-0.5069034084862536,-0.027,1.1507,9.7391,0.0,1.2,1.0,0.0,0.0,0.0,0.0,0.0406,0.0,0.0,0.0
22.741,0.5930143368855524,0.41247345210635283,0.4705780931876271,-0.5067108699915108,-0.027,1.1507,9.6962,0.0,1.2,1.0,0.0,0.0,0.0,0.0,0.0406,0.0,0.0,0.0
22.7611,0.592898040500656,0.41284342082991254,0.470460619123587,-0.5066547436882336,-0.027,1.1507,9.6847,0.0,1.2,1.0,0.0,0.0,0.0,0.0,0.0406,0.0,0.0,0.0
22.7811,0.5928859472851146,0.4130179970474323,0.47026802634096815,-0.5067054085246478,-0.027,1.1507,9.7185,0.0,1.2,1.0,0.0,0.0,0.0,0.0,0.0406,0.0,0.0,0.0
22.8012,0.5928479381584885,0.4132177149599934,0.4699210480843801,-0.5069089176881273,-0.027,1.1507,9.7306,0.0,1.2,1.0,0.0,0.0,0.0,0.0,0.0406,0.0,0.0,0.0
22.8213,0.5928303098734168,0.4132664275852549,0.4697850757797508,-0.5070158440334223,-0.027,1.1507,9.7339,0.0,1.2,1.0,0.0,0.0,0.0,0.0,0.0406,0.0,0.0,0.0
22.8414,0.592828961317304,0.41326548749673747,0.46972300764243163,-0.5070756901675317,-0.027,1.1507,9.7725,0.0,1.2,1.0,0.0,0.0,0.0,0.0,0.0406,0.0,0.0,0.0
22.8615,0.5928841130864689,0.41319971563348984,0.4697175824896236,-0.5070698336030038,-0.027,1.1507,9.7609,0.0,1.2,1.0,0.0,0.0,0.0,0.0,0.0406,0.0,0.0,0.0
22.8815,0.5929694649593336,0.413094683766599,0.46961387187057907,-0.507151660961826,-0.027,1.1507,9.8125,0.0,1.2,1.0,0.0,0.0,0.0,0.0,0.0406,0.0,0.0,0.0
22.9016,0.5929314105011579,0.4130681729674855,0.46952273652380394,-0.5073021060567453,-0.027,1.1507,9.829,0.0,1.2,1.0,0.0,0.0,0.0,0.0,0.0406,0.0,0.0,0.0
22.9217,0.5928319291847761,0.41308455705850616,0.46948036006289656,-0.5074442274516947,-0.027,1.1507,9.784,0.0,1.2,1.0,0.0,0.0,0.0,0.0,0.0406,0.0,0.0,0.0
22.9417,0.5926615867023919,0.41315438016865413,0.46949038649763924,-0.5075770668392691,-0.027,1.1507,9.7725,0.0,1.2,1.0,0.0,0.0,0.0,0.0,0.0406,0.0,0.0,0.0
22.9618,0.5925328237620433,0.4132716669451044,0.469424029310299,-0.507693276271291,-0.027,1.1507,9.7344,0.0,1.2,1.0,0.0,0.0,0.0,0.0,0.0406,0.0,0.0,0.0
22.9819,0.5924189730586142,0.4133383537573273,0.46936948617216073,-0.507822263320388,-0.027,1.1507,9.6847,0.0,1.2,1.0,0.0,0.0,0.0,0.0,0.0406,0.0,0.0,0.0
23.0019,0.5922929426678563,0.4134575444792801,0.4694272950354774,-0.5078188098669549,-0.027,1.1507,9.681,0.0,1.2,1.0,0.0,0.0,0.0,0.0,0.0406,0.0,0.0,0.0
23.022,0.5922065019421403,0.4135617803976513,0.4694681285202896,-0.5077969960086762,-0.027,1.1507,9.681,0.0,1.2,1.0,0.0,0.0,0.0,0.0,0.0406,0.0,0.0,0.0
23.0421,0.5921157416426017,0.41370560115415544,0.469492895848776,-0.5077627840047367,-0.027,1.1507,9.681,0.0,1.2,1.0,0.0,0.0,0.0,0.0,0.0406,0.0,0.0,0.0
23.0621,0.5920625616299469,0.4137720686782196,0.4695601003569181,-0.5077084896382305,-0.027,1.1507,9.7306,0.0,1.2,1.0,0.0,0.0,0.0,0.0,0.0406,0.0,0.0,0.0
23.0822,0.59197718804459,0.41387703403950615,0.4696637690465058,-0.507626588719023,-0.027,1.1507,9.7002,0.0,1.2,1.0,0.0,0.0,0.0,0.0,0.0406,0.0,0.0,0.0
23.1023,0.5918538102772676,0.41399806931493544,0.4698456739707226,-0.5075034073922888,-0.027,1.1507,9.6818,0.0,1.2,1.0,0.0,0.0,0.0,0.0,0.0406,0.0,0.0,0.0
23.1224,0.5917439834799335,0.41406758636903646,0.4699773406722726,-0.5074528462709017,-0.027,1.1507,9.7053,0.0,1.2,1.0,0.0,0.0,0.0,0.0,0.0406,0.0,0.0,0.0
23.1424,0.5916006267864842,0.41417563750276354,0.470082373723304,-0.5074345293726893,-0.027,1.1507,9.6818,0.0,1.2,1.0,0.0,0.0,0.0,0.0,0.0406,0.0,0.0,0.0
23.1625,0.5914914239237146,0.4143065964908441,0.47009254215876256,-0.5074455057792723,-0.027,1.1507,9.681,0.0,1.2,1.0,0.0,0.0,0.0,0.0,0.0406,0.0,0.0,0.0
23.1826,0.5914198536691688,0.4143601906649907,0.4701451393010756,-0.5074364364820326,-0.027,1.1507,9.6768,0.0,1.2,1.0,0.0,0.0,0.0,0.0,0.0406,0.0,0.0,0.0
23.2027,0.5913801886943602,0.41437513913269974,0.4701621002678666,-0.5074547427705131,-0.027,1.1507,9.681,0.0,1.2,1.0,0.0,0.0,0.0,0.0,0.0406,0.0,0.0,0.0
23.2227,0.5913005417761736,0.41430107365465624,0.47014727480595636,-0.5076217387546905,-0.027,1.1507,9.6847,0.0,1.2,1.0,0.0,0.0,0.0,0.0,0.0406,0.0,0.0,0.0
23.2429,0.5911811980150968,0.4142419345367231,0.47014938584845367,-0.5078070162680207,-0.027,1.1507,9.7228,0.0,1.2,1.0,0.0,0.0,0.0,0.0,0.0406,0.0,0.0,0.0
23.263,0.5911775214944508,0.4141783593688276,0.47014646201743615,-0.5078658572523969,-0.027,1.1507,9.7266,0.0,1.2,1.0,0.0,0.0,0.0,0.0,0.0406,0.0,0.0,0.0
23.283,0.5912473138756279,0.4140615194943072,0.4701534544013375,-0.5078734106284852,-0.027,1.1507,9.7154,0.0,1.2,1.0,0.0,0.0,0.0,0.0,0.0406,0.0,0.0,0.0
23.3031,0.5912473138756279,0.4140615194943072,0.4701534544013375,-0.5078734106284852,-0.027,1.1507,9.7154,0.0,1.2,1.0,0.0,0.0,0.0,0.0,0.0406,0.0,0.0,0.0
23.3233,0.5913551591308914,0.41392961186844307,0.4700812026672273,-0.5079222529941482,-0.027,1.1507,9.7535,0.0,1.2,1.0,0.0,0.0,0.0,0.0,0.0406,0.0,0.0,0.0
23.3434,0.5915514764688246,0.413755934378342,0.46990878975757944,-0.5079946916679603,-0.027,1.1507,9.7879,0.0,1.2,1.0,0.0,0.0,0.0,0.0,0.0406,0.0,0.0,0.0
23.3635,0.5917144728208469,0.41361995208209573,0.46970991147186925,-0.5080995148187419,-0.027,1.1507,9.8075,0.0,1.2,1.0,0.0,0.0,0.0,0.0,0.0406,0.0,0.0,0.0
23.3836,0.5917984153387934,0.41351398895565605,0.46954412295672854,-0.5082412155042833,-0.027,1.1507,9.8485,0.0,1.2,1.0,0.0,0.0,0.0,0.0,0.0406,0.0,0.0,0.0
23.4036,0.5918521921897403,0.41350894226141416,0.469355394243512,-0.5083570115229679,-0.027,1.1507,9.844,0.0,1.2,1.0,0.0,0.0,0.0,0.0,0.0406,0.0,0.0,0.0
23.4238,0.5919222832723803,0.413454293346779,0.46924060278207863,-0.5084258201345002,-0.027,1.1507,9.8485,0.0,1.2,1.0,0.0,0.0,0.0,0.0,0.0406,0.0,0.0,0.0
23.4438,0.5920354140626939,0.4134480990591004,0.46911157386639557,-0.5084182030028275,-0.027,1.1507,9.8372,0.0,1.2,1.0,0.0,0.0,0.0,0.0,0.0406,0.0,0.0,0.0
23.4639,0.5921089118244793,0.4134568263773041,0.4689994747395041,-0.5084289350087269,-0.027,1.1507,9.8485,0.0,1.2,1.0,0.0,0.0,0.0,0.0,0.0406,0.0,0.0,0.0
23.484,0.5921838285356988,0.41346654261705273,0.46894949408647785,-0.5083798809484298,-0.027,1.1507,9.8104,0.0,1.2,1.0,0.0,0.0,0.0,0.0,0.0406,0.0,0.0,0.0
23.5041,0.5921123399547504,0.4135202212316605,0.46900219010362787,-0.5083708775921663,-0.027,1.1507,9.7772,0.0,1.2,1.0,0.0,0.0,0.0,0.0,0.0406,0.0,0.0,0.0
23.5242,0.5920592064608009,0.41358671823880294,0.46906942439201166,-0.5083166312860622,-0.027,1.1507,9.7725,0.0,1.2,1.0,0.0,0.0,0.0,0.0,0.0406,0.0,0.0,0.0
23.5443,0.5919612420576917,0.41380488743847743,0.4691011352227038,-0.508223895508972,-0.027,1.1507,9.7725,0.0,1.2,1.0,0.0,0.0,0.0,0.0,0.0406,0.0,0.0,0.0
23.5644,0.5918752555628539,0.4140130701591886,0.4691906788101422,-0.5080718123527886,-0.027,1.1507,9.7304,0.0,1.2,1.0,0.0,0.0,0.0,0.0,0.0406,0.0,0.0,0.0
23.5845,0.5917895824022915,0.41405681013701934,0.46941511626599347,-0.5079286335305992,-0.027,1.1507,9.7304,0.0,1.2,1.0,0.0,0.0,0.0,0.0,0.0406,0.0,0.0,0.0
23.6045,0.5916823302327162,0.4141291305620372,0.4696718186691664,-0.5077572905023737,-0.027,1.1507,9.7564,0.0,1.2,1.0,0.0,0.0,0.0,0.0,0.0406,0.0,0.0,0.0
23.6247,0.5914887196783121,0.41430470231848004,0.46996839361468296,-0.5075651851076287,-0.027,1.1507,9.7492,0.0,1.2,1.0,0.0,0.0,0.0,0.0,0.0406,0.0,0.0,0.0
23.6448,0.5913679213179113,0.41442754327047465,0.47027434696670806,-0.5073222167419519,-0.027,1.1507,9.7535,0.0,1.2,1.0,0.0,0.0,0.0,0.0,0.0406,0.0,0.0,0.0
23.6649,0.5912573026941579,0.4144355206245723,0.4705274031601886,-0.5072099803146604,-0.027,1.1507,9.7185,0.0,1.2,1.0,0.0,0.0,0.0,0.0,0.0406,0.0,0.0,0.0
23.685,0.5911432077737743,0.4143197614432295,0.47096150606290677,-0.5070346171490823,-0.027,1.1507,9.7668,0.0,1.2,1.0,0.0,0.0,0.0,0.0,0.0406,0.0,0.0,0.0
23.7051,0.5911267611965335,0.4142472342036272,0.47119240386543604,-0.5068985102478143,-0.027,1.1507,9.7844,0.0,1.2,1.0,0.0,0.0,0.0,0.0,0.0406,0.0,0.0,0.0
23.7252,0.5911822564923188,0.41412067719287626,0.47137121782797453,-0.5067709337889615,-0.027,1.1507,9.7685,0.0,1.2,1.0,0.0,0.0,0.0,0.0,0.0406,0.0,0.0,0.0
23.7453,0.5913617139577384,0.413812201746053,0.47155139271603774,-0.5066459009787951,-0.027,1.1507,9.8676,0.0,1.2,1.0,0.0,0.0,0.0,0.0,0.0406,0.0,0.0,0.0
23.7654,0.5915557409340301,0.4134539157111139,0.47174318579055524,-0.5065333469884442,-0.027,1.1507,9.8444,0.0,1.2,1.0,0.0,0.0,0.0,0.0,0.0406,0.0,0.0,0.0
23.7855,0.5916009705045192,0.4130769023414418,0.47209660248401325,-0.5064588456855718,-0.027,1.1507,9.5516,0.0,1.2,1.0,0.0,0.0,0.0,0.0,0.0406,0.0,0.0,0.0
23.8056,0.5913580491974041,0.4131386508476248,0.4722804556461133,-0.5065207636809617,-0.027,1.1507,9.8525,0.0,1.2,1.0,0.0,0.0,0.0,0.0,0.0406,0.0,0.0,0.0
23.8257,0.5910539902349403,0.41320100225525347,0.47234300065892076,-0.5067664176828767,-0.027,1.1507,9.6517,0.0,1.2,1.0,0.0,0.0,0.0,0.0,0.0406,0.0,0.0,0.0
23.8458,0.5906339626044391,0.4131448753602232,0.47271456901698117,-0.5069553929300421,-0.027,1.1507,9.7264,0.0,1.2,1.0,0.0,0.0,0.0,0.0,0.0406,0.0,0.0,0.0
23.8659,0.59021802797416,0.4132136204116276,0.4729674331656305,-0.5071478980783849,-0.027,1.1507,9.6704,0.0,1.2,1.0,0.0,0.0,0.0,0.0,0.0406,0.0,0.0,0.0
23.886,0.5899222786049395,0.4134031084238555,0.47309685683162644,-0.5072168561937642,-0.027,1.1507,9.6794,0.0,1.2,1.0,0.0,0.0,0.0,0.0,0.0406,0.0,0.0,0.0
23.9061,0.589720611782212,0.4135120265818432,0.47320488606328653,-0.5072618058924039,-0.027,1.1507,9.7008,0.0,1.2,1.0,0.0,0.0,0.0,0.0,0.0406,0.0,0.0,0.0
23.9262,0.5895362173923785,0.4136330476543475,0.47326476619297253,-0.5073216054448833,-0.027,1.1507,9.7535,0.0,1.2,1.0,0.0,0.0,0.0,0.0,0.0406,0.0,0.0,0.0
23.9463,0.589469104489663,0.41375075620520113,0.4733818563292561,-0.5071943460746053,-0.027,1.1507,9.7835,0.0,1.2,1.0,0.0,0.0,0.0,0.0,0.0406,0.0,0.0,0.0
23.9664,0.5894931117043034,0.4138286085303462,0.4735231388045295,-0.5069709962431004,-0.027,1.1507,9.7469,0.0,1.2,1.0,0.0,0.0,0.0,0.0,0.0406,0.0,0.0,0.0
23.9865,0.589601195800878,0.41394083953496497,0.4736949607254089,-0.5065930274476906,-0.027,1.1507,9.7424,0.0,1.2,1.0,0.0,0.0,0.0,0.0,0.0406,0.0,0.0,0.0
24.0066,0.5897775625961867,0.4139361837507448,0.47381163173417157,-0.5062823323733233,-0.027,1.1507,9.7668,0.0,1.2,1.0,0.0,0.0,0.0,0.0,0.0406,0.0,0.0,0.0
24.0267,0.5899562974676659,0.4139941913735895,0.47386920665781607,-0.5059726786780714,-0.027,1.1507,9.7535,0.0,1.2,1.0,0.0,0.0,0.0,0.0,0.0406,0.0,0.0,0.0
24.0468,0.5900937499351487,0.4140660347027012,0.4738816175519898,-0.5057419280021832,-0.027,1.1507,9.7835,0.0,1.2,1.0,0.0,0.0,0.0,0.0,0.0406,0.0,0.0,0.0
24.0669,0.5901559035846977,0.41412884443777637,0.4739435441441474,-0.5055599139892777,-0.027,1.1507,9.7772,0.0,1.2,1.0,0.0,0.0,0.0,0.0,0.0406,0.0,0.0,0.0
24.087,0.5902000797200868,0.4141780383573035,0.4739910330005277,-0.5054235046730533,-0.027,1.1507,9.7424,0.0,1.2,1.0,0.0,0.0,0.0,0.0,0.0406,0.0,0.0,0.0
24.107,0.5901979241723428,0.4141155269310029,0.47405030062713416,-0.5054216587490479,-0.027,1.1507,9.7216,0.0,1.2,1.0,0.0,0.0,0.0,0.0,0.0406,0.0,0.0,0.0
24.1272,0.5901915855375388,0.41398808323160663,0.47404520939991807,-0.5055382267918959,-0.027,1.1507,9.7286,0.0,1.2,1.0,0.0,0.0,0.0,0.0,0.0406,0.0,0.0,0.0
24.1472,0.590150696559399,0.414002190169411,0.47400036265156537,-0.5056164535411914,-0.027,1.1507,9.7042,0.0,1.2,1.0,0.0,0.0,0.0,0.0,0.0406,0.0,0.0,0.0
24.1673,0.5901119544012254,0.4140788086917209,0.47389623685923044,-0.5056965277277188,-0.027,1.1507,9.6942,0.0,1.2,1.0,0.0,0.0,0.0,0.0,0.0406,0.0,0.0,0.0
24.1874,0.5900376895839631,0.4141315027299922,0.47382458417651263,-0.5058071635979191,-0.027,1.1507,9.7213,0.0,1.2,1.0,0.0,0.0,0.0,0.0,0.0406,0.0,0.0,0.0
24.2075,0.5900375204500943,0.41419238510716005,0.4736414450920714,-0.505929020783984,-0.027,1.1507,9.777,0.0,1.2,1.0,0.0,0.0,0.0,0.0,0.0406,0.0,0.0,0.0
24.2276,0.5900074980914463,0.4143543040727906,0.4734343512608665,-0.5060252740115142,-0.027,1.1507,9.7361,0.0,1.2,1.0,0.0,0.0,0.0,0.0,0.0406,0.0,0.0,0.0
24.2477,0.5899740910162128,0.41455668530874984,0.473273490562117,-0.5060489400508271,-0.027,1.1507,9.7492,0.0,1.2,1.0,0.0,0.0,0.0,0.0,0.0406,0.0,0.0,0.0
24.2678,0.5899645655887424,0.4147329916383003,0.4732048494726587,-0.5059797697853055,-0.027,1.1507,9.7658,0.0,1.2,1.0,0.0,0.0,0.0,0.0,0.0406,0.0,0.0,0.0
24.2879,0.5899711378184737,0.41492061337471586,0.47302611939191425,-0.5059854064209279,-0.027,1.1507,9.7772,0.0,1.2,1.0,0.0,0.0,0.0,0.0,0.0406,0.0,0.0,0.0
24.308,0.589917330489471,0.4150476753528443,0.47290988479241736,-0.5060525775430839,-0.027,1.1507,9.7658,0.0,1.2,1.0,0.0,0.0,0.0,0.0,0.0406,0.0,0.0,0.0
24.3294,0.5899065451569205,0.41522308760418497,0.47277923836244573,-0.5060433254918983,-0.027,1.1507,9.7424,0.0,0.0,1.0,0.0,0.0,0.0,0.0,0.0406,0.0,0.0,0.0
24.3495,0.5898936696630347,0.4153360224655215,0.4727079204992342,-0.5060322804241724,-0.027,1.1314,9.7428,0.0,0.0,1.0,0.0,0.0,0.0,0.0,0.0406,0.0,0.0,0.0
24.3696,0.5898329761916369,0.41533623748540155,0.4725861675007065,-0.5062165389587545,-0.027,0.7812,12.5872,0.0,0.0,1.0,0.0,0.0,0.0,0.0,0.0541,0.0,0.0,0.0
24.3896,0.5883184840810025,0.41668734285923714,0.47412139011719695,-0.5054324158805771,-0.027,0.4503,16.1334,0.0,0.0,1.0,0.0,0.0,0.0,0.0,0.027,0.0,0.0,0.0
24.4097,0.5814821373399917,0.4248661003489236,0.48315411411594217,-0.49792511760469843,-0.027,0.5234,6.8968,0.0,0.0,1.0,0.0,0.0,0.0,0.0,0.027,0.0,0.0,0.0
24.4298,0.5634697487043135,0.4460392599180011,0.5054254956761655,-0.4775938538417365,-0.027,0.3579,8.5022,0.0,0.0,1.0,0.0,0.0,0.0,0.0,0.027,0.0,0.0,0.0
24.4499,0.5634697487043135,0.4460392599180011,0.5054254956761655,-0.4775938538417365,-0.027,0.3579,8.5022,0.0,0.0,1.0,0.0,0.0,0.0,0.0,0.0,0.0,0.0,0.0
24.47,0.5524994062053842,0.45673377581234087,0.5175258107860627,-0.46723195454199046,-0.027,0.3348,13.5702,0.0,0.0,1.0,0.0,0.0,0.0,0.0,-0.0406,0.0,0.0,0.0
24.4901,0.5473647020553557,0.4602064310327605,0.5230116263283627,-0.46374644204058535,-0.0406,0.2655,9.2905,0.0,0.0,1.0,0.0,0.0,0.0,0.0,-0.027,0.0,0.0,0.0
24.5101,0.5479643412642622,0.4574499367233972,0.5231837780607715,-0.4655677936333662,0.0,0.1347,10.2424,0.0,0.0,1.0,0.0,0.0,0.0,0.0,-0.0406,0.0,0.0,0.0
24.5303,0.5520120491291289,0.4524012357594247,0.5205174757846976,-0.4686975324261186,-0.0541,0.2271,8.6126,0.0,0.0,1.0,0.0,0.0,0.0,0.0,0.0,0.0,0.0,0.0
24.5504,0.5551948119484331,0.44972223816752516,0.5190605875941153,-0.46913189583483633,-0.0541,0.0808,11.7458,0.0,0.0,1.0,0.0,0.0,0.0,0.0,0.0,0.0,0.0,0.0
24.5705,0.5562598082319316,0.45048850675833335,0.5186027689699886,-0.4676390691987599,-0.0676,0.177,9.6619,0.0,0.0,1.0,0.0,0.0,0.0,0.0,0.0,0.0,0.0,0.0
24.5905,0.5555610078869866,0.45039340969742186,0.5197927841179577,-0.46723998608384143,-0.0541,0.0115,8.1777,0.0,0.0,1.0,0.0,0.0,0.0,0.0,0.0,0.0,0.0,0.0
24.6106,0.5575739256840571,0.44526531502620725,0.5174726364504542,-0.47230518434260105,-0.0135,-0.0346,11.0603,0.0,0.0,1.0,0.0,0.0,0.0,0.0,0.0,0.0,0.0,0.0
24.6307,0.5593885920272329,0.44152925659802617,0.5151994662644046,-0.47613635509028,-0.0135,0.05,10.982,0.0,0.0,1.0,0.0,0.0,0.0,0.0,-0.027,0.0,0.0,0.0
24.6508,0.5624390841861696,0.43792706554914695,0.5116580765852424,-0.47967507179800994,0.0,-0.077,6.8558,0.0,0.0,1.0,0.0,0.0,0.0,0.0,-0.0135,0.0,0.0,0.0
24.6709,0.5678216432053527,0.43360289104450717,0.5039163328244244,-0.4854229536169489,0.0,0.0423,10.0954,0.0,0.0,1.0,0.0,0.0,0.0,0.0,0.0,0.0,0.0,0.0
24.691,0.5709347064616115,0.4320768593163272,0.49903323219171897,-0.48816900943138364,0.0135,-0.1116,9.4628,0.0,0.0,1.0,0.0,0.0,0.0,0.0,0.0406,0.0,0.0,0.0
24.711,0.5737937731241912,0.430177329323992,0.49444752793026714,-0.49115151774501303,0.027,-0.0231,5.9117,0.0,0.0,1.0,0.0,0.0,0.0,0.0,0.027,0.0,0.0,0.0
24.7312,0.5737111723629652,0.4319318251747222,0.4936967982166468,-0.4904629043442296,0.0,-0.0847,10.6774,0.0,0.0,1.0,0.0,0.0,0.0,0.0,0.0406,0.0,0.0,0.0
24.7513,0.5736094165657671,0.43335107018865704,0.49212721534017095,-0.49090721232729406,0.0406,-0.0577,11.474,0.0,0.0,1.0,0.0,0.0,0.0,0.0,0.0406,0.0,0.0,0.0
24.7714,0.5737847700286696,0.4349315196481642,0.4912658098083009,-0.49016682365606906,0.0,-0.0693,9.9795,0.0,0.0,1.0,0.0,0.0,0.0,0.0,0.0135,0.0,0.0,0.0
24.7915,0.5731286863385721,0.43665261790723076,0.49195045600128456,-0.4887154069708801,0.0406,-0.0924,12.6712,0.0,0.0,1.0,0.0,0.0,0.0,0.0,0.0135,0.0,0.0,0.0
24.8116,0.572879024341476,0.4367093054746452,0.492800601591672,-0.4881005767793129,0.0,0.0,8.3732,0.0,0.0,1.0,0.0,0.0,0.0,0.0,0.0135,0.0,0.0,0.0
24.8317,0.571289511498009,0.43841639253147013,0.49511744329815516,-0.48608443521054695,0.0,-0.0231,9.3363,0.0,0.0,1.0,0.0,0.0,0.0,0.0,0.0135,0.0,0.0,0.0
24.8518,0.5697631906333944,0.4398801471766638,0.49707016631150386,-0.484558162125193,0.0135,0.0115,10.0358,0.0,0.0,1.0,0.0,0.0,0.0,0.0,0.0135,0.0,0.0,0.0
24.872,0.5667653248170212,0.44335377831923517,0.5006651033245516,-0.4811953326333611,0.0135,-0.0654,9.9777,0.0,0.0,1.0,0.0,0.0,0.0,0.0,0.0135,0.0,0.0,0.0
24.8921,0.5607253019544223,0.44933723522105473,0.5075637473693262,-0.4754600163509308,0.0135,0.0616,10.8076,0.0,0.0,1.0,0.0,0.0,0.0,0.0,0.0135,0.0,0.0,0.0
24.9121,0.5558514469169101,0.45392163145907044,0.5131881056020948,-0.4707677662313411,0.0,-0.0616,12.2215,0.0,0.0,1.0,0.0,0.0,0.0,0.0,0.0135,0.0,0.0,0.0
24.9323,0.5528589853614411,0.4557524609997479,0.5162987879414722,-0.4691185331746743,0.0,0.0115,12.2164,0.0,0.0,1.0,0.0,0.0,0.0,0.0,0.0135,0.0,0.0,0.0
24.9524,0.5496105036068032,0.4583644122328887,0.5198861253619146,-0.46642124370535537,-0.0135,0.0269,10.5442,0.0,0.0,1.0,0.0,0.0,0.0,0.0,0.0135,0.0,0.0,0.0
24.9725,0.5466808400364846,0.46092859058617486,0.5229383247170979,-0.46391852954944696,-0.0135,-0.0962,9.7507,0.0,0.0,1.0,0.0,0.0,0.0,0.0,0.0135,0.0,0.0,0.0
24.9925,0.543943980531356,0.463622131071871,0.5258780143908834,-0.4611201357611513,-0.027,0.0962,8.2613,0.0,0.0,1.0,0.0,0.0,0.0,0.0,0.0135,0.0,0.0,0.0
25.0126,0.5403493214843951,0.46735060257622185,0.5297292168951625,-0.45715750219222495,-0.027,-0.1231,9.572,0.0,0.0,1.0,0.0,0.0,0.0,0.0,0.0135,0.0,0.0,0.0
25.0328,0.5374226947939611,0.4704047352338317,0.5327226274986091,-0.4539855001439626,-0.027,0.0616,13.743,0.0,0.0,1.0,0.0,0.0,0.0,0.0,0.0135,0.0,0.0,0.0
25.0529,0.5332717119419615,0.47388385310075476,0.5370557666653039,-0.45014050973492103,-0.0406,0.0385,10.5713,0.0,0.0,1.0,0.0,0.0,0.0,0.0,0.0,0.0,0.0,0.0
25.0729,0.5297874113471946,0.47662616938181573,0.5401634585741613,-0.44763403742304414,-0.027,-0.1385,9.2134,0.0,0.0,1.0,0.0,0.0,0.0,0.0,0.0,0.0,0.0,0.0
25.093,0.5270367981602778,0.47881899960325963,0.5424777336515656,-0.4457381378075668,-0.0406,0.0423,10.265,0.0,0.0,1.0,0.0,0.0,0.0,0.0,0.0,0.0,0.0,0.0
25.1131,0.5230068783732025,0.482358120989993,0.5460787406661348,-0.4422583603300337,-0.027,-0.0577,9.7747,0.0,0.0,1.0,0.0,0.0,0.0,0.0,-0.027,0.0,0.0,0.0
25.1332,0.5206850450615068,0.48455245830043836,0.547784735129449,-0.44048596227741255,-0.027,0.0693,9.7754,0.0,0.0,1.0,0.0,0.0,0.0,0.0,-0.0406,0.0,0.0,0.0
25.1533,0.5190576316573441,0.48634170943188276,0.5486604661283239,-0.43934338460137723,-0.0541,-0.077,10.1657,0.0,0.0,1.0,0.0,0.0,0.0,0.0,-0.0135,0.0,0.0,0.0
25.1734,0.5183125215039752,0.48736743066480626,0.5489516114448802,-0.4387222878672178,-0.027,0.0731,10.4956,0.0,0.0,1.0,0.0,0.0,0.0,0.0,-0.027,0.0,0.0,0.0
25.1935,0.5176934040531534,0.48839677732233383,0.5493090012379024,-0.43786042120752955,-0.027,0.0346,10.3969,0.0,0.0,1.0,0.0,0.0,0.0,0.0,-0.027,0.0,0.0,0.0
25.2136,0.5176901111266942,0.4883936707448536,0.5491225107076203,-0.43810163141919256,-0.0135,-0.0308,7.4539,0.0,0.0,1.0,0.0,0.0,0.0,0.0,-0.0135,0.0,0.0,0.0
25.2337,0.5181768238016791,0.4882094701468496,0.5486331669098325,-0.4383445456489948,-0.0135,0.0423,9.2698,0.0,0.0,1.0,0.0,0.0,0.0,0.0,-0.027,0.0,0.0,0.0
25.2538,0.5183053849153836,0.48778771552992245,0.5488830536508389,-0.43834925112374246,0.0,-0.0385,8.0945,0.0,0.0,1.0,0.0,0.0,0.0,0.0,-0.027,0.0,0.0,0.0
25.2739,0.5197118712840241,0.48657000703157904,0.5476047570360439,-0.43963419927849395,0.027,0.0346,10.3548,0.0,0.0,1.0,0.0,0.0,0.0,0.0,-0.0135,0.0,0.0,0.0
25.2939,0.5219068665667903,0.4846142333740771,0.5452826366446298,-0.44207365179975455,-0.0135,-0.0077,5.922,0.0,0.0,1.0,0.0,0.0,0.0,0.0,0.027,0.0,0.0,0.0
25.314,0.5278342154359605,0.480471016642228,0.5385152602666483,-0.4478168795856537,0.0135,-0.0038,8.6213,0.0,0.0,1.0,0.0,0.0,0.0,0.0,0.027,0.0,0.0,0.0
25.3341,0.5311216543990034,0.47851028297584275,0.5341126186643169,-0.45128860820808503,0.027,-0.0038,9.4434,0.0,0.0,1.0,0.0,0.0,0.0,0.0,0.027,0.0,0.0,0.0
25.3542,0.534055056411463,0.47649837365064945,0.5303310769371808,-0.45440449542702044,0.0406,-0.0038,10.7987,0.0,0.0,1.0,0.0,0.0,0.0,0.0,0.0406,0.0,0.0,0.0
25.3743,0.536855769358709,0.474356843958619,0.5268459414666308,-0.4573891356995995,0.027,-0.0038,9.723,0.0,0.0,1.0,0.0,0.0,0.0,0.0,0.0406,0.0,0.0,0.0
25.3944,0.5395379010789888,0.47246152956160414,0.5237302848568771,-0.4597668377637987,0.0406,-0.0038,9.7025,0.0,0.0,1.0,0.0,0.0,0.0,0.0,0.0406,0.0,0.0,0.0
25.4145,0.5421278633159288,0.47041002934454046,0.5208873201518889,-0.4620478155056658,0.027,-0.0038,9.551,0.0,0.0,1.0,0.0,0.0,0.0,0.0,0.0406,0.0,0.0,0.0
25.4346,0.5442687163878764,0.4685221116031572,0.5189388453407683,-0.46363894368010367,0.027,-0.0038,9.8557,0.0,0.0,1.0,0.0,0.0,0.0,0.0,0.0406,0.0,0.0,0.0
25.4547,0.5454705393276871,0.4671626054619589,0.5183715622138882,-0.46423260793646254,0.027,-0.0038,9.8271,0.0,0.0,1.0,0.0,0.0,0.0,0.0,0.027,0.0,0.0,0.0
25.4748,0.5457152989006296,0.4666752556086076,0.5190432842917633,-0.46368425397036833,0.027,-0.0038,9.9323,0.0,0.0,1.0,0.0,0.0,0.0,0.0,0.027,0.0,0.0,0.0
25.4948,0.5452745759277715,0.467029502237134,0.5200681964816601,-0.4626966089082968,0.027,-0.0038,10.1229,0.0,0.0,1.0,0.0,0.0,0.0,0.0,0.027,0.0,0.0,0.0
25.5149,0.5452745759277715,0.467029502237134,0.5200681964816601,-0.4626966089082968,0.027,-0.0038,10.1229,0.0,0.0,1.0,0.0,0.0,0.0,0.0,0.027,0.0,0.0,0.0
25.535,0.5439554154626433,0.4681489639479759,0.5216159877153159,-0.46137383422022893,0.027,-0.0038,10.0464,0.0,0.0,1.0,0.0,0.0,0.0,0.0,0.027,0.0,0.0,0.0
25.5551,0.5426672891828846,0.46917984376512567,0.522952169686768,-0.4603297901237039,0.027,0.0,10.0865,0.0,0.0,1.0,0.0,0.0,0.0,0.0,0.027,0.0,0.0,0.0
25.5752,0.5408864015930375,0.47069638762686844,0.524833627103446,-0.45873355568150137,0.027,0.0,9.9707,0.0,0.0,1.0,0.0,0.0,0.0,0.0,0.027,0.0,0.0,0.0
25.5953,0.5387594050782654,0.47259710972286717,0.5271633533122789,-0.45660603833705415,0.027,0.0,9.9654,0.0,0.0,1.0,0.0,0.0,0.0,0.0,0.027,0.0,0.0,0.0
25.6154,0.5364370426932784,0.47485315259372757,0.5296620547836842,-0.45410118962695245,0.0135,0.0,10.0748,0.0,0.0,1.0,0.0,0.0,0.0,0.0,0.027,0.0,0.0,0.0
25.6355,0.534371653505609,0.4769367234160609,0.5317466109962058,-0.4519113181597504,0.0135,0.0038,10.0743,0.0,0.0,1.0,0.0,0.0,0.0,0.0,0.027,0.0,0.0,0.0
25.6556,0.5323641145135609,0.47859058781280034,0.5337671543476972,-0.4501467802558984,0.0135,0.0038,9.9719,0.0,0.0,1.0,0.0,0.0,0.0,0.0,0.027,0.0,0.0,0.0
25.6757,0.5306283246977629,0.47954244872943275,0.5356332145762347,-0.44896512151586393,0.0135,0.0038,9.8671,0.0,0.0,1.0,0.0,0.0,0.0,0.0,0.027,0.0,0.0,0.0
25.6958,0.5290008303618714,0.48041601935848904,0.5373629699471315,-0.4478834763080604,0.0135,0.0038,9.8028,0.0,0.0,1.0,0.0,0.0,0.0,0.0,0.027,0.0,0.0,0.0
25.716,0.5273861219156143,0.4816717582871043,0.5388597112119989,-0.44663901230405234,0.0135,0.0038,9.7244,0.0,0.0,1.0,0.0,0.0,0.0,0.0,0.027,0.0,0.0,0.0
25.7361,0.5257549542875096,0.4833961191057344,0.5401588982417649,-0.44512726800983127,0.0135,0.0038,9.7126,0.0,0.0,1.0,0.0,0.0,0.0,0.0,0.027,0.0,0.0,0.0
25.7561,0.5243119416304678,0.4850034465749093,0.5411585823739978,-0.443864881914658,0.0,0.0038,9.6802,0.0,0.0,1.0,0.0,0.0,0.0,0.0,0.027,0.0,0.0,0.0
25.7762,0.5232024860730227,0.48615381435143346,0.5417578224958818,-0.4431840352755062,0.0,0.0038,9.6076,0.0,0.0,1.0,0.0,0.0,0.0,0.0,0.027,0.0,0.0,0.0
25.7963,0.5225618534318875,0.486796300760449,0.5419700680375282,-0.44297507407885856,0.0,0.0038,9.5365,0.0,0.0,1.0,0.0,0.0,0.0,0.0,0.027,0.0,0.0,0.0
25.8164,0.5223566706871667,0.48707747723520967,0.5418883314193562,-0.44300798641824585,0.0,0.0038,9.5058,0.0,0.0,1.0,0.0,0.0,0.0,0.0,0.027,0.0,0.0,0.0
25.8366,0.5223411497636736,0.48712400482288365,0.5418722301464027,-0.4429948232034351,0.0,0.0038,9.4637,0.0,0.0,1.0,0.0,0.0,0.0,0.0,0.027,0.0,0.0,0.0
25.8567,0.5223329771252052,0.4869943846045861,0.5418027526246946,-0.4432318892176241,0.0,0.0038,9.4917,0.0,0.0,1.0,0.0,0.0,0.0,0.0,0.027,0.0,0.0,0.0
25.8768,0.5224521439213716,0.48668575019698707,0.5416168190612446,-0.4436574795685714,0.0,0.0038,9.4445,0.0,0.0,1.0,0.0,0.0,0.0,0.0,0.027,0.0,0.0,0.0
25.897,0.5228764249026372,0.48613423827720764,0.5410040236056769,-0.44450915974605537,0.0,0.0038,9.403,0.0,0.0,1.0,0.0,0.0,0.0,0.0,0.027,0.0,0.0,0.0
25.9171,0.5236879111004331,0.4854184791361827,0.5400450957313156,-0.4455010285700073,0.0,0.0038,9.4511,0.0,0.0,1.0,0.0,0.0,0.0,0.0,0.027,0.0,0.0,0.0
25.9372,0.5248222396159972,0.48472367298610064,0.5386767443705411,-0.4465780365464333,0.0,0.0038,9.4483,0.0,0.0,1.0,0.0,0.0,0.0,0.0,0.027,0.0,0.0,0.0
25.9573,0.5258897583951254,0.48401890182164753,0.5374869956457252,-0.44751915512770535,0.0,0.0038,9.4396,0.0,0.0,1.0,0.0,0.0,0.0,0.0,0.027,0.0,0.0,0.0
25.9774,0.526842929700757,0.48338692530484956,0.5364257101532959,-0.44835372793719386,0.0,0.0,9.4849,0.0,0.0,1.0,0.0,0.0,0.0,0.0,0.027,0.0,0.0,0.0
25.9974,0.5276999361508006,0.4828397916857324,0.5355117871697506,-0.4490274365265219,0.0,0.0,9.5505,0.0,0.0,1.0,0.0,0.0,0.0,0.0,0.027,0.0,0.0,0.0
26.0175,0.5285690214092054,0.48248758363524097,0.5345510782387848,-0.4495282705215481,0.0,0.0,9.6675,0.0,0.0,1.0,0.0,0.0,0.0,0.0,0.027,0.0,0.0,0.0
26.0377,0.5294836321928705,0.4821813077047175,0.5335116598246468,-0.4500150870483835,0.0,0.0,9.7043,0.0,0.0,1.0,0.0,0.0,0.0,0.0,0.027,0.0,0.0,0.0
26.0577,0.530210166266274,0.48187133344629735,0.5327131576096696,-0.450437442160521,0.0,0.0,9.783,0.0,0.0,1.0,0.0,0.0,0.0,0.0,0.027,0.0,0.0,0.0
26.0778,0.5307600912115435,0.4817482674742372,0.5322250859429392,-0.45049837985914665,0.0,0.0,9.8182,0.0,0.0,1.0,0.0,0.0,0.0,0.0,0.027,0.0,0.0,0.0
26.0979,0.5310238473978333,0.48170518982688487,0.5322448884363014,-0.45021013129657195,0.0,0.0,9.8174,0.0,0.0,1.0,0.0,0.0,0.0,0.0,0.027,0.0,0.0,0.0
26.118,0.5311218777570189,0.4816834476339048,0.5326478601670165,-0.4496408169893745,0.0,0.0,9.8591,0.0,0.0,1.0,0.0,0.0,0.0,0.0,0.027,0.0,0.0,0.0
26.1381,0.5311120632629863,0.481674546702649,0.5331870010016683,-0.4490225264707534,0.0,0.0,9.8201,0.0,0.0,1.0,0.0,0.0,0.0,0.0,0.027,0.0,0.0,0.0
26.1582,0.5308343705231292,0.4818223206803207,0.5338244345705878,-0.44843460551225955,0.0,0.0,9.8201,0.0,0.0,1.0,0.0,0.0,0.0,0.0,0.027,0.0,0.0,0.0
26.1783,0.53039416689781,0.48217633354409195,0.5343611531874571,-0.4479354518844492,0.0,0.0,9.8205,0.0,0.0,1.0,0.0,0.0,0.0,0.0,0.027,0.0,0.0,0.0
26.1984,0.5298525802689279,0.4826109935730116,0.5348576424270758,-0.4475155577208243,0.0,0.0,9.8194,0.0,0.0,1.0,0.0,0.0,0.0,0.0,0.027,0.0,0.0,0.0
26.2185,0.529355125874676,0.483029377399598,0.535336093401107,-0.4470805725830681,0.0,0.0,9.8268,0.0,0.0,1.0,0.0,0.0,0.0,0.0,0.027,0.0,0.0,0.0
26.2386,0.5288185055933109,0.48334568821248153,0.5360816361491908,-0.44648002554657107,0.0,0.0,9.7925,0.0,0.0,1.0,0.0,0.0,0.0,0.0,0.027,0.0,0.0,0.0
26.2587,0.5283791243422427,0.4835192835871945,0.5369240940090256,-0.44579941748642765,0.0,0.0,9.7487,0.0,0.0,1.0,0.0,0.0,0.0,0.0,0.027,0.0,0.0,0.0
26.2788,0.5278262584469761,0.4836987384543493,0.5377141508891238,-0.44530715606772575,0.0,0.0,9.7097,0.0,0.0,1.0,0.0,0.0,0.0,0.0,0.027,0.0,0.0,0.0
26.2989,0.52740103707102,0.48376136498262623,0.5383259549804082,-0.4450036562108121,0.0,0.0,9.7096,0.0,0.0,1.0,0.0,0.0,0.0,0.0,0.027,0.0,0.0,0.0
26.3189,0.5269206476508435,0.4839513501924028,0.5388217300370499,-0.4447660789291901,0.0,0.0,9.676,0.0,0.0,1.0,0.0,0.0,0.0,0.0,0.027,0.0,0.0,0.0
26.3391,0.5266653671228076,0.4841249028817403,0.5388722133885445,-0.4448183979118613,0.0,0.0,9.6735,0.0,0.0,1.0,0.0,0.0,0.0,0.0,0.027,0.0,0.0,0.0
26.3591,0.5264980118692901,0.48420028787498937,0.538705220815514,-0.4451366192368032,0.0,0.0,9.5911,0.0,0.0,1.0,0.0,0.0,0.0,0.0,0.027,0.0,0.0,0.0
26.3792,0.5265395506912012,0.4841823912796013,0.5384413144977281,-0.445426160406676,0.0,0.0,9.5958,0.0,0.0,1.0,0.0,0.0,0.0,0.0,0.027,0.0,0.0,0.0
26.3993,0.526724415905457,0.4840011121725511,0.5383212269107588,-0.44554973881945437,0.0,0.0,9.5191,0.0,0.0,1.0,0.0,0.0,0.0,0.0,0.027,0.0,0.0,0.0
26.4194,0.5270452512472751,0.4837707379712659,0.5381533830000578,-0.4456232855069704,0.0,0.0,9.5127,0.0,0.0,1.0,0.0,0.0,0.0,0.0,0.027,0.0,0.0,0.0
26.4395,0.5275146822486957,0.48350970978844965,0.5378904399691773,-0.4456685933988524,0.0,0.0,9.5098,0.0,0.0,1.0,0.0,0.0,0.0,0.0,0.027,0.0,0.0,0.0
26.4596,0.5281378839836703,0.48315480869215033,0.5375378997171761,-0.4457407460694502,0.0,0.0,9.5493,0.0,0.0,1.0,0.0,0.0,0.0,0.0,0.027,0.0,0.0,0.0
26.4797,0.5288119117008696,0.48291265897416064,0.5369899567301518,-0.44586445498237187,0.0,0.0,9.5102,0.0,0.0,1.0,0.0,0.0,0.0,0.0,0.027,0.0,0.0,0.0
26.4998,0.5294689122351932,0.48271689128306655,0.5364267665287124,-0.4459746607129645,0.0,0.0,9.5108,0.0,0.0,1.0,0.0,0.0,0.0,0.0,0.027,0.0,0.0,0.0
26.5199,0.5300879363767164,0.48266412099681966,0.5357039145138095,-0.44616526308625026,0.0,0.0,9.5946,0.0,0.0,1.0,0.0,0.0,0.0,0.0,0.027,0.0,0.0,0.0
26.54,0.530643468782323,0.482608154778556,0.5350984979045628,-0.44629191738164137,0.0,0.0,9.6054,0.0,0.0,1.0,0.0,0.0,0.0,0.0,0.027,0.0,0.0,0.0
26.5601,0.531242597239641,0.4824762767886564,0.5344775521611851,-0.4464657785878155,0.0,0.0,9.678,0.0,0.0,1.0,0.0,0.0,0.0,0.0,0.027,0.0,0.0,0.0
26.5801,0.5319262953465108,0.4821828001481231,0.5340023160133756,-0.44653744529725936,0.0,0.0,9.7401,0.0,0.0,1.0,0.0,0.0,0.0,0.0,0.027,0.0,0.0,0.0
26.6002,0.5324672220293393,0.4819305805977932,0.5337482129404304,-0.4464688322066049,0.0,0.0,9.7478,0.0,0.0,1.0,0.0,0.0,0.0,0.0,0.027,0.0,0.0,0.0
26.6203,0.5328445560829776,0.48181883250497176,0.5335155655983298,-0.4464173304886075,0.0,0.0,9.7823,0.0,0.0,1.0,0.0,0.0,0.0,0.0,0.027,0.0,0.0,0.0
26.6404,0.5332075305378022,0.4816930928318546,0.5332685310561093,-0.4464147930805169,0.0,0.0,9.7815,0.0,0.0,1.0,0.0,0.0,0.0,0.0,0.027,0.0,0.0,0.0
26.6605,0.5334509804545621,0.48157059333834873,0.5330849777235575,-0.4464753314678108,0.0,0.0,9.783,0.0,0.0,1.0,0.0,0.0,0.0,0.0,0.027,0.0,0.0,0.0
26.6806,0.5336350686423067,0.48151057354661936,0.5329030616894626,-0.44653724135834777,0.0,0.0,9.7816,0.0,0.0,1.0,0.0,0.0,0.0,0.0,0.027,0.0,0.0,0.0
26.7007,0.5337419362428222,0.48137492362804196,0.5328269534949128,-0.4466465784344372,0.0,0.0,9.7813,0.0,0.0,1.0,0.0,0.0,0.0,0.0,0.027,0.0,0.0,0.0
26.7208,0.5338640347853065,0.481252115399384,0.5327650573575772,-0.44670682493683544,0.0,0.0,9.7759,0.0,0.0,1.0,0.0,0.0,0.0,0.0,0.027,0.0,0.0,0.0
26.741,0.5339373055952407,0.48108017634782596,0.5328383029079353,-0.4467170923224573,0.0,0.0,9.7816,0.0,0.0,1.0,0.0,0.0,0.0,0.0,0.027,0.0,0.0,0.0
26.7611,0.5340513524676033,0.4808900141862129,0.5329523661470879,-0.44664944039115106,0.0,0.0,9.6997,0.0,0.0,1.0,0.0,0.0,0.0,0.0,0.027,0.0,0.0,0.0
26.7812,0.5340653178491698,0.4807805877331988,0.5330273036261315,-0.4466611202227491,0.0,0.0,9.6997,0.0,0.0,1.0,0.0,0.0,0.0,0.0,0.027,0.0,0.0,0.0
26.8013,0.5341256882780164,0.48065801876024844,0.5330266745162565,-0.44672159381112153,0.0,0.0,9.7387,0.0,0.0,1.0,0.0,0.0,0.0,0.0,0.027,0.0,0.0,0.0
26.8214,0.5343006298543119,0.4804677679018072,0.5330796329854026,-0.44665385461326684,0.0,0.0,9.7043,0.0,0.0,1.0,0.0,0.0,0.0,0.0,0.027,0.0,0.0,0.0
26.8415,0.5344889834057007,0.48035057992643027,0.5331459733966006,-0.4464753274630907,0.0,0.0,9.6955,0.0,0.0,1.0,0.0,0.0,0.0,0.0,0.027,0.0,0.0,0.0
26.8616,0.5347219598847225,0.48015767827457984,0.5331959799756769,-0.4463441234616897,0.0,0.0,9.6993,0.0,0.0,1.0,0.0,0.0,0.0,0.0,0.027,0.0,0.0,0.0
26.8817,0.5349899243323647,0.47999518458136836,0.5331588664071001,-0.4462421168077313,0.0,0.0,9.7432,0.0,0.0,1.0,0.0,0.0,0.0,0.0,0.027,0.0,0.0,0.0
26.9018,0.5351496584777303,0.47997431230546045,0.5331356823433432,-0.446100713707529,0.0,0.0,9.674,0.0,0.0,1.0,0.0,0.0,0.0,0.0,0.027,0.0,0.0,0.0
26.9219,0.5353395873816094,0.47991952657399234,0.5331425849710295,-0.4459234892730949,0.0,0.0,9.678,0.0,0.0,1.0,0.0,0.0,0.0,0.0,0.027,0.0,0.0,0.0
26.942,0.5355858061159904,0.47979951383265296,0.5332057936462965,-0.4456813350759237,0.0,0.0,9.6759,0.0,0.0,1.0,0.0,0.0,0.0,0.0,0.027,0.0,0.0,0.0
26.9621,0.5358818839755191,0.4796686304364469,0.5331349204526986,-0.445551083486469,0.0,0.0,9.6368,0.0,0.0,1.0,0.0,0.0,0.0,0.0,0.027,0.0,0.0,0.0
26.9822,0.5361202499889073,0.47948059699306156,0.5330683225698414,-0.4455464040159952,0.0,0.0,9.6382,0.0,0.0,1.0,0.0,0.0,0.0,0.0,0.027,0.0,0.0,0.0
27.0023,0.536256612851568,0.4794934421300016,0.5329606029384507,-0.44549733988293283,0.0,0.0,9.677,0.0,0.0,1.0,0.0,0.0,0.0,0.0,0.027,0.0,0.0,0.0
27.0223,0.5363029281580848,0.47948031315190365,0.5328850114663501,-0.44554614026307576,0.0,0.0,9.6766,0.0,0.0,1.0,0.0,0.0,0.0,0.0,0.027,0.0,0.0,0.0
27.0424,0.5363834580297366,0.4793757716600728,0.5327824146733567,-0.4456843660172509,0.0,0.0,9.6319,0.0,0.0,1.0,0.0,0.0,0.0,0.0,0.027,0.0,0.0,0.0
27.0625,0.5365063164407123,0.4793155365189522,0.5326612640049864,-0.4457460787257444,0.0,0.0,9.6319,0.0,0.0,1.0,0.0,0.0,0.0,0.0,0.027,0.0,0.0,0.0
27.0825,0.5367473920742734,0.47912992060442017,0.5325363576163956,-0.44580464791176244,0.0,0.0,9.6339,0.0,0.0,1.0,0.0,0.0,0.0,0.0,0.027,0.0,0.0,0.0
27.1026,0.5367473920742734,0.47912992060442017,0.5325363576163956,-0.44580464791176244,0.0,0.0,9.6339,0.0,0.0,1.0,0.0,0.0,0.0,0.0,0.027,0.0,0.0,0.0
27.1227,0.5370429069857969,0.47881645917282295,0.532526949812606,-0.44579677231304327,0.0,0.0,9.674,0.0,0.0,1.0,0.0,0.0,0.0,0.0,0.027,0.0,0.0,0.0
27.1427,0.537340093171123,0.47844261748901024,0.5325182179654465,-0.44585046100236203,0.0,0.0,9.7052,0.0,0.0,1.0,0.0,0.0,0.0,0.0,0.027,0.0,0.0,0.0
27.1628,0.5377121432686208,0.478081014563357,0.5324632199627796,-0.44585548542370346,0.0,0.0,9.6987,0.0,0.0,1.0,0.0,0.0,0.0,0.0,0.027,0.0,0.0,0.0
27.1829,0.5379539565770363,0.47783507897665517,0.5323390614052775,-0.44597567378124364,0.0,0.0,9.6982,0.0,0.0,1.0,0.0,0.0,0.0,0.0,0.027,0.0,0.0,0.0
27.2029,0.5381366766747064,0.4776518369834207,0.5322167902386318,-0.4460974423059992,0.0,0.0,9.6998,0.0,0.0,1.0,0.0,0.0,0.0,0.0,0.027,0.0,0.0,0.0
27.223,0.5382624175769324,0.4775941594904088,0.5320364937138937,-0.4462225431346026,0.0,0.0,9.7022,0.0,0.0,1.0,0.0,0.0,0.0,0.0,0.027,0.0,0.0,0.0
27.2431,0.5384422359667925,0.4774083427465365,0.5319723532907039,-0.4462809072069262,0.0,0.0,9.696,0.0,0.0,1.0,0.0,0.0,0.0,0.0,0.027,0.0,0.0,0.0
27.2631,0.5386338607127569,0.47723299058433216,0.5319808747847686,-0.4462270561662946,0.0,0.0,9.6637,0.0,0.0,1.0,0.0,0.0,0.0,0.0,0.027,0.0,0.0,0.0
27.2832,0.5388097730084435,0.47710471517210706,0.5319738773845301,-0.4461601876586494,0.0,0.0,9.6269,0.0,0.0,1.0,0.0,0.0,0.0,0.0,0.027,0.0,0.0,0.0
27.3033,0.5390021246646806,0.4770519954015122,0.5319221098917472,-0.44604593070524445,0.0,0.0,9.627,0.0,0.0,1.0,0.0,0.0,0.0,0.0,0.027,0.0,0.0,0.0
27.3234,0.5391961822030855,0.47693889107066295,0.5318710302892943,-0.445993249299704,0.0,0.0,9.666,0.0,0.0,1.0,0.0,0.0,0.0,0.0,0.027,0.0,0.0,0.0
27.3434,0.5394317416930691,0.476870423721547,0.531801702912955,-0.4458642661309553,0.0,0.0,9.6257,0.0,0.0,1.0,0.0,0.0,0.0,0.0,0.027,0.0,0.0,0.0
27.3635,0.5396250344480229,0.4767575159057936,0.5317508442497997,-0.44581176842242776,0.0,0.0,9.6999,0.0,0.0,1.0,0.0,0.0,0.0,0.0,0.027,0.0,0.0,0.0
27.3836,0.539901916444455,0.47661068464860695,0.5317231449395772,-0.44566654915301473,0.0,0.0,9.7025,0.0,0.0,1.0,0.0,0.0,0.0,0.0,0.027,0.0,0.0,0.0
27.4036,0.5401818394770225,0.4763973787597113,0.531758514516659,-0.44551318728981837,0.0,0.0,9.6971,0.0,0.0,1.0,0.0,0.0,0.0,0.0,0.027,0.0,0.0,0.0
27.4237,0.5404548951557712,0.4761252169516548,0.5318490719814909,-0.4453648489916228,0.0,0.0,9.6676,0.0,0.0,1.0,0.0,0.0,0.0,0.0,0.027,0.0,0.0,0.0
27.4438,0.5406453560036507,0.4758267928863588,0.5319174148307272,-0.4453709981610433,0.0,0.0,9.6627,0.0,0.0,1.0,0.0,0.0,0.0,0.0,0.027,0.0,0.0,0.0
27.4638,0.5407640694725798,0.4756409041025205,0.5319141828942829,-0.44542929129986375,0.0,0.0,9.6696,0.0,0.0,1.0,0.0,0.0,0.0,0.0,0.027,0.0,0.0,0.0
27.4839,0.5408236257822578,0.47557775670360497,0.531911780253284,-0.4454272793086221,0.0,0.0,9.6977,0.0,0.0,1.0,0.0,0.0,0.0,0.0,0.027,0.0,0.0,0.0
27.504,0.5408246184269359,0.4755176305393136,0.5319127565408809,-0.44548909591449903,0.0,0.0,9.6648,0.0,0.0,1.0,0.0,0.0,0.0,0.0,0.027,0.0,0.0,0.0
27.524,0.5408322779085367,0.47540236526719337,0.5317982899702531,-0.4457394048716538,0.0,0.0,9.696,0.0,0.0,1.0,0.0,0.0,0.0,0.0,0.027,0.0,0.0,0.0
27.5441,0.5408940289792098,0.4751590254573582,0.5317990284919315,-0.4459230238909956,0.0,0.0,9.667,0.0,0.0,1.0,0.0,0.0,0.0,0.0,0.027,0.0,0.0,0.0
27.5642,0.5408912419190217,0.47497357804251705,0.5319182876733852,-0.4459817258760736,0.0,0.0,9.6948,0.0,0.0,1.0,0.0,0.0,0.0,0.0,0.027,0.0,0.0,0.0
27.5842,0.5409474997445886,0.4747244179298615,0.5320356233080574,-0.446038815656709,0.0,0.0,9.7338,0.0,0.0,1.0,0.0,0.0,0.0,0.0,0.027,0.0,0.0,0.0
27.6043,0.5409631459117011,0.47449414501059284,0.5321120126298857,-0.4461737185569704,0.0,0.0,9.6948,0.0,0.0,1.0,0.0,0.0,0.0,0.0,0.027,0.0,0.0,0.0
27.6244,0.5410168590521376,0.4741827529297853,0.5322888451933847,-0.4462287085430325,0.0,0.0,9.696,0.0,0.0,1.0,0.0,0.0,0.0,0.0,0.027,0.0,0.0,0.0
27.6444,0.5410708849818111,0.474054642378954,0.5324039829324959,-0.44616195761357386,0.0,0.0,9.6989,0.0,0.0,1.0,0.0,0.0,0.0,0.0,0.027,0.0,0.0,0.0
27.6645,0.5411481605111514,0.4739468987510286,0.5323589954871973,-0.44623637846273984,0.0,0.0,9.6939,0.0,0.0,1.0,0.0,0.0,0.0,0.0,0.027,0.0,0.0,0.0
27.6846,0.5411794034668699,0.4739208389525504,0.5322687261295258,-0.4463338378996217,0.0,0.0,9.6939,0.0,0.0,1.0,0.0,0.0,0.0,0.0,0.027,0.0,0.0,0.0
27.7046,0.5411822382505231,0.47392332142516236,0.5322105161268982,-0.44639717397787926,0.0,0.0,9.7391,0.0,0.0,1.0,0.0,0.0,0.0,0.0,0.027,0.0,0.0,0.0
27.7247,0.541196973904657,0.47393622571073735,0.532225007493277,-0.4463483289923738,0.0,0.0,9.7367,0.0,0.0,1.0,0.0,0.0,0.0,0.0,0.027,0.0,0.0,0.0
27.7448,0.5413411562035964,0.4738336426404355,0.532307819857903,-0.44618361312398735,0.0,0.0,9.6968,0.0,0.0,1.0,0.0,0.0,0.0,0.0,0.027,0.0,0.0,0.0
27.7648,0.5414932564068371,0.4736846017764971,0.5324604356241228,-0.44597515155076767,0.0,0.0,9.7329,0.0,0.0,1.0,0.0,0.0,0.0,0.0,0.027,0.0,0.0,0.0
27.7849,0.5415159577474226,0.47358245764087126,0.532665762317537,-0.4458108443885156,0.0,0.0,9.6948,0.0,0.0,1.0,0.0,0.0,0.0,0.0,0.027,0.0,0.0,0.0
27.805,0.5415229753976962,0.473527592785166,0.5328556716884498,-0.4456336153579117,0.0,0.0,9.6948,0.0,0.0,1.0,0.0,0.0,0.0,0.0,0.027,0.0,0.0,0.0
27.825,0.5414995988301717,0.4735071514553418,0.533015667785387,-0.4454923791522245,0.0,0.0,9.6627,0.0,0.0,1.0,0.0,0.0,0.0,0.0,0.027,0.0,0.0,0.0
27.8451,0.5414340114083301,0.47344214017223213,0.5331941482020379,-0.4454276052542366,0.0,0.0,9.6955,0.0,0.0,1.0,0.0,0.0,0.0,0.0,0.027,0.0,0.0,0.0
27.8652,0.5414467465152817,0.47339227561557307,0.5332676899206847,-0.4453770817657576,0.0,0.0,9.6636,0.0,0.0,1.0,0.0,0.0,0.0,0.0,0.027,0.0,0.0,0.0
27.8853,0.541444082743329,0.4733899466532612,0.5333260665094682,-0.4453128905066596,0.0,0.0,9.696,0.0,0.0,1.0,0.0,0.0,0.0,0.0,0.027,0.0,0.0,0.0
27.9053,0.5413980545197394,0.47340303820785495,0.533401817400774,-0.44526420378396125,0.0,0.0,9.6973,0.0,0.0,1.0,0.0,0.0,0.0,0.0,0.027,0.0,0.0,0.0
27.9254,0.5414382609526863,0.4733848566037998,0.5334423309386725,-0.44518610341906056,0.0,0.0,9.6971,0.0,0.0,1.0,0.0,0.0,0.0,0.0,0.027,0.0,0.0,0.0
27.9454,0.5415234968991486,0.47334504221627205,0.5335272090024654,-0.44502302251617604,0.0,0.0,9.696,0.0,0.0,1.0,0.0,0.0,0.0,0.0,0.027,0.0,0.0,0.0
27.9655,0.541692933660786,0.473211183517208,0.5336358454040899,-0.4448288726196593,0.0,0.0,9.6949,0.0,0.0,1.0,0.0,0.0,0.0,0.0,0.027,0.0,0.0,0.0
27.9856,0.5417428468638891,0.47314049941931446,0.5338079223420359,-0.4446367705508954,0.0,0.0,9.6626,0.0,0.0,1.0,0.0,0.0,0.0,0.0,0.027,0.0,0.0,0.0
28.0057,0.5418120848443321,0.4731476938989045,0.5338780396713009,-0.444460530566569,0.0,0.0,9.6648,0.0,0.0,1.0,0.0,0.0,0.0,0.0,0.027,0.0,0.0,0.0
28.0257,0.5419237228020336,0.4731996456601653,0.5339288301610844,-0.44420803497268574,0.0,0.0,9.628,0.0,0.0,1.0,0.0,0.0,0.0,0.0,0.027,0.0,0.0,0.0
28.0458,0.5420539338778825,0.47320681526459074,0.533936919893481,-0.4440317650003413,0.0,0.0,9.6269,0.0,0.0,1.0,0.0,0.0,0.0,0.0,0.027,0.0,0.0,0.0
28.0659,0.5420539338778825,0.47320681526459074,0.533936919893481,-0.4440317650003413,0.0,0.0,9.6269,0.0,0.0,1.0,0.0,0.0,0.0,0.0,0.027,0.0,0.0,0.0
28.0859,0.5426821536378899,0.4728548177951479,0.5339538616617288,-0.44361883980212885,0.0,0.0,9.7022,0.0,0.0,1.0,0.0,0.0,0.0,0.0,0.027,0.0,0.0,0.0
28.106,0.5426821536378899,0.4728548177951479,0.5339538616617288,-0.44361883980212885,0.0,0.0,9.7022,0.0,0.0,1.0,0.0,0.0,0.0,0.0,0.027,0.0,0.0,0.0
28.126,0.5435084997976725,0.4722207458648197,0.5340486651499039,-0.4431682536849439,0.0,0.0,9.734,0.0,0.0,1.0,0.0,0.0,0.0,0.0,0.027,0.0,0.0,0.0
28.1461,0.543934646920978,0.471915017719688,0.5339868362644415,-0.44304556721162436,0.0,0.0,9.7361,0.0,0.0,1.0,0.0,0.0,0.0,0.0,0.027,0.0,0.0,0.0
28.1662,0.5442621375690664,0.47169051915218596,0.5338869061914293,-0.4430028793902315,0.0,0.0,9.7329,0.0,0.0,1.0,0.0,0.0,0.0,0.0,0.027,0.0,0.0,0.0
28.1862,0.5444411127389465,0.471747163043791,0.5337589731843312,-0.4428767858726861,0.0,0.0,9.6973,0.0,0.0,1.0,0.0,0.0,0.0,0.0,0.027,0.0,0.0,0.0
28.2063,0.5445593796009974,0.4717439276995462,0.5336943121710823,-0.44281274814916666,0.0,0.0,9.7389,0.0,0.0,1.0,0.0,0.0,0.0,0.0,0.027,0.0,0.0,0.0
28.2264,0.5447245102693506,0.4716674535949275,0.5335548073846507,-0.44285921989704724,0.0,0.0,9.6977,0.0,0.0,1.0,0.0,0.0,0.0,0.0,0.027,0.0,0.0,0.0
28.2465,0.5449326564647364,0.4715062205694644,0.5335184332531785,-0.4428186595680663,0.0,0.0,9.6977,0.0,0.0,1.0,0.0,0.0,0.0,0.0,0.027,0.0,0.0,0.0
28.2665,0.5451797711971508,0.4712029025474015,0.5335824782504642,-0.4427601840866219,0.0,0.0,9.6687,0.0,0.0,1.0,0.0,0.0,0.0,0.0,0.027,0.0,0.0,0.0
28.2866,0.545349323808074,0.47100827966713654,0.5336913168859847,-0.4426272628155481,0.0,0.0,9.6713,0.0,0.0,1.0,0.0,0.0,0.0,0.0,0.027,0.0,0.0,0.0
28.3067,0.5454780614321283,0.47089209588691083,0.5337589097230127,-0.44251072847873485,0.0,0.0,9.6971,0.0,0.0,1.0,0.0,0.0,0.0,0.0,0.027,0.0,0.0,0.0
28.3267,0.5456107576311151,0.47071832015667125,0.533769372237406,-0.442519402385215,0.0,0.0,9.696,0.0,0.0,1.0,0.0,0.0,0.0,0.0,0.027,0.0,0.0,0.0
28.3468,0.5455969631090656,0.4706454186757835,0.5337558770977451,-0.4426302151788537,0.0,0.0,9.6982,0.0,0.0,1.0,0.0,0.0,0.0,0.0,0.027,0.0,0.0,0.0
28.3669,0.5455246546437151,0.47063566300570314,0.5337448132564032,-0.4427430385730813,0.0,0.0,9.666,0.0,0.0,1.0,0.0,0.0,0.0,0.0,0.027,0.0,0.0,0.0
28.3869,0.5455246546437151,0.47063566300570314,0.5337448132564032,-0.4427430385730813,0.0,0.0,9.666,0.0,0.0,1.0,0.0,0.0,0.0,0.0,0.027,0.0,0.0,0.0
28.407,0.545475210966242,0.4707066337668599,0.5335731190843266,-0.44293541937829767,0.0,0.0,9.6667,0.0,0.0,1.0,0.0,0.0,0.0,0.0,0.027,0.0,0.0,0.0
28.4271,0.5454761330050193,0.47064642884726815,0.5335740210045175,-0.44299716866394834,0.0,0.0,9.6656,0.0,0.0,1.0,0.0,0.0,0.0,0.0,0.027,0.0,0.0,0.0
28.4471,0.5454155263927324,0.47064676880242073,0.5336354070313231,-0.44299748864761496,0.0,0.0,9.6671,0.0,0.0,1.0,0.0,0.0,0.0,0.0,0.027,0.0,0.0,0.0
28.4672,0.5453666308674371,0.47065721562652957,0.5337692559420779,-0.44288531780363155,0.0,0.0,9.6713,0.0,0.0,1.0,0.0,0.0,0.0,0.0,0.027,0.0,0.0,0.0
28.4873,0.5454157642294204,0.47058597339037567,0.5339416429651086,-0.4426926785999407,0.0,0.0,9.6687,0.0,0.0,1.0,0.0,0.0,0.0,0.0,0.027,0.0,0.0,0.0
28.5073,0.5454796071453527,0.4703444215841423,0.5341884289813841,-0.4425729833774667,0.0,0.0,9.671,0.0,0.0,1.0,0.0,0.0,0.0,0.0,0.027,0.0,0.0,0.0
28.5274,0.5455892787959172,0.47008979374187176,0.5343593553898652,-0.44250198190516987,0.0,0.0,9.667,0.0,0.0,1.0,0.0,0.0,0.0,0.0,0.027,0.0,0.0,0.0
28.5475,0.5457595092147011,0.46983480337174593,0.5344688503756478,-0.4424306314220288,0.0,0.0,9.6334,0.0,0.0,1.0,0.0,0.0,0.0,0.0,0.027,0.0,0.0,0.0
28.5675,0.5458890139860987,0.46965826883922457,0.534537200851099,-0.44237571794403413,0.0,0.0,9.666,0.0,0.0,1.0,0.0,0.0,0.0,0.0,0.027,0.0,0.0,0.0
28.5876,0.5459477286700805,0.4695943050199455,0.5345349642915986,-0.4423738669978079,0.0,0.0,9.666,0.0,0.0,1.0,0.0,0.0,0.0,0.0,0.027,0.0,0.0,0.0
28.6077,0.5460606748145436,0.46940266852252566,0.5343421324561587,-0.44267071247962897,0.0,0.0,9.7001,0.0,0.0,1.0,0.0,0.0,0.0,0.0,0.027,0.0,0.0,0.0
28.6277,0.5460854525365271,0.46936296747108375,0.5341833772875907,-0.4428737999976273,0.0,0.0,9.6949,0.0,0.0,1.0,0.0,0.0,0.0,0.0,0.027,0.0,0.0,0.0
28.6478,0.5461321779356023,0.46928970063335085,0.534108416196465,-0.4429842218983422,0.0,0.0,9.6971,0.0,0.0,1.0,0.0,0.0,0.0,0.0,0.027,0.0,0.0,0.0
28.6679,0.546193648488593,0.46922910712753907,0.5340478786763208,-0.4430456033596697,0.0,0.0,9.6659,0.0,0.0,1.0,0.0,0.0,0.0,0.0,0.027,0.0,0.0,0.0
28.6879,0.5463165655210741,0.4691078988570635,0.5339267794834224,-0.4431683468137477,0.0,0.0,9.666,0.0,0.0,1.0,0.0,0.0,0.0,0.0,0.027,0.0,0.0,0.0
28.708,0.5464731685377072,0.4689545983183991,0.5337765837798623,-0.44331841761051094,0.0,0.0,9.6648,0.0,0.0,1.0,0.0,0.0,0.0,0.0,0.027,0.0,0.0,0.0
28.7281,0.5466240092311647,0.46880500445761686,0.5336231754986939,-0.4434753283985837,0.0,0.0,9.6973,0.0,0.0,1.0,0.0,0.0,0.0,0.0,0.027,0.0,0.0,0.0
28.7481,0.5468079613557949,0.4686228247891301,0.5334411089719078,-0.4436601004636288,0.0,0.0,9.6977,0.0,0.0,1.0,0.0,0.0,0.0,0.0,0.027,0.0,0.0,0.0
28.7682,0.5468634888571673,0.4685571371581006,0.5331917766383694,-0.44396065489904735,0.0,0.0,9.7032,0.0,0.0,1.0,0.0,0.0,0.0,0.0,0.027,0.0,0.0,0.0
28.7883,0.5468745485281764,0.46862761312486784,0.5329585600165091,-0.44415263333016697,0.0,0.0,9.7485,0.0,0.0,1.0,0.0,0.0,0.0,0.0,0.027,0.0,0.0,0.0
28.8083,0.5469816038627306,0.46855381140508645,0.5328220024194025,-0.44426249514369304,0.0,0.0,9.7117,0.0,0.0,1.0,0.0,0.0,0.0,0.0,0.027,0.0,0.0,0.0
28.8284,0.5471745103195168,0.46837930085437435,0.5327706548302038,-0.4442705427321965,0.0,0.0,9.782,0.0,0.0,1.0,0.0,0.0,0.0,0.0,0.027,0.0,0.0,0.0
28.8485,0.5473082227782644,0.4683283247935967,0.5327210569252866,-0.4442190506762701,0.0,0.0,9.7402,0.0,0.0,1.0,0.0,0.0,0.0,0.0,0.027,0.0,0.0,0.0
28.8685,0.5474292417832575,0.4683274843625059,0.5325980997710558,-0.4442182535100908,0.0,0.0,9.6962,0.0,0.0,1.0,0.0,0.0,0.0,0.0,0.027,0.0,0.0,0.0
28.8886,0.5474656769541515,0.4685504623019367,0.5323302111671838,-0.44425931966867704,0.0,0.0,9.6962,0.0,0.0,1.0,0.0,0.0,0.0,0.0,0.027,0.0,0.0,0.0
28.9087,0.5474656769541515,0.4685504623019367,0.5323302111671838,-0.44425931966867704,0.0,0.0,9.6962,0.0,0.0,1.0,0.0,0.0,0.0,0.0,0.027,0.0,0.0,0.0
28.9287,0.5475497760580915,0.4688142330755222,0.5320466691442824,-0.4442170634464849,0.0,0.0,9.6954,0.0,0.0,1.0,0.0,0.0,0.0,0.0,0.027,0.0,0.0,0.0
28.9488,0.5476732817553805,0.46905952360512204,0.5318041287134353,-0.44409628285989033,0.0,0.0,9.7424,0.0,0.0,1.0,0.0,0.0,0.0,0.0,0.027,0.0,0.0,0.0
28.9689,0.5478507662844697,0.46917594345379526,0.531675802709177,-0.4439080003551556,0.0,0.0,9.6954,0.0,0.0,1.0,0.0,0.0,0.0,0.0,0.027,0.0,0.0,0.0
28.9889,0.5480986072493408,0.4691792318378969,0.5316185288552837,-0.44366711047932983,0.0,0.0,9.6954,0.0,0.0,1.0,0.0,0.0,0.0,0.0,0.027,0.0,0.0,0.0
29.009,0.5482755232207569,0.4692960240534071,0.5314906296587923,-0.4434781877720366,0.0,0.0,9.6642,0.0,0.0,1.0,0.0,0.0,0.0,0.0,0.027,0.0,0.0,0.0
29.0291,0.5484124307770403,0.46943078453137194,0.5313220745559911,-0.443368241299483,0.0,0.0,9.6689,0.0,0.0,1.0,0.0,0.0,0.0,0.0,0.027,0.0,0.0,0.0
29.0491,0.5484761093322945,0.4696160806890591,0.5311416634104877,-0.4433094039601421,0.0,0.0,9.627,0.0,0.0,1.0,0.0,0.0,0.0,0.0,0.027,0.0,0.0,0.0
29.0692,0.5485353888821487,0.469676607826332,0.5310789946227888,-0.4432470109037486,0.0,0.0,9.7085,0.0,0.0,1.0,0.0,0.0,0.0,0.0,0.027,0.0,0.0,0.0
29.0893,0.5487089485047849,0.46960652344541687,0.5310698537205545,-0.4431173811051779,0.0,0.0,9.7117,0.0,0.0,1.0,0.0,0.0,0.0,0.0,0.027,0.0,0.0,0.0
29.1093,0.5488822159378726,0.46953719662466636,0.5310604362111069,-0.44298752477270636,0.0,0.0,9.7495,0.0,0.0,1.0,0.0,0.0,0.0,0.0,0.027,0.0,0.0,0.0
29.1294,0.5492017727083314,0.4693666428227227,0.5310745161580342,-0.44275526619890426,0.0,0.0,9.7535,0.0,0.0,1.0,0.0,0.0,0.0,0.0,0.027,0.0,0.0,0.0
29.1495,0.5495582790662086,0.46899167796182295,0.531247369725878,-0.4425028091116228,0.0,0.0,9.7474,0.0,0.0,1.0,0.0,0.0,0.0,0.0,0.027,0.0,0.0,0.0
29.1695,0.5499661538591557,0.46854838799268894,0.5315338860386108,-0.4421214377425203,0.0,0.0,9.7851,0.0,0.0,1.0,0.0,0.0,0.0,0.0,0.027,0.0,0.0,0.0
29.1896,0.550489322023435,0.4680293264643035,0.5319338729754387,-0.4415386853820389,0.0,0.0,9.715,0.0,0.0,1.0,0.0,0.0,0.0,0.0,0.027,0.0,0.0,0.0
29.2097,0.5512121417392579,0.4674105120642684,0.5322919995756704,-0.44086031256938213,0.0,0.0,9.7552,0.0,0.0,1.0,0.0,0.0,0.0,0.0,0.027,0.0,0.0,0.0
29.2297,0.5520825285837455,0.466569503767382,0.5326728420130428,-0.4402015710655571,0.0,0.0,9.7165,0.0,0.0,1.0,0.0,0.0,0.0,0.0,0.027,0.0,0.0,0.0
29.2498,0.5527824580776723,0.46574843276765976,0.5331909025848445,-0.43956502683543225,0.0,0.0,9.6671,0.0,0.0,1.0,0.0,0.0,0.0,0.0,0.027,0.0,0.0,0.0
29.2699,0.5533420363326138,0.4650245093560913,0.5336881415977175,-0.43902364861517157,0.0,0.0,9.7109,0.0,0.0,1.0,0.0,0.0,0.0,0.0,0.027,0.0,0.0,0.0
29.29,0.5537705889403446,0.46453781631385954,0.5341176390179134,-0.43847588272212284,0.0,0.0,9.6755,0.0,0.0,1.0,0.0,0.0,0.0,0.0,0.027,0.0,0.0,0.0
29.31,0.5541837503567714,0.4640982292675222,0.5345312911394838,-0.4379149497608077,0.0,0.0,9.6348,0.0,0.0,1.0,0.0,0.0,0.0,0.0,0.027,0.0,0.0,0.0
29.3301,0.5547528779572404,0.4633822392378319,0.5350987405665075,-0.43725905662573716,0.0,0.0,9.6429,0.0,0.0,1.0,0.0,0.0,0.0,0.0,0.027,0.0,0.0,0.0
29.3502,0.5554378701834446,0.462294873480254,0.5359672437521464,-0.43647604280725677,0.0,0.0,9.6903,0.0,0.0,1.0,0.0,0.0,0.0,0.0,0.027,0.0,0.0,0.0
29.3702,0.5561416550019157,0.46099042494538917,0.537221006951938,-0.4354169006480407,0.0,0.0,9.459,0.0,0.0,1.0,0.0,0.0,0.0,0.0,0.027,0.0,0.0,0.0
29.3903,0.5574852377008537,0.45922095843752003,0.5386255679584558,-0.43383040305951265,0.0,0.0,9.7085,0.0,0.0,1.0,0.0,0.0,0.0,0.0,0.027,0.0,0.0,0.0
29.4104,0.5583013630408364,0.4577741369631596,0.5396849507984884,-0.4329925881998579,0.0,0.0,9.5175,0.0,0.0,1.0,0.0,0.0,0.0,0.0,0.027,0.0,0.0,0.0
29.4304,0.5589497882117258,0.4565346592950227,0.540761120511384,-0.43212110532085446,0.0,0.0,9.6348,0.0,0.0,1.0,0.0,0.0,0.0,0.0,0.027,0.0,0.0,0.0
29.4505,0.5594530312584207,0.4555090964725352,0.5418748731749874,-0.43115587745980066,0.0,0.0,9.6875,0.0,0.0,1.0,0.0,0.0,0.0,0.0,0.027,0.0,0.0,0.0
29.4706,0.5601888658953675,0.4541083763655285,0.5431596267792029,-0.43006003869064885,0.0,0.0,9.774,0.0,0.0,1.0,0.0,0.0,0.0,0.0,0.027,0.0,0.0,0.0
29.4906,0.5614050079941331,0.4521512280073089,0.5447428890395921,-0.42853105937771724,0.0,0.0,9.5382,0.0,0.0,1.0,0.0,0.0,0.0,0.0,0.027,0.0,0.0,0.0
29.5107,0.5629403477759066,0.449839666066272,0.5466439613752613,-0.42652411323545153,0.0,0.0,9.8788,0.0,0.0,1.0,0.0,0.0,0.0,0.0,0.027,0.0,0.0,0.0
29.5308,0.5646983437399895,0.4467780631402703,0.5491953068494074,-0.424134009257129,0.0,0.0,9.7937,0.0,0.0,1.0,0.0,0.0,0.0,0.0,0.027,0.0,0.0,0.0
29.5508,0.5666118619214288,0.443193882194838,0.5522682831799796,-0.42134300054520635,0.0,0.0,9.8316,0.0,0.0,1.0,0.0,0.0,0.0,0.0,0.027,0.0,0.0,0.0
29.5709,0.5685972703599218,0.439386799632058,0.5555964242315983,-0.41826904957145206,0.0,0.0,9.6373,0.0,0.0,1.0,0.0,0.0,0.0,0.0,0.027,0.0,0.0,0.0
29.591,0.5708780206039935,0.43513221115647854,0.5592806951471503,-0.41468463733427674,0.0,0.0,9.6464,0.0,0.0,1.0,0.0,0.0,0.0,0.0,0.027,0.0,0.0,0.0
29.611,0.5737298804435982,0.4301149103707287,0.5629878826820639,-0.4109499143644166,0.0,0.0,9.3811,0.0,0.0,1.0,0.0,0.0,0.0,0.0,0.027,0.0,0.0,0.0
29.6311,0.5767258828167215,0.4251135991999882,0.5665937970339964,-0.4069854457190131,0.0,0.0,9.4008,0.0,0.0,1.0,0.0,0.0,0.0,0.0,0.027,0.0,0.0,0.0
29.6512,0.5797034269233237,0.42064777915413815,0.5699375713479118,-0.40270404451916064,0.0,0.0,9.5063,0.0,0.0,1.0,0.0,0.0,0.0,0.0,0.027,0.0,0.0,0.0
29.6712,0.5827113936256217,0.4162049951958202,0.57337225910071,-0.3980767340685476,0.0,0.0,9.589,0.0,0.0,1.0,0.0,0.0,0.0,0.0,0.027,0.0,0.0,0.0
29.6913,0.585552034631869,0.41221764873658356,0.576397331142361,-0.3936642496601954,0.0,0.0,9.4867,0.0,0.0,1.0,0.0,0.0,0.0,0.0,0.027,0.0,0.0,0.0
29.7114,0.588503189507238,0.4085095198465639,0.5791651547653792,-0.38903944740878416,0.0,0.0,9.6746,0.0,0.0,1.0,0.0,0.0,0.0,0.0,0.027,0.0,0.0,0.0
29.7315,0.591360538076161,0.4051445175813699,0.5814726962842255,-0.3847598437415023,0.0,0.0,9.6379,0.0,0.0,1.0,0.0,0.0,0.0,0.0,0.027,0.0,0.0,0.0
29.7515,0.5944935829912835,0.4016798262475143,0.5832023629954646,-0.3809274219119162,0.0,0.0,9.7003,0.0,0.0,1.0,0.0,0.0,0.0,0.0,0.027,0.0,0.0,0.0
29.7716,0.597820686788044,0.3978758117565452,0.5847600868771339,-0.37730744183329956,0.0,0.0,9.8286,0.0,0.0,1.0,0.0,0.0,0.0,0.0,0.027,0.0,0.0,0.0
29.7917,0.6011255576014153,0.39373181531414075,0.5865997857702657,-0.3735291326551352,0.0,0.0,10.0114,0.0,0.0,1.0,0.0,0.0,0.0,0.0,0.027,0.0,0.0,0.0
29.8117,0.6044311452390797,0.38909909349682686,0.5886841414552239,-0.36975108884768465,0.0,0.0,9.9755,0.0,0.0,1.0,0.0,0.0,0.0,0.0,0.027,0.0,0.0,0.0
29.8318,0.6079861318982409,0.38416456130205007,0.5904686959145155,-0.36622011469064586,0.0,0.0,9.6612,0.0,0.0,1.0,0.0,0.0,0.0,0.0,0.027,0.0,0.0,0.0
29.8519,0.6121151365772292,0.3794517453465959,0.5911803713110824,-0.3630939287608005,0.0,0.0,9.8659,0.0,0.0,1.0,0.0,0.0,0.0,0.0,0.027,0.0,0.0,0.0
29.8719,0.6173827327066166,0.3740301080470686,0.5908312281233217,-0.3603588482392187,0.0,0.0038,10.1691,0.0,0.0,1.0,0.0,0.0,0.0,0.0,0.027,0.0,0.0,0.0
29.892,0.6236069247832272,0.36725543383811843,0.5897323313443549,-0.35840427877738,0.0,0.0038,9.5753,0.0,0.0,1.0,0.0,0.0,0.0,0.0,0.027,0.0,0.0,0.0
29.912,0.6333620472279096,0.3566890265972315,0.5880740438509189,-0.35467502644705373,0.0,0.0038,9.7273,0.0,0.0,1.0,0.0,0.0,0.0,0.0,0.027,0.0,0.0,0.0
29.9321,0.6394618701519442,0.34985228764692083,0.5877051234754973,-0.35113328137709326,0.0,0.0038,9.7183,0.0,0.0,1.0,0.0,0.0,0.0,0.0,0.027,0.0,0.0,0.0
29.9522,0.6455802984248482,0.3425349947707601,0.5875342825503713,-0.3474180802305771,0.0,0.0038,9.3306,0.0,0.0,1.0,0.0,0.0,0.0,0.0,0.027,0.0,0.0,0.0
29.9722,0.6522235074621286,0.33508377446779236,0.5867933562356338,-0.3435067939356323,0.0,0.0038,9.3539,0.0,0.0,1.0,0.0,0.0,0.0,0.0,0.027,0.0,0.0,0.0
29.9923,0.6593142244642978,0.32758207375848497,0.586009865314915,-0.33850727632464217,0.0,0.0038,9.594,0.0,0.0,1.0,0.0,0.0,0.0,0.0,0.027,0.0,0.0,0.0
30.0124,0.6593142244642978,0.32758207375848497,0.586009865314915,-0.33850727632464217,0.0,0.0038,9.594,0.0,0.0,1.0,0.0,0.0,0.0,0.0,0.027,0.0,0.0,0.0
30.0325,0.6663190744139524,0.32025007451384935,0.5853253084766886,-0.33294603782396504,0.0,0.0038,9.323,0.0,0.0,1.0,0.0,0.0,0.0,0.0,0.027,0.0,0.0,0.0
30.0525,0.677489156730449,0.3084716160459269,0.5841662728892769,-0.32342459743397756,0.0,0.0038,9.5549,0.0,0.0,1.0,0.0,0.0,0.0,0.0,0.027,0.0,0.0,0.0
30.0726,0.6854815896167293,0.3001080691069935,0.5829432493476213,-0.31658696308191664,0.0,0.0038,9.568,0.0,0.0,1.0,0.0,0.0,0.0,0.0,0.027,0.0,0.0,0.0
30.0927,0.6929887398277418,0.29266220084899286,0.5812954264662509,-0.3101790931632913,0.0,0.0038,9.5596,0.0,0.0,1.0,0.0,0.0,0.0,0.0,0.027,0.0,0.0,0.0
30.1127,0.7001438690717382,0.28595403074420533,0.5795981698864627,-0.30347127766340887,-0.0135,0.0038,9.6785,0.0,0.0,1.0,0.0,0.0,0.0,0.0,0.027,0.0,0.0,0.0
30.1328,0.7064269737515337,0.2802753700898806,0.5781298888341447,-0.29693851099823676,-0.0135,0.0038,9.8998,0.0,0.0,1.0,0.0,0.0,0.0,0.0,0.027,0.0,0.0,0.0
30.1529,0.7122828739813646,0.27527011068396723,0.5762963252909201,-0.29113917471385764,-0.027,0.0038,9.7259,0.0,0.0,1.0,0.0,0.0,0.0,0.0,0.027,0.0,0.0,0.0
30.1729,0.7179644515673479,0.27087681136036523,0.5737979553005705,-0.2861969703643333,-0.027,0.0038,9.7686,0.0,0.0,1.0,0.0,0.0,0.0,0.0,0.027,0.0,0.0,0.0
30.193,0.72424991770504,0.26605454123168776,0.5704404485871104,-0.28155768931069064,-0.0406,0.0038,9.5956,0.0,0.0,1.0,0.0,0.0,0.0,0.0,0.027,0.0,0.0,0.0
30.2131,0.7309645783050474,0.26086670454618777,0.5662898710333103,-0.27740787603745726,-0.0406,0.0038,9.0015,0.0,0.0,1.0,0.0,0.0,0.0,0.0,0.0135,0.0,0.0,0.0
30.2331,0.7381636420898983,0.2557996086470689,0.5615265312720511,-0.2727067149707931,-0.0406,0.0038,9.034,0.0,0.0,1.0,0.0,0.0,0.0,0.0,0.0135,0.0,0.0,0.0
30.2532,0.7452925291334612,0.25097448421350954,0.5569404171887359,-0.26714832208578193,-0.0406,0.0038,9.3883,0.0,0.0,1.0,0.0,0.0,0.0,0.0,0.0135,0.0,0.0,0.0
30.2733,0.752200328269284,0.24609508889971793,0.5527364456991912,-0.26098715479281015,-0.0406,0.0038,9.2571,0.0,0.0,1.0,0.0,0.0,0.0,0.0,0.0135,0.0,0.0,0.0
30.2933,0.7587845884460562,0.2414535961950456,0.5487028098560756,-0.2546985191894064,-0.0541,0.0038,9.144,0.0,0.0,1.0,0.0,0.0,0.0,0.0,0.027,0.0,0.0,0.0
30.3134,0.7658738458071408,0.23675649799648446,0.5440094420353343,-0.247865568285361,-0.027,0.0038,9.4168,0.0,0.0,1.0,0.0,0.0,0.0,0.0,0.0,0.0,0.0,0.0
30.3335,0.773013273003103,0.23248398435670997,0.5386372806354723,-0.24139502208679192,-0.027,0.0038,9.107,0.0,0.0,1.0,0.0,0.0,0.0,0.0,0.0,0.0,0.0,0.0
30.3535,0.7800227632491867,0.22875817094093157,0.5325277421206339,-0.23589911384480117,-0.0135,0.0038,9.4357,0.0,0.0,1.0,0.0,0.0,0.0,0.0,0.0,0.0,0.0,0.0
30.3736,0.7866908423391179,0.22546653422494325,0.526250915016168,-0.23095959596649684,-0.027,0.0038,9.479,0.0,0.0,1.0,0.0,0.0,0.0,0.0,-0.0135,0.0,0.0,0.0
30.3937,0.7929772219139504,0.22241430608299376,0.5201473931020834,-0.22619834531746874,-0.0406,0.0038,9.4215,0.0,0.0,1.0,0.0,0.0,0.0,0.0,-0.0135,0.0,0.0,0.0
30.4138,0.79949841582504,0.2194815651058304,0.5140979813348808,-0.2198485643786356,-0.027,0.0038,9.7324,0.0,0.0,1.0,0.0,0.0,0.0,0.0,-0.0135,0.0,0.0,0.0
30.4338,0.8057231488761551,0.21594150388111902,0.508421831916673,-0.21374450892864655,-0.027,0.0038,8.8307,0.0,0.0,1.0,0.0,0.0,0.0,0.0,-0.0135,0.0,0.0,0.0
30.4539,0.8122484668864798,0.21142403916984406,0.5025583390752053,-0.20733407710176976,-0.027,0.0038,10.4845,0.0,0.0,1.0,0.0,0.0,0.0,0.0,-0.0135,0.0,0.0,0.0
30.474,0.8192348735275062,0.20642625959568722,0.4958016326763567,-0.20105512274290366,-0.027,0.0038,9.5869,0.0,0.0,1.0,0.0,0.0,0.0,0.0,-0.0135,0.0,0.0,0.0
30.494,0.8261863652317004,0.20196851170702992,0.4887784985866118,-0.1942173769349596,-0.0406,0.0038,10.3521,0.0,0.0,1.0,0.0,0.0,0.0,0.0,-0.0135,0.0,0.0,0.0
30.5141,0.8323873890767899,0.19775171671629213,0.48223343202943064,-0.1883518252494539,-0.027,0.0038,9.6069,0.0,0.0,1.0,0.0,0.0,0.0,0.0,-0.0135,0.0,0.0,0.0
30.5342,0.8380655200643663,0.19360204104475437,0.47625218105954237,-0.18261515221519153,-0.0135,0.0038,8.9379,0.0,0.0,1.0,0.0,0.0,0.0,0.0,-0.0135,0.0,0.0,0.0
30.5542,0.8431459454979016,0.19030934197857366,0.4707673196460542,-0.17682024685935138,-0.0406,0.0038,11.9943,0.0,0.0,1.0,0.0,0.0,0.0,0.0,-0.0135,0.0,0.0,0.0
30.5743,0.8475871822690606,0.1871322739831385,0.46551070635619807,-0.17285040571212862,-0.0135,0.0038,10.7282,0.0,0.0,1.0,0.0,0.0,0.0,0.0,-0.0135,0.0,0.0,0.0
30.5944,0.8517848328509435,0.183772217446966,0.4611089999366758,-0.1675376399413398,-0.027,0.0038,10.7017,0.0,0.0,1.0,0.0,0.0,0.0,0.0,0.0,0.0,0.0,0.0
